ISO-10303-21;
HEADER;
/* Generated by software containing ST-Developer
 * from STEP Tools, Inc. (www.steptools.com) 
 */

FILE_DESCRIPTION(
/* description */ (''),
/* implementation_level */ '2;1');

FILE_NAME(
/* name */ 'RightIndex_AP.step',
/* time_stamp */ '2026-08-25T10:26:05+02:00',
/* author */ (''),
/* organization */ (''),
/* preprocessor_version */ 'ST-DEVELOPER v20.1',
/* originating_system */ 'Autodesk Translation Framework v15.8.0.0',
/* authorisation */ '');

FILE_SCHEMA (('AUTOMOTIVE_DESIGN { 1 0 10303 214 3 1 1 }'));
ENDSEC;

DATA;
#10=MECHANICAL_DESIGN_GEOMETRIC_PRESENTATION_REPRESENTATION('',(#13),#13430);
#11=SHAPE_REPRESENTATION_RELATIONSHIP('SRR','None',#13437,#12);
#12=ADVANCED_BREP_SHAPE_REPRESENTATION('',(#14),#13429);
#13=STYLED_ITEM('',(#13447),#14);
#14=MANIFOLD_SOLID_BREP('AP',#5252);
#15=CONICAL_SURFACE('',#5532,0.750020864163172,0.0305319400827976);
#16=CONICAL_SURFACE('',#5534,0.750007443634462,0.0311623096502713);
#17=CONICAL_SURFACE('',#5536,0.750042526573722,0.0293392379777272);
#18=CONICAL_SURFACE('',#5538,0.750033739649401,0.0298548614504986);
#19=(
BOUNDED_CURVE()
B_SPLINE_CURVE(2,(#8771,#8772,#8773),.UNSPECIFIED.,.F.,.F.)
B_SPLINE_CURVE_WITH_KNOTS((3,3),(0.803159571116749,1.14474157155584),
 .UNSPECIFIED.)
CURVE()
GEOMETRIC_REPRESENTATION_ITEM()
RATIONAL_B_SPLINE_CURVE((1.83920519546265,1.7896834794462,1.54624486699947))
REPRESENTATION_ITEM('')
);
#20=FACE_BOUND('',#1309,.T.);
#21=FACE_BOUND('',#1310,.T.);
#22=FACE_BOUND('',#1311,.T.);
#23=FACE_BOUND('',#1315,.T.);
#24=FACE_BOUND('',#1372,.T.);
#25=FACE_BOUND('',#1373,.T.);
#26=FACE_BOUND('',#1374,.T.);
#27=FACE_BOUND('',#1375,.T.);
#28=FACE_BOUND('',#1422,.T.);
#29=FACE_BOUND('',#1444,.T.);
#30=FACE_BOUND('',#1446,.T.);
#31=FACE_BOUND('',#1456,.T.);
#32=FACE_BOUND('',#1458,.T.);
#33=FACE_BOUND('',#1464,.T.);
#34=FACE_BOUND('',#1517,.T.);
#35=FACE_BOUND('',#1518,.T.);
#36=FACE_BOUND('',#1519,.T.);
#37=FACE_BOUND('',#1520,.T.);
#38=PLANE('',#5278);
#39=PLANE('',#5279);
#40=PLANE('',#5280);
#41=PLANE('',#5282);
#42=PLANE('',#5285);
#43=PLANE('',#5296);
#44=PLANE('',#5297);
#45=PLANE('',#5298);
#46=PLANE('',#5299);
#47=PLANE('',#5300);
#48=PLANE('',#5301);
#49=PLANE('',#5311);
#50=PLANE('',#5312);
#51=PLANE('',#5313);
#52=PLANE('',#5314);
#53=PLANE('',#5316);
#54=PLANE('',#5323);
#55=PLANE('',#5327);
#56=PLANE('',#5331);
#57=PLANE('',#5332);
#58=PLANE('',#5333);
#59=PLANE('',#5338);
#60=PLANE('',#5339);
#61=PLANE('',#5348);
#62=PLANE('',#5353);
#63=PLANE('',#5356);
#64=PLANE('',#5357);
#65=PLANE('',#5358);
#66=PLANE('',#5359);
#67=PLANE('',#5373);
#68=PLANE('',#5375);
#69=PLANE('',#5377);
#70=PLANE('',#5379);
#71=PLANE('',#5380);
#72=PLANE('',#5382);
#73=PLANE('',#5383);
#74=PLANE('',#5386);
#75=PLANE('',#5388);
#76=PLANE('',#5389);
#77=PLANE('',#5391);
#78=PLANE('',#5392);
#79=PLANE('',#5402);
#80=PLANE('',#5403);
#81=PLANE('',#5407);
#82=PLANE('',#5408);
#83=PLANE('',#5410);
#84=PLANE('',#5411);
#85=PLANE('',#5412);
#86=PLANE('',#5413);
#87=PLANE('',#5414);
#88=PLANE('',#5415);
#89=PLANE('',#5416);
#90=PLANE('',#5417);
#91=PLANE('',#5418);
#92=PLANE('',#5421);
#93=PLANE('',#5422);
#94=PLANE('',#5423);
#95=PLANE('',#5427);
#96=PLANE('',#5428);
#97=PLANE('',#5429);
#98=PLANE('',#5430);
#99=PLANE('',#5436);
#100=PLANE('',#5437);
#101=PLANE('',#5438);
#102=PLANE('',#5439);
#103=PLANE('',#5440);
#104=PLANE('',#5441);
#105=PLANE('',#5442);
#106=PLANE('',#5443);
#107=PLANE('',#5444);
#108=PLANE('',#5445);
#109=PLANE('',#5446);
#110=PLANE('',#5447);
#111=PLANE('',#5448);
#112=PLANE('',#5449);
#113=PLANE('',#5456);
#114=PLANE('',#5457);
#115=PLANE('',#5461);
#116=PLANE('',#5474);
#117=PLANE('',#5484);
#118=PLANE('',#5490);
#119=PLANE('',#5494);
#120=PLANE('',#5514);
#121=PLANE('',#5515);
#122=PLANE('',#5530);
#123=PLANE('',#5531);
#124=PLANE('',#5540);
#125=PLANE('',#5542);
#126=PLANE('',#5546);
#127=PLANE('',#5549);
#128=PLANE('',#5552);
#129=PLANE('',#5557);
#130=PLANE('',#5562);
#131=PLANE('',#5564);
#132=PLANE('',#5567);
#133=PLANE('',#5570);
#134=PLANE('',#5573);
#135=PLANE('',#5580);
#136=PLANE('',#5581);
#137=PLANE('',#5585);
#138=PLANE('',#5586);
#139=PLANE('',#5590);
#140=PLANE('',#5593);
#141=PLANE('',#5603);
#142=PLANE('',#5604);
#143=PLANE('',#5605);
#144=PLANE('',#5606);
#145=PLANE('',#5608);
#146=PLANE('',#5617);
#147=PLANE('',#5619);
#148=PLANE('',#5620);
#149=PLANE('',#5621);
#150=PLANE('',#5626);
#151=PLANE('',#5630);
#152=PLANE('',#5634);
#153=PLANE('',#5638);
#154=PLANE('',#5640);
#155=PLANE('',#5643);
#156=PLANE('',#5646);
#157=PLANE('',#5647);
#158=PLANE('',#5649);
#159=PLANE('',#5654);
#160=PLANE('',#5655);
#161=(
BOUNDED_SURFACE()
B_SPLINE_SURFACE(5,1,((#7238,#7239),(#7240,#7241),(#7242,#7243),(#7244,
#7245),(#7246,#7247),(#7248,#7249),(#7250,#7251),(#7252,#7253),(#7254,#7255),
(#7256,#7257)),.UNSPECIFIED.,.F.,.F.,.F.)
B_SPLINE_SURFACE_WITH_KNOTS((6,1,1,1,1,6),(2,2),(0.,0.2,0.4,0.6,0.8,1.),
(0.,0.165029265495542),.UNSPECIFIED.)
GEOMETRIC_REPRESENTATION_ITEM()
RATIONAL_B_SPLINE_SURFACE(((1.,1.),(1.,1.),(1.,1.),(1.,1.),(1.,1.),(1.,
1.),(1.,1.),(1.,1.),(1.,1.),(1.,1.)))
REPRESENTATION_ITEM('')
SURFACE()
);
#162=(
BOUNDED_SURFACE()
B_SPLINE_SURFACE(5,1,((#7612,#7613),(#7614,#7615),(#7616,#7617),(#7618,
#7619),(#7620,#7621),(#7622,#7623),(#7624,#7625),(#7626,#7627),(#7628,#7629),
(#7630,#7631)),.UNSPECIFIED.,.F.,.F.,.F.)
B_SPLINE_SURFACE_WITH_KNOTS((6,1,1,1,1,6),(2,2),(0.,0.2,0.4,0.6,0.8,1.),
(0.,0.165029265495542),.UNSPECIFIED.)
GEOMETRIC_REPRESENTATION_ITEM()
RATIONAL_B_SPLINE_SURFACE(((1.,1.),(1.,1.),(1.,1.),(1.,1.),(1.,1.),(1.,
1.),(1.,1.),(1.,1.),(1.,1.),(1.,1.)))
REPRESENTATION_ITEM('')
SURFACE()
);
#163=(
BOUNDED_SURFACE()
B_SPLINE_SURFACE(5,1,((#7650,#7651),(#7652,#7653),(#7654,#7655),(#7656,
#7657),(#7658,#7659),(#7660,#7661),(#7662,#7663),(#7664,#7665),(#7666,#7667),
(#7668,#7669)),.UNSPECIFIED.,.F.,.F.,.F.)
B_SPLINE_SURFACE_WITH_KNOTS((6,1,1,1,1,6),(2,2),(-1.,-0.8,-0.6,-0.4,-0.2,
0.),(0.,0.165029265495542),.UNSPECIFIED.)
GEOMETRIC_REPRESENTATION_ITEM()
RATIONAL_B_SPLINE_SURFACE(((1.,1.),(1.,1.),(1.,1.),(1.,1.),(1.,1.),(1.,
1.),(1.,1.),(1.,1.),(1.,1.),(1.,1.)))
REPRESENTATION_ITEM('')
SURFACE()
);
#164=(
BOUNDED_SURFACE()
B_SPLINE_SURFACE(4,1,((#7941,#7942),(#7943,#7944),(#7945,#7946),(#7947,
#7948),(#7949,#7950)),.UNSPECIFIED.,.F.,.F.,.F.)
B_SPLINE_SURFACE_WITH_KNOTS((5,5),(2,2),(0.,1.),(-0.9,0.9),
 .UNSPECIFIED.)
GEOMETRIC_REPRESENTATION_ITEM()
RATIONAL_B_SPLINE_SURFACE(((1.,1.),(1.,1.),(1.,1.),(1.,1.),(1.,1.)))
REPRESENTATION_ITEM('')
SURFACE()
);
#165=(
BOUNDED_SURFACE()
B_SPLINE_SURFACE(5,1,((#8264,#8265),(#8266,#8267),(#8268,#8269),(#8270,
#8271),(#8272,#8273),(#8274,#8275),(#8276,#8277),(#8278,#8279),(#8280,#8281),
(#8282,#8283),(#8284,#8285),(#8286,#8287),(#8288,#8289),(#8290,#8291),(#8292,
#8293)),.UNSPECIFIED.,.F.,.F.,.F.)
B_SPLINE_SURFACE_WITH_KNOTS((6,1,1,1,1,1,1,1,1,1,6),(2,2),(-0.953361856363378,
-0.9,-0.8,-0.7,-0.6,-0.5,-0.4,-0.3,-0.2,-0.1,0.),(-0.627308731140211,0.377308731140211),
 .UNSPECIFIED.)
GEOMETRIC_REPRESENTATION_ITEM()
RATIONAL_B_SPLINE_SURFACE(((1.,1.),(1.,1.),(1.,1.),(1.,1.),(1.,1.),(1.,
1.),(1.,1.),(1.,1.),(1.,1.),(1.,1.),(1.,1.),(1.,1.),(1.,1.),(1.,1.),(1.,
1.)))
REPRESENTATION_ITEM('')
SURFACE()
);
#166=(
BOUNDED_SURFACE()
B_SPLINE_SURFACE(3,1,((#8918,#8919),(#8920,#8921),(#8922,#8923),(#8924,
#8925)),.UNSPECIFIED.,.F.,.F.,.F.)
B_SPLINE_SURFACE_WITH_KNOTS((4,4),(2,2),(-1.,0.),(-1.1714,1.1714),
 .UNSPECIFIED.)
GEOMETRIC_REPRESENTATION_ITEM()
RATIONAL_B_SPLINE_SURFACE(((1.,1.),(1.,1.),(1.,1.),(1.,1.)))
REPRESENTATION_ITEM('')
SURFACE()
);
#167=(
BOUNDED_SURFACE()
B_SPLINE_SURFACE(4,1,((#9232,#9233),(#9234,#9235),(#9236,#9237),(#9238,
#9239),(#9240,#9241)),.UNSPECIFIED.,.F.,.F.,.F.)
B_SPLINE_SURFACE_WITH_KNOTS((5,5),(2,2),(0.,1.),(-0.9,0.9),
 .UNSPECIFIED.)
GEOMETRIC_REPRESENTATION_ITEM()
RATIONAL_B_SPLINE_SURFACE(((1.,1.),(1.,1.),(1.,1.),(1.,1.),(1.,1.)))
REPRESENTATION_ITEM('')
SURFACE()
);
#168=(
BOUNDED_SURFACE()
B_SPLINE_SURFACE(2,1,((#9552,#9553),(#9554,#9555),(#9556,#9557)),
 .UNSPECIFIED.,.F.,.F.,.F.)
B_SPLINE_SURFACE_WITH_KNOTS((3,3),(2,2),(-1.43185547110973,0.),(0.,0.75),
 .UNSPECIFIED.)
GEOMETRIC_REPRESENTATION_ITEM()
RATIONAL_B_SPLINE_SURFACE(((1.,1.),(2.7037037037037,2.7037037037037),(1.,
1.)))
REPRESENTATION_ITEM('')
SURFACE()
);
#169=(
BOUNDED_SURFACE()
B_SPLINE_SURFACE(3,1,((#10144,#10145),(#10146,#10147),(#10148,#10149),(#10150,
#10151)),.UNSPECIFIED.,.F.,.F.,.F.)
B_SPLINE_SURFACE_WITH_KNOTS((4,4),(2,2),(-1.,0.),(-0.9,0.9),
 .UNSPECIFIED.)
GEOMETRIC_REPRESENTATION_ITEM()
RATIONAL_B_SPLINE_SURFACE(((1.,1.),(1.,1.),(1.,1.),(1.,1.)))
REPRESENTATION_ITEM('')
SURFACE()
);
#170=(
BOUNDED_SURFACE()
B_SPLINE_SURFACE(3,1,((#10583,#10584),(#10585,#10586),(#10587,#10588),(#10589,
#10590)),.UNSPECIFIED.,.F.,.F.,.F.)
B_SPLINE_SURFACE_WITH_KNOTS((4,4),(2,2),(-1.,0.),(-0.9,0.9),
 .UNSPECIFIED.)
GEOMETRIC_REPRESENTATION_ITEM()
RATIONAL_B_SPLINE_SURFACE(((1.,1.),(1.,1.),(1.,1.),(1.,1.)))
REPRESENTATION_ITEM('')
SURFACE()
);
#171=(
BOUNDED_SURFACE()
B_SPLINE_SURFACE(3,1,((#10657,#10658),(#10659,#10660),(#10661,#10662),(#10663,
#10664)),.UNSPECIFIED.,.F.,.F.,.F.)
B_SPLINE_SURFACE_WITH_KNOTS((4,4),(2,2),(-1.,0.),(-1.1714,1.1714),
 .UNSPECIFIED.)
GEOMETRIC_REPRESENTATION_ITEM()
RATIONAL_B_SPLINE_SURFACE(((1.,1.),(1.,1.),(1.,1.),(1.,1.)))
REPRESENTATION_ITEM('')
SURFACE()
);
#172=(
BOUNDED_SURFACE()
B_SPLINE_SURFACE(5,1,((#10961,#10962),(#10963,#10964),(#10965,#10966),(#10967,
#10968),(#10969,#10970),(#10971,#10972),(#10973,#10974),(#10975,#10976),
(#10977,#10978),(#10979,#10980),(#10981,#10982),(#10983,#10984),(#10985,
#10986),(#10987,#10988),(#10989,#10990),(#10991,#10992),(#10993,#10994),
(#10995,#10996),(#10997,#10998),(#10999,#11000)),.UNSPECIFIED.,.F.,.F.,
 .F.)
B_SPLINE_SURFACE_WITH_KNOTS((6,5,1,1,1,1,5,6),(2,2),(-3.82070836321186,
-1.,-0.8,-0.6,-0.4,-0.2,0.,2.35106828702167),(-0.430000000000002,0.752958696483159),
 .UNSPECIFIED.)
GEOMETRIC_REPRESENTATION_ITEM()
RATIONAL_B_SPLINE_SURFACE(((1.,1.),(1.,1.),(1.,1.),(1.,1.),(1.,1.),(1.,
1.),(1.,1.),(1.,1.),(1.,1.),(1.,1.),(1.,1.),(1.,1.),(1.,1.),(1.,1.),(1.,
1.),(1.,1.),(1.,1.),(1.,1.),(1.,1.),(1.,1.)))
REPRESENTATION_ITEM('')
SURFACE()
);
#173=(
BOUNDED_SURFACE()
B_SPLINE_SURFACE(5,1,((#11242,#11243),(#11244,#11245),(#11246,#11247),(#11248,
#11249),(#11250,#11251),(#11252,#11253),(#11254,#11255),(#11256,#11257),
(#11258,#11259),(#11260,#11261),(#11262,#11263),(#11264,#11265),(#11266,
#11267),(#11268,#11269),(#11270,#11271),(#11272,#11273),(#11274,#11275),
(#11276,#11277),(#11278,#11279),(#11280,#11281)),.UNSPECIFIED.,.F.,.F.,
 .F.)
B_SPLINE_SURFACE_WITH_KNOTS((6,5,1,1,1,1,5,6),(2,2),(-2.35106828701109,
0.,0.2,0.4,0.6,0.8,1.,3.82070836321184),(-0.430000000000001,0.752958696479419),
 .UNSPECIFIED.)
GEOMETRIC_REPRESENTATION_ITEM()
RATIONAL_B_SPLINE_SURFACE(((1.,1.),(1.,1.),(1.,1.),(1.,1.),(1.,1.),(1.,
1.),(1.,1.),(1.,1.),(1.,1.),(1.,1.),(1.,1.),(1.,1.),(1.,1.),(1.,1.),(1.,
1.),(1.,1.),(1.,1.),(1.,1.),(1.,1.),(1.,1.)))
REPRESENTATION_ITEM('')
SURFACE()
);
#174=(
BOUNDED_SURFACE()
B_SPLINE_SURFACE(5,1,((#11799,#11800),(#11801,#11802),(#11803,#11804),(#11805,
#11806),(#11807,#11808),(#11809,#11810),(#11811,#11812),(#11813,#11814),
(#11815,#11816),(#11817,#11818),(#11819,#11820),(#11821,#11822),(#11823,
#11824),(#11825,#11826),(#11827,#11828),(#11829,#11830),(#11831,#11832),
(#11833,#11834),(#11835,#11836),(#11837,#11838)),.UNSPECIFIED.,.F.,.F.,
 .F.)
B_SPLINE_SURFACE_WITH_KNOTS((6,5,1,1,1,1,5,6),(2,2),(-3.82070836321184,
-1.,-0.8,-0.6,-0.4,-0.2,0.,2.35106828703388),(-0.430000000000001,0.752958696487494),
 .UNSPECIFIED.)
GEOMETRIC_REPRESENTATION_ITEM()
RATIONAL_B_SPLINE_SURFACE(((1.,1.),(1.,1.),(1.,1.),(1.,1.),(1.,1.),(1.,
1.),(1.,1.),(1.,1.),(1.,1.),(1.,1.),(1.,1.),(1.,1.),(1.,1.),(1.,1.),(1.,
1.),(1.,1.),(1.,1.),(1.,1.),(1.,1.),(1.,1.)))
REPRESENTATION_ITEM('')
SURFACE()
);
#175=(
BOUNDED_SURFACE()
B_SPLINE_SURFACE(5,1,((#12077,#12078),(#12079,#12080),(#12081,#12082),(#12083,
#12084),(#12085,#12086),(#12087,#12088),(#12089,#12090),(#12091,#12092),
(#12093,#12094),(#12095,#12096),(#12097,#12098),(#12099,#12100),(#12101,
#12102),(#12103,#12104),(#12105,#12106),(#12107,#12108),(#12109,#12110),
(#12111,#12112),(#12113,#12114),(#12115,#12116)),.UNSPECIFIED.,.F.,.F.,
 .F.)
B_SPLINE_SURFACE_WITH_KNOTS((6,5,1,1,1,1,5,6),(2,2),(-2.35106828745466,
0.,0.2,0.4,0.6,0.8,1.,3.82070836321185),(-0.430000000000002,0.752958696636574),
 .UNSPECIFIED.)
GEOMETRIC_REPRESENTATION_ITEM()
RATIONAL_B_SPLINE_SURFACE(((1.,1.),(1.,1.),(1.,1.),(1.,1.),(1.,1.),(1.,
1.),(1.,1.),(1.,1.),(1.,1.),(1.,1.),(1.,1.),(1.,1.),(1.,1.),(1.,1.),(1.,
1.),(1.,1.),(1.,1.),(1.,1.),(1.,1.),(1.,1.)))
REPRESENTATION_ITEM('')
SURFACE()
);
#176=(
BOUNDED_SURFACE()
B_SPLINE_SURFACE(5,1,((#13052,#13053),(#13054,#13055),(#13056,#13057),(#13058,
#13059),(#13060,#13061),(#13062,#13063)),.UNSPECIFIED.,.F.,.F.,.F.)
B_SPLINE_SURFACE_WITH_KNOTS((6,6),(2,2),(0.,0.170106951145082),(-0.430000000000001,
0.301854910948367),.UNSPECIFIED.)
GEOMETRIC_REPRESENTATION_ITEM()
RATIONAL_B_SPLINE_SURFACE(((1.,1.),(1.,1.),(1.,1.),(1.,1.),(1.,1.),(1.,
1.)))
REPRESENTATION_ITEM('')
SURFACE()
);
#177=(
BOUNDED_SURFACE()
B_SPLINE_SURFACE(5,1,((#13136,#13137),(#13138,#13139),(#13140,#13141),(#13142,
#13143),(#13144,#13145),(#13146,#13147)),.UNSPECIFIED.,.F.,.F.,.F.)
B_SPLINE_SURFACE_WITH_KNOTS((6,6),(2,2),(-0.170106951145082,0.),(-0.43,
0.301854910948367),.UNSPECIFIED.)
GEOMETRIC_REPRESENTATION_ITEM()
RATIONAL_B_SPLINE_SURFACE(((1.,1.),(1.,1.),(1.,1.),(1.,1.),(1.,1.),(1.,
1.)))
REPRESENTATION_ITEM('')
SURFACE()
);
#178=(
BOUNDED_SURFACE()
B_SPLINE_SURFACE(5,1,((#13280,#13281),(#13282,#13283),(#13284,#13285),(#13286,
#13287),(#13288,#13289),(#13290,#13291)),.UNSPECIFIED.,.F.,.F.,.F.)
B_SPLINE_SURFACE_WITH_KNOTS((6,6),(2,2),(0.,0.170106951145082),(-0.43,0.301854910948367),
 .UNSPECIFIED.)
GEOMETRIC_REPRESENTATION_ITEM()
RATIONAL_B_SPLINE_SURFACE(((1.,1.),(1.,1.),(1.,1.),(1.,1.),(1.,1.),(1.,
1.)))
REPRESENTATION_ITEM('')
SURFACE()
);
#179=(
BOUNDED_SURFACE()
B_SPLINE_SURFACE(5,1,((#13313,#13314),(#13315,#13316),(#13317,#13318),(#13319,
#13320),(#13321,#13322),(#13323,#13324)),.UNSPECIFIED.,.F.,.F.,.F.)
B_SPLINE_SURFACE_WITH_KNOTS((6,6),(2,2),(-0.170106951145082,0.),(-0.430000000000001,
0.301854910948367),.UNSPECIFIED.)
GEOMETRIC_REPRESENTATION_ITEM()
RATIONAL_B_SPLINE_SURFACE(((1.,1.),(1.,1.),(1.,1.),(1.,1.),(1.,1.),(1.,
1.)))
REPRESENTATION_ITEM('')
SURFACE()
);
#180=LINE('',#7067,#534);
#181=LINE('',#7099,#535);
#182=LINE('',#7264,#536);
#183=LINE('',#7633,#537);
#184=LINE('',#8015,#538);
#185=LINE('',#8029,#539);
#186=LINE('',#8031,#540);
#187=LINE('',#8033,#541);
#188=LINE('',#8049,#542);
#189=LINE('',#8060,#543);
#190=LINE('',#8150,#544);
#191=LINE('',#8154,#545);
#192=LINE('',#8158,#546);
#193=LINE('',#8162,#547);
#194=LINE('',#8166,#548);
#195=LINE('',#8170,#549);
#196=LINE('',#8174,#550);
#197=LINE('',#8217,#551);
#198=LINE('',#8219,#552);
#199=LINE('',#8221,#553);
#200=LINE('',#8222,#554);
#201=LINE('',#8225,#555);
#202=LINE('',#8226,#556);
#203=LINE('',#8229,#557);
#204=LINE('',#8231,#558);
#205=LINE('',#8232,#559);
#206=LINE('',#8235,#560);
#207=LINE('',#8236,#561);
#208=LINE('',#8239,#562);
#209=LINE('',#8240,#563);
#210=LINE('',#8243,#564);
#211=LINE('',#8245,#565);
#212=LINE('',#8246,#566);
#213=LINE('',#8249,#567);
#214=LINE('',#8301,#568);
#215=LINE('',#8325,#569);
#216=LINE('',#8328,#570);
#217=LINE('',#8448,#571);
#218=LINE('',#8449,#572);
#219=LINE('',#8490,#573);
#220=LINE('',#8491,#574);
#221=LINE('',#8494,#575);
#222=LINE('',#8496,#576);
#223=LINE('',#8552,#577);
#224=LINE('',#8566,#578);
#225=LINE('',#8568,#579);
#226=LINE('',#8604,#580);
#227=LINE('',#8612,#581);
#228=LINE('',#8613,#582);
#229=LINE('',#8619,#583);
#230=LINE('',#8624,#584);
#231=LINE('',#8631,#585);
#232=LINE('',#8638,#586);
#233=LINE('',#8674,#587);
#234=LINE('',#8692,#588);
#235=LINE('',#8694,#589);
#236=LINE('',#8697,#590);
#237=LINE('',#8699,#591);
#238=LINE('',#8703,#592);
#239=LINE('',#8705,#593);
#240=LINE('',#8707,#594);
#241=LINE('',#8711,#595);
#242=LINE('',#8712,#596);
#243=LINE('',#8715,#597);
#244=LINE('',#8718,#598);
#245=LINE('',#8721,#599);
#246=LINE('',#8723,#600);
#247=LINE('',#8725,#601);
#248=LINE('',#8727,#602);
#249=LINE('',#8729,#603);
#250=LINE('',#8730,#604);
#251=LINE('',#8733,#605);
#252=LINE('',#8735,#606);
#253=LINE('',#8736,#607);
#254=LINE('',#8737,#608);
#255=LINE('',#8746,#609);
#256=LINE('',#8754,#610);
#257=LINE('',#8775,#611);
#258=LINE('',#8776,#612);
#259=LINE('',#8831,#613);
#260=LINE('',#8833,#614);
#261=LINE('',#8835,#615);
#262=LINE('',#8874,#616);
#263=LINE('',#8876,#617);
#264=LINE('',#8878,#618);
#265=LINE('',#8879,#619);
#266=LINE('',#8884,#620);
#267=LINE('',#8887,#621);
#268=LINE('',#8890,#622);
#269=LINE('',#8891,#623);
#270=LINE('',#8933,#624);
#271=LINE('',#8949,#625);
#272=LINE('',#9022,#626);
#273=LINE('',#9026,#627);
#274=LINE('',#9028,#628);
#275=LINE('',#9032,#629);
#276=LINE('',#9036,#630);
#277=LINE('',#9037,#631);
#278=LINE('',#9046,#632);
#279=LINE('',#9048,#633);
#280=LINE('',#9050,#634);
#281=LINE('',#9057,#635);
#282=LINE('',#9058,#636);
#283=LINE('',#9061,#637);
#284=LINE('',#9063,#638);
#285=LINE('',#9064,#639);
#286=LINE('',#9067,#640);
#287=LINE('',#9071,#641);
#288=LINE('',#9076,#642);
#289=LINE('',#9082,#643);
#290=LINE('',#9086,#644);
#291=LINE('',#9093,#645);
#292=LINE('',#9097,#646);
#293=LINE('',#9100,#647);
#294=LINE('',#9103,#648);
#295=LINE('',#9106,#649);
#296=LINE('',#9109,#650);
#297=LINE('',#9112,#651);
#298=LINE('',#9115,#652);
#299=LINE('',#9117,#653);
#300=LINE('',#9121,#654);
#301=LINE('',#9122,#655);
#302=LINE('',#9139,#656);
#303=LINE('',#9142,#657);
#304=LINE('',#9144,#658);
#305=LINE('',#9145,#659);
#306=LINE('',#9148,#660);
#307=LINE('',#9152,#661);
#308=LINE('',#9154,#662);
#309=LINE('',#9157,#663);
#310=LINE('',#9160,#664);
#311=LINE('',#9162,#665);
#312=LINE('',#9164,#666);
#313=LINE('',#9165,#667);
#314=LINE('',#9284,#668);
#315=LINE('',#9286,#669);
#316=LINE('',#9288,#670);
#317=LINE('',#9290,#671);
#318=LINE('',#9291,#672);
#319=LINE('',#9294,#673);
#320=LINE('',#9296,#674);
#321=LINE('',#9300,#675);
#322=LINE('',#9301,#676);
#323=LINE('',#9304,#677);
#324=LINE('',#9305,#678);
#325=LINE('',#9308,#679);
#326=LINE('',#9310,#680);
#327=LINE('',#9314,#681);
#328=LINE('',#9315,#682);
#329=LINE('',#9324,#683);
#330=LINE('',#9328,#684);
#331=LINE('',#9330,#685);
#332=LINE('',#9332,#686);
#333=LINE('',#9334,#687);
#334=LINE('',#9336,#688);
#335=LINE('',#9338,#689);
#336=LINE('',#9340,#690);
#337=LINE('',#9349,#691);
#338=LINE('',#9353,#692);
#339=LINE('',#9357,#693);
#340=LINE('',#9360,#694);
#341=LINE('',#9361,#695);
#342=LINE('',#9364,#696);
#343=LINE('',#9365,#697);
#344=LINE('',#9369,#698);
#345=LINE('',#9373,#699);
#346=LINE('',#9374,#700);
#347=LINE('',#9377,#701);
#348=LINE('',#9379,#702);
#349=LINE('',#9382,#703);
#350=LINE('',#9383,#704);
#351=LINE('',#9385,#705);
#352=LINE('',#9387,#706);
#353=LINE('',#9388,#707);
#354=LINE('',#9391,#708);
#355=LINE('',#9393,#709);
#356=LINE('',#9395,#710);
#357=LINE('',#9397,#711);
#358=LINE('',#9398,#712);
#359=LINE('',#9400,#713);
#360=LINE('',#9402,#714);
#361=LINE('',#9404,#715);
#362=LINE('',#9405,#716);
#363=LINE('',#9411,#717);
#364=LINE('',#9412,#718);
#365=LINE('',#9414,#719);
#366=LINE('',#9416,#720);
#367=LINE('',#9418,#721);
#368=LINE('',#9497,#722);
#369=LINE('',#9505,#723);
#370=LINE('',#9511,#724);
#371=LINE('',#9562,#725);
#372=LINE('',#9564,#726);
#373=LINE('',#9566,#727);
#374=LINE('',#9569,#728);
#375=LINE('',#9572,#729);
#376=LINE('',#9574,#730);
#377=LINE('',#9578,#731);
#378=LINE('',#9582,#732);
#379=LINE('',#9691,#733);
#380=LINE('',#9698,#734);
#381=LINE('',#9723,#735);
#382=LINE('',#9748,#736);
#383=LINE('',#9778,#737);
#384=LINE('',#9785,#738);
#385=LINE('',#9788,#739);
#386=LINE('',#9789,#740);
#387=LINE('',#9792,#741);
#388=LINE('',#9793,#742);
#389=LINE('',#9796,#743);
#390=LINE('',#9797,#744);
#391=LINE('',#9814,#745);
#392=LINE('',#9831,#746);
#393=LINE('',#9848,#747);
#394=LINE('',#9865,#748);
#395=LINE('',#9868,#749);
#396=LINE('',#9869,#750);
#397=LINE('',#9889,#751);
#398=LINE('',#9896,#752);
#399=LINE('',#9897,#753);
#400=LINE('',#9900,#754);
#401=LINE('',#9901,#755);
#402=LINE('',#9913,#756);
#403=LINE('',#9930,#757);
#404=LINE('',#9947,#758);
#405=LINE('',#9964,#759);
#406=LINE('',#9987,#760);
#407=LINE('',#9988,#761);
#408=LINE('',#9990,#762);
#409=LINE('',#9993,#763);
#410=LINE('',#9995,#764);
#411=LINE('',#10124,#765);
#412=LINE('',#10125,#766);
#413=LINE('',#10128,#767);
#414=LINE('',#10130,#768);
#415=LINE('',#10134,#769);
#416=LINE('',#10138,#770);
#417=LINE('',#10141,#771);
#418=LINE('',#10143,#772);
#419=LINE('',#10184,#773);
#420=LINE('',#10196,#774);
#421=LINE('',#10216,#775);
#422=LINE('',#10363,#776);
#423=LINE('',#10371,#777);
#424=LINE('',#10394,#778);
#425=LINE('',#10396,#779);
#426=LINE('',#10398,#780);
#427=LINE('',#10400,#781);
#428=LINE('',#10402,#782);
#429=LINE('',#10414,#783);
#430=LINE('',#10425,#784);
#431=LINE('',#10427,#785);
#432=LINE('',#10429,#786);
#433=LINE('',#10431,#787);
#434=LINE('',#10433,#788);
#435=LINE('',#10443,#789);
#436=LINE('',#10459,#790);
#437=LINE('',#10465,#791);
#438=LINE('',#10476,#792);
#439=LINE('',#10478,#793);
#440=LINE('',#10480,#794);
#441=LINE('',#10482,#795);
#442=LINE('',#10484,#796);
#443=LINE('',#10494,#797);
#444=LINE('',#10507,#798);
#445=LINE('',#10509,#799);
#446=LINE('',#10511,#800);
#447=LINE('',#10512,#801);
#448=LINE('',#10656,#802);
#449=LINE('',#10666,#803);
#450=LINE('',#10682,#804);
#451=LINE('',#10683,#805);
#452=LINE('',#10959,#806);
#453=LINE('',#10960,#807);
#454=LINE('',#11002,#808);
#455=LINE('',#11036,#809);
#456=LINE('',#11283,#810);
#457=LINE('',#11358,#811);
#458=LINE('',#11521,#812);
#459=LINE('',#11797,#813);
#460=LINE('',#11798,#814);
#461=LINE('',#11840,#815);
#462=LINE('',#11874,#816);
#463=LINE('',#12118,#817);
#464=LINE('',#12193,#818);
#465=LINE('',#12356,#819);
#466=LINE('',#12498,#820);
#467=LINE('',#12534,#821);
#468=LINE('',#12605,#822);
#469=LINE('',#12630,#823);
#470=LINE('',#12709,#824);
#471=LINE('',#12736,#825);
#472=LINE('',#12811,#826);
#473=LINE('',#12837,#827);
#474=LINE('',#12842,#828);
#475=LINE('',#12847,#829);
#476=LINE('',#12852,#830);
#477=LINE('',#12857,#831);
#478=LINE('',#12863,#832);
#479=LINE('',#12870,#833);
#480=LINE('',#12877,#834);
#481=LINE('',#12897,#835);
#482=LINE('',#12908,#836);
#483=LINE('',#12920,#837);
#484=LINE('',#12923,#838);
#485=LINE('',#12924,#839);
#486=LINE('',#12925,#840);
#487=LINE('',#12927,#841);
#488=LINE('',#12928,#842);
#489=LINE('',#12929,#843);
#490=LINE('',#12931,#844);
#491=LINE('',#12934,#845);
#492=LINE('',#12943,#846);
#493=LINE('',#12946,#847);
#494=LINE('',#12955,#848);
#495=LINE('',#12958,#849);
#496=LINE('',#12961,#850);
#497=LINE('',#12964,#851);
#498=LINE('',#12965,#852);
#499=LINE('',#12969,#853);
#500=LINE('',#12974,#854);
#501=LINE('',#12980,#855);
#502=LINE('',#12982,#856);
#503=LINE('',#12985,#857);
#504=LINE('',#13078,#858);
#505=LINE('',#13149,#859);
#506=LINE('',#13221,#860);
#507=LINE('',#13222,#861);
#508=LINE('',#13306,#862);
#509=LINE('',#13308,#863);
#510=LINE('',#13311,#864);
#511=LINE('',#13312,#865);
#512=LINE('',#13339,#866);
#513=LINE('',#13341,#867);
#514=LINE('',#13343,#868);
#515=LINE('',#13344,#869);
#516=LINE('',#13351,#870);
#517=LINE('',#13355,#871);
#518=LINE('',#13363,#872);
#519=LINE('',#13370,#873);
#520=LINE('',#13373,#874);
#521=LINE('',#13377,#875);
#522=LINE('',#13380,#876);
#523=LINE('',#13385,#877);
#524=LINE('',#13387,#878);
#525=LINE('',#13390,#879);
#526=LINE('',#13400,#880);
#527=LINE('',#13403,#881);
#528=LINE('',#13406,#882);
#529=LINE('',#13407,#883);
#530=LINE('',#13411,#884);
#531=LINE('',#13413,#885);
#532=LINE('',#13419,#886);
#533=LINE('',#13425,#887);
#534=VECTOR('',#5680,10.);
#535=VECTOR('',#5683,10.);
#536=VECTOR('',#5684,10.);
#537=VECTOR('',#5687,10.);
#538=VECTOR('',#5690,10.);
#539=VECTOR('',#5693,10.);
#540=VECTOR('',#5694,10.);
#541=VECTOR('',#5695,10.);
#542=VECTOR('',#5700,10.);
#543=VECTOR('',#5707,10.);
#544=VECTOR('',#5710,10.);
#545=VECTOR('',#5713,10.);
#546=VECTOR('',#5716,10.);
#547=VECTOR('',#5719,10.);
#548=VECTOR('',#5722,10.);
#549=VECTOR('',#5725,10.);
#550=VECTOR('',#5728,10.);
#551=VECTOR('',#5737,10.);
#552=VECTOR('',#5738,10.);
#553=VECTOR('',#5739,10.);
#554=VECTOR('',#5740,10.);
#555=VECTOR('',#5743,10.);
#556=VECTOR('',#5744,10.);
#557=VECTOR('',#5747,10.);
#558=VECTOR('',#5748,10.);
#559=VECTOR('',#5749,10.);
#560=VECTOR('',#5752,10.);
#561=VECTOR('',#5753,10.);
#562=VECTOR('',#5756,10.);
#563=VECTOR('',#5757,10.);
#564=VECTOR('',#5760,10.);
#565=VECTOR('',#5761,10.);
#566=VECTOR('',#5762,10.);
#567=VECTOR('',#5765,10.);
#568=VECTOR('',#5772,10.);
#569=VECTOR('',#5777,10.);
#570=VECTOR('',#5782,10.);
#571=VECTOR('',#5787,10.);
#572=VECTOR('',#5788,10.);
#573=VECTOR('',#5791,10.);
#574=VECTOR('',#5792,10.);
#575=VECTOR('',#5795,10.);
#576=VECTOR('',#5796,10.);
#577=VECTOR('',#5797,10.);
#578=VECTOR('',#5800,10.);
#579=VECTOR('',#5801,10.);
#580=VECTOR('',#5804,10.);
#581=VECTOR('',#5807,10.);
#582=VECTOR('',#5808,10.);
#583=VECTOR('',#5815,10.);
#584=VECTOR('',#5820,1.15);
#585=VECTOR('',#5829,1.15);
#586=VECTOR('',#5838,1.15);
#587=VECTOR('',#5843,10.);
#588=VECTOR('',#5844,10.);
#589=VECTOR('',#5847,10.);
#590=VECTOR('',#5850,10.);
#591=VECTOR('',#5851,10.);
#592=VECTOR('',#5854,10.);
#593=VECTOR('',#5855,10.);
#594=VECTOR('',#5856,10.);
#595=VECTOR('',#5859,10.);
#596=VECTOR('',#5860,10.);
#597=VECTOR('',#5863,10.);
#598=VECTOR('',#5866,10.);
#599=VECTOR('',#5869,10.);
#600=VECTOR('',#5870,10.);
#601=VECTOR('',#5871,10.);
#602=VECTOR('',#5872,10.);
#603=VECTOR('',#5873,10.);
#604=VECTOR('',#5874,10.);
#605=VECTOR('',#5877,10.);
#606=VECTOR('',#5878,10.);
#607=VECTOR('',#5879,10.);
#608=VECTOR('',#5880,10.);
#609=VECTOR('',#5883,10.);
#610=VECTOR('',#5890,10.);
#611=VECTOR('',#5895,10.);
#612=VECTOR('',#5896,10.);
#613=VECTOR('',#5897,10.);
#614=VECTOR('',#5898,10.);
#615=VECTOR('',#5899,10.);
#616=VECTOR('',#5900,10.);
#617=VECTOR('',#5901,10.);
#618=VECTOR('',#5902,10.);
#619=VECTOR('',#5903,10.);
#620=VECTOR('',#5906,10.);
#621=VECTOR('',#5909,10.);
#622=VECTOR('',#5912,10.);
#623=VECTOR('',#5913,10.);
#624=VECTOR('',#5916,10.);
#625=VECTOR('',#5917,10.);
#626=VECTOR('',#5922,10.);
#627=VECTOR('',#5927,10.);
#628=VECTOR('',#5928,10.);
#629=VECTOR('',#5931,10.);
#630=VECTOR('',#5936,10.);
#631=VECTOR('',#5937,10.);
#632=VECTOR('',#5940,10.);
#633=VECTOR('',#5941,10.);
#634=VECTOR('',#5942,10.);
#635=VECTOR('',#5945,10.);
#636=VECTOR('',#5946,10.);
#637=VECTOR('',#5949,10.);
#638=VECTOR('',#5950,10.);
#639=VECTOR('',#5951,10.);
#640=VECTOR('',#5954,10.);
#641=VECTOR('',#5957,10.);
#642=VECTOR('',#5962,10.);
#643=VECTOR('',#5969,10.);
#644=VECTOR('',#5972,10.);
#645=VECTOR('',#5979,10.);
#646=VECTOR('',#5982,10.);
#647=VECTOR('',#5985,10.);
#648=VECTOR('',#5988,10.);
#649=VECTOR('',#5991,10.);
#650=VECTOR('',#5994,10.);
#651=VECTOR('',#5997,10.);
#652=VECTOR('',#6000,10.);
#653=VECTOR('',#6001,10.);
#654=VECTOR('',#6006,10.);
#655=VECTOR('',#6007,10.);
#656=VECTOR('',#6012,10.);
#657=VECTOR('',#6015,10.);
#658=VECTOR('',#6016,10.);
#659=VECTOR('',#6017,10.);
#660=VECTOR('',#6020,10.);
#661=VECTOR('',#6023,10.);
#662=VECTOR('',#6024,10.);
#663=VECTOR('',#6027,10.);
#664=VECTOR('',#6030,10.);
#665=VECTOR('',#6031,10.);
#666=VECTOR('',#6032,10.);
#667=VECTOR('',#6033,10.);
#668=VECTOR('',#6038,10.);
#669=VECTOR('',#6039,10.);
#670=VECTOR('',#6040,10.);
#671=VECTOR('',#6041,10.);
#672=VECTOR('',#6042,10.);
#673=VECTOR('',#6045,10.);
#674=VECTOR('',#6046,10.);
#675=VECTOR('',#6049,10.);
#676=VECTOR('',#6050,10.);
#677=VECTOR('',#6053,10.);
#678=VECTOR('',#6054,10.);
#679=VECTOR('',#6057,10.);
#680=VECTOR('',#6058,10.);
#681=VECTOR('',#6061,10.);
#682=VECTOR('',#6062,10.);
#683=VECTOR('',#6065,10.);
#684=VECTOR('',#6068,10.);
#685=VECTOR('',#6069,10.);
#686=VECTOR('',#6070,10.);
#687=VECTOR('',#6071,10.);
#688=VECTOR('',#6072,10.);
#689=VECTOR('',#6073,10.);
#690=VECTOR('',#6074,10.);
#691=VECTOR('',#6079,10.);
#692=VECTOR('',#6084,10.);
#693=VECTOR('',#6089,10.);
#694=VECTOR('',#6092,10.);
#695=VECTOR('',#6093,10.);
#696=VECTOR('',#6096,10.);
#697=VECTOR('',#6097,10.);
#698=VECTOR('',#6102,10.);
#699=VECTOR('',#6107,10.);
#700=VECTOR('',#6108,10.);
#701=VECTOR('',#6113,10.);
#702=VECTOR('',#6116,10.);
#703=VECTOR('',#6119,10.);
#704=VECTOR('',#6120,10.);
#705=VECTOR('',#6123,10.);
#706=VECTOR('',#6124,10.);
#707=VECTOR('',#6125,10.);
#708=VECTOR('',#6128,10.);
#709=VECTOR('',#6129,10.);
#710=VECTOR('',#6130,10.);
#711=VECTOR('',#6131,10.);
#712=VECTOR('',#6132,10.);
#713=VECTOR('',#6135,10.);
#714=VECTOR('',#6138,10.);
#715=VECTOR('',#6141,10.);
#716=VECTOR('',#6142,10.);
#717=VECTOR('',#6149,10.);
#718=VECTOR('',#6150,10.);
#719=VECTOR('',#6153,10.);
#720=VECTOR('',#6156,10.);
#721=VECTOR('',#6159,10.);
#722=VECTOR('',#6166,10.);
#723=VECTOR('',#6169,10.);
#724=VECTOR('',#6172,10.);
#725=VECTOR('',#6175,10.);
#726=VECTOR('',#6178,10.);
#727=VECTOR('',#6181,10.);
#728=VECTOR('',#6184,10.);
#729=VECTOR('',#6187,10.);
#730=VECTOR('',#6188,10.);
#731=VECTOR('',#6191,10.);
#732=VECTOR('',#6194,10.);
#733=VECTOR('',#6199,10.);
#734=VECTOR('',#6200,10.);
#735=VECTOR('',#6201,10.);
#736=VECTOR('',#6202,10.);
#737=VECTOR('',#6203,10.);
#738=VECTOR('',#6204,10.);
#739=VECTOR('',#6207,10.);
#740=VECTOR('',#6208,10.);
#741=VECTOR('',#6211,10.);
#742=VECTOR('',#6212,10.);
#743=VECTOR('',#6215,10.);
#744=VECTOR('',#6216,10.);
#745=VECTOR('',#6217,10.);
#746=VECTOR('',#6218,10.);
#747=VECTOR('',#6219,10.);
#748=VECTOR('',#6220,10.);
#749=VECTOR('',#6223,10.);
#750=VECTOR('',#6224,10.);
#751=VECTOR('',#6225,10.);
#752=VECTOR('',#6228,10.);
#753=VECTOR('',#6229,10.);
#754=VECTOR('',#6232,10.);
#755=VECTOR('',#6233,10.);
#756=VECTOR('',#6234,10.);
#757=VECTOR('',#6235,10.);
#758=VECTOR('',#6236,10.);
#759=VECTOR('',#6237,10.);
#760=VECTOR('',#6240,10.);
#761=VECTOR('',#6241,10.);
#762=VECTOR('',#6244,10.);
#763=VECTOR('',#6249,10.);
#764=VECTOR('',#6252,10.);
#765=VECTOR('',#6271,10.);
#766=VECTOR('',#6272,10.);
#767=VECTOR('',#6275,10.);
#768=VECTOR('',#6276,10.);
#769=VECTOR('',#6279,10.);
#770=VECTOR('',#6282,10.);
#771=VECTOR('',#6285,10.);
#772=VECTOR('',#6288,10.);
#773=VECTOR('',#6289,10.);
#774=VECTOR('',#6292,5.);
#775=VECTOR('',#6295,10.);
#776=VECTOR('',#6318,10.);
#777=VECTOR('',#6325,10.);
#778=VECTOR('',#6340,10.);
#779=VECTOR('',#6341,10.);
#780=VECTOR('',#6342,10.);
#781=VECTOR('',#6343,10.);
#782=VECTOR('',#6344,10.);
#783=VECTOR('',#6345,10.);
#784=VECTOR('',#6346,10.);
#785=VECTOR('',#6347,10.);
#786=VECTOR('',#6348,10.);
#787=VECTOR('',#6349,10.);
#788=VECTOR('',#6350,10.);
#789=VECTOR('',#6351,10.);
#790=VECTOR('',#6358,10.);
#791=VECTOR('',#6365,10.);
#792=VECTOR('',#6366,10.);
#793=VECTOR('',#6367,10.);
#794=VECTOR('',#6368,10.);
#795=VECTOR('',#6369,10.);
#796=VECTOR('',#6370,10.);
#797=VECTOR('',#6371,10.);
#798=VECTOR('',#6372,10.);
#799=VECTOR('',#6373,10.);
#800=VECTOR('',#6374,10.);
#801=VECTOR('',#6375,10.);
#802=VECTOR('',#6394,5.);
#803=VECTOR('',#6395,10.);
#804=VECTOR('',#6396,10.);
#805=VECTOR('',#6397,10.);
#806=VECTOR('',#6428,10.);
#807=VECTOR('',#6429,10.);
#808=VECTOR('',#6430,10.);
#809=VECTOR('',#6431,10.);
#810=VECTOR('',#6432,10.);
#811=VECTOR('',#6433,10.);
#812=VECTOR('',#6436,10.);
#813=VECTOR('',#6467,10.);
#814=VECTOR('',#6468,10.);
#815=VECTOR('',#6469,10.);
#816=VECTOR('',#6470,10.);
#817=VECTOR('',#6471,10.);
#818=VECTOR('',#6472,10.);
#819=VECTOR('',#6475,10.);
#820=VECTOR('',#6476,10.);
#821=VECTOR('',#6479,0.750020864163172);
#822=VECTOR('',#6482,10.);
#823=VECTOR('',#6485,0.750007443634462);
#824=VECTOR('',#6488,10.);
#825=VECTOR('',#6491,0.750042526573723);
#826=VECTOR('',#6494,10.);
#827=VECTOR('',#6497,0.750033739649401);
#828=VECTOR('',#6504,10.);
#829=VECTOR('',#6509,10.);
#830=VECTOR('',#6514,10.);
#831=VECTOR('',#6519,10.);
#832=VECTOR('',#6526,10.);
#833=VECTOR('',#6535,10.);
#834=VECTOR('',#6546,10.);
#835=VECTOR('',#6549,10.);
#836=VECTOR('',#6552,10.);
#837=VECTOR('',#6553,10.);
#838=VECTOR('',#6556,10.);
#839=VECTOR('',#6557,10.);
#840=VECTOR('',#6558,10.);
#841=VECTOR('',#6559,10.);
#842=VECTOR('',#6560,10.);
#843=VECTOR('',#6561,10.);
#844=VECTOR('',#6564,10.);
#845=VECTOR('',#6567,10.);
#846=VECTOR('',#6578,10.);
#847=VECTOR('',#6581,10.);
#848=VECTOR('',#6592,10.);
#849=VECTOR('',#6597,10.);
#850=VECTOR('',#6602,10.);
#851=VECTOR('',#6605,10.);
#852=VECTOR('',#6606,10.);
#853=VECTOR('',#6611,10.);
#854=VECTOR('',#6618,10.);
#855=VECTOR('',#6629,10.);
#856=VECTOR('',#6632,10.);
#857=VECTOR('',#6637,10.);
#858=VECTOR('',#6648,10.);
#859=VECTOR('',#6651,10.);
#860=VECTOR('',#6656,10.);
#861=VECTOR('',#6657,10.);
#862=VECTOR('',#6660,10.);
#863=VECTOR('',#6663,10.);
#864=VECTOR('',#6666,10.);
#865=VECTOR('',#6667,10.);
#866=VECTOR('',#6670,10.);
#867=VECTOR('',#6673,10.);
#868=VECTOR('',#6676,10.);
#869=VECTOR('',#6677,10.);
#870=VECTOR('',#6688,1.1);
#871=VECTOR('',#6693,1.1);
#872=VECTOR('',#6708,10.);
#873=VECTOR('',#6717,10.);
#874=VECTOR('',#6722,1.1);
#875=VECTOR('',#6725,10.);
#876=VECTOR('',#6728,10.);
#877=VECTOR('',#6735,1.1);
#878=VECTOR('',#6736,10.);
#879=VECTOR('',#6739,10.);
#880=VECTOR('',#6756,10.);
#881=VECTOR('',#6759,10.);
#882=VECTOR('',#6762,10.);
#883=VECTOR('',#6763,10.);
#884=VECTOR('',#6768,10.);
#885=VECTOR('',#6771,10.);
#886=VECTOR('',#6780,10.);
#887=VECTOR('',#6789,10.);
#888=ELLIPSE('',#5276,5.08826705016289,4.9999999999969);
#889=ELLIPSE('',#5277,5.32088886237415,4.9999999999969);
#890=ELLIPSE('',#5284,6.38506663485293,6.);
#891=ELLIPSE('',#5305,17.5428264010312,6.);
#892=ELLIPSE('',#5315,5.61708514399336,4.9999999999969);
#893=ELLIPSE('',#5488,8.94924577827651,8.49);
#894=ELLIPSE('',#5541,8.11651266109759,7.69999999999881);
#895=ELLIPSE('',#5547,8.94924577827651,8.49);
#896=ELLIPSE('',#5548,8.11651266109759,7.69999999999881);
#897=ELLIPSE('',#5550,8.94924577827652,8.49);
#898=ELLIPSE('',#5551,8.11651266109759,7.69999999999881);
#899=ELLIPSE('',#5553,8.94924577827652,8.49);
#900=ELLIPSE('',#5554,8.11651266109759,7.69999999999881);
#901=ELLIPSE('',#5623,4.32177946889679,4.1);
#902=ELLIPSE('',#5625,4.32177946889679,4.1);
#903=ELLIPSE('',#5650,3.16227766016054,2.99999999999257);
#904=ELLIPSE('',#5652,3.16227766016054,2.99999999999257);
#905=CYLINDRICAL_SURFACE('',#5275,4.9999999999969);
#906=CYLINDRICAL_SURFACE('',#5286,5.8);
#907=CYLINDRICAL_SURFACE('',#5302,6.);
#908=CYLINDRICAL_SURFACE('',#5306,9.9);
#909=CYLINDRICAL_SURFACE('',#5309,8.9);
#910=CYLINDRICAL_SURFACE('',#5317,8.);
#911=CYLINDRICAL_SURFACE('',#5320,1.15);
#912=CYLINDRICAL_SURFACE('',#5324,1.15);
#913=CYLINDRICAL_SURFACE('',#5328,1.15);
#914=CYLINDRICAL_SURFACE('',#5336,2.46299999967717);
#915=CYLINDRICAL_SURFACE('',#5351,4.9999999999969);
#916=CYLINDRICAL_SURFACE('',#5360,6.90000000000011);
#917=CYLINDRICAL_SURFACE('',#5363,6.90000000000011);
#918=CYLINDRICAL_SURFACE('',#5366,6.90000000000011);
#919=CYLINDRICAL_SURFACE('',#5369,6.90000000000011);
#920=CYLINDRICAL_SURFACE('',#5398,9.5);
#921=CYLINDRICAL_SURFACE('',#5400,2.19999999999982);
#922=CYLINDRICAL_SURFACE('',#5404,4.1);
#923=CYLINDRICAL_SURFACE('',#5420,2.43700000039227);
#924=CYLINDRICAL_SURFACE('',#5424,9.9);
#925=CYLINDRICAL_SURFACE('',#5431,9.9);
#926=CYLINDRICAL_SURFACE('',#5462,5.);
#927=CYLINDRICAL_SURFACE('',#5487,8.49);
#928=CYLINDRICAL_SURFACE('',#5497,8.9);
#929=CYLINDRICAL_SURFACE('',#5498,3.5);
#930=CYLINDRICAL_SURFACE('',#5499,5.);
#931=CYLINDRICAL_SURFACE('',#5555,8.49);
#932=CYLINDRICAL_SURFACE('',#5560,0.2);
#933=CYLINDRICAL_SURFACE('',#5561,0.2);
#934=CYLINDRICAL_SURFACE('',#5576,7.69999999999881);
#935=CYLINDRICAL_SURFACE('',#5578,7.69999999999881);
#936=CYLINDRICAL_SURFACE('',#5589,0.999999999947961);
#937=CYLINDRICAL_SURFACE('',#5591,8.5);
#938=CYLINDRICAL_SURFACE('',#5592,1.99999999998708);
#939=CYLINDRICAL_SURFACE('',#5594,0.128099173525993);
#940=CYLINDRICAL_SURFACE('',#5595,1.49999999998074);
#941=CYLINDRICAL_SURFACE('',#5596,8.49);
#942=CYLINDRICAL_SURFACE('',#5597,8.49);
#943=CYLINDRICAL_SURFACE('',#5601,11.7057742217848);
#944=CYLINDRICAL_SURFACE('',#5607,11.7057742217848);
#945=CYLINDRICAL_SURFACE('',#5609,0.5);
#946=CYLINDRICAL_SURFACE('',#5610,0.5);
#947=CYLINDRICAL_SURFACE('',#5611,0.5);
#948=CYLINDRICAL_SURFACE('',#5612,1.1);
#949=CYLINDRICAL_SURFACE('',#5614,1.1);
#950=CYLINDRICAL_SURFACE('',#5616,0.5);
#951=CYLINDRICAL_SURFACE('',#5618,9.5);
#952=CYLINDRICAL_SURFACE('',#5622,4.1);
#953=CYLINDRICAL_SURFACE('',#5627,1.1);
#954=CYLINDRICAL_SURFACE('',#5631,1.1);
#955=CYLINDRICAL_SURFACE('',#5635,2.);
#956=CYLINDRICAL_SURFACE('',#5641,2.);
#957=CYLINDRICAL_SURFACE('',#5644,2.);
#958=CYLINDRICAL_SURFACE('',#5648,2.);
#959=CYLINDRICAL_SURFACE('',#5651,2.99999999999257);
#960=TOROIDAL_SURFACE('',#5268,8.1,0.8);
#961=TOROIDAL_SURFACE('',#5451,8.,1.5);
#962=TOROIDAL_SURFACE('',#5465,8.,1.5);
#963=TOROIDAL_SURFACE('',#5471,6.99,1.5);
#964=TOROIDAL_SURFACE('',#5485,6.99,1.5);
#965=TOROIDAL_SURFACE('',#5492,6.99,1.5);
#966=TOROIDAL_SURFACE('',#5495,6.99,1.5);
#967=TOROIDAL_SURFACE('',#5500,1.5,1.);
#968=TOROIDAL_SURFACE('',#5504,10.7057742217848,1.);
#969=TOROIDAL_SURFACE('',#5507,10.7057742217848,1.);
#970=TOROIDAL_SURFACE('',#5511,1.5,1.);
#971=TOROIDAL_SURFACE('',#5516,1.5,1.);
#972=TOROIDAL_SURFACE('',#5520,10.7057742217848,1.);
#973=TOROIDAL_SURFACE('',#5523,10.7057742217848,1.);
#974=TOROIDAL_SURFACE('',#5527,1.5,1.);
#975=FACE_OUTER_BOUND('',#1254,.T.);
#976=FACE_OUTER_BOUND('',#1255,.T.);
#977=FACE_OUTER_BOUND('',#1256,.T.);
#978=FACE_OUTER_BOUND('',#1257,.T.);
#979=FACE_OUTER_BOUND('',#1258,.T.);
#980=FACE_OUTER_BOUND('',#1259,.T.);
#981=FACE_OUTER_BOUND('',#1260,.T.);
#982=FACE_OUTER_BOUND('',#1261,.T.);
#983=FACE_OUTER_BOUND('',#1262,.T.);
#984=FACE_OUTER_BOUND('',#1263,.T.);
#985=FACE_OUTER_BOUND('',#1264,.T.);
#986=FACE_OUTER_BOUND('',#1265,.T.);
#987=FACE_OUTER_BOUND('',#1266,.T.);
#988=FACE_OUTER_BOUND('',#1267,.T.);
#989=FACE_OUTER_BOUND('',#1268,.T.);
#990=FACE_OUTER_BOUND('',#1269,.T.);
#991=FACE_OUTER_BOUND('',#1270,.T.);
#992=FACE_OUTER_BOUND('',#1271,.T.);
#993=FACE_OUTER_BOUND('',#1272,.T.);
#994=FACE_OUTER_BOUND('',#1273,.T.);
#995=FACE_OUTER_BOUND('',#1274,.T.);
#996=FACE_OUTER_BOUND('',#1275,.T.);
#997=FACE_OUTER_BOUND('',#1276,.T.);
#998=FACE_OUTER_BOUND('',#1277,.T.);
#999=FACE_OUTER_BOUND('',#1278,.T.);
#1000=FACE_OUTER_BOUND('',#1279,.T.);
#1001=FACE_OUTER_BOUND('',#1280,.T.);
#1002=FACE_OUTER_BOUND('',#1281,.T.);
#1003=FACE_OUTER_BOUND('',#1282,.T.);
#1004=FACE_OUTER_BOUND('',#1283,.T.);
#1005=FACE_OUTER_BOUND('',#1284,.T.);
#1006=FACE_OUTER_BOUND('',#1285,.T.);
#1007=FACE_OUTER_BOUND('',#1286,.T.);
#1008=FACE_OUTER_BOUND('',#1287,.T.);
#1009=FACE_OUTER_BOUND('',#1288,.T.);
#1010=FACE_OUTER_BOUND('',#1289,.T.);
#1011=FACE_OUTER_BOUND('',#1290,.T.);
#1012=FACE_OUTER_BOUND('',#1291,.T.);
#1013=FACE_OUTER_BOUND('',#1292,.T.);
#1014=FACE_OUTER_BOUND('',#1293,.T.);
#1015=FACE_OUTER_BOUND('',#1294,.T.);
#1016=FACE_OUTER_BOUND('',#1295,.T.);
#1017=FACE_OUTER_BOUND('',#1296,.T.);
#1018=FACE_OUTER_BOUND('',#1297,.T.);
#1019=FACE_OUTER_BOUND('',#1298,.T.);
#1020=FACE_OUTER_BOUND('',#1299,.T.);
#1021=FACE_OUTER_BOUND('',#1300,.T.);
#1022=FACE_OUTER_BOUND('',#1301,.T.);
#1023=FACE_OUTER_BOUND('',#1302,.T.);
#1024=FACE_OUTER_BOUND('',#1303,.T.);
#1025=FACE_OUTER_BOUND('',#1304,.T.);
#1026=FACE_OUTER_BOUND('',#1305,.T.);
#1027=FACE_OUTER_BOUND('',#1306,.T.);
#1028=FACE_OUTER_BOUND('',#1307,.T.);
#1029=FACE_OUTER_BOUND('',#1308,.T.);
#1030=FACE_OUTER_BOUND('',#1312,.T.);
#1031=FACE_OUTER_BOUND('',#1313,.T.);
#1032=FACE_OUTER_BOUND('',#1314,.T.);
#1033=FACE_OUTER_BOUND('',#1316,.T.);
#1034=FACE_OUTER_BOUND('',#1317,.T.);
#1035=FACE_OUTER_BOUND('',#1318,.T.);
#1036=FACE_OUTER_BOUND('',#1319,.T.);
#1037=FACE_OUTER_BOUND('',#1320,.T.);
#1038=FACE_OUTER_BOUND('',#1321,.T.);
#1039=FACE_OUTER_BOUND('',#1322,.T.);
#1040=FACE_OUTER_BOUND('',#1323,.T.);
#1041=FACE_OUTER_BOUND('',#1324,.T.);
#1042=FACE_OUTER_BOUND('',#1325,.T.);
#1043=FACE_OUTER_BOUND('',#1326,.T.);
#1044=FACE_OUTER_BOUND('',#1327,.T.);
#1045=FACE_OUTER_BOUND('',#1328,.T.);
#1046=FACE_OUTER_BOUND('',#1329,.T.);
#1047=FACE_OUTER_BOUND('',#1330,.T.);
#1048=FACE_OUTER_BOUND('',#1331,.T.);
#1049=FACE_OUTER_BOUND('',#1332,.T.);
#1050=FACE_OUTER_BOUND('',#1333,.T.);
#1051=FACE_OUTER_BOUND('',#1334,.T.);
#1052=FACE_OUTER_BOUND('',#1335,.T.);
#1053=FACE_OUTER_BOUND('',#1336,.T.);
#1054=FACE_OUTER_BOUND('',#1337,.T.);
#1055=FACE_OUTER_BOUND('',#1338,.T.);
#1056=FACE_OUTER_BOUND('',#1339,.T.);
#1057=FACE_OUTER_BOUND('',#1340,.T.);
#1058=FACE_OUTER_BOUND('',#1341,.T.);
#1059=FACE_OUTER_BOUND('',#1342,.T.);
#1060=FACE_OUTER_BOUND('',#1343,.T.);
#1061=FACE_OUTER_BOUND('',#1344,.T.);
#1062=FACE_OUTER_BOUND('',#1345,.T.);
#1063=FACE_OUTER_BOUND('',#1346,.T.);
#1064=FACE_OUTER_BOUND('',#1347,.T.);
#1065=FACE_OUTER_BOUND('',#1348,.T.);
#1066=FACE_OUTER_BOUND('',#1349,.T.);
#1067=FACE_OUTER_BOUND('',#1350,.T.);
#1068=FACE_OUTER_BOUND('',#1351,.T.);
#1069=FACE_OUTER_BOUND('',#1352,.T.);
#1070=FACE_OUTER_BOUND('',#1353,.T.);
#1071=FACE_OUTER_BOUND('',#1354,.T.);
#1072=FACE_OUTER_BOUND('',#1355,.T.);
#1073=FACE_OUTER_BOUND('',#1356,.T.);
#1074=FACE_OUTER_BOUND('',#1357,.T.);
#1075=FACE_OUTER_BOUND('',#1358,.T.);
#1076=FACE_OUTER_BOUND('',#1359,.T.);
#1077=FACE_OUTER_BOUND('',#1360,.T.);
#1078=FACE_OUTER_BOUND('',#1361,.T.);
#1079=FACE_OUTER_BOUND('',#1362,.T.);
#1080=FACE_OUTER_BOUND('',#1363,.T.);
#1081=FACE_OUTER_BOUND('',#1364,.T.);
#1082=FACE_OUTER_BOUND('',#1365,.T.);
#1083=FACE_OUTER_BOUND('',#1366,.T.);
#1084=FACE_OUTER_BOUND('',#1367,.T.);
#1085=FACE_OUTER_BOUND('',#1368,.T.);
#1086=FACE_OUTER_BOUND('',#1369,.T.);
#1087=FACE_OUTER_BOUND('',#1370,.T.);
#1088=FACE_OUTER_BOUND('',#1371,.T.);
#1089=FACE_OUTER_BOUND('',#1376,.T.);
#1090=FACE_OUTER_BOUND('',#1377,.T.);
#1091=FACE_OUTER_BOUND('',#1378,.T.);
#1092=FACE_OUTER_BOUND('',#1379,.T.);
#1093=FACE_OUTER_BOUND('',#1380,.T.);
#1094=FACE_OUTER_BOUND('',#1381,.T.);
#1095=FACE_OUTER_BOUND('',#1382,.T.);
#1096=FACE_OUTER_BOUND('',#1383,.T.);
#1097=FACE_OUTER_BOUND('',#1384,.T.);
#1098=FACE_OUTER_BOUND('',#1385,.T.);
#1099=FACE_OUTER_BOUND('',#1386,.T.);
#1100=FACE_OUTER_BOUND('',#1387,.T.);
#1101=FACE_OUTER_BOUND('',#1388,.T.);
#1102=FACE_OUTER_BOUND('',#1389,.T.);
#1103=FACE_OUTER_BOUND('',#1390,.T.);
#1104=FACE_OUTER_BOUND('',#1391,.T.);
#1105=FACE_OUTER_BOUND('',#1392,.T.);
#1106=FACE_OUTER_BOUND('',#1393,.T.);
#1107=FACE_OUTER_BOUND('',#1394,.T.);
#1108=FACE_OUTER_BOUND('',#1395,.T.);
#1109=FACE_OUTER_BOUND('',#1396,.T.);
#1110=FACE_OUTER_BOUND('',#1397,.T.);
#1111=FACE_OUTER_BOUND('',#1398,.T.);
#1112=FACE_OUTER_BOUND('',#1399,.T.);
#1113=FACE_OUTER_BOUND('',#1400,.T.);
#1114=FACE_OUTER_BOUND('',#1401,.T.);
#1115=FACE_OUTER_BOUND('',#1402,.T.);
#1116=FACE_OUTER_BOUND('',#1403,.T.);
#1117=FACE_OUTER_BOUND('',#1404,.T.);
#1118=FACE_OUTER_BOUND('',#1405,.T.);
#1119=FACE_OUTER_BOUND('',#1406,.T.);
#1120=FACE_OUTER_BOUND('',#1407,.T.);
#1121=FACE_OUTER_BOUND('',#1408,.T.);
#1122=FACE_OUTER_BOUND('',#1409,.T.);
#1123=FACE_OUTER_BOUND('',#1410,.T.);
#1124=FACE_OUTER_BOUND('',#1411,.T.);
#1125=FACE_OUTER_BOUND('',#1412,.T.);
#1126=FACE_OUTER_BOUND('',#1413,.T.);
#1127=FACE_OUTER_BOUND('',#1414,.T.);
#1128=FACE_OUTER_BOUND('',#1415,.T.);
#1129=FACE_OUTER_BOUND('',#1416,.T.);
#1130=FACE_OUTER_BOUND('',#1417,.T.);
#1131=FACE_OUTER_BOUND('',#1418,.T.);
#1132=FACE_OUTER_BOUND('',#1419,.T.);
#1133=FACE_OUTER_BOUND('',#1420,.T.);
#1134=FACE_OUTER_BOUND('',#1421,.T.);
#1135=FACE_OUTER_BOUND('',#1423,.T.);
#1136=FACE_OUTER_BOUND('',#1424,.T.);
#1137=FACE_OUTER_BOUND('',#1425,.T.);
#1138=FACE_OUTER_BOUND('',#1426,.T.);
#1139=FACE_OUTER_BOUND('',#1427,.T.);
#1140=FACE_OUTER_BOUND('',#1428,.T.);
#1141=FACE_OUTER_BOUND('',#1429,.T.);
#1142=FACE_OUTER_BOUND('',#1430,.T.);
#1143=FACE_OUTER_BOUND('',#1431,.T.);
#1144=FACE_OUTER_BOUND('',#1432,.T.);
#1145=FACE_OUTER_BOUND('',#1433,.T.);
#1146=FACE_OUTER_BOUND('',#1434,.T.);
#1147=FACE_OUTER_BOUND('',#1435,.T.);
#1148=FACE_OUTER_BOUND('',#1436,.T.);
#1149=FACE_OUTER_BOUND('',#1437,.T.);
#1150=FACE_OUTER_BOUND('',#1438,.T.);
#1151=FACE_OUTER_BOUND('',#1439,.T.);
#1152=FACE_OUTER_BOUND('',#1440,.T.);
#1153=FACE_OUTER_BOUND('',#1441,.T.);
#1154=FACE_OUTER_BOUND('',#1442,.T.);
#1155=FACE_OUTER_BOUND('',#1443,.T.);
#1156=FACE_OUTER_BOUND('',#1445,.T.);
#1157=FACE_OUTER_BOUND('',#1447,.T.);
#1158=FACE_OUTER_BOUND('',#1448,.T.);
#1159=FACE_OUTER_BOUND('',#1449,.T.);
#1160=FACE_OUTER_BOUND('',#1450,.T.);
#1161=FACE_OUTER_BOUND('',#1451,.T.);
#1162=FACE_OUTER_BOUND('',#1452,.T.);
#1163=FACE_OUTER_BOUND('',#1453,.T.);
#1164=FACE_OUTER_BOUND('',#1454,.T.);
#1165=FACE_OUTER_BOUND('',#1455,.T.);
#1166=FACE_OUTER_BOUND('',#1457,.T.);
#1167=FACE_OUTER_BOUND('',#1459,.T.);
#1168=FACE_OUTER_BOUND('',#1460,.T.);
#1169=FACE_OUTER_BOUND('',#1461,.T.);
#1170=FACE_OUTER_BOUND('',#1462,.T.);
#1171=FACE_OUTER_BOUND('',#1463,.T.);
#1172=FACE_OUTER_BOUND('',#1465,.T.);
#1173=FACE_OUTER_BOUND('',#1466,.T.);
#1174=FACE_OUTER_BOUND('',#1467,.T.);
#1175=FACE_OUTER_BOUND('',#1468,.T.);
#1176=FACE_OUTER_BOUND('',#1469,.T.);
#1177=FACE_OUTER_BOUND('',#1470,.T.);
#1178=FACE_OUTER_BOUND('',#1471,.T.);
#1179=FACE_OUTER_BOUND('',#1472,.T.);
#1180=FACE_OUTER_BOUND('',#1473,.T.);
#1181=FACE_OUTER_BOUND('',#1474,.T.);
#1182=FACE_OUTER_BOUND('',#1475,.T.);
#1183=FACE_OUTER_BOUND('',#1476,.T.);
#1184=FACE_OUTER_BOUND('',#1477,.T.);
#1185=FACE_OUTER_BOUND('',#1478,.T.);
#1186=FACE_OUTER_BOUND('',#1479,.T.);
#1187=FACE_OUTER_BOUND('',#1480,.T.);
#1188=FACE_OUTER_BOUND('',#1481,.T.);
#1189=FACE_OUTER_BOUND('',#1482,.T.);
#1190=FACE_OUTER_BOUND('',#1483,.T.);
#1191=FACE_OUTER_BOUND('',#1484,.T.);
#1192=FACE_OUTER_BOUND('',#1485,.T.);
#1193=FACE_OUTER_BOUND('',#1486,.T.);
#1194=FACE_OUTER_BOUND('',#1487,.T.);
#1195=FACE_OUTER_BOUND('',#1488,.T.);
#1196=FACE_OUTER_BOUND('',#1489,.T.);
#1197=FACE_OUTER_BOUND('',#1490,.T.);
#1198=FACE_OUTER_BOUND('',#1491,.T.);
#1199=FACE_OUTER_BOUND('',#1492,.T.);
#1200=FACE_OUTER_BOUND('',#1493,.T.);
#1201=FACE_OUTER_BOUND('',#1494,.T.);
#1202=FACE_OUTER_BOUND('',#1495,.T.);
#1203=FACE_OUTER_BOUND('',#1496,.T.);
#1204=FACE_OUTER_BOUND('',#1497,.T.);
#1205=FACE_OUTER_BOUND('',#1498,.T.);
#1206=FACE_OUTER_BOUND('',#1499,.T.);
#1207=FACE_OUTER_BOUND('',#1500,.T.);
#1208=FACE_OUTER_BOUND('',#1501,.T.);
#1209=FACE_OUTER_BOUND('',#1502,.T.);
#1210=FACE_OUTER_BOUND('',#1503,.T.);
#1211=FACE_OUTER_BOUND('',#1504,.T.);
#1212=FACE_OUTER_BOUND('',#1505,.T.);
#1213=FACE_OUTER_BOUND('',#1506,.T.);
#1214=FACE_OUTER_BOUND('',#1507,.T.);
#1215=FACE_OUTER_BOUND('',#1508,.T.);
#1216=FACE_OUTER_BOUND('',#1509,.T.);
#1217=FACE_OUTER_BOUND('',#1510,.T.);
#1218=FACE_OUTER_BOUND('',#1511,.T.);
#1219=FACE_OUTER_BOUND('',#1512,.T.);
#1220=FACE_OUTER_BOUND('',#1513,.T.);
#1221=FACE_OUTER_BOUND('',#1514,.T.);
#1222=FACE_OUTER_BOUND('',#1515,.T.);
#1223=FACE_OUTER_BOUND('',#1516,.T.);
#1224=FACE_OUTER_BOUND('',#1521,.T.);
#1225=FACE_OUTER_BOUND('',#1522,.T.);
#1226=FACE_OUTER_BOUND('',#1523,.T.);
#1227=FACE_OUTER_BOUND('',#1524,.T.);
#1228=FACE_OUTER_BOUND('',#1525,.T.);
#1229=FACE_OUTER_BOUND('',#1526,.T.);
#1230=FACE_OUTER_BOUND('',#1527,.T.);
#1231=FACE_OUTER_BOUND('',#1528,.T.);
#1232=FACE_OUTER_BOUND('',#1529,.T.);
#1233=FACE_OUTER_BOUND('',#1530,.T.);
#1234=FACE_OUTER_BOUND('',#1531,.T.);
#1235=FACE_OUTER_BOUND('',#1532,.T.);
#1236=FACE_OUTER_BOUND('',#1533,.T.);
#1237=FACE_OUTER_BOUND('',#1534,.T.);
#1238=FACE_OUTER_BOUND('',#1535,.T.);
#1239=FACE_OUTER_BOUND('',#1536,.T.);
#1240=FACE_OUTER_BOUND('',#1537,.T.);
#1241=FACE_OUTER_BOUND('',#1538,.T.);
#1242=FACE_OUTER_BOUND('',#1539,.T.);
#1243=FACE_OUTER_BOUND('',#1540,.T.);
#1244=FACE_OUTER_BOUND('',#1541,.T.);
#1245=FACE_OUTER_BOUND('',#1542,.T.);
#1246=FACE_OUTER_BOUND('',#1543,.T.);
#1247=FACE_OUTER_BOUND('',#1544,.T.);
#1248=FACE_OUTER_BOUND('',#1545,.T.);
#1249=FACE_OUTER_BOUND('',#1546,.T.);
#1250=FACE_OUTER_BOUND('',#1547,.T.);
#1251=FACE_OUTER_BOUND('',#1548,.T.);
#1252=FACE_OUTER_BOUND('',#1549,.T.);
#1253=FACE_OUTER_BOUND('',#1550,.T.);
#1254=EDGE_LOOP('',(#3306,#3307,#3308,#3309));
#1255=EDGE_LOOP('',(#3310,#3311,#3312,#3313));
#1256=EDGE_LOOP('',(#3314,#3315,#3316,#3317));
#1257=EDGE_LOOP('',(#3318,#3319,#3320));
#1258=EDGE_LOOP('',(#3321,#3322,#3323,#3324));
#1259=EDGE_LOOP('',(#3325,#3326,#3327,#3328));
#1260=EDGE_LOOP('',(#3329,#3330,#3331,#3332));
#1261=EDGE_LOOP('',(#3333,#3334,#3335,#3336,#3337,#3338,#3339,#3340,#3341,
#3342,#3343,#3344));
#1262=EDGE_LOOP('',(#3345,#3346,#3347,#3348,#3349,#3350));
#1263=EDGE_LOOP('',(#3351,#3352,#3353,#3354));
#1264=EDGE_LOOP('',(#3355,#3356,#3357,#3358,#3359));
#1265=EDGE_LOOP('',(#3360,#3361,#3362,#3363));
#1266=EDGE_LOOP('',(#3364,#3365,#3366,#3367));
#1267=EDGE_LOOP('',(#3368,#3369,#3370,#3371,#3372,#3373));
#1268=EDGE_LOOP('',(#3374,#3375,#3376,#3377));
#1269=EDGE_LOOP('',(#3378,#3379,#3380,#3381));
#1270=EDGE_LOOP('',(#3382,#3383,#3384,#3385,#3386,#3387));
#1271=EDGE_LOOP('',(#3388,#3389,#3390,#3391));
#1272=EDGE_LOOP('',(#3392,#3393,#3394,#3395));
#1273=EDGE_LOOP('',(#3396,#3397,#3398,#3399,#3400,#3401,#3402,#3403,#3404,
#3405,#3406,#3407,#3408,#3409,#3410,#3411));
#1274=EDGE_LOOP('',(#3412,#3413,#3414,#3415,#3416));
#1275=EDGE_LOOP('',(#3417,#3418,#3419));
#1276=EDGE_LOOP('',(#3420,#3421,#3422,#3423));
#1277=EDGE_LOOP('',(#3424,#3425,#3426,#3427,#3428,#3429,#3430));
#1278=EDGE_LOOP('',(#3431,#3432,#3433,#3434,#3435,#3436,#3437,#3438,#3439,
#3440,#3441,#3442,#3443,#3444,#3445,#3446,#3447,#3448,#3449,#3450,#3451,
#3452,#3453));
#1279=EDGE_LOOP('',(#3454,#3455,#3456,#3457,#3458));
#1280=EDGE_LOOP('',(#3459,#3460,#3461,#3462));
#1281=EDGE_LOOP('',(#3463,#3464,#3465,#3466));
#1282=EDGE_LOOP('',(#3467,#3468,#3469,#3470));
#1283=EDGE_LOOP('',(#3471,#3472,#3473,#3474));
#1284=EDGE_LOOP('',(#3475,#3476,#3477,#3478,#3479));
#1285=EDGE_LOOP('',(#3480,#3481,#3482,#3483,#3484,#3485,#3486,#3487));
#1286=EDGE_LOOP('',(#3488,#3489,#3490,#3491,#3492,#3493,#3494,#3495,#3496,
#3497,#3498));
#1287=EDGE_LOOP('',(#3499,#3500,#3501,#3502));
#1288=EDGE_LOOP('',(#3503,#3504,#3505,#3506,#3507,#3508));
#1289=EDGE_LOOP('',(#3509,#3510,#3511,#3512));
#1290=EDGE_LOOP('',(#3513,#3514,#3515,#3516));
#1291=EDGE_LOOP('',(#3517,#3518,#3519,#3520));
#1292=EDGE_LOOP('',(#3521,#3522,#3523,#3524));
#1293=EDGE_LOOP('',(#3525,#3526,#3527,#3528));
#1294=EDGE_LOOP('',(#3529,#3530,#3531,#3532,#3533,#3534,#3535));
#1295=EDGE_LOOP('',(#3536,#3537,#3538,#3539,#3540));
#1296=EDGE_LOOP('',(#3541,#3542,#3543,#3544));
#1297=EDGE_LOOP('',(#3545,#3546,#3547,#3548));
#1298=EDGE_LOOP('',(#3549,#3550,#3551,#3552));
#1299=EDGE_LOOP('',(#3553,#3554,#3555,#3556));
#1300=EDGE_LOOP('',(#3557));
#1301=EDGE_LOOP('',(#3558,#3559,#3560,#3561));
#1302=EDGE_LOOP('',(#3562));
#1303=EDGE_LOOP('',(#3563,#3564,#3565,#3566));
#1304=EDGE_LOOP('',(#3567));
#1305=EDGE_LOOP('',(#3568,#3569,#3570,#3571));
#1306=EDGE_LOOP('',(#3572,#3573,#3574,#3575));
#1307=EDGE_LOOP('',(#3576,#3577,#3578));
#1308=EDGE_LOOP('',(#3579,#3580,#3581,#3582,#3583,#3584,#3585,#3586,#3587,
#3588,#3589,#3590,#3591,#3592,#3593,#3594,#3595,#3596,#3597,#3598));
#1309=EDGE_LOOP('',(#3599));
#1310=EDGE_LOOP('',(#3600));
#1311=EDGE_LOOP('',(#3601));
#1312=EDGE_LOOP('',(#3602,#3603,#3604,#3605));
#1313=EDGE_LOOP('',(#3606,#3607,#3608,#3609,#3610,#3611,#3612,#3613));
#1314=EDGE_LOOP('',(#3614,#3615,#3616,#3617,#3618,#3619,#3620,#3621,#3622,
#3623,#3624,#3625,#3626,#3627,#3628,#3629,#3630,#3631,#3632,#3633,#3634,
#3635,#3636,#3637,#3638,#3639,#3640,#3641,#3642,#3643,#3644,#3645,#3646,
#3647,#3648,#3649,#3650,#3651,#3652,#3653,#3654,#3655,#3656,#3657,#3658,
#3659));
#1315=EDGE_LOOP('',(#3660,#3661,#3662,#3663));
#1316=EDGE_LOOP('',(#3664,#3665,#3666,#3667,#3668,#3669,#3670,#3671,#3672,
#3673));
#1317=EDGE_LOOP('',(#3674,#3675,#3676,#3677));
#1318=EDGE_LOOP('',(#3678,#3679,#3680,#3681,#3682,#3683,#3684,#3685));
#1319=EDGE_LOOP('',(#3686,#3687,#3688,#3689,#3690));
#1320=EDGE_LOOP('',(#3691,#3692,#3693,#3694,#3695,#3696));
#1321=EDGE_LOOP('',(#3697,#3698,#3699,#3700,#3701,#3702));
#1322=EDGE_LOOP('',(#3703,#3704,#3705,#3706));
#1323=EDGE_LOOP('',(#3707,#3708,#3709,#3710,#3711));
#1324=EDGE_LOOP('',(#3712,#3713,#3714,#3715));
#1325=EDGE_LOOP('',(#3716,#3717,#3718,#3719));
#1326=EDGE_LOOP('',(#3720,#3721,#3722,#3723,#3724,#3725));
#1327=EDGE_LOOP('',(#3726,#3727,#3728,#3729));
#1328=EDGE_LOOP('',(#3730,#3731,#3732,#3733));
#1329=EDGE_LOOP('',(#3734,#3735,#3736,#3737,#3738,#3739));
#1330=EDGE_LOOP('',(#3740,#3741,#3742,#3743));
#1331=EDGE_LOOP('',(#3744,#3745,#3746,#3747,#3748));
#1332=EDGE_LOOP('',(#3749,#3750,#3751,#3752));
#1333=EDGE_LOOP('',(#3753,#3754,#3755,#3756));
#1334=EDGE_LOOP('',(#3757,#3758,#3759,#3760,#3761,#3762,#3763));
#1335=EDGE_LOOP('',(#3764,#3765,#3766,#3767));
#1336=EDGE_LOOP('',(#3768,#3769,#3770,#3771,#3772,#3773,#3774,#3775));
#1337=EDGE_LOOP('',(#3776,#3777,#3778,#3779,#3780,#3781,#3782));
#1338=EDGE_LOOP('',(#3783,#3784,#3785,#3786,#3787,#3788,#3789));
#1339=EDGE_LOOP('',(#3790,#3791,#3792,#3793,#3794,#3795));
#1340=EDGE_LOOP('',(#3796,#3797,#3798,#3799,#3800,#3801,#3802));
#1341=EDGE_LOOP('',(#3803,#3804,#3805,#3806,#3807,#3808,#3809));
#1342=EDGE_LOOP('',(#3810,#3811,#3812,#3813));
#1343=EDGE_LOOP('',(#3814,#3815,#3816,#3817,#3818,#3819,#3820,#3821,#3822,
#3823,#3824,#3825,#3826,#3827,#3828,#3829,#3830,#3831,#3832,#3833,#3834,
#3835,#3836,#3837,#3838,#3839,#3840));
#1344=EDGE_LOOP('',(#3841,#3842,#3843,#3844));
#1345=EDGE_LOOP('',(#3845,#3846,#3847,#3848));
#1346=EDGE_LOOP('',(#3849,#3850,#3851,#3852));
#1347=EDGE_LOOP('',(#3853,#3854,#3855,#3856));
#1348=EDGE_LOOP('',(#3857,#3858,#3859,#3860,#3861,#3862));
#1349=EDGE_LOOP('',(#3863,#3864,#3865,#3866));
#1350=EDGE_LOOP('',(#3867,#3868,#3869,#3870));
#1351=EDGE_LOOP('',(#3871,#3872,#3873,#3874));
#1352=EDGE_LOOP('',(#3875,#3876,#3877,#3878));
#1353=EDGE_LOOP('',(#3879,#3880,#3881,#3882,#3883,#3884,#3885,#3886));
#1354=EDGE_LOOP('',(#3887,#3888,#3889,#3890,#3891,#3892,#3893,#3894));
#1355=EDGE_LOOP('',(#3895,#3896,#3897,#3898));
#1356=EDGE_LOOP('',(#3899,#3900,#3901,#3902,#3903));
#1357=EDGE_LOOP('',(#3904,#3905,#3906,#3907,#3908));
#1358=EDGE_LOOP('',(#3909,#3910,#3911,#3912,#3913,#3914));
#1359=EDGE_LOOP('',(#3915,#3916,#3917,#3918,#3919,#3920,#3921));
#1360=EDGE_LOOP('',(#3922,#3923,#3924,#3925));
#1361=EDGE_LOOP('',(#3926,#3927,#3928,#3929));
#1362=EDGE_LOOP('',(#3930,#3931,#3932,#3933,#3934,#3935));
#1363=EDGE_LOOP('',(#3936,#3937,#3938,#3939));
#1364=EDGE_LOOP('',(#3940,#3941,#3942,#3943));
#1365=EDGE_LOOP('',(#3944,#3945,#3946,#3947,#3948,#3949,#3950,#3951));
#1366=EDGE_LOOP('',(#3952,#3953,#3954));
#1367=EDGE_LOOP('',(#3955,#3956,#3957,#3958,#3959));
#1368=EDGE_LOOP('',(#3960,#3961,#3962,#3963,#3964,#3965,#3966,#3967,#3968,
#3969,#3970));
#1369=EDGE_LOOP('',(#3971,#3972,#3973,#3974));
#1370=EDGE_LOOP('',(#3975,#3976,#3977,#3978,#3979,#3980,#3981,#3982,#3983,
#3984));
#1371=EDGE_LOOP('',(#3985,#3986,#3987,#3988,#3989,#3990,#3991,#3992,#3993,
#3994,#3995,#3996,#3997,#3998));
#1372=EDGE_LOOP('',(#3999));
#1373=EDGE_LOOP('',(#4000));
#1374=EDGE_LOOP('',(#4001));
#1375=EDGE_LOOP('',(#4002));
#1376=EDGE_LOOP('',(#4003,#4004,#4005,#4006));
#1377=EDGE_LOOP('',(#4007,#4008,#4009,#4010));
#1378=EDGE_LOOP('',(#4011,#4012,#4013,#4014));
#1379=EDGE_LOOP('',(#4015,#4016,#4017,#4018));
#1380=EDGE_LOOP('',(#4019,#4020,#4021,#4022));
#1381=EDGE_LOOP('',(#4023,#4024,#4025,#4026,#4027));
#1382=EDGE_LOOP('',(#4028,#4029,#4030,#4031));
#1383=EDGE_LOOP('',(#4032,#4033,#4034,#4035));
#1384=EDGE_LOOP('',(#4036,#4037,#4038,#4039));
#1385=EDGE_LOOP('',(#4040,#4041,#4042,#4043,#4044));
#1386=EDGE_LOOP('',(#4045,#4046,#4047,#4048));
#1387=EDGE_LOOP('',(#4049,#4050,#4051,#4052));
#1388=EDGE_LOOP('',(#4053,#4054,#4055,#4056));
#1389=EDGE_LOOP('',(#4057,#4058,#4059,#4060));
#1390=EDGE_LOOP('',(#4061,#4062,#4063,#4064));
#1391=EDGE_LOOP('',(#4065,#4066,#4067,#4068));
#1392=EDGE_LOOP('',(#4069,#4070,#4071,#4072));
#1393=EDGE_LOOP('',(#4073,#4074,#4075,#4076));
#1394=EDGE_LOOP('',(#4077,#4078,#4079,#4080));
#1395=EDGE_LOOP('',(#4081,#4082,#4083,#4084));
#1396=EDGE_LOOP('',(#4085,#4086,#4087,#4088));
#1397=EDGE_LOOP('',(#4089,#4090,#4091,#4092));
#1398=EDGE_LOOP('',(#4093,#4094,#4095,#4096));
#1399=EDGE_LOOP('',(#4097,#4098,#4099,#4100));
#1400=EDGE_LOOP('',(#4101,#4102,#4103,#4104,#4105,#4106,#4107,#4108,#4109,
#4110,#4111,#4112,#4113,#4114,#4115,#4116,#4117,#4118,#4119,#4120,#4121,
#4122,#4123,#4124,#4125));
#1401=EDGE_LOOP('',(#4126,#4127,#4128,#4129));
#1402=EDGE_LOOP('',(#4130,#4131,#4132,#4133));
#1403=EDGE_LOOP('',(#4134,#4135,#4136,#4137));
#1404=EDGE_LOOP('',(#4138,#4139,#4140,#4141));
#1405=EDGE_LOOP('',(#4142,#4143,#4144,#4145));
#1406=EDGE_LOOP('',(#4146,#4147,#4148,#4149,#4150,#4151,#4152,#4153,#4154,
#4155));
#1407=EDGE_LOOP('',(#4156,#4157,#4158,#4159));
#1408=EDGE_LOOP('',(#4160,#4161,#4162,#4163));
#1409=EDGE_LOOP('',(#4164,#4165,#4166,#4167,#4168,#4169));
#1410=EDGE_LOOP('',(#4170,#4171,#4172,#4173,#4174,#4175,#4176,#4177,#4178,
#4179));
#1411=EDGE_LOOP('',(#4180,#4181,#4182,#4183,#4184,#4185));
#1412=EDGE_LOOP('',(#4186,#4187,#4188,#4189,#4190,#4191,#4192,#4193,#4194,
#4195,#4196,#4197));
#1413=EDGE_LOOP('',(#4198,#4199,#4200,#4201,#4202,#4203));
#1414=EDGE_LOOP('',(#4204,#4205,#4206,#4207));
#1415=EDGE_LOOP('',(#4208,#4209,#4210,#4211));
#1416=EDGE_LOOP('',(#4212,#4213,#4214,#4215));
#1417=EDGE_LOOP('',(#4216,#4217,#4218,#4219));
#1418=EDGE_LOOP('',(#4220,#4221,#4222,#4223));
#1419=EDGE_LOOP('',(#4224,#4225,#4226,#4227));
#1420=EDGE_LOOP('',(#4228,#4229,#4230,#4231));
#1421=EDGE_LOOP('',(#4232,#4233,#4234,#4235,#4236,#4237,#4238,#4239,#4240,
#4241,#4242,#4243));
#1422=EDGE_LOOP('',(#4244,#4245,#4246,#4247,#4248,#4249));
#1423=EDGE_LOOP('',(#4250,#4251,#4252,#4253,#4254,#4255,#4256,#4257,#4258,
#4259,#4260,#4261,#4262,#4263,#4264,#4265,#4266,#4267));
#1424=EDGE_LOOP('',(#4268,#4269,#4270,#4271));
#1425=EDGE_LOOP('',(#4272,#4273,#4274,#4275,#4276));
#1426=EDGE_LOOP('',(#4277,#4278,#4279,#4280,#4281,#4282,#4283,#4284,#4285,
#4286,#4287,#4288,#4289,#4290,#4291,#4292,#4293,#4294));
#1427=EDGE_LOOP('',(#4295,#4296,#4297,#4298,#4299));
#1428=EDGE_LOOP('',(#4300,#4301,#4302,#4303));
#1429=EDGE_LOOP('',(#4304,#4305,#4306,#4307,#4308,#4309,#4310));
#1430=EDGE_LOOP('',(#4311,#4312,#4313,#4314));
#1431=EDGE_LOOP('',(#4315,#4316,#4317,#4318));
#1432=EDGE_LOOP('',(#4319,#4320));
#1433=EDGE_LOOP('',(#4321,#4322,#4323,#4324,#4325,#4326,#4327,#4328));
#1434=EDGE_LOOP('',(#4329,#4330,#4331,#4332,#4333));
#1435=EDGE_LOOP('',(#4334,#4335,#4336,#4337,#4338,#4339,#4340,#4341,#4342,
#4343,#4344,#4345));
#1436=EDGE_LOOP('',(#4346,#4347,#4348,#4349,#4350));
#1437=EDGE_LOOP('',(#4351,#4352,#4353,#4354));
#1438=EDGE_LOOP('',(#4355,#4356,#4357,#4358));
#1439=EDGE_LOOP('',(#4359,#4360,#4361,#4362,#4363));
#1440=EDGE_LOOP('',(#4364,#4365,#4366,#4367));
#1441=EDGE_LOOP('',(#4368,#4369,#4370,#4371));
#1442=EDGE_LOOP('',(#4372,#4373,#4374,#4375,#4376,#4377));
#1443=EDGE_LOOP('',(#4378,#4379,#4380,#4381,#4382,#4383,#4384));
#1444=EDGE_LOOP('',(#4385,#4386));
#1445=EDGE_LOOP('',(#4387,#4388,#4389,#4390,#4391,#4392,#4393));
#1446=EDGE_LOOP('',(#4394,#4395));
#1447=EDGE_LOOP('',(#4396,#4397,#4398,#4399,#4400,#4401));
#1448=EDGE_LOOP('',(#4402,#4403,#4404,#4405,#4406));
#1449=EDGE_LOOP('',(#4407,#4408,#4409,#4410,#4411));
#1450=EDGE_LOOP('',(#4412,#4413,#4414,#4415));
#1451=EDGE_LOOP('',(#4416,#4417,#4418,#4419));
#1452=EDGE_LOOP('',(#4420,#4421,#4422,#4423));
#1453=EDGE_LOOP('',(#4424,#4425,#4426,#4427));
#1454=EDGE_LOOP('',(#4428,#4429,#4430,#4431,#4432,#4433));
#1455=EDGE_LOOP('',(#4434,#4435,#4436,#4437,#4438,#4439,#4440));
#1456=EDGE_LOOP('',(#4441,#4442));
#1457=EDGE_LOOP('',(#4443,#4444,#4445,#4446,#4447,#4448,#4449));
#1458=EDGE_LOOP('',(#4450,#4451));
#1459=EDGE_LOOP('',(#4452,#4453,#4454,#4455,#4456,#4457));
#1460=EDGE_LOOP('',(#4458,#4459,#4460,#4461,#4462));
#1461=EDGE_LOOP('',(#4463,#4464,#4465,#4466,#4467));
#1462=EDGE_LOOP('',(#4468,#4469,#4470,#4471,#4472));
#1463=EDGE_LOOP('',(#4473,#4474,#4475,#4476,#4477));
#1464=EDGE_LOOP('',(#4478,#4479,#4480));
#1465=EDGE_LOOP('',(#4481,#4482,#4483,#4484,#4485));
#1466=EDGE_LOOP('',(#4486,#4487,#4488,#4489,#4490));
#1467=EDGE_LOOP('',(#4491,#4492,#4493,#4494,#4495));
#1468=EDGE_LOOP('',(#4496,#4497,#4498,#4499,#4500));
#1469=EDGE_LOOP('',(#4501,#4502,#4503,#4504));
#1470=EDGE_LOOP('',(#4505,#4506,#4507,#4508,#4509,#4510,#4511,#4512));
#1471=EDGE_LOOP('',(#4513,#4514,#4515,#4516));
#1472=EDGE_LOOP('',(#4517,#4518,#4519,#4520));
#1473=EDGE_LOOP('',(#4521,#4522,#4523,#4524));
#1474=EDGE_LOOP('',(#4525,#4526,#4527,#4528,#4529));
#1475=EDGE_LOOP('',(#4530,#4531,#4532,#4533,#4534,#4535,#4536));
#1476=EDGE_LOOP('',(#4537,#4538,#4539,#4540));
#1477=EDGE_LOOP('',(#4541,#4542,#4543,#4544));
#1478=EDGE_LOOP('',(#4545,#4546,#4547,#4548,#4549,#4550,#4551,#4552,#4553,
#4554,#4555,#4556,#4557,#4558,#4559,#4560,#4561,#4562,#4563,#4564,#4565,
#4566,#4567,#4568,#4569,#4570,#4571,#4572));
#1479=EDGE_LOOP('',(#4573,#4574,#4575,#4576,#4577));
#1480=EDGE_LOOP('',(#4578,#4579,#4580,#4581,#4582));
#1481=EDGE_LOOP('',(#4583,#4584,#4585,#4586,#4587));
#1482=EDGE_LOOP('',(#4588,#4589,#4590,#4591,#4592));
#1483=EDGE_LOOP('',(#4593,#4594,#4595,#4596,#4597,#4598,#4599,#4600,#4601,
#4602));
#1484=EDGE_LOOP('',(#4603,#4604,#4605,#4606,#4607,#4608,#4609,#4610,#4611,
#4612,#4613,#4614));
#1485=EDGE_LOOP('',(#4615,#4616,#4617,#4618));
#1486=EDGE_LOOP('',(#4619,#4620,#4621,#4622,#4623,#4624,#4625,#4626));
#1487=EDGE_LOOP('',(#4627,#4628,#4629,#4630));
#1488=EDGE_LOOP('',(#4631,#4632,#4633,#4634,#4635,#4636,#4637));
#1489=EDGE_LOOP('',(#4638,#4639,#4640,#4641));
#1490=EDGE_LOOP('',(#4642,#4643,#4644,#4645));
#1491=EDGE_LOOP('',(#4646,#4647,#4648,#4649));
#1492=EDGE_LOOP('',(#4650,#4651,#4652,#4653,#4654,#4655));
#1493=EDGE_LOOP('',(#4656,#4657,#4658,#4659));
#1494=EDGE_LOOP('',(#4660,#4661,#4662,#4663));
#1495=EDGE_LOOP('',(#4664,#4665,#4666,#4667));
#1496=EDGE_LOOP('',(#4668,#4669,#4670,#4671,#4672));
#1497=EDGE_LOOP('',(#4673,#4674,#4675,#4676,#4677));
#1498=EDGE_LOOP('',(#4678,#4679,#4680));
#1499=EDGE_LOOP('',(#4681,#4682,#4683));
#1500=EDGE_LOOP('',(#4684,#4685,#4686,#4687,#4688,#4689));
#1501=EDGE_LOOP('',(#4690,#4691,#4692));
#1502=EDGE_LOOP('',(#4693,#4694,#4695));
#1503=EDGE_LOOP('',(#4696,#4697,#4698,#4699,#4700,#4701));
#1504=EDGE_LOOP('',(#4702,#4703,#4704));
#1505=EDGE_LOOP('',(#4705,#4706,#4707));
#1506=EDGE_LOOP('',(#4708,#4709,#4710,#4711,#4712,#4713,#4714));
#1507=EDGE_LOOP('',(#4715,#4716,#4717));
#1508=EDGE_LOOP('',(#4718,#4719,#4720));
#1509=EDGE_LOOP('',(#4721,#4722,#4723,#4724,#4725,#4726));
#1510=EDGE_LOOP('',(#4727,#4728,#4729));
#1511=EDGE_LOOP('',(#4730,#4731,#4732));
#1512=EDGE_LOOP('',(#4733,#4734,#4735,#4736,#4737,#4738));
#1513=EDGE_LOOP('',(#4739,#4740,#4741));
#1514=EDGE_LOOP('',(#4742,#4743,#4744));
#1515=EDGE_LOOP('',(#4745,#4746,#4747,#4748,#4749,#4750,#4751));
#1516=EDGE_LOOP('',(#4752,#4753,#4754,#4755,#4756,#4757,#4758,#4759,#4760,
#4761,#4762,#4763,#4764,#4765));
#1517=EDGE_LOOP('',(#4766));
#1518=EDGE_LOOP('',(#4767));
#1519=EDGE_LOOP('',(#4768));
#1520=EDGE_LOOP('',(#4769));
#1521=EDGE_LOOP('',(#4770,#4771,#4772,#4773));
#1522=EDGE_LOOP('',(#4774,#4775,#4776,#4777));
#1523=EDGE_LOOP('',(#4778,#4779,#4780,#4781));
#1524=EDGE_LOOP('',(#4782,#4783,#4784,#4785,#4786));
#1525=EDGE_LOOP('',(#4787,#4788,#4789,#4790,#4791));
#1526=EDGE_LOOP('',(#4792,#4793,#4794,#4795));
#1527=EDGE_LOOP('',(#4796,#4797,#4798,#4799));
#1528=EDGE_LOOP('',(#4800,#4801,#4802,#4803,#4804,#4805,#4806,#4807,#4808,
#4809));
#1529=EDGE_LOOP('',(#4810,#4811,#4812,#4813));
#1530=EDGE_LOOP('',(#4814,#4815,#4816,#4817));
#1531=EDGE_LOOP('',(#4818,#4819,#4820,#4821));
#1532=EDGE_LOOP('',(#4822,#4823,#4824,#4825,#4826,#4827,#4828,#4829));
#1533=EDGE_LOOP('',(#4830,#4831,#4832,#4833));
#1534=EDGE_LOOP('',(#4834,#4835,#4836,#4837,#4838,#4839,#4840,#4841,#4842,
#4843,#4844));
#1535=EDGE_LOOP('',(#4845));
#1536=EDGE_LOOP('',(#4846,#4847,#4848,#4849,#4850,#4851,#4852,#4853,#4854,
#4855,#4856));
#1537=EDGE_LOOP('',(#4857));
#1538=EDGE_LOOP('',(#4858,#4859,#4860,#4861));
#1539=EDGE_LOOP('',(#4862,#4863,#4864,#4865));
#1540=EDGE_LOOP('',(#4866,#4867,#4868,#4869));
#1541=EDGE_LOOP('',(#4870,#4871,#4872,#4873));
#1542=EDGE_LOOP('',(#4874,#4875,#4876,#4877));
#1543=EDGE_LOOP('',(#4878,#4879,#4880,#4881));
#1544=EDGE_LOOP('',(#4882,#4883,#4884,#4885));
#1545=EDGE_LOOP('',(#4886,#4887,#4888,#4889));
#1546=EDGE_LOOP('',(#4890,#4891,#4892,#4893));
#1547=EDGE_LOOP('',(#4894,#4895,#4896,#4897));
#1548=EDGE_LOOP('',(#4898,#4899,#4900,#4901));
#1549=EDGE_LOOP('',(#4902,#4903,#4904,#4905));
#1550=EDGE_LOOP('',(#4906,#4907,#4908,#4909));
#1551=B_SPLINE_CURVE_WITH_KNOTS('',3,(#6817,#6818,#6819,#6820),
 .UNSPECIFIED.,.F.,.F.,(4,4),(-0.0407607043871138,0.),.UNSPECIFIED.);
#1552=B_SPLINE_CURVE_WITH_KNOTS('',3,(#6823,#6824,#6825,#6826),
 .UNSPECIFIED.,.F.,.F.,(4,4),(0.,0.0407607043871138),.UNSPECIFIED.);
#1553=B_SPLINE_CURVE_WITH_KNOTS('',3,(#6866,#6867,#6868,#6869,#6870),
 .UNSPECIFIED.,.F.,.F.,(4,1,4),(0.0592535527714921,0.133283386463096,0.207313220154699),
 .UNSPECIFIED.);
#1554=B_SPLINE_CURVE_WITH_KNOTS('',3,(#6871,#6872,#6873,#6874,#6875),
 .UNSPECIFIED.,.F.,.F.,(4,1,4),(-0.207313220154699,-0.133283386463096,-0.0592535527714921),
 .UNSPECIFIED.);
#1555=B_SPLINE_CURVE_WITH_KNOTS('',3,(#6901,#6902,#6903,#6904,#6905,#6906,
#6907,#6908,#6909,#6910,#6911,#6912),.UNSPECIFIED.,.F.,.F.,(4,2,2,2,2,4),
(0.,0.0347327502261037,0.0723242414264826,0.111391856398308,0.132505152423993,
0.153099719979416),.UNSPECIFIED.);
#1556=B_SPLINE_CURVE_WITH_KNOTS('',3,(#6913,#6914,#6915,#6916),
 .UNSPECIFIED.,.F.,.F.,(4,4),(-0.0731431850755132,0.),.UNSPECIFIED.);
#1557=B_SPLINE_CURVE_WITH_KNOTS('',3,(#6942,#6943,#6944,#6945),
 .UNSPECIFIED.,.F.,.F.,(4,4),(-0.0592166741577104,0.),.UNSPECIFIED.);
#1558=B_SPLINE_CURVE_WITH_KNOTS('',3,(#6948,#6949,#6950,#6951),
 .UNSPECIFIED.,.F.,.F.,(4,4),(0.,0.0592166741577104),.UNSPECIFIED.);
#1559=B_SPLINE_CURVE_WITH_KNOTS('',3,(#6979,#6980,#6981,#6982),
 .UNSPECIFIED.,.F.,.F.,(4,4),(-0.0500266049959475,0.),.UNSPECIFIED.);
#1560=B_SPLINE_CURVE_WITH_KNOTS('',3,(#6983,#6984,#6985,#6986),
 .UNSPECIFIED.,.F.,.F.,(4,4),(0.,0.0500266049959475),.UNSPECIFIED.);
#1561=B_SPLINE_CURVE_WITH_KNOTS('',3,(#7013,#7014,#7015,#7016,#7017,#7018,
#7019,#7020,#7021,#7022,#7023,#7024,#7025,#7026),.UNSPECIFIED.,.F.,.F.,
(4,2,2,2,2,2,4),(0.,0.0459540143884311,0.0707242187111902,0.0913380419080157,
0.116057704634407,0.136628592757575,0.157927594483978),.UNSPECIFIED.);
#1562=B_SPLINE_CURVE_WITH_KNOTS('',3,(#7027,#7028,#7029,#7030),
 .UNSPECIFIED.,.F.,.F.,(4,4),(0.175918143047643,0.212648616822772),
 .UNSPECIFIED.);
#1563=B_SPLINE_CURVE_WITH_KNOTS('',3,(#7031,#7032,#7033,#7034),
 .UNSPECIFIED.,.F.,.F.,(4,4),(-0.212648616822772,-0.204362853445756),
 .UNSPECIFIED.);
#1564=B_SPLINE_CURVE_WITH_KNOTS('',3,(#7037,#7038,#7039,#7040,#7041,#7042,
#7043,#7044,#7045,#7046),.UNSPECIFIED.,.F.,.F.,(4,2,2,2,4),(-0.885524270980732,
-0.775002858561216,-0.585393851416893,-0.399076787595622,-0.376481405262791),
 .UNSPECIFIED.);
#1565=B_SPLINE_CURVE_WITH_KNOTS('',3,(#7048,#7049,#7050,#7051,#7052,#7053,
#7054,#7055,#7056,#7057,#7058,#7059,#7060,#7061,#7062,#7063),
 .UNSPECIFIED.,.F.,.F.,(4,2,2,2,2,2,2,4),(0.,0.00926987474626062,0.0197519524362431,
0.0342326464808492,0.0586190358043392,0.0956253106268371,0.119494104808133,
0.141568322804146),.UNSPECIFIED.);
#1566=B_SPLINE_CURVE_WITH_KNOTS('',3,(#7071,#7072,#7073,#7074,#7075,#7076,
#7077,#7078,#7079,#7080,#7081,#7082),.UNSPECIFIED.,.F.,.F.,(4,2,2,2,2,4),
(0.,0.0136638050799334,0.025386260534007,0.037033996530139,0.0508292049282809,
0.0695726358866653),.UNSPECIFIED.);
#1567=B_SPLINE_CURVE_WITH_KNOTS('',3,(#7084,#7085,#7086,#7087),
 .UNSPECIFIED.,.F.,.F.,(4,4),(0.0434158357882562,0.0709700464120681),
 .UNSPECIFIED.);
#1568=B_SPLINE_CURVE_WITH_KNOTS('',3,(#7089,#7090,#7091,#7092,#7093,#7094,
#7095,#7096,#7097,#7098),.UNSPECIFIED.,.F.,.F.,(4,3,3,4),(0.508919359202574,
0.585951993109731,0.60848186896632,0.617758281905873),.UNSPECIFIED.);
#1569=B_SPLINE_CURVE_WITH_KNOTS('',3,(#7131,#7132,#7133,#7134,#7135,#7136,
#7137,#7138,#7139,#7140,#7141,#7142,#7143,#7144,#7145,#7146,#7147,#7148,
#7149,#7150,#7151,#7152,#7153,#7154,#7155,#7156,#7157,#7158,#7159,#7160,
#7161,#7162,#7163,#7164),.UNSPECIFIED.,.F.,.F.,(4,3,3,3,3,3,3,3,3,3,3,4),
(-0.159150933127711,-0.14262507022271,-0.125002047323945,-0.109638182008309,
-0.107839574533263,-0.0888462674608382,-0.066794039385362,-0.0528472111399063,
-0.040451933969191,-0.035292939598361,-0.0189547832921589,-0.00884269023731597),
 .UNSPECIFIED.);
#1570=B_SPLINE_CURVE_WITH_KNOTS('',3,(#7166,#7167,#7168,#7169,#7170),
 .UNSPECIFIED.,.F.,.F.,(4,1,4),(-0.244482522712136,-0.163831032310879,6.58391607980548E-16),
 .UNSPECIFIED.);
#1571=B_SPLINE_CURVE_WITH_KNOTS('',3,(#7172,#7173,#7174,#7175,#7176,#7177,
#7178,#7179,#7180,#7181,#7182,#7183,#7184,#7185,#7186,#7187,#7188,#7189,
#7190,#7191,#7192,#7193,#7194,#7195,#7196,#7197,#7198,#7199,#7200,#7201,
#7202,#7203,#7204,#7205,#7206,#7207,#7208,#7209,#7210,#7211,#7212,#7213,
#7214,#7215,#7216,#7217),.UNSPECIFIED.,.F.,.F.,(4,3,3,3,3,3,3,3,3,3,3,3,
3,3,3,4),(-0.0913782934745425,-0.0909784150420118,-0.0827310715133487,-0.0744481003292623,
-0.0674137342491601,-0.0584270724486365,-0.0493461722903612,-0.0445192448161137,
-0.0438675065836463,-0.0344429921291022,-0.025391400884051,-0.0188218374238289,
-0.0123850554759947,-0.0115601889163433,-0.00452930060751216,0.),
 .UNSPECIFIED.);
#1572=B_SPLINE_CURVE_WITH_KNOTS('',3,(#7219,#7220,#7221,#7222,#7223,#7224),
 .UNSPECIFIED.,.F.,.F.,(4,1,1,4),(0.0726955024105938,0.163831032310879,
0.273051720518132,0.381672861489611),.UNSPECIFIED.);
#1573=B_SPLINE_CURVE_WITH_KNOTS('',3,(#7225,#7226,#7227,#7228,#7229,#7230,
#7231,#7232,#7233,#7234,#7235,#7236,#7237),.UNSPECIFIED.,.F.,.F.,(4,3,3,
3,4),(0.171774577056455,0.183835632105227,0.200097992103962,0.208186286878317,
0.216298161306821),.UNSPECIFIED.);
#1574=B_SPLINE_CURVE_WITH_KNOTS('',3,(#7259,#7260,#7261,#7262,#7263),
 .UNSPECIFIED.,.F.,.F.,(4,1,4),(-0.396677845689036,-0.230014849315341,-0.152237981746929),
 .UNSPECIFIED.);
#1575=B_SPLINE_CURVE_WITH_KNOTS('',3,(#7291,#7292,#7293,#7294,#7295),
 .UNSPECIFIED.,.F.,.F.,(4,1,4),(0.10501760203507,0.230014849315341,0.323940255694319),
 .UNSPECIFIED.);
#1576=B_SPLINE_CURVE_WITH_KNOTS('',3,(#7296,#7297,#7298,#7299,#7300,#7301,
#7302,#7303,#7304,#7305,#7306,#7307,#7308,#7309,#7310,#7311,#7312,#7313,
#7314,#7315,#7316,#7317,#7318,#7319,#7320,#7321,#7322,#7323,#7324,#7325,
#7326,#7327,#7328,#7329,#7330,#7331,#7332,#7333,#7334,#7335,#7336,#7337,
#7338,#7339,#7340,#7341),.UNSPECIFIED.,.F.,.F.,(4,3,3,3,3,3,3,3,3,3,3,3,
3,3,3,4),(-0.000541749229489373,0.,0.0111538461760428,0.0223598295895108,
0.0319515595096344,0.0441421604179534,0.0564637415641644,0.063000286924819,
0.063876904375051,0.0766794206302387,0.0889309633600187,0.0983069876494665,
0.107031635793806,0.107683011938914,0.117221703383343,0.123356447340073),
 .UNSPECIFIED.);
#1577=B_SPLINE_CURVE_WITH_KNOTS('',3,(#7344,#7345,#7346,#7347,#7348,#7349,
#7350,#7351,#7352,#7353,#7354),.UNSPECIFIED.,.F.,.F.,(4,1,1,1,1,1,1,1,4),
(-0.270824038065247,-0.251724179909123,-0.210914967330218,-0.170105754751314,
-0.129296542172409,-0.119094239027683,-0.108891935882957,-0.0884873295935049,
-0.075596451146865),.UNSPECIFIED.);
#1578=B_SPLINE_CURVE_WITH_KNOTS('',3,(#7355,#7356,#7357,#7358,#7359,#7360,
#7361,#7362,#7363,#7364,#7365,#7366,#7367,#7368,#7369,#7370,#7371),
 .UNSPECIFIED.,.F.,.F.,(4,1,1,1,1,1,1,1,1,1,1,1,1,1,4),(0.0656823302197136,
0.0657610528241617,0.0696293500491122,0.0773659444990133,0.0812342417239638,
0.0851025389489144,0.0889708361738649,0.0928391333988154,0.112180619523568,
0.12378551119842,0.131522105648321,0.139258700098222,0.154731888998024,
0.170205077897826,0.19421472442532),.UNSPECIFIED.);
#1579=B_SPLINE_CURVE_WITH_KNOTS('',3,(#7468,#7469,#7470,#7471,#7472,#7473,
#7474,#7475,#7476,#7477,#7478,#7479,#7480,#7481,#7482,#7483,#7484,#7485,
#7486,#7487,#7488,#7489,#7490,#7491,#7492,#7493,#7494,#7495,#7496,#7497,
#7498,#7499,#7500,#7501,#7502,#7503,#7504,#7505,#7506,#7507,#7508,#7509,
#7510,#7511,#7512,#7513),.UNSPECIFIED.,.F.,.F.,(4,3,3,3,3,3,3,3,3,3,3,3,
3,3,3,4),(-0.000348245865817922,0.,0.00866396973682684,0.0125248454796157,
0.0209967601624784,0.024936511422009,0.0335073923240811,0.0412397592819573,
0.0420782732261532,0.0454552579600431,0.0535751766108058,0.0614082722953386,
0.0642605128973049,0.0722722589166015,0.0799718293613974,0.0822829638498989),
 .UNSPECIFIED.);
#1580=B_SPLINE_CURVE_WITH_KNOTS('',3,(#7514,#7515,#7516,#7517,#7518,#7519,
#7520,#7521,#7522,#7523,#7524,#7525,#7526,#7527,#7528,#7529,#7530,#7531,
#7532),.UNSPECIFIED.,.F.,.F.,(4,1,1,1,1,1,1,1,1,1,1,1,1,1,1,1,4),(-0.216624644597232,
-0.170205077897826,-0.154731888998024,-0.139258700098222,-0.131522105648321,
-0.12378551119842,-0.112180619523568,-0.0928391333988154,-0.0889708361738649,
-0.0851025389489144,-0.0812342417239638,-0.0773659444990133,-0.0696293500491122,
-0.0657610528241617,-0.0618927555992112,-0.030946377799607,-2.7556087889539E-15),
 .UNSPECIFIED.);
#1581=B_SPLINE_CURVE_WITH_KNOTS('',3,(#7589,#7590,#7591,#7592,#7593,#7594,
#7595,#7596,#7597,#7598,#7599,#7600),.UNSPECIFIED.,.F.,.F.,(4,2,2,2,2,4),
(-0.070858374704587,-0.026708890273163,-0.0118119283685539,-0.00577782908039197,
-0.00251621025375821,0.),.UNSPECIFIED.);
#1582=B_SPLINE_CURVE_WITH_KNOTS('',3,(#7601,#7602,#7603,#7604,#7605,#7606,
#7607,#7608,#7609,#7610,#7611),.UNSPECIFIED.,.F.,.F.,(4,1,1,1,1,1,1,1,4),
(0.00686890443569599,0.0884873295935049,0.108891935882957,0.119094239027683,
0.129296542172409,0.170105754751314,0.210914967330218,0.251724179909123,
0.292533392488027),.UNSPECIFIED.);
#1583=B_SPLINE_CURVE_WITH_KNOTS('',3,(#7634,#7635,#7636,#7637,#7638,#7639,
#7640,#7641,#7642,#7643,#7644,#7645,#7646,#7647,#7648,#7649),
 .UNSPECIFIED.,.F.,.F.,(4,1,1,1,1,1,1,1,1,1,1,1,1,4),(-0.216619753095924,
-0.154728395068518,-0.139255555561666,-0.131519135808241,-0.123782716054815,
-0.121848611116459,-0.119914506178102,-0.116046296301389,-0.108309876547964,
-0.0928370370411121,-0.0851006172876864,-0.0773641975342606,-0.0618913580274092,
-3.46063612698118E-15),.UNSPECIFIED.);
#1584=B_SPLINE_CURVE_WITH_KNOTS('',3,(#7671,#7672,#7673,#7674,#7675,#7676),
 .UNSPECIFIED.,.F.,.F.,(4,2,4),(-0.100026604995948,-0.0750133024979738,
-0.0500000000000001),.UNSPECIFIED.);
#1585=B_SPLINE_CURVE_WITH_KNOTS('',3,(#7677,#7678,#7679,#7680,#7681,#7682,
#7683,#7684,#7685,#7686),.UNSPECIFIED.,.F.,.F.,(4,1,1,1,1,1,1,4),(-0.292537394418926,
-0.249865456611877,-0.207193518804828,-0.164521580997779,-0.12184964319073,
-0.100513674287206,-0.0365057675766322,-0.00691465676039018),
 .UNSPECIFIED.);
#1586=B_SPLINE_CURVE_WITH_KNOTS('',3,(#7739,#7740,#7741,#7742,#7743,#7744,
#7745,#7746,#7747,#7748,#7749,#7750,#7751,#7752,#7753,#7754,#7755,#7756,
#7757,#7758,#7759,#7760,#7761,#7762,#7763),.UNSPECIFIED.,.F.,.F.,(4,3,3,
3,3,3,3,3,4),(-0.0813921297638278,-0.0747372715247552,-0.0586311007667975,
-0.0403037064674288,-0.0334346044710987,-0.0222896910400601,-0.0156773508268282,
-0.00648449168704336,-0.00647905624911791),.UNSPECIFIED.);
#1587=B_SPLINE_CURVE_WITH_KNOTS('',3,(#7765,#7766,#7767,#7768,#7769,#7770,
#7771),.UNSPECIFIED.,.F.,.F.,(4,3,4),(0.,0.00534338182707084,0.00647929255987319),
 .UNSPECIFIED.);
#1588=B_SPLINE_CURVE_WITH_KNOTS('',3,(#7773,#7774,#7775,#7776,#7777,#7778,
#7779,#7780,#7781,#7782),.UNSPECIFIED.,.F.,.F.,(4,1,1,1,1,1,1,4),(-0.0061658542191444,
0.0365057675766322,0.100513674287206,0.12184964319073,0.164521580997779,
0.207193518804828,0.249865456611877,0.270828296788732),.UNSPECIFIED.);
#1589=B_SPLINE_CURVE_WITH_KNOTS('',3,(#7783,#7784,#7785,#7786,#7787,#7788,
#7789,#7790,#7791,#7792,#7793,#7794,#7795,#7796,#7797,#7798,#7799,#7800,
#7801,#7802,#7803,#7804,#7805,#7806,#7807,#7808,#7809,#7810,#7811,#7812,
#7813,#7814,#7815,#7816,#7817,#7818,#7819,#7820,#7821,#7822,#7823,#7824,
#7825,#7826,#7827,#7828),.UNSPECIFIED.,.F.,.F.,(4,3,3,3,3,3,3,3,3,3,3,3,
3,3,3,4),(-0.0823785252628534,-0.0820313715040221,-0.0734043584720468,-0.0695448918197079,
-0.0610759621487262,-0.0571712981233818,-0.0486265221207901,-0.0408950483719396,
-0.0400817461181983,-0.0367151917760586,-0.0286233934109324,-0.0208329677862694,
-0.0179673736824211,-0.0100479867619778,-0.00244074819775559,0.),
 .UNSPECIFIED.);
#1590=B_SPLINE_CURVE_WITH_KNOTS('',3,(#7829,#7830,#7831,#7832,#7833,#7834,
#7835,#7836,#7837,#7838,#7839,#7840),.UNSPECIFIED.,.F.,.F.,(4,2,2,2,2,4),
(-0.23057706917147,-0.226844961381857,-0.22289141998597,-0.213792159788818,
-0.190337522999636,-0.155285083936032),.UNSPECIFIED.);
#1591=B_SPLINE_CURVE_WITH_KNOTS('',3,(#7921,#7922,#7923,#7924,#7925,#7926,
#7927,#7928,#7929,#7930,#7931,#7932,#7933,#7934,#7935),.UNSPECIFIED.,.F.,
 .F.,(4,1,1,1,1,1,1,1,1,1,1,1,4),(0.0224047352786371,0.0618913580274092,
0.0773641975342606,0.0851006172876864,0.0928370370411121,0.108309876547964,
0.116046296301389,0.119914506178102,0.121848611116459,0.123782716054815,
0.131519135808241,0.139255555561666,0.150961128471821),.UNSPECIFIED.);
#1592=B_SPLINE_CURVE_WITH_KNOTS('',3,(#7937,#7938,#7939,#7940),
 .UNSPECIFIED.,.F.,.F.,(4,4),(-0.132507966277487,-0.0512049998512383),
 .UNSPECIFIED.);
#1593=B_SPLINE_CURVE_WITH_KNOTS('',3,(#7952,#7953,#7954,#7955,#7956,#7957,
#7958),.UNSPECIFIED.,.F.,.F.,(4,3,4),(0.251276238374105,0.295169782003187,
0.303728957556424),.UNSPECIFIED.);
#1594=B_SPLINE_CURVE_WITH_KNOTS('',3,(#7960,#7961,#7962,#7963),
 .UNSPECIFIED.,.F.,.F.,(4,4),(-0.438401831138232,-0.280693656750508),
 .UNSPECIFIED.);
#1595=B_SPLINE_CURVE_WITH_KNOTS('',3,(#7965,#7966,#7967,#7968),
 .UNSPECIFIED.,.F.,.F.,(4,4),(-0.365,-0.0499999999999996),.UNSPECIFIED.);
#1596=B_SPLINE_CURVE_WITH_KNOTS('',3,(#7970,#7971,#7972,#7973),
 .UNSPECIFIED.,.F.,.F.,(4,4),(-0.31461070726697,-0.296129525395214),
 .UNSPECIFIED.);
#1597=B_SPLINE_CURVE_WITH_KNOTS('',3,(#7975,#7976,#7977,#7978),
 .UNSPECIFIED.,.F.,.F.,(4,4),(-0.3,-0.0499999999999995),.UNSPECIFIED.);
#1598=B_SPLINE_CURVE_WITH_KNOTS('',3,(#7980,#7981,#7982,#7983,#7984,#7985,
#7986,#7987,#7988,#7989,#7990,#7991,#7992,#7993,#7994,#7995,#7996,#7997,
#7998,#7999,#8000,#8001,#8002,#8003,#8004,#8005,#8006,#8007,#8008,#8009,
#8010,#8011,#8012,#8013),.UNSPECIFIED.,.F.,.F.,(4,3,3,3,3,3,3,3,3,3,3,4),
(-0.264959966032691,-0.240989933926988,-0.217019901821256,-0.193049869715547,
-0.168918636001104,-0.144948603895405,-0.120978571789706,-0.0970085396840156,
-0.0727564047630117,-0.0487863726573111,-0.0243931863286556,0.),
 .UNSPECIFIED.);
#1599=B_SPLINE_CURVE_WITH_KNOTS('',3,(#8017,#8018,#8019,#8020,#8021),
 .UNSPECIFIED.,.F.,.F.,(4,1,4),(0.,0.180357002877927,0.420833006715164),
 .UNSPECIFIED.);
#1600=B_SPLINE_CURVE_WITH_KNOTS('',3,(#8022,#8023,#8024,#8025),
 .UNSPECIFIED.,.F.,.F.,(4,4),(-0.466242669848035,-2.34795591718407E-12),
 .UNSPECIFIED.);
#1601=B_SPLINE_CURVE_WITH_KNOTS('',3,(#8035,#8036,#8037,#8038,#8039,#8040,
#8041,#8042,#8043,#8044),.UNSPECIFIED.,.F.,.F.,(4,2,2,2,4),(-0.369084718779404,
-0.335902287947499,-0.283745394734241,-0.145960278228725,-0.0634386333698154),
 .UNSPECIFIED.);
#1602=B_SPLINE_CURVE_WITH_KNOTS('',3,(#8055,#8056,#8057,#8058),
 .UNSPECIFIED.,.F.,.F.,(4,4),(-0.210732452063092,-0.0502807602862483),
 .UNSPECIFIED.);
#1603=B_SPLINE_CURVE_WITH_KNOTS('',3,(#8061,#8062,#8063,#8064),
 .UNSPECIFIED.,.F.,.F.,(4,4),(-0.342863362387506,-0.145),.UNSPECIFIED.);
#1604=B_SPLINE_CURVE_WITH_KNOTS('',3,(#8077,#8078,#8079,#8080,#8081,#8082,
#8083,#8084,#8085,#8086,#8087,#8088,#8089,#8090,#8091,#8092,#8093,#8094,
#8095,#8096,#8097,#8098,#8099,#8100,#8101,#8102,#8103,#8104,#8105,#8106,
#8107,#8108,#8109,#8110,#8111,#8112,#8113,#8114,#8115,#8116,#8117,#8118,
#8119),.UNSPECIFIED.,.F.,.F.,(4,3,3,3,3,3,3,3,3,3,3,3,3,3,4),(-0.296419119516029,
-0.28133933862431,-0.27731982463655,-0.257843036524936,-0.23612103275772,
-0.216411793966913,-0.200724141702309,-0.185984466959694,-0.173144059443131,
-0.160663925379595,-0.147314044316654,-0.126746211814458,-0.111404110282296,
-0.0973326585547417,-0.0832612068271879),.UNSPECIFIED.);
#1605=B_SPLINE_CURVE_WITH_KNOTS('',3,(#8121,#8122,#8123,#8124),
 .UNSPECIFIED.,.F.,.F.,(4,4),(0.259788792852983,0.327095416131938),
 .UNSPECIFIED.);
#1606=B_SPLINE_CURVE_WITH_KNOTS('',3,(#8126,#8127,#8128,#8129),
 .UNSPECIFIED.,.F.,.F.,(4,4),(0.360000000000001,0.675),.UNSPECIFIED.);
#1607=B_SPLINE_CURVE_WITH_KNOTS('',3,(#8131,#8132,#8133,#8134),
 .UNSPECIFIED.,.F.,.F.,(4,4),(0.055387788795805,0.192973278711792),
 .UNSPECIFIED.);
#1608=B_SPLINE_CURVE_WITH_KNOTS('',3,(#8135,#8136,#8137,#8138,#8139,#8140,
#8141,#8142,#8143,#8144,#8145,#8146,#8147),.UNSPECIFIED.,.F.,.F.,(4,3,3,
3,4),(3.23758718973347E-5,0.0833837394023785,0.137604182632856,0.238783809493412,
0.264370710091463),.UNSPECIFIED.);
#1609=B_SPLINE_CURVE_WITH_KNOTS('',3,(#8178,#8179,#8180,#8181,#8182,#8183),
 .UNSPECIFIED.,.F.,.F.,(4,2,4),(-0.05,-0.025,0.),.UNSPECIFIED.);
#1610=B_SPLINE_CURVE_WITH_KNOTS('',3,(#8187,#8188,#8189,#8190,#8191,#8192),
 .UNSPECIFIED.,.F.,.F.,(4,2,4),(-0.05,-0.025,0.),.UNSPECIFIED.);
#1611=B_SPLINE_CURVE_WITH_KNOTS('',3,(#8195,#8196,#8197,#8198,#8199,#8200),
 .UNSPECIFIED.,.F.,.F.,(4,2,4),(1.04767887310773,1.12812057249269,1.18632477309933),
 .UNSPECIFIED.);
#1612=B_SPLINE_CURVE_WITH_KNOTS('',3,(#8202,#8203,#8204,#8205,#8206,#8207,
#8208),.UNSPECIFIED.,.F.,.F.,(4,3,4),(-0.0201627780106353,-0.00578854434859244,
0.),.UNSPECIFIED.);
#1613=B_SPLINE_CURVE_WITH_KNOTS('',3,(#8209,#8210,#8211,#8212,#8213,#8214),
 .UNSPECIFIED.,.F.,.F.,(4,2,4),(0.878972154797212,0.887474258663355,1.06903760272566),
 .UNSPECIFIED.);
#1614=B_SPLINE_CURVE_WITH_KNOTS('',3,(#8251,#8252,#8253,#8254,#8255,#8256,
#8257,#8258),.UNSPECIFIED.,.F.,.F.,(4,2,2,4),(0.192536989336151,0.200323733358354,
0.222814012376328,0.237582055504172),.UNSPECIFIED.);
#1615=B_SPLINE_CURVE_WITH_KNOTS('',3,(#8295,#8296,#8297,#8298,#8299),
 .UNSPECIFIED.,.F.,.F.,(4,1,4),(-0.871798833164568,-0.598283285928406,-0.398711516388677),
 .UNSPECIFIED.);
#1616=B_SPLINE_CURVE_WITH_KNOTS('',3,(#8303,#8304,#8305,#8306,#8307,#8308,
#8309,#8310,#8311),.UNSPECIFIED.,.F.,.F.,(4,1,1,1,1,1,4),(-0.80417187881104,
-0.689290181838034,-0.574408484865029,-0.459526787892023,-0.344645090919017,
-0.114881696973006,-1.31170823401631E-16),.UNSPECIFIED.);
#1617=B_SPLINE_CURVE_WITH_KNOTS('',3,(#8313,#8314,#8315,#8316),
 .UNSPECIFIED.,.F.,.F.,(4,4),(0.0188252514911766,0.0718370524636711),
 .UNSPECIFIED.);
#1618=B_SPLINE_CURVE_WITH_KNOTS('',3,(#8317,#8318,#8319,#8320),
 .UNSPECIFIED.,.F.,.F.,(4,4),(0.,0.0155301397598792),.UNSPECIFIED.);
#1619=B_SPLINE_CURVE_WITH_KNOTS('',3,(#8376,#8377,#8378,#8379,#8380,#8381,
#8382),.UNSPECIFIED.,.F.,.F.,(4,3,4),(0.,0.0314962828891472,0.0629925657782943),
 .UNSPECIFIED.);
#1620=B_SPLINE_CURVE_WITH_KNOTS('',3,(#8383,#8384,#8385,#8386,#8387,#8388,
#8389,#8390,#8391),.UNSPECIFIED.,.F.,.F.,(4,1,1,1,1,1,4),(1.31170823401631E-16,
0.114881696973006,0.344645090919017,0.459526787892023,0.574408484865029,
0.689290181838034,0.80417187881104),.UNSPECIFIED.);
#1621=B_SPLINE_CURVE_WITH_KNOTS('',3,(#8412,#8413,#8414,#8415,#8416,#8417,
#8418,#8419,#8420,#8421,#8422,#8423,#8424,#8425,#8426,#8427,#8428,#8429,
#8430,#8431,#8432,#8433,#8434,#8435,#8436,#8437,#8438,#8439,#8440,#8441,
#8442,#8443,#8444,#8445),.UNSPECIFIED.,.F.,.F.,(4,3,3,3,3,3,3,3,3,3,3,4),
(0.,0.00287336828943553,0.00591697989959155,0.00919173599985968,0.00957421847764572,
0.0140895359275347,0.0163723034598523,0.0209661356971651,0.0265997245120592,
0.0287956805664495,0.03309035258755,0.0366926167457807),.UNSPECIFIED.);
#1622=B_SPLINE_CURVE_WITH_KNOTS('',3,(#8476,#8477,#8478,#8479,#8480),
 .UNSPECIFIED.,.F.,.F.,(4,1,4),(0.414306812438481,0.598283285928406,0.871798833164568),
 .UNSPECIFIED.);
#1623=B_SPLINE_CURVE_WITH_KNOTS('',3,(#8481,#8482,#8483,#8484,#8485,#8486,
#8487),.UNSPECIFIED.,.F.,.F.,(4,3,4),(0.,0.0314962828891471,0.0629925657782941),
 .UNSPECIFIED.);
#1624=B_SPLINE_CURVE_WITH_KNOTS('',3,(#8498,#8499,#8500,#8501),
 .UNSPECIFIED.,.F.,.F.,(4,4),(0.05,0.62),.UNSPECIFIED.);
#1625=B_SPLINE_CURVE_WITH_KNOTS('',3,(#8503,#8504,#8505,#8506,#8507,#8508,
#8509,#8510,#8511,#8512,#8513,#8514,#8515,#8516,#8517,#8518,#8519,#8520,
#8521,#8522,#8523,#8524,#8525,#8526,#8527,#8528,#8529,#8530,#8531,#8532,
#8533,#8534,#8535,#8536,#8537,#8538,#8539,#8540,#8541,#8542,#8543,#8544,
#8545,#8546,#8547,#8548,#8549,#8550,#8551),.UNSPECIFIED.,.F.,.F.,(4,3,3,
3,3,3,3,3,3,3,3,3,3,3,3,3,4),(0.,0.0178490844061668,0.0359794826529821,
0.0540609174435431,0.0585098668598416,0.0766666775741643,0.0946522745454821,
0.101337769432802,0.117068228487062,0.135011352628473,0.153237405246215,
0.171446603617606,0.175722680493939,0.19390166608344,0.206060331806107,
0.224006869388629,0.236401386648984),.UNSPECIFIED.);
#1626=B_SPLINE_CURVE_WITH_KNOTS('',3,(#8555,#8556,#8557,#8558,#8559,#8560,
#8561,#8562,#8563,#8564),.UNSPECIFIED.,.F.,.F.,(4,2,2,2,4),(0.0338256645568085,
0.0593063535423244,0.10919976397664,0.194065627974347,0.319627544634833),
 .UNSPECIFIED.);
#1627=B_SPLINE_CURVE_WITH_KNOTS('',3,(#8589,#8590,#8591,#8592),
 .UNSPECIFIED.,.F.,.F.,(4,4),(0.403340928648865,0.646129920154642),
 .UNSPECIFIED.);
#1628=B_SPLINE_CURVE_WITH_KNOTS('',3,(#8594,#8595,#8596,#8597,#8598,#8599,
#8600,#8601,#8602,#8603),.UNSPECIFIED.,.F.,.F.,(4,3,3,4),(0.403278260148442,
0.574990845740387,0.610560382947514,0.646129920154642),.UNSPECIFIED.);
#1629=B_SPLINE_CURVE_WITH_KNOTS('',3,(#8607,#8608,#8609,#8610),
 .UNSPECIFIED.,.F.,.F.,(4,4),(6.68096640095864E-16,0.0230915750839821),
 .UNSPECIFIED.);
#1630=B_SPLINE_CURVE_WITH_KNOTS('',3,(#8658,#8659,#8660,#8661,#8662),
 .UNSPECIFIED.,.F.,.F.,(4,1,4),(-0.420833006715164,-0.180357002877927,0.),
 .UNSPECIFIED.);
#1631=B_SPLINE_CURVE_WITH_KNOTS('',3,(#8664,#8665,#8666,#8667,#8668,#8669,
#8670,#8671,#8672,#8673),.UNSPECIFIED.,.F.,.F.,(4,3,3,4),(-0.420833006715164,
-0.315624755036373,-0.210416503357582,0.),.UNSPECIFIED.);
#1632=B_SPLINE_CURVE_WITH_KNOTS('',3,(#8683,#8684,#8685,#8686),
 .UNSPECIFIED.,.F.,.F.,(4,4),(2.34795591718407E-12,0.213432565972768),
 .UNSPECIFIED.);
#1633=B_SPLINE_CURVE_WITH_KNOTS('',3,(#8688,#8689,#8690,#8691),
 .UNSPECIFIED.,.F.,.F.,(4,4),(2.34795591718407E-12,0.213462155283682),
 .UNSPECIFIED.);
#1634=B_SPLINE_CURVE_WITH_KNOTS('',3,(#8739,#8740,#8741,#8742),
 .UNSPECIFIED.,.F.,.F.,(4,4),(0.,0.701382199641503),.UNSPECIFIED.);
#1635=B_SPLINE_CURVE_WITH_KNOTS('',3,(#8758,#8759,#8760,#8761),
 .UNSPECIFIED.,.F.,.F.,(4,4),(0.953752537553093,1.45611359795466),
 .UNSPECIFIED.);
#1636=B_SPLINE_CURVE_WITH_KNOTS('',3,(#8763,#8764,#8765,#8766,#8767),
 .UNSPECIFIED.,.F.,.F.,(4,1,4),(0.501597654798076,0.744582930854103,0.953752537553093),
 .UNSPECIFIED.);
#1637=B_SPLINE_CURVE_WITH_KNOTS('',3,(#8778,#8779,#8780,#8781,#8782,#8783,
#8784),.UNSPECIFIED.,.F.,.F.,(4,3,4),(0.0114266742620349,0.0164118998508912,
0.0334982343851029),.UNSPECIFIED.);
#1638=B_SPLINE_CURVE_WITH_KNOTS('',3,(#8786,#8787,#8788,#8789,#8790,#8791,
#8792),.UNSPECIFIED.,.F.,.F.,(4,3,4),(0.,0.017289432920427,0.0348781468581485),
 .UNSPECIFIED.);
#1639=B_SPLINE_CURVE_WITH_KNOTS('',3,(#8794,#8795,#8796,#8797,#8798,#8799,
#8800),.UNSPECIFIED.,.F.,.F.,(4,3,4),(0.,0.0218958294827589,0.0430902103971483),
 .UNSPECIFIED.);
#1640=B_SPLINE_CURVE_WITH_KNOTS('',3,(#8802,#8803,#8804,#8805,#8806,#8807,
#8808),.UNSPECIFIED.,.F.,.F.,(4,3,4),(0.,0.0257315087020027,0.0571467501571096),
 .UNSPECIFIED.);
#1641=B_SPLINE_CURVE_WITH_KNOTS('',3,(#8810,#8811,#8812,#8813,#8814,#8815,
#8816),.UNSPECIFIED.,.F.,.F.,(4,3,4),(0.,0.0114504453954543,0.0205353373408043),
 .UNSPECIFIED.);
#1642=B_SPLINE_CURVE_WITH_KNOTS('',3,(#8818,#8819,#8820,#8821,#8822,#8823,
#8824),.UNSPECIFIED.,.F.,.F.,(4,3,4),(0.,0.0190094154459324,0.0391848947341228),
 .UNSPECIFIED.);
#1643=B_SPLINE_CURVE_WITH_KNOTS('',3,(#8826,#8827,#8828,#8829),
 .UNSPECIFIED.,.F.,.F.,(4,4),(0.0391848947341228,0.039931827732541),
 .UNSPECIFIED.);
#1644=B_SPLINE_CURVE_WITH_KNOTS('',3,(#8837,#8838,#8839,#8840),
 .UNSPECIFIED.,.F.,.F.,(4,4),(0.,0.0171926109722292),.UNSPECIFIED.);
#1645=B_SPLINE_CURVE_WITH_KNOTS('',3,(#8842,#8843,#8844,#8845,#8846,#8847,
#8848),.UNSPECIFIED.,.F.,.F.,(4,3,4),(0.0171926109722292,0.0205988528465906,
0.036563472954243),.UNSPECIFIED.);
#1646=B_SPLINE_CURVE_WITH_KNOTS('',3,(#8850,#8851,#8852,#8853,#8854,#8855,
#8856),.UNSPECIFIED.,.F.,.F.,(4,3,4),(0.,0.0118073724671753,0.0208041397737884),
 .UNSPECIFIED.);
#1647=B_SPLINE_CURVE_WITH_KNOTS('',3,(#8858,#8859,#8860,#8861,#8862,#8863,
#8864),.UNSPECIFIED.,.F.,.F.,(4,3,4),(0.,0.00734644451104436,0.0142906137156714),
 .UNSPECIFIED.);
#1648=B_SPLINE_CURVE_WITH_KNOTS('',3,(#8866,#8867,#8868,#8869,#8870,#8871,
#8872),.UNSPECIFIED.,.F.,.F.,(4,3,4),(0.,0.0071732255409571,0.0177365924300269),
 .UNSPECIFIED.);
#1649=B_SPLINE_CURVE_WITH_KNOTS('',3,(#8913,#8914,#8915,#8916),
 .UNSPECIFIED.,.F.,.F.,(4,4),(-0.709823943461085,0.),.UNSPECIFIED.);
#1650=B_SPLINE_CURVE_WITH_KNOTS('',3,(#8927,#8928,#8929,#8930,#8931),
 .UNSPECIFIED.,.F.,.F.,(4,1,4),(-1.45611359795466,-0.890666284590774,-0.746388723722331),
 .UNSPECIFIED.);
#1651=B_SPLINE_CURVE_WITH_KNOTS('',3,(#8935,#8936,#8937,#8938),
 .UNSPECIFIED.,.F.,.F.,(4,4),(-1.62188465865131,-1.26908384824076),
 .UNSPECIFIED.);
#1652=B_SPLINE_CURVE_WITH_KNOTS('',3,(#8940,#8941,#8942,#8943),
 .UNSPECIFIED.,.F.,.F.,(4,4),(-0.13,-0.05),.UNSPECIFIED.);
#1653=B_SPLINE_CURVE_WITH_KNOTS('',3,(#8945,#8946,#8947,#8948),
 .UNSPECIFIED.,.F.,.F.,(4,4),(-0.388748543051063,0.),.UNSPECIFIED.);
#1654=B_SPLINE_CURVE_WITH_KNOTS('',3,(#8976,#8977,#8978,#8979,#8980,#8981,
#8982),.UNSPECIFIED.,.F.,.F.,(4,3,4),(0.,0.0237239217909227,0.04637009038187),
 .UNSPECIFIED.);
#1655=B_SPLINE_CURVE_WITH_KNOTS('',3,(#8984,#8985,#8986,#8987,#8988),
 .UNSPECIFIED.,.F.,.F.,(4,1,4),(0.501576328821624,0.890666284590774,1.45611359795466),
 .UNSPECIFIED.);
#1656=B_SPLINE_CURVE_WITH_KNOTS('',3,(#8992,#8993,#8994,#8995,#8996,#8997,
#8998,#8999,#9000,#9001,#9002,#9003,#9004,#9005,#9006,#9007),
 .UNSPECIFIED.,.F.,.F.,(4,2,2,2,2,2,2,4),(0.,0.118443526253735,0.262404900932986,
0.365232630302864,0.43652954004954,0.479536141948513,0.502740315830805,
0.527474460957991),.UNSPECIFIED.);
#1657=B_SPLINE_CURVE_WITH_KNOTS('',3,(#9009,#9010,#9011,#9012,#9013,#9014,
#9015,#9016,#9017,#9018,#9019,#9020),.UNSPECIFIED.,.F.,.F.,(4,2,2,2,2,4),
(-0.88843998618092,-0.835963329661573,-0.722342088640766,-0.603211656317653,
-0.435341511750185,-0.36594118305595),.UNSPECIFIED.);
#1658=B_SPLINE_CURVE_WITH_KNOTS('',3,(#9041,#9042,#9043,#9044),
 .UNSPECIFIED.,.F.,.F.,(4,4),(-0.0155423514235503,0.),.UNSPECIFIED.);
#1659=B_SPLINE_CURVE_WITH_KNOTS('',3,(#9051,#9052,#9053,#9054),
 .UNSPECIFIED.,.F.,.F.,(4,4),(-0.669514447012074,-0.435),.UNSPECIFIED.);
#1660=B_SPLINE_CURVE_WITH_KNOTS('',3,(#9125,#9126,#9127,#9128),
 .UNSPECIFIED.,.F.,.F.,(4,4),(-0.162749043009053,-0.0716492311502376),
 .UNSPECIFIED.);
#1661=B_SPLINE_CURVE_WITH_KNOTS('',3,(#9130,#9131,#9132,#9133,#9134,#9135,
#9136),.UNSPECIFIED.,.F.,.F.,(4,3,4),(-0.509404262973511,-0.291088150270577,
0.),.UNSPECIFIED.);
#1662=B_SPLINE_CURVE_WITH_KNOTS('',3,(#9187,#9188,#9189,#9190),
 .UNSPECIFIED.,.F.,.F.,(4,4),(-0.50763325155078,-0.216148095163921),
 .UNSPECIFIED.);
#1663=B_SPLINE_CURVE_WITH_KNOTS('',3,(#9192,#9193,#9194,#9195,#9196,#9197,
#9198,#9199,#9200,#9201,#9202,#9203,#9204,#9205,#9206,#9207,#9208,#9209,
#9210),.UNSPECIFIED.,.F.,.F.,(4,3,3,3,3,3,4),(-0.238357506023469,-0.220527431049134,
-0.20239933042288,-0.184264904458609,-0.182155776678144,-0.164088889956859,
-0.159738158596352),.UNSPECIFIED.);
#1664=B_SPLINE_CURVE_WITH_KNOTS('',3,(#9212,#9213,#9214,#9215,#9216,#9217,
#9218,#9219,#9220,#9221,#9222,#9223,#9224,#9225),.UNSPECIFIED.,.F.,.F.,
(4,2,2,2,2,2,4),(0.112866187727918,0.233464143386079,0.321186474878971,
0.36864166219099,0.389842456906105,0.399652924952576,0.409397409559288),
 .UNSPECIFIED.);
#1665=B_SPLINE_CURVE_WITH_KNOTS('',3,(#9227,#9228,#9229,#9230),
 .UNSPECIFIED.,.F.,.F.,(4,4),(0.381340301622791,0.594784631152511),
 .UNSPECIFIED.);
#1666=B_SPLINE_CURVE_WITH_KNOTS('',3,(#9243,#9244,#9245,#9246),
 .UNSPECIFIED.,.F.,.F.,(4,4),(-0.570935948241343,-0.517318053743675),
 .UNSPECIFIED.);
#1667=B_SPLINE_CURVE_WITH_KNOTS('',3,(#9248,#9249,#9250,#9251),
 .UNSPECIFIED.,.F.,.F.,(4,4),(-0.88,-0.445),.UNSPECIFIED.);
#1668=B_SPLINE_CURVE_WITH_KNOTS('',3,(#9253,#9254,#9255,#9256),
 .UNSPECIFIED.,.F.,.F.,(4,4),(-0.211349060602298,-0.0516691671317169),
 .UNSPECIFIED.);
#1669=B_SPLINE_CURVE_WITH_KNOTS('',3,(#9257,#9258,#9259,#9260,#9261,#9262,
#9263,#9264,#9265,#9266,#9267,#9268,#9269,#9270,#9271,#9272,#9273,#9274,
#9275,#9276,#9277,#9278,#9279,#9280,#9281),.UNSPECIFIED.,.F.,.F.,(4,3,3,
3,3,3,3,3,4),(0.,0.0630760414819,0.129236197937627,0.200584523922095,0.278765288165008,
0.34655405831844,0.461647563588664,0.585621400759698,0.705240844243885),
 .UNSPECIFIED.);
#1670=B_SPLINE_CURVE_WITH_KNOTS('',3,(#9319,#9320,#9321,#9322),
 .UNSPECIFIED.,.F.,.F.,(4,4),(-0.515369201274323,0.),.UNSPECIFIED.);
#1671=B_SPLINE_CURVE_WITH_KNOTS('',3,(#9343,#9344,#9345,#9346),
 .UNSPECIFIED.,.F.,.F.,(4,4),(0.,0.116696039243316),.UNSPECIFIED.);
#1672=B_SPLINE_CURVE_WITH_KNOTS('',3,(#9442,#9443,#9444,#9445,#9446,#9447,
#9448,#9449,#9450,#9451,#9452,#9453,#9454,#9455,#9456,#9457,#9458,#9459,
#9460,#9461,#9462,#9463,#9464,#9465,#9466,#9467,#9468,#9469,#9470,#9471,
#9472,#9473,#9474,#9475),.UNSPECIFIED.,.F.,.F.,(4,3,3,3,3,3,3,3,3,3,3,4),
(0.,0.00726077739519793,0.0147941420496249,0.0223812997935073,0.0242575787350484,
0.0314458762127715,0.0391271729664324,0.0396605739337735,0.0450221717909762,
0.0469754129112266,0.0519547592537734,0.0536682208099533),.UNSPECIFIED.);
#1673=B_SPLINE_CURVE_WITH_KNOTS('',3,(#9477,#9478,#9479,#9480),
 .UNSPECIFIED.,.F.,.F.,(4,4),(-0.29088054624617,-0.224618756973792),
 .UNSPECIFIED.);
#1674=B_SPLINE_CURVE_WITH_KNOTS('',3,(#9482,#9483,#9484,#9485,#9486,#9487,
#9488),.UNSPECIFIED.,.F.,.F.,(4,3,4),(0.,0.0194331727933548,0.0340080523883709),
 .UNSPECIFIED.);
#1675=B_SPLINE_CURVE_WITH_KNOTS('',3,(#9489,#9490,#9491,#9492),
 .UNSPECIFIED.,.F.,.F.,(4,4),(0.224618756973792,0.259211938125328),
 .UNSPECIFIED.);
#1676=B_SPLINE_CURVE_WITH_KNOTS('',3,(#9499,#9500,#9501,#9502),
 .UNSPECIFIED.,.F.,.F.,(4,4),(0.520229974711987,0.592945384924141),
 .UNSPECIFIED.);
#1677=B_SPLINE_CURVE_WITH_KNOTS('',3,(#9506,#9507,#9508,#9509),
 .UNSPECIFIED.,.F.,.F.,(4,4),(0.,0.26784919422443),.UNSPECIFIED.);
#1678=B_SPLINE_CURVE_WITH_KNOTS('',3,(#9514,#9515,#9516,#9517),
 .UNSPECIFIED.,.F.,.F.,(4,4),(-0.273440858627562,-0.247511152909804),
 .UNSPECIFIED.);
#1679=B_SPLINE_CURVE_WITH_KNOTS('',3,(#9518,#9519,#9520,#9521,#9522,#9523,
#9524,#9525,#9526,#9527,#9528,#9529,#9530,#9531,#9532,#9533,#9534,#9535,
#9536,#9537,#9538,#9539,#9540,#9541,#9542,#9543,#9544,#9545,#9546,#9547,
#9548,#9549,#9550,#9551),.UNSPECIFIED.,.F.,.F.,(4,3,3,3,3,3,3,3,3,3,3,4),
(-0.196920055212205,-0.186255646705452,-0.174993699436797,-0.163092957219745,
-0.150508294749593,-0.136816582741846,-0.122357487321038,-0.107074460537251,
-0.090452103971246,-0.0729609967657467,-0.0541518728528723,-0.0513344371166611),
 .UNSPECIFIED.);
#1680=B_SPLINE_CURVE_WITH_KNOTS('',3,(#9558,#9559,#9560,#9561),
 .UNSPECIFIED.,.F.,.F.,(4,4),(0.00430849476829409,0.402715279330934),
 .UNSPECIFIED.);
#1681=B_SPLINE_CURVE_WITH_KNOTS('',3,(#9585,#9586,#9587,#9588,#9589,#9590,
#9591,#9592,#9593,#9594,#9595,#9596,#9597,#9598,#9599,#9600,#9601,#9602,
#9603,#9604,#9605,#9606,#9607,#9608,#9609,#9610,#9611,#9612),
 .UNSPECIFIED.,.T.,.F.,(4,1,2,2,2,2,1,1,1,1,1,1,1,1,1,1,1,1,2,1,4),(-0.459523902593544,
-0.432941420632775,-0.406358938672006,-0.375158430806461,-0.343957922940915,
-0.313567144102099,-0.281634413942126,-0.249701683782153,-0.233735318702166,
-0.217768953622179,-0.209785771082186,-0.201802588542193,-0.193819406002199,
-0.185836223462206,-0.153903493302233,-0.12197076314226,-0.113987580602266,
-0.106004398062273,-0.058105302822313,-0.0290526514111565,0.),
 .UNSPECIFIED.);
#1682=B_SPLINE_CURVE_WITH_KNOTS('',3,(#9614,#9615,#9616,#9617,#9618,#9619,
#9620,#9621,#9622,#9623,#9624,#9625,#9626,#9627,#9628,#9629,#9630,#9631,
#9632),.UNSPECIFIED.,.T.,.F.,(4,1,1,1,1,1,1,1,1,1,1,1,1,1,1,1,4),(-0.421663174792758,
-0.376484977493534,-0.361425578393793,-0.308717681544698,-0.301187981994827,
-0.278598883345215,-0.256009784695603,-0.240950385595862,-0.214596437171314,
-0.180712789196896,-0.173183089647026,-0.165653390097155,-0.120475192797931,
-0.0903563945984482,-0.0602375963989655,-0.0301187981994827,0.),
 .UNSPECIFIED.);
#1683=B_SPLINE_CURVE_WITH_KNOTS('',3,(#9634,#9635,#9636,#9637,#9638,#9639,
#9640,#9641,#9642,#9643,#9644,#9645,#9646,#9647,#9648,#9649,#9650,#9651),
 .UNSPECIFIED.,.T.,.F.,(4,1,1,1,1,1,1,1,1,1,1,1,1,1,1,4),(-0.421625623593305,
-0.399038536615092,-0.376451449636879,-0.361393391651404,-0.331277275680454,
-0.308690188702241,-0.304925674205872,-0.301161159709503,-0.240928927767603,
-0.180696695825702,-0.165638637840227,-0.120464463883801,-0.090348347912851,
-0.0602322319419007,-0.0301161159709503,0.),.UNSPECIFIED.);
#1684=B_SPLINE_CURVE_WITH_KNOTS('',3,(#9653,#9654,#9655,#9656,#9657,#9658,
#9659,#9660,#9661,#9662,#9663,#9664,#9665,#9666,#9667,#9668,#9669),
 .UNSPECIFIED.,.T.,.F.,(4,1,1,1,1,1,1,1,1,1,1,1,1,1,4),(-0.42297519445258,
-0.39276268056311,-0.36255016667364,-0.3021251388947,-0.287018881949965,
-0.27191262500523,-0.256806368060495,-0.24170011111576,-0.18127508333682,
-0.166168826392085,-0.12085005555788,-0.09063754166841,-0.06042502777894,
-0.03021251388947,0.),.UNSPECIFIED.);
#1685=B_SPLINE_CURVE_WITH_KNOTS('',3,(#9683,#9684,#9685,#9686,#9687,#9688,
#9689),.UNSPECIFIED.,.F.,.F.,(4,3,4),(0.,0.0111951286088918,0.0217773662013848),
 .UNSPECIFIED.);
#1686=B_SPLINE_CURVE_WITH_KNOTS('',3,(#9693,#9694,#9695,#9696,#9697),
 .UNSPECIFIED.,.F.,.F.,(4,1,4),(0.,0.0109951779365357,0.0213884114009322),
 .UNSPECIFIED.);
#1687=B_SPLINE_CURVE_WITH_KNOTS('',3,(#9710,#9711,#9712,#9713,#9714,#9715,
#9716),.UNSPECIFIED.,.F.,.F.,(4,3,4),(0.,0.0103261957003203,0.0205773028096159),
 .UNSPECIFIED.);
#1688=B_SPLINE_CURVE_WITH_KNOTS('',3,(#9718,#9719,#9720,#9721,#9722),
 .UNSPECIFIED.,.F.,.F.,(4,1,4),(0.,0.0101912988268736,0.0203084899870101),
 .UNSPECIFIED.);
#1689=B_SPLINE_CURVE_WITH_KNOTS('',3,(#9735,#9736,#9737,#9738,#9739,#9740,
#9741),.UNSPECIFIED.,.F.,.F.,(4,3,4),(0.,0.014576408721887,0.0289060858863537),
 .UNSPECIFIED.);
#1690=B_SPLINE_CURVE_WITH_KNOTS('',3,(#9743,#9744,#9745,#9746,#9747),
 .UNSPECIFIED.,.F.,.F.,(4,1,4),(0.,0.0141520728118623,0.0280645967038077),
 .UNSPECIFIED.);
#1691=B_SPLINE_CURVE_WITH_KNOTS('',3,(#9759,#9760,#9761,#9762),
 .UNSPECIFIED.,.F.,.F.,(4,4),(0.,0.00646791390364356),.UNSPECIFIED.);
#1692=B_SPLINE_CURVE_WITH_KNOTS('',3,(#9763,#9764,#9765,#9766),
 .UNSPECIFIED.,.F.,.F.,(4,4),(0.,0.00593988199642652),.UNSPECIFIED.);
#1693=B_SPLINE_CURVE_WITH_KNOTS('',3,(#9780,#9781,#9782,#9783,#9784),
 .UNSPECIFIED.,.F.,.F.,(4,1,4),(0.,0.0176680068229121,0.0371155029288273),
 .UNSPECIFIED.);
#1694=B_SPLINE_CURVE_WITH_KNOTS('',3,(#9809,#9810,#9811,#9812,#9813),
 .UNSPECIFIED.,.F.,.F.,(4,1,4),(0.,0.0204965416556565,0.0360104153798359),
 .UNSPECIFIED.);
#1695=B_SPLINE_CURVE_WITH_KNOTS('',3,(#9826,#9827,#9828,#9829,#9830),
 .UNSPECIFIED.,.F.,.F.,(4,1,4),(0.,0.0115873308990758,0.0204164349265406),
 .UNSPECIFIED.);
#1696=B_SPLINE_CURVE_WITH_KNOTS('',3,(#9843,#9844,#9845,#9846,#9847),
 .UNSPECIFIED.,.F.,.F.,(4,1,4),(0.,0.00730821812297609,0.0142162541333172),
 .UNSPECIFIED.);
#1697=B_SPLINE_CURVE_WITH_KNOTS('',3,(#9860,#9861,#9862,#9863,#9864),
 .UNSPECIFIED.,.F.,.F.,(4,1,4),(0.,0.00641833468802681,0.0158700414187515),
 .UNSPECIFIED.);
#1698=B_SPLINE_CURVE_WITH_KNOTS('',3,(#9881,#9882,#9883,#9884,#9885,#9886,
#9887),.UNSPECIFIED.,.F.,.F.,(4,3,4),(0.,0.0177029263329051,0.0314008611727877),
 .UNSPECIFIED.);
#1699=B_SPLINE_CURVE_WITH_KNOTS('',3,(#9890,#9891,#9892,#9893,#9894),
 .UNSPECIFIED.,.F.,.F.,(4,1,4),(0.,0.0173876115183272,0.0308415662555469),
 .UNSPECIFIED.);
#1700=B_SPLINE_CURVE_WITH_KNOTS('',3,(#9914,#9915,#9916,#9917,#9918),
 .UNSPECIFIED.,.F.,.F.,(4,1,4),(0.,0.0112903458413973,0.0202482132825578),
 .UNSPECIFIED.);
#1701=B_SPLINE_CURVE_WITH_KNOTS('',3,(#9931,#9932,#9933,#9934,#9935),
 .UNSPECIFIED.,.F.,.F.,(4,1,4),(0.,0.022772755702144,0.0505756967292799),
 .UNSPECIFIED.);
#1702=B_SPLINE_CURVE_WITH_KNOTS('',3,(#9948,#9949,#9950,#9951,#9952),
 .UNSPECIFIED.,.F.,.F.,(4,1,4),(0.,0.0213795072194667,0.0420741066238013),
 .UNSPECIFIED.);
#1703=B_SPLINE_CURVE_WITH_KNOTS('',3,(#9965,#9966,#9967,#9968,#9969),
 .UNSPECIFIED.,.F.,.F.,(4,1,4),(0.,0.0168110492330266,0.0339130986358913),
 .UNSPECIFIED.);
#1704=B_SPLINE_CURVE_WITH_KNOTS('',3,(#9980,#9981,#9982,#9983,#9984),
 .UNSPECIFIED.,.F.,.F.,(4,1,4),(0.0109053580858065,0.0156415787698193,0.0318744752689311),
 .UNSPECIFIED.);
#1705=B_SPLINE_CURVE_WITH_KNOTS('',3,(#10024,#10025,#10026,#10027,#10028),
 .UNSPECIFIED.,.F.,.F.,(4,1,4),(-0.420833006712806,-0.180357002876917,0.),
 .UNSPECIFIED.);
#1706=B_SPLINE_CURVE_WITH_KNOTS('',3,(#10035,#10036,#10037,#10038),
 .UNSPECIFIED.,.F.,.F.,(4,4),(0.0144508764816889,0.0284892111654809),
 .UNSPECIFIED.);
#1707=B_SPLINE_CURVE_WITH_KNOTS('',3,(#10041,#10042,#10043,#10044),
 .UNSPECIFIED.,.F.,.F.,(4,4),(-0.0284892111654808,-0.014450876481689),
 .UNSPECIFIED.);
#1708=B_SPLINE_CURVE_WITH_KNOTS('',3,(#10067,#10068,#10069,#10070,#10071,
#10072,#10073,#10074,#10075,#10076,#10077,#10078,#10079,#10080,#10081,#10082),
 .UNSPECIFIED.,.F.,.F.,(4,2,2,2,2,2,2,4),(0.,0.00970898699702752,0.0183284262834061,
0.0296742229389861,0.0519538470830744,0.104500941022294,0.187865913191922,
0.234558895447283),.UNSPECIFIED.);
#1709=B_SPLINE_CURVE_WITH_KNOTS('',3,(#10084,#10085,#10086,#10087),
 .UNSPECIFIED.,.F.,.F.,(4,4),(-0.493373216100756,0.),.UNSPECIFIED.);
#1710=B_SPLINE_CURVE_WITH_KNOTS('',3,(#10090,#10091,#10092,#10093),
 .UNSPECIFIED.,.F.,.F.,(4,4),(0.,0.242789000784707),.UNSPECIFIED.);
#1711=B_SPLINE_CURVE_WITH_KNOTS('',3,(#10114,#10115,#10116,#10117),
 .UNSPECIFIED.,.F.,.F.,(4,4),(-0.0230914521126171,-2.1599969458855E-17),
 .UNSPECIFIED.);
#1712=B_SPLINE_CURVE_WITH_KNOTS('',3,(#10118,#10119,#10120,#10121),
 .UNSPECIFIED.,.F.,.F.,(4,4),(2.1599969458855E-17,0.0230914521126171),
 .UNSPECIFIED.);
#1713=B_SPLINE_CURVE_WITH_KNOTS('',3,(#10153,#10154,#10155,#10156,#10157,
#10158,#10159,#10160,#10161,#10162,#10163,#10164),.UNSPECIFIED.,.F.,.F.,
(4,2,2,2,2,4),(-0.90277906426832,-0.760690071336759,-0.616803899615776,
-0.504145470637954,-0.383172123061285,-0.380716069275047),.UNSPECIFIED.);
#1714=B_SPLINE_CURVE_WITH_KNOTS('',3,(#10165,#10166,#10167,#10168,#10169,
#10170,#10171,#10172),.UNSPECIFIED.,.F.,.F.,(4,2,2,4),(-0.528820492249876,
-0.37562264151363,-0.213079234071587,0.),.UNSPECIFIED.);
#1715=B_SPLINE_CURVE_WITH_KNOTS('',3,(#10174,#10175,#10176,#10177),
 .UNSPECIFIED.,.F.,.F.,(4,4),(-0.646129920154642,-0.152756686560672),
 .UNSPECIFIED.);
#1716=B_SPLINE_CURVE_WITH_KNOTS('',3,(#10179,#10180,#10181,#10182),
 .UNSPECIFIED.,.F.,.F.,(4,4),(-0.0230915750839821,-6.68096640095864E-16),
 .UNSPECIFIED.);
#1717=B_SPLINE_CURVE_WITH_KNOTS('',3,(#10186,#10187,#10188,#10189),
 .UNSPECIFIED.,.F.,.F.,(4,4),(-0.450639957850045,-0.194619153524137),
 .UNSPECIFIED.);
#1718=B_SPLINE_CURVE_WITH_KNOTS('',3,(#10190,#10191,#10192,#10193),
 .UNSPECIFIED.,.F.,.F.,(4,4),(-0.88,-0.0499999999999997),.UNSPECIFIED.);
#1719=B_SPLINE_CURVE_WITH_KNOTS('',3,(#10198,#10199,#10200,#10201,#10202,
#10203,#10204,#10205,#10206,#10207,#10208,#10209,#10210,#10211,#10212,#10213),
 .UNSPECIFIED.,.F.,.F.,(4,2,2,2,2,2,2,4),(0.,0.0092189908181435,0.0216896593908164,
0.045732545772699,0.0897745929501762,0.156328375248134,0.187253577492071,
0.215358349211677),.UNSPECIFIED.);
#1720=B_SPLINE_CURVE_WITH_KNOTS('',3,(#10334,#10335,#10336,#10337,#10338),
 .UNSPECIFIED.,.F.,.F.,(4,1,4),(-1.24517866383322,-0.711530667100556,0.),
 .UNSPECIFIED.);
#1721=B_SPLINE_CURVE_WITH_KNOTS('',3,(#10341,#10342,#10343,#10344,#10345),
 .UNSPECIFIED.,.F.,.F.,(4,1,4),(0.,0.711530667100556,0.954515943156585),
 .UNSPECIFIED.);
#1722=B_SPLINE_CURVE_WITH_KNOTS('',3,(#10349,#10350,#10351,#10352,#10353,
#10354,#10355,#10356,#10357,#10358),.UNSPECIFIED.,.F.,.F.,(4,2,2,2,4),(0.963630572595189,
1.01726707865089,1.07354887776259,1.13399359234108,1.20004882618519),
 .UNSPECIFIED.);
#1723=B_SPLINE_CURVE_WITH_KNOTS('',3,(#10378,#10379,#10380,#10381),
 .UNSPECIFIED.,.F.,.F.,(4,4),(-0.687031695655808,-0.620555229180953),
 .UNSPECIFIED.);
#1724=B_SPLINE_CURVE_WITH_KNOTS('',3,(#10388,#10389,#10390,#10391),
 .UNSPECIFIED.,.F.,.F.,(4,4),(-1.17744477081904,-1.11096830434419),
 .UNSPECIFIED.);
#1725=B_SPLINE_CURVE_WITH_KNOTS('',3,(#10403,#10404,#10405,#10406,#10407,
#10408,#10409,#10410,#10411,#10412),.UNSPECIFIED.,.F.,.F.,(4,2,2,2,4),(0.727212319005185,
0.793267552849297,0.853712267427785,0.909994066539483,0.963630572595189),
 .UNSPECIFIED.);
#1726=B_SPLINE_CURVE_WITH_KNOTS('',3,(#10416,#10417,#10418,#10419,#10420,
#10421,#10422,#10423),.UNSPECIFIED.,.F.,.F.,(4,2,2,4),(0.,0.10026121035994,
0.13683236071554,0.170427765636617),.UNSPECIFIED.);
#1727=B_SPLINE_CURVE_WITH_KNOTS('',3,(#10435,#10436,#10437,#10438,#10439,
#10440,#10441,#10442),.UNSPECIFIED.,.F.,.F.,(4,2,2,4),(0.472246240741049,
0.505841645662127,0.542412796017726,0.642674006377667),.UNSPECIFIED.);
#1728=B_SPLINE_CURVE_WITH_KNOTS('',3,(#10446,#10447,#10448,#10449,#10450,
#10451,#10452,#10453,#10454,#10455),.UNSPECIFIED.,.F.,.F.,(4,2,2,2,4),(0.727212319005185,
0.793267552849298,0.853712267427786,0.909994066539484,0.96363057259519),
 .UNSPECIFIED.);
#1729=B_SPLINE_CURVE_WITH_KNOTS('',3,(#10467,#10468,#10469,#10470,#10471,
#10472,#10473,#10474),.UNSPECIFIED.,.F.,.F.,(4,2,2,4),(0.,0.10026121035994,
0.13683236071554,0.170427765636617),.UNSPECIFIED.);
#1730=B_SPLINE_CURVE_WITH_KNOTS('',3,(#10486,#10487,#10488,#10489,#10490,
#10491,#10492,#10493),.UNSPECIFIED.,.F.,.F.,(4,2,2,4),(0.472246240741049,
0.505841645662126,0.542412796017726,0.642674006377667),.UNSPECIFIED.);
#1731=B_SPLINE_CURVE_WITH_KNOTS('',3,(#10496,#10497,#10498,#10499,#10500,
#10501,#10502,#10503,#10504,#10505),.UNSPECIFIED.,.F.,.F.,(4,2,2,2,4),(0.96363057259519,
1.0172670786509,1.07354887776259,1.13399359234108,1.20004882618519),
 .UNSPECIFIED.);
#1732=B_SPLINE_CURVE_WITH_KNOTS('',3,(#10539,#10540,#10541,#10542,#10543,
#10544,#10545,#10546,#10547,#10548,#10549,#10550,#10551,#10552,#10553,#10554),
 .UNSPECIFIED.,.F.,.F.,(4,2,2,2,2,2,2,4),(0.,0.0993253838425203,0.228751792302205,
0.310547087669068,0.362514513412267,0.388317187536531,0.399935615299092,
0.411066704859763),.UNSPECIFIED.);
#1733=B_SPLINE_CURVE_WITH_KNOTS('',3,(#10557,#10558,#10559,#10560,#10561),
 .UNSPECIFIED.,.F.,.F.,(4,1,4),(-1.45611359795466,-0.744582930854103,-0.210934936512276),
 .UNSPECIFIED.);
#1734=B_SPLINE_CURVE_WITH_KNOTS('',3,(#10569,#10570,#10571,#10572,#10573,
#10574,#10575,#10576,#10577,#10578,#10579,#10580,#10581,#10582),
 .UNSPECIFIED.,.F.,.F.,(4,2,2,2,2,2,4),(-0.645324174181437,-0.552579204845474,
-0.466018869151737,-0.356657858299262,-0.256834892142447,-0.138223220862864,
0.),.UNSPECIFIED.);
#1735=B_SPLINE_CURVE_WITH_KNOTS('',3,(#10592,#10593,#10594,#10595,#10596,
#10597,#10598,#10599,#10600,#10601,#10602,#10603,#10604,#10605,#10606,#10607,
#10608,#10609,#10610),.UNSPECIFIED.,.F.,.F.,(4,3,3,3,3,3,4),(-0.045213964527908,
-0.0437225675251785,-0.0182877176017557,0.,0.0117768600589484,0.0301122860271022,
0.0438345970072414),.UNSPECIFIED.);
#1736=B_SPLINE_CURVE_WITH_KNOTS('',3,(#10612,#10613,#10614,#10615,#10616,
#10617,#10618,#10619),.UNSPECIFIED.,.F.,.F.,(4,2,2,4),(0.0438345970072414,
0.0517331226527877,0.0925333052407691,0.132904756256069),.UNSPECIFIED.);
#1737=B_SPLINE_CURVE_WITH_KNOTS('',3,(#10621,#10622,#10623,#10624,#10625,
#10626),.UNSPECIFIED.,.F.,.F.,(4,2,4),(-0.952031695655812,-0.9,-0.84596830434419),
 .UNSPECIFIED.);
#1738=B_SPLINE_CURVE_WITH_KNOTS('',3,(#10628,#10629,#10630,#10631,#10632,
#10633,#10634,#10635,#10636,#10637,#10638,#10639,#10640,#10641,#10642,#10643,
#10644,#10645,#10646),.UNSPECIFIED.,.F.,.F.,(4,3,3,3,3,3,4),(-0.0452139645279139,
-0.043722567525184,-0.0182877176016751,0.,0.0117768600589667,0.0301122860271649,
0.0438345970073249),.UNSPECIFIED.);
#1739=B_SPLINE_CURVE_WITH_KNOTS('',3,(#10647,#10648,#10649,#10650,#10651,
#10652,#10653,#10654),.UNSPECIFIED.,.F.,.F.,(4,2,2,4),(0.0438345970073249,
0.051733122652888,0.0925333052409474,0.132904756256323),.UNSPECIFIED.);
#1740=B_SPLINE_CURVE_WITH_KNOTS('',3,(#10668,#10669,#10670,#10671),
 .UNSPECIFIED.,.F.,.F.,(4,4),(-1.62188465865131,-1.26908384824087),
 .UNSPECIFIED.);
#1741=B_SPLINE_CURVE_WITH_KNOTS('',3,(#10673,#10674,#10675,#10676),
 .UNSPECIFIED.,.F.,.F.,(4,4),(-0.13,-0.05),.UNSPECIFIED.);
#1742=B_SPLINE_CURVE_WITH_KNOTS('',3,(#10678,#10679,#10680,#10681),
 .UNSPECIFIED.,.F.,.F.,(4,4),(-0.388748543050952,0.),.UNSPECIFIED.);
#1743=B_SPLINE_CURVE_WITH_KNOTS('',3,(#10736,#10737,#10738,#10739,#10740,
#10741,#10742,#10743,#10744,#10745),.UNSPECIFIED.,.F.,.F.,(4,2,1,1,1,1,
4),(-0.0466167379399855,0.,0.0169515112550259,0.0339030225100518,0.0678060450201035,
0.135612090040207,0.331419458412792),.UNSPECIFIED.);
#1744=B_SPLINE_CURVE_WITH_KNOTS('',3,(#10747,#10748,#10749,#10750,#10751,
#10752,#10753,#10754,#10755,#10756,#10757,#10758,#10759,#10760,#10761,#10762,
#10763,#10764,#10765,#10766,#10767,#10768,#10769,#10770,#10771,#10772,#10773,
#10774,#10775,#10776,#10777,#10778,#10779,#10780,#10781,#10782,#10783,#10784,
#10785,#10786),.UNSPECIFIED.,.F.,.F.,(4,3,3,3,3,3,3,3,3,3,3,3,3,4),(-0.000542984131486773,
0.,0.0130786743195854,0.0265842971006172,0.040089919881649,0.0535562649326542,
0.0669020953152472,0.0792195768497597,0.092404505745724,0.105779397915546,
0.118260702181292,0.131620175062238,0.144909233973622,0.157243354319738),
 .UNSPECIFIED.);
#1745=B_SPLINE_CURVE_WITH_KNOTS('',3,(#10788,#10789,#10790,#10791,#10792,
#10793),.UNSPECIFIED.,.F.,.F.,(4,2,4),(0.983539831262317,0.988088684365154,
1.00348486081652),.UNSPECIFIED.);
#1746=B_SPLINE_CURVE_WITH_KNOTS('',3,(#10795,#10796,#10797,#10798,#10799,
#10800,#10801,#10802,#10803,#10804),.UNSPECIFIED.,.F.,.F.,(4,1,1,1,1,2,
4),(-0.339030224786371,-0.135612090040207,-0.0678060450201035,-0.0339030225100518,
-0.0169515112550259,0.,6.89464766826059E-5),.UNSPECIFIED.);
#1747=B_SPLINE_CURVE_WITH_KNOTS('',3,(#10805,#10806,#10807,#10808,#10809,
#10810,#10811,#10812,#10813,#10814,#10815,#10816,#10817,#10818),
 .UNSPECIFIED.,.F.,.F.,(4,2,2,2,2,2,4),(0.,0.0356933409248168,0.073459451594327,
0.114818551554013,0.140082394760427,0.165417270673494,0.165906834890059),
 .UNSPECIFIED.);
#1748=B_SPLINE_CURVE_WITH_KNOTS('',3,(#10879,#10880,#10881,#10882,#10883,
#10884,#10885,#10886,#10887,#10888),.UNSPECIFIED.,.F.,.F.,(4,1,1,1,1,2,
4),(0.00761086235473795,0.203418376688961,0.271224470457175,0.305127517341283,
0.322079040783336,0.33903056422539,0.385648177180407),.UNSPECIFIED.);
#1749=B_SPLINE_CURVE_WITH_KNOTS('',3,(#10890,#10891,#10892,#10893,#10894,
#10895,#10896,#10897,#10898,#10899),.UNSPECIFIED.,.F.,.F.,(4,2,1,1,1,1,
4),(-0.339099507020334,-0.33903056422539,-0.322079040783336,-0.305127517341283,
-0.271224470457175,-0.203418376688961,-1.90768612568268E-7),
 .UNSPECIFIED.);
#1750=B_SPLINE_CURVE_WITH_KNOTS('',3,(#10901,#10902,#10903,#10904),
 .UNSPECIFIED.,.F.,.F.,(4,4),(0.,0.00497377521444308),.UNSPECIFIED.);
#1751=B_SPLINE_CURVE_WITH_KNOTS('',3,(#10905,#10906,#10907,#10908,#10909,
#10910,#10911,#10912,#10913,#10914,#10915,#10916,#10917,#10918,#10919,#10920,
#10921,#10922,#10923,#10924,#10925,#10926,#10927,#10928,#10929,#10930,#10931,
#10932,#10933,#10934,#10935,#10936,#10937,#10938,#10939,#10940,#10941,#10942,
#10943,#10944,#10945,#10946,#10947),.UNSPECIFIED.,.F.,.F.,(4,3,3,3,3,3,
3,3,3,3,3,3,3,3,4),(0.,0.0131037697424282,0.0265733363488251,0.0389788341652641,
0.052435206648069,0.0657609048616172,0.0780161401492031,0.0880392907988233,
0.101257752135589,0.11467040284616,0.11714196911007,0.130532675296952,0.143881900014972,
0.157231124732991,0.15777090164093),.UNSPECIFIED.);
#1752=B_SPLINE_CURVE_WITH_KNOTS('',3,(#11004,#11005,#11006,#11007,#11008,
#11009,#11010,#11011,#11012,#11013,#11014,#11015,#11016,#11017,#11018,#11019,
#11020,#11021,#11022,#11023,#11024,#11025,#11026,#11027,#11028,#11029,#11030,
#11031,#11032,#11033,#11034),.UNSPECIFIED.,.F.,.F.,(4,3,3,3,3,3,3,3,3,3,
4),(0.,0.0198698512051858,0.0417285195985301,0.0679741286754617,0.117359856645763,
0.145750065354524,0.172792238188244,0.199166363995037,0.225820485081507,
0.253205914823583,0.265517040556666),.UNSPECIFIED.);
#1753=B_SPLINE_CURVE_WITH_KNOTS('',3,(#11038,#11039,#11040,#11041,#11042,
#11043,#11044,#11045,#11046,#11047,#11048,#11049,#11050,#11051,#11052,#11053,
#11054,#11055,#11056,#11057,#11058,#11059,#11060,#11061,#11062,#11063,#11064,
#11065,#11066,#11067,#11068,#11069,#11070,#11071,#11072,#11073,#11074,#11075,
#11076,#11077,#11078,#11079,#11080,#11081,#11082,#11083,#11084,#11085,#11086,
#11087,#11088,#11089,#11090,#11091,#11092,#11093,#11094,#11095),
 .UNSPECIFIED.,.F.,.F.,(4,3,3,3,3,3,3,3,3,3,3,3,3,3,3,3,3,3,3,4),(0.,0.00478608527659607,
0.00886753290029231,0.00966265806229909,0.0131364294000107,0.0161969193637001,
0.0204673523926511,0.0214368975622689,0.0244894352696897,0.0255827318872663,
0.0288714210242976,0.0293918139965705,0.0310710089229023,0.0328204376411595,
0.033388123483286,0.0349270640607343,0.0363618061688989,0.0380530088140742,
0.0382061839690781,0.0392589750997533),.UNSPECIFIED.);
#1754=B_SPLINE_CURVE_WITH_KNOTS('',3,(#11096,#11097,#11098,#11099,#11100,
#11101,#11102,#11103,#11104,#11105,#11106,#11107,#11108),.UNSPECIFIED.,
 .F.,.F.,(4,3,3,3,4),(0.,0.00982495837336661,0.0139732102525864,0.0175643164034582,
0.0244271220976557),.UNSPECIFIED.);
#1755=B_SPLINE_CURVE_WITH_KNOTS('',3,(#11111,#11112,#11113,#11114,#11115,
#11116,#11117,#11118,#11119,#11120,#11121,#11122,#11123,#11124,#11125,#11126,
#11127,#11128,#11129,#11130,#11131,#11132,#11133,#11134,#11135,#11136,#11137,
#11138,#11139,#11140,#11141,#11142,#11143,#11144,#11145,#11146,#11147,#11148,
#11149,#11150,#11151,#11152,#11153,#11154,#11155,#11156,#11157,#11158,#11159,
#11160,#11161,#11162,#11163,#11164,#11165,#11166,#11167,#11168,#11169,#11170,
#11171,#11172,#11173,#11174,#11175,#11176,#11177,#11178,#11179,#11180,#11181,
#11182,#11183,#11184,#11185,#11186,#11187,#11188,#11189,#11190,#11191,#11192,
#11193,#11194,#11195,#11196,#11197,#11198,#11199,#11200,#11201,#11202,#11203,
#11204,#11205,#11206,#11207,#11208,#11209,#11210,#11211,#11212,#11213,#11214,
#11215,#11216,#11217,#11218,#11219,#11220,#11221,#11222,#11223,#11224,#11225,
#11226,#11227,#11228,#11229,#11230,#11231),.UNSPECIFIED.,.F.,.F.,(4,3,3,
3,3,3,3,3,3,3,3,3,3,3,3,3,3,3,3,3,3,3,3,3,3,3,3,3,3,3,3,3,3,3,3,3,3,3,3,
3,4),(0.,0.0312592170968745,0.044125605346516,0.0685862998568868,0.0874272505383471,
0.110731363915797,0.114357142235052,0.134059715241523,0.152869291800433,
0.176551234578994,0.200506397268677,0.216944354791998,0.243784912770944,
0.255458839968617,0.287615961337396,0.296748872465761,0.317882241035465,
0.337017267886814,0.341384515222884,0.359047632390945,0.376743027096078,
0.388099143736888,0.407104742797272,0.431637925950281,0.451524730035759,
0.462069707086893,0.47844177888294,0.48108811073182,0.497165806623235,0.513430017962525,
0.515641422725964,0.534928311749081,0.54547802890198,0.568277843757103,
0.587447581789174,0.591077658612226,0.608837405721209,0.626407145395612,
0.633570076483414,0.652576962217001,0.667252148079033),.UNSPECIFIED.);
#1756=B_SPLINE_CURVE_WITH_KNOTS('',3,(#11232,#11233,#11234,#11235,#11236,
#11237,#11238,#11239,#11240,#11241),.UNSPECIFIED.,.F.,.F.,(4,3,3,4),(0.667252148079033,
0.669075985900487,0.693586812643593,0.705377278967528),.UNSPECIFIED.);
#1757=B_SPLINE_CURVE_WITH_KNOTS('',3,(#11285,#11286,#11287,#11288,#11289,
#11290,#11291,#11292,#11293,#11294,#11295,#11296,#11297),.UNSPECIFIED.,
 .F.,.F.,(4,3,3,3,4),(0.,0.00399721730251288,0.00708249956626445,0.010130082548843,
0.0161677177461692),.UNSPECIFIED.);
#1758=B_SPLINE_CURVE_WITH_KNOTS('',3,(#11299,#11300,#11301,#11302,#11303,
#11304,#11305,#11306,#11307,#11308,#11309,#11310,#11311,#11312,#11313,#11314,
#11315,#11316,#11317,#11318,#11319,#11320,#11321,#11322,#11323,#11324,#11325,
#11326,#11327,#11328,#11329,#11330,#11331,#11332,#11333,#11334,#11335,#11336,
#11337,#11338,#11339,#11340,#11341,#11342,#11343,#11344,#11345,#11346,#11347,
#11348,#11349,#11350,#11351,#11352,#11353,#11354,#11355,#11356),
 .UNSPECIFIED.,.F.,.F.,(4,3,3,3,3,3,3,3,3,3,3,3,3,3,3,3,3,3,3,4),(0.00745168718735146,
0.00862584714373557,0.0104528223482283,0.0119367490098459,0.0135908409114256,
0.0155093281804423,0.0161938507949211,0.018217962177689,0.0205357075545999,
0.0214196440660597,0.0226314370717585,0.026834470659712,0.0316298135718473,
0.033393787113656,0.0384956928458955,0.0404280725564209,0.0444406313116379,
0.0448889463065273,0.0487797010537411,0.0492135137991509),.UNSPECIFIED.);
#1759=B_SPLINE_CURVE_WITH_KNOTS('',3,(#11359,#11360,#11361,#11362,#11363,
#11364,#11365,#11366,#11367,#11368,#11369,#11370,#11371,#11372,#11373,#11374,
#11375,#11376,#11377,#11378,#11379,#11380,#11381,#11382,#11383,#11384,#11385,
#11386,#11387,#11388,#11389,#11390,#11391,#11392),.UNSPECIFIED.,.F.,.F.,
(4,3,3,3,3,3,3,3,3,3,3,4),(0.,0.0334879608695986,0.0660553578093736,0.0981794343046433,
0.131024911467105,0.165399880859361,0.205349206353827,0.243151585804869,
0.272748828082607,0.297898398927069,0.321469092103049,0.323047969771531),
 .UNSPECIFIED.);
#1760=B_SPLINE_CURVE_WITH_KNOTS('',3,(#11395,#11396,#11397,#11398,#11399,
#11400,#11401,#11402,#11403,#11404,#11405,#11406,#11407,#11408,#11409,#11410,
#11411,#11412,#11413,#11414,#11415,#11416,#11417,#11418,#11419,#11420,#11421,
#11422,#11423,#11424,#11425,#11426,#11427,#11428,#11429,#11430,#11431,#11432,
#11433,#11434,#11435,#11436,#11437,#11438,#11439,#11440,#11441,#11442,#11443,
#11444,#11445,#11446,#11447,#11448,#11449,#11450,#11451,#11452,#11453,#11454,
#11455,#11456,#11457,#11458,#11459,#11460,#11461,#11462,#11463,#11464,#11465,
#11466,#11467,#11468,#11469,#11470,#11471,#11472,#11473,#11474,#11475,#11476,
#11477,#11478,#11479,#11480,#11481,#11482,#11483,#11484,#11485,#11486,#11487,
#11488,#11489,#11490,#11491,#11492,#11493,#11494,#11495,#11496,#11497,#11498,
#11499,#11500,#11501,#11502,#11503,#11504,#11505,#11506,#11507,#11508,#11509),
 .UNSPECIFIED.,.F.,.F.,(4,3,3,3,3,3,3,3,3,3,3,3,3,3,3,3,3,3,3,3,3,3,3,3,
3,3,3,3,3,3,3,3,3,3,3,3,3,3,4),(0.,0.0175035138412212,0.035509658100833,
0.0463722159007478,0.0679700690111081,0.0901649205692487,0.10817035033312,
0.116030681613818,0.132095561821591,0.133448952891835,0.14970729011244,
0.166428026612333,0.170392017666341,0.191407078679107,0.208233246229187,
0.227815250147634,0.2459457038981,0.24739725406608,0.26498349697377,0.282733613451892,
0.290701105612786,0.310316563477835,0.332158881967207,0.336608590700623,
0.381373904449011,0.406870168546575,0.424309851212007,0.447936574001493,
0.457216261547731,0.479011643622965,0.497569786711644,0.518365257163051,
0.541852293065274,0.549528852096364,0.57460773114849,0.593789793415885,
0.634005214204095,0.657350814802232,0.665232431601334),.UNSPECIFIED.);
#1761=B_SPLINE_CURVE_WITH_KNOTS('',3,(#11510,#11511,#11512,#11513,#11514,
#11515,#11516,#11517,#11518,#11519),.UNSPECIFIED.,.F.,.F.,(4,3,3,4),(0.665232431601334,
0.669812678747914,0.688398619640536,0.705596281073363),.UNSPECIFIED.);
#1762=B_SPLINE_CURVE_WITH_KNOTS('',3,(#11574,#11575,#11576,#11577,#11578,
#11579,#11580,#11581,#11582,#11583),.UNSPECIFIED.,.F.,.F.,(4,1,1,1,1,2,
4),(-0.339030147018441,-0.203418088400171,-0.0678060294667238,-0.0339030147333619,
-0.016951507366681,0.,6.43770350285404E-5),.UNSPECIFIED.);
#1763=B_SPLINE_CURVE_WITH_KNOTS('',3,(#11585,#11586,#11587,#11588,#11589,
#11590,#11591,#11592,#11593,#11594,#11595,#11596,#11597,#11598),
 .UNSPECIFIED.,.F.,.F.,(4,2,2,2,2,2,4),(-0.165992560509865,-0.130175084905556,
-0.092277630831791,-0.0507746917209216,-0.0254229857401841,0.,0.000491266816381122),
 .UNSPECIFIED.);
#1764=B_SPLINE_CURVE_WITH_KNOTS('',3,(#11600,#11601,#11602,#11603,#11604,
#11605,#11606,#11607,#11608,#11609),.UNSPECIFIED.,.F.,.F.,(4,2,1,1,1,1,
4),(-0.0466176126237919,0.,0.016951507366681,0.0339030147333619,0.0678060294667238,
0.203418088400171,0.331419456597225),.UNSPECIFIED.);
#1765=B_SPLINE_CURVE_WITH_KNOTS('',3,(#11611,#11612,#11613,#11614,#11615,
#11616,#11617,#11618,#11619,#11620,#11621,#11622,#11623,#11624,#11625,#11626,
#11627,#11628,#11629,#11630,#11631,#11632,#11633,#11634,#11635,#11636,#11637,
#11638,#11639,#11640,#11641,#11642,#11643,#11644,#11645,#11646,#11647,#11648,
#11649,#11650),.UNSPECIFIED.,.F.,.F.,(4,3,3,3,3,3,3,3,3,3,3,3,3,4),(-0.000539829188924336,
0.,0.0130788677266444,0.0265859771628177,0.0400930865989909,0.0535599057035735,
0.0669062228237381,0.0792227514469965,0.0924076915261238,0.105782820973871,
0.118263884639316,0.131623250848845,0.144912002724044,0.157246540279531),
 .UNSPECIFIED.);
#1766=B_SPLINE_CURVE_WITH_KNOTS('',3,(#11651,#11652,#11653,#11654,#11655,
#11656),.UNSPECIFIED.,.F.,.F.,(4,2,4),(0.983443812041506,0.987999590010416,
1.00339430501917),.UNSPECIFIED.);
#1767=B_SPLINE_CURVE_WITH_KNOTS('',3,(#11708,#11709,#11710,#11711,#11712,
#11713,#11714,#11715,#11716,#11717),.UNSPECIFIED.,.F.,.F.,(4,1,1,1,1,2,
4),(0.00761078659501201,0.135612282920746,0.271224470457175,0.305127517341282,
0.322079040783336,0.33903056422539,0.385647302496287),.UNSPECIFIED.);
#1768=B_SPLINE_CURVE_WITH_KNOTS('',3,(#11719,#11720,#11721,#11722,#11723,
#11724,#11725,#11726,#11727,#11728),.UNSPECIFIED.,.F.,.F.,(4,2,1,1,1,1,
4),(-0.339094937797739,-0.33903056422539,-0.322079040783336,-0.305127517341282,
-0.271224470457175,-0.135612282920746,-1.90768610931038E-7),
 .UNSPECIFIED.);
#1769=B_SPLINE_CURVE_WITH_KNOTS('',3,(#11730,#11731,#11732,#11733),
 .UNSPECIFIED.,.F.,.F.,(4,4),(0.,0.00497377512059875),.UNSPECIFIED.);
#1770=B_SPLINE_CURVE_WITH_KNOTS('',3,(#11734,#11735,#11736,#11737,#11738,
#11739,#11740,#11741,#11742,#11743,#11744,#11745,#11746,#11747,#11748,#11749,
#11750,#11751,#11752,#11753,#11754,#11755,#11756,#11757,#11758,#11759,#11760,
#11761,#11762,#11763,#11764,#11765,#11766,#11767,#11768,#11769,#11770,#11771,
#11772,#11773,#11774,#11775,#11776),.UNSPECIFIED.,.F.,.F.,(4,3,3,3,3,3,
3,3,3,3,3,3,3,3,4),(0.,0.0131034592311368,0.0265728662373516,0.0389788307414596,
0.0524353849132049,0.0657614627194712,0.0780161289424344,0.0880392907297682,
0.101258196428806,0.114671247884085,0.117141950101451,0.130532903571528,
0.143880421254489,0.157227938937451,0.15777087094184),.UNSPECIFIED.);
#1771=B_SPLINE_CURVE_WITH_KNOTS('',3,(#11842,#11843,#11844,#11845,#11846,
#11847,#11848,#11849,#11850,#11851,#11852,#11853,#11854,#11855,#11856,#11857,
#11858,#11859,#11860,#11861,#11862,#11863,#11864,#11865,#11866,#11867,#11868,
#11869,#11870,#11871,#11872),.UNSPECIFIED.,.F.,.F.,(4,3,3,3,3,3,3,3,3,3,
4),(0.,0.0198698512051858,0.0417285195985301,0.0679741286754617,0.117359856645763,
0.145750065354524,0.172792238188244,0.199166363995037,0.225820485081507,
0.253205914823583,0.265517040556666),.UNSPECIFIED.);
#1772=B_SPLINE_CURVE_WITH_KNOTS('',3,(#11876,#11877,#11878,#11879,#11880,
#11881,#11882,#11883,#11884,#11885,#11886,#11887,#11888,#11889,#11890,#11891,
#11892,#11893,#11894,#11895,#11896,#11897,#11898,#11899,#11900,#11901,#11902,
#11903,#11904,#11905,#11906,#11907,#11908,#11909,#11910,#11911,#11912,#11913,
#11914,#11915,#11916,#11917,#11918,#11919,#11920,#11921,#11922,#11923,#11924,
#11925,#11926,#11927,#11928,#11929,#11930,#11931,#11932,#11933),
 .UNSPECIFIED.,.F.,.F.,(4,3,3,3,3,3,3,3,3,3,3,3,3,3,3,3,3,3,3,4),(0.,0.00343026287573502,
0.00478607139519477,0.00875015305130314,0.00966176016045162,0.0138141964550543,
0.0161894944145507,0.0202984161858012,0.02402644569015,0.0250026980234872,
0.0255292566876519,0.0276287746136464,0.0294629350656664,0.0303557547042542,
0.0320912839065919,0.0324810373470189,0.0339261401040702,0.0352969161511112,
0.0370898894955609,0.037775538151518),.UNSPECIFIED.);
#1773=B_SPLINE_CURVE_WITH_KNOTS('',3,(#11934,#11935,#11936,#11937,#11938,
#11939,#11940,#11941,#11942,#11943,#11944,#11945,#11946),.UNSPECIFIED.,
 .F.,.F.,(4,3,3,3,4),(0.,0.00982495837336105,0.0139732102524076,0.0175643164030203,
0.0244271220967346),.UNSPECIFIED.);
#1774=B_SPLINE_CURVE_WITH_KNOTS('',3,(#11949,#11950,#11951,#11952,#11953,
#11954,#11955,#11956,#11957,#11958),.UNSPECIFIED.,.F.,.F.,(4,3,3,4),(0.,
0.018260800789831,0.0376527163292915,0.0404188017527531),.UNSPECIFIED.);
#1775=B_SPLINE_CURVE_WITH_KNOTS('',3,(#11959,#11960,#11961,#11962,#11963,
#11964,#11965,#11966,#11967,#11968,#11969,#11970,#11971,#11972,#11973,#11974,
#11975,#11976,#11977,#11978,#11979,#11980,#11981,#11982,#11983,#11984,#11985,
#11986,#11987,#11988,#11989,#11990,#11991,#11992,#11993,#11994,#11995,#11996,
#11997,#11998,#11999,#12000,#12001,#12002,#12003,#12004,#12005,#12006,#12007,
#12008,#12009,#12010,#12011,#12012,#12013,#12014,#12015,#12016,#12017,#12018,
#12019,#12020,#12021,#12022,#12023,#12024,#12025,#12026,#12027,#12028,#12029,
#12030,#12031,#12032,#12033,#12034,#12035,#12036,#12037,#12038,#12039,#12040,
#12041,#12042,#12043,#12044,#12045,#12046,#12047,#12048,#12049,#12050,#12051,
#12052,#12053,#12054,#12055,#12056,#12057,#12058,#12059,#12060,#12061,#12062,
#12063,#12064,#12065,#12066,#12067,#12068,#12069,#12070,#12071,#12072,#12073,
#12074,#12075,#12076),.UNSPECIFIED.,.F.,.F.,(4,3,3,3,3,3,3,3,3,3,3,3,3,
3,3,3,3,3,3,3,3,3,3,3,3,3,3,3,3,3,3,3,3,3,3,3,3,3,3,4),(0.0404188017527531,
0.0450852894452783,0.0698109005008284,0.0904584457432877,0.118123771791594,
0.134108980139427,0.158145758528322,0.174369325082612,0.198702050500808,
0.217644681555033,0.237112797816454,0.260382172525172,0.263634071464698,
0.288011804302635,0.307451322213029,0.33708709595239,0.346775772646497,
0.372227227685257,0.389048178299617,0.408511765891085,0.426730088392354,
0.434878177414863,0.452374409742622,0.4705268277426,0.481076504338902,0.503515691207361,
0.524987058778223,0.542602470438871,0.549438843992292,0.56543039594067,
0.566494597986083,0.582903239848408,0.599812495447244,0.604471462266521,
0.627489164182591,0.645518166324486,0.664232583516958,0.677291456185328,
0.694848106540017,0.705434118084087),.UNSPECIFIED.);
#1776=B_SPLINE_CURVE_WITH_KNOTS('',3,(#12120,#12121,#12122,#12123,#12124,
#12125,#12126,#12127,#12128,#12129,#12130,#12131,#12132),.UNSPECIFIED.,
 .F.,.F.,(4,3,3,3,4),(0.,0.00399721730250584,0.00708249956630002,0.0101300825490196,
0.0161677177466522),.UNSPECIFIED.);
#1777=B_SPLINE_CURVE_WITH_KNOTS('',3,(#12134,#12135,#12136,#12137,#12138,
#12139,#12140,#12141,#12142,#12143,#12144,#12145,#12146,#12147,#12148,#12149,
#12150,#12151,#12152,#12153,#12154,#12155,#12156,#12157,#12158,#12159,#12160,
#12161,#12162,#12163,#12164,#12165,#12166,#12167,#12168,#12169,#12170,#12171,
#12172,#12173,#12174,#12175,#12176,#12177,#12178,#12179,#12180,#12181,#12182,
#12183,#12184,#12185,#12186,#12187,#12188,#12189,#12190,#12191),
 .UNSPECIFIED.,.F.,.F.,(4,3,3,3,3,3,3,3,3,3,3,3,3,3,3,3,3,3,3,4),(0.00745162020914039,
0.00868103067610111,0.0104824297927254,0.0119195373926589,0.0134972825205673,
0.0154094484173439,0.0159414211788981,0.0179584323179919,0.0202659424018075,
0.0214163809646644,0.0219514898090137,0.0261042840170922,0.0307873769320722,
0.0330590641590164,0.037943898124436,0.0402019627306537,0.0442421787100671,
0.0447869009605077,0.0486630507447108,0.0492163372155231),.UNSPECIFIED.);
#1778=B_SPLINE_CURVE_WITH_KNOTS('',3,(#12194,#12195,#12196,#12197,#12198,
#12199,#12200,#12201,#12202,#12203,#12204,#12205,#12206,#12207,#12208,#12209,
#12210,#12211,#12212,#12213,#12214,#12215,#12216,#12217,#12218,#12219,#12220,
#12221,#12222,#12223,#12224,#12225,#12226,#12227),.UNSPECIFIED.,.F.,.F.,
(4,3,3,3,3,3,3,3,3,3,3,4),(0.,0.0334879608695986,0.0660553578093736,0.0981794343046433,
0.131024911467105,0.165399880859361,0.205349206353827,0.243151585804869,
0.272748828082607,0.297898398927069,0.321469092103049,0.323047969771531),
 .UNSPECIFIED.);
#1779=B_SPLINE_CURVE_WITH_KNOTS('',3,(#12230,#12231,#12232,#12233,#12234,
#12235,#12236),.UNSPECIFIED.,.F.,.F.,(4,3,4),(0.,0.0241507715083828,0.0381657462080376),
 .UNSPECIFIED.);
#1780=B_SPLINE_CURVE_WITH_KNOTS('',3,(#12237,#12238,#12239,#12240,#12241,
#12242,#12243,#12244,#12245,#12246,#12247,#12248,#12249,#12250,#12251,#12252,
#12253,#12254,#12255,#12256,#12257,#12258,#12259,#12260,#12261,#12262,#12263,
#12264,#12265,#12266,#12267,#12268,#12269,#12270,#12271,#12272,#12273,#12274,
#12275,#12276,#12277,#12278,#12279,#12280,#12281,#12282,#12283,#12284,#12285,
#12286,#12287,#12288,#12289,#12290,#12291,#12292,#12293,#12294,#12295,#12296,
#12297,#12298,#12299,#12300,#12301,#12302,#12303,#12304,#12305,#12306,#12307,
#12308,#12309,#12310,#12311,#12312,#12313,#12314,#12315,#12316,#12317,#12318,
#12319,#12320,#12321,#12322,#12323,#12324,#12325,#12326,#12327,#12328,#12329,
#12330,#12331,#12332,#12333,#12334,#12335,#12336,#12337,#12338,#12339,#12340,
#12341,#12342,#12343,#12344,#12345,#12346,#12347,#12348,#12349,#12350,#12351,
#12352,#12353,#12354),.UNSPECIFIED.,.F.,.F.,(4,3,3,3,3,3,3,3,3,3,3,3,3,
3,3,3,3,3,3,3,3,3,3,3,3,3,3,3,3,3,3,3,3,3,3,3,3,3,3,4),(0.0381657462080376,
0.0427652717850835,0.0616167796106809,0.0795405464522505,0.0892016981263012,
0.106780844749933,0.125401829824586,0.13498124796132,0.170505519736843,
0.17690055151592,0.194052206581615,0.199202002221562,0.215678169737195,
0.232386316604708,0.249628063162685,0.255371272422078,0.281662764445296,
0.299776570008641,0.318373269649467,0.335965717886421,0.340489383660103,
0.358282100752157,0.376798866693037,0.384839071508375,0.406525799489971,
0.430600793198703,0.462098445189167,0.474740158480564,0.499222854844102,
0.518002834274706,0.541312433965047,0.545108566979722,0.564858334424351,
0.583640574306511,0.607192918961966,0.631118000641517,0.647188702871565,
0.673376652289655,0.678187781973518,0.705271668056677),.UNSPECIFIED.);
#1781=B_SPLINE_CURVE_WITH_KNOTS('',3,(#12500,#12501,#12502,#12503,#12504,
#12505,#12506),.UNSPECIFIED.,.F.,.F.,(4,1,2,4),(0.,0.0290526514111565,0.058105302822313,
0.0795437932860851),.UNSPECIFIED.);
#1782=B_SPLINE_CURVE_WITH_KNOTS('',3,(#12507,#12508,#12509,#12510,#12511,
#12512,#12513,#12514,#12515,#12516,#12517,#12518,#12519,#12520,#12521,#12522,
#12523,#12524,#12525,#12526,#12527,#12528,#12529,#12530,#12531),
 .UNSPECIFIED.,.F.,.F.,(4,1,1,1,1,1,1,1,1,1,1,1,1,2,2,2,2,1,4),(0.0795437932860851,
0.106004398062273,0.113987580602266,0.12197076314226,0.153903493302233,
0.185836223462206,0.193819406002199,0.201802588542193,0.209785771082186,
0.217768953622179,0.233735318702166,0.249701683782153,0.281634413942126,
0.313567144102099,0.343957922940915,0.375158430806461,0.406358938672006,
0.432941420632775,0.459523902593544),.UNSPECIFIED.);
#1783=B_SPLINE_CURVE_WITH_KNOTS('',3,(#12607,#12608,#12609,#12610,#12611),
 .UNSPECIFIED.,.F.,.F.,(4,1,4),(0.,0.03021251388947,0.0356663937304358),
 .UNSPECIFIED.);
#1784=B_SPLINE_CURVE_WITH_KNOTS('',3,(#12612,#12613,#12614,#12615,#12616,
#12617,#12618,#12619,#12620,#12621,#12622,#12623,#12624,#12625,#12626,#12627),
 .UNSPECIFIED.,.F.,.F.,(4,1,1,1,1,1,1,1,1,1,1,1,1,4),(0.0356663937304358,
0.06042502777894,0.09063754166841,0.12085005555788,0.166168826392085,0.18127508333682,
0.24170011111576,0.256806368060495,0.27191262500523,0.287018881949965,0.3021251388947,
0.36255016667364,0.39276268056311,0.42297519445258),.UNSPECIFIED.);
#1785=B_SPLINE_CURVE_WITH_KNOTS('',3,(#12711,#12712,#12713,#12714,#12715,
#12716,#12717,#12718,#12719,#12720,#12721),.UNSPECIFIED.,.F.,.F.,(4,1,1,
1,1,1,1,1,4),(0.,0.0301187981994827,0.0602375963989655,0.0903563945984482,
0.120475192797931,0.165653390097155,0.173183089647026,0.180712789196896,
0.208328236789752),.UNSPECIFIED.);
#1786=B_SPLINE_CURVE_WITH_KNOTS('',3,(#12722,#12723,#12724,#12725,#12726,
#12727,#12728,#12729,#12730,#12731,#12732,#12733),.UNSPECIFIED.,.F.,.F.,
(4,1,1,1,1,1,1,1,1,4),(0.208328236789752,0.214596437171314,0.240950385595862,
0.256009784695603,0.278598883345215,0.301187981994827,0.308717681544698,
0.361425578393793,0.376484977493534,0.421663174792758),.UNSPECIFIED.);
#1787=B_SPLINE_CURVE_WITH_KNOTS('',3,(#12813,#12814,#12815,#12816),
 .UNSPECIFIED.,.F.,.F.,(4,4),(0.,0.00398238992195126),.UNSPECIFIED.);
#1788=B_SPLINE_CURVE_WITH_KNOTS('',3,(#12817,#12818,#12819,#12820,#12821,
#12822,#12823,#12824,#12825,#12826,#12827,#12828,#12829,#12830,#12831,#12832,
#12833,#12834),.UNSPECIFIED.,.F.,.F.,(4,1,1,1,1,1,1,1,1,1,1,1,1,1,1,4),
(0.00398238992195126,0.0301161159709503,0.0602322319419007,0.090348347912851,
0.120464463883801,0.165638637840227,0.180696695825702,0.240928927767603,
0.301161159709503,0.304925674205872,0.308690188702241,0.331277275680454,
0.361393391651404,0.376451449636879,0.399038536615092,0.421625623593305),
 .UNSPECIFIED.);
#1789=B_SPLINE_CURVE_WITH_KNOTS('',3,(#12880,#12881,#12882,#12883,#12884,
#12885),.UNSPECIFIED.,.F.,.F.,(4,2,4),(0.178616559728579,0.222711971128092,
0.266807382527604),.UNSPECIFIED.);
#1790=B_SPLINE_CURVE_WITH_KNOTS('',3,(#12887,#12888,#12889,#12890,#12891,
#12892,#12893,#12894,#12895,#12896),.UNSPECIFIED.,.F.,.F.,(4,2,2,2,4),(0.,
0.00749097342166735,0.0149819468433347,0.0233533258328269,0.031724704822319),
 .UNSPECIFIED.);
#1791=B_SPLINE_CURVE_WITH_KNOTS('',3,(#12901,#12902,#12903,#12904,#12905,
#12906),.UNSPECIFIED.,.F.,.F.,(4,2,4),(0.,0.04750361486014,0.0872119225164808),
 .UNSPECIFIED.);
#1792=B_SPLINE_CURVE_WITH_KNOTS('',3,(#12910,#12911,#12912,#12913,#12914,
#12915,#12916,#12917,#12918,#12919),.UNSPECIFIED.,.F.,.F.,(4,2,2,2,4),(0.0319322293787864,
0.0403036083682785,0.0486749873577707,0.056165960779438,0.0636569342011054),
 .UNSPECIFIED.);
#1793=B_SPLINE_CURVE_WITH_KNOTS('',3,(#13015,#13016,#13017,#13018,#13019,
#13020),.UNSPECIFIED.,.F.,.F.,(4,1,1,4),(1.84398112835901E-6,0.00542134585616655,
0.00937055756810669,0.0133197692800468),.UNSPECIFIED.);
#1794=B_SPLINE_CURVE_WITH_KNOTS('',3,(#13046,#13047,#13048,#13049,#13050,
#13051),.UNSPECIFIED.,.F.,.F.,(4,1,1,4),(0.,0.571428571428571,0.857142857142857,
1.),.UNSPECIFIED.);
#1795=B_SPLINE_CURVE_WITH_KNOTS('',3,(#13065,#13066,#13067,#13068,#13069,
#13070,#13071,#13072,#13073,#13074,#13075,#13076,#13077),.UNSPECIFIED.,
 .F.,.F.,(4,3,3,3,4),(0.,0.0117731105371181,0.0230578835729791,0.0337459032599367,
0.0440677408477636),.UNSPECIFIED.);
#1796=B_SPLINE_CURVE_WITH_KNOTS('',3,(#13101,#13102,#13103,#13104,#13105),
 .UNSPECIFIED.,.F.,.F.,(4,1,4),(0.0012357117652229,0.0071425166670129,0.0145555780457968),
 .UNSPECIFIED.);
#1797=B_SPLINE_CURVE_WITH_KNOTS('',3,(#13130,#13131,#13132,#13133,#13134,
#13135),.UNSPECIFIED.,.F.,.F.,(4,1,1,4),(0.,0.142857142857143,0.428571428571429,
1.),.UNSPECIFIED.);
#1798=B_SPLINE_CURVE_WITH_KNOTS('',3,(#13150,#13151,#13152,#13153,#13154,
#13155,#13156,#13157,#13158,#13159,#13160,#13161,#13162),.UNSPECIFIED.,
 .F.,.F.,(4,3,3,3,4),(0.,0.0110881191771669,0.0222104061454618,0.0340606368041697,
0.0443524767086676),.UNSPECIFIED.);
#1799=B_SPLINE_CURVE_WITH_KNOTS('',3,(#13185,#13186,#13187,#13188,#13189),
 .UNSPECIFIED.,.F.,.F.,(4,1,4),(0.00123571176521468,0.00713961409425692,
0.0145555753096727),.UNSPECIFIED.);
#1800=B_SPLINE_CURVE_WITH_KNOTS('',3,(#13214,#13215,#13216,#13217,#13218,
#13219),.UNSPECIFIED.,.F.,.F.,(4,1,1,4),(0.,0.142857142857143,0.428571428571429,
1.),.UNSPECIFIED.);
#1801=B_SPLINE_CURVE_WITH_KNOTS('',3,(#13244,#13245,#13246,#13247,#13248),
 .UNSPECIFIED.,.F.,.F.,(4,1,4),(-1.13826547446275E-7,0.00739595207073141,
0.0133197692800456),.UNSPECIFIED.);
#1802=B_SPLINE_CURVE_WITH_KNOTS('',3,(#13274,#13275,#13276,#13277,#13278,
#13279),.UNSPECIFIED.,.F.,.F.,(4,1,1,4),(0.,0.571428571428571,0.857142857142857,
1.),.UNSPECIFIED.);
#1803=B_SPLINE_CURVE_WITH_KNOTS('',3,(#13293,#13294,#13295,#13296,#13297,
#13298,#13299,#13300,#13301,#13302,#13303,#13304,#13305),.UNSPECIFIED.,
 .F.,.F.,(4,3,3,3,4),(0.,0.0117731105371181,0.0230578835729791,0.0337459032599367,
0.0440677408477636),.UNSPECIFIED.);
#1804=B_SPLINE_CURVE_WITH_KNOTS('',3,(#13325,#13326,#13327,#13328,#13329,
#13330,#13331,#13332,#13333,#13334,#13335,#13336,#13337),.UNSPECIFIED.,
 .F.,.F.,(4,3,3,3,4),(0.,0.0110881191771669,0.0222104061454618,0.0340606368041697,
0.0443524767086676),.UNSPECIFIED.);
#1805=CIRCLE('',#5266,0.800000000000001);
#1806=CIRCLE('',#5267,0.8);
#1807=CIRCLE('',#5269,0.800000000000001);
#1808=CIRCLE('',#5270,8.9);
#1809=CIRCLE('',#5271,8.1);
#1810=CIRCLE('',#5272,0.800000000000001);
#1811=CIRCLE('',#5273,0.8);
#1812=CIRCLE('',#5274,0.8);
#1813=CIRCLE('',#5281,5.8);
#1814=CIRCLE('',#5283,5.8);
#1815=CIRCLE('',#5287,5.8);
#1816=CIRCLE('',#5288,5.8);
#1817=CIRCLE('',#5289,5.8);
#1818=CIRCLE('',#5290,5.8);
#1819=CIRCLE('',#5291,5.8);
#1820=CIRCLE('',#5292,5.8);
#1821=CIRCLE('',#5293,5.8);
#1822=CIRCLE('',#5294,5.8);
#1823=CIRCLE('',#5295,5.8);
#1824=CIRCLE('',#5303,6.);
#1825=CIRCLE('',#5304,6.);
#1826=CIRCLE('',#5307,9.9);
#1827=CIRCLE('',#5308,9.9);
#1828=CIRCLE('',#5310,0.399999999999999);
#1829=CIRCLE('',#5318,8.);
#1830=CIRCLE('',#5319,8.);
#1831=CIRCLE('',#5321,1.15);
#1832=CIRCLE('',#5322,1.15);
#1833=CIRCLE('',#5325,1.15);
#1834=CIRCLE('',#5326,1.15);
#1835=CIRCLE('',#5329,1.15);
#1836=CIRCLE('',#5330,1.15);
#1837=CIRCLE('',#5334,2.46299999967717);
#1838=CIRCLE('',#5335,2.43700000039227);
#1839=CIRCLE('',#5337,2.46299999967717);
#1840=CIRCLE('',#5340,6.99);
#1841=CIRCLE('',#5341,0.5);
#1842=CIRCLE('',#5342,11.7057742217848);
#1843=CIRCLE('',#5343,0.5);
#1844=CIRCLE('',#5344,6.99);
#1845=CIRCLE('',#5345,5.);
#1846=CIRCLE('',#5346,2.);
#1847=CIRCLE('',#5347,2.);
#1848=CIRCLE('',#5349,1.5);
#1849=CIRCLE('',#5350,1.5);
#1850=CIRCLE('',#5352,4.9999999999969);
#1851=CIRCLE('',#5354,6.90000000000011);
#1852=CIRCLE('',#5355,9.5);
#1853=CIRCLE('',#5361,6.90000000000011);
#1854=CIRCLE('',#5362,6.90000000000011);
#1855=CIRCLE('',#5364,6.90000000000011);
#1856=CIRCLE('',#5365,6.90000000000011);
#1857=CIRCLE('',#5367,6.90000000000011);
#1858=CIRCLE('',#5368,6.90000000000011);
#1859=CIRCLE('',#5370,6.90000000000011);
#1860=CIRCLE('',#5371,6.90000000000011);
#1861=CIRCLE('',#5372,6.90000000000011);
#1862=CIRCLE('',#5374,9.49248115565993);
#1863=CIRCLE('',#5376,1.5);
#1864=CIRCLE('',#5378,9.5);
#1865=CIRCLE('',#5381,9.49248115565993);
#1866=CIRCLE('',#5384,2.19999999999982);
#1867=CIRCLE('',#5385,4.1);
#1868=CIRCLE('',#5387,1.5);
#1869=CIRCLE('',#5390,4.1);
#1870=CIRCLE('',#5393,4.1);
#1871=CIRCLE('',#5394,9.5);
#1872=CIRCLE('',#5395,9.9);
#1873=CIRCLE('',#5396,9.9);
#1874=CIRCLE('',#5397,9.9);
#1875=CIRCLE('',#5399,9.5);
#1876=CIRCLE('',#5401,2.19999999999982);
#1877=CIRCLE('',#5405,4.1);
#1878=CIRCLE('',#5406,4.1);
#1879=CIRCLE('',#5409,9.5);
#1880=CIRCLE('',#5419,2.43700000039227);
#1881=CIRCLE('',#5425,9.9);
#1882=CIRCLE('',#5426,9.9);
#1883=CIRCLE('',#5432,9.9);
#1884=CIRCLE('',#5433,9.9);
#1885=CIRCLE('',#5434,9.9);
#1886=CIRCLE('',#5435,9.9);
#1887=CIRCLE('',#5450,1.5);
#1888=CIRCLE('',#5452,8.);
#1889=CIRCLE('',#5453,1.5);
#1890=CIRCLE('',#5454,9.46969384566991);
#1891=CIRCLE('',#5455,1.5);
#1892=CIRCLE('',#5458,4.1);
#1893=CIRCLE('',#5459,2.99999999999257);
#1894=CIRCLE('',#5460,4.1);
#1895=CIRCLE('',#5463,5.);
#1896=CIRCLE('',#5464,1.5);
#1897=CIRCLE('',#5466,1.5);
#1898=CIRCLE('',#5467,9.5);
#1899=CIRCLE('',#5468,1.5);
#1900=CIRCLE('',#5469,1.5);
#1901=CIRCLE('',#5470,1.5);
#1902=CIRCLE('',#5472,6.99);
#1903=CIRCLE('',#5473,8.49);
#1904=CIRCLE('',#5475,0.5);
#1905=CIRCLE('',#5476,11.7057742217848);
#1906=CIRCLE('',#5477,0.5);
#1907=CIRCLE('',#5478,6.99);
#1908=CIRCLE('',#5479,8.9);
#1909=CIRCLE('',#5480,3.5);
#1910=CIRCLE('',#5481,1.1);
#1911=CIRCLE('',#5482,2.);
#1912=CIRCLE('',#5483,1.1);
#1913=CIRCLE('',#5486,8.49);
#1914=CIRCLE('',#5489,8.49);
#1915=CIRCLE('',#5491,1.5);
#1916=CIRCLE('',#5493,8.49);
#1917=CIRCLE('',#5496,8.49);
#1918=CIRCLE('',#5501,1.);
#1919=CIRCLE('',#5502,0.5);
#1920=CIRCLE('',#5503,1.5);
#1921=CIRCLE('',#5505,11.7057742217848);
#1922=CIRCLE('',#5506,10.7057742217848);
#1923=CIRCLE('',#5508,10.7057742217848);
#1924=CIRCLE('',#5509,1.);
#1925=CIRCLE('',#5510,11.7057742217848);
#1926=CIRCLE('',#5512,0.5);
#1927=CIRCLE('',#5513,1.5);
#1928=CIRCLE('',#5517,1.);
#1929=CIRCLE('',#5518,0.5);
#1930=CIRCLE('',#5519,1.5);
#1931=CIRCLE('',#5521,11.7057742217848);
#1932=CIRCLE('',#5522,10.7057742217848);
#1933=CIRCLE('',#5524,10.7057742217848);
#1934=CIRCLE('',#5525,1.);
#1935=CIRCLE('',#5526,11.7057742217848);
#1936=CIRCLE('',#5528,0.5);
#1937=CIRCLE('',#5529,1.5);
#1938=CIRCLE('',#5533,0.550000000000001);
#1939=CIRCLE('',#5535,0.550000000000001);
#1940=CIRCLE('',#5537,0.549999999999998);
#1941=CIRCLE('',#5539,0.550000000000001);
#1942=CIRCLE('',#5543,7.69999999999881);
#1943=CIRCLE('',#5544,1.99999999998708);
#1944=CIRCLE('',#5545,8.5);
#1945=CIRCLE('',#5556,8.49);
#1946=CIRCLE('',#5558,7.69999999999881);
#1947=CIRCLE('',#5559,0.999999999947961);
#1948=CIRCLE('',#5563,9.5);
#1949=CIRCLE('',#5565,1.49999999998074);
#1950=CIRCLE('',#5566,7.69999999999881);
#1951=CIRCLE('',#5568,7.69999999999881);
#1952=CIRCLE('',#5569,1.49999999998074);
#1953=CIRCLE('',#5571,0.128099173525993);
#1954=CIRCLE('',#5572,7.69999999999895);
#1955=CIRCLE('',#5574,7.69999999999895);
#1956=CIRCLE('',#5575,0.128099173525993);
#1957=CIRCLE('',#5577,7.69999999999881);
#1958=CIRCLE('',#5579,7.69999999999881);
#1959=CIRCLE('',#5582,8.49);
#1960=CIRCLE('',#5583,8.5);
#1961=CIRCLE('',#5584,1.99999999998708);
#1962=CIRCLE('',#5587,8.49);
#1963=CIRCLE('',#5588,0.999999999947961);
#1964=CIRCLE('',#5598,1.5);
#1965=CIRCLE('',#5599,1.5);
#1966=CIRCLE('',#5600,1.50000000000001);
#1967=CIRCLE('',#5602,1.5);
#1968=CIRCLE('',#5613,1.1);
#1969=CIRCLE('',#5615,1.1);
#1970=CIRCLE('',#5624,4.1);
#1971=CIRCLE('',#5628,1.1);
#1972=CIRCLE('',#5629,1.1);
#1973=CIRCLE('',#5632,1.1);
#1974=CIRCLE('',#5633,1.1);
#1975=CIRCLE('',#5636,2.);
#1976=CIRCLE('',#5637,2.);
#1977=CIRCLE('',#5639,2.);
#1978=CIRCLE('',#5642,2.);
#1979=CIRCLE('',#5645,2.);
#1980=CIRCLE('',#5653,2.99999999999257);
#1981=VERTEX_POINT('',#6813);
#1982=VERTEX_POINT('',#6814);
#1983=VERTEX_POINT('',#6816);
#1984=VERTEX_POINT('',#6821);
#1985=VERTEX_POINT('',#6828);
#1986=VERTEX_POINT('',#6829);
#1987=VERTEX_POINT('',#6863);
#1988=VERTEX_POINT('',#6864);
#1989=VERTEX_POINT('',#6900);
#1990=VERTEX_POINT('',#6941);
#1991=VERTEX_POINT('',#6946);
#1992=VERTEX_POINT('',#6976);
#1993=VERTEX_POINT('',#6977);
#1994=VERTEX_POINT('',#7011);
#1995=VERTEX_POINT('',#7012);
#1996=VERTEX_POINT('',#7036);
#1997=VERTEX_POINT('',#7047);
#1998=VERTEX_POINT('',#7064);
#1999=VERTEX_POINT('',#7066);
#2000=VERTEX_POINT('',#7068);
#2001=VERTEX_POINT('',#7070);
#2002=VERTEX_POINT('',#7083);
#2003=VERTEX_POINT('',#7088);
#2004=VERTEX_POINT('',#7130);
#2005=VERTEX_POINT('',#7165);
#2006=VERTEX_POINT('',#7171);
#2007=VERTEX_POINT('',#7218);
#2008=VERTEX_POINT('',#7258);
#2009=VERTEX_POINT('',#7290);
#2010=VERTEX_POINT('',#7343);
#2011=VERTEX_POINT('',#7467);
#2012=VERTEX_POINT('',#7588);
#2013=VERTEX_POINT('',#7632);
#2014=VERTEX_POINT('',#7670);
#2015=VERTEX_POINT('',#7737);
#2016=VERTEX_POINT('',#7738);
#2017=VERTEX_POINT('',#7764);
#2018=VERTEX_POINT('',#7772);
#2019=VERTEX_POINT('',#7951);
#2020=VERTEX_POINT('',#7959);
#2021=VERTEX_POINT('',#7964);
#2022=VERTEX_POINT('',#7969);
#2023=VERTEX_POINT('',#7974);
#2024=VERTEX_POINT('',#7979);
#2025=VERTEX_POINT('',#8014);
#2026=VERTEX_POINT('',#8016);
#2027=VERTEX_POINT('',#8027);
#2028=VERTEX_POINT('',#8028);
#2029=VERTEX_POINT('',#8030);
#2030=VERTEX_POINT('',#8032);
#2031=VERTEX_POINT('',#8034);
#2032=VERTEX_POINT('',#8047);
#2033=VERTEX_POINT('',#8048);
#2034=VERTEX_POINT('',#8050);
#2035=VERTEX_POINT('',#8054);
#2036=VERTEX_POINT('',#8059);
#2037=VERTEX_POINT('',#8120);
#2038=VERTEX_POINT('',#8125);
#2039=VERTEX_POINT('',#8130);
#2040=VERTEX_POINT('',#8149);
#2041=VERTEX_POINT('',#8151);
#2042=VERTEX_POINT('',#8153);
#2043=VERTEX_POINT('',#8155);
#2044=VERTEX_POINT('',#8157);
#2045=VERTEX_POINT('',#8159);
#2046=VERTEX_POINT('',#8161);
#2047=VERTEX_POINT('',#8163);
#2048=VERTEX_POINT('',#8165);
#2049=VERTEX_POINT('',#8167);
#2050=VERTEX_POINT('',#8169);
#2051=VERTEX_POINT('',#8171);
#2052=VERTEX_POINT('',#8173);
#2053=VERTEX_POINT('',#8175);
#2054=VERTEX_POINT('',#8177);
#2055=VERTEX_POINT('',#8184);
#2056=VERTEX_POINT('',#8186);
#2057=VERTEX_POINT('',#8193);
#2058=VERTEX_POINT('',#8201);
#2059=VERTEX_POINT('',#8216);
#2060=VERTEX_POINT('',#8218);
#2061=VERTEX_POINT('',#8220);
#2062=VERTEX_POINT('',#8224);
#2063=VERTEX_POINT('',#8228);
#2064=VERTEX_POINT('',#8230);
#2065=VERTEX_POINT('',#8234);
#2066=VERTEX_POINT('',#8238);
#2067=VERTEX_POINT('',#8242);
#2068=VERTEX_POINT('',#8244);
#2069=VERTEX_POINT('',#8248);
#2070=VERTEX_POINT('',#8250);
#2071=VERTEX_POINT('',#8259);
#2072=VERTEX_POINT('',#8261);
#2073=VERTEX_POINT('',#8294);
#2074=VERTEX_POINT('',#8300);
#2075=VERTEX_POINT('',#8302);
#2076=VERTEX_POINT('',#8312);
#2077=VERTEX_POINT('',#8322);
#2078=VERTEX_POINT('',#8324);
#2079=VERTEX_POINT('',#8375);
#2080=VERTEX_POINT('',#8447);
#2081=VERTEX_POINT('',#8475);
#2082=VERTEX_POINT('',#8489);
#2083=VERTEX_POINT('',#8493);
#2084=VERTEX_POINT('',#8495);
#2085=VERTEX_POINT('',#8497);
#2086=VERTEX_POINT('',#8502);
#2087=VERTEX_POINT('',#8554);
#2088=VERTEX_POINT('',#8565);
#2089=VERTEX_POINT('',#8567);
#2090=VERTEX_POINT('',#8588);
#2091=VERTEX_POINT('',#8593);
#2092=VERTEX_POINT('',#8606);
#2093=VERTEX_POINT('',#8611);
#2094=VERTEX_POINT('',#8615);
#2095=VERTEX_POINT('',#8617);
#2096=VERTEX_POINT('',#8621);
#2097=VERTEX_POINT('',#8623);
#2098=VERTEX_POINT('',#8628);
#2099=VERTEX_POINT('',#8630);
#2100=VERTEX_POINT('',#8635);
#2101=VERTEX_POINT('',#8637);
#2102=VERTEX_POINT('',#8657);
#2103=VERTEX_POINT('',#8663);
#2104=VERTEX_POINT('',#8687);
#2105=VERTEX_POINT('',#8696);
#2106=VERTEX_POINT('',#8698);
#2107=VERTEX_POINT('',#8700);
#2108=VERTEX_POINT('',#8702);
#2109=VERTEX_POINT('',#8704);
#2110=VERTEX_POINT('',#8706);
#2111=VERTEX_POINT('',#8708);
#2112=VERTEX_POINT('',#8710);
#2113=VERTEX_POINT('',#8714);
#2114=VERTEX_POINT('',#8716);
#2115=VERTEX_POINT('',#8720);
#2116=VERTEX_POINT('',#8722);
#2117=VERTEX_POINT('',#8724);
#2118=VERTEX_POINT('',#8726);
#2119=VERTEX_POINT('',#8728);
#2120=VERTEX_POINT('',#8732);
#2121=VERTEX_POINT('',#8734);
#2122=VERTEX_POINT('',#8738);
#2123=VERTEX_POINT('',#8743);
#2124=VERTEX_POINT('',#8745);
#2125=VERTEX_POINT('',#8747);
#2126=VERTEX_POINT('',#8749);
#2127=VERTEX_POINT('',#8751);
#2128=VERTEX_POINT('',#8753);
#2129=VERTEX_POINT('',#8755);
#2130=VERTEX_POINT('',#8757);
#2131=VERTEX_POINT('',#8762);
#2132=VERTEX_POINT('',#8768);
#2133=VERTEX_POINT('',#8770);
#2134=VERTEX_POINT('',#8774);
#2135=VERTEX_POINT('',#8777);
#2136=VERTEX_POINT('',#8785);
#2137=VERTEX_POINT('',#8793);
#2138=VERTEX_POINT('',#8801);
#2139=VERTEX_POINT('',#8809);
#2140=VERTEX_POINT('',#8817);
#2141=VERTEX_POINT('',#8825);
#2142=VERTEX_POINT('',#8830);
#2143=VERTEX_POINT('',#8832);
#2144=VERTEX_POINT('',#8834);
#2145=VERTEX_POINT('',#8836);
#2146=VERTEX_POINT('',#8841);
#2147=VERTEX_POINT('',#8849);
#2148=VERTEX_POINT('',#8857);
#2149=VERTEX_POINT('',#8865);
#2150=VERTEX_POINT('',#8873);
#2151=VERTEX_POINT('',#8875);
#2152=VERTEX_POINT('',#8877);
#2153=VERTEX_POINT('',#8880);
#2154=VERTEX_POINT('',#8881);
#2155=VERTEX_POINT('',#8883);
#2156=VERTEX_POINT('',#8885);
#2157=VERTEX_POINT('',#8889);
#2158=VERTEX_POINT('',#8912);
#2159=VERTEX_POINT('',#8926);
#2160=VERTEX_POINT('',#8932);
#2161=VERTEX_POINT('',#8934);
#2162=VERTEX_POINT('',#8939);
#2163=VERTEX_POINT('',#8944);
#2164=VERTEX_POINT('',#8975);
#2165=VERTEX_POINT('',#8983);
#2166=VERTEX_POINT('',#8991);
#2167=VERTEX_POINT('',#9008);
#2168=VERTEX_POINT('',#9021);
#2169=VERTEX_POINT('',#9025);
#2170=VERTEX_POINT('',#9027);
#2171=VERTEX_POINT('',#9029);
#2172=VERTEX_POINT('',#9031);
#2173=VERTEX_POINT('',#9035);
#2174=VERTEX_POINT('',#9039);
#2175=VERTEX_POINT('',#9040);
#2176=VERTEX_POINT('',#9045);
#2177=VERTEX_POINT('',#9047);
#2178=VERTEX_POINT('',#9049);
#2179=VERTEX_POINT('',#9056);
#2180=VERTEX_POINT('',#9060);
#2181=VERTEX_POINT('',#9062);
#2182=VERTEX_POINT('',#9066);
#2183=VERTEX_POINT('',#9068);
#2184=VERTEX_POINT('',#9070);
#2185=VERTEX_POINT('',#9074);
#2186=VERTEX_POINT('',#9075);
#2187=VERTEX_POINT('',#9080);
#2188=VERTEX_POINT('',#9081);
#2189=VERTEX_POINT('',#9083);
#2190=VERTEX_POINT('',#9085);
#2191=VERTEX_POINT('',#9089);
#2192=VERTEX_POINT('',#9090);
#2193=VERTEX_POINT('',#9092);
#2194=VERTEX_POINT('',#9094);
#2195=VERTEX_POINT('',#9096);
#2196=VERTEX_POINT('',#9098);
#2197=VERTEX_POINT('',#9102);
#2198=VERTEX_POINT('',#9104);
#2199=VERTEX_POINT('',#9108);
#2200=VERTEX_POINT('',#9110);
#2201=VERTEX_POINT('',#9114);
#2202=VERTEX_POINT('',#9116);
#2203=VERTEX_POINT('',#9120);
#2204=VERTEX_POINT('',#9124);
#2205=VERTEX_POINT('',#9129);
#2206=VERTEX_POINT('',#9137);
#2207=VERTEX_POINT('',#9141);
#2208=VERTEX_POINT('',#9143);
#2209=VERTEX_POINT('',#9147);
#2210=VERTEX_POINT('',#9149);
#2211=VERTEX_POINT('',#9151);
#2212=VERTEX_POINT('',#9153);
#2213=VERTEX_POINT('',#9155);
#2214=VERTEX_POINT('',#9159);
#2215=VERTEX_POINT('',#9161);
#2216=VERTEX_POINT('',#9163);
#2217=VERTEX_POINT('',#9186);
#2218=VERTEX_POINT('',#9191);
#2219=VERTEX_POINT('',#9211);
#2220=VERTEX_POINT('',#9226);
#2221=VERTEX_POINT('',#9242);
#2222=VERTEX_POINT('',#9247);
#2223=VERTEX_POINT('',#9252);
#2224=VERTEX_POINT('',#9283);
#2225=VERTEX_POINT('',#9285);
#2226=VERTEX_POINT('',#9287);
#2227=VERTEX_POINT('',#9289);
#2228=VERTEX_POINT('',#9293);
#2229=VERTEX_POINT('',#9295);
#2230=VERTEX_POINT('',#9297);
#2231=VERTEX_POINT('',#9299);
#2232=VERTEX_POINT('',#9303);
#2233=VERTEX_POINT('',#9307);
#2234=VERTEX_POINT('',#9309);
#2235=VERTEX_POINT('',#9311);
#2236=VERTEX_POINT('',#9313);
#2237=VERTEX_POINT('',#9316);
#2238=VERTEX_POINT('',#9318);
#2239=VERTEX_POINT('',#9323);
#2240=VERTEX_POINT('',#9325);
#2241=VERTEX_POINT('',#9327);
#2242=VERTEX_POINT('',#9329);
#2243=VERTEX_POINT('',#9331);
#2244=VERTEX_POINT('',#9333);
#2245=VERTEX_POINT('',#9335);
#2246=VERTEX_POINT('',#9337);
#2247=VERTEX_POINT('',#9339);
#2248=VERTEX_POINT('',#9342);
#2249=VERTEX_POINT('',#9347);
#2250=VERTEX_POINT('',#9351);
#2251=VERTEX_POINT('',#9355);
#2252=VERTEX_POINT('',#9359);
#2253=VERTEX_POINT('',#9363);
#2254=VERTEX_POINT('',#9368);
#2255=VERTEX_POINT('',#9372);
#2256=VERTEX_POINT('',#9381);
#2257=VERTEX_POINT('',#9386);
#2258=VERTEX_POINT('',#9390);
#2259=VERTEX_POINT('',#9392);
#2260=VERTEX_POINT('',#9394);
#2261=VERTEX_POINT('',#9396);
#2262=VERTEX_POINT('',#9408);
#2263=VERTEX_POINT('',#9410);
#2264=VERTEX_POINT('',#9440);
#2265=VERTEX_POINT('',#9441);
#2266=VERTEX_POINT('',#9476);
#2267=VERTEX_POINT('',#9481);
#2268=VERTEX_POINT('',#9494);
#2269=VERTEX_POINT('',#9496);
#2270=VERTEX_POINT('',#9498);
#2271=VERTEX_POINT('',#9503);
#2272=VERTEX_POINT('',#9513);
#2273=VERTEX_POINT('',#9568);
#2274=VERTEX_POINT('',#9570);
#2275=VERTEX_POINT('',#9573);
#2276=VERTEX_POINT('',#9575);
#2277=VERTEX_POINT('',#9577);
#2278=VERTEX_POINT('',#9579);
#2279=VERTEX_POINT('',#9581);
#2280=VERTEX_POINT('',#9584);
#2281=VERTEX_POINT('',#9613);
#2282=VERTEX_POINT('',#9633);
#2283=VERTEX_POINT('',#9652);
#2284=VERTEX_POINT('',#9681);
#2285=VERTEX_POINT('',#9682);
#2286=VERTEX_POINT('',#9690);
#2287=VERTEX_POINT('',#9692);
#2288=VERTEX_POINT('',#9709);
#2289=VERTEX_POINT('',#9717);
#2290=VERTEX_POINT('',#9734);
#2291=VERTEX_POINT('',#9742);
#2292=VERTEX_POINT('',#9777);
#2293=VERTEX_POINT('',#9779);
#2294=VERTEX_POINT('',#9787);
#2295=VERTEX_POINT('',#9791);
#2296=VERTEX_POINT('',#9795);
#2297=VERTEX_POINT('',#9808);
#2298=VERTEX_POINT('',#9825);
#2299=VERTEX_POINT('',#9842);
#2300=VERTEX_POINT('',#9859);
#2301=VERTEX_POINT('',#9867);
#2302=VERTEX_POINT('',#9880);
#2303=VERTEX_POINT('',#9888);
#2304=VERTEX_POINT('',#9899);
#2305=VERTEX_POINT('',#9912);
#2306=VERTEX_POINT('',#9929);
#2307=VERTEX_POINT('',#9946);
#2308=VERTEX_POINT('',#9963);
#2309=VERTEX_POINT('',#9986);
#2310=VERTEX_POINT('',#10023);
#2311=VERTEX_POINT('',#10031);
#2312=VERTEX_POINT('',#10034);
#2313=VERTEX_POINT('',#10039);
#2314=VERTEX_POINT('',#10065);
#2315=VERTEX_POINT('',#10066);
#2316=VERTEX_POINT('',#10083);
#2317=VERTEX_POINT('',#10088);
#2318=VERTEX_POINT('',#10123);
#2319=VERTEX_POINT('',#10127);
#2320=VERTEX_POINT('',#10129);
#2321=VERTEX_POINT('',#10131);
#2322=VERTEX_POINT('',#10133);
#2323=VERTEX_POINT('',#10135);
#2324=VERTEX_POINT('',#10137);
#2325=VERTEX_POINT('',#10139);
#2326=VERTEX_POINT('',#10152);
#2327=VERTEX_POINT('',#10173);
#2328=VERTEX_POINT('',#10178);
#2329=VERTEX_POINT('',#10183);
#2330=VERTEX_POINT('',#10185);
#2331=VERTEX_POINT('',#10195);
#2332=VERTEX_POINT('',#10197);
#2333=VERTEX_POINT('',#10214);
#2334=VERTEX_POINT('',#10333);
#2335=VERTEX_POINT('',#10339);
#2336=VERTEX_POINT('',#10347);
#2337=VERTEX_POINT('',#10348);
#2338=VERTEX_POINT('',#10362);
#2339=VERTEX_POINT('',#10364);
#2340=VERTEX_POINT('',#10366);
#2341=VERTEX_POINT('',#10368);
#2342=VERTEX_POINT('',#10370);
#2343=VERTEX_POINT('',#10374);
#2344=VERTEX_POINT('',#10375);
#2345=VERTEX_POINT('',#10377);
#2346=VERTEX_POINT('',#10382);
#2347=VERTEX_POINT('',#10384);
#2348=VERTEX_POINT('',#10386);
#2349=VERTEX_POINT('',#10393);
#2350=VERTEX_POINT('',#10395);
#2351=VERTEX_POINT('',#10397);
#2352=VERTEX_POINT('',#10399);
#2353=VERTEX_POINT('',#10401);
#2354=VERTEX_POINT('',#10413);
#2355=VERTEX_POINT('',#10415);
#2356=VERTEX_POINT('',#10424);
#2357=VERTEX_POINT('',#10426);
#2358=VERTEX_POINT('',#10428);
#2359=VERTEX_POINT('',#10430);
#2360=VERTEX_POINT('',#10432);
#2361=VERTEX_POINT('',#10434);
#2362=VERTEX_POINT('',#10445);
#2363=VERTEX_POINT('',#10458);
#2364=VERTEX_POINT('',#10460);
#2365=VERTEX_POINT('',#10464);
#2366=VERTEX_POINT('',#10466);
#2367=VERTEX_POINT('',#10475);
#2368=VERTEX_POINT('',#10477);
#2369=VERTEX_POINT('',#10479);
#2370=VERTEX_POINT('',#10481);
#2371=VERTEX_POINT('',#10483);
#2372=VERTEX_POINT('',#10485);
#2373=VERTEX_POINT('',#10495);
#2374=VERTEX_POINT('',#10506);
#2375=VERTEX_POINT('',#10508);
#2376=VERTEX_POINT('',#10510);
#2377=VERTEX_POINT('',#10538);
#2378=VERTEX_POINT('',#10555);
#2379=VERTEX_POINT('',#10591);
#2380=VERTEX_POINT('',#10611);
#2381=VERTEX_POINT('',#10620);
#2382=VERTEX_POINT('',#10627);
#2383=VERTEX_POINT('',#10665);
#2384=VERTEX_POINT('',#10667);
#2385=VERTEX_POINT('',#10672);
#2386=VERTEX_POINT('',#10677);
#2387=VERTEX_POINT('',#10734);
#2388=VERTEX_POINT('',#10735);
#2389=VERTEX_POINT('',#10746);
#2390=VERTEX_POINT('',#10787);
#2391=VERTEX_POINT('',#10794);
#2392=VERTEX_POINT('',#10820);
#2393=VERTEX_POINT('',#10821);
#2394=VERTEX_POINT('',#10878);
#2395=VERTEX_POINT('',#10889);
#2396=VERTEX_POINT('',#10900);
#2397=VERTEX_POINT('',#10949);
#2398=VERTEX_POINT('',#10951);
#2399=VERTEX_POINT('',#10958);
#2400=VERTEX_POINT('',#11001);
#2401=VERTEX_POINT('',#11003);
#2402=VERTEX_POINT('',#11035);
#2403=VERTEX_POINT('',#11037);
#2404=VERTEX_POINT('',#11109);
#2405=VERTEX_POINT('',#11110);
#2406=VERTEX_POINT('',#11282);
#2407=VERTEX_POINT('',#11284);
#2408=VERTEX_POINT('',#11298);
#2409=VERTEX_POINT('',#11357);
#2410=VERTEX_POINT('',#11393);
#2411=VERTEX_POINT('',#11394);
#2412=VERTEX_POINT('',#11572);
#2413=VERTEX_POINT('',#11573);
#2414=VERTEX_POINT('',#11584);
#2415=VERTEX_POINT('',#11599);
#2416=VERTEX_POINT('',#11610);
#2417=VERTEX_POINT('',#11707);
#2418=VERTEX_POINT('',#11718);
#2419=VERTEX_POINT('',#11729);
#2420=VERTEX_POINT('',#11778);
#2421=VERTEX_POINT('',#11779);
#2422=VERTEX_POINT('',#11787);
#2423=VERTEX_POINT('',#11789);
#2424=VERTEX_POINT('',#11796);
#2425=VERTEX_POINT('',#11839);
#2426=VERTEX_POINT('',#11841);
#2427=VERTEX_POINT('',#11873);
#2428=VERTEX_POINT('',#11875);
#2429=VERTEX_POINT('',#11947);
#2430=VERTEX_POINT('',#11948);
#2431=VERTEX_POINT('',#12117);
#2432=VERTEX_POINT('',#12119);
#2433=VERTEX_POINT('',#12133);
#2434=VERTEX_POINT('',#12192);
#2435=VERTEX_POINT('',#12228);
#2436=VERTEX_POINT('',#12229);
#2437=VERTEX_POINT('',#12497);
#2438=VERTEX_POINT('',#12499);
#2439=VERTEX_POINT('',#12533);
#2440=VERTEX_POINT('',#12604);
#2441=VERTEX_POINT('',#12606);
#2442=VERTEX_POINT('',#12629);
#2443=VERTEX_POINT('',#12708);
#2444=VERTEX_POINT('',#12710);
#2445=VERTEX_POINT('',#12735);
#2446=VERTEX_POINT('',#12810);
#2447=VERTEX_POINT('',#12812);
#2448=VERTEX_POINT('',#12836);
#2449=VERTEX_POINT('',#12840);
#2450=VERTEX_POINT('',#12844);
#2451=VERTEX_POINT('',#12846);
#2452=VERTEX_POINT('',#12848);
#2453=VERTEX_POINT('',#12850);
#2454=VERTEX_POINT('',#12854);
#2455=VERTEX_POINT('',#12856);
#2456=VERTEX_POINT('',#12860);
#2457=VERTEX_POINT('',#12862);
#2458=VERTEX_POINT('',#12866);
#2459=VERTEX_POINT('',#12868);
#2460=VERTEX_POINT('',#12875);
#2461=VERTEX_POINT('',#12879);
#2462=VERTEX_POINT('',#12886);
#2463=VERTEX_POINT('',#12899);
#2464=VERTEX_POINT('',#12900);
#2465=VERTEX_POINT('',#12907);
#2466=VERTEX_POINT('',#12909);
#2467=VERTEX_POINT('',#12922);
#2468=VERTEX_POINT('',#12926);
#2469=VERTEX_POINT('',#12933);
#2470=VERTEX_POINT('',#12935);
#2471=VERTEX_POINT('',#12939);
#2472=VERTEX_POINT('',#12941);
#2473=VERTEX_POINT('',#12945);
#2474=VERTEX_POINT('',#12947);
#2475=VERTEX_POINT('',#12951);
#2476=VERTEX_POINT('',#12953);
#2477=VERTEX_POINT('',#12963);
#2478=VERTEX_POINT('',#12968);
#2479=VERTEX_POINT('',#12970);
#2480=VERTEX_POINT('',#13014);
#2481=VERTEX_POINT('',#13064);
#2482=VERTEX_POINT('',#13099);
#2483=VERTEX_POINT('',#13148);
#2484=VERTEX_POINT('',#13183);
#2485=VERTEX_POINT('',#13243);
#2486=VERTEX_POINT('',#13292);
#2487=VERTEX_POINT('',#13310);
#2488=VERTEX_POINT('',#13350);
#2489=VERTEX_POINT('',#13354);
#2490=VERTEX_POINT('',#13365);
#2491=VERTEX_POINT('',#13367);
#2492=VERTEX_POINT('',#13374);
#2493=VERTEX_POINT('',#13376);
#2494=VERTEX_POINT('',#13378);
#2495=VERTEX_POINT('',#13383);
#2496=VERTEX_POINT('',#13386);
#2497=VERTEX_POINT('',#13388);
#2498=VERTEX_POINT('',#13399);
#2499=VERTEX_POINT('',#13401);
#2500=VERTEX_POINT('',#13405);
#2501=VERTEX_POINT('',#13409);
#2502=VERTEX_POINT('',#13417);
#2503=VERTEX_POINT('',#13421);
#2504=EDGE_CURVE('',#1981,#1982,#1805,.T.);
#2505=EDGE_CURVE('',#1982,#1983,#1551,.T.);
#2506=EDGE_CURVE('',#1983,#1984,#1806,.T.);
#2507=EDGE_CURVE('',#1984,#1981,#1552,.T.);
#2508=EDGE_CURVE('',#1985,#1986,#1807,.T.);
#2509=EDGE_CURVE('',#1986,#1984,#1808,.T.);
#2510=EDGE_CURVE('',#1983,#1985,#1809,.T.);
#2511=EDGE_CURVE('',#1987,#1988,#1810,.T.);
#2512=EDGE_CURVE('',#1988,#1986,#1553,.T.);
#2513=EDGE_CURVE('',#1985,#1987,#1554,.T.);
#2514=EDGE_CURVE('',#1981,#1989,#1555,.T.);
#2515=EDGE_CURVE('',#1989,#1982,#1556,.T.);
#2516=EDGE_CURVE('',#1987,#1990,#1557,.T.);
#2517=EDGE_CURVE('',#1990,#1991,#1811,.T.);
#2518=EDGE_CURVE('',#1991,#1988,#1558,.T.);
#2519=EDGE_CURVE('',#1992,#1993,#1812,.T.);
#2520=EDGE_CURVE('',#1993,#1991,#1559,.T.);
#2521=EDGE_CURVE('',#1990,#1992,#1560,.T.);
#2522=EDGE_CURVE('',#1994,#1995,#1561,.F.);
#2523=EDGE_CURVE('',#1994,#1993,#1562,.T.);
#2524=EDGE_CURVE('',#1992,#1995,#1563,.T.);
#2525=EDGE_CURVE('',#1996,#1994,#1564,.T.);
#2526=EDGE_CURVE('',#1997,#1996,#1565,.T.);
#2527=EDGE_CURVE('',#1998,#1997,#888,.T.);
#2528=EDGE_CURVE('',#1999,#1998,#180,.T.);
#2529=EDGE_CURVE('',#1999,#2000,#889,.T.);
#2530=EDGE_CURVE('',#2001,#2000,#1566,.T.);
#2531=EDGE_CURVE('',#2001,#2002,#1567,.T.);
#2532=EDGE_CURVE('',#2002,#2003,#1568,.T.);
#2533=EDGE_CURVE('',#2003,#1988,#181,.T.);
#2534=EDGE_CURVE('',#2004,#1995,#1569,.T.);
#2535=EDGE_CURVE('',#1992,#2005,#1570,.T.);
#2536=EDGE_CURVE('',#2006,#2005,#1571,.T.);
#2537=EDGE_CURVE('',#2006,#2007,#1572,.T.);
#2538=EDGE_CURVE('',#2007,#2004,#1573,.F.);
#2539=EDGE_CURVE('',#2008,#1990,#1574,.T.);
#2540=EDGE_CURVE('',#2008,#2005,#182,.T.);
#2541=EDGE_CURVE('',#1985,#2009,#1575,.T.);
#2542=EDGE_CURVE('',#2009,#2008,#1576,.T.);
#2543=EDGE_CURVE('',#2010,#1983,#1577,.T.);
#2544=EDGE_CURVE('',#2009,#2010,#1578,.T.);
#2545=EDGE_CURVE('',#2010,#2011,#1579,.T.);
#2546=EDGE_CURVE('',#2011,#2008,#1580,.T.);
#2547=EDGE_CURVE('',#1989,#2012,#1581,.T.);
#2548=EDGE_CURVE('',#2012,#2011,#1582,.T.);
#2549=EDGE_CURVE('',#2011,#2013,#183,.T.);
#2550=EDGE_CURVE('',#2005,#2013,#1583,.T.);
#2551=EDGE_CURVE('',#2012,#2014,#1584,.T.);
#2552=EDGE_CURVE('',#2013,#2014,#1585,.T.);
#2553=EDGE_CURVE('',#2015,#2016,#1586,.T.);
#2554=EDGE_CURVE('',#2017,#2016,#1587,.T.);
#2555=EDGE_CURVE('',#2017,#2018,#1588,.T.);
#2556=EDGE_CURVE('',#2018,#2013,#1589,.T.);
#2557=EDGE_CURVE('',#2014,#2015,#1590,.T.);
#2558=EDGE_CURVE('',#2018,#2006,#1591,.T.);
#2559=EDGE_CURVE('',#2007,#2017,#1592,.T.);
#2560=EDGE_CURVE('',#2015,#2019,#1593,.T.);
#2561=EDGE_CURVE('',#2019,#2020,#1594,.T.);
#2562=EDGE_CURVE('',#2020,#2021,#1595,.T.);
#2563=EDGE_CURVE('',#2021,#2022,#1596,.T.);
#2564=EDGE_CURVE('',#2022,#2023,#1597,.T.);
#2565=EDGE_CURVE('',#2023,#2024,#1598,.T.);
#2566=EDGE_CURVE('',#2025,#2024,#184,.T.);
#2567=EDGE_CURVE('',#2026,#2025,#1599,.T.);
#2568=EDGE_CURVE('',#1996,#2026,#1600,.T.);
#2569=EDGE_CURVE('',#2027,#2028,#185,.T.);
#2570=EDGE_CURVE('',#2029,#2027,#186,.T.);
#2571=EDGE_CURVE('',#2030,#2029,#187,.T.);
#2572=EDGE_CURVE('',#2031,#2030,#1601,.T.);
#2573=EDGE_CURVE('',#2031,#2028,#1813,.T.);
#2574=EDGE_CURVE('',#2032,#2033,#188,.T.);
#2575=EDGE_CURVE('',#2032,#2034,#1814,.T.);
#2576=EDGE_CURVE('',#2033,#2034,#890,.T.);
#2577=EDGE_CURVE('',#2030,#2035,#1602,.T.);
#2578=EDGE_CURVE('',#2036,#2029,#189,.T.);
#2579=EDGE_CURVE('',#2035,#2036,#1603,.T.);
#2580=EDGE_CURVE('',#2035,#2002,#1604,.T.);
#2581=EDGE_CURVE('',#2037,#2036,#1605,.T.);
#2582=EDGE_CURVE('',#2038,#2037,#1606,.T.);
#2583=EDGE_CURVE('',#2039,#2038,#1607,.T.);
#2584=EDGE_CURVE('',#2003,#2039,#1608,.T.);
#2585=EDGE_CURVE('',#2040,#2032,#190,.T.);
#2586=EDGE_CURVE('',#2041,#2040,#1815,.T.);
#2587=EDGE_CURVE('',#2042,#2041,#191,.T.);
#2588=EDGE_CURVE('',#2043,#2042,#1816,.T.);
#2589=EDGE_CURVE('',#2044,#2043,#192,.T.);
#2590=EDGE_CURVE('',#2045,#2044,#1817,.T.);
#2591=EDGE_CURVE('',#2046,#2045,#193,.T.);
#2592=EDGE_CURVE('',#2047,#2046,#1818,.T.);
#2593=EDGE_CURVE('',#2048,#2047,#194,.T.);
#2594=EDGE_CURVE('',#2049,#2048,#1819,.T.);
#2595=EDGE_CURVE('',#2050,#2049,#195,.T.);
#2596=EDGE_CURVE('',#2051,#2050,#1820,.T.);
#2597=EDGE_CURVE('',#2052,#2051,#196,.T.);
#2598=EDGE_CURVE('',#2053,#2052,#1821,.T.);
#2599=EDGE_CURVE('',#2054,#2053,#1609,.T.);
#2600=EDGE_CURVE('',#2055,#2054,#1822,.T.);
#2601=EDGE_CURVE('',#2056,#2055,#1610,.T.);
#2602=EDGE_CURVE('',#2057,#2056,#1823,.T.);
#2603=EDGE_CURVE('',#2028,#2057,#1611,.T.);
#2604=EDGE_CURVE('',#2058,#2031,#1612,.T.);
#2605=EDGE_CURVE('',#2034,#2058,#1613,.T.);
#2606=EDGE_CURVE('',#2059,#2046,#197,.T.);
#2607=EDGE_CURVE('',#2060,#2059,#198,.T.);
#2608=EDGE_CURVE('',#2061,#2060,#199,.T.);
#2609=EDGE_CURVE('',#2047,#2061,#200,.T.);
#2610=EDGE_CURVE('',#2062,#2045,#201,.T.);
#2611=EDGE_CURVE('',#2062,#2059,#202,.T.);
#2612=EDGE_CURVE('',#2043,#2063,#203,.T.);
#2613=EDGE_CURVE('',#2063,#2064,#204,.T.);
#2614=EDGE_CURVE('',#2044,#2064,#205,.T.);
#2615=EDGE_CURVE('',#2065,#2042,#206,.T.);
#2616=EDGE_CURVE('',#2063,#2065,#207,.T.);
#2617=EDGE_CURVE('',#2066,#2041,#208,.T.);
#2618=EDGE_CURVE('',#2066,#2065,#209,.T.);
#2619=EDGE_CURVE('',#2033,#2067,#210,.T.);
#2620=EDGE_CURVE('',#2067,#2068,#211,.T.);
#2621=EDGE_CURVE('',#2068,#2040,#212,.T.);
#2622=EDGE_CURVE('',#2069,#2058,#213,.T.);
#2623=EDGE_CURVE('',#2070,#2069,#1614,.T.);
#2624=EDGE_CURVE('',#2070,#2071,#1824,.T.);
#2625=EDGE_CURVE('',#2071,#2072,#1825,.T.);
#2626=EDGE_CURVE('',#2067,#2072,#891,.T.);
#2627=EDGE_CURVE('',#2073,#2001,#1615,.T.);
#2628=EDGE_CURVE('',#2074,#2073,#214,.T.);
#2629=EDGE_CURVE('',#2075,#2074,#1616,.T.);
#2630=EDGE_CURVE('',#2076,#2075,#1617,.T.);
#2631=EDGE_CURVE('',#2069,#2076,#1618,.T.);
#2632=EDGE_CURVE('',#2037,#2077,#1826,.T.);
#2633=EDGE_CURVE('',#2077,#2078,#215,.T.);
#2634=EDGE_CURVE('',#2078,#2038,#1827,.T.);
#2635=EDGE_CURVE('',#2039,#1981,#216,.T.);
#2636=EDGE_CURVE('',#2071,#2075,#1828,.T.);
#2637=EDGE_CURVE('',#2074,#2079,#1619,.T.);
#2638=EDGE_CURVE('',#2079,#2071,#1620,.T.);
#2639=EDGE_CURVE('',#2070,#2076,#1621,.T.);
#2640=EDGE_CURVE('',#2080,#2079,#217,.T.);
#2641=EDGE_CURVE('',#2072,#2080,#218,.T.);
#2642=EDGE_CURVE('',#2000,#2081,#1622,.T.);
#2643=EDGE_CURVE('',#2081,#2073,#1623,.T.);
#2644=EDGE_CURVE('',#2082,#1999,#219,.T.);
#2645=EDGE_CURVE('',#2081,#2082,#220,.T.);
#2646=EDGE_CURVE('',#2083,#2072,#221,.T.);
#2647=EDGE_CURVE('',#2083,#2084,#222,.T.);
#2648=EDGE_CURVE('',#2084,#2085,#1624,.T.);
#2649=EDGE_CURVE('',#2085,#2086,#1625,.T.);
#2650=EDGE_CURVE('',#2086,#2068,#223,.T.);
#2651=EDGE_CURVE('',#2087,#2084,#1626,.T.);
#2652=EDGE_CURVE('',#2088,#2083,#224,.T.);
#2653=EDGE_CURVE('',#2088,#2089,#225,.T.);
#2654=EDGE_CURVE('',#2089,#2087,#892,.T.);
#2655=EDGE_CURVE('',#2089,#2090,#1627,.T.);
#2656=EDGE_CURVE('',#2088,#2091,#1628,.T.);
#2657=EDGE_CURVE('',#2091,#2090,#226,.T.);
#2658=EDGE_CURVE('',#2090,#2092,#1629,.T.);
#2659=EDGE_CURVE('',#2091,#2093,#227,.T.);
#2660=EDGE_CURVE('',#2093,#2092,#228,.T.);
#2661=EDGE_CURVE('',#2092,#2094,#1829,.T.);
#2662=EDGE_CURVE('',#2093,#2095,#1830,.T.);
#2663=EDGE_CURVE('',#2095,#2094,#229,.T.);
#2664=EDGE_CURVE('',#2096,#2096,#1831,.T.);
#2665=EDGE_CURVE('',#2096,#2097,#230,.T.);
#2666=EDGE_CURVE('',#2097,#2097,#1832,.T.);
#2667=EDGE_CURVE('',#2098,#2098,#1833,.T.);
#2668=EDGE_CURVE('',#2098,#2099,#231,.T.);
#2669=EDGE_CURVE('',#2099,#2099,#1834,.T.);
#2670=EDGE_CURVE('',#2100,#2100,#1835,.T.);
#2671=EDGE_CURVE('',#2100,#2101,#232,.T.);
#2672=EDGE_CURVE('',#2101,#2101,#1836,.T.);
#2673=EDGE_CURVE('',#2094,#2102,#1630,.T.);
#2674=EDGE_CURVE('',#2095,#2103,#1631,.T.);
#2675=EDGE_CURVE('',#2103,#2102,#233,.T.);
#2676=EDGE_CURVE('',#2102,#1997,#1632,.T.);
#2677=EDGE_CURVE('',#2103,#2104,#1633,.T.);
#2678=EDGE_CURVE('',#2104,#1997,#234,.T.);
#2679=EDGE_CURVE('',#2104,#1998,#235,.T.);
#2680=EDGE_CURVE('',#2080,#2105,#236,.T.);
#2681=EDGE_CURVE('',#2105,#2106,#237,.T.);
#2682=EDGE_CURVE('',#2106,#2107,#1837,.T.);
#2683=EDGE_CURVE('',#2107,#2108,#238,.T.);
#2684=EDGE_CURVE('',#2108,#2109,#239,.T.);
#2685=EDGE_CURVE('',#2109,#2110,#240,.T.);
#2686=EDGE_CURVE('',#2110,#2111,#1838,.T.);
#2687=EDGE_CURVE('',#2111,#2112,#241,.T.);
#2688=EDGE_CURVE('',#2112,#2082,#242,.T.);
#2689=EDGE_CURVE('',#2106,#2113,#243,.T.);
#2690=EDGE_CURVE('',#2113,#2114,#1839,.T.);
#2691=EDGE_CURVE('',#2114,#2107,#244,.T.);
#2692=EDGE_CURVE('',#2105,#2115,#245,.T.);
#2693=EDGE_CURVE('',#2115,#2116,#246,.T.);
#2694=EDGE_CURVE('',#2117,#2116,#247,.T.);
#2695=EDGE_CURVE('',#2117,#2118,#248,.T.);
#2696=EDGE_CURVE('',#2119,#2118,#249,.T.);
#2697=EDGE_CURVE('',#2113,#2119,#250,.T.);
#2698=EDGE_CURVE('',#2048,#2120,#251,.T.);
#2699=EDGE_CURVE('',#2120,#2121,#252,.T.);
#2700=EDGE_CURVE('',#2121,#2062,#253,.T.);
#2701=EDGE_CURVE('',#2064,#2066,#254,.T.);
#2702=EDGE_CURVE('',#2122,#2086,#1634,.T.);
#2703=EDGE_CURVE('',#2123,#2122,#1840,.T.);
#2704=EDGE_CURVE('',#2123,#2124,#255,.T.);
#2705=EDGE_CURVE('',#2125,#2124,#1841,.T.);
#2706=EDGE_CURVE('',#2125,#2126,#1842,.T.);
#2707=EDGE_CURVE('',#2127,#2126,#1843,.T.);
#2708=EDGE_CURVE('',#2127,#2128,#256,.T.);
#2709=EDGE_CURVE('',#2129,#2128,#1844,.T.);
#2710=EDGE_CURVE('',#2130,#2129,#1635,.T.);
#2711=EDGE_CURVE('',#2131,#2130,#1636,.T.);
#2712=EDGE_CURVE('',#2132,#2131,#1845,.T.);
#2713=EDGE_CURVE('',#2133,#2132,#19,.T.);
#2714=EDGE_CURVE('',#2134,#2133,#257,.T.);
#2715=EDGE_CURVE('',#2057,#2134,#258,.T.);
#2716=EDGE_CURVE('',#2056,#2135,#1637,.T.);
#2717=EDGE_CURVE('',#2135,#2136,#1638,.T.);
#2718=EDGE_CURVE('',#2136,#2137,#1639,.T.);
#2719=EDGE_CURVE('',#2137,#2138,#1640,.T.);
#2720=EDGE_CURVE('',#2138,#2139,#1641,.T.);
#2721=EDGE_CURVE('',#2139,#2140,#1642,.T.);
#2722=EDGE_CURVE('',#2140,#2141,#1643,.T.);
#2723=EDGE_CURVE('',#2141,#2142,#259,.T.);
#2724=EDGE_CURVE('',#2142,#2143,#260,.T.);
#2725=EDGE_CURVE('',#2143,#2144,#261,.T.);
#2726=EDGE_CURVE('',#2144,#2145,#1644,.T.);
#2727=EDGE_CURVE('',#2145,#2146,#1645,.T.);
#2728=EDGE_CURVE('',#2146,#2147,#1646,.T.);
#2729=EDGE_CURVE('',#2147,#2148,#1647,.T.);
#2730=EDGE_CURVE('',#2148,#2149,#1648,.T.);
#2731=EDGE_CURVE('',#2149,#2150,#262,.T.);
#2732=EDGE_CURVE('',#2150,#2151,#263,.T.);
#2733=EDGE_CURVE('',#2151,#2152,#264,.T.);
#2734=EDGE_CURVE('',#2152,#2049,#265,.T.);
#2735=EDGE_CURVE('',#2153,#2154,#1846,.T.);
#2736=EDGE_CURVE('',#2154,#2155,#266,.T.);
#2737=EDGE_CURVE('',#2155,#2156,#1847,.T.);
#2738=EDGE_CURVE('',#2153,#2156,#267,.T.);
#2739=EDGE_CURVE('',#2112,#2157,#268,.T.);
#2740=EDGE_CURVE('',#2157,#2115,#269,.T.);
#2741=EDGE_CURVE('',#2085,#2158,#1649,.T.);
#2742=EDGE_CURVE('',#2158,#2122,#1848,.T.);
#2743=EDGE_CURVE('',#2159,#2084,#1650,.T.);
#2744=EDGE_CURVE('',#2159,#2160,#270,.T.);
#2745=EDGE_CURVE('',#2160,#2161,#1651,.T.);
#2746=EDGE_CURVE('',#2161,#2162,#1652,.T.);
#2747=EDGE_CURVE('',#2162,#2163,#1653,.T.);
#2748=EDGE_CURVE('',#2163,#2158,#271,.T.);
#2749=EDGE_CURVE('',#2087,#2164,#1654,.F.);
#2750=EDGE_CURVE('',#2164,#2165,#1655,.T.);
#2751=EDGE_CURVE('',#2165,#2159,#1849,.T.);
#2752=EDGE_CURVE('',#2166,#2089,#1656,.T.);
#2753=EDGE_CURVE('',#2167,#2166,#1657,.T.);
#2754=EDGE_CURVE('',#2168,#2167,#272,.T.);
#2755=EDGE_CURVE('',#2168,#2164,#1850,.T.);
#2756=EDGE_CURVE('',#2169,#2023,#273,.T.);
#2757=EDGE_CURVE('',#2170,#2169,#274,.T.);
#2758=EDGE_CURVE('',#2171,#2170,#1851,.T.);
#2759=EDGE_CURVE('',#2172,#2171,#275,.T.);
#2760=EDGE_CURVE('',#2024,#2172,#1852,.T.);
#2761=EDGE_CURVE('',#2173,#2022,#276,.T.);
#2762=EDGE_CURVE('',#2169,#2173,#277,.T.);
#2763=EDGE_CURVE('',#2174,#2175,#1658,.T.);
#2764=EDGE_CURVE('',#2174,#2176,#278,.T.);
#2765=EDGE_CURVE('',#2177,#2176,#279,.T.);
#2766=EDGE_CURVE('',#2178,#2177,#280,.T.);
#2767=EDGE_CURVE('',#2175,#2178,#1659,.T.);
#2768=EDGE_CURVE('',#2179,#2173,#281,.T.);
#2769=EDGE_CURVE('',#2170,#2179,#282,.T.);
#2770=EDGE_CURVE('',#2177,#2180,#283,.T.);
#2771=EDGE_CURVE('',#2176,#2181,#284,.T.);
#2772=EDGE_CURVE('',#2180,#2181,#285,.T.);
#2773=EDGE_CURVE('',#2171,#2182,#286,.T.);
#2774=EDGE_CURVE('',#2183,#2179,#1853,.T.);
#2775=EDGE_CURVE('',#2184,#2183,#287,.T.);
#2776=EDGE_CURVE('',#2182,#2184,#1854,.T.);
#2777=EDGE_CURVE('',#2185,#2186,#288,.T.);
#2778=EDGE_CURVE('',#2180,#2185,#1855,.T.);
#2779=EDGE_CURVE('',#2181,#2186,#1856,.T.);
#2780=EDGE_CURVE('',#2187,#2188,#289,.T.);
#2781=EDGE_CURVE('',#2187,#2189,#1857,.T.);
#2782=EDGE_CURVE('',#2189,#2190,#290,.T.);
#2783=EDGE_CURVE('',#2188,#2190,#1858,.T.);
#2784=EDGE_CURVE('',#2191,#2192,#1859,.T.);
#2785=EDGE_CURVE('',#2191,#2193,#291,.T.);
#2786=EDGE_CURVE('',#2193,#2194,#1860,.T.);
#2787=EDGE_CURVE('',#2195,#2194,#292,.T.);
#2788=EDGE_CURVE('',#2196,#2195,#1861,.T.);
#2789=EDGE_CURVE('',#2192,#2196,#293,.T.);
#2790=EDGE_CURVE('',#2197,#2187,#294,.T.);
#2791=EDGE_CURVE('',#2198,#2197,#1862,.T.);
#2792=EDGE_CURVE('',#2189,#2198,#295,.T.);
#2793=EDGE_CURVE('',#2190,#2199,#296,.T.);
#2794=EDGE_CURVE('',#2200,#2198,#1863,.T.);
#2795=EDGE_CURVE('',#2199,#2200,#297,.T.);
#2796=EDGE_CURVE('',#2194,#2201,#298,.T.);
#2797=EDGE_CURVE('',#2202,#2193,#299,.T.);
#2798=EDGE_CURVE('',#2201,#2202,#1864,.T.);
#2799=EDGE_CURVE('',#2203,#2191,#300,.T.);
#2800=EDGE_CURVE('',#2202,#2203,#301,.T.);
#2801=EDGE_CURVE('',#2204,#2174,#1660,.T.);
#2802=EDGE_CURVE('',#2205,#2204,#1661,.T.);
#2803=EDGE_CURVE('',#2206,#2205,#1865,.T.);
#2804=EDGE_CURVE('',#2186,#2206,#302,.T.);
#2805=EDGE_CURVE('',#2196,#2207,#303,.T.);
#2806=EDGE_CURVE('',#2208,#2207,#304,.T.);
#2807=EDGE_CURVE('',#2208,#2192,#305,.T.);
#2808=EDGE_CURVE('',#2195,#2209,#306,.T.);
#2809=EDGE_CURVE('',#2209,#2210,#1866,.T.);
#2810=EDGE_CURVE('',#2210,#2211,#307,.T.);
#2811=EDGE_CURVE('',#2211,#2212,#308,.T.);
#2812=EDGE_CURVE('',#2213,#2212,#1867,.T.);
#2813=EDGE_CURVE('',#2207,#2213,#309,.T.);
#2814=EDGE_CURVE('',#2201,#2214,#310,.T.);
#2815=EDGE_CURVE('',#2215,#2214,#311,.T.);
#2816=EDGE_CURVE('',#2215,#2216,#312,.T.);
#2817=EDGE_CURVE('',#2209,#2216,#313,.T.);
#2818=EDGE_CURVE('',#2175,#2217,#1662,.T.);
#2819=EDGE_CURVE('',#2217,#2218,#1663,.T.);
#2820=EDGE_CURVE('',#2218,#2219,#1664,.T.);
#2821=EDGE_CURVE('',#2219,#2220,#1665,.T.);
#2822=EDGE_CURVE('',#2220,#2204,#1868,.T.);
#2823=EDGE_CURVE('',#2178,#2221,#1666,.T.);
#2824=EDGE_CURVE('',#2221,#2222,#1667,.T.);
#2825=EDGE_CURVE('',#2222,#2223,#1668,.T.);
#2826=EDGE_CURVE('',#2223,#2217,#1669,.T.);
#2827=EDGE_CURVE('',#2224,#2182,#314,.T.);
#2828=EDGE_CURVE('',#2224,#2225,#315,.T.);
#2829=EDGE_CURVE('',#2225,#2226,#316,.T.);
#2830=EDGE_CURVE('',#2227,#2226,#317,.T.);
#2831=EDGE_CURVE('',#2172,#2227,#318,.T.);
#2832=EDGE_CURVE('',#2228,#2184,#319,.T.);
#2833=EDGE_CURVE('',#2229,#2228,#320,.T.);
#2834=EDGE_CURVE('',#2230,#2229,#1869,.T.);
#2835=EDGE_CURVE('',#2230,#2231,#321,.T.);
#2836=EDGE_CURVE('',#2231,#2224,#322,.T.);
#2837=EDGE_CURVE('',#2183,#2232,#323,.T.);
#2838=EDGE_CURVE('',#2232,#2228,#324,.T.);
#2839=EDGE_CURVE('',#2233,#2185,#325,.T.);
#2840=EDGE_CURVE('',#2234,#2233,#326,.T.);
#2841=EDGE_CURVE('',#2235,#2234,#1870,.T.);
#2842=EDGE_CURVE('',#2236,#2235,#327,.T.);
#2843=EDGE_CURVE('',#2188,#2236,#328,.T.);
#2844=EDGE_CURVE('',#2237,#2199,#1871,.T.);
#2845=EDGE_CURVE('',#2238,#2237,#1670,.T.);
#2846=EDGE_CURVE('',#2239,#2238,#329,.T.);
#2847=EDGE_CURVE('',#2240,#2239,#1872,.T.);
#2848=EDGE_CURVE('',#2240,#2241,#330,.T.);
#2849=EDGE_CURVE('',#2241,#2242,#331,.T.);
#2850=EDGE_CURVE('',#2243,#2242,#332,.T.);
#2851=EDGE_CURVE('',#2243,#2244,#333,.T.);
#2852=EDGE_CURVE('',#2245,#2244,#334,.T.);
#2853=EDGE_CURVE('',#2245,#2246,#335,.T.);
#2854=EDGE_CURVE('',#2246,#2247,#336,.T.);
#2855=EDGE_CURVE('',#2134,#2247,#1873,.T.);
#2856=EDGE_CURVE('',#2133,#2248,#1671,.T.);
#2857=EDGE_CURVE('',#2249,#2248,#1874,.T.);
#2858=EDGE_CURVE('',#2221,#2249,#337,.T.);
#2859=EDGE_CURVE('',#2250,#2200,#1875,.T.);
#2860=EDGE_CURVE('',#2237,#2250,#338,.T.);
#2861=EDGE_CURVE('',#2216,#2251,#1876,.T.);
#2862=EDGE_CURVE('',#2210,#2251,#339,.T.);
#2863=EDGE_CURVE('',#2251,#2252,#340,.T.);
#2864=EDGE_CURVE('',#2211,#2252,#341,.T.);
#2865=EDGE_CURVE('',#2253,#2213,#342,.T.);
#2866=EDGE_CURVE('',#2253,#2208,#343,.T.);
#2867=EDGE_CURVE('',#2212,#2230,#1877,.T.);
#2868=EDGE_CURVE('',#2229,#2254,#344,.T.);
#2869=EDGE_CURVE('',#2254,#2253,#1878,.T.);
#2870=EDGE_CURVE('',#2255,#2225,#345,.T.);
#2871=EDGE_CURVE('',#2231,#2255,#346,.T.);
#2872=EDGE_CURVE('',#2214,#2227,#1879,.T.);
#2873=EDGE_CURVE('',#2226,#2215,#347,.T.);
#2874=EDGE_CURVE('',#2232,#2254,#348,.T.);
#2875=EDGE_CURVE('',#2256,#2157,#349,.T.);
#2876=EDGE_CURVE('',#2116,#2256,#350,.T.);
#2877=EDGE_CURVE('',#2119,#2252,#351,.T.);
#2878=EDGE_CURVE('',#2257,#2215,#352,.T.);
#2879=EDGE_CURVE('',#2114,#2257,#353,.T.);
#2880=EDGE_CURVE('',#2258,#2111,#354,.T.);
#2881=EDGE_CURVE('',#2259,#2258,#355,.T.);
#2882=EDGE_CURVE('',#2259,#2260,#356,.T.);
#2883=EDGE_CURVE('',#2260,#2261,#357,.T.);
#2884=EDGE_CURVE('',#2256,#2261,#358,.T.);
#2885=EDGE_CURVE('',#2261,#2117,#359,.T.);
#2886=EDGE_CURVE('',#2118,#2212,#360,.T.);
#2887=EDGE_CURVE('',#2255,#2259,#361,.T.);
#2888=EDGE_CURVE('',#2230,#2260,#362,.T.);
#2889=EDGE_CURVE('',#2262,#2258,#1880,.T.);
#2890=EDGE_CURVE('',#2262,#2263,#363,.T.);
#2891=EDGE_CURVE('',#2263,#2226,#364,.T.);
#2892=EDGE_CURVE('',#2110,#2262,#365,.T.);
#2893=EDGE_CURVE('',#2109,#2263,#366,.T.);
#2894=EDGE_CURVE('',#2108,#2257,#367,.T.);
#2895=EDGE_CURVE('',#2264,#2265,#1672,.T.);
#2896=EDGE_CURVE('',#2265,#2266,#1673,.T.);
#2897=EDGE_CURVE('',#2266,#2267,#1674,.F.);
#2898=EDGE_CURVE('',#2267,#2264,#1675,.T.);
#2899=EDGE_CURVE('',#2264,#2268,#1881,.T.);
#2900=EDGE_CURVE('',#2268,#2269,#368,.T.);
#2901=EDGE_CURVE('',#2269,#2270,#1676,.T.);
#2902=EDGE_CURVE('',#2270,#2271,#1882,.T.);
#2903=EDGE_CURVE('',#2271,#2249,#369,.T.);
#2904=EDGE_CURVE('',#2248,#2265,#1677,.T.);
#2905=EDGE_CURVE('',#2267,#2268,#370,.T.);
#2906=EDGE_CURVE('',#2266,#2272,#1678,.T.);
#2907=EDGE_CURVE('',#2269,#2272,#1679,.T.);
#2908=EDGE_CURVE('',#2218,#2132,#1680,.T.);
#2909=EDGE_CURVE('',#2270,#2223,#371,.T.);
#2910=EDGE_CURVE('',#2271,#2222,#372,.T.);
#2911=EDGE_CURVE('',#2020,#2078,#373,.T.);
#2912=EDGE_CURVE('',#2247,#2273,#374,.T.);
#2913=EDGE_CURVE('',#2273,#2274,#1883,.T.);
#2914=EDGE_CURVE('',#2274,#2240,#375,.T.);
#2915=EDGE_CURVE('',#2275,#2239,#376,.T.);
#2916=EDGE_CURVE('',#2275,#2276,#1884,.T.);
#2917=EDGE_CURVE('',#2276,#2277,#377,.T.);
#2918=EDGE_CURVE('',#2277,#2278,#1885,.T.);
#2919=EDGE_CURVE('',#2278,#2279,#378,.T.);
#2920=EDGE_CURVE('',#2279,#2027,#1886,.T.);
#2921=EDGE_CURVE('',#2280,#2280,#1681,.T.);
#2922=EDGE_CURVE('',#2281,#2281,#1682,.T.);
#2923=EDGE_CURVE('',#2282,#2282,#1683,.T.);
#2924=EDGE_CURVE('',#2283,#2283,#1684,.T.);
#2925=EDGE_CURVE('',#2284,#2285,#1685,.T.);
#2926=EDGE_CURVE('',#2286,#2284,#379,.T.);
#2927=EDGE_CURVE('',#2286,#2287,#1686,.T.);
#2928=EDGE_CURVE('',#2287,#2285,#380,.T.);
#2929=EDGE_CURVE('',#2285,#2288,#1687,.T.);
#2930=EDGE_CURVE('',#2287,#2289,#1688,.T.);
#2931=EDGE_CURVE('',#2289,#2288,#381,.T.);
#2932=EDGE_CURVE('',#2288,#2290,#1689,.T.);
#2933=EDGE_CURVE('',#2289,#2291,#1690,.T.);
#2934=EDGE_CURVE('',#2291,#2290,#382,.T.);
#2935=EDGE_CURVE('',#2290,#2053,#1691,.T.);
#2936=EDGE_CURVE('',#2291,#2054,#1692,.T.);
#2937=EDGE_CURVE('',#2292,#2139,#383,.T.);
#2938=EDGE_CURVE('',#2292,#2293,#1693,.T.);
#2939=EDGE_CURVE('',#2293,#2141,#384,.T.);
#2940=EDGE_CURVE('',#2293,#2294,#385,.T.);
#2941=EDGE_CURVE('',#2294,#2142,#386,.T.);
#2942=EDGE_CURVE('',#2294,#2295,#387,.T.);
#2943=EDGE_CURVE('',#2295,#2143,#388,.T.);
#2944=EDGE_CURVE('',#2295,#2296,#389,.T.);
#2945=EDGE_CURVE('',#2296,#2144,#390,.T.);
#2946=EDGE_CURVE('',#2296,#2297,#1694,.T.);
#2947=EDGE_CURVE('',#2297,#2146,#391,.T.);
#2948=EDGE_CURVE('',#2297,#2298,#1695,.T.);
#2949=EDGE_CURVE('',#2298,#2147,#392,.T.);
#2950=EDGE_CURVE('',#2298,#2299,#1696,.T.);
#2951=EDGE_CURVE('',#2299,#2148,#393,.T.);
#2952=EDGE_CURVE('',#2299,#2300,#1697,.T.);
#2953=EDGE_CURVE('',#2300,#2149,#394,.T.);
#2954=EDGE_CURVE('',#2300,#2301,#395,.T.);
#2955=EDGE_CURVE('',#2301,#2150,#396,.T.);
#2956=EDGE_CURVE('',#2302,#2284,#1698,.T.);
#2957=EDGE_CURVE('',#2303,#2302,#397,.T.);
#2958=EDGE_CURVE('',#2303,#2286,#1699,.T.);
#2959=EDGE_CURVE('',#2051,#2303,#398,.T.);
#2960=EDGE_CURVE('',#2052,#2302,#399,.T.);
#2961=EDGE_CURVE('',#2301,#2304,#400,.T.);
#2962=EDGE_CURVE('',#2304,#2151,#401,.T.);
#2963=EDGE_CURVE('',#2305,#2138,#402,.T.);
#2964=EDGE_CURVE('',#2305,#2292,#1700,.T.);
#2965=EDGE_CURVE('',#2306,#2137,#403,.T.);
#2966=EDGE_CURVE('',#2306,#2305,#1701,.T.);
#2967=EDGE_CURVE('',#2307,#2136,#404,.T.);
#2968=EDGE_CURVE('',#2307,#2306,#1702,.T.);
#2969=EDGE_CURVE('',#2308,#2135,#405,.T.);
#2970=EDGE_CURVE('',#2308,#2307,#1703,.T.);
#2971=EDGE_CURVE('',#2055,#2308,#1704,.T.);
#2972=EDGE_CURVE('',#2152,#2309,#406,.T.);
#2973=EDGE_CURVE('',#2309,#2050,#407,.T.);
#2974=EDGE_CURVE('',#2304,#2309,#408,.T.);
#2975=EDGE_CURVE('',#2061,#2120,#409,.T.);
#2976=EDGE_CURVE('',#2060,#2121,#410,.T.);
#2977=EDGE_CURVE('',#2220,#2310,#1705,.T.);
#2978=EDGE_CURVE('',#2310,#2205,#1887,.T.);
#2979=EDGE_CURVE('',#2310,#2311,#1888,.T.);
#2980=EDGE_CURVE('',#2311,#2250,#1889,.T.);
#2981=EDGE_CURVE('',#2197,#2312,#1706,.T.);
#2982=EDGE_CURVE('',#2312,#2313,#1890,.T.);
#2983=EDGE_CURVE('',#2313,#2206,#1707,.T.);
#2984=EDGE_CURVE('',#2314,#2315,#1708,.T.);
#2985=EDGE_CURVE('',#2315,#2316,#1709,.T.);
#2986=EDGE_CURVE('',#2316,#2317,#1891,.T.);
#2987=EDGE_CURVE('',#2317,#2314,#1710,.T.);
#2988=EDGE_CURVE('',#2316,#2250,#1711,.T.);
#2989=EDGE_CURVE('',#2311,#2317,#1712,.T.);
#2990=EDGE_CURVE('',#2313,#2318,#411,.T.);
#2991=EDGE_CURVE('',#2318,#2233,#412,.T.);
#2992=EDGE_CURVE('',#2319,#2312,#413,.T.);
#2993=EDGE_CURVE('',#2320,#2319,#414,.T.);
#2994=EDGE_CURVE('',#2321,#2320,#1892,.T.);
#2995=EDGE_CURVE('',#2322,#2321,#415,.T.);
#2996=EDGE_CURVE('',#2323,#2322,#1893,.T.);
#2997=EDGE_CURVE('',#2324,#2323,#416,.T.);
#2998=EDGE_CURVE('',#2325,#2324,#1894,.T.);
#2999=EDGE_CURVE('',#2318,#2325,#417,.T.);
#3000=EDGE_CURVE('',#2319,#2236,#418,.T.);
#3001=EDGE_CURVE('',#2315,#2326,#1713,.T.);
#3002=EDGE_CURVE('',#2326,#2167,#1714,.T.);
#3003=EDGE_CURVE('',#2327,#2166,#1715,.T.);
#3004=EDGE_CURVE('',#2328,#2327,#1716,.T.);
#3005=EDGE_CURVE('',#2328,#2329,#419,.T.);
#3006=EDGE_CURVE('',#2329,#2330,#1717,.T.);
#3007=EDGE_CURVE('',#2330,#2238,#1718,.T.);
#3008=EDGE_CURVE('',#2331,#2314,#420,.T.);
#3009=EDGE_CURVE('',#2332,#2331,#1719,.F.);
#3010=EDGE_CURVE('',#2332,#2333,#1895,.T.);
#3011=EDGE_CURVE('',#2333,#2326,#421,.T.);
#3012=EDGE_CURVE('',#2090,#2327,#1896,.T.);
#3013=EDGE_CURVE('',#2094,#2025,#1897,.T.);
#3014=EDGE_CURVE('',#2025,#2328,#1898,.T.);
#3015=EDGE_CURVE('',#2328,#2092,#1899,.T.);
#3016=EDGE_CURVE('',#2102,#2026,#1900,.T.);
#3017=EDGE_CURVE('',#2331,#2334,#1720,.T.);
#3018=EDGE_CURVE('',#2334,#2335,#1901,.T.);
#3019=EDGE_CURVE('',#2335,#2332,#1721,.T.);
#3020=EDGE_CURVE('',#2336,#2337,#1722,.T.);
#3021=EDGE_CURVE('',#2337,#2335,#1902,.T.);
#3022=EDGE_CURVE('',#2334,#2336,#1903,.T.);
#3023=EDGE_CURVE('',#2337,#2338,#422,.T.);
#3024=EDGE_CURVE('',#2339,#2338,#1904,.T.);
#3025=EDGE_CURVE('',#2339,#2340,#1905,.T.);
#3026=EDGE_CURVE('',#2341,#2340,#1906,.T.);
#3027=EDGE_CURVE('',#2341,#2342,#423,.T.);
#3028=EDGE_CURVE('',#2165,#2342,#1907,.T.);
#3029=EDGE_CURVE('',#2333,#2168,#1908,.T.);
#3030=EDGE_CURVE('',#2343,#2344,#1909,.T.);
#3031=EDGE_CURVE('',#2345,#2343,#1723,.T.);
#3032=EDGE_CURVE('',#2345,#2346,#1910,.T.);
#3033=EDGE_CURVE('',#2346,#2347,#1911,.T.);
#3034=EDGE_CURVE('',#2347,#2348,#1912,.T.);
#3035=EDGE_CURVE('',#2344,#2348,#1724,.T.);
#3036=EDGE_CURVE('',#2349,#2336,#424,.T.);
#3037=EDGE_CURVE('',#2350,#2349,#425,.T.);
#3038=EDGE_CURVE('',#2350,#2351,#426,.T.);
#3039=EDGE_CURVE('',#2352,#2351,#427,.T.);
#3040=EDGE_CURVE('',#2353,#2352,#428,.T.);
#3041=EDGE_CURVE('',#2128,#2353,#1725,.T.);
#3042=EDGE_CURVE('',#2354,#2127,#429,.T.);
#3043=EDGE_CURVE('',#2355,#2354,#1726,.F.);
#3044=EDGE_CURVE('',#2355,#2356,#430,.T.);
#3045=EDGE_CURVE('',#2356,#2357,#431,.T.);
#3046=EDGE_CURVE('',#2358,#2357,#432,.T.);
#3047=EDGE_CURVE('',#2358,#2359,#433,.T.);
#3048=EDGE_CURVE('',#2359,#2360,#434,.T.);
#3049=EDGE_CURVE('',#2361,#2360,#1727,.F.);
#3050=EDGE_CURVE('',#2338,#2361,#435,.T.);
#3051=EDGE_CURVE('',#2342,#2362,#1728,.T.);
#3052=EDGE_CURVE('',#2362,#2159,#1913,.T.);
#3053=EDGE_CURVE('',#2362,#2363,#436,.T.);
#3054=EDGE_CURVE('',#2364,#2363,#893,.T.);
#3055=EDGE_CURVE('',#2364,#2160,#1914,.T.);
#3056=EDGE_CURVE('',#2365,#2341,#437,.T.);
#3057=EDGE_CURVE('',#2366,#2365,#1729,.F.);
#3058=EDGE_CURVE('',#2366,#2367,#438,.T.);
#3059=EDGE_CURVE('',#2367,#2368,#439,.T.);
#3060=EDGE_CURVE('',#2368,#2369,#440,.T.);
#3061=EDGE_CURVE('',#2369,#2370,#441,.T.);
#3062=EDGE_CURVE('',#2370,#2371,#442,.T.);
#3063=EDGE_CURVE('',#2372,#2371,#1730,.F.);
#3064=EDGE_CURVE('',#2124,#2372,#443,.T.);
#3065=EDGE_CURVE('',#2373,#2123,#1731,.T.);
#3066=EDGE_CURVE('',#2374,#2373,#444,.T.);
#3067=EDGE_CURVE('',#2375,#2374,#445,.T.);
#3068=EDGE_CURVE('',#2375,#2376,#446,.T.);
#3069=EDGE_CURVE('',#2363,#2376,#447,.T.);
#3070=EDGE_CURVE('',#2377,#2131,#1732,.F.);
#3071=EDGE_CURVE('',#2129,#2378,#1915,.T.);
#3072=EDGE_CURVE('',#2378,#2377,#1733,.T.);
#3073=EDGE_CURVE('',#2353,#2378,#1916,.T.);
#3074=EDGE_CURVE('',#2158,#2373,#1917,.T.);
#3075=EDGE_CURVE('',#2343,#2344,#1734,.T.);
#3076=EDGE_CURVE('',#2348,#2379,#1735,.T.);
#3077=EDGE_CURVE('',#2379,#2380,#1736,.T.);
#3078=EDGE_CURVE('',#2380,#2381,#1737,.T.);
#3079=EDGE_CURVE('',#2381,#2382,#1738,.T.);
#3080=EDGE_CURVE('',#2382,#2345,#1739,.T.);
#3081=EDGE_CURVE('',#2219,#2377,#448,.T.);
#3082=EDGE_CURVE('',#2378,#2383,#449,.T.);
#3083=EDGE_CURVE('',#2383,#2384,#1740,.T.);
#3084=EDGE_CURVE('',#2384,#2385,#1741,.T.);
#3085=EDGE_CURVE('',#2385,#2386,#1742,.T.);
#3086=EDGE_CURVE('',#2386,#2334,#450,.T.);
#3087=EDGE_CURVE('',#2317,#2220,#451,.T.);
#3088=EDGE_CURVE('',#2387,#2388,#1743,.T.);
#3089=EDGE_CURVE('',#2388,#2389,#1744,.T.);
#3090=EDGE_CURVE('',#2389,#2390,#1745,.T.);
#3091=EDGE_CURVE('',#2390,#2391,#1746,.T.);
#3092=EDGE_CURVE('',#2391,#2387,#1747,.T.);
#3093=EDGE_CURVE('',#2392,#2393,#1918,.T.);
#3094=EDGE_CURVE('',#2393,#2372,#1919,.T.);
#3095=EDGE_CURVE('',#2371,#2392,#1920,.T.);
#3096=EDGE_CURVE('',#2388,#2393,#1921,.T.);
#3097=EDGE_CURVE('',#2392,#2389,#1922,.T.);
#3098=EDGE_CURVE('',#2394,#2387,#1748,.T.);
#3099=EDGE_CURVE('',#2391,#2395,#1749,.T.);
#3100=EDGE_CURVE('',#2395,#2396,#1750,.T.);
#3101=EDGE_CURVE('',#2396,#2394,#1751,.T.);
#3102=EDGE_CURVE('',#2396,#2397,#1923,.T.);
#3103=EDGE_CURVE('',#2397,#2398,#1924,.T.);
#3104=EDGE_CURVE('',#2398,#2394,#1925,.T.);
#3105=EDGE_CURVE('',#2354,#2398,#1926,.T.);
#3106=EDGE_CURVE('',#2397,#2355,#1927,.T.);
#3107=EDGE_CURVE('',#2399,#2395,#452,.T.);
#3108=EDGE_CURVE('',#2356,#2399,#453,.T.);
#3109=EDGE_CURVE('',#2400,#2391,#454,.T.);
#3110=EDGE_CURVE('',#2400,#2401,#1752,.T.);
#3111=EDGE_CURVE('',#2401,#2402,#455,.T.);
#3112=EDGE_CURVE('',#2403,#2402,#1753,.F.);
#3113=EDGE_CURVE('',#2399,#2403,#1754,.F.);
#3114=EDGE_CURVE('',#2404,#2405,#1755,.T.);
#3115=EDGE_CURVE('',#2405,#2404,#1756,.T.);
#3116=EDGE_CURVE('',#2406,#2390,#456,.T.);
#3117=EDGE_CURVE('',#2406,#2407,#1757,.T.);
#3118=EDGE_CURVE('',#2407,#2408,#1758,.T.);
#3119=EDGE_CURVE('',#2408,#2409,#457,.T.);
#3120=EDGE_CURVE('',#2409,#2400,#1759,.T.);
#3121=EDGE_CURVE('',#2410,#2411,#1760,.T.);
#3122=EDGE_CURVE('',#2411,#2410,#1761,.T.);
#3123=EDGE_CURVE('',#2370,#2406,#458,.T.);
#3124=EDGE_CURVE('',#2412,#2413,#1762,.T.);
#3125=EDGE_CURVE('',#2413,#2414,#1763,.T.);
#3126=EDGE_CURVE('',#2414,#2415,#1764,.T.);
#3127=EDGE_CURVE('',#2415,#2416,#1765,.T.);
#3128=EDGE_CURVE('',#2416,#2412,#1766,.T.);
#3129=EDGE_CURVE('',#2417,#2414,#1767,.T.);
#3130=EDGE_CURVE('',#2413,#2418,#1768,.T.);
#3131=EDGE_CURVE('',#2418,#2419,#1769,.T.);
#3132=EDGE_CURVE('',#2419,#2417,#1770,.T.);
#3133=EDGE_CURVE('',#2420,#2421,#1928,.T.);
#3134=EDGE_CURVE('',#2421,#2361,#1929,.T.);
#3135=EDGE_CURVE('',#2360,#2420,#1930,.T.);
#3136=EDGE_CURVE('',#2415,#2421,#1931,.T.);
#3137=EDGE_CURVE('',#2420,#2416,#1932,.T.);
#3138=EDGE_CURVE('',#2419,#2422,#1933,.T.);
#3139=EDGE_CURVE('',#2422,#2423,#1934,.T.);
#3140=EDGE_CURVE('',#2423,#2417,#1935,.T.);
#3141=EDGE_CURVE('',#2365,#2423,#1936,.T.);
#3142=EDGE_CURVE('',#2422,#2366,#1937,.T.);
#3143=EDGE_CURVE('',#2424,#2418,#459,.T.);
#3144=EDGE_CURVE('',#2367,#2424,#460,.T.);
#3145=EDGE_CURVE('',#2413,#2425,#461,.T.);
#3146=EDGE_CURVE('',#2425,#2426,#1771,.T.);
#3147=EDGE_CURVE('',#2426,#2427,#462,.T.);
#3148=EDGE_CURVE('',#2428,#2427,#1772,.F.);
#3149=EDGE_CURVE('',#2424,#2428,#1773,.F.);
#3150=EDGE_CURVE('',#2429,#2430,#1774,.T.);
#3151=EDGE_CURVE('',#2430,#2429,#1775,.T.);
#3152=EDGE_CURVE('',#2431,#2412,#463,.T.);
#3153=EDGE_CURVE('',#2431,#2432,#1776,.T.);
#3154=EDGE_CURVE('',#2432,#2433,#1777,.T.);
#3155=EDGE_CURVE('',#2433,#2434,#464,.T.);
#3156=EDGE_CURVE('',#2434,#2425,#1778,.T.);
#3157=EDGE_CURVE('',#2435,#2436,#1779,.T.);
#3158=EDGE_CURVE('',#2436,#2435,#1780,.T.);
#3159=EDGE_CURVE('',#2359,#2431,#465,.T.);
#3160=EDGE_CURVE('',#2280,#2437,#466,.T.);
#3161=EDGE_CURVE('',#2437,#2438,#1781,.T.);
#3162=EDGE_CURVE('',#2438,#2437,#1782,.T.);
#3163=EDGE_CURVE('',#2438,#2439,#467,.T.);
#3164=EDGE_CURVE('',#2439,#2439,#1938,.T.);
#3165=EDGE_CURVE('',#2283,#2440,#468,.T.);
#3166=EDGE_CURVE('',#2440,#2441,#1783,.T.);
#3167=EDGE_CURVE('',#2441,#2440,#1784,.T.);
#3168=EDGE_CURVE('',#2441,#2442,#469,.T.);
#3169=EDGE_CURVE('',#2442,#2442,#1939,.T.);
#3170=EDGE_CURVE('',#2281,#2443,#470,.T.);
#3171=EDGE_CURVE('',#2443,#2444,#1785,.T.);
#3172=EDGE_CURVE('',#2444,#2443,#1786,.T.);
#3173=EDGE_CURVE('',#2444,#2445,#471,.T.);
#3174=EDGE_CURVE('',#2445,#2445,#1940,.T.);
#3175=EDGE_CURVE('',#2282,#2446,#472,.T.);
#3176=EDGE_CURVE('',#2446,#2447,#1787,.T.);
#3177=EDGE_CURVE('',#2447,#2446,#1788,.T.);
#3178=EDGE_CURVE('',#2447,#2448,#473,.T.);
#3179=EDGE_CURVE('',#2448,#2448,#1941,.T.);
#3180=EDGE_CURVE('',#2376,#2449,#894,.F.);
#3181=EDGE_CURVE('',#2449,#2364,#474,.T.);
#3182=EDGE_CURVE('',#2450,#2449,#1942,.T.);
#3183=EDGE_CURVE('',#2451,#2450,#475,.T.);
#3184=EDGE_CURVE('',#2452,#2451,#1943,.T.);
#3185=EDGE_CURVE('',#2453,#2452,#1944,.T.);
#3186=EDGE_CURVE('',#2161,#2453,#476,.T.);
#3187=EDGE_CURVE('',#2374,#2454,#895,.T.);
#3188=EDGE_CURVE('',#2454,#2455,#477,.T.);
#3189=EDGE_CURVE('',#2455,#2375,#896,.F.);
#3190=EDGE_CURVE('',#2349,#2456,#897,.T.);
#3191=EDGE_CURVE('',#2456,#2457,#478,.T.);
#3192=EDGE_CURVE('',#2457,#2350,#898,.F.);
#3193=EDGE_CURVE('',#2458,#2352,#899,.T.);
#3194=EDGE_CURVE('',#2351,#2459,#900,.F.);
#3195=EDGE_CURVE('',#2459,#2458,#479,.T.);
#3196=EDGE_CURVE('',#2458,#2383,#1945,.T.);
#3197=EDGE_CURVE('',#2245,#2459,#1946,.T.);
#3198=EDGE_CURVE('',#2460,#2244,#1947,.T.);
#3199=EDGE_CURVE('',#2384,#2460,#480,.T.);
#3200=EDGE_CURVE('',#2461,#2451,#1789,.F.);
#3201=EDGE_CURVE('',#2450,#2462,#1790,.F.);
#3202=EDGE_CURVE('',#2462,#2461,#481,.T.);
#3203=EDGE_CURVE('',#2463,#2464,#1791,.F.);
#3204=EDGE_CURVE('',#2464,#2465,#482,.T.);
#3205=EDGE_CURVE('',#2465,#2466,#1792,.F.);
#3206=EDGE_CURVE('',#2466,#2463,#483,.T.);
#3207=EDGE_CURVE('',#2279,#2467,#484,.T.);
#3208=EDGE_CURVE('',#2465,#2467,#485,.T.);
#3209=EDGE_CURVE('',#2464,#2461,#486,.T.);
#3210=EDGE_CURVE('',#2468,#2462,#487,.T.);
#3211=EDGE_CURVE('',#2468,#2276,#488,.T.);
#3212=EDGE_CURVE('',#2330,#2275,#489,.T.);
#3213=EDGE_CURVE('',#2203,#2329,#1948,.T.);
#3214=EDGE_CURVE('',#2077,#2021,#490,.T.);
#3215=EDGE_CURVE('',#2469,#2274,#491,.T.);
#3216=EDGE_CURVE('',#2470,#2469,#1949,.T.);
#3217=EDGE_CURVE('',#2241,#2470,#1950,.T.);
#3218=EDGE_CURVE('',#2471,#2246,#1951,.T.);
#3219=EDGE_CURVE('',#2472,#2471,#1952,.T.);
#3220=EDGE_CURVE('',#2273,#2472,#492,.T.);
#3221=EDGE_CURVE('',#2473,#2278,#493,.T.);
#3222=EDGE_CURVE('',#2474,#2473,#1953,.T.);
#3223=EDGE_CURVE('',#2467,#2474,#1954,.T.);
#3224=EDGE_CURVE('',#2475,#2468,#1955,.T.);
#3225=EDGE_CURVE('',#2476,#2475,#1956,.T.);
#3226=EDGE_CURVE('',#2277,#2476,#494,.T.);
#3227=EDGE_CURVE('',#2457,#2242,#1957,.T.);
#3228=EDGE_CURVE('',#2470,#2471,#495,.T.);
#3229=EDGE_CURVE('',#2455,#2466,#1958,.T.);
#3230=EDGE_CURVE('',#2475,#2474,#496,.T.);
#3231=EDGE_CURVE('',#2477,#2460,#497,.T.);
#3232=EDGE_CURVE('',#2477,#2385,#498,.T.);
#3233=EDGE_CURVE('',#2163,#2454,#1959,.T.);
#3234=EDGE_CURVE('',#2478,#2162,#499,.T.);
#3235=EDGE_CURVE('',#2479,#2478,#1960,.T.);
#3236=EDGE_CURVE('',#2463,#2479,#1961,.T.);
#3237=EDGE_CURVE('',#2469,#2472,#500,.T.);
#3238=EDGE_CURVE('',#2386,#2456,#1962,.T.);
#3239=EDGE_CURVE('',#2243,#2477,#1963,.T.);
#3240=EDGE_CURVE('',#2453,#2478,#501,.T.);
#3241=EDGE_CURVE('',#2452,#2479,#502,.T.);
#3242=EDGE_CURVE('',#2476,#2473,#503,.T.);
#3243=EDGE_CURVE('',#2402,#2480,#1793,.T.);
#3244=EDGE_CURVE('',#2480,#2403,#1964,.T.);
#3245=EDGE_CURVE('',#2480,#2399,#1794,.T.);
#3246=EDGE_CURVE('',#2401,#2481,#1795,.T.);
#3247=EDGE_CURVE('',#2481,#2356,#504,.T.);
#3248=EDGE_CURVE('',#2407,#2482,#1965,.T.);
#3249=EDGE_CURVE('',#2482,#2408,#1796,.T.);
#3250=EDGE_CURVE('',#2406,#2482,#1797,.T.);
#3251=EDGE_CURVE('',#2483,#2370,#505,.T.);
#3252=EDGE_CURVE('',#2483,#2409,#1798,.T.);
#3253=EDGE_CURVE('',#2432,#2484,#1966,.T.);
#3254=EDGE_CURVE('',#2484,#2433,#1799,.T.);
#3255=EDGE_CURVE('',#2431,#2484,#1800,.T.);
#3256=EDGE_CURVE('',#2340,#2423,#506,.T.);
#3257=EDGE_CURVE('',#2421,#2339,#507,.T.);
#3258=EDGE_CURVE('',#2427,#2485,#1801,.T.);
#3259=EDGE_CURVE('',#2485,#2428,#1967,.T.);
#3260=EDGE_CURVE('',#2485,#2424,#1802,.T.);
#3261=EDGE_CURVE('',#2426,#2486,#1803,.T.);
#3262=EDGE_CURVE('',#2486,#2367,#508,.T.);
#3263=EDGE_CURVE('',#2486,#2368,#509,.T.);
#3264=EDGE_CURVE('',#2358,#2487,#510,.T.);
#3265=EDGE_CURVE('',#2487,#2359,#511,.T.);
#3266=EDGE_CURVE('',#2487,#2434,#1804,.T.);
#3267=EDGE_CURVE('',#2369,#2483,#512,.T.);
#3268=EDGE_CURVE('',#2481,#2357,#513,.T.);
#3269=EDGE_CURVE('',#2126,#2398,#514,.T.);
#3270=EDGE_CURVE('',#2393,#2125,#515,.T.);
#3271=EDGE_CURVE('',#2411,#2488,#516,.T.);
#3272=EDGE_CURVE('',#2488,#2488,#1968,.T.);
#3273=EDGE_CURVE('',#2405,#2489,#517,.T.);
#3274=EDGE_CURVE('',#2489,#2489,#1969,.T.);
#3275=EDGE_CURVE('',#2234,#2325,#518,.T.);
#3276=EDGE_CURVE('',#2324,#2490,#901,.T.);
#3277=EDGE_CURVE('',#2490,#2491,#1970,.T.);
#3278=EDGE_CURVE('',#2491,#2321,#902,.T.);
#3279=EDGE_CURVE('',#2320,#2235,#519,.T.);
#3280=EDGE_CURVE('',#2382,#2430,#520,.T.);
#3281=EDGE_CURVE('',#2492,#2381,#1971,.T.);
#3282=EDGE_CURVE('',#2493,#2492,#521,.T.);
#3283=EDGE_CURVE('',#2494,#2493,#1972,.T.);
#3284=EDGE_CURVE('',#2346,#2494,#522,.T.);
#3285=EDGE_CURVE('',#2380,#2495,#1973,.T.);
#3286=EDGE_CURVE('',#2379,#2436,#523,.T.);
#3287=EDGE_CURVE('',#2496,#2347,#524,.T.);
#3288=EDGE_CURVE('',#2497,#2496,#1974,.T.);
#3289=EDGE_CURVE('',#2495,#2497,#525,.T.);
#3290=EDGE_CURVE('',#2495,#2492,#1975,.T.);
#3291=EDGE_CURVE('',#2493,#2497,#1976,.T.);
#3292=EDGE_CURVE('',#2496,#2494,#1977,.T.);
#3293=EDGE_CURVE('',#2155,#2498,#526,.T.);
#3294=EDGE_CURVE('',#2499,#2498,#1978,.T.);
#3295=EDGE_CURVE('',#2156,#2499,#527,.T.);
#3296=EDGE_CURVE('',#2500,#2499,#528,.T.);
#3297=EDGE_CURVE('',#2153,#2500,#529,.T.);
#3298=EDGE_CURVE('',#2501,#2500,#1979,.T.);
#3299=EDGE_CURVE('',#2154,#2501,#530,.T.);
#3300=EDGE_CURVE('',#2498,#2501,#531,.T.);
#3301=EDGE_CURVE('',#2323,#2502,#903,.T.);
#3302=EDGE_CURVE('',#2502,#2490,#532,.T.);
#3303=EDGE_CURVE('',#2503,#2322,#904,.T.);
#3304=EDGE_CURVE('',#2502,#2503,#1980,.T.);
#3305=EDGE_CURVE('',#2491,#2503,#533,.T.);
#3306=ORIENTED_EDGE('',*,*,#2504,.T.);
#3307=ORIENTED_EDGE('',*,*,#2505,.T.);
#3308=ORIENTED_EDGE('',*,*,#2506,.T.);
#3309=ORIENTED_EDGE('',*,*,#2507,.T.);
#3310=ORIENTED_EDGE('',*,*,#2508,.T.);
#3311=ORIENTED_EDGE('',*,*,#2509,.T.);
#3312=ORIENTED_EDGE('',*,*,#2506,.F.);
#3313=ORIENTED_EDGE('',*,*,#2510,.T.);
#3314=ORIENTED_EDGE('',*,*,#2511,.T.);
#3315=ORIENTED_EDGE('',*,*,#2512,.T.);
#3316=ORIENTED_EDGE('',*,*,#2508,.F.);
#3317=ORIENTED_EDGE('',*,*,#2513,.T.);
#3318=ORIENTED_EDGE('',*,*,#2514,.T.);
#3319=ORIENTED_EDGE('',*,*,#2515,.T.);
#3320=ORIENTED_EDGE('',*,*,#2504,.F.);
#3321=ORIENTED_EDGE('',*,*,#2511,.F.);
#3322=ORIENTED_EDGE('',*,*,#2516,.T.);
#3323=ORIENTED_EDGE('',*,*,#2517,.T.);
#3324=ORIENTED_EDGE('',*,*,#2518,.T.);
#3325=ORIENTED_EDGE('',*,*,#2519,.T.);
#3326=ORIENTED_EDGE('',*,*,#2520,.T.);
#3327=ORIENTED_EDGE('',*,*,#2517,.F.);
#3328=ORIENTED_EDGE('',*,*,#2521,.T.);
#3329=ORIENTED_EDGE('',*,*,#2522,.F.);
#3330=ORIENTED_EDGE('',*,*,#2523,.T.);
#3331=ORIENTED_EDGE('',*,*,#2519,.F.);
#3332=ORIENTED_EDGE('',*,*,#2524,.T.);
#3333=ORIENTED_EDGE('',*,*,#2518,.F.);
#3334=ORIENTED_EDGE('',*,*,#2520,.F.);
#3335=ORIENTED_EDGE('',*,*,#2523,.F.);
#3336=ORIENTED_EDGE('',*,*,#2525,.F.);
#3337=ORIENTED_EDGE('',*,*,#2526,.F.);
#3338=ORIENTED_EDGE('',*,*,#2527,.F.);
#3339=ORIENTED_EDGE('',*,*,#2528,.F.);
#3340=ORIENTED_EDGE('',*,*,#2529,.T.);
#3341=ORIENTED_EDGE('',*,*,#2530,.F.);
#3342=ORIENTED_EDGE('',*,*,#2531,.T.);
#3343=ORIENTED_EDGE('',*,*,#2532,.T.);
#3344=ORIENTED_EDGE('',*,*,#2533,.T.);
#3345=ORIENTED_EDGE('',*,*,#2534,.T.);
#3346=ORIENTED_EDGE('',*,*,#2524,.F.);
#3347=ORIENTED_EDGE('',*,*,#2535,.T.);
#3348=ORIENTED_EDGE('',*,*,#2536,.F.);
#3349=ORIENTED_EDGE('',*,*,#2537,.T.);
#3350=ORIENTED_EDGE('',*,*,#2538,.T.);
#3351=ORIENTED_EDGE('',*,*,#2521,.F.);
#3352=ORIENTED_EDGE('',*,*,#2539,.F.);
#3353=ORIENTED_EDGE('',*,*,#2540,.T.);
#3354=ORIENTED_EDGE('',*,*,#2535,.F.);
#3355=ORIENTED_EDGE('',*,*,#2516,.F.);
#3356=ORIENTED_EDGE('',*,*,#2513,.F.);
#3357=ORIENTED_EDGE('',*,*,#2541,.T.);
#3358=ORIENTED_EDGE('',*,*,#2542,.T.);
#3359=ORIENTED_EDGE('',*,*,#2539,.T.);
#3360=ORIENTED_EDGE('',*,*,#2510,.F.);
#3361=ORIENTED_EDGE('',*,*,#2543,.F.);
#3362=ORIENTED_EDGE('',*,*,#2544,.F.);
#3363=ORIENTED_EDGE('',*,*,#2541,.F.);
#3364=ORIENTED_EDGE('',*,*,#2544,.T.);
#3365=ORIENTED_EDGE('',*,*,#2545,.T.);
#3366=ORIENTED_EDGE('',*,*,#2546,.T.);
#3367=ORIENTED_EDGE('',*,*,#2542,.F.);
#3368=ORIENTED_EDGE('',*,*,#2547,.T.);
#3369=ORIENTED_EDGE('',*,*,#2548,.T.);
#3370=ORIENTED_EDGE('',*,*,#2545,.F.);
#3371=ORIENTED_EDGE('',*,*,#2543,.T.);
#3372=ORIENTED_EDGE('',*,*,#2505,.F.);
#3373=ORIENTED_EDGE('',*,*,#2515,.F.);
#3374=ORIENTED_EDGE('',*,*,#2546,.F.);
#3375=ORIENTED_EDGE('',*,*,#2549,.T.);
#3376=ORIENTED_EDGE('',*,*,#2550,.F.);
#3377=ORIENTED_EDGE('',*,*,#2540,.F.);
#3378=ORIENTED_EDGE('',*,*,#2551,.T.);
#3379=ORIENTED_EDGE('',*,*,#2552,.F.);
#3380=ORIENTED_EDGE('',*,*,#2549,.F.);
#3381=ORIENTED_EDGE('',*,*,#2548,.F.);
#3382=ORIENTED_EDGE('',*,*,#2553,.T.);
#3383=ORIENTED_EDGE('',*,*,#2554,.F.);
#3384=ORIENTED_EDGE('',*,*,#2555,.T.);
#3385=ORIENTED_EDGE('',*,*,#2556,.T.);
#3386=ORIENTED_EDGE('',*,*,#2552,.T.);
#3387=ORIENTED_EDGE('',*,*,#2557,.T.);
#3388=ORIENTED_EDGE('',*,*,#2558,.T.);
#3389=ORIENTED_EDGE('',*,*,#2536,.T.);
#3390=ORIENTED_EDGE('',*,*,#2550,.T.);
#3391=ORIENTED_EDGE('',*,*,#2556,.F.);
#3392=ORIENTED_EDGE('',*,*,#2555,.F.);
#3393=ORIENTED_EDGE('',*,*,#2559,.F.);
#3394=ORIENTED_EDGE('',*,*,#2537,.F.);
#3395=ORIENTED_EDGE('',*,*,#2558,.F.);
#3396=ORIENTED_EDGE('',*,*,#2559,.T.);
#3397=ORIENTED_EDGE('',*,*,#2554,.T.);
#3398=ORIENTED_EDGE('',*,*,#2553,.F.);
#3399=ORIENTED_EDGE('',*,*,#2560,.T.);
#3400=ORIENTED_EDGE('',*,*,#2561,.T.);
#3401=ORIENTED_EDGE('',*,*,#2562,.T.);
#3402=ORIENTED_EDGE('',*,*,#2563,.T.);
#3403=ORIENTED_EDGE('',*,*,#2564,.T.);
#3404=ORIENTED_EDGE('',*,*,#2565,.T.);
#3405=ORIENTED_EDGE('',*,*,#2566,.F.);
#3406=ORIENTED_EDGE('',*,*,#2567,.F.);
#3407=ORIENTED_EDGE('',*,*,#2568,.F.);
#3408=ORIENTED_EDGE('',*,*,#2525,.T.);
#3409=ORIENTED_EDGE('',*,*,#2522,.T.);
#3410=ORIENTED_EDGE('',*,*,#2534,.F.);
#3411=ORIENTED_EDGE('',*,*,#2538,.F.);
#3412=ORIENTED_EDGE('',*,*,#2569,.F.);
#3413=ORIENTED_EDGE('',*,*,#2570,.F.);
#3414=ORIENTED_EDGE('',*,*,#2571,.F.);
#3415=ORIENTED_EDGE('',*,*,#2572,.F.);
#3416=ORIENTED_EDGE('',*,*,#2573,.T.);
#3417=ORIENTED_EDGE('',*,*,#2574,.F.);
#3418=ORIENTED_EDGE('',*,*,#2575,.T.);
#3419=ORIENTED_EDGE('',*,*,#2576,.F.);
#3420=ORIENTED_EDGE('',*,*,#2577,.F.);
#3421=ORIENTED_EDGE('',*,*,#2571,.T.);
#3422=ORIENTED_EDGE('',*,*,#2578,.F.);
#3423=ORIENTED_EDGE('',*,*,#2579,.F.);
#3424=ORIENTED_EDGE('',*,*,#2580,.F.);
#3425=ORIENTED_EDGE('',*,*,#2579,.T.);
#3426=ORIENTED_EDGE('',*,*,#2581,.F.);
#3427=ORIENTED_EDGE('',*,*,#2582,.F.);
#3428=ORIENTED_EDGE('',*,*,#2583,.F.);
#3429=ORIENTED_EDGE('',*,*,#2584,.F.);
#3430=ORIENTED_EDGE('',*,*,#2532,.F.);
#3431=ORIENTED_EDGE('',*,*,#2585,.F.);
#3432=ORIENTED_EDGE('',*,*,#2586,.F.);
#3433=ORIENTED_EDGE('',*,*,#2587,.F.);
#3434=ORIENTED_EDGE('',*,*,#2588,.F.);
#3435=ORIENTED_EDGE('',*,*,#2589,.F.);
#3436=ORIENTED_EDGE('',*,*,#2590,.F.);
#3437=ORIENTED_EDGE('',*,*,#2591,.F.);
#3438=ORIENTED_EDGE('',*,*,#2592,.F.);
#3439=ORIENTED_EDGE('',*,*,#2593,.F.);
#3440=ORIENTED_EDGE('',*,*,#2594,.F.);
#3441=ORIENTED_EDGE('',*,*,#2595,.F.);
#3442=ORIENTED_EDGE('',*,*,#2596,.F.);
#3443=ORIENTED_EDGE('',*,*,#2597,.F.);
#3444=ORIENTED_EDGE('',*,*,#2598,.F.);
#3445=ORIENTED_EDGE('',*,*,#2599,.F.);
#3446=ORIENTED_EDGE('',*,*,#2600,.F.);
#3447=ORIENTED_EDGE('',*,*,#2601,.F.);
#3448=ORIENTED_EDGE('',*,*,#2602,.F.);
#3449=ORIENTED_EDGE('',*,*,#2603,.F.);
#3450=ORIENTED_EDGE('',*,*,#2573,.F.);
#3451=ORIENTED_EDGE('',*,*,#2604,.F.);
#3452=ORIENTED_EDGE('',*,*,#2605,.F.);
#3453=ORIENTED_EDGE('',*,*,#2575,.F.);
#3454=ORIENTED_EDGE('',*,*,#2592,.T.);
#3455=ORIENTED_EDGE('',*,*,#2606,.F.);
#3456=ORIENTED_EDGE('',*,*,#2607,.F.);
#3457=ORIENTED_EDGE('',*,*,#2608,.F.);
#3458=ORIENTED_EDGE('',*,*,#2609,.F.);
#3459=ORIENTED_EDGE('',*,*,#2591,.T.);
#3460=ORIENTED_EDGE('',*,*,#2610,.F.);
#3461=ORIENTED_EDGE('',*,*,#2611,.T.);
#3462=ORIENTED_EDGE('',*,*,#2606,.T.);
#3463=ORIENTED_EDGE('',*,*,#2589,.T.);
#3464=ORIENTED_EDGE('',*,*,#2612,.T.);
#3465=ORIENTED_EDGE('',*,*,#2613,.T.);
#3466=ORIENTED_EDGE('',*,*,#2614,.F.);
#3467=ORIENTED_EDGE('',*,*,#2588,.T.);
#3468=ORIENTED_EDGE('',*,*,#2615,.F.);
#3469=ORIENTED_EDGE('',*,*,#2616,.F.);
#3470=ORIENTED_EDGE('',*,*,#2612,.F.);
#3471=ORIENTED_EDGE('',*,*,#2587,.T.);
#3472=ORIENTED_EDGE('',*,*,#2617,.F.);
#3473=ORIENTED_EDGE('',*,*,#2618,.T.);
#3474=ORIENTED_EDGE('',*,*,#2615,.T.);
#3475=ORIENTED_EDGE('',*,*,#2585,.T.);
#3476=ORIENTED_EDGE('',*,*,#2574,.T.);
#3477=ORIENTED_EDGE('',*,*,#2619,.T.);
#3478=ORIENTED_EDGE('',*,*,#2620,.T.);
#3479=ORIENTED_EDGE('',*,*,#2621,.T.);
#3480=ORIENTED_EDGE('',*,*,#2576,.T.);
#3481=ORIENTED_EDGE('',*,*,#2605,.T.);
#3482=ORIENTED_EDGE('',*,*,#2622,.F.);
#3483=ORIENTED_EDGE('',*,*,#2623,.F.);
#3484=ORIENTED_EDGE('',*,*,#2624,.T.);
#3485=ORIENTED_EDGE('',*,*,#2625,.T.);
#3486=ORIENTED_EDGE('',*,*,#2626,.F.);
#3487=ORIENTED_EDGE('',*,*,#2619,.F.);
#3488=ORIENTED_EDGE('',*,*,#2604,.T.);
#3489=ORIENTED_EDGE('',*,*,#2572,.T.);
#3490=ORIENTED_EDGE('',*,*,#2577,.T.);
#3491=ORIENTED_EDGE('',*,*,#2580,.T.);
#3492=ORIENTED_EDGE('',*,*,#2531,.F.);
#3493=ORIENTED_EDGE('',*,*,#2627,.F.);
#3494=ORIENTED_EDGE('',*,*,#2628,.F.);
#3495=ORIENTED_EDGE('',*,*,#2629,.F.);
#3496=ORIENTED_EDGE('',*,*,#2630,.F.);
#3497=ORIENTED_EDGE('',*,*,#2631,.F.);
#3498=ORIENTED_EDGE('',*,*,#2622,.T.);
#3499=ORIENTED_EDGE('',*,*,#2582,.T.);
#3500=ORIENTED_EDGE('',*,*,#2632,.T.);
#3501=ORIENTED_EDGE('',*,*,#2633,.T.);
#3502=ORIENTED_EDGE('',*,*,#2634,.T.);
#3503=ORIENTED_EDGE('',*,*,#2512,.F.);
#3504=ORIENTED_EDGE('',*,*,#2533,.F.);
#3505=ORIENTED_EDGE('',*,*,#2584,.T.);
#3506=ORIENTED_EDGE('',*,*,#2635,.T.);
#3507=ORIENTED_EDGE('',*,*,#2507,.F.);
#3508=ORIENTED_EDGE('',*,*,#2509,.F.);
#3509=ORIENTED_EDGE('',*,*,#2636,.T.);
#3510=ORIENTED_EDGE('',*,*,#2629,.T.);
#3511=ORIENTED_EDGE('',*,*,#2637,.T.);
#3512=ORIENTED_EDGE('',*,*,#2638,.T.);
#3513=ORIENTED_EDGE('',*,*,#2639,.T.);
#3514=ORIENTED_EDGE('',*,*,#2630,.T.);
#3515=ORIENTED_EDGE('',*,*,#2636,.F.);
#3516=ORIENTED_EDGE('',*,*,#2624,.F.);
#3517=ORIENTED_EDGE('',*,*,#2638,.F.);
#3518=ORIENTED_EDGE('',*,*,#2640,.F.);
#3519=ORIENTED_EDGE('',*,*,#2641,.F.);
#3520=ORIENTED_EDGE('',*,*,#2625,.F.);
#3521=ORIENTED_EDGE('',*,*,#2530,.T.);
#3522=ORIENTED_EDGE('',*,*,#2642,.T.);
#3523=ORIENTED_EDGE('',*,*,#2643,.T.);
#3524=ORIENTED_EDGE('',*,*,#2627,.T.);
#3525=ORIENTED_EDGE('',*,*,#2642,.F.);
#3526=ORIENTED_EDGE('',*,*,#2529,.F.);
#3527=ORIENTED_EDGE('',*,*,#2644,.F.);
#3528=ORIENTED_EDGE('',*,*,#2645,.F.);
#3529=ORIENTED_EDGE('',*,*,#2626,.T.);
#3530=ORIENTED_EDGE('',*,*,#2646,.F.);
#3531=ORIENTED_EDGE('',*,*,#2647,.T.);
#3532=ORIENTED_EDGE('',*,*,#2648,.T.);
#3533=ORIENTED_EDGE('',*,*,#2649,.T.);
#3534=ORIENTED_EDGE('',*,*,#2650,.T.);
#3535=ORIENTED_EDGE('',*,*,#2620,.F.);
#3536=ORIENTED_EDGE('',*,*,#2651,.T.);
#3537=ORIENTED_EDGE('',*,*,#2647,.F.);
#3538=ORIENTED_EDGE('',*,*,#2652,.F.);
#3539=ORIENTED_EDGE('',*,*,#2653,.T.);
#3540=ORIENTED_EDGE('',*,*,#2654,.T.);
#3541=ORIENTED_EDGE('',*,*,#2655,.F.);
#3542=ORIENTED_EDGE('',*,*,#2653,.F.);
#3543=ORIENTED_EDGE('',*,*,#2656,.T.);
#3544=ORIENTED_EDGE('',*,*,#2657,.T.);
#3545=ORIENTED_EDGE('',*,*,#2658,.F.);
#3546=ORIENTED_EDGE('',*,*,#2657,.F.);
#3547=ORIENTED_EDGE('',*,*,#2659,.T.);
#3548=ORIENTED_EDGE('',*,*,#2660,.T.);
#3549=ORIENTED_EDGE('',*,*,#2661,.F.);
#3550=ORIENTED_EDGE('',*,*,#2660,.F.);
#3551=ORIENTED_EDGE('',*,*,#2662,.T.);
#3552=ORIENTED_EDGE('',*,*,#2663,.T.);
#3553=ORIENTED_EDGE('',*,*,#2664,.T.);
#3554=ORIENTED_EDGE('',*,*,#2665,.T.);
#3555=ORIENTED_EDGE('',*,*,#2666,.T.);
#3556=ORIENTED_EDGE('',*,*,#2665,.F.);
#3557=ORIENTED_EDGE('',*,*,#2666,.F.);
#3558=ORIENTED_EDGE('',*,*,#2667,.T.);
#3559=ORIENTED_EDGE('',*,*,#2668,.T.);
#3560=ORIENTED_EDGE('',*,*,#2669,.T.);
#3561=ORIENTED_EDGE('',*,*,#2668,.F.);
#3562=ORIENTED_EDGE('',*,*,#2669,.F.);
#3563=ORIENTED_EDGE('',*,*,#2670,.T.);
#3564=ORIENTED_EDGE('',*,*,#2671,.T.);
#3565=ORIENTED_EDGE('',*,*,#2672,.T.);
#3566=ORIENTED_EDGE('',*,*,#2671,.F.);
#3567=ORIENTED_EDGE('',*,*,#2672,.F.);
#3568=ORIENTED_EDGE('',*,*,#2673,.F.);
#3569=ORIENTED_EDGE('',*,*,#2663,.F.);
#3570=ORIENTED_EDGE('',*,*,#2674,.T.);
#3571=ORIENTED_EDGE('',*,*,#2675,.T.);
#3572=ORIENTED_EDGE('',*,*,#2676,.F.);
#3573=ORIENTED_EDGE('',*,*,#2675,.F.);
#3574=ORIENTED_EDGE('',*,*,#2677,.T.);
#3575=ORIENTED_EDGE('',*,*,#2678,.T.);
#3576=ORIENTED_EDGE('',*,*,#2527,.T.);
#3577=ORIENTED_EDGE('',*,*,#2678,.F.);
#3578=ORIENTED_EDGE('',*,*,#2679,.T.);
#3579=ORIENTED_EDGE('',*,*,#2641,.T.);
#3580=ORIENTED_EDGE('',*,*,#2680,.T.);
#3581=ORIENTED_EDGE('',*,*,#2681,.T.);
#3582=ORIENTED_EDGE('',*,*,#2682,.T.);
#3583=ORIENTED_EDGE('',*,*,#2683,.T.);
#3584=ORIENTED_EDGE('',*,*,#2684,.T.);
#3585=ORIENTED_EDGE('',*,*,#2685,.T.);
#3586=ORIENTED_EDGE('',*,*,#2686,.T.);
#3587=ORIENTED_EDGE('',*,*,#2687,.T.);
#3588=ORIENTED_EDGE('',*,*,#2688,.T.);
#3589=ORIENTED_EDGE('',*,*,#2644,.T.);
#3590=ORIENTED_EDGE('',*,*,#2528,.T.);
#3591=ORIENTED_EDGE('',*,*,#2679,.F.);
#3592=ORIENTED_EDGE('',*,*,#2677,.F.);
#3593=ORIENTED_EDGE('',*,*,#2674,.F.);
#3594=ORIENTED_EDGE('',*,*,#2662,.F.);
#3595=ORIENTED_EDGE('',*,*,#2659,.F.);
#3596=ORIENTED_EDGE('',*,*,#2656,.F.);
#3597=ORIENTED_EDGE('',*,*,#2652,.T.);
#3598=ORIENTED_EDGE('',*,*,#2646,.T.);
#3599=ORIENTED_EDGE('',*,*,#2664,.F.);
#3600=ORIENTED_EDGE('',*,*,#2667,.F.);
#3601=ORIENTED_EDGE('',*,*,#2670,.F.);
#3602=ORIENTED_EDGE('',*,*,#2682,.F.);
#3603=ORIENTED_EDGE('',*,*,#2689,.T.);
#3604=ORIENTED_EDGE('',*,*,#2690,.T.);
#3605=ORIENTED_EDGE('',*,*,#2691,.T.);
#3606=ORIENTED_EDGE('',*,*,#2681,.F.);
#3607=ORIENTED_EDGE('',*,*,#2692,.T.);
#3608=ORIENTED_EDGE('',*,*,#2693,.T.);
#3609=ORIENTED_EDGE('',*,*,#2694,.F.);
#3610=ORIENTED_EDGE('',*,*,#2695,.T.);
#3611=ORIENTED_EDGE('',*,*,#2696,.F.);
#3612=ORIENTED_EDGE('',*,*,#2697,.F.);
#3613=ORIENTED_EDGE('',*,*,#2689,.F.);
#3614=ORIENTED_EDGE('',*,*,#2594,.T.);
#3615=ORIENTED_EDGE('',*,*,#2698,.T.);
#3616=ORIENTED_EDGE('',*,*,#2699,.T.);
#3617=ORIENTED_EDGE('',*,*,#2700,.T.);
#3618=ORIENTED_EDGE('',*,*,#2610,.T.);
#3619=ORIENTED_EDGE('',*,*,#2590,.T.);
#3620=ORIENTED_EDGE('',*,*,#2614,.T.);
#3621=ORIENTED_EDGE('',*,*,#2701,.T.);
#3622=ORIENTED_EDGE('',*,*,#2617,.T.);
#3623=ORIENTED_EDGE('',*,*,#2586,.T.);
#3624=ORIENTED_EDGE('',*,*,#2621,.F.);
#3625=ORIENTED_EDGE('',*,*,#2650,.F.);
#3626=ORIENTED_EDGE('',*,*,#2702,.F.);
#3627=ORIENTED_EDGE('',*,*,#2703,.F.);
#3628=ORIENTED_EDGE('',*,*,#2704,.T.);
#3629=ORIENTED_EDGE('',*,*,#2705,.F.);
#3630=ORIENTED_EDGE('',*,*,#2706,.T.);
#3631=ORIENTED_EDGE('',*,*,#2707,.F.);
#3632=ORIENTED_EDGE('',*,*,#2708,.T.);
#3633=ORIENTED_EDGE('',*,*,#2709,.F.);
#3634=ORIENTED_EDGE('',*,*,#2710,.F.);
#3635=ORIENTED_EDGE('',*,*,#2711,.F.);
#3636=ORIENTED_EDGE('',*,*,#2712,.F.);
#3637=ORIENTED_EDGE('',*,*,#2713,.F.);
#3638=ORIENTED_EDGE('',*,*,#2714,.F.);
#3639=ORIENTED_EDGE('',*,*,#2715,.F.);
#3640=ORIENTED_EDGE('',*,*,#2602,.T.);
#3641=ORIENTED_EDGE('',*,*,#2716,.T.);
#3642=ORIENTED_EDGE('',*,*,#2717,.T.);
#3643=ORIENTED_EDGE('',*,*,#2718,.T.);
#3644=ORIENTED_EDGE('',*,*,#2719,.T.);
#3645=ORIENTED_EDGE('',*,*,#2720,.T.);
#3646=ORIENTED_EDGE('',*,*,#2721,.T.);
#3647=ORIENTED_EDGE('',*,*,#2722,.T.);
#3648=ORIENTED_EDGE('',*,*,#2723,.T.);
#3649=ORIENTED_EDGE('',*,*,#2724,.T.);
#3650=ORIENTED_EDGE('',*,*,#2725,.T.);
#3651=ORIENTED_EDGE('',*,*,#2726,.T.);
#3652=ORIENTED_EDGE('',*,*,#2727,.T.);
#3653=ORIENTED_EDGE('',*,*,#2728,.T.);
#3654=ORIENTED_EDGE('',*,*,#2729,.T.);
#3655=ORIENTED_EDGE('',*,*,#2730,.T.);
#3656=ORIENTED_EDGE('',*,*,#2731,.T.);
#3657=ORIENTED_EDGE('',*,*,#2732,.T.);
#3658=ORIENTED_EDGE('',*,*,#2733,.T.);
#3659=ORIENTED_EDGE('',*,*,#2734,.T.);
#3660=ORIENTED_EDGE('',*,*,#2735,.T.);
#3661=ORIENTED_EDGE('',*,*,#2736,.T.);
#3662=ORIENTED_EDGE('',*,*,#2737,.T.);
#3663=ORIENTED_EDGE('',*,*,#2738,.F.);
#3664=ORIENTED_EDGE('',*,*,#2680,.F.);
#3665=ORIENTED_EDGE('',*,*,#2640,.T.);
#3666=ORIENTED_EDGE('',*,*,#2637,.F.);
#3667=ORIENTED_EDGE('',*,*,#2628,.T.);
#3668=ORIENTED_EDGE('',*,*,#2643,.F.);
#3669=ORIENTED_EDGE('',*,*,#2645,.T.);
#3670=ORIENTED_EDGE('',*,*,#2688,.F.);
#3671=ORIENTED_EDGE('',*,*,#2739,.T.);
#3672=ORIENTED_EDGE('',*,*,#2740,.T.);
#3673=ORIENTED_EDGE('',*,*,#2692,.F.);
#3674=ORIENTED_EDGE('',*,*,#2649,.F.);
#3675=ORIENTED_EDGE('',*,*,#2741,.T.);
#3676=ORIENTED_EDGE('',*,*,#2742,.T.);
#3677=ORIENTED_EDGE('',*,*,#2702,.T.);
#3678=ORIENTED_EDGE('',*,*,#2648,.F.);
#3679=ORIENTED_EDGE('',*,*,#2743,.F.);
#3680=ORIENTED_EDGE('',*,*,#2744,.T.);
#3681=ORIENTED_EDGE('',*,*,#2745,.T.);
#3682=ORIENTED_EDGE('',*,*,#2746,.T.);
#3683=ORIENTED_EDGE('',*,*,#2747,.T.);
#3684=ORIENTED_EDGE('',*,*,#2748,.T.);
#3685=ORIENTED_EDGE('',*,*,#2741,.F.);
#3686=ORIENTED_EDGE('',*,*,#2651,.F.);
#3687=ORIENTED_EDGE('',*,*,#2749,.T.);
#3688=ORIENTED_EDGE('',*,*,#2750,.T.);
#3689=ORIENTED_EDGE('',*,*,#2751,.T.);
#3690=ORIENTED_EDGE('',*,*,#2743,.T.);
#3691=ORIENTED_EDGE('',*,*,#2654,.F.);
#3692=ORIENTED_EDGE('',*,*,#2752,.F.);
#3693=ORIENTED_EDGE('',*,*,#2753,.F.);
#3694=ORIENTED_EDGE('',*,*,#2754,.F.);
#3695=ORIENTED_EDGE('',*,*,#2755,.T.);
#3696=ORIENTED_EDGE('',*,*,#2749,.F.);
#3697=ORIENTED_EDGE('',*,*,#2565,.F.);
#3698=ORIENTED_EDGE('',*,*,#2756,.F.);
#3699=ORIENTED_EDGE('',*,*,#2757,.F.);
#3700=ORIENTED_EDGE('',*,*,#2758,.F.);
#3701=ORIENTED_EDGE('',*,*,#2759,.F.);
#3702=ORIENTED_EDGE('',*,*,#2760,.F.);
#3703=ORIENTED_EDGE('',*,*,#2564,.F.);
#3704=ORIENTED_EDGE('',*,*,#2761,.F.);
#3705=ORIENTED_EDGE('',*,*,#2762,.F.);
#3706=ORIENTED_EDGE('',*,*,#2756,.T.);
#3707=ORIENTED_EDGE('',*,*,#2763,.F.);
#3708=ORIENTED_EDGE('',*,*,#2764,.T.);
#3709=ORIENTED_EDGE('',*,*,#2765,.F.);
#3710=ORIENTED_EDGE('',*,*,#2766,.F.);
#3711=ORIENTED_EDGE('',*,*,#2767,.F.);
#3712=ORIENTED_EDGE('',*,*,#2768,.F.);
#3713=ORIENTED_EDGE('',*,*,#2769,.F.);
#3714=ORIENTED_EDGE('',*,*,#2757,.T.);
#3715=ORIENTED_EDGE('',*,*,#2762,.T.);
#3716=ORIENTED_EDGE('',*,*,#2770,.F.);
#3717=ORIENTED_EDGE('',*,*,#2765,.T.);
#3718=ORIENTED_EDGE('',*,*,#2771,.T.);
#3719=ORIENTED_EDGE('',*,*,#2772,.F.);
#3720=ORIENTED_EDGE('',*,*,#2773,.F.);
#3721=ORIENTED_EDGE('',*,*,#2758,.T.);
#3722=ORIENTED_EDGE('',*,*,#2769,.T.);
#3723=ORIENTED_EDGE('',*,*,#2774,.F.);
#3724=ORIENTED_EDGE('',*,*,#2775,.F.);
#3725=ORIENTED_EDGE('',*,*,#2776,.F.);
#3726=ORIENTED_EDGE('',*,*,#2777,.F.);
#3727=ORIENTED_EDGE('',*,*,#2778,.F.);
#3728=ORIENTED_EDGE('',*,*,#2772,.T.);
#3729=ORIENTED_EDGE('',*,*,#2779,.T.);
#3730=ORIENTED_EDGE('',*,*,#2780,.F.);
#3731=ORIENTED_EDGE('',*,*,#2781,.T.);
#3732=ORIENTED_EDGE('',*,*,#2782,.T.);
#3733=ORIENTED_EDGE('',*,*,#2783,.F.);
#3734=ORIENTED_EDGE('',*,*,#2784,.F.);
#3735=ORIENTED_EDGE('',*,*,#2785,.T.);
#3736=ORIENTED_EDGE('',*,*,#2786,.T.);
#3737=ORIENTED_EDGE('',*,*,#2787,.F.);
#3738=ORIENTED_EDGE('',*,*,#2788,.F.);
#3739=ORIENTED_EDGE('',*,*,#2789,.F.);
#3740=ORIENTED_EDGE('',*,*,#2790,.F.);
#3741=ORIENTED_EDGE('',*,*,#2791,.F.);
#3742=ORIENTED_EDGE('',*,*,#2792,.F.);
#3743=ORIENTED_EDGE('',*,*,#2781,.F.);
#3744=ORIENTED_EDGE('',*,*,#2793,.F.);
#3745=ORIENTED_EDGE('',*,*,#2782,.F.);
#3746=ORIENTED_EDGE('',*,*,#2792,.T.);
#3747=ORIENTED_EDGE('',*,*,#2794,.F.);
#3748=ORIENTED_EDGE('',*,*,#2795,.F.);
#3749=ORIENTED_EDGE('',*,*,#2796,.F.);
#3750=ORIENTED_EDGE('',*,*,#2786,.F.);
#3751=ORIENTED_EDGE('',*,*,#2797,.F.);
#3752=ORIENTED_EDGE('',*,*,#2798,.F.);
#3753=ORIENTED_EDGE('',*,*,#2799,.F.);
#3754=ORIENTED_EDGE('',*,*,#2800,.F.);
#3755=ORIENTED_EDGE('',*,*,#2797,.T.);
#3756=ORIENTED_EDGE('',*,*,#2785,.F.);
#3757=ORIENTED_EDGE('',*,*,#2801,.F.);
#3758=ORIENTED_EDGE('',*,*,#2802,.F.);
#3759=ORIENTED_EDGE('',*,*,#2803,.F.);
#3760=ORIENTED_EDGE('',*,*,#2804,.F.);
#3761=ORIENTED_EDGE('',*,*,#2779,.F.);
#3762=ORIENTED_EDGE('',*,*,#2771,.F.);
#3763=ORIENTED_EDGE('',*,*,#2764,.F.);
#3764=ORIENTED_EDGE('',*,*,#2789,.T.);
#3765=ORIENTED_EDGE('',*,*,#2805,.T.);
#3766=ORIENTED_EDGE('',*,*,#2806,.F.);
#3767=ORIENTED_EDGE('',*,*,#2807,.T.);
#3768=ORIENTED_EDGE('',*,*,#2788,.T.);
#3769=ORIENTED_EDGE('',*,*,#2808,.T.);
#3770=ORIENTED_EDGE('',*,*,#2809,.T.);
#3771=ORIENTED_EDGE('',*,*,#2810,.T.);
#3772=ORIENTED_EDGE('',*,*,#2811,.T.);
#3773=ORIENTED_EDGE('',*,*,#2812,.F.);
#3774=ORIENTED_EDGE('',*,*,#2813,.F.);
#3775=ORIENTED_EDGE('',*,*,#2805,.F.);
#3776=ORIENTED_EDGE('',*,*,#2787,.T.);
#3777=ORIENTED_EDGE('',*,*,#2796,.T.);
#3778=ORIENTED_EDGE('',*,*,#2814,.T.);
#3779=ORIENTED_EDGE('',*,*,#2815,.F.);
#3780=ORIENTED_EDGE('',*,*,#2816,.T.);
#3781=ORIENTED_EDGE('',*,*,#2817,.F.);
#3782=ORIENTED_EDGE('',*,*,#2808,.F.);
#3783=ORIENTED_EDGE('',*,*,#2801,.T.);
#3784=ORIENTED_EDGE('',*,*,#2763,.T.);
#3785=ORIENTED_EDGE('',*,*,#2818,.T.);
#3786=ORIENTED_EDGE('',*,*,#2819,.T.);
#3787=ORIENTED_EDGE('',*,*,#2820,.T.);
#3788=ORIENTED_EDGE('',*,*,#2821,.T.);
#3789=ORIENTED_EDGE('',*,*,#2822,.T.);
#3790=ORIENTED_EDGE('',*,*,#2767,.T.);
#3791=ORIENTED_EDGE('',*,*,#2823,.T.);
#3792=ORIENTED_EDGE('',*,*,#2824,.T.);
#3793=ORIENTED_EDGE('',*,*,#2825,.T.);
#3794=ORIENTED_EDGE('',*,*,#2826,.T.);
#3795=ORIENTED_EDGE('',*,*,#2818,.F.);
#3796=ORIENTED_EDGE('',*,*,#2759,.T.);
#3797=ORIENTED_EDGE('',*,*,#2773,.T.);
#3798=ORIENTED_EDGE('',*,*,#2827,.F.);
#3799=ORIENTED_EDGE('',*,*,#2828,.T.);
#3800=ORIENTED_EDGE('',*,*,#2829,.T.);
#3801=ORIENTED_EDGE('',*,*,#2830,.F.);
#3802=ORIENTED_EDGE('',*,*,#2831,.F.);
#3803=ORIENTED_EDGE('',*,*,#2776,.T.);
#3804=ORIENTED_EDGE('',*,*,#2832,.F.);
#3805=ORIENTED_EDGE('',*,*,#2833,.F.);
#3806=ORIENTED_EDGE('',*,*,#2834,.F.);
#3807=ORIENTED_EDGE('',*,*,#2835,.T.);
#3808=ORIENTED_EDGE('',*,*,#2836,.T.);
#3809=ORIENTED_EDGE('',*,*,#2827,.T.);
#3810=ORIENTED_EDGE('',*,*,#2775,.T.);
#3811=ORIENTED_EDGE('',*,*,#2837,.T.);
#3812=ORIENTED_EDGE('',*,*,#2838,.T.);
#3813=ORIENTED_EDGE('',*,*,#2832,.T.);
#3814=ORIENTED_EDGE('',*,*,#2766,.T.);
#3815=ORIENTED_EDGE('',*,*,#2770,.T.);
#3816=ORIENTED_EDGE('',*,*,#2778,.T.);
#3817=ORIENTED_EDGE('',*,*,#2839,.F.);
#3818=ORIENTED_EDGE('',*,*,#2840,.F.);
#3819=ORIENTED_EDGE('',*,*,#2841,.F.);
#3820=ORIENTED_EDGE('',*,*,#2842,.F.);
#3821=ORIENTED_EDGE('',*,*,#2843,.F.);
#3822=ORIENTED_EDGE('',*,*,#2783,.T.);
#3823=ORIENTED_EDGE('',*,*,#2793,.T.);
#3824=ORIENTED_EDGE('',*,*,#2844,.F.);
#3825=ORIENTED_EDGE('',*,*,#2845,.F.);
#3826=ORIENTED_EDGE('',*,*,#2846,.F.);
#3827=ORIENTED_EDGE('',*,*,#2847,.F.);
#3828=ORIENTED_EDGE('',*,*,#2848,.T.);
#3829=ORIENTED_EDGE('',*,*,#2849,.T.);
#3830=ORIENTED_EDGE('',*,*,#2850,.F.);
#3831=ORIENTED_EDGE('',*,*,#2851,.T.);
#3832=ORIENTED_EDGE('',*,*,#2852,.F.);
#3833=ORIENTED_EDGE('',*,*,#2853,.T.);
#3834=ORIENTED_EDGE('',*,*,#2854,.T.);
#3835=ORIENTED_EDGE('',*,*,#2855,.F.);
#3836=ORIENTED_EDGE('',*,*,#2714,.T.);
#3837=ORIENTED_EDGE('',*,*,#2856,.T.);
#3838=ORIENTED_EDGE('',*,*,#2857,.F.);
#3839=ORIENTED_EDGE('',*,*,#2858,.F.);
#3840=ORIENTED_EDGE('',*,*,#2823,.F.);
#3841=ORIENTED_EDGE('',*,*,#2795,.T.);
#3842=ORIENTED_EDGE('',*,*,#2859,.F.);
#3843=ORIENTED_EDGE('',*,*,#2860,.F.);
#3844=ORIENTED_EDGE('',*,*,#2844,.T.);
#3845=ORIENTED_EDGE('',*,*,#2861,.T.);
#3846=ORIENTED_EDGE('',*,*,#2862,.F.);
#3847=ORIENTED_EDGE('',*,*,#2809,.F.);
#3848=ORIENTED_EDGE('',*,*,#2817,.T.);
#3849=ORIENTED_EDGE('',*,*,#2863,.T.);
#3850=ORIENTED_EDGE('',*,*,#2864,.F.);
#3851=ORIENTED_EDGE('',*,*,#2810,.F.);
#3852=ORIENTED_EDGE('',*,*,#2862,.T.);
#3853=ORIENTED_EDGE('',*,*,#2813,.T.);
#3854=ORIENTED_EDGE('',*,*,#2865,.F.);
#3855=ORIENTED_EDGE('',*,*,#2866,.T.);
#3856=ORIENTED_EDGE('',*,*,#2806,.T.);
#3857=ORIENTED_EDGE('',*,*,#2812,.T.);
#3858=ORIENTED_EDGE('',*,*,#2867,.T.);
#3859=ORIENTED_EDGE('',*,*,#2834,.T.);
#3860=ORIENTED_EDGE('',*,*,#2868,.T.);
#3861=ORIENTED_EDGE('',*,*,#2869,.T.);
#3862=ORIENTED_EDGE('',*,*,#2865,.T.);
#3863=ORIENTED_EDGE('',*,*,#2870,.T.);
#3864=ORIENTED_EDGE('',*,*,#2828,.F.);
#3865=ORIENTED_EDGE('',*,*,#2836,.F.);
#3866=ORIENTED_EDGE('',*,*,#2871,.T.);
#3867=ORIENTED_EDGE('',*,*,#2815,.T.);
#3868=ORIENTED_EDGE('',*,*,#2872,.T.);
#3869=ORIENTED_EDGE('',*,*,#2830,.T.);
#3870=ORIENTED_EDGE('',*,*,#2873,.T.);
#3871=ORIENTED_EDGE('',*,*,#2833,.T.);
#3872=ORIENTED_EDGE('',*,*,#2838,.F.);
#3873=ORIENTED_EDGE('',*,*,#2874,.T.);
#3874=ORIENTED_EDGE('',*,*,#2868,.F.);
#3875=ORIENTED_EDGE('',*,*,#2875,.F.);
#3876=ORIENTED_EDGE('',*,*,#2876,.F.);
#3877=ORIENTED_EDGE('',*,*,#2693,.F.);
#3878=ORIENTED_EDGE('',*,*,#2740,.F.);
#3879=ORIENTED_EDGE('',*,*,#2697,.T.);
#3880=ORIENTED_EDGE('',*,*,#2877,.T.);
#3881=ORIENTED_EDGE('',*,*,#2863,.F.);
#3882=ORIENTED_EDGE('',*,*,#2861,.F.);
#3883=ORIENTED_EDGE('',*,*,#2816,.F.);
#3884=ORIENTED_EDGE('',*,*,#2878,.F.);
#3885=ORIENTED_EDGE('',*,*,#2879,.F.);
#3886=ORIENTED_EDGE('',*,*,#2690,.F.);
#3887=ORIENTED_EDGE('',*,*,#2687,.F.);
#3888=ORIENTED_EDGE('',*,*,#2880,.F.);
#3889=ORIENTED_EDGE('',*,*,#2881,.F.);
#3890=ORIENTED_EDGE('',*,*,#2882,.T.);
#3891=ORIENTED_EDGE('',*,*,#2883,.T.);
#3892=ORIENTED_EDGE('',*,*,#2884,.F.);
#3893=ORIENTED_EDGE('',*,*,#2875,.T.);
#3894=ORIENTED_EDGE('',*,*,#2739,.F.);
#3895=ORIENTED_EDGE('',*,*,#2876,.T.);
#3896=ORIENTED_EDGE('',*,*,#2884,.T.);
#3897=ORIENTED_EDGE('',*,*,#2885,.T.);
#3898=ORIENTED_EDGE('',*,*,#2694,.T.);
#3899=ORIENTED_EDGE('',*,*,#2877,.F.);
#3900=ORIENTED_EDGE('',*,*,#2696,.T.);
#3901=ORIENTED_EDGE('',*,*,#2886,.T.);
#3902=ORIENTED_EDGE('',*,*,#2811,.F.);
#3903=ORIENTED_EDGE('',*,*,#2864,.T.);
#3904=ORIENTED_EDGE('',*,*,#2887,.F.);
#3905=ORIENTED_EDGE('',*,*,#2871,.F.);
#3906=ORIENTED_EDGE('',*,*,#2835,.F.);
#3907=ORIENTED_EDGE('',*,*,#2888,.T.);
#3908=ORIENTED_EDGE('',*,*,#2882,.F.);
#3909=ORIENTED_EDGE('',*,*,#2867,.F.);
#3910=ORIENTED_EDGE('',*,*,#2886,.F.);
#3911=ORIENTED_EDGE('',*,*,#2695,.F.);
#3912=ORIENTED_EDGE('',*,*,#2885,.F.);
#3913=ORIENTED_EDGE('',*,*,#2883,.F.);
#3914=ORIENTED_EDGE('',*,*,#2888,.F.);
#3915=ORIENTED_EDGE('',*,*,#2887,.T.);
#3916=ORIENTED_EDGE('',*,*,#2881,.T.);
#3917=ORIENTED_EDGE('',*,*,#2889,.F.);
#3918=ORIENTED_EDGE('',*,*,#2890,.T.);
#3919=ORIENTED_EDGE('',*,*,#2891,.T.);
#3920=ORIENTED_EDGE('',*,*,#2829,.F.);
#3921=ORIENTED_EDGE('',*,*,#2870,.F.);
#3922=ORIENTED_EDGE('',*,*,#2686,.F.);
#3923=ORIENTED_EDGE('',*,*,#2892,.T.);
#3924=ORIENTED_EDGE('',*,*,#2889,.T.);
#3925=ORIENTED_EDGE('',*,*,#2880,.T.);
#3926=ORIENTED_EDGE('',*,*,#2685,.F.);
#3927=ORIENTED_EDGE('',*,*,#2893,.T.);
#3928=ORIENTED_EDGE('',*,*,#2890,.F.);
#3929=ORIENTED_EDGE('',*,*,#2892,.F.);
#3930=ORIENTED_EDGE('',*,*,#2684,.F.);
#3931=ORIENTED_EDGE('',*,*,#2894,.T.);
#3932=ORIENTED_EDGE('',*,*,#2878,.T.);
#3933=ORIENTED_EDGE('',*,*,#2873,.F.);
#3934=ORIENTED_EDGE('',*,*,#2891,.F.);
#3935=ORIENTED_EDGE('',*,*,#2893,.F.);
#3936=ORIENTED_EDGE('',*,*,#2683,.F.);
#3937=ORIENTED_EDGE('',*,*,#2691,.F.);
#3938=ORIENTED_EDGE('',*,*,#2879,.T.);
#3939=ORIENTED_EDGE('',*,*,#2894,.F.);
#3940=ORIENTED_EDGE('',*,*,#2895,.T.);
#3941=ORIENTED_EDGE('',*,*,#2896,.T.);
#3942=ORIENTED_EDGE('',*,*,#2897,.T.);
#3943=ORIENTED_EDGE('',*,*,#2898,.T.);
#3944=ORIENTED_EDGE('',*,*,#2895,.F.);
#3945=ORIENTED_EDGE('',*,*,#2899,.T.);
#3946=ORIENTED_EDGE('',*,*,#2900,.T.);
#3947=ORIENTED_EDGE('',*,*,#2901,.T.);
#3948=ORIENTED_EDGE('',*,*,#2902,.T.);
#3949=ORIENTED_EDGE('',*,*,#2903,.T.);
#3950=ORIENTED_EDGE('',*,*,#2857,.T.);
#3951=ORIENTED_EDGE('',*,*,#2904,.T.);
#3952=ORIENTED_EDGE('',*,*,#2898,.F.);
#3953=ORIENTED_EDGE('',*,*,#2905,.T.);
#3954=ORIENTED_EDGE('',*,*,#2899,.F.);
#3955=ORIENTED_EDGE('',*,*,#2900,.F.);
#3956=ORIENTED_EDGE('',*,*,#2905,.F.);
#3957=ORIENTED_EDGE('',*,*,#2897,.F.);
#3958=ORIENTED_EDGE('',*,*,#2906,.T.);
#3959=ORIENTED_EDGE('',*,*,#2907,.F.);
#3960=ORIENTED_EDGE('',*,*,#2896,.F.);
#3961=ORIENTED_EDGE('',*,*,#2904,.F.);
#3962=ORIENTED_EDGE('',*,*,#2856,.F.);
#3963=ORIENTED_EDGE('',*,*,#2713,.T.);
#3964=ORIENTED_EDGE('',*,*,#2908,.F.);
#3965=ORIENTED_EDGE('',*,*,#2819,.F.);
#3966=ORIENTED_EDGE('',*,*,#2826,.F.);
#3967=ORIENTED_EDGE('',*,*,#2909,.F.);
#3968=ORIENTED_EDGE('',*,*,#2901,.F.);
#3969=ORIENTED_EDGE('',*,*,#2907,.T.);
#3970=ORIENTED_EDGE('',*,*,#2906,.F.);
#3971=ORIENTED_EDGE('',*,*,#2902,.F.);
#3972=ORIENTED_EDGE('',*,*,#2909,.T.);
#3973=ORIENTED_EDGE('',*,*,#2825,.F.);
#3974=ORIENTED_EDGE('',*,*,#2910,.F.);
#3975=ORIENTED_EDGE('',*,*,#2583,.T.);
#3976=ORIENTED_EDGE('',*,*,#2634,.F.);
#3977=ORIENTED_EDGE('',*,*,#2911,.F.);
#3978=ORIENTED_EDGE('',*,*,#2561,.F.);
#3979=ORIENTED_EDGE('',*,*,#2560,.F.);
#3980=ORIENTED_EDGE('',*,*,#2557,.F.);
#3981=ORIENTED_EDGE('',*,*,#2551,.F.);
#3982=ORIENTED_EDGE('',*,*,#2547,.F.);
#3983=ORIENTED_EDGE('',*,*,#2514,.F.);
#3984=ORIENTED_EDGE('',*,*,#2635,.F.);
#3985=ORIENTED_EDGE('',*,*,#2603,.T.);
#3986=ORIENTED_EDGE('',*,*,#2715,.T.);
#3987=ORIENTED_EDGE('',*,*,#2855,.T.);
#3988=ORIENTED_EDGE('',*,*,#2912,.T.);
#3989=ORIENTED_EDGE('',*,*,#2913,.T.);
#3990=ORIENTED_EDGE('',*,*,#2914,.T.);
#3991=ORIENTED_EDGE('',*,*,#2847,.T.);
#3992=ORIENTED_EDGE('',*,*,#2915,.F.);
#3993=ORIENTED_EDGE('',*,*,#2916,.T.);
#3994=ORIENTED_EDGE('',*,*,#2917,.T.);
#3995=ORIENTED_EDGE('',*,*,#2918,.T.);
#3996=ORIENTED_EDGE('',*,*,#2919,.T.);
#3997=ORIENTED_EDGE('',*,*,#2920,.T.);
#3998=ORIENTED_EDGE('',*,*,#2569,.T.);
#3999=ORIENTED_EDGE('',*,*,#2921,.F.);
#4000=ORIENTED_EDGE('',*,*,#2922,.F.);
#4001=ORIENTED_EDGE('',*,*,#2923,.F.);
#4002=ORIENTED_EDGE('',*,*,#2924,.F.);
#4003=ORIENTED_EDGE('',*,*,#2910,.T.);
#4004=ORIENTED_EDGE('',*,*,#2824,.F.);
#4005=ORIENTED_EDGE('',*,*,#2858,.T.);
#4006=ORIENTED_EDGE('',*,*,#2903,.F.);
#4007=ORIENTED_EDGE('',*,*,#2925,.F.);
#4008=ORIENTED_EDGE('',*,*,#2926,.F.);
#4009=ORIENTED_EDGE('',*,*,#2927,.T.);
#4010=ORIENTED_EDGE('',*,*,#2928,.T.);
#4011=ORIENTED_EDGE('',*,*,#2929,.F.);
#4012=ORIENTED_EDGE('',*,*,#2928,.F.);
#4013=ORIENTED_EDGE('',*,*,#2930,.T.);
#4014=ORIENTED_EDGE('',*,*,#2931,.T.);
#4015=ORIENTED_EDGE('',*,*,#2932,.F.);
#4016=ORIENTED_EDGE('',*,*,#2931,.F.);
#4017=ORIENTED_EDGE('',*,*,#2933,.T.);
#4018=ORIENTED_EDGE('',*,*,#2934,.T.);
#4019=ORIENTED_EDGE('',*,*,#2599,.T.);
#4020=ORIENTED_EDGE('',*,*,#2935,.F.);
#4021=ORIENTED_EDGE('',*,*,#2934,.F.);
#4022=ORIENTED_EDGE('',*,*,#2936,.T.);
#4023=ORIENTED_EDGE('',*,*,#2721,.F.);
#4024=ORIENTED_EDGE('',*,*,#2937,.F.);
#4025=ORIENTED_EDGE('',*,*,#2938,.T.);
#4026=ORIENTED_EDGE('',*,*,#2939,.T.);
#4027=ORIENTED_EDGE('',*,*,#2722,.F.);
#4028=ORIENTED_EDGE('',*,*,#2723,.F.);
#4029=ORIENTED_EDGE('',*,*,#2939,.F.);
#4030=ORIENTED_EDGE('',*,*,#2940,.T.);
#4031=ORIENTED_EDGE('',*,*,#2941,.T.);
#4032=ORIENTED_EDGE('',*,*,#2724,.F.);
#4033=ORIENTED_EDGE('',*,*,#2941,.F.);
#4034=ORIENTED_EDGE('',*,*,#2942,.T.);
#4035=ORIENTED_EDGE('',*,*,#2943,.T.);
#4036=ORIENTED_EDGE('',*,*,#2725,.F.);
#4037=ORIENTED_EDGE('',*,*,#2943,.F.);
#4038=ORIENTED_EDGE('',*,*,#2944,.T.);
#4039=ORIENTED_EDGE('',*,*,#2945,.T.);
#4040=ORIENTED_EDGE('',*,*,#2726,.F.);
#4041=ORIENTED_EDGE('',*,*,#2945,.F.);
#4042=ORIENTED_EDGE('',*,*,#2946,.T.);
#4043=ORIENTED_EDGE('',*,*,#2947,.T.);
#4044=ORIENTED_EDGE('',*,*,#2727,.F.);
#4045=ORIENTED_EDGE('',*,*,#2728,.F.);
#4046=ORIENTED_EDGE('',*,*,#2947,.F.);
#4047=ORIENTED_EDGE('',*,*,#2948,.T.);
#4048=ORIENTED_EDGE('',*,*,#2949,.T.);
#4049=ORIENTED_EDGE('',*,*,#2729,.F.);
#4050=ORIENTED_EDGE('',*,*,#2949,.F.);
#4051=ORIENTED_EDGE('',*,*,#2950,.T.);
#4052=ORIENTED_EDGE('',*,*,#2951,.T.);
#4053=ORIENTED_EDGE('',*,*,#2730,.F.);
#4054=ORIENTED_EDGE('',*,*,#2951,.F.);
#4055=ORIENTED_EDGE('',*,*,#2952,.T.);
#4056=ORIENTED_EDGE('',*,*,#2953,.T.);
#4057=ORIENTED_EDGE('',*,*,#2731,.F.);
#4058=ORIENTED_EDGE('',*,*,#2953,.F.);
#4059=ORIENTED_EDGE('',*,*,#2954,.T.);
#4060=ORIENTED_EDGE('',*,*,#2955,.T.);
#4061=ORIENTED_EDGE('',*,*,#2956,.F.);
#4062=ORIENTED_EDGE('',*,*,#2957,.F.);
#4063=ORIENTED_EDGE('',*,*,#2958,.T.);
#4064=ORIENTED_EDGE('',*,*,#2926,.T.);
#4065=ORIENTED_EDGE('',*,*,#2597,.T.);
#4066=ORIENTED_EDGE('',*,*,#2959,.T.);
#4067=ORIENTED_EDGE('',*,*,#2957,.T.);
#4068=ORIENTED_EDGE('',*,*,#2960,.F.);
#4069=ORIENTED_EDGE('',*,*,#2732,.F.);
#4070=ORIENTED_EDGE('',*,*,#2955,.F.);
#4071=ORIENTED_EDGE('',*,*,#2961,.T.);
#4072=ORIENTED_EDGE('',*,*,#2962,.T.);
#4073=ORIENTED_EDGE('',*,*,#2720,.F.);
#4074=ORIENTED_EDGE('',*,*,#2963,.F.);
#4075=ORIENTED_EDGE('',*,*,#2964,.T.);
#4076=ORIENTED_EDGE('',*,*,#2937,.T.);
#4077=ORIENTED_EDGE('',*,*,#2719,.F.);
#4078=ORIENTED_EDGE('',*,*,#2965,.F.);
#4079=ORIENTED_EDGE('',*,*,#2966,.T.);
#4080=ORIENTED_EDGE('',*,*,#2963,.T.);
#4081=ORIENTED_EDGE('',*,*,#2718,.F.);
#4082=ORIENTED_EDGE('',*,*,#2967,.F.);
#4083=ORIENTED_EDGE('',*,*,#2968,.T.);
#4084=ORIENTED_EDGE('',*,*,#2965,.T.);
#4085=ORIENTED_EDGE('',*,*,#2717,.F.);
#4086=ORIENTED_EDGE('',*,*,#2969,.F.);
#4087=ORIENTED_EDGE('',*,*,#2970,.T.);
#4088=ORIENTED_EDGE('',*,*,#2967,.T.);
#4089=ORIENTED_EDGE('',*,*,#2601,.T.);
#4090=ORIENTED_EDGE('',*,*,#2971,.T.);
#4091=ORIENTED_EDGE('',*,*,#2969,.T.);
#4092=ORIENTED_EDGE('',*,*,#2716,.F.);
#4093=ORIENTED_EDGE('',*,*,#2595,.T.);
#4094=ORIENTED_EDGE('',*,*,#2734,.F.);
#4095=ORIENTED_EDGE('',*,*,#2972,.T.);
#4096=ORIENTED_EDGE('',*,*,#2973,.T.);
#4097=ORIENTED_EDGE('',*,*,#2733,.F.);
#4098=ORIENTED_EDGE('',*,*,#2962,.F.);
#4099=ORIENTED_EDGE('',*,*,#2974,.T.);
#4100=ORIENTED_EDGE('',*,*,#2972,.F.);
#4101=ORIENTED_EDGE('',*,*,#2596,.T.);
#4102=ORIENTED_EDGE('',*,*,#2973,.F.);
#4103=ORIENTED_EDGE('',*,*,#2974,.F.);
#4104=ORIENTED_EDGE('',*,*,#2961,.F.);
#4105=ORIENTED_EDGE('',*,*,#2954,.F.);
#4106=ORIENTED_EDGE('',*,*,#2952,.F.);
#4107=ORIENTED_EDGE('',*,*,#2950,.F.);
#4108=ORIENTED_EDGE('',*,*,#2948,.F.);
#4109=ORIENTED_EDGE('',*,*,#2946,.F.);
#4110=ORIENTED_EDGE('',*,*,#2944,.F.);
#4111=ORIENTED_EDGE('',*,*,#2942,.F.);
#4112=ORIENTED_EDGE('',*,*,#2940,.F.);
#4113=ORIENTED_EDGE('',*,*,#2938,.F.);
#4114=ORIENTED_EDGE('',*,*,#2964,.F.);
#4115=ORIENTED_EDGE('',*,*,#2966,.F.);
#4116=ORIENTED_EDGE('',*,*,#2968,.F.);
#4117=ORIENTED_EDGE('',*,*,#2970,.F.);
#4118=ORIENTED_EDGE('',*,*,#2971,.F.);
#4119=ORIENTED_EDGE('',*,*,#2600,.T.);
#4120=ORIENTED_EDGE('',*,*,#2936,.F.);
#4121=ORIENTED_EDGE('',*,*,#2933,.F.);
#4122=ORIENTED_EDGE('',*,*,#2930,.F.);
#4123=ORIENTED_EDGE('',*,*,#2927,.F.);
#4124=ORIENTED_EDGE('',*,*,#2958,.F.);
#4125=ORIENTED_EDGE('',*,*,#2959,.F.);
#4126=ORIENTED_EDGE('',*,*,#2593,.T.);
#4127=ORIENTED_EDGE('',*,*,#2609,.T.);
#4128=ORIENTED_EDGE('',*,*,#2975,.T.);
#4129=ORIENTED_EDGE('',*,*,#2698,.F.);
#4130=ORIENTED_EDGE('',*,*,#2699,.F.);
#4131=ORIENTED_EDGE('',*,*,#2975,.F.);
#4132=ORIENTED_EDGE('',*,*,#2608,.T.);
#4133=ORIENTED_EDGE('',*,*,#2976,.T.);
#4134=ORIENTED_EDGE('',*,*,#2700,.F.);
#4135=ORIENTED_EDGE('',*,*,#2976,.F.);
#4136=ORIENTED_EDGE('',*,*,#2607,.T.);
#4137=ORIENTED_EDGE('',*,*,#2611,.F.);
#4138=ORIENTED_EDGE('',*,*,#2701,.F.);
#4139=ORIENTED_EDGE('',*,*,#2613,.F.);
#4140=ORIENTED_EDGE('',*,*,#2616,.T.);
#4141=ORIENTED_EDGE('',*,*,#2618,.F.);
#4142=ORIENTED_EDGE('',*,*,#2802,.T.);
#4143=ORIENTED_EDGE('',*,*,#2822,.F.);
#4144=ORIENTED_EDGE('',*,*,#2977,.T.);
#4145=ORIENTED_EDGE('',*,*,#2978,.T.);
#4146=ORIENTED_EDGE('',*,*,#2803,.T.);
#4147=ORIENTED_EDGE('',*,*,#2978,.F.);
#4148=ORIENTED_EDGE('',*,*,#2979,.T.);
#4149=ORIENTED_EDGE('',*,*,#2980,.T.);
#4150=ORIENTED_EDGE('',*,*,#2859,.T.);
#4151=ORIENTED_EDGE('',*,*,#2794,.T.);
#4152=ORIENTED_EDGE('',*,*,#2791,.T.);
#4153=ORIENTED_EDGE('',*,*,#2981,.T.);
#4154=ORIENTED_EDGE('',*,*,#2982,.T.);
#4155=ORIENTED_EDGE('',*,*,#2983,.T.);
#4156=ORIENTED_EDGE('',*,*,#2984,.T.);
#4157=ORIENTED_EDGE('',*,*,#2985,.T.);
#4158=ORIENTED_EDGE('',*,*,#2986,.T.);
#4159=ORIENTED_EDGE('',*,*,#2987,.T.);
#4160=ORIENTED_EDGE('',*,*,#2986,.F.);
#4161=ORIENTED_EDGE('',*,*,#2988,.T.);
#4162=ORIENTED_EDGE('',*,*,#2980,.F.);
#4163=ORIENTED_EDGE('',*,*,#2989,.T.);
#4164=ORIENTED_EDGE('',*,*,#2804,.T.);
#4165=ORIENTED_EDGE('',*,*,#2983,.F.);
#4166=ORIENTED_EDGE('',*,*,#2990,.T.);
#4167=ORIENTED_EDGE('',*,*,#2991,.T.);
#4168=ORIENTED_EDGE('',*,*,#2839,.T.);
#4169=ORIENTED_EDGE('',*,*,#2777,.T.);
#4170=ORIENTED_EDGE('',*,*,#2982,.F.);
#4171=ORIENTED_EDGE('',*,*,#2992,.F.);
#4172=ORIENTED_EDGE('',*,*,#2993,.F.);
#4173=ORIENTED_EDGE('',*,*,#2994,.F.);
#4174=ORIENTED_EDGE('',*,*,#2995,.F.);
#4175=ORIENTED_EDGE('',*,*,#2996,.F.);
#4176=ORIENTED_EDGE('',*,*,#2997,.F.);
#4177=ORIENTED_EDGE('',*,*,#2998,.F.);
#4178=ORIENTED_EDGE('',*,*,#2999,.F.);
#4179=ORIENTED_EDGE('',*,*,#2990,.F.);
#4180=ORIENTED_EDGE('',*,*,#2780,.T.);
#4181=ORIENTED_EDGE('',*,*,#2843,.T.);
#4182=ORIENTED_EDGE('',*,*,#3000,.F.);
#4183=ORIENTED_EDGE('',*,*,#2992,.T.);
#4184=ORIENTED_EDGE('',*,*,#2981,.F.);
#4185=ORIENTED_EDGE('',*,*,#2790,.T.);
#4186=ORIENTED_EDGE('',*,*,#2988,.F.);
#4187=ORIENTED_EDGE('',*,*,#2985,.F.);
#4188=ORIENTED_EDGE('',*,*,#3001,.T.);
#4189=ORIENTED_EDGE('',*,*,#3002,.T.);
#4190=ORIENTED_EDGE('',*,*,#2753,.T.);
#4191=ORIENTED_EDGE('',*,*,#3003,.F.);
#4192=ORIENTED_EDGE('',*,*,#3004,.F.);
#4193=ORIENTED_EDGE('',*,*,#3005,.T.);
#4194=ORIENTED_EDGE('',*,*,#3006,.T.);
#4195=ORIENTED_EDGE('',*,*,#3007,.T.);
#4196=ORIENTED_EDGE('',*,*,#2845,.T.);
#4197=ORIENTED_EDGE('',*,*,#2860,.T.);
#4198=ORIENTED_EDGE('',*,*,#2984,.F.);
#4199=ORIENTED_EDGE('',*,*,#3008,.F.);
#4200=ORIENTED_EDGE('',*,*,#3009,.F.);
#4201=ORIENTED_EDGE('',*,*,#3010,.T.);
#4202=ORIENTED_EDGE('',*,*,#3011,.T.);
#4203=ORIENTED_EDGE('',*,*,#3001,.F.);
#4204=ORIENTED_EDGE('',*,*,#2752,.T.);
#4205=ORIENTED_EDGE('',*,*,#2655,.T.);
#4206=ORIENTED_EDGE('',*,*,#3012,.T.);
#4207=ORIENTED_EDGE('',*,*,#3003,.T.);
#4208=ORIENTED_EDGE('',*,*,#3013,.T.);
#4209=ORIENTED_EDGE('',*,*,#3014,.T.);
#4210=ORIENTED_EDGE('',*,*,#3015,.T.);
#4211=ORIENTED_EDGE('',*,*,#2661,.T.);
#4212=ORIENTED_EDGE('',*,*,#3013,.F.);
#4213=ORIENTED_EDGE('',*,*,#2673,.T.);
#4214=ORIENTED_EDGE('',*,*,#3016,.T.);
#4215=ORIENTED_EDGE('',*,*,#2567,.T.);
#4216=ORIENTED_EDGE('',*,*,#2526,.T.);
#4217=ORIENTED_EDGE('',*,*,#2568,.T.);
#4218=ORIENTED_EDGE('',*,*,#3016,.F.);
#4219=ORIENTED_EDGE('',*,*,#2676,.T.);
#4220=ORIENTED_EDGE('',*,*,#3015,.F.);
#4221=ORIENTED_EDGE('',*,*,#3004,.T.);
#4222=ORIENTED_EDGE('',*,*,#3012,.F.);
#4223=ORIENTED_EDGE('',*,*,#2658,.T.);
#4224=ORIENTED_EDGE('',*,*,#3009,.T.);
#4225=ORIENTED_EDGE('',*,*,#3017,.T.);
#4226=ORIENTED_EDGE('',*,*,#3018,.T.);
#4227=ORIENTED_EDGE('',*,*,#3019,.T.);
#4228=ORIENTED_EDGE('',*,*,#3020,.T.);
#4229=ORIENTED_EDGE('',*,*,#3021,.T.);
#4230=ORIENTED_EDGE('',*,*,#3018,.F.);
#4231=ORIENTED_EDGE('',*,*,#3022,.T.);
#4232=ORIENTED_EDGE('',*,*,#3019,.F.);
#4233=ORIENTED_EDGE('',*,*,#3021,.F.);
#4234=ORIENTED_EDGE('',*,*,#3023,.T.);
#4235=ORIENTED_EDGE('',*,*,#3024,.F.);
#4236=ORIENTED_EDGE('',*,*,#3025,.T.);
#4237=ORIENTED_EDGE('',*,*,#3026,.F.);
#4238=ORIENTED_EDGE('',*,*,#3027,.T.);
#4239=ORIENTED_EDGE('',*,*,#3028,.F.);
#4240=ORIENTED_EDGE('',*,*,#2750,.F.);
#4241=ORIENTED_EDGE('',*,*,#2755,.F.);
#4242=ORIENTED_EDGE('',*,*,#3029,.F.);
#4243=ORIENTED_EDGE('',*,*,#3010,.F.);
#4244=ORIENTED_EDGE('',*,*,#3030,.F.);
#4245=ORIENTED_EDGE('',*,*,#3031,.F.);
#4246=ORIENTED_EDGE('',*,*,#3032,.T.);
#4247=ORIENTED_EDGE('',*,*,#3033,.T.);
#4248=ORIENTED_EDGE('',*,*,#3034,.T.);
#4249=ORIENTED_EDGE('',*,*,#3035,.F.);
#4250=ORIENTED_EDGE('',*,*,#3020,.F.);
#4251=ORIENTED_EDGE('',*,*,#3036,.F.);
#4252=ORIENTED_EDGE('',*,*,#3037,.F.);
#4253=ORIENTED_EDGE('',*,*,#3038,.T.);
#4254=ORIENTED_EDGE('',*,*,#3039,.F.);
#4255=ORIENTED_EDGE('',*,*,#3040,.F.);
#4256=ORIENTED_EDGE('',*,*,#3041,.F.);
#4257=ORIENTED_EDGE('',*,*,#2708,.F.);
#4258=ORIENTED_EDGE('',*,*,#3042,.F.);
#4259=ORIENTED_EDGE('',*,*,#3043,.F.);
#4260=ORIENTED_EDGE('',*,*,#3044,.T.);
#4261=ORIENTED_EDGE('',*,*,#3045,.T.);
#4262=ORIENTED_EDGE('',*,*,#3046,.F.);
#4263=ORIENTED_EDGE('',*,*,#3047,.T.);
#4264=ORIENTED_EDGE('',*,*,#3048,.T.);
#4265=ORIENTED_EDGE('',*,*,#3049,.F.);
#4266=ORIENTED_EDGE('',*,*,#3050,.F.);
#4267=ORIENTED_EDGE('',*,*,#3023,.F.);
#4268=ORIENTED_EDGE('',*,*,#3051,.T.);
#4269=ORIENTED_EDGE('',*,*,#3052,.T.);
#4270=ORIENTED_EDGE('',*,*,#2751,.F.);
#4271=ORIENTED_EDGE('',*,*,#3028,.T.);
#4272=ORIENTED_EDGE('',*,*,#3052,.F.);
#4273=ORIENTED_EDGE('',*,*,#3053,.T.);
#4274=ORIENTED_EDGE('',*,*,#3054,.F.);
#4275=ORIENTED_EDGE('',*,*,#3055,.T.);
#4276=ORIENTED_EDGE('',*,*,#2744,.F.);
#4277=ORIENTED_EDGE('',*,*,#3051,.F.);
#4278=ORIENTED_EDGE('',*,*,#3027,.F.);
#4279=ORIENTED_EDGE('',*,*,#3056,.F.);
#4280=ORIENTED_EDGE('',*,*,#3057,.F.);
#4281=ORIENTED_EDGE('',*,*,#3058,.T.);
#4282=ORIENTED_EDGE('',*,*,#3059,.T.);
#4283=ORIENTED_EDGE('',*,*,#3060,.T.);
#4284=ORIENTED_EDGE('',*,*,#3061,.T.);
#4285=ORIENTED_EDGE('',*,*,#3062,.T.);
#4286=ORIENTED_EDGE('',*,*,#3063,.F.);
#4287=ORIENTED_EDGE('',*,*,#3064,.F.);
#4288=ORIENTED_EDGE('',*,*,#2704,.F.);
#4289=ORIENTED_EDGE('',*,*,#3065,.F.);
#4290=ORIENTED_EDGE('',*,*,#3066,.F.);
#4291=ORIENTED_EDGE('',*,*,#3067,.F.);
#4292=ORIENTED_EDGE('',*,*,#3068,.T.);
#4293=ORIENTED_EDGE('',*,*,#3069,.F.);
#4294=ORIENTED_EDGE('',*,*,#3053,.F.);
#4295=ORIENTED_EDGE('',*,*,#3070,.T.);
#4296=ORIENTED_EDGE('',*,*,#2711,.T.);
#4297=ORIENTED_EDGE('',*,*,#2710,.T.);
#4298=ORIENTED_EDGE('',*,*,#3071,.T.);
#4299=ORIENTED_EDGE('',*,*,#3072,.T.);
#4300=ORIENTED_EDGE('',*,*,#3041,.T.);
#4301=ORIENTED_EDGE('',*,*,#3073,.T.);
#4302=ORIENTED_EDGE('',*,*,#3071,.F.);
#4303=ORIENTED_EDGE('',*,*,#2709,.T.);
#4304=ORIENTED_EDGE('',*,*,#2598,.T.);
#4305=ORIENTED_EDGE('',*,*,#2960,.T.);
#4306=ORIENTED_EDGE('',*,*,#2956,.T.);
#4307=ORIENTED_EDGE('',*,*,#2925,.T.);
#4308=ORIENTED_EDGE('',*,*,#2929,.T.);
#4309=ORIENTED_EDGE('',*,*,#2932,.T.);
#4310=ORIENTED_EDGE('',*,*,#2935,.T.);
#4311=ORIENTED_EDGE('',*,*,#3065,.T.);
#4312=ORIENTED_EDGE('',*,*,#2703,.T.);
#4313=ORIENTED_EDGE('',*,*,#2742,.F.);
#4314=ORIENTED_EDGE('',*,*,#3074,.T.);
#4315=ORIENTED_EDGE('',*,*,#3002,.F.);
#4316=ORIENTED_EDGE('',*,*,#3011,.F.);
#4317=ORIENTED_EDGE('',*,*,#3029,.T.);
#4318=ORIENTED_EDGE('',*,*,#2754,.T.);
#4319=ORIENTED_EDGE('',*,*,#3075,.F.);
#4320=ORIENTED_EDGE('',*,*,#3030,.T.);
#4321=ORIENTED_EDGE('',*,*,#3075,.T.);
#4322=ORIENTED_EDGE('',*,*,#3035,.T.);
#4323=ORIENTED_EDGE('',*,*,#3076,.T.);
#4324=ORIENTED_EDGE('',*,*,#3077,.T.);
#4325=ORIENTED_EDGE('',*,*,#3078,.T.);
#4326=ORIENTED_EDGE('',*,*,#3079,.T.);
#4327=ORIENTED_EDGE('',*,*,#3080,.T.);
#4328=ORIENTED_EDGE('',*,*,#3031,.T.);
#4329=ORIENTED_EDGE('',*,*,#2712,.T.);
#4330=ORIENTED_EDGE('',*,*,#3070,.F.);
#4331=ORIENTED_EDGE('',*,*,#3081,.F.);
#4332=ORIENTED_EDGE('',*,*,#2820,.F.);
#4333=ORIENTED_EDGE('',*,*,#2908,.T.);
#4334=ORIENTED_EDGE('',*,*,#2821,.F.);
#4335=ORIENTED_EDGE('',*,*,#3081,.T.);
#4336=ORIENTED_EDGE('',*,*,#3072,.F.);
#4337=ORIENTED_EDGE('',*,*,#3082,.T.);
#4338=ORIENTED_EDGE('',*,*,#3083,.T.);
#4339=ORIENTED_EDGE('',*,*,#3084,.T.);
#4340=ORIENTED_EDGE('',*,*,#3085,.T.);
#4341=ORIENTED_EDGE('',*,*,#3086,.T.);
#4342=ORIENTED_EDGE('',*,*,#3017,.F.);
#4343=ORIENTED_EDGE('',*,*,#3008,.T.);
#4344=ORIENTED_EDGE('',*,*,#2987,.F.);
#4345=ORIENTED_EDGE('',*,*,#3087,.T.);
#4346=ORIENTED_EDGE('',*,*,#3088,.T.);
#4347=ORIENTED_EDGE('',*,*,#3089,.T.);
#4348=ORIENTED_EDGE('',*,*,#3090,.T.);
#4349=ORIENTED_EDGE('',*,*,#3091,.T.);
#4350=ORIENTED_EDGE('',*,*,#3092,.T.);
#4351=ORIENTED_EDGE('',*,*,#3093,.T.);
#4352=ORIENTED_EDGE('',*,*,#3094,.T.);
#4353=ORIENTED_EDGE('',*,*,#3063,.T.);
#4354=ORIENTED_EDGE('',*,*,#3095,.T.);
#4355=ORIENTED_EDGE('',*,*,#3096,.T.);
#4356=ORIENTED_EDGE('',*,*,#3093,.F.);
#4357=ORIENTED_EDGE('',*,*,#3097,.T.);
#4358=ORIENTED_EDGE('',*,*,#3089,.F.);
#4359=ORIENTED_EDGE('',*,*,#3098,.T.);
#4360=ORIENTED_EDGE('',*,*,#3092,.F.);
#4361=ORIENTED_EDGE('',*,*,#3099,.T.);
#4362=ORIENTED_EDGE('',*,*,#3100,.T.);
#4363=ORIENTED_EDGE('',*,*,#3101,.T.);
#4364=ORIENTED_EDGE('',*,*,#3102,.T.);
#4365=ORIENTED_EDGE('',*,*,#3103,.T.);
#4366=ORIENTED_EDGE('',*,*,#3104,.T.);
#4367=ORIENTED_EDGE('',*,*,#3101,.F.);
#4368=ORIENTED_EDGE('',*,*,#3043,.T.);
#4369=ORIENTED_EDGE('',*,*,#3105,.T.);
#4370=ORIENTED_EDGE('',*,*,#3103,.F.);
#4371=ORIENTED_EDGE('',*,*,#3106,.T.);
#4372=ORIENTED_EDGE('',*,*,#3106,.F.);
#4373=ORIENTED_EDGE('',*,*,#3102,.F.);
#4374=ORIENTED_EDGE('',*,*,#3100,.F.);
#4375=ORIENTED_EDGE('',*,*,#3107,.F.);
#4376=ORIENTED_EDGE('',*,*,#3108,.F.);
#4377=ORIENTED_EDGE('',*,*,#3044,.F.);
#4378=ORIENTED_EDGE('',*,*,#3099,.F.);
#4379=ORIENTED_EDGE('',*,*,#3109,.F.);
#4380=ORIENTED_EDGE('',*,*,#3110,.T.);
#4381=ORIENTED_EDGE('',*,*,#3111,.T.);
#4382=ORIENTED_EDGE('',*,*,#3112,.F.);
#4383=ORIENTED_EDGE('',*,*,#3113,.F.);
#4384=ORIENTED_EDGE('',*,*,#3107,.T.);
#4385=ORIENTED_EDGE('',*,*,#3114,.F.);
#4386=ORIENTED_EDGE('',*,*,#3115,.F.);
#4387=ORIENTED_EDGE('',*,*,#3091,.F.);
#4388=ORIENTED_EDGE('',*,*,#3116,.F.);
#4389=ORIENTED_EDGE('',*,*,#3117,.T.);
#4390=ORIENTED_EDGE('',*,*,#3118,.T.);
#4391=ORIENTED_EDGE('',*,*,#3119,.T.);
#4392=ORIENTED_EDGE('',*,*,#3120,.T.);
#4393=ORIENTED_EDGE('',*,*,#3109,.T.);
#4394=ORIENTED_EDGE('',*,*,#3121,.F.);
#4395=ORIENTED_EDGE('',*,*,#3122,.F.);
#4396=ORIENTED_EDGE('',*,*,#3090,.F.);
#4397=ORIENTED_EDGE('',*,*,#3097,.F.);
#4398=ORIENTED_EDGE('',*,*,#3095,.F.);
#4399=ORIENTED_EDGE('',*,*,#3062,.F.);
#4400=ORIENTED_EDGE('',*,*,#3123,.T.);
#4401=ORIENTED_EDGE('',*,*,#3116,.T.);
#4402=ORIENTED_EDGE('',*,*,#3124,.T.);
#4403=ORIENTED_EDGE('',*,*,#3125,.T.);
#4404=ORIENTED_EDGE('',*,*,#3126,.T.);
#4405=ORIENTED_EDGE('',*,*,#3127,.T.);
#4406=ORIENTED_EDGE('',*,*,#3128,.T.);
#4407=ORIENTED_EDGE('',*,*,#3129,.T.);
#4408=ORIENTED_EDGE('',*,*,#3125,.F.);
#4409=ORIENTED_EDGE('',*,*,#3130,.T.);
#4410=ORIENTED_EDGE('',*,*,#3131,.T.);
#4411=ORIENTED_EDGE('',*,*,#3132,.T.);
#4412=ORIENTED_EDGE('',*,*,#3133,.T.);
#4413=ORIENTED_EDGE('',*,*,#3134,.T.);
#4414=ORIENTED_EDGE('',*,*,#3049,.T.);
#4415=ORIENTED_EDGE('',*,*,#3135,.T.);
#4416=ORIENTED_EDGE('',*,*,#3136,.T.);
#4417=ORIENTED_EDGE('',*,*,#3133,.F.);
#4418=ORIENTED_EDGE('',*,*,#3137,.T.);
#4419=ORIENTED_EDGE('',*,*,#3127,.F.);
#4420=ORIENTED_EDGE('',*,*,#3138,.T.);
#4421=ORIENTED_EDGE('',*,*,#3139,.T.);
#4422=ORIENTED_EDGE('',*,*,#3140,.T.);
#4423=ORIENTED_EDGE('',*,*,#3132,.F.);
#4424=ORIENTED_EDGE('',*,*,#3057,.T.);
#4425=ORIENTED_EDGE('',*,*,#3141,.T.);
#4426=ORIENTED_EDGE('',*,*,#3139,.F.);
#4427=ORIENTED_EDGE('',*,*,#3142,.T.);
#4428=ORIENTED_EDGE('',*,*,#3142,.F.);
#4429=ORIENTED_EDGE('',*,*,#3138,.F.);
#4430=ORIENTED_EDGE('',*,*,#3131,.F.);
#4431=ORIENTED_EDGE('',*,*,#3143,.F.);
#4432=ORIENTED_EDGE('',*,*,#3144,.F.);
#4433=ORIENTED_EDGE('',*,*,#3058,.F.);
#4434=ORIENTED_EDGE('',*,*,#3130,.F.);
#4435=ORIENTED_EDGE('',*,*,#3145,.T.);
#4436=ORIENTED_EDGE('',*,*,#3146,.T.);
#4437=ORIENTED_EDGE('',*,*,#3147,.T.);
#4438=ORIENTED_EDGE('',*,*,#3148,.F.);
#4439=ORIENTED_EDGE('',*,*,#3149,.F.);
#4440=ORIENTED_EDGE('',*,*,#3143,.T.);
#4441=ORIENTED_EDGE('',*,*,#3150,.F.);
#4442=ORIENTED_EDGE('',*,*,#3151,.F.);
#4443=ORIENTED_EDGE('',*,*,#3124,.F.);
#4444=ORIENTED_EDGE('',*,*,#3152,.F.);
#4445=ORIENTED_EDGE('',*,*,#3153,.T.);
#4446=ORIENTED_EDGE('',*,*,#3154,.T.);
#4447=ORIENTED_EDGE('',*,*,#3155,.T.);
#4448=ORIENTED_EDGE('',*,*,#3156,.T.);
#4449=ORIENTED_EDGE('',*,*,#3145,.F.);
#4450=ORIENTED_EDGE('',*,*,#3157,.F.);
#4451=ORIENTED_EDGE('',*,*,#3158,.F.);
#4452=ORIENTED_EDGE('',*,*,#3128,.F.);
#4453=ORIENTED_EDGE('',*,*,#3137,.F.);
#4454=ORIENTED_EDGE('',*,*,#3135,.F.);
#4455=ORIENTED_EDGE('',*,*,#3048,.F.);
#4456=ORIENTED_EDGE('',*,*,#3159,.T.);
#4457=ORIENTED_EDGE('',*,*,#3152,.T.);
#4458=ORIENTED_EDGE('',*,*,#3160,.T.);
#4459=ORIENTED_EDGE('',*,*,#3161,.T.);
#4460=ORIENTED_EDGE('',*,*,#3162,.T.);
#4461=ORIENTED_EDGE('',*,*,#3160,.F.);
#4462=ORIENTED_EDGE('',*,*,#2921,.T.);
#4463=ORIENTED_EDGE('',*,*,#3161,.F.);
#4464=ORIENTED_EDGE('',*,*,#3162,.F.);
#4465=ORIENTED_EDGE('',*,*,#3163,.T.);
#4466=ORIENTED_EDGE('',*,*,#3164,.F.);
#4467=ORIENTED_EDGE('',*,*,#3163,.F.);
#4468=ORIENTED_EDGE('',*,*,#3165,.T.);
#4469=ORIENTED_EDGE('',*,*,#3166,.T.);
#4470=ORIENTED_EDGE('',*,*,#3167,.T.);
#4471=ORIENTED_EDGE('',*,*,#3165,.F.);
#4472=ORIENTED_EDGE('',*,*,#2924,.T.);
#4473=ORIENTED_EDGE('',*,*,#3166,.F.);
#4474=ORIENTED_EDGE('',*,*,#3167,.F.);
#4475=ORIENTED_EDGE('',*,*,#3168,.T.);
#4476=ORIENTED_EDGE('',*,*,#3169,.F.);
#4477=ORIENTED_EDGE('',*,*,#3168,.F.);
#4478=ORIENTED_EDGE('',*,*,#2623,.T.);
#4479=ORIENTED_EDGE('',*,*,#2631,.T.);
#4480=ORIENTED_EDGE('',*,*,#2639,.F.);
#4481=ORIENTED_EDGE('',*,*,#3170,.T.);
#4482=ORIENTED_EDGE('',*,*,#3171,.T.);
#4483=ORIENTED_EDGE('',*,*,#3172,.T.);
#4484=ORIENTED_EDGE('',*,*,#3170,.F.);
#4485=ORIENTED_EDGE('',*,*,#2922,.T.);
#4486=ORIENTED_EDGE('',*,*,#3171,.F.);
#4487=ORIENTED_EDGE('',*,*,#3172,.F.);
#4488=ORIENTED_EDGE('',*,*,#3173,.T.);
#4489=ORIENTED_EDGE('',*,*,#3174,.F.);
#4490=ORIENTED_EDGE('',*,*,#3173,.F.);
#4491=ORIENTED_EDGE('',*,*,#3175,.T.);
#4492=ORIENTED_EDGE('',*,*,#3176,.T.);
#4493=ORIENTED_EDGE('',*,*,#3177,.T.);
#4494=ORIENTED_EDGE('',*,*,#3175,.F.);
#4495=ORIENTED_EDGE('',*,*,#2923,.T.);
#4496=ORIENTED_EDGE('',*,*,#3176,.F.);
#4497=ORIENTED_EDGE('',*,*,#3177,.F.);
#4498=ORIENTED_EDGE('',*,*,#3178,.T.);
#4499=ORIENTED_EDGE('',*,*,#3179,.F.);
#4500=ORIENTED_EDGE('',*,*,#3178,.F.);
#4501=ORIENTED_EDGE('',*,*,#3054,.T.);
#4502=ORIENTED_EDGE('',*,*,#3069,.T.);
#4503=ORIENTED_EDGE('',*,*,#3180,.T.);
#4504=ORIENTED_EDGE('',*,*,#3181,.T.);
#4505=ORIENTED_EDGE('',*,*,#3181,.F.);
#4506=ORIENTED_EDGE('',*,*,#3182,.F.);
#4507=ORIENTED_EDGE('',*,*,#3183,.F.);
#4508=ORIENTED_EDGE('',*,*,#3184,.F.);
#4509=ORIENTED_EDGE('',*,*,#3185,.F.);
#4510=ORIENTED_EDGE('',*,*,#3186,.F.);
#4511=ORIENTED_EDGE('',*,*,#2745,.F.);
#4512=ORIENTED_EDGE('',*,*,#3055,.F.);
#4513=ORIENTED_EDGE('',*,*,#3187,.T.);
#4514=ORIENTED_EDGE('',*,*,#3188,.T.);
#4515=ORIENTED_EDGE('',*,*,#3189,.T.);
#4516=ORIENTED_EDGE('',*,*,#3067,.T.);
#4517=ORIENTED_EDGE('',*,*,#3190,.T.);
#4518=ORIENTED_EDGE('',*,*,#3191,.T.);
#4519=ORIENTED_EDGE('',*,*,#3192,.T.);
#4520=ORIENTED_EDGE('',*,*,#3037,.T.);
#4521=ORIENTED_EDGE('',*,*,#3193,.T.);
#4522=ORIENTED_EDGE('',*,*,#3039,.T.);
#4523=ORIENTED_EDGE('',*,*,#3194,.T.);
#4524=ORIENTED_EDGE('',*,*,#3195,.T.);
#4525=ORIENTED_EDGE('',*,*,#3073,.F.);
#4526=ORIENTED_EDGE('',*,*,#3040,.T.);
#4527=ORIENTED_EDGE('',*,*,#3193,.F.);
#4528=ORIENTED_EDGE('',*,*,#3196,.T.);
#4529=ORIENTED_EDGE('',*,*,#3082,.F.);
#4530=ORIENTED_EDGE('',*,*,#3195,.F.);
#4531=ORIENTED_EDGE('',*,*,#3197,.F.);
#4532=ORIENTED_EDGE('',*,*,#2852,.T.);
#4533=ORIENTED_EDGE('',*,*,#3198,.F.);
#4534=ORIENTED_EDGE('',*,*,#3199,.F.);
#4535=ORIENTED_EDGE('',*,*,#3083,.F.);
#4536=ORIENTED_EDGE('',*,*,#3196,.F.);
#4537=ORIENTED_EDGE('',*,*,#3200,.T.);
#4538=ORIENTED_EDGE('',*,*,#3183,.T.);
#4539=ORIENTED_EDGE('',*,*,#3201,.T.);
#4540=ORIENTED_EDGE('',*,*,#3202,.T.);
#4541=ORIENTED_EDGE('',*,*,#3203,.T.);
#4542=ORIENTED_EDGE('',*,*,#3204,.T.);
#4543=ORIENTED_EDGE('',*,*,#3205,.T.);
#4544=ORIENTED_EDGE('',*,*,#3206,.T.);
#4545=ORIENTED_EDGE('',*,*,#2570,.T.);
#4546=ORIENTED_EDGE('',*,*,#2920,.F.);
#4547=ORIENTED_EDGE('',*,*,#3207,.T.);
#4548=ORIENTED_EDGE('',*,*,#3208,.F.);
#4549=ORIENTED_EDGE('',*,*,#3204,.F.);
#4550=ORIENTED_EDGE('',*,*,#3209,.T.);
#4551=ORIENTED_EDGE('',*,*,#3202,.F.);
#4552=ORIENTED_EDGE('',*,*,#3210,.F.);
#4553=ORIENTED_EDGE('',*,*,#3211,.T.);
#4554=ORIENTED_EDGE('',*,*,#2916,.F.);
#4555=ORIENTED_EDGE('',*,*,#3212,.F.);
#4556=ORIENTED_EDGE('',*,*,#3006,.F.);
#4557=ORIENTED_EDGE('',*,*,#3213,.F.);
#4558=ORIENTED_EDGE('',*,*,#2799,.T.);
#4559=ORIENTED_EDGE('',*,*,#2784,.T.);
#4560=ORIENTED_EDGE('',*,*,#2807,.F.);
#4561=ORIENTED_EDGE('',*,*,#2866,.F.);
#4562=ORIENTED_EDGE('',*,*,#2869,.F.);
#4563=ORIENTED_EDGE('',*,*,#2874,.F.);
#4564=ORIENTED_EDGE('',*,*,#2837,.F.);
#4565=ORIENTED_EDGE('',*,*,#2774,.T.);
#4566=ORIENTED_EDGE('',*,*,#2768,.T.);
#4567=ORIENTED_EDGE('',*,*,#2761,.T.);
#4568=ORIENTED_EDGE('',*,*,#2563,.F.);
#4569=ORIENTED_EDGE('',*,*,#3214,.F.);
#4570=ORIENTED_EDGE('',*,*,#2632,.F.);
#4571=ORIENTED_EDGE('',*,*,#2581,.T.);
#4572=ORIENTED_EDGE('',*,*,#2578,.T.);
#4573=ORIENTED_EDGE('',*,*,#2914,.F.);
#4574=ORIENTED_EDGE('',*,*,#3215,.F.);
#4575=ORIENTED_EDGE('',*,*,#3216,.F.);
#4576=ORIENTED_EDGE('',*,*,#3217,.F.);
#4577=ORIENTED_EDGE('',*,*,#2848,.F.);
#4578=ORIENTED_EDGE('',*,*,#2912,.F.);
#4579=ORIENTED_EDGE('',*,*,#2854,.F.);
#4580=ORIENTED_EDGE('',*,*,#3218,.F.);
#4581=ORIENTED_EDGE('',*,*,#3219,.F.);
#4582=ORIENTED_EDGE('',*,*,#3220,.F.);
#4583=ORIENTED_EDGE('',*,*,#2919,.F.);
#4584=ORIENTED_EDGE('',*,*,#3221,.F.);
#4585=ORIENTED_EDGE('',*,*,#3222,.F.);
#4586=ORIENTED_EDGE('',*,*,#3223,.F.);
#4587=ORIENTED_EDGE('',*,*,#3207,.F.);
#4588=ORIENTED_EDGE('',*,*,#2917,.F.);
#4589=ORIENTED_EDGE('',*,*,#3211,.F.);
#4590=ORIENTED_EDGE('',*,*,#3224,.F.);
#4591=ORIENTED_EDGE('',*,*,#3225,.F.);
#4592=ORIENTED_EDGE('',*,*,#3226,.F.);
#4593=ORIENTED_EDGE('',*,*,#3197,.T.);
#4594=ORIENTED_EDGE('',*,*,#3194,.F.);
#4595=ORIENTED_EDGE('',*,*,#3038,.F.);
#4596=ORIENTED_EDGE('',*,*,#3192,.F.);
#4597=ORIENTED_EDGE('',*,*,#3227,.T.);
#4598=ORIENTED_EDGE('',*,*,#2849,.F.);
#4599=ORIENTED_EDGE('',*,*,#3217,.T.);
#4600=ORIENTED_EDGE('',*,*,#3228,.T.);
#4601=ORIENTED_EDGE('',*,*,#3218,.T.);
#4602=ORIENTED_EDGE('',*,*,#2853,.F.);
#4603=ORIENTED_EDGE('',*,*,#3182,.T.);
#4604=ORIENTED_EDGE('',*,*,#3180,.F.);
#4605=ORIENTED_EDGE('',*,*,#3068,.F.);
#4606=ORIENTED_EDGE('',*,*,#3189,.F.);
#4607=ORIENTED_EDGE('',*,*,#3229,.T.);
#4608=ORIENTED_EDGE('',*,*,#3205,.F.);
#4609=ORIENTED_EDGE('',*,*,#3208,.T.);
#4610=ORIENTED_EDGE('',*,*,#3223,.T.);
#4611=ORIENTED_EDGE('',*,*,#3230,.F.);
#4612=ORIENTED_EDGE('',*,*,#3224,.T.);
#4613=ORIENTED_EDGE('',*,*,#3210,.T.);
#4614=ORIENTED_EDGE('',*,*,#3201,.F.);
#4615=ORIENTED_EDGE('',*,*,#3084,.F.);
#4616=ORIENTED_EDGE('',*,*,#3199,.T.);
#4617=ORIENTED_EDGE('',*,*,#3231,.F.);
#4618=ORIENTED_EDGE('',*,*,#3232,.T.);
#4619=ORIENTED_EDGE('',*,*,#3188,.F.);
#4620=ORIENTED_EDGE('',*,*,#3233,.F.);
#4621=ORIENTED_EDGE('',*,*,#2747,.F.);
#4622=ORIENTED_EDGE('',*,*,#3234,.F.);
#4623=ORIENTED_EDGE('',*,*,#3235,.F.);
#4624=ORIENTED_EDGE('',*,*,#3236,.F.);
#4625=ORIENTED_EDGE('',*,*,#3206,.F.);
#4626=ORIENTED_EDGE('',*,*,#3229,.F.);
#4627=ORIENTED_EDGE('',*,*,#2913,.F.);
#4628=ORIENTED_EDGE('',*,*,#3220,.T.);
#4629=ORIENTED_EDGE('',*,*,#3237,.F.);
#4630=ORIENTED_EDGE('',*,*,#3215,.T.);
#4631=ORIENTED_EDGE('',*,*,#3191,.F.);
#4632=ORIENTED_EDGE('',*,*,#3238,.F.);
#4633=ORIENTED_EDGE('',*,*,#3085,.F.);
#4634=ORIENTED_EDGE('',*,*,#3232,.F.);
#4635=ORIENTED_EDGE('',*,*,#3239,.F.);
#4636=ORIENTED_EDGE('',*,*,#2850,.T.);
#4637=ORIENTED_EDGE('',*,*,#3227,.F.);
#4638=ORIENTED_EDGE('',*,*,#2851,.F.);
#4639=ORIENTED_EDGE('',*,*,#3239,.T.);
#4640=ORIENTED_EDGE('',*,*,#3231,.T.);
#4641=ORIENTED_EDGE('',*,*,#3198,.T.);
#4642=ORIENTED_EDGE('',*,*,#2746,.F.);
#4643=ORIENTED_EDGE('',*,*,#3186,.T.);
#4644=ORIENTED_EDGE('',*,*,#3240,.T.);
#4645=ORIENTED_EDGE('',*,*,#3234,.T.);
#4646=ORIENTED_EDGE('',*,*,#3240,.F.);
#4647=ORIENTED_EDGE('',*,*,#3185,.T.);
#4648=ORIENTED_EDGE('',*,*,#3241,.T.);
#4649=ORIENTED_EDGE('',*,*,#3235,.T.);
#4650=ORIENTED_EDGE('',*,*,#3241,.F.);
#4651=ORIENTED_EDGE('',*,*,#3184,.T.);
#4652=ORIENTED_EDGE('',*,*,#3200,.F.);
#4653=ORIENTED_EDGE('',*,*,#3209,.F.);
#4654=ORIENTED_EDGE('',*,*,#3203,.F.);
#4655=ORIENTED_EDGE('',*,*,#3236,.T.);
#4656=ORIENTED_EDGE('',*,*,#2918,.F.);
#4657=ORIENTED_EDGE('',*,*,#3226,.T.);
#4658=ORIENTED_EDGE('',*,*,#3242,.T.);
#4659=ORIENTED_EDGE('',*,*,#3221,.T.);
#4660=ORIENTED_EDGE('',*,*,#3242,.F.);
#4661=ORIENTED_EDGE('',*,*,#3225,.T.);
#4662=ORIENTED_EDGE('',*,*,#3230,.T.);
#4663=ORIENTED_EDGE('',*,*,#3222,.T.);
#4664=ORIENTED_EDGE('',*,*,#3228,.F.);
#4665=ORIENTED_EDGE('',*,*,#3216,.T.);
#4666=ORIENTED_EDGE('',*,*,#3237,.T.);
#4667=ORIENTED_EDGE('',*,*,#3219,.T.);
#4668=ORIENTED_EDGE('',*,*,#3074,.F.);
#4669=ORIENTED_EDGE('',*,*,#2748,.F.);
#4670=ORIENTED_EDGE('',*,*,#3233,.T.);
#4671=ORIENTED_EDGE('',*,*,#3187,.F.);
#4672=ORIENTED_EDGE('',*,*,#3066,.T.);
#4673=ORIENTED_EDGE('',*,*,#3022,.F.);
#4674=ORIENTED_EDGE('',*,*,#3086,.F.);
#4675=ORIENTED_EDGE('',*,*,#3238,.T.);
#4676=ORIENTED_EDGE('',*,*,#3190,.F.);
#4677=ORIENTED_EDGE('',*,*,#3036,.T.);
#4678=ORIENTED_EDGE('',*,*,#3112,.T.);
#4679=ORIENTED_EDGE('',*,*,#3243,.T.);
#4680=ORIENTED_EDGE('',*,*,#3244,.T.);
#4681=ORIENTED_EDGE('',*,*,#3113,.T.);
#4682=ORIENTED_EDGE('',*,*,#3244,.F.);
#4683=ORIENTED_EDGE('',*,*,#3245,.T.);
#4684=ORIENTED_EDGE('',*,*,#3245,.F.);
#4685=ORIENTED_EDGE('',*,*,#3243,.F.);
#4686=ORIENTED_EDGE('',*,*,#3111,.F.);
#4687=ORIENTED_EDGE('',*,*,#3246,.T.);
#4688=ORIENTED_EDGE('',*,*,#3247,.T.);
#4689=ORIENTED_EDGE('',*,*,#3108,.T.);
#4690=ORIENTED_EDGE('',*,*,#3118,.F.);
#4691=ORIENTED_EDGE('',*,*,#3248,.T.);
#4692=ORIENTED_EDGE('',*,*,#3249,.T.);
#4693=ORIENTED_EDGE('',*,*,#3117,.F.);
#4694=ORIENTED_EDGE('',*,*,#3250,.T.);
#4695=ORIENTED_EDGE('',*,*,#3248,.F.);
#4696=ORIENTED_EDGE('',*,*,#3249,.F.);
#4697=ORIENTED_EDGE('',*,*,#3250,.F.);
#4698=ORIENTED_EDGE('',*,*,#3123,.F.);
#4699=ORIENTED_EDGE('',*,*,#3251,.F.);
#4700=ORIENTED_EDGE('',*,*,#3252,.T.);
#4701=ORIENTED_EDGE('',*,*,#3119,.F.);
#4702=ORIENTED_EDGE('',*,*,#3154,.F.);
#4703=ORIENTED_EDGE('',*,*,#3253,.T.);
#4704=ORIENTED_EDGE('',*,*,#3254,.T.);
#4705=ORIENTED_EDGE('',*,*,#3153,.F.);
#4706=ORIENTED_EDGE('',*,*,#3255,.T.);
#4707=ORIENTED_EDGE('',*,*,#3253,.F.);
#4708=ORIENTED_EDGE('',*,*,#3140,.F.);
#4709=ORIENTED_EDGE('',*,*,#3256,.F.);
#4710=ORIENTED_EDGE('',*,*,#3025,.F.);
#4711=ORIENTED_EDGE('',*,*,#3257,.F.);
#4712=ORIENTED_EDGE('',*,*,#3136,.F.);
#4713=ORIENTED_EDGE('',*,*,#3126,.F.);
#4714=ORIENTED_EDGE('',*,*,#3129,.F.);
#4715=ORIENTED_EDGE('',*,*,#3148,.T.);
#4716=ORIENTED_EDGE('',*,*,#3258,.T.);
#4717=ORIENTED_EDGE('',*,*,#3259,.T.);
#4718=ORIENTED_EDGE('',*,*,#3149,.T.);
#4719=ORIENTED_EDGE('',*,*,#3259,.F.);
#4720=ORIENTED_EDGE('',*,*,#3260,.T.);
#4721=ORIENTED_EDGE('',*,*,#3260,.F.);
#4722=ORIENTED_EDGE('',*,*,#3258,.F.);
#4723=ORIENTED_EDGE('',*,*,#3147,.F.);
#4724=ORIENTED_EDGE('',*,*,#3261,.T.);
#4725=ORIENTED_EDGE('',*,*,#3262,.T.);
#4726=ORIENTED_EDGE('',*,*,#3144,.T.);
#4727=ORIENTED_EDGE('',*,*,#3059,.F.);
#4728=ORIENTED_EDGE('',*,*,#3262,.F.);
#4729=ORIENTED_EDGE('',*,*,#3263,.T.);
#4730=ORIENTED_EDGE('',*,*,#3047,.F.);
#4731=ORIENTED_EDGE('',*,*,#3264,.T.);
#4732=ORIENTED_EDGE('',*,*,#3265,.T.);
#4733=ORIENTED_EDGE('',*,*,#3255,.F.);
#4734=ORIENTED_EDGE('',*,*,#3159,.F.);
#4735=ORIENTED_EDGE('',*,*,#3265,.F.);
#4736=ORIENTED_EDGE('',*,*,#3266,.T.);
#4737=ORIENTED_EDGE('',*,*,#3155,.F.);
#4738=ORIENTED_EDGE('',*,*,#3254,.F.);
#4739=ORIENTED_EDGE('',*,*,#3061,.F.);
#4740=ORIENTED_EDGE('',*,*,#3267,.T.);
#4741=ORIENTED_EDGE('',*,*,#3251,.T.);
#4742=ORIENTED_EDGE('',*,*,#3045,.F.);
#4743=ORIENTED_EDGE('',*,*,#3247,.F.);
#4744=ORIENTED_EDGE('',*,*,#3268,.T.);
#4745=ORIENTED_EDGE('',*,*,#3104,.F.);
#4746=ORIENTED_EDGE('',*,*,#3269,.F.);
#4747=ORIENTED_EDGE('',*,*,#2706,.F.);
#4748=ORIENTED_EDGE('',*,*,#3270,.F.);
#4749=ORIENTED_EDGE('',*,*,#3096,.F.);
#4750=ORIENTED_EDGE('',*,*,#3088,.F.);
#4751=ORIENTED_EDGE('',*,*,#3098,.F.);
#4752=ORIENTED_EDGE('',*,*,#3060,.F.);
#4753=ORIENTED_EDGE('',*,*,#3263,.F.);
#4754=ORIENTED_EDGE('',*,*,#3261,.F.);
#4755=ORIENTED_EDGE('',*,*,#3146,.F.);
#4756=ORIENTED_EDGE('',*,*,#3156,.F.);
#4757=ORIENTED_EDGE('',*,*,#3266,.F.);
#4758=ORIENTED_EDGE('',*,*,#3264,.F.);
#4759=ORIENTED_EDGE('',*,*,#3046,.T.);
#4760=ORIENTED_EDGE('',*,*,#3268,.F.);
#4761=ORIENTED_EDGE('',*,*,#3246,.F.);
#4762=ORIENTED_EDGE('',*,*,#3110,.F.);
#4763=ORIENTED_EDGE('',*,*,#3120,.F.);
#4764=ORIENTED_EDGE('',*,*,#3252,.F.);
#4765=ORIENTED_EDGE('',*,*,#3267,.F.);
#4766=ORIENTED_EDGE('',*,*,#3174,.T.);
#4767=ORIENTED_EDGE('',*,*,#3179,.T.);
#4768=ORIENTED_EDGE('',*,*,#3164,.T.);
#4769=ORIENTED_EDGE('',*,*,#3169,.T.);
#4770=ORIENTED_EDGE('',*,*,#3134,.F.);
#4771=ORIENTED_EDGE('',*,*,#3257,.T.);
#4772=ORIENTED_EDGE('',*,*,#3024,.T.);
#4773=ORIENTED_EDGE('',*,*,#3050,.T.);
#4774=ORIENTED_EDGE('',*,*,#3105,.F.);
#4775=ORIENTED_EDGE('',*,*,#3042,.T.);
#4776=ORIENTED_EDGE('',*,*,#2707,.T.);
#4777=ORIENTED_EDGE('',*,*,#3269,.T.);
#4778=ORIENTED_EDGE('',*,*,#3141,.F.);
#4779=ORIENTED_EDGE('',*,*,#3056,.T.);
#4780=ORIENTED_EDGE('',*,*,#3026,.T.);
#4781=ORIENTED_EDGE('',*,*,#3256,.T.);
#4782=ORIENTED_EDGE('',*,*,#3121,.T.);
#4783=ORIENTED_EDGE('',*,*,#3271,.T.);
#4784=ORIENTED_EDGE('',*,*,#3272,.T.);
#4785=ORIENTED_EDGE('',*,*,#3271,.F.);
#4786=ORIENTED_EDGE('',*,*,#3122,.T.);
#4787=ORIENTED_EDGE('',*,*,#3114,.T.);
#4788=ORIENTED_EDGE('',*,*,#3273,.T.);
#4789=ORIENTED_EDGE('',*,*,#3274,.T.);
#4790=ORIENTED_EDGE('',*,*,#3273,.F.);
#4791=ORIENTED_EDGE('',*,*,#3115,.T.);
#4792=ORIENTED_EDGE('',*,*,#3094,.F.);
#4793=ORIENTED_EDGE('',*,*,#3270,.T.);
#4794=ORIENTED_EDGE('',*,*,#2705,.T.);
#4795=ORIENTED_EDGE('',*,*,#3064,.T.);
#4796=ORIENTED_EDGE('',*,*,#2977,.F.);
#4797=ORIENTED_EDGE('',*,*,#3087,.F.);
#4798=ORIENTED_EDGE('',*,*,#2989,.F.);
#4799=ORIENTED_EDGE('',*,*,#2979,.F.);
#4800=ORIENTED_EDGE('',*,*,#2800,.T.);
#4801=ORIENTED_EDGE('',*,*,#3213,.T.);
#4802=ORIENTED_EDGE('',*,*,#3005,.F.);
#4803=ORIENTED_EDGE('',*,*,#3014,.F.);
#4804=ORIENTED_EDGE('',*,*,#2566,.T.);
#4805=ORIENTED_EDGE('',*,*,#2760,.T.);
#4806=ORIENTED_EDGE('',*,*,#2831,.T.);
#4807=ORIENTED_EDGE('',*,*,#2872,.F.);
#4808=ORIENTED_EDGE('',*,*,#2814,.F.);
#4809=ORIENTED_EDGE('',*,*,#2798,.T.);
#4810=ORIENTED_EDGE('',*,*,#3007,.F.);
#4811=ORIENTED_EDGE('',*,*,#3212,.T.);
#4812=ORIENTED_EDGE('',*,*,#2915,.T.);
#4813=ORIENTED_EDGE('',*,*,#2846,.T.);
#4814=ORIENTED_EDGE('',*,*,#2911,.T.);
#4815=ORIENTED_EDGE('',*,*,#2633,.F.);
#4816=ORIENTED_EDGE('',*,*,#3214,.T.);
#4817=ORIENTED_EDGE('',*,*,#2562,.F.);
#4818=ORIENTED_EDGE('',*,*,#2840,.T.);
#4819=ORIENTED_EDGE('',*,*,#2991,.F.);
#4820=ORIENTED_EDGE('',*,*,#2999,.T.);
#4821=ORIENTED_EDGE('',*,*,#3275,.F.);
#4822=ORIENTED_EDGE('',*,*,#2841,.T.);
#4823=ORIENTED_EDGE('',*,*,#3275,.T.);
#4824=ORIENTED_EDGE('',*,*,#2998,.T.);
#4825=ORIENTED_EDGE('',*,*,#3276,.T.);
#4826=ORIENTED_EDGE('',*,*,#3277,.T.);
#4827=ORIENTED_EDGE('',*,*,#3278,.T.);
#4828=ORIENTED_EDGE('',*,*,#2994,.T.);
#4829=ORIENTED_EDGE('',*,*,#3279,.T.);
#4830=ORIENTED_EDGE('',*,*,#2842,.T.);
#4831=ORIENTED_EDGE('',*,*,#3279,.F.);
#4832=ORIENTED_EDGE('',*,*,#2993,.T.);
#4833=ORIENTED_EDGE('',*,*,#3000,.T.);
#4834=ORIENTED_EDGE('',*,*,#3032,.F.);
#4835=ORIENTED_EDGE('',*,*,#3080,.F.);
#4836=ORIENTED_EDGE('',*,*,#3280,.T.);
#4837=ORIENTED_EDGE('',*,*,#3151,.T.);
#4838=ORIENTED_EDGE('',*,*,#3150,.T.);
#4839=ORIENTED_EDGE('',*,*,#3280,.F.);
#4840=ORIENTED_EDGE('',*,*,#3079,.F.);
#4841=ORIENTED_EDGE('',*,*,#3281,.F.);
#4842=ORIENTED_EDGE('',*,*,#3282,.F.);
#4843=ORIENTED_EDGE('',*,*,#3283,.F.);
#4844=ORIENTED_EDGE('',*,*,#3284,.F.);
#4845=ORIENTED_EDGE('',*,*,#3272,.F.);
#4846=ORIENTED_EDGE('',*,*,#3285,.F.);
#4847=ORIENTED_EDGE('',*,*,#3077,.F.);
#4848=ORIENTED_EDGE('',*,*,#3286,.T.);
#4849=ORIENTED_EDGE('',*,*,#3158,.T.);
#4850=ORIENTED_EDGE('',*,*,#3157,.T.);
#4851=ORIENTED_EDGE('',*,*,#3286,.F.);
#4852=ORIENTED_EDGE('',*,*,#3076,.F.);
#4853=ORIENTED_EDGE('',*,*,#3034,.F.);
#4854=ORIENTED_EDGE('',*,*,#3287,.F.);
#4855=ORIENTED_EDGE('',*,*,#3288,.F.);
#4856=ORIENTED_EDGE('',*,*,#3289,.F.);
#4857=ORIENTED_EDGE('',*,*,#3274,.F.);
#4858=ORIENTED_EDGE('',*,*,#3282,.T.);
#4859=ORIENTED_EDGE('',*,*,#3290,.F.);
#4860=ORIENTED_EDGE('',*,*,#3289,.T.);
#4861=ORIENTED_EDGE('',*,*,#3291,.F.);
#4862=ORIENTED_EDGE('',*,*,#3283,.T.);
#4863=ORIENTED_EDGE('',*,*,#3291,.T.);
#4864=ORIENTED_EDGE('',*,*,#3288,.T.);
#4865=ORIENTED_EDGE('',*,*,#3292,.T.);
#4866=ORIENTED_EDGE('',*,*,#3281,.T.);
#4867=ORIENTED_EDGE('',*,*,#3078,.F.);
#4868=ORIENTED_EDGE('',*,*,#3285,.T.);
#4869=ORIENTED_EDGE('',*,*,#3290,.T.);
#4870=ORIENTED_EDGE('',*,*,#2737,.F.);
#4871=ORIENTED_EDGE('',*,*,#3293,.T.);
#4872=ORIENTED_EDGE('',*,*,#3294,.F.);
#4873=ORIENTED_EDGE('',*,*,#3295,.F.);
#4874=ORIENTED_EDGE('',*,*,#3295,.T.);
#4875=ORIENTED_EDGE('',*,*,#3296,.F.);
#4876=ORIENTED_EDGE('',*,*,#3297,.F.);
#4877=ORIENTED_EDGE('',*,*,#2738,.T.);
#4878=ORIENTED_EDGE('',*,*,#3297,.T.);
#4879=ORIENTED_EDGE('',*,*,#3298,.F.);
#4880=ORIENTED_EDGE('',*,*,#3299,.F.);
#4881=ORIENTED_EDGE('',*,*,#2735,.F.);
#4882=ORIENTED_EDGE('',*,*,#2736,.F.);
#4883=ORIENTED_EDGE('',*,*,#3299,.T.);
#4884=ORIENTED_EDGE('',*,*,#3300,.F.);
#4885=ORIENTED_EDGE('',*,*,#3293,.F.);
#4886=ORIENTED_EDGE('',*,*,#3294,.T.);
#4887=ORIENTED_EDGE('',*,*,#3300,.T.);
#4888=ORIENTED_EDGE('',*,*,#3298,.T.);
#4889=ORIENTED_EDGE('',*,*,#3296,.T.);
#4890=ORIENTED_EDGE('',*,*,#3284,.T.);
#4891=ORIENTED_EDGE('',*,*,#3292,.F.);
#4892=ORIENTED_EDGE('',*,*,#3287,.T.);
#4893=ORIENTED_EDGE('',*,*,#3033,.F.);
#4894=ORIENTED_EDGE('',*,*,#2997,.T.);
#4895=ORIENTED_EDGE('',*,*,#3301,.T.);
#4896=ORIENTED_EDGE('',*,*,#3302,.T.);
#4897=ORIENTED_EDGE('',*,*,#3276,.F.);
#4898=ORIENTED_EDGE('',*,*,#2996,.T.);
#4899=ORIENTED_EDGE('',*,*,#3303,.F.);
#4900=ORIENTED_EDGE('',*,*,#3304,.F.);
#4901=ORIENTED_EDGE('',*,*,#3301,.F.);
#4902=ORIENTED_EDGE('',*,*,#2995,.T.);
#4903=ORIENTED_EDGE('',*,*,#3278,.F.);
#4904=ORIENTED_EDGE('',*,*,#3305,.T.);
#4905=ORIENTED_EDGE('',*,*,#3303,.T.);
#4906=ORIENTED_EDGE('',*,*,#3302,.F.);
#4907=ORIENTED_EDGE('',*,*,#3304,.T.);
#4908=ORIENTED_EDGE('',*,*,#3305,.F.);
#4909=ORIENTED_EDGE('',*,*,#3277,.F.);
#4910=B_SPLINE_SURFACE_WITH_KNOTS('',3,3,((#6793,#6794,#6795,#6796),(#6797,
#6798,#6799,#6800),(#6801,#6802,#6803,#6804),(#6805,#6806,#6807,#6808),
(#6809,#6810,#6811,#6812)),.UNSPECIFIED.,.F.,.F.,.F.,(4,1,4),(4,4),(0.,
0.571428571428571,1.),(0.,0.0407607043871138),.UNSPECIFIED.);
#4911=B_SPLINE_SURFACE_WITH_KNOTS('',3,3,((#6833,#6834,#6835,#6836,#6837),
(#6838,#6839,#6840,#6841,#6842),(#6843,#6844,#6845,#6846,#6847),(#6848,
#6849,#6850,#6851,#6852),(#6853,#6854,#6855,#6856,#6857),(#6858,#6859,#6860,
#6861,#6862)),.UNSPECIFIED.,.F.,.F.,.F.,(4,1,1,4),(4,1,4),(0.,0.285714285714286,
0.571428571428571,1.),(0.0592535527714921,0.133283386463096,0.207313220154699),
 .UNSPECIFIED.);
#4912=B_SPLINE_SURFACE_WITH_KNOTS('',3,3,((#6876,#6877,#6878,#6879),(#6880,
#6881,#6882,#6883),(#6884,#6885,#6886,#6887),(#6888,#6889,#6890,#6891),
(#6892,#6893,#6894,#6895),(#6896,#6897,#6898,#6899)),.UNSPECIFIED.,.F.,
 .F.,.F.,(4,1,1,4),(4,4),(0.,0.285714285714286,0.571428571428571,1.),(0.,
0.0743537603337461),.UNSPECIFIED.);
#4913=B_SPLINE_SURFACE_WITH_KNOTS('',3,3,((#6917,#6918,#6919,#6920),(#6921,
#6922,#6923,#6924),(#6925,#6926,#6927,#6928),(#6929,#6930,#6931,#6932),
(#6933,#6934,#6935,#6936),(#6937,#6938,#6939,#6940)),.UNSPECIFIED.,.F.,
 .F.,.F.,(4,1,1,4),(4,4),(0.,0.285714285714286,0.571428571428571,1.),(0.,
0.0592166741577104),.UNSPECIFIED.);
#4914=B_SPLINE_SURFACE_WITH_KNOTS('',3,3,((#6952,#6953,#6954,#6955),(#6956,
#6957,#6958,#6959),(#6960,#6961,#6962,#6963),(#6964,#6965,#6966,#6967),
(#6968,#6969,#6970,#6971),(#6972,#6973,#6974,#6975)),.UNSPECIFIED.,.F.,
 .F.,.F.,(4,1,1,4),(4,4),(0.,0.285714285714286,0.571428571428571,1.),(0.,
0.0500266049959475),.UNSPECIFIED.);
#4915=B_SPLINE_SURFACE_WITH_KNOTS('',3,3,((#6987,#6988,#6989,#6990),(#6991,
#6992,#6993,#6994),(#6995,#6996,#6997,#6998),(#6999,#7000,#7001,#7002),
(#7003,#7004,#7005,#7006),(#7007,#7008,#7009,#7010)),.UNSPECIFIED.,.F.,
 .F.,.F.,(4,1,1,4),(4,4),(0.,0.285714285714286,0.571428571428571,1.),(0.138655751356415,
0.212648616822772),.UNSPECIFIED.);
#4916=B_SPLINE_SURFACE_WITH_KNOTS('',3,3,((#7100,#7101,#7102,#7103,#7104,
#7105),(#7106,#7107,#7108,#7109,#7110,#7111),(#7112,#7113,#7114,#7115,#7116,
#7117),(#7118,#7119,#7120,#7121,#7122,#7123),(#7124,#7125,#7126,#7127,#7128,
#7129)),.UNSPECIFIED.,.F.,.F.,.F.,(4,1,4),(4,1,1,4),(0.,0.5,1.),(-6.58391607980548E-16,
0.163831032310879,0.273051720518132,0.382272408725386),.UNSPECIFIED.);
#4917=B_SPLINE_SURFACE_WITH_KNOTS('',3,3,((#7265,#7266,#7267,#7268,#7269),
(#7270,#7271,#7272,#7273,#7274),(#7275,#7276,#7277,#7278,#7279),(#7280,
#7281,#7282,#7283,#7284),(#7285,#7286,#7287,#7288,#7289)),.UNSPECIFIED.,
 .F.,.F.,.F.,(4,1,4),(4,1,4),(0.,0.5,1.),(0.10501760203507,0.230014849315341,
0.396677845689036),.UNSPECIFIED.);
#4918=B_SPLINE_SURFACE_WITH_KNOTS('',3,3,((#7372,#7373,#7374,#7375,#7376,
#7377,#7378,#7379,#7380,#7381,#7382,#7383,#7384,#7385,#7386,#7387,#7388,
#7389,#7390),(#7391,#7392,#7393,#7394,#7395,#7396,#7397,#7398,#7399,#7400,
#7401,#7402,#7403,#7404,#7405,#7406,#7407,#7408,#7409),(#7410,#7411,#7412,
#7413,#7414,#7415,#7416,#7417,#7418,#7419,#7420,#7421,#7422,#7423,#7424,
#7425,#7426,#7427,#7428),(#7429,#7430,#7431,#7432,#7433,#7434,#7435,#7436,
#7437,#7438,#7439,#7440,#7441,#7442,#7443,#7444,#7445,#7446,#7447),(#7448,
#7449,#7450,#7451,#7452,#7453,#7454,#7455,#7456,#7457,#7458,#7459,#7460,
#7461,#7462,#7463,#7464,#7465,#7466)),.UNSPECIFIED.,.F.,.F.,.F.,(4,1,4),
(4,1,1,1,1,1,1,1,1,1,1,1,1,1,1,1,4),(0.,0.5,1.),(2.7556087889539E-15,0.030946377799607,
0.0618927555992112,0.0657610528241617,0.0696293500491122,0.0773659444990133,
0.0812342417239638,0.0851025389489144,0.0889708361738649,0.0928391333988154,
0.112180619523568,0.12378551119842,0.131522105648321,0.139258700098222,
0.154731888998024,0.170205077897826,0.216624644597232),.UNSPECIFIED.);
#4919=B_SPLINE_SURFACE_WITH_KNOTS('',3,3,((#7533,#7534,#7535,#7536,#7537,
#7538,#7539,#7540,#7541,#7542,#7543),(#7544,#7545,#7546,#7547,#7548,#7549,
#7550,#7551,#7552,#7553,#7554),(#7555,#7556,#7557,#7558,#7559,#7560,#7561,
#7562,#7563,#7564,#7565),(#7566,#7567,#7568,#7569,#7570,#7571,#7572,#7573,
#7574,#7575,#7576),(#7577,#7578,#7579,#7580,#7581,#7582,#7583,#7584,#7585,
#7586,#7587)),.UNSPECIFIED.,.F.,.F.,.F.,(4,1,4),(4,1,1,1,1,1,1,1,4),(0.,
0.5,1.),(0.00686890443569599,0.0884873295935049,0.108891935882957,0.119094239027683,
0.129296542172409,0.170105754751314,0.210914967330218,0.251724179909123,
0.292533392488027),.UNSPECIFIED.);
#4920=B_SPLINE_SURFACE_WITH_KNOTS('',3,3,((#7687,#7688,#7689,#7690,#7691,
#7692,#7693,#7694,#7695,#7696),(#7697,#7698,#7699,#7700,#7701,#7702,#7703,
#7704,#7705,#7706),(#7707,#7708,#7709,#7710,#7711,#7712,#7713,#7714,#7715,
#7716),(#7717,#7718,#7719,#7720,#7721,#7722,#7723,#7724,#7725,#7726),(#7727,
#7728,#7729,#7730,#7731,#7732,#7733,#7734,#7735,#7736)),.UNSPECIFIED.,.F.,
 .F.,.F.,(4,1,4),(4,1,1,1,1,1,1,4),(0.,0.5,1.),(-0.00616617023041682,0.0365057675766322,
0.100513674287206,0.12184964319073,0.164521580997779,0.207193518804828,
0.249865456611877,0.292537394418926),.UNSPECIFIED.);
#4921=B_SPLINE_SURFACE_WITH_KNOTS('',3,3,((#7841,#7842,#7843,#7844,#7845,
#7846,#7847,#7848,#7849,#7850,#7851,#7852,#7853,#7854,#7855,#7856),(#7857,
#7858,#7859,#7860,#7861,#7862,#7863,#7864,#7865,#7866,#7867,#7868,#7869,
#7870,#7871,#7872),(#7873,#7874,#7875,#7876,#7877,#7878,#7879,#7880,#7881,
#7882,#7883,#7884,#7885,#7886,#7887,#7888),(#7889,#7890,#7891,#7892,#7893,
#7894,#7895,#7896,#7897,#7898,#7899,#7900,#7901,#7902,#7903,#7904),(#7905,
#7906,#7907,#7908,#7909,#7910,#7911,#7912,#7913,#7914,#7915,#7916,#7917,
#7918,#7919,#7920)),.UNSPECIFIED.,.F.,.F.,.F.,(4,1,4),(4,1,1,1,1,1,1,1,
1,1,1,1,1,4),(0.,0.5,1.),(3.46063612698118E-15,0.0618913580274092,0.0773641975342606,
0.0851006172876864,0.0928370370411121,0.108309876547964,0.116046296301389,
0.119914506178102,0.121848611116459,0.123782716054815,0.131519135808241,
0.139255555561666,0.154728395068518,0.216619753095924),.UNSPECIFIED.);
#4922=B_SPLINE_SURFACE_WITH_KNOTS('',3,1,((#8065,#8066),(#8067,#8068),(#8069,
#8070),(#8071,#8072),(#8073,#8074),(#8075,#8076)),.UNSPECIFIED.,.F.,.F.,
 .F.,(4,2,4),(2,2),(-1.96285036627467,-0.508021963419113,0.),(-2.50120412107077,
2.5),.UNSPECIFIED.);
#4923=B_SPLINE_SURFACE_WITH_KNOTS('',3,3,((#8329,#8330,#8331,#8332,#8333,
#8334,#8335,#8336,#8337),(#8338,#8339,#8340,#8341,#8342,#8343,#8344,#8345,
#8346),(#8347,#8348,#8349,#8350,#8351,#8352,#8353,#8354,#8355),(#8356,#8357,
#8358,#8359,#8360,#8361,#8362,#8363,#8364),(#8365,#8366,#8367,#8368,#8369,
#8370,#8371,#8372,#8373)),.UNSPECIFIED.,.F.,.F.,.F.,(4,1,4),(4,1,1,1,1,
1,4),(0.,0.5,1.),(1.31170823401631E-16,0.114881696973006,0.344645090919017,
0.459526787892023,0.574408484865029,0.689290181838034,0.80417187881104),
 .UNSPECIFIED.);
#4924=B_SPLINE_SURFACE_WITH_KNOTS('',3,3,((#8392,#8393,#8394,#8395),(#8396,
#8397,#8398,#8399),(#8400,#8401,#8402,#8403),(#8404,#8405,#8406,#8407),
(#8408,#8409,#8410,#8411)),.UNSPECIFIED.,.F.,.F.,.F.,(4,1,4),(4,4),(0.,
0.5,1.),(0.0121293047073158,0.0718370524636711),.UNSPECIFIED.);
#4925=B_SPLINE_SURFACE_WITH_KNOTS('',3,3,((#8450,#8451,#8452,#8453,#8454),
(#8455,#8456,#8457,#8458,#8459),(#8460,#8461,#8462,#8463,#8464),(#8465,
#8466,#8467,#8468,#8469),(#8470,#8471,#8472,#8473,#8474)),.UNSPECIFIED.,
 .F.,.F.,.F.,(4,1,4),(4,1,4),(0.,0.5,1.),(0.393146625501285,0.598283285928406,
0.871798833164568),.UNSPECIFIED.);
#4926=B_SPLINE_SURFACE_WITH_KNOTS('',3,1,((#8570,#8571),(#8572,#8573),(#8574,
#8575),(#8576,#8577),(#8578,#8579),(#8580,#8581),(#8582,#8583),(#8584,#8585),
(#8586,#8587)),.UNSPECIFIED.,.F.,.F.,.F.,(4,2,3,4),(2,2),(-0.646129920154642,
-0.610560382947514,-0.574990845740387,-0.403278260148442),(0.,1.1),
 .UNSPECIFIED.);
#4927=B_SPLINE_SURFACE_WITH_KNOTS('',3,1,((#8641,#8642),(#8643,#8644),(#8645,
#8646),(#8647,#8648),(#8649,#8650),(#8651,#8652),(#8653,#8654),(#8655,#8656)),
 .UNSPECIFIED.,.F.,.F.,.F.,(4,2,2,4),(2,2),(0.,0.210416503357582,0.315624755036373,
0.420833006715164),(0.,1.1),.UNSPECIFIED.);
#4928=B_SPLINE_SURFACE_WITH_KNOTS('',3,1,((#8675,#8676),(#8677,#8678),(#8679,
#8680),(#8681,#8682)),.UNSPECIFIED.,.F.,.F.,.F.,(4,4),(2,2),(-0.213462155283682,
-2.34795591718407E-12),(0.,1.1),.UNSPECIFIED.);
#4929=B_SPLINE_SURFACE_WITH_KNOTS('',3,3,((#8892,#8893,#8894,#8895),(#8896,
#8897,#8898,#8899),(#8900,#8901,#8902,#8903),(#8904,#8905,#8906,#8907),
(#8908,#8909,#8910,#8911)),.UNSPECIFIED.,.F.,.F.,.F.,(4,1,4),(4,4),(0.,
0.571428571428571,1.),(0.,0.709823943461085),.UNSPECIFIED.);
#4930=B_SPLINE_SURFACE_WITH_KNOTS('',3,3,((#8950,#8951,#8952,#8953,#8954),
(#8955,#8956,#8957,#8958,#8959),(#8960,#8961,#8962,#8963,#8964),(#8965,
#8966,#8967,#8968,#8969),(#8970,#8971,#8972,#8973,#8974)),.UNSPECIFIED.,
 .F.,.F.,.F.,(4,1,4),(4,1,4),(0.,0.571428571428571,1.),(0.466580799567861,
0.890666284590774,1.45611359795466),.UNSPECIFIED.);
#4931=B_SPLINE_SURFACE_WITH_KNOTS('',3,3,((#9166,#9167,#9168,#9169),(#9170,
#9171,#9172,#9173),(#9174,#9175,#9176,#9177),(#9178,#9179,#9180,#9181),
(#9182,#9183,#9184,#9185)),.UNSPECIFIED.,.F.,.F.,.F.,(4,1,4),(4,4),(0.,
0.571428571428571,1.),(0.213185683758434,0.594784631152511),
 .UNSPECIFIED.);
#4932=B_SPLINE_SURFACE_WITH_KNOTS('',3,3,((#9420,#9421,#9422,#9423),(#9424,
#9425,#9426,#9427),(#9428,#9429,#9430,#9431),(#9432,#9433,#9434,#9435),
(#9436,#9437,#9438,#9439)),.UNSPECIFIED.,.F.,.F.,.F.,(4,1,4),(4,4),(0.,
0.571428571428571,1.),(0.224618756973792,0.29088054624617),
 .UNSPECIFIED.);
#4933=B_SPLINE_SURFACE_WITH_KNOTS('',3,1,((#9671,#9672),(#9673,#9674),(#9675,
#9676),(#9677,#9678),(#9679,#9680)),.UNSPECIFIED.,.F.,.F.,.F.,(4,1,4),(2,
2),(0.,0.0109951779365357,0.0213884114009322),(-1.3661,0.05),
 .UNSPECIFIED.);
#4934=B_SPLINE_SURFACE_WITH_KNOTS('',3,1,((#9699,#9700),(#9701,#9702),(#9703,
#9704),(#9705,#9706),(#9707,#9708)),.UNSPECIFIED.,.F.,.F.,.F.,(4,1,4),(2,
2),(0.,0.0101912988268736,0.0203084899870101),(-1.3661,0.05),
 .UNSPECIFIED.);
#4935=B_SPLINE_SURFACE_WITH_KNOTS('',3,1,((#9724,#9725),(#9726,#9727),(#9728,
#9729),(#9730,#9731),(#9732,#9733)),.UNSPECIFIED.,.F.,.F.,.F.,(4,1,4),(2,
2),(0.,0.0141520728118623,0.0280645967038077),(-1.3661,0.05),
 .UNSPECIFIED.);
#4936=B_SPLINE_SURFACE_WITH_KNOTS('',3,1,((#9749,#9750),(#9751,#9752),(#9753,
#9754),(#9755,#9756),(#9757,#9758)),.UNSPECIFIED.,.F.,.F.,.F.,(4,1,4),(2,
2),(0.,0.0160511943772779,0.0368688848097441),(-1.3661,0.05),
 .UNSPECIFIED.);
#4937=B_SPLINE_SURFACE_WITH_KNOTS('',3,1,((#9767,#9768),(#9769,#9770),(#9771,
#9772),(#9773,#9774),(#9775,#9776)),.UNSPECIFIED.,.F.,.F.,.F.,(4,1,4),(2,
2),(0.,0.0176680068229121,0.0371155029288273),(-1.3661,0.05),
 .UNSPECIFIED.);
#4938=B_SPLINE_SURFACE_WITH_KNOTS('',3,1,((#9798,#9799),(#9800,#9801),(#9802,
#9803),(#9804,#9805),(#9806,#9807)),.UNSPECIFIED.,.F.,.F.,.F.,(4,1,4),(2,
2),(0.,0.0204965416556565,0.0360104153798359),(-1.3661,0.05),
 .UNSPECIFIED.);
#4939=B_SPLINE_SURFACE_WITH_KNOTS('',3,1,((#9815,#9816),(#9817,#9818),(#9819,
#9820),(#9821,#9822),(#9823,#9824)),.UNSPECIFIED.,.F.,.F.,.F.,(4,1,4),(2,
2),(0.,0.0115873308990758,0.0204164349265406),(-1.3661,0.05),
 .UNSPECIFIED.);
#4940=B_SPLINE_SURFACE_WITH_KNOTS('',3,1,((#9832,#9833),(#9834,#9835),(#9836,
#9837),(#9838,#9839),(#9840,#9841)),.UNSPECIFIED.,.F.,.F.,.F.,(4,1,4),(2,
2),(0.,0.00730821812297609,0.0142162541333172),(-1.3661,0.05),
 .UNSPECIFIED.);
#4941=B_SPLINE_SURFACE_WITH_KNOTS('',3,1,((#9849,#9850),(#9851,#9852),(#9853,
#9854),(#9855,#9856),(#9857,#9858)),.UNSPECIFIED.,.F.,.F.,.F.,(4,1,4),(2,
2),(0.,0.00641833468802681,0.0158700414187515),(-1.3661,0.05),
 .UNSPECIFIED.);
#4942=B_SPLINE_SURFACE_WITH_KNOTS('',3,1,((#9870,#9871),(#9872,#9873),(#9874,
#9875),(#9876,#9877),(#9878,#9879)),.UNSPECIFIED.,.F.,.F.,.F.,(4,1,4),(2,
2),(0.,0.0173876115183272,0.0308415662555469),(-1.3661,0.05),
 .UNSPECIFIED.);
#4943=B_SPLINE_SURFACE_WITH_KNOTS('',3,1,((#9902,#9903),(#9904,#9905),(#9906,
#9907),(#9908,#9909),(#9910,#9911)),.UNSPECIFIED.,.F.,.F.,.F.,(4,1,4),(2,
2),(0.,0.0112903458413973,0.0202482132825578),(-1.3661,0.05),
 .UNSPECIFIED.);
#4944=B_SPLINE_SURFACE_WITH_KNOTS('',3,1,((#9919,#9920),(#9921,#9922),(#9923,
#9924),(#9925,#9926),(#9927,#9928)),.UNSPECIFIED.,.F.,.F.,.F.,(4,1,4),(2,
2),(0.,0.022772755702144,0.0505756967292799),(-1.3661,0.05),
 .UNSPECIFIED.);
#4945=B_SPLINE_SURFACE_WITH_KNOTS('',3,1,((#9936,#9937),(#9938,#9939),(#9940,
#9941),(#9942,#9943),(#9944,#9945)),.UNSPECIFIED.,.F.,.F.,.F.,(4,1,4),(2,
2),(0.,0.0213795072194667,0.0420741066238013),(-1.3661,0.05),
 .UNSPECIFIED.);
#4946=B_SPLINE_SURFACE_WITH_KNOTS('',3,1,((#9953,#9954),(#9955,#9956),(#9957,
#9958),(#9959,#9960),(#9961,#9962)),.UNSPECIFIED.,.F.,.F.,.F.,(4,1,4),(2,
2),(0.,0.0168110492330266,0.0339130986358913),(-1.3661,0.05),
 .UNSPECIFIED.);
#4947=B_SPLINE_SURFACE_WITH_KNOTS('',3,1,((#9970,#9971),(#9972,#9973),(#9974,
#9975),(#9976,#9977),(#9978,#9979)),.UNSPECIFIED.,.F.,.F.,.F.,(4,1,4),(2,
2),(0.,0.0156415787698193,0.0318744752689311),(-1.3661,0.05),
 .UNSPECIFIED.);
#4948=B_SPLINE_SURFACE_WITH_KNOTS('',3,3,((#9998,#9999,#10000,#10001,#10002),
(#10003,#10004,#10005,#10006,#10007),(#10008,#10009,#10010,#10011,#10012),
(#10013,#10014,#10015,#10016,#10017),(#10018,#10019,#10020,#10021,#10022)),
 .UNSPECIFIED.,.F.,.F.,.F.,(4,1,4),(4,1,4),(0.0637685608585183,0.598757954653651,
1.),(0.,0.180357002876917,0.420833006712806),.UNSPECIFIED.);
#4949=B_SPLINE_SURFACE_WITH_KNOTS('',3,3,((#10045,#10046,#10047,#10048),
(#10049,#10050,#10051,#10052),(#10053,#10054,#10055,#10056),(#10057,#10058,
#10059,#10060),(#10061,#10062,#10063,#10064)),.UNSPECIFIED.,.F.,.F.,.F.,
(4,1,4),(4,4),(0.,0.571428571428571,1.),(0.,0.493373216100756),
 .UNSPECIFIED.);
#4950=B_SPLINE_SURFACE_WITH_KNOTS('',3,3,((#10094,#10095,#10096,#10097),
(#10098,#10099,#10100,#10101),(#10102,#10103,#10104,#10105),(#10106,#10107,
#10108,#10109),(#10110,#10111,#10112,#10113)),.UNSPECIFIED.,.F.,.F.,.F.,
(4,1,4),(4,4),(0.,0.571428571428571,1.),(2.1599969458855E-17,0.0230914521126171),
 .UNSPECIFIED.);
#4951=B_SPLINE_SURFACE_WITH_KNOTS('',3,3,((#10217,#10218,#10219,#10220),
(#10221,#10222,#10223,#10224),(#10225,#10226,#10227,#10228),(#10229,#10230,
#10231,#10232),(#10233,#10234,#10235,#10236)),.UNSPECIFIED.,.F.,.F.,.F.,
(4,1,4),(4,4),(0.,0.571428571428571,1.),(0.152756686560672,0.646129920154642),
 .UNSPECIFIED.);
#4952=B_SPLINE_SURFACE_WITH_KNOTS('',3,3,((#10242,#10243,#10244,#10245,
#10246),(#10247,#10248,#10249,#10250,#10251),(#10252,#10253,#10254,#10255,
#10256),(#10257,#10258,#10259,#10260,#10261),(#10262,#10263,#10264,#10265,
#10266)),.UNSPECIFIED.,.F.,.F.,.F.,(4,1,4),(4,1,4),(0.,0.571428571428571,
1.),(0.,0.180357002877927,0.420833006715164),.UNSPECIFIED.);
#4953=B_SPLINE_SURFACE_WITH_KNOTS('',3,3,((#10268,#10269,#10270,#10271),
(#10272,#10273,#10274,#10275),(#10276,#10277,#10278,#10279),(#10280,#10281,
#10282,#10283),(#10284,#10285,#10286,#10287)),.UNSPECIFIED.,.F.,.F.,.F.,
(4,1,4),(4,4),(0.,0.571428571428571,1.),(2.34795591718407E-12,0.466242669848035),
 .UNSPECIFIED.);
#4954=B_SPLINE_SURFACE_WITH_KNOTS('',3,3,((#10288,#10289,#10290,#10291),
(#10292,#10293,#10294,#10295),(#10296,#10297,#10298,#10299),(#10300,#10301,
#10302,#10303),(#10304,#10305,#10306,#10307)),.UNSPECIFIED.,.F.,.F.,.F.,
(4,1,4),(4,4),(0.,0.571428571428571,1.),(6.68096640095864E-16,0.0230915750839821),
 .UNSPECIFIED.);
#4955=B_SPLINE_SURFACE_WITH_KNOTS('',3,3,((#10308,#10309,#10310,#10311,
#10312),(#10313,#10314,#10315,#10316,#10317),(#10318,#10319,#10320,#10321,
#10322),(#10323,#10324,#10325,#10326,#10327),(#10328,#10329,#10330,#10331,
#10332)),.UNSPECIFIED.,.F.,.F.,.F.,(4,1,4),(4,1,4),(0.,0.571428571428571,
1.),(0.,0.711530667100556,1.24517866742597),.UNSPECIFIED.);
#4956=B_SPLINE_SURFACE_WITH_KNOTS('',3,3,((#10513,#10514,#10515,#10516,
#10517),(#10518,#10519,#10520,#10521,#10522),(#10523,#10524,#10525,#10526,
#10527),(#10528,#10529,#10530,#10531,#10532),(#10533,#10534,#10535,#10536,
#10537)),.UNSPECIFIED.,.F.,.F.,.F.,(4,1,4),(4,1,4),(0.,0.571428571428571,
1.),(0.210934930528686,0.744582930854103,1.45611359795466),
 .UNSPECIFIED.);
#4957=B_SPLINE_SURFACE_WITH_KNOTS('',3,3,((#10684,#10685,#10686,#10687,
#10688,#10689,#10690,#10691,#10692,#10693),(#10694,#10695,#10696,#10697,
#10698,#10699,#10700,#10701,#10702,#10703),(#10704,#10705,#10706,#10707,
#10708,#10709,#10710,#10711,#10712,#10713),(#10714,#10715,#10716,#10717,
#10718,#10719,#10720,#10721,#10722,#10723),(#10724,#10725,#10726,#10727,
#10728,#10729,#10730,#10731,#10732,#10733)),.UNSPECIFIED.,.F.,.F.,.F.,(4,
1,4),(4,2,1,1,1,1,4),(0.,0.571428571428571,1.),(-0.0466167379399855,0.,
0.0169515112550259,0.0339030225100518,0.0678060450201035,0.135612090040207,
0.339030225100518),.UNSPECIFIED.);
#4958=B_SPLINE_SURFACE_WITH_KNOTS('',3,3,((#10828,#10829,#10830,#10831,
#10832,#10833,#10834,#10835,#10836,#10837),(#10838,#10839,#10840,#10841,
#10842,#10843,#10844,#10845,#10846,#10847),(#10848,#10849,#10850,#10851,
#10852,#10853,#10854,#10855,#10856,#10857),(#10858,#10859,#10860,#10861,
#10862,#10863,#10864,#10865,#10866,#10867),(#10868,#10869,#10870,#10871,
#10872,#10873,#10874,#10875,#10876,#10877)),.UNSPECIFIED.,.F.,.F.,.F.,(4,
1,4),(4,2,1,1,1,1,4),(0.,0.571428571428571,1.),(-0.385648177180407,-0.33903056422539,
-0.322079040783336,-0.305127517341283,-0.271224470457175,-0.203418376688961,
-9.53843174406351E-8),.UNSPECIFIED.);
#4959=B_SPLINE_SURFACE_WITH_KNOTS('',3,3,((#11522,#11523,#11524,#11525,
#11526,#11527,#11528,#11529,#11530,#11531),(#11532,#11533,#11534,#11535,
#11536,#11537,#11538,#11539,#11540,#11541),(#11542,#11543,#11544,#11545,
#11546,#11547,#11548,#11549,#11550,#11551),(#11552,#11553,#11554,#11555,
#11556,#11557,#11558,#11559,#11560,#11561),(#11562,#11563,#11564,#11565,
#11566,#11567,#11568,#11569,#11570,#11571)),.UNSPECIFIED.,.F.,.F.,.F.,(4,
1,4),(4,2,1,1,1,1,4),(0.,0.571428571428571,1.),(-0.0466176126237919,0.,
0.016951507366681,0.0339030147333619,0.0678060294667238,0.203418088400171,
0.339030147333619),.UNSPECIFIED.);
#4960=B_SPLINE_SURFACE_WITH_KNOTS('',3,3,((#11657,#11658,#11659,#11660,
#11661,#11662,#11663,#11664,#11665,#11666),(#11667,#11668,#11669,#11670,
#11671,#11672,#11673,#11674,#11675,#11676),(#11677,#11678,#11679,#11680,
#11681,#11682,#11683,#11684,#11685,#11686),(#11687,#11688,#11689,#11690,
#11691,#11692,#11693,#11694,#11695,#11696),(#11697,#11698,#11699,#11700,
#11701,#11702,#11703,#11704,#11705,#11706)),.UNSPECIFIED.,.F.,.F.,.F.,(4,
1,4),(4,2,1,1,1,1,4),(0.,0.571428571428571,1.),(-0.385647302496287,-0.33903056422539,
-0.322079040783336,-0.305127517341282,-0.271224470457175,-0.135612282920746,
-9.53843171243187E-8),.UNSPECIFIED.);
#4961=B_SPLINE_SURFACE_WITH_KNOTS('',3,3,((#12357,#12358,#12359,#12360,
#12361,#12362,#12363,#12364,#12365,#12366,#12367,#12368,#12369,#12370,#12371,
#12372,#12373,#12374,#12375,#12376,#12377,#12378,#12379,#12380,#12381,#12382,
#12383,#12384),(#12385,#12386,#12387,#12388,#12389,#12390,#12391,#12392,
#12393,#12394,#12395,#12396,#12397,#12398,#12399,#12400,#12401,#12402,#12403,
#12404,#12405,#12406,#12407,#12408,#12409,#12410,#12411,#12412),(#12413,
#12414,#12415,#12416,#12417,#12418,#12419,#12420,#12421,#12422,#12423,#12424,
#12425,#12426,#12427,#12428,#12429,#12430,#12431,#12432,#12433,#12434,#12435,
#12436,#12437,#12438,#12439,#12440),(#12441,#12442,#12443,#12444,#12445,
#12446,#12447,#12448,#12449,#12450,#12451,#12452,#12453,#12454,#12455,#12456,
#12457,#12458,#12459,#12460,#12461,#12462,#12463,#12464,#12465,#12466,#12467,
#12468),(#12469,#12470,#12471,#12472,#12473,#12474,#12475,#12476,#12477,
#12478,#12479,#12480,#12481,#12482,#12483,#12484,#12485,#12486,#12487,#12488,
#12489,#12490,#12491,#12492,#12493,#12494,#12495,#12496)),.UNSPECIFIED.,
 .F.,.T.,.F.,(4,1,4),(4,1,2,1,1,1,1,1,1,1,1,1,1,1,1,2,2,2,2,1,4),(0.,0.571428571428571,
1.),(0.,0.0290526514111565,0.058105302822313,0.106004398062273,0.113987580602266,
0.12197076314226,0.153903493302233,0.185836223462206,0.193819406002199,
0.201802588542193,0.209785771082186,0.217768953622179,0.233735318702166,
0.249701683782153,0.281634413942126,0.313567144102099,0.343957922940915,
0.375158430806461,0.406358938672006,0.432941420632775,0.459523902593544),
 .UNSPECIFIED.);
#4962=B_SPLINE_SURFACE_WITH_KNOTS('',3,3,((#12536,#12537,#12538,#12539,
#12540,#12541,#12542,#12543,#12544,#12545,#12546,#12547,#12548,#12549,#12550,
#12551,#12552),(#12553,#12554,#12555,#12556,#12557,#12558,#12559,#12560,
#12561,#12562,#12563,#12564,#12565,#12566,#12567,#12568,#12569),(#12570,
#12571,#12572,#12573,#12574,#12575,#12576,#12577,#12578,#12579,#12580,#12581,
#12582,#12583,#12584,#12585,#12586),(#12587,#12588,#12589,#12590,#12591,
#12592,#12593,#12594,#12595,#12596,#12597,#12598,#12599,#12600,#12601,#12602,
#12603)),.UNSPECIFIED.,.F.,.T.,.F.,(4,4),(4,1,1,1,1,1,1,1,1,1,1,1,1,1,4),
(0.,1.),(0.,0.03021251388947,0.06042502777894,0.09063754166841,0.12085005555788,
0.166168826392085,0.18127508333682,0.24170011111576,0.256806368060495,0.27191262500523,
0.287018881949965,0.3021251388947,0.36255016667364,0.39276268056311,0.42297519445258),
 .UNSPECIFIED.);
#4963=B_SPLINE_SURFACE_WITH_KNOTS('',3,3,((#12632,#12633,#12634,#12635,
#12636,#12637,#12638,#12639,#12640,#12641,#12642,#12643,#12644,#12645,#12646,
#12647,#12648,#12649,#12650),(#12651,#12652,#12653,#12654,#12655,#12656,
#12657,#12658,#12659,#12660,#12661,#12662,#12663,#12664,#12665,#12666,#12667,
#12668,#12669),(#12670,#12671,#12672,#12673,#12674,#12675,#12676,#12677,
#12678,#12679,#12680,#12681,#12682,#12683,#12684,#12685,#12686,#12687,#12688),
(#12689,#12690,#12691,#12692,#12693,#12694,#12695,#12696,#12697,#12698,
#12699,#12700,#12701,#12702,#12703,#12704,#12705,#12706,#12707)),
 .UNSPECIFIED.,.F.,.T.,.F.,(4,4),(4,1,1,1,1,1,1,1,1,1,1,1,1,1,1,1,4),(0.,
1.),(0.,0.0301187981994827,0.0602375963989655,0.0903563945984482,0.120475192797931,
0.165653390097155,0.173183089647026,0.180712789196896,0.214596437171314,
0.240950385595862,0.256009784695603,0.278598883345215,0.301187981994827,
0.308717681544698,0.361425578393793,0.376484977493534,0.421663174792758),
 .UNSPECIFIED.);
#4964=B_SPLINE_SURFACE_WITH_KNOTS('',3,3,((#12738,#12739,#12740,#12741,
#12742,#12743,#12744,#12745,#12746,#12747,#12748,#12749,#12750,#12751,#12752,
#12753,#12754,#12755),(#12756,#12757,#12758,#12759,#12760,#12761,#12762,
#12763,#12764,#12765,#12766,#12767,#12768,#12769,#12770,#12771,#12772,#12773),
(#12774,#12775,#12776,#12777,#12778,#12779,#12780,#12781,#12782,#12783,
#12784,#12785,#12786,#12787,#12788,#12789,#12790,#12791),(#12792,#12793,
#12794,#12795,#12796,#12797,#12798,#12799,#12800,#12801,#12802,#12803,#12804,
#12805,#12806,#12807,#12808,#12809)),.UNSPECIFIED.,.F.,.T.,.F.,(4,4),(4,
1,1,1,1,1,1,1,1,1,1,1,1,1,1,4),(0.,1.),(0.,0.0301161159709503,0.0602322319419007,
0.090348347912851,0.120464463883801,0.165638637840227,0.180696695825702,
0.240928927767603,0.301161159709503,0.304925674205872,0.308690188702241,
0.331277275680454,0.361393391651404,0.376451449636879,0.399038536615092,
0.421625623593305),.UNSPECIFIED.);
#4965=B_SPLINE_SURFACE_WITH_KNOTS('',3,3,((#12990,#12991,#12992,#12993,
#12994,#12995),(#12996,#12997,#12998,#12999,#13000,#13001),(#13002,#13003,
#13004,#13005,#13006,#13007),(#13008,#13009,#13010,#13011,#13012,#13013)),
 .UNSPECIFIED.,.F.,.F.,.F.,(4,4),(4,1,1,4),(0.,0.0798967194339634),(-0.000502471711743664,
0.00542134585616655,0.00937055756810669,0.0133197692800468),
 .UNSPECIFIED.);
#4966=B_SPLINE_SURFACE_WITH_KNOTS('',3,3,((#13022,#13023,#13024,#13025,
#13026,#13027),(#13028,#13029,#13030,#13031,#13032,#13033),(#13034,#13035,
#13036,#13037,#13038,#13039),(#13040,#13041,#13042,#13043,#13044,#13045)),
 .UNSPECIFIED.,.F.,.F.,.F.,(4,4),(4,1,1,4),(0.,0.07789916436157),(0.,0.571428571428571,
0.857142857142857,1.),.UNSPECIFIED.);
#4967=B_SPLINE_SURFACE_WITH_KNOTS('',3,3,((#13079,#13080,#13081,#13082,
#13083),(#13084,#13085,#13086,#13087,#13088),(#13089,#13090,#13091,#13092,
#13093),(#13094,#13095,#13096,#13097,#13098)),.UNSPECIFIED.,.F.,.F.,.F.,
(4,4),(4,1,4),(0.,0.0798983236850492),(0.0012357117652229,0.0071425166670129,
0.0150182565360662),.UNSPECIFIED.);
#4968=B_SPLINE_SURFACE_WITH_KNOTS('',3,3,((#13106,#13107,#13108,#13109,
#13110,#13111),(#13112,#13113,#13114,#13115,#13116,#13117),(#13118,#13119,
#13120,#13121,#13122,#13123),(#13124,#13125,#13126,#13127,#13128,#13129)),
 .UNSPECIFIED.,.F.,.F.,.F.,(4,4),(4,1,1,4),(0.,0.0778991643615985),(0.,
0.142857142857143,0.428571428571429,1.),.UNSPECIFIED.);
#4969=B_SPLINE_SURFACE_WITH_KNOTS('',3,3,((#13163,#13164,#13165,#13166,
#13167),(#13168,#13169,#13170,#13171,#13172),(#13173,#13174,#13175,#13176,
#13177),(#13178,#13179,#13180,#13181,#13182)),.UNSPECIFIED.,.F.,.F.,.F.,
(4,4),(4,1,4),(0.,0.0798969105727821),(0.00123571176521468,0.00713961409425692,
0.0150114838663132),.UNSPECIFIED.);
#4970=B_SPLINE_SURFACE_WITH_KNOTS('',3,3,((#13190,#13191,#13192,#13193,
#13194,#13195),(#13196,#13197,#13198,#13199,#13200,#13201),(#13202,#13203,
#13204,#13205,#13206,#13207),(#13208,#13209,#13210,#13211,#13212,#13213)),
 .UNSPECIFIED.,.F.,.F.,.F.,(4,4),(4,1,1,4),(0.,0.0778991643615824),(0.,
0.142857142857143,0.428571428571429,1.),.UNSPECIFIED.);
#4971=B_SPLINE_SURFACE_WITH_KNOTS('',3,3,((#13223,#13224,#13225,#13226,
#13227),(#13228,#13229,#13230,#13231,#13232),(#13233,#13234,#13235,#13236,
#13237),(#13238,#13239,#13240,#13241,#13242)),.UNSPECIFIED.,.F.,.F.,.F.,
(4,4),(4,1,4),(0.,0.0798959211408633),(-0.000502470875020907,0.00739595207073141,
0.0133197692800456),.UNSPECIFIED.);
#4972=B_SPLINE_SURFACE_WITH_KNOTS('',3,3,((#13250,#13251,#13252,#13253,
#13254,#13255),(#13256,#13257,#13258,#13259,#13260,#13261),(#13262,#13263,
#13264,#13265,#13266,#13267),(#13268,#13269,#13270,#13271,#13272,#13273)),
 .UNSPECIFIED.,.F.,.F.,.F.,(4,4),(4,1,1,4),(0.,0.0778991643615707),(0.,
0.571428571428571,0.857142857142857,1.),.UNSPECIFIED.);
#4973=ADVANCED_FACE('',(#975),#4910,.T.);
#4974=ADVANCED_FACE('',(#976),#960,.F.);
#4975=ADVANCED_FACE('',(#977),#4911,.T.);
#4976=ADVANCED_FACE('',(#978),#4912,.T.);
#4977=ADVANCED_FACE('',(#979),#4913,.T.);
#4978=ADVANCED_FACE('',(#980),#4914,.T.);
#4979=ADVANCED_FACE('',(#981),#4915,.T.);
#4980=ADVANCED_FACE('',(#982),#905,.T.);
#4981=ADVANCED_FACE('',(#983),#4916,.F.);
#4982=ADVANCED_FACE('',(#984),#161,.T.);
#4983=ADVANCED_FACE('',(#985),#4917,.F.);
#4984=ADVANCED_FACE('',(#986),#38,.F.);
#4985=ADVANCED_FACE('',(#987),#4918,.F.);
#4986=ADVANCED_FACE('',(#988),#4919,.F.);
#4987=ADVANCED_FACE('',(#989),#162,.T.);
#4988=ADVANCED_FACE('',(#990),#163,.T.);
#4989=ADVANCED_FACE('',(#991),#4920,.F.);
#4990=ADVANCED_FACE('',(#992),#4921,.F.);
#4991=ADVANCED_FACE('',(#993),#39,.T.);
#4992=ADVANCED_FACE('',(#994),#164,.T.);
#4993=ADVANCED_FACE('',(#995),#40,.T.);
#4994=ADVANCED_FACE('',(#996),#41,.T.);
#4995=ADVANCED_FACE('',(#997),#42,.F.);
#4996=ADVANCED_FACE('',(#998),#4922,.F.);
#4997=ADVANCED_FACE('',(#999),#906,.F.);
#4998=ADVANCED_FACE('',(#1000),#43,.F.);
#4999=ADVANCED_FACE('',(#1001),#44,.F.);
#5000=ADVANCED_FACE('',(#1002),#45,.F.);
#5001=ADVANCED_FACE('',(#1003),#46,.F.);
#5002=ADVANCED_FACE('',(#1004),#47,.F.);
#5003=ADVANCED_FACE('',(#1005),#48,.F.);
#5004=ADVANCED_FACE('',(#1006),#907,.F.);
#5005=ADVANCED_FACE('',(#1007),#165,.F.);
#5006=ADVANCED_FACE('',(#1008),#908,.F.);
#5007=ADVANCED_FACE('',(#1009),#909,.F.);
#5008=ADVANCED_FACE('',(#1010),#4923,.T.);
#5009=ADVANCED_FACE('',(#1011),#4924,.T.);
#5010=ADVANCED_FACE('',(#1012),#49,.T.);
#5011=ADVANCED_FACE('',(#1013),#4925,.T.);
#5012=ADVANCED_FACE('',(#1014),#50,.F.);
#5013=ADVANCED_FACE('',(#1015),#51,.F.);
#5014=ADVANCED_FACE('',(#1016),#52,.F.);
#5015=ADVANCED_FACE('',(#1017),#4926,.F.);
#5016=ADVANCED_FACE('',(#1018),#53,.F.);
#5017=ADVANCED_FACE('',(#1019),#910,.F.);
#5018=ADVANCED_FACE('',(#1020),#911,.F.);
#5019=ADVANCED_FACE('',(#1021),#54,.F.);
#5020=ADVANCED_FACE('',(#1022),#912,.F.);
#5021=ADVANCED_FACE('',(#1023),#55,.F.);
#5022=ADVANCED_FACE('',(#1024),#913,.F.);
#5023=ADVANCED_FACE('',(#1025),#56,.F.);
#5024=ADVANCED_FACE('',(#1026),#4927,.F.);
#5025=ADVANCED_FACE('',(#1027),#4928,.F.);
#5026=ADVANCED_FACE('',(#1028),#57,.F.);
#5027=ADVANCED_FACE('',(#1029,#20,#21,#22),#58,.F.);
#5028=ADVANCED_FACE('',(#1030),#914,.F.);
#5029=ADVANCED_FACE('',(#1031),#59,.F.);
#5030=ADVANCED_FACE('',(#1032,#23),#60,.T.);
#5031=ADVANCED_FACE('',(#1033),#61,.F.);
#5032=ADVANCED_FACE('',(#1034),#4929,.F.);
#5033=ADVANCED_FACE('',(#1035),#166,.F.);
#5034=ADVANCED_FACE('',(#1036),#4930,.F.);
#5035=ADVANCED_FACE('',(#1037),#915,.T.);
#5036=ADVANCED_FACE('',(#1038),#62,.T.);
#5037=ADVANCED_FACE('',(#1039),#63,.F.);
#5038=ADVANCED_FACE('',(#1040),#64,.F.);
#5039=ADVANCED_FACE('',(#1041),#65,.F.);
#5040=ADVANCED_FACE('',(#1042),#66,.F.);
#5041=ADVANCED_FACE('',(#1043),#916,.T.);
#5042=ADVANCED_FACE('',(#1044),#917,.T.);
#5043=ADVANCED_FACE('',(#1045),#918,.T.);
#5044=ADVANCED_FACE('',(#1046),#919,.T.);
#5045=ADVANCED_FACE('',(#1047),#67,.F.);
#5046=ADVANCED_FACE('',(#1048),#68,.F.);
#5047=ADVANCED_FACE('',(#1049),#69,.T.);
#5048=ADVANCED_FACE('',(#1050),#70,.F.);
#5049=ADVANCED_FACE('',(#1051),#71,.F.);
#5050=ADVANCED_FACE('',(#1052),#72,.T.);
#5051=ADVANCED_FACE('',(#1053),#73,.F.);
#5052=ADVANCED_FACE('',(#1054),#74,.T.);
#5053=ADVANCED_FACE('',(#1055),#4931,.F.);
#5054=ADVANCED_FACE('',(#1056),#167,.T.);
#5055=ADVANCED_FACE('',(#1057),#75,.T.);
#5056=ADVANCED_FACE('',(#1058),#76,.F.);
#5057=ADVANCED_FACE('',(#1059),#77,.T.);
#5058=ADVANCED_FACE('',(#1060),#78,.F.);
#5059=ADVANCED_FACE('',(#1061),#920,.T.);
#5060=ADVANCED_FACE('',(#1062),#921,.F.);
#5061=ADVANCED_FACE('',(#1063),#79,.T.);
#5062=ADVANCED_FACE('',(#1064),#80,.T.);
#5063=ADVANCED_FACE('',(#1065),#922,.F.);
#5064=ADVANCED_FACE('',(#1066),#81,.T.);
#5065=ADVANCED_FACE('',(#1067),#82,.F.);
#5066=ADVANCED_FACE('',(#1068),#83,.T.);
#5067=ADVANCED_FACE('',(#1069),#84,.F.);
#5068=ADVANCED_FACE('',(#1070),#85,.F.);
#5069=ADVANCED_FACE('',(#1071),#86,.F.);
#5070=ADVANCED_FACE('',(#1072),#87,.F.);
#5071=ADVANCED_FACE('',(#1073),#88,.F.);
#5072=ADVANCED_FACE('',(#1074),#89,.F.);
#5073=ADVANCED_FACE('',(#1075),#90,.F.);
#5074=ADVANCED_FACE('',(#1076),#91,.F.);
#5075=ADVANCED_FACE('',(#1077),#923,.F.);
#5076=ADVANCED_FACE('',(#1078),#92,.F.);
#5077=ADVANCED_FACE('',(#1079),#93,.F.);
#5078=ADVANCED_FACE('',(#1080),#94,.F.);
#5079=ADVANCED_FACE('',(#1081),#4932,.F.);
#5080=ADVANCED_FACE('',(#1082),#924,.F.);
#5081=ADVANCED_FACE('',(#1083),#95,.F.);
#5082=ADVANCED_FACE('',(#1084),#96,.F.);
#5083=ADVANCED_FACE('',(#1085),#168,.F.);
#5084=ADVANCED_FACE('',(#1086),#97,.F.);
#5085=ADVANCED_FACE('',(#1087),#98,.F.);
#5086=ADVANCED_FACE('',(#1088,#24,#25,#26,#27),#925,.F.);
#5087=ADVANCED_FACE('',(#1089),#99,.F.);
#5088=ADVANCED_FACE('',(#1090),#4933,.F.);
#5089=ADVANCED_FACE('',(#1091),#4934,.F.);
#5090=ADVANCED_FACE('',(#1092),#4935,.F.);
#5091=ADVANCED_FACE('',(#1093),#4936,.F.);
#5092=ADVANCED_FACE('',(#1094),#4937,.F.);
#5093=ADVANCED_FACE('',(#1095),#100,.F.);
#5094=ADVANCED_FACE('',(#1096),#101,.F.);
#5095=ADVANCED_FACE('',(#1097),#102,.F.);
#5096=ADVANCED_FACE('',(#1098),#4938,.F.);
#5097=ADVANCED_FACE('',(#1099),#4939,.F.);
#5098=ADVANCED_FACE('',(#1100),#4940,.F.);
#5099=ADVANCED_FACE('',(#1101),#4941,.F.);
#5100=ADVANCED_FACE('',(#1102),#103,.F.);
#5101=ADVANCED_FACE('',(#1103),#4942,.F.);
#5102=ADVANCED_FACE('',(#1104),#104,.F.);
#5103=ADVANCED_FACE('',(#1105),#105,.F.);
#5104=ADVANCED_FACE('',(#1106),#4943,.F.);
#5105=ADVANCED_FACE('',(#1107),#4944,.F.);
#5106=ADVANCED_FACE('',(#1108),#4945,.F.);
#5107=ADVANCED_FACE('',(#1109),#4946,.F.);
#5108=ADVANCED_FACE('',(#1110),#4947,.F.);
#5109=ADVANCED_FACE('',(#1111),#106,.F.);
#5110=ADVANCED_FACE('',(#1112),#107,.F.);
#5111=ADVANCED_FACE('',(#1113),#108,.T.);
#5112=ADVANCED_FACE('',(#1114),#109,.F.);
#5113=ADVANCED_FACE('',(#1115),#110,.F.);
#5114=ADVANCED_FACE('',(#1116),#111,.F.);
#5115=ADVANCED_FACE('',(#1117),#112,.F.);
#5116=ADVANCED_FACE('',(#1118),#4948,.F.);
#5117=ADVANCED_FACE('',(#1119),#961,.T.);
#5118=ADVANCED_FACE('',(#1120),#4949,.F.);
#5119=ADVANCED_FACE('',(#1121),#4950,.F.);
#5120=ADVANCED_FACE('',(#1122),#113,.T.);
#5121=ADVANCED_FACE('',(#1123),#114,.F.);
#5122=ADVANCED_FACE('',(#1124),#115,.T.);
#5123=ADVANCED_FACE('',(#1125),#169,.T.);
#5124=ADVANCED_FACE('',(#1126),#926,.T.);
#5125=ADVANCED_FACE('',(#1127),#4951,.F.);
#5126=ADVANCED_FACE('',(#1128),#962,.T.);
#5127=ADVANCED_FACE('',(#1129),#4952,.F.);
#5128=ADVANCED_FACE('',(#1130),#4953,.F.);
#5129=ADVANCED_FACE('',(#1131),#4954,.F.);
#5130=ADVANCED_FACE('',(#1132),#4955,.F.);
#5131=ADVANCED_FACE('',(#1133),#963,.T.);
#5132=ADVANCED_FACE('',(#1134,#28),#116,.F.);
#5133=ADVANCED_FACE('',(#1135),#117,.F.);
#5134=ADVANCED_FACE('',(#1136),#964,.T.);
#5135=ADVANCED_FACE('',(#1137),#927,.T.);
#5136=ADVANCED_FACE('',(#1138),#118,.F.);
#5137=ADVANCED_FACE('',(#1139),#4956,.F.);
#5138=ADVANCED_FACE('',(#1140),#965,.T.);
#5139=ADVANCED_FACE('',(#1141),#119,.T.);
#5140=ADVANCED_FACE('',(#1142),#966,.T.);
#5141=ADVANCED_FACE('',(#1143),#928,.F.);
#5142=ADVANCED_FACE('',(#1144),#929,.T.);
#5143=ADVANCED_FACE('',(#1145),#170,.T.);
#5144=ADVANCED_FACE('',(#1146),#930,.T.);
#5145=ADVANCED_FACE('',(#1147),#171,.T.);
#5146=ADVANCED_FACE('',(#1148),#4957,.F.);
#5147=ADVANCED_FACE('',(#1149),#967,.T.);
#5148=ADVANCED_FACE('',(#1150),#968,.T.);
#5149=ADVANCED_FACE('',(#1151),#4958,.F.);
#5150=ADVANCED_FACE('',(#1152),#969,.T.);
#5151=ADVANCED_FACE('',(#1153),#970,.T.);
#5152=ADVANCED_FACE('',(#1154),#120,.F.);
#5153=ADVANCED_FACE('',(#1155,#29),#172,.F.);
#5154=ADVANCED_FACE('',(#1156,#30),#173,.F.);
#5155=ADVANCED_FACE('',(#1157),#121,.F.);
#5156=ADVANCED_FACE('',(#1158),#4959,.F.);
#5157=ADVANCED_FACE('',(#1159),#4960,.F.);
#5158=ADVANCED_FACE('',(#1160),#971,.T.);
#5159=ADVANCED_FACE('',(#1161),#972,.T.);
#5160=ADVANCED_FACE('',(#1162),#973,.T.);
#5161=ADVANCED_FACE('',(#1163),#974,.T.);
#5162=ADVANCED_FACE('',(#1164),#122,.T.);
#5163=ADVANCED_FACE('',(#1165,#31),#174,.F.);
#5164=ADVANCED_FACE('',(#1166,#32),#175,.F.);
#5165=ADVANCED_FACE('',(#1167),#123,.T.);
#5166=ADVANCED_FACE('',(#1168),#4961,.T.);
#5167=ADVANCED_FACE('',(#1169),#15,.F.);
#5168=ADVANCED_FACE('',(#1170),#4962,.T.);
#5169=ADVANCED_FACE('',(#1171,#33),#16,.F.);
#5170=ADVANCED_FACE('',(#1172),#4963,.T.);
#5171=ADVANCED_FACE('',(#1173),#17,.F.);
#5172=ADVANCED_FACE('',(#1174),#4964,.T.);
#5173=ADVANCED_FACE('',(#1175),#18,.F.);
#5174=ADVANCED_FACE('',(#1176),#124,.T.);
#5175=ADVANCED_FACE('',(#1177),#125,.T.);
#5176=ADVANCED_FACE('',(#1178),#126,.T.);
#5177=ADVANCED_FACE('',(#1179),#127,.T.);
#5178=ADVANCED_FACE('',(#1180),#128,.T.);
#5179=ADVANCED_FACE('',(#1181),#931,.T.);
#5180=ADVANCED_FACE('',(#1182),#129,.F.);
#5181=ADVANCED_FACE('',(#1183),#932,.T.);
#5182=ADVANCED_FACE('',(#1184),#933,.T.);
#5183=ADVANCED_FACE('',(#1185),#130,.T.);
#5184=ADVANCED_FACE('',(#1186),#131,.T.);
#5185=ADVANCED_FACE('',(#1187),#132,.F.);
#5186=ADVANCED_FACE('',(#1188),#133,.F.);
#5187=ADVANCED_FACE('',(#1189),#134,.T.);
#5188=ADVANCED_FACE('',(#1190),#934,.T.);
#5189=ADVANCED_FACE('',(#1191),#935,.T.);
#5190=ADVANCED_FACE('',(#1192),#135,.F.);
#5191=ADVANCED_FACE('',(#1193),#136,.F.);
#5192=ADVANCED_FACE('',(#1194),#137,.F.);
#5193=ADVANCED_FACE('',(#1195),#138,.T.);
#5194=ADVANCED_FACE('',(#1196),#936,.T.);
#5195=ADVANCED_FACE('',(#1197),#139,.F.);
#5196=ADVANCED_FACE('',(#1198),#937,.F.);
#5197=ADVANCED_FACE('',(#1199),#938,.T.);
#5198=ADVANCED_FACE('',(#1200),#140,.F.);
#5199=ADVANCED_FACE('',(#1201),#939,.F.);
#5200=ADVANCED_FACE('',(#1202),#940,.F.);
#5201=ADVANCED_FACE('',(#1203),#941,.T.);
#5202=ADVANCED_FACE('',(#1204),#942,.T.);
#5203=ADVANCED_FACE('',(#1205),#4965,.F.);
#5204=ADVANCED_FACE('',(#1206),#4966,.F.);
#5205=ADVANCED_FACE('',(#1207),#176,.F.);
#5206=ADVANCED_FACE('',(#1208),#4967,.F.);
#5207=ADVANCED_FACE('',(#1209),#4968,.F.);
#5208=ADVANCED_FACE('',(#1210),#177,.F.);
#5209=ADVANCED_FACE('',(#1211),#4969,.F.);
#5210=ADVANCED_FACE('',(#1212),#4970,.F.);
#5211=ADVANCED_FACE('',(#1213),#943,.T.);
#5212=ADVANCED_FACE('',(#1214),#4971,.F.);
#5213=ADVANCED_FACE('',(#1215),#4972,.F.);
#5214=ADVANCED_FACE('',(#1216),#178,.F.);
#5215=ADVANCED_FACE('',(#1217),#141,.F.);
#5216=ADVANCED_FACE('',(#1218),#142,.F.);
#5217=ADVANCED_FACE('',(#1219),#179,.F.);
#5218=ADVANCED_FACE('',(#1220),#143,.T.);
#5219=ADVANCED_FACE('',(#1221),#144,.T.);
#5220=ADVANCED_FACE('',(#1222),#944,.T.);
#5221=ADVANCED_FACE('',(#1223,#34,#35,#36,#37),#145,.F.);
#5222=ADVANCED_FACE('',(#1224),#945,.F.);
#5223=ADVANCED_FACE('',(#1225),#946,.F.);
#5224=ADVANCED_FACE('',(#1226),#947,.F.);
#5225=ADVANCED_FACE('',(#1227),#948,.F.);
#5226=ADVANCED_FACE('',(#1228),#949,.F.);
#5227=ADVANCED_FACE('',(#1229),#950,.F.);
#5228=ADVANCED_FACE('',(#1230),#146,.T.);
#5229=ADVANCED_FACE('',(#1231),#951,.T.);
#5230=ADVANCED_FACE('',(#1232),#147,.F.);
#5231=ADVANCED_FACE('',(#1233),#148,.F.);
#5232=ADVANCED_FACE('',(#1234),#149,.T.);
#5233=ADVANCED_FACE('',(#1235),#952,.F.);
#5234=ADVANCED_FACE('',(#1236),#150,.T.);
#5235=ADVANCED_FACE('',(#1237),#953,.F.);
#5236=ADVANCED_FACE('',(#1238),#151,.T.);
#5237=ADVANCED_FACE('',(#1239),#954,.F.);
#5238=ADVANCED_FACE('',(#1240),#152,.T.);
#5239=ADVANCED_FACE('',(#1241),#955,.T.);
#5240=ADVANCED_FACE('',(#1242),#153,.T.);
#5241=ADVANCED_FACE('',(#1243),#154,.F.);
#5242=ADVANCED_FACE('',(#1244),#956,.T.);
#5243=ADVANCED_FACE('',(#1245),#155,.T.);
#5244=ADVANCED_FACE('',(#1246),#957,.T.);
#5245=ADVANCED_FACE('',(#1247),#156,.T.);
#5246=ADVANCED_FACE('',(#1248),#157,.T.);
#5247=ADVANCED_FACE('',(#1249),#958,.T.);
#5248=ADVANCED_FACE('',(#1250),#158,.T.);
#5249=ADVANCED_FACE('',(#1251),#959,.F.);
#5250=ADVANCED_FACE('',(#1252),#159,.T.);
#5251=ADVANCED_FACE('',(#1253),#160,.F.);
#5252=CLOSED_SHELL('',(#4973,#4974,#4975,#4976,#4977,#4978,#4979,#4980,
#4981,#4982,#4983,#4984,#4985,#4986,#4987,#4988,#4989,#4990,#4991,#4992,
#4993,#4994,#4995,#4996,#4997,#4998,#4999,#5000,#5001,#5002,#5003,#5004,
#5005,#5006,#5007,#5008,#5009,#5010,#5011,#5012,#5013,#5014,#5015,#5016,
#5017,#5018,#5019,#5020,#5021,#5022,#5023,#5024,#5025,#5026,#5027,#5028,
#5029,#5030,#5031,#5032,#5033,#5034,#5035,#5036,#5037,#5038,#5039,#5040,
#5041,#5042,#5043,#5044,#5045,#5046,#5047,#5048,#5049,#5050,#5051,#5052,
#5053,#5054,#5055,#5056,#5057,#5058,#5059,#5060,#5061,#5062,#5063,#5064,
#5065,#5066,#5067,#5068,#5069,#5070,#5071,#5072,#5073,#5074,#5075,#5076,
#5077,#5078,#5079,#5080,#5081,#5082,#5083,#5084,#5085,#5086,#5087,#5088,
#5089,#5090,#5091,#5092,#5093,#5094,#5095,#5096,#5097,#5098,#5099,#5100,
#5101,#5102,#5103,#5104,#5105,#5106,#5107,#5108,#5109,#5110,#5111,#5112,
#5113,#5114,#5115,#5116,#5117,#5118,#5119,#5120,#5121,#5122,#5123,#5124,
#5125,#5126,#5127,#5128,#5129,#5130,#5131,#5132,#5133,#5134,#5135,#5136,
#5137,#5138,#5139,#5140,#5141,#5142,#5143,#5144,#5145,#5146,#5147,#5148,
#5149,#5150,#5151,#5152,#5153,#5154,#5155,#5156,#5157,#5158,#5159,#5160,
#5161,#5162,#5163,#5164,#5165,#5166,#5167,#5168,#5169,#5170,#5171,#5172,
#5173,#5174,#5175,#5176,#5177,#5178,#5179,#5180,#5181,#5182,#5183,#5184,
#5185,#5186,#5187,#5188,#5189,#5190,#5191,#5192,#5193,#5194,#5195,#5196,
#5197,#5198,#5199,#5200,#5201,#5202,#5203,#5204,#5205,#5206,#5207,#5208,
#5209,#5210,#5211,#5212,#5213,#5214,#5215,#5216,#5217,#5218,#5219,#5220,
#5221,#5222,#5223,#5224,#5225,#5226,#5227,#5228,#5229,#5230,#5231,#5232,
#5233,#5234,#5235,#5236,#5237,#5238,#5239,#5240,#5241,#5242,#5243,#5244,
#5245,#5246,#5247,#5248,#5249,#5250,#5251));
#5253=DERIVED_UNIT_ELEMENT(#5255,1.);
#5254=DERIVED_UNIT_ELEMENT(#13432,-3.);
#5255=(
MASS_UNIT()
NAMED_UNIT(*)
SI_UNIT(.KILO.,.GRAM.)
);
#5256=DERIVED_UNIT((#5253,#5254));
#5257=MEASURE_REPRESENTATION_ITEM('density measure',
POSITIVE_RATIO_MEASURE(7850.),#5256);
#5258=PROPERTY_DEFINITION_REPRESENTATION(#5263,#5260);
#5259=PROPERTY_DEFINITION_REPRESENTATION(#5264,#5261);
#5260=REPRESENTATION('material name',(#5262),#13429);
#5261=REPRESENTATION('density',(#5257),#13429);
#5262=DESCRIPTIVE_REPRESENTATION_ITEM('Steel','Steel');
#5263=PROPERTY_DEFINITION('material property','material name',#13439);
#5264=PROPERTY_DEFINITION('material property','density of part',#13439);
#5265=AXIS2_PLACEMENT_3D('',#6792,#5656,#5657);
#5266=AXIS2_PLACEMENT_3D('',#6815,#5658,#5659);
#5267=AXIS2_PLACEMENT_3D('',#6822,#5660,#5661);
#5268=AXIS2_PLACEMENT_3D('',#6827,#5662,#5663);
#5269=AXIS2_PLACEMENT_3D('',#6830,#5664,#5665);
#5270=AXIS2_PLACEMENT_3D('',#6831,#5666,#5667);
#5271=AXIS2_PLACEMENT_3D('',#6832,#5668,#5669);
#5272=AXIS2_PLACEMENT_3D('',#6865,#5670,#5671);
#5273=AXIS2_PLACEMENT_3D('',#6947,#5672,#5673);
#5274=AXIS2_PLACEMENT_3D('',#6978,#5674,#5675);
#5275=AXIS2_PLACEMENT_3D('',#7035,#5676,#5677);
#5276=AXIS2_PLACEMENT_3D('',#7065,#5678,#5679);
#5277=AXIS2_PLACEMENT_3D('',#7069,#5681,#5682);
#5278=AXIS2_PLACEMENT_3D('',#7342,#5685,#5686);
#5279=AXIS2_PLACEMENT_3D('',#7936,#5688,#5689);
#5280=AXIS2_PLACEMENT_3D('',#8026,#5691,#5692);
#5281=AXIS2_PLACEMENT_3D('',#8045,#5696,#5697);
#5282=AXIS2_PLACEMENT_3D('',#8046,#5698,#5699);
#5283=AXIS2_PLACEMENT_3D('',#8051,#5701,#5702);
#5284=AXIS2_PLACEMENT_3D('',#8052,#5703,#5704);
#5285=AXIS2_PLACEMENT_3D('',#8053,#5705,#5706);
#5286=AXIS2_PLACEMENT_3D('',#8148,#5708,#5709);
#5287=AXIS2_PLACEMENT_3D('',#8152,#5711,#5712);
#5288=AXIS2_PLACEMENT_3D('',#8156,#5714,#5715);
#5289=AXIS2_PLACEMENT_3D('',#8160,#5717,#5718);
#5290=AXIS2_PLACEMENT_3D('',#8164,#5720,#5721);
#5291=AXIS2_PLACEMENT_3D('',#8168,#5723,#5724);
#5292=AXIS2_PLACEMENT_3D('',#8172,#5726,#5727);
#5293=AXIS2_PLACEMENT_3D('',#8176,#5729,#5730);
#5294=AXIS2_PLACEMENT_3D('',#8185,#5731,#5732);
#5295=AXIS2_PLACEMENT_3D('',#8194,#5733,#5734);
#5296=AXIS2_PLACEMENT_3D('',#8215,#5735,#5736);
#5297=AXIS2_PLACEMENT_3D('',#8223,#5741,#5742);
#5298=AXIS2_PLACEMENT_3D('',#8227,#5745,#5746);
#5299=AXIS2_PLACEMENT_3D('',#8233,#5750,#5751);
#5300=AXIS2_PLACEMENT_3D('',#8237,#5754,#5755);
#5301=AXIS2_PLACEMENT_3D('',#8241,#5758,#5759);
#5302=AXIS2_PLACEMENT_3D('',#8247,#5763,#5764);
#5303=AXIS2_PLACEMENT_3D('',#8260,#5766,#5767);
#5304=AXIS2_PLACEMENT_3D('',#8262,#5768,#5769);
#5305=AXIS2_PLACEMENT_3D('',#8263,#5770,#5771);
#5306=AXIS2_PLACEMENT_3D('',#8321,#5773,#5774);
#5307=AXIS2_PLACEMENT_3D('',#8323,#5775,#5776);
#5308=AXIS2_PLACEMENT_3D('',#8326,#5778,#5779);
#5309=AXIS2_PLACEMENT_3D('',#8327,#5780,#5781);
#5310=AXIS2_PLACEMENT_3D('',#8374,#5783,#5784);
#5311=AXIS2_PLACEMENT_3D('',#8446,#5785,#5786);
#5312=AXIS2_PLACEMENT_3D('',#8488,#5789,#5790);
#5313=AXIS2_PLACEMENT_3D('',#8492,#5793,#5794);
#5314=AXIS2_PLACEMENT_3D('',#8553,#5798,#5799);
#5315=AXIS2_PLACEMENT_3D('',#8569,#5802,#5803);
#5316=AXIS2_PLACEMENT_3D('',#8605,#5805,#5806);
#5317=AXIS2_PLACEMENT_3D('',#8614,#5809,#5810);
#5318=AXIS2_PLACEMENT_3D('',#8616,#5811,#5812);
#5319=AXIS2_PLACEMENT_3D('',#8618,#5813,#5814);
#5320=AXIS2_PLACEMENT_3D('',#8620,#5816,#5817);
#5321=AXIS2_PLACEMENT_3D('',#8622,#5818,#5819);
#5322=AXIS2_PLACEMENT_3D('',#8625,#5821,#5822);
#5323=AXIS2_PLACEMENT_3D('',#8626,#5823,#5824);
#5324=AXIS2_PLACEMENT_3D('',#8627,#5825,#5826);
#5325=AXIS2_PLACEMENT_3D('',#8629,#5827,#5828);
#5326=AXIS2_PLACEMENT_3D('',#8632,#5830,#5831);
#5327=AXIS2_PLACEMENT_3D('',#8633,#5832,#5833);
#5328=AXIS2_PLACEMENT_3D('',#8634,#5834,#5835);
#5329=AXIS2_PLACEMENT_3D('',#8636,#5836,#5837);
#5330=AXIS2_PLACEMENT_3D('',#8639,#5839,#5840);
#5331=AXIS2_PLACEMENT_3D('',#8640,#5841,#5842);
#5332=AXIS2_PLACEMENT_3D('',#8693,#5845,#5846);
#5333=AXIS2_PLACEMENT_3D('',#8695,#5848,#5849);
#5334=AXIS2_PLACEMENT_3D('',#8701,#5852,#5853);
#5335=AXIS2_PLACEMENT_3D('',#8709,#5857,#5858);
#5336=AXIS2_PLACEMENT_3D('',#8713,#5861,#5862);
#5337=AXIS2_PLACEMENT_3D('',#8717,#5864,#5865);
#5338=AXIS2_PLACEMENT_3D('',#8719,#5867,#5868);
#5339=AXIS2_PLACEMENT_3D('',#8731,#5875,#5876);
#5340=AXIS2_PLACEMENT_3D('',#8744,#5881,#5882);
#5341=AXIS2_PLACEMENT_3D('',#8748,#5884,#5885);
#5342=AXIS2_PLACEMENT_3D('',#8750,#5886,#5887);
#5343=AXIS2_PLACEMENT_3D('',#8752,#5888,#5889);
#5344=AXIS2_PLACEMENT_3D('',#8756,#5891,#5892);
#5345=AXIS2_PLACEMENT_3D('',#8769,#5893,#5894);
#5346=AXIS2_PLACEMENT_3D('',#8882,#5904,#5905);
#5347=AXIS2_PLACEMENT_3D('',#8886,#5907,#5908);
#5348=AXIS2_PLACEMENT_3D('',#8888,#5910,#5911);
#5349=AXIS2_PLACEMENT_3D('',#8917,#5914,#5915);
#5350=AXIS2_PLACEMENT_3D('',#8989,#5918,#5919);
#5351=AXIS2_PLACEMENT_3D('',#8990,#5920,#5921);
#5352=AXIS2_PLACEMENT_3D('',#9023,#5923,#5924);
#5353=AXIS2_PLACEMENT_3D('',#9024,#5925,#5926);
#5354=AXIS2_PLACEMENT_3D('',#9030,#5929,#5930);
#5355=AXIS2_PLACEMENT_3D('',#9033,#5932,#5933);
#5356=AXIS2_PLACEMENT_3D('',#9034,#5934,#5935);
#5357=AXIS2_PLACEMENT_3D('',#9038,#5938,#5939);
#5358=AXIS2_PLACEMENT_3D('',#9055,#5943,#5944);
#5359=AXIS2_PLACEMENT_3D('',#9059,#5947,#5948);
#5360=AXIS2_PLACEMENT_3D('',#9065,#5952,#5953);
#5361=AXIS2_PLACEMENT_3D('',#9069,#5955,#5956);
#5362=AXIS2_PLACEMENT_3D('',#9072,#5958,#5959);
#5363=AXIS2_PLACEMENT_3D('',#9073,#5960,#5961);
#5364=AXIS2_PLACEMENT_3D('',#9077,#5963,#5964);
#5365=AXIS2_PLACEMENT_3D('',#9078,#5965,#5966);
#5366=AXIS2_PLACEMENT_3D('',#9079,#5967,#5968);
#5367=AXIS2_PLACEMENT_3D('',#9084,#5970,#5971);
#5368=AXIS2_PLACEMENT_3D('',#9087,#5973,#5974);
#5369=AXIS2_PLACEMENT_3D('',#9088,#5975,#5976);
#5370=AXIS2_PLACEMENT_3D('',#9091,#5977,#5978);
#5371=AXIS2_PLACEMENT_3D('',#9095,#5980,#5981);
#5372=AXIS2_PLACEMENT_3D('',#9099,#5983,#5984);
#5373=AXIS2_PLACEMENT_3D('',#9101,#5986,#5987);
#5374=AXIS2_PLACEMENT_3D('',#9105,#5989,#5990);
#5375=AXIS2_PLACEMENT_3D('',#9107,#5992,#5993);
#5376=AXIS2_PLACEMENT_3D('',#9111,#5995,#5996);
#5377=AXIS2_PLACEMENT_3D('',#9113,#5998,#5999);
#5378=AXIS2_PLACEMENT_3D('',#9118,#6002,#6003);
#5379=AXIS2_PLACEMENT_3D('',#9119,#6004,#6005);
#5380=AXIS2_PLACEMENT_3D('',#9123,#6008,#6009);
#5381=AXIS2_PLACEMENT_3D('',#9138,#6010,#6011);
#5382=AXIS2_PLACEMENT_3D('',#9140,#6013,#6014);
#5383=AXIS2_PLACEMENT_3D('',#9146,#6018,#6019);
#5384=AXIS2_PLACEMENT_3D('',#9150,#6021,#6022);
#5385=AXIS2_PLACEMENT_3D('',#9156,#6025,#6026);
#5386=AXIS2_PLACEMENT_3D('',#9158,#6028,#6029);
#5387=AXIS2_PLACEMENT_3D('',#9231,#6034,#6035);
#5388=AXIS2_PLACEMENT_3D('',#9282,#6036,#6037);
#5389=AXIS2_PLACEMENT_3D('',#9292,#6043,#6044);
#5390=AXIS2_PLACEMENT_3D('',#9298,#6047,#6048);
#5391=AXIS2_PLACEMENT_3D('',#9302,#6051,#6052);
#5392=AXIS2_PLACEMENT_3D('',#9306,#6055,#6056);
#5393=AXIS2_PLACEMENT_3D('',#9312,#6059,#6060);
#5394=AXIS2_PLACEMENT_3D('',#9317,#6063,#6064);
#5395=AXIS2_PLACEMENT_3D('',#9326,#6066,#6067);
#5396=AXIS2_PLACEMENT_3D('',#9341,#6075,#6076);
#5397=AXIS2_PLACEMENT_3D('',#9348,#6077,#6078);
#5398=AXIS2_PLACEMENT_3D('',#9350,#6080,#6081);
#5399=AXIS2_PLACEMENT_3D('',#9352,#6082,#6083);
#5400=AXIS2_PLACEMENT_3D('',#9354,#6085,#6086);
#5401=AXIS2_PLACEMENT_3D('',#9356,#6087,#6088);
#5402=AXIS2_PLACEMENT_3D('',#9358,#6090,#6091);
#5403=AXIS2_PLACEMENT_3D('',#9362,#6094,#6095);
#5404=AXIS2_PLACEMENT_3D('',#9366,#6098,#6099);
#5405=AXIS2_PLACEMENT_3D('',#9367,#6100,#6101);
#5406=AXIS2_PLACEMENT_3D('',#9370,#6103,#6104);
#5407=AXIS2_PLACEMENT_3D('',#9371,#6105,#6106);
#5408=AXIS2_PLACEMENT_3D('',#9375,#6109,#6110);
#5409=AXIS2_PLACEMENT_3D('',#9376,#6111,#6112);
#5410=AXIS2_PLACEMENT_3D('',#9378,#6114,#6115);
#5411=AXIS2_PLACEMENT_3D('',#9380,#6117,#6118);
#5412=AXIS2_PLACEMENT_3D('',#9384,#6121,#6122);
#5413=AXIS2_PLACEMENT_3D('',#9389,#6126,#6127);
#5414=AXIS2_PLACEMENT_3D('',#9399,#6133,#6134);
#5415=AXIS2_PLACEMENT_3D('',#9401,#6136,#6137);
#5416=AXIS2_PLACEMENT_3D('',#9403,#6139,#6140);
#5417=AXIS2_PLACEMENT_3D('',#9406,#6143,#6144);
#5418=AXIS2_PLACEMENT_3D('',#9407,#6145,#6146);
#5419=AXIS2_PLACEMENT_3D('',#9409,#6147,#6148);
#5420=AXIS2_PLACEMENT_3D('',#9413,#6151,#6152);
#5421=AXIS2_PLACEMENT_3D('',#9415,#6154,#6155);
#5422=AXIS2_PLACEMENT_3D('',#9417,#6157,#6158);
#5423=AXIS2_PLACEMENT_3D('',#9419,#6160,#6161);
#5424=AXIS2_PLACEMENT_3D('',#9493,#6162,#6163);
#5425=AXIS2_PLACEMENT_3D('',#9495,#6164,#6165);
#5426=AXIS2_PLACEMENT_3D('',#9504,#6167,#6168);
#5427=AXIS2_PLACEMENT_3D('',#9510,#6170,#6171);
#5428=AXIS2_PLACEMENT_3D('',#9512,#6173,#6174);
#5429=AXIS2_PLACEMENT_3D('',#9563,#6176,#6177);
#5430=AXIS2_PLACEMENT_3D('',#9565,#6179,#6180);
#5431=AXIS2_PLACEMENT_3D('',#9567,#6182,#6183);
#5432=AXIS2_PLACEMENT_3D('',#9571,#6185,#6186);
#5433=AXIS2_PLACEMENT_3D('',#9576,#6189,#6190);
#5434=AXIS2_PLACEMENT_3D('',#9580,#6192,#6193);
#5435=AXIS2_PLACEMENT_3D('',#9583,#6195,#6196);
#5436=AXIS2_PLACEMENT_3D('',#9670,#6197,#6198);
#5437=AXIS2_PLACEMENT_3D('',#9786,#6205,#6206);
#5438=AXIS2_PLACEMENT_3D('',#9790,#6209,#6210);
#5439=AXIS2_PLACEMENT_3D('',#9794,#6213,#6214);
#5440=AXIS2_PLACEMENT_3D('',#9866,#6221,#6222);
#5441=AXIS2_PLACEMENT_3D('',#9895,#6226,#6227);
#5442=AXIS2_PLACEMENT_3D('',#9898,#6230,#6231);
#5443=AXIS2_PLACEMENT_3D('',#9985,#6238,#6239);
#5444=AXIS2_PLACEMENT_3D('',#9989,#6242,#6243);
#5445=AXIS2_PLACEMENT_3D('',#9991,#6245,#6246);
#5446=AXIS2_PLACEMENT_3D('',#9992,#6247,#6248);
#5447=AXIS2_PLACEMENT_3D('',#9994,#6250,#6251);
#5448=AXIS2_PLACEMENT_3D('',#9996,#6253,#6254);
#5449=AXIS2_PLACEMENT_3D('',#9997,#6255,#6256);
#5450=AXIS2_PLACEMENT_3D('',#10029,#6257,#6258);
#5451=AXIS2_PLACEMENT_3D('',#10030,#6259,#6260);
#5452=AXIS2_PLACEMENT_3D('',#10032,#6261,#6262);
#5453=AXIS2_PLACEMENT_3D('',#10033,#6263,#6264);
#5454=AXIS2_PLACEMENT_3D('',#10040,#6265,#6266);
#5455=AXIS2_PLACEMENT_3D('',#10089,#6267,#6268);
#5456=AXIS2_PLACEMENT_3D('',#10122,#6269,#6270);
#5457=AXIS2_PLACEMENT_3D('',#10126,#6273,#6274);
#5458=AXIS2_PLACEMENT_3D('',#10132,#6277,#6278);
#5459=AXIS2_PLACEMENT_3D('',#10136,#6280,#6281);
#5460=AXIS2_PLACEMENT_3D('',#10140,#6283,#6284);
#5461=AXIS2_PLACEMENT_3D('',#10142,#6286,#6287);
#5462=AXIS2_PLACEMENT_3D('',#10194,#6290,#6291);
#5463=AXIS2_PLACEMENT_3D('',#10215,#6293,#6294);
#5464=AXIS2_PLACEMENT_3D('',#10237,#6296,#6297);
#5465=AXIS2_PLACEMENT_3D('',#10238,#6298,#6299);
#5466=AXIS2_PLACEMENT_3D('',#10239,#6300,#6301);
#5467=AXIS2_PLACEMENT_3D('',#10240,#6302,#6303);
#5468=AXIS2_PLACEMENT_3D('',#10241,#6304,#6305);
#5469=AXIS2_PLACEMENT_3D('',#10267,#6306,#6307);
#5470=AXIS2_PLACEMENT_3D('',#10340,#6308,#6309);
#5471=AXIS2_PLACEMENT_3D('',#10346,#6310,#6311);
#5472=AXIS2_PLACEMENT_3D('',#10359,#6312,#6313);
#5473=AXIS2_PLACEMENT_3D('',#10360,#6314,#6315);
#5474=AXIS2_PLACEMENT_3D('',#10361,#6316,#6317);
#5475=AXIS2_PLACEMENT_3D('',#10365,#6319,#6320);
#5476=AXIS2_PLACEMENT_3D('',#10367,#6321,#6322);
#5477=AXIS2_PLACEMENT_3D('',#10369,#6323,#6324);
#5478=AXIS2_PLACEMENT_3D('',#10372,#6326,#6327);
#5479=AXIS2_PLACEMENT_3D('',#10373,#6328,#6329);
#5480=AXIS2_PLACEMENT_3D('',#10376,#6330,#6331);
#5481=AXIS2_PLACEMENT_3D('',#10383,#6332,#6333);
#5482=AXIS2_PLACEMENT_3D('',#10385,#6334,#6335);
#5483=AXIS2_PLACEMENT_3D('',#10387,#6336,#6337);
#5484=AXIS2_PLACEMENT_3D('',#10392,#6338,#6339);
#5485=AXIS2_PLACEMENT_3D('',#10444,#6352,#6353);
#5486=AXIS2_PLACEMENT_3D('',#10456,#6354,#6355);
#5487=AXIS2_PLACEMENT_3D('',#10457,#6356,#6357);
#5488=AXIS2_PLACEMENT_3D('',#10461,#6359,#6360);
#5489=AXIS2_PLACEMENT_3D('',#10462,#6361,#6362);
#5490=AXIS2_PLACEMENT_3D('',#10463,#6363,#6364);
#5491=AXIS2_PLACEMENT_3D('',#10556,#6376,#6377);
#5492=AXIS2_PLACEMENT_3D('',#10562,#6378,#6379);
#5493=AXIS2_PLACEMENT_3D('',#10563,#6380,#6381);
#5494=AXIS2_PLACEMENT_3D('',#10564,#6382,#6383);
#5495=AXIS2_PLACEMENT_3D('',#10565,#6384,#6385);
#5496=AXIS2_PLACEMENT_3D('',#10566,#6386,#6387);
#5497=AXIS2_PLACEMENT_3D('',#10567,#6388,#6389);
#5498=AXIS2_PLACEMENT_3D('',#10568,#6390,#6391);
#5499=AXIS2_PLACEMENT_3D('',#10655,#6392,#6393);
#5500=AXIS2_PLACEMENT_3D('',#10819,#6398,#6399);
#5501=AXIS2_PLACEMENT_3D('',#10822,#6400,#6401);
#5502=AXIS2_PLACEMENT_3D('',#10823,#6402,#6403);
#5503=AXIS2_PLACEMENT_3D('',#10824,#6404,#6405);
#5504=AXIS2_PLACEMENT_3D('',#10825,#6406,#6407);
#5505=AXIS2_PLACEMENT_3D('',#10826,#6408,#6409);
#5506=AXIS2_PLACEMENT_3D('',#10827,#6410,#6411);
#5507=AXIS2_PLACEMENT_3D('',#10948,#6412,#6413);
#5508=AXIS2_PLACEMENT_3D('',#10950,#6414,#6415);
#5509=AXIS2_PLACEMENT_3D('',#10952,#6416,#6417);
#5510=AXIS2_PLACEMENT_3D('',#10953,#6418,#6419);
#5511=AXIS2_PLACEMENT_3D('',#10954,#6420,#6421);
#5512=AXIS2_PLACEMENT_3D('',#10955,#6422,#6423);
#5513=AXIS2_PLACEMENT_3D('',#10956,#6424,#6425);
#5514=AXIS2_PLACEMENT_3D('',#10957,#6426,#6427);
#5515=AXIS2_PLACEMENT_3D('',#11520,#6434,#6435);
#5516=AXIS2_PLACEMENT_3D('',#11777,#6437,#6438);
#5517=AXIS2_PLACEMENT_3D('',#11780,#6439,#6440);
#5518=AXIS2_PLACEMENT_3D('',#11781,#6441,#6442);
#5519=AXIS2_PLACEMENT_3D('',#11782,#6443,#6444);
#5520=AXIS2_PLACEMENT_3D('',#11783,#6445,#6446);
#5521=AXIS2_PLACEMENT_3D('',#11784,#6447,#6448);
#5522=AXIS2_PLACEMENT_3D('',#11785,#6449,#6450);
#5523=AXIS2_PLACEMENT_3D('',#11786,#6451,#6452);
#5524=AXIS2_PLACEMENT_3D('',#11788,#6453,#6454);
#5525=AXIS2_PLACEMENT_3D('',#11790,#6455,#6456);
#5526=AXIS2_PLACEMENT_3D('',#11791,#6457,#6458);
#5527=AXIS2_PLACEMENT_3D('',#11792,#6459,#6460);
#5528=AXIS2_PLACEMENT_3D('',#11793,#6461,#6462);
#5529=AXIS2_PLACEMENT_3D('',#11794,#6463,#6464);
#5530=AXIS2_PLACEMENT_3D('',#11795,#6465,#6466);
#5531=AXIS2_PLACEMENT_3D('',#12355,#6473,#6474);
#5532=AXIS2_PLACEMENT_3D('',#12532,#6477,#6478);
#5533=AXIS2_PLACEMENT_3D('',#12535,#6480,#6481);
#5534=AXIS2_PLACEMENT_3D('',#12628,#6483,#6484);
#5535=AXIS2_PLACEMENT_3D('',#12631,#6486,#6487);
#5536=AXIS2_PLACEMENT_3D('',#12734,#6489,#6490);
#5537=AXIS2_PLACEMENT_3D('',#12737,#6492,#6493);
#5538=AXIS2_PLACEMENT_3D('',#12835,#6495,#6496);
#5539=AXIS2_PLACEMENT_3D('',#12838,#6498,#6499);
#5540=AXIS2_PLACEMENT_3D('',#12839,#6500,#6501);
#5541=AXIS2_PLACEMENT_3D('',#12841,#6502,#6503);
#5542=AXIS2_PLACEMENT_3D('',#12843,#6505,#6506);
#5543=AXIS2_PLACEMENT_3D('',#12845,#6507,#6508);
#5544=AXIS2_PLACEMENT_3D('',#12849,#6510,#6511);
#5545=AXIS2_PLACEMENT_3D('',#12851,#6512,#6513);
#5546=AXIS2_PLACEMENT_3D('',#12853,#6515,#6516);
#5547=AXIS2_PLACEMENT_3D('',#12855,#6517,#6518);
#5548=AXIS2_PLACEMENT_3D('',#12858,#6520,#6521);
#5549=AXIS2_PLACEMENT_3D('',#12859,#6522,#6523);
#5550=AXIS2_PLACEMENT_3D('',#12861,#6524,#6525);
#5551=AXIS2_PLACEMENT_3D('',#12864,#6527,#6528);
#5552=AXIS2_PLACEMENT_3D('',#12865,#6529,#6530);
#5553=AXIS2_PLACEMENT_3D('',#12867,#6531,#6532);
#5554=AXIS2_PLACEMENT_3D('',#12869,#6533,#6534);
#5555=AXIS2_PLACEMENT_3D('',#12871,#6536,#6537);
#5556=AXIS2_PLACEMENT_3D('',#12872,#6538,#6539);
#5557=AXIS2_PLACEMENT_3D('',#12873,#6540,#6541);
#5558=AXIS2_PLACEMENT_3D('',#12874,#6542,#6543);
#5559=AXIS2_PLACEMENT_3D('',#12876,#6544,#6545);
#5560=AXIS2_PLACEMENT_3D('',#12878,#6547,#6548);
#5561=AXIS2_PLACEMENT_3D('',#12898,#6550,#6551);
#5562=AXIS2_PLACEMENT_3D('',#12921,#6554,#6555);
#5563=AXIS2_PLACEMENT_3D('',#12930,#6562,#6563);
#5564=AXIS2_PLACEMENT_3D('',#12932,#6565,#6566);
#5565=AXIS2_PLACEMENT_3D('',#12936,#6568,#6569);
#5566=AXIS2_PLACEMENT_3D('',#12937,#6570,#6571);
#5567=AXIS2_PLACEMENT_3D('',#12938,#6572,#6573);
#5568=AXIS2_PLACEMENT_3D('',#12940,#6574,#6575);
#5569=AXIS2_PLACEMENT_3D('',#12942,#6576,#6577);
#5570=AXIS2_PLACEMENT_3D('',#12944,#6579,#6580);
#5571=AXIS2_PLACEMENT_3D('',#12948,#6582,#6583);
#5572=AXIS2_PLACEMENT_3D('',#12949,#6584,#6585);
#5573=AXIS2_PLACEMENT_3D('',#12950,#6586,#6587);
#5574=AXIS2_PLACEMENT_3D('',#12952,#6588,#6589);
#5575=AXIS2_PLACEMENT_3D('',#12954,#6590,#6591);
#5576=AXIS2_PLACEMENT_3D('',#12956,#6593,#6594);
#5577=AXIS2_PLACEMENT_3D('',#12957,#6595,#6596);
#5578=AXIS2_PLACEMENT_3D('',#12959,#6598,#6599);
#5579=AXIS2_PLACEMENT_3D('',#12960,#6600,#6601);
#5580=AXIS2_PLACEMENT_3D('',#12962,#6603,#6604);
#5581=AXIS2_PLACEMENT_3D('',#12966,#6607,#6608);
#5582=AXIS2_PLACEMENT_3D('',#12967,#6609,#6610);
#5583=AXIS2_PLACEMENT_3D('',#12971,#6612,#6613);
#5584=AXIS2_PLACEMENT_3D('',#12972,#6614,#6615);
#5585=AXIS2_PLACEMENT_3D('',#12973,#6616,#6617);
#5586=AXIS2_PLACEMENT_3D('',#12975,#6619,#6620);
#5587=AXIS2_PLACEMENT_3D('',#12976,#6621,#6622);
#5588=AXIS2_PLACEMENT_3D('',#12977,#6623,#6624);
#5589=AXIS2_PLACEMENT_3D('',#12978,#6625,#6626);
#5590=AXIS2_PLACEMENT_3D('',#12979,#6627,#6628);
#5591=AXIS2_PLACEMENT_3D('',#12981,#6630,#6631);
#5592=AXIS2_PLACEMENT_3D('',#12983,#6633,#6634);
#5593=AXIS2_PLACEMENT_3D('',#12984,#6635,#6636);
#5594=AXIS2_PLACEMENT_3D('',#12986,#6638,#6639);
#5595=AXIS2_PLACEMENT_3D('',#12987,#6640,#6641);
#5596=AXIS2_PLACEMENT_3D('',#12988,#6642,#6643);
#5597=AXIS2_PLACEMENT_3D('',#12989,#6644,#6645);
#5598=AXIS2_PLACEMENT_3D('',#13021,#6646,#6647);
#5599=AXIS2_PLACEMENT_3D('',#13100,#6649,#6650);
#5600=AXIS2_PLACEMENT_3D('',#13184,#6652,#6653);
#5601=AXIS2_PLACEMENT_3D('',#13220,#6654,#6655);
#5602=AXIS2_PLACEMENT_3D('',#13249,#6658,#6659);
#5603=AXIS2_PLACEMENT_3D('',#13307,#6661,#6662);
#5604=AXIS2_PLACEMENT_3D('',#13309,#6664,#6665);
#5605=AXIS2_PLACEMENT_3D('',#13338,#6668,#6669);
#5606=AXIS2_PLACEMENT_3D('',#13340,#6671,#6672);
#5607=AXIS2_PLACEMENT_3D('',#13342,#6674,#6675);
#5608=AXIS2_PLACEMENT_3D('',#13345,#6678,#6679);
#5609=AXIS2_PLACEMENT_3D('',#13346,#6680,#6681);
#5610=AXIS2_PLACEMENT_3D('',#13347,#6682,#6683);
#5611=AXIS2_PLACEMENT_3D('',#13348,#6684,#6685);
#5612=AXIS2_PLACEMENT_3D('',#13349,#6686,#6687);
#5613=AXIS2_PLACEMENT_3D('',#13352,#6689,#6690);
#5614=AXIS2_PLACEMENT_3D('',#13353,#6691,#6692);
#5615=AXIS2_PLACEMENT_3D('',#13356,#6694,#6695);
#5616=AXIS2_PLACEMENT_3D('',#13357,#6696,#6697);
#5617=AXIS2_PLACEMENT_3D('',#13358,#6698,#6699);
#5618=AXIS2_PLACEMENT_3D('',#13359,#6700,#6701);
#5619=AXIS2_PLACEMENT_3D('',#13360,#6702,#6703);
#5620=AXIS2_PLACEMENT_3D('',#13361,#6704,#6705);
#5621=AXIS2_PLACEMENT_3D('',#13362,#6706,#6707);
#5622=AXIS2_PLACEMENT_3D('',#13364,#6709,#6710);
#5623=AXIS2_PLACEMENT_3D('',#13366,#6711,#6712);
#5624=AXIS2_PLACEMENT_3D('',#13368,#6713,#6714);
#5625=AXIS2_PLACEMENT_3D('',#13369,#6715,#6716);
#5626=AXIS2_PLACEMENT_3D('',#13371,#6718,#6719);
#5627=AXIS2_PLACEMENT_3D('',#13372,#6720,#6721);
#5628=AXIS2_PLACEMENT_3D('',#13375,#6723,#6724);
#5629=AXIS2_PLACEMENT_3D('',#13379,#6726,#6727);
#5630=AXIS2_PLACEMENT_3D('',#13381,#6729,#6730);
#5631=AXIS2_PLACEMENT_3D('',#13382,#6731,#6732);
#5632=AXIS2_PLACEMENT_3D('',#13384,#6733,#6734);
#5633=AXIS2_PLACEMENT_3D('',#13389,#6737,#6738);
#5634=AXIS2_PLACEMENT_3D('',#13391,#6740,#6741);
#5635=AXIS2_PLACEMENT_3D('',#13392,#6742,#6743);
#5636=AXIS2_PLACEMENT_3D('',#13393,#6744,#6745);
#5637=AXIS2_PLACEMENT_3D('',#13394,#6746,#6747);
#5638=AXIS2_PLACEMENT_3D('',#13395,#6748,#6749);
#5639=AXIS2_PLACEMENT_3D('',#13396,#6750,#6751);
#5640=AXIS2_PLACEMENT_3D('',#13397,#6752,#6753);
#5641=AXIS2_PLACEMENT_3D('',#13398,#6754,#6755);
#5642=AXIS2_PLACEMENT_3D('',#13402,#6757,#6758);
#5643=AXIS2_PLACEMENT_3D('',#13404,#6760,#6761);
#5644=AXIS2_PLACEMENT_3D('',#13408,#6764,#6765);
#5645=AXIS2_PLACEMENT_3D('',#13410,#6766,#6767);
#5646=AXIS2_PLACEMENT_3D('',#13412,#6769,#6770);
#5647=AXIS2_PLACEMENT_3D('',#13414,#6772,#6773);
#5648=AXIS2_PLACEMENT_3D('',#13415,#6774,#6775);
#5649=AXIS2_PLACEMENT_3D('',#13416,#6776,#6777);
#5650=AXIS2_PLACEMENT_3D('',#13418,#6778,#6779);
#5651=AXIS2_PLACEMENT_3D('',#13420,#6781,#6782);
#5652=AXIS2_PLACEMENT_3D('',#13422,#6783,#6784);
#5653=AXIS2_PLACEMENT_3D('',#13423,#6785,#6786);
#5654=AXIS2_PLACEMENT_3D('',#13424,#6787,#6788);
#5655=AXIS2_PLACEMENT_3D('',#13426,#6790,#6791);
#5656=DIRECTION('axis',(0.,0.,1.));
#5657=DIRECTION('refdir',(1.,0.,0.));
#5658=DIRECTION('center_axis',(-2.72713683740302E-13,0.952968594338678,
0.303069065072905));
#5659=DIRECTION('ref_axis',(-1.,-5.35812713642336E-14,-7.31359417471821E-13));
#5660=DIRECTION('center_axis',(0.0495097117108722,-0.998773642246483,-3.46519216878367E-16));
#5661=DIRECTION('ref_axis',(0.,-3.46944695195362E-16,1.));
#5662=DIRECTION('center_axis',(0.,0.,1.));
#5663=DIRECTION('ref_axis',(1.,0.,0.));
#5664=DIRECTION('center_axis',(0.146394777252063,-0.989226247727646,-1.03441482621461E-17));
#5665=DIRECTION('ref_axis',(-2.24820162486594E-12,-3.32719962692351E-13,
1.));
#5666=DIRECTION('center_axis',(0.,0.,-1.));
#5667=DIRECTION('ref_axis',(-0.994802615536625,-0.101822178927236,0.));
#5668=DIRECTION('center_axis',(0.,0.,1.));
#5669=DIRECTION('ref_axis',(-0.994802615536625,-0.101822178927236,0.));
#5670=DIRECTION('center_axis',(0.135754185042526,-0.445515373627573,0.884921947464816));
#5671=DIRECTION('ref_axis',(0.0848034520928242,0.895137810787592,0.437649030858675));
#5672=DIRECTION('center_axis',(0.,0.,1.));
#5673=DIRECTION('ref_axis',(0.128302606784925,0.99173506597891,0.));
#5674=DIRECTION('center_axis',(4.03747215388838E-16,-1.45157779570598E-15,
1.));
#5675=DIRECTION('ref_axis',(0.128302606784936,0.991735065978908,1.38777878078145E-15));
#5676=DIRECTION('center_axis',(0.,0.,1.));
#5677=DIRECTION('ref_axis',(0.179241746544908,-0.983805060108724,0.));
#5678=DIRECTION('center_axis',(-0.185454636287737,0.,-0.982652826729452));
#5679=DIRECTION('ref_axis',(0.982652826729452,-1.00914150894006E-15,-0.185454636287737));
#5680=DIRECTION('',(0.,0.,1.));
#5681=DIRECTION('center_axis',(-0.342020143324641,0.,0.939692620786282));
#5682=DIRECTION('ref_axis',(0.939692620786282,-7.8245128775095E-17,0.342020143324641));
#5683=DIRECTION('',(0.,0.,1.));
#5684=DIRECTION('',(0.,0.,1.));
#5685=DIRECTION('center_axis',(0.,0.,1.));
#5686=DIRECTION('ref_axis',(1.,0.,0.));
#5687=DIRECTION('',(0.,0.,1.));
#5688=DIRECTION('center_axis',(0.,0.,1.));
#5689=DIRECTION('ref_axis',(1.,0.,0.));
#5690=DIRECTION('',(0.,1.,0.));
#5691=DIRECTION('center_axis',(0.,0.,1.));
#5692=DIRECTION('ref_axis',(1.,0.,0.));
#5693=DIRECTION('',(0.,1.,0.));
#5694=DIRECTION('',(1.,0.,0.));
#5695=DIRECTION('',(0.,1.,0.));
#5696=DIRECTION('center_axis',(0.,0.,1.));
#5697=DIRECTION('ref_axis',(0.,-1.,0.));
#5698=DIRECTION('center_axis',(0.,0.,1.));
#5699=DIRECTION('ref_axis',(1.,0.,0.));
#5700=DIRECTION('',(-1.,0.,0.));
#5701=DIRECTION('center_axis',(0.,0.,1.));
#5702=DIRECTION('ref_axis',(0.,-1.,0.));
#5703=DIRECTION('center_axis',(0.,0.,1.));
#5704=DIRECTION('ref_axis',(-1.,0.,0.));
#5705=DIRECTION('center_axis',(-1.,0.,0.));
#5706=DIRECTION('ref_axis',(0.,-1.,0.));
#5707=DIRECTION('',(0.,0.,-1.));
#5708=DIRECTION('center_axis',(0.,0.,1.));
#5709=DIRECTION('ref_axis',(0.,-1.,0.));
#5710=DIRECTION('',(0.,0.,-1.));
#5711=DIRECTION('center_axis',(0.,0.,-1.));
#5712=DIRECTION('ref_axis',(0.,-1.,0.));
#5713=DIRECTION('',(0.,0.,1.));
#5714=DIRECTION('center_axis',(0.,0.,-1.));
#5715=DIRECTION('ref_axis',(0.,-1.,0.));
#5716=DIRECTION('',(0.,0.,-1.));
#5717=DIRECTION('center_axis',(0.,0.,-1.));
#5718=DIRECTION('ref_axis',(0.,-1.,0.));
#5719=DIRECTION('',(0.,0.,1.));
#5720=DIRECTION('center_axis',(0.,0.,-1.));
#5721=DIRECTION('ref_axis',(0.,-1.,0.));
#5722=DIRECTION('',(0.,0.,-1.));
#5723=DIRECTION('center_axis',(0.,0.,-1.));
#5724=DIRECTION('ref_axis',(0.,-1.,0.));
#5725=DIRECTION('',(0.,0.,1.));
#5726=DIRECTION('center_axis',(0.,0.,-1.));
#5727=DIRECTION('ref_axis',(0.,-1.,0.));
#5728=DIRECTION('',(0.,0.,-1.));
#5729=DIRECTION('center_axis',(0.,0.,-1.));
#5730=DIRECTION('ref_axis',(0.,-1.,0.));
#5731=DIRECTION('center_axis',(0.,0.,-1.));
#5732=DIRECTION('ref_axis',(0.,-1.,0.));
#5733=DIRECTION('center_axis',(0.,0.,-1.));
#5734=DIRECTION('ref_axis',(0.,-1.,0.));
#5735=DIRECTION('center_axis',(0.,0.,-1.));
#5736=DIRECTION('ref_axis',(-1.,0.,0.));
#5737=DIRECTION('',(-1.,0.,0.));
#5738=DIRECTION('',(0.,-1.,0.));
#5739=DIRECTION('',(1.,0.,0.));
#5740=DIRECTION('',(0.,1.,0.));
#5741=DIRECTION('center_axis',(0.,-1.,0.));
#5742=DIRECTION('ref_axis',(-1.,0.,0.));
#5743=DIRECTION('',(-1.,0.,0.));
#5744=DIRECTION('',(0.,0.,-1.));
#5745=DIRECTION('center_axis',(0.,1.,0.));
#5746=DIRECTION('ref_axis',(1.,0.,0.));
#5747=DIRECTION('',(1.,0.,0.));
#5748=DIRECTION('',(0.,0.,1.));
#5749=DIRECTION('',(1.,0.,0.));
#5750=DIRECTION('center_axis',(0.,0.,-1.));
#5751=DIRECTION('ref_axis',(-1.,0.,0.));
#5752=DIRECTION('',(-1.,0.,0.));
#5753=DIRECTION('',(0.,-1.,0.));
#5754=DIRECTION('center_axis',(0.,-1.,0.));
#5755=DIRECTION('ref_axis',(-1.,0.,0.));
#5756=DIRECTION('',(-1.,0.,0.));
#5757=DIRECTION('',(0.,0.,-1.));
#5758=DIRECTION('center_axis',(0.,1.,0.));
#5759=DIRECTION('ref_axis',(1.,0.,0.));
#5760=DIRECTION('',(0.342020143324641,0.,-0.939692620786282));
#5761=DIRECTION('',(2.39128586494783E-16,0.,1.));
#5762=DIRECTION('',(-1.,0.,0.));
#5763=DIRECTION('center_axis',(-0.342020143324641,0.,0.939692620786282));
#5764=DIRECTION('ref_axis',(0.890079676296233,-0.320634469548958,0.323962508296023));
#5765=DIRECTION('',(-0.342020143324641,0.,0.939692620786282));
#5766=DIRECTION('center_axis',(0.342020143324641,0.,-0.939692620786282));
#5767=DIRECTION('ref_axis',(-0.939692620786282,0.,-0.342020143324641));
#5768=DIRECTION('center_axis',(0.342020143324641,0.,-0.939692620786282));
#5769=DIRECTION('ref_axis',(-0.939692620786282,0.,-0.342020143324641));
#5770=DIRECTION('center_axis',(1.,0.,-2.39128586494783E-16));
#5771=DIRECTION('ref_axis',(-1.89859319002306E-16,0.,-1.));
#5772=DIRECTION('',(-0.342020143324641,0.,0.939692620786282));
#5773=DIRECTION('center_axis',(0.,1.,0.));
#5774=DIRECTION('ref_axis',(1.,0.,0.));
#5775=DIRECTION('center_axis',(0.,-1.,0.));
#5776=DIRECTION('ref_axis',(1.,0.,0.));
#5777=DIRECTION('',(0.,1.,0.));
#5778=DIRECTION('center_axis',(0.,1.,0.));
#5779=DIRECTION('ref_axis',(1.,0.,0.));
#5780=DIRECTION('center_axis',(0.,0.,1.));
#5781=DIRECTION('ref_axis',(1.,0.,0.));
#5782=DIRECTION('',(0.,0.,1.));
#5783=DIRECTION('center_axis',(0.375280602823837,0.916791893699075,0.136590968924897));
#5784=DIRECTION('ref_axis',(0.342020143313649,5.10425035571416E-12,-0.939692620790283));
#5785=DIRECTION('center_axis',(-0.342020143324641,0.,0.939692620786282));
#5786=DIRECTION('ref_axis',(-0.939692620786282,0.,-0.342020143324641));
#5787=DIRECTION('',(0.,1.,0.));
#5788=DIRECTION('',(-0.939692620786282,0.,-0.342020143324641));
#5789=DIRECTION('center_axis',(-0.342020143324641,0.,0.939692620786282));
#5790=DIRECTION('ref_axis',(-0.939692620786282,0.,-0.342020143324641));
#5791=DIRECTION('',(0.939692620786282,0.,0.342020143324641));
#5792=DIRECTION('',(0.,-1.,0.));
#5793=DIRECTION('center_axis',(1.,0.,-2.39128586494783E-16));
#5794=DIRECTION('ref_axis',(2.39128586494783E-16,0.,1.));
#5795=DIRECTION('',(2.39128586494783E-16,0.,1.));
#5796=DIRECTION('',(0.,-1.,0.));
#5797=DIRECTION('',(0.,1.,0.));
#5798=DIRECTION('center_axis',(0.455684428942806,0.,-0.890141393947652));
#5799=DIRECTION('ref_axis',(0.890141393947652,0.,0.455684428942805));
#5800=DIRECTION('',(0.890141393947652,0.,0.455684428942805));
#5801=DIRECTION('',(0.,-1.,0.));
#5802=DIRECTION('center_axis',(-0.455684428942806,0.,0.890141393947652));
#5803=DIRECTION('ref_axis',(0.890141393947652,-7.41191603049921E-17,0.455684428942805));
#5804=DIRECTION('',(0.,-1.,0.));
#5805=DIRECTION('center_axis',(0.499841738511827,0.,-0.866116756818314));
#5806=DIRECTION('ref_axis',(0.866116756818314,0.,0.499841738511827));
#5807=DIRECTION('',(-0.866116756818314,0.,-0.499841738511827));
#5808=DIRECTION('',(0.,-1.,0.));
#5809=DIRECTION('center_axis',(0.,-1.,0.));
#5810=DIRECTION('ref_axis',(-0.965925826289068,0.,-0.258819045102521));
#5811=DIRECTION('center_axis',(0.,1.,0.));
#5812=DIRECTION('ref_axis',(-0.973900219710516,0.,-0.226976567177779));
#5813=DIRECTION('center_axis',(0.,1.,0.));
#5814=DIRECTION('ref_axis',(0.500000000000001,0.,-0.866025403784438));
#5815=DIRECTION('',(0.,-1.,0.));
#5816=DIRECTION('center_axis',(0.,1.,0.));
#5817=DIRECTION('ref_axis',(1.,0.,0.));
#5818=DIRECTION('center_axis',(0.,-1.,0.));
#5819=DIRECTION('ref_axis',(1.,0.,0.));
#5820=DIRECTION('',(0.,1.,0.));
#5821=DIRECTION('center_axis',(0.,1.,0.));
#5822=DIRECTION('ref_axis',(1.,0.,0.));
#5823=DIRECTION('center_axis',(0.,1.,0.));
#5824=DIRECTION('ref_axis',(1.,0.,0.));
#5825=DIRECTION('center_axis',(0.,1.,0.));
#5826=DIRECTION('ref_axis',(1.,0.,0.));
#5827=DIRECTION('center_axis',(0.,-1.,0.));
#5828=DIRECTION('ref_axis',(1.,0.,0.));
#5829=DIRECTION('',(0.,1.,0.));
#5830=DIRECTION('center_axis',(0.,1.,0.));
#5831=DIRECTION('ref_axis',(1.,0.,0.));
#5832=DIRECTION('center_axis',(0.,1.,0.));
#5833=DIRECTION('ref_axis',(1.,0.,0.));
#5834=DIRECTION('center_axis',(0.,1.,0.));
#5835=DIRECTION('ref_axis',(1.,0.,0.));
#5836=DIRECTION('center_axis',(0.,-1.,0.));
#5837=DIRECTION('ref_axis',(1.,0.,0.));
#5838=DIRECTION('',(0.,1.,0.));
#5839=DIRECTION('center_axis',(0.,1.,0.));
#5840=DIRECTION('ref_axis',(1.,0.,0.));
#5841=DIRECTION('center_axis',(0.,1.,0.));
#5842=DIRECTION('ref_axis',(1.,0.,0.));
#5843=DIRECTION('',(0.,-1.,0.));
#5844=DIRECTION('',(0.,-1.,0.));
#5845=DIRECTION('center_axis',(0.185454636287737,0.,0.982652826729452));
#5846=DIRECTION('ref_axis',(-0.982652826729452,0.,0.185454636287737));
#5847=DIRECTION('',(0.982652826729452,0.,-0.185454636287737));
#5848=DIRECTION('center_axis',(0.,1.,0.));
#5849=DIRECTION('ref_axis',(1.,0.,0.));
#5850=DIRECTION('',(0.342020143324641,0.,-0.939692620786282));
#5851=DIRECTION('',(-0.93969262078705,0.,-0.342020143322531));
#5852=DIRECTION('center_axis',(0.,1.,0.));
#5853=DIRECTION('ref_axis',(0.939693052546996,0.,0.342018957069501));
#5854=DIRECTION('',(-0.939692620786197,0.,-0.342020143324876));
#5855=DIRECTION('',(-0.342020143324853,0.,0.939692620786205));
#5856=DIRECTION('',(0.939692620785985,0.,0.342020143325457));
#5857=DIRECTION('center_axis',(0.,1.,0.));
#5858=DIRECTION('ref_axis',(-0.342012985897839,0.,0.939695225845723));
#5859=DIRECTION('',(0.939692620785356,0.,0.342020143327185));
#5860=DIRECTION('',(0.342020143324641,0.,-0.939692620786282));
#5861=DIRECTION('center_axis',(0.,1.,0.));
#5862=DIRECTION('ref_axis',(0.939693052546996,0.,0.342018957069501));
#5863=DIRECTION('',(0.,1.,0.));
#5864=DIRECTION('center_axis',(0.,1.,0.));
#5865=DIRECTION('ref_axis',(0.939693052546996,0.,0.342018957069501));
#5866=DIRECTION('',(0.,-1.,0.));
#5867=DIRECTION('center_axis',(0.342020143322531,0.,-0.93969262078705));
#5868=DIRECTION('ref_axis',(-0.93969262078705,0.,-0.342020143322531));
#5869=DIRECTION('',(0.,1.,0.));
#5870=DIRECTION('',(-0.939692620786117,0.,-0.342020143325096));
#5871=DIRECTION('',(0.,-1.,0.));
#5872=DIRECTION('',(-0.93969262078705,0.,-0.342020143322531));
#5873=DIRECTION('',(0.,1.,0.));
#5874=DIRECTION('',(-0.939692620786117,0.,-0.342020143325096));
#5875=DIRECTION('center_axis',(0.,0.,1.));
#5876=DIRECTION('ref_axis',(1.,0.,0.));
#5877=DIRECTION('',(0.,1.,0.));
#5878=DIRECTION('',(1.,0.,0.));
#5879=DIRECTION('',(0.,-1.,0.));
#5880=DIRECTION('',(0.,-1.,0.));
#5881=DIRECTION('center_axis',(0.,0.,-1.));
#5882=DIRECTION('ref_axis',(0.306141987931525,-0.951985862933549,0.));
#5883=DIRECTION('',(-0.866025403784458,0.499999999999966,0.));
#5884=DIRECTION('center_axis',(0.,0.,1.));
#5885=DIRECTION('ref_axis',(-0.952759157846821,-0.30372682979779,0.));
#5886=DIRECTION('center_axis',(0.,0.,1.));
#5887=DIRECTION('ref_axis',(0.892099963776941,-0.451838084527168,0.));
#5888=DIRECTION('center_axis',(0.,0.,1.));
#5889=DIRECTION('ref_axis',(-0.932488644503513,0.361199291073503,0.));
#5890=DIRECTION('',(0.906307787036642,0.422618261740717,0.));
#5891=DIRECTION('center_axis',(0.,0.,-1.));
#5892=DIRECTION('ref_axis',(0.34737564871612,0.937726057374463,0.));
#5893=DIRECTION('center_axis',(0.,0.,-1.));
#5894=DIRECTION('ref_axis',(0.956576610205497,-0.291481026497027,0.));
#5895=DIRECTION('',(-1.,0.,0.));
#5896=DIRECTION('',(0.,1.,0.));
#5897=DIRECTION('',(0.842616431289908,0.538514205681021,0.));
#5898=DIRECTION('',(0.,-1.,0.));
#5899=DIRECTION('',(-0.843775076626282,-0.536696953656634,0.));
#5900=DIRECTION('',(0.,-1.,0.));
#5901=DIRECTION('',(1.,0.,0.));
#5902=DIRECTION('',(0.,-1.,0.));
#5903=DIRECTION('',(-1.,0.,0.));
#5904=DIRECTION('center_axis',(0.,0.,-1.));
#5905=DIRECTION('ref_axis',(1.,0.,0.));
#5906=DIRECTION('',(-5.09405259908755E-15,-1.,0.));
#5907=DIRECTION('center_axis',(0.,0.,-1.));
#5908=DIRECTION('ref_axis',(1.,0.,0.));
#5909=DIRECTION('',(-3.82053944931564E-15,-1.,0.));
#5910=DIRECTION('center_axis',(0.939692620786282,0.,0.342020143324641));
#5911=DIRECTION('ref_axis',(0.342020143324641,0.,-0.939692620786282));
#5912=DIRECTION('',(0.,1.,0.));
#5913=DIRECTION('',(0.342020143324641,0.,-0.939692620786282));
#5914=DIRECTION('center_axis',(-1.,-2.96059473233375E-15,0.));
#5915=DIRECTION('ref_axis',(2.96059473233375E-15,-1.,0.));
#5916=DIRECTION('',(1.53134210293125E-15,0.,1.));
#5917=DIRECTION('',(1.53134210293125E-15,0.,1.));
#5918=DIRECTION('center_axis',(-1.,2.96059473233375E-15,0.));
#5919=DIRECTION('ref_axis',(0.,0.,-1.));
#5920=DIRECTION('center_axis',(0.,0.,-1.));
#5921=DIRECTION('ref_axis',(0.179241746544908,-0.983805060108724,0.));
#5922=DIRECTION('',(0.,0.,-1.));
#5923=DIRECTION('center_axis',(0.,0.,-1.));
#5924=DIRECTION('ref_axis',(0.179241746544908,-0.983805060108724,0.));
#5925=DIRECTION('center_axis',(0.,1.,0.));
#5926=DIRECTION('ref_axis',(1.,0.,0.));
#5927=DIRECTION('',(0.500000000000073,0.,0.866025403784397));
#5928=DIRECTION('',(0.920596090327291,0.,-0.390516118072104));
#5929=DIRECTION('center_axis',(0.,1.,0.));
#5930=DIRECTION('ref_axis',(1.,0.,0.));
#5931=DIRECTION('',(1.,0.,1.59233925244551E-13));
#5932=DIRECTION('center_axis',(0.,-1.,0.));
#5933=DIRECTION('ref_axis',(0.500000000000001,0.,-0.866025403784438));
#5934=DIRECTION('center_axis',(0.866025403784397,0.,-0.500000000000073));
#5935=DIRECTION('ref_axis',(-0.500000000000073,0.,-0.866025403784397));
#5936=DIRECTION('',(0.500000000000073,0.,0.866025403784397));
#5937=DIRECTION('',(0.,1.,0.));
#5938=DIRECTION('center_axis',(0.866025403784397,0.,-0.500000000000073));
#5939=DIRECTION('ref_axis',(-0.500000000000073,0.,-0.866025403784397));
#5940=DIRECTION('',(-0.500000000000073,0.,-0.866025403784397));
#5941=DIRECTION('',(0.,1.,0.));
#5942=DIRECTION('',(-0.500000000000073,0.,-0.866025403784397));
#5943=DIRECTION('center_axis',(-0.390516118072104,0.,-0.920596090327292));
#5944=DIRECTION('ref_axis',(-0.920596090327292,0.,0.390516118072104));
#5945=DIRECTION('',(0.920596090327292,0.,-0.390516118072104));
#5946=DIRECTION('',(0.,1.,0.));
#5947=DIRECTION('center_axis',(-0.390516118072104,0.,-0.920596090327292));
#5948=DIRECTION('ref_axis',(-0.920596090327292,0.,0.390516118072104));
#5949=DIRECTION('',(-0.920596090327292,0.,0.390516118072104));
#5950=DIRECTION('',(-0.920596090327291,0.,0.390516118072104));
#5951=DIRECTION('',(0.,1.,0.));
#5952=DIRECTION('center_axis',(0.,1.,0.));
#5953=DIRECTION('ref_axis',(1.,0.,0.));
#5954=DIRECTION('',(0.,1.,0.));
#5955=DIRECTION('center_axis',(0.,1.,0.));
#5956=DIRECTION('ref_axis',(1.,0.,0.));
#5957=DIRECTION('',(0.,1.,0.));
#5958=DIRECTION('center_axis',(0.,1.,0.));
#5959=DIRECTION('ref_axis',(1.,0.,0.));
#5960=DIRECTION('center_axis',(0.,1.,0.));
#5961=DIRECTION('ref_axis',(1.,0.,0.));
#5962=DIRECTION('',(0.,1.,0.));
#5963=DIRECTION('center_axis',(0.,-1.,0.));
#5964=DIRECTION('ref_axis',(1.,0.,0.));
#5965=DIRECTION('center_axis',(0.,-1.,0.));
#5966=DIRECTION('ref_axis',(1.,0.,0.));
#5967=DIRECTION('center_axis',(0.,1.,0.));
#5968=DIRECTION('ref_axis',(1.,0.,0.));
#5969=DIRECTION('',(0.,-1.,0.));
#5970=DIRECTION('center_axis',(0.,-1.,0.));
#5971=DIRECTION('ref_axis',(1.,0.,0.));
#5972=DIRECTION('',(0.,-1.,0.));
#5973=DIRECTION('center_axis',(0.,-1.,0.));
#5974=DIRECTION('ref_axis',(1.,0.,0.));
#5975=DIRECTION('center_axis',(0.,1.,0.));
#5976=DIRECTION('ref_axis',(1.,0.,0.));
#5977=DIRECTION('center_axis',(0.,1.,0.));
#5978=DIRECTION('ref_axis',(1.,0.,0.));
#5979=DIRECTION('',(0.,-1.,0.));
#5980=DIRECTION('center_axis',(0.,1.,0.));
#5981=DIRECTION('ref_axis',(1.,0.,0.));
#5982=DIRECTION('',(0.,-1.,0.));
#5983=DIRECTION('center_axis',(0.,1.,0.));
#5984=DIRECTION('ref_axis',(1.,0.,0.));
#5985=DIRECTION('',(0.,-1.,0.));
#5986=DIRECTION('center_axis',(0.,1.,0.));
#5987=DIRECTION('ref_axis',(1.,0.,0.));
#5988=DIRECTION('',(1.,0.,6.98932675936229E-14));
#5989=DIRECTION('center_axis',(0.,1.,0.));
#5990=DIRECTION('ref_axis',(0.,0.,1.));
#5991=DIRECTION('',(-0.766044443118988,0.,-0.642787609686527));
#5992=DIRECTION('center_axis',(0.642787609686527,0.,-0.766044443118988));
#5993=DIRECTION('ref_axis',(-0.766044443118988,0.,-0.642787609686527));
#5994=DIRECTION('',(-0.766044443118988,0.,-0.642787609686527));
#5995=DIRECTION('center_axis',(0.642787609686527,0.,-0.766044443118988));
#5996=DIRECTION('ref_axis',(-0.766044443118988,0.,-0.642787609686527));
#5997=DIRECTION('',(0.,1.,0.));
#5998=DIRECTION('center_axis',(0.,1.,0.));
#5999=DIRECTION('ref_axis',(1.,0.,0.));
#6000=DIRECTION('',(-1.,0.,-1.72508424482145E-13));
#6001=DIRECTION('',(0.766044443118988,0.,0.642787609686527));
#6002=DIRECTION('center_axis',(0.,-1.,0.));
#6003=DIRECTION('ref_axis',(0.500000000000001,0.,-0.866025403784438));
#6004=DIRECTION('center_axis',(0.642787609686527,0.,-0.766044443118988));
#6005=DIRECTION('ref_axis',(-0.766044443118988,0.,-0.642787609686527));
#6006=DIRECTION('',(0.766044443118988,0.,0.642787609686527));
#6007=DIRECTION('',(0.,1.,0.));
#6008=DIRECTION('center_axis',(0.,1.,0.));
#6009=DIRECTION('ref_axis',(1.,0.,0.));
#6010=DIRECTION('center_axis',(0.,1.,0.));
#6011=DIRECTION('ref_axis',(0.,0.,1.));
#6012=DIRECTION('',(-1.,0.,5.48762553358306E-12));
#6013=DIRECTION('center_axis',(-6.98932675936229E-14,0.,1.));
#6014=DIRECTION('ref_axis',(1.,0.,6.98932675936229E-14));
#6015=DIRECTION('',(1.,0.,6.98932675936229E-14));
#6016=DIRECTION('',(0.,-1.,0.));
#6017=DIRECTION('',(-1.,0.,-6.98932675936229E-14));
#6018=DIRECTION('center_axis',(0.,-1.,0.));
#6019=DIRECTION('ref_axis',(0.,0.,-1.));
#6020=DIRECTION('',(1.,0.,1.72508424482145E-13));
#6021=DIRECTION('center_axis',(0.,-1.,0.));
#6022=DIRECTION('ref_axis',(0.342020143325661,0.,-0.939692620785911));
#6023=DIRECTION('',(0.939692620786524,0.,0.342020143323977));
#6024=DIRECTION('',(0.342020143325556,0.,-0.939692620785949));
#6025=DIRECTION('center_axis',(0.,-1.,0.));
#6026=DIRECTION('ref_axis',(-0.455484131633746,0.,0.890243902439018));
#6027=DIRECTION('',(0.455484131633761,0.,0.890243902439011));
#6028=DIRECTION('center_axis',(-1.72508424482145E-13,0.,1.));
#6029=DIRECTION('ref_axis',(-1.,0.,-1.72508424482145E-13));
#6030=DIRECTION('',(0.,-1.,0.));
#6031=DIRECTION('',(-1.,0.,-1.72508424482145E-13));
#6032=DIRECTION('',(1.,0.,1.72508424482145E-13));
#6033=DIRECTION('',(0.,-1.,0.));
#6034=DIRECTION('center_axis',(0.993239338356036,1.37753727993131E-13,-0.116084524128174));
#6035=DIRECTION('ref_axis',(-1.38777878078145E-13,1.,-7.40148683083438E-16));
#6036=DIRECTION('center_axis',(1.59233925244551E-13,0.,-1.));
#6037=DIRECTION('ref_axis',(1.,0.,1.59233925244551E-13));
#6038=DIRECTION('',(-1.,0.,-1.59233925244551E-13));
#6039=DIRECTION('',(0.,-1.,0.));
#6040=DIRECTION('',(-1.,0.,-1.59233925244551E-13));
#6041=DIRECTION('',(1.,0.,1.59233925244551E-13));
#6042=DIRECTION('',(0.,-1.,0.));
#6043=DIRECTION('center_axis',(0.,-1.,0.));
#6044=DIRECTION('ref_axis',(0.,0.,-1.));
#6045=DIRECTION('',(-1.,0.,5.48762553358306E-12));
#6046=DIRECTION('',(-0.455484131633891,0.,0.890243902438944));
#6047=DIRECTION('center_axis',(0.,-1.,0.));
#6048=DIRECTION('ref_axis',(-0.455484131633746,0.,0.890243902439018));
#6049=DIRECTION('',(0.342020143325556,0.,-0.939692620785949));
#6050=DIRECTION('',(-0.939692620785926,0.,-0.342020143325619));
#6051=DIRECTION('center_axis',(-5.48762553358306E-12,0.,-1.));
#6052=DIRECTION('ref_axis',(-1.,0.,5.48762553358306E-12));
#6053=DIRECTION('',(1.,0.,-5.48762553358306E-12));
#6054=DIRECTION('',(0.,-1.,0.));
#6055=DIRECTION('center_axis',(0.,1.,0.));
#6056=DIRECTION('ref_axis',(1.,0.,0.));
#6057=DIRECTION('',(-1.,0.,5.48762553358306E-12));
#6058=DIRECTION('',(-0.455484131633891,0.,0.890243902438944));
#6059=DIRECTION('center_axis',(0.,-1.,0.));
#6060=DIRECTION('ref_axis',(-0.455484131633746,0.,0.890243902439018));
#6061=DIRECTION('',(0.455484131633761,0.,0.890243902439011));
#6062=DIRECTION('',(1.,0.,6.98932675936229E-14));
#6063=DIRECTION('center_axis',(0.,1.,0.));
#6064=DIRECTION('ref_axis',(0.500000000000001,0.,-0.866025403784438));
#6065=DIRECTION('',(-0.207911690817759,0.,-0.978147600733806));
#6066=DIRECTION('center_axis',(0.,1.,0.));
#6067=DIRECTION('ref_axis',(1.,0.,0.));
#6068=DIRECTION('',(1.,9.63618074222152E-12,0.));
#6069=DIRECTION('',(0.,0.,1.));
#6070=DIRECTION('',(1.,9.63618074222152E-12,0.));
#6071=DIRECTION('',(0.,0.,1.));
#6072=DIRECTION('',(-1.,-9.63618074222152E-12,0.));
#6073=DIRECTION('',(0.,0.,1.));
#6074=DIRECTION('',(-1.,-9.63618074222152E-12,0.));
#6075=DIRECTION('center_axis',(0.,1.,0.));
#6076=DIRECTION('ref_axis',(1.,0.,0.));
#6077=DIRECTION('center_axis',(0.,1.,0.));
#6078=DIRECTION('ref_axis',(1.,0.,0.));
#6079=DIRECTION('',(0.499999999998813,0.,-0.866025403785124));
#6080=DIRECTION('center_axis',(0.,1.,0.));
#6081=DIRECTION('ref_axis',(0.500000000000001,0.,-0.866025403784438));
#6082=DIRECTION('center_axis',(0.,1.,0.));
#6083=DIRECTION('ref_axis',(-0.973900193662727,0.,-0.226976678942361));
#6084=DIRECTION('',(0.,1.,0.));
#6085=DIRECTION('center_axis',(0.,-1.,0.));
#6086=DIRECTION('ref_axis',(0.342020143325661,0.,-0.939692620785911));
#6087=DIRECTION('center_axis',(0.,-1.,0.));
#6088=DIRECTION('ref_axis',(0.342020143325661,0.,-0.939692620785911));
#6089=DIRECTION('',(0.,-1.,0.));
#6090=DIRECTION('center_axis',(-0.342020143323977,0.,0.939692620786524));
#6091=DIRECTION('ref_axis',(-0.939692620786524,0.,-0.342020143323977));
#6092=DIRECTION('',(0.939692620786524,0.,0.342020143323977));
#6093=DIRECTION('',(0.,-1.,0.));
#6094=DIRECTION('center_axis',(-0.890243902439011,0.,0.455484131633761));
#6095=DIRECTION('ref_axis',(0.455484131633761,0.,0.890243902439011));
#6096=DIRECTION('',(0.,-1.,0.));
#6097=DIRECTION('',(-0.455484131633761,0.,-0.890243902439011));
#6098=DIRECTION('center_axis',(0.,1.,0.));
#6099=DIRECTION('ref_axis',(1.,0.,1.2794643393546E-14));
#6100=DIRECTION('center_axis',(0.,-1.,0.));
#6101=DIRECTION('ref_axis',(-0.455484131633746,0.,0.890243902439018));
#6102=DIRECTION('',(0.,1.,0.));
#6103=DIRECTION('center_axis',(0.,1.,0.));
#6104=DIRECTION('ref_axis',(-0.455484131633746,0.,0.890243902439018));
#6105=DIRECTION('center_axis',(0.342020143325619,0.,-0.939692620785926));
#6106=DIRECTION('ref_axis',(0.939692620785926,0.,0.342020143325619));
#6107=DIRECTION('',(-0.939692620785926,0.,-0.342020143325619));
#6108=DIRECTION('',(0.,-1.,0.));
#6109=DIRECTION('center_axis',(0.,-1.,0.));
#6110=DIRECTION('ref_axis',(0.,0.,-1.));
#6111=DIRECTION('center_axis',(0.,1.,0.));
#6112=DIRECTION('ref_axis',(-0.455484131637305,0.,-0.890243902437198));
#6113=DIRECTION('',(0.342020143324853,0.,-0.939692620786205));
#6114=DIRECTION('center_axis',(-0.890243902438944,0.,-0.455484131633891));
#6115=DIRECTION('ref_axis',(-0.455484131633891,0.,0.890243902438944));
#6116=DIRECTION('',(0.455484131633891,0.,-0.890243902438944));
#6117=DIRECTION('center_axis',(0.,1.,0.));
#6118=DIRECTION('ref_axis',(0.,0.,1.));
#6119=DIRECTION('',(0.939692620787106,0.,0.342020143322377));
#6120=DIRECTION('',(-0.342020143325352,0.,0.939692620786024));
#6121=DIRECTION('center_axis',(0.,1.,0.));
#6122=DIRECTION('ref_axis',(1.,0.,0.));
#6123=DIRECTION('',(-0.342020143325556,0.,0.939692620785949));
#6124=DIRECTION('',(-0.342020143324853,0.,0.939692620786205));
#6125=DIRECTION('',(-0.939692620786197,0.,-0.342020143324876));
#6126=DIRECTION('center_axis',(-0.342020143327185,0.,0.939692620785356));
#6127=DIRECTION('ref_axis',(0.939692620785356,0.,0.342020143327185));
#6128=DIRECTION('',(0.,-1.,0.));
#6129=DIRECTION('',(0.939692620787106,0.,0.342020143322377));
#6130=DIRECTION('',(0.,1.,0.));
#6131=DIRECTION('',(0.939692620785356,0.,0.342020143327185));
#6132=DIRECTION('',(0.,1.,0.));
#6133=DIRECTION('center_axis',(0.939692620786024,0.,0.342020143325352));
#6134=DIRECTION('ref_axis',(0.342020143325352,0.,-0.939692620786024));
#6135=DIRECTION('',(0.342020143325352,0.,-0.939692620786024));
#6136=DIRECTION('center_axis',(-0.93969262078595,0.,-0.342020143325556));
#6137=DIRECTION('ref_axis',(-0.342020143325556,0.,0.939692620785949));
#6138=DIRECTION('',(-0.342020143325556,0.,0.93969262078595));
#6139=DIRECTION('center_axis',(-0.93969262078595,0.,-0.342020143325556));
#6140=DIRECTION('ref_axis',(-0.342020143325556,0.,0.939692620785949));
#6141=DIRECTION('',(-0.342020143325556,0.,0.939692620785949));
#6142=DIRECTION('',(-0.342020143325556,0.,0.93969262078595));
#6143=DIRECTION('center_axis',(0.,1.,0.));
#6144=DIRECTION('ref_axis',(0.,0.,1.));
#6145=DIRECTION('center_axis',(0.,1.,0.));
#6146=DIRECTION('ref_axis',(1.,0.,0.));
#6147=DIRECTION('center_axis',(0.,1.,0.));
#6148=DIRECTION('ref_axis',(-0.342012985897839,0.,0.939695225845723));
#6149=DIRECTION('',(-0.939692620785985,0.,-0.342020143325457));
#6150=DIRECTION('',(0.342020143324853,0.,-0.939692620786205));
#6151=DIRECTION('center_axis',(0.,1.,0.));
#6152=DIRECTION('ref_axis',(-0.342012985897839,0.,0.939695225845723));
#6153=DIRECTION('',(0.,1.,0.));
#6154=DIRECTION('center_axis',(-0.342020143325457,0.,0.939692620785985));
#6155=DIRECTION('ref_axis',(0.939692620785985,0.,0.342020143325457));
#6156=DIRECTION('',(0.,1.,0.));
#6157=DIRECTION('center_axis',(-0.939692620786205,0.,-0.342020143324853));
#6158=DIRECTION('ref_axis',(-0.342020143324853,0.,0.939692620786205));
#6159=DIRECTION('',(0.,1.,0.));
#6160=DIRECTION('center_axis',(0.342020143324876,0.,-0.939692620786197));
#6161=DIRECTION('ref_axis',(-0.939692620786197,0.,-0.342020143324876));
#6162=DIRECTION('center_axis',(0.,1.,0.));
#6163=DIRECTION('ref_axis',(1.,0.,0.));
#6164=DIRECTION('center_axis',(0.,-1.,0.));
#6165=DIRECTION('ref_axis',(1.,0.,0.));
#6166=DIRECTION('',(0.,-1.,0.));
#6167=DIRECTION('center_axis',(-6.93889390390723E-18,-1.,0.));
#6168=DIRECTION('ref_axis',(1.,0.,0.));
#6169=DIRECTION('',(0.,1.,0.));
#6170=DIRECTION('center_axis',(0.,1.,0.));
#6171=DIRECTION('ref_axis',(-1.,0.,0.));
#6172=DIRECTION('',(-1.,0.,0.));
#6173=DIRECTION('center_axis',(0.,0.,1.));
#6174=DIRECTION('ref_axis',(1.,0.,0.));
#6175=DIRECTION('',(0.,0.,1.));
#6176=DIRECTION('center_axis',(6.93889390390723E-18,1.,0.));
#6177=DIRECTION('ref_axis',(-1.,6.93889390390723E-18,0.));
#6178=DIRECTION('',(-0.499999999998813,3.46944695194538E-18,0.866025403785124));
#6179=DIRECTION('center_axis',(0.,-1.,0.));
#6180=DIRECTION('ref_axis',(1.,0.,0.));
#6181=DIRECTION('',(0.499999999998813,0.,-0.866025403785124));
#6182=DIRECTION('center_axis',(0.,1.,0.));
#6183=DIRECTION('ref_axis',(1.,0.,0.));
#6184=DIRECTION('',(0.,-1.,0.));
#6185=DIRECTION('center_axis',(1.99563451904834E-16,1.,0.));
#6186=DIRECTION('ref_axis',(1.,0.,0.));
#6187=DIRECTION('',(0.,1.,0.));
#6188=DIRECTION('',(0.,1.,0.));
#6189=DIRECTION('center_axis',(0.,-1.,0.));
#6190=DIRECTION('ref_axis',(1.,0.,0.));
#6191=DIRECTION('',(0.,1.,0.));
#6192=DIRECTION('center_axis',(3.36162140190472E-12,-1.,0.));
#6193=DIRECTION('ref_axis',(1.,0.,0.));
#6194=DIRECTION('',(0.,-1.,0.));
#6195=DIRECTION('center_axis',(0.,-1.,0.));
#6196=DIRECTION('ref_axis',(1.,0.,0.));
#6197=DIRECTION('center_axis',(0.866025403785124,0.,0.499999999998813));
#6198=DIRECTION('ref_axis',(0.499999999998813,0.,-0.866025403785124));
#6199=DIRECTION('',(0.,0.,1.));
#6200=DIRECTION('',(0.,0.,1.));
#6201=DIRECTION('',(0.,0.,1.));
#6202=DIRECTION('',(0.,0.,1.));
#6203=DIRECTION('',(0.,0.,1.));
#6204=DIRECTION('',(0.,0.,1.));
#6205=DIRECTION('center_axis',(-0.538514205681021,0.842616431289907,0.));
#6206=DIRECTION('ref_axis',(0.842616431289908,0.538514205681021,0.));
#6207=DIRECTION('',(0.842616431289908,0.538514205681021,0.));
#6208=DIRECTION('',(0.,0.,1.));
#6209=DIRECTION('center_axis',(1.,0.,0.));
#6210=DIRECTION('ref_axis',(0.,-1.,0.));
#6211=DIRECTION('',(0.,-1.,0.));
#6212=DIRECTION('',(0.,0.,1.));
#6213=DIRECTION('center_axis',(0.536696953656634,-0.843775076626282,0.));
#6214=DIRECTION('ref_axis',(-0.843775076626282,-0.536696953656634,0.));
#6215=DIRECTION('',(-0.843775076626282,-0.536696953656634,0.));
#6216=DIRECTION('',(0.,0.,1.));
#6217=DIRECTION('',(0.,0.,1.));
#6218=DIRECTION('',(0.,0.,1.));
#6219=DIRECTION('',(0.,0.,1.));
#6220=DIRECTION('',(0.,0.,1.));
#6221=DIRECTION('center_axis',(1.,0.,0.));
#6222=DIRECTION('ref_axis',(0.,-1.,0.));
#6223=DIRECTION('',(0.,-1.,0.));
#6224=DIRECTION('',(0.,0.,1.));
#6225=DIRECTION('',(0.,0.,1.));
#6226=DIRECTION('center_axis',(-1.,0.,0.));
#6227=DIRECTION('ref_axis',(0.,1.,0.));
#6228=DIRECTION('',(0.,1.,0.));
#6229=DIRECTION('',(0.,1.,0.));
#6230=DIRECTION('center_axis',(0.,1.,0.));
#6231=DIRECTION('ref_axis',(1.,0.,0.));
#6232=DIRECTION('',(1.,0.,0.));
#6233=DIRECTION('',(0.,0.,1.));
#6234=DIRECTION('',(0.,0.,1.));
#6235=DIRECTION('',(0.,0.,1.));
#6236=DIRECTION('',(0.,0.,1.));
#6237=DIRECTION('',(0.,0.,1.));
#6238=DIRECTION('center_axis',(0.,-1.,0.));
#6239=DIRECTION('ref_axis',(-1.,0.,0.));
#6240=DIRECTION('',(0.,0.,-1.));
#6241=DIRECTION('',(-1.,0.,0.));
#6242=DIRECTION('center_axis',(1.,0.,0.));
#6243=DIRECTION('ref_axis',(0.,-1.,0.));
#6244=DIRECTION('',(0.,-1.,0.));
#6245=DIRECTION('center_axis',(0.,0.,1.));
#6246=DIRECTION('ref_axis',(-1.,0.,0.));
#6247=DIRECTION('center_axis',(-1.,0.,0.));
#6248=DIRECTION('ref_axis',(0.,1.,0.));
#6249=DIRECTION('',(0.,0.,1.));
#6250=DIRECTION('center_axis',(0.,1.,0.));
#6251=DIRECTION('ref_axis',(1.,0.,0.));
#6252=DIRECTION('',(0.,0.,1.));
#6253=DIRECTION('center_axis',(1.,0.,0.));
#6254=DIRECTION('ref_axis',(0.,-1.,0.));
#6255=DIRECTION('center_axis',(1.,0.,0.));
#6256=DIRECTION('ref_axis',(0.,-1.,0.));
#6257=DIRECTION('center_axis',(1.,0.,-3.66663776623618E-13));
#6258=DIRECTION('ref_axis',(0.,1.,0.));
#6259=DIRECTION('center_axis',(0.,1.,0.));
#6260=DIRECTION('ref_axis',(-0.965925826289076,0.,-0.258819045102493));
#6261=DIRECTION('center_axis',(0.,-1.,0.));
#6262=DIRECTION('ref_axis',(-0.973900193662727,0.,-0.226976678942361));
#6263=DIRECTION('center_axis',(-0.866025403784438,0.,-0.500000000000001));
#6264=DIRECTION('ref_axis',(0.,1.,0.));
#6265=DIRECTION('center_axis',(0.,1.,0.));
#6266=DIRECTION('ref_axis',(0.,0.,1.));
#6267=DIRECTION('center_axis',(0.866216060154292,-1.01095849331889E-15,
0.499669627985108));
#6268=DIRECTION('ref_axis',(0.499669627985108,0.,-0.866216060154292));
#6269=DIRECTION('center_axis',(-5.48762553358306E-12,0.,-1.));
#6270=DIRECTION('ref_axis',(-1.,0.,5.48762553358306E-12));
#6271=DIRECTION('',(1.,0.,-5.48762553358306E-12));
#6272=DIRECTION('',(0.,-1.,0.));
#6273=DIRECTION('center_axis',(0.,1.,0.));
#6274=DIRECTION('ref_axis',(0.,0.,1.));
#6275=DIRECTION('',(-1.,0.,-6.98932675936229E-14));
#6276=DIRECTION('',(-0.455484131633761,0.,-0.890243902439011));
#6277=DIRECTION('center_axis',(0.,1.,0.));
#6278=DIRECTION('ref_axis',(-0.455484131633746,0.,0.890243902439018));
#6279=DIRECTION('',(-0.455484131633761,0.,-0.890243902439011));
#6280=DIRECTION('center_axis',(0.,1.,0.));
#6281=DIRECTION('ref_axis',(-0.455484131633881,0.,0.890243902438949));
#6282=DIRECTION('',(0.455484131633891,0.,-0.890243902438944));
#6283=DIRECTION('center_axis',(0.,1.,0.));
#6284=DIRECTION('ref_axis',(-0.455484131633746,0.,0.890243902439018));
#6285=DIRECTION('',(0.455484131633891,0.,-0.890243902438944));
#6286=DIRECTION('center_axis',(-6.98932675936229E-14,0.,1.));
#6287=DIRECTION('ref_axis',(1.,0.,6.98932675936229E-14));
#6288=DIRECTION('',(0.,-1.,0.));
#6289=DIRECTION('',(0.,1.,0.));
#6290=DIRECTION('center_axis',(0.,0.,-1.));
#6291=DIRECTION('ref_axis',(0.956576610205497,-0.291481026497027,0.));
#6292=DIRECTION('',(0.,0.,-1.));
#6293=DIRECTION('center_axis',(0.,0.,-1.));
#6294=DIRECTION('ref_axis',(0.956576610205497,-0.291481026497027,0.));
#6295=DIRECTION('',(0.,0.,-1.));
#6296=DIRECTION('center_axis',(0.866216060154292,3.69829817129969E-16,0.499669627985108));
#6297=DIRECTION('ref_axis',(0.,-1.,7.40148683083438E-16));
#6298=DIRECTION('center_axis',(0.,-1.,0.));
#6299=DIRECTION('ref_axis',(0.,0.,-1.));
#6300=DIRECTION('center_axis',(-1.,0.,0.));
#6301=DIRECTION('ref_axis',(0.,-1.,0.));
#6302=DIRECTION('center_axis',(0.,-1.,0.));
#6303=DIRECTION('ref_axis',(-0.973900219710516,0.,-0.226976567177779));
#6304=DIRECTION('center_axis',(-0.866025403784438,0.,-0.500000000000001));
#6305=DIRECTION('ref_axis',(0.5,0.,-0.866025403784438));
#6306=DIRECTION('center_axis',(-0.993239338356036,1.42250516530416E-13,
0.116084524128173));
#6307=DIRECTION('ref_axis',(-1.43218770176645E-13,-1.,0.));
#6308=DIRECTION('center_axis',(-1.,0.,0.));
#6309=DIRECTION('ref_axis',(0.,1.,0.));
#6310=DIRECTION('center_axis',(0.,0.,-1.));
#6311=DIRECTION('ref_axis',(-1.,0.,0.));
#6312=DIRECTION('center_axis',(0.,0.,1.));
#6313=DIRECTION('ref_axis',(0.34737564871612,0.937726057374463,0.));
#6314=DIRECTION('center_axis',(0.,0.,-1.));
#6315=DIRECTION('ref_axis',(0.34737564871612,0.937726057374463,0.));
#6316=DIRECTION('center_axis',(0.,0.,1.));
#6317=DIRECTION('ref_axis',(1.,0.,0.));
#6318=DIRECTION('',(-0.906307787036642,-0.422618261740717,0.));
#6319=DIRECTION('center_axis',(0.,0.,-1.));
#6320=DIRECTION('ref_axis',(-0.932488644503513,0.361199291073503,0.));
#6321=DIRECTION('center_axis',(0.,0.,-1.));
#6322=DIRECTION('ref_axis',(0.892099963776941,-0.451838084527168,0.));
#6323=DIRECTION('center_axis',(0.,0.,-1.));
#6324=DIRECTION('ref_axis',(-0.952759157846821,-0.30372682979779,0.));
#6325=DIRECTION('',(0.866025403784458,-0.499999999999966,0.));
#6326=DIRECTION('center_axis',(0.,0.,1.));
#6327=DIRECTION('ref_axis',(0.306141987931525,-0.951985862933549,0.));
#6328=DIRECTION('center_axis',(0.,0.,1.));
#6329=DIRECTION('ref_axis',(1.,0.,0.));
#6330=DIRECTION('center_axis',(0.,0.,-1.));
#6331=DIRECTION('ref_axis',(1.,0.,0.));
#6332=DIRECTION('center_axis',(0.,0.,1.));
#6333=DIRECTION('ref_axis',(1.,0.,0.));
#6334=DIRECTION('center_axis',(0.,0.,1.));
#6335=DIRECTION('ref_axis',(1.,0.,0.));
#6336=DIRECTION('center_axis',(0.,0.,1.));
#6337=DIRECTION('ref_axis',(1.,0.,0.));
#6338=DIRECTION('center_axis',(-0.422618261740717,0.906307787036642,0.));
#6339=DIRECTION('ref_axis',(-0.906307787036642,-0.422618261740717,0.));
#6340=DIRECTION('',(0.,0.,-1.));
#6341=DIRECTION('',(0.906307787036642,0.422618261740717,0.));
#6342=DIRECTION('',(0.,0.,1.));
#6343=DIRECTION('',(-0.906307787036642,-0.422618261740717,0.));
#6344=DIRECTION('',(0.,0.,-1.));
#6345=DIRECTION('',(0.,0.,1.));
#6346=DIRECTION('',(-0.906307787036642,-0.422618261740717,0.));
#6347=DIRECTION('',(-0.906307787036642,-0.422618261740717,0.));
#6348=DIRECTION('',(0.,0.,1.));
#6349=DIRECTION('',(0.906307787036642,0.422618261740717,0.));
#6350=DIRECTION('',(0.906307787036642,0.422618261740717,0.));
#6351=DIRECTION('',(0.,0.,1.));
#6352=DIRECTION('center_axis',(0.,0.,-1.));
#6353=DIRECTION('ref_axis',(-1.,0.,0.));
#6354=DIRECTION('center_axis',(0.,0.,-1.));
#6355=DIRECTION('ref_axis',(0.306141987931525,-0.951985862933549,0.));
#6356=DIRECTION('center_axis',(0.,0.,1.));
#6357=DIRECTION('ref_axis',(0.,-1.,0.));
#6358=DIRECTION('',(0.,0.,1.));
#6359=DIRECTION('center_axis',(0.158113883008408,0.273861278752589,0.948683298050514));
#6360=DIRECTION('ref_axis',(-0.474341649025225,-0.821583836257768,0.316227766016838));
#6361=DIRECTION('center_axis',(0.,0.,-1.));
#6362=DIRECTION('ref_axis',(0.,-1.,0.));
#6363=DIRECTION('center_axis',(-0.499999999999966,-0.866025403784458,0.));
#6364=DIRECTION('ref_axis',(0.866025403784458,-0.499999999999966,0.));
#6365=DIRECTION('',(0.,0.,-1.));
#6366=DIRECTION('',(-0.866025403784448,0.499999999999985,0.));
#6367=DIRECTION('',(-0.866025403784448,0.499999999999985,0.));
#6368=DIRECTION('',(0.,0.,1.));
#6369=DIRECTION('',(0.866025403784448,-0.499999999999985,0.));
#6370=DIRECTION('',(0.866025403784448,-0.499999999999985,0.));
#6371=DIRECTION('',(0.,0.,-1.));
#6372=DIRECTION('',(0.,0.,1.));
#6373=DIRECTION('',(0.866025403784458,-0.499999999999966,0.));
#6374=DIRECTION('',(0.,0.,-1.));
#6375=DIRECTION('',(-0.866025403784458,0.499999999999966,0.));
#6376=DIRECTION('center_axis',(-1.,-1.48029736616688E-15,0.));
#6377=DIRECTION('ref_axis',(0.,0.,1.));
#6378=DIRECTION('center_axis',(0.,0.,1.));
#6379=DIRECTION('ref_axis',(1.,0.,0.));
#6380=DIRECTION('center_axis',(0.,0.,1.));
#6381=DIRECTION('ref_axis',(0.34737564871612,0.937726057374463,0.));
#6382=DIRECTION('center_axis',(0.,0.,1.));
#6383=DIRECTION('ref_axis',(1.,0.,0.));
#6384=DIRECTION('center_axis',(0.,0.,1.));
#6385=DIRECTION('ref_axis',(1.,0.,0.));
#6386=DIRECTION('center_axis',(0.,0.,1.));
#6387=DIRECTION('ref_axis',(0.306141987931525,-0.951985862933549,0.));
#6388=DIRECTION('center_axis',(0.,0.,-1.));
#6389=DIRECTION('ref_axis',(-1.,-4.70857027120981E-13,0.));
#6390=DIRECTION('center_axis',(0.,0.,-1.));
#6391=DIRECTION('ref_axis',(-1.,1.22464679914735E-16,0.));
#6392=DIRECTION('center_axis',(0.,0.,1.));
#6393=DIRECTION('ref_axis',(0.956576610205497,-0.291481026497027,0.));
#6394=DIRECTION('',(0.,0.,-1.));
#6395=DIRECTION('',(-1.53134210293125E-15,-3.62694669067132E-31,-1.));
#6396=DIRECTION('',(-1.53134210293125E-15,-3.62694669067132E-31,-1.));
#6397=DIRECTION('',(0.,0.,1.));
#6398=DIRECTION('center_axis',(0.,0.,-1.));
#6399=DIRECTION('ref_axis',(-1.,0.,0.));
#6400=DIRECTION('center_axis',(-0.416865220488484,-0.90896830964951,0.));
#6401=DIRECTION('ref_axis',(0.,0.,-1.));
#6402=DIRECTION('center_axis',(0.,0.,1.));
#6403=DIRECTION('ref_axis',(-0.952759157846822,-0.303726829797789,0.));
#6404=DIRECTION('center_axis',(0.,0.,-1.));
#6405=DIRECTION('ref_axis',(-0.952759157846822,-0.303726829797789,0.));
#6406=DIRECTION('center_axis',(0.,0.,1.));
#6407=DIRECTION('ref_axis',(1.,0.,0.));
#6408=DIRECTION('center_axis',(0.,0.,-1.));
#6409=DIRECTION('ref_axis',(0.933473278794309,-0.358646954227975,0.));
#6410=DIRECTION('center_axis',(0.,0.,1.));
#6411=DIRECTION('ref_axis',(0.933473278794309,-0.358646954227975,0.));
#6412=DIRECTION('center_axis',(0.,0.,1.));
#6413=DIRECTION('ref_axis',(1.,0.,0.));
#6414=DIRECTION('center_axis',(0.,0.,1.));
#6415=DIRECTION('ref_axis',(0.939544236042803,0.342427552219072,0.));
#6416=DIRECTION('center_axis',(0.38513733188668,-0.922859271821662,0.));
#6417=DIRECTION('ref_axis',(0.,0.,-1.));
#6418=DIRECTION('center_axis',(0.,0.,-1.));
#6419=DIRECTION('ref_axis',(0.939544236042803,0.342427552219072,0.));
#6420=DIRECTION('center_axis',(0.,0.,-1.));
#6421=DIRECTION('ref_axis',(-1.,0.,0.));
#6422=DIRECTION('center_axis',(0.,0.,1.));
#6423=DIRECTION('ref_axis',(-0.932488644503511,0.361199291073509,0.));
#6424=DIRECTION('center_axis',(0.,0.,-1.));
#6425=DIRECTION('ref_axis',(-0.932488644503511,0.361199291073509,0.));
#6426=DIRECTION('center_axis',(0.,0.,1.));
#6427=DIRECTION('ref_axis',(1.,0.,0.));
#6428=DIRECTION('',(1.,0.,0.));
#6429=DIRECTION('',(1.,0.,0.));
#6430=DIRECTION('',(1.,0.,0.));
#6431=DIRECTION('',(1.,0.,0.));
#6432=DIRECTION('',(1.,0.,0.));
#6433=DIRECTION('',(-1.,0.,0.));
#6434=DIRECTION('center_axis',(0.,0.,1.));
#6435=DIRECTION('ref_axis',(1.,0.,0.));
#6436=DIRECTION('',(1.,0.,0.));
#6437=DIRECTION('center_axis',(0.,0.,1.));
#6438=DIRECTION('ref_axis',(-0.932488644503509,0.361199291073512,0.));
#6439=DIRECTION('center_axis',(-0.385137331886677,0.922859271821664,0.));
#6440=DIRECTION('ref_axis',(0.,0.,1.));
#6441=DIRECTION('center_axis',(0.,0.,-1.));
#6442=DIRECTION('ref_axis',(-0.932488644503511,0.361199291073509,0.));
#6443=DIRECTION('center_axis',(0.,0.,1.));
#6444=DIRECTION('ref_axis',(-0.932488644503511,0.361199291073509,0.));
#6445=DIRECTION('center_axis',(0.,0.,-1.));
#6446=DIRECTION('ref_axis',(-1.,0.,0.));
#6447=DIRECTION('center_axis',(0.,0.,1.));
#6448=DIRECTION('ref_axis',(0.939544236042803,0.342427552219072,0.));
#6449=DIRECTION('center_axis',(0.,0.,-1.));
#6450=DIRECTION('ref_axis',(0.939544236042803,0.342427552219072,0.));
#6451=DIRECTION('center_axis',(0.,0.,-1.));
#6452=DIRECTION('ref_axis',(-1.,0.,0.));
#6453=DIRECTION('center_axis',(0.,0.,-1.));
#6454=DIRECTION('ref_axis',(0.933473264277765,-0.358646992011107,0.));
#6455=DIRECTION('center_axis',(0.416865220488487,0.908968309649509,0.));
#6456=DIRECTION('ref_axis',(0.,0.,1.));
#6457=DIRECTION('center_axis',(0.,0.,1.));
#6458=DIRECTION('ref_axis',(0.933473264277764,-0.358646992011107,0.));
#6459=DIRECTION('center_axis',(0.,0.,1.));
#6460=DIRECTION('ref_axis',(-0.952759157846821,-0.303726829797792,0.));
#6461=DIRECTION('center_axis',(0.,0.,-1.));
#6462=DIRECTION('ref_axis',(-0.952759157846822,-0.303726829797789,0.));
#6463=DIRECTION('center_axis',(0.,0.,1.));
#6464=DIRECTION('ref_axis',(-0.952759157846822,-0.303726829797789,0.));
#6465=DIRECTION('center_axis',(0.,0.,1.));
#6466=DIRECTION('ref_axis',(1.,0.,0.));
#6467=DIRECTION('',(1.,0.,0.));
#6468=DIRECTION('',(1.,0.,0.));
#6469=DIRECTION('',(-1.,0.,0.));
#6470=DIRECTION('',(1.,0.,0.));
#6471=DIRECTION('',(1.,0.,0.));
#6472=DIRECTION('',(-1.,0.,0.));
#6473=DIRECTION('center_axis',(0.,0.,1.));
#6474=DIRECTION('ref_axis',(1.,0.,0.));
#6475=DIRECTION('',(1.,0.,0.));
#6476=DIRECTION('',(0.774869212659158,0.,0.632121588994536));
#6477=DIRECTION('center_axis',(-0.969717406996877,-0.152569089433727,-0.190711361792151));
#6478=DIRECTION('ref_axis',(1.1477988165522E-15,-0.780868809443021,0.624695047554437));
#6479=DIRECTION('',(0.969265457131839,0.128660246841045,0.209692666762117));
#6480=DIRECTION('center_axis',(-1.,-2.60039989597551E-15,0.));
#6481=DIRECTION('ref_axis',(4.03717463500056E-15,-0.776187538468294,0.630502105568673));
#6482=DIRECTION('',(0.625842289379694,-4.93082910550289E-16,0.779949632235302));
#6483=DIRECTION('center_axis',(-0.989733545113009,-0.124569793548118,-0.0700705088708127));
#6484=DIRECTION('ref_axis',(-2.74814424333067E-16,-0.490261239632539,0.87157553712456));
#6485=DIRECTION('',(0.989253024052766,0.109234114216329,0.0971924003913411));
#6486=DIRECTION('center_axis',(-1.,-2.60039989597551E-15,0.));
#6487=DIRECTION('ref_axis',(4.03717463500056E-15,-0.486373272933005,0.873751131259031));
#6488=DIRECTION('',(0.733366836094708,1.73003167141863E-15,0.679833129316628));
#6489=DIRECTION('center_axis',(-0.931841013738886,0.359219819347156,-0.0513171170495945));
#6490=DIRECTION('ref_axis',(9.09211793677391E-16,-0.14142135623731,-0.989949493661167));
#6491=DIRECTION('',(0.931439982381635,-0.363213823450593,0.0222548348747213));
#6492=DIRECTION('center_axis',(-1.,-2.60039989597551E-15,0.));
#6493=DIRECTION('ref_axis',(0.,-0.151955000903666,-0.988387412758968));
#6494=DIRECTION('',(0.702387312916455,0.,0.711794958294874));
#6495=DIRECTION('center_axis',(-0.948216228918613,0.313303902019038,0.0522173170031739));
#6496=DIRECTION('ref_axis',(-5.92383160982475E-16,-0.164398987305362,0.986393923832143));
#6497=DIRECTION('',(0.947793681696803,-0.318071666419069,-0.0227497682848865));
#6498=DIRECTION('center_axis',(-1.,-2.60039989597551E-15,0.));
#6499=DIRECTION('ref_axis',(0.,-0.173747595646803,0.98479021776567));
#6500=DIRECTION('center_axis',(0.158113883008408,0.273861278752589,0.948683298050514));
#6501=DIRECTION('ref_axis',(0.986393923832146,0.,-0.164398987305346));
#6502=DIRECTION('center_axis',(0.158113883008408,0.273861278752589,0.948683298050514));
#6503=DIRECTION('ref_axis',(0.474341649025225,0.821583836257768,-0.316227766016837));
#6504=DIRECTION('',(0.866025403784458,-0.499999999999966,0.));
#6505=DIRECTION('center_axis',(0.,0.,1.));
#6506=DIRECTION('ref_axis',(1.,0.,0.));
#6507=DIRECTION('center_axis',(0.,0.,1.));
#6508=DIRECTION('ref_axis',(1.,0.,0.));
#6509=DIRECTION('',(1.,0.,0.));
#6510=DIRECTION('center_axis',(0.,0.,1.));
#6511=DIRECTION('ref_axis',(0.871454592380104,0.490476190471695,0.));
#6512=DIRECTION('center_axis',(0.,0.,-1.));
#6513=DIRECTION('ref_axis',(1.,0.,0.));
#6514=DIRECTION('',(-0.707106781186627,0.707106781186468,0.));
#6515=DIRECTION('center_axis',(0.158113883008408,0.273861278752589,-0.948683298050514));
#6516=DIRECTION('ref_axis',(-0.986393923832146,0.,-0.164398987305346));
#6517=DIRECTION('center_axis',(0.158113883008408,0.273861278752589,-0.948683298050514));
#6518=DIRECTION('ref_axis',(-0.474341649025225,-0.821583836257768,-0.316227766016838));
#6519=DIRECTION('',(-0.866025403784458,0.499999999999966,0.));
#6520=DIRECTION('center_axis',(0.158113883008408,0.273861278752589,-0.948683298050514));
#6521=DIRECTION('ref_axis',(0.474341649025225,0.821583836257768,0.316227766016837));
#6522=DIRECTION('center_axis',(0.133643628788186,-0.286599686818261,0.948683298050514));
#6523=DIRECTION('ref_axis',(0.990222718881562,0.,-0.139495401396631));
#6524=DIRECTION('center_axis',(0.133643628788186,-0.286599686818261,0.948683298050514));
#6525=DIRECTION('ref_axis',(0.400930886364559,-0.859799060454784,-0.316227766016838));
#6526=DIRECTION('',(-0.906307787036642,-0.422618261740717,0.));
#6527=DIRECTION('center_axis',(0.133643628788186,-0.286599686818261,0.948683298050514));
#6528=DIRECTION('ref_axis',(0.400930886364558,-0.859799060454784,-0.316227766016838));
#6529=DIRECTION('center_axis',(0.133643628788186,-0.286599686818261,-0.948683298050514));
#6530=DIRECTION('ref_axis',(-0.990222718881562,0.,-0.139495401396631));
#6531=DIRECTION('center_axis',(0.133643628788186,-0.286599686818261,-0.948683298050514));
#6532=DIRECTION('ref_axis',(0.400930886364559,-0.859799060454784,0.316227766016838));
#6533=DIRECTION('center_axis',(0.133643628788186,-0.286599686818261,-0.948683298050514));
#6534=DIRECTION('ref_axis',(0.400930886364558,-0.859799060454784,0.316227766016838));
#6535=DIRECTION('',(0.906307787036642,0.422618261740717,0.));
#6536=DIRECTION('center_axis',(0.,0.,1.));
#6537=DIRECTION('ref_axis',(0.,-1.,0.));
#6538=DIRECTION('center_axis',(0.,0.,1.));
#6539=DIRECTION('ref_axis',(0.,-1.,0.));
#6540=DIRECTION('center_axis',(0.,0.,1.));
#6541=DIRECTION('ref_axis',(1.,0.,0.));
#6542=DIRECTION('center_axis',(0.,0.,-1.));
#6543=DIRECTION('ref_axis',(1.,0.,0.));
#6544=DIRECTION('center_axis',(0.,0.,-1.));
#6545=DIRECTION('ref_axis',(-3.46389583701074E-13,-1.,0.));
#6546=DIRECTION('',(-0.707106781186812,-0.707106781186283,0.));
#6547=DIRECTION('center_axis',(1.,0.,0.));
#6548=DIRECTION('ref_axis',(0.,0.707106781186548,0.707106781186547));
#6549=DIRECTION('',(-1.,0.,0.));
#6550=DIRECTION('center_axis',(-1.,0.,0.));
#6551=DIRECTION('ref_axis',(0.,0.707106781186548,-0.707106781186547));
#6552=DIRECTION('',(1.,0.,0.));
#6553=DIRECTION('',(-1.,0.,0.));
#6554=DIRECTION('center_axis',(0.,1.,0.));
#6555=DIRECTION('ref_axis',(1.,0.,0.));
#6556=DIRECTION('',(1.,9.88906662980269E-13,0.));
#6557=DIRECTION('',(0.,0.,1.));
#6558=DIRECTION('',(0.,0.,-1.));
#6559=DIRECTION('',(0.,0.,1.));
#6560=DIRECTION('',(-1.,-9.88906662980269E-13,0.));
#6561=DIRECTION('',(0.207911690817759,0.,0.978147600733806));
#6562=DIRECTION('center_axis',(0.,-1.,0.));
#6563=DIRECTION('ref_axis',(0.500000000000001,0.,-0.866025403784438));
#6564=DIRECTION('',(-0.499999999998813,0.,0.866025403785124));
#6565=DIRECTION('center_axis',(0.,0.,1.));
#6566=DIRECTION('ref_axis',(1.,0.,0.));
#6567=DIRECTION('',(-1.,1.99563451904834E-16,0.));
#6568=DIRECTION('center_axis',(0.,0.,-1.));
#6569=DIRECTION('ref_axis',(1.48029736618588E-15,-1.,0.));
#6570=DIRECTION('center_axis',(0.,0.,1.));
#6571=DIRECTION('ref_axis',(1.,0.,0.));
#6572=DIRECTION('center_axis',(0.,0.,1.));
#6573=DIRECTION('ref_axis',(1.,0.,0.));
#6574=DIRECTION('center_axis',(0.,0.,-1.));
#6575=DIRECTION('ref_axis',(1.,0.,0.));
#6576=DIRECTION('center_axis',(0.,0.,1.));
#6577=DIRECTION('ref_axis',(1.48029736618588E-15,-1.,0.));
#6578=DIRECTION('',(1.,-1.99563451904834E-16,0.));
#6579=DIRECTION('center_axis',(0.,0.,1.));
#6580=DIRECTION('ref_axis',(1.,0.,0.));
#6581=DIRECTION('',(-1.,-3.36162140190472E-12,0.));
#6582=DIRECTION('center_axis',(0.,0.,1.));
#6583=DIRECTION('ref_axis',(0.973861378955507,0.227143158776308,0.));
#6584=DIRECTION('center_axis',(0.,0.,-1.));
#6585=DIRECTION('ref_axis',(-0.973861378955509,-0.227143158776297,0.));
#6586=DIRECTION('center_axis',(0.,0.,1.));
#6587=DIRECTION('ref_axis',(1.,0.,0.));
#6588=DIRECTION('center_axis',(0.,0.,1.));
#6589=DIRECTION('ref_axis',(-0.973861378955509,-0.227143158776297,0.));
#6590=DIRECTION('center_axis',(0.,0.,-1.));
#6591=DIRECTION('ref_axis',(0.973861378955507,0.227143158776308,0.));
#6592=DIRECTION('',(1.,3.36162140190472E-12,0.));
#6593=DIRECTION('center_axis',(0.,0.,1.));
#6594=DIRECTION('ref_axis',(1.,0.,0.));
#6595=DIRECTION('center_axis',(0.,0.,1.));
#6596=DIRECTION('ref_axis',(1.,0.,0.));
#6597=DIRECTION('',(0.,0.,1.));
#6598=DIRECTION('center_axis',(0.,0.,1.));
#6599=DIRECTION('ref_axis',(1.,0.,0.));
#6600=DIRECTION('center_axis',(0.,0.,-1.));
#6601=DIRECTION('ref_axis',(1.,0.,0.));
#6602=DIRECTION('',(0.,0.,1.));
#6603=DIRECTION('center_axis',(-0.707106781186283,0.707106781186812,0.));
#6604=DIRECTION('ref_axis',(-0.707106781186812,-0.707106781186283,0.));
#6605=DIRECTION('',(0.,0.,1.));
#6606=DIRECTION('',(0.707106781186812,0.707106781186283,0.));
#6607=DIRECTION('center_axis',(0.,0.,1.));
#6608=DIRECTION('ref_axis',(1.,0.,0.));
#6609=DIRECTION('center_axis',(0.,0.,1.));
#6610=DIRECTION('ref_axis',(0.,-1.,0.));
#6611=DIRECTION('',(0.707106781186627,-0.707106781186468,0.));
#6612=DIRECTION('center_axis',(0.,0.,1.));
#6613=DIRECTION('ref_axis',(1.,0.,0.));
#6614=DIRECTION('center_axis',(0.,0.,-1.));
#6615=DIRECTION('ref_axis',(0.871454592380104,0.490476190471695,0.));
#6616=DIRECTION('center_axis',(-1.99563451904834E-16,-1.,0.));
#6617=DIRECTION('ref_axis',(1.,-1.99563451904834E-16,0.));
#6618=DIRECTION('',(0.,0.,1.));
#6619=DIRECTION('center_axis',(0.,0.,1.));
#6620=DIRECTION('ref_axis',(1.,0.,0.));
#6621=DIRECTION('center_axis',(0.,0.,-1.));
#6622=DIRECTION('ref_axis',(0.,-1.,0.));
#6623=DIRECTION('center_axis',(0.,0.,1.));
#6624=DIRECTION('ref_axis',(-3.46389583701074E-13,-1.,0.));
#6625=DIRECTION('center_axis',(0.,0.,1.));
#6626=DIRECTION('ref_axis',(-3.46389583701074E-13,-1.,0.));
#6627=DIRECTION('center_axis',(-0.707106781186468,-0.707106781186627,0.));
#6628=DIRECTION('ref_axis',(0.707106781186627,-0.707106781186468,0.));
#6629=DIRECTION('',(0.,0.,1.));
#6630=DIRECTION('center_axis',(0.,0.,1.));
#6631=DIRECTION('ref_axis',(1.,0.,0.));
#6632=DIRECTION('',(0.,0.,1.));
#6633=DIRECTION('center_axis',(0.,0.,1.));
#6634=DIRECTION('ref_axis',(-0.863270535797588,0.504741500199604,0.));
#6635=DIRECTION('center_axis',(-3.36162140190472E-12,1.,0.));
#6636=DIRECTION('ref_axis',(-1.,-3.36162140190472E-12,0.));
#6637=DIRECTION('',(0.,0.,1.));
#6638=DIRECTION('center_axis',(0.,0.,1.));
#6639=DIRECTION('ref_axis',(0.973861378955507,0.227143158776308,0.));
#6640=DIRECTION('center_axis',(0.,0.,1.));
#6641=DIRECTION('ref_axis',(1.48029736618588E-15,-1.,0.));
#6642=DIRECTION('center_axis',(0.,0.,1.));
#6643=DIRECTION('ref_axis',(0.,-1.,0.));
#6644=DIRECTION('center_axis',(0.,0.,1.));
#6645=DIRECTION('ref_axis',(0.,-1.,0.));
#6646=DIRECTION('center_axis',(0.342361144247927,-0.928676514094915,0.142649146782471));
#6647=DIRECTION('ref_axis',(0.,-0.151824115452884,-0.988407526259766));
#6648=DIRECTION('',(1.,0.,0.));
#6649=DIRECTION('center_axis',(0.342361144247914,0.928676514094896,0.142649146782626));
#6650=DIRECTION('ref_axis',(0.938271922726754,-0.34589853862461,0.));
#6651=DIRECTION('',(1.,0.,0.));
#6652=DIRECTION('center_axis',(0.342361144247928,-0.928676514094914,-0.142649146782477));
#6653=DIRECTION('ref_axis',(0.938271922726751,0.345898538624617,0.));
#6654=DIRECTION('center_axis',(0.,0.,1.));
#6655=DIRECTION('ref_axis',(0.892099963776941,-0.451838084527168,0.));
#6656=DIRECTION('',(0.,0.,1.));
#6657=DIRECTION('',(0.,0.,-1.));
#6658=DIRECTION('center_axis',(0.342361144247927,0.928676514094912,-0.142649146782489));
#6659=DIRECTION('ref_axis',(0.,0.151824115452904,0.988407526259763));
#6660=DIRECTION('',(1.,0.,0.));
#6661=DIRECTION('center_axis',(0.,0.,1.));
#6662=DIRECTION('ref_axis',(1.,0.,0.));
#6663=DIRECTION('',(-2.60039989597551E-15,1.,1.58603289232165E-16));
#6664=DIRECTION('center_axis',(0.,0.,1.));
#6665=DIRECTION('ref_axis',(1.,0.,0.));
#6666=DIRECTION('',(-2.60039989597551E-15,1.,-1.58603289232165E-16));
#6667=DIRECTION('',(1.,0.,0.));
#6668=DIRECTION('center_axis',(0.,0.,1.));
#6669=DIRECTION('ref_axis',(1.,0.,0.));
#6670=DIRECTION('',(2.60039989597551E-15,-1.,1.58603289232165E-16));
#6671=DIRECTION('center_axis',(0.,0.,1.));
#6672=DIRECTION('ref_axis',(1.,0.,0.));
#6673=DIRECTION('',(2.60039989597551E-15,-1.,-1.58603289232165E-16));
#6674=DIRECTION('center_axis',(0.,0.,1.));
#6675=DIRECTION('ref_axis',(0.892099963776941,-0.451838084527168,0.));
#6676=DIRECTION('',(0.,0.,-1.));
#6677=DIRECTION('',(0.,0.,1.));
#6678=DIRECTION('center_axis',(-1.,-2.60039989597551E-15,0.));
#6679=DIRECTION('ref_axis',(2.60039989597551E-15,-1.,0.));
#6680=DIRECTION('center_axis',(0.,0.,1.));
#6681=DIRECTION('ref_axis',(-0.932488644503513,0.361199291073503,0.));
#6682=DIRECTION('center_axis',(0.,0.,1.));
#6683=DIRECTION('ref_axis',(-0.932488644503513,0.361199291073503,0.));
#6684=DIRECTION('center_axis',(0.,0.,1.));
#6685=DIRECTION('ref_axis',(-0.952759157846821,-0.30372682979779,0.));
#6686=DIRECTION('center_axis',(0.,0.,1.));
#6687=DIRECTION('ref_axis',(1.,0.,0.));
#6688=DIRECTION('',(0.,0.,1.));
#6689=DIRECTION('center_axis',(0.,0.,1.));
#6690=DIRECTION('ref_axis',(1.,0.,0.));
#6691=DIRECTION('center_axis',(0.,0.,1.));
#6692=DIRECTION('ref_axis',(1.,0.,0.));
#6693=DIRECTION('',(0.,0.,1.));
#6694=DIRECTION('center_axis',(0.,0.,1.));
#6695=DIRECTION('ref_axis',(1.,0.,0.));
#6696=DIRECTION('center_axis',(0.,0.,1.));
#6697=DIRECTION('ref_axis',(-0.952759157846821,-0.30372682979779,0.));
#6698=DIRECTION('center_axis',(0.,1.,0.));
#6699=DIRECTION('ref_axis',(1.,0.,0.));
#6700=DIRECTION('center_axis',(0.,1.,0.));
#6701=DIRECTION('ref_axis',(-0.965925826289068,0.,-0.258819045102521));
#6702=DIRECTION('center_axis',(0.978147600733806,0.,-0.207911690817759));
#6703=DIRECTION('ref_axis',(-0.207911690817759,0.,-0.978147600733806));
#6704=DIRECTION('center_axis',(0.866025403785124,0.,0.499999999998813));
#6705=DIRECTION('ref_axis',(0.499999999998813,0.,-0.866025403785124));
#6706=DIRECTION('center_axis',(-0.890243902438944,0.,-0.455484131633891));
#6707=DIRECTION('ref_axis',(-0.455484131633891,0.,0.890243902438944));
#6708=DIRECTION('',(0.,1.,0.));
#6709=DIRECTION('center_axis',(0.,1.,0.));
#6710=DIRECTION('ref_axis',(1.,0.,1.2794643393546E-14));
#6711=DIRECTION('center_axis',(0.281519840478379,0.948683298050514,0.144036729402704));
#6712=DIRECTION('ref_axis',(0.844559521435208,-0.316227766016838,0.432110188207977));
#6713=DIRECTION('center_axis',(0.,1.,0.));
#6714=DIRECTION('ref_axis',(-0.455484131633746,0.,0.890243902439018));
#6715=DIRECTION('center_axis',(0.2815198404784,0.948683298050514,-0.144036729402663));
#6716=DIRECTION('ref_axis',(-0.844559521435201,0.316227766016838,0.432110188207991));
#6717=DIRECTION('',(0.,-1.,0.));
#6718=DIRECTION('center_axis',(-0.890243902439011,0.,0.455484131633761));
#6719=DIRECTION('ref_axis',(0.455484131633761,0.,0.890243902439011));
#6720=DIRECTION('center_axis',(0.,0.,1.));
#6721=DIRECTION('ref_axis',(1.,0.,0.));
#6722=DIRECTION('',(0.,0.,1.));
#6723=DIRECTION('center_axis',(0.,0.,1.));
#6724=DIRECTION('ref_axis',(1.,0.,0.));
#6725=DIRECTION('',(0.,0.,1.));
#6726=DIRECTION('center_axis',(0.,0.,1.));
#6727=DIRECTION('ref_axis',(1.,0.,0.));
#6728=DIRECTION('',(0.,0.,-1.));
#6729=DIRECTION('center_axis',(0.,0.,-1.));
#6730=DIRECTION('ref_axis',(-1.,0.,0.));
#6731=DIRECTION('center_axis',(0.,0.,1.));
#6732=DIRECTION('ref_axis',(1.,0.,0.));
#6733=DIRECTION('center_axis',(0.,0.,1.));
#6734=DIRECTION('ref_axis',(1.,0.,0.));
#6735=DIRECTION('',(0.,0.,1.));
#6736=DIRECTION('',(0.,0.,1.));
#6737=DIRECTION('center_axis',(0.,0.,1.));
#6738=DIRECTION('ref_axis',(1.,0.,0.));
#6739=DIRECTION('',(0.,0.,-1.));
#6740=DIRECTION('center_axis',(0.,0.,-1.));
#6741=DIRECTION('ref_axis',(-1.,0.,0.));
#6742=DIRECTION('center_axis',(0.,0.,-1.));
#6743=DIRECTION('ref_axis',(-1.,-1.22464679914735E-16,0.));
#6744=DIRECTION('center_axis',(0.,0.,1.));
#6745=DIRECTION('ref_axis',(1.,0.,0.));
#6746=DIRECTION('center_axis',(0.,0.,-1.));
#6747=DIRECTION('ref_axis',(1.,0.,0.));
#6748=DIRECTION('center_axis',(0.,0.,-1.));
#6749=DIRECTION('ref_axis',(-1.,0.,0.));
#6750=DIRECTION('center_axis',(0.,0.,-1.));
#6751=DIRECTION('ref_axis',(1.,0.,0.));
#6752=DIRECTION('center_axis',(0.,0.,1.));
#6753=DIRECTION('ref_axis',(1.,0.,0.));
#6754=DIRECTION('center_axis',(0.,0.,1.));
#6755=DIRECTION('ref_axis',(1.,0.,0.));
#6756=DIRECTION('',(0.,0.,1.));
#6757=DIRECTION('center_axis',(0.,0.,1.));
#6758=DIRECTION('ref_axis',(1.,0.,0.));
#6759=DIRECTION('',(0.,0.,1.));
#6760=DIRECTION('center_axis',(-1.,2.54702629954376E-15,0.));
#6761=DIRECTION('ref_axis',(-2.54702629954376E-15,-1.,0.));
#6762=DIRECTION('',(-2.54702629954376E-15,-1.,0.));
#6763=DIRECTION('',(0.,0.,1.));
#6764=DIRECTION('center_axis',(0.,0.,1.));
#6765=DIRECTION('ref_axis',(1.,0.,0.));
#6766=DIRECTION('center_axis',(0.,0.,1.));
#6767=DIRECTION('ref_axis',(1.,0.,0.));
#6768=DIRECTION('',(0.,0.,1.));
#6769=DIRECTION('center_axis',(1.,-5.09405259908755E-15,0.));
#6770=DIRECTION('ref_axis',(5.09405259908755E-15,1.,0.));
#6771=DIRECTION('',(5.09405259908755E-15,1.,0.));
#6772=DIRECTION('center_axis',(0.,0.,1.));
#6773=DIRECTION('ref_axis',(1.,0.,0.));
#6774=DIRECTION('center_axis',(0.,0.,-1.));
#6775=DIRECTION('ref_axis',(1.,0.,0.));
#6776=DIRECTION('center_axis',(-0.281519840478379,-0.948683298050514,-0.144036729402704));
#6777=DIRECTION('ref_axis',(0.,0.150107777338737,-0.988669639051602));
#6778=DIRECTION('center_axis',(0.281519840478379,0.948683298050514,0.144036729402704));
#6779=DIRECTION('ref_axis',(-0.844559521435143,0.316227766016838,-0.432110188208104));
#6780=DIRECTION('',(-0.455484131633891,0.,0.890243902438944));
#6781=DIRECTION('center_axis',(0.,-1.,0.));
#6782=DIRECTION('ref_axis',(1.,0.,4.6120514814751E-14));
#6783=DIRECTION('center_axis',(0.2815198404784,0.948683298050514,-0.144036729402663));
#6784=DIRECTION('ref_axis',(-0.844559521435201,0.316227766016838,0.432110188207991));
#6785=DIRECTION('center_axis',(0.,1.,0.));
#6786=DIRECTION('ref_axis',(-0.455484131633881,0.,0.890243902438949));
#6787=DIRECTION('center_axis',(-0.2815198404784,-0.948683298050514,0.144036729402663));
#6788=DIRECTION('ref_axis',(0.,-0.150107777338695,-0.988669639051608));
#6789=DIRECTION('',(0.455484131633761,0.,0.890243902439011));
#6790=DIRECTION('center_axis',(0.,1.,0.));
#6791=DIRECTION('ref_axis',(0.,0.,1.));
#6792=CARTESIAN_POINT('',(0.,0.,0.));
#6793=CARTESIAN_POINT('Ctrl Pts',(10.6599334978035,-0.401028664858065,6.58553894004536));
#6794=CARTESIAN_POINT('Ctrl Pts',(10.6655871541896,-0.347595281633755,6.58553894004536));
#6795=CARTESIAN_POINT('Ctrl Pts',(10.6747724236552,-0.293776800888331,6.59371393267856));
#6796=CARTESIAN_POINT('Ctrl Pts',(10.6865340086828,-0.242202297279723,6.60955176133352));
#6797=CARTESIAN_POINT('Ctrl Pts',(10.4208675978354,-0.412879281741282,6.58553894004536));
#6798=CARTESIAN_POINT('Ctrl Pts',(10.4247494574301,-0.355761256272258,6.58809579459355));
#6799=CARTESIAN_POINT('Ctrl Pts',(10.431544423689,-0.29821529569381,6.60000411141814));
#6800=CARTESIAN_POINT('Ctrl Pts',(10.4404702761744,-0.24561147699348,6.62027156607118));
#6801=CARTESIAN_POINT('Ctrl Pts',(10.0068405755227,-0.433402809443824,6.38474801560578));
#6802=CARTESIAN_POINT('Ctrl Pts',(10.0046537596492,-0.348494535698324,6.38869060914411));
#6803=CARTESIAN_POINT('Ctrl Pts',(10.0041617338174,-0.264687410416489,6.40640063982593));
#6804=CARTESIAN_POINT('Ctrl Pts',(10.0051223533344,-0.186902510850988,6.43566743655852));
#6805=CARTESIAN_POINT('Ctrl Pts',(9.8609145840063,-0.440636434226762,5.96505852025049));
#6806=CARTESIAN_POINT('Ctrl Pts',(9.85441928628421,-0.310036800040598,5.96623285561591));
#6807=CARTESIAN_POINT('Ctrl Pts',(9.85093837033978,-0.179714883236984,5.9864229733194));
#6808=CARTESIAN_POINT('Ctrl Pts',(9.85000000000001,-0.055989142775629,6.02402420822393));
#6809=CARTESIAN_POINT('Ctrl Pts',(9.8609145840063,-0.440636434226762,5.78553894004536));
#6810=CARTESIAN_POINT('Ctrl Pts',(9.85352336942288,-0.291531338377746,5.78553894004536));
#6811=CARTESIAN_POINT('Ctrl Pts',(9.85000000000004,-0.142269221512721,5.80679392089167));
#6812=CARTESIAN_POINT('Ctrl Pts',(9.85,-2.35753040353504E-12,5.84797227539457));
#6813=CARTESIAN_POINT('',(9.85,-2.19019247182928E-12,5.84797227539399));
#6814=CARTESIAN_POINT('',(10.6865340086828,-0.242202297279724,6.60955176133352));
#6815=CARTESIAN_POINT('Origin',(10.65,-2.14732745473789E-12,5.84797227539457));
#6816=CARTESIAN_POINT('',(10.6599334978035,-0.401028664858065,6.58553894004536));
#6817=CARTESIAN_POINT('Ctrl Pts',(10.6865340086828,-0.242202297279723,6.60955176133352));
#6818=CARTESIAN_POINT('Ctrl Pts',(10.6747724236552,-0.293776800888331,6.59371393267856));
#6819=CARTESIAN_POINT('Ctrl Pts',(10.6655871541896,-0.347595281633755,6.58553894004536));
#6820=CARTESIAN_POINT('Ctrl Pts',(10.6599334978035,-0.401028664858065,6.58553894004536));
#6821=CARTESIAN_POINT('',(9.8609145840063,-0.440636434226762,5.78553894004536));
#6822=CARTESIAN_POINT('Origin',(10.6599334978035,-0.401028664858064,5.78553894004536));
#6823=CARTESIAN_POINT('Ctrl Pts',(9.8609145840063,-0.440636434226762,5.78553894004536));
#6824=CARTESIAN_POINT('Ctrl Pts',(9.85352336942288,-0.291531338377746,5.78553894004536));
#6825=CARTESIAN_POINT('Ctrl Pts',(9.85000000000004,-0.142269221512721,5.80679392089167));
#6826=CARTESIAN_POINT('Ctrl Pts',(9.85,-2.35753040353504E-12,5.84797227539457));
#6827=CARTESIAN_POINT('Origin',(18.75,0.,5.78553894004536));
#6828=CARTESIAN_POINT('',(10.7372673934043,-1.18579769574198,6.58553894004536));
#6829=CARTESIAN_POINT('',(9.94588639522394,-1.30291351754336,5.78553894004536));
#6830=CARTESIAN_POINT('Origin',(10.7372673934061,-1.18579769574171,5.78553894004536));
#6831=CARTESIAN_POINT('Origin',(18.75,0.,5.78553894004536));
#6832=CARTESIAN_POINT('Origin',(18.75,0.,6.58553894004536));
#6833=CARTESIAN_POINT('Ctrl Pts',(11.0695722180591,-1.64488606287621,6.86671442461603));
#6834=CARTESIAN_POINT('Ctrl Pts',(11.0113616592443,-1.5983073734806,6.78272500129416));
#6835=CARTESIAN_POINT('Ctrl Pts',(10.8641718044807,-1.46269493271656,6.6403191047503));
#6836=CARTESIAN_POINT('Ctrl Pts',(10.7687505725639,-1.27914362459551,6.58553894004536));
#6837=CARTESIAN_POINT('Ctrl Pts',(10.7372673934061,-1.18579769574211,6.58553894004536));
#6838=CARTESIAN_POINT('Ctrl Pts',(10.9251816849377,-1.64259950457203,6.89001627186008));
#6839=CARTESIAN_POINT('Ctrl Pts',(10.8725927258117,-1.60729640904116,6.8091987709926));
#6840=CARTESIAN_POINT('Ctrl Pts',(10.7389812359652,-1.4898028694049,6.65493949651664));
#6841=CARTESIAN_POINT('Ctrl Pts',(10.6492442120766,-1.3004912349217,6.58816110228871));
#6842=CARTESIAN_POINT('Ctrl Pts',(10.6188770729261,-1.20331818171312,6.58553894004536));
#6843=CARTESIAN_POINT('Ctrl Pts',(10.6302885004243,-1.71175653201896,6.90043805546494));
#6844=CARTESIAN_POINT('Ctrl Pts',(10.5919268219565,-1.68690551932745,6.81467721910802));
#6845=CARTESIAN_POINT('Ctrl Pts',(10.489841866583,-1.57639157284728,6.626661640349));
#6846=CARTESIAN_POINT('Ctrl Pts',(10.410929798187,-1.35349692289458,6.53709539766418));
#6847=CARTESIAN_POINT('Ctrl Pts',(10.3824580987874,-1.23830563088029,6.5308000654295));
#6848=CARTESIAN_POINT('Ctrl Pts',(10.2388002384144,-2.0548118886776,6.78778375224052));
#6849=CARTESIAN_POINT('Ctrl Pts',(10.2182992215618,-2.00381610008384,6.65723223279301));
#6850=CARTESIAN_POINT('Ctrl Pts',(10.1520454636995,-1.80830902837132,6.3899909797303));
#6851=CARTESIAN_POINT('Ctrl Pts',(10.0787054208236,-1.46368750931749,6.26979284828785));
#6852=CARTESIAN_POINT('Ctrl Pts',(10.0495735244961,-1.28756894472378,6.26320714170593));
#6853=CARTESIAN_POINT('Ctrl Pts',(10.1798727545075,-2.40844743424832,6.61878532239644));
#6854=CARTESIAN_POINT('Ctrl Pts',(10.1536585155146,-2.31197586408438,6.43348543822575));
#6855=CARTESIAN_POINT('Ctrl Pts',(10.0705896709265,-2.00133732087228,6.10175068962463));
#6856=CARTESIAN_POINT('Ctrl Pts',(9.98060696685262,-1.53786744777023,5.96757090829349));
#6857=CARTESIAN_POINT('Ctrl Pts',(9.945886395224,-1.30291351754376,5.96505852025049));
#6858=CARTESIAN_POINT('Ctrl Pts',(10.2364681681266,-2.5941811323958,6.51659519992909));
#6859=CARTESIAN_POINT('Ctrl Pts',(10.1996594073992,-2.47338287654879,6.29822269929223));
#6860=CARTESIAN_POINT('Ctrl Pts',(10.0915922666109,-2.10094479772128,5.9279673682782));
#6861=CARTESIAN_POINT('Ctrl Pts',(9.98557959317392,-1.5711304171172,5.78553894004535));
#6862=CARTESIAN_POINT('Ctrl Pts',(9.945886395224,-1.30291351754375,5.78553894004536));
#6863=CARTESIAN_POINT('',(11.0695722180591,-1.64488606287621,6.86671442461603));
#6864=CARTESIAN_POINT('',(10.2364681685751,-2.59418113386754,6.51659519903936));
#6865=CARTESIAN_POINT('Origin',(11.0017294563849,-2.36099631150629,6.51659519992909));
#6866=CARTESIAN_POINT('Ctrl Pts',(10.2364681681266,-2.5941811323958,6.51659519992909));
#6867=CARTESIAN_POINT('Ctrl Pts',(10.1996594073992,-2.47338287654879,6.29822269929223));
#6868=CARTESIAN_POINT('Ctrl Pts',(10.0915922666109,-2.10094479772128,5.9279673682782));
#6869=CARTESIAN_POINT('Ctrl Pts',(9.98557959317392,-1.5711304171172,5.78553894004535));
#6870=CARTESIAN_POINT('Ctrl Pts',(9.945886395224,-1.30291351754375,5.78553894004536));
#6871=CARTESIAN_POINT('Ctrl Pts',(10.7372673934061,-1.18579769574211,6.58553894004536));
#6872=CARTESIAN_POINT('Ctrl Pts',(10.7687505725639,-1.27914362459551,6.58553894004536));
#6873=CARTESIAN_POINT('Ctrl Pts',(10.8641718044807,-1.46269493271656,6.6403191047503));
#6874=CARTESIAN_POINT('Ctrl Pts',(11.0113616592443,-1.5983073734806,6.78272500129416));
#6875=CARTESIAN_POINT('Ctrl Pts',(11.0695722180591,-1.64488606287621,6.86671442461603));
#6876=CARTESIAN_POINT('Ctrl Pts',(10.6865340086828,-0.242202297279724,6.60955176133352));
#6877=CARTESIAN_POINT('Ctrl Pts',(10.7079885955534,-0.148124019106171,6.63844192111429));
#6878=CARTESIAN_POINT('Ctrl Pts',(10.738146549908,-0.0617157216630271,6.69308860453938));
#6879=CARTESIAN_POINT('Ctrl Pts',(10.7639932240374,0.003186826366329,6.76558064312408));
#6880=CARTESIAN_POINT('Ctrl Pts',(10.5635021424286,-0.243906887136603,6.61491166370235));
#6881=CARTESIAN_POINT('Ctrl Pts',(10.5823911066809,-0.148632720951788,6.64779102294842));
#6882=CARTESIAN_POINT('Ctrl Pts',(10.6092937920946,-0.0644859914029103,
6.70715959444357));
#6883=CARTESIAN_POINT('Ctrl Pts',(10.6322679911692,-0.00412017709893118,
6.78029238617487));
#6884=CARTESIAN_POINT('Ctrl Pts',(10.3152369971887,-0.229750517494161,6.5703984578563));
#6885=CARTESIAN_POINT('Ctrl Pts',(10.3273452510641,-0.120926555494311,6.61210973750577));
#6886=CARTESIAN_POINT('Ctrl Pts',(10.3460248883622,-0.0293371465184291,
6.68428635785352));
#6887=CARTESIAN_POINT('Ctrl Pts',(10.3617614808172,0.0326293914083949,6.76642763630674));
#6888=CARTESIAN_POINT('Ctrl Pts',(9.96125941650677,-0.148933531507195,6.31627800014396));
#6889=CARTESIAN_POINT('Ctrl Pts',(9.9620390644915,0.0171052753856587,6.37396724251725));
#6890=CARTESIAN_POINT('Ctrl Pts',(9.96861577167926,0.160224378254759,6.47615602419317));
#6891=CARTESIAN_POINT('Ctrl Pts',(9.97471477909628,0.26046521369382,6.59733766144432));
#6892=CARTESIAN_POINT('Ctrl Pts',(9.85000000000001,-0.0559891427756309,
6.02402420822393));
#6893=CARTESIAN_POINT('Ctrl Pts',(9.84827762729844,0.169569046506618,6.0926397397963));
#6894=CARTESIAN_POINT('Ctrl Pts',(9.85583925929352,0.371780479325805,6.21978829249767));
#6895=CARTESIAN_POINT('Ctrl Pts',(9.86394722186821,0.520568437385078,6.38296324771636));
#6896=CARTESIAN_POINT('Ctrl Pts',(9.85,-2.35970748149739E-12,5.84797227539457));
#6897=CARTESIAN_POINT('Ctrl Pts',(9.84999999999993,0.259516669287569,5.92308669082459));
#6898=CARTESIAN_POINT('Ctrl Pts',(9.86202604133702,0.495179704998051,6.06516806772982));
#6899=CARTESIAN_POINT('Ctrl Pts',(9.87537196570641,0.671548399544191,6.25364736805003));
#6900=CARTESIAN_POINT('',(10.7627272754543,-1.25624180112235E-11,6.76205381722191));
#6901=CARTESIAN_POINT('Ctrl Pts',(9.85,9.93653536696605E-18,5.84797227539457));
#6902=CARTESIAN_POINT('Ctrl Pts',(9.84999999999991,9.87690247842261E-18,
5.96374810948158));
#6903=CARTESIAN_POINT('Ctrl Pts',(9.87297340376804,1.15658086344613E-16,
6.07817674824569));
#6904=CARTESIAN_POINT('Ctrl Pts',(9.96309440852448,1.27678320892721E-16,
6.30213714401537));
#6905=CARTESIAN_POINT('Ctrl Pts',(10.0329432781379,-1.04083408558608E-16,
6.40844103268008));
#6906=CARTESIAN_POINT('Ctrl Pts',(10.209839776692,-1.04083408558608E-16,
6.59285778280833));
#6907=CARTESIAN_POINT('Ctrl Pts',(10.3135238687106,1.38777878078145E-16,
6.66478271128667));
#6908=CARTESIAN_POINT('Ctrl Pts',(10.4703259458419,1.38777878078145E-16,
6.73515337477248));
#6909=CARTESIAN_POINT('Ctrl Pts',(10.5286217284816,-7.27941212314198E-19,
6.75389929668721));
#6910=CARTESIAN_POINT('Ctrl Pts',(10.6466866291292,7.10056566020941E-19,
6.77232017105315));
#6911=CARTESIAN_POINT('Ctrl Pts',(10.7045273479205,0.,6.77219974972893));
#6912=CARTESIAN_POINT('Ctrl Pts',(10.7627272754643,0.,6.76205381724947));
#6913=CARTESIAN_POINT('Ctrl Pts',(10.7627273999782,-3.08124673318406E-7,
6.76205407656196));
#6914=CARTESIAN_POINT('Ctrl Pts',(10.737166836099,-0.0645314322105801,6.69131599490796));
#6915=CARTESIAN_POINT('Ctrl Pts',(10.7076392871671,-0.149655734992266,6.63797155199671));
#6916=CARTESIAN_POINT('Ctrl Pts',(10.6865340086828,-0.242202297279724,6.60955176133352));
#6917=CARTESIAN_POINT('Ctrl Pts',(11.1441034667726,-1.70396565020747,7.08553894004536));
#6918=CARTESIAN_POINT('Ctrl Pts',(11.1441034667726,-1.70396565020747,7.00962012702266));
#6919=CARTESIAN_POINT('Ctrl Pts',(11.1161342094328,-1.68214384862397,6.9338966484787));
#6920=CARTESIAN_POINT('Ctrl Pts',(11.0695722180509,-1.64488606287559,6.86671442461633));
#6921=CARTESIAN_POINT('Ctrl Pts',(10.9951928331523,-1.68470080506193,7.08553894004536));
#6922=CARTESIAN_POINT('Ctrl Pts',(10.9951928331523,-1.68470080506193,7.01930723651124));
#6923=CARTESIAN_POINT('Ctrl Pts',(10.9687921257522,-1.66999705073995,6.95261780758218));
#6924=CARTESIAN_POINT('Ctrl Pts',(10.9251816848748,-1.64259950460201,6.89001627193262));
#6925=CARTESIAN_POINT('Ctrl Pts',(10.6872073389155,-1.73244535911899,7.08553894004536));
#6926=CARTESIAN_POINT('Ctrl Pts',(10.6872073389155,-1.73244535911899,7.02531954703366));
#6927=CARTESIAN_POINT('Ctrl Pts',(10.6657600528067,-1.72719875117306,6.96385739720521));
#6928=CARTESIAN_POINT('Ctrl Pts',(10.6302907807655,-1.7117579293443,6.90043700239259));
#6929=CARTESIAN_POINT('Ctrl Pts',(10.2729684312955,-2.091043876877,7.08553894004536));
#6930=CARTESIAN_POINT('Ctrl Pts',(10.2729684312955,-2.091043876877,6.98662133547202));
#6931=CARTESIAN_POINT('Ctrl Pts',(10.2609671036148,-2.08095684810936,6.88650070338696));
#6932=CARTESIAN_POINT('Ctrl Pts',(10.2388054687532,-2.05481240491355,6.78778269039779));
#6933=CARTESIAN_POINT('Ctrl Pts',(10.2103653756579,-2.49474042444448,7.08553894004536));
#6934=CARTESIAN_POINT('Ctrl Pts',(10.2103653756579,-2.49474042444448,6.92539247576409));
#6935=CARTESIAN_POINT('Ctrl Pts',(10.2002250373232,-2.46508434455657,6.76480763287208));
#6936=CARTESIAN_POINT('Ctrl Pts',(10.1798727545273,-2.40844743497718,6.6187853224743));
#6937=CARTESIAN_POINT('Ctrl Pts',(10.2707198277996,-2.71173060855418,7.08553894004536));
#6938=CARTESIAN_POINT('Ctrl Pts',(10.2707198277996,-2.71173060855418,6.88815002618633));
#6939=CARTESIAN_POINT('Ctrl Pts',(10.2595684883889,-2.66999130185153,6.69126898197201));
#6940=CARTESIAN_POINT('Ctrl Pts',(10.2364681683466,-2.59418113313655,6.51659519992988));
#6941=CARTESIAN_POINT('',(11.1441034667726,-1.70396565020747,7.08553894004536));
#6942=CARTESIAN_POINT('Ctrl Pts',(11.0695722180509,-1.64488606287559,6.86671442461633));
#6943=CARTESIAN_POINT('Ctrl Pts',(11.1161342094328,-1.68214384862397,6.9338966484787));
#6944=CARTESIAN_POINT('Ctrl Pts',(11.1441034667726,-1.70396565020747,7.00962012702266));
#6945=CARTESIAN_POINT('Ctrl Pts',(11.1441034667726,-1.70396565020747,7.08553894004536));
#6946=CARTESIAN_POINT('',(10.2707198277997,-2.71173060855418,7.08553894004536));
#6947=CARTESIAN_POINT('Origin',(11.0414613813447,-2.49735370299059,7.08553894004536));
#6948=CARTESIAN_POINT('Ctrl Pts',(10.2707198277996,-2.71173060855418,7.08553894004536));
#6949=CARTESIAN_POINT('Ctrl Pts',(10.2707198277996,-2.71173060855418,6.88815002618633));
#6950=CARTESIAN_POINT('Ctrl Pts',(10.2595684883889,-2.66999130185153,6.69126898197201));
#6951=CARTESIAN_POINT('Ctrl Pts',(10.2364681683466,-2.59418113313655,6.51659519992988));
#6952=CARTESIAN_POINT('Ctrl Pts',(10.2707198277997,-2.71173060855418,7.08553894004536));
#6953=CARTESIAN_POINT('Ctrl Pts',(10.2707198277997,-2.71173060855418,7.25229429003186));
#6954=CARTESIAN_POINT('Ctrl Pts',(10.2707198277997,-2.71173060855418,7.41904964001835));
#6955=CARTESIAN_POINT('Ctrl Pts',(10.2707198277997,-2.71173060855418,7.58580499000484));
#6956=CARTESIAN_POINT('Ctrl Pts',(10.2304835263718,-2.56707048581438,7.08553894004536));
#6957=CARTESIAN_POINT('Ctrl Pts',(10.2304835263718,-2.56707048581438,7.25229429003186));
#6958=CARTESIAN_POINT('Ctrl Pts',(10.2304835263718,-2.56707048581438,7.41904964001835));
#6959=CARTESIAN_POINT('Ctrl Pts',(10.2304835263718,-2.56707048581438,7.58580499000484));
#6960=CARTESIAN_POINT('Ctrl Pts',(10.2339665398869,-2.25542786561172,7.08553894004537));
#6961=CARTESIAN_POINT('Ctrl Pts',(10.2339665398869,-2.25542786561172,7.25229429003186));
#6962=CARTESIAN_POINT('Ctrl Pts',(10.2339665398869,-2.25542786561172,7.41904964001835));
#6963=CARTESIAN_POINT('Ctrl Pts',(10.2339665398869,-2.25542786561172,7.58580499000484));
#6964=CARTESIAN_POINT('Ctrl Pts',(10.5300408706836,-1.7944252519474,7.08553894004536));
#6965=CARTESIAN_POINT('Ctrl Pts',(10.5300408706836,-1.7944252519474,7.25229429003186));
#6966=CARTESIAN_POINT('Ctrl Pts',(10.5300408706836,-1.7944252519474,7.41904964001835));
#6967=CARTESIAN_POINT('Ctrl Pts',(10.5300408706836,-1.7944252519474,7.58580499000484));
#6968=CARTESIAN_POINT('Ctrl Pts',(10.9207375163421,-1.67506838248916,7.08553894004536));
#6969=CARTESIAN_POINT('Ctrl Pts',(10.9207375163421,-1.67506838248916,7.25229429003186));
#6970=CARTESIAN_POINT('Ctrl Pts',(10.9207375163421,-1.67506838248916,7.41904964001835));
#6971=CARTESIAN_POINT('Ctrl Pts',(10.9207375163421,-1.67506838248916,7.58580499000484));
#6972=CARTESIAN_POINT('Ctrl Pts',(11.1441034667726,-1.70396565020747,7.08553894004536));
#6973=CARTESIAN_POINT('Ctrl Pts',(11.1441034667726,-1.70396565020747,7.25229429003186));
#6974=CARTESIAN_POINT('Ctrl Pts',(11.1441034667726,-1.70396565020747,7.41904964001835));
#6975=CARTESIAN_POINT('Ctrl Pts',(11.1441034667726,-1.70396565020747,7.58580499000484));
#6976=CARTESIAN_POINT('',(11.1441034667726,-1.70396565020747,7.58580499000484));
#6977=CARTESIAN_POINT('',(10.2707198277997,-2.71173060855418,7.58580499000484));
#6978=CARTESIAN_POINT('Origin',(11.0414613813447,-2.49735370299059,7.58580499000484));
#6979=CARTESIAN_POINT('Ctrl Pts',(10.2707198277997,-2.71173060855418,7.58580499000484));
#6980=CARTESIAN_POINT('Ctrl Pts',(10.2707198277997,-2.71173060855418,7.41904964001835));
#6981=CARTESIAN_POINT('Ctrl Pts',(10.2707198277997,-2.71173060855418,7.25229429003186));
#6982=CARTESIAN_POINT('Ctrl Pts',(10.2707198277997,-2.71173060855418,7.08553894004536));
#6983=CARTESIAN_POINT('Ctrl Pts',(11.1441034667726,-1.70396565020747,7.08553894004536));
#6984=CARTESIAN_POINT('Ctrl Pts',(11.1441034667726,-1.70396565020747,7.25229429003186));
#6985=CARTESIAN_POINT('Ctrl Pts',(11.1441034667726,-1.70396565020747,7.41904964001835));
#6986=CARTESIAN_POINT('Ctrl Pts',(11.1441034667726,-1.70396565020747,7.58580499000484));
#6987=CARTESIAN_POINT('Ctrl Pts',(11.0315921015384,-1.61437345479123,7.85328330635755));
#6988=CARTESIAN_POINT('Ctrl Pts',(11.0998819041926,-1.66943817391284,7.77496735992538));
#6989=CARTESIAN_POINT('Ctrl Pts',(11.1441034667726,-1.70396565020747,7.68066763803863));
#6990=CARTESIAN_POINT('Ctrl Pts',(11.1441034667726,-1.70396565020747,7.58580499000484));
#6991=CARTESIAN_POINT('Ctrl Pts',(10.8896593969964,-1.61979627365753,7.82731383103601));
#6992=CARTESIAN_POINT('Ctrl Pts',(10.9534486087897,-1.66148946174183,7.75225567107139));
#6993=CARTESIAN_POINT('Ctrl Pts',(10.9951928331523,-1.68470080506193,7.668563327904));
#6994=CARTESIAN_POINT('Ctrl Pts',(10.9951928331523,-1.68470080506193,7.58580499000484));
#6995=CARTESIAN_POINT('Ctrl Pts',(10.6013524478879,-1.69816942176367,7.81843304067861));
#6996=CARTESIAN_POINT('Ctrl Pts',(10.6533279778153,-1.72426742021795,7.73927517485079));
#6997=CARTESIAN_POINT('Ctrl Pts',(10.6872120767183,-1.73244895792285,7.66105078029887));
#6998=CARTESIAN_POINT('Ctrl Pts',(10.6872120767183,-1.73244895792285,7.58580499000484));
#6999=CARTESIAN_POINT('Ctrl Pts',(10.2204322000614,-2.03215436425741,7.95678468838117));
#7000=CARTESIAN_POINT('Ctrl Pts',(10.2541148323182,-2.07523170187876,7.83599645841096));
#7001=CARTESIAN_POINT('Ctrl Pts',(10.2729793906224,-2.0910458516003,7.70940526157629));
#7002=CARTESIAN_POINT('Ctrl Pts',(10.2729793906224,-2.0910458516003,7.58580499000484));
#7003=CARTESIAN_POINT('Ctrl Pts',(10.162543931372,-2.36112049097105,8.159011320028));
#7004=CARTESIAN_POINT('Ctrl Pts',(10.1945912427855,-2.4479578308282,7.98659538413463));
#7005=CARTESIAN_POINT('Ctrl Pts',(10.2103653756579,-2.49474042444448,7.78591240831272));
#7006=CARTESIAN_POINT('Ctrl Pts',(10.2103653756579,-2.49474042444448,7.58580499000484));
#7007=CARTESIAN_POINT('Ctrl Pts',(10.2169024121028,-2.5314519462792,8.2812486125219));
#7008=CARTESIAN_POINT('Ctrl Pts',(10.2533883817096,-2.64578016549933,8.07762715179826));
#7009=CARTESIAN_POINT('Ctrl Pts',(10.2707198277997,-2.71173060855418,7.83244787489271));
#7010=CARTESIAN_POINT('Ctrl Pts',(10.2707198277997,-2.71173060855418,7.58580499000484));
#7011=CARTESIAN_POINT('',(10.2576553980898,-2.665617745836,7.94724890438552));
#7012=CARTESIAN_POINT('',(11.1425433860635,-1.70274133753111,7.61764254634062));
#7013=CARTESIAN_POINT('Ctrl Pts',(11.1425433860635,-1.70274133753111,7.61764254634062));
#7014=CARTESIAN_POINT('Ctrl Pts',(11.0015363931803,-1.68101758026476,7.67340304689186));
#7015=CARTESIAN_POINT('Ctrl Pts',(10.8292196061566,-1.68149684434433,7.73952015124039));
#7016=CARTESIAN_POINT('Ctrl Pts',(10.604059718479,-1.74382070620217,7.8231654017587));
#7017=CARTESIAN_POINT('Ctrl Pts',(10.5302889087509,-1.77797957957923,7.85008263681658));
#7018=CARTESIAN_POINT('Ctrl Pts',(10.4104155820689,-1.87421923886238,7.89328102755108));
#7019=CARTESIAN_POINT('Ctrl Pts',(10.3652185471304,-1.92791119745149,7.90935079757595));
#7020=CARTESIAN_POINT('Ctrl Pts',(10.2853808539231,-2.06221693528102,7.93757464715148));
#7021=CARTESIAN_POINT('Ctrl Pts',(10.2554291137993,-2.14464418994487,7.94803515160486));
#7022=CARTESIAN_POINT('Ctrl Pts',(10.2241119760454,-2.30010530461421,7.95896444358878));
#7023=CARTESIAN_POINT('Ctrl Pts',(10.2187025118314,-2.37274914897943,7.96084290824663));
#7024=CARTESIAN_POINT('Ctrl Pts',(10.2248437353531,-2.51977009146367,7.95870477827713));
#7025=CARTESIAN_POINT('Ctrl Pts',(10.2369884580325,-2.59398160771629,7.95448131554126));
#7026=CARTESIAN_POINT('Ctrl Pts',(10.2576553980898,-2.665617745836,7.94724890438552));
#7027=CARTESIAN_POINT('Ctrl Pts',(10.2576844539436,-2.66512592512581,7.94712328175548));
#7028=CARTESIAN_POINT('Ctrl Pts',(10.2664490382777,-2.69547919711954,7.83031415504035));
#7029=CARTESIAN_POINT('Ctrl Pts',(10.2707198277997,-2.71173060855418,7.70823990258861));
#7030=CARTESIAN_POINT('Ctrl Pts',(10.2707198277997,-2.71173060855418,7.58580499000484));
#7031=CARTESIAN_POINT('Ctrl Pts',(11.1441034667726,-1.70396565020747,7.58580499000484));
#7032=CARTESIAN_POINT('Ctrl Pts',(11.1441034667726,-1.70396565020747,7.59642776356511));
#7033=CARTESIAN_POINT('Ctrl Pts',(11.1435489439244,-1.70353268779323,7.60704347822941));
#7034=CARTESIAN_POINT('Ctrl Pts',(11.1424681974631,-1.70268640800865,7.61763048008737));
#7035=CARTESIAN_POINT('Origin',(5.45358511814631,-4.05158626832579,4.35));
#7036=CARTESIAN_POINT('',(9.1918536219318,-7.37203030392922,8.29265785958611));
#7037=CARTESIAN_POINT('Ctrl Pts',(9.1918536219318,-7.37203030392922,8.29265785958611));
#7038=CARTESIAN_POINT('Ctrl Pts',(9.43088474720281,-7.10292095667209,8.22119981804004));
#7039=CARTESIAN_POINT('Ctrl Pts',(9.64131586930547,-6.80749684713791,8.15436248925287));
#7040=CARTESIAN_POINT('Ctrl Pts',(10.1227462878516,-5.94574294353679,7.9962565017538));
#7041=CARTESIAN_POINT('Ctrl Pts',(10.3240393377617,-5.34648716812571,7.92408740889194));
#7042=CARTESIAN_POINT('Ctrl Pts',(10.4915746751817,-4.10681940732787,7.8641901208061));
#7043=CARTESIAN_POINT('Ctrl Pts',(10.4596520818146,-3.48420663516328,7.8760627448379));
#7044=CARTESIAN_POINT('Ctrl Pts',(10.2975186305882,-2.80983929773769,7.93326675686544));
#7045=CARTESIAN_POINT('Ctrl Pts',(10.2783753088939,-2.73743749215897,7.93999795607727));
#7046=CARTESIAN_POINT('Ctrl Pts',(10.2576553980898,-2.665617745836,7.94724890438552));
#7047=CARTESIAN_POINT('',(6.34979385087026,-8.97061156886636,7.45292221760916));
#7048=CARTESIAN_POINT('Ctrl Pts',(6.34979385087031,-8.97061156886636,7.45292221760914));
#7049=CARTESIAN_POINT('Ctrl Pts',(6.34979385087031,-8.97061156886636,7.48382180009668));
#7050=CARTESIAN_POINT('Ctrl Pts',(6.35574242780129,-8.96953808022646,7.51331898370515));
#7051=CARTESIAN_POINT('Ctrl Pts',(6.38033713097669,-8.96496666762769,7.57419287636243));
#7052=CARTESIAN_POINT('Ctrl Pts',(6.39982150499515,-8.96128642034849,7.60347670811908));
#7053=CARTESIAN_POINT('Ctrl Pts',(6.45304145009598,-8.95077776379578,7.6662531708017));
#7054=CARTESIAN_POINT('Ctrl Pts',(6.49682440245022,-8.94200718892259,7.70619998236173));
#7055=CARTESIAN_POINT('Ctrl Pts',(6.67365421132096,-8.90177987312215,7.82788968249259));
#7056=CARTESIAN_POINT('Ctrl Pts',(6.82458278355393,-8.8632934182917,7.90344334910433));
#7057=CARTESIAN_POINT('Ctrl Pts',(7.25405865437036,-8.72409669538686,8.0827421919759));
#7058=CARTESIAN_POINT('Ctrl Pts',(7.59824432452812,-8.58809832330874,8.19799529181645));
#7059=CARTESIAN_POINT('Ctrl Pts',(8.20093061775504,-8.23808475514956,8.32542439934242));
#7060=CARTESIAN_POINT('Ctrl Pts',(8.42926733412566,-8.07928309356768,8.35561284253349));
#7061=CARTESIAN_POINT('Ctrl Pts',(8.84067648857706,-7.73852149534809,8.36226014208845));
#7062=CARTESIAN_POINT('Ctrl Pts',(9.02497458659604,-7.55990838139375,8.34254612843256));
#7063=CARTESIAN_POINT('Ctrl Pts',(9.1918536219318,-7.37203030392922,8.29265785958611));
#7064=CARTESIAN_POINT('',(9.63045259982604,-6.8,6.83376827175754));
#7065=CARTESIAN_POINT('Origin',(5.45358511814631,-4.05158626832579,7.62206238598214));
#7066=CARTESIAN_POINT('',(9.63045259982604,-6.8,6.16564252003137));
#7067=CARTESIAN_POINT('',(9.63045259982604,-6.8,4.35));
#7068=CARTESIAN_POINT('',(10.4527390825111,-3.95960996406851,6.46493032376716));
#7069=CARTESIAN_POINT('Origin',(5.45358511814631,-4.05158626832579,4.64538708423069));
#7070=CARTESIAN_POINT('',(10.430132843795,-3.5678789866871,6.0310312167756));
#7071=CARTESIAN_POINT('Ctrl Pts',(10.430132843795,-3.56787898668709,6.0310312167756));
#7072=CARTESIAN_POINT('Ctrl Pts',(10.4288182235378,-3.55435371903229,6.07450280021716));
#7073=CARTESIAN_POINT('Ctrl Pts',(10.4282019744353,-3.54839264618573,6.11986543914584));
#7074=CARTESIAN_POINT('Ctrl Pts',(10.4289596193299,-3.55594440552667,6.20394184877486));
#7075=CARTESIAN_POINT('Ctrl Pts',(10.4300517102851,-3.56670337783715,6.24123689513125));
#7076=CARTESIAN_POINT('Ctrl Pts',(10.4334385184822,-3.60282456862301,6.30992340316122));
#7077=CARTESIAN_POINT('Ctrl Pts',(10.435636249597,-3.62728412892772,6.33982492509554));
#7078=CARTESIAN_POINT('Ctrl Pts',(10.4407134478016,-3.69135650812323,6.39493405256039));
#7079=CARTESIAN_POINT('Ctrl Pts',(10.4435396108849,-3.73186905728237,6.41738654893456));
#7080=CARTESIAN_POINT('Ctrl Pts',(10.4491744648995,-3.83357290441748,6.45492922489873));
#7081=CARTESIAN_POINT('Ctrl Pts',(10.4515836764727,-3.89681060803681,6.46450979036068));
#7082=CARTESIAN_POINT('Ctrl Pts',(10.4527390825111,-3.95960996406851,6.46493032376716));
#7083=CARTESIAN_POINT('',(10.4376243587035,-3.65239602726946,5.75467003763759));
#7084=CARTESIAN_POINT('Ctrl Pts',(10.430132843795,-3.5678789866871,6.0310312167756));
#7085=CARTESIAN_POINT('Ctrl Pts',(10.432877271422,-3.59611460683234,5.94027906691096));
#7086=CARTESIAN_POINT('Ctrl Pts',(10.4353728398215,-3.6242849731778,5.84823555837685));
#7087=CARTESIAN_POINT('Ctrl Pts',(10.4376243587035,-3.65239602726946,5.75467003763759));
#7088=CARTESIAN_POINT('',(10.2364681691682,-2.59418113583305,5.65987148587402));
#7089=CARTESIAN_POINT('Ctrl Pts',(10.4369437524122,-3.65239602726945,5.75612165781165));
#7090=CARTESIAN_POINT('Ctrl Pts',(10.4165370075931,-3.39770283720703,5.74655375626375));
#7091=CARTESIAN_POINT('Ctrl Pts',(10.3766719771728,-3.14552552510065,5.7278595068184));
#7092=CARTESIAN_POINT('Ctrl Pts',(10.3179726252338,-2.89805610397675,5.70023963611215));
#7093=CARTESIAN_POINT('Ctrl Pts',(10.300804718011,-2.82567826807225,5.69216160182169));
#7094=CARTESIAN_POINT('Ctrl Pts',(10.2820259075123,-2.75370314410193,5.68331973337488));
#7095=CARTESIAN_POINT('Ctrl Pts',(10.2616521866934,-2.68218557179277,5.67371845562332));
#7096=CARTESIAN_POINT('Ctrl Pts',(10.2532635369262,-2.65273901798765,5.66976523779474));
#7097=CARTESIAN_POINT('Ctrl Pts',(10.2446137112592,-2.62340341038187,5.66568761511544));
#7098=CARTESIAN_POINT('Ctrl Pts',(10.2357062955747,-2.59418113583305,5.66148706643627));
#7099=CARTESIAN_POINT('',(10.2364681691682,-2.59418113583305,4.35));
#7100=CARTESIAN_POINT('Ctrl Pts',(13.2748814298978,-2.41098995655542,8.08580499000484));
#7101=CARTESIAN_POINT('Ctrl Pts',(12.9144708624194,-2.00070567564578,8.08580499000484));
#7102=CARTESIAN_POINT('Ctrl Pts',(12.192975225858,-1.40240019692107,8.08580499000484));
#7103=CARTESIAN_POINT('Ctrl Pts',(10.9248880412324,-1.11200322452408,8.08580499000484));
#7104=CARTESIAN_POINT('Ctrl Pts',(10.1954893706792,-1.23142483803354,8.08580499000484));
#7105=CARTESIAN_POINT('Ctrl Pts',(9.84421471997593,-1.32664422215367,8.08580499000484));
#7106=CARTESIAN_POINT('Ctrl Pts',(13.1765372651348,-2.49737951101707,8.08580499000484));
#7107=CARTESIAN_POINT('Ctrl Pts',(12.8262585167769,-2.09862909314372,8.08580499000484));
#7108=CARTESIAN_POINT('Ctrl Pts',(12.1266660140822,-1.52200721169488,8.08580499000484));
#7109=CARTESIAN_POINT('Ctrl Pts',(10.9237757350443,-1.24720734344126,8.08580499000484));
#7110=CARTESIAN_POINT('Ctrl Pts',(10.2204440492917,-1.36028399652074,8.08580499000484));
#7111=CARTESIAN_POINT('Ctrl Pts',(9.87846156918604,-1.45298456876623,8.08580499000484));
#7112=CARTESIAN_POINT('Ctrl Pts',(12.9806177720763,-2.66948324240245,7.97748072213856));
#7113=CARTESIAN_POINT('Ctrl Pts',(12.6504249777895,-2.29359827844784,7.97748072213856));
#7114=CARTESIAN_POINT('Ctrl Pts',(11.9949917389753,-1.76021022951084,7.97748072213856));
#7115=CARTESIAN_POINT('Ctrl Pts',(10.9214224760805,-1.51634467308889,7.97748072213856));
#7116=CARTESIAN_POINT('Ctrl Pts',(10.2702486300415,-1.61697043504801,7.97748072213856));
#7117=CARTESIAN_POINT('Ctrl Pts',(9.94668753208147,-1.70467755655907,7.97748072213856));
#7118=CARTESIAN_POINT('Ctrl Pts',(12.8992343911874,-2.74097374753329,7.71670468390441));
#7119=CARTESIAN_POINT('Ctrl Pts',(12.577534547403,-2.3747569909069,7.71670468390441));
#7120=CARTESIAN_POINT('Ctrl Pts',(11.9396493495466,-1.85927307182207,7.71670468390441));
#7121=CARTESIAN_POINT('Ctrl Pts',(10.9206533268469,-1.62846669404609,7.71670468390441));
#7122=CARTESIAN_POINT('Ctrl Pts',(10.2908000270138,-1.7236330592511,7.71670468390441));
#7123=CARTESIAN_POINT('Ctrl Pts',(9.97502804806663,-1.80922879836165,7.71670468390441));
#7124=CARTESIAN_POINT('Ctrl Pts',(12.8992343911874,-2.74097374753329,7.58580499000484));
#7125=CARTESIAN_POINT('Ctrl Pts',(12.5774532927113,-2.3746644921686,7.58580499000484));
#7126=CARTESIAN_POINT('Ctrl Pts',(11.9400006513611,-1.85921040659697,7.58580499000484));
#7127=CARTESIAN_POINT('Ctrl Pts',(10.9205400020557,-1.62829019344839,7.58580499000484));
#7128=CARTESIAN_POINT('Ctrl Pts',(10.2908745479314,-1.72361285900079,7.58580499000484));
#7129=CARTESIAN_POINT('Ctrl Pts',(9.97502804806663,-1.80922879836165,7.58580499000484));
#7130=CARTESIAN_POINT('',(9.97733319601148,-1.50010571167428,8.04340132972163));
#7131=CARTESIAN_POINT('Ctrl Pts',(9.97734737973532,-1.50000547433824,8.04284455146975));
#7132=CARTESIAN_POINT('Ctrl Pts',(10.0032384175237,-1.51385522714058,8.03414945167238));
#7133=CARTESIAN_POINT('Ctrl Pts',(10.0323696937184,-1.52614520821738,8.02435360050007));
#7134=CARTESIAN_POINT('Ctrl Pts',(10.0640994215221,-1.53713478927431,8.01362579532194));
#7135=CARTESIAN_POINT('Ctrl Pts',(10.0979357012293,-1.54885397390797,8.0021857659937));
#7136=CARTESIAN_POINT('Ctrl Pts',(10.1347266927677,-1.55909632662485,7.98968599448858));
#7137=CARTESIAN_POINT('Ctrl Pts',(10.1737357861102,-1.5682049439776,7.97630040098919));
#7138=CARTESIAN_POINT('Ctrl Pts',(10.2077441659234,-1.5761458954831,7.96463075402363));
#7139=CARTESIAN_POINT('Ctrl Pts',(10.2434388909234,-1.583226574487,7.95228725939536));
#7140=CARTESIAN_POINT('Ctrl Pts',(10.2803589128467,-1.58967102117388,7.93936777954659));
#7141=CARTESIAN_POINT('Ctrl Pts',(10.284681043121,-1.59042545566972,7.93785532987639));
#7142=CARTESIAN_POINT('Ctrl Pts',(10.2890199962642,-1.59117115458358,7.93633496969475));
#7143=CARTESIAN_POINT('Ctrl Pts',(10.2933750735746,-1.59190855444018,7.93480693681086));
#7144=CARTESIAN_POINT('Ctrl Pts',(10.3393618181441,-1.59969501066911,7.91867191717354));
#7145=CARTESIAN_POINT('Ctrl Pts',(10.3877895022081,-1.60666470349511,7.90146121089309));
#7146=CARTESIAN_POINT('Ctrl Pts',(10.4385081540817,-1.61327346425578,7.8832316144947));
#7147=CARTESIAN_POINT('Ctrl Pts',(10.4973951754168,-1.62094658295148,7.86206609466351));
#7148=CARTESIAN_POINT('Ctrl Pts',(10.5593683659826,-1.62813414210666,7.83952553870798));
#7149=CARTESIAN_POINT('Ctrl Pts',(10.6241847887059,-1.63554110069174,7.81562816188504));
#7150=CARTESIAN_POINT('Ctrl Pts',(10.6651776313389,-1.64022559691831,7.80051437796598));
#7151=CARTESIAN_POINT('Ctrl Pts',(10.7073073689449,-1.64499750114882,7.78485648496515));
#7152=CARTESIAN_POINT('Ctrl Pts',(10.7505218646619,-1.65003191399575,7.76865388857411));
#7153=CARTESIAN_POINT('Ctrl Pts',(10.7889281057244,-1.65450617362089,7.75425407174164));
#7154=CARTESIAN_POINT('Ctrl Pts',(10.8263902681228,-1.65898989226781,7.74007433181885));
#7155=CARTESIAN_POINT('Ctrl Pts',(10.8633369710684,-1.66359668421742,7.72599627538678));
#7156=CARTESIAN_POINT('Ctrl Pts',(10.8787144273278,-1.66551406076401,7.72013689742492));
#7157=CARTESIAN_POINT('Ctrl Pts',(10.8940021731101,-1.66745269384046,7.71429459161387));
#7158=CARTESIAN_POINT('Ctrl Pts',(10.9092295581658,-1.66942054968912,7.70845886248621));
#7159=CARTESIAN_POINT('Ctrl Pts',(10.9574535683683,-1.67565260464644,7.68997753690314));
#7160=CARTESIAN_POINT('Ctrl Pts',(11.0050744146838,-1.68217806255467,7.67156606368));
#7161=CARTESIAN_POINT('Ctrl Pts',(11.0530231279382,-1.68916624030371,7.65284605114073));
#7162=CARTESIAN_POINT('Ctrl Pts',(11.0826997843002,-1.6934913980729,7.64125976776597));
#7163=CARTESIAN_POINT('Ctrl Pts',(11.1125010144713,-1.69799376709145,7.62955395969343));
#7164=CARTESIAN_POINT('Ctrl Pts',(11.1426476611899,-1.70271085104658,7.61763391858234));
#7165=CARTESIAN_POINT('',(12.8992343911874,-2.74097374753329,7.58580499000484));
#7166=CARTESIAN_POINT('Ctrl Pts',(11.1441061062292,-1.70394548152303,7.58580499000484));
#7167=CARTESIAN_POINT('Ctrl Pts',(11.363200340872,-1.73262026840486,7.58580499000484));
#7168=CARTESIAN_POINT('Ctrl Pts',(12.0066968456503,-1.91314198301282,7.58580499000484));
#7169=CARTESIAN_POINT('Ctrl Pts',(12.5774532927113,-2.3746644921686,7.58580499000484));
#7170=CARTESIAN_POINT('Ctrl Pts',(12.8992343911874,-2.74097374753329,7.58580499000484));
#7171=CARTESIAN_POINT('',(12.7514866190496,-1.90461595154462,8.08580499000484));
#7172=CARTESIAN_POINT('Ctrl Pts',(12.7511576744265,-1.90157176054868,8.08580499000484));
#7173=CARTESIAN_POINT('Ctrl Pts',(12.7516488880193,-1.90332259386448,8.08580499000484));
#7174=CARTESIAN_POINT('Ctrl Pts',(12.752138342511,-1.90507390773123,8.08580157138635));
#7175=CARTESIAN_POINT('Ctrl Pts',(12.7526260598222,-1.90682566603396,8.08579472872005));
#7176=CARTESIAN_POINT('Ctrl Pts',(12.7626850474615,-1.94295502767622,8.08565360127978));
#7177=CARTESIAN_POINT('Ctrl Pts',(12.7721134969467,-1.97941210791771,8.08405453173238));
#7178=CARTESIAN_POINT('Ctrl Pts',(12.7809294083397,-2.01593265765029,8.08094447729045));
#7179=CARTESIAN_POINT('Ctrl Pts',(12.7897834035414,-2.05261097231131,8.0778209877409));
#7180=CARTESIAN_POINT('Ctrl Pts',(12.7980195020423,-2.08935304627992,8.07317337945));
#7181=CARTESIAN_POINT('Ctrl Pts',(12.8057046901834,-2.1258780463786,8.06696325690216));
#7182=CARTESIAN_POINT('Ctrl Pts',(12.8122313852035,-2.1568971355508,8.06168927074032));
#7183=CARTESIAN_POINT('Ctrl Pts',(12.8183615837291,-2.18775937258371,8.05528858987711));
#7184=CARTESIAN_POINT('Ctrl Pts',(12.8241638975381,-2.21828731663813,8.04774669977881));
#7185=CARTESIAN_POINT('Ctrl Pts',(12.8315765671758,-2.25728788976132,8.03811165734878));
#7186=CARTESIAN_POINT('Ctrl Pts',(12.8382601862178,-2.29495598312002,8.02680037986017));
#7187=CARTESIAN_POINT('Ctrl Pts',(12.8442991619854,-2.3309950733194,8.0139279725879));
#7188=CARTESIAN_POINT('Ctrl Pts',(12.8504014652902,-2.36741208635049,8.00092057920526));
#7189=CARTESIAN_POINT('Ctrl Pts',(12.8558451315598,-2.40216663701353,7.98631870146808));
#7190=CARTESIAN_POINT('Ctrl Pts',(12.8607461877704,-2.43495144795978,7.9701972928058));
#7191=CARTESIAN_POINT('Ctrl Pts',(12.8633513307038,-2.45237812394302,7.96162800242278));
#7192=CARTESIAN_POINT('Ctrl Pts',(12.8658036860659,-2.46924816267871,7.9526286841355));
#7193=CARTESIAN_POINT('Ctrl Pts',(12.8681245894504,-2.48551392299803,7.94320627723764));
#7194=CARTESIAN_POINT('Ctrl Pts',(12.8684379609435,-2.48771014780912,7.94193405119945));
#7195=CARTESIAN_POINT('Ctrl Pts',(12.8687487691905,-2.48989453697242,7.94065454272898));
#7196=CARTESIAN_POINT('Ctrl Pts',(12.8690570556856,-2.49206697451158,7.93936777954659));
#7197=CARTESIAN_POINT('Ctrl Pts',(12.8735150579711,-2.52348168669118,7.92076043443799));
#7198=CARTESIAN_POINT('Ctrl Pts',(12.8774438338721,-2.55239992489235,7.90063951546433));
#7199=CARTESIAN_POINT('Ctrl Pts',(12.8808539115983,-2.57857651045394,7.87924205220263));
#7200=CARTESIAN_POINT('Ctrl Pts',(12.8841290542955,-2.60371730193317,7.85869127560188));
#7201=CARTESIAN_POINT('Ctrl Pts',(12.8869258816247,-2.6263293108834,7.83696155772681));
#7202=CARTESIAN_POINT('Ctrl Pts',(12.8892739417261,-2.64616358753978,7.81423783112627));
#7203=CARTESIAN_POINT('Ctrl Pts',(12.890978142615,-2.66055912702606,7.79774515487593));
#7204=CARTESIAN_POINT('Ctrl Pts',(12.8924942610546,-2.67387319233507,7.78029581548542));
#7205=CARTESIAN_POINT('Ctrl Pts',(12.8937851034341,-2.68571171227974,7.76191519855098));
#7206=CARTESIAN_POINT('Ctrl Pts',(12.8950498557994,-2.69731095657204,7.74390608363946));
#7207=CARTESIAN_POINT('Ctrl Pts',(12.8960987867072,-2.7074939058881,7.72500257767721));
#7208=CARTESIAN_POINT('Ctrl Pts',(12.8969264965491,-2.71586886774349,7.70526324624543));
#7209=CARTESIAN_POINT('Ctrl Pts',(12.8970325666592,-2.71694210993638,7.70273367253299));
#7210=CARTESIAN_POINT('Ctrl Pts',(12.8971350388353,-2.71798562950974,7.70019042499164));
#7211=CARTESIAN_POINT('Ctrl Pts',(12.897233931382,-2.71899857336885,7.69763367429616));
#7212=CARTESIAN_POINT('Ctrl Pts',(12.8980768585715,-2.72763257004765,7.67584078141784));
#7213=CARTESIAN_POINT('Ctrl Pts',(12.8986358174221,-2.73388704784799,7.6534487913016));
#7214=CARTESIAN_POINT('Ctrl Pts',(12.8989429317488,-2.73746883224344,7.63057418161147));
#7215=CARTESIAN_POINT('Ctrl Pts',(12.8991407749011,-2.73977621895273,7.61583835037433));
#7216=CARTESIAN_POINT('Ctrl Pts',(12.8992343911874,-2.74097374753328,7.60090265869655));
#7217=CARTESIAN_POINT('Ctrl Pts',(12.8992343911874,-2.74097374753328,7.58580499000484));
#7218=CARTESIAN_POINT('',(9.85000076120127,-1.32507956889875,8.08580499000484));
#7219=CARTESIAN_POINT('Ctrl Pts',(12.7514866327632,-1.90461593481393,8.08580017106273));
#7220=CARTESIAN_POINT('Ctrl Pts',(12.5160140656497,-1.7116101028482,8.08580017106273));
#7221=CARTESIAN_POINT('Ctrl Pts',(11.9509462269753,-1.34917938519744,8.08580017106273));
#7222=CARTESIAN_POINT('Ctrl Pts',(10.9268570260321,-1.11466772092155,8.08580017106273));
#7223=CARTESIAN_POINT('Ctrl Pts',(10.1998987009265,-1.23287777730683,8.08580017106273));
#7224=CARTESIAN_POINT('Ctrl Pts',(9.85055785005239,-1.3271446532896,8.08580017106273));
#7225=CARTESIAN_POINT('Ctrl Pts',(9.97733319601147,-1.50010571167428,8.04340132972163));
#7226=CARTESIAN_POINT('Ctrl Pts',(9.95782435660537,-1.48966485588837,8.04995848915118));
#7227=CARTESIAN_POINT('Ctrl Pts',(9.94000772376957,-1.47825469594327,8.05591891966992));
#7228=CARTESIAN_POINT('Ctrl Pts',(9.92426629492934,-1.46573338266914,8.06116909656388));
#7229=CARTESIAN_POINT('Ctrl Pts',(9.90304013736497,-1.44884931381066,8.06824857347306));
#7230=CARTESIAN_POINT('Ctrl Pts',(9.8840003706934,-1.42868066919356,8.07456385861679));
#7231=CARTESIAN_POINT('Ctrl Pts',(9.8705078407944,-1.40451867010977,8.07902876942238));
#7232=CARTESIAN_POINT('Ctrl Pts',(9.8637971567926,-1.39250138781233,8.08124945047603));
#7233=CARTESIAN_POINT('Ctrl Pts',(9.85861807680156,-1.37978154260517,8.08296016774308));
#7234=CARTESIAN_POINT('Ctrl Pts',(9.85514245410813,-1.36633042125395,8.08410772669877));
#7235=CARTESIAN_POINT('Ctrl Pts',(9.851656698997,-1.35284008610079,8.08525863111157));
#7236=CARTESIAN_POINT('Ctrl Pts',(9.85000000000001,-1.33906000189272,8.08580499000484));
#7237=CARTESIAN_POINT('Ctrl Pts',(9.85000000000001,-1.32507977424694,8.08580499000484));
#7238=CARTESIAN_POINT('Ctrl Pts',(9.21121238310426,-2.07975979414199,6.58553894004536));
#7239=CARTESIAN_POINT('Ctrl Pts',(9.21121238310426,-2.07975979414199,8.23583159500079));
#7240=CARTESIAN_POINT('Ctrl Pts',(9.46469918703638,-1.97172026979101,6.58553894004536));
#7241=CARTESIAN_POINT('Ctrl Pts',(9.46469918703638,-1.97172026979101,8.23583159500079));
#7242=CARTESIAN_POINT('Ctrl Pts',(9.94074579913145,-1.79489263528361,6.58553894004536));
#7243=CARTESIAN_POINT('Ctrl Pts',(9.94074579913145,-1.79489263528361,8.23583159500079));
#7244=CARTESIAN_POINT('Ctrl Pts',(10.5621181945511,-1.64729949590201,6.58553894004536));
#7245=CARTESIAN_POINT('Ctrl Pts',(10.5621181945511,-1.64729949590201,8.23583159500079));
#7246=CARTESIAN_POINT('Ctrl Pts',(11.2307946098159,-1.65334649605773,6.58553894004536));
#7247=CARTESIAN_POINT('Ctrl Pts',(11.2307946098159,-1.65334649605773,8.23583159500079));
#7248=CARTESIAN_POINT('Ctrl Pts',(11.889333372078,-1.88593651030753,6.58553894004536));
#7249=CARTESIAN_POINT('Ctrl Pts',(11.889333372078,-1.88593651030753,8.23583159500079));
#7250=CARTESIAN_POINT('Ctrl Pts',(12.3291487888388,-2.1824455363345,6.58553894004536));
#7251=CARTESIAN_POINT('Ctrl Pts',(12.3291487888388,-2.1824455363345,8.23583159500079));
#7252=CARTESIAN_POINT('Ctrl Pts',(12.626143397021,-2.44654084472044,6.58553894004536));
#7253=CARTESIAN_POINT('Ctrl Pts',(12.626143397021,-2.44654084472044,8.23583159500079));
#7254=CARTESIAN_POINT('Ctrl Pts',(12.8104814151667,-2.63993911028602,6.58553894004536));
#7255=CARTESIAN_POINT('Ctrl Pts',(12.8104814151667,-2.63993911028602,8.23583159500079));
#7256=CARTESIAN_POINT('Ctrl Pts',(12.8992343911874,-2.74097374753328,6.58553894004536));
#7257=CARTESIAN_POINT('Ctrl Pts',(12.8992343911874,-2.74097374753328,8.23583159500079));
#7258=CARTESIAN_POINT('',(12.8992343911874,-2.74097374753328,7.08553894004536));
#7259=CARTESIAN_POINT('Ctrl Pts',(12.8992343911874,-2.74097374753329,7.08553894004536));
#7260=CARTESIAN_POINT('Ctrl Pts',(12.5718910222781,-2.36833251322337,7.08553894004536));
#7261=CARTESIAN_POINT('Ctrl Pts',(11.9995186088437,-1.90913653825773,7.08553894004536));
#7262=CARTESIAN_POINT('Ctrl Pts',(11.3552272801283,-1.73246802028734,7.08553894004536));
#7263=CARTESIAN_POINT('Ctrl Pts',(11.1440063833626,-1.70470423546618,7.08553894004536));
#7264=CARTESIAN_POINT('',(12.8992343911874,-2.74097374753328,6.58553894004536));
#7265=CARTESIAN_POINT('Ctrl Pts',(10.7372673934043,-1.18579769574219,6.58553894004536));
#7266=CARTESIAN_POINT('Ctrl Pts',(11.1537971445826,-1.17297235337886,6.58553894004536));
#7267=CARTESIAN_POINT('Ctrl Pts',(12.1341036895776,-1.36002839756798,6.58553894004536));
#7268=CARTESIAN_POINT('Ctrl Pts',(12.9082408475036,-1.99361354955291,6.58553894004536));
#7269=CARTESIAN_POINT('Ctrl Pts',(13.2748814298978,-2.41098995655542,6.58553894004536));
#7270=CARTESIAN_POINT('Ctrl Pts',(10.7412960086818,-1.31663538191077,6.58553894004536));
#7271=CARTESIAN_POINT('Ctrl Pts',(11.1406285552184,-1.30433955763492,6.58553894004536));
#7272=CARTESIAN_POINT('Ctrl Pts',(12.0698665572111,-1.4805695951381,6.58553894004536));
#7273=CARTESIAN_POINT('Ctrl Pts',(12.8202036393013,-2.09173634005813,6.58553894004536));
#7274=CARTESIAN_POINT('Ctrl Pts',(13.1765372651348,-2.49737951101706,6.58553894004536));
#7275=CARTESIAN_POINT('Ctrl Pts',(10.749321932656,-1.57729400771933,6.69385708674058));
#7276=CARTESIAN_POINT('Ctrl Pts',(11.1145616614585,-1.56604793333129,6.69385708674058));
#7277=CARTESIAN_POINT('Ctrl Pts',(11.9421873604755,-1.72067103808961,6.69385708674058));
#7278=CARTESIAN_POINT('Ctrl Pts',(12.6447127049669,-2.28710481469849,6.69385708674058));
#7279=CARTESIAN_POINT('Ctrl Pts',(12.9806131732767,-2.66948728217692,6.69385708674058));
#7280=CARTESIAN_POINT('Ctrl Pts',(10.7526555702498,-1.68556084365665,6.95463924614579));
#7281=CARTESIAN_POINT('Ctrl Pts',(11.1034798218252,-1.6747586353556,6.95463924614579));
#7282=CARTESIAN_POINT('Ctrl Pts',(11.8887059401389,-1.82046633644601,6.95463924614579));
#7283=CARTESIAN_POINT('Ctrl Pts',(12.5719736815289,-2.36842661088403,6.95463924614579));
#7284=CARTESIAN_POINT('Ctrl Pts',(12.8992343911874,-2.74097374753329,6.95463924614579));
#7285=CARTESIAN_POINT('Ctrl Pts',(10.7526555702498,-1.68556084365665,7.08553894004536));
#7286=CARTESIAN_POINT('Ctrl Pts',(11.103617739167,-1.67475438875107,7.08553894004536));
#7287=CARTESIAN_POINT('Ctrl Pts',(11.8889489077193,-1.82043002390143,7.08553894004536));
#7288=CARTESIAN_POINT('Ctrl Pts',(12.5718910222781,-2.36833251322337,7.08553894004536));
#7289=CARTESIAN_POINT('Ctrl Pts',(12.8992343911874,-2.74097374753329,7.08553894004536));
#7290=CARTESIAN_POINT('',(12.7514866190496,-1.90461595154459,6.58553894004536));
#7291=CARTESIAN_POINT('Ctrl Pts',(10.7372673934043,-1.18579769574219,6.58553894004536));
#7292=CARTESIAN_POINT('Ctrl Pts',(11.1537971445826,-1.17297235337886,6.58553894004536));
#7293=CARTESIAN_POINT('Ctrl Pts',(11.8896235552759,-1.31337820734046,6.58553894004536));
#7294=CARTESIAN_POINT('Ctrl Pts',(12.5092914329011,-1.70536440924402,6.58553894004536));
#7295=CARTESIAN_POINT('Ctrl Pts',(12.752264999546,-1.90365394913841,6.58553894004536));
#7296=CARTESIAN_POINT('Ctrl Pts',(12.7509190060532,-1.90255598944395,6.58553894004536));
#7297=CARTESIAN_POINT('Ctrl Pts',(12.7514111705816,-1.90430067888682,6.58553894004536));
#7298=CARTESIAN_POINT('Ctrl Pts',(12.7519015768578,-1.906045869712,6.5855423529786));
#7299=CARTESIAN_POINT('Ctrl Pts',(12.7523902465718,-1.9077915258845,6.58554918426383));
#7300=CARTESIAN_POINT('Ctrl Pts',(12.7624512610109,-1.9437321038577,6.58568983071138));
#7301=CARTESIAN_POINT('Ctrl Pts',(12.7718840834354,-1.98000748119222,6.5872809036277));
#7302=CARTESIAN_POINT('Ctrl Pts',(12.7807046384921,-2.01635472238576,6.5903750836503));
#7303=CARTESIAN_POINT('Ctrl Pts',(12.7895664241131,-2.05287186414222,6.59348372702447));
#7304=CARTESIAN_POINT('Ctrl Pts',(12.7978101483478,-2.08946128736945,6.59810961391063));
#7305=CARTESIAN_POINT('Ctrl Pts',(12.805500661298,-2.12584265150708,6.60429097233925));
#7306=CARTESIAN_POINT('Ctrl Pts',(12.8120833341831,-2.15698317760446,6.60958188866486));
#7307=CARTESIAN_POINT('Ctrl Pts',(12.8182615191216,-2.18797096983704,6.61601217642747));
#7308=CARTESIAN_POINT('Ctrl Pts',(12.8241041866546,-2.21862432542414,6.62359664197261));
#7309=CARTESIAN_POINT('Ctrl Pts',(12.8315299199403,-2.25758318139434,6.6332361119466));
#7310=CARTESIAN_POINT('Ctrl Pts',(12.8382211924403,-2.29521696420205,6.64455340688864));
#7311=CARTESIAN_POINT('Ctrl Pts',(12.8442652328289,-2.33122847543541,6.65743330422355));
#7312=CARTESIAN_POINT('Ctrl Pts',(12.8503742125797,-2.36762690740744,6.67045158784719));
#7313=CARTESIAN_POINT('Ctrl Pts',(12.8558215712309,-2.40236888832927,6.68506667346771));
#7314=CARTESIAN_POINT('Ctrl Pts',(12.8607262117073,-2.43514618136706,6.70120351745731));
#7315=CARTESIAN_POINT('Ctrl Pts',(12.8633281022092,-2.45253439317191,6.70976404320999));
#7316=CARTESIAN_POINT('Ctrl Pts',(12.8657777781066,-2.46936959032314,6.71875352682862));
#7317=CARTESIAN_POINT('Ctrl Pts',(12.8680968673857,-2.4856042919528,6.72816506622886));
#7318=CARTESIAN_POINT('Ctrl Pts',(12.8684078809286,-2.48778153114608,6.72942724972436));
#7319=CARTESIAN_POINT('Ctrl Pts',(12.8687163784233,-2.48994716101344,6.73069659996934));
#7320=CARTESIAN_POINT('Ctrl Pts',(12.8690224000307,-2.49210106700393,6.73197308991808));
#7321=CARTESIAN_POINT('Ctrl Pts',(12.8734916774814,-2.52355768065913,6.75061552432769));
#7322=CARTESIAN_POINT('Ctrl Pts',(12.8774309212879,-2.55251639199048,6.77077731172614));
#7323=CARTESIAN_POINT('Ctrl Pts',(12.8808496868339,-2.57872682517971,6.7922200602289));
#7324=CARTESIAN_POINT('Ctrl Pts',(12.8841213212013,-2.60380925708474,6.81273999117755));
#7325=CARTESIAN_POINT('Ctrl Pts',(12.8869164916318,-2.6263750432251,6.83443443390386));
#7326=CARTESIAN_POINT('Ctrl Pts',(12.8892637996189,-2.64617375325958,6.85711939746646));
#7327=CARTESIAN_POINT('Ctrl Pts',(12.8910601788331,-2.66132557456709,6.87448004943164));
#7328=CARTESIAN_POINT('Ctrl Pts',(12.8926473787208,-2.6752798125893,6.89290095988445));
#7329=CARTESIAN_POINT('Ctrl Pts',(12.8939830345611,-2.68757575653036,6.9123514423073));
#7330=CARTESIAN_POINT('Ctrl Pts',(12.8952258990086,-2.69901747011561,6.93045065047254));
#7331=CARTESIAN_POINT('Ctrl Pts',(12.8962517049293,-2.70902333109807,6.94944143990782));
#7332=CARTESIAN_POINT('Ctrl Pts',(12.8970564043628,-2.71720046616435,6.96926322469338));
#7333=CARTESIAN_POINT('Ctrl Pts',(12.8971164826613,-2.71781096536494,6.97074310531999));
#7334=CARTESIAN_POINT('Ctrl Pts',(12.8971753402961,-2.718411260299,6.97222759981338));
#7335=CARTESIAN_POINT('Ctrl Pts',(12.8972329810944,-2.71900118203164,6.97371667397102));
#7336=CARTESIAN_POINT('Ctrl Pts',(12.8980770675621,-2.72763994079853,6.99552253688801));
#7337=CARTESIAN_POINT('Ctrl Pts',(12.8986364138014,-2.733896142971,7.0179281271878));
#7338=CARTESIAN_POINT('Ctrl Pts',(12.8989434806672,-2.73747627999937,7.04081671780515));
#7339=CARTESIAN_POINT('Ctrl Pts',(12.8991409686151,-2.73977882056555,7.05553735782018));
#7340=CARTESIAN_POINT('Ctrl Pts',(12.8992343911874,-2.74097374753328,7.07045735748912));
#7341=CARTESIAN_POINT('Ctrl Pts',(12.8992343911874,-2.74097374753328,7.08553894004536));
#7342=CARTESIAN_POINT('Origin',(11.2704572274075,-1.26152018449542,6.58553894004536));
#7343=CARTESIAN_POINT('',(12.5450505089708,-0.659670715924711,6.58553894004536));
#7344=CARTESIAN_POINT('Ctrl Pts',(12.5450755225923,-0.659619236825729,6.58553894004537));
#7345=CARTESIAN_POINT('Ctrl Pts',(12.4878114371285,-0.631794740761986,6.58553894004537));
#7346=CARTESIAN_POINT('Ctrl Pts',(12.3071622746634,-0.546661455126707,6.58553894004537));
#7347=CARTESIAN_POINT('Ctrl Pts',(11.9968059248981,-0.417938398930663,6.58553894004537));
#7348=CARTESIAN_POINT('Ctrl Pts',(11.600796419823,-0.30691424457374,6.58553894004538));
#7349=CARTESIAN_POINT('Ctrl Pts',(11.2922563986955,-0.314623187574722,6.58553894004539));
#7350=CARTESIAN_POINT('Ctrl Pts',(11.089748099169,-0.338533483279752,6.58553894004539));
#7351=CARTESIAN_POINT('Ctrl Pts',(10.9549849974261,-0.356297693914591,6.58553894004539));
#7352=CARTESIAN_POINT('Ctrl Pts',(10.8119211978185,-0.377819311635841,6.58553894004539));
#7353=CARTESIAN_POINT('Ctrl Pts',(10.7023193118394,-0.394263355287978,6.58553894004538));
#7354=CARTESIAN_POINT('Ctrl Pts',(10.6598698018021,-0.400602103696318,6.58553894004538));
#7355=CARTESIAN_POINT('Ctrl Pts',(12.7512431283152,-1.90453013658003,6.58553894004539));
#7356=CARTESIAN_POINT('Ctrl Pts',(12.7513303219679,-1.90428305734573,6.58553894004539));
#7357=CARTESIAN_POINT('Ctrl Pts',(12.7556986994036,-1.89189359115521,6.58553894004539));
#7358=CARTESIAN_POINT('Ctrl Pts',(12.7681271587615,-1.85502102275704,6.58553894004539));
#7359=CARTESIAN_POINT('Ctrl Pts',(12.7823858141455,-1.80524090653171,6.58553894004539));
#7360=CARTESIAN_POINT('Ctrl Pts',(12.7929825915425,-1.75458163155514,6.58553894004539));
#7361=CARTESIAN_POINT('Ctrl Pts',(12.7984895696789,-1.71626355969936,6.58553894004539));
#7362=CARTESIAN_POINT('Ctrl Pts',(12.8010992204992,-1.67772331660491,6.58553894004539));
#7363=CARTESIAN_POINT('Ctrl Pts',(12.799260960345,-1.58753634087783,6.58553894004538));
#7364=CARTESIAN_POINT('Ctrl Pts',(12.7747531173194,-1.47287566846127,6.58553894004538));
#7365=CARTESIAN_POINT('Ctrl Pts',(12.7422653565077,-1.34886450456997,6.58553894004538));
#7366=CARTESIAN_POINT('Ctrl Pts',(12.7178345796156,-1.26224360277937,6.58553894004538));
#7367=CARTESIAN_POINT('Ctrl Pts',(12.6893955375127,-1.1630865095882,6.58553894004538));
#7368=CARTESIAN_POINT('Ctrl Pts',(12.6531987567229,-1.03892510123096,6.58553894004537));
#7369=CARTESIAN_POINT('Ctrl Pts',(12.6024524139643,-0.863218105252823,6.58553894004537));
#7370=CARTESIAN_POINT('Ctrl Pts',(12.5666421737655,-0.736691663296617,6.58553894004537));
#7371=CARTESIAN_POINT('Ctrl Pts',(12.5451213740233,-0.659650920143696,6.58553894004537));
#7372=CARTESIAN_POINT('Ctrl Pts',(12.4643169671828,-2.49430223661814,6.58553894004536));
#7373=CARTESIAN_POINT('Ctrl Pts',(12.515207565644,-2.40457477718562,6.58553894004536));
#7374=CARTESIAN_POINT('Ctrl Pts',(12.6135671190041,-2.22390193742113,6.58553894004538));
#7375=CARTESIAN_POINT('Ctrl Pts',(12.7072579307413,-2.02464618085759,6.58553894004538));
#7376=CARTESIAN_POINT('Ctrl Pts',(12.7516675346434,-1.90385319081796,6.58553894004539));
#7377=CARTESIAN_POINT('Ctrl Pts',(12.7681271587615,-1.85502102275704,6.58553894004539));
#7378=CARTESIAN_POINT('Ctrl Pts',(12.7823858141455,-1.80524090653171,6.58553894004539));
#7379=CARTESIAN_POINT('Ctrl Pts',(12.7929825915425,-1.75458163155514,6.58553894004539));
#7380=CARTESIAN_POINT('Ctrl Pts',(12.7984895696789,-1.71626355969936,6.58553894004539));
#7381=CARTESIAN_POINT('Ctrl Pts',(12.8010992204992,-1.67772331660491,6.58553894004539));
#7382=CARTESIAN_POINT('Ctrl Pts',(12.799260960345,-1.58753634087783,6.58553894004538));
#7383=CARTESIAN_POINT('Ctrl Pts',(12.7747531173194,-1.47287566846127,6.58553894004538));
#7384=CARTESIAN_POINT('Ctrl Pts',(12.7422653565077,-1.34886450456997,6.58553894004538));
#7385=CARTESIAN_POINT('Ctrl Pts',(12.7178345796156,-1.26224360277937,6.58553894004538));
#7386=CARTESIAN_POINT('Ctrl Pts',(12.6893955375127,-1.1630865095882,6.58553894004538));
#7387=CARTESIAN_POINT('Ctrl Pts',(12.6531987567229,-1.03892510123096,6.58553894004537));
#7388=CARTESIAN_POINT('Ctrl Pts',(12.5817591141094,-0.79156845807165,6.58553894004538));
#7389=CARTESIAN_POINT('Ctrl Pts',(12.5262001756464,-0.592968615214762,6.58553894004536));
#7390=CARTESIAN_POINT('Ctrl Pts',(12.4855413879574,-0.443674206556709,6.58553894004536));
#7391=CARTESIAN_POINT('Ctrl Pts',(12.5781780825304,-2.55888068716321,6.58553894004536));
#7392=CARTESIAN_POINT('Ctrl Pts',(12.6298207201354,-2.46782727433625,6.58553894004536));
#7393=CARTESIAN_POINT('Ctrl Pts',(12.7299161314238,-2.28387423361586,6.58553894004538));
#7394=CARTESIAN_POINT('Ctrl Pts',(12.8270725098542,-2.07775548968108,6.58553894004538));
#7395=CARTESIAN_POINT('Ctrl Pts',(12.8750376552927,-1.94738085378436,6.58553894004539));
#7396=CARTESIAN_POINT('Ctrl Pts',(12.8930928072275,-1.8938101805354,6.58553894004539));
#7397=CARTESIAN_POINT('Ctrl Pts',(12.909226765951,-1.83768595554979,6.58553894004539));
#7398=CARTESIAN_POINT('Ctrl Pts',(12.92184861398,-1.77757170611479,6.58553894004539));
#7399=CARTESIAN_POINT('Ctrl Pts',(12.9286834634582,-1.7301654970676,6.58553894004539));
#7400=CARTESIAN_POINT('Ctrl Pts',(12.9320833732711,-1.68077245437761,6.58553894004539));
#7401=CARTESIAN_POINT('Ctrl Pts',(12.9294480748565,-1.56600449595566,6.58553894004538));
#7402=CARTESIAN_POINT('Ctrl Pts',(12.901903198812,-1.44190404891213,6.58553894004538));
#7403=CARTESIAN_POINT('Ctrl Pts',(12.8687561993775,-1.31401620449422,6.58553894004538));
#7404=CARTESIAN_POINT('Ctrl Pts',(12.8438562900683,-1.2262115186444,6.58553894004538));
#7405=CARTESIAN_POINT('Ctrl Pts',(12.8152687783286,-1.12636134220184,6.58553894004538));
#7406=CARTESIAN_POINT('Ctrl Pts',(12.7790008495134,-1.00223755080425,6.58553894004537));
#7407=CARTESIAN_POINT('Ctrl Pts',(12.7078173425669,-0.755618985920907,6.58553894004538));
#7408=CARTESIAN_POINT('Ctrl Pts',(12.6523706939162,-0.55809782659164,6.58553894004536));
#7409=CARTESIAN_POINT('Ctrl Pts',(12.6118410959284,-0.409277787710663,6.58553894004536));
#7410=CARTESIAN_POINT('Ctrl Pts',(12.8050154925201,-2.68753574572361,6.69385708674058));
#7411=CARTESIAN_POINT('Ctrl Pts',(12.8581490197201,-2.59385367967407,6.69385708674058));
#7412=CARTESIAN_POINT('Ctrl Pts',(12.9617386093874,-2.40310104443151,6.69385708674059));
#7413=CARTESIAN_POINT('Ctrl Pts',(13.0657796193321,-2.18329052716155,6.6938570867406));
#7414=CARTESIAN_POINT('Ctrl Pts',(13.1208014486285,-2.03387393039858,6.6938570867406));
#7415=CARTESIAN_POINT('Ctrl Pts',(13.1420193896287,-1.97091075892861,6.6938570867406));
#7416=CARTESIAN_POINT('Ctrl Pts',(13.1618726262379,-1.90219912625409,6.6938570867406));
#7417=CARTESIAN_POINT('Ctrl Pts',(13.1785098364306,-1.82333482931041,6.6938570867406));
#7418=CARTESIAN_POINT('Ctrl Pts',(13.1879776493952,-1.75790725019969,6.6938570867406));
#7419=CARTESIAN_POINT('Ctrl Pts',(13.1929445177995,-1.68699646943828,6.6938570867406));
#7420=CARTESIAN_POINT('Ctrl Pts',(13.1887307251691,-1.52347963507003,6.6938570867406));
#7421=CARTESIAN_POINT('Ctrl Pts',(13.1551716324384,-1.38058892258146,6.69385708674059));
#7422=CARTESIAN_POINT('Ctrl Pts',(13.1207170109996,-1.24502232631443,6.69385708674059));
#7423=CARTESIAN_POINT('Ctrl Pts',(13.0948898902079,-1.15483646921905,6.69385708674059));
#7424=CARTESIAN_POINT('Ctrl Pts',(13.0660078711461,-1.05361388181754,6.69385708674059));
#7425=CARTESIAN_POINT('Ctrl Pts',(13.0296069606677,-0.929467749824367,6.69385708674059));
#7426=CARTESIAN_POINT('Ctrl Pts',(12.958927839862,-0.684350770554889,6.69385708674059));
#7427=CARTESIAN_POINT('Ctrl Pts',(12.9037325144251,-0.488631864860014,6.69385708674058));
#7428=CARTESIAN_POINT('Ctrl Pts',(12.8634590302087,-0.340752246395345,6.69385708674058));
#7429=CARTESIAN_POINT('Ctrl Pts',(12.8992343911874,-2.74097374753328,6.95463924614579));
#7430=CARTESIAN_POINT('Ctrl Pts',(12.9529983117204,-2.64618020718543,6.95463924614579));
#7431=CARTESIAN_POINT('Ctrl Pts',(13.0579847113526,-2.45300474003872,6.95463924614581));
#7432=CARTESIAN_POINT('Ctrl Pts',(13.164914995649,-2.22753624107612,6.95463924614581));
#7433=CARTESIAN_POINT('Ctrl Pts',(13.2229084800012,-2.07013931086783,6.95463924614582));
#7434=CARTESIAN_POINT('Ctrl Pts',(13.2454641791392,-2.00320255446108,6.95463924614582));
#7435=CARTESIAN_POINT('Ctrl Pts',(13.2668876632987,-1.92918450892356,6.95463924614581));
#7436=CARTESIAN_POINT('Ctrl Pts',(13.2852215700505,-1.84240113523019,6.95463924614581));
#7437=CARTESIAN_POINT('Ctrl Pts',(13.2958019055491,-1.76936039727011,6.95463924614581));
#7438=CARTESIAN_POINT('Ctrl Pts',(13.3014308749757,-1.6893550244771,6.95463924614581));
#7439=CARTESIAN_POINT('Ctrl Pts',(13.2965472016986,-1.50525311134974,6.95463924614581));
#7440=CARTESIAN_POINT('Ctrl Pts',(13.2604350744203,-1.35453354220433,6.95463924614581));
#7441=CARTESIAN_POINT('Ctrl Pts',(13.225428626772,-1.21571004247946,6.95463924614581));
#7442=CARTESIAN_POINT('Ctrl Pts',(13.1992051455065,-1.12456972896367,6.95463924614581));
#7443=CARTESIAN_POINT('Ctrl Pts',(13.170198861661,-1.02276440477029,6.95463924614581));
#7444=CARTESIAN_POINT('Ctrl Pts',(13.1337294277306,-0.898756539109944,6.9546392461458));
#7445=CARTESIAN_POINT('Ctrl Pts',(13.0632687485453,-0.65421598973045,6.9546392461458));
#7446=CARTESIAN_POINT('Ctrl Pts',(13.0081359275361,-0.459771544734261,6.95463924614579));
#7447=CARTESIAN_POINT('Ctrl Pts',(12.9679707359891,-0.312289564540532,6.95463924614579));
#7448=CARTESIAN_POINT('Ctrl Pts',(12.8992343911874,-2.74097374753328,7.08553894004536));
#7449=CARTESIAN_POINT('Ctrl Pts',(12.9529922805519,-2.64619084100479,7.08553894004536));
#7450=CARTESIAN_POINT('Ctrl Pts',(13.0580082030481,-2.45279802254757,7.08553894004538));
#7451=CARTESIAN_POINT('Ctrl Pts',(13.1649224163115,-2.22731381349427,7.08553894004539));
#7452=CARTESIAN_POINT('Ctrl Pts',(13.2228939186936,-2.0699553728986,7.08553894004539));
#7453=CARTESIAN_POINT('Ctrl Pts',(13.2454365877203,-2.00305777750353,7.08553894004539));
#7454=CARTESIAN_POINT('Ctrl Pts',(13.2668463125038,-1.92908203023411,7.08553894004539));
#7455=CARTESIAN_POINT('Ctrl Pts',(13.2851645822968,-1.84236962768281,7.08553894004539));
#7456=CARTESIAN_POINT('Ctrl Pts',(13.2957346857554,-1.76939809831294,7.08553894004539));
#7457=CARTESIAN_POINT('Ctrl Pts',(13.3013575634991,-1.68947773640923,7.08553894004539));
#7458=CARTESIAN_POINT('Ctrl Pts',(13.2964815998084,-1.5055581811227,7.08553894004539));
#7459=CARTESIAN_POINT('Ctrl Pts',(13.2603992388256,-1.35485169069136,7.08553894004538));
#7460=CARTESIAN_POINT('Ctrl Pts',(13.22539749837,-1.21606471956441,7.08553894004538));
#7461=CARTESIAN_POINT('Ctrl Pts',(13.1991801001236,-1.12490568130265,7.08553894004538));
#7462=CARTESIAN_POINT('Ctrl Pts',(13.1701748658931,-1.02310722998267,7.08553894004538));
#7463=CARTESIAN_POINT('Ctrl Pts',(13.1337126266835,-0.899019478595238,7.08553894004537));
#7464=CARTESIAN_POINT('Ctrl Pts',(13.0632471068757,-0.65450452090151,7.08553894004538));
#7465=CARTESIAN_POINT('Ctrl Pts',(13.0081369636056,-0.459775349062934,7.08553894004536));
#7466=CARTESIAN_POINT('Ctrl Pts',(12.9679707359891,-0.312289564540532,7.08553894004536));
#7467=CARTESIAN_POINT('',(12.9679707359891,-0.312289564540533,7.08553894004536));
#7468=CARTESIAN_POINT('Ctrl Pts',(12.545045186047,-0.659378176120106,6.58553894004537));
#7469=CARTESIAN_POINT('Ctrl Pts',(12.5459367668634,-0.658634160183983,6.58553894004537));
#7470=CARTESIAN_POINT('Ctrl Pts',(12.5468283518616,-0.657890216980794,6.58554248037877));
#7471=CARTESIAN_POINT('Ctrl Pts',(12.5477199289504,-0.657146357038356,6.58554955293521));
#7472=CARTESIAN_POINT('Ctrl Pts',(12.5699013750884,-0.638639949174521,6.58572551027178));
#7473=CARTESIAN_POINT('Ctrl Pts',(12.5920593180357,-0.620200747886804,6.58808322777361));
#7474=CARTESIAN_POINT('Ctrl Pts',(12.6140058879214,-0.601990278096566,6.59251435193095));
#7475=CARTESIAN_POINT('Ctrl Pts',(12.6237858135078,-0.593875249626525,6.59448896868194));
#7476=CARTESIAN_POINT('Ctrl Pts',(12.6335236488092,-0.585805656458684,6.5968760179199));
#7477=CARTESIAN_POINT('Ctrl Pts',(12.6432017544772,-0.577795989498185,6.59966906726661));
#7478=CARTESIAN_POINT('Ctrl Pts',(12.6644384093123,-0.560220387575685,6.60579785186024));
#7479=CARTESIAN_POINT('Ctrl Pts',(12.6853486084953,-0.542965905540838,6.61386700867817));
#7480=CARTESIAN_POINT('Ctrl Pts',(12.7057370481779,-0.52618991640725,6.62381822953149));
#7481=CARTESIAN_POINT('Ctrl Pts',(12.7152184209167,-0.518388465756121,6.62844591245304));
#7482=CARTESIAN_POINT('Ctrl Pts',(12.7245865779407,-0.510690585713329,6.63348120296431));
#7483=CARTESIAN_POINT('Ctrl Pts',(12.733819345823,-0.503112738700654,6.63892113013161));
#7484=CARTESIAN_POINT('Ctrl Pts',(12.7539051199501,-0.486627224778261,6.65075562545771));
#7485=CARTESIAN_POINT('Ctrl Pts',(12.7732674843505,-0.470775279248867,6.66445237437163));
#7486=CARTESIAN_POINT('Ctrl Pts',(12.7916769458461,-0.455728411336927,6.67996861365116));
#7487=CARTESIAN_POINT('Ctrl Pts',(12.8082853567443,-0.442153621815154,6.69396685458887));
#7488=CARTESIAN_POINT('Ctrl Pts',(12.8241185470609,-0.42923398054168,6.7094468635441));
#7489=CARTESIAN_POINT('Ctrl Pts',(12.8389688061292,-0.417105922886221,6.72640422178769));
#7490=CARTESIAN_POINT('Ctrl Pts',(12.840579199088,-0.415790731106587,6.72824311296052));
#7491=CARTESIAN_POINT('Ctrl Pts',(12.8421779886651,-0.41448486011558,6.73009939907736));
#7492=CARTESIAN_POINT('Ctrl Pts',(12.8437648761485,-0.413188493069297,6.73197308991808));
#7493=CARTESIAN_POINT('Ctrl Pts',(12.850155819129,-0.407967576046847,6.7395190888951));
#7494=CARTESIAN_POINT('Ctrl Pts',(12.8563538302343,-0.402900777971541,6.74734737714774));
#7495=CARTESIAN_POINT('Ctrl Pts',(12.8623497925886,-0.397997230623732,6.75544696489831));
#7496=CARTESIAN_POINT('Ctrl Pts',(12.8767670110207,-0.386206710765945,6.77492232496711));
#7497=CARTESIAN_POINT('Ctrl Pts',(12.8899113940713,-0.375449703293699,6.79581826987956));
#7498=CARTESIAN_POINT('Ctrl Pts',(12.9016911722559,-0.365830810099193,6.81793635265698));
#7499=CARTESIAN_POINT('Ctrl Pts',(12.9130548488679,-0.356551688717258,6.8392731500075));
#7500=CARTESIAN_POINT('Ctrl Pts',(12.923148890392,-0.348331603349479,6.86174844533422));
#7501=CARTESIAN_POINT('Ctrl Pts',(12.9318457581794,-0.341277604390869,6.88519185062815));
#7502=CARTESIAN_POINT('Ctrl Pts',(12.9350125214123,-0.338709053839942,6.8937282243839));
#7503=CARTESIAN_POINT('Ctrl Pts',(12.9379935710953,-0.336295248976494,6.90239294994366));
#7504=CARTESIAN_POINT('Ctrl Pts',(12.9407810714974,-0.334041849573974,6.91117761089262));
#7505=CARTESIAN_POINT('Ctrl Pts',(12.9486109667858,-0.327712206948251,6.93585311419346));
#7506=CARTESIAN_POINT('Ctrl Pts',(12.9548347798023,-0.322716799104796,6.96121206941213));
#7507=CARTESIAN_POINT('Ctrl Pts',(12.9593499184467,-0.319115232487154,6.98703066637076));
#7508=CARTESIAN_POINT('Ctrl Pts',(12.9636891259025,-0.315653999964633,7.0118432484958));
#7509=CARTESIAN_POINT('Ctrl Pts',(12.9664504017966,-0.313480071677637,7.03708149993986));
#7510=CARTESIAN_POINT('Ctrl Pts',(12.9674971510295,-0.312659880905151,7.06254914760911));
#7511=CARTESIAN_POINT('Ctrl Pts',(12.9678113475513,-0.312413689095486,7.07019362067308));
#7512=CARTESIAN_POINT('Ctrl Pts',(12.9679707359891,-0.312289564540534,7.07785871644274));
#7513=CARTESIAN_POINT('Ctrl Pts',(12.9679707359891,-0.312289564540534,7.08553894004536));
#7514=CARTESIAN_POINT('Ctrl Pts',(12.9679707359891,-0.312289564540532,7.08553894004536));
#7515=CARTESIAN_POINT('Ctrl Pts',(13.0081369636056,-0.459775349062934,7.08553894004536));
#7516=CARTESIAN_POINT('Ctrl Pts',(13.0632471068757,-0.65450452090151,7.08553894004538));
#7517=CARTESIAN_POINT('Ctrl Pts',(13.1337126266835,-0.899019478595238,7.08553894004537));
#7518=CARTESIAN_POINT('Ctrl Pts',(13.1701748658931,-1.02310722998267,7.08553894004538));
#7519=CARTESIAN_POINT('Ctrl Pts',(13.1991801001236,-1.12490568130265,7.08553894004538));
#7520=CARTESIAN_POINT('Ctrl Pts',(13.22539749837,-1.21606471956441,7.08553894004538));
#7521=CARTESIAN_POINT('Ctrl Pts',(13.2603992388256,-1.35485169069136,7.08553894004538));
#7522=CARTESIAN_POINT('Ctrl Pts',(13.2964815998084,-1.5055581811227,7.08553894004539));
#7523=CARTESIAN_POINT('Ctrl Pts',(13.3013575634991,-1.68947773640923,7.08553894004539));
#7524=CARTESIAN_POINT('Ctrl Pts',(13.2957346857554,-1.76939809831294,7.08553894004539));
#7525=CARTESIAN_POINT('Ctrl Pts',(13.2851645822968,-1.84236962768281,7.08553894004539));
#7526=CARTESIAN_POINT('Ctrl Pts',(13.2668463125038,-1.92908203023411,7.08553894004539));
#7527=CARTESIAN_POINT('Ctrl Pts',(13.2454365877203,-2.00305777750353,7.08553894004539));
#7528=CARTESIAN_POINT('Ctrl Pts',(13.2228939186936,-2.0699553728986,7.08553894004539));
#7529=CARTESIAN_POINT('Ctrl Pts',(13.1649224163115,-2.22731381349427,7.08553894004539));
#7530=CARTESIAN_POINT('Ctrl Pts',(13.0580082030481,-2.45279802254757,7.08553894004538));
#7531=CARTESIAN_POINT('Ctrl Pts',(12.9529922805519,-2.64619084100479,7.08553894004536));
#7532=CARTESIAN_POINT('Ctrl Pts',(12.8992343911874,-2.74097374753328,7.08553894004536));
#7533=CARTESIAN_POINT('Ctrl Pts',(9.91684346485007,0.,7.08553894004536));
#7534=CARTESIAN_POINT('Ctrl Pts',(10.1815199945959,0.0333707575508554,7.08553894004536));
#7535=CARTESIAN_POINT('Ctrl Pts',(10.5055895838556,0.0821453321979246,7.08553894004539));
#7536=CARTESIAN_POINT('Ctrl Pts',(10.8811824567876,0.138993936870447,7.08553894004539));
#7537=CARTESIAN_POINT('Ctrl Pts',(11.0263188488501,0.157899840837257,7.08553894004539));
#7538=CARTESIAN_POINT('Ctrl Pts',(11.2474877668501,0.185301883577573,7.08553894004539));
#7539=CARTESIAN_POINT('Ctrl Pts',(11.6712648497578,0.195514794717524,7.08553894004539));
#7540=CARTESIAN_POINT('Ctrl Pts',(12.1727446244225,0.0514101589065436,7.08553894004537));
#7541=CARTESIAN_POINT('Ctrl Pts',(12.5809249020798,-0.11919854354532,7.08553894004537));
#7542=CARTESIAN_POINT('Ctrl Pts',(12.8413571106625,-0.24712789156964,7.08553894004536));
#7543=CARTESIAN_POINT('Ctrl Pts',(12.9679707359891,-0.312289564540531,7.08553894004536));
#7544=CARTESIAN_POINT('Ctrl Pts',(9.91684346485007,0.,6.95463924614579));
#7545=CARTESIAN_POINT('Ctrl Pts',(10.1815086735662,0.0333693301808674,6.95463924614579));
#7546=CARTESIAN_POINT('Ctrl Pts',(10.5053298863432,0.082177062730924,6.95463924614582));
#7547=CARTESIAN_POINT('Ctrl Pts',(10.8809367230925,0.139028304283386,6.95463924614582));
#7548=CARTESIAN_POINT('Ctrl Pts',(11.0260885782501,0.157937587793299,6.95463924614582));
#7549=CARTESIAN_POINT('Ctrl Pts',(11.2472707683402,0.185351206051786,6.95463924614581));
#7550=CARTESIAN_POINT('Ctrl Pts',(11.6712721397379,0.195571530570923,6.95463924614581));
#7551=CARTESIAN_POINT('Ctrl Pts',(12.1728338536741,0.0514234507357208,6.9546392461458));
#7552=CARTESIAN_POINT('Ctrl Pts',(12.58101474155,-0.119203062203585,6.9546392461458));
#7553=CARTESIAN_POINT('Ctrl Pts',(12.8413452029121,-0.247121763248668,6.95463924614579));
#7554=CARTESIAN_POINT('Ctrl Pts',(12.9679707359891,-0.312289564540531,6.95463924614579));
#7555=CARTESIAN_POINT('Ctrl Pts',(9.93039119868164,-0.107452375661377,6.69384200614806));
#7556=CARTESIAN_POINT('Ctrl Pts',(10.1962397106913,-0.0739338530781749,
6.69384200614806));
#7557=CARTESIAN_POINT('Ctrl Pts',(10.5231219613981,-0.0248687563105613,
6.69384200614809));
#7558=CARTESIAN_POINT('Ctrl Pts',(10.8973025617068,0.0316919885810059,6.69384200614808));
#7559=CARTESIAN_POINT('Ctrl Pts',(11.040183601973,0.0503487515835073,6.69384200614809));
#7560=CARTESIAN_POINT('Ctrl Pts',(11.2573032770429,0.076988147268677,6.69384200614808));
#7561=CARTESIAN_POINT('Ctrl Pts',(11.6559969797849,0.0866546403314423,6.69384200614808));
#7562=CARTESIAN_POINT('Ctrl Pts',(12.1345865579835,-0.0502608661661967,
6.69384200614807));
#7563=CARTESIAN_POINT('Ctrl Pts',(12.5360672932685,-0.217797045416232,6.69384200614807));
#7564=CARTESIAN_POINT('Ctrl Pts',(12.7930299169101,-0.344060644346356,6.69384200614806));
#7565=CARTESIAN_POINT('Ctrl Pts',(12.9184108211249,-0.408587897682383,6.69384200614806));
#7566=CARTESIAN_POINT('Ctrl Pts',(9.96301457416527,-0.366201125924036,6.58553894004536));
#7567=CARTESIAN_POINT('Ctrl Pts',(10.2316616160377,-0.332329761093578,6.58553894004536));
#7568=CARTESIAN_POINT('Ctrl Pts',(10.5647981797704,-0.282495836687204,6.58553894004539));
#7569=CARTESIAN_POINT('Ctrl Pts',(10.9356071420914,-0.226622760942449,6.58553894004539));
#7570=CARTESIAN_POINT('Ctrl Pts',(11.0730895136379,-0.208558880094055,6.58553894004539));
#7571=CARTESIAN_POINT('Ctrl Pts',(11.2804861975741,-0.183731790595227,6.58553894004539));
#7572=CARTESIAN_POINT('Ctrl Pts',(11.6192466846745,-0.175365608913121,6.58553894004538));
#7573=CARTESIAN_POINT('Ctrl Pts',(12.0428870466535,-0.295060183377014,6.58553894004537));
#7574=CARTESIAN_POINT('Ctrl Pts',(12.4282363443423,-0.45523482095974,6.58553894004537));
#7575=CARTESIAN_POINT('Ctrl Pts',(12.6766316258049,-0.57746500963539,6.58553894004536));
#7576=CARTESIAN_POINT('Ctrl Pts',(12.7990689642762,-0.640477357542761,6.58553894004536));
#7577=CARTESIAN_POINT('Ctrl Pts',(9.97938894171922,-0.496072639160044,6.58553894004536));
#7578=CARTESIAN_POINT('Ctrl Pts',(10.2494476266868,-0.462023292551148,6.58553894004536));
#7579=CARTESIAN_POINT('Ctrl Pts',(10.5858769677728,-0.411823983121432,6.58553894004539));
#7580=CARTESIAN_POINT('Ctrl Pts',(10.9549849974261,-0.356297693914591,6.58553894004539));
#7581=CARTESIAN_POINT('Ctrl Pts',(11.089748099169,-0.338533483279752,6.58553894004539));
#7582=CARTESIAN_POINT('Ctrl Pts',(11.2922563986955,-0.314623187574722,6.58553894004539));
#7583=CARTESIAN_POINT('Ctrl Pts',(11.600796419823,-0.30691424457374,6.58553894004538));
#7584=CARTESIAN_POINT('Ctrl Pts',(11.9968059248981,-0.417938398930663,6.58553894004537));
#7585=CARTESIAN_POINT('Ctrl Pts',(12.3740581328206,-0.574407107230735,6.58553894004537));
#7586=CARTESIAN_POINT('Ctrl Pts',(12.6182162065087,-0.694619425771902,6.58553894004536));
#7587=CARTESIAN_POINT('Ctrl Pts',(12.739168742437,-0.756867620394184,6.58553894004536));
#7588=CARTESIAN_POINT('',(9.916843464884,2.13903547652272E-12,7.08553894004536));
#7589=CARTESIAN_POINT('Ctrl Pts',(10.7627272754593,-1.38777878078145E-16,
6.76205381725034));
#7590=CARTESIAN_POINT('Ctrl Pts',(10.5281520549586,-1.38777878078145E-16,
6.80294707002594));
#7591=CARTESIAN_POINT('Ctrl Pts',(10.2927902963994,0.,6.85948721905199));
#7592=CARTESIAN_POINT('Ctrl Pts',(10.0803096279863,0.,6.94074607820323));
#7593=CARTESIAN_POINT('Ctrl Pts',(10.0259503463834,-2.29261054585095E-13,
6.96527572453628));
#7594=CARTESIAN_POINT('Ctrl Pts',(9.96845202020645,-2.29261054585095E-13,
7.00434294197994));
#7595=CARTESIAN_POINT('Ctrl Pts',(9.95138971412572,-6.24851884950558E-16,
7.01797736980093));
#7596=CARTESIAN_POINT('Ctrl Pts',(9.9315874115573,-6.24310490532684E-16,
7.04178023166244));
#7597=CARTESIAN_POINT('Ctrl Pts',(9.92550661479109,5.63210628018624E-20,
7.05109152791482));
#7598=CARTESIAN_POINT('Ctrl Pts',(9.91853068851204,-4.34494780835159E-20,
7.06904224257046));
#7599=CARTESIAN_POINT('Ctrl Pts',(9.91684346485007,0.,7.07715157253284));
#7600=CARTESIAN_POINT('Ctrl Pts',(9.91684346485007,0.,7.08553894004536));
#7601=CARTESIAN_POINT('Ctrl Pts',(9.91684346485007,0.,7.08553894004536));
#7602=CARTESIAN_POINT('Ctrl Pts',(10.1815199945959,0.0333707575508554,7.08553894004536));
#7603=CARTESIAN_POINT('Ctrl Pts',(10.5055895838556,0.0821453321979246,7.08553894004539));
#7604=CARTESIAN_POINT('Ctrl Pts',(10.8811824567876,0.138993936870447,7.08553894004539));
#7605=CARTESIAN_POINT('Ctrl Pts',(11.0263188488501,0.157899840837257,7.08553894004539));
#7606=CARTESIAN_POINT('Ctrl Pts',(11.2474877668501,0.185301883577573,7.08553894004539));
#7607=CARTESIAN_POINT('Ctrl Pts',(11.6712648497578,0.195514794717524,7.08553894004539));
#7608=CARTESIAN_POINT('Ctrl Pts',(12.1727446244225,0.0514101589065436,7.08553894004537));
#7609=CARTESIAN_POINT('Ctrl Pts',(12.5809249020798,-0.11919854354532,7.08553894004537));
#7610=CARTESIAN_POINT('Ctrl Pts',(12.8413571106625,-0.24712789156964,7.08553894004536));
#7611=CARTESIAN_POINT('Ctrl Pts',(12.9679707359891,-0.312289564540531,7.08553894004536));
#7612=CARTESIAN_POINT('Ctrl Pts',(12.8992343911874,-2.74097374753328,6.58553894004536));
#7613=CARTESIAN_POINT('Ctrl Pts',(12.8992343911874,-2.74097374753328,8.23583159500079));
#7614=CARTESIAN_POINT('Ctrl Pts',(12.9790748142514,-2.60020357508158,6.58553894004536));
#7615=CARTESIAN_POINT('Ctrl Pts',(12.9790748142514,-2.60020357508158,8.23583159500079));
#7616=CARTESIAN_POINT('Ctrl Pts',(13.116694197419,-2.34340288837765,6.58553894004536));
#7617=CARTESIAN_POINT('Ctrl Pts',(13.116694197419,-2.34340288837765,8.23583159500079));
#7618=CARTESIAN_POINT('Ctrl Pts',(13.2569980049552,-2.03234263916979,6.58553894004536));
#7619=CARTESIAN_POINT('Ctrl Pts',(13.2569980049552,-2.03234263916979,8.23583159500079));
#7620=CARTESIAN_POINT('Ctrl Pts',(13.3297020717107,-1.73553164304683,6.58553894004536));
#7621=CARTESIAN_POINT('Ctrl Pts',(13.3297020717107,-1.73553164304683,8.23583159500079));
#7622=CARTESIAN_POINT('Ctrl Pts',(13.2911471158688,-1.42536568959071,6.58553894004536));
#7623=CARTESIAN_POINT('Ctrl Pts',(13.2911471158688,-1.42536568959071,8.23583159500079));
#7624=CARTESIAN_POINT('Ctrl Pts',(13.1930252517446,-1.10415765682515,6.58553894004536));
#7625=CARTESIAN_POINT('Ctrl Pts',(13.1930252517446,-1.10415765682515,8.23583159500079));
#7626=CARTESIAN_POINT('Ctrl Pts',(13.0912076938068,-0.758518091731197,6.58553894004536));
#7627=CARTESIAN_POINT('Ctrl Pts',(13.0912076938068,-0.758518091731197,8.23583159500079));
#7628=CARTESIAN_POINT('Ctrl Pts',(13.0110905800056,-0.470620689981606,6.58553894004536));
#7629=CARTESIAN_POINT('Ctrl Pts',(13.0110905800056,-0.470620689981606,8.23583159500079));
#7630=CARTESIAN_POINT('Ctrl Pts',(12.9679707359891,-0.312289564540533,6.58553894004536));
#7631=CARTESIAN_POINT('Ctrl Pts',(12.9679707359891,-0.312289564540533,8.23583159500079));
#7632=CARTESIAN_POINT('',(12.9679707359891,-0.312289564540533,7.58580499000484));
#7633=CARTESIAN_POINT('',(12.9679707359891,-0.312289564540533,6.58553894004536));
#7634=CARTESIAN_POINT('Ctrl Pts',(12.8992343911874,-2.7409737475333,7.58580499000484));
#7635=CARTESIAN_POINT('Ctrl Pts',(13.006747742151,-2.55141221497646,7.58580499000484));
#7636=CARTESIAN_POINT('Ctrl Pts',(13.1382617537978,-2.31838170827023,7.58580499000483));
#7637=CARTESIAN_POINT('Ctrl Pts',(13.2636760095665,-1.95742134477903,7.58580499000483));
#7638=CARTESIAN_POINT('Ctrl Pts',(13.2991227356619,-1.77508709799265,7.58580499000483));
#7639=CARTESIAN_POINT('Ctrl Pts',(13.3027555189226,-1.64899330656196,7.58580499000483));
#7640=CARTESIAN_POINT('Ctrl Pts',(13.297363563477,-1.57700221133176,7.58580499000483));
#7641=CARTESIAN_POINT('Ctrl Pts',(13.2927793237857,-1.53195552297009,7.58580499000483));
#7642=CARTESIAN_POINT('Ctrl Pts',(13.2824232465795,-1.46103075819466,7.58580499000483));
#7643=CARTESIAN_POINT('Ctrl Pts',(13.2579915794182,-1.34229175552746,7.58580499000483));
#7644=CARTESIAN_POINT('Ctrl Pts',(13.2282713604919,-1.23088069391099,7.58580499000483));
#7645=CARTESIAN_POINT('Ctrl Pts',(13.1988876069278,-1.12577851659526,7.58580499000483));
#7646=CARTESIAN_POINT('Ctrl Pts',(13.1696343713939,-1.02409128499732,7.58580499000483));
#7647=CARTESIAN_POINT('Ctrl Pts',(13.090294212486,-0.751871853133633,7.58580499000483));
#7648=CARTESIAN_POINT('Ctrl Pts',(13.0215244968443,-0.508932836825494,7.58580499000484));
#7649=CARTESIAN_POINT('Ctrl Pts',(12.9679707359891,-0.312289564540565,7.58580499000484));
#7650=CARTESIAN_POINT('Ctrl Pts',(12.9679707359891,-0.312289564540533,6.58553894004536));
#7651=CARTESIAN_POINT('Ctrl Pts',(12.9679707359891,-0.312289564540533,8.23583159500079));
#7652=CARTESIAN_POINT('Ctrl Pts',(12.7717989429487,-0.211329796654266,6.58553894004536));
#7653=CARTESIAN_POINT('Ctrl Pts',(12.7717989429487,-0.211329796654266,8.23583159500079));
#7654=CARTESIAN_POINT('Ctrl Pts',(12.4117855384861,-0.0382874940629878,
6.58553894004536));
#7655=CARTESIAN_POINT('Ctrl Pts',(12.4117855384861,-0.0382874940629878,
8.23583159500079));
#7656=CARTESIAN_POINT('Ctrl Pts',(11.9686507073059,0.134724216187809,6.58553894004536));
#7657=CARTESIAN_POINT('Ctrl Pts',(11.9686507073059,0.134724216187809,8.23583159500079));
#7658=CARTESIAN_POINT('Ctrl Pts',(11.5292499674166,0.217933378542437,6.58553894004536));
#7659=CARTESIAN_POINT('Ctrl Pts',(11.5292499674166,0.217933378542437,8.23583159500079));
#7660=CARTESIAN_POINT('Ctrl Pts',(11.0376557907343,0.170727732174507,6.58553894004536));
#7661=CARTESIAN_POINT('Ctrl Pts',(11.0376557907343,0.170727732174507,8.23583159500079));
#7662=CARTESIAN_POINT('Ctrl Pts',(10.5103712815432,0.0769759129600405,6.58553894004536));
#7663=CARTESIAN_POINT('Ctrl Pts',(10.5103712815432,0.0769759129600405,8.23583159500079));
#7664=CARTESIAN_POINT('Ctrl Pts',(9.94267375594782,-0.000829300616190982,
6.58553894004536));
#7665=CARTESIAN_POINT('Ctrl Pts',(9.94267375594782,-0.000829300616190982,
8.23583159500079));
#7666=CARTESIAN_POINT('Ctrl Pts',(9.47064279086281,-0.0533432940077723,
6.58553894004536));
#7667=CARTESIAN_POINT('Ctrl Pts',(9.47064279086281,-0.0533432940077723,
8.23583159500079));
#7668=CARTESIAN_POINT('Ctrl Pts',(9.21121238310426,-0.0797597941419875,
6.58553894004536));
#7669=CARTESIAN_POINT('Ctrl Pts',(9.21121238310426,-0.0797597941419875,
8.23583159500079));
#7670=CARTESIAN_POINT('',(9.91684354686883,5.17051557873214E-9,7.58580499000484));
#7671=CARTESIAN_POINT('Ctrl Pts',(9.916843464884,2.13903547652272E-12,7.08553894004536));
#7672=CARTESIAN_POINT('Ctrl Pts',(9.916843464884,2.13903933351463E-12,7.16891661503861));
#7673=CARTESIAN_POINT('Ctrl Pts',(9.91684346485007,4.22838847269347E-17,
7.25229429003185));
#7674=CARTESIAN_POINT('Ctrl Pts',(9.91684346485007,4.22838847269347E-17,
7.41904964001835));
#7675=CARTESIAN_POINT('Ctrl Pts',(9.91684354686883,5.17051558258913E-9,
7.50242731501159));
#7676=CARTESIAN_POINT('Ctrl Pts',(9.91684354686883,5.17051557873214E-9,
7.58580499000484));
#7677=CARTESIAN_POINT('Ctrl Pts',(12.9679707359891,-0.312289564540532,7.58580499000484));
#7678=CARTESIAN_POINT('Ctrl Pts',(12.8355778667313,-0.244153605017965,7.58580499000484));
#7679=CARTESIAN_POINT('Ctrl Pts',(12.561772516142,-0.111127190529662,7.58580499000484));
#7680=CARTESIAN_POINT('Ctrl Pts',(12.1376804297012,0.0675557384057607,7.58580499000484));
#7681=CARTESIAN_POINT('Ctrl Pts',(11.5901820919621,0.206847241408236,7.58580499000484));
#7682=CARTESIAN_POINT('Ctrl Pts',(11.1171729675555,0.17307246599977,7.58580499000484));
#7683=CARTESIAN_POINT('Ctrl Pts',(10.6856800652705,0.109865355640623,7.58580499000484));
#7684=CARTESIAN_POINT('Ctrl Pts',(10.3118367517434,0.0519600077215402,7.58580499000484));
#7685=CARTESIAN_POINT('Ctrl Pts',(10.0121731617958,0.0120888862898583,7.58580499000484));
#7686=CARTESIAN_POINT('Ctrl Pts',(9.91684012750089,2.70029397225853E-5,
7.58580499000484));
#7687=CARTESIAN_POINT('Ctrl Pts',(9.85000004588088,-0.512049985358925,8.08580499000484));
#7688=CARTESIAN_POINT('Ctrl Pts',(9.99120925258925,-0.494973429582459,8.08580499000484));
#7689=CARTESIAN_POINT('Ctrl Pts',(10.3434813118536,-0.45013384439994,8.08580499000484));
#7690=CARTESIAN_POINT('Ctrl Pts',(10.765716374727,-0.383962192587443,8.08580499000484));
#7691=CARTESIAN_POINT('Ctrl Pts',(11.1867253434579,-0.323996898117285,8.08580499000484));
#7692=CARTESIAN_POINT('Ctrl Pts',(11.5452038844332,-0.298877484485276,8.08580499000484));
#7693=CARTESIAN_POINT('Ctrl Pts',(11.9622594816314,-0.404093626302538,8.08580499000484));
#7694=CARTESIAN_POINT('Ctrl Pts',(12.3570988060507,-0.566634085853566,8.08580499000484));
#7695=CARTESIAN_POINT('Ctrl Pts',(12.6126953614386,-0.691778124134307,8.08580499000484));
#7696=CARTESIAN_POINT('Ctrl Pts',(12.739168742437,-0.756867620394184,8.08580499000484));
#7697=CARTESIAN_POINT('Ctrl Pts',(9.83428472427572,-0.382097076465554,8.08580499000484));
#7698=CARTESIAN_POINT('Ctrl Pts',(9.97479287548878,-0.365105299957714,8.08580499000484));
#7699=CARTESIAN_POINT('Ctrl Pts',(10.324020753258,-0.320406481951006,8.08580499000484));
#7700=CARTESIAN_POINT('Ctrl Pts',(10.7447071405618,-0.254671758191085,8.08580499000484));
#7701=CARTESIAN_POINT('Ctrl Pts',(11.168450668353,-0.193853607670892,8.08580499000484));
#7702=CARTESIAN_POINT('Ctrl Pts',(11.5569555305521,-0.166462015464916,8.08580499000484));
#7703=CARTESIAN_POINT('Ctrl Pts',(12.008200560504,-0.280611079182205,8.08580499000484));
#7704=CARTESIAN_POINT('Ctrl Pts',(12.4106975582052,-0.447382705423007,8.08580499000484));
#7705=CARTESIAN_POINT('Ctrl Pts',(12.6710430073331,-0.574588828432272,8.08580499000484));
#7706=CARTESIAN_POINT('Ctrl Pts',(12.7990689642762,-0.640477357542761,8.08580499000484));
#7707=CARTESIAN_POINT('Ctrl Pts',(9.80297535594775,-0.123194103172458,7.97749392088535));
#7708=CARTESIAN_POINT('Ctrl Pts',(9.94209369075048,-0.106370398407271,7.97749392088535));
#7709=CARTESIAN_POINT('Ctrl Pts',(10.2854480866842,-0.0619785877784525,
7.97749392088535));
#7710=CARTESIAN_POINT('Ctrl Pts',(10.7031484056663,0.00287571211664025,
7.97749392088535));
#7711=CARTESIAN_POINT('Ctrl Pts',(11.1323939897072,0.0653708471403642,7.97749392088535));
#7712=CARTESIAN_POINT('Ctrl Pts',(11.5804941680995,0.0972561272121994,7.97749392088535));
#7713=CARTESIAN_POINT('Ctrl Pts',(12.0996429178332,-0.0346257474690794,
7.97749392088535));
#7714=CARTESIAN_POINT('Ctrl Pts',(12.5173998063378,-0.20979996061088,7.97749392088535));
#7715=CARTESIAN_POINT('Ctrl Pts',(12.7873032779809,-0.341122431634882,7.97749392088535));
#7716=CARTESIAN_POINT('Ctrl Pts',(12.9184071589125,-0.408595013613673,7.97749392088535));
#7717=CARTESIAN_POINT('Ctrl Pts',(9.78997193910312,-0.0156664376897076,
7.71670468390441));
#7718=CARTESIAN_POINT('Ctrl Pts',(9.92850261738037,0.00108620124578872,
7.71670468390441));
#7719=CARTESIAN_POINT('Ctrl Pts',(10.2691274753361,0.045390771561319,7.71670468390441));
#7720=CARTESIAN_POINT('Ctrl Pts',(10.6854370245396,0.109894482663751,7.71670468390441));
#7721=CARTESIAN_POINT('Ctrl Pts',(11.1168857942901,0.173119678740294,7.71670468390441));
#7722=CARTESIAN_POINT('Ctrl Pts',(11.5900791669593,0.206921513910725,7.71670468390441));
#7723=CARTESIAN_POINT('Ctrl Pts',(12.1377500689345,0.0675776653292718,7.71670468390441));
#7724=CARTESIAN_POINT('Ctrl Pts',(12.5618391840774,-0.111127390546838,7.71670468390441));
#7725=CARTESIAN_POINT('Ctrl Pts',(12.8355654154549,-0.244147196971476,7.71670468390441));
#7726=CARTESIAN_POINT('Ctrl Pts',(12.9679707359891,-0.312289564540532,7.71670468390441));
#7727=CARTESIAN_POINT('Ctrl Pts',(9.78997193910312,-0.0156664376897076,
7.58580499000484));
#7728=CARTESIAN_POINT('Ctrl Pts',(9.92850823967262,0.00108688115462383,
7.58580499000484));
#7729=CARTESIAN_POINT('Ctrl Pts',(10.2692893964272,0.0453697616920504,7.58580499000484));
#7730=CARTESIAN_POINT('Ctrl Pts',(10.6856800652705,0.109865355640623,7.58580499000484));
#7731=CARTESIAN_POINT('Ctrl Pts',(11.1171729675555,0.17307246599977,7.58580499000484));
#7732=CARTESIAN_POINT('Ctrl Pts',(11.5901820919621,0.206847241408236,7.58580499000484));
#7733=CARTESIAN_POINT('Ctrl Pts',(12.1376804297012,0.0675557384057607,7.58580499000484));
#7734=CARTESIAN_POINT('Ctrl Pts',(12.561772516142,-0.111127190529662,7.58580499000484));
#7735=CARTESIAN_POINT('Ctrl Pts',(12.8355778667313,-0.244153605017965,7.58580499000484));
#7736=CARTESIAN_POINT('Ctrl Pts',(12.9679707359891,-0.312289564540532,7.58580499000484));
#7737=CARTESIAN_POINT('',(10.5073075560128,4.85722573273506E-16,7.8583186956043));
#7738=CARTESIAN_POINT('',(9.86134058688662,-0.449147901777154,8.08206033752518));
#7739=CARTESIAN_POINT('Ctrl Pts',(10.5073075560128,1.77635683940025E-15,
7.8583186956043));
#7740=CARTESIAN_POINT('Ctrl Pts',(10.4801053073801,-0.0105285839373791,
7.86818004611642));
#7741=CARTESIAN_POINT('Ctrl Pts',(10.454341848977,-0.0209359405707628,7.87746330767613));
#7742=CARTESIAN_POINT('Ctrl Pts',(10.4302583589283,-0.0310202846490633,
7.88610004820426));
#7743=CARTESIAN_POINT('Ctrl Pts',(10.3719711964917,-0.0554265397295231,
7.90700279515105));
#7744=CARTESIAN_POINT('Ctrl Pts',(10.314933288695,-0.0815198641996773,7.92719592303032));
#7745=CARTESIAN_POINT('Ctrl Pts',(10.2607260323198,-0.109021389521491,7.9461740984106));
#7746=CARTESIAN_POINT('Ctrl Pts',(10.1990429807488,-0.140315686966954,7.96776957932931));
#7747=CARTESIAN_POINT('Ctrl Pts',(10.1410257070998,-0.173433382316182,7.98779181495663));
#7748=CARTESIAN_POINT('Ctrl Pts',(10.0890584694592,-0.207963586306253,8.00554341693626));
#7749=CARTESIAN_POINT('Ctrl Pts',(10.0695811640665,-0.220905496612076,8.01219671214039));
#7750=CARTESIAN_POINT('Ctrl Pts',(10.0509541716654,-0.234045828814499,8.01853146373748));
#7751=CARTESIAN_POINT('Ctrl Pts',(10.0333041874129,-0.247362949626238,8.02451218879201));
#7752=CARTESIAN_POINT('Ctrl Pts',(10.00466761357,-0.268969581566892,8.03421573709034));
#7753=CARTESIAN_POINT('Ctrl Pts',(9.97551297269651,-0.293376443880572,8.0440300436023));
#7754=CARTESIAN_POINT('Ctrl Pts',(9.94911050356083,-0.320006537044609,8.05286788678542));
#7755=CARTESIAN_POINT('Ctrl Pts',(9.93344576919796,-0.335806322031747,8.0581114291637));
#7756=CARTESIAN_POINT('Ctrl Pts',(9.91875082895399,-0.352388710080117,8.06301203598035));
#7757=CARTESIAN_POINT('Ctrl Pts',(9.90571520706034,-0.369633194563715,8.06734800389021));
#7758=CARTESIAN_POINT('Ctrl Pts',(9.88759232892591,-0.393607477749975,8.07337611813488));
#7759=CARTESIAN_POINT('Ctrl Pts',(9.87152711251761,-0.420377773202667,8.07869395206655));
#7760=CARTESIAN_POINT('Ctrl Pts',(9.86135861748944,-0.449096957891715,8.08205437888125));
#7761=CARTESIAN_POINT('Ctrl Pts',(9.86135260518982,-0.449113938609387,8.08205636579207));
#7762=CARTESIAN_POINT('Ctrl Pts',(9.86134659498864,-0.44913091990459,8.0820583520068));
#7763=CARTESIAN_POINT('Ctrl Pts',(9.86134058688661,-0.449147901777154,8.08206033752518));
#7764=CARTESIAN_POINT('',(9.85000318309726,-0.512049605972349,8.08580499000484));
#7765=CARTESIAN_POINT('Ctrl Pts',(9.85000318309724,-0.512049605972395,8.08580499000484));
#7766=CARTESIAN_POINT('Ctrl Pts',(9.85000230587668,-0.494238439160152,8.08580499000484));
#7767=CARTESIAN_POINT('Ctrl Pts',(9.85284435331483,-0.476798092900829,8.08481940105947));
#7768=CARTESIAN_POINT('Ctrl Pts',(9.85785698339896,-0.459887637480084,8.08310554919327));
#7769=CARTESIAN_POINT('Ctrl Pts',(9.85892258202102,-0.45629276658546,8.082741213873));
#7770=CARTESIAN_POINT('Ctrl Pts',(9.86008627214169,-0.45272169057185,8.08234385554886));
#7771=CARTESIAN_POINT('Ctrl Pts',(9.86134159559659,-0.44917570264209,8.08191576768861));
#7772=CARTESIAN_POINT('',(12.5450505089708,-0.659670715924726,8.08580499000484));
#7773=CARTESIAN_POINT('Ctrl Pts',(9.85000318309724,-0.512049605972395,8.08580499000484));
#7774=CARTESIAN_POINT('Ctrl Pts',(9.99121133961781,-0.494973163931168,8.08580499000484));
#7775=CARTESIAN_POINT('Ctrl Pts',(10.3434823541548,-0.450133681053027,8.08580499000484));
#7776=CARTESIAN_POINT('Ctrl Pts',(10.765716374727,-0.383962192587443,8.08580499000484));
#7777=CARTESIAN_POINT('Ctrl Pts',(11.1867253434579,-0.323996898117285,8.08580499000484));
#7778=CARTESIAN_POINT('Ctrl Pts',(11.5452038844332,-0.298877484485276,8.08580499000484));
#7779=CARTESIAN_POINT('Ctrl Pts',(11.9622594816314,-0.404093626302538,8.08580499000484));
#7780=CARTESIAN_POINT('Ctrl Pts',(12.2901414106088,-0.539070251269775,8.08580499000484));
#7781=CARTESIAN_POINT('Ctrl Pts',(12.4821684373816,-0.629197823796365,8.08580499000484));
#7782=CARTESIAN_POINT('Ctrl Pts',(12.5450355402274,-0.659701656844553,8.08580499000484));
#7783=CARTESIAN_POINT('Ctrl Pts',(12.544720612598,-0.659548858772946,8.08580499000484));
#7784=CARTESIAN_POINT('Ctrl Pts',(12.5456105118309,-0.658804848193607,8.08580499000484));
#7785=CARTESIAN_POINT('Ctrl Pts',(12.5465004548763,-0.658060922756515,8.08580145045683));
#7786=CARTESIAN_POINT('Ctrl Pts',(12.5473904289906,-0.657317092276675,8.08579437946551));
#7787=CARTESIAN_POINT('Ctrl Pts',(12.5695069064499,-0.638832386062464,8.0856186603997));
#7788=CARTESIAN_POINT('Ctrl Pts',(12.5916242559343,-0.620422085549581,8.08326659296388));
#7789=CARTESIAN_POINT('Ctrl Pts',(12.6135438742754,-0.602236107867384,8.07884611201812));
#7790=CARTESIAN_POINT('Ctrl Pts',(12.6233500535064,-0.594100247385376,8.07686852154339));
#7791=CARTESIAN_POINT('Ctrl Pts',(12.6331165163038,-0.586009321106408,8.0744762648713));
#7792=CARTESIAN_POINT('Ctrl Pts',(12.6428246105592,-0.577977387031731,8.07167582419805));
#7793=CARTESIAN_POINT('Ctrl Pts',(12.6641273383435,-0.560352701828356,8.06553074322031));
#7794=CARTESIAN_POINT('Ctrl Pts',(12.6851099299559,-0.543044606827556,8.05743481780181));
#7795=CARTESIAN_POINT('Ctrl Pts',(12.7055665135304,-0.526207063974857,8.04744672222901));
#7796=CARTESIAN_POINT('Ctrl Pts',(12.7149981759798,-0.518443987599645,8.04284163528415));
#7797=CARTESIAN_POINT('Ctrl Pts',(12.7243177924351,-0.510781242889464,8.03783372943902));
#7798=CARTESIAN_POINT('Ctrl Pts',(12.7335037981172,-0.503235997985019,8.03242591323381));
#7799=CARTESIAN_POINT('Ctrl Pts',(12.7536060041975,-0.486724352636096,8.02059171243274));
#7800=CARTESIAN_POINT('Ctrl Pts',(12.7729877605193,-0.470843771441985,8.00689518567568));
#7801=CARTESIAN_POINT('Ctrl Pts',(12.7914199717913,-0.455772923161664,7.99137903801266));
#7802=CARTESIAN_POINT('Ctrl Pts',(12.8080977826011,-0.442136536693853,7.97733973630322));
#7803=CARTESIAN_POINT('Ctrl Pts',(12.82399832148,-0.429162669598976,7.96180984762877));
#7804=CARTESIAN_POINT('Ctrl Pts',(12.8389333197568,-0.417019348877997,7.94479374737668));
#7805=CARTESIAN_POINT('Ctrl Pts',(12.8405043873375,-0.415741948160994,7.94300376099963));
#7806=CARTESIAN_POINT('Ctrl Pts',(12.8420647510812,-0.414473776664472,7.94119730788174));
#7807=CARTESIAN_POINT('Ctrl Pts',(12.8436141775665,-0.41321505847083,7.93937437891999));
#7808=CARTESIAN_POINT('Ctrl Pts',(12.8500278182981,-0.408004765273136,7.93182861179175));
#7809=CARTESIAN_POINT('Ctrl Pts',(12.8562541045208,-0.402956340858174,7.92400054893753));
#7810=CARTESIAN_POINT('Ctrl Pts',(12.8622814016818,-0.398076061198506,7.91590118249611));
#7811=CARTESIAN_POINT('Ctrl Pts',(12.8767685206636,-0.386345895884628,7.8964336695827));
#7812=CARTESIAN_POINT('Ctrl Pts',(12.8899971794249,-0.375671599086462,7.87554660578583));
#7813=CARTESIAN_POINT('Ctrl Pts',(12.9018372869013,-0.366111102064811,7.85343825230118));
#7814=CARTESIAN_POINT('Ctrl Pts',(12.9132364187779,-0.356906678323486,7.83215330725753));
#7815=CARTESIAN_POINT('Ctrl Pts',(12.9233486703042,-0.348734392479937,7.80973518267971));
#7816=CARTESIAN_POINT('Ctrl Pts',(12.9320395917823,-0.341689023615322,7.78635309027485));
#7817=CARTESIAN_POINT('Ctrl Pts',(12.935236420113,-0.3390974877416,7.77775232962849));
#7818=CARTESIAN_POINT('Ctrl Pts',(12.9382407419419,-0.336658877367124,7.76902114917582));
#7819=CARTESIAN_POINT('Ctrl Pts',(12.9410451367207,-0.334379565378606,7.76016816466237));
#7820=CARTESIAN_POINT('Ctrl Pts',(12.9487953925231,-0.328080434065753,7.73570196071934));
#7821=CARTESIAN_POINT('Ctrl Pts',(12.9549372082276,-0.323060237245945,7.71056386644879));
#7822=CARTESIAN_POINT('Ctrl Pts',(12.9593896378482,-0.319398799913218,7.6849721340541));
#7823=CARTESIAN_POINT('Ctrl Pts',(12.963666571739,-0.315881680777884,7.66038911827853));
#7824=CARTESIAN_POINT('Ctrl Pts',(12.9663847747187,-0.313618164879117,7.63538641970763));
#7825=CARTESIAN_POINT('Ctrl Pts',(12.9674542999366,-0.312722865092524,7.61015505162695));
#7826=CARTESIAN_POINT('Ctrl Pts',(12.9677974522811,-0.312435612192259,7.60205968092838));
#7827=CARTESIAN_POINT('Ctrl Pts',(12.9679707359891,-0.312289564540527,7.59394081733069));
#7828=CARTESIAN_POINT('Ctrl Pts',(12.9679707359891,-0.312289564540527,7.58580499000484));
#7829=CARTESIAN_POINT('Ctrl Pts',(9.91684346485007,-1.38777878078145E-16,
7.58580499000484));
#7830=CARTESIAN_POINT('Ctrl Pts',(9.91684346485007,-1.38777878078145E-16,
7.59172509078719));
#7831=CARTESIAN_POINT('Ctrl Pts',(9.91768400514041,1.38777878078145E-16,
7.59753771171281));
#7832=CARTESIAN_POINT('Ctrl Pts',(9.92095717836513,1.38777878078145E-16,
7.60928144558699));
#7833=CARTESIAN_POINT('Ctrl Pts',(9.92344093224528,1.18655024402534E-13,
7.61505386604793));
#7834=CARTESIAN_POINT('Ctrl Pts',(9.93348666923561,1.18655226966553E-13,
7.63315636386046));
#7835=CARTESIAN_POINT('Ctrl Pts',(9.94359334926861,-6.24274583986705E-16,
7.6444868096995));
#7836=CARTESIAN_POINT('Ctrl Pts',(9.98159714473656,-6.25082656596093E-16,
7.67931618148486));
#7837=CARTESIAN_POINT('Ctrl Pts',(10.0258112501033,-7.09972536128042E-17,
7.70642766523499));
#7838=CARTESIAN_POINT('Ctrl Pts',(10.2023617213418,-6.69853482652068E-17,
7.780580353723));
#7839=CARTESIAN_POINT('Ctrl Pts',(10.3488495745414,-7.63278329429795E-16,
7.82244456985369));
#7840=CARTESIAN_POINT('Ctrl Pts',(10.5073075560128,-7.63278329429795E-16,
7.8583186956043));
#7841=CARTESIAN_POINT('Ctrl Pts',(12.4855413879574,-0.443674206556751,8.08580499000484));
#7842=CARTESIAN_POINT('Ctrl Pts',(12.5397518807462,-0.642728923236462,8.08580499000484));
#7843=CARTESIAN_POINT('Ctrl Pts',(12.6101606510106,-0.890816985243622,8.08580499000483));
#7844=CARTESIAN_POINT('Ctrl Pts',(12.6895623278902,-1.16308653316386,8.08580499000483));
#7845=CARTESIAN_POINT('Ctrl Pts',(12.718072982716,-1.26226265108402,8.08580499000483));
#7846=CARTESIAN_POINT('Ctrl Pts',(12.7459141822513,-1.36162335301723,8.08580499000483));
#7847=CARTESIAN_POINT('Ctrl Pts',(12.7722788766607,-1.46140855653396,8.08580499000483));
#7848=CARTESIAN_POINT('Ctrl Pts',(12.7902535093203,-1.54979154815812,8.08580499000483));
#7849=CARTESIAN_POINT('Ctrl Pts',(12.7966760135985,-1.59442570558994,8.08580499000483));
#7850=CARTESIAN_POINT('Ctrl Pts',(12.7992960823094,-1.6200661232679,8.08580499000483));
#7851=CARTESIAN_POINT('Ctrl Pts',(12.8020812269613,-1.65865535548184,8.08580499000483));
#7852=CARTESIAN_POINT('Ctrl Pts',(12.8005595484107,-1.71682309345447,8.08580499000483));
#7853=CARTESIAN_POINT('Ctrl Pts',(12.7818404808338,-1.81827666162631,8.08580499000482));
#7854=CARTESIAN_POINT('Ctrl Pts',(12.6906992700405,-2.08791960929524,8.08580499000483));
#7855=CARTESIAN_POINT('Ctrl Pts',(12.5660958658308,-2.31485136994198,8.08580499000484));
#7856=CARTESIAN_POINT('Ctrl Pts',(12.4643169671827,-2.49430223661818,8.08580499000484));
#7857=CARTESIAN_POINT('Ctrl Pts',(12.6118410959284,-0.409277787710703,8.08580499000484));
#7858=CARTESIAN_POINT('Ctrl Pts',(12.6658793396718,-0.607700025636295,8.08580499000484));
#7859=CARTESIAN_POINT('Ctrl Pts',(12.735863436198,-0.854377885878552,8.08580499000483));
#7860=CARTESIAN_POINT('Ctrl Pts',(12.8152495048209,-1.12662784883226,8.08580499000483));
#7861=CARTESIAN_POINT('Ctrl Pts',(12.843955107638,-1.22646045814514,8.08580499000483));
#7862=CARTESIAN_POINT('Ctrl Pts',(12.8722011206691,-1.32732427182796,8.08580499000483));
#7863=CARTESIAN_POINT('Ctrl Pts',(12.8994463576524,-1.43015333002076,8.08580499000483));
#7864=CARTESIAN_POINT('Ctrl Pts',(12.9191147473208,-1.5264959730872,8.08580499000483));
#7865=CARTESIAN_POINT('Ctrl Pts',(12.9265690522795,-1.57802466035178,8.08580499000483));
#7866=CARTESIAN_POINT('Ctrl Pts',(12.9297042978462,-1.6087548823101,8.08580499000483));
#7867=CARTESIAN_POINT('Ctrl Pts',(12.9331732332248,-1.65610420959786,8.08580499000483));
#7868=CARTESIAN_POINT('Ctrl Pts',(12.9310979419204,-1.73208670611702,8.08580499000483));
#7869=CARTESIAN_POINT('Ctrl Pts',(12.9079919801298,-1.85475063168632,8.08580499000482));
#7870=CARTESIAN_POINT('Ctrl Pts',(12.8078621531217,-2.14833964381785,8.08580499000483));
#7871=CARTESIAN_POINT('Ctrl Pts',(12.681461025503,-2.37677797358013,8.08580499000484));
#7872=CARTESIAN_POINT('Ctrl Pts',(12.5781780825303,-2.55888068716325,8.08580499000484));
#7873=CARTESIAN_POINT('Ctrl Pts',(12.863455248934,-0.340753276186432,7.97748292431637));
#7874=CARTESIAN_POINT('Ctrl Pts',(12.9171520153598,-0.537921648537116,7.97748292431637));
#7875=CARTESIAN_POINT('Ctrl Pts',(12.9862666440634,-0.782119060748213,7.97748292431636));
#7876=CARTESIAN_POINT('Ctrl Pts',(13.0656189882402,-1.05436420406411,7.97748292431635));
#7877=CARTESIAN_POINT('Ctrl Pts',(13.0947101053573,-1.15550952381421,7.97748292431635));
#7878=CARTESIAN_POINT('Ctrl Pts',(13.1237574360998,-1.25936785105454,7.97748292431636));
#7879=CARTESIAN_POINT('Ctrl Pts',(13.1527459478616,-1.36825975128888,7.97748292431635));
#7880=CARTESIAN_POINT('Ctrl Pts',(13.1757711323619,-1.48039365771902,7.97748292431636));
#7881=CARTESIAN_POINT('Ctrl Pts',(13.1852704430513,-1.54559591355465,7.97748292431636));
#7882=CARTESIAN_POINT('Ctrl Pts',(13.1894269551572,-1.58641708269021,7.97748292431636));
#7883=CARTESIAN_POINT('Ctrl Pts',(13.1942511060353,-1.65113622722015,7.97748292431635));
#7884=CARTESIAN_POINT('Ctrl Pts',(13.1910778108569,-1.76244126260764,7.97748292431635));
#7885=CARTESIAN_POINT('Ctrl Pts',(13.1592725046914,-1.92717082140022,7.97748292431635));
#7886=CARTESIAN_POINT('Ctrl Pts',(13.0413199614262,-2.26825768260374,7.97748292431635));
#7887=CARTESIAN_POINT('Ctrl Pts',(12.9112767384749,-2.50017391100117,7.97748292431637));
#7888=CARTESIAN_POINT('Ctrl Pts',(12.8050120836432,-2.68753381231566,7.97748292431637));
#7889=CARTESIAN_POINT('Ctrl Pts',(12.9679707359891,-0.312289564540565,7.71670468390441));
#7890=CARTESIAN_POINT('Ctrl Pts',(13.0215231154495,-0.508927764501801,7.71670468390441));
#7891=CARTESIAN_POINT('Ctrl Pts',(13.0903121330446,-0.751595820851315,7.7167046839044));
#7892=CARTESIAN_POINT('Ctrl Pts',(13.1696544580311,-1.02378708421151,7.7167046839044));
#7893=CARTESIAN_POINT('Ctrl Pts',(13.1989100500854,-1.1254703217396,7.7167046839044));
#7894=CARTESIAN_POINT('Ctrl Pts',(13.2282980468046,-1.23057248602428,7.71670468390441));
#7895=CARTESIAN_POINT('Ctrl Pts',(13.2580272780542,-1.34198447201907,7.7167046839044));
#7896=CARTESIAN_POINT('Ctrl Pts',(13.2824733650801,-1.46077779471645,7.71670468390441));
#7897=CARTESIAN_POINT('Ctrl Pts',(13.2928381294932,-1.53175338750877,7.7167046839044));
#7898=CARTESIAN_POINT('Ctrl Pts',(13.2974265439301,-1.57684040083274,7.7167046839044));
#7899=CARTESIAN_POINT('Ctrl Pts',(13.3028242913963,-1.64889906871571,7.7167046839044));
#7900=CARTESIAN_POINT('Ctrl Pts',(13.2991874696108,-1.7751312462913,7.7167046839044));
#7901=CARTESIAN_POINT('Ctrl Pts',(13.2637076126989,-1.95762168293681,7.7167046839044));
#7902=CARTESIAN_POINT('Ctrl Pts',(13.1382238398708,-2.31875294514898,7.7167046839044));
#7903=CARTESIAN_POINT('Ctrl Pts',(13.0067598042157,-2.55139094781798,7.71670468390441));
#7904=CARTESIAN_POINT('Ctrl Pts',(12.8992343911874,-2.7409737475333,7.71670468390441));
#7905=CARTESIAN_POINT('Ctrl Pts',(12.9679707359891,-0.312289564540565,7.58580499000484));
#7906=CARTESIAN_POINT('Ctrl Pts',(13.0215244968443,-0.508932836825494,7.58580499000484));
#7907=CARTESIAN_POINT('Ctrl Pts',(13.090294212486,-0.751871853133633,7.58580499000483));
#7908=CARTESIAN_POINT('Ctrl Pts',(13.1696343713939,-1.02409128499732,7.58580499000483));
#7909=CARTESIAN_POINT('Ctrl Pts',(13.1988876069278,-1.12577851659526,7.58580499000483));
#7910=CARTESIAN_POINT('Ctrl Pts',(13.2282713604919,-1.23088069391099,7.58580499000483));
#7911=CARTESIAN_POINT('Ctrl Pts',(13.2579915794182,-1.34229175552746,7.58580499000483));
#7912=CARTESIAN_POINT('Ctrl Pts',(13.2824232465795,-1.46103075819466,7.58580499000483));
#7913=CARTESIAN_POINT('Ctrl Pts',(13.2927793237857,-1.53195552297009,7.58580499000483));
#7914=CARTESIAN_POINT('Ctrl Pts',(13.297363563477,-1.57700221133176,7.58580499000483));
#7915=CARTESIAN_POINT('Ctrl Pts',(13.3027555189226,-1.64899330656196,7.58580499000483));
#7916=CARTESIAN_POINT('Ctrl Pts',(13.2991227356619,-1.77508709799265,7.58580499000483));
#7917=CARTESIAN_POINT('Ctrl Pts',(13.2636760095665,-1.95742134477903,7.58580499000483));
#7918=CARTESIAN_POINT('Ctrl Pts',(13.1382617537978,-2.31838170827023,7.58580499000483));
#7919=CARTESIAN_POINT('Ctrl Pts',(13.006747742151,-2.55141221497646,7.58580499000484));
#7920=CARTESIAN_POINT('Ctrl Pts',(12.8992343911874,-2.7409737475333,7.58580499000484));
#7921=CARTESIAN_POINT('Ctrl Pts',(12.5451997008743,-0.659628950145662,8.08580499000483));
#7922=CARTESIAN_POINT('Ctrl Pts',(12.5806815873438,-0.78637410757365,8.08580499000483));
#7923=CARTESIAN_POINT('Ctrl Pts',(12.6310650064415,-0.962498335391351,8.08580499000483));
#7924=CARTESIAN_POINT('Ctrl Pts',(12.6895623278902,-1.16308653316386,8.08580499000483));
#7925=CARTESIAN_POINT('Ctrl Pts',(12.718072982716,-1.26226265108402,8.08580499000483));
#7926=CARTESIAN_POINT('Ctrl Pts',(12.7459141822513,-1.36162335301723,8.08580499000483));
#7927=CARTESIAN_POINT('Ctrl Pts',(12.7722788766607,-1.46140855653396,8.08580499000483));
#7928=CARTESIAN_POINT('Ctrl Pts',(12.7902535093203,-1.54979154815812,8.08580499000483));
#7929=CARTESIAN_POINT('Ctrl Pts',(12.7966760135985,-1.59442570558994,8.08580499000483));
#7930=CARTESIAN_POINT('Ctrl Pts',(12.7992960823094,-1.6200661232679,8.08580499000483));
#7931=CARTESIAN_POINT('Ctrl Pts',(12.8020812269613,-1.65865535548184,8.08580499000483));
#7932=CARTESIAN_POINT('Ctrl Pts',(12.8005595484107,-1.71682309345447,8.08580499000483));
#7933=CARTESIAN_POINT('Ctrl Pts',(12.7841193036049,-1.80592590214482,8.08580499000482));
#7934=CARTESIAN_POINT('Ctrl Pts',(12.7647681295832,-1.8678751175165,8.08580499000482));
#7935=CARTESIAN_POINT('Ctrl Pts',(12.7517242495009,-1.90470012344957,8.08580499000482));
#7936=CARTESIAN_POINT('Origin',(11.2704572274075,-1.26152018449542,8.08580499000484));
#7937=CARTESIAN_POINT('Ctrl Pts',(9.85000076120127,-1.32507956889855,8.08580499000484));
#7938=CARTESIAN_POINT('Ctrl Pts',(9.85000146242034,-1.05406959433214,8.08580499000484));
#7939=CARTESIAN_POINT('Ctrl Pts',(9.85000249539489,-0.783059578851472,8.08580499000484));
#7940=CARTESIAN_POINT('Ctrl Pts',(9.85000318309726,-0.512049605952026,8.08580499000484));
#7941=CARTESIAN_POINT('Ctrl Pts',(0.,-9.,9.50000000000031));
#7942=CARTESIAN_POINT('Ctrl Pts',(0.,9.,9.50000000000031));
#7943=CARTESIAN_POINT('Ctrl Pts',(2.54551732809869,-9.,9.50000000000031));
#7944=CARTESIAN_POINT('Ctrl Pts',(2.54551732809869,9.,9.50000000000031));
#7945=CARTESIAN_POINT('Ctrl Pts',(13.125,-9.,9.50000000000031));
#7946=CARTESIAN_POINT('Ctrl Pts',(13.125,9.,9.50000000000031));
#7947=CARTESIAN_POINT('Ctrl Pts',(14.75,-9.,4.3499999999999));
#7948=CARTESIAN_POINT('Ctrl Pts',(14.75,9.,4.3499999999999));
#7949=CARTESIAN_POINT('Ctrl Pts',(18.75,-9.,4.35));
#7950=CARTESIAN_POINT('Ctrl Pts',(18.75,9.,4.35));
#7951=CARTESIAN_POINT('',(9.85,-2.77555756156289E-16,8.08580499000484));
#7952=CARTESIAN_POINT('Ctrl Pts',(10.5073075560187,0.,7.85831869560214));
#7953=CARTESIAN_POINT('Ctrl Pts',(10.3267520462285,0.,7.9237736215158));
#7954=CARTESIAN_POINT('Ctrl Pts',(10.1437798786062,0.,7.98761739738127));
#7955=CARTESIAN_POINT('Ctrl Pts',(9.95858773551972,0.,8.04969333215278));
#7956=CARTESIAN_POINT('Ctrl Pts',(9.92247554377799,0.,8.06179804686505));
#7957=CARTESIAN_POINT('Ctrl Pts',(9.8862790782486,0.,8.07383561655137));
#7958=CARTESIAN_POINT('Ctrl Pts',(9.85000000000589,0.,8.0858049900029));
#7959=CARTESIAN_POINT('',(5.72811978405302,1.38777878078145E-16,9.0786055021934));
#7960=CARTESIAN_POINT('Ctrl Pts',(9.85,0.,8.08580499000484));
#7961=CARTESIAN_POINT('Ctrl Pts',(8.50178565680076,0.,8.53061455375636));
#7962=CARTESIAN_POINT('Ctrl Pts',(7.11996563935412,0.,8.85391921247494));
#7963=CARTESIAN_POINT('Ctrl Pts',(5.72811978405302,0.,9.0786055021934));
#7964=CARTESIAN_POINT('',(5.72811978405302,-3.15,9.0786055021934));
#7965=CARTESIAN_POINT('Ctrl Pts',(5.72811978405302,1.73472347597681E-16,
9.0786055021934));
#7966=CARTESIAN_POINT('Ctrl Pts',(5.72811978405302,-1.05,9.0786055021934));
#7967=CARTESIAN_POINT('Ctrl Pts',(5.72811978405302,-2.1,9.0786055021934));
#7968=CARTESIAN_POINT('Ctrl Pts',(5.72811978405302,-3.15,9.0786055021934));
#7969=CARTESIAN_POINT('',(5.28122132775069,-3.15,9.14734366566744));
#7970=CARTESIAN_POINT('Ctrl Pts',(5.72811978405365,-3.15,9.07860550219331));
#7971=CARTESIAN_POINT('Ctrl Pts',(5.57877008278554,-3.15,9.10271509027785));
#7972=CARTESIAN_POINT('Ctrl Pts',(5.42972540620315,-3.15,9.12562159552351));
#7973=CARTESIAN_POINT('Ctrl Pts',(5.28122132775562,-3.15,9.1473436656646));
#7974=CARTESIAN_POINT('',(5.28122132774352,-5.65,9.14734366566637));
#7975=CARTESIAN_POINT('Ctrl Pts',(5.28122132775069,-3.15,9.14734366566744));
#7976=CARTESIAN_POINT('Ctrl Pts',(5.28122132775069,-3.98333333333333,9.14734366566744));
#7977=CARTESIAN_POINT('Ctrl Pts',(5.28122132774518,-4.81666666666666,9.14734366566661));
#7978=CARTESIAN_POINT('Ctrl Pts',(5.28122132774352,-5.65,9.14734366566637));
#7979=CARTESIAN_POINT('',(-5.55111512312578E-15,-5.65,9.50000000000011));
#7980=CARTESIAN_POINT('Ctrl Pts',(5.28122132792712,-5.65,9.14734366563951));
#7981=CARTESIAN_POINT('Ctrl Pts',(5.08232151664836,-5.65,9.17643724809854));
#7982=CARTESIAN_POINT('Ctrl Pts',(4.88438978280245,-5.65,9.20340518225888));
#7983=CARTESIAN_POINT('Ctrl Pts',(4.68803208705081,-5.65,9.22831407551086));
#7984=CARTESIAN_POINT('Ctrl Pts',(4.49167439129894,-5.65,9.25322296876288));
#7985=CARTESIAN_POINT('Ctrl Pts',(4.29689073364136,-5.65,9.27607282110653));
#7986=CARTESIAN_POINT('Ctrl Pts',(4.10433283541137,-5.65,9.29695520652974));
#7987=CARTESIAN_POINT('Ctrl Pts',(3.91177493718156,-5.65,9.31783759195294));
#7988=CARTESIAN_POINT('Ctrl Pts',(3.72144279837935,-5.65,9.33675251045572));
#7989=CARTESIAN_POINT('Ctrl Pts',(3.53403390100992,-5.65,9.3538165026236));
#7990=CARTESIAN_POINT('Ctrl Pts',(3.34536465423362,-5.65,9.37099525237616));
#7991=CARTESIAN_POINT('Ctrl Pts',(3.15965804730644,-5.65,9.38629806817972));
#7992=CARTESIAN_POINT('Ctrl Pts',(2.97767257618826,-5.65,9.39986941708056));
#7993=CARTESIAN_POINT('Ctrl Pts',(2.79690280547975,-5.65,9.41335010657702));
#7994=CARTESIAN_POINT('Ctrl Pts',(2.61980467219362,-5.65,9.42512241309249));
#7995=CARTESIAN_POINT('Ctrl Pts',(2.44716748742534,-5.65,9.43535297831139));
#7996=CARTESIAN_POINT('Ctrl Pts',(2.27453030265704,-5.65,9.44558354353028));
#7997=CARTESIAN_POINT('Ctrl Pts',(2.10635406640658,-5.65,9.45427236745259));
#7998=CARTESIAN_POINT('Ctrl Pts',(1.94347385044131,-5.65,9.46161105836031));
#7999=CARTESIAN_POINT('Ctrl Pts',(1.7805936344761,-5.65,9.46894974926803));
#8000=CARTESIAN_POINT('Ctrl Pts',(1.62300943879606,-5.65,9.47493830716116));
#8001=CARTESIAN_POINT('Ctrl Pts',(1.4716020958404,-5.65,9.4797933069193));
#8002=CARTESIAN_POINT('Ctrl Pts',(1.31841284297664,-5.65,9.48470544506984));
#8003=CARTESIAN_POINT('Ctrl Pts',(1.17154659646649,-5.65,9.48845713600635));
#8004=CARTESIAN_POINT('Ctrl Pts',(1.0319633300194,-5.65,9.49129870222087));
#8005=CARTESIAN_POINT('Ctrl Pts',(0.894003707534471,-5.65,9.49410721510496));
#8006=CARTESIAN_POINT('Ctrl Pts',(0.763158708387638,-5.65,9.49602670267269));
#8007=CARTESIAN_POINT('Ctrl Pts',(0.640401224918279,-5.65,9.49732396683024));
#8008=CARTESIAN_POINT('Ctrl Pts',(0.515476645998221,-5.65,9.49864413220062));
#8009=CARTESIAN_POINT('Ctrl Pts',(0.398927507941205,-5.65,9.49931983469863));
#8010=CARTESIAN_POINT('Ctrl Pts',(0.29182779570439,-5.65,9.49965880164855));
#8011=CARTESIAN_POINT('Ctrl Pts',(0.184728083467575,-5.65,9.49999776859847));
#8012=CARTESIAN_POINT('Ctrl Pts',(0.0870777970509612,-5.65,9.50000000000031));
#8013=CARTESIAN_POINT('Ctrl Pts',(0.,-5.65,9.50000000000031));
#8014=CARTESIAN_POINT('',(-5.55111512312578E-16,-7.5,9.49999999998082));
#8015=CARTESIAN_POINT('',(-5.55111512312578E-16,0.,9.49999999998082));
#8016=CARTESIAN_POINT('',(4.37412678619269,-7.5,9.26656297169446));
#8017=CARTESIAN_POINT('Ctrl Pts',(4.37412678619269,-7.5,9.26656297169446));
#8018=CARTESIAN_POINT('Ctrl Pts',(3.74802520871472,-7.5,9.3397383896131));
#8019=CARTESIAN_POINT('Ctrl Pts',(2.29337753629159,-7.5,9.46918569463266));
#8020=CARTESIAN_POINT('Ctrl Pts',(0.801586679457455,-7.5,9.50000000000031));
#8021=CARTESIAN_POINT('Ctrl Pts',(0.,-7.5,9.50000000000031));
#8022=CARTESIAN_POINT('Ctrl Pts',(9.1918536219318,-7.37203030392922,8.29265785958611));
#8023=CARTESIAN_POINT('Ctrl Pts',(7.60896937771258,-7.44850941577385,8.76585902934084));
#8024=CARTESIAN_POINT('Ctrl Pts',(5.99266815924649,-7.5,9.07739647594965));
#8025=CARTESIAN_POINT('Ctrl Pts',(4.37412678619258,-7.5,9.26656297169447));
#8026=CARTESIAN_POINT('Origin',(6.9,-2.2,3.));
#8027=CARTESIAN_POINT('',(9.43451111610983,-3.15,3.));
#8028=CARTESIAN_POINT('',(9.43451111610983,3.41980229703478,3.));
#8029=CARTESIAN_POINT('',(9.43451111610983,1.,3.));
#8030=CARTESIAN_POINT('',(8.,-3.15,3.));
#8031=CARTESIAN_POINT('',(2.1749782848321,-3.15,3.));
#8032=CARTESIAN_POINT('',(8.,-5.2489741641056,3.));
#8033=CARTESIAN_POINT('',(8.,-8.,3.));
#8034=CARTESIAN_POINT('',(13.5317199317649,-0.456419030697107,3.));
#8035=CARTESIAN_POINT('Ctrl Pts',(13.5317199317649,-0.456419030697108,3.));
#8036=CARTESIAN_POINT('Ctrl Pts',(13.3983187702498,-0.869806964219362,3.));
#8037=CARTESIAN_POINT('Ctrl Pts',(13.0577868028179,-1.52625844555995,3.));
#8038=CARTESIAN_POINT('Ctrl Pts',(12.101174645977,-3.04119523391208,3.));
#8039=CARTESIAN_POINT('Ctrl Pts',(11.6384803812143,-3.48524125940219,3.));
#8040=CARTESIAN_POINT('Ctrl Pts',(10.6598394419035,-4.31639876301489,3.));
#8041=CARTESIAN_POINT('Ctrl Pts',(9.72335058149533,-4.75094627577385,2.99999999978686));
#8042=CARTESIAN_POINT('Ctrl Pts',(8.67335010606509,-5.11711666526419,2.99999999978686));
#8043=CARTESIAN_POINT('Ctrl Pts',(8.32042704794859,-5.20157841053031,3.));
#8044=CARTESIAN_POINT('Ctrl Pts',(8.,-5.2489741641056,3.));
#8045=CARTESIAN_POINT('Origin',(8.,-2.2,3.));
#8046=CARTESIAN_POINT('Origin',(6.9,-2.2,3.));
#8047=CARTESIAN_POINT('',(11.5327043465311,-6.8,3.));
#8048=CARTESIAN_POINT('',(11.2525514579208,-6.8,3.));
#8049=CARTESIAN_POINT('',(4.38508349809067,-6.8,3.));
#8050=CARTESIAN_POINT('',(13.7993796595298,-2.28482667406126,3.));
#8051=CARTESIAN_POINT('Origin',(8.,-2.2,3.));
#8052=CARTESIAN_POINT('Origin',(7.42151147700902,-2.,3.));
#8053=CARTESIAN_POINT('Origin',(8.,-2.2,3.));
#8054=CARTESIAN_POINT('',(8.,-5.12863362387505,4.59928250156107));
#8055=CARTESIAN_POINT('Ctrl Pts',(8.,-5.2489741641056,3.));
#8056=CARTESIAN_POINT('Ctrl Pts',(8.,-5.22018995855039,3.53466051840405));
#8057=CARTESIAN_POINT('Ctrl Pts',(8.,-5.17962360758322,4.0672818580184));
#8058=CARTESIAN_POINT('Ctrl Pts',(8.,-5.12863362387505,4.59928250156108));
#8059=CARTESIAN_POINT('',(8.,-3.15,4.59928250156107));
#8060=CARTESIAN_POINT('',(8.,-3.15,2.28185813127636));
#8061=CARTESIAN_POINT('Ctrl Pts',(8.,-5.12863362387505,4.59928250156107));
#8062=CARTESIAN_POINT('Ctrl Pts',(8.,-4.46908908258337,4.59928250156107));
#8063=CARTESIAN_POINT('Ctrl Pts',(8.,-3.80954454129168,4.59928250156107));
#8064=CARTESIAN_POINT('Ctrl Pts',(8.,-3.15,4.59928250156107));
#8065=CARTESIAN_POINT('Ctrl Pts',(18.75,28.6620412107077,8.1));
#8066=CARTESIAN_POINT('Ctrl Pts',(18.75,-21.35,8.1));
#8067=CARTESIAN_POINT('Ctrl Pts',(13.6631698717623,28.6620412107077,8.1));
#8068=CARTESIAN_POINT('Ctrl Pts',(13.6631698717623,-21.35,8.1));
#8069=CARTESIAN_POINT('Ctrl Pts',(9.42478655734173,28.6620412107077,4.88152270327597));
#8070=CARTESIAN_POINT('Ctrl Pts',(9.42478655734173,-21.35,4.88152270327597));
#8071=CARTESIAN_POINT('Ctrl Pts',(3.27408955561929,28.6620412107077,2.74130864166027));
#8072=CARTESIAN_POINT('Ctrl Pts',(3.27408955561929,-21.35,2.74130864166027));
#8073=CARTESIAN_POINT('Ctrl Pts',(1.69340654473038,28.6620412107077,2.4));
#8074=CARTESIAN_POINT('Ctrl Pts',(1.69340654473038,-21.35,2.4));
#8075=CARTESIAN_POINT('Ctrl Pts',(4.16333634234434E-16,28.6620412107077,
2.4));
#8076=CARTESIAN_POINT('Ctrl Pts',(4.16333634234434E-16,-21.35,2.4));
#8077=CARTESIAN_POINT('Ctrl Pts',(7.99999999993113,-5.12863362389559,4.59928250153601));
#8078=CARTESIAN_POINT('Ctrl Pts',(8.06470128670435,-5.10871324622168,4.62935512825929));
#8079=CARTESIAN_POINT('Ctrl Pts',(8.13063647106831,-5.0868005096547,4.66012894027051));
#8080=CARTESIAN_POINT('Ctrl Pts',(8.19780293267973,-5.06279940220003,4.69158169425017));
#8081=CARTESIAN_POINT('Ctrl Pts',(8.21570614585598,-5.05640190956877,4.69996542246762));
#8082=CARTESIAN_POINT('Ctrl Pts',(8.23369660363526,-5.04985617513174,4.70839730274965));
#8083=CARTESIAN_POINT('Ctrl Pts',(8.25177372964436,-5.04316067964631,4.71687672212995));
#8084=CARTESIAN_POINT('Ctrl Pts',(8.33950635397812,-5.01066583561772,4.75802937630103));
#8085=CARTESIAN_POINT('Ctrl Pts',(8.42735601974161,-4.97535062001383,4.79940239277504));
#8086=CARTESIAN_POINT('Ctrl Pts',(8.5148635315608,-4.93758664098038,4.84074267138339));
#8087=CARTESIAN_POINT('Ctrl Pts',(8.61245860167723,-4.8954693632173,4.88684851196255));
#8088=CARTESIAN_POINT('Ctrl Pts',(8.70962547709094,-4.85030964988435,4.93291268208436));
#8089=CARTESIAN_POINT('Ctrl Pts',(8.8057510609703,-4.80266596281517,4.9785927773672));
#8090=CARTESIAN_POINT('Ctrl Pts',(8.89296963007134,-4.7594369487986,5.02004014638365));
#8091=CARTESIAN_POINT('Ctrl Pts',(8.97933039132927,-4.71416494252472,5.06117112021706));
#8092=CARTESIAN_POINT('Ctrl Pts',(9.06441282150363,-4.66726460102493,5.10174355934828));
#8093=CARTESIAN_POINT('Ctrl Pts',(9.13213454290392,-4.62993407515585,5.13403736447049));
#8094=CARTESIAN_POINT('Ctrl Pts',(9.19904690308805,-4.59157217192828,5.16597750181534));
#8095=CARTESIAN_POINT('Ctrl Pts',(9.26496046786016,-4.55237597182472,5.19745010168575));
#8096=CARTESIAN_POINT('Ctrl Pts',(9.32689099063566,-4.51554832987242,5.22702086712406));
#8097=CARTESIAN_POINT('Ctrl Pts',(9.38793871036855,-4.47798659735619,5.25617850283709));
#8098=CARTESIAN_POINT('Ctrl Pts',(9.44797353922379,-4.43982451342839,5.28483840079438));
#8099=CARTESIAN_POINT('Ctrl Pts',(9.50074787486019,-4.40627767629745,5.31003222749373));
#8100=CARTESIAN_POINT('Ctrl Pts',(9.55178304557118,-4.37287684048037,5.33438375884251));
#8101=CARTESIAN_POINT('Ctrl Pts',(9.60116415755175,-4.33967090137869,5.35793600053107));
#8102=CARTESIAN_POINT('Ctrl Pts',(9.64915974468004,-4.30739664753121,5.38082741837672));
#8103=CARTESIAN_POINT('Ctrl Pts',(9.69559294321428,-4.2753061224136,5.40296382591537));
#8104=CARTESIAN_POINT('Ctrl Pts',(9.74056264106749,-4.24339201819747,5.42439226054793));
#8105=CARTESIAN_POINT('Ctrl Pts',(9.78866630042888,-4.20925380354797,5.4473140538759));
#8106=CARTESIAN_POINT('Ctrl Pts',(9.83509535642691,-4.17531757588277,5.46942575399792));
#8107=CARTESIAN_POINT('Ctrl Pts',(9.87999440201548,-4.14151444685464,5.49079350748435));
#8108=CARTESIAN_POINT('Ctrl Pts',(9.94916925419734,-4.08943479965607,5.52371427828259));
#8109=CARTESIAN_POINT('Ctrl Pts',(10.014715189441,-4.03766765117725,5.55487019074813));
#8110=CARTESIAN_POINT('Ctrl Pts',(10.0772105258126,-3.98580968968949,5.58452117552845));
#8111=CARTESIAN_POINT('Ctrl Pts',(10.1238274843957,-3.94712743620891,5.60663864556229));
#8112=CARTESIAN_POINT('Ctrl Pts',(10.1687485571203,-3.90839035708282,5.62791930510956));
#8113=CARTESIAN_POINT('Ctrl Pts',(10.2121980385435,-3.86944464643897,5.64846531027964));
#8114=CARTESIAN_POINT('Ctrl Pts',(10.2520489858959,-3.83372446259248,5.66730967259459));
#8115=CARTESIAN_POINT('Ctrl Pts',(10.290662189194,-3.79782820804229,5.6855360979458));
#8116=CARTESIAN_POINT('Ctrl Pts',(10.3281876362441,-3.76167358878914,5.70321500923216));
#8117=CARTESIAN_POINT('Ctrl Pts',(10.3657130832942,-3.72551896953598,5.72089392051853));
#8118=CARTESIAN_POINT('Ctrl Pts',(10.4021509359259,-3.68910566387972,5.73802537664128));
#8119=CARTESIAN_POINT('Ctrl Pts',(10.4376243587107,-3.65239602726229,5.75467003764019));
#8120=CARTESIAN_POINT('',(8.61033126982172,-3.15,4.88591807380459));
#8121=CARTESIAN_POINT('Ctrl Pts',(8.60938265828388,-3.15,4.88792005939334));
#8122=CARTESIAN_POINT('Ctrl Pts',(8.40600813483062,-3.15,4.79155402132936));
#8123=CARTESIAN_POINT('Ctrl Pts',(8.20264129653292,-3.15,4.69578209672244));
#8124=CARTESIAN_POINT('Ctrl Pts',(7.99917213079872,-3.15,4.60106083358649));
#8125=CARTESIAN_POINT('',(8.61033126982172,0.,4.88591807380459));
#8126=CARTESIAN_POINT('Ctrl Pts',(8.61033126982172,0.,4.88591807380459));
#8127=CARTESIAN_POINT('Ctrl Pts',(8.61033126982172,-1.05,4.88591807380459));
#8128=CARTESIAN_POINT('Ctrl Pts',(8.61033126982172,-2.1,4.88591807380459));
#8129=CARTESIAN_POINT('Ctrl Pts',(8.61033126982172,-3.15,4.88591807380459));
#8130=CARTESIAN_POINT('',(9.85,0.,5.47653894004536));
#8131=CARTESIAN_POINT('Ctrl Pts',(9.84911772605849,4.44089209850063E-15,
5.47839514269751));
#8132=CARTESIAN_POINT('Ctrl Pts',(9.43522723976831,4.44089209850063E-15,
5.2816683519716));
#8133=CARTESIAN_POINT('Ctrl Pts',(9.02228910983834,4.44089209850063E-15,
5.08356973149449));
#8134=CARTESIAN_POINT('Ctrl Pts',(8.60938265828389,4.44089209850063E-15,
4.88792005939334));
#8135=CARTESIAN_POINT('Ctrl Pts',(10.2357062955747,-2.59418113583305,5.66148706643626));
#8136=CARTESIAN_POINT('Ctrl Pts',(10.1554493196942,-2.33089361669707,5.62363957553998));
#8137=CARTESIAN_POINT('Ctrl Pts',(10.0873238918024,-2.0635997207446,5.59140104319571));
#8138=CARTESIAN_POINT('Ctrl Pts',(10.0316642147968,-1.79307869722111,5.56502979954854));
#8139=CARTESIAN_POINT('Ctrl Pts',(9.99545734031405,-1.61710353404045,5.54787518493248));
#8140=CARTESIAN_POINT('Ctrl Pts',(9.96452586613418,-1.43976279181713,5.53320199011197));
#8141=CARTESIAN_POINT('Ctrl Pts',(9.93896573794068,-1.26127097062913,5.52107064828981));
#8142=CARTESIAN_POINT('Ctrl Pts',(9.89126852118921,-0.928191143363963,5.49843260688419));
#8143=CARTESIAN_POINT('Ctrl Pts',(9.86247417229159,-0.592474320428127,5.48474330989649));
#8144=CARTESIAN_POINT('Ctrl Pts',(9.85279220086294,-0.255686661833913,5.48014161374506));
#8145=CARTESIAN_POINT('Ctrl Pts',(9.85034376684292,-0.170517813020337,5.47897790969057));
#8146=CARTESIAN_POINT('Ctrl Pts',(9.84911772605329,-0.0852804828995862,
5.47839514269504));
#8147=CARTESIAN_POINT('Ctrl Pts',(9.84911772605849,3.5527136788005E-15,
5.47839514269751));
#8148=CARTESIAN_POINT('Origin',(8.,-2.2,3.));
#8149=CARTESIAN_POINT('',(11.5327043465311,-6.8,4.35));
#8150=CARTESIAN_POINT('',(11.5327043465311,-6.8,3.));
#8151=CARTESIAN_POINT('',(13.7646692985759,-1.5607912093401,4.35));
#8152=CARTESIAN_POINT('Origin',(8.,-2.2,4.35));
#8153=CARTESIAN_POINT('',(13.7646692985759,-1.5607912093401,3.85));
#8154=CARTESIAN_POINT('',(13.7646692985759,-1.5607912093401,3.));
#8155=CARTESIAN_POINT('',(13.7260242529979,-1.27661153674126,3.85));
#8156=CARTESIAN_POINT('Origin',(8.,-2.2,3.85));
#8157=CARTESIAN_POINT('',(13.7260242529979,-1.27661153674126,4.35));
#8158=CARTESIAN_POINT('',(13.7260242529979,-1.27661153674126,3.));
#8159=CARTESIAN_POINT('',(13.6551489113446,-0.911865383386612,4.35));
#8160=CARTESIAN_POINT('Origin',(8.,-2.2,4.35));
#8161=CARTESIAN_POINT('',(13.6551489113446,-0.911865383386612,3.85));
#8162=CARTESIAN_POINT('',(13.6551489113446,-0.911865383386612,3.));
#8163=CARTESIAN_POINT('',(13.4086909890175,-0.105707330547836,3.85));
#8164=CARTESIAN_POINT('Origin',(8.,-2.2,3.85));
#8165=CARTESIAN_POINT('',(13.4086909890175,-0.105707330547831,4.35));
#8166=CARTESIAN_POINT('',(13.4086909890175,-0.105707330547836,3.));
#8167=CARTESIAN_POINT('',(13.2674346830118,0.227783322334289,4.35));
#8168=CARTESIAN_POINT('Origin',(8.,-2.2,4.35));
#8169=CARTESIAN_POINT('',(13.2674346830118,0.227783322334289,3.85));
#8170=CARTESIAN_POINT('',(13.2674346830118,0.227783322334289,3.));
#8171=CARTESIAN_POINT('',(13.1186518073082,0.527527025629729,3.85));
#8172=CARTESIAN_POINT('Origin',(8.,-2.2,3.85));
#8173=CARTESIAN_POINT('',(13.1186518073082,0.527527025629733,4.35));
#8174=CARTESIAN_POINT('',(13.1186518073082,0.527527025629729,3.));
#8175=CARTESIAN_POINT('',(12.4753056493138,1.48939552692839,4.35));
#8176=CARTESIAN_POINT('Origin',(8.,-2.2,4.35));
#8177=CARTESIAN_POINT('',(12.4753056490897,1.48939552599423,3.85));
#8178=CARTESIAN_POINT('Ctrl Pts',(12.4753056490897,1.48939552599423,3.85));
#8179=CARTESIAN_POINT('Ctrl Pts',(12.4753056490897,1.48939552599423,3.93333333333333));
#8180=CARTESIAN_POINT('Ctrl Pts',(12.4753056490897,1.48939552599423,4.01666666666667));
#8181=CARTESIAN_POINT('Ctrl Pts',(12.4753056490897,1.48939552599423,4.18333333333333));
#8182=CARTESIAN_POINT('Ctrl Pts',(12.4753056490897,1.48939552599423,4.26666666666667));
#8183=CARTESIAN_POINT('Ctrl Pts',(12.4753056490897,1.48939552599423,4.35));
#8184=CARTESIAN_POINT('',(12.2810500349967,1.71313309227463,3.85));
#8185=CARTESIAN_POINT('Origin',(8.,-2.2,3.85));
#8186=CARTESIAN_POINT('',(12.2810500350004,1.71313309228471,4.35));
#8187=CARTESIAN_POINT('Ctrl Pts',(12.2810500349967,1.71313309227463,4.35));
#8188=CARTESIAN_POINT('Ctrl Pts',(12.2810500349967,1.71313309227463,4.26666666666667));
#8189=CARTESIAN_POINT('Ctrl Pts',(12.2810500349967,1.71313309227463,4.18333333333333));
#8190=CARTESIAN_POINT('Ctrl Pts',(12.2810500349967,1.71313309227463,4.01666666666667));
#8191=CARTESIAN_POINT('Ctrl Pts',(12.2810500349967,1.71313309227463,3.93333333333333));
#8192=CARTESIAN_POINT('Ctrl Pts',(12.2810500349967,1.71313309227463,3.85));
#8193=CARTESIAN_POINT('',(8.89311531466898,3.53082411479394,4.35));
#8194=CARTESIAN_POINT('Origin',(8.,-2.2,4.35));
#8195=CARTESIAN_POINT('Ctrl Pts',(9.43451111610983,3.41980229703478,3.));
#8196=CARTESIAN_POINT('Ctrl Pts',(9.3492183223834,3.44157414135557,3.26823193684539));
#8197=CARTESIAN_POINT('Ctrl Pts',(9.2523389308162,3.46425335682712,3.53320283221689));
#8198=CARTESIAN_POINT('Ctrl Pts',(9.0663640266612,3.5016845652124,3.98152799675736));
#8199=CARTESIAN_POINT('Ctrl Pts',(8.98249645932496,3.51689458781216,4.16726969508443));
#8200=CARTESIAN_POINT('Ctrl Pts',(8.89311531466898,3.53082411479394,4.35));
#8201=CARTESIAN_POINT('',(13.4984761452372,-0.354258934666669,3.17368268166255));
#8202=CARTESIAN_POINT('Ctrl Pts',(13.4984761452372,-0.354258934666669,3.17368268166256));
#8203=CARTESIAN_POINT('Ctrl Pts',(13.5067399987606,-0.37887701480784,3.1333920994566));
#8204=CARTESIAN_POINT('Ctrl Pts',(13.5148476954081,-0.40358753806077,3.09159030754756));
#8205=CARTESIAN_POINT('Ctrl Pts',(13.5225773724941,-0.427673828892564,3.05001059393529));
#8206=CARTESIAN_POINT('Ctrl Pts',(13.52569013521,-0.437373445995708,3.03326632624733));
#8207=CARTESIAN_POINT('Ctrl Pts',(13.528742033534,-0.446971291080507,3.01655823263494));
#8208=CARTESIAN_POINT('Ctrl Pts',(13.5317199317649,-0.456419030697107,3.));
#8209=CARTESIAN_POINT('Ctrl Pts',(13.7993796595298,-2.28482667406126,3.));
#8210=CARTESIAN_POINT('Ctrl Pts',(13.7997942193011,-2.25648429789106,3.00279926178187));
#8211=CARTESIAN_POINT('Ctrl Pts',(13.8,-2.22820655481436,3.00557394693107));
#8212=CARTESIAN_POINT('Ctrl Pts',(13.8,-1.5976459830177,3.06706264262497));
#8213=CARTESIAN_POINT('Ctrl Pts',(13.7019730859786,-0.960477810819478,3.12013902752955));
#8214=CARTESIAN_POINT('Ctrl Pts',(13.4984761452372,-0.354258934666669,3.17368268166254));
#8215=CARTESIAN_POINT('Origin',(13.2446283102036,0.279785059392452,3.85));
#8216=CARTESIAN_POINT('',(13.6738276481628,-0.911865383386612,3.85));
#8217=CARTESIAN_POINT('',(13.6738276481628,-0.911865383386612,3.85));
#8218=CARTESIAN_POINT('',(13.6738276481628,-0.101806670427323,3.85));
#8219=CARTESIAN_POINT('',(13.6738276481628,-0.101806670427323,3.85));
#8220=CARTESIAN_POINT('',(13.4086909890175,-0.101806670427323,3.85));
#8221=CARTESIAN_POINT('',(13.4086909890175,-0.101806670427323,3.85));
#8222=CARTESIAN_POINT('',(13.4086909890175,-0.911865383386612,3.85));
#8223=CARTESIAN_POINT('Origin',(13.6738276481628,-0.911865383386612,4.35));
#8224=CARTESIAN_POINT('',(13.6738276481628,-0.911865383386612,4.35));
#8225=CARTESIAN_POINT('',(15.9906638240814,-0.911865383386612,4.35));
#8226=CARTESIAN_POINT('',(13.6738276481628,-0.911865383386612,4.35));
#8227=CARTESIAN_POINT('Origin',(12.1708977222443,-1.27661153674126,4.35));
#8228=CARTESIAN_POINT('',(14.3183588981628,-1.27661153674126,3.85));
#8229=CARTESIAN_POINT('',(12.1708977222443,-1.27661153674126,3.85));
#8230=CARTESIAN_POINT('',(14.3183588981628,-1.27661153674126,4.35));
#8231=CARTESIAN_POINT('',(14.3183588981628,-1.27661153674126,4.35));
#8232=CARTESIAN_POINT('',(15.2391988611221,-1.27661153674126,4.35));
#8233=CARTESIAN_POINT('Origin',(13.2446283102036,0.279785059392452,3.85));
#8234=CARTESIAN_POINT('',(14.3183588981628,-1.5607912093401,3.85));
#8235=CARTESIAN_POINT('',(14.3183588981628,-1.5607912093401,3.85));
#8236=CARTESIAN_POINT('',(14.3183588981628,-1.27661153674126,3.85));
#8237=CARTESIAN_POINT('Origin',(14.3183588981628,-1.5607912093401,4.35));
#8238=CARTESIAN_POINT('',(14.3183588981628,-1.5607912093401,4.35));
#8239=CARTESIAN_POINT('',(16.3129294490814,-1.5607912093401,4.35));
#8240=CARTESIAN_POINT('',(14.3183588981628,-1.5607912093401,4.35));
#8241=CARTESIAN_POINT('Origin',(1.87016699618134,-6.8,0.00183992700646618));
#8242=CARTESIAN_POINT('',(11.7403339923627,-6.8,1.65982850101195));
#8243=CARTESIAN_POINT('',(10.9004344011188,-6.8,3.96743366257143));
#8244=CARTESIAN_POINT('',(11.7403339923627,-6.8,4.35));
#8245=CARTESIAN_POINT('',(11.7403339923627,-6.8,-2.85));
#8246=CARTESIAN_POINT('',(10.0888334980907,-6.8,4.35));
#8247=CARTESIAN_POINT('Origin',(7.51754096628822,-2.,2.73616114660272));
#8248=CARTESIAN_POINT('',(13.6675415522124,-0.354258934666669,2.70917929358549));
#8249=CARTESIAN_POINT('',(12.9394563458646,-0.354258934666669,4.70957695747195));
#8250=CARTESIAN_POINT('',(13.8585585795596,-0.615356569782887,2.38365838159466));
#8251=CARTESIAN_POINT('Ctrl Pts',(13.8585585795596,-0.615356569782882,2.38365838159465));
#8252=CARTESIAN_POINT('Ctrl Pts',(13.8480015953271,-0.60884367228504,2.40814704995974));
#8253=CARTESIAN_POINT('Ctrl Pts',(13.8371311231627,-0.600555332315614,2.43223415121282));
#8254=CARTESIAN_POINT('Ctrl Pts',(13.7942275142381,-0.561831712894532,2.52274975125254));
#8255=CARTESIAN_POINT('Ctrl Pts',(13.7608787111156,-0.518455866822813,2.58301543321006));
#8256=CARTESIAN_POINT('Ctrl Pts',(13.7095832197194,-0.435541237198095,2.65994519029169));
#8257=CARTESIAN_POINT('Ctrl Pts',(13.6883727993258,-0.396845253887731,2.6874610097348));
#8258=CARTESIAN_POINT('Ctrl Pts',(13.6675415522124,-0.354258934666669,2.70917929358549));
#8259=CARTESIAN_POINT('',(13.9449093452231,-1.08575308117688,2.41508749000215));
#8260=CARTESIAN_POINT('Origin',(8.37259132459983,-2.,0.386929594637012));
#8261=CARTESIAN_POINT('',(11.7403339923627,-6.80602506398492,1.61268768236677));
#8262=CARTESIAN_POINT('Origin',(8.37259132459983,-2.,0.386929594637012));
#8263=CARTESIAN_POINT('Origin',(11.7403339923627,-2.,-8.86586733960678));
#8264=CARTESIAN_POINT('Ctrl Pts',(15.0849785671983,-0.354258934666669,-1.18519689860067));
#8265=CARTESIAN_POINT('Ctrl Pts',(11.6489844828425,-0.354258934666669,8.25511926157886));
#8266=CARTESIAN_POINT('Ctrl Pts',(15.0729347070949,-0.406717871039004,-1.18958050518398));
#8267=CARTESIAN_POINT('Ctrl Pts',(11.636940622739,-0.406717871039004,8.25073565499556));
#8268=CARTESIAN_POINT('Ctrl Pts',(15.0286441628994,-0.571215365437713,-1.20570094493055));
#8269=CARTESIAN_POINT('Ctrl Pts',(11.5926500785435,-0.571215365437713,8.23461521524899));
#8270=CARTESIAN_POINT('Ctrl Pts',(14.9107043455033,-0.905540848555323,-1.24862752789737));
#8271=CARTESIAN_POINT('Ctrl Pts',(11.4747102611474,-0.905540848555323,8.19168863228217));
#8272=CARTESIAN_POINT('Ctrl Pts',(14.6546901708134,-1.48992029752745,-1.3418090670344));
#8273=CARTESIAN_POINT('Ctrl Pts',(11.2186960864575,-1.48992029752745,8.09850709314513));
#8274=CARTESIAN_POINT('Ctrl Pts',(14.2196343974688,-2.32144070394256,-1.50015641877696));
#8275=CARTESIAN_POINT('Ctrl Pts',(10.7836403131129,-2.32144070394256,7.94015974140257));
#8276=CARTESIAN_POINT('Ctrl Pts',(13.6876327763803,-3.15113086500443,-1.69378917343387));
#8277=CARTESIAN_POINT('Ctrl Pts',(10.2516386920244,-3.15113086500443,7.74652698674567));
#8278=CARTESIAN_POINT('Ctrl Pts',(13.1630474251539,-3.74752730735667,-1.88472262661172));
#8279=CARTESIAN_POINT('Ctrl Pts',(9.72705334079801,-3.74752730735667,7.55559353356781));
#8280=CARTESIAN_POINT('Ctrl Pts',(12.6023933753341,-4.18885823793597,-2.08878401246622));
#8281=CARTESIAN_POINT('Ctrl Pts',(9.16639929097825,-4.18885823793597,7.35153214771331));
#8282=CARTESIAN_POINT('Ctrl Pts',(11.9434650785294,-4.60697438850454,-2.32861429901806));
#8283=CARTESIAN_POINT('Ctrl Pts',(8.50747099417351,-4.60697438850454,7.11170186116148));
#8284=CARTESIAN_POINT('Ctrl Pts',(11.2003275647919,-4.97645136045172,-2.59909423398417));
#8285=CARTESIAN_POINT('Ctrl Pts',(7.76433348043605,-4.97645136045172,6.84122192619537));
#8286=CARTESIAN_POINT('Ctrl Pts',(10.558541760705,-5.19389752415869,-2.8326851634456));
#8287=CARTESIAN_POINT('Ctrl Pts',(7.12254767634914,-5.19389752415869,6.60763099673393));
#8288=CARTESIAN_POINT('Ctrl Pts',(10.066204120707,-5.28068474907846,-3.01188140961313));
#8289=CARTESIAN_POINT('Ctrl Pts',(6.63021003635116,-5.28068474907846,6.42843475056641));
#8290=CARTESIAN_POINT('Ctrl Pts',(9.73524609571662,-5.3,-3.13234027950076));
#8291=CARTESIAN_POINT('Ctrl Pts',(6.29925201136075,-5.3,6.30797588067878));
#8292=CARTESIAN_POINT('Ctrl Pts',(9.56909392554328,-5.3,-3.19281472380238));
#8293=CARTESIAN_POINT('Ctrl Pts',(6.1330998411874,-5.3,6.24750143637715));
#8294=CARTESIAN_POINT('',(6.70532940322779,-5.3,4.67531363592143));
#8295=CARTESIAN_POINT('Ctrl Pts',(6.7053294032278,-5.3,4.67531363592143));
#8296=CARTESIAN_POINT('Ctrl Pts',(7.48499410678543,-5.3,4.95908838072342));
#8297=CARTESIAN_POINT('Ctrl Pts',(8.83125145136766,-4.82541956583213,5.44908598181195));
#8298=CARTESIAN_POINT('Ctrl Pts',(10.0209505458662,-3.99922196438921,5.8821010399414));
#8299=CARTESIAN_POINT('Ctrl Pts',(10.4301193971887,-3.56786454211122,6.03102632261117));
#8300=CARTESIAN_POINT('',(8.14181400519129,-5.3,0.72860462861904));
#8301=CARTESIAN_POINT('',(7.42357170420954,-5.3,2.70195913227023));
#8302=CARTESIAN_POINT('',(13.4635002569754,-0.926006970792389,2.66554002036553));
#8303=CARTESIAN_POINT('Ctrl Pts',(13.4635002569754,-0.926006970792381,2.66554002036553));
#8304=CARTESIAN_POINT('Ctrl Pts',(13.3274840801018,-1.25828774265038,2.61603418060503));
#8305=CARTESIAN_POINT('Ctrl Pts',(13.0091781529758,-1.91779021473273,2.50018029774107));
#8306=CARTESIAN_POINT('Ctrl Pts',(12.4512522849245,-2.86583356817702,2.29711188884394));
#8307=CARTESIAN_POINT('Ctrl Pts',(11.8112580717144,-3.68714194304656,2.06417304513365));
#8308=CARTESIAN_POINT('Ctrl Pts',(10.7256349430098,-4.52276491769201,1.66903854065556));
#8309=CARTESIAN_POINT('Ctrl Pts',(9.44602938731628,-5.15509301325801,1.20330020678304));
#8310=CARTESIAN_POINT('Ctrl Pts',(8.4692879097636,-5.3,0.847795382381887));
#8311=CARTESIAN_POINT('Ctrl Pts',(8.14181400519129,-5.3,0.72860462861904));
#8312=CARTESIAN_POINT('',(13.6604784650649,-0.48208155307113,2.62293637768859));
#8313=CARTESIAN_POINT('Ctrl Pts',(13.6603799265003,-0.482267537154305,2.62302950849105));
#8314=CARTESIAN_POINT('Ctrl Pts',(13.5949128265925,-0.614530915780135,2.68057512683657));
#8315=CARTESIAN_POINT('Ctrl Pts',(13.526327272238,-0.772523689578571,2.68840718382623));
#8316=CARTESIAN_POINT('Ctrl Pts',(13.4635002569754,-0.926006970792389,2.66554002036553));
#8317=CARTESIAN_POINT('Ctrl Pts',(13.6675415522125,-0.354258934666669,2.70917929358549));
#8318=CARTESIAN_POINT('Ctrl Pts',(13.6638411849977,-0.400540557515715,2.68628486894506));
#8319=CARTESIAN_POINT('Ctrl Pts',(13.6608659162083,-0.443728571671699,2.6573093407262));
#8320=CARTESIAN_POINT('Ctrl Pts',(13.6604554416111,-0.482371778081113,2.62283592098458));
#8321=CARTESIAN_POINT('Origin',(0.,1.,0.));
#8322=CARTESIAN_POINT('',(6.83440250824358,-3.15,7.1624676163536));
#8323=CARTESIAN_POINT('Origin',(0.,-3.15,0.));
#8324=CARTESIAN_POINT('',(6.83440250824358,0.,7.1624676163536));
#8325=CARTESIAN_POINT('',(6.83440250824358,1.,7.1624676163536));
#8326=CARTESIAN_POINT('Origin',(0.,0.,0.));
#8327=CARTESIAN_POINT('Origin',(18.75,0.,4.35));
#8328=CARTESIAN_POINT('',(9.85,0.,4.35));
#8329=CARTESIAN_POINT('Ctrl Pts',(8.14181400519129,-5.3,0.72860462861904));
#8330=CARTESIAN_POINT('Ctrl Pts',(8.4692879097636,-5.3,0.847795382381887));
#8331=CARTESIAN_POINT('Ctrl Pts',(9.44602938731628,-5.15509301325801,1.20330020678304));
#8332=CARTESIAN_POINT('Ctrl Pts',(10.7256349430098,-4.52276491769201,1.66903854065556));
#8333=CARTESIAN_POINT('Ctrl Pts',(11.8112580717144,-3.68714194304656,2.06417304513365));
#8334=CARTESIAN_POINT('Ctrl Pts',(12.4512522849245,-2.86583356817702,2.29711188884394));
#8335=CARTESIAN_POINT('Ctrl Pts',(13.0091781529758,-1.91779021473273,2.50018029774107));
#8336=CARTESIAN_POINT('Ctrl Pts',(13.3274840801018,-1.25828774265038,2.61603418060503));
#8337=CARTESIAN_POINT('Ctrl Pts',(13.4635002569754,-0.926006970792381,2.66554002036553));
#8338=CARTESIAN_POINT('Ctrl Pts',(8.17763027084623,-5.3,0.630200247482549));
#8339=CARTESIAN_POINT('Ctrl Pts',(8.50503608494725,-5.3,0.749366218340608));
#8340=CARTESIAN_POINT('Ctrl Pts',(9.48176227748929,-5.15506735753584,1.10486547945286));
#8341=CARTESIAN_POINT('Ctrl Pts',(10.7614730485329,-4.52266216019526,1.57064210858099));
#8342=CARTESIAN_POINT('Ctrl Pts',(11.8470350396741,-3.68709979252628,1.96575436080579));
#8343=CARTESIAN_POINT('Ctrl Pts',(12.4869957033109,-2.86584972955556,2.19868099347006));
#8344=CARTESIAN_POINT('Ctrl Pts',(13.0449525249383,-1.91781012084809,2.40176066854751));
#8345=CARTESIAN_POINT('Ctrl Pts',(13.3633162263113,-1.25824894724349,2.5176355795177));
#8346=CARTESIAN_POINT('Ctrl Pts',(13.4993165226303,-0.926006970792381,2.56713563922904));
#8347=CARTESIAN_POINT('Ctrl Pts',(8.24899332747733,-5.38662862589262,0.434131860804681));
#8348=CARTESIAN_POINT('Ctrl Pts',(8.5835161337201,-5.38662862589262,0.555888204959837));
#8349=CARTESIAN_POINT('Ctrl Pts',(9.58206789018173,-5.23713727190066,0.919331321684865));
#8350=CARTESIAN_POINT('Ctrl Pts',(10.8703161594687,-4.60063826625255,1.38821534604868));
#8351=CARTESIAN_POINT('Ctrl Pts',(11.9744290056579,-3.75124300252557,1.79007955733113));
#8352=CARTESIAN_POINT('Ctrl Pts',(12.6260850673268,-2.9148665719929,2.02726296675695));
#8353=CARTESIAN_POINT('Ctrl Pts',(13.187051908283,-1.9606728358332,2.23143819927464));
#8354=CARTESIAN_POINT('Ctrl Pts',(13.507650190788,-1.29690040858282,2.34812643126293));
#8355=CARTESIAN_POINT('Ctrl Pts',(13.6453103637364,-0.960603435878573,2.3982306366599));
#8356=CARTESIAN_POINT('Ctrl Pts',(8.27862206252114,-5.59528024488034,0.352727580304527));
#8357=CARTESIAN_POINT('Ctrl Pts',(8.62997666087725,-5.59528024488034,0.480610195778272));
#8358=CARTESIAN_POINT('Ctrl Pts',(9.68102734984146,-5.4346920748868,0.863161361264928));
#8359=CARTESIAN_POINT('Ctrl Pts',(10.9903178887101,-4.78798176830673,1.33970414541786));
#8360=CARTESIAN_POINT('Ctrl Pts',(12.1388335108079,-3.90554487508357,1.75772964544976));
#8361=CARTESIAN_POINT('Ctrl Pts',(12.8185060711551,-3.03300094104226,2.00511022646279));
#8362=CARTESIAN_POINT('Ctrl Pts',(13.3868637071536,-2.06400157213269,2.21197548838346));
#8363=CARTESIAN_POINT('Ctrl Pts',(13.7131072004687,-1.38981874634214,2.33071840907275));
#8364=CARTESIAN_POINT('Ctrl Pts',(13.8546930062971,-1.04393164727642,2.38225142798872));
#8365=CARTESIAN_POINT('Ctrl Pts',(8.27862206252114,-5.7,0.352727580304527));
#8366=CARTESIAN_POINT('Ctrl Pts',(8.63846700555095,-5.7,0.483700428518148));
#8367=CARTESIAN_POINT('Ctrl Pts',(9.71587586004942,-5.53385854791483,0.875845181689102));
#8368=CARTESIAN_POINT('Ctrl Pts',(11.0356613288702,-4.88207162763645,1.3562078079553));
#8369=CARTESIAN_POINT('Ctrl Pts',(12.2065004859803,-3.98301355556601,1.78235841025524));
#8370=CARTESIAN_POINT('Ctrl Pts',(12.9002552163712,-3.09228104207402,2.03486448199806));
#8371=CARTESIAN_POINT('Ctrl Pts',(13.4723028068824,-2.11584855628779,2.24307277752711));
#8372=CARTESIAN_POINT('Ctrl Pts',(13.8013433595115,-1.43647766146617,2.36283374455022));
#8373=CARTESIAN_POINT('Ctrl Pts',(13.9449093452275,-1.08575308117891,2.41508749000375));
#8374=CARTESIAN_POINT('Origin',(13.8081012878977,-1.08575308117892,2.79096453831826));
#8375=CARTESIAN_POINT('',(8.27862206252194,-5.7,0.352727580304817));
#8376=CARTESIAN_POINT('Ctrl Pts',(8.14181400519287,-5.3,0.728604628619617));
#8377=CARTESIAN_POINT('Ctrl Pts',(8.17763027084782,-5.3,0.630200247483126));
#8378=CARTESIAN_POINT('Ctrl Pts',(8.21331179916338,-5.34331431294631,0.532166054144198));
#8379=CARTESIAN_POINT('Ctrl Pts',(8.23855974708214,-5.4171343741664,0.462797887349703));
#8380=CARTESIAN_POINT('Ctrl Pts',(8.26380769500089,-5.49095443538648,0.393429720555208));
#8381=CARTESIAN_POINT('Ctrl Pts',(8.27862206252284,-5.59528024488034,0.352727580305146));
#8382=CARTESIAN_POINT('Ctrl Pts',(8.27862206252289,-5.7,0.35272758030516));
#8383=CARTESIAN_POINT('Ctrl Pts',(8.27862206252114,-5.7,0.352727580304527));
#8384=CARTESIAN_POINT('Ctrl Pts',(8.63846700555095,-5.7,0.483700428518148));
#8385=CARTESIAN_POINT('Ctrl Pts',(9.71587586004942,-5.53385854791483,0.875845181689102));
#8386=CARTESIAN_POINT('Ctrl Pts',(11.0356613288702,-4.88207162763645,1.3562078079553));
#8387=CARTESIAN_POINT('Ctrl Pts',(12.2065004859803,-3.98301355556601,1.78235841025524));
#8388=CARTESIAN_POINT('Ctrl Pts',(12.9002552163712,-3.09228104207402,2.03486448199806));
#8389=CARTESIAN_POINT('Ctrl Pts',(13.4723028068824,-2.11584855628779,2.24307277752711));
#8390=CARTESIAN_POINT('Ctrl Pts',(13.8013433595115,-1.43647766146617,2.36283374455022));
#8391=CARTESIAN_POINT('Ctrl Pts',(13.9449093452275,-1.08575308117891,2.41508749000375));
#8392=CARTESIAN_POINT('Ctrl Pts',(13.8585585795596,-0.615356569782883,2.38365838159466));
#8393=CARTESIAN_POINT('Ctrl Pts',(13.889748531381,-0.755301874673969,2.39501059566578));
#8394=CARTESIAN_POINT('Ctrl Pts',(13.920822268573,-0.919494201158776,2.40632051107104));
#8395=CARTESIAN_POINT('Ctrl Pts',(13.9449093452179,-1.0857530811805,2.41508749000025));
#8396=CARTESIAN_POINT('Ctrl Pts',(13.8137122454952,-0.585534506535885,2.40188782868484));
#8397=CARTESIAN_POINT('Ctrl Pts',(13.8216512762664,-0.724239894567922,2.40996632731449));
#8398=CARTESIAN_POINT('Ctrl Pts',(13.8341711733312,-0.886266021668927,2.40039381671293));
#8399=CARTESIAN_POINT('Ctrl Pts',(13.854693006288,-1.04393164727859,2.38225142798783));
#8400=CARTESIAN_POINT('Ctrl Pts',(13.7355692090309,-0.521608723213381,2.45965766134609));
#8401=CARTESIAN_POINT('Ctrl Pts',(13.6977636730192,-0.656749473794429,2.47918266761522));
#8402=CARTESIAN_POINT('Ctrl Pts',(13.662530612668,-0.815903975127163,2.45134968403906));
#8403=CARTESIAN_POINT('Ctrl Pts',(13.6453085925356,-0.960602074230144,2.39822636364474));
#8404=CARTESIAN_POINT('Ctrl Pts',(13.6944704088309,-0.460536577975551,2.54972027948003));
#8405=CARTESIAN_POINT('Ctrl Pts',(13.6287199293293,-0.597630538317795,2.6073456525122));
#8406=CARTESIAN_POINT('Ctrl Pts',(13.5597224830165,-0.767019552218974,2.60522277506224));
#8407=CARTESIAN_POINT('Ctrl Pts',(13.4993165226293,-0.926006970793717,2.56713563923022));
#8408=CARTESIAN_POINT('Ctrl Pts',(13.6850203241668,-0.433441203021507,2.59880590296065));
#8409=CARTESIAN_POINT('Ctrl Pts',(13.6123308508316,-0.574546679093456,2.6781067990268));
#8410=CARTESIAN_POINT('Ctrl Pts',(13.5342629835904,-0.753137140463718,2.69129554654589));
#8411=CARTESIAN_POINT('Ctrl Pts',(13.4635002569754,-0.926006970792389,2.66554002036553));
#8412=CARTESIAN_POINT('Ctrl Pts',(13.8585585795596,-0.615356569782883,2.38365838159466));
#8413=CARTESIAN_POINT('Ctrl Pts',(13.8501111357543,-0.615044343385238,2.38816163231151));
#8414=CARTESIAN_POINT('Ctrl Pts',(13.8417045706497,-0.614580248391536,2.3928310926212));
#8415=CARTESIAN_POINT('Ctrl Pts',(13.8334238516493,-0.613948597389319,2.39765968595022));
#8416=CARTESIAN_POINT('Ctrl Pts',(13.8246525108564,-0.613279521889675,2.40277436713152));
#8417=CARTESIAN_POINT('Ctrl Pts',(13.8160212714548,-0.612422583103019,2.40806658283227));
#8418=CARTESIAN_POINT('Ctrl Pts',(13.8075747977951,-0.61134789006259,2.41354567501448));
#8419=CARTESIAN_POINT('Ctrl Pts',(13.798486863891,-0.610191580375009,2.41944087218344));
#8420=CARTESIAN_POINT('Ctrl Pts',(13.7896115119545,-0.608783035791849,2.4255514462969));
#8421=CARTESIAN_POINT('Ctrl Pts',(13.7809601304358,-0.607072322732096,2.4319252535825));
#8422=CARTESIAN_POINT('Ctrl Pts',(13.7799496729427,-0.606872516166403,2.43266969668876));
#8423=CARTESIAN_POINT('Ctrl Pts',(13.7789422383943,-0.606668576428869,2.43341777749948));
#8424=CARTESIAN_POINT('Ctrl Pts',(13.7779378227689,-0.606460416006461,2.43416960990101));
#8425=CARTESIAN_POINT('Ctrl Pts',(13.7660804027216,-0.60400302137465,2.44304521116165));
#8426=CARTESIAN_POINT('Ctrl Pts',(13.7547606676651,-0.600973047355892,2.45235723996259));
#8427=CARTESIAN_POINT('Ctrl Pts',(13.7441699373213,-0.597246344729151,2.46209612088173));
#8428=CARTESIAN_POINT('Ctrl Pts',(13.7388156791456,-0.595362269942973,2.46701971737524));
#8429=CARTESIAN_POINT('Ctrl Pts',(13.7336470280513,-0.593299651323138,2.4720527731627));
#8430=CARTESIAN_POINT('Ctrl Pts',(13.7286862700193,-0.591040082485167,2.47719542233049));
#8431=CARTESIAN_POINT('Ctrl Pts',(13.7187032604284,-0.586492935207422,2.4875444689144));
#8432=CARTESIAN_POINT('Ctrl Pts',(13.7095602333703,-0.58114884492806,2.4983389105118));
#8433=CARTESIAN_POINT('Ctrl Pts',(13.7014113636987,-0.574840428806375,2.50953593309939));
#8434=CARTESIAN_POINT('Ctrl Pts',(13.6914180991074,-0.567104181449722,2.52326726196621));
#8435=CARTESIAN_POINT('Ctrl Pts',(13.683224875008,-0.558145844560944,2.53718490278155));
#8436=CARTESIAN_POINT('Ctrl Pts',(13.6768552005139,-0.547867531283965,2.55112145616198));
#8437=CARTESIAN_POINT('Ctrl Pts',(13.6743723204654,-0.54386107553948,2.55655388294687));
#8438=CARTESIAN_POINT('Ctrl Pts',(13.6721664077473,-0.539654175771969,2.56198977368977));
#8439=CARTESIAN_POINT('Ctrl Pts',(13.6702396853516,-0.53524202518172,2.56742018281137));
#8440=CARTESIAN_POINT('Ctrl Pts',(13.6664715585947,-0.526613100365605,2.57804053474011));
#8441=CARTESIAN_POINT('Ctrl Pts',(13.6638523474562,-0.517390902987114,2.58840661494033));
#8442=CARTESIAN_POINT('Ctrl Pts',(13.662280848957,-0.507647246290925,2.59843664059418));
#8443=CARTESIAN_POINT('Ctrl Pts',(13.6609627150714,-0.499474509207782,2.60684957684203));
#8444=CARTESIAN_POINT('Ctrl Pts',(13.6603809718153,-0.490935096587355,2.61502715858977));
#8445=CARTESIAN_POINT('Ctrl Pts',(13.6604728420954,-0.482079832545983,2.62294780040494));
#8446=CARTESIAN_POINT('Origin',(11.1446845559185,-4.16248698119719,1.39588901744439));
#8447=CARTESIAN_POINT('',(8.27862206252273,-6.8,0.352727580305102));
#8448=CARTESIAN_POINT('',(8.27862206252273,-5.4812434905986,0.352727580305102));
#8449=CARTESIAN_POINT('',(6.82586263551296,-6.8,-0.176033608674278));
#8450=CARTESIAN_POINT('Ctrl Pts',(10.464129736114,-3.53158678802345,6.04340507363723));
#8451=CARTESIAN_POINT('Ctrl Pts',(10.0489175672206,-3.97973631062543,5.89228020325543));
#8452=CARTESIAN_POINT('Ctrl Pts',(8.84708737628741,-4.81983711151602,5.45484978711479));
#8453=CARTESIAN_POINT('Ctrl Pts',(7.48499410678543,-5.3,4.95908838072342));
#8454=CARTESIAN_POINT('Ctrl Pts',(6.7053294032278,-5.3,4.67531363592143));
#8455=CARTESIAN_POINT('Ctrl Pts',(10.428313470459,-3.53158678802345,6.14180945477373));
#8456=CARTESIAN_POINT('Ctrl Pts',(10.0131759650239,-3.97965572437171,5.99071175966833));
#8457=CARTESIAN_POINT('Ctrl Pts',(8.81128232769704,-4.81978105311356,5.55325825092891));
#8458=CARTESIAN_POINT('Ctrl Pts',(7.44901572825255,-5.3,5.05743375759776));
#8459=CARTESIAN_POINT('Ctrl Pts',(6.66951313757285,-5.3,4.77371801705792));
#8460=CARTESIAN_POINT('Ctrl Pts',(10.4149342950868,-3.59241985325196,6.3589643511318));
#8461=CARTESIAN_POINT('Ctrl Pts',(9.99199277191129,-4.0489118732349,6.20502622586123));
#8462=CARTESIAN_POINT('Ctrl Pts',(8.77700615012231,-4.89798040469015,5.7628072604999));
#8463=CARTESIAN_POINT('Ctrl Pts',(7.39460288088476,-5.38664544372667,5.25965361874686));
#8464=CARTESIAN_POINT('Ctrl Pts',(6.59815583297976,-5.38664544372667,4.96977060014123));
#8465=CARTESIAN_POINT('Ctrl Pts',(10.5249061732215,-3.73890065964678,6.49119699667924));
#8466=CARTESIAN_POINT('Ctrl Pts',(10.0835080321886,-4.21531339752122,6.33054121188337));
#8467=CARTESIAN_POINT('Ctrl Pts',(8.83671013512548,-5.08602637637111,5.87674388920825));
#8468=CARTESIAN_POINT('Ctrl Pts',(7.40504228679152,-5.59528024488034,5.35565940706053));
#8469=CARTESIAN_POINT('Ctrl Pts',(6.56852134589794,-5.59528024488034,5.05119068423594));
#8470=CARTESIAN_POINT('Ctrl Pts',(10.5949785882634,-3.81242355271435,6.51670126999754));
#8471=CARTESIAN_POINT('Ctrl Pts',(10.1442705029259,-4.29888476076402,6.35265694259217));
#8472=CARTESIAN_POINT('Ctrl Pts',(8.88154474435153,-5.18044657965164,5.89306235243144));
#8473=CARTESIAN_POINT('Ctrl Pts',(7.42525648392508,-5.7,5.3630167731267));
#8474=CARTESIAN_POINT('Ctrl Pts',(6.56852134589794,-5.7,5.05119068423594));
#8475=CARTESIAN_POINT('',(6.56852134589873,-5.7,5.05119068423623));
#8476=CARTESIAN_POINT('Ctrl Pts',(10.452677433964,-3.9595395035195,6.46490788553102));
#8477=CARTESIAN_POINT('Ctrl Pts',(10.0322474249968,-4.37612118776351,6.31188387667521));
#8478=CARTESIAN_POINT('Ctrl Pts',(8.81716536547955,-5.2034149214297,5.86963017482157));
#8479=CARTESIAN_POINT('Ctrl Pts',(7.42525648392508,-5.7,5.3630167731267));
#8480=CARTESIAN_POINT('Ctrl Pts',(6.56852134589794,-5.7,5.05119068423594));
#8481=CARTESIAN_POINT('Ctrl Pts',(6.56852134589952,-5.7,5.05119068423651));
#8482=CARTESIAN_POINT('Ctrl Pts',(6.56852134589948,-5.59528024488034,5.0511906842365));
#8483=CARTESIAN_POINT('Ctrl Pts',(6.58333858944036,-5.49096284430351,5.01048064218914));
#8484=CARTESIAN_POINT('Ctrl Pts',(6.60858653735906,-5.41714278308342,4.94111247539462));
#8485=CARTESIAN_POINT('Ctrl Pts',(6.63383448527776,-5.34332272186334,4.87174430860011));
#8486=CARTESIAN_POINT('Ctrl Pts',(6.66951313757429,-5.3,4.77371801705844));
#8487=CARTESIAN_POINT('Ctrl Pts',(6.70532940322923,-5.3,4.67531363592195));
#8488=CARTESIAN_POINT('Origin',(9.43458383929529,-4.16248698119719,6.0943521213758));
#8489=CARTESIAN_POINT('',(6.56852134589952,-6.8,5.05119068423652));
#8490=CARTESIAN_POINT('',(5.11576191888975,-6.8,4.52242949525714));
#8491=CARTESIAN_POINT('',(6.56852134589952,-5.4812434905986,5.05119068423652));
#8492=CARTESIAN_POINT('Origin',(11.7403339923627,-6.8,-2.85));
#8493=CARTESIAN_POINT('',(11.7403339923627,-6.8,-2.85));
#8494=CARTESIAN_POINT('',(11.7403339923627,-6.8,-2.85));
#8495=CARTESIAN_POINT('',(11.7403339923627,-8.70682299970635,-2.85));
#8496=CARTESIAN_POINT('',(11.7403339923627,-6.8,-2.85));
#8497=CARTESIAN_POINT('',(11.7403339923617,-8.70682299970646,2.85));
#8498=CARTESIAN_POINT('Ctrl Pts',(11.7403339923627,-8.70682299970635,-2.85));
#8499=CARTESIAN_POINT('Ctrl Pts',(11.7403339923627,-8.70682299970635,-0.95));
#8500=CARTESIAN_POINT('Ctrl Pts',(11.7403339923617,-8.70682299970646,0.95));
#8501=CARTESIAN_POINT('Ctrl Pts',(11.7403339923617,-8.70682299970646,2.85));
#8502=CARTESIAN_POINT('',(11.7403339923628,-7.20446090404008,4.35));
#8503=CARTESIAN_POINT('Ctrl Pts',(11.7403339923627,-8.70682299970635,2.85));
#8504=CARTESIAN_POINT('Ctrl Pts',(11.7403339923627,-8.70682299970635,2.90949694802056));
#8505=CARTESIAN_POINT('Ctrl Pts',(11.7403271586766,-8.70315509818787,2.96884515364546));
#8506=CARTESIAN_POINT('Ctrl Pts',(11.7403197356151,-8.69599305565583,3.0277321876378));
#8507=CARTESIAN_POINT('Ctrl Pts',(11.740312195561,-8.68871813440991,3.08754732176792));
#8508=CARTESIAN_POINT('Ctrl Pts',(11.7403040354942,-8.67783784737071,3.14688766237652));
#8509=CARTESIAN_POINT('Ctrl Pts',(11.7402988442544,-8.66348040471212,3.20542597388917));
#8510=CARTESIAN_POINT('Ctrl Pts',(11.7402936670342,-8.64916173616131,3.2638061952145));
#8511=CARTESIAN_POINT('Ctrl Pts',(11.7402914231378,-8.63138431611318,3.32138975309058));
#8512=CARTESIAN_POINT('Ctrl Pts',(11.7402930058321,-8.61022665574456,3.37783668517169));
#8513=CARTESIAN_POINT('Ctrl Pts',(11.7402933952551,-8.60502079891752,3.39172549147733));
#8514=CARTESIAN_POINT('Ctrl Pts',(11.7402940044485,-8.5996100818995,3.40554537036381));
#8515=CARTESIAN_POINT('Ctrl Pts',(11.7402948239237,-8.59399525766329,3.41929100207833));
#8516=CARTESIAN_POINT('Ctrl Pts',(11.7402981683215,-8.5710803419581,3.47538892764138));
#8517=CARTESIAN_POINT('Ctrl Pts',(11.7403050647887,-8.54490463144101,3.52992117595802));
#8518=CARTESIAN_POINT('Ctrl Pts',(11.7403128903035,-8.51560562776307,3.58256658672054));
#8519=CARTESIAN_POINT('Ctrl Pts',(11.7403206420259,-8.48658290565048,3.6347155657049));
#8520=CARTESIAN_POINT('Ctrl Pts',(11.7403292817677,-8.45449508985324,3.68501411138157));
#8521=CARTESIAN_POINT('Ctrl Pts',(11.7403336955609,-8.41942945306923,3.73313049492491));
#8522=CARTESIAN_POINT('Ctrl Pts',(11.7403353362288,-8.40639507140183,3.75101601947482));
#8523=CARTESIAN_POINT('Ctrl Pts',(11.7403363691253,-8.39294880909859,3.76859976197231));
#8524=CARTESIAN_POINT('Ctrl Pts',(11.740336449738,-8.37909366776089,3.78586356559424));
#8525=CARTESIAN_POINT('Ctrl Pts',(11.7403366394136,-8.34649357798789,3.82648397748188));
#8526=CARTESIAN_POINT('Ctrl Pts',(11.7403316220823,-8.31163099893514,3.86533470642759));
#8527=CARTESIAN_POINT('Ctrl Pts',(11.7403250186821,-8.27468905804036,3.90232067976188));
#8528=CARTESIAN_POINT('Ctrl Pts',(11.7403174864398,-8.23255081978466,3.94450914411242));
#8529=CARTESIAN_POINT('Ctrl Pts',(11.7403077845726,-8.18795198444479,3.98402818253339));
#8530=CARTESIAN_POINT('Ctrl Pts',(11.7402994562153,-8.1412190253402,4.02079117144991));
#8531=CARTESIAN_POINT('Ctrl Pts',(11.7402909965358,-8.09374917756396,4.05813384182866));
#8532=CARTESIAN_POINT('Ctrl Pts',(11.7402839071756,-8.04407652807829,4.09263341550655));
#8533=CARTESIAN_POINT('Ctrl Pts',(11.7402797205323,-7.99250481184033,4.12416125122435));
#8534=CARTESIAN_POINT('Ctrl Pts',(11.7402755377606,-7.94098078570996,4.15565993208776));
#8535=CARTESIAN_POINT('Ctrl Pts',(11.7402741997796,-7.88756025740193,4.18419285002591));
#8536=CARTESIAN_POINT('Ctrl Pts',(11.7402758328833,-7.83252172088093,4.20958659200538));
#8537=CARTESIAN_POINT('Ctrl Pts',(11.7402762163861,-7.81959698863712,4.21554981952739));
#8538=CARTESIAN_POINT('Ctrl Pts',(11.7402767595886,-7.80658295974678,4.221339721676));
#8539=CARTESIAN_POINT('Ctrl Pts',(11.7402774577466,-7.79348313252233,4.22695364602658));
#8540=CARTESIAN_POINT('Ctrl Pts',(11.7402804258421,-7.73779153079826,4.25082025385925));
#8541=CARTESIAN_POINT('Ctrl Pts',(11.7402861534677,-7.68079693987366,4.27140453332516));
#8542=CARTESIAN_POINT('Ctrl Pts',(11.7402932484958,-7.62279168290805,4.28855983190917));
#8543=CARTESIAN_POINT('Ctrl Pts',(11.7402979938692,-7.58399597969732,4.30003382421906));
#8544=CARTESIAN_POINT('Ctrl Pts',(11.7403033187771,-7.54474761886204,4.30997300645456));
#8545=CARTESIAN_POINT('Ctrl Pts',(11.740308583602,-7.5051303678873,4.31832098056704));
#8546=CARTESIAN_POINT('Ctrl Pts',(11.7403163546338,-7.446654174878,4.33064282858596));
#8547=CARTESIAN_POINT('Ctrl Pts',(11.740323972747,-7.38754883306682,4.33946345757147));
#8548=CARTESIAN_POINT('Ctrl Pts',(11.7403289823921,-7.32808791432692,4.34462211979796));
#8549=CARTESIAN_POINT('Ctrl Pts',(11.7403324422312,-7.28702208866281,4.34818487543886));
#8550=CARTESIAN_POINT('Ctrl Pts',(11.7403346362979,-7.24578630192433,4.35));
#8551=CARTESIAN_POINT('Ctrl Pts',(11.7403346580454,-7.2044693020106,4.35));
#8552=CARTESIAN_POINT('',(11.7403339923627,-3.4,4.35));
#8553=CARTESIAN_POINT('Origin',(6.34979385087029,-6.8,-5.60954496978902));
#8554=CARTESIAN_POINT('',(8.88036619147039,-7.69262615766518,-4.31408514749982));
#8555=CARTESIAN_POINT('Ctrl Pts',(8.88036619177208,-7.69262615751907,-4.31408514744746));
#8556=CARTESIAN_POINT('Ctrl Pts',(8.91408219037843,-7.76842579908935,-4.2968251304708));
#8557=CARTESIAN_POINT('Ctrl Pts',(8.95804841138888,-7.83828342367959,-4.27431778225607));
#8558=CARTESIAN_POINT('Ctrl Pts',(9.10644789957738,-8.02674254063156,-4.19834857501509));
#8559=CARTESIAN_POINT('Ctrl Pts',(9.23037321010267,-8.13057262494557,-4.13490827806551));
#8560=CARTESIAN_POINT('Ctrl Pts',(9.57652376386787,-8.35934920014514,-3.95770562409028));
#8561=CARTESIAN_POINT('Ctrl Pts',(9.85105867086231,-8.47750371442702,-3.81716471320989));
#8562=CARTESIAN_POINT('Ctrl Pts',(10.6411496807946,-8.68947628924306,-3.4126984417593));
#8563=CARTESIAN_POINT('Ctrl Pts',(11.1847942141648,-8.73808825586629,-3.13439394943813));
#8564=CARTESIAN_POINT('Ctrl Pts',(11.7403339923627,-8.70682299970635,-2.85));
#8565=CARTESIAN_POINT('',(6.34979385087029,-6.8,-5.60954496978902));
#8566=CARTESIAN_POINT('',(6.34979385087029,-6.8,-5.60954496978902));
#8567=CARTESIAN_POINT('',(6.34979385087029,-8.97061156886636,-5.60954496978902));
#8568=CARTESIAN_POINT('',(6.34979385087029,-6.8,-5.60954496978902));
#8569=CARTESIAN_POINT('Origin',(5.45358511814631,-4.05158626832579,-6.06833541292721));
#8570=CARTESIAN_POINT('Ctrl Pts',(4.2,-6.8,-6.81278190062753));
#8571=CARTESIAN_POINT('Ctrl Pts',(4.2,-17.8,-6.81278190062753));
#8572=CARTESIAN_POINT('Ctrl Pts',(4.30469682089663,-6.8,-6.75353850921457));
#8573=CARTESIAN_POINT('Ctrl Pts',(4.30469682089663,-17.8,-6.75353850921457));
#8574=CARTESIAN_POINT('Ctrl Pts',(4.40942323096074,-6.8,-6.6943278992739));
#8575=CARTESIAN_POINT('Ctrl Pts',(4.40942323096074,-17.8,-6.6943278992739));
#8576=CARTESIAN_POINT('Ctrl Pts',(4.61893400308004,-6.8,-6.57600435903356));
#8577=CARTESIAN_POINT('Ctrl Pts',(4.61893400308004,-17.8,-6.57600435903356));
#8578=CARTESIAN_POINT('Ctrl Pts',(4.72371975837508,-6.8,-6.51689060502457));
#8579=CARTESIAN_POINT('Ctrl Pts',(4.72371975837508,-17.8,-6.51689060502457));
#8580=CARTESIAN_POINT('Ctrl Pts',(4.82854221701966,-6.8,-6.45783983653429));
#8581=CARTESIAN_POINT('Ctrl Pts',(4.82854221701966,-17.8,-6.45783983653429));
#8582=CARTESIAN_POINT('Ctrl Pts',(5.33457453611201,-6.8,-6.17277118130798));
#8583=CARTESIAN_POINT('Ctrl Pts',(5.33457453611201,-17.8,-6.17277118130798));
#8584=CARTESIAN_POINT('Ctrl Pts',(5.84134241276328,-6.8,-5.88902291265541));
#8585=CARTESIAN_POINT('Ctrl Pts',(5.84134241276328,-17.8,-5.88902291265541));
#8586=CARTESIAN_POINT('Ctrl Pts',(6.34979385087029,-6.8,-5.60954496978902));
#8587=CARTESIAN_POINT('Ctrl Pts',(6.34979385087029,-17.8,-5.60954496978902));
#8588=CARTESIAN_POINT('',(4.2,-9.,-6.81278190062753));
#8589=CARTESIAN_POINT('Ctrl Pts',(6.34977362128433,-8.96990696288425,-5.60954299675751));
#8590=CARTESIAN_POINT('Ctrl Pts',(5.63099953375251,-8.98943574818409,-6.00507811348318));
#8591=CARTESIAN_POINT('Ctrl Pts',(4.91677490070962,-8.99997332457487,-6.412123088741));
#8592=CARTESIAN_POINT('Ctrl Pts',(4.2021515516582,-8.99999340860766,-6.81651178232577));
#8593=CARTESIAN_POINT('',(4.2,-6.8,-6.81278190062753));
#8594=CARTESIAN_POINT('Ctrl Pts',(6.34979385087029,-6.8,-5.60954496978902));
#8595=CARTESIAN_POINT('Ctrl Pts',(5.84134241276328,-6.8,-5.88902291265541));
#8596=CARTESIAN_POINT('Ctrl Pts',(5.33457453611201,-6.8,-6.17277118130798));
#8597=CARTESIAN_POINT('Ctrl Pts',(4.82854221701966,-6.8,-6.45783983653429));
#8598=CARTESIAN_POINT('Ctrl Pts',(4.72371975837508,-6.8,-6.51689060502457));
#8599=CARTESIAN_POINT('Ctrl Pts',(4.61893400308004,-6.8,-6.57600435903356));
#8600=CARTESIAN_POINT('Ctrl Pts',(4.51417861702039,-6.8,-6.63516612915373));
#8601=CARTESIAN_POINT('Ctrl Pts',(4.40942323096074,-6.8,-6.6943278992739));
#8602=CARTESIAN_POINT('Ctrl Pts',(4.30469682089663,-6.8,-6.75353850921457));
#8603=CARTESIAN_POINT('Ctrl Pts',(4.2,-6.8,-6.81278190062753));
#8604=CARTESIAN_POINT('',(4.2,-6.8,-6.81278190062753));
#8605=CARTESIAN_POINT('Origin',(4.00000000000001,-6.8,-6.92820323027551));
#8606=CARTESIAN_POINT('',(4.00000000000001,-9.,-6.92820323027551));
#8607=CARTESIAN_POINT('Ctrl Pts',(4.2,-9.,-6.81278190062753));
#8608=CARTESIAN_POINT('Ctrl Pts',(4.13332568935999,-9.,-6.85124242973355));
#8609=CARTESIAN_POINT('Ctrl Pts',(4.06665963545375,-9.,-6.8897172718022));
#8610=CARTESIAN_POINT('Ctrl Pts',(4.,-9.,-6.92820323027551));
#8611=CARTESIAN_POINT('',(4.00000000000001,-6.8,-6.92820323027551));
#8612=CARTESIAN_POINT('',(4.2,-6.8,-6.81278190062753));
#8613=CARTESIAN_POINT('',(4.00000000000001,-6.8,-6.92820323027551));
#8614=CARTESIAN_POINT('Origin',(0.,-6.8,0.));
#8615=CARTESIAN_POINT('',(-5.55111512312578E-16,-9.,8.));
#8616=CARTESIAN_POINT('Origin',(0.,-9.,0.));
#8617=CARTESIAN_POINT('',(-5.55111512312578E-15,-6.8,8.));
#8618=CARTESIAN_POINT('Origin',(0.,-6.8,0.));
#8619=CARTESIAN_POINT('',(-5.55111512312578E-15,-6.8,8.));
#8620=CARTESIAN_POINT('Origin',(9.74033399236269,-6.8,-1.7708454809));
#8621=CARTESIAN_POINT('',(8.59033399236269,-6.8,-1.7708454809));
#8622=CARTESIAN_POINT('Origin',(9.74033399236269,-6.8,-1.7708454809));
#8623=CARTESIAN_POINT('',(8.59033399236269,-5.8,-1.7708454809));
#8624=CARTESIAN_POINT('',(8.59033399236269,-6.8,-1.7708454809));
#8625=CARTESIAN_POINT('Origin',(9.74033399236269,-5.8,-1.7708454809));
#8626=CARTESIAN_POINT('Origin',(9.74033399236269,-5.8,-1.7708454809));
#8627=CARTESIAN_POINT('Origin',(-2.2573329459835,-6.8,6.20197129717615));
#8628=CARTESIAN_POINT('',(-3.4073329459835,-6.8,6.20197129717615));
#8629=CARTESIAN_POINT('Origin',(-2.2573329459835,-6.8,6.20197129717615));
#8630=CARTESIAN_POINT('',(-3.4073329459835,-5.8,6.20197129717615));
#8631=CARTESIAN_POINT('',(-3.4073329459835,-6.8,6.20197129717615));
#8632=CARTESIAN_POINT('Origin',(-2.2573329459835,-5.8,6.20197129717615));
#8633=CARTESIAN_POINT('Origin',(-2.2573329459835,-5.8,6.20197129717615));
#8634=CARTESIAN_POINT('Origin',(2.25733294594594,-6.8,-6.20197129719327));
#8635=CARTESIAN_POINT('',(1.10733294594594,-6.8,-6.20197129719327));
#8636=CARTESIAN_POINT('Origin',(2.25733294594594,-6.8,-6.20197129719327));
#8637=CARTESIAN_POINT('',(1.10733294594594,-5.8,-6.20197129719327));
#8638=CARTESIAN_POINT('',(1.10733294594594,-6.8,-6.20197129719327));
#8639=CARTESIAN_POINT('Origin',(2.25733294594594,-5.8,-6.20197129719327));
#8640=CARTESIAN_POINT('Origin',(2.25733294594594,-5.8,-6.20197129719327));
#8641=CARTESIAN_POINT('Ctrl Pts',(4.20000000000043,-6.8,7.77670396416041));
#8642=CARTESIAN_POINT('Ctrl Pts',(4.20000000000043,-17.8,7.77670396416041));
#8643=CARTESIAN_POINT('Ctrl Pts',(3.50335350475351,-6.8,7.85812429636367));
#8644=CARTESIAN_POINT('Ctrl Pts',(3.50335350475351,-17.8,7.85812429636367));
#8645=CARTESIAN_POINT('Ctrl Pts',(2.80389638462204,-6.8,7.91590558424983));
#8646=CARTESIAN_POINT('Ctrl Pts',(2.80389638462204,-17.8,7.91590558424983));
#8647=CARTESIAN_POINT('Ctrl Pts',(1.7531718103359,-6.8,7.97023885633415));
#8648=CARTESIAN_POINT('Ctrl Pts',(1.7531718103359,-17.8,7.97023885633415));
#8649=CARTESIAN_POINT('Ctrl Pts',(1.40267081490187,-6.8,7.98292469234582));
#8650=CARTESIAN_POINT('Ctrl Pts',(1.40267081490187,-17.8,7.98292469234582));
#8651=CARTESIAN_POINT('Ctrl Pts',(0.70143309938728,-6.8,7.99816375426906));
#8652=CARTESIAN_POINT('Ctrl Pts',(0.70143309938728,-17.8,7.99816375426906));
#8653=CARTESIAN_POINT('Ctrl Pts',(0.350694172262637,-6.8,8.00000000000031));
#8654=CARTESIAN_POINT('Ctrl Pts',(0.350694172262637,-17.8,8.00000000000031));
#8655=CARTESIAN_POINT('Ctrl Pts',(0.,-6.8,8.00000000000031));
#8656=CARTESIAN_POINT('Ctrl Pts',(0.,-17.8,8.00000000000031));
#8657=CARTESIAN_POINT('',(4.20000000000021,-9.,7.77670396416041));
#8658=CARTESIAN_POINT('Ctrl Pts',(0.,-9.,8.00000000000031));
#8659=CARTESIAN_POINT('Ctrl Pts',(0.801586679457455,-9.,8.00000000000031));
#8660=CARTESIAN_POINT('Ctrl Pts',(2.20472792655368,-9.,7.97028384517102));
#8661=CARTESIAN_POINT('Ctrl Pts',(3.60287443264593,-9.,7.84649282033464));
#8662=CARTESIAN_POINT('Ctrl Pts',(4.20000000000043,-9.,7.77670396416041));
#8663=CARTESIAN_POINT('',(4.20000000000043,-6.8,7.77670396416041));
#8664=CARTESIAN_POINT('Ctrl Pts',(0.,-6.8,8.00000000000031));
#8665=CARTESIAN_POINT('Ctrl Pts',(0.350694172262637,-6.8,8.00000000000031));
#8666=CARTESIAN_POINT('Ctrl Pts',(0.70143309938728,-6.8,7.99816375426906));
#8667=CARTESIAN_POINT('Ctrl Pts',(1.05205195714458,-6.8,7.99054422330744));
#8668=CARTESIAN_POINT('Ctrl Pts',(1.40267081490187,-6.8,7.98292469234582));
#8669=CARTESIAN_POINT('Ctrl Pts',(1.7531718103359,-6.8,7.97023885633415));
#8670=CARTESIAN_POINT('Ctrl Pts',(2.10341333509795,-6.8,7.95212776563938));
#8671=CARTESIAN_POINT('Ctrl Pts',(2.80389638462204,-6.8,7.91590558424983));
#8672=CARTESIAN_POINT('Ctrl Pts',(3.50335350475351,-6.8,7.85812429636367));
#8673=CARTESIAN_POINT('Ctrl Pts',(4.20000000000043,-6.8,7.77670396416041));
#8674=CARTESIAN_POINT('',(4.20000000000043,-6.8,7.77670396416041));
#8675=CARTESIAN_POINT('Ctrl Pts',(6.34979385087025,-6.8,7.45292221760915));
#8676=CARTESIAN_POINT('Ctrl Pts',(6.34979385087025,-17.8,7.45292221760915));
#8677=CARTESIAN_POINT('Ctrl Pts',(5.63853773265188,-6.8,7.5871565485179));
#8678=CARTESIAN_POINT('Ctrl Pts',(5.63853773265188,-17.8,7.5871565485179));
#8679=CARTESIAN_POINT('Ctrl Pts',(4.92045000786424,-6.8,7.6941051217764));
#8680=CARTESIAN_POINT('Ctrl Pts',(4.92045000786424,-17.8,7.6941051217764));
#8681=CARTESIAN_POINT('Ctrl Pts',(4.20000000000033,-6.8,7.77670396416042));
#8682=CARTESIAN_POINT('Ctrl Pts',(4.20000000000033,-17.8,7.77670396416042));
#8683=CARTESIAN_POINT('Ctrl Pts',(4.20000000000033,-9.,7.77670396416042));
#8684=CARTESIAN_POINT('Ctrl Pts',(4.92035014182825,-9.,7.69411657131332));
#8685=CARTESIAN_POINT('Ctrl Pts',(5.63858527514588,-8.98895527409897,7.58727171317725));
#8686=CARTESIAN_POINT('Ctrl Pts',(6.34978634294988,-8.96956794068203,7.45303316632027));
#8687=CARTESIAN_POINT('',(6.34979385087025,-6.8,7.45292221760915));
#8688=CARTESIAN_POINT('Ctrl Pts',(4.20000000000033,-6.8,7.77670396416042));
#8689=CARTESIAN_POINT('Ctrl Pts',(4.92045000786424,-6.8,7.6941051217764));
#8690=CARTESIAN_POINT('Ctrl Pts',(5.63853773265188,-6.8,7.5871565485179));
#8691=CARTESIAN_POINT('Ctrl Pts',(6.34979385087025,-6.8,7.45292221760915));
#8692=CARTESIAN_POINT('',(6.34979385087025,-6.8,7.45292221760915));
#8693=CARTESIAN_POINT('Origin',(11.7403339923627,-6.8,6.43557343058921));
#8694=CARTESIAN_POINT('',(6.34979385087025,-6.8,7.45292221760915));
#8695=CARTESIAN_POINT('Origin',(1.87016699618134,-6.8,0.00183992700646618));
#8696=CARTESIAN_POINT('',(8.57788968793367,-6.8,-0.469503462888064));
#8697=CARTESIAN_POINT('',(6.95550103204425,-6.8,3.98797273476263));
#8698=CARTESIAN_POINT('',(7.84110826326186,-6.8,-0.737669970628341));
#8699=CARTESIAN_POINT('',(4.75240639343558,-6.8,-1.86186551375932));
#8700=CARTESIAN_POINT('',(6.22983123802745,-6.8,-3.26625128173933));
#8701=CARTESIAN_POINT('Origin',(5.38743307736317,-6.8,-0.951789284364293));
#8702=CARTESIAN_POINT('',(-3.1078968827948,-6.8,-6.66490637338019));
#8703=CARTESIAN_POINT('',(4.83016317005783,-6.8,-3.77568879633182));
#8704=CARTESIAN_POINT('',(-6.66490637337292,-6.8,3.10789688279536));
#8705=CARTESIAN_POINT('',(-3.88806093574822,-6.8,-4.52142325441471));
#8706=CARTESIAN_POINT('',(2.69726864982802,-6.8,6.51544991922861));
#8707=CARTESIAN_POINT('',(-3.39571038093396,-6.8,4.29778691402467));
#8708=CARTESIAN_POINT('',(5.53808203729898,-6.8,5.60729699860312));
#8709=CARTESIAN_POINT('Origin',(3.53075429659521,-6.8,4.22541265347397));
#8710=CARTESIAN_POINT('',(6.26925372049183,-6.8,5.87342172742074));
#8711=CARTESIAN_POINT('',(1.22217001896839,-6.8,4.03643349021778));
#8712=CARTESIAN_POINT('',(6.95550103204425,-6.8,3.98797273476263));
#8713=CARTESIAN_POINT('Origin',(5.38743307736317,-6.8,-0.951789284364293));
#8714=CARTESIAN_POINT('',(7.84110826326186,-6.3,-0.737669970628341));
#8715=CARTESIAN_POINT('',(7.84110826326186,-6.8,-0.737669970628341));
#8716=CARTESIAN_POINT('',(6.22983123802745,-6.3,-3.26625128173933));
#8717=CARTESIAN_POINT('Origin',(5.38743307736317,-6.3,-0.951789284364293));
#8718=CARTESIAN_POINT('',(6.22983123802745,-6.8,-3.26625128173933));
#8719=CARTESIAN_POINT('Origin',(6.69850444636144,-6.8,-1.15354374953826));
#8720=CARTESIAN_POINT('',(8.57788968793367,-4.95,-0.469503462888065));
#8721=CARTESIAN_POINT('',(8.57788968793367,-6.8,-0.469503462888064));
#8722=CARTESIAN_POINT('',(6.69850444636144,-4.95,-1.15354374953826));
#8723=CARTESIAN_POINT('',(6.69850444636144,-4.95,-1.15354374953826));
#8724=CARTESIAN_POINT('',(6.69850444636144,-4.85,-1.15354374953826));
#8725=CARTESIAN_POINT('',(6.69850444636144,-6.8,-1.15354374953826));
#8726=CARTESIAN_POINT('',(4.25530363231387,-4.85,-2.04279612217729));
#8727=CARTESIAN_POINT('',(6.69850444636144,-4.85,-1.15354374953826));
#8728=CARTESIAN_POINT('',(4.25530363231387,-6.3,-2.04279612217729));
#8729=CARTESIAN_POINT('',(4.25530363231387,-6.8,-2.04279612217729));
#8730=CARTESIAN_POINT('',(5.12761507522555,-6.3,-1.72530072195579));
#8731=CARTESIAN_POINT('Origin',(18.3075,0.,4.35));
#8732=CARTESIAN_POINT('',(13.4086909890175,-0.101806670427323,4.35));
#8733=CARTESIAN_POINT('',(13.4086909890175,-0.455932691693306,4.35));
#8734=CARTESIAN_POINT('',(13.6738276481628,-0.101806670427323,4.35));
#8735=CARTESIAN_POINT('',(15.8580954945087,-0.101806670427323,4.35));
#8736=CARTESIAN_POINT('',(13.6738276481628,-0.0509033352136615,4.35));
#8737=CARTESIAN_POINT('',(14.3183588981628,-0.638305768370629,4.35));
#8738=CARTESIAN_POINT('',(18.75,-6.99000000000027,4.35));
#8739=CARTESIAN_POINT('Ctrl Pts',(18.75,-6.99000000000027,4.35));
#8740=CARTESIAN_POINT('Ctrl Pts',(16.4120593345283,-6.99000000000027,4.35));
#8741=CARTESIAN_POINT('Ctrl Pts',(14.0746632399673,-7.07420296183138,4.35));
#8742=CARTESIAN_POINT('Ctrl Pts',(11.7403344616201,-7.20446931297204,4.35));
#8743=CARTESIAN_POINT('',(22.2399976145027,-6.05640294653232,4.35));
#8744=CARTESIAN_POINT('Origin',(18.75,0.,4.35));
#8745=CARTESIAN_POINT('',(21.312956421304,-5.52117546408922,4.35));
#8746=CARTESIAN_POINT('',(18.7895701090998,-4.06429769746886,4.35));
#8747=CARTESIAN_POINT('',(21.1084722664792,-4.87973015195275,4.35));
#8748=CARTESIAN_POINT('Origin',(21.562956421304,-5.08816276219699,4.35));
#8749=CARTESIAN_POINT('',(21.2710767333898,4.50833065144606,4.35));
#8750=CARTESIAN_POINT('Origin',(10.4682944589647,-5.20417042793042E-17,
4.35));
#8751=CARTESIAN_POINT('',(21.5211972384303,5.15405321090772,4.35));
#8752=CARTESIAN_POINT('Origin',(21.7325063693007,4.7008993173894,4.35));
#8753=CARTESIAN_POINT('',(22.7545674171042,5.72918317056341,4.35));
#8754=CARTESIAN_POINT('',(24.6276824032169,6.6026310331927,4.35));
#8755=CARTESIAN_POINT('',(18.75,6.99000000000027,4.35));
#8756=CARTESIAN_POINT('Origin',(18.75,0.,4.35));
#8757=CARTESIAN_POINT('',(13.7281197840545,7.1031617992893,4.35));
#8758=CARTESIAN_POINT('Ctrl Pts',(13.7282685361544,7.10663486534514,4.35));
#8759=CARTESIAN_POINT('Ctrl Pts',(15.4013950404983,7.03497452900684,4.35));
#8760=CARTESIAN_POINT('Ctrl Pts',(17.0754631319948,6.99000000000027,4.35));
#8761=CARTESIAN_POINT('Ctrl Pts',(18.75,6.99000000000027,4.35));
#8762=CARTESIAN_POINT('',(9.2128601313178,7.34822870802588,4.35));
#8763=CARTESIAN_POINT('Ctrl Pts',(9.21286013089833,7.34822870034937,4.34999653598725));
#8764=CARTESIAN_POINT('Ctrl Pts',(10.0215999891598,7.30403686248398,4.34999653598725));
#8765=CARTESIAN_POINT('Ctrl Pts',(11.5262456424455,7.21408740518893,4.34999653598725));
#8766=CARTESIAN_POINT('Ctrl Pts',(13.0317816856696,7.13958901902321,4.34999653598725));
#8767=CARTESIAN_POINT('Ctrl Pts',(13.7284110426583,7.10975217009886,4.34999653598725));
#8768=CARTESIAN_POINT('',(8.30764723252133,8.15698873911335,4.35));
#8769=CARTESIAN_POINT('Origin',(5.45358511814631,4.05158626830868,4.35));
#8770=CARTESIAN_POINT('',(8.22028880443527,5.15,4.35));
#8771=CARTESIAN_POINT('Ctrl Pts',(8.22028880443526,5.15,4.35));
#8772=CARTESIAN_POINT('Ctrl Pts',(8.28194306010193,6.21560551847739,4.35));
#8773=CARTESIAN_POINT('Ctrl Pts',(8.30764723252133,8.15698873911336,4.35));
#8774=CARTESIAN_POINT('',(8.89311531466898,5.15,4.35));
#8775=CARTESIAN_POINT('',(0.589038176858607,5.15,4.35));
#8776=CARTESIAN_POINT('',(8.89311531466898,1.,4.35));
#8777=CARTESIAN_POINT('',(12.4331051111221,1.85522437095642,4.35));
#8778=CARTESIAN_POINT('Ctrl Pts',(12.281050035005,1.71313309228746,4.35));
#8779=CARTESIAN_POINT('Ctrl Pts',(12.289577849824,1.72631435524923,4.35));
#8780=CARTESIAN_POINT('Ctrl Pts',(12.2987296339572,1.73896499239812,4.35));
#8781=CARTESIAN_POINT('Ctrl Pts',(12.3087763786316,1.75085455179215,4.35));
#8782=CARTESIAN_POINT('Ctrl Pts',(12.3432105356075,1.79160476171739,4.35));
#8783=CARTESIAN_POINT('Ctrl Pts',(12.3881578233648,1.82341456633691,4.35));
#8784=CARTESIAN_POINT('Ctrl Pts',(12.4331051111221,1.85522437095642,4.35));
#8785=CARTESIAN_POINT('',(12.7568352222443,1.944580078125,4.35));
#8786=CARTESIAN_POINT('Ctrl Pts',(12.4331051111221,1.85522437095642,4.35));
#8787=CARTESIAN_POINT('Ctrl Pts',(12.4834643914286,1.88128590861084,4.35));
#8788=CARTESIAN_POINT('Ctrl Pts',(12.5338236717351,1.90734744626526,4.35));
#8789=CARTESIAN_POINT('Ctrl Pts',(12.5872799754143,1.92224115133286,4.35));
#8790=CARTESIAN_POINT('Ctrl Pts',(12.6416616105962,1.93739266723927,4.35));
#8791=CARTESIAN_POINT('Ctrl Pts',(12.6992484164202,1.94098637268213,4.35));
#8792=CARTESIAN_POINT('Ctrl Pts',(12.7568352222443,1.944580078125,4.35));
#8793=CARTESIAN_POINT('',(13.1420892477036,1.79663062095642,4.35));
#8794=CARTESIAN_POINT('Ctrl Pts',(12.7568352222443,1.944580078125,4.35));
#8795=CARTESIAN_POINT('Ctrl Pts',(12.8295754321388,1.93882688282278,4.35));
#8796=CARTESIAN_POINT('Ctrl Pts',(12.9023156420333,1.93307368752055,4.35));
#8797=CARTESIAN_POINT('Ctrl Pts',(12.9674065113068,1.90759271383286,4.35));
#8798=CARTESIAN_POINT('Ctrl Pts',(13.0304121479974,1.88292804137403,4.35));
#8799=CARTESIAN_POINT('Ctrl Pts',(13.0862506978505,1.83977933116522,4.35));
#8800=CARTESIAN_POINT('Ctrl Pts',(13.1420892477036,1.79663062095642,4.35));
#8801=CARTESIAN_POINT('',(13.3413082361221,1.33959949016571,4.35));
#8802=CARTESIAN_POINT('Ctrl Pts',(13.1420892477036,1.79663062095642,4.35));
#8803=CARTESIAN_POINT('Ctrl Pts',(13.1900656914258,1.73628317512314,4.35));
#8804=CARTESIAN_POINT('Ctrl Pts',(13.238042135148,1.67593572928987,4.35));
#8805=CARTESIAN_POINT('Ctrl Pts',(13.2702630758286,1.60839855670929,4.35));
#8806=CARTESIAN_POINT('Ctrl Pts',(13.3096011746207,1.5259433610818,4.35));
#8807=CARTESIAN_POINT('Ctrl Pts',(13.3254547053714,1.43277142562375,4.35));
#8808=CARTESIAN_POINT('Ctrl Pts',(13.3413082361221,1.33959949016571,4.35));
#8809=CARTESIAN_POINT('',(13.4482416510582,1.51098608970642,4.35));
#8810=CARTESIAN_POINT('Ctrl Pts',(13.3413082361221,1.33959949016571,4.35));
#8811=CARTESIAN_POINT('Ctrl Pts',(13.3580356255876,1.37345329427306,4.35));
#8812=CARTESIAN_POINT('Ctrl Pts',(13.374763015053,1.4073070983804,4.35));
#8813=CARTESIAN_POINT('Ctrl Pts',(13.3951410651207,1.43884271383285,4.35));
#8814=CARTESIAN_POINT('Ctrl Pts',(13.411309203261,1.46386337014107,4.35));
#8815=CARTESIAN_POINT('Ctrl Pts',(13.4297754271596,1.48742472992374,4.35));
#8816=CARTESIAN_POINT('Ctrl Pts',(13.4482416510582,1.51098608970642,4.35));
#8817=CARTESIAN_POINT('',(13.728119784053,1.74290161286181,4.35));
#8818=CARTESIAN_POINT('Ctrl Pts',(13.4482416510582,1.51098608970642,4.35));
#8819=CARTESIAN_POINT('Ctrl Pts',(13.4899626302108,1.55274647894776,4.35));
#8820=CARTESIAN_POINT('Ctrl Pts',(13.5316836093634,1.59450686818911,4.35));
#8821=CARTESIAN_POINT('Ctrl Pts',(13.5767817497253,1.63220196962357,4.35));
#8822=CARTESIAN_POINT('Ctrl Pts',(13.6246462724086,1.67220934072976,4.35));
#8823=CARTESIAN_POINT('Ctrl Pts',(13.6763149832478,1.70763738654857,4.35));
#8824=CARTESIAN_POINT('Ctrl Pts',(13.728119784053,1.74290161286181,4.35));
#8825=CARTESIAN_POINT('',(13.7338861823082,1.746826171875,4.35));
#8826=CARTESIAN_POINT('Ctrl Pts',(13.728119784053,1.74290161286181,4.35));
#8827=CARTESIAN_POINT('Ctrl Pts',(13.7300417919212,1.74420994952919,4.35));
#8828=CARTESIAN_POINT('Ctrl Pts',(13.7319639871147,1.7455180607021,4.35));
#8829=CARTESIAN_POINT('Ctrl Pts',(13.7338861823082,1.746826171875,4.35));
#8830=CARTESIAN_POINT('',(14.3183588981628,2.120361328125,4.35));
#8831=CARTESIAN_POINT('',(14.9612039670714,2.53120211974035,4.35));
#8832=CARTESIAN_POINT('',(14.3183588981628,1.76293969154358,4.35));
#8833=CARTESIAN_POINT('',(14.3183588981628,1.0601806640625,4.35));
#8834=CARTESIAN_POINT('',(13.8715815544128,1.47875964641571,4.35));
#8835=CARTESIAN_POINT('',(15.3392311736261,2.41228221835103,4.35));
#8836=CARTESIAN_POINT('',(13.728119784053,1.38409448713502,4.35));
#8837=CARTESIAN_POINT('Ctrl Pts',(13.8715815544128,1.47875964641571,4.35));
#8838=CARTESIAN_POINT('Ctrl Pts',(13.823471013297,1.44762022926195,4.35));
#8839=CARTESIAN_POINT('Ctrl Pts',(13.7753604721812,1.41648081210819,4.35));
#8840=CARTESIAN_POINT('Ctrl Pts',(13.728119784053,1.38409448713502,4.35));
#8841=CARTESIAN_POINT('',(13.5756832361221,1.27368152141571,4.35));
#8842=CARTESIAN_POINT('Ctrl Pts',(13.728119784053,1.38409448713502,4.35));
#8843=CARTESIAN_POINT('Ctrl Pts',(13.7190213504483,1.3778569652202,4.35));
#8844=CARTESIAN_POINT('Ctrl Pts',(13.7099551829594,1.37157319080891,4.35));
#8845=CARTESIAN_POINT('Ctrl Pts',(13.7009274959564,1.36523425579071,4.35));
#8846=CARTESIAN_POINT('Ctrl Pts',(13.6586158813473,1.33552447792248,4.35));
#8847=CARTESIAN_POINT('Ctrl Pts',(13.6171495587347,1.3046029996691,4.35));
#8848=CARTESIAN_POINT('Ctrl Pts',(13.5756832361221,1.27368152141571,4.35));
#8849=CARTESIAN_POINT('',(13.4321284294128,1.12939476966858,4.35));
#8850=CARTESIAN_POINT('Ctrl Pts',(13.5756832361221,1.27368152141571,4.35));
#8851=CARTESIAN_POINT('Ctrl Pts',(13.5453873315739,1.24944048546518,4.35));
#8852=CARTESIAN_POINT('Ctrl Pts',(13.5150914270257,1.22519944951465,4.35));
#8853=CARTESIAN_POINT('Ctrl Pts',(13.4885251522064,1.19732648134232,4.35));
#8854=CARTESIAN_POINT('Ctrl Pts',(13.4682826644373,1.17608834309537,4.35));
#8855=CARTESIAN_POINT('Ctrl Pts',(13.4502055469251,1.15274155638197,4.35));
#8856=CARTESIAN_POINT('Ctrl Pts',(13.4321284294128,1.12939476966858,4.35));
#8857=CARTESIAN_POINT('',(13.3749994635582,0.999755859374999,4.35));
#8858=CARTESIAN_POINT('Ctrl Pts',(13.4321284294128,1.12939476966858,4.35));
#8859=CARTESIAN_POINT('Ctrl Pts',(13.4195758259413,1.1083899401401,4.35));
#8860=CARTESIAN_POINT('Ctrl Pts',(13.4070232224697,1.08738511061162,4.35));
#8861=CARTESIAN_POINT('Ctrl Pts',(13.3973383903503,1.06512457132339,4.35));
#8862=CARTESIAN_POINT('Ctrl Pts',(13.3881838785516,1.04408297069995,4.35));
#8863=CARTESIAN_POINT('Ctrl Pts',(13.3815916710549,1.02191941503747,4.35));
#8864=CARTESIAN_POINT('Ctrl Pts',(13.3749994635582,0.999755859374999,4.35));
#8865=CARTESIAN_POINT('',(13.3647456765175,0.84155261516571,4.35));
#8866=CARTESIAN_POINT('Ctrl Pts',(13.3749994635582,0.999755859374999,4.35));
#8867=CARTESIAN_POINT('Ctrl Pts',(13.3720349172708,0.978545122759528,4.35));
#8868=CARTESIAN_POINT('Ctrl Pts',(13.3690703709833,0.957334386144056,4.35));
#8869=CARTESIAN_POINT('Ctrl Pts',(13.3673089742661,0.93603491783142,4.35));
#8870=CARTESIAN_POINT('Ctrl Pts',(13.3647151230543,0.904669098222955,4.35));
#8871=CARTESIAN_POINT('Ctrl Pts',(13.3647303997859,0.873110856694333,4.35));
#8872=CARTESIAN_POINT('Ctrl Pts',(13.3647456765175,0.84155261516571,4.35));
#8873=CARTESIAN_POINT('',(13.3647456765175,0.51196277141571,4.35));
#8874=CARTESIAN_POINT('',(13.3647456765175,0.420776307582855,4.35));
#8875=CARTESIAN_POINT('',(14.3183588981628,0.51196277141571,4.35));
#8876=CARTESIAN_POINT('',(15.8361228382587,0.51196277141571,4.35));
#8877=CARTESIAN_POINT('',(14.3183588981628,0.227783322334289,4.35));
#8878=CARTESIAN_POINT('',(14.3183588981628,0.255981385707855,4.35));
#8879=CARTESIAN_POINT('',(16.3129294490814,0.227783322334289,4.35));
#8880=CARTESIAN_POINT('',(16.95,0.87177978870814,4.35));
#8881=CARTESIAN_POINT('',(20.55,0.871779788708117,4.35));
#8882=CARTESIAN_POINT('Origin',(18.75,0.,4.35));
#8883=CARTESIAN_POINT('',(20.55,-0.871779788708138,4.35));
#8884=CARTESIAN_POINT('',(20.55,-0.435889894354075,4.35));
#8885=CARTESIAN_POINT('',(16.95,-0.871779788708124,4.35));
#8886=CARTESIAN_POINT('Origin',(18.75,0.,4.35));
#8887=CARTESIAN_POINT('',(16.95,-0.435889894353452,4.35));
#8888=CARTESIAN_POINT('Origin',(6.26925372049183,-6.8,5.87342172742074));
#8889=CARTESIAN_POINT('',(6.26925372049183,-4.95,5.87342172742074));
#8890=CARTESIAN_POINT('',(6.26925372049183,-6.8,5.87342172742074));
#8891=CARTESIAN_POINT('',(8.57788968793367,-4.95,-0.469503462888064));
#8892=CARTESIAN_POINT('Ctrl Pts',(18.75,-6.99000000000027,4.35));
#8893=CARTESIAN_POINT('Ctrl Pts',(16.3839201884631,-6.99000000000027,4.35));
#8894=CARTESIAN_POINT('Ctrl Pts',(14.0183981354921,-7.07624207117849,4.35));
#8895=CARTESIAN_POINT('Ctrl Pts',(11.6560487774304,-7.20919287095498,4.35));
#8896=CARTESIAN_POINT('Ctrl Pts',(18.75,-7.4387989505131,4.35));
#8897=CARTESIAN_POINT('Ctrl Pts',(16.3930845222246,-7.4387989505131,4.35));
#8898=CARTESIAN_POINT('Ctrl Pts',(14.0402639357997,-7.52452062086978,4.35));
#8899=CARTESIAN_POINT('Ctrl Pts',(11.681266854767,-7.65728275764834,4.35));
#8900=CARTESIAN_POINT('Ctrl Pts',(18.75,-8.21614184063268,3.97382197116517));
#8901=CARTESIAN_POINT('Ctrl Pts',(16.4088247796828,-8.21614184063268,3.97382197116517));
#8902=CARTESIAN_POINT('Ctrl Pts',(14.0781852202811,-8.30095941523072,3.97382197116517));
#8903=CARTESIAN_POINT('Ctrl Pts',(11.7249458631464,-8.43339751272419,3.97382197116517));
#8904=CARTESIAN_POINT('Ctrl Pts',(18.75,-8.49000000000027,3.18659921288462));
#8905=CARTESIAN_POINT('Ctrl Pts',(16.4144370258004,-8.49000000000027,3.18659921288462));
#8906=CARTESIAN_POINT('Ctrl Pts',(14.0915204120729,-8.57450043960008,3.18659921288462));
#8907=CARTESIAN_POINT('Ctrl Pts',(11.7403339923617,-8.70682299970641,3.18659921288462));
#8908=CARTESIAN_POINT('Ctrl Pts',(18.75,-8.49000000000027,2.85));
#8909=CARTESIAN_POINT('Ctrl Pts',(16.4144136044434,-8.49000000000027,2.85));
#8910=CARTESIAN_POINT('Ctrl Pts',(14.0915289795126,-8.57449995743263,2.85));
#8911=CARTESIAN_POINT('Ctrl Pts',(11.7403339923617,-8.70682299970641,2.85));
#8912=CARTESIAN_POINT('',(18.75,-8.49000000000027,2.85));
#8913=CARTESIAN_POINT('Ctrl Pts',(11.7403339923617,-8.70682299970641,2.85));
#8914=CARTESIAN_POINT('Ctrl Pts',(14.0915289795126,-8.57449995743263,2.85));
#8915=CARTESIAN_POINT('Ctrl Pts',(16.4144136044434,-8.49000000000027,2.85));
#8916=CARTESIAN_POINT('Ctrl Pts',(18.75,-8.49000000000027,2.85));
#8917=CARTESIAN_POINT('Origin',(18.75,-6.99000000000027,2.85));
#8918=CARTESIAN_POINT('Ctrl Pts',(18.75,-8.49000000000027,-11.714));
#8919=CARTESIAN_POINT('Ctrl Pts',(18.75,-8.49000000000027,11.714));
#8920=CARTESIAN_POINT('Ctrl Pts',(12.5,-8.49000000000027,-11.714));
#8921=CARTESIAN_POINT('Ctrl Pts',(12.5,-8.49000000000027,11.714));
#8922=CARTESIAN_POINT('Ctrl Pts',(9.375,-9.,-11.714));
#8923=CARTESIAN_POINT('Ctrl Pts',(9.375,-9.,11.714));
#8924=CARTESIAN_POINT('Ctrl Pts',(4.2,-9.,-11.714));
#8925=CARTESIAN_POINT('Ctrl Pts',(4.2,-9.,11.714));
#8926=CARTESIAN_POINT('',(18.75,-8.49000000000027,-2.85));
#8927=CARTESIAN_POINT('Ctrl Pts',(18.75,-8.49000000000027,-2.85));
#8928=CARTESIAN_POINT('Ctrl Pts',(16.8894667443067,-8.49000000000027,-2.85));
#8929=CARTESIAN_POINT('Ctrl Pts',(14.5631166811466,-8.55249460369984,-2.85));
#8930=CARTESIAN_POINT('Ctrl Pts',(12.2182903746226,-8.67994759115879,-2.85));
#8931=CARTESIAN_POINT('Ctrl Pts',(11.7403411372194,-8.70694950128354,-2.85));
#8932=CARTESIAN_POINT('',(18.75,-8.49,-0.4));
#8933=CARTESIAN_POINT('',(18.75,-8.49,2.17499999999999));
#8934=CARTESIAN_POINT('',(15.274105570019,-8.5449208501897,-0.4));
#8935=CARTESIAN_POINT('Ctrl Pts',(18.75,-8.49000000000027,-0.4));
#8936=CARTESIAN_POINT('Ctrl Pts',(17.4761597485026,-8.49000000000027,-0.4));
#8937=CARTESIAN_POINT('Ctrl Pts',(16.3321330159121,-8.51118556628585,-0.4));
#8938=CARTESIAN_POINT('Ctrl Pts',(15.2741055700191,-8.5449208501897,-0.4));
#8939=CARTESIAN_POINT('',(15.274105570019,-8.5449208501897,0.4));
#8940=CARTESIAN_POINT('Ctrl Pts',(15.274105570019,-8.5449208501897,-0.4));
#8941=CARTESIAN_POINT('Ctrl Pts',(15.274105570019,-8.5449208501897,-0.133333333333333));
#8942=CARTESIAN_POINT('Ctrl Pts',(15.274105570019,-8.5449208501897,0.133333333333333));
#8943=CARTESIAN_POINT('Ctrl Pts',(15.274105570019,-8.5449208501897,0.4));
#8944=CARTESIAN_POINT('',(18.75,-8.49,0.4));
#8945=CARTESIAN_POINT('Ctrl Pts',(15.2741055700191,-8.5449208501897,0.4));
#8946=CARTESIAN_POINT('Ctrl Pts',(16.3321330159121,-8.51118556628585,0.4));
#8947=CARTESIAN_POINT('Ctrl Pts',(17.4761597485026,-8.49000000000027,0.4));
#8948=CARTESIAN_POINT('Ctrl Pts',(18.75,-8.49000000000027,0.4));
#8949=CARTESIAN_POINT('',(18.75,-8.49,2.17499999999999));
#8950=CARTESIAN_POINT('Ctrl Pts',(8.86339615754295,-7.36679384027291,-4.35));
#8951=CARTESIAN_POINT('Ctrl Pts',(10.275108311645,-7.293268895515,-4.35));
#8952=CARTESIAN_POINT('Ctrl Pts',(13.5668132803697,-7.0788813573521,-4.35));
#8953=CARTESIAN_POINT('Ctrl Pts',(16.8651756221204,-6.99000000000027,-4.35));
#8954=CARTESIAN_POINT('Ctrl Pts',(18.75,-6.99000000000027,-4.35));
#8955=CARTESIAN_POINT('Ctrl Pts',(8.88673891520527,-7.81498533243461,-4.35));
#8956=CARTESIAN_POINT('Ctrl Pts',(10.3024796250044,-7.74125057200414,-4.35));
#8957=CARTESIAN_POINT('Ctrl Pts',(13.5905113298862,-7.52715699316625,-4.35));
#8958=CARTESIAN_POINT('Ctrl Pts',(16.8724759505356,-7.4387989505131,-4.35));
#8959=CARTESIAN_POINT('Ctrl Pts',(18.75,-7.4387989505131,-4.35));
#8960=CARTESIAN_POINT('Ctrl Pts',(8.927169773352,-8.59127607341313,-3.97382197116517));
#8961=CARTESIAN_POINT('Ctrl Pts',(10.3498297536084,-8.51718094279199,-3.97382197116517));
#8962=CARTESIAN_POINT('Ctrl Pts',(13.6314976701131,-8.30359415540388,-3.97382197116517));
#8963=CARTESIAN_POINT('Ctrl Pts',(16.8850146742196,-8.21614184063268,-3.97382197116517));
#8964=CARTESIAN_POINT('Ctrl Pts',(18.75,-8.21614184063268,-3.97382197116517));
#8965=CARTESIAN_POINT('Ctrl Pts',(8.94141357815738,-8.86476356028753,-3.18659921288462));
#8966=CARTESIAN_POINT('Ctrl Pts',(10.3665406494931,-8.79053993836256,-3.18659921288462));
#8967=CARTESIAN_POINT('Ctrl Pts',(13.6459673603527,-8.57713288377343,-3.18659921288462));
#8968=CARTESIAN_POINT('Ctrl Pts',(16.8894854018112,-8.49000000000027,-3.18659921288462));
#8969=CARTESIAN_POINT('Ctrl Pts',(18.75,-8.49000000000027,-3.18659921288462));
#8970=CARTESIAN_POINT('Ctrl Pts',(8.94141357815738,-8.86476356028753,-2.85));
#8971=CARTESIAN_POINT('Ctrl Pts',(10.3665303536829,-8.79054047459006,-2.85));
#8972=CARTESIAN_POINT('Ctrl Pts',(13.6459567989689,-8.5771330036868,-2.85));
#8973=CARTESIAN_POINT('Ctrl Pts',(16.8894667443067,-8.49000000000027,-2.85));
#8974=CARTESIAN_POINT('Ctrl Pts',(18.75,-8.49000000000027,-2.85));
#8975=CARTESIAN_POINT('',(9.21286013132923,-7.34822870802526,-4.35));
#8976=CARTESIAN_POINT('Ctrl Pts',(9.21286013197701,-7.34824033270501,-4.35));
#8977=CARTESIAN_POINT('Ctrl Pts',(9.1607185093269,-7.407693610738,-4.35));
#8978=CARTESIAN_POINT('Ctrl Pts',(9.10625141586501,-7.46687535475581,-4.34659138896966));
#8979=CARTESIAN_POINT('Ctrl Pts',(9.04944226016612,-7.52556455557767,-4.34001608392554));
#8980=CARTESIAN_POINT('Ctrl Pts',(8.99521388558269,-7.58158756678101,-4.33373948818061));
#8981=CARTESIAN_POINT('Ctrl Pts',(8.93885142729226,-7.63716244613696,-4.32457667330946));
#8982=CARTESIAN_POINT('Ctrl Pts',(8.88033892019878,-7.69210253712485,-4.31269420698058));
#8983=CARTESIAN_POINT('',(18.75,-6.99000000000027,-4.35));
#8984=CARTESIAN_POINT('Ctrl Pts',(9.2128607576292,-7.34824029889859,-4.35));
#8985=CARTESIAN_POINT('Ctrl Pts',(10.5079436000495,-7.27826193559773,-4.35));
#8986=CARTESIAN_POINT('Ctrl Pts',(13.6834622039915,-7.07573800510911,-4.35));
#8987=CARTESIAN_POINT('Ctrl Pts',(16.8651756221204,-6.99000000000027,-4.35));
#8988=CARTESIAN_POINT('Ctrl Pts',(18.75,-6.99000000000027,-4.35));
#8989=CARTESIAN_POINT('Origin',(18.75,-6.99000000000027,-2.85));
#8990=CARTESIAN_POINT('Origin',(5.45358511814631,-4.05158626832579,-4.35));
#8991=CARTESIAN_POINT('',(9.18089000425097,-7.38433262620982,-5.7794444584202));
#8992=CARTESIAN_POINT('Ctrl Pts',(9.18089000425097,-7.38433262620982,-5.7794444584202));
#8993=CARTESIAN_POINT('Ctrl Pts',(8.93081876306903,-7.66400940296984,-5.90241435763475));
#8994=CARTESIAN_POINT('Ctrl Pts',(8.63886781534361,-7.9258794901964,-5.97298891692329));
#8995=CARTESIAN_POINT('Ctrl Pts',(7.92086738394011,-8.4268844463846,-6.05234019977538));
#8996=CARTESIAN_POINT('Ctrl Pts',(7.52848494875756,-8.61306199962714,-6.04088483039952));
#8997=CARTESIAN_POINT('Ctrl Pts',(6.99090597498842,-8.81540020697117,-5.98782947704168));
#8998=CARTESIAN_POINT('Ctrl Pts',(6.79159202886134,-8.87159651981472,-5.95333350002544));
#8999=CARTESIAN_POINT('Ctrl Pts',(6.54347650561401,-8.93247546067171,-5.87079879059687));
#9000=CARTESIAN_POINT('Ctrl Pts',(6.48028543546505,-8.94523207631085,-5.83470876407219));
#9001=CARTESIAN_POINT('Ctrl Pts',(6.41208064112176,-8.95892479469348,-5.77599834930611));
#9002=CARTESIAN_POINT('Ctrl Pts',(6.39018629931896,-8.96310598133767,-5.7502850823642));
#9003=CARTESIAN_POINT('Ctrl Pts',(6.36637258874947,-8.96756949975898,-5.70334274330892));
#9004=CARTESIAN_POINT('Ctrl Pts',(6.36020693672238,-8.96870476880665,-5.68612096943959));
#9005=CARTESIAN_POINT('Ctrl Pts',(6.35171382245098,-8.97026339534685,-5.64886306570789));
#9006=CARTESIAN_POINT('Ctrl Pts',(6.34979385087029,-8.97061156886636,-5.62927029440274));
#9007=CARTESIAN_POINT('Ctrl Pts',(6.34979385087029,-8.97061156886636,-5.60954496978902));
#9008=CARTESIAN_POINT('',(10.2364681691682,-2.59418113583305,-5.29589631334973));
#9009=CARTESIAN_POINT('Ctrl Pts',(10.2364681691682,-2.59418113583305,-5.29589631334972));
#9010=CARTESIAN_POINT('Ctrl Pts',(10.2866612437039,-2.7589037651988,-5.27486710524994));
#9011=CARTESIAN_POINT('Ctrl Pts',(10.3285220207492,-2.9267986089944,-5.25764301162571));
#9012=CARTESIAN_POINT('Ctrl Pts',(10.4334322055276,-3.46635203191201,-5.21482512351656));
#9013=CARTESIAN_POINT('Ctrl Pts',(10.4634614445328,-3.84342951366092,-5.20302415500261));
#9014=CARTESIAN_POINT('Ctrl Pts',(10.4373976681862,-4.61543521147221,-5.21345386095184));
#9015=CARTESIAN_POINT('Ctrl Pts',(10.3771802542883,-5.00693921544323,-5.23731739290506));
#9016=CARTESIAN_POINT('Ctrl Pts',(10.1245162973369,-5.91951581620756,-5.34240385418368));
#9017=CARTESIAN_POINT('Ctrl Pts',(9.89132387559984,-6.41755550988551,-5.44219437133773));
#9018=CARTESIAN_POINT('Ctrl Pts',(9.46223044975046,-7.04834381393574,-5.64282418384208));
#9019=CARTESIAN_POINT('Ctrl Pts',(9.32610423573594,-7.22192671336097,-5.70803688941776));
#9020=CARTESIAN_POINT('Ctrl Pts',(9.18089000425097,-7.38433262620982,-5.7794444584202));
#9021=CARTESIAN_POINT('',(10.2364681691682,-2.59418113583305,-4.35));
#9022=CARTESIAN_POINT('',(10.2364681691682,-2.59418113583305,-4.35));
#9023=CARTESIAN_POINT('Origin',(5.45358511814631,-4.05158626832579,-4.35));
#9024=CARTESIAN_POINT('Origin',(-2.00758622134871,-5.65,1.69675885398906));
#9025=CARTESIAN_POINT('',(3.20000000000052,-5.65,5.54256258422023));
#9026=CARTESIAN_POINT('',(0.,-5.65,0.));
#9027=CARTESIAN_POINT('',(-1.11022302462516E-15,-5.65,6.90000000000011));
#9028=CARTESIAN_POINT('',(3.20000000000052,-5.65,5.54256258422024));
#9029=CARTESIAN_POINT('',(-6.53987767469823,-5.65,2.19999999999665));
#9030=CARTESIAN_POINT('Origin',(0.,-5.65,0.));
#9031=CARTESIAN_POINT('',(-9.24175308045052,-5.65,2.19999999999622));
#9032=CARTESIAN_POINT('',(-5.62466965089965,-5.65,2.1999999999968));
#9033=CARTESIAN_POINT('Origin',(0.,-5.65,0.));
#9034=CARTESIAN_POINT('Origin',(5.48482755730258,1.,9.50000000000012));
#9035=CARTESIAN_POINT('',(3.20000000000052,-3.15,5.54256258422023));
#9036=CARTESIAN_POINT('',(2.76221285177963,-3.15,4.78429300060112));
#9037=CARTESIAN_POINT('',(3.20000000000052,1.,5.54256258422023));
#9038=CARTESIAN_POINT('Origin',(5.48482755730258,1.,9.50000000000012));
#9039=CARTESIAN_POINT('',(5.27691120939034,7.65,9.13987832169203));
#9040=CARTESIAN_POINT('',(5.28122132774467,7.49514447012074,9.14734366566654));
#9041=CARTESIAN_POINT('Ctrl Pts',(5.27699718995099,7.64983131830617,9.13971663150678));
#9042=CARTESIAN_POINT('Ctrl Pts',(5.27987841973042,7.59843336781118,9.14479118270051));
#9043=CARTESIAN_POINT('Ctrl Pts',(5.28133402114126,7.54672745557913,9.14738607915912));
#9044=CARTESIAN_POINT('Ctrl Pts',(5.28133204055785,7.49492149126728,9.14738821155716));
#9045=CARTESIAN_POINT('',(3.20000000000052,7.65,5.54256258422023));
#9046=CARTESIAN_POINT('',(0.,7.65,0.));
#9047=CARTESIAN_POINT('',(3.20000000000052,5.15,5.54256258422023));
#9048=CARTESIAN_POINT('',(3.20000000000052,1.,5.54256258422023));
#9049=CARTESIAN_POINT('',(5.28122132775069,5.15,9.14734366566744));
#9050=CARTESIAN_POINT('',(2.76221285177963,5.15,4.78429300060112));
#9051=CARTESIAN_POINT('Ctrl Pts',(5.28122132774467,7.49514447012074,9.14734366566654));
#9052=CARTESIAN_POINT('Ctrl Pts',(5.28122132774467,6.71342964674716,9.14734366566654));
#9053=CARTESIAN_POINT('Ctrl Pts',(5.28122132775103,5.93171482337358,9.14734366566748));
#9054=CARTESIAN_POINT('Ctrl Pts',(5.28122132775069,5.15,9.14734366566744));
#9055=CARTESIAN_POINT('Origin',(3.20000000000052,1.,5.54256258422024));
#9056=CARTESIAN_POINT('',(-1.26750943711753E-15,-3.15,6.90000000000011));
#9057=CARTESIAN_POINT('',(1.47864002589818,-3.15,6.27276209511774));
#9058=CARTESIAN_POINT('',(-1.26750943711753E-15,1.,6.90000000000011));
#9059=CARTESIAN_POINT('Origin',(3.20000000000052,1.,5.54256258422024));
#9060=CARTESIAN_POINT('',(-1.26750943711753E-15,5.15,6.90000000000011));
#9061=CARTESIAN_POINT('',(1.47864002589818,5.15,6.27276209511774));
#9062=CARTESIAN_POINT('',(-1.11022302462516E-15,7.65,6.90000000000011));
#9063=CARTESIAN_POINT('',(3.20000000000052,7.65,5.54256258422024));
#9064=CARTESIAN_POINT('',(-1.26750943711753E-15,1.,6.90000000000011));
#9065=CARTESIAN_POINT('Origin',(0.,1.,0.));
#9066=CARTESIAN_POINT('',(-6.53987767469823,-4.85,2.19999999999665));
#9067=CARTESIAN_POINT('',(-6.53987767469823,1.,2.19999999999665));
#9068=CARTESIAN_POINT('',(-5.54977477018206,-3.15,4.10000000003076));
#9069=CARTESIAN_POINT('Origin',(0.,-3.15,0.));
#9070=CARTESIAN_POINT('',(-5.54977477018206,-4.85,4.10000000003076));
#9071=CARTESIAN_POINT('',(-5.54977477018206,1.,4.10000000003076));
#9072=CARTESIAN_POINT('Origin',(0.,-4.85,0.));
#9073=CARTESIAN_POINT('Origin',(0.,1.,0.));
#9074=CARTESIAN_POINT('',(-5.54977477018206,5.15,4.10000000003076));
#9075=CARTESIAN_POINT('',(-5.54977477018206,7.65,4.10000000003076));
#9076=CARTESIAN_POINT('',(-5.54977477018206,1.,4.10000000003076));
#9077=CARTESIAN_POINT('Origin',(0.,5.15,0.));
#9078=CARTESIAN_POINT('Origin',(0.,7.65,0.));
#9079=CARTESIAN_POINT('Origin',(0.,1.,0.));
#9080=CARTESIAN_POINT('',(-5.54977477020472,7.65,-4.10000000000008));
#9081=CARTESIAN_POINT('',(-5.54977477020472,5.15,-4.10000000000008));
#9082=CARTESIAN_POINT('',(-5.54977477020472,1.,-4.10000000000008));
#9083=CARTESIAN_POINT('',(-5.28570665752111,7.65,-4.43523450683711));
#9084=CARTESIAN_POINT('Origin',(0.,7.65,0.));
#9085=CARTESIAN_POINT('',(-5.28570665752111,5.15,-4.43523450683711));
#9086=CARTESIAN_POINT('',(-5.28570665752111,1.,-4.43523450683711));
#9087=CARTESIAN_POINT('Origin',(0.,5.15,0.));
#9088=CARTESIAN_POINT('Origin',(0.,1.,0.));
#9089=CARTESIAN_POINT('',(-5.28570665752111,-3.15,-4.43523450683711));
#9090=CARTESIAN_POINT('',(-5.54977477020472,-3.15,-4.10000000000008));
#9091=CARTESIAN_POINT('Origin',(0.,-3.15,0.));
#9092=CARTESIAN_POINT('',(-5.28570665752111,-5.65,-4.43523450683711));
#9093=CARTESIAN_POINT('',(-5.28570665752111,1.,-4.43523450683711));
#9094=CARTESIAN_POINT('',(-6.53987767469647,-5.65,-2.20000000000186));
#9095=CARTESIAN_POINT('Origin',(0.,-5.65,0.));
#9096=CARTESIAN_POINT('',(-6.53987767469647,-4.85,-2.20000000000186));
#9097=CARTESIAN_POINT('',(-6.53987767469647,1.,-2.20000000000186));
#9098=CARTESIAN_POINT('',(-5.54977477020472,-4.85,-4.10000000000008));
#9099=CARTESIAN_POINT('Origin',(0.,-4.85,0.));
#9100=CARTESIAN_POINT('',(-5.54977477020472,1.,-4.10000000000008));
#9101=CARTESIAN_POINT('Origin',(-2.00758622134871,7.65,1.69675885398906));
#9102=CARTESIAN_POINT('',(-8.56137830553644,7.65000000001217,-4.10000000000029));
#9103=CARTESIAN_POINT('',(-5.28865016779985,7.65,-4.10000000000007));
#9104=CARTESIAN_POINT('',(-7.27166244070501,7.65,-6.10164927204105));
#9105=CARTESIAN_POINT('Origin',(0.,7.65,0.));
#9106=CARTESIAN_POINT('',(0.,7.65,0.));
#9107=CARTESIAN_POINT('Origin',(-5.28570665752111,1.,-4.43523450683711));
#9108=CARTESIAN_POINT('',(-7.27742220963039,5.15,-6.10648229202201));
#9109=CARTESIAN_POINT('',(-3.00607681028856,5.15,-2.52239794280363));
#9110=CARTESIAN_POINT('',(-7.27742220963039,7.5,-6.10648229202201));
#9111=CARTESIAN_POINT('Origin',(-6.12835554495191,7.5,-5.14230087749222));
#9112=CARTESIAN_POINT('',(-7.27742220963039,0.,-6.10648229202201));
#9113=CARTESIAN_POINT('Origin',(-2.00758622134871,-5.65,1.69675885398906));
#9114=CARTESIAN_POINT('',(-9.24175308044907,-5.65,-2.20000000000232));
#9115=CARTESIAN_POINT('',(-1.00379311067272,-5.65,-2.2000000000009));
#9116=CARTESIAN_POINT('',(-7.27742220963039,-5.65,-6.10648229202201));
#9117=CARTESIAN_POINT('',(0.,-5.65,0.));
#9118=CARTESIAN_POINT('Origin',(0.,-5.65,0.));
#9119=CARTESIAN_POINT('Origin',(-5.28570665752111,1.,-4.43523450683711));
#9120=CARTESIAN_POINT('',(-7.27742220963039,-3.15,-6.10648229202201));
#9121=CARTESIAN_POINT('',(-3.00607681028856,-3.15,-2.52239794280363));
#9122=CARTESIAN_POINT('',(-7.27742220963039,0.,-6.10648229202201));
#9123=CARTESIAN_POINT('Origin',(-2.00758622134871,7.65,1.69675885398906));
#9124=CARTESIAN_POINT('',(4.37325396472546,7.65,9.25909495971693));
#9125=CARTESIAN_POINT('Ctrl Pts',(4.37323160664527,7.65005410649231,9.25890366010181));
#9126=CARTESIAN_POINT('Ctrl Pts',(4.67478298046809,7.6500544831882,9.22365952928359));
#9127=CARTESIAN_POINT('Ctrl Pts',(4.97624126487831,7.6499437149208,9.18399491659338));
#9128=CARTESIAN_POINT('Ctrl Pts',(5.27699718995099,7.64983131830617,9.13971663150678));
#9129=CARTESIAN_POINT('',(5.47220488100208E-13,7.65,9.49248115566023));
#9130=CARTESIAN_POINT('Ctrl Pts',(0.,7.65,9.49248115566023));
#9131=CARTESIAN_POINT('Ctrl Pts',(0.601190009589722,7.65,9.49248115566023));
#9132=CARTESIAN_POINT('Ctrl Pts',(1.23427232875849,7.65,9.4832170470573));
#9133=CARTESIAN_POINT('Ctrl Pts',(1.864245304868,7.65,9.45694310393655));
#9134=CARTESIAN_POINT('Ctrl Pts',(2.70420927301402,7.65,9.42191117977556));
#9135=CARTESIAN_POINT('Ctrl Pts',(3.5386455201658,7.65,9.35663954980514));
#9136=CARTESIAN_POINT('Ctrl Pts',(4.37325396470092,7.65,9.2590949597198));
#9137=CARTESIAN_POINT('',(-8.56137830551394,7.65000000001217,4.10000000004729));
#9138=CARTESIAN_POINT('Origin',(0.,7.65,0.));
#9139=CARTESIAN_POINT('',(-2.05265451518033,7.65,4.10000000001157));
#9140=CARTESIAN_POINT('Origin',(-8.5697141142514,0.,-4.10000000000029));
#9141=CARTESIAN_POINT('',(-2.0977228090182,-4.85,-4.09999999999974));
#9142=CARTESIAN_POINT('',(-5.61200618385319,-4.85,-4.10000000000009));
#9143=CARTESIAN_POINT('',(-2.09772280901874,-3.15,-4.09999999999984));
#9144=CARTESIAN_POINT('',(-2.09772280901874,0.,-4.09999999999984));
#9145=CARTESIAN_POINT('',(-5.55987877229341,-3.15,-4.10000000000008));
#9146=CARTESIAN_POINT('Origin',(-2.65429825345525,-4.85,2.35189645536593E-11));
#9147=CARTESIAN_POINT('',(2.58996631804827E-12,-4.85,-2.20000000000073));
#9148=CARTESIAN_POINT('',(-5.94802566695197,-4.85,-2.20000000000176));
#9149=CARTESIAN_POINT('',(0.752444315316392,-4.85,-2.06732376572883));
#9150=CARTESIAN_POINT('Origin',(0.,-4.85,0.));
#9151=CARTESIAN_POINT('',(3.85342996390165,-4.85,-0.938657292763448));
#9152=CARTESIAN_POINT('',(-0.419457854906982,-4.85,-2.49386127315972));
#9153=CARTESIAN_POINT('',(3.93315657354001,-4.85,-1.15770435245206));
#9154=CARTESIAN_POINT('',(3.32196084974233,-4.85,0.52154209754993));
#9155=CARTESIAN_POINT('',(-1.86748493974045,-4.85,-3.64999999999972));
#9156=CARTESIAN_POINT('Origin',(-4.21862697971305E-11,-4.85,3.04501038332474E-13));
#9157=CARTESIAN_POINT('',(-1.20908051744121,-4.85,-2.36314831498344));
#9158=CARTESIAN_POINT('Origin',(2.59015031645049E-12,-4.85,-2.20000000000073));
#9159=CARTESIAN_POINT('',(-9.24175308044907,-6.3,-2.20000000000232));
#9160=CARTESIAN_POINT('',(-9.24175308044907,-4.85,-2.20000000000232));
#9161=CARTESIAN_POINT('',(-4.7329899014857,-6.3,-2.20000000000155));
#9162=CARTESIAN_POINT('',(-1.35000000000906,-6.3,-2.20000000000096));
#9163=CARTESIAN_POINT('',(2.58996631804827E-12,-6.3,-2.20000000000073));
#9164=CARTESIAN_POINT('',(-1.32714912672614,-6.3,-2.20000000000096));
#9165=CARTESIAN_POINT('',(2.58996631804827E-12,-4.85,-2.20000000000073));
#9166=CARTESIAN_POINT('Ctrl Pts',(8.0153155668885,8.90989057866108,7.0831805192488));
#9167=CARTESIAN_POINT('Ctrl Pts',(6.7688542949097,8.96592906080867,7.40383836078875));
#9168=CARTESIAN_POINT('Ctrl Pts',(5.48792368037641,8.99999999999999,7.62904485677356));
#9169=CARTESIAN_POINT('Ctrl Pts',(4.20000000000044,9.,7.77670396416041));
#9170=CARTESIAN_POINT('Ctrl Pts',(8.12752089844818,8.90484604449799,7.5143523538866));
#9171=CARTESIAN_POINT('Ctrl Pts',(6.85904172266578,8.96319644131732,7.84228432324954));
#9172=CARTESIAN_POINT('Ctrl Pts',(5.55846269734243,8.99912163352275,8.07210555908762));
#9173=CARTESIAN_POINT('Ctrl Pts',(4.25209861259994,9.,8.22246873682265));
#9174=CARTESIAN_POINT('Ctrl Pts',(8.30530791358848,8.52611428959202,8.26145498690715));
#9175=CARTESIAN_POINT('Ctrl Pts',(7.00312305034198,8.58551513537568,8.60171135250117));
#9176=CARTESIAN_POINT('Ctrl Pts',(5.6739940686153,8.62255679592541,8.83969246421262));
#9177=CARTESIAN_POINT('Ctrl Pts',(4.34234477031434,8.62391171656723,8.99463052712687));
#9178=CARTESIAN_POINT('Ctrl Pts',(8.34048357754151,7.74525921209462,8.53098078291538));
#9179=CARTESIAN_POINT('Ctrl Pts',(7.03227123448603,7.80176801443215,8.87290654490551));
#9180=CARTESIAN_POINT('Ctrl Pts',(5.70429347840954,7.83619682292204,9.11109291122726));
#9181=CARTESIAN_POINT('Ctrl Pts',(4.37412678619269,7.83659921288462,9.26656297169446));
#9182=CARTESIAN_POINT('Ctrl Pts',(8.32642970364296,7.41140420496018,8.53464546313426));
#9183=CARTESIAN_POINT('Ctrl Pts',(7.02133069618242,7.4666894714656,8.87496234308172));
#9184=CARTESIAN_POINT('Ctrl Pts',(5.69883111768501,7.5,9.11173858446636));
#9185=CARTESIAN_POINT('Ctrl Pts',(4.37412678619269,7.5,9.26656297169446));
#9186=CARTESIAN_POINT('',(8.29603150631252,7.41268822044673,8.54255245855728));
#9187=CARTESIAN_POINT('Ctrl Pts',(5.2812275661021,7.49492264623732,9.14740348392233));
#9188=CARTESIAN_POINT('Ctrl Pts',(6.2917310654051,7.48375210132372,8.99968704855826));
#9189=CARTESIAN_POINT('Ctrl Pts',(7.29892322872759,7.45465641962949,8.80127733502985));
#9190=CARTESIAN_POINT('Ctrl Pts',(8.29603151088521,7.41268779074907,8.54255255019223));
#9191=CARTESIAN_POINT('',(8.30764723252133,8.15698873911335,8.3340678456264));
#9192=CARTESIAN_POINT('Ctrl Pts',(8.29603174293993,7.41268778098181,8.54255248997981));
#9193=CARTESIAN_POINT('Ctrl Pts',(8.29711683600817,7.47202163615848,8.5422710168893));
#9194=CARTESIAN_POINT('Ctrl Pts',(8.298122417424,7.53116353060474,8.53825115496166));
#9195=CARTESIAN_POINT('Ctrl Pts',(8.29908114671992,7.58980261686257,8.53066420961548));
#9196=CARTESIAN_POINT('Ctrl Pts',(8.30005590095818,7.64942184212346,8.52295045020172));
#9197=CARTESIAN_POINT('Ctrl Pts',(8.30098221555135,7.70852231527159,8.5115491597429));
#9198=CARTESIAN_POINT('Ctrl Pts',(8.30187656545479,7.76677849472699,8.49658948173297));
#9199=CARTESIAN_POINT('Ctrl Pts',(8.30277122741881,7.8250550011893,8.48162458392524));
#9200=CARTESIAN_POINT('Ctrl Pts',(8.30363386339914,7.88248765979032,8.463098490482));
#9201=CARTESIAN_POINT('Ctrl Pts',(8.30446367947143,7.93873633421018,8.44109417212901));
#9202=CARTESIAN_POINT('Ctrl Pts',(8.30456019138387,7.94527834673746,8.43853495579539));
#9203=CARTESIAN_POINT('Ctrl Pts',(8.30465624047835,7.95180431749836,8.43592864156648));
#9204=CARTESIAN_POINT('Ctrl Pts',(8.30475181065944,7.95831368878749,8.43327532240986));
#9205=CARTESIAN_POINT('Ctrl Pts',(8.30557042250083,8.01407008012569,8.41054816571975));
#9206=CARTESIAN_POINT('Ctrl Pts',(8.30635248362467,8.06823006576579,8.38453005593434));
#9207=CARTESIAN_POINT('Ctrl Pts',(8.30709111171668,8.12049613954708,8.35538669304443));
#9208=CARTESIAN_POINT('Ctrl Pts',(8.30726898256146,8.1330824611308,8.34836860825584));
#9209=CARTESIAN_POINT('Ctrl Pts',(8.30744425794308,8.14555893060128,8.34116906371246));
#9210=CARTESIAN_POINT('Ctrl Pts',(8.3076166974468,8.15792132309878,8.33378995638187));
#9211=CARTESIAN_POINT('',(6.34979385078029,8.9706115688688,7.45292221762614));
#9212=CARTESIAN_POINT('Ctrl Pts',(8.30764723252133,8.15698873911335,8.3340678456264));
#9213=CARTESIAN_POINT('Ctrl Pts',(7.94384974568672,8.40989953942181,8.28793406000912));
#9214=CARTESIAN_POINT('Ctrl Pts',(7.57415094923573,8.59267407868148,8.18749594533318));
#9215=CARTESIAN_POINT('Ctrl Pts',(7.01989075958574,8.80650665508026,7.99114121406522));
#9216=CARTESIAN_POINT('Ctrl Pts',(6.81316293317126,8.86574488191151,7.90095612600993));
#9217=CARTESIAN_POINT('Ctrl Pts',(6.57874372755788,8.92408151721744,7.76571160225195));
#9218=CARTESIAN_POINT('Ctrl Pts',(6.49771115892981,8.941714555243,7.71072482895033));
#9219=CARTESIAN_POINT('Ctrl Pts',(6.41315659570542,8.95871698693113,7.62128862807991));
#9220=CARTESIAN_POINT('Ctrl Pts',(6.38950239881777,8.9632392286949,7.59008853681102));
#9221=CARTESIAN_POINT('Ctrl Pts',(6.36561780297441,8.96770826359585,7.53929274991323));
#9222=CARTESIAN_POINT('Ctrl Pts',(6.35969790715297,8.96879849411141,7.52262711214871));
#9223=CARTESIAN_POINT('Ctrl Pts',(6.35174372816378,8.9702575676097,7.48804517088417));
#9224=CARTESIAN_POINT('Ctrl Pts',(6.34979385078029,8.9706115688688,7.4706195212365));
#9225=CARTESIAN_POINT('Ctrl Pts',(6.34979385078029,8.9706115688688,7.45292221762613));
#9226=CARTESIAN_POINT('',(4.20000000000022,9.,7.77670396416041));
#9227=CARTESIAN_POINT('Ctrl Pts',(6.34979762331099,8.97013940618739,7.45300973499987));
#9228=CARTESIAN_POINT('Ctrl Pts',(5.6385918142669,8.98934044652913,7.58725832684632));
#9229=CARTESIAN_POINT('Ctrl Pts',(4.92038984468051,9.,7.69411201942269));
#9230=CARTESIAN_POINT('Ctrl Pts',(4.20000000000044,9.,7.77670396416041));
#9231=CARTESIAN_POINT('Origin',(4.20000000000043,7.5,7.77670396416041));
#9232=CARTESIAN_POINT('Ctrl Pts',(0.,-9.,9.50000000000031));
#9233=CARTESIAN_POINT('Ctrl Pts',(0.,9.,9.50000000000031));
#9234=CARTESIAN_POINT('Ctrl Pts',(2.54551732809869,-9.,9.50000000000031));
#9235=CARTESIAN_POINT('Ctrl Pts',(2.54551732809869,9.,9.50000000000031));
#9236=CARTESIAN_POINT('Ctrl Pts',(13.125,-9.,9.50000000000031));
#9237=CARTESIAN_POINT('Ctrl Pts',(13.125,9.,9.50000000000031));
#9238=CARTESIAN_POINT('Ctrl Pts',(14.75,-9.,4.3499999999999));
#9239=CARTESIAN_POINT('Ctrl Pts',(14.75,9.,4.3499999999999));
#9240=CARTESIAN_POINT('Ctrl Pts',(18.75,-9.,4.35));
#9241=CARTESIAN_POINT('Ctrl Pts',(18.75,9.,4.35));
#9242=CARTESIAN_POINT('',(5.72811978405302,5.15,9.0786055021934));
#9243=CARTESIAN_POINT('Ctrl Pts',(5.28122132775562,5.15,9.1473436656646));
#9244=CARTESIAN_POINT('Ctrl Pts',(5.42972540620314,5.15,9.12562159552351));
#9245=CARTESIAN_POINT('Ctrl Pts',(5.57877008278554,5.15,9.10271509027785));
#9246=CARTESIAN_POINT('Ctrl Pts',(5.72811978405364,5.15,9.07860550219331));
#9247=CARTESIAN_POINT('',(5.72811978405302,0.8,9.0786055021934));
#9248=CARTESIAN_POINT('Ctrl Pts',(5.72811978405302,5.15,9.0786055021934));
#9249=CARTESIAN_POINT('Ctrl Pts',(5.72811978405302,3.7,9.0786055021934));
#9250=CARTESIAN_POINT('Ctrl Pts',(5.72811978405302,2.25,9.0786055021934));
#9251=CARTESIAN_POINT('Ctrl Pts',(5.72811978405302,0.8,9.0786055021934));
#9252=CARTESIAN_POINT('',(7.22811978405302,0.8,8.79618756973791));
#9253=CARTESIAN_POINT('Ctrl Pts',(5.72811978405302,0.8,9.0786055021934));
#9254=CARTESIAN_POINT('Ctrl Pts',(6.21451451463161,0.8,9.00008658651314));
#9255=CARTESIAN_POINT('Ctrl Pts',(6.71619152010265,0.8,8.90686361957377));
#9256=CARTESIAN_POINT('Ctrl Pts',(7.22811978405302,0.8,8.79618756973791));
#9257=CARTESIAN_POINT('Ctrl Pts',(7.22811978405302,0.800000000000001,8.79618756973791));
#9258=CARTESIAN_POINT('Ctrl Pts',(7.30889831210978,0.99332967953591,8.77872370023423));
#9259=CARTESIAN_POINT('Ctrl Pts',(7.38252961744727,1.17576269781635,8.76243038421083));
#9260=CARTESIAN_POINT('Ctrl Pts',(7.44978800112279,1.34981502726072,8.74730670253537));
#9261=CARTESIAN_POINT('Ctrl Pts',(7.52033499618442,1.53237767826075,8.73144354558501));
#9262=CARTESIAN_POINT('Ctrl Pts',(7.58387134328343,1.70572005365046,8.7168668168819));
#9263=CARTESIAN_POINT('Ctrl Pts',(7.64129125537752,1.87274552190093,8.70351809572971));
#9264=CARTESIAN_POINT('Ctrl Pts',(7.70321394156146,2.05286884981987,8.68912259004676));
#9265=CARTESIAN_POINT('Ctrl Pts',(7.7580238513322,2.22564570246313,8.67615494330023));
#9266=CARTESIAN_POINT('Ctrl Pts',(7.80683277383059,2.39471744261539,8.66448185895147));
#9267=CARTESIAN_POINT('Ctrl Pts',(7.86031572259141,2.57997978303611,8.65169093999344));
#9268=CARTESIAN_POINT('Ctrl Pts',(7.90659371932591,2.76079341807477,8.64045399676676));
#9269=CARTESIAN_POINT('Ctrl Pts',(7.94711010298113,2.94194919493657,8.63053169007462));
#9270=CARTESIAN_POINT('Ctrl Pts',(7.9822409416938,3.09902526650702,8.6219282826475));
#9271=CARTESIAN_POINT('Ctrl Pts',(8.01303964365141,3.25635856821622,8.61431175996052));
#9272=CARTESIAN_POINT('Ctrl Pts',(8.04043515322695,3.41707219977576,8.60749709001502));
#9273=CARTESIAN_POINT('Ctrl Pts',(8.08694796301948,3.68993598992299,8.59592696586385));
#9274=CARTESIAN_POINT('Ctrl Pts',(8.12600645577779,3.98670356320689,8.58608150060811));
#9275=CARTESIAN_POINT('Ctrl Pts',(8.15887149419457,4.33208684484055,8.57774402119975));
#9276=CARTESIAN_POINT('Ctrl Pts',(8.19427231817448,4.70411905133487,8.56876324237855));
#9277=CARTESIAN_POINT('Ctrl Pts',(8.22248697922717,5.13255852646647,8.56153132664394));
#9278=CARTESIAN_POINT('Ctrl Pts',(8.24506280556457,5.64829003231706,8.55572227305927));
#9279=CARTESIAN_POINT('Ctrl Pts',(8.26684569011746,6.14590724837531,8.55011725370337));
#9280=CARTESIAN_POINT('Ctrl Pts',(8.28337824773989,6.7247921824585,8.54583558745494));
#9281=CARTESIAN_POINT('Ctrl Pts',(8.29603150629545,7.41268822044673,8.54255245856171));
#9282=CARTESIAN_POINT('Origin',(-9.24175308045052,-4.85,2.19999999999622));
#9283=CARTESIAN_POINT('',(-2.59023574034051E-12,-4.85,2.19999999999769));
#9284=CARTESIAN_POINT('',(-1.3271491267291,-4.85,2.19999999999748));
#9285=CARTESIAN_POINT('',(-2.59023574034051E-12,-6.3,2.19999999999769));
#9286=CARTESIAN_POINT('',(-2.59023574034051E-12,-4.85,2.19999999999769));
#9287=CARTESIAN_POINT('',(-6.33445893225202,-6.3,2.19999999999668));
#9288=CARTESIAN_POINT('',(-5.94802566695306,-6.3,2.19999999999675));
#9289=CARTESIAN_POINT('',(-9.24175308045052,-6.3,2.19999999999622));
#9290=CARTESIAN_POINT('',(-5.97087654023598,-6.3,2.19999999999674));
#9291=CARTESIAN_POINT('',(-9.24175308045052,-4.85,2.19999999999622));
#9292=CARTESIAN_POINT('Origin',(-2.65429825345525,-4.85,2.35189645536593E-11));
#9293=CARTESIAN_POINT('',(-2.09772280902404,-4.85,4.10000000001171));
#9294=CARTESIAN_POINT('',(-2.37601053122894,-4.85,4.10000000001334));
#9295=CARTESIAN_POINT('',(-1.86748493974055,-4.85,3.65000000000028));
#9296=CARTESIAN_POINT('',(-0.958564245050569,-4.85,1.87351416865777));
#9297=CARTESIAN_POINT('',(2.2688147236316,-4.85,3.41503729842635));
#9298=CARTESIAN_POINT('Origin',(-4.21862697971305E-11,-4.85,3.04501038332474E-13));
#9299=CARTESIAN_POINT('',(2.39391927793647,-4.85,3.07131536040341));
#9300=CARTESIAN_POINT('',(2.52965322960368,-4.85,2.69838939314351));
#9301=CARTESIAN_POINT('',(-0.328475716579129,-4.85,2.08044461648459));
#9302=CARTESIAN_POINT('Origin',(-2.09772280902513,0.,4.10000000001182));
#9303=CARTESIAN_POINT('',(-2.09772280902513,-3.15,4.10000000001182));
#9304=CARTESIAN_POINT('',(-2.32388311967351,-3.15,4.10000000001306));
#9305=CARTESIAN_POINT('',(-2.09772280902513,0.,4.10000000001182));
#9306=CARTESIAN_POINT('Origin',(-2.55004343033581,5.15,1.56371626255272));
#9307=CARTESIAN_POINT('',(-2.09772280902513,5.15,4.10000000001182));
#9308=CARTESIAN_POINT('',(-2.32388311967351,5.15,4.10000000001306));
#9309=CARTESIAN_POINT('',(-1.86748493974055,5.15,3.65000000000028));
#9310=CARTESIAN_POINT('',(-1.26478678478078,5.15,2.47202623494268));
#9311=CARTESIAN_POINT('',(-1.86748493974045,5.15,-3.64999999999972));
#9312=CARTESIAN_POINT('Origin',(-4.21862697971305E-11,5.15,3.04501038332474E-13));
#9313=CARTESIAN_POINT('',(-2.09772280901874,5.15,-4.09999999999984));
#9314=CARTESIAN_POINT('',(-0.881228668036512,5.15,-1.72236175500167));
#9315=CARTESIAN_POINT('',(-5.55987877229341,5.15,-4.10000000000008));
#9316=CARTESIAN_POINT('',(4.75000000000001,5.15,-8.22724133595217));
#9317=CARTESIAN_POINT('Origin',(0.,5.15,0.));
#9318=CARTESIAN_POINT('',(8.39897624228724,5.15,-6.17839975681051));
#9319=CARTESIAN_POINT('Ctrl Pts',(8.39897624227333,5.15,-6.17839975681783));
#9320=CARTESIAN_POINT('Ctrl Pts',(7.40923581990556,5.15,-6.69934803846676));
#9321=CARTESIAN_POINT('Ctrl Pts',(6.23770925470535,5.15,-7.36831199727213));
#9322=CARTESIAN_POINT('Ctrl Pts',(4.75000000000001,5.15,-8.22724133595217));
#9323=CARTESIAN_POINT('',(8.71322725555603,5.15,-4.69996497785201));
#9324=CARTESIAN_POINT('',(7.64502985838578,5.15,-9.72543861544572));
#9325=CARTESIAN_POINT('',(9.78570385818006,5.15,-1.5));
#9326=CARTESIAN_POINT('Origin',(0.,5.15,0.));
#9327=CARTESIAN_POINT('',(13.0257096509706,5.14999999999904,-1.5));
#9328=CARTESIAN_POINT('',(11.1265165442677,5.14999999998074,-1.5));
#9329=CARTESIAN_POINT('',(13.0257096509706,5.14999999999904,-0.4));
#9330=CARTESIAN_POINT('',(13.0257096509706,5.14999999999904,0.));
#9331=CARTESIAN_POINT('',(11.4649711574766,5.15,-0.4));
#9332=CARTESIAN_POINT('',(15.4503548254605,5.15000000002241,-0.4));
#9333=CARTESIAN_POINT('',(11.4649711574766,5.15,0.4));
#9334=CARTESIAN_POINT('',(11.4649711574766,5.15,0.));
#9335=CARTESIAN_POINT('',(13.0257096509706,5.14999999999904,0.4));
#9336=CARTESIAN_POINT('',(15.4503548254605,5.15000000002241,0.4));
#9337=CARTESIAN_POINT('',(13.0257096509706,5.14999999999904,1.5));
#9338=CARTESIAN_POINT('',(13.0257096509706,5.14999999999904,0.));
#9339=CARTESIAN_POINT('',(9.78570385818006,5.14999999996782,1.5));
#9340=CARTESIAN_POINT('',(11.1265165442677,5.14999999998074,1.5));
#9341=CARTESIAN_POINT('Origin',(0.,5.15,0.));
#9342=CARTESIAN_POINT('',(8.22028880443527,5.15,5.51696039243316));
#9343=CARTESIAN_POINT('Ctrl Pts',(8.22028880443527,5.15,4.35));
#9344=CARTESIAN_POINT('Ctrl Pts',(8.22028880443527,5.15,4.73898679747772));
#9345=CARTESIAN_POINT('Ctrl Pts',(8.22028880443527,5.15,5.12797359495544));
#9346=CARTESIAN_POINT('Ctrl Pts',(8.22028880443527,5.15,5.51696039243316));
#9347=CARTESIAN_POINT('',(6.83440250824358,5.15,7.1624676163536));
#9348=CARTESIAN_POINT('Origin',(0.,5.15,0.));
#9349=CARTESIAN_POINT('',(8.22724133595542,5.15,4.74999999999436));
#9350=CARTESIAN_POINT('Origin',(0.,0.,0.));
#9351=CARTESIAN_POINT('',(4.75000000000001,7.5,-8.22724133595217));
#9352=CARTESIAN_POINT('Origin',(0.,7.5,0.));
#9353=CARTESIAN_POINT('',(4.75000000000001,0.,-8.22724133595217));
#9354=CARTESIAN_POINT('Origin',(0.,-4.85,0.));
#9355=CARTESIAN_POINT('',(0.752444315316392,-6.3,-2.06732376572883));
#9356=CARTESIAN_POINT('Origin',(0.,-6.3,0.));
#9357=CARTESIAN_POINT('',(0.752444315316392,-4.85,-2.06732376572883));
#9358=CARTESIAN_POINT('Origin',(3.85342996390165,-4.85,-0.938657292763448));
#9359=CARTESIAN_POINT('',(3.85342996390165,-6.3,-0.938657292763448));
#9360=CARTESIAN_POINT('',(1.13103496938565,-6.3,-1.92952803667702));
#9361=CARTESIAN_POINT('',(3.85342996390165,-4.85,-0.938657292763448));
#9362=CARTESIAN_POINT('Origin',(-1.86748493974072,-9.,-3.64999999999958));
#9363=CARTESIAN_POINT('',(-1.86748493974045,-3.15,-3.64999999999972));
#9364=CARTESIAN_POINT('',(-1.86748493974045,0.,-3.64999999999972));
#9365=CARTESIAN_POINT('',(-0.881228668036512,-3.15,-1.72236175500167));
#9366=CARTESIAN_POINT('Origin',(-4.21862697971305E-11,0.,3.04501038332474E-13));
#9367=CARTESIAN_POINT('Origin',(-4.21862697971305E-11,-4.85,3.04501038332474E-13));
#9368=CARTESIAN_POINT('',(-1.86748493974055,-3.15,3.65000000000028));
#9369=CARTESIAN_POINT('',(-1.86748493974055,0.,3.65000000000028));
#9370=CARTESIAN_POINT('Origin',(-4.21862697971305E-11,-3.15,3.04501038332474E-13));
#9371=CARTESIAN_POINT('Origin',(-2.59015031645049E-12,-4.85,2.19999999999769));
#9372=CARTESIAN_POINT('',(2.39391927793647,-6.3,3.07131536040341));
#9373=CARTESIAN_POINT('',(-1.52543535554866,-6.3,1.64478693628173));
#9374=CARTESIAN_POINT('',(2.39391927793647,-4.85,3.07131536040341));
#9375=CARTESIAN_POINT('Origin',(-2.70000000002109,-6.3,2.35189645536593E-11));
#9376=CARTESIAN_POINT('Origin',(0.,-6.3,0.));
#9377=CARTESIAN_POINT('',(-4.15506925633905,-6.3,-3.7878239227829));
#9378=CARTESIAN_POINT('Origin',(-1.36645239494044,-9.,2.67073170731054));
#9379=CARTESIAN_POINT('',(-1.26478678478078,-3.15,2.47202623494268));
#9380=CARTESIAN_POINT('Origin',(6.48387908342325,-4.95,2.35993898894124));
#9381=CARTESIAN_POINT('',(4.38986847891283,-4.95,5.18938144077424));
#9382=CARTESIAN_POINT('',(6.26925372049183,-4.95,5.87342172742074));
#9383=CARTESIAN_POINT('',(4.96702747077532,-4.95,3.60365014319517));
#9384=CARTESIAN_POINT('Origin',(0.592763351833709,-6.3,-0.00124685975697814));
#9385=CARTESIAN_POINT('',(3.71301507697226,-6.3,-0.55287056154699));
#9386=CARTESIAN_POINT('',(-3.1078968827948,-6.3,-6.66490637338019));
#9387=CARTESIAN_POINT('',(-3.1078968827948,-6.3,-6.66490637338019));
#9388=CARTESIAN_POINT('',(6.22983123802745,-6.3,-3.26625128173933));
#9389=CARTESIAN_POINT('Origin',(1.94666766486829,-6.8,4.3001290681226));
#9390=CARTESIAN_POINT('',(5.53808203729898,-6.3,5.60729699860312));
#9391=CARTESIAN_POINT('',(5.53808203729898,-6.8,5.60729699860312));
#9392=CARTESIAN_POINT('',(1.94666766486829,-6.3,4.3001290681226));
#9393=CARTESIAN_POINT('',(1.87928648699391,-6.3,4.27560432504096));
#9394=CARTESIAN_POINT('',(1.94666766486829,-4.85,4.3001290681226));
#9395=CARTESIAN_POINT('',(1.94666766486829,-6.8,4.3001290681226));
#9396=CARTESIAN_POINT('',(4.38986847891283,-4.85,5.18938144077424));
#9397=CARTESIAN_POINT('',(1.94666766486829,-4.85,4.3001290681226));
#9398=CARTESIAN_POINT('',(4.38986847891283,-6.8,5.18938144077424));
#9399=CARTESIAN_POINT('Origin',(4.38986847891283,-6.8,5.18938144077424));
#9400=CARTESIAN_POINT('',(4.38986847891283,-4.85,5.18938144077424));
#9401=CARTESIAN_POINT('Origin',(4.25530363231387,-6.8,-2.04279612217729));
#9402=CARTESIAN_POINT('',(4.25530363231387,-4.85,-2.04279612217729));
#9403=CARTESIAN_POINT('Origin',(4.25530363231387,-6.8,-2.04279612217729));
#9404=CARTESIAN_POINT('',(3.71301507697226,-6.3,-0.55287056154699));
#9405=CARTESIAN_POINT('',(4.25530363231387,-4.85,-2.04279612217729));
#9406=CARTESIAN_POINT('Origin',(4.32258605561486,-4.85,1.57329265929848));
#9407=CARTESIAN_POINT('Origin',(0.592763351833709,-6.3,-0.00124685975697814));
#9408=CARTESIAN_POINT('',(2.69726864982802,-6.3,6.51544991922861));
#9409=CARTESIAN_POINT('Origin',(3.53075429659521,-6.3,4.22541265347397));
#9410=CARTESIAN_POINT('',(-6.66490637337292,-6.3,3.10789688279536));
#9411=CARTESIAN_POINT('',(-5.4137855584434,-6.3,3.56326761890026));
#9412=CARTESIAN_POINT('',(-4.15506925633905,-6.3,-3.7878239227829));
#9413=CARTESIAN_POINT('Origin',(3.53075429659521,-6.8,4.22541265347397));
#9414=CARTESIAN_POINT('',(2.69726864982802,-6.8,6.51544991922861));
#9415=CARTESIAN_POINT('Origin',(-6.66490637337292,-6.8,3.10789688279536));
#9416=CARTESIAN_POINT('',(-6.66490637337292,-6.8,3.10789688279536));
#9417=CARTESIAN_POINT('Origin',(-3.1078968827948,-6.8,-6.66490637338019));
#9418=CARTESIAN_POINT('',(-3.1078968827948,-6.8,-6.66490637338019));
#9419=CARTESIAN_POINT('Origin',(6.22983123802745,-6.8,-3.26625128173933));
#9420=CARTESIAN_POINT('Ctrl Pts',(7.71489066109384,2.8,6.55));
#9421=CARTESIAN_POINT('Ctrl Pts',(7.71489066109384,2.8,6.32912736909207));
#9422=CARTESIAN_POINT('Ctrl Pts',(7.71489066109384,2.8,6.10825473818415));
#9423=CARTESIAN_POINT('Ctrl Pts',(7.71489066109384,2.8,5.88738210727622));
#9424=CARTESIAN_POINT('Ctrl Pts',(7.77950331856297,2.8,6.55));
#9425=CARTESIAN_POINT('Ctrl Pts',(7.77950331856297,2.8,6.32912736909207));
#9426=CARTESIAN_POINT('Ctrl Pts',(7.77950331856297,2.8,6.10825473818415));
#9427=CARTESIAN_POINT('Ctrl Pts',(7.77950331856297,2.8,5.88738210727622));
#9428=CARTESIAN_POINT('Ctrl Pts',(7.89192362361611,2.84609185475852,6.55));
#9429=CARTESIAN_POINT('Ctrl Pts',(7.89192362361611,2.84609185475852,6.32912736909208));
#9430=CARTESIAN_POINT('Ctrl Pts',(7.89192362361611,2.84609185475852,6.10825473818415));
#9431=CARTESIAN_POINT('Ctrl Pts',(7.89192362361611,2.84609185475852,5.88738210727622));
#9432=CARTESIAN_POINT('Ctrl Pts',(7.94890359356032,2.94956957677016,6.55));
#9433=CARTESIAN_POINT('Ctrl Pts',(7.94890359356032,2.94956957677016,6.32912736909207));
#9434=CARTESIAN_POINT('Ctrl Pts',(7.94890359356032,2.94956957677016,6.10825473818415));
#9435=CARTESIAN_POINT('Ctrl Pts',(7.94890359356032,2.94956957677016,5.88738210727622));
#9436=CARTESIAN_POINT('Ctrl Pts',(7.95919166265795,2.99692438757045,6.55));
#9437=CARTESIAN_POINT('Ctrl Pts',(7.95919166265795,2.99692438757045,6.32912736909207));
#9438=CARTESIAN_POINT('Ctrl Pts',(7.95919166265795,2.99692438757045,6.10825473818415));
#9439=CARTESIAN_POINT('Ctrl Pts',(7.95919166265795,2.99692438757045,5.88738210727622));
#9440=CARTESIAN_POINT('',(7.71489066109384,2.8,6.20406818848464));
#9441=CARTESIAN_POINT('',(7.95919166265795,2.99692438757045,5.88738210727622));
#9442=CARTESIAN_POINT('Ctrl Pts',(7.71489066109384,2.8,6.20406818848464));
#9443=CARTESIAN_POINT('Ctrl Pts',(7.73005778502017,2.8,6.18520754750198));
#9444=CARTESIAN_POINT('Ctrl Pts',(7.74506325112992,2.80144667584526,6.16638016622383));
#9445=CARTESIAN_POINT('Ctrl Pts',(7.75975000032424,2.8041897599843,6.14781570779407));
#9446=CARTESIAN_POINT('Ctrl Pts',(7.7749881258371,2.80703582617974,6.12855429440109));
#9447=CARTESIAN_POINT('Ctrl Pts',(7.78988450676685,2.81127781497634,6.1095759159566));
#9448=CARTESIAN_POINT('Ctrl Pts',(7.80427006260562,2.8168045081276,6.09113708518275));
#9449=CARTESIAN_POINT('Ctrl Pts',(7.81875834060474,2.82237066543767,6.07256658924747));
#9450=CARTESIAN_POINT('Ctrl Pts',(7.83272996113766,2.8292405303605,6.05454337393147));
#9451=CARTESIAN_POINT('Ctrl Pts',(7.84599677390786,2.8373492826426,6.03732948628768));
#9452=CARTESIAN_POINT('Ctrl Pts',(7.84927761269656,2.83935455018318,6.03307254897619));
#9453=CARTESIAN_POINT('Ctrl Pts',(7.85251521400329,2.84143579099018,6.02886510662399));
#9454=CARTESIAN_POINT('Ctrl Pts',(7.85570642278361,2.84359241765495,6.02471112232306));
#9455=CARTESIAN_POINT('Ctrl Pts',(7.86793240769371,2.85185476802916,6.00879660438451));
#9456=CARTESIAN_POINT('Ctrl Pts',(7.87937575223115,2.86115122371375,5.99380813580934));
#9457=CARTESIAN_POINT('Ctrl Pts',(7.88988070062895,2.87141464780668,5.97994557490687));
#9458=CARTESIAN_POINT('Ctrl Pts',(7.90110611614291,2.88238197441089,5.96513226975532));
#9459=CARTESIAN_POINT('Ctrl Pts',(7.91126142970184,2.89445404491802,5.95160460580841));
#9460=CARTESIAN_POINT('Ctrl Pts',(7.92024197647529,2.90743749636111,5.93960644707886));
#9461=CARTESIAN_POINT('Ctrl Pts',(7.92086559934651,2.90833908704055,5.93877327662888));
#9462=CARTESIAN_POINT('Ctrl Pts',(7.92148353937642,2.90924508302505,5.93794748164504));
#9463=CARTESIAN_POINT('Ctrl Pts',(7.92209575319403,2.91015542377708,5.9371291437866));
#9464=CARTESIAN_POINT('Ctrl Pts',(7.92824955585586,2.91930591529149,5.92890343971613));
#9465=CARTESIAN_POINT('Ctrl Pts',(7.93403577117835,2.92920744107771,5.92114789101967));
#9466=CARTESIAN_POINT('Ctrl Pts',(7.93926206716604,2.9398526530783,5.91414305667177));
#9467=CARTESIAN_POINT('Ctrl Pts',(7.94116601753711,2.94373072569156,5.91159118112026));
#9468=CARTESIAN_POINT('Ctrl Pts',(7.94299530561024,2.94770716610457,5.90913893736495));
#9469=CARTESIAN_POINT('Ctrl Pts',(7.94473936739944,2.95178039278028,5.90679989006956));
#9470=CARTESIAN_POINT('Ctrl Pts',(7.94918545836137,2.96216416267935,5.90083701816673));
#9471=CARTESIAN_POINT('Ctrl Pts',(7.95307637943756,2.97316969701701,5.89561653915344));
#9472=CARTESIAN_POINT('Ctrl Pts',(7.95622073462193,2.98475787137083,5.89138670472979));
#9473=CARTESIAN_POINT('Ctrl Pts',(7.95730275048441,2.98874552153526,5.88993116053276));
#9474=CARTESIAN_POINT('Ctrl Pts',(7.95829602728052,2.99280187989268,5.88859292279643));
#9475=CARTESIAN_POINT('Ctrl Pts',(7.95919166265795,2.99692438757045,5.88738210727622));
#9476=CARTESIAN_POINT('',(7.95919166265795,2.99692438757045,6.55));
#9477=CARTESIAN_POINT('Ctrl Pts',(7.95919166265795,2.99692438757045,5.88738210727622));
#9478=CARTESIAN_POINT('Ctrl Pts',(7.95919166265795,2.99692438757045,6.10825473818415));
#9479=CARTESIAN_POINT('Ctrl Pts',(7.95919166265795,2.99692438757045,6.32912736909207));
#9480=CARTESIAN_POINT('Ctrl Pts',(7.95919166265795,2.99692438757045,6.55));
#9481=CARTESIAN_POINT('',(7.71489066109384,2.8,6.55));
#9482=CARTESIAN_POINT('Ctrl Pts',(7.71489066109384,2.8,6.55));
#9483=CARTESIAN_POINT('Ctrl Pts',(7.77950331856297,2.8,6.55));
#9484=CARTESIAN_POINT('Ctrl Pts',(7.84374349287905,2.82633820271916,6.55));
#9485=CARTESIAN_POINT('Ctrl Pts',(7.88988070062895,2.87141464780668,6.55));
#9486=CARTESIAN_POINT('Ctrl Pts',(7.92448360644137,2.90522198162232,6.55));
#9487=CARTESIAN_POINT('Ctrl Pts',(7.94890359356032,2.94956957677016,6.55));
#9488=CARTESIAN_POINT('Ctrl Pts',(7.95919166265795,2.99692438757045,6.55));
#9489=CARTESIAN_POINT('Ctrl Pts',(7.71489066109384,2.8,6.55));
#9490=CARTESIAN_POINT('Ctrl Pts',(7.71489066109384,2.8,6.43468939616155));
#9491=CARTESIAN_POINT('Ctrl Pts',(7.71489066109384,2.8,6.31937879232309));
#9492=CARTESIAN_POINT('Ctrl Pts',(7.71489066109384,2.8,6.20406818848464));
#9493=CARTESIAN_POINT('Origin',(0.,1.,0.));
#9494=CARTESIAN_POINT('',(7.42344259760928,2.8,6.55));
#9495=CARTESIAN_POINT('Origin',(0.,2.8,0.));
#9496=CARTESIAN_POINT('',(7.42344259760928,1.28214651388724,6.55));
#9497=CARTESIAN_POINT('',(7.42344259760928,1.,6.55));
#9498=CARTESIAN_POINT('',(7.22811978405302,0.8,6.76493047912403));
#9499=CARTESIAN_POINT('Ctrl Pts',(7.42344259760928,1.28214651388724,6.55));
#9500=CARTESIAN_POINT('Ctrl Pts',(7.36002525117999,1.11990236151081,6.62187405052069));
#9501=CARTESIAN_POINT('Ctrl Pts',(7.29454099391804,0.95896787830261,6.69396146287359));
#9502=CARTESIAN_POINT('Ctrl Pts',(7.22811978405302,0.800000000000001,6.76493047912403));
#9503=CARTESIAN_POINT('',(6.83440250824358,0.8,7.1624676163536));
#9504=CARTESIAN_POINT('Origin',(0.,0.8,0.));
#9505=CARTESIAN_POINT('',(6.83440250824358,1.,7.1624676163536));
#9506=CARTESIAN_POINT('Ctrl Pts',(8.22028880443527,5.15,5.51696039243316));
#9507=CARTESIAN_POINT('Ctrl Pts',(8.16890722535687,4.2619429855736,5.5935191112218));
#9508=CARTESIAN_POINT('Ctrl Pts',(8.09244388420954,3.61026919313257,5.70723752833115));
#9509=CARTESIAN_POINT('Ctrl Pts',(7.95919166265795,2.99692438757045,5.88738210727622));
#9510=CARTESIAN_POINT('Origin',(7.91411048163698,2.8,4.35));
#9511=CARTESIAN_POINT('',(-6.27188021594698,2.8,6.55));
#9512=CARTESIAN_POINT('Origin',(0.821115132845003,1.8,6.55));
#9513=CARTESIAN_POINT('',(7.91411048163698,2.8,6.55));
#9514=CARTESIAN_POINT('Ctrl Pts',(7.95919166265795,2.99692438757045,6.55));
#9515=CARTESIAN_POINT('Ctrl Pts',(7.94488154151268,2.93105652908964,6.55));
#9516=CARTESIAN_POINT('Ctrl Pts',(7.92986271585649,2.86544973177592,6.55));
#9517=CARTESIAN_POINT('Ctrl Pts',(7.91411048163698,2.8,6.55));
#9518=CARTESIAN_POINT('Ctrl Pts',(7.42344259760769,1.28214651388319,6.55));
#9519=CARTESIAN_POINT('Ctrl Pts',(7.44348534717812,1.33342300365196,6.55));
#9520=CARTESIAN_POINT('Ctrl Pts',(7.46254459199748,1.38284584876223,6.55));
#9521=CARTESIAN_POINT('Ctrl Pts',(7.48075207939306,1.43068417129091,6.55));
#9522=CARTESIAN_POINT('Ctrl Pts',(7.4999797527154,1.48120292865075,6.55));
#9523=CARTESIAN_POINT('Ctrl Pts',(7.51825736189448,1.52995425317267,6.55));
#9524=CARTESIAN_POINT('Ctrl Pts',(7.53571292921908,1.57720077678057,6.55));
#9525=CARTESIAN_POINT('Ctrl Pts',(7.55415860313558,1.62712719578223,6.55));
#9526=CARTESIAN_POINT('Ctrl Pts',(7.57168615653617,1.67537289933943,6.55));
#9527=CARTESIAN_POINT('Ctrl Pts',(7.58842007567291,1.72219467681009,6.55));
#9528=CARTESIAN_POINT('Ctrl Pts',(7.60611567148515,1.77170724123458,6.55));
#9529=CARTESIAN_POINT('Ctrl Pts',(7.62292361839299,1.81962715640299,6.55));
#9530=CARTESIAN_POINT('Ctrl Pts',(7.63896505537422,1.86620609918412,6.55));
#9531=CARTESIAN_POINT('Ctrl Pts',(7.6564176279687,1.91688250561912,6.55));
#9532=CARTESIAN_POINT('Ctrl Pts',(7.67296283400527,1.96597148853238,6.55));
#9533=CARTESIAN_POINT('Ctrl Pts',(7.68872851987343,2.01374118347952,6.55));
#9534=CARTESIAN_POINT('Ctrl Pts',(7.70537782977808,2.06418824058039,6.55));
#9535=CARTESIAN_POINT('Ctrl Pts',(7.72115758095783,2.1131635465075,6.55));
#9536=CARTESIAN_POINT('Ctrl Pts',(7.73619069333553,2.16092816730474,6.55));
#9537=CARTESIAN_POINT('Ctrl Pts',(7.75208044663099,2.21141458832324,6.55));
#9538=CARTESIAN_POINT('Ctrl Pts',(7.76713584337668,2.2605479936675,6.55));
#9539=CARTESIAN_POINT('Ctrl Pts',(7.78147527739449,2.30858403648236,6.55));
#9540=CARTESIAN_POINT('Ctrl Pts',(7.79707134933566,2.36082972334693,6.55));
#9541=CARTESIAN_POINT('Ctrl Pts',(7.81182038335118,2.41177707070819,6.55));
#9542=CARTESIAN_POINT('Ctrl Pts',(7.82584614900314,2.46169934859882,6.55));
#9543=CARTESIAN_POINT('Ctrl Pts',(7.84060495709895,2.51423076380824,6.55));
#9544=CARTESIAN_POINT('Ctrl Pts',(7.85456267785641,2.56562663966989,6.55));
#9545=CARTESIAN_POINT('Ctrl Pts',(7.86783610655007,2.61615267043033,6.55));
#9546=CARTESIAN_POINT('Ctrl Pts',(7.88210973497818,2.67048601606896,6.55));
#9547=CARTESIAN_POINT('Ctrl Pts',(7.89559190835708,2.72381311802307,6.55));
#9548=CARTESIAN_POINT('Ctrl Pts',(7.90840002282626,2.77641194408533,6.55));
#9549=CARTESIAN_POINT('Ctrl Pts',(7.91031856191325,2.7842907699635,6.55));
#9550=CARTESIAN_POINT('Ctrl Pts',(7.91222193189873,2.79215317191886,6.55));
#9551=CARTESIAN_POINT('Ctrl Pts',(7.91411048163697,2.79999999999996,6.55));
#9552=CARTESIAN_POINT('Ctrl Pts',(8.33646816917379,15.,4.35));
#9553=CARTESIAN_POINT('Ctrl Pts',(8.33646816917379,15.,11.85));
#9554=CARTESIAN_POINT('Ctrl Pts',(8.33646816917379,3.45264350891599,4.35));
#9555=CARTESIAN_POINT('Ctrl Pts',(8.33646816917379,3.45264350891599,11.85));
#9556=CARTESIAN_POINT('Ctrl Pts',(7.22811978405302,0.8,4.35));
#9557=CARTESIAN_POINT('Ctrl Pts',(7.22811978405302,0.8,11.85));
#9558=CARTESIAN_POINT('Ctrl Pts',(8.30764723252133,8.15698873911335,8.3340678456264));
#9559=CARTESIAN_POINT('Ctrl Pts',(8.30764723252133,8.15698873911335,7.0060452304176));
#9560=CARTESIAN_POINT('Ctrl Pts',(8.30764723252133,8.15698873911335,5.6780226152088));
#9561=CARTESIAN_POINT('Ctrl Pts',(8.30764723252133,8.15698873911335,4.35));
#9562=CARTESIAN_POINT('',(7.22811978405302,0.8,4.35));
#9563=CARTESIAN_POINT('Origin',(7.22811978405302,0.8,4.35));
#9564=CARTESIAN_POINT('',(5.79946473406694,0.8,8.95503242390544));
#9565=CARTESIAN_POINT('Origin',(-6.27188021594698,0.,4.35));
#9566=CARTESIAN_POINT('',(4.11196473407496,0.,11.8778681616733));
#9567=CARTESIAN_POINT('Origin',(0.,1.,0.));
#9568=CARTESIAN_POINT('',(9.78570385818006,3.65,1.5));
#9569=CARTESIAN_POINT('',(9.78570385818006,1.,1.5));
#9570=CARTESIAN_POINT('',(9.78570385818006,3.65,-1.5));
#9571=CARTESIAN_POINT('Origin',(0.,3.65,0.));
#9572=CARTESIAN_POINT('',(9.78570385818006,1.,-1.5));
#9573=CARTESIAN_POINT('',(8.71322725555603,-3.15,-4.69996497785201));
#9574=CARTESIAN_POINT('',(8.71322725555603,1.,-4.69996497785201));
#9575=CARTESIAN_POINT('',(9.78570385818006,-3.15,-1.5));
#9576=CARTESIAN_POINT('Origin',(0.,-3.15,0.));
#9577=CARTESIAN_POINT('',(9.78570385818006,-1.64999999996709,-1.5));
#9578=CARTESIAN_POINT('',(9.78570385818006,1.,-1.5));
#9579=CARTESIAN_POINT('',(9.78570385818006,-1.64999999996709,1.5));
#9580=CARTESIAN_POINT('Origin',(0.,-1.64999999996258,0.));
#9581=CARTESIAN_POINT('',(9.78570385818006,-3.14999999995779,1.5));
#9582=CARTESIAN_POINT('',(9.78570385818006,1.,1.5));
#9583=CARTESIAN_POINT('Origin',(0.,-3.15,0.));
#9584=CARTESIAN_POINT('',(8.9569040826238,-0.851926650180733,-4.2170925119894));
#9585=CARTESIAN_POINT('Ctrl Pts',(8.9569040826238,-0.851926650180733,-4.2170925119894));
#9586=CARTESIAN_POINT('Ctrl Pts',(8.9569040826238,-0.970530657303114,-4.2170925119894));
#9587=CARTESIAN_POINT('Ctrl Pts',(8.98233438203068,-1.22206239116746,-4.16387355668473));
#9588=CARTESIAN_POINT('Ctrl Pts',(9.05000362582091,-1.41273312868472,-4.01453711179878));
#9589=CARTESIAN_POINT('Ctrl Pts',(9.12534862683545,-1.56786476154282,-3.84043301413442));
#9590=CARTESIAN_POINT('Ctrl Pts',(9.17307844864427,-1.63176022435362,-3.72585607158178));
#9591=CARTESIAN_POINT('Ctrl Pts',(9.26788305951113,-1.70825389656801,-3.48335253061478));
#9592=CARTESIAN_POINT('Ctrl Pts',(9.3150243837935,-1.72098670782345,-3.3550726120349));
#9593=CARTESIAN_POINT('Ctrl Pts',(9.39631584795233,-1.70406288161698,-3.12002674736531));
#9594=CARTESIAN_POINT('Ctrl Pts',(9.43664681877193,-1.67458176739951,-2.9958750432569));
#9595=CARTESIAN_POINT('Ctrl Pts',(9.50924686556989,-1.56404952821195,-2.7568860746456));
#9596=CARTESIAN_POINT('Ctrl Pts',(9.57000545796312,-1.41143572538609,-2.54030769291927));
#9597=CARTESIAN_POINT('Ctrl Pts',(9.6164562460825,-1.0986692740253,-2.35298527512495));
#9598=CARTESIAN_POINT('Ctrl Pts',(9.6282423573034,-0.810582760400774,-2.30371530645341));
#9599=CARTESIAN_POINT('Ctrl Pts',(9.6252406772787,-0.636748870014861,-2.31633559690941));
#9600=CARTESIAN_POINT('Ctrl Pts',(9.61618924179725,-0.492801753627549,-2.35364966666858));
#9601=CARTESIAN_POINT('Ctrl Pts',(9.60591196858591,-0.391318875489985,-2.39531410979279));
#9602=CARTESIAN_POINT('Ctrl Pts',(9.59226307108139,-0.295471989025639,-2.44949412275638));
#9603=CARTESIAN_POINT('Ctrl Pts',(9.55912200785137,-0.124444911488736,-2.57756205208143));
#9604=CARTESIAN_POINT('Ctrl Pts',(9.48907973717856,0.06133178459794,-2.83271408738455));
#9605=CARTESIAN_POINT('Ctrl Pts',(9.38995413939356,0.116433878782397,-3.14103468462313));
#9606=CARTESIAN_POINT('Ctrl Pts',(9.32580976439131,0.104330311833266,-3.32329064850198));
#9607=CARTESIAN_POINT('Ctrl Pts',(9.2350317359881,0.0669985330566014,-3.57471125104304));
#9608=CARTESIAN_POINT('Ctrl Pts',(9.14854531794849,-0.0459583038109466,
-3.78686202724298));
#9609=CARTESIAN_POINT('Ctrl Pts',(9.05519997180252,-0.254987163474237,-4.00301363765925));
#9610=CARTESIAN_POINT('Ctrl Pts',(8.98634432522764,-0.457456907690613,-4.15550082376181));
#9611=CARTESIAN_POINT('Ctrl Pts',(8.9569040826238,-0.722301399988589,-4.2170925119894));
#9612=CARTESIAN_POINT('Ctrl Pts',(8.9569040826238,-0.851926650180733,-4.2170925119894));
#9613=CARTESIAN_POINT('',(9.71526496151692,1.81271575795089,-1.90358260328299));
#9614=CARTESIAN_POINT('Ctrl Pts',(9.71526496151692,1.81271575795089,-1.90358260328299));
#9615=CARTESIAN_POINT('Ctrl Pts',(9.71526496151692,1.61764200740784,-1.90358260328299));
#9616=CARTESIAN_POINT('Ctrl Pts',(9.73512698274372,1.3410769281796,-1.80416503571831));
#9617=CARTESIAN_POINT('Ctrl Pts',(9.79155173504199,0.988629962416315,-1.47722652238286));
#9618=CARTESIAN_POINT('Ctrl Pts',(9.83801024045638,0.857821452209449,-1.13753732614642));
#9619=CARTESIAN_POINT('Ctrl Pts',(9.87024054516312,0.895745894842363,-0.77711350831987));
#9620=CARTESIAN_POINT('Ctrl Pts',(9.88673967805038,0.979204022815467,-0.538052332272898));
#9621=CARTESIAN_POINT('Ctrl Pts',(9.89485576634479,1.14965392937475,-0.3333982857398));
#9622=CARTESIAN_POINT('Ctrl Pts',(9.89904570125142,1.39108436312158,-0.168491167430191));
#9623=CARTESIAN_POINT('Ctrl Pts',(9.89970900014982,1.7286309739409,-0.0761542779330064));
#9624=CARTESIAN_POINT('Ctrl Pts',(9.89965250491787,2.02398356515701,-0.130464537834771));
#9625=CARTESIAN_POINT('Ctrl Pts',(9.89735232096351,2.22412278411214,-0.236615134433055));
#9626=CARTESIAN_POINT('Ctrl Pts',(9.89373959824838,2.44286747849298,-0.383320488804204));
#9627=CARTESIAN_POINT('Ctrl Pts',(9.8786511345884,2.65855898831187,-0.71146297321934));
#9628=CARTESIAN_POINT('Ctrl Pts',(9.83282554309589,2.69013257871506,-1.17661400298613));
#9629=CARTESIAN_POINT('Ctrl Pts',(9.77770693252176,2.53670866171565,-1.5652204348225));
#9630=CARTESIAN_POINT('Ctrl Pts',(9.72877584019387,2.22787258811311,-1.8359694278064));
#9631=CARTESIAN_POINT('Ctrl Pts',(9.71526496151692,1.94276492497958,-1.90358260328299));
#9632=CARTESIAN_POINT('Ctrl Pts',(9.71526496151692,1.81271575795089,-1.90358260328299));
#9633=CARTESIAN_POINT('',(9.89941484288206,1.50630507046822,0.107637207908611));
#9634=CARTESIAN_POINT('Ctrl Pts',(9.89941484288206,1.50630507046822,0.107637207908611));
#9635=CARTESIAN_POINT('Ctrl Pts',(9.89941484288206,1.40927497676831,0.107637207908611));
#9636=CARTESIAN_POINT('Ctrl Pts',(9.89931989501643,1.20337072408391,0.140017545764104));
#9637=CARTESIAN_POINT('Ctrl Pts',(9.89642860765791,0.959689149830306,0.281357780874986));
#9638=CARTESIAN_POINT('Ctrl Pts',(9.88895770464893,0.754143010914214,0.491950327315817));
#9639=CARTESIAN_POINT('Ctrl Pts',(9.87062074933963,0.621328519156692,0.791793333794404));
#9640=CARTESIAN_POINT('Ctrl Pts',(9.8458661857943,0.623056274908523,1.03997271737253));
#9641=CARTESIAN_POINT('Ctrl Pts',(9.83076007146219,0.646437352653626,1.16970981556531));
#9642=CARTESIAN_POINT('Ctrl Pts',(9.79521175220207,0.719615101221371,1.46521870206985));
#9643=CARTESIAN_POINT('Ctrl Pts',(9.71537095571266,1.09299315992651,1.91128825371791));
#9644=CARTESIAN_POINT('Ctrl Pts',(9.70854403510463,1.7620547135353,1.93848305462985));
#9645=CARTESIAN_POINT('Ctrl Pts',(9.76525391506643,2.22813684593345,1.63726759593616));
#9646=CARTESIAN_POINT('Ctrl Pts',(9.82300756719607,2.43058421493072,1.2642863320847));
#9647=CARTESIAN_POINT('Ctrl Pts',(9.87032879560367,2.41718786351521,0.79873281672022));
#9648=CARTESIAN_POINT('Ctrl Pts',(9.89272151473158,2.22868212708717,0.422056871627223));
#9649=CARTESIAN_POINT('Ctrl Pts',(9.89868303911201,1.91827625031886,0.176594887353036));
#9650=CARTESIAN_POINT('Ctrl Pts',(9.89941484288206,1.63567852873476,0.107637207908611));
#9651=CARTESIAN_POINT('Ctrl Pts',(9.89941484288206,1.50630507046822,0.107637207908611));
#9652=CARTESIAN_POINT('',(9.84650891844601,-0.582836139477071,1.02774613546497));
#9653=CARTESIAN_POINT('Ctrl Pts',(9.84650891844601,-0.582836139477071,1.02774613546497));
#9654=CARTESIAN_POINT('Ctrl Pts',(9.84650891844601,-0.712350943387666,1.02774613546497));
#9655=CARTESIAN_POINT('Ctrl Pts',(9.84003697121391,-0.990281327161872,1.09031617444556));
#9656=CARTESIAN_POINT('Ctrl Pts',(9.80023235681659,-1.41903158987199,1.43077965404358));
#9657=CARTESIAN_POINT('Ctrl Pts',(9.71846005317059,-1.54987993846826,1.91441314371105));
#9658=CARTESIAN_POINT('Ctrl Pts',(9.63022674793004,-1.42537037923424,2.29767644850623));
#9659=CARTESIAN_POINT('Ctrl Pts',(9.58688970307838,-1.31908349452597,2.47197524108766));
#9660=CARTESIAN_POINT('Ctrl Pts',(9.55057970519222,-1.18434128148717,2.60834114833267));
#9661=CARTESIAN_POINT('Ctrl Pts',(9.48695730699768,-0.832385152902903,2.83286661910501));
#9662=CARTESIAN_POINT('Ctrl Pts',(9.49065433730915,-0.389673320151925,2.82021617164458));
#9663=CARTESIAN_POINT('Ctrl Pts',(9.56914024553945,0.0687904412713882,2.544253857607));
#9664=CARTESIAN_POINT('Ctrl Pts',(9.65556817195387,0.29374148017334,2.20535483150479));
#9665=CARTESIAN_POINT('Ctrl Pts',(9.74937168854873,0.319256291187781,1.7376528742372));
#9666=CARTESIAN_POINT('Ctrl Pts',(9.80918677880071,0.144800895634467,1.351888212375));
#9667=CARTESIAN_POINT('Ctrl Pts',(9.83995819799512,-0.172626680480135,1.09263398709752));
#9668=CARTESIAN_POINT('Ctrl Pts',(9.84650891844601,-0.453321335566477,1.02774613546497));
#9669=CARTESIAN_POINT('Ctrl Pts',(9.84650891844601,-0.582836139477071,1.02774613546497));
#9670=CARTESIAN_POINT('Origin',(3.44826343939871,1.,13.0274325251054));
#9671=CARTESIAN_POINT('Ctrl Pts',(13.0783686041832,1.42749011516571,18.011));
#9672=CARTESIAN_POINT('Ctrl Pts',(13.0783686041832,1.42749011516571,3.85));
#9673=CARTESIAN_POINT('Ctrl Pts',(13.0633630885588,1.46162681133978,18.011));
#9674=CARTESIAN_POINT('Ctrl Pts',(13.0633630885588,1.46162681133978,3.85));
#9675=CARTESIAN_POINT('Ctrl Pts',(13.0341735526267,1.52803134847905,18.011));
#9676=CARTESIAN_POINT('Ctrl Pts',(13.0341735526267,1.52803134847905,3.85));
#9677=CARTESIAN_POINT('Ctrl Pts',(12.9771647305312,1.5727517523865,18.011));
#9678=CARTESIAN_POINT('Ctrl Pts',(12.9771647305312,1.5727517523865,3.85));
#9679=CARTESIAN_POINT('Ctrl Pts',(12.9494625329971,1.59448266029358,18.011));
#9680=CARTESIAN_POINT('Ctrl Pts',(12.9494625329971,1.59448266029358,3.85));
#9681=CARTESIAN_POINT('',(13.0783686041832,1.42749011516571,4.35));
#9682=CARTESIAN_POINT('',(12.9494625329971,1.59448266029358,4.35));
#9683=CARTESIAN_POINT('Ctrl Pts',(13.0783686041832,1.42749011516571,4.35));
#9684=CARTESIAN_POINT('Ctrl Pts',(13.0633630885588,1.46162681133978,4.35));
#9685=CARTESIAN_POINT('Ctrl Pts',(13.0483575729344,1.49576350751385,4.35));
#9686=CARTESIAN_POINT('Ctrl Pts',(13.0260002613068,1.52416974306107,4.35));
#9687=CARTESIAN_POINT('Ctrl Pts',(13.0048669280653,1.55102084447943,4.35));
#9688=CARTESIAN_POINT('Ctrl Pts',(12.9771647305312,1.5727517523865,4.35));
#9689=CARTESIAN_POINT('Ctrl Pts',(12.9494625329971,1.59448266029358,4.35));
#9690=CARTESIAN_POINT('',(13.0783686041832,1.42749011516571,3.85));
#9691=CARTESIAN_POINT('',(13.0783686041832,1.42749011516571,4.35));
#9692=CARTESIAN_POINT('',(12.9494625329971,1.59448266029358,3.85));
#9693=CARTESIAN_POINT('Ctrl Pts',(13.0783686041832,1.42749011516571,3.85));
#9694=CARTESIAN_POINT('Ctrl Pts',(13.0633630885588,1.46162681133978,3.85));
#9695=CARTESIAN_POINT('Ctrl Pts',(13.0341735526267,1.52803134847905,3.85));
#9696=CARTESIAN_POINT('Ctrl Pts',(12.9771647305312,1.5727517523865,3.85));
#9697=CARTESIAN_POINT('Ctrl Pts',(12.9494625329971,1.59448266029358,3.85));
#9698=CARTESIAN_POINT('',(12.9494625329971,1.59448266029358,4.35));
#9699=CARTESIAN_POINT('Ctrl Pts',(12.9494625329971,1.59448266029358,18.011));
#9700=CARTESIAN_POINT('Ctrl Pts',(12.9494625329971,1.59448266029358,3.85));
#9701=CARTESIAN_POINT('Ctrl Pts',(12.9193442285874,1.61114512478553,18.011));
#9702=CARTESIAN_POINT('Ctrl Pts',(12.9193442285874,1.61114512478553,3.85));
#9703=CARTESIAN_POINT('Ctrl Pts',(12.8593266298573,1.64434888998191,18.011));
#9704=CARTESIAN_POINT('Ctrl Pts',(12.8593266298573,1.64434888998191,3.85));
#9705=CARTESIAN_POINT('Ctrl Pts',(12.7909158121932,1.64919641177105,18.011));
#9706=CARTESIAN_POINT('Ctrl Pts',(12.7909158121932,1.64919641177105,3.85));
#9707=CARTESIAN_POINT('Ctrl Pts',(12.7568352222443,1.651611328125,18.011));
#9708=CARTESIAN_POINT('Ctrl Pts',(12.7568352222443,1.651611328125,3.85));
#9709=CARTESIAN_POINT('',(12.7568352222443,1.651611328125,4.35));
#9710=CARTESIAN_POINT('Ctrl Pts',(12.9494625329971,1.59448266029358,4.35));
#9711=CARTESIAN_POINT('Ctrl Pts',(12.9193442285874,1.61114512478553,4.35));
#9712=CARTESIAN_POINT('Ctrl Pts',(12.8892259241777,1.62780758927747,4.35));
#9713=CARTESIAN_POINT('Ctrl Pts',(12.8569939732552,1.63732916116714,4.35));
#9714=CARTESIAN_POINT('Ctrl Pts',(12.8249964021421,1.6467814954171,4.35));
#9715=CARTESIAN_POINT('Ctrl Pts',(12.7909158121932,1.64919641177105,4.35));
#9716=CARTESIAN_POINT('Ctrl Pts',(12.7568352222443,1.651611328125,4.35));
#9717=CARTESIAN_POINT('',(12.7568352222443,1.651611328125,3.85));
#9718=CARTESIAN_POINT('Ctrl Pts',(12.9494625329971,1.59448266029358,3.85));
#9719=CARTESIAN_POINT('Ctrl Pts',(12.9193442285874,1.61114512478553,3.85));
#9720=CARTESIAN_POINT('Ctrl Pts',(12.8593266298573,1.64434888998191,3.85));
#9721=CARTESIAN_POINT('Ctrl Pts',(12.7909158121932,1.64919641177105,3.85));
#9722=CARTESIAN_POINT('Ctrl Pts',(12.7568352222443,1.651611328125,3.85));
#9723=CARTESIAN_POINT('',(12.7568352222443,1.651611328125,4.35));
#9724=CARTESIAN_POINT('Ctrl Pts',(12.7568352222443,1.651611328125,18.011));
#9725=CARTESIAN_POINT('Ctrl Pts',(12.7568352222443,1.651611328125,3.85));
#9726=CARTESIAN_POINT('Ctrl Pts',(12.7084547790591,1.64716260966298,18.011));
#9727=CARTESIAN_POINT('Ctrl Pts',(12.7084547790591,1.64716260966298,3.85));
#9728=CARTESIAN_POINT('Ctrl Pts',(12.6125128174545,1.63834047518522,18.011));
#9729=CARTESIAN_POINT('Ctrl Pts',(12.6125128174545,1.63834047518522,3.85));
#9730=CARTESIAN_POINT('Ctrl Pts',(12.5415338549245,1.57327202893396,18.011));
#9731=CARTESIAN_POINT('Ctrl Pts',(12.5415338549245,1.57327202893396,3.85));
#9732=CARTESIAN_POINT('Ctrl Pts',(12.5063472986221,1.54101550579071,18.011));
#9733=CARTESIAN_POINT('Ctrl Pts',(12.5063472986221,1.54101550579071,3.85));
#9734=CARTESIAN_POINT('',(12.5063472986221,1.54101550579071,4.35));
#9735=CARTESIAN_POINT('Ctrl Pts',(12.7568352222443,1.651611328125,4.35));
#9736=CARTESIAN_POINT('Ctrl Pts',(12.7084547790591,1.64716260966298,4.35));
#9737=CARTESIAN_POINT('Ctrl Pts',(12.660074335874,1.64271389120097,4.35));
#9738=CARTESIAN_POINT('Ctrl Pts',(12.6180416345596,1.62396252155304,4.35));
#9739=CARTESIAN_POINT('Ctrl Pts',(12.576720411227,1.60552855207722,4.35));
#9740=CARTESIAN_POINT('Ctrl Pts',(12.5415338549245,1.57327202893396,4.35));
#9741=CARTESIAN_POINT('Ctrl Pts',(12.5063472986221,1.54101550579071,4.35));
#9742=CARTESIAN_POINT('',(12.5063472986221,1.54101550579071,3.85));
#9743=CARTESIAN_POINT('Ctrl Pts',(12.7568352222443,1.651611328125,3.85));
#9744=CARTESIAN_POINT('Ctrl Pts',(12.7084547790591,1.64716260966298,3.85));
#9745=CARTESIAN_POINT('Ctrl Pts',(12.6125128174545,1.63834047518522,3.85));
#9746=CARTESIAN_POINT('Ctrl Pts',(12.5415338549245,1.57327202893396,3.85));
#9747=CARTESIAN_POINT('Ctrl Pts',(12.5063472986221,1.54101550579071,3.85));
#9748=CARTESIAN_POINT('',(12.5063472986221,1.54101550579071,4.35));
#9749=CARTESIAN_POINT('Ctrl Pts',(12.5063472986221,1.54101550579071,18.011));
#9750=CARTESIAN_POINT('Ctrl Pts',(12.5063472986221,1.54101550579071,3.85));
#9751=CARTESIAN_POINT('Ctrl Pts',(12.4778428417016,1.49468485883665,18.011));
#9752=CARTESIAN_POINT('Ctrl Pts',(12.4778428417016,1.49468485883665,3.85));
#9753=CARTESIAN_POINT('Ctrl Pts',(12.4123693626528,1.38826540832347,18.011));
#9754=CARTESIAN_POINT('Ctrl Pts',(12.4123693626528,1.38826540832347,3.85));
#9755=CARTESIAN_POINT('Ctrl Pts',(12.4097062765972,1.26260414972514,18.011));
#9756=CARTESIAN_POINT('Ctrl Pts',(12.4097062765972,1.26260414972514,3.85));
#9757=CARTESIAN_POINT('Ctrl Pts',(12.4082025885582,1.19165062904358,18.011));
#9758=CARTESIAN_POINT('Ctrl Pts',(12.4082025885582,1.19165062904358,3.85));
#9759=CARTESIAN_POINT('Ctrl Pts',(12.5063472986221,1.54101550579071,4.35));
#9760=CARTESIAN_POINT('Ctrl Pts',(12.4957989804292,1.52387045343908,4.35));
#9761=CARTESIAN_POINT('Ctrl Pts',(12.4852506622362,1.50672540108744,4.35));
#9762=CARTESIAN_POINT('Ctrl Pts',(12.4753056499375,1.48939552747166,4.35));
#9763=CARTESIAN_POINT('Ctrl Pts',(12.5063472986221,1.54101550579071,3.85));
#9764=CARTESIAN_POINT('Ctrl Pts',(12.4957989801294,1.52387045295185,3.85));
#9765=CARTESIAN_POINT('Ctrl Pts',(12.4852506616367,1.50672540011299,3.85));
#9766=CARTESIAN_POINT('Ctrl Pts',(12.4753056490897,1.48939552599423,3.85));
#9767=CARTESIAN_POINT('Ctrl Pts',(13.4482416510582,1.51098608970642,18.011));
#9768=CARTESIAN_POINT('Ctrl Pts',(13.4482416510582,1.51098608970642,3.85));
#9769=CARTESIAN_POINT('Ctrl Pts',(13.4899626302108,1.55274647894776,18.011));
#9770=CARTESIAN_POINT('Ctrl Pts',(13.4899626302108,1.55274647894776,3.85));
#9771=CARTESIAN_POINT('Ctrl Pts',(13.5776066491119,1.64047328733829,18.011));
#9772=CARTESIAN_POINT('Ctrl Pts',(13.5776066491119,1.64047328733829,3.85));
#9773=CARTESIAN_POINT('Ctrl Pts',(13.680154137241,1.71025991224987,18.011));
#9774=CARTESIAN_POINT('Ctrl Pts',(13.680154137241,1.71025991224987,3.85));
#9775=CARTESIAN_POINT('Ctrl Pts',(13.7338861823082,1.746826171875,18.011));
#9776=CARTESIAN_POINT('Ctrl Pts',(13.7338861823082,1.746826171875,3.85));
#9777=CARTESIAN_POINT('',(13.4482416510582,1.51098608970642,3.85));
#9778=CARTESIAN_POINT('',(13.4482416510582,1.51098608970642,4.35));
#9779=CARTESIAN_POINT('',(13.7338861823082,1.746826171875,3.85));
#9780=CARTESIAN_POINT('Ctrl Pts',(13.4482416510582,1.51098608970642,3.85));
#9781=CARTESIAN_POINT('Ctrl Pts',(13.4899626302108,1.55274647894776,3.85));
#9782=CARTESIAN_POINT('Ctrl Pts',(13.5776066491119,1.64047328733829,3.85));
#9783=CARTESIAN_POINT('Ctrl Pts',(13.680154137241,1.71025991224987,3.85));
#9784=CARTESIAN_POINT('Ctrl Pts',(13.7338861823082,1.746826171875,3.85));
#9785=CARTESIAN_POINT('',(13.7338861823082,1.746826171875,4.35));
#9786=CARTESIAN_POINT('Origin',(13.7338861823082,1.746826171875,4.35));
#9787=CARTESIAN_POINT('',(14.3183588981628,2.120361328125,3.85));
#9788=CARTESIAN_POINT('',(13.7338861823082,1.746826171875,3.85));
#9789=CARTESIAN_POINT('',(14.3183588981628,2.120361328125,4.35));
#9790=CARTESIAN_POINT('Origin',(14.3183588981628,2.120361328125,4.35));
#9791=CARTESIAN_POINT('',(14.3183588981628,1.76293969154358,3.85));
#9792=CARTESIAN_POINT('',(14.3183588981628,2.120361328125,3.85));
#9793=CARTESIAN_POINT('',(14.3183588981628,1.76293969154358,4.35));
#9794=CARTESIAN_POINT('Origin',(14.3183588981628,1.76293969154358,4.35));
#9795=CARTESIAN_POINT('',(13.8715815544128,1.47875964641571,3.85));
#9796=CARTESIAN_POINT('',(14.3183588981628,1.76293969154358,3.85));
#9797=CARTESIAN_POINT('',(13.8715815544128,1.47875964641571,4.35));
#9798=CARTESIAN_POINT('Ctrl Pts',(13.8715815544128,1.47875964641571,18.011));
#9799=CARTESIAN_POINT('Ctrl Pts',(13.8715815544128,1.47875964641571,3.85));
#9800=CARTESIAN_POINT('Ctrl Pts',(13.8142050482704,1.44162285854847,18.011));
#9801=CARTESIAN_POINT('Ctrl Pts',(13.8142050482704,1.44162285854847,3.85));
#9802=CARTESIAN_POINT('Ctrl Pts',(13.7134001488905,1.37637716103329,18.011));
#9803=CARTESIAN_POINT('Ctrl Pts',(13.7134001488905,1.37637716103329,3.85));
#9804=CARTESIAN_POINT('Ctrl Pts',(13.6171495587347,1.3046029996691,18.011));
#9805=CARTESIAN_POINT('Ctrl Pts',(13.6171495587347,1.3046029996691,3.85));
#9806=CARTESIAN_POINT('Ctrl Pts',(13.5756832361221,1.27368152141571,18.011));
#9807=CARTESIAN_POINT('Ctrl Pts',(13.5756832361221,1.27368152141571,3.85));
#9808=CARTESIAN_POINT('',(13.5756832361221,1.27368152141571,3.85));
#9809=CARTESIAN_POINT('Ctrl Pts',(13.8715815544128,1.47875964641571,3.85));
#9810=CARTESIAN_POINT('Ctrl Pts',(13.8142050482704,1.44162285854847,3.85));
#9811=CARTESIAN_POINT('Ctrl Pts',(13.7134001488905,1.37637716103329,3.85));
#9812=CARTESIAN_POINT('Ctrl Pts',(13.6171495587347,1.3046029996691,3.85));
#9813=CARTESIAN_POINT('Ctrl Pts',(13.5756832361221,1.27368152141571,3.85));
#9814=CARTESIAN_POINT('',(13.5756832361221,1.27368152141571,4.35));
#9815=CARTESIAN_POINT('Ctrl Pts',(13.5756832361221,1.27368152141571,18.011));
#9816=CARTESIAN_POINT('Ctrl Pts',(13.5756832361221,1.27368152141571,3.85));
#9817=CARTESIAN_POINT('Ctrl Pts',(13.5453873315739,1.24944048546518,18.011));
#9818=CARTESIAN_POINT('Ctrl Pts',(13.5453873315739,1.24944048546518,3.85));
#9819=CARTESIAN_POINT('Ctrl Pts',(13.4920071037081,1.20672870504339,18.011));
#9820=CARTESIAN_POINT('Ctrl Pts',(13.4920071037081,1.20672870504339,3.85));
#9821=CARTESIAN_POINT('Ctrl Pts',(13.4502055469251,1.15274155638197,18.011));
#9822=CARTESIAN_POINT('Ctrl Pts',(13.4502055469251,1.15274155638197,3.85));
#9823=CARTESIAN_POINT('Ctrl Pts',(13.4321284294128,1.12939476966858,18.011));
#9824=CARTESIAN_POINT('Ctrl Pts',(13.4321284294128,1.12939476966858,3.85));
#9825=CARTESIAN_POINT('',(13.4321284294128,1.12939476966858,3.85));
#9826=CARTESIAN_POINT('Ctrl Pts',(13.5756832361221,1.27368152141571,3.85));
#9827=CARTESIAN_POINT('Ctrl Pts',(13.5453873315739,1.24944048546518,3.85));
#9828=CARTESIAN_POINT('Ctrl Pts',(13.4920071037081,1.20672870504339,3.85));
#9829=CARTESIAN_POINT('Ctrl Pts',(13.4502055469251,1.15274155638197,3.85));
#9830=CARTESIAN_POINT('Ctrl Pts',(13.4321284294128,1.12939476966858,3.85));
#9831=CARTESIAN_POINT('',(13.4321284294128,1.12939476966858,4.35));
#9832=CARTESIAN_POINT('Ctrl Pts',(13.4321284294128,1.12939476966858,18.011));
#9833=CARTESIAN_POINT('Ctrl Pts',(13.4321284294128,1.12939476966858,3.85));
#9834=CARTESIAN_POINT('Ctrl Pts',(13.4195758259413,1.1083899401401,18.011));
#9835=CARTESIAN_POINT('Ctrl Pts',(13.4195758259413,1.1083899401401,3.85));
#9836=CARTESIAN_POINT('Ctrl Pts',(13.3951579722341,1.06753045981547,18.011));
#9837=CARTESIAN_POINT('Ctrl Pts',(13.3951579722341,1.06753045981547,3.85));
#9838=CARTESIAN_POINT('Ctrl Pts',(13.3815916710549,1.02191941503747,18.011));
#9839=CARTESIAN_POINT('Ctrl Pts',(13.3815916710549,1.02191941503747,3.85));
#9840=CARTESIAN_POINT('Ctrl Pts',(13.3749994635582,0.999755859374999,18.011));
#9841=CARTESIAN_POINT('Ctrl Pts',(13.3749994635582,0.999755859374999,3.85));
#9842=CARTESIAN_POINT('',(13.3749994635582,0.999755859374999,3.85));
#9843=CARTESIAN_POINT('Ctrl Pts',(13.4321284294128,1.12939476966858,3.85));
#9844=CARTESIAN_POINT('Ctrl Pts',(13.4195758259413,1.1083899401401,3.85));
#9845=CARTESIAN_POINT('Ctrl Pts',(13.3951579722341,1.06753045981547,3.85));
#9846=CARTESIAN_POINT('Ctrl Pts',(13.3815916710549,1.02191941503747,3.85));
#9847=CARTESIAN_POINT('Ctrl Pts',(13.3749994635582,0.999755859374999,3.85));
#9848=CARTESIAN_POINT('',(13.3749994635582,0.999755859374999,4.35));
#9849=CARTESIAN_POINT('Ctrl Pts',(13.3749994635582,0.999755859374999,18.011));
#9850=CARTESIAN_POINT('Ctrl Pts',(13.3749994635582,0.999755859374999,3.85));
#9851=CARTESIAN_POINT('Ctrl Pts',(13.3720349172708,0.978545122759528,18.011));
#9852=CARTESIAN_POINT('Ctrl Pts',(13.3720349172708,0.978545122759528,3.85));
#9853=CARTESIAN_POINT('Ctrl Pts',(13.364704749142,0.926099233760048,18.011));
#9854=CARTESIAN_POINT('Ctrl Pts',(13.364704749142,0.926099233760048,3.85));
#9855=CARTESIAN_POINT('Ctrl Pts',(13.3647303997859,0.873110856694333,18.011));
#9856=CARTESIAN_POINT('Ctrl Pts',(13.3647303997859,0.873110856694333,3.85));
#9857=CARTESIAN_POINT('Ctrl Pts',(13.3647456765175,0.84155261516571,18.011));
#9858=CARTESIAN_POINT('Ctrl Pts',(13.3647456765175,0.84155261516571,3.85));
#9859=CARTESIAN_POINT('',(13.3647456765175,0.84155261516571,3.85));
#9860=CARTESIAN_POINT('Ctrl Pts',(13.3749994635582,0.999755859374999,3.85));
#9861=CARTESIAN_POINT('Ctrl Pts',(13.3720349172708,0.978545122759528,3.85));
#9862=CARTESIAN_POINT('Ctrl Pts',(13.364704749142,0.926099233760048,3.85));
#9863=CARTESIAN_POINT('Ctrl Pts',(13.3647303997859,0.873110856694333,3.85));
#9864=CARTESIAN_POINT('Ctrl Pts',(13.3647456765175,0.84155261516571,3.85));
#9865=CARTESIAN_POINT('',(13.3647456765175,0.84155261516571,4.35));
#9866=CARTESIAN_POINT('Origin',(13.3647456765175,0.84155261516571,4.35));
#9867=CARTESIAN_POINT('',(13.3647456765175,0.51196277141571,3.85));
#9868=CARTESIAN_POINT('',(13.3647456765175,0.84155261516571,3.85));
#9869=CARTESIAN_POINT('',(13.3647456765175,0.51196277141571,4.35));
#9870=CARTESIAN_POINT('Ctrl Pts',(13.1186518073082,1.12280249595642,18.011));
#9871=CARTESIAN_POINT('Ctrl Pts',(13.1186518073082,1.12280249595642,3.85));
#9872=CARTESIAN_POINT('Ctrl Pts',(13.1180174302016,1.18105374415986,18.011));
#9873=CARTESIAN_POINT('Ctrl Pts',(13.1180174302016,1.18105374415986,3.85));
#9874=CARTESIAN_POINT('Ctrl Pts',(13.1168921932165,1.2843778682951,18.011));
#9875=CARTESIAN_POINT('Ctrl Pts',(13.1168921932165,1.2843778682951,3.85));
#9876=CARTESIAN_POINT('Ctrl Pts',(13.0900694401041,1.38402238640701,18.011));
#9877=CARTESIAN_POINT('Ctrl Pts',(13.0900694401041,1.38402238640701,3.85));
#9878=CARTESIAN_POINT('Ctrl Pts',(13.0783686041832,1.42749011516571,18.011));
#9879=CARTESIAN_POINT('Ctrl Pts',(13.0783686041832,1.42749011516571,3.85));
#9880=CARTESIAN_POINT('',(13.1186518073082,1.12280249595642,4.35));
#9881=CARTESIAN_POINT('Ctrl Pts',(13.1186518073082,1.12280249595642,4.35));
#9882=CARTESIAN_POINT('Ctrl Pts',(13.1180174302016,1.18105374415986,4.35));
#9883=CARTESIAN_POINT('Ctrl Pts',(13.1173830530951,1.23930499236331,4.35));
#9884=CARTESIAN_POINT('Ctrl Pts',(13.1085810065269,1.29638671875,4.35));
#9885=CARTESIAN_POINT('Ctrl Pts',(13.1017702760251,1.3405546576483,4.35));
#9886=CARTESIAN_POINT('Ctrl Pts',(13.0900694401041,1.38402238640701,4.35));
#9887=CARTESIAN_POINT('Ctrl Pts',(13.0783686041832,1.42749011516571,4.35));
#9888=CARTESIAN_POINT('',(13.1186518073082,1.12280249595642,3.85));
#9889=CARTESIAN_POINT('',(13.1186518073082,1.12280249595642,4.35));
#9890=CARTESIAN_POINT('Ctrl Pts',(13.1186518073082,1.12280249595642,3.85));
#9891=CARTESIAN_POINT('Ctrl Pts',(13.1180174302016,1.18105374415986,3.85));
#9892=CARTESIAN_POINT('Ctrl Pts',(13.1168921932165,1.2843778682951,3.85));
#9893=CARTESIAN_POINT('Ctrl Pts',(13.0900694401041,1.38402238640701,3.85));
#9894=CARTESIAN_POINT('Ctrl Pts',(13.0783686041832,1.42749011516571,3.85));
#9895=CARTESIAN_POINT('Origin',(13.1186518073082,0.51196277141571,4.35));
#9896=CARTESIAN_POINT('',(13.1186518073082,0.51196277141571,3.85));
#9897=CARTESIAN_POINT('',(13.1186518073082,0.255981385707855,4.35));
#9898=CARTESIAN_POINT('Origin',(13.3647456765175,0.51196277141571,4.35));
#9899=CARTESIAN_POINT('',(14.3183588981628,0.51196277141571,3.85));
#9900=CARTESIAN_POINT('',(13.3647456765175,0.51196277141571,3.85));
#9901=CARTESIAN_POINT('',(14.3183588981628,0.51196277141571,4.35));
#9902=CARTESIAN_POINT('Ctrl Pts',(13.3413082361221,1.33959949016571,18.011));
#9903=CARTESIAN_POINT('Ctrl Pts',(13.3413082361221,1.33959949016571,3.85));
#9904=CARTESIAN_POINT('Ctrl Pts',(13.3580356255876,1.37345329427306,18.011));
#9905=CARTESIAN_POINT('Ctrl Pts',(13.3580356255876,1.37345329427306,3.85));
#9906=CARTESIAN_POINT('Ctrl Pts',(13.3880346844574,1.43416702754756,18.011));
#9907=CARTESIAN_POINT('Ctrl Pts',(13.3880346844574,1.43416702754756,3.85));
#9908=CARTESIAN_POINT('Ctrl Pts',(13.4297754271596,1.48742472992374,18.011));
#9909=CARTESIAN_POINT('Ctrl Pts',(13.4297754271596,1.48742472992374,3.85));
#9910=CARTESIAN_POINT('Ctrl Pts',(13.4482416510582,1.51098608970642,18.011));
#9911=CARTESIAN_POINT('Ctrl Pts',(13.4482416510582,1.51098608970642,3.85));
#9912=CARTESIAN_POINT('',(13.3413082361221,1.33959949016571,3.85));
#9913=CARTESIAN_POINT('',(13.3413082361221,1.33959949016571,4.35));
#9914=CARTESIAN_POINT('Ctrl Pts',(13.3413082361221,1.33959949016571,3.85));
#9915=CARTESIAN_POINT('Ctrl Pts',(13.3580356255876,1.37345329427306,3.85));
#9916=CARTESIAN_POINT('Ctrl Pts',(13.3880346844574,1.43416702754756,3.85));
#9917=CARTESIAN_POINT('Ctrl Pts',(13.4297754271596,1.48742472992374,3.85));
#9918=CARTESIAN_POINT('Ctrl Pts',(13.4482416510582,1.51098608970642,3.85));
#9919=CARTESIAN_POINT('Ctrl Pts',(13.1420892477036,1.79663062095642,18.011));
#9920=CARTESIAN_POINT('Ctrl Pts',(13.1420892477036,1.79663062095642,3.85));
#9921=CARTESIAN_POINT('Ctrl Pts',(13.1900656914258,1.73628317512314,18.011));
#9922=CARTESIAN_POINT('Ctrl Pts',(13.1900656914258,1.73628317512314,3.85));
#9923=CARTESIAN_POINT('Ctrl Pts',(13.2966159086933,1.60225837115254,18.011));
#9924=CARTESIAN_POINT('Ctrl Pts',(13.2966159086933,1.60225837115254,3.85));
#9925=CARTESIAN_POINT('Ctrl Pts',(13.3254547053714,1.43277142562375,18.011));
#9926=CARTESIAN_POINT('Ctrl Pts',(13.3254547053714,1.43277142562375,3.85));
#9927=CARTESIAN_POINT('Ctrl Pts',(13.3413082361221,1.33959949016571,18.011));
#9928=CARTESIAN_POINT('Ctrl Pts',(13.3413082361221,1.33959949016571,3.85));
#9929=CARTESIAN_POINT('',(13.1420892477036,1.79663062095642,3.85));
#9930=CARTESIAN_POINT('',(13.1420892477036,1.79663062095642,4.35));
#9931=CARTESIAN_POINT('Ctrl Pts',(13.1420892477036,1.79663062095642,3.85));
#9932=CARTESIAN_POINT('Ctrl Pts',(13.1900656914258,1.73628317512314,3.85));
#9933=CARTESIAN_POINT('Ctrl Pts',(13.2966159086933,1.60225837115254,3.85));
#9934=CARTESIAN_POINT('Ctrl Pts',(13.3254547053714,1.43277142562375,3.85));
#9935=CARTESIAN_POINT('Ctrl Pts',(13.3413082361221,1.33959949016571,3.85));
#9936=CARTESIAN_POINT('Ctrl Pts',(12.7568352222443,1.944580078125,18.011));
#9937=CARTESIAN_POINT('Ctrl Pts',(12.7568352222443,1.944580078125,3.85));
#9938=CARTESIAN_POINT('Ctrl Pts',(12.8295754321388,1.93882688282278,18.011));
#9939=CARTESIAN_POINT('Ctrl Pts',(12.8295754321388,1.93882688282278,3.85));
#9940=CARTESIAN_POINT('Ctrl Pts',(12.9727255672435,1.92750479994741,18.011));
#9941=CARTESIAN_POINT('Ctrl Pts',(12.9727255672435,1.92750479994741,3.85));
#9942=CARTESIAN_POINT('Ctrl Pts',(13.0862506978505,1.83977933116522,18.011));
#9943=CARTESIAN_POINT('Ctrl Pts',(13.0862506978505,1.83977933116522,3.85));
#9944=CARTESIAN_POINT('Ctrl Pts',(13.1420892477036,1.79663062095642,18.011));
#9945=CARTESIAN_POINT('Ctrl Pts',(13.1420892477036,1.79663062095642,3.85));
#9946=CARTESIAN_POINT('',(12.7568352222443,1.944580078125,3.85));
#9947=CARTESIAN_POINT('',(12.7568352222443,1.944580078125,4.35));
#9948=CARTESIAN_POINT('Ctrl Pts',(12.7568352222443,1.944580078125,3.85));
#9949=CARTESIAN_POINT('Ctrl Pts',(12.8295754321388,1.93882688282278,3.85));
#9950=CARTESIAN_POINT('Ctrl Pts',(12.9727255672435,1.92750479994741,3.85));
#9951=CARTESIAN_POINT('Ctrl Pts',(13.0862506978505,1.83977933116522,3.85));
#9952=CARTESIAN_POINT('Ctrl Pts',(13.1420892477036,1.79663062095642,3.85));
#9953=CARTESIAN_POINT('Ctrl Pts',(12.4331051111221,1.85522437095642,18.011));
#9954=CARTESIAN_POINT('Ctrl Pts',(12.4331051111221,1.85522437095642,3.85));
#9955=CARTESIAN_POINT('Ctrl Pts',(12.4834643914286,1.88128590861084,18.011));
#9956=CARTESIAN_POINT('Ctrl Pts',(12.4834643914286,1.88128590861084,3.85));
#9957=CARTESIAN_POINT('Ctrl Pts',(12.5850546739025,1.93386011054352,18.011));
#9958=CARTESIAN_POINT('Ctrl Pts',(12.5850546739025,1.93386011054352,3.85));
#9959=CARTESIAN_POINT('Ctrl Pts',(12.6992484164202,1.94098637268213,18.011));
#9960=CARTESIAN_POINT('Ctrl Pts',(12.6992484164202,1.94098637268213,3.85));
#9961=CARTESIAN_POINT('Ctrl Pts',(12.7568352222443,1.944580078125,18.011));
#9962=CARTESIAN_POINT('Ctrl Pts',(12.7568352222443,1.944580078125,3.85));
#9963=CARTESIAN_POINT('',(12.4331051111221,1.85522437095642,3.85));
#9964=CARTESIAN_POINT('',(12.4331051111221,1.85522437095642,4.35));
#9965=CARTESIAN_POINT('Ctrl Pts',(12.4331051111221,1.85522437095642,3.85));
#9966=CARTESIAN_POINT('Ctrl Pts',(12.4834643914286,1.88128590861084,3.85));
#9967=CARTESIAN_POINT('Ctrl Pts',(12.5850546739025,1.93386011054352,3.85));
#9968=CARTESIAN_POINT('Ctrl Pts',(12.6992484164202,1.94098637268213,3.85));
#9969=CARTESIAN_POINT('Ctrl Pts',(12.7568352222443,1.944580078125,3.85));
#9970=CARTESIAN_POINT('Ctrl Pts',(12.2287592291832,1.61645531654358,18.011));
#9971=CARTESIAN_POINT('Ctrl Pts',(12.2287592291832,1.61645531654358,3.85));
#9972=CARTESIAN_POINT('Ctrl Pts',(12.2521778940678,1.66402203567475,18.011));
#9973=CARTESIAN_POINT('Ctrl Pts',(12.2521778940678,1.66402203567475,3.85));
#9974=CARTESIAN_POINT('Ctrl Pts',(12.2999005482628,1.76095369678663,18.011));
#9975=CARTESIAN_POINT('Ctrl Pts',(12.2999005482628,1.76095369678663,3.85));
#9976=CARTESIAN_POINT('Ctrl Pts',(12.3881578233648,1.82341456633691,18.011));
#9977=CARTESIAN_POINT('Ctrl Pts',(12.3881578233648,1.82341456633691,3.85));
#9978=CARTESIAN_POINT('Ctrl Pts',(12.4331051111221,1.85522437095642,18.011));
#9979=CARTESIAN_POINT('Ctrl Pts',(12.4331051111221,1.85522437095642,3.85));
#9980=CARTESIAN_POINT('Ctrl Pts',(12.2810500349967,1.71313309227463,3.85));
#9981=CARTESIAN_POINT('Ctrl Pts',(12.2895778498181,1.72631435524101,3.85));
#9982=CARTESIAN_POINT('Ctrl Pts',(12.3300964081332,1.78232371599634,3.85));
#9983=CARTESIAN_POINT('Ctrl Pts',(12.3881578233648,1.82341456633691,3.85));
#9984=CARTESIAN_POINT('Ctrl Pts',(12.4331051111221,1.85522437095642,3.85));
#9985=CARTESIAN_POINT('Origin',(14.3183588981628,0.227783322334289,4.35));
#9986=CARTESIAN_POINT('',(14.3183588981628,0.227783322334289,3.85));
#9987=CARTESIAN_POINT('',(14.3183588981628,0.227783322334289,4.35));
#9988=CARTESIAN_POINT('',(14.3183588981628,0.227783322334289,3.85));
#9989=CARTESIAN_POINT('Origin',(14.3183588981628,0.51196277141571,4.35));
#9990=CARTESIAN_POINT('',(14.3183588981628,0.51196277141571,3.85));
#9991=CARTESIAN_POINT('Origin',(13.2446283102036,0.279785059392452,3.85));
#9992=CARTESIAN_POINT('Origin',(13.4086909890175,-0.911865383386612,4.35));
#9993=CARTESIAN_POINT('',(13.4086909890175,-0.101806670427323,4.35));
#9994=CARTESIAN_POINT('Origin',(13.4086909890175,-0.101806670427323,4.35));
#9995=CARTESIAN_POINT('',(13.6738276481628,-0.101806670427323,4.35));
#9996=CARTESIAN_POINT('Origin',(13.6738276481628,-0.101806670427323,4.35));
#9997=CARTESIAN_POINT('Origin',(14.3183588981628,-1.27661153674126,4.35));
#9998=CARTESIAN_POINT('Ctrl Pts',(0.,7.65,9.49248115566023));
#9999=CARTESIAN_POINT('Ctrl Pts',(0.601190009589722,7.65,9.49248115566023));
#10000=CARTESIAN_POINT('Ctrl Pts',(2.07838208765018,7.65,9.47086490225338));
#10001=CARTESIAN_POINT('Ctrl Pts',(3.5386455201658,7.65,9.35663954980514));
#10002=CARTESIAN_POINT('Ctrl Pts',(4.37325396470092,7.65,9.2590949597198));
#10003=CARTESIAN_POINT('Ctrl Pts',(0.,8.06807351021458,9.45046318692786));
#10004=CARTESIAN_POINT('Ctrl Pts',(0.601190009589722,8.06807351021458,9.45046318692786));
#10005=CARTESIAN_POINT('Ctrl Pts',(2.07632606732731,8.06807351021458,9.42887366990032));
#10006=CARTESIAN_POINT('Ctrl Pts',(3.53475851034744,8.06807351021458,9.31478987124113));
#10007=CARTESIAN_POINT('Ctrl Pts',(4.36837632879582,8.06807351021458,9.21736106025698));
#10008=CARTESIAN_POINT('Ctrl Pts',(0.,8.76101829907298,9.05155566891857));
#10009=CARTESIAN_POINT('Ctrl Pts',(0.601190009589722,8.76101829907298,9.05155566891857));
#10010=CARTESIAN_POINT('Ctrl Pts',(2.05644806571529,8.76101829907298,9.03016241083351));
#10011=CARTESIAN_POINT('Ctrl Pts',(3.49884611417858,8.76101829907298,8.91736436729053));
#10012=CARTESIAN_POINT('Ctrl Pts',(4.32206933939686,8.76101829907298,8.82115042100416));
#10013=CARTESIAN_POINT('Ctrl Pts',(0.,9.,8.31513476549316));
#10014=CARTESIAN_POINT('Ctrl Pts',(0.601190009589722,9.,8.31513476549316));
#10015=CARTESIAN_POINT('Ctrl Pts',(2.0198372759566,9.,8.2941176030399));
#10016=CARTESIAN_POINT('Ctrl Pts',(3.43231145539418,9.,8.1837070995181));
#10017=CARTESIAN_POINT('Ctrl Pts',(4.23658226926524,9.,8.08970821013429));
#10018=CARTESIAN_POINT('Ctrl Pts',(0.,9.,8.00000000000031));
#10019=CARTESIAN_POINT('Ctrl Pts',(0.601190009589722,9.,8.00000000000031));
#10020=CARTESIAN_POINT('Ctrl Pts',(2.00417300030045,9.,7.97914417862626));
#10021=CARTESIAN_POINT('Ctrl Pts',(3.40383257684206,9.,7.86975577239432));
#10022=CARTESIAN_POINT('Ctrl Pts',(4.199999999977,9.,7.77670396416315));
#10023=CARTESIAN_POINT('',(0.,9.,8.00000000000031));
#10024=CARTESIAN_POINT('Ctrl Pts',(4.199999999977,9.,7.77670396416315));
#10025=CARTESIAN_POINT('Ctrl Pts',(3.40383257684206,9.,7.86975577239432));
#10026=CARTESIAN_POINT('Ctrl Pts',(2.00417300030045,9.,7.97914417862626));
#10027=CARTESIAN_POINT('Ctrl Pts',(0.601190009589722,9.,8.00000000000031));
#10028=CARTESIAN_POINT('Ctrl Pts',(0.,9.,8.00000000000031));
#10029=CARTESIAN_POINT('Origin',(0.,7.5,8.00000000000031));
#10030=CARTESIAN_POINT('Origin',(0.,7.5,0.));
#10031=CARTESIAN_POINT('',(4.00000000000001,9.,-6.92820323027551));
#10032=CARTESIAN_POINT('Origin',(0.,9.,0.));
#10033=CARTESIAN_POINT('Origin',(4.00000000000001,7.5,-6.92820323027551));
#10034=CARTESIAN_POINT('',(-8.53610575911031,7.8,-4.10000000000029));
#10035=CARTESIAN_POINT('Ctrl Pts',(-8.56137830553644,7.65000000002434,-4.10000000000029));
#10036=CARTESIAN_POINT('Ctrl Pts',(-8.55582769136197,7.69981069277546,-4.10000000000029));
#10037=CARTESIAN_POINT('Ctrl Pts',(-8.54736037280896,7.75029957958184,-4.10000000000029));
#10038=CARTESIAN_POINT('Ctrl Pts',(-8.53610575911031,7.8,-4.10000000000029));
#10039=CARTESIAN_POINT('',(-8.5361057590878,7.8,4.10000000004715));
#10040=CARTESIAN_POINT('Origin',(0.,7.8,0.));
#10041=CARTESIAN_POINT('Ctrl Pts',(-8.5361057590878,7.8,4.10000000004715));
#10042=CARTESIAN_POINT('Ctrl Pts',(-8.54736037278646,7.75029957958184,4.10000000004721));
#10043=CARTESIAN_POINT('Ctrl Pts',(-8.55582769133946,7.69981069277546,4.10000000004726));
#10044=CARTESIAN_POINT('Ctrl Pts',(-8.56137830551394,7.65000000002434,4.10000000004729));
#10045=CARTESIAN_POINT('Ctrl Pts',(4.2,9.,-6.81278190062753));
#10046=CARTESIAN_POINT('Ctrl Pts',(5.65221476851111,9.,-5.99103652947126));
#10047=CARTESIAN_POINT('Ctrl Pts',(7.10278333004409,8.95657034637248,-5.15831797991931));
#10048=CARTESIAN_POINT('Ctrl Pts',(8.59343912300238,8.88248341707922,-4.43338549609538));
#10049=CARTESIAN_POINT('Ctrl Pts',(4.42425120464285,9.,-7.20153875934214));
#10050=CARTESIAN_POINT('Ctrl Pts',(5.87401502231519,8.99573690412449,-6.37815274262799));
#10051=CARTESIAN_POINT('Ctrl Pts',(7.32207464735456,8.9478479398948,-5.54424222201983));
#10052=CARTESIAN_POINT('Ctrl Pts',(8.7882858678508,8.8727993591788,-4.83060407165851));
#10053=CARTESIAN_POINT('Ctrl Pts',(4.81271863034515,8.62394880892837,-7.87497717573545));
#10054=CARTESIAN_POINT('Ctrl Pts',(6.25123136675465,8.617372787701,-7.04906746490406));
#10055=CARTESIAN_POINT('Ctrl Pts',(7.68776784717895,8.56678246932008,-6.21323776607683));
#10056=CARTESIAN_POINT('Ctrl Pts',(9.10788488582325,8.49143030983963,-5.51908531699814));
#10057=CARTESIAN_POINT('Ctrl Pts',(4.94950444197766,7.83659921288462,-8.11210599085897));
#10058=CARTESIAN_POINT('Ctrl Pts',(6.37470721286702,7.83464623877387,-7.28994905267858));
#10059=CARTESIAN_POINT('Ctrl Pts',(7.7975457265847,7.78979780077265,-6.45870581994499));
#10060=CARTESIAN_POINT('Ctrl Pts',(9.19416065222936,7.71590799165579,-5.77291875703725));
#10061=CARTESIAN_POINT('Ctrl Pts',(4.94950444197766,7.5,-8.11210599085897));
#10062=CARTESIAN_POINT('Ctrl Pts',(6.37008290026144,7.5,-7.29265696142412));
#10063=CARTESIAN_POINT('Ctrl Pts',(7.78790408659154,7.45760271467055,-6.46443061313546));
#10064=CARTESIAN_POINT('Ctrl Pts',(9.18089000423928,7.38433262621043,-5.77944445842595));
#10065=CARTESIAN_POINT('',(6.3497938507803,8.9706115688688,-5.60954496983849));
#10066=CARTESIAN_POINT('',(9.18089000423928,7.38433262621044,-5.77944445842595));
#10067=CARTESIAN_POINT('Ctrl Pts',(6.34979385078028,8.9706115688688,-5.6095449698385));
#10068=CARTESIAN_POINT('Ctrl Pts',(6.34979385078028,8.9706115688688,-5.64190825982859));
#10069=CARTESIAN_POINT('Ctrl Pts',(6.3549636974626,8.96968254636787,-5.67336287876119));
#10070=CARTESIAN_POINT('Ctrl Pts',(6.37802171503381,8.96539727653229,-5.7298572004749));
#10071=CARTESIAN_POINT('Ctrl Pts',(6.39362335144599,8.96246357869432,-5.75328764359506));
#10072=CARTESIAN_POINT('Ctrl Pts',(6.43839212917445,8.95371102598174,-5.80178694078369));
#10073=CARTESIAN_POINT('Ctrl Pts',(6.46957471425234,8.94738517037087,-5.82421989745579));
#10074=CARTESIAN_POINT('Ctrl Pts',(6.56488448988963,8.92695138418478,-5.8789536395018));
#10075=CARTESIAN_POINT('Ctrl Pts',(6.64081532413746,8.90911278086102,-5.90507538458445));
#10076=CARTESIAN_POINT('Ctrl Pts',(6.87249908000175,8.8489749320337,-5.96953713671946));
#10077=CARTESIAN_POINT('Ctrl Pts',(7.09034524242829,8.78342741597219,-6.00184714788287));
#10078=CARTESIAN_POINT('Ctrl Pts',(7.72125177097703,8.52731208882844,-6.04963518134221));
#10079=CARTESIAN_POINT('Ctrl Pts',(8.15580232292602,8.29018005351738,-6.04641645131254));
#10080=CARTESIAN_POINT('Ctrl Pts',(8.78811355124494,7.78854862930713,-5.93243712384042));
#10081=CARTESIAN_POINT('Ctrl Pts',(8.99597963081998,7.59113424395159,-5.87037218716299));
#10082=CARTESIAN_POINT('Ctrl Pts',(9.18089000423928,7.38433262621043,-5.77944445842595));
#10083=CARTESIAN_POINT('',(4.94950444197766,7.5,-8.11210599085897));
#10084=CARTESIAN_POINT('Ctrl Pts',(9.18089000423928,7.38433262621043,-5.77944445842595));
#10085=CARTESIAN_POINT('Ctrl Pts',(7.78790408659154,7.45760271467055,-6.46443061313546));
#10086=CARTESIAN_POINT('Ctrl Pts',(6.37008290026144,7.5,-7.29265696142412));
#10087=CARTESIAN_POINT('Ctrl Pts',(4.94950444197766,7.5,-8.11210599085897));
#10088=CARTESIAN_POINT('',(4.2,9.,-6.81278190062753));
#10089=CARTESIAN_POINT('Origin',(4.2,7.5,-6.81278190062753));
#10090=CARTESIAN_POINT('Ctrl Pts',(4.2,9.,-6.81278190062753));
#10091=CARTESIAN_POINT('Ctrl Pts',(4.91463500868195,9.,-6.40840093495763));
#10092=CARTESIAN_POINT('Ctrl Pts',(5.62887136777962,8.98948296684779,-6.00136267706149));
#10093=CARTESIAN_POINT('Ctrl Pts',(6.34768237529874,8.96997096161181,-5.60581945022134));
#10094=CARTESIAN_POINT('Ctrl Pts',(4.00000000000001,9.,-6.92820323027551));
#10095=CARTESIAN_POINT('Ctrl Pts',(4.066659280466,9.,-6.88971747675448));
#10096=CARTESIAN_POINT('Ctrl Pts',(4.13332548415414,9.,-6.85124254810486));
#10097=CARTESIAN_POINT('Ctrl Pts',(4.20000000000026,9.,-6.81278190062739));
#10098=CARTESIAN_POINT('Ctrl Pts',(4.22439947525642,9.,-7.31687452261141));
#10099=CARTESIAN_POINT('Ctrl Pts',(4.29101524382623,9.,-7.27841389069535));
#10100=CARTESIAN_POINT('Ctrl Pts',(4.35763268440184,9.,-7.23996710621418));
#10101=CARTESIAN_POINT('Ctrl Pts',(4.42425120464311,9.,-7.20153875934199));
#10102=CARTESIAN_POINT('Ctrl Pts',(4.61313955229283,8.62398675395713,-7.99019208697671));
#10103=CARTESIAN_POINT('Ctrl Pts',(4.67968058673944,8.62398675395713,-7.9517746028268));
#10104=CARTESIAN_POINT('Ctrl Pts',(4.74621207934652,8.62398675395713,-7.9133774240213));
#10105=CARTESIAN_POINT('Ctrl Pts',(4.81273442399448,8.62398675395713,-7.8750045552511));
#10106=CARTESIAN_POINT('Ctrl Pts',(4.75000000000001,7.83659921288462,-8.22724133595217));
#10107=CARTESIAN_POINT('Ctrl Pts',(4.81651438772284,7.83659921288462,-8.1888392362954));
#10108=CARTESIAN_POINT('Ctrl Pts',(4.883016389088,7.83659921288462,-8.15045907870973));
#10109=CARTESIAN_POINT('Ctrl Pts',(4.94950444197792,7.83659921288462,-8.11210599085882));
#10110=CARTESIAN_POINT('Ctrl Pts',(4.75000000000001,7.5,-8.22724133595217));
#10111=CARTESIAN_POINT('Ctrl Pts',(4.81651449892652,7.5,-8.18883917209193));
#10112=CARTESIAN_POINT('Ctrl Pts',(4.88301624597961,7.5,-8.15045916126063));
#10113=CARTESIAN_POINT('Ctrl Pts',(4.94950444197792,7.5,-8.11210599085882));
#10114=CARTESIAN_POINT('Ctrl Pts',(4.94950444197792,7.5,-8.11210599085882));
#10115=CARTESIAN_POINT('Ctrl Pts',(4.88301624597961,7.5,-8.15045916126063));
#10116=CARTESIAN_POINT('Ctrl Pts',(4.81651449892652,7.5,-8.18883917209193));
#10117=CARTESIAN_POINT('Ctrl Pts',(4.75000000000001,7.5,-8.22724133595217));
#10118=CARTESIAN_POINT('Ctrl Pts',(4.00000000000001,9.,-6.92820323027551));
#10119=CARTESIAN_POINT('Ctrl Pts',(4.066659280466,9.,-6.88971747675448));
#10120=CARTESIAN_POINT('Ctrl Pts',(4.13332548415414,9.,-6.85124254810486));
#10121=CARTESIAN_POINT('Ctrl Pts',(4.20000000000026,9.,-6.81278190062739));
#10122=CARTESIAN_POINT('Origin',(-2.09772280902513,0.,4.10000000001182));
#10123=CARTESIAN_POINT('',(-2.09772280902513,7.8,4.10000000001182));
#10124=CARTESIAN_POINT('',(-2.39886140451186,7.8,4.10000000001347));
#10125=CARTESIAN_POINT('',(-2.09772280902513,0.,4.10000000001182));
#10126=CARTESIAN_POINT('Origin',(-2.70000000002109,7.8,2.35189645536593E-11));
#10127=CARTESIAN_POINT('',(-2.09772280901874,7.8,-4.09999999999984));
#10128=CARTESIAN_POINT('',(-5.6348570571361,7.8,-4.10000000000009));
#10129=CARTESIAN_POINT('',(-1.86748493974045,7.8,-3.64999999999972));
#10130=CARTESIAN_POINT('',(-1.21382129201433,7.8,-2.37241416062646));
#10131=CARTESIAN_POINT('',(-1.313233509638,7.8,-3.88399507585583));
#10132=CARTESIAN_POINT('Origin',(-4.21862697971305E-11,7.8,3.04501038332474E-13));
#10133=CARTESIAN_POINT('',(-0.804698108700327,7.8,-2.89006244809271));
#10134=CARTESIAN_POINT('',(-0.0296492656784106,7.8,-1.37522919996661));
#10135=CARTESIAN_POINT('',(-0.804698108700592,7.8,2.89006244809325));
#10136=CARTESIAN_POINT('Origin',(-4.21862697971305E-11,7.8,3.04501038332474E-13));
#10137=CARTESIAN_POINT('',(-1.31323350963841,7.8,3.88399507585629));
#10138=CARTESIAN_POINT('',(-0.154907401888111,7.8,1.62004627315817));
#10139=CARTESIAN_POINT('',(-1.86748493974055,7.8,3.65000000000028));
#10140=CARTESIAN_POINT('Origin',(-4.21862697971305E-11,7.8,3.04501038332474E-13));
#10141=CARTESIAN_POINT('',(-0.963305019623695,7.8,1.88278001430079));
#10142=CARTESIAN_POINT('Origin',(-8.5697141142514,0.,-4.10000000000029));
#10143=CARTESIAN_POINT('',(-2.09772280901874,0.,-4.09999999999984));
#10144=CARTESIAN_POINT('Ctrl Pts',(18.75,-9.,-4.35));
#10145=CARTESIAN_POINT('Ctrl Pts',(18.75,9.,-4.35));
#10146=CARTESIAN_POINT('Ctrl Pts',(11.75,-9.,-4.35));
#10147=CARTESIAN_POINT('Ctrl Pts',(11.75,9.,-4.35));
#10148=CARTESIAN_POINT('Ctrl Pts',(11.75,-9.,-4.18578945162478));
#10149=CARTESIAN_POINT('Ctrl Pts',(11.75,9.,-4.18578945162478));
#10150=CARTESIAN_POINT('Ctrl Pts',(4.75000000000001,-9.,-8.22724133595217));
#10151=CARTESIAN_POINT('Ctrl Pts',(4.75000000000001,9.,-8.22724133595217));
#10152=CARTESIAN_POINT('',(10.2364681691738,2.59418113582354,-5.2958963133474));
#10153=CARTESIAN_POINT('Ctrl Pts',(9.18089000423928,7.38433262621043,-5.77944445842595));
#10154=CARTESIAN_POINT('Ctrl Pts',(9.47861435536907,7.05136116378761,-5.63304164425525));
#10155=CARTESIAN_POINT('Ctrl Pts',(9.73565746828558,6.67436516376143,-5.51416429647017));
#10156=CARTESIAN_POINT('Ctrl Pts',(10.1476142359388,5.83671354827489,-5.33178153619586));
#10157=CARTESIAN_POINT('Ctrl Pts',(10.2961963782311,5.38450486435531,-5.27072595552739));
#10158=CARTESIAN_POINT('Ctrl Pts',(10.4430058324654,4.54674471644114,-5.21102663544955));
#10159=CARTESIAN_POINT('Ctrl Pts',(10.4661349666209,4.17184105962071,-5.20194871796171));
#10160=CARTESIAN_POINT('Ctrl Pts',(10.4267646540884,3.39656803911998,-5.21771600077039));
#10161=CARTESIAN_POINT('Ctrl Pts',(10.3580116970704,2.99992223023654,-5.24504398363157));
#10162=CARTESIAN_POINT('Ctrl Pts',(10.2411722899388,2.60968655809934,-5.29392615300523));
#10163=CARTESIAN_POINT('Ctrl Pts',(10.2388292572124,2.60192970738417,-5.29490709696316));
#10164=CARTESIAN_POINT('Ctrl Pts',(10.2364681691738,2.59418113582354,-5.2958963133474));
#10165=CARTESIAN_POINT('Ctrl Pts',(10.2364681691715,2.59418113582499,-5.29589631334835));
#10166=CARTESIAN_POINT('Ctrl Pts',(10.088700237316,2.10923928883712,-5.35780610106729));
#10167=CARTESIAN_POINT('Ctrl Pts',(9.98231472667901,1.61177485306054,-5.40487847941928));
#10168=CARTESIAN_POINT('Ctrl Pts',(9.85172263718146,0.568759978864201,-5.46290533256878));
#10169=CARTESIAN_POINT('Ctrl Pts',(9.83356679590246,0.0272985175481619,
-5.47120755481806));
#10170=CARTESIAN_POINT('Ctrl Pts',(9.90581440104345,-1.22261975006072,-5.43881479299415));
#10171=CARTESIAN_POINT('Ctrl Pts',(10.0309663581771,-1.91976939755924,-5.38199465237736));
#10172=CARTESIAN_POINT('Ctrl Pts',(10.236468169174,-2.594181135833,-5.29589631334733));
#10173=CARTESIAN_POINT('',(4.94950444197766,-7.5,-8.11210599085897));
#10174=CARTESIAN_POINT('Ctrl Pts',(4.94950444197766,-7.5,-8.11210599085897));
#10175=CARTESIAN_POINT('Ctrl Pts',(6.37008295062997,-7.5,-7.29265693236945));
#10176=CARTESIAN_POINT('Ctrl Pts',(7.78790444902534,-7.45760269560695,-6.46443043491158));
#10177=CARTESIAN_POINT('Ctrl Pts',(9.18089000425097,-7.38433262620982,-5.7794444584202));
#10178=CARTESIAN_POINT('',(4.75000000000001,-7.5,-8.22724133595217));
#10179=CARTESIAN_POINT('Ctrl Pts',(4.75000000000001,-7.5,-8.22724133595217));
#10180=CARTESIAN_POINT('Ctrl Pts',(4.81651485314325,-7.5,-8.1888389675848));
#10181=CARTESIAN_POINT('Ctrl Pts',(4.88301645061202,-7.5,-8.1504590432201));
#10182=CARTESIAN_POINT('Ctrl Pts',(4.94950444197767,-7.5,-8.11210599085897));
#10183=CARTESIAN_POINT('',(4.75000000000001,-3.15,-8.22724133595217));
#10184=CARTESIAN_POINT('',(4.75000000000001,0.,-8.22724133595217));
#10185=CARTESIAN_POINT('',(8.39897624228724,-3.15,-6.17839975681051));
#10186=CARTESIAN_POINT('Ctrl Pts',(4.75000000000001,-3.15,-8.22724133595217));
#10187=CARTESIAN_POINT('Ctrl Pts',(6.23770925470535,-3.15,-7.36831199727213));
#10188=CARTESIAN_POINT('Ctrl Pts',(7.40923581990557,-3.15,-6.69934803846676));
#10189=CARTESIAN_POINT('Ctrl Pts',(8.39897624227333,-3.15,-6.17839975681782));
#10190=CARTESIAN_POINT('Ctrl Pts',(8.39897624228724,-3.15,-6.17839975681051));
#10191=CARTESIAN_POINT('Ctrl Pts',(8.39897624228724,-0.383333333333333,
-6.17839975681051));
#10192=CARTESIAN_POINT('Ctrl Pts',(8.39897624228724,2.38333333333333,-6.17839975681051));
#10193=CARTESIAN_POINT('Ctrl Pts',(8.39897624228724,5.15,-6.17839975681051));
#10194=CARTESIAN_POINT('Origin',(5.45358511814631,4.05158626830868,-4.35));
#10195=CARTESIAN_POINT('',(6.34979388735402,8.97061156787716,-2.85));
#10196=CARTESIAN_POINT('',(6.3497938507803,8.9706115688688,-4.35));
#10197=CARTESIAN_POINT('',(9.21286013131778,7.34822870802588,-4.35));
#10198=CARTESIAN_POINT('Ctrl Pts',(6.34979385078028,8.9706115688688,-2.85));
#10199=CARTESIAN_POINT('Ctrl Pts',(6.34979385078028,8.9706115688688,-2.88072996939381));
#10200=CARTESIAN_POINT('Ctrl Pts',(6.35589493144756,8.96950827624509,-2.9103207355498));
#10201=CARTESIAN_POINT('Ctrl Pts',(6.38122108760198,8.96480424236916,-2.97779709091548));
#10202=CARTESIAN_POINT('Ctrl Pts',(6.40401704546523,8.96048989173419,-3.01401444450828));
#10203=CARTESIAN_POINT('Ctrl Pts',(6.47754743846309,8.94586232907837,-3.10906718450562));
#10204=CARTESIAN_POINT('Ctrl Pts',(6.54434957608481,8.9317489635438,-3.17053139788642));
#10205=CARTESIAN_POINT('Ctrl Pts',(6.753268339062,8.8817140871302,-3.33756052372478));
#10206=CARTESIAN_POINT('Ctrl Pts',(6.93769637030305,8.83145016605548,-3.45731241931181));
#10207=CARTESIAN_POINT('Ctrl Pts',(7.46433671576367,8.64182987727573,-3.76352262771802));
#10208=CARTESIAN_POINT('Ctrl Pts',(7.85355595635333,8.46320507198282,-3.96343001443618));
#10209=CARTESIAN_POINT('Ctrl Pts',(8.42644001519303,8.07776540782769,-4.18971748930892));
#10210=CARTESIAN_POINT('Ctrl Pts',(8.60415015101108,7.94070599422757,-4.24939955296606));
#10211=CARTESIAN_POINT('Ctrl Pts',(8.9274627319215,7.65360707129836,-4.32784372836896));
#10212=CARTESIAN_POINT('Ctrl Pts',(9.07515396130441,7.5052598005866,-4.35));
#10213=CARTESIAN_POINT('Ctrl Pts',(9.21286013131778,7.34822870802588,-4.35));
#10214=CARTESIAN_POINT('',(10.2364681691738,2.59418113582354,-4.35));
#10215=CARTESIAN_POINT('Origin',(5.45358511814631,4.05158626830868,-4.35));
#10216=CARTESIAN_POINT('',(10.2364681691738,2.59418113582354,-4.35));
#10217=CARTESIAN_POINT('Ctrl Pts',(8.59343912301489,-8.8824834170786,-4.4333854960893));
#10218=CARTESIAN_POINT('Ctrl Pts',(7.10278371788965,-8.95657032709634,-5.15831779130221));
#10219=CARTESIAN_POINT('Ctrl Pts',(5.65221482000134,-9.,-5.99103650033517));
#10220=CARTESIAN_POINT('Ctrl Pts',(4.2,-9.,-6.81278190062753));
#10221=CARTESIAN_POINT('Ctrl Pts',(8.78828586786311,-8.87279935917817,-4.83060407165252));
#10222=CARTESIAN_POINT('Ctrl Pts',(7.32207502884017,-8.94784792036843,-5.54424203634127));
#10223=CARTESIAN_POINT('Ctrl Pts',(5.87401507371852,-8.99573690397334,-6.37815271343373));
#10224=CARTESIAN_POINT('Ctrl Pts',(4.42425120464285,-9.,-7.20153875934214));
#10225=CARTESIAN_POINT('Ctrl Pts',(9.10788488583517,-8.491430309839,-5.51908531699231));
#10226=CARTESIAN_POINT('Ctrl Pts',(7.68776821667179,-8.56678244971472,-6.21323758546803));
#10227=CARTESIAN_POINT('Ctrl Pts',(6.25123141775906,-8.61737278746784,-7.04906743562031));
#10228=CARTESIAN_POINT('Ctrl Pts',(4.81271863034515,-8.62394880892837,-7.87497717573545));
#10229=CARTESIAN_POINT('Ctrl Pts',(9.19416065224108,-7.71590799165517,-5.7729187570315));
#10230=CARTESIAN_POINT('Ctrl Pts',(7.79754608996271,-7.7897977815478,-6.45870564151272));
#10231=CARTESIAN_POINT('Ctrl Pts',(6.37470726339951,-7.83464623870463,-7.2899490235279));
#10232=CARTESIAN_POINT('Ctrl Pts',(4.94950444197766,-7.83659921288462,-8.11210599085897));
#10233=CARTESIAN_POINT('Ctrl Pts',(9.18089000425097,-7.38433262620982,-5.7794444584202));
#10234=CARTESIAN_POINT('Ctrl Pts',(7.78790444902534,-7.45760269560695,-6.46443043491158));
#10235=CARTESIAN_POINT('Ctrl Pts',(6.37008295062997,-7.5,-7.29265693236945));
#10236=CARTESIAN_POINT('Ctrl Pts',(4.94950444197766,-7.5,-8.11210599085897));
#10237=CARTESIAN_POINT('Origin',(4.2,-7.5,-6.81278190062753));
#10238=CARTESIAN_POINT('Origin',(0.,-7.5,0.));
#10239=CARTESIAN_POINT('Origin',(-5.55111512312578E-16,-7.5,8.));
#10240=CARTESIAN_POINT('Origin',(0.,-7.5,0.));
#10241=CARTESIAN_POINT('Origin',(4.00000000000001,-7.5,-6.92820323027551));
#10242=CARTESIAN_POINT('Ctrl Pts',(4.37412678619269,-7.5,9.26656297169446));
#10243=CARTESIAN_POINT('Ctrl Pts',(3.74802520871472,-7.5,9.3397383896131));
#10244=CARTESIAN_POINT('Ctrl Pts',(2.29337753629159,-7.5,9.46918569463266));
#10245=CARTESIAN_POINT('Ctrl Pts',(0.801586679457455,-7.5,9.50000000000031));
#10246=CARTESIAN_POINT('Ctrl Pts',(0.,-7.5,9.50000000000031));
#10247=CARTESIAN_POINT('Ctrl Pts',(4.37412678619269,-7.94879895051283,9.26656297169446));
#10248=CARTESIAN_POINT('Ctrl Pts',(3.74793098088042,-7.94879895051283,9.33974940246053));
#10249=CARTESIAN_POINT('Ctrl Pts',(2.29331056818546,-7.94879895051283,9.46920107528895));
#10250=CARTESIAN_POINT('Ctrl Pts',(0.801586679457454,-7.94879895051283,
9.50000000000031));
#10251=CARTESIAN_POINT('Ctrl Pts',(0.,-7.94879895051283,9.50000000000031));
#10252=CARTESIAN_POINT('Ctrl Pts',(4.33047579580249,-8.72626710910649,8.89307752099069));
#10253=CARTESIAN_POINT('Ctrl Pts',(3.71167363793105,-8.72626710910649,8.96539982162055));
#10254=CARTESIAN_POINT('Ctrl Pts',(2.27117967689729,-8.72626710910649,9.09342753288945));
#10255=CARTESIAN_POINT('Ctrl Pts',(0.801586679457457,-8.72626710910649,
9.12397235361051));
#10256=CARTESIAN_POINT('Ctrl Pts',(0.,-8.72626710910649,9.12397235361051));
#10257=CARTESIAN_POINT('Ctrl Pts',(4.23907395945006,-9.,8.11102754365709));
#10258=CARTESIAN_POINT('Ctrl Pts',(3.63546236787742,-9.,8.18157445179903));
#10259=CARTESIAN_POINT('Ctrl Pts',(2.2246323496971,-9.,8.30663399306508));
#10260=CARTESIAN_POINT('Ctrl Pts',(0.801586679457454,-9.,8.33659921288493));
#10261=CARTESIAN_POINT('Ctrl Pts',(0.,-9.,8.33659921288493));
#10262=CARTESIAN_POINT('Ctrl Pts',(4.20000000000043,-9.,7.77670396416041));
#10263=CARTESIAN_POINT('Ctrl Pts',(3.60287443264593,-9.,7.84649282033464));
#10264=CARTESIAN_POINT('Ctrl Pts',(2.20472792655368,-9.,7.97028384517102));
#10265=CARTESIAN_POINT('Ctrl Pts',(0.801586679457455,-9.,8.00000000000031));
#10266=CARTESIAN_POINT('Ctrl Pts',(0.,-9.,8.00000000000031));
#10267=CARTESIAN_POINT('Origin',(4.20000000000043,-7.5,7.77670396416041));
#10268=CARTESIAN_POINT('Ctrl Pts',(4.20000000000033,-9.,7.77670396416042));
#10269=CARTESIAN_POINT('Ctrl Pts',(5.7736022842746,-8.99999999999999,7.59629210263614));
#10270=CARTESIAN_POINT('Ctrl Pts',(7.33711169616777,-8.94729429765402,7.30012302299301));
#10271=CARTESIAN_POINT('Ctrl Pts',(8.83924967232356,-8.87005104566174,6.85550325738837));
#10272=CARTESIAN_POINT('Ctrl Pts',(4.25209861259983,-9.,8.22246873682266));
#10273=CARTESIAN_POINT('Ctrl Pts',(5.84823162821808,-8.99892680015432,8.0387530061782));
#10274=CARTESIAN_POINT('Ctrl Pts',(7.4363304299693,-8.94353232007948,7.73631746863427));
#10275=CARTESIAN_POINT('Ctrl Pts',(8.96627044514292,-8.86351935701603,7.2815183273027));
#10276=CARTESIAN_POINT('Ctrl Pts',(4.34234379445805,-8.62390162480886,8.99462217753206));
#10277=CARTESIAN_POINT('Ctrl Pts',(5.96937062033872,-8.62224616474592,8.80531679132181));
#10278=CARTESIAN_POINT('Ctrl Pts',(7.59328695016146,-8.56531195846118,8.4918283937321));
#10279=CARTESIAN_POINT('Ctrl Pts',(9.1674460363985,-8.48400870357161,8.01974155831789));
#10280=CARTESIAN_POINT('Ctrl Pts',(4.37412678619258,-7.83659921288462,9.26656297169447));
#10281=CARTESIAN_POINT('Ctrl Pts',(5.99934214423847,-7.83610756747586,9.07660758379755));
#10282=CARTESIAN_POINT('Ctrl Pts',(7.62228475893536,-7.78298660485377,8.76303824307394));
#10283=CARTESIAN_POINT('Ctrl Pts',(9.20757446193851,-7.70507349742752,8.28795813507507));
#10284=CARTESIAN_POINT('Ctrl Pts',(4.37412678619258,-7.5,9.26656297169447));
#10285=CARTESIAN_POINT('Ctrl Pts',(5.99266815924649,-7.5,9.07739647594965));
#10286=CARTESIAN_POINT('Ctrl Pts',(7.60896937771258,-7.44850941577385,8.76585902934084));
#10287=CARTESIAN_POINT('Ctrl Pts',(9.1918536219318,-7.37203030392922,8.29265785958611));
#10288=CARTESIAN_POINT('Ctrl Pts',(4.2,-9.,-6.81278190062753));
#10289=CARTESIAN_POINT('Ctrl Pts',(4.13332568935999,-9.,-6.85124242973355));
#10290=CARTESIAN_POINT('Ctrl Pts',(4.06665963545375,-9.,-6.8897172718022));
#10291=CARTESIAN_POINT('Ctrl Pts',(4.,-9.,-6.92820323027551));
#10292=CARTESIAN_POINT('Ctrl Pts',(4.42425120464286,-9.,-7.20153875934214));
#10293=CARTESIAN_POINT('Ctrl Pts',(4.35763288943535,-9.,-7.23996698794229));
#10294=CARTESIAN_POINT('Ctrl Pts',(4.29101559858227,-9.,-7.27841368587686));
#10295=CARTESIAN_POINT('Ctrl Pts',(4.22439947525642,-9.,-7.31687452261141));
#10296=CARTESIAN_POINT('Ctrl Pts',(4.81273442399422,-8.62398675395713,-7.87500455525124));
#10297=CARTESIAN_POINT('Ctrl Pts',(4.74621228408403,-8.62398675395713,-7.91337730592014));
#10298=CARTESIAN_POINT('Ctrl Pts',(4.67968094109748,-8.62398675395713,-7.95177439823809));
#10299=CARTESIAN_POINT('Ctrl Pts',(4.61313955229283,-8.62398675395713,-7.99019208697671));
#10300=CARTESIAN_POINT('Ctrl Pts',(4.94950444197767,-7.83659921288462,-8.11210599085897));
#10301=CARTESIAN_POINT('Ctrl Pts',(4.88301659371997,-7.83659921288462,-8.15045896066946));
#10302=CARTESIAN_POINT('Ctrl Pts',(4.81651474193898,-7.83659921288462,-8.18883903178862));
#10303=CARTESIAN_POINT('Ctrl Pts',(4.75000000000001,-7.83659921288462,-8.22724133595217));
#10304=CARTESIAN_POINT('Ctrl Pts',(4.94950444197767,-7.5,-8.11210599085897));
#10305=CARTESIAN_POINT('Ctrl Pts',(4.88301645061202,-7.5,-8.1504590432201));
#10306=CARTESIAN_POINT('Ctrl Pts',(4.81651485314325,-7.5,-8.1888389675848));
#10307=CARTESIAN_POINT('Ctrl Pts',(4.75000000000001,-7.5,-8.22724133595217));
#10308=CARTESIAN_POINT('Ctrl Pts',(18.75,6.99000000000027,-4.35));
#10309=CARTESIAN_POINT('Ctrl Pts',(16.3782311096648,6.99000000000027,-4.35));
#10310=CARTESIAN_POINT('Ctrl Pts',(12.2292812838972,7.14789194752998,-4.35));
#10311=CARTESIAN_POINT('Ctrl Pts',(8.08732579300341,7.42295001833247,-4.35));
#10312=CARTESIAN_POINT('Ctrl Pts',(6.30913877506558,7.47116261514659,-4.35));
#10313=CARTESIAN_POINT('Ctrl Pts',(18.75,7.4387989505131,-4.35));
#10314=CARTESIAN_POINT('Ctrl Pts',(16.3874174784468,7.4387989505131,-4.35));
#10315=CARTESIAN_POINT('Ctrl Pts',(12.26224361686,7.59559429676987,-4.35));
#10316=CARTESIAN_POINT('Ctrl Pts',(8.10929706261014,7.87131818749949,-4.35));
#10317=CARTESIAN_POINT('Ctrl Pts',(6.32130274527476,7.91979669299864,-4.35));
#10318=CARTESIAN_POINT('Ctrl Pts',(18.75,8.21614184063268,-3.97382197116517));
#10319=CARTESIAN_POINT('Ctrl Pts',(16.4031955822889,8.21614184063268,-3.97382197116517));
#10320=CARTESIAN_POINT('Ctrl Pts',(12.3191791660225,8.37104562660997,-3.97382197116517));
#10321=CARTESIAN_POINT('Ctrl Pts',(8.14721027232839,8.64791879659458,-3.97382197116517));
#10322=CARTESIAN_POINT('Ctrl Pts',(6.3423713679775,8.69685401518077,-3.97382197116517));
#10323=CARTESIAN_POINT('Ctrl Pts',(18.75,8.49000000000027,-3.18659921288462));
#10324=CARTESIAN_POINT('Ctrl Pts',(16.4088213226726,8.49000000000027,-3.18659921288462));
#10325=CARTESIAN_POINT('Ctrl Pts',(12.3393166569078,8.64423345283015,-3.18659921288462));
#10326=CARTESIAN_POINT('Ctrl Pts',(8.16063875397417,8.92151350756823,-3.18659921288462));
#10327=CARTESIAN_POINT('Ctrl Pts',(6.34979385078028,8.9706115688688,-3.18659921288462));
#10328=CARTESIAN_POINT('Ctrl Pts',(18.75,8.49000000000027,-2.85));
#10329=CARTESIAN_POINT('Ctrl Pts',(16.4087978450005,8.49000000000027,-2.85));
#10330=CARTESIAN_POINT('Ctrl Pts',(12.3392889920357,8.64423482975337,-2.85));
#10331=CARTESIAN_POINT('Ctrl Pts',(8.16061368938502,8.92151418715306,-2.85));
#10332=CARTESIAN_POINT('Ctrl Pts',(6.34979385078028,8.9706115688688,-2.85));
#10333=CARTESIAN_POINT('',(18.75,8.49000000000027,-2.85));
#10334=CARTESIAN_POINT('Ctrl Pts',(6.34979388735402,8.97061156787716,-2.85));
#10335=CARTESIAN_POINT('Ctrl Pts',(8.16061371349877,8.92151418555298,-2.85));
#10336=CARTESIAN_POINT('Ctrl Pts',(12.3392890037776,8.64423482930835,-2.85));
#10337=CARTESIAN_POINT('Ctrl Pts',(16.4087978450005,8.49000000000027,-2.85));
#10338=CARTESIAN_POINT('Ctrl Pts',(18.75,8.49000000000027,-2.85));
#10339=CARTESIAN_POINT('',(18.75,6.99000000000027,-4.35));
#10340=CARTESIAN_POINT('Origin',(18.75,6.99000000000027,-2.85));
#10341=CARTESIAN_POINT('Ctrl Pts',(18.75,6.99000000000027,-4.35));
#10342=CARTESIAN_POINT('Ctrl Pts',(16.3782311096648,6.99000000000027,-4.35));
#10343=CARTESIAN_POINT('Ctrl Pts',(13.1977728672838,7.11103514552256,-4.35));
#10344=CARTESIAN_POINT('Ctrl Pts',(10.0214246971094,7.3009204727274,-4.35));
#10345=CARTESIAN_POINT('Ctrl Pts',(9.21269710080877,7.34511172392915,-4.35));
#10346=CARTESIAN_POINT('Origin',(18.75,0.,-2.85));
#10347=CARTESIAN_POINT('',(24.2811194935239,6.44102609437035,-2.85));
#10348=CARTESIAN_POINT('',(22.7545674171042,5.72918317056341,-4.35));
#10349=CARTESIAN_POINT('Ctrl Pts',(24.2811194935239,6.44102609437035,-2.85));
#10350=CARTESIAN_POINT('Ctrl Pts',(24.2811194935239,6.44102609437035,-3.02878835351902));
#10351=CARTESIAN_POINT('Ctrl Pts',(24.2408183175365,6.42223334737477,-3.2386755717678));
#10352=CARTESIAN_POINT('Ctrl Pts',(24.1080913390281,6.36034174085251,-3.57452940655154));
#10353=CARTESIAN_POINT('Ctrl Pts',(23.9892854020382,6.30494162259987,-3.7575546256159));
#10354=CARTESIAN_POINT('Ctrl Pts',(23.7327451266006,6.18531492753811,-4.02451212701712));
#10355=CARTESIAN_POINT('Ctrl Pts',(23.5461706275484,6.09831380981365,-4.15131030581211));
#10356=CARTESIAN_POINT('Ctrl Pts',(23.1899174126392,5.93219020745911,-4.30391839339455));
#10357=CARTESIAN_POINT('Ctrl Pts',(22.9541219931291,5.82223699758366,-4.35));
#10358=CARTESIAN_POINT('Ctrl Pts',(22.7545674171042,5.72918317056341,-4.35));
#10359=CARTESIAN_POINT('Origin',(18.75,0.,-4.35));
#10360=CARTESIAN_POINT('Origin',(18.75,0.,-2.85));
#10361=CARTESIAN_POINT('Origin',(18.3075,0.,-4.35));
#10362=CARTESIAN_POINT('',(21.5211972384303,5.15405321090772,-4.35));
#10363=CARTESIAN_POINT('',(24.6276824032169,6.6026310331927,-4.35));
#10364=CARTESIAN_POINT('',(21.2710767333898,4.50833065144606,-4.35));
#10365=CARTESIAN_POINT('Origin',(21.7325063693007,4.7008993173894,-4.35));
#10366=CARTESIAN_POINT('',(21.1084722664792,-4.87973015195275,-4.35));
#10367=CARTESIAN_POINT('Origin',(10.4682944589647,-5.20417042793042E-17,
-4.35));
#10368=CARTESIAN_POINT('',(21.312956421304,-5.52117546408922,-4.35));
#10369=CARTESIAN_POINT('Origin',(21.562956421304,-5.08816276219699,-4.35));
#10370=CARTESIAN_POINT('',(22.2399976145027,-6.05640294653232,-4.35));
#10371=CARTESIAN_POINT('',(18.7895701090998,-4.06429769746886,-4.35));
#10372=CARTESIAN_POINT('Origin',(18.75,0.,-4.35));
#10373=CARTESIAN_POINT('Origin',(18.75,0.,-4.35));
#10374=CARTESIAN_POINT('',(16.6294220221004,-2.78444770819047,-4.35));
#10375=CARTESIAN_POINT('',(16.6294220221004,2.78444770819044,-4.35));
#10376=CARTESIAN_POINT('Origin',(18.75,0.,-4.35));
#10377=CARTESIAN_POINT('',(16.6294220221004,-2.11968304344192,-4.35));
#10378=CARTESIAN_POINT('Ctrl Pts',(16.6294220221004,-2.11968304344192,-4.35));
#10379=CARTESIAN_POINT('Ctrl Pts',(16.6294220221004,-2.34127126502477,-4.35));
#10380=CARTESIAN_POINT('Ctrl Pts',(16.6294220221004,-2.56285948660762,-4.35));
#10381=CARTESIAN_POINT('Ctrl Pts',(16.6294220221004,-2.78444770819047,-4.35));
#10382=CARTESIAN_POINT('',(18.2966169099009,-1.94793320563418,-4.35));
#10383=CARTESIAN_POINT('Origin',(17.39,-1.325,-4.35));
#10384=CARTESIAN_POINT('',(18.2966169099009,1.94793320563418,-4.35));
#10385=CARTESIAN_POINT('Origin',(18.75,0.,-4.35));
#10386=CARTESIAN_POINT('',(16.6294220221004,2.1196830434419,-4.35));
#10387=CARTESIAN_POINT('Origin',(17.39,1.325,-4.35));
#10388=CARTESIAN_POINT('Ctrl Pts',(16.6294220221004,2.78444770819044,-4.35));
#10389=CARTESIAN_POINT('Ctrl Pts',(16.6294220221004,2.5628594866076,-4.35));
#10390=CARTESIAN_POINT('Ctrl Pts',(16.6294220221004,2.34127126502475,-4.35));
#10391=CARTESIAN_POINT('Ctrl Pts',(16.6294220221004,2.11968304344191,-4.35));
#10392=CARTESIAN_POINT('Origin',(32.3479954811699,10.2026721447965,0.));
#10393=CARTESIAN_POINT('',(24.2811194935239,6.44102609437035,-1.4));
#10394=CARTESIAN_POINT('',(24.2811194935239,6.44102609437035,0.));
#10395=CARTESIAN_POINT('',(23.4868126427278,6.07063472691911,-1.4));
#10396=CARTESIAN_POINT('',(24.4500559929448,6.51980247779219,-1.4));
#10397=CARTESIAN_POINT('',(23.4868126427278,6.07063472691911,1.4));
#10398=CARTESIAN_POINT('',(23.4868126427278,6.07063472691911,0.));
#10399=CARTESIAN_POINT('',(24.2811194935239,6.44102609437035,1.4));
#10400=CARTESIAN_POINT('',(24.4500559929448,6.51980247779219,1.4));
#10401=CARTESIAN_POINT('',(24.2811194935239,6.44102609437035,2.85));
#10402=CARTESIAN_POINT('',(24.2811194935239,6.44102609437035,0.));
#10403=CARTESIAN_POINT('Ctrl Pts',(22.7545674171042,5.72918317056341,4.35));
#10404=CARTESIAN_POINT('Ctrl Pts',(22.9541219931291,5.82223699758366,4.35));
#10405=CARTESIAN_POINT('Ctrl Pts',(23.1899174126392,5.93219020745911,4.30391839339455));
#10406=CARTESIAN_POINT('Ctrl Pts',(23.5461706275484,6.09831380981365,4.1513103058121));
#10407=CARTESIAN_POINT('Ctrl Pts',(23.7327451266006,6.18531492753811,4.02451212701712));
#10408=CARTESIAN_POINT('Ctrl Pts',(23.9892854020382,6.30494162259987,3.7575546256159));
#10409=CARTESIAN_POINT('Ctrl Pts',(24.1080913390281,6.36034174085251,3.57452940655154));
#10410=CARTESIAN_POINT('Ctrl Pts',(24.2408183175365,6.42223334737477,3.2386755717678));
#10411=CARTESIAN_POINT('Ctrl Pts',(24.2811194935239,6.44102609437035,3.02878835351902));
#10412=CARTESIAN_POINT('Ctrl Pts',(24.2811194935239,6.44102609437035,2.85));
#10413=CARTESIAN_POINT('',(21.5211972384303,5.15405321090772,3.));
#10414=CARTESIAN_POINT('',(21.5211972384303,5.15405321090772,0.));
#10415=CARTESIAN_POINT('',(20.2394844743187,4.55638073344746,2.));
#10416=CARTESIAN_POINT('Ctrl Pts',(21.5211972384303,5.15405321090772,3.));
#10417=CARTESIAN_POINT('Ctrl Pts',(21.3463226229555,5.0725078384949,2.72712354847144));
#10418=CARTESIAN_POINT('Ctrl Pts',(21.1272643899963,4.97035930688412,2.40709834179548));
#10419=CARTESIAN_POINT('Ctrl Pts',(20.7826407823393,4.80965867945265,2.15521689031565));
#10420=CARTESIAN_POINT('Ctrl Pts',(20.6636214285976,4.75415904333425,2.09077025782836));
#10421=CARTESIAN_POINT('Ctrl Pts',(20.4612451845042,4.65978945088486,2.0211852414273));
#10422=CARTESIAN_POINT('Ctrl Pts',(20.3409770646141,4.60370750554819,2.));
#10423=CARTESIAN_POINT('Ctrl Pts',(20.2394844743187,4.55638073344746,2.));
#10424=CARTESIAN_POINT('',(17.9740686807478,3.50000000000002,2.));
#10425=CARTESIAN_POINT('',(17.2708360839072,3.17207725462896,2.));
#10426=CARTESIAN_POINT('',(14.45,1.85669978630103,2.));
#10427=CARTESIAN_POINT('',(17.2708360839072,3.17207725462896,2.));
#10428=CARTESIAN_POINT('',(14.45,1.85669978630103,-2.));
#10429=CARTESIAN_POINT('',(14.45,1.85669978630103,0.));
#10430=CARTESIAN_POINT('',(17.9740686807478,3.50000000000002,-2.));
#10431=CARTESIAN_POINT('',(17.2708360839072,3.17207725462896,-2.));
#10432=CARTESIAN_POINT('',(20.2394844743187,4.55638073344746,-2.));
#10433=CARTESIAN_POINT('',(17.2708360839072,3.17207725462896,-2.));
#10434=CARTESIAN_POINT('',(21.5211972384303,5.15405321090772,-3.));
#10435=CARTESIAN_POINT('Ctrl Pts',(20.2394844743187,4.55638073344746,-2.));
#10436=CARTESIAN_POINT('Ctrl Pts',(20.3409770646141,4.6037075055482,-2.));
#10437=CARTESIAN_POINT('Ctrl Pts',(20.4612451845042,4.65978945088486,-2.0211852414273));
#10438=CARTESIAN_POINT('Ctrl Pts',(20.6636214285976,4.75415904333425,-2.09077025782836));
#10439=CARTESIAN_POINT('Ctrl Pts',(20.7826407823393,4.80965867945265,-2.15521689031565));
#10440=CARTESIAN_POINT('Ctrl Pts',(21.1272643899963,4.97035930688412,-2.40709834179548));
#10441=CARTESIAN_POINT('Ctrl Pts',(21.3463226229555,5.0725078384949,-2.72712354847144));
#10442=CARTESIAN_POINT('Ctrl Pts',(21.5211972384303,5.15405321090772,-3.));
#10443=CARTESIAN_POINT('',(21.5211972384303,5.15405321090772,0.));
#10444=CARTESIAN_POINT('Origin',(18.75,0.,-2.85));
#10445=CARTESIAN_POINT('',(23.6986995006489,-6.89858487316617,-2.85));
#10446=CARTESIAN_POINT('Ctrl Pts',(22.2399976145027,-6.05640294653232,-4.35));
#10447=CARTESIAN_POINT('Ctrl Pts',(22.4306826497091,-6.16649500293916,-4.35));
#10448=CARTESIAN_POINT('Ctrl Pts',(22.6559977427853,-6.29658073257914,-4.30391839339455));
#10449=CARTESIAN_POINT('Ctrl Pts',(22.9964166807049,-6.49312169802427,-4.15131030581211));
#10450=CARTESIAN_POINT('Ctrl Pts',(23.1746985604246,-6.59605278927209,-4.02451212701712));
#10451=CARTESIAN_POINT('Ctrl Pts',(23.419836469202,-6.73758322689329,-3.7575546256159));
#10452=CARTESIAN_POINT('Ctrl Pts',(23.5333618752785,-6.8031271506514,-3.57452940655154));
#10453=CARTESIAN_POINT('Ctrl Pts',(23.6601895786261,-6.87635115931981,-3.2386755717678));
#10454=CARTESIAN_POINT('Ctrl Pts',(23.6986995006489,-6.89858487316617,-3.02878835351902));
#10455=CARTESIAN_POINT('Ctrl Pts',(23.6986995006489,-6.89858487316617,-2.85));
#10456=CARTESIAN_POINT('Origin',(18.75,0.,-2.85));
#10457=CARTESIAN_POINT('Origin',(18.75,0.,0.));
#10458=CARTESIAN_POINT('',(23.6986995006489,-6.89858487316617,-1.4));
#10459=CARTESIAN_POINT('',(23.6986995006489,-6.89858487316617,0.));
#10460=CARTESIAN_POINT('',(20.2299656446946,-8.36001206282166,-0.4));
#10461=CARTESIAN_POINT('Origin',(18.75,0.,-2.56666666666693));
#10462=CARTESIAN_POINT('Origin',(18.75,0.,-0.4));
#10463=CARTESIAN_POINT('Origin',(20.9110152182,-5.28911460227873,0.));
#10464=CARTESIAN_POINT('',(21.312956421304,-5.52117546408922,-3.));
#10465=CARTESIAN_POINT('',(21.312956421304,-5.52117546408922,0.));
#10466=CARTESIAN_POINT('',(20.0882115499124,-4.8140686829028,-2.));
#10467=CARTESIAN_POINT('Ctrl Pts',(21.312956421304,-5.52117546408922,-3.));
#10468=CARTESIAN_POINT('Ctrl Pts',(21.1458544040374,-5.42469906943824,-2.72712354847144));
#10469=CARTESIAN_POINT('Ctrl Pts',(20.9365325849332,-5.30384706083119,-2.40709834179548));
#10470=CARTESIAN_POINT('Ctrl Pts',(20.6072263566919,-5.11372202131024,-2.15521689031565));
#10471=CARTESIAN_POINT('Ctrl Pts',(20.4934970195323,-5.04806035788637,-2.09077025782836));
#10472=CARTESIAN_POINT('Ctrl Pts',(20.3001157300694,-4.93641161835878,-2.0211852414273));
#10473=CARTESIAN_POINT('Ctrl Pts',(20.185193130286,-4.87006102443784,-2.));
#10474=CARTESIAN_POINT('Ctrl Pts',(20.0882115499124,-4.81406868290272,-2.));
#10475=CARTESIAN_POINT('',(17.8121778264896,-3.50000000000002,-2.));
#10476=CARTESIAN_POINT('',(16.9999999999997,-3.03108891324629,-2.));
#10477=CARTESIAN_POINT('',(14.45,-1.55884572681296,-2.));
#10478=CARTESIAN_POINT('',(16.9999999999997,-3.03108891324629,-2.));
#10479=CARTESIAN_POINT('',(14.45,-1.55884572681296,2.));
#10480=CARTESIAN_POINT('',(14.45,-1.55884572681296,0.));
#10481=CARTESIAN_POINT('',(17.8121778264896,-3.50000000000002,2.));
#10482=CARTESIAN_POINT('',(16.9999999999997,-3.03108891324629,2.));
#10483=CARTESIAN_POINT('',(20.0882115499124,-4.8140686829028,2.));
#10484=CARTESIAN_POINT('',(16.9999999999997,-3.03108891324629,2.));
#10485=CARTESIAN_POINT('',(21.312956421304,-5.52117546408922,3.));
#10486=CARTESIAN_POINT('Ctrl Pts',(20.0882115499124,-4.81406868290272,2.));
#10487=CARTESIAN_POINT('Ctrl Pts',(20.185193130286,-4.87006102443785,2.));
#10488=CARTESIAN_POINT('Ctrl Pts',(20.3001157300694,-4.93641161835878,2.0211852414273));
#10489=CARTESIAN_POINT('Ctrl Pts',(20.4934970195323,-5.04806035788637,2.09077025782836));
#10490=CARTESIAN_POINT('Ctrl Pts',(20.6072263566919,-5.11372202131024,2.15521689031565));
#10491=CARTESIAN_POINT('Ctrl Pts',(20.9365325849332,-5.30384706083119,2.40709834179548));
#10492=CARTESIAN_POINT('Ctrl Pts',(21.1458544040374,-5.42469906943824,2.72712354847144));
#10493=CARTESIAN_POINT('Ctrl Pts',(21.312956421304,-5.52117546408922,3.));
#10494=CARTESIAN_POINT('',(21.312956421304,-5.52117546408922,0.));
#10495=CARTESIAN_POINT('',(23.6986995006489,-6.89858487316617,2.85));
#10496=CARTESIAN_POINT('Ctrl Pts',(23.6986995006489,-6.89858487316617,2.85));
#10497=CARTESIAN_POINT('Ctrl Pts',(23.6986995006489,-6.89858487316617,3.02878835351902));
#10498=CARTESIAN_POINT('Ctrl Pts',(23.6601895786261,-6.87635115931981,3.2386755717678));
#10499=CARTESIAN_POINT('Ctrl Pts',(23.5333618752785,-6.8031271506514,3.57452940655154));
#10500=CARTESIAN_POINT('Ctrl Pts',(23.419836469202,-6.73758322689329,3.7575546256159));
#10501=CARTESIAN_POINT('Ctrl Pts',(23.1746985604246,-6.59605278927209,4.02451212701712));
#10502=CARTESIAN_POINT('Ctrl Pts',(22.9964166807049,-6.49312169802427,4.15131030581211));
#10503=CARTESIAN_POINT('Ctrl Pts',(22.6559977427853,-6.29658073257914,4.30391839339455));
#10504=CARTESIAN_POINT('Ctrl Pts',(22.4306826497091,-6.16649500293917,4.35));
#10505=CARTESIAN_POINT('Ctrl Pts',(22.2399976145027,-6.05640294653232,4.35));
#10506=CARTESIAN_POINT('',(23.6986995006489,-6.89858487316617,1.4));
#10507=CARTESIAN_POINT('',(23.6986995006489,-6.89858487316617,0.));
#10508=CARTESIAN_POINT('',(22.9396969619654,-6.46037455314164,1.4));
#10509=CARTESIAN_POINT('',(18.6273826090714,-3.97065870066825,1.4));
#10510=CARTESIAN_POINT('',(22.9396969619654,-6.46037455314164,-1.4));
#10511=CARTESIAN_POINT('',(22.9396969619654,-6.46037455314164,0.));
#10512=CARTESIAN_POINT('',(18.6273826090714,-3.97065870066825,-1.4));
#10513=CARTESIAN_POINT('Ctrl Pts',(6.30913877506558,7.47116261514659,4.35));
#10514=CARTESIAN_POINT('Ctrl Pts',(8.08732579300341,7.42295001833247,4.35));
#10515=CARTESIAN_POINT('Ctrl Pts',(12.2292812838972,7.14789194752998,4.35));
#10516=CARTESIAN_POINT('Ctrl Pts',(16.3782311096648,6.99000000000027,4.35));
#10517=CARTESIAN_POINT('Ctrl Pts',(18.75,6.99000000000027,4.35));
#10518=CARTESIAN_POINT('Ctrl Pts',(6.32130274527476,7.91979669299864,4.35));
#10519=CARTESIAN_POINT('Ctrl Pts',(8.10929706261014,7.87131818749948,4.35));
#10520=CARTESIAN_POINT('Ctrl Pts',(12.26224361686,7.59559429676987,4.35));
#10521=CARTESIAN_POINT('Ctrl Pts',(16.3874174784468,7.4387989505131,4.35));
#10522=CARTESIAN_POINT('Ctrl Pts',(18.75,7.4387989505131,4.35));
#10523=CARTESIAN_POINT('Ctrl Pts',(6.34237136797749,8.69685401518077,3.97382197116517));
#10524=CARTESIAN_POINT('Ctrl Pts',(8.14721027232839,8.64791879659458,3.97382197116517));
#10525=CARTESIAN_POINT('Ctrl Pts',(12.3191791660225,8.37104562660996,3.97382197116517));
#10526=CARTESIAN_POINT('Ctrl Pts',(16.4031955822888,8.21614184063268,3.97382197116517));
#10527=CARTESIAN_POINT('Ctrl Pts',(18.75,8.21614184063268,3.97382197116517));
#10528=CARTESIAN_POINT('Ctrl Pts',(6.34979385078028,8.9706115688688,3.18659921288462));
#10529=CARTESIAN_POINT('Ctrl Pts',(8.16063875397418,8.92151350756822,3.18659921288462));
#10530=CARTESIAN_POINT('Ctrl Pts',(12.3393166569078,8.64423345283014,3.18659921288462));
#10531=CARTESIAN_POINT('Ctrl Pts',(16.4088213226725,8.49000000000027,3.18659921288462));
#10532=CARTESIAN_POINT('Ctrl Pts',(18.75,8.49000000000027,3.18659921288462));
#10533=CARTESIAN_POINT('Ctrl Pts',(6.34979385078028,8.9706115688688,2.85));
#10534=CARTESIAN_POINT('Ctrl Pts',(8.16061368938503,8.92151418715306,2.85));
#10535=CARTESIAN_POINT('Ctrl Pts',(12.3392889920357,8.64423482975337,2.85));
#10536=CARTESIAN_POINT('Ctrl Pts',(16.4087978450005,8.49000000000027,2.85));
#10537=CARTESIAN_POINT('Ctrl Pts',(18.75,8.49000000000027,2.85));
#10538=CARTESIAN_POINT('',(6.34979391169237,8.97061156721727,2.85));
#10539=CARTESIAN_POINT('Ctrl Pts',(9.21286013131778,7.34822870802588,4.35));
#10540=CARTESIAN_POINT('Ctrl Pts',(8.99456661417348,7.59715633046112,4.35));
#10541=CARTESIAN_POINT('Ctrl Pts',(8.73537156509158,7.84238454229061,4.29411853939618));
#10542=CARTESIAN_POINT('Ctrl Pts',(8.04288560715702,8.35666479931897,4.05166710913566));
#10543=CARTESIAN_POINT('Ctrl Pts',(7.63071703055239,8.57028318020815,3.85147063118689));
#10544=CARTESIAN_POINT('Ctrl Pts',(7.02479970493164,8.80496402230262,3.51159932221372));
#10545=CARTESIAN_POINT('Ctrl Pts',(6.81770327502869,8.86446914588951,3.38166220686159));
#10546=CARTESIAN_POINT('Ctrl Pts',(6.56855451185481,8.92670649799947,3.19290433402045));
#10547=CARTESIAN_POINT('Ctrl Pts',(6.49377575695961,8.94248465290259,3.12552885903468));
#10548=CARTESIAN_POINT('Ctrl Pts',(6.41499750091958,8.95835680636371,3.0297369159283));
#10549=CARTESIAN_POINT('Ctrl Pts',(6.39061814998756,8.96302840030402,2.99423134960262));
#10550=CARTESIAN_POINT('Ctrl Pts',(6.36614589421804,8.96761033098381,2.9391853997125));
#10551=CARTESIAN_POINT('Ctrl Pts',(6.36001340264627,8.96874048602968,2.92148991145596));
#10552=CARTESIAN_POINT('Ctrl Pts',(6.35187981467458,8.97023272939001,2.88569038643435));
#10553=CARTESIAN_POINT('Ctrl Pts',(6.34979385078029,8.9706115688688,2.8679799750047));
#10554=CARTESIAN_POINT('Ctrl Pts',(6.34979385078029,8.9706115688688,2.85));
#10555=CARTESIAN_POINT('',(18.75,8.49000000000027,2.85));
#10556=CARTESIAN_POINT('Origin',(18.75,6.99000000000027,2.85));
#10557=CARTESIAN_POINT('Ctrl Pts',(18.75,8.49000000000027,2.85));
#10558=CARTESIAN_POINT('Ctrl Pts',(16.4087978450005,8.49000000000027,2.85));
#10559=CARTESIAN_POINT('Ctrl Pts',(12.3392890115914,8.64423482901221,2.85));
#10560=CARTESIAN_POINT('Ctrl Pts',(8.1606137295455,8.92151418448818,2.85));
#10561=CARTESIAN_POINT('Ctrl Pts',(6.34979391169237,8.97061156721727,2.85));
#10562=CARTESIAN_POINT('Origin',(18.75,0.,2.85));
#10563=CARTESIAN_POINT('Origin',(18.75,0.,2.85));
#10564=CARTESIAN_POINT('Origin',(18.3075,0.,4.35));
#10565=CARTESIAN_POINT('Origin',(18.75,0.,2.85));
#10566=CARTESIAN_POINT('Origin',(18.75,0.,2.85));
#10567=CARTESIAN_POINT('Origin',(18.75,0.,-4.35));
#10568=CARTESIAN_POINT('Origin',(18.75,0.,-4.35));
#10569=CARTESIAN_POINT('Ctrl Pts',(16.6294220221378,-2.78444770821896,-4.34999999999988));
#10570=CARTESIAN_POINT('Ctrl Pts',(16.3834799392586,-2.59714328758156,-4.35081306683417));
#10571=CARTESIAN_POINT('Ctrl Pts',(16.1634385360586,-2.37808046434252,-4.35225364646901));
#10572=CARTESIAN_POINT('Ctrl Pts',(15.799208714069,-1.90422609754946,-4.35592622661803));
#10573=CARTESIAN_POINT('Ctrl Pts',(15.6523351799651,-1.65460480401481,-4.35806732627096));
#10574=CARTESIAN_POINT('Ctrl Pts',(15.3930209345899,-1.05525646874246,-4.36255720069313));
#10575=CARTESIAN_POINT('Ctrl Pts',(15.301420948378,-0.70013373854285,-4.36470868658739));
#10576=CARTESIAN_POINT('Ctrl Pts',(15.234224285209,-0.00610524063593215,
-4.36626773637243));
#10577=CARTESIAN_POINT('Ctrl Pts',(15.2495495344391,0.327963767912693,-4.36587001052805));
#10578=CARTESIAN_POINT('Ctrl Pts',(15.3857720675995,1.04320826069113,-4.36285534065244));
#10579=CARTESIAN_POINT('Ctrl Pts',(15.5250174497276,1.41626020267835,-4.35992165400501));
#10580=CARTESIAN_POINT('Ctrl Pts',(15.9550419670529,2.15649622251895,-4.35393166282989));
#10581=CARTESIAN_POINT('Ctrl Pts',(16.2628753560084,2.50529332303927,-4.35121177691077));
#10582=CARTESIAN_POINT('Ctrl Pts',(16.6294220221378,2.78444770821896,-4.34999999999988));
#10583=CARTESIAN_POINT('Ctrl Pts',(18.75,-9.,-4.35));
#10584=CARTESIAN_POINT('Ctrl Pts',(18.75,9.,-4.35));
#10585=CARTESIAN_POINT('Ctrl Pts',(11.75,-9.,-4.35));
#10586=CARTESIAN_POINT('Ctrl Pts',(11.75,9.,-4.35));
#10587=CARTESIAN_POINT('Ctrl Pts',(11.75,-9.,-4.18578945162478));
#10588=CARTESIAN_POINT('Ctrl Pts',(11.75,9.,-4.18578945162478));
#10589=CARTESIAN_POINT('Ctrl Pts',(4.75000000000001,-9.,-8.22724133595217));
#10590=CARTESIAN_POINT('Ctrl Pts',(4.75000000000001,9.,-8.22724133595217));
#10591=CARTESIAN_POINT('',(16.29,1.325,-4.35160125467185));
#10592=CARTESIAN_POINT('Ctrl Pts',(16.6294220221004,2.1196830434419,-4.35));
#10593=CARTESIAN_POINT('Ctrl Pts',(16.6258329370522,2.11624792304688,-4.35001186525699));
#10594=CARTESIAN_POINT('Ctrl Pts',(16.6222658913267,2.11278744124618,-4.35002379995229));
#10595=CARTESIAN_POINT('Ctrl Pts',(16.6187213191569,2.1093017254066,-4.3500357989839));
#10596=CARTESIAN_POINT('Ctrl Pts',(16.5582711887303,2.04985534738409,-4.3502404338428));
#10597=CARTESIAN_POINT('Ctrl Pts',(16.5050501006528,1.9837624848172,-4.35046194266232));
#10598=CARTESIAN_POINT('Ctrl Pts',(16.4599871661308,1.91241993580759,-4.35067250448091));
#10599=CARTESIAN_POINT('Ctrl Pts',(16.4275868090095,1.86112447335331,-4.35082389892939));
#10600=CARTESIAN_POINT('Ctrl Pts',(16.399403709257,1.8071151097875,-4.35096941279802));
#10601=CARTESIAN_POINT('Ctrl Pts',(16.3758009111108,1.75091103307663,-4.35109792346415));
#10602=CARTESIAN_POINT('Ctrl Pts',(16.3606012641773,1.7147169294394,-4.35118068131092));
#10603=CARTESIAN_POINT('Ctrl Pts',(16.3473500110779,1.67773509267941,-4.35125610871065));
#10604=CARTESIAN_POINT('Ctrl Pts',(16.3361040430904,1.64012428026029,-4.35132168935782));
#10605=CARTESIAN_POINT('Ctrl Pts',(16.318595116737,1.58156774288912,-4.35142379232688));
#10606=CARTESIAN_POINT('Ctrl Pts',(16.3060475686846,1.52177420547634,-4.35150119952326));
#10607=CARTESIAN_POINT('Ctrl Pts',(16.2985011271006,1.46137259433041,-4.35154807554697));
#10608=CARTESIAN_POINT('Ctrl Pts',(16.2928533380396,1.41616777098541,-4.35158315776299));
#10609=CARTESIAN_POINT('Ctrl Pts',(16.2900077169827,1.37062236010468,-4.35160120605855));
#10610=CARTESIAN_POINT('Ctrl Pts',(16.2900000000034,1.325,-4.35160125467182));
#10611=CARTESIAN_POINT('',(16.6294220221003,0.530316956558101,-4.35));
#10612=CARTESIAN_POINT('Ctrl Pts',(16.29,1.325,-4.35160125467185));
#10613=CARTESIAN_POINT('Ctrl Pts',(16.29,1.29873989105365,-4.35160125467185));
#10614=CARTESIAN_POINT('Ctrl Pts',(16.2909403400857,1.27245430481786,-4.35159531714654));
#10615=CARTESIAN_POINT('Ctrl Pts',(16.3025699602283,1.11054234129688,-4.35152239670805));
#10616=CARTESIAN_POINT('Ctrl Pts',(16.3373866014965,0.977867323305404,-4.35129808164046));
#10617=CARTESIAN_POINT('Ctrl Pts',(16.4530161100543,0.733247874476725,-4.35069007871571));
#10618=CARTESIAN_POINT('Ctrl Pts',(16.5323286169925,0.623243446350141,-4.35032098381295));
#10619=CARTESIAN_POINT('Ctrl Pts',(16.6294220221003,0.530316956558104,-4.35));
#10620=CARTESIAN_POINT('',(16.6294220221003,-0.530316956558101,-4.35));
#10621=CARTESIAN_POINT('Ctrl Pts',(16.6294220221003,0.530316956558115,-4.35));
#10622=CARTESIAN_POINT('Ctrl Pts',(16.6294220221003,0.356877971038744,-4.35));
#10623=CARTESIAN_POINT('Ctrl Pts',(16.6294220221003,0.183438985519372,-4.35));
#10624=CARTESIAN_POINT('Ctrl Pts',(16.6294220221003,-0.170105652186034,
-4.35));
#10625=CARTESIAN_POINT('Ctrl Pts',(16.6294220221003,-0.350211304372067,
-4.35));
#10626=CARTESIAN_POINT('Ctrl Pts',(16.6294220221003,-0.530316956558101,
-4.35));
#10627=CARTESIAN_POINT('',(16.29,-1.325,-4.35160125467185));
#10628=CARTESIAN_POINT('Ctrl Pts',(16.6294220221004,-0.530316956558101,
-4.35));
#10629=CARTESIAN_POINT('Ctrl Pts',(16.6258329370522,-0.53375207695313,-4.35001186525699));
#10630=CARTESIAN_POINT('Ctrl Pts',(16.6222658913267,-0.537212558753825,
-4.35002379995229));
#10631=CARTESIAN_POINT('Ctrl Pts',(16.6187213191569,-0.540698274593407,
-4.3500357989839));
#10632=CARTESIAN_POINT('Ctrl Pts',(16.5582711887301,-0.6001446526161,-4.3502404338428));
#10633=CARTESIAN_POINT('Ctrl Pts',(16.5050501006524,-0.666237515183225,
-4.35046194266232));
#10634=CARTESIAN_POINT('Ctrl Pts',(16.4599871661304,-0.737580064193102,
-4.35067250448092));
#10635=CARTESIAN_POINT('Ctrl Pts',(16.4275868090093,-0.788875526647174,
-4.35082389892939));
#10636=CARTESIAN_POINT('Ctrl Pts',(16.3994037092569,-0.842884890212754,
-4.35096941279802));
#10637=CARTESIAN_POINT('Ctrl Pts',(16.3758009111108,-0.899088966923374,
-4.35109792346415));
#10638=CARTESIAN_POINT('Ctrl Pts',(16.3606012641773,-0.935283070560658,
-4.35118068131092));
#10639=CARTESIAN_POINT('Ctrl Pts',(16.3473500110779,-0.972264907320626,
-4.35125610871065));
#10640=CARTESIAN_POINT('Ctrl Pts',(16.3361040430904,-1.00987571973972,-4.35132168935782));
#10641=CARTESIAN_POINT('Ctrl Pts',(16.318595116737,-1.06843225711091,-4.35142379232688));
#10642=CARTESIAN_POINT('Ctrl Pts',(16.3060475686846,-1.12822579452371,-4.35150119952326));
#10643=CARTESIAN_POINT('Ctrl Pts',(16.2985011271005,-1.18862740566965,-4.35154807554697));
#10644=CARTESIAN_POINT('Ctrl Pts',(16.2928533380396,-1.23383222901463,-4.35158315776299));
#10645=CARTESIAN_POINT('Ctrl Pts',(16.2900077169827,-1.27937763989534,-4.35160120605855));
#10646=CARTESIAN_POINT('Ctrl Pts',(16.2900000000034,-1.325,-4.35160125467182));
#10647=CARTESIAN_POINT('Ctrl Pts',(16.29,-1.325,-4.35160125467185));
#10648=CARTESIAN_POINT('Ctrl Pts',(16.29,-1.35126010894635,-4.35160125467185));
#10649=CARTESIAN_POINT('Ctrl Pts',(16.2909403400857,-1.37754569518215,-4.35159531714654));
#10650=CARTESIAN_POINT('Ctrl Pts',(16.3025699602283,-1.53945765870313,-4.35152239670805));
#10651=CARTESIAN_POINT('Ctrl Pts',(16.3373866014965,-1.67213267669461,-4.35129808164046));
#10652=CARTESIAN_POINT('Ctrl Pts',(16.4530161100543,-1.91675212552328,-4.3506900787157));
#10653=CARTESIAN_POINT('Ctrl Pts',(16.5323286169925,-2.02675655364987,-4.35032098381295));
#10654=CARTESIAN_POINT('Ctrl Pts',(16.6294220221004,-2.11968304344192,-4.35));
#10655=CARTESIAN_POINT('Origin',(5.45358511814631,4.05158626830868,4.35));
#10656=CARTESIAN_POINT('',(6.3497938507803,8.9706115688688,4.35));
#10657=CARTESIAN_POINT('Ctrl Pts',(18.75,8.49000000000027,-11.714));
#10658=CARTESIAN_POINT('Ctrl Pts',(18.75,8.49000000000027,11.714));
#10659=CARTESIAN_POINT('Ctrl Pts',(12.5,8.49000000000027,-11.714));
#10660=CARTESIAN_POINT('Ctrl Pts',(12.5,8.49000000000027,11.714));
#10661=CARTESIAN_POINT('Ctrl Pts',(9.375,9.,-11.714));
#10662=CARTESIAN_POINT('Ctrl Pts',(9.375,9.,11.714));
#10663=CARTESIAN_POINT('Ctrl Pts',(4.2,9.,-11.714));
#10664=CARTESIAN_POINT('Ctrl Pts',(4.2,9.,11.714));
#10665=CARTESIAN_POINT('',(18.75,8.49,0.4));
#10666=CARTESIAN_POINT('',(18.75,8.49,2.175));
#10667=CARTESIAN_POINT('',(15.2741055700199,8.54492085018967,0.4));
#10668=CARTESIAN_POINT('Ctrl Pts',(18.75,8.49000000000027,0.400000000000003));
#10669=CARTESIAN_POINT('Ctrl Pts',(17.476159748503,8.49000000000027,0.400000000000003));
#10670=CARTESIAN_POINT('Ctrl Pts',(16.3321330159127,8.51118556628584,0.400000000000003));
#10671=CARTESIAN_POINT('Ctrl Pts',(15.27410557002,8.54492085018967,0.400000000000003));
#10672=CARTESIAN_POINT('',(15.2741055700199,8.54492085018967,-0.4));
#10673=CARTESIAN_POINT('Ctrl Pts',(15.2741055700199,8.54492085018967,0.4));
#10674=CARTESIAN_POINT('Ctrl Pts',(15.2741055700199,8.54492085018967,0.133333333333333));
#10675=CARTESIAN_POINT('Ctrl Pts',(15.2741055700199,8.54492085018967,-0.133333333333333));
#10676=CARTESIAN_POINT('Ctrl Pts',(15.2741055700199,8.54492085018967,-0.4));
#10677=CARTESIAN_POINT('',(18.75,8.49,-0.4));
#10678=CARTESIAN_POINT('Ctrl Pts',(15.27410557002,8.54492085018967,-0.4));
#10679=CARTESIAN_POINT('Ctrl Pts',(16.3321330159127,8.51118556628584,-0.4));
#10680=CARTESIAN_POINT('Ctrl Pts',(17.476159748503,8.49000000000027,-0.4));
#10681=CARTESIAN_POINT('Ctrl Pts',(18.75,8.49000000000027,-0.4));
#10682=CARTESIAN_POINT('',(18.75,8.49,2.175));
#10683=CARTESIAN_POINT('',(4.2,9.,0.));
#10684=CARTESIAN_POINT('Ctrl Pts',(22.1740686807495,-3.53883589099269E-15,
3.96337791896249));
#10685=CARTESIAN_POINT('Ctrl Pts',(22.1740686807495,-0.154127093162135,
3.89764703505207));
#10686=CARTESIAN_POINT('Ctrl Pts',(22.1710182934139,-0.30821685605622,3.83189917195262));
#10687=CARTESIAN_POINT('Ctrl Pts',(22.162725923384,-0.51806275790222,3.7423948288646));
#10688=CARTESIAN_POINT('Ctrl Pts',(22.1574569296549,-0.630940600842796,
3.69651296211287));
#10689=CARTESIAN_POINT('Ctrl Pts',(22.1434261423246,-0.859988709952943,
3.61218239971504));
#10690=CARTESIAN_POINT('Ctrl Pts',(22.1092597066641,-1.26873548910755,3.48148935223526));
#10691=CARTESIAN_POINT('Ctrl Pts',(21.970674804829,-2.34145139776515,3.22256292186251));
#10692=CARTESIAN_POINT('Ctrl Pts',(21.7252110577118,-3.29341421800777,3.08138824257605));
#10693=CARTESIAN_POINT('Ctrl Pts',(21.4751944702913,-3.98413130708072,2.98961036833692));
#10694=CARTESIAN_POINT('Ctrl Pts',(22.1740686807495,0.126447088224518,3.69221126318672));
#10695=CARTESIAN_POINT('Ctrl Pts',(22.1757844688551,-0.0272644391717934,
3.62549895714536));
#10696=CARTESIAN_POINT('Ctrl Pts',(22.1744557070578,-0.180954749626295,
3.55876731927444));
#10697=CARTESIAN_POINT('Ctrl Pts',(22.168528329237,-0.390636076309306,3.46778447456851));
#10698=CARTESIAN_POINT('Ctrl Pts',(22.1640838977949,-0.512056714857766,
3.41754383366398));
#10699=CARTESIAN_POINT('Ctrl Pts',(22.1515832771333,-0.752707719510459,
3.32766148024731));
#10700=CARTESIAN_POINT('Ctrl Pts',(22.1192997531434,-1.1817808235556,3.18874744656778));
#10701=CARTESIAN_POINT('Ctrl Pts',(21.9833142189786,-2.287163784427,2.92034192369012));
#10702=CARTESIAN_POINT('Ctrl Pts',(21.7391397486732,-3.24714079142355,2.77699628912642));
#10703=CARTESIAN_POINT('Ctrl Pts',(21.4894076726211,-3.9448647054485,2.68392566702688));
#10704=CARTESIAN_POINT('Ctrl Pts',(21.9229801878566,0.345384245443403,3.22269901437414));
#10705=CARTESIAN_POINT('Ctrl Pts',(21.9256258819979,0.195762070428531,3.15442445066754));
#10706=CARTESIAN_POINT('Ctrl Pts',(21.9253277710727,0.0460703980873345,
3.08609237753875));
#10707=CARTESIAN_POINT('Ctrl Pts',(21.9208904909206,-0.15858095758997,2.99273000363625));
#10708=CARTESIAN_POINT('Ctrl Pts',(21.9170247629442,-0.292124314023092,
2.93505527126529));
#10709=CARTESIAN_POINT('Ctrl Pts',(21.9056854596322,-0.547411760480271,
2.83574957477759));
#10710=CARTESIAN_POINT('Ctrl Pts',(21.8752468171631,-1.00216994673379,2.68278674624));
#10711=CARTESIAN_POINT('Ctrl Pts',(21.7438034519406,-2.13843607705912,2.39827498766945));
#10712=CARTESIAN_POINT('Ctrl Pts',(21.5060621394138,-3.09275621313241,2.25061181268137));
#10713=CARTESIAN_POINT('Ctrl Pts',(21.2619833062717,-3.78575604865784,2.15538678399183));
#10714=CARTESIAN_POINT('Ctrl Pts',(21.3984681560059,0.422618261740698,3.05707013192584));
#10715=CARTESIAN_POINT('Ctrl Pts',(21.3992561987413,0.279242053362811,2.99019687621922));
#10716=CARTESIAN_POINT('Ctrl Pts',(21.3972088330789,0.135875359127069,2.92329924324088));
#10717=CARTESIAN_POINT('Ctrl Pts',(21.3905615750978,-0.0602306441851855,
2.83182922802036));
#10718=CARTESIAN_POINT('Ctrl Pts',(21.386026305992,-0.193998696964648,2.77257296547464));
#10719=CARTESIAN_POINT('Ctrl Pts',(21.3736376625809,-0.446098766568331,
2.67188150361127));
#10720=CARTESIAN_POINT('Ctrl Pts',(21.3426287242905,-0.894224180546084,
2.51656805314586));
#10721=CARTESIAN_POINT('Ctrl Pts',(21.2144712279658,-1.99943418669219,2.23019024574292));
#10722=CARTESIAN_POINT('Ctrl Pts',(20.9860129262564,-2.91318800236588,2.08379711680358));
#10723=CARTESIAN_POINT('Ctrl Pts',(20.7527368306871,-3.57722051686655,1.98878104100624));
#10724=CARTESIAN_POINT('Ctrl Pts',(21.1740686807495,0.422618261740698,3.05707013192584));
#10725=CARTESIAN_POINT('Ctrl Pts',(21.1740686807495,0.281657926303596,2.99133924801542));
#10726=CARTESIAN_POINT('Ctrl Pts',(21.1712788816738,0.140731045588388,2.92559090226481));
#10727=CARTESIAN_POINT('Ctrl Pts',(21.1636949116073,-0.0520089617714861,
2.83570271744284));
#10728=CARTESIAN_POINT('Ctrl Pts',(21.1588760370783,-0.183675271595936,
2.77706989117044));
#10729=CARTESIAN_POINT('Ctrl Pts',(21.1460438707929,-0.43147312479617,2.67752711311372));
#10730=CARTESIAN_POINT('Ctrl Pts',(21.1147962028289,-0.87153893969562,2.52372466253268));
#10731=CARTESIAN_POINT('Ctrl Pts',(20.9880503215668,-1.95518554843745,2.23956766896602));
#10732=CARTESIAN_POINT('Ctrl Pts',(20.7635560329807,-2.84987103834395,2.09445378582542));
#10733=CARTESIAN_POINT('Ctrl Pts',(20.5348978437903,-3.49999999999973,2.));
#10734=CARTESIAN_POINT('',(22.1740686807495,-3.53883589099269E-15,3.96337791896249));
#10735=CARTESIAN_POINT('',(21.5029817679046,-3.90651073533931,3.));
#10736=CARTESIAN_POINT('Ctrl Pts',(22.1740686807495,-3.53883589099269E-15,
3.96337791896249));
#10737=CARTESIAN_POINT('Ctrl Pts',(22.1740686807495,-0.154127093162135,
3.89764703505207));
#10738=CARTESIAN_POINT('Ctrl Pts',(22.1710182934139,-0.30821685605622,3.83189917195262));
#10739=CARTESIAN_POINT('Ctrl Pts',(22.162725923384,-0.51806275790222,3.7423948288646));
#10740=CARTESIAN_POINT('Ctrl Pts',(22.1574569296549,-0.630940600842796,
3.69651296211287));
#10741=CARTESIAN_POINT('Ctrl Pts',(22.1434261423246,-0.859988709952943,
3.61218239971504));
#10742=CARTESIAN_POINT('Ctrl Pts',(22.1092597066641,-1.26873548910755,3.48148935223526));
#10743=CARTESIAN_POINT('Ctrl Pts',(21.97413151844,-2.31469471912853,3.22902130588767));
#10744=CARTESIAN_POINT('Ctrl Pts',(21.7388905924608,-3.23998731663157,3.08938125592494));
#10745=CARTESIAN_POINT('Ctrl Pts',(21.5029801526847,-3.90650653089125,2.99997291865369));
#10746=CARTESIAN_POINT('',(20.5830084895885,-3.50801393476918,2.));
#10747=CARTESIAN_POINT('Ctrl Pts',(21.5029777283076,-3.90651338049204,2.99997199983374));
#10748=CARTESIAN_POINT('Ctrl Pts',(21.5030194752659,-3.90639548423756,2.99816644850386));
#10749=CARTESIAN_POINT('Ctrl Pts',(21.5030562670647,-3.90627585969371,2.99636102547955));
#10750=CARTESIAN_POINT('Ctrl Pts',(21.50308811497,-3.90615451175037,2.99455574732689));
#10751=CARTESIAN_POINT('Ctrl Pts',(21.5038552246453,-3.90323164506196,2.95107262572935));
#10752=CARTESIAN_POINT('Ctrl Pts',(21.501755868993,-3.89931990658681,2.9078141139709));
#10753=CARTESIAN_POINT('Ctrl Pts',(21.4969755955446,-3.89449753685637,2.86500781563552));
#10754=CARTESIAN_POINT('Ctrl Pts',(21.4920392718466,-3.8895177426587,2.82080412160329));
#10755=CARTESIAN_POINT('Ctrl Pts',(21.4842439428905,-3.88356667215924,2.77708163184632));
#10756=CARTESIAN_POINT('Ctrl Pts',(21.4737405196934,-3.87671264886229,2.73409417262003));
#10757=CARTESIAN_POINT('Ctrl Pts',(21.4632370964964,-3.86985862556534,2.69110671339374));
#10758=CARTESIAN_POINT('Ctrl Pts',(21.4500251170461,-3.86210133072139,2.64885322849229));
#10759=CARTESIAN_POINT('Ctrl Pts',(21.4342083594904,-3.85349577468132,2.60760639228567));
#10760=CARTESIAN_POINT('Ctrl Pts',(21.418437601023,-3.84491524575123,2.56647951219831));
#10761=CARTESIAN_POINT('Ctrl Pts',(21.4001800970066,-3.83554780628242,2.52662182993297));
#10762=CARTESIAN_POINT('Ctrl Pts',(21.3795923582497,-3.82546487790471,2.48828001615541));
#10763=CARTESIAN_POINT('Ctrl Pts',(21.3591888658121,-3.81547218490753,2.45028133564498));
#10764=CARTESIAN_POINT('Ctrl Pts',(21.3364961209027,-3.80477642146019,2.41377054720626));
#10765=CARTESIAN_POINT('Ctrl Pts',(21.3116228061558,-3.79343594526032,2.37900963145884));
#10766=CARTESIAN_POINT('Ctrl Pts',(21.2886660783754,-3.78296929746247,2.3469271813177));
#10767=CARTESIAN_POINT('Ctrl Pts',(21.263851157924,-3.77195316370972,2.3163349442554));
#10768=CARTESIAN_POINT('Ctrl Pts',(21.2372356525826,-3.76042843203679,2.28746639217757));
#10769=CARTESIAN_POINT('Ctrl Pts',(21.2087457746417,-3.74809208168572,2.25656479874638));
#10770=CARTESIAN_POINT('Ctrl Pts',(21.1783743496714,-3.73525169407277,2.22783495060583));
#10771=CARTESIAN_POINT('Ctrl Pts',(21.1462346489332,-3.72196803677969,2.20151903870793));
#10772=CARTESIAN_POINT('Ctrl Pts',(21.1136318920176,-3.7084929937728,2.17482397749356));
#10773=CARTESIAN_POINT('Ctrl Pts',(21.079209059105,-3.69456146133232,2.1506119689178));
#10774=CARTESIAN_POINT('Ctrl Pts',(21.0432616056514,-3.68027518033476,2.12894805300936));
#10775=CARTESIAN_POINT('Ctrl Pts',(21.0097158320902,-3.66694337790281,2.10873152172017));
#10776=CARTESIAN_POINT('Ctrl Pts',(20.9748412922265,-3.65330231373104,2.09073413697709));
#10777=CARTESIAN_POINT('Ctrl Pts',(20.9388603662834,-3.63943533586852,2.07504562065131));
#10778=CARTESIAN_POINT('Ctrl Pts',(20.9003478683798,-3.62459269516763,2.05825328036908));
#10779=CARTESIAN_POINT('Ctrl Pts',(20.860819276112,-3.60958771446425,2.0442150149562));
#10780=CARTESIAN_POINT('Ctrl Pts',(20.8205723662497,-3.59452713215885,2.03298193640317));
#10781=CARTESIAN_POINT('Ctrl Pts',(20.7805375863652,-3.57954592988538,2.02180806420195));
#10782=CARTESIAN_POINT('Ctrl Pts',(20.7397909495681,-3.56450929354957,2.0134096141743));
#10783=CARTESIAN_POINT('Ctrl Pts',(20.6986065510327,-3.54952398590218,2.0078836868183));
#10784=CARTESIAN_POINT('Ctrl Pts',(20.6603816224425,-3.53561550756832,2.00275484710984));
#10785=CARTESIAN_POINT('Ctrl Pts',(20.6217787349538,-3.52175099998137,2.00010077505851));
#10786=CARTESIAN_POINT('Ctrl Pts',(20.583014453291,-3.50802185628353,2.00003878983091));
#10787=CARTESIAN_POINT('',(20.5348978457025,-3.49999999728144,2.00000000039493));
#10788=CARTESIAN_POINT('Ctrl Pts',(20.5830084895885,-3.50801393476918,2.));
#10789=CARTESIAN_POINT('Ctrl Pts',(20.5795073752288,-3.50677477119312,2.));
#10790=CARTESIAN_POINT('Ctrl Pts',(20.5759480705296,-3.50567684884555,2.));
#10791=CARTESIAN_POINT('Ctrl Pts',(20.5600862411239,-3.50148977091861,2.));
#10792=CARTESIAN_POINT('Ctrl Pts',(20.5475910307911,-3.49999999999974,2.));
#10793=CARTESIAN_POINT('Ctrl Pts',(20.5348978437903,-3.49999999999974,2.));
#10794=CARTESIAN_POINT('',(21.1657238460967,-1.85974411328983E-16,2.86));
#10795=CARTESIAN_POINT('Ctrl Pts',(20.5348978448497,-3.49999999698768,2.0000000004376));
#10796=CARTESIAN_POINT('Ctrl Pts',(20.7635560335008,-2.8498710362714,2.09445378616157));
#10797=CARTESIAN_POINT('Ctrl Pts',(20.9880503216973,-1.95518554732178,2.23956766925858));
#10798=CARTESIAN_POINT('Ctrl Pts',(21.1147962028289,-0.87153893969562,2.52372466253268));
#10799=CARTESIAN_POINT('Ctrl Pts',(21.1460438707929,-0.43147312479617,2.67752711311372));
#10800=CARTESIAN_POINT('Ctrl Pts',(21.1588760370783,-0.183675271595936,
2.77706989117044));
#10801=CARTESIAN_POINT('Ctrl Pts',(21.1636949116073,-0.0520089617714861,
2.83570271744284));
#10802=CARTESIAN_POINT('Ctrl Pts',(21.1657255266327,-0.000402645882336787,
2.85977036237119));
#10803=CARTESIAN_POINT('Ctrl Pts',(21.1657337461857,-0.000193599907888349,
2.85986785522527));
#10804=CARTESIAN_POINT('Ctrl Pts',(21.1657419596754,1.54451583412249E-5,
2.85996534770867));
#10805=CARTESIAN_POINT('Ctrl Pts',(21.1657238460967,3.26368771203026E-15,
2.86));
#10806=CARTESIAN_POINT('Ctrl Pts',(21.2847016491794,3.26519948782573E-15,
2.86));
#10807=CARTESIAN_POINT('Ctrl Pts',(21.4020477523881,4.52671814027181E-15,
2.88338360383065));
#10808=CARTESIAN_POINT('Ctrl Pts',(21.6292539244412,3.49323756780711E-15,
2.97512827445264));
#10809=CARTESIAN_POINT('Ctrl Pts',(21.7354841281775,2.29186260546738E-15,
3.04485123892667));
#10810=CARTESIAN_POINT('Ctrl Pts',(21.9268654897149,3.88678784083662E-15,
3.22704949103208));
#10811=CARTESIAN_POINT('Ctrl Pts',(22.0073408467817,-5.90527198105134E-16,
3.34126832890419));
#10812=CARTESIAN_POINT('Ctrl Pts',(22.1009838654073,-6.45252714918033E-16,
3.5434255313982));
#10813=CARTESIAN_POINT('Ctrl Pts',(22.1279625028389,-7.07843305702854E-11,
3.62386726332981));
#10814=CARTESIAN_POINT('Ctrl Pts',(22.1643793828059,-1.38231429517342E-10,
3.78914056188848));
#10815=CARTESIAN_POINT('Ctrl Pts',(22.1737113583085,1.507687721849E-11,
3.87372269080255));
#10816=CARTESIAN_POINT('Ctrl Pts',(22.1740653255946,-1.23696561743027E-12,
3.96010280764264));
#10817=CARTESIAN_POINT('Ctrl Pts',(22.1740686807495,-4.32033688846296E-15,
3.96174036286966));
#10818=CARTESIAN_POINT('Ctrl Pts',(22.1740686807495,-4.3256687767209E-15,
3.96337791896249));
#10819=CARTESIAN_POINT('Origin',(21.562956421304,-5.08816276219699,3.));
#10820=CARTESIAN_POINT('',(20.1995039568297,-4.46286493146426,2.));
#10821=CARTESIAN_POINT('',(21.1084722664792,-4.87973015195274,3.));
#10822=CARTESIAN_POINT('Origin',(20.1995039568297,-4.46286493146426,3.));
#10823=CARTESIAN_POINT('Origin',(21.562956421304,-5.08816276219699,3.));
#10824=CARTESIAN_POINT('Origin',(21.562956421304,-5.08816276219699,2.));
#10825=CARTESIAN_POINT('Origin',(10.4682944589647,-5.20417042793042E-17,
3.));
#10826=CARTESIAN_POINT('Origin',(10.4682944589647,-5.20417042793042E-17,
3.));
#10827=CARTESIAN_POINT('Origin',(10.4682944589647,-5.20417042793042E-17,
2.));
#10828=CARTESIAN_POINT('Ctrl Pts',(21.1740686807495,-0.422618261740704,
3.05707013192584));
#10829=CARTESIAN_POINT('Ctrl Pts',(21.1740686807495,-0.281660575908172,
2.99134048354633));
#10830=CARTESIAN_POINT('Ctrl Pts',(21.171278995768,-0.140733723113896,2.92559213845447));
#10831=CARTESIAN_POINT('Ctrl Pts',(21.1636949250028,0.052008953409481,2.8357027024198));
#10832=CARTESIAN_POINT('Ctrl Pts',(21.1588760461812,0.183675402982734,2.77706981579913));
#10833=CARTESIAN_POINT('Ctrl Pts',(21.1460438712488,0.431473539708915,2.67752692173138));
#10834=CARTESIAN_POINT('Ctrl Pts',(21.1147961045591,0.871540268165338,2.52372424536196));
#10835=CARTESIAN_POINT('Ctrl Pts',(20.9880503475472,1.95518510556927,2.23956784612968));
#10836=CARTESIAN_POINT('Ctrl Pts',(20.7635561961048,2.84987057454402,2.09445385320845));
#10837=CARTESIAN_POINT('Ctrl Pts',(20.5348978437902,3.50000000000001,1.99999999999996));
#10838=CARTESIAN_POINT('Ctrl Pts',(21.4732679810914,-0.422618261740704,
3.05707013192584));
#10839=CARTESIAN_POINT('Ctrl Pts',(21.4743508402452,-0.2784292064036,2.98978548065492));
#10840=CARTESIAN_POINT('Ctrl Pts',(21.4725747339688,-0.134275718564891,
2.92249066916311));
#10841=CARTESIAN_POINT('Ctrl Pts',(21.4662800715185,0.0629562151177097,
2.83045432942887));
#10842=CARTESIAN_POINT('Ctrl Pts',(21.461851069247,0.19748455017189,2.7709535315423));
#10843=CARTESIAN_POINT('Ctrl Pts',(21.4496342774234,0.451119603295759,2.66982180326313));
#10844=CARTESIAN_POINT('Ctrl Pts',(21.4187182032088,0.902029333100537,2.51396106260739));
#10845=CARTESIAN_POINT('Ctrl Pts',(21.2901016577633,2.01477172993064,2.22676464588652));
#10846=CARTESIAN_POINT('Ctrl Pts',(21.0601988879206,2.93411509304245,2.080267242408));
#10847=CARTESIAN_POINT('Ctrl Pts',(20.8253498263193,3.60296068915577,1.98504138800829));
#10848=CARTESIAN_POINT('Ctrl Pts',(21.9913174291136,-0.316503679331199,
3.28463358827001));
#10849=CARTESIAN_POINT('Ctrl Pts',(21.9941240164778,-0.16591154521397,3.21650617175929));
#10850=CARTESIAN_POINT('Ctrl Pts',(21.9939688927933,-0.0152419446832796,
3.14831812056988));
#10851=CARTESIAN_POINT('Ctrl Pts',(21.9897030873559,0.190697722638119,3.05518025277883));
#10852=CARTESIAN_POINT('Ctrl Pts',(21.985883116947,0.322974506325554,2.99845833446121));
#10853=CARTESIAN_POINT('Ctrl Pts',(21.974603674595,0.577022710121358,2.90034057436803));
#10854=CARTESIAN_POINT('Ctrl Pts',(21.944139069838,1.02967463525963,2.74914775600475));
#10855=CARTESIAN_POINT('Ctrl Pts',(21.8121250064354,2.1652693905867,2.46664234932467));
#10856=CARTESIAN_POINT('Ctrl Pts',(21.57306558662,3.12363448123672,2.31936426249426));
#10857=CARTESIAN_POINT('Ctrl Pts',(21.3275508385496,3.81951485860084,2.22439299749915));
#10858=CARTESIAN_POINT('Ctrl Pts',(22.1740686807495,-0.0948353161683951,
3.76000292713067));
#10859=CARTESIAN_POINT('Ctrl Pts',(22.1753291248719,0.0589665459144537,
3.69355908290845));
#10860=CARTESIAN_POINT('Ctrl Pts',(22.1735506513808,0.212774041270372,3.6270831007664));
#10861=CARTESIAN_POINT('Ctrl Pts',(22.1669987994894,0.422494556056216,3.53649456066209));
#10862=CARTESIAN_POINT('Ctrl Pts',(22.1623386028575,0.541737706667609,3.48736851454659));
#10863=CARTESIAN_POINT('Ctrl Pts',(22.1494357702034,0.779415100437368,3.39891305332883));
#10864=CARTESIAN_POINT('Ctrl Pts',(22.1166704094837,1.20334057635614,3.26208357173409));
#10865=CARTESIAN_POINT('Ctrl Pts',(21.9800260878073,2.30029599965804,2.99610223644617));
#10866=CARTESIAN_POINT('Ctrl Pts',(21.7356298559364,3.25884974895219,2.85307908149731));
#10867=CARTESIAN_POINT('Ctrl Pts',(21.4858543720386,3.95468135585685,2.76034684235435));
#10868=CARTESIAN_POINT('Ctrl Pts',(22.1740686807495,-4.3256687767209E-15,
3.96337791896249));
#10869=CARTESIAN_POINT('Ctrl Pts',(22.1740686807495,0.15412419606452,3.89764827058298));
#10870=CARTESIAN_POINT('Ctrl Pts',(22.1710184181653,0.308213924305,3.83190041044414));
#10871=CARTESIAN_POINT('Ctrl Pts',(22.1627259380308,0.518062731940162,3.74239482189795));
#10872=CARTESIAN_POINT('Ctrl Pts',(22.1574569396081,0.630940697396065,3.69651290674447));
#10873=CARTESIAN_POINT('Ctrl Pts',(22.1434261428229,0.85998906172494,3.61218224686297));
#10874=CARTESIAN_POINT('Ctrl Pts',(22.1092595992151,1.26873674615918,3.48148898978101));
#10875=CARTESIAN_POINT('Ctrl Pts',(21.9706748332361,2.34145099680951,3.222563073373));
#10876=CARTESIAN_POINT('Ctrl Pts',(21.7252112360729,3.29341372525239,3.08138830805009));
#10877=CARTESIAN_POINT('Ctrl Pts',(21.4751944702912,3.98413130708101,2.98961036833688));
#10878=CARTESIAN_POINT('',(21.5029817679047,3.90651073533921,3.));
#10879=CARTESIAN_POINT('Ctrl Pts',(21.5029801527441,3.90650653094165,2.99997291887471));
#10880=CARTESIAN_POINT('Ctrl Pts',(21.7388907531683,3.23998686654308,3.08938132030267));
#10881=CARTESIAN_POINT('Ctrl Pts',(21.9741315411017,2.31469437777085,3.22902144017512));
#10882=CARTESIAN_POINT('Ctrl Pts',(22.1092595992151,1.26873674615918,3.48148898978101));
#10883=CARTESIAN_POINT('Ctrl Pts',(22.1434261428229,0.85998906172494,3.61218224686297));
#10884=CARTESIAN_POINT('Ctrl Pts',(22.1574569396081,0.630940697396065,3.69651290674447));
#10885=CARTESIAN_POINT('Ctrl Pts',(22.1627259380308,0.518062731940162,3.74239482189795));
#10886=CARTESIAN_POINT('Ctrl Pts',(22.1710184181653,0.308213924305,3.83190041044414));
#10887=CARTESIAN_POINT('Ctrl Pts',(22.1740686807495,0.15412419606452,3.89764827058298));
#10888=CARTESIAN_POINT('Ctrl Pts',(22.1740686807495,-4.3256687767209E-15,
3.96337791896249));
#10889=CARTESIAN_POINT('',(20.5348978437902,3.50000000000001,1.99999999999996));
#10890=CARTESIAN_POINT('Ctrl Pts',(21.1657419718187,-1.54513379847912E-5,
2.85996533339386));
#10891=CARTESIAN_POINT('Ctrl Pts',(21.165733758773,0.000193582531142797,
2.8598678461255));
#10892=CARTESIAN_POINT('Ctrl Pts',(21.1657255396645,0.000402617314188405,
2.85977035848381));
#10893=CARTESIAN_POINT('Ctrl Pts',(21.1636949250028,0.052008953409481,2.8357027024198));
#10894=CARTESIAN_POINT('Ctrl Pts',(21.1588760461812,0.183675402982734,2.77706981579913));
#10895=CARTESIAN_POINT('Ctrl Pts',(21.1460438712488,0.431473539708915,2.67752692173138));
#10896=CARTESIAN_POINT('Ctrl Pts',(21.1147961045591,0.871540268165338,2.52372424536196));
#10897=CARTESIAN_POINT('Ctrl Pts',(20.9880503871685,1.95518476681669,2.23956793495833));
#10898=CARTESIAN_POINT('Ctrl Pts',(20.7635563540051,2.84986994525734,2.09445395527595));
#10899=CARTESIAN_POINT('Ctrl Pts',(20.5348981654488,3.4999990854489,2.00000013287024));
#10900=CARTESIAN_POINT('',(20.5830084895885,3.50801393476916,2.));
#10901=CARTESIAN_POINT('Ctrl Pts',(20.5348978437903,3.49999999999975,2.));
#10902=CARTESIAN_POINT('Ctrl Pts',(20.5514770945051,3.49999999999975,2.));
#10903=CARTESIAN_POINT('Ctrl Pts',(20.5675533366272,3.5025438299269,2.));
#10904=CARTESIAN_POINT('Ctrl Pts',(20.5830084895885,3.50801393476916,2.));
#10905=CARTESIAN_POINT('Ctrl Pts',(20.5829825453608,3.50801535131129,2.0000757288067));
#10906=CARTESIAN_POINT('Ctrl Pts',(20.6241135893822,3.52259150178756,2.00020656972334));
#10907=CARTESIAN_POINT('Ctrl Pts',(20.6649938543477,3.53730722228705,2.00334265319418));
#10908=CARTESIAN_POINT('Ctrl Pts',(20.7054058902539,3.55206157461518,2.00929748298793));
#10909=CARTESIAN_POINT('Ctrl Pts',(20.7469460439682,3.56722780046655,2.01541854418736));
#10910=CARTESIAN_POINT('Ctrl Pts',(20.787992442366,3.58243522021389,2.02451817256661));
#10911=CARTESIAN_POINT('Ctrl Pts',(20.8283036003335,3.59758187583364,2.03644844650669));
#10912=CARTESIAN_POINT('Ctrl Pts',(20.865430257542,3.61153197598964,2.04743625269511));
#10913=CARTESIAN_POINT('Ctrl Pts',(20.9019337931362,3.62543086811711,2.06082601796178));
#10914=CARTESIAN_POINT('Ctrl Pts',(20.9376106263437,3.63920011496358,2.07653828802791));
#10915=CARTESIAN_POINT('Ctrl Pts',(20.9763096583174,3.65413576020051,2.09358155075615));
#10916=CARTESIAN_POINT('Ctrl Pts',(21.0137821021377,3.6688210695311,2.11324487143584));
#10917=CARTESIAN_POINT('Ctrl Pts',(21.0497927747969,3.68316032664971,2.13536824584068));
#10918=CARTESIAN_POINT('Ctrl Pts',(21.085453749323,3.69736033584336,2.15727678108383));
#10919=CARTESIAN_POINT('Ctrl Pts',(21.1196821181206,3.71122139027501,2.18159839374455));
#10920=CARTESIAN_POINT('Ctrl Pts',(21.1522275743218,3.72465113885663,2.20822263672729));
#10921=CARTESIAN_POINT('Ctrl Pts',(21.1821586306084,3.73700206607136,2.23270813511384));
#10922=CARTESIAN_POINT('Ctrl Pts',(21.2106666206494,3.74898844118731,2.25914193370458));
#10923=CARTESIAN_POINT('Ctrl Pts',(21.237530225836,3.76053448097551,2.28746630879391));
#10924=CARTESIAN_POINT('Ctrl Pts',(21.2595010779215,3.7699776041378,2.31063187615468));
#10925=CARTESIAN_POINT('Ctrl Pts',(21.2802650529519,3.77908030689081,2.33495058484165));
#10926=CARTESIAN_POINT('Ctrl Pts',(21.2997217750125,3.78780627643163,2.3603692317014));
#10927=CARTESIAN_POINT('Ctrl Pts',(21.3253811646883,3.79931402434774,2.39389116631995));
#10928=CARTESIAN_POINT('Ctrl Pts',(21.3487688195269,3.81016706274229,2.4293251086093));
#10929=CARTESIAN_POINT('Ctrl Pts',(21.3698318863677,3.82032012615333,2.4663655653433));
#10930=CARTESIAN_POINT('Ctrl Pts',(21.3912043858767,3.83062234588263,2.50395017490381));
#10931=CARTESIAN_POINT('Ctrl Pts',(21.4101839272868,3.8402041816231,2.54318991030296));
#10932=CARTESIAN_POINT('Ctrl Pts',(21.4266710251486,3.84900744869151,2.58379194916728));
#10933=CARTESIAN_POINT('Ctrl Pts',(21.4297091237127,3.8506296379491,2.59127373868589));
#10934=CARTESIAN_POINT('Ctrl Pts',(21.4326624591545,3.85222535331719,2.59880183167608));
#10935=CARTESIAN_POINT('Ctrl Pts',(21.4355302294129,3.85379417790304,2.60637444623735));
#10936=CARTESIAN_POINT('Ctrl Pts',(21.4510675303961,3.86229391727667,2.64740213711387));
#10937=CARTESIAN_POINT('Ctrl Pts',(21.4639963825347,3.86994990434001,2.68946921580502));
#10938=CARTESIAN_POINT('Ctrl Pts',(21.4742630907311,3.87671844587196,2.7322629339244));
#10939=CARTESIAN_POINT('Ctrl Pts',(21.4844979949189,3.88346601994777,2.77492408649712));
#10940=CARTESIAN_POINT('Ctrl Pts',(21.4920874993966,3.88933190540183,2.81830853116485));
#10941=CARTESIAN_POINT('Ctrl Pts',(21.4969328020062,3.89425978929598,2.86212528255337));
#10942=CARTESIAN_POINT('Ctrl Pts',(21.5017781046159,3.89918767319012,2.9059420339419));
#10943=CARTESIAN_POINT('Ctrl Pts',(21.5038795393907,3.90317783857035,2.95019221661592));
#10944=CARTESIAN_POINT('Ctrl Pts',(21.5030880311199,3.90615680522959,2.99458677054085));
#10945=CARTESIAN_POINT('Ctrl Pts',(21.5030560264233,3.90627725997105,2.99638186767594));
#10946=CARTESIAN_POINT('Ctrl Pts',(21.5030192887871,3.90639604266841,2.99817696097956));
#10947=CARTESIAN_POINT('Ctrl Pts',(21.5029778102822,3.90651314910726,2.99997203109992));
#10948=CARTESIAN_POINT('Origin',(10.4682944589647,-5.20417042793042E-17,
3.));
#10949=CARTESIAN_POINT('',(20.3482174615682,4.12319331955938,2.));
#10950=CARTESIAN_POINT('Origin',(10.4682944589647,-5.20417042793042E-17,
2.));
#10951=CARTESIAN_POINT('',(21.2710767333898,4.50833065144606,3.));
#10952=CARTESIAN_POINT('Origin',(20.3482174615682,4.12319331955938,3.));
#10953=CARTESIAN_POINT('Origin',(10.4682944589647,-5.20417042793042E-17,
3.));
#10954=CARTESIAN_POINT('Origin',(21.7325063693007,4.7008993173894,3.));
#10955=CARTESIAN_POINT('Origin',(21.7325063693007,4.7008993173894,3.));
#10956=CARTESIAN_POINT('Origin',(21.7325063693007,4.7008993173894,2.));
#10957=CARTESIAN_POINT('Origin',(25.1000000000018,-0.573159574129016,2.));
#10958=CARTESIAN_POINT('',(20.0551514760505,3.50000000000002,1.99999999999996));
#10959=CARTESIAN_POINT('',(18.75,3.50000000000002,1.99999999999996));
#10960=CARTESIAN_POINT('',(18.75,3.50000000000002,1.99999999999996));
#10961=CARTESIAN_POINT('Ctrl Pts',(14.45,14.0462764116535,0.467787481879067));
#10962=CARTESIAN_POINT('Ctrl Pts',(26.2795869648316,14.0462764116535,0.467787481879067));
#10963=CARTESIAN_POINT('Ctrl Pts',(14.45,11.9370211293228,0.774229985503247));
#10964=CARTESIAN_POINT('Ctrl Pts',(26.2795869648316,11.9370211293228,0.774229985503247));
#10965=CARTESIAN_POINT('Ctrl Pts',(14.45,9.82776584699207,1.08067248912743));
#10966=CARTESIAN_POINT('Ctrl Pts',(26.2795869648316,9.82776584699207,1.08067248912743));
#10967=CARTESIAN_POINT('Ctrl Pts',(14.45,7.71851056466138,1.38711499275161));
#10968=CARTESIAN_POINT('Ctrl Pts',(26.2795869648316,7.71851056466138,1.38711499275161));
#10969=CARTESIAN_POINT('Ctrl Pts',(14.45,5.60925528233068,1.69355749637578));
#10970=CARTESIAN_POINT('Ctrl Pts',(26.2795869648316,5.60925528233068,1.69355749637578));
#10971=CARTESIAN_POINT('Ctrl Pts',(14.45,3.49999999999998,1.99999999999996));
#10972=CARTESIAN_POINT('Ctrl Pts',(26.2795869648316,3.49999999999998,1.99999999999996));
#10973=CARTESIAN_POINT('Ctrl Pts',(14.45,3.3504449939001,2.02172805296856));
#10974=CARTESIAN_POINT('Ctrl Pts',(26.2795869648316,3.3504449939001,2.02172805296856));
#10975=CARTESIAN_POINT('Ctrl Pts',(14.45,3.05244579948558,2.06665733683876));
#10976=CARTESIAN_POINT('Ctrl Pts',(26.2795869648316,3.05244579948558,2.06665733683876));
#10977=CARTESIAN_POINT('Ctrl Pts',(14.45,2.60877806013471,2.13846893830996));
#10978=CARTESIAN_POINT('Ctrl Pts',(26.2795869648316,2.60877806013471,2.13846893830996));
#10979=CARTESIAN_POINT('Ctrl Pts',(14.45,2.02434614151426,2.24366707740064));
#10980=CARTESIAN_POINT('Ctrl Pts',(26.2795869648316,2.02434614151426,2.24366707740064));
#10981=CARTESIAN_POINT('Ctrl Pts',(14.45,1.31149094997256,2.39861839060808));
#10982=CARTESIAN_POINT('Ctrl Pts',(26.2795869648316,1.31149094997256,2.39861839060808));
#10983=CARTESIAN_POINT('Ctrl Pts',(14.45,0.764269278385248,2.55316514073073));
#10984=CARTESIAN_POINT('Ctrl Pts',(26.2795869648316,0.764269278385248,2.55316514073073));
#10985=CARTESIAN_POINT('Ctrl Pts',(14.45,0.373341751102284,2.69492135205002));
#10986=CARTESIAN_POINT('Ctrl Pts',(26.2795869648316,0.373341751102284,2.69492135205002));
#10987=CARTESIAN_POINT('Ctrl Pts',(14.45,0.122771122120602,2.80275088555488));
#10988=CARTESIAN_POINT('Ctrl Pts',(26.2795869648316,0.122771122120602,2.80275088555488));
#10989=CARTESIAN_POINT('Ctrl Pts',(14.45,0.,2.86));
#10990=CARTESIAN_POINT('Ctrl Pts',(26.2795869648316,0.,2.86));
#10991=CARTESIAN_POINT('Ctrl Pts',(14.45,-1.44321645889905,3.53298288715997));
#10992=CARTESIAN_POINT('Ctrl Pts',(26.2795869648316,-1.44321645889905,3.53298288715997));
#10993=CARTESIAN_POINT('Ctrl Pts',(14.45,-2.88643291779811,4.20596577431994));
#10994=CARTESIAN_POINT('Ctrl Pts',(26.2795869648316,-2.88643291779811,4.20596577431994));
#10995=CARTESIAN_POINT('Ctrl Pts',(14.45,-4.32964937669716,4.87894866147991));
#10996=CARTESIAN_POINT('Ctrl Pts',(26.2795869648316,-4.32964937669716,4.87894866147991));
#10997=CARTESIAN_POINT('Ctrl Pts',(14.45,-5.77286583559621,5.55193154863988));
#10998=CARTESIAN_POINT('Ctrl Pts',(26.2795869648316,-5.77286583559621,5.55193154863988));
#10999=CARTESIAN_POINT('Ctrl Pts',(14.45,-7.21608229449526,6.22491443579985));
#11000=CARTESIAN_POINT('Ctrl Pts',(26.2795869648316,-7.21608229449526,6.22491443579985));
#11001=CARTESIAN_POINT('',(14.45,0.,2.86));
#11002=CARTESIAN_POINT('',(18.75,0.,2.86));
#11003=CARTESIAN_POINT('',(14.45,3.0544058284429,2.06768612138378));
#11004=CARTESIAN_POINT('Ctrl Pts',(14.45,0.,2.86));
#11005=CARTESIAN_POINT('Ctrl Pts',(14.45,0.067397025976833,2.82857225065013));
#11006=CARTESIAN_POINT('Ctrl Pts',(14.45,0.135706271961198,2.7983542968248));
#11007=CARTESIAN_POINT('Ctrl Pts',(14.45,0.204908396025514,2.76932048706139));
#11008=CARTESIAN_POINT('Ctrl Pts',(14.45,0.281037113166695,2.73738061930595));
#11009=CARTESIAN_POINT('Ctrl Pts',(14.45,0.358246023417193,2.70687331472441));
#11010=CARTESIAN_POINT('Ctrl Pts',(14.45,0.436468394840137,2.67771007273807));
#11011=CARTESIAN_POINT('Ctrl Pts',(14.45,0.530389659598527,2.64269389358132));
#11012=CARTESIAN_POINT('Ctrl Pts',(14.45,0.625771162328723,2.60961429699069));
#11013=CARTESIAN_POINT('Ctrl Pts',(14.45,0.722449235821732,2.57825422583596));
#11014=CARTESIAN_POINT('Ctrl Pts',(14.45,0.904366028997436,2.51924473824369));
#11015=CARTESIAN_POINT('Ctrl Pts',(14.45,1.09086923024893,2.46631779205368));
#11016=CARTESIAN_POINT('Ctrl Pts',(14.45,1.28073011965479,2.41784384631135));
#11017=CARTESIAN_POINT('Ctrl Pts',(14.45,1.38987481585335,2.38997779081067));
#11018=CARTESIAN_POINT('Ctrl Pts',(14.45,1.50012771674644,2.36358144773532));
#11019=CARTESIAN_POINT('Ctrl Pts',(14.45,1.61127748998532,2.33837454595817));
#11020=CARTESIAN_POINT('Ctrl Pts',(14.45,1.71714960276858,2.31436452893248));
#11021=CARTESIAN_POINT('Ctrl Pts',(14.45,1.82383524399518,2.29143342166726));
#11022=CARTESIAN_POINT('Ctrl Pts',(14.45,1.93118043307313,2.26937701352306));
#11023=CARTESIAN_POINT('Ctrl Pts',(14.45,2.03587377775753,2.24786548459312));
#11024=CARTESIAN_POINT('Ctrl Pts',(14.45,2.14119432838309,2.2271857626114));
#11025=CARTESIAN_POINT('Ctrl Pts',(14.45,2.2470301232897,2.20718936287662));
#11026=CARTESIAN_POINT('Ctrl Pts',(14.45,2.35398950133274,2.18698067563031));
#11027=CARTESIAN_POINT('Ctrl Pts',(14.45,2.46147518592369,2.16746998152263));
#11028=CARTESIAN_POINT('Ctrl Pts',(14.45,2.56940399428627,2.14854696270304));
#11029=CARTESIAN_POINT('Ctrl Pts',(14.45,2.68029404348245,2.12910475334597));
#11030=CARTESIAN_POINT('Ctrl Pts',(14.45,2.79165186777381,2.11028291211496));
#11031=CARTESIAN_POINT('Ctrl Pts',(14.45,2.90342090371685,2.09200642399146));
#11032=CARTESIAN_POINT('Ctrl Pts',(14.45,2.9536666974663,2.08379022488972));
#11033=CARTESIAN_POINT('Ctrl Pts',(14.45,3.0039960429359,2.07568483293568));
#11034=CARTESIAN_POINT('Ctrl Pts',(14.45,3.0544058284429,2.06768612138378));
#11035=CARTESIAN_POINT('',(20.0885025743036,3.0544058284429,2.06768612138378));
#11036=CARTESIAN_POINT('',(18.75,3.0544058284429,2.06768612138378));
#11037=CARTESIAN_POINT('',(20.2218330970869,3.36826162991009,2.01939402125267));
#11038=CARTESIAN_POINT('Ctrl Pts',(20.0885025915915,3.05437695277561,2.06768916270438));
#11039=CARTESIAN_POINT('Ctrl Pts',(20.1044562489417,3.05441570140436,2.06768497627639));
#11040=CARTESIAN_POINT('Ctrl Pts',(20.1199696099034,3.05732406557612,2.06722301075768));
#11041=CARTESIAN_POINT('Ctrl Pts',(20.1346865150545,3.06339148224422,2.066262194684));
#11042=CARTESIAN_POINT('Ctrl Pts',(20.1472367046324,3.06856561557257,2.06544283601107));
#11043=CARTESIAN_POINT('Ctrl Pts',(20.1586104230375,3.07578610306267,2.0643004415595));
#11044=CARTESIAN_POINT('Ctrl Pts',(20.1688019856969,3.08453564027181,2.06291695926131));
#11045=CARTESIAN_POINT('Ctrl Pts',(20.1707874498404,3.08624017695397,2.06264743685458));
#11046=CARTESIAN_POINT('Ctrl Pts',(20.1727280700646,3.08800289110909,2.06236872593738));
#11047=CARTESIAN_POINT('Ctrl Pts',(20.1746238356037,3.08982025672008,2.06208137139462));
#11048=CARTESIAN_POINT('Ctrl Pts',(20.1829061241127,3.09776002881041,2.06082596655761));
#11049=CARTESIAN_POINT('Ctrl Pts',(20.1902190911906,3.10661755250957,2.05942573273661));
#11050=CARTESIAN_POINT('Ctrl Pts',(20.1966353102265,3.11605842509637,2.05793444193975));
#11051=CARTESIAN_POINT('Ctrl Pts',(20.2022881791275,3.12437609859626,2.05662057292735));
#11052=CARTESIAN_POINT('Ctrl Pts',(20.2072450359502,3.13314895911369,2.05523585668016));
#11053=CARTESIAN_POINT('Ctrl Pts',(20.2115581195983,3.14217257542195,2.05381631803051));
#11054=CARTESIAN_POINT('Ctrl Pts',(20.2175763503672,3.15476361462826,2.05183557481382));
#11055=CARTESIAN_POINT('Ctrl Pts',(20.2224498089739,3.16805207427514,2.0497548676931));
#11056=CARTESIAN_POINT('Ctrl Pts',(20.2262711321968,3.18180835212349,2.04762050375861));
#11057=CARTESIAN_POINT('Ctrl Pts',(20.2271387129426,3.18493153252448,2.04713592474078));
#11058=CARTESIAN_POINT('Ctrl Pts',(20.2279520889987,3.18807865272452,2.04664861120595));
#11059=CARTESIAN_POINT('Ctrl Pts',(20.2287124024018,3.19124646048003,2.04615917274395));
#11060=CARTESIAN_POINT('Ctrl Pts',(20.2311061901338,3.20122005730314,2.04461821373809));
#11061=CARTESIAN_POINT('Ctrl Pts',(20.2329737097377,3.21140275848256,2.04305595201483));
#11062=CARTESIAN_POINT('Ctrl Pts',(20.2343543610026,3.22158574689608,2.04149907858701));
#11063=CARTESIAN_POINT('Ctrl Pts',(20.2348488549295,3.22523288506648,2.04094146894684));
#11064=CARTESIAN_POINT('Ctrl Pts',(20.23528092825,3.22887957166519,2.04038457988495));
#11065=CARTESIAN_POINT('Ctrl Pts',(20.2356525039888,3.23251459975347,2.03982973349543));
#11066=CARTESIAN_POINT('Ctrl Pts',(20.236770221794,3.24344894016444,2.03816072870331));
#11067=CARTESIAN_POINT('Ctrl Pts',(20.2373552989971,3.25444884587154,2.03648428385757));
#11068=CARTESIAN_POINT('Ctrl Pts',(20.2374182457135,3.26524488543979,2.03482676929442));
#11069=CARTESIAN_POINT('Ctrl Pts',(20.2374282062259,3.2669532205501,2.03456448882516));
#11070=CARTESIAN_POINT('Ctrl Pts',(20.237425101268,3.26865634536527,2.03430268731726));
#11071=CARTESIAN_POINT('Ctrl Pts',(20.2374089813799,3.27035307561427,2.03404147519119));
#11072=CARTESIAN_POINT('Ctrl Pts',(20.2373569660075,3.27582805505727,2.0331986004789));
#11073=CARTESIAN_POINT('Ctrl Pts',(20.237169359955,3.28123937380426,2.03236165933281));
#11074=CARTESIAN_POINT('Ctrl Pts',(20.2368448172416,3.28666100537033,2.03152724374496));
#11075=CARTESIAN_POINT('Ctrl Pts',(20.2365067002463,3.29230940140391,2.0306579279976));
#11076=CARTESIAN_POINT('Ctrl Pts',(20.2360186242217,3.29798929065193,2.02978829915257));
#11077=CARTESIAN_POINT('Ctrl Pts',(20.2353769839824,3.30373888681276,2.02891745020646));
#11078=CARTESIAN_POINT('Ctrl Pts',(20.23516877311,3.3056046183538,2.02863486160357));
#11079=CARTESIAN_POINT('Ctrl Pts',(20.2349444048557,3.30747728972435,2.02835216929328));
#11080=CARTESIAN_POINT('Ctrl Pts',(20.2347037949075,3.3093569996201,2.02806941640393));
#11081=CARTESIAN_POINT('Ctrl Pts',(20.2340515249632,3.31445270858047,2.02730290108417));
#11082=CARTESIAN_POINT('Ctrl Pts',(20.2332788263753,3.31961027492107,2.0265346465441));
#11083=CARTESIAN_POINT('Ctrl Pts',(20.2323836819433,3.3248070838271,2.02576709962165));
#11084=CARTESIAN_POINT('Ctrl Pts',(20.2315491458812,3.3296520275987,2.02505152170672));
#11085=CARTESIAN_POINT('Ctrl Pts',(20.2306072816161,3.33453610187234,2.0243357900759));
#11086=CARTESIAN_POINT('Ctrl Pts',(20.2295567125175,3.33941142239306,2.02362379374824));
#11087=CARTESIAN_POINT('Ctrl Pts',(20.2283183539105,3.34515820776571,2.02278452788587));
#11088=CARTESIAN_POINT('Ctrl Pts',(20.2269271547174,3.35090227018013,2.0219491507592));
#11089=CARTESIAN_POINT('Ctrl Pts',(20.2253811973024,3.35651333331356,2.02112759070074));
#11090=CARTESIAN_POINT('Ctrl Pts',(20.2252411772596,3.35702153702744,2.0210531805822));
#11091=CARTESIAN_POINT('Ctrl Pts',(20.2250998886936,3.35752861467352,2.02097888625804));
#11092=CARTESIAN_POINT('Ctrl Pts',(20.2249573307454,3.35803444896811,2.02090471656861));
#11093=CARTESIAN_POINT('Ctrl Pts',(20.2239774904125,3.36151118842553,2.02039492771371));
#11094=CARTESIAN_POINT('Ctrl Pts',(20.222936285219,3.36493466031132,2.01989026305116));
#11095=CARTESIAN_POINT('Ctrl Pts',(20.2218330963259,3.36826163122634,2.01939403164797));
#11096=CARTESIAN_POINT('Ctrl Pts',(20.221833097087,3.36826162990988,2.0193940212527));
#11097=CARTESIAN_POINT('Ctrl Pts',(20.2116273010726,3.39904019306429,2.01480324905174));
#11098=CARTESIAN_POINT('Ctrl Pts',(20.2048838469948,3.42799214200621,2.01052955228486));
#11099=CARTESIAN_POINT('Ctrl Pts',(20.1867919761597,3.45132947159129,2.00710574067433));
#11100=CARTESIAN_POINT('Ctrl Pts',(20.1791533038786,3.46118285901832,2.00566015358809));
#11101=CARTESIAN_POINT('Ctrl Pts',(20.1691846030808,3.4704386266488,2.00430670377685));
#11102=CARTESIAN_POINT('Ctrl Pts',(20.1554343959339,3.47824247168913,2.00316795789326));
#11103=CARTESIAN_POINT('Ctrl Pts',(20.1435309592818,3.4849981935548,2.00218215532727));
#11104=CARTESIAN_POINT('Ctrl Pts',(20.1304083343376,3.48973555083396,2.00149264863696));
#11105=CARTESIAN_POINT('Ctrl Pts',(20.1171347685583,3.49303235688111,2.0010130015598));
#11106=CARTESIAN_POINT('Ctrl Pts',(20.0917682383066,3.49933273853581,2.00009636903655));
#11107=CARTESIAN_POINT('Ctrl Pts',(20.0670836532354,3.50000000000001,1.99999999999996));
#11108=CARTESIAN_POINT('Ctrl Pts',(20.0551514760505,3.50000000000001,1.99999999999996));
#11109=CARTESIAN_POINT('',(16.3518905751822,1.68877028755041,2.32102222321667));
#11110=CARTESIAN_POINT('',(16.29,1.32499996019422,2.40663638194091));
#11111=CARTESIAN_POINT('Ctrl Pts',(16.3518905751822,1.68877028755041,2.32102222321667));
#11112=CARTESIAN_POINT('Ctrl Pts',(16.3856220653676,1.7850315245809,2.29973708837228));
#11113=CARTESIAN_POINT('Ctrl Pts',(16.4326355916002,1.87629534254152,2.28053926530282));
#11114=CARTESIAN_POINT('Ctrl Pts',(16.4916822723078,1.95984581059731,2.26351102189157));
#11115=CARTESIAN_POINT('Ctrl Pts',(16.5159860645776,1.99423543581133,2.25650214542933));
#11116=CARTESIAN_POINT('Ctrl Pts',(16.5423284783618,2.02731859250471,2.24986123651888));
#11117=CARTESIAN_POINT('Ctrl Pts',(16.5706224259399,2.05890761757011,2.24359632058886));
#11118=CARTESIAN_POINT('Ctrl Pts',(16.6244129376804,2.11896250453706,2.23168589229118));
#11119=CARTESIAN_POINT('Ctrl Pts',(16.6846346494237,2.17291508199855,2.22127014748548));
#11120=CARTESIAN_POINT('Ctrl Pts',(16.75017964306,2.21978337468003,2.21235475142643));
#11121=CARTESIAN_POINT('Ctrl Pts',(16.8006659443379,2.25588387013249,2.20548763089627));
#11122=CARTESIAN_POINT('Ctrl Pts',(16.8543105030182,2.28778198309326,2.19951153338415));
#11123=CARTESIAN_POINT('Ctrl Pts',(16.910607016978,2.31504159903981,2.19444580263043));
#11124=CARTESIAN_POINT('Ctrl Pts',(16.9802394026392,2.34875864396946,2.18818006976906));
#11125=CARTESIAN_POINT('Ctrl Pts',(17.0532865884427,2.37506048621691,2.18336446616316));
#11126=CARTESIAN_POINT('Ctrl Pts',(17.128535286666,2.3934739309793,2.18000551090002));
#11127=CARTESIAN_POINT('Ctrl Pts',(17.1402428806925,2.39633879297688,2.17948290671547));
#11128=CARTESIAN_POINT('Ctrl Pts',(17.152003766283,2.39901276376137,2.17899564504618));
#11129=CARTESIAN_POINT('Ctrl Pts',(17.1638133739259,2.40149412918231,2.17854384063542));
#11130=CARTESIAN_POINT('Ctrl Pts',(17.2279870867878,2.41497793294993,2.17608872380152));
#11131=CARTESIAN_POINT('Ctrl Pts',(17.2932632361683,2.4227012124409,2.17469186402074));
#11132=CARTESIAN_POINT('Ctrl Pts',(17.358856694129,2.42455904548115,2.17435538923465));
#11133=CARTESIAN_POINT('Ctrl Pts',(17.4214772040934,2.42633267437688,2.17403416478102));
#11134=CARTESIAN_POINT('Ctrl Pts',(17.4841276564778,2.42275315609871,2.17468087127699));
#11135=CARTESIAN_POINT('Ctrl Pts',(17.5461196352844,2.41386484904173,2.17629461735032));
#11136=CARTESIAN_POINT('Ctrl Pts',(17.6241697971383,2.40267414634502,2.17832638250186));
#11137=CARTESIAN_POINT('Ctrl Pts',(17.7007276759634,2.38313239493868,2.18187791339449));
#11138=CARTESIAN_POINT('Ctrl Pts',(17.7744767333515,2.35562002771323,2.1869414293264));
#11139=CARTESIAN_POINT('Ctrl Pts',(17.8490766377793,2.32779024875352,2.19206336332754));
#11140=CARTESIAN_POINT('Ctrl Pts',(17.9201529521899,2.29205346918421,2.19868716998868));
#11141=CARTESIAN_POINT('Ctrl Pts',(17.9865575441976,2.24918848475507,2.20678167518428));
#11142=CARTESIAN_POINT('Ctrl Pts',(18.0321241670135,2.21977466684818,2.21233609926819));
#11143=CARTESIAN_POINT('Ctrl Pts',(18.0754910339499,2.18700503716942,2.21858384576614));
#11144=CARTESIAN_POINT('Ctrl Pts',(18.1162871755492,2.15113978153381,2.22552618327151));
#11145=CARTESIAN_POINT('Ctrl Pts',(18.1829007558775,2.0925775500673,2.23686191108673));
#11146=CARTESIAN_POINT('Ctrl Pts',(18.2418842763395,2.02644577147202,2.24991544780062));
#11147=CARTESIAN_POINT('Ctrl Pts',(18.2921832855193,1.95433843471057,2.26463434046078));
#11148=CARTESIAN_POINT('Ctrl Pts',(18.3140601396346,1.92297635198369,2.27103611800504));
#11149=CARTESIAN_POINT('Ctrl Pts',(18.334294149981,1.89048429552191,2.27775348561888));
#11150=CARTESIAN_POINT('Ctrl Pts',(18.352798559884,1.85699523784078,2.28478454735924));
#11151=CARTESIAN_POINT('Ctrl Pts',(18.4037710000092,1.76474593097573,2.30415238321325));
#11152=CARTESIAN_POINT('Ctrl Pts',(18.4409416587001,1.6661703782929,2.32564311660357));
#11153=CARTESIAN_POINT('Ctrl Pts',(18.4636355629889,1.56438871414741,2.34909203661678));
#11154=CARTESIAN_POINT('Ctrl Pts',(18.4700808355196,1.53548180788309,2.35575174039066));
#11155=CARTESIAN_POINT('Ctrl Pts',(18.4753583971338,1.50631614677406,2.36256919952986));
#11156=CARTESIAN_POINT('Ctrl Pts',(18.4794527852295,1.47696258998738,2.36953982068794));
#11157=CARTESIAN_POINT('Ctrl Pts',(18.4889271150984,1.40903906312002,2.38566969472514));
#11158=CARTESIAN_POINT('Ctrl Pts',(18.4919886639218,1.34068392242602,2.40248676952079));
#11159=CARTESIAN_POINT('Ctrl Pts',(18.4887624562278,1.27278457006705,2.41987555769856));
#11160=CARTESIAN_POINT('Ctrl Pts',(18.4858413142126,1.21130568532169,2.43562008643267));
#11161=CARTESIAN_POINT('Ctrl Pts',(18.4777653176736,1.15020071271593,2.45183364566071));
#11162=CARTESIAN_POINT('Ctrl Pts',(18.4646272726569,1.09010153804556,2.46839491962818));
#11163=CARTESIAN_POINT('Ctrl Pts',(18.4616287353387,1.07638491446733,2.47217475125205));
#11164=CARTESIAN_POINT('Ctrl Pts',(18.4583665140526,1.06272055544034,2.47597252593078));
#11165=CARTESIAN_POINT('Ctrl Pts',(18.4548417121464,1.04911573427769,2.47978648438358));
#11166=CARTESIAN_POINT('Ctrl Pts',(18.4405858241071,0.994091703863479,2.49521185186152));
#11167=CARTESIAN_POINT('Ctrl Pts',(18.4221221742243,0.940371756684927,2.51081329572562));
#11168=CARTESIAN_POINT('Ctrl Pts',(18.3996700458719,0.888436335824587,2.52642573530574));
#11169=CARTESIAN_POINT('Ctrl Pts',(18.3771768885552,0.836406008303308,2.54206670501973));
#11170=CARTESIAN_POINT('Ctrl Pts',(18.3506806623783,0.78616679949196,2.5577187960211));
#11171=CARTESIAN_POINT('Ctrl Pts',(18.3204018550672,0.738169803957558,2.5731735992109));
#11172=CARTESIAN_POINT('Ctrl Pts',(18.3009702643455,0.70736746872968,2.58309180395335));
#11173=CARTESIAN_POINT('Ctrl Pts',(18.2799808171877,0.677487917751182,2.59292786510872));
#11174=CARTESIAN_POINT('Ctrl Pts',(18.2574917900575,0.64864358938285,2.60261769487937));
#11175=CARTESIAN_POINT('Ctrl Pts',(18.2198541497959,0.60036971570983,2.61883459590367));
#11176=CARTESIAN_POINT('Ctrl Pts',(18.1782086668283,0.555259505449595,2.63455592667837));
#11177=CARTESIAN_POINT('Ctrl Pts',(18.1329794608988,0.513830336187638,2.64941774498975));
#11178=CARTESIAN_POINT('Ctrl Pts',(18.0745958030406,0.46035191679389,2.66860197114655));
#11179=CARTESIAN_POINT('Ctrl Pts',(18.0102407047403,0.413006372796178,2.68635306104785));
#11180=CARTESIAN_POINT('Ctrl Pts',(17.9408263984216,0.372849655358006,2.70181279814696));
#11181=CARTESIAN_POINT('Ctrl Pts',(17.8845585793669,0.34029828330701,2.71434459073929));
#11182=CARTESIAN_POINT('Ctrl Pts',(17.8253432068032,0.312699670871544,2.72527678330423));
#11183=CARTESIAN_POINT('Ctrl Pts',(17.7638240909551,0.290469378075037,2.73420217207046));
#11184=CARTESIAN_POINT('Ctrl Pts',(17.7312035822984,0.278681766230942,2.73893485909788));
#11185=CARTESIAN_POINT('Ctrl Pts',(17.6979353416173,0.268403886248767,2.74310376484166));
#11186=CARTESIAN_POINT('Ctrl Pts',(17.6641153531231,0.259701556730418,2.74665330428678));
#11187=CARTESIAN_POINT('Ctrl Pts',(17.611606630052,0.24619036908379,2.75216429917626));
#11188=CARTESIAN_POINT('Ctrl Pts',(17.5580949026302,0.236559277718203,2.75614564714944));
#11189=CARTESIAN_POINT('Ctrl Pts',(17.5039827190551,0.230921502709047,2.75847949187689));
#11190=CARTESIAN_POINT('Ctrl Pts',(17.4952361904183,0.230010229917832,2.75885672743446));
#11191=CARTESIAN_POINT('Ctrl Pts',(17.4864739739605,0.229203355178897,2.75919100788167));
#11192=CARTESIAN_POINT('Ctrl Pts',(17.4776977696463,0.228501435842679,2.759481940574));
#11193=CARTESIAN_POINT('Ctrl Pts',(17.4243782496078,0.224236949651051,2.76124949189376));
#11194=CARTESIAN_POINT('Ctrl Pts',(17.3708315717085,0.223866619223846,2.76140395097352));
#11195=CARTESIAN_POINT('Ctrl Pts',(17.3174489884705,0.227395175518055,2.75994059580297));
#11196=CARTESIAN_POINT('Ctrl Pts',(17.2634471202,0.230964666176367,2.75846026442222));
#11197=CARTESIAN_POINT('Ctrl Pts',(17.2099072259042,0.238505014199227,2.75533255827196));
#11198=CARTESIAN_POINT('Ctrl Pts',(17.1572258874717,0.249911126118605,2.75065672378366));
#11199=CARTESIAN_POINT('Ctrl Pts',(17.1500629356185,0.251461987067509,2.75002096208303));
#11200=CARTESIAN_POINT('Ctrl Pts',(17.1429158560345,0.253084362357428,2.74935664260107));
#11201=CARTESIAN_POINT('Ctrl Pts',(17.1357856455899,0.254778031426284,2.74866407264066));
#11202=CARTESIAN_POINT('Ctrl Pts',(17.0735991206126,0.269549459937681,2.74262378540428));
#11203=CARTESIAN_POINT('Ctrl Pts',(17.0131546278549,0.28963226058547,2.73447463119054));
#11204=CARTESIAN_POINT('Ctrl Pts',(16.9550478704145,0.314646333286492,2.72455501232581));
#11205=CARTESIAN_POINT('Ctrl Pts',(16.923264110217,0.328328757213001,2.71912908940159));
#11206=CARTESIAN_POINT('Ctrl Pts',(16.8921797934684,0.3434873212983,2.71317440125803));
#11207=CARTESIAN_POINT('Ctrl Pts',(16.8618924114463,0.360063538406827,2.70675126227117));
#11208=CARTESIAN_POINT('Ctrl Pts',(16.7964359928009,0.395887691376549,2.69286971667459));
#11209=CARTESIAN_POINT('Ctrl Pts',(16.7352330870531,0.438024290236506,2.6769229455047));
#11210=CARTESIAN_POINT('Ctrl Pts',(16.6790265844106,0.485634267127903,2.65960344274642));
#11211=CARTESIAN_POINT('Ctrl Pts',(16.631769010689,0.525664012567523,2.6450414678869));
#11212=CARTESIAN_POINT('Ctrl Pts',(16.588043489749,0.569563969942539,2.6295103778527));
#11213=CARTESIAN_POINT('Ctrl Pts',(16.5482915708967,0.616813511413585,2.61339270589756));
#11214=CARTESIAN_POINT('Ctrl Pts',(16.5407639500677,0.625760919307573,2.61034058346855));
#11215=CARTESIAN_POINT('Ctrl Pts',(16.5333788189975,0.634828349947781,2.60726730699538));
#11216=CARTESIAN_POINT('Ctrl Pts',(16.5261391760071,0.644012131701128,2.60417529324709));
#11217=CARTESIAN_POINT('Ctrl Pts',(16.4907200278907,0.688942762482223,2.58904795988644));
#11218=CARTESIAN_POINT('Ctrl Pts',(16.4589495100814,0.736440090959859,2.57354969697144));
#11219=CARTESIAN_POINT('Ctrl Pts',(16.431057807852,0.786067059083185,2.55792156658576));
#11220=CARTESIAN_POINT('Ctrl Pts',(16.4034645125061,0.835163079730671,2.5424606379594));
#11221=CARTESIAN_POINT('Ctrl Pts',(16.3796674796186,0.886343481272133,2.52687269407135));
#11222=CARTESIAN_POINT('Ctrl Pts',(16.3598895851265,0.939153927354836,2.51134982194442));
#11223=CARTESIAN_POINT('Ctrl Pts',(16.3518264209627,0.960683989439796,2.50502136942376));
#11224=CARTESIAN_POINT('Ctrl Pts',(16.3444312681674,0.982484611033638,2.49870324654583));
#11225=CARTESIAN_POINT('Ctrl Pts',(16.3377192289163,1.00452351286335,2.49240648887424));
#11226=CARTESIAN_POINT('Ctrl Pts',(16.3199087803394,1.06300391100195,2.47569799321223));
#11227=CARTESIAN_POINT('Ctrl Pts',(16.3070035604711,1.1228615398458,2.45922974018056));
#11228=CARTESIAN_POINT('Ctrl Pts',(16.299139099471,1.18348862224183,2.4431480118776));
#11229=CARTESIAN_POINT('Ctrl Pts',(16.2930669617995,1.23029869491261,2.43073133535644));
#11230=CARTESIAN_POINT('Ctrl Pts',(16.2899998015679,1.27756660985841,2.41854394404175));
#11231=CARTESIAN_POINT('Ctrl Pts',(16.29,1.32499995783402,2.40663637254065));
#11232=CARTESIAN_POINT('Ctrl Pts',(16.29,1.32499995783402,2.40663637254065));
#11233=CARTESIAN_POINT('Ctrl Pts',(16.2900000110058,1.33089494569177,2.40515650674137));
#11234=CARTESIAN_POINT('Ctrl Pts',(16.2900473870961,1.33679247683629,2.40368094706986));
#11235=CARTESIAN_POINT('Ctrl Pts',(16.2901422847306,1.34269198014792,2.40220977762813));
#11236=CARTESIAN_POINT('Ctrl Pts',(16.2914176377824,1.4219768811019,2.38243836344073));
#11237=CARTESIAN_POINT('Ctrl Pts',(16.3012631664977,1.50100497794771,2.36361798623762));
#11238=CARTESIAN_POINT('Ctrl Pts',(16.3195825066881,1.57839169264031,2.34587361062902));
#11239=CARTESIAN_POINT('Ctrl Pts',(16.3283946763409,1.61561709768544,2.33733801673636));
#11240=CARTESIAN_POINT('Ctrl Pts',(16.3391676078138,1.65246212058669,2.32905062856045));
#11241=CARTESIAN_POINT('Ctrl Pts',(16.3518905751822,1.68877028755041,2.32102222321667));
#11242=CARTESIAN_POINT('Ctrl Pts',(14.45,7.2160822944628,6.22491443578471));
#11243=CARTESIAN_POINT('Ctrl Pts',(26.2795869647942,7.2160822944628,6.22491443578471));
#11244=CARTESIAN_POINT('Ctrl Pts',(14.45,5.77286583557024,5.55193154862777));
#11245=CARTESIAN_POINT('Ctrl Pts',(26.2795869647942,5.77286583557024,5.55193154862777));
#11246=CARTESIAN_POINT('Ctrl Pts',(14.45,4.32964937667768,4.87894866147083));
#11247=CARTESIAN_POINT('Ctrl Pts',(26.2795869647942,4.32964937667768,4.87894866147083));
#11248=CARTESIAN_POINT('Ctrl Pts',(14.45,2.88643291778512,4.20596577431388));
#11249=CARTESIAN_POINT('Ctrl Pts',(26.2795869647942,2.88643291778512,4.20596577431388));
#11250=CARTESIAN_POINT('Ctrl Pts',(14.45,1.44321645889256,3.53298288715694));
#11251=CARTESIAN_POINT('Ctrl Pts',(26.2795869647942,1.44321645889256,3.53298288715694));
#11252=CARTESIAN_POINT('Ctrl Pts',(14.45,0.,2.86));
#11253=CARTESIAN_POINT('Ctrl Pts',(26.2795869647942,0.,2.86));
#11254=CARTESIAN_POINT('Ctrl Pts',(14.45,-0.122771122120602,2.80275088555488));
#11255=CARTESIAN_POINT('Ctrl Pts',(26.2795869647942,-0.122771122120602,
2.80275088555488));
#11256=CARTESIAN_POINT('Ctrl Pts',(14.45,-0.373341751102284,2.69492135205002));
#11257=CARTESIAN_POINT('Ctrl Pts',(26.2795869647942,-0.373341751102284,
2.69492135205002));
#11258=CARTESIAN_POINT('Ctrl Pts',(14.45,-0.764269278385248,2.55316514073073));
#11259=CARTESIAN_POINT('Ctrl Pts',(26.2795869647942,-0.764269278385248,
2.55316514073073));
#11260=CARTESIAN_POINT('Ctrl Pts',(14.45,-1.31149094997256,2.39861839060808));
#11261=CARTESIAN_POINT('Ctrl Pts',(26.2795869647942,-1.31149094997256,2.39861839060808));
#11262=CARTESIAN_POINT('Ctrl Pts',(14.45,-2.02434614151426,2.24366707740064));
#11263=CARTESIAN_POINT('Ctrl Pts',(26.2795869647942,-2.02434614151426,2.24366707740064));
#11264=CARTESIAN_POINT('Ctrl Pts',(14.45,-2.60877806013471,2.13846893830996));
#11265=CARTESIAN_POINT('Ctrl Pts',(26.2795869647942,-2.60877806013471,2.13846893830996));
#11266=CARTESIAN_POINT('Ctrl Pts',(14.45,-3.05244579948558,2.06665733683876));
#11267=CARTESIAN_POINT('Ctrl Pts',(26.2795869647942,-3.05244579948558,2.06665733683876));
#11268=CARTESIAN_POINT('Ctrl Pts',(14.45,-3.3504449939001,2.02172805296856));
#11269=CARTESIAN_POINT('Ctrl Pts',(26.2795869647942,-3.3504449939001,2.02172805296856));
#11270=CARTESIAN_POINT('Ctrl Pts',(14.45,-3.49999999999998,1.99999999999996));
#11271=CARTESIAN_POINT('Ctrl Pts',(26.2795869647942,-3.49999999999998,1.99999999999996));
#11272=CARTESIAN_POINT('Ctrl Pts',(14.45,-5.60925528233066,1.69355749637579));
#11273=CARTESIAN_POINT('Ctrl Pts',(26.2795869647942,-5.60925528233066,1.69355749637579));
#11274=CARTESIAN_POINT('Ctrl Pts',(14.45,-7.71851056466134,1.38711499275161));
#11275=CARTESIAN_POINT('Ctrl Pts',(26.2795869647942,-7.71851056466134,1.38711499275161));
#11276=CARTESIAN_POINT('Ctrl Pts',(14.45,-9.82776584699202,1.08067248912743));
#11277=CARTESIAN_POINT('Ctrl Pts',(26.2795869647942,-9.82776584699202,1.08067248912743));
#11278=CARTESIAN_POINT('Ctrl Pts',(14.45,-11.9370211293227,0.774229985503257));
#11279=CARTESIAN_POINT('Ctrl Pts',(26.2795869647942,-11.9370211293227,0.774229985503257));
#11280=CARTESIAN_POINT('Ctrl Pts',(14.45,-14.0462764116534,0.46778748187908));
#11281=CARTESIAN_POINT('Ctrl Pts',(26.2795869647942,-14.0462764116534,0.46778748187908));
#11282=CARTESIAN_POINT('',(20.0551514760505,-3.50000000000002,1.99999999999996));
#11283=CARTESIAN_POINT('',(18.75,-3.50000000000002,1.99999999999996));
#11284=CARTESIAN_POINT('',(20.221833097087,-3.36826162990981,2.01939402125271));
#11285=CARTESIAN_POINT('Ctrl Pts',(20.0551514760505,-3.50000000000002,1.99999999999996));
#11286=CARTESIAN_POINT('Ctrl Pts',(20.0684755337255,-3.50000000000002,1.99999999999996));
#11287=CARTESIAN_POINT('Ctrl Pts',(20.0967370967241,-3.49917321405852,2.0001191566322));
#11288=CARTESIAN_POINT('Ctrl Pts',(20.1245964182129,-3.49101689857459,2.00130628678703));
#11289=CARTESIAN_POINT('Ctrl Pts',(20.1460998452133,-3.48472138507216,2.00222258213308));
#11290=CARTESIAN_POINT('Ctrl Pts',(20.1602491084529,-3.47624465074647,2.0034586181183));
#11291=CARTESIAN_POINT('Ctrl Pts',(20.1701217205295,-3.46830752170357,2.00461912193982));
#11292=CARTESIAN_POINT('Ctrl Pts',(20.1798736984642,-3.4604673769992,2.00576544548345));
#11293=CARTESIAN_POINT('Ctrl Pts',(20.1876603707757,-3.45131486635422,2.00710619687973));
#11294=CARTESIAN_POINT('Ctrl Pts',(20.194137821173,-3.44059356218658,2.00868249290218));
#11295=CARTESIAN_POINT('Ctrl Pts',(20.206970443855,-3.41935334534136,2.01180532840855));
#11296=CARTESIAN_POINT('Ctrl Pts',(20.2131301171853,-3.39450801149138,2.01547924594835));
#11297=CARTESIAN_POINT('Ctrl Pts',(20.2218330970871,-3.36826162990958,2.01939402125275));
#11298=CARTESIAN_POINT('',(20.0885025743036,-3.0544058284429,2.06768612138378));
#11299=CARTESIAN_POINT('Ctrl Pts',(20.2218330963248,-3.36826163122808,2.01939403166473));
#11300=CARTESIAN_POINT('Ctrl Pts',(20.2230546393045,-3.36457771695306,2.01994350208248));
#11301=CARTESIAN_POINT('Ctrl Pts',(20.2242010187293,-3.36074988735186,2.02050498219138));
#11302=CARTESIAN_POINT('Ctrl Pts',(20.2252731131937,-3.3568342429637,2.02107413449934));
#11303=CARTESIAN_POINT('Ctrl Pts',(20.2269412434342,-3.35074167833267,2.02195970961226));
#11304=CARTESIAN_POINT('Ctrl Pts',(20.2284333027932,-3.34442488478897,2.02286573319259));
#11305=CARTESIAN_POINT('Ctrl Pts',(20.2297513211879,-3.33805417619376,2.0237793486013));
#11306=CARTESIAN_POINT('Ctrl Pts',(20.2308218571381,-3.33287968651564,2.02452141574053));
#11307=CARTESIAN_POINT('Ctrl Pts',(20.2317789301898,-3.32766232503293,2.02526949460616));
#11308=CARTESIAN_POINT('Ctrl Pts',(20.2326235670876,-3.32246838585073,2.02601851004802));
#11309=CARTESIAN_POINT('Ctrl Pts',(20.2335650604164,-3.31667884586821,2.02685341679144));
#11310=CARTESIAN_POINT('Ctrl Pts',(20.2343680648512,-3.31091132981248,2.02769055665427));
#11311=CARTESIAN_POINT('Ctrl Pts',(20.2350340090593,-3.30522510848168,2.02852503746515));
#11312=CARTESIAN_POINT('Ctrl Pts',(20.2358063999306,-3.29862998325223,2.0294929043717));
#11313=CARTESIAN_POINT('Ctrl Pts',(20.2363959603414,-3.29213188095366,2.03045909185134));
#11314=CARTESIAN_POINT('Ctrl Pts',(20.2368044415816,-3.28576993356291,2.03141927764365));
#11315=CARTESIAN_POINT('Ctrl Pts',(20.2369501890416,-3.28349996965362,2.03176187511591));
#11316=CARTESIAN_POINT('Ctrl Pts',(20.2370729014452,-3.28124684513254,2.03210373710459));
#11317=CARTESIAN_POINT('Ctrl Pts',(20.2371727152783,-3.27901076342237,2.03244475822085));
#11318=CARTESIAN_POINT('Ctrl Pts',(20.2374678615763,-3.27239874163287,2.03345314670736));
#11319=CARTESIAN_POINT('Ctrl Pts',(20.2375642496913,-3.26590899362985,2.03445865565524));
#11320=CARTESIAN_POINT('Ctrl Pts',(20.2374605785925,-3.25951359751145,2.03546045791484));
#11321=CARTESIAN_POINT('Ctrl Pts',(20.2373418681243,-3.25219043342417,2.03660758972563));
#11322=CARTESIAN_POINT('Ctrl Pts',(20.2369608786315,-3.24499055392451,2.03774984462407));
#11323=CARTESIAN_POINT('Ctrl Pts',(20.2363179346827,-3.23779953260955,2.03889081028229));
#11324=CARTESIAN_POINT('Ctrl Pts',(20.2360727301677,-3.23505703709718,2.03932594919516));
#11325=CARTESIAN_POINT('Ctrl Pts',(20.2357894422392,-3.23231520752456,2.03976094622026));
#11326=CARTESIAN_POINT('Ctrl Pts',(20.2354681333686,-3.22956590512792,2.04019614586736));
#11327=CARTESIAN_POINT('Ctrl Pts',(20.2350276494231,-3.225796872656,2.04079276325063));
#11328=CARTESIAN_POINT('Ctrl Pts',(20.2345157067937,-3.22201374140173,2.04138976914738));
#11329=CARTESIAN_POINT('Ctrl Pts',(20.2339316702304,-3.21822661717406,2.04198606361178));
#11330=CARTESIAN_POINT('Ctrl Pts',(20.2319059733658,-3.20509119696962,2.04405427629365));
#11331=CARTESIAN_POINT('Ctrl Pts',(20.2290318742721,-3.19203154266203,2.04609517791118));
#11332=CARTESIAN_POINT('Ctrl Pts',(20.2253080124337,-3.17939386152261,2.04806808115958));
#11333=CARTESIAN_POINT('Ctrl Pts',(20.221059368187,-3.16497522474288,2.05031901430358));
#11334=CARTESIAN_POINT('Ctrl Pts',(20.2157044520841,-3.15110538870587,2.05248165872222));
#11335=CARTESIAN_POINT('Ctrl Pts',(20.2092521559771,-3.13822772916722,2.05449450520045));
#11336=CARTESIAN_POINT('Ctrl Pts',(20.2068786699043,-3.13349066424344,2.05523493356947));
#11337=CARTESIAN_POINT('Ctrl Pts',(20.2043567966802,-3.1288872891736,2.05595506427762));
#11338=CARTESIAN_POINT('Ctrl Pts',(20.2016873180018,-3.12443811032555,2.0566517043541));
#11339=CARTESIAN_POINT('Ctrl Pts',(20.1939664377005,-3.11156983847761,2.0586665826475));
#11340=CARTESIAN_POINT('Ctrl Pts',(20.1847490485178,-3.09954976587526,2.06055512378709));
#11341=CARTESIAN_POINT('Ctrl Pts',(20.1738960201624,-3.08921119005539,2.06218392929469));
#11342=CARTESIAN_POINT('Ctrl Pts',(20.1697853656556,-3.08529538776531,2.06280084988877));
#11343=CARTESIAN_POINT('Ctrl Pts',(20.1654402420253,-3.08162024747454,2.06338054663881));
#11344=CARTESIAN_POINT('Ctrl Pts',(20.1608536916301,-3.07823033965948,2.06391581868685));
#11345=CARTESIAN_POINT('Ctrl Pts',(20.1513297855137,-3.07119124469867,2.06502730341786));
#11346=CARTESIAN_POINT('Ctrl Pts',(20.1409827347257,-3.06554980842181,2.06592024444715));
#11347=CARTESIAN_POINT('Ctrl Pts',(20.1298571099463,-3.06152378370239,2.06655800828081));
#11348=CARTESIAN_POINT('Ctrl Pts',(20.1286140666115,-3.06107396418283,2.06662926433145));
#11349=CARTESIAN_POINT('Ctrl Pts',(20.1273613059812,-3.06064436336045,2.06669732420274));
#11350=CARTESIAN_POINT('Ctrl Pts',(20.1260988915211,-3.06023532793265,2.06676212817018));
#11351=CARTESIAN_POINT('Ctrl Pts',(20.115142878206,-3.05668546555763,2.06732453707201));
#11352=CARTESIAN_POINT('Ctrl Pts',(20.1038452128157,-3.0548053794454,2.06762268872912));
#11353=CARTESIAN_POINT('Ctrl Pts',(20.0923535609681,-3.05446408683673,2.06767691672083));
#11354=CARTESIAN_POINT('Ctrl Pts',(20.0910722607163,-3.05442603327304,2.06768296305258));
#11355=CARTESIAN_POINT('Ctrl Pts',(20.089788545071,-3.05440716116492,2.06768596631088));
#11356=CARTESIAN_POINT('Ctrl Pts',(20.0885026159888,-3.05440732587947,2.06768594663934));
#11357=CARTESIAN_POINT('',(14.45,-3.0544058284429,2.06768612138378));
#11358=CARTESIAN_POINT('',(18.75,-3.0544058284429,2.06768612138378));
#11359=CARTESIAN_POINT('Ctrl Pts',(14.45,-3.0544058284429,2.06768612138378));
#11360=CARTESIAN_POINT('Ctrl Pts',(14.45,-2.94170394625924,2.08556895579532));
#11361=CARTESIAN_POINT('Ctrl Pts',(14.45,-2.82940211256229,2.10398233861054));
#11362=CARTESIAN_POINT('Ctrl Pts',(14.45,-2.71754344920531,2.12298345847326));
#11363=CARTESIAN_POINT('Ctrl Pts',(14.45,-2.60875971331631,2.14146224896395));
#11364=CARTESIAN_POINT('Ctrl Pts',(14.45,-2.50039500688911,2.16049676062203));
#11365=CARTESIAN_POINT('Ctrl Pts',(14.45,-2.39251922327039,2.18017968672033));
#11366=CARTESIAN_POINT('Ctrl Pts',(14.45,-2.28611188800306,2.19959468094913));
#11367=CARTESIAN_POINT('Ctrl Pts',(14.45,-2.18018020182927,2.21964048588133));
#11368=CARTESIAN_POINT('Ctrl Pts',(14.45,-2.07482197742762,2.24044682169389));
#11369=CARTESIAN_POINT('Ctrl Pts',(14.45,-1.96709775525515,2.26172039909516));
#11370=CARTESIAN_POINT('Ctrl Pts',(14.45,-1.85997295587972,2.28378893715412));
#11371=CARTESIAN_POINT('Ctrl Pts',(14.45,-1.75358640636908,2.30683654975107));
#11372=CARTESIAN_POINT('Ctrl Pts',(14.45,-1.64224582924526,2.33095740431092));
#11373=CARTESIAN_POINT('Ctrl Pts',(14.45,-1.53171406020591,2.35615090844292));
#11374=CARTESIAN_POINT('Ctrl Pts',(14.45,-1.42218595054656,2.3826754759325));
#11375=CARTESIAN_POINT('Ctrl Pts',(14.45,-1.2948964087394,2.4135013529871));
#11376=CARTESIAN_POINT('Ctrl Pts',(14.45,-1.16896272103316,2.44612537764825));
#11377=CARTESIAN_POINT('Ctrl Pts',(14.45,-1.04473738830512,2.48101504019268));
#11378=CARTESIAN_POINT('Ctrl Pts',(14.45,-0.927188140424377,2.51402967175651));
#11379=CARTESIAN_POINT('Ctrl Pts',(14.45,-0.811171850008432,2.54907732722345));
#11380=CARTESIAN_POINT('Ctrl Pts',(14.45,-0.696992690446706,2.58656140446043));
#11381=CARTESIAN_POINT('Ctrl Pts',(14.45,-0.607596512277723,2.6159094331203));
#11382=CARTESIAN_POINT('Ctrl Pts',(14.45,-0.519327329313098,2.64675209437225));
#11383=CARTESIAN_POINT('Ctrl Pts',(14.45,-0.43231415810338,2.67926049128807));
#11384=CARTESIAN_POINT('Ctrl Pts',(14.45,-0.358376732001146,2.70688374833353));
#11385=CARTESIAN_POINT('Ctrl Pts',(14.45,-0.285346641236894,2.73571032280469));
#11386=CARTESIAN_POINT('Ctrl Pts',(14.45,-0.213280635026581,2.76581547609346));
#11387=CARTESIAN_POINT('Ctrl Pts',(14.45,-0.145738897185136,2.79403064268911));
#11388=CARTESIAN_POINT('Ctrl Pts',(14.45,-0.0790443803135901,2.82336940241933));
#11389=CARTESIAN_POINT('Ctrl Pts',(14.45,-0.0132167202249633,2.85385779650061));
#11390=CARTESIAN_POINT('Ctrl Pts',(14.45,-0.00880726897520995,2.85590005483402));
#11391=CARTESIAN_POINT('Ctrl Pts',(14.45,-0.00440169537041269,2.85794745573991));
#11392=CARTESIAN_POINT('Ctrl Pts',(14.45,0.,2.86));
#11393=CARTESIAN_POINT('',(16.3582509753561,-0.943563307813295,2.51005500114679));
#11394=CARTESIAN_POINT('',(16.29,-1.325,2.40663636195539));
#11395=CARTESIAN_POINT('Ctrl Pts',(16.3582509753561,-0.943563307813296,
2.51005500114679));
#11396=CARTESIAN_POINT('Ctrl Pts',(16.3777577284149,-0.890799444622876,
2.52553420445649));
#11397=CARTESIAN_POINT('Ctrl Pts',(16.4012509672559,-0.839680116179246,
2.54107233811569));
#11398=CARTESIAN_POINT('Ctrl Pts',(16.4284885273428,-0.79066008429405,2.5564766975832));
#11399=CARTESIAN_POINT('Ctrl Pts',(16.4565082404502,-0.740232394531729,
2.57232340821029));
#11400=CARTESIAN_POINT('Ctrl Pts',(16.4884904060475,-0.692026317516047,
2.5880285758379));
#11401=CARTESIAN_POINT('Ctrl Pts',(16.5241713928217,-0.646502846632472,
2.60333721500958));
#11402=CARTESIAN_POINT('Ctrl Pts',(16.5456966441806,-0.619039924721159,
2.61257245024055));
#11403=CARTESIAN_POINT('Ctrl Pts',(16.5685680226957,-0.592552620533751,
2.62166248121385));
#11404=CARTESIAN_POINT('Ctrl Pts',(16.5927276480212,-0.567136689916822,
2.63054409076293));
#11405=CARTESIAN_POINT('Ctrl Pts',(16.640763851703,-0.516602594150553,2.64820325557089));
#11406=CARTESIAN_POINT('Ctrl Pts',(16.6936003710312,-0.470637746951202,
2.66492512404313));
#11407=CARTESIAN_POINT('Ctrl Pts',(16.750554103739,-0.429948059093935,2.68014499887257));
#11408=CARTESIAN_POINT('Ctrl Pts',(16.8090821267175,-0.388133644609104,
2.69578557485237));
#11409=CARTESIAN_POINT('Ctrl Pts',(16.8719581212951,-0.351887290581188,
2.70983631868873));
#11410=CARTESIAN_POINT('Ctrl Pts',(16.9384407589465,-0.321957502485956,
2.72166109033103));
#11411=CARTESIAN_POINT('Ctrl Pts',(16.9923743687125,-0.297677155488159,
2.73125385983983));
#11412=CARTESIAN_POINT('Ctrl Pts',(17.0483142308639,-0.27772536814088,2.7393109730508));
#11413=CARTESIAN_POINT('Ctrl Pts',(17.1057578351785,-0.262359411866262,
2.74556994783326));
#11414=CARTESIAN_POINT('Ctrl Pts',(17.1308350349894,-0.255651351667355,
2.74830232445037));
#11415=CARTESIAN_POINT('Ctrl Pts',(17.1561988162622,-0.249817611238396,
2.75069248779444));
#11416=CARTESIAN_POINT('Ctrl Pts',(17.1818073712294,-0.244881566991114,
2.75272121518328));
#11417=CARTESIAN_POINT('Ctrl Pts',(17.2341459245486,-0.234793320490921,
2.75686751147946));
#11418=CARTESIAN_POINT('Ctrl Pts',(17.2871973173785,-0.228511850267306,
2.75947700834223));
#11419=CARTESIAN_POINT('Ctrl Pts',(17.3405760493105,-0.226110913365322,
2.76047337834664));
#11420=CARTESIAN_POINT('Ctrl Pts',(17.3450729579836,-0.225908645653311,
2.76055731786248));
#11421=CARTESIAN_POINT('Ctrl Pts',(17.3495721898722,-0.225733937698397,
2.76062983316824));
#11422=CARTESIAN_POINT('Ctrl Pts',(17.3540735144811,-0.225586843976178,
2.76069089238672));
#11423=CARTESIAN_POINT('Ctrl Pts',(17.4081480942822,-0.223819801624971,
2.76142439904742));
#11424=CARTESIAN_POINT('Ctrl Pts',(17.462234204156,-0.226044342231781,2.76049692405556));
#11425=CARTESIAN_POINT('Ctrl Pts',(17.5159280782249,-0.232231900577906,
2.75793721520089));
#11426=CARTESIAN_POINT('Ctrl Pts',(17.5711490462602,-0.238595437714542,
2.75530470631055));
#11427=CARTESIAN_POINT('Ctrl Pts',(17.6256361435124,-0.249114606995604,
2.75096121936086));
#11428=CARTESIAN_POINT('Ctrl Pts',(17.6789671019217,-0.263634076288948,
2.74505091200735));
#11429=CARTESIAN_POINT('Ctrl Pts',(17.6916102915347,-0.267076212129562,
2.74364975330385));
#11430=CARTESIAN_POINT('Ctrl Pts',(17.7041885034202,-0.270743314642097,
2.74216072178075));
#11431=CARTESIAN_POINT('Ctrl Pts',(17.7166961113154,-0.274633563529857,
2.7405860688529));
#11432=CARTESIAN_POINT('Ctrl Pts',(17.7830050760583,-0.295257681146987,
2.73223806127624));
#11433=CARTESIAN_POINT('Ctrl Pts',(17.8467691021069,-0.321974568276739,
2.72155096487997));
#11434=CARTESIAN_POINT('Ctrl Pts',(17.9072739471949,-0.354213882143688,
2.70902132455804));
#11435=CARTESIAN_POINT('Ctrl Pts',(17.9557184727865,-0.380026992869151,
2.69898919439811));
#11436=CARTESIAN_POINT('Ctrl Pts',(18.0020736176599,-0.409381865413847,
2.68777780409235));
#11437=CARTESIAN_POINT('Ctrl Pts',(18.0459727676774,-0.441993925238504,
2.67565287046927));
#11438=CARTESIAN_POINT('Ctrl Pts',(18.0970618421859,-0.479947278631327,
2.66154208160357));
#11439=CARTESIAN_POINT('Ctrl Pts',(18.1445249222812,-0.522077483477781,
2.64628467005239));
#11440=CARTESIAN_POINT('Ctrl Pts',(18.1879400214618,-0.567831090218962,
2.63030147339573));
#11441=CARTESIAN_POINT('Ctrl Pts',(18.2281369007518,-0.610193131121048,
2.61550305904677));
#11442=CARTESIAN_POINT('Ctrl Pts',(18.264863683667,-0.655661750418662,2.60008306679207));
#11443=CARTESIAN_POINT('Ctrl Pts',(18.2977854408784,-0.70377073849843,2.58433978797921));
#11444=CARTESIAN_POINT('Ctrl Pts',(18.3004212040461,-0.707622413182893,
2.58307935846543));
#11445=CARTESIAN_POINT('Ctrl Pts',(18.3030325776324,-0.711490995275637,
2.58181683430417));
#11446=CARTESIAN_POINT('Ctrl Pts',(18.3056193897579,-0.715376236438032,
2.58055235651884));
#11447=CARTESIAN_POINT('Ctrl Pts',(18.3369598886253,-0.762447840536936,
2.56523258736819));
#11448=CARTESIAN_POINT('Ctrl Pts',(18.3645641830018,-0.811766165918555,
2.54969494215728));
#11449=CARTESIAN_POINT('Ctrl Pts',(18.3882309251305,-0.862889327677657,
2.53414958834165));
#11450=CARTESIAN_POINT('Ctrl Pts',(18.4121182006359,-0.914488869473884,
2.51845937853564));
#11451=CARTESIAN_POINT('Ctrl Pts',(18.43199419955,-0.967927062713558,2.5027613455044));
#11452=CARTESIAN_POINT('Ctrl Pts',(18.4476518928581,-1.02271711876288,2.48722857060681));
#11453=CARTESIAN_POINT('Ctrl Pts',(18.4546801593398,-1.04731072312632,2.48025637623355));
#11454=CARTESIAN_POINT('Ctrl Pts',(18.4608585041262,-1.07217627274964,2.47331690362765));
#11455=CARTESIAN_POINT('Ctrl Pts',(18.4661682034806,-1.09726770580946,2.46642310535808));
#11456=CARTESIAN_POINT('Ctrl Pts',(18.4792403448595,-1.15904121471532,2.44945101341796));
#11457=CARTESIAN_POINT('Ctrl Pts',(18.4869632366738,-1.22178082504571,2.43286996413697));
#11458=CARTESIAN_POINT('Ctrl Pts',(18.4892678002139,-1.28480702235174,2.41680377625742));
#11459=CARTESIAN_POINT('Ctrl Pts',(18.4918339911827,-1.35498831937797,2.39891366148215));
#11460=CARTESIAN_POINT('Ctrl Pts',(18.4876817817295,-1.4255246224168,2.38166148684699));
#11461=CARTESIAN_POINT('Ctrl Pts',(18.4767157945436,-1.4954387490719,2.36516652245297));
#11462=CARTESIAN_POINT('Ctrl Pts',(18.4744818078459,-1.50968162810133,2.36180617464203));
#11463=CARTESIAN_POINT('Ctrl Pts',(18.4719650379122,-1.52389858065312,2.35847711293002));
#11464=CARTESIAN_POINT('Ctrl Pts',(18.4691646783552,-1.53808119811239,2.35518015099072));
#11465=CARTESIAN_POINT('Ctrl Pts',(18.4409922783877,-1.68076229442095,2.32201179223489));
#11466=CARTESIAN_POINT('Ctrl Pts',(18.3846505283391,-1.81721530391361,2.29273857079664));
#11467=CARTESIAN_POINT('Ctrl Pts',(18.3025829278761,-1.93915991382457,2.26773931970465));
#11468=CARTESIAN_POINT('Ctrl Pts',(18.2558409966787,-2.0086139557875,2.25350089591821));
#11469=CARTESIAN_POINT('Ctrl Pts',(18.2013049598779,-2.07253330166178,2.24081514961546));
#11470=CARTESIAN_POINT('Ctrl Pts',(18.1400364694511,-2.12964359350458,2.22969873018515));
#11471=CARTESIAN_POINT('Ctrl Pts',(18.0981282500215,-2.16870756628339,2.22209499551646));
#11472=CARTESIAN_POINT('Ctrl Pts',(18.0530701257871,-2.20458644168101,2.21522635709425));
#11473=CARTESIAN_POINT('Ctrl Pts',(18.0052018536281,-2.23688084709163,2.20910935739178));
#11474=CARTESIAN_POINT('Ctrl Pts',(17.940351453629,-2.28063227186959,2.2008222423653));
#11475=CARTESIAN_POINT('Ctrl Pts',(17.8709896066954,-2.317361528605,2.19399622322298));
#11476=CARTESIAN_POINT('Ctrl Pts',(17.7982976467176,-2.34641819453539,2.18863682605495));
#11477=CARTESIAN_POINT('Ctrl Pts',(17.7697469805195,-2.3578305593975,2.18653185654231));
#11478=CARTESIAN_POINT('Ctrl Pts',(17.7406826035031,-2.3680596751523,2.18465358532266));
#11479=CARTESIAN_POINT('Ctrl Pts',(17.7111760908183,-2.3770674497018,2.18300409248893));
#11480=CARTESIAN_POINT('Ctrl Pts',(17.6418735723372,-2.39822418444913,2.1791298966863));
#11481=CARTESIAN_POINT('Ctrl Pts',(17.5706012635111,-2.41249578918365,2.17654215146016));
#11482=CARTESIAN_POINT('Ctrl Pts',(17.4984016274868,-2.41964564456184,2.17524576554163));
#11483=CARTESIAN_POINT('Ctrl Pts',(17.436925706961,-2.42573354147109,2.17414193009194));
#11484=CARTESIAN_POINT('Ctrl Pts',(17.3750401385329,-2.42663213643283,2.17397963263621));
#11485=CARTESIAN_POINT('Ctrl Pts',(17.3134069125135,-2.42233016861348,2.17475916780449));
#11486=CARTESIAN_POINT('Ctrl Pts',(17.2443433254732,-2.41750956537517,2.17563268195298));
#11487=CARTESIAN_POINT('Ctrl Pts',(17.1759194101262,-2.40618140385071,2.17768422922664));
#11488=CARTESIAN_POINT('Ctrl Pts',(17.1090489094638,-2.38851609519128,2.18091043483474));
#11489=CARTESIAN_POINT('Ctrl Pts',(17.0335233351071,-2.36856435908233,2.18455420943087));
#11490=CARTESIAN_POINT('Ctrl Pts',(16.9605043345778,-2.34066981828597,2.18967009275124));
#11491=CARTESIAN_POINT('Ctrl Pts',(16.8911869233435,-2.30540130080753,2.19623936481516));
#11492=CARTESIAN_POINT('Ctrl Pts',(16.8685310547427,-2.29387405413879,2.19838648142024));
#11493=CARTESIAN_POINT('Ctrl Pts',(16.8462706119355,-2.28155932256298,2.20068918544338));
#11494=CARTESIAN_POINT('Ctrl Pts',(16.8244473191851,-2.26847769725788,2.20314779194395));
#11495=CARTESIAN_POINT('Ctrl Pts',(16.7531518706394,-2.22574077600145,2.21117991868392));
#11496=CARTESIAN_POINT('Ctrl Pts',(16.6872765077372,-2.17527617984934,2.22078658773906));
#11497=CARTESIAN_POINT('Ctrl Pts',(16.6278961776992,-2.11822376701467,2.23192489303174));
#11498=CARTESIAN_POINT('Ctrl Pts',(16.5824779919071,-2.07458613340173,2.24044423973911));
#11499=CARTESIAN_POINT('Ctrl Pts',(16.5408595620656,-2.0270950779258,2.24986044731163));
#11500=CARTESIAN_POINT('Ctrl Pts',(16.5035218921521,-1.97627303360913,2.26017073977542));
#11501=CARTESIAN_POINT('Ctrl Pts',(16.4252430248494,-1.86972401562444,2.28178639006896));
#11502=CARTESIAN_POINT('Ctrl Pts',(16.3671976420209,-1.75047299940639,2.30693837043428));
#11503=CARTESIAN_POINT('Ctrl Pts',(16.3315448231911,-1.6244539007703,2.33539287787059));
#11504=CARTESIAN_POINT('Ctrl Pts',(16.3108479031076,-1.55129819249587,2.35191108556794));
#11505=CARTESIAN_POINT('Ctrl Pts',(16.2978770265185,-1.47650660680545,2.36940078005917));
#11506=CARTESIAN_POINT('Ctrl Pts',(16.2926481030288,-1.4012862740239,2.3877560419871));
#11507=CARTESIAN_POINT('Ctrl Pts',(16.2908827866454,-1.37589143202817,2.39395289008938));
#11508=CARTESIAN_POINT('Ctrl Pts',(16.2899998815706,-1.35044748378068,2.40024807732556));
#11509=CARTESIAN_POINT('Ctrl Pts',(16.29,-1.32500000000008,2.40663636195537));
#11510=CARTESIAN_POINT('Ctrl Pts',(16.29,-1.32500000000008,2.40663636195537));
#11511=CARTESIAN_POINT('Ctrl Pts',(16.2900000278172,-1.31021154507856,2.41034882563501));
#11512=CARTESIAN_POINT('Ctrl Pts',(16.2902982227564,-1.29542188657485,2.41409271707102));
#11513=CARTESIAN_POINT('Ctrl Pts',(16.2908948278371,-1.28063987755829,2.41786688668843));
#11514=CARTESIAN_POINT('Ctrl Pts',(16.2933157387033,-1.22065727363582,2.43318175498841));
#11515=CARTESIAN_POINT('Ctrl Pts',(16.3006344623522,-1.16114292394531,2.44891123773163));
#11516=CARTESIAN_POINT('Ctrl Pts',(16.3126979246995,-1.10268458786234,2.46493650160881));
#11517=CARTESIAN_POINT('Ctrl Pts',(16.323860305036,-1.04859280538602,2.47976475615475));
#11518=CARTESIAN_POINT('Ctrl Pts',(16.3390850788509,-0.99540518729351,2.49484627790499));
#11519=CARTESIAN_POINT('Ctrl Pts',(16.3582509753561,-0.943563307813296,
2.51005500114679));
#11520=CARTESIAN_POINT('Origin',(25.1000000000018,-0.573159574129016,2.));
#11521=CARTESIAN_POINT('',(18.75,-3.50000000000002,1.99999999999996));
#11522=CARTESIAN_POINT('Ctrl Pts',(22.1740686807495,-2.22044604925031E-15,
-3.96337791896249));
#11523=CARTESIAN_POINT('Ctrl Pts',(22.1740686807495,0.154124197161141,-3.8976482701153));
#11524=CARTESIAN_POINT('Ctrl Pts',(22.1710220789828,0.308225633219766,-3.83194287487364));
#11525=CARTESIAN_POINT('Ctrl Pts',(22.1627312290844,0.518070090234821,-3.74244552368201));
#11526=CARTESIAN_POINT('Ctrl Pts',(22.157464283796,0.631003156029215,-3.69664192467546));
#11527=CARTESIAN_POINT('Ctrl Pts',(22.1434337959126,0.859887856370275,-3.61213005433353));
#11528=CARTESIAN_POINT('Ctrl Pts',(22.0897747316989,1.50355308997856,-3.40850369770276));
#11529=CARTESIAN_POINT('Ctrl Pts',(21.9171072871347,2.58271442819971,-3.19092854864406));
#11530=CARTESIAN_POINT('Ctrl Pts',(21.6418721570977,3.52365335306927,-3.05079560382874));
#11531=CARTESIAN_POINT('Ctrl Pts',(21.4751944702913,3.98413130708073,-2.98961036833692));
#11532=CARTESIAN_POINT('Ctrl Pts',(22.1740686807495,-0.126447088224524,
-3.69221126318672));
#11533=CARTESIAN_POINT('Ctrl Pts',(22.175784436616,0.0272615509791536,-3.62550021064921));
#11534=CARTESIAN_POINT('Ctrl Pts',(22.1744564330535,0.180952580301484,-3.55882049632285));
#11535=CARTESIAN_POINT('Ctrl Pts',(22.1685301039823,0.390630315353272,-3.46784563545813));
#11536=CARTESIAN_POINT('Ctrl Pts',(22.1640817266009,0.512086115383546,-3.41770487626983));
#11537=CARTESIAN_POINT('Ctrl Pts',(22.1515957073778,0.752620048485499,-3.32758664486135));
#11538=CARTESIAN_POINT('Ctrl Pts',(22.1007623323403,1.42777584610017,-3.11154281059913));
#11539=CARTESIAN_POINT('Ctrl Pts',(21.9298190369983,2.52935353109093,-2.88906341001312));
#11540=CARTESIAN_POINT('Ctrl Pts',(21.6558956852253,3.47971553587129,-2.74597273422843));
#11541=CARTESIAN_POINT('Ctrl Pts',(21.4894076726211,3.94486470544851,-2.68392566702688));
#11542=CARTESIAN_POINT('Ctrl Pts',(21.9229801878566,-0.345384245443409,
-3.22269901437414));
#11543=CARTESIAN_POINT('Ctrl Pts',(21.9256258322862,-0.19576488178349,-3.15442573352573));
#11544=CARTESIAN_POINT('Ctrl Pts',(21.9253269728397,-0.046078060666126,
-3.08615963680204));
#11545=CARTESIAN_POINT('Ctrl Pts',(21.9208904694531,0.158571689141834,-2.99280615958796));
#11546=CARTESIAN_POINT('Ctrl Pts',(21.9170180269567,0.292123878176732,-2.93526630024351));
#11547=CARTESIAN_POINT('Ctrl Pts',(21.9056997440224,0.547372847066103,-2.83563382633053));
#11548=CARTESIAN_POINT('Ctrl Pts',(21.8577018548395,1.26221210819867,-2.5983394662387));
#11549=CARTESIAN_POINT('Ctrl Pts',(21.6916579225907,2.37772762295757,-2.36734778165163));
#11550=CARTESIAN_POINT('Ctrl Pts',(21.4247024911316,3.3237562640263,-2.21887012192473));
#11551=CARTESIAN_POINT('Ctrl Pts',(21.2619833062717,3.78575604865785,-2.15538678399184));
#11552=CARTESIAN_POINT('Ctrl Pts',(21.3984681560059,-0.422618261740705,
-3.05707013192584));
#11553=CARTESIAN_POINT('Ctrl Pts',(21.3992561839342,-0.279244747357964,
-2.99019813274725));
#11554=CARTESIAN_POINT('Ctrl Pts',(21.3972110261057,-0.135889936071567,
-2.92336877496029));
#11555=CARTESIAN_POINT('Ctrl Pts',(21.390564973533,0.0602136920094556,-2.83190774442143));
#11556=CARTESIAN_POINT('Ctrl Pts',(21.3860290301117,0.19397397931649,-2.772792553816));
#11557=CARTESIAN_POINT('Ctrl Pts',(21.3736468055053,0.446077913270839,-2.67175783372989));
#11558=CARTESIAN_POINT('Ctrl Pts',(21.3248892527139,1.15010704433632,-2.43091714764655));
#11559=CARTESIAN_POINT('Ctrl Pts',(21.1645376615718,2.22776658669176,-2.19982077362645));
#11560=CARTESIAN_POINT('Ctrl Pts',(20.9082541921465,3.13453227516582,-2.05212507704289));
#11561=CARTESIAN_POINT('Ctrl Pts',(20.7527368306871,3.57722051686657,-1.98878104100625));
#11562=CARTESIAN_POINT('Ctrl Pts',(21.1740686807495,-0.422618261740705,
-3.05707013192584));
#11563=CARTESIAN_POINT('Ctrl Pts',(21.1740686807495,-0.281660574905235,
-2.99134048307864));
#11564=CARTESIAN_POINT('Ctrl Pts',(21.1712823438494,-0.140746484213299,
-2.92565796051173));
#11565=CARTESIAN_POINT('Ctrl Pts',(21.1636997640528,0.0519911087410911,
-2.83577828969326));
#11566=CARTESIAN_POINT('Ctrl Pts',(21.1588827629704,0.183647044042513,-2.77728211003498));
#11567=CARTESIAN_POINT('Ctrl Pts',(21.1460508705509,0.431455792641676,-2.67740620165091));
#11568=CARTESIAN_POINT('Ctrl Pts',(21.0969757888399,1.12275840935368,-2.43884281550432));
#11569=CARTESIAN_POINT('Ctrl Pts',(20.9390589657461,2.17865163285853,-2.20931906711553));
#11570=CARTESIAN_POINT('Ctrl Pts',(20.6873366017016,3.0665807914079,-2.06296917614114));
#11571=CARTESIAN_POINT('Ctrl Pts',(20.5348978437903,3.49999999999975,-2.));
#11572=CARTESIAN_POINT('',(20.5348978457088,3.49999999727252,-2.00000000039622));
#11573=CARTESIAN_POINT('',(21.1657238460967,-2.40920130047681E-16,-2.86));
#11574=CARTESIAN_POINT('Ctrl Pts',(20.5348978448531,3.4999999969778,-2.00000000043904));
#11575=CARTESIAN_POINT('Ctrl Pts',(20.6873366022866,3.06658078934426,-2.06296917648127));
#11576=CARTESIAN_POINT('Ctrl Pts',(20.9390589659092,2.17865163176785,-2.20931906735262));
#11577=CARTESIAN_POINT('Ctrl Pts',(21.0969757888399,1.12275840935368,-2.43884281550432));
#11578=CARTESIAN_POINT('Ctrl Pts',(21.1460508705509,0.431455792641676,-2.67740620165091));
#11579=CARTESIAN_POINT('Ctrl Pts',(21.1588827629704,0.183647044042513,-2.77728211003498));
#11580=CARTESIAN_POINT('Ctrl Pts',(21.1636997640528,0.0519911087410911,
-2.83577828969326));
#11581=CARTESIAN_POINT('Ctrl Pts',(21.1657294335103,0.000400012276846266,
-2.85983685915182));
#11582=CARTESIAN_POINT('Ctrl Pts',(21.1657371071683,0.000204825951505446,
-2.85992788068686));
#11583=CARTESIAN_POINT('Ctrl Pts',(21.1657447755355,9.64044036447286E-6,
-2.86001890178476));
#11584=CARTESIAN_POINT('',(22.1740686807495,-1.73472347597681E-15,-3.96337791896249));
#11585=CARTESIAN_POINT('Ctrl Pts',(21.1657238460967,-4.75096622648414E-15,
-2.86));
#11586=CARTESIAN_POINT('Ctrl Pts',(21.2847016492604,-4.6255279841089E-15,
-2.86));
#11587=CARTESIAN_POINT('Ctrl Pts',(21.4020477525467,-1.722937276996E-16,
-2.88338360386244));
#11588=CARTESIAN_POINT('Ctrl Pts',(21.6292539248062,1.46756575110733E-15,
-2.97512827463417));
#11589=CARTESIAN_POINT('Ctrl Pts',(21.7354841286506,-2.99552852947534E-15,
-3.04485123925484));
#11590=CARTESIAN_POINT('Ctrl Pts',(21.9268654903338,2.27549540852946E-16,
-3.22704949175507));
#11591=CARTESIAN_POINT('Ctrl Pts',(22.0073408474166,-3.11197513505675E-15,
-3.34126832988281));
#11592=CARTESIAN_POINT('Ctrl Pts',(22.1009838657925,-5.58117701859242E-16,
-3.54342553246918));
#11593=CARTESIAN_POINT('Ctrl Pts',(22.1279625030796,-7.07639471805646E-11,
-3.62386726420038));
#11594=CARTESIAN_POINT('Ctrl Pts',(22.1643793828633,-1.38189818804194E-10,
-3.78914056237155));
#11595=CARTESIAN_POINT('Ctrl Pts',(22.1737113583179,-4.78533161845339E-12,
-3.87372269110276));
#11596=CARTESIAN_POINT('Ctrl Pts',(22.1740653255948,3.92832511776995E-13,
-3.96010280771986));
#11597=CARTESIAN_POINT('Ctrl Pts',(22.1740686807495,-2.01707793141425E-15,
-3.96174036290789));
#11598=CARTESIAN_POINT('Ctrl Pts',(22.1740686807495,-2.0122792321331E-15,
-3.96337791896249));
#11599=CARTESIAN_POINT('',(21.5029817679047,3.90651073533924,-3.));
#11600=CARTESIAN_POINT('Ctrl Pts',(22.1740686807495,-2.22044604925031E-15,
-3.96337791896249));
#11601=CARTESIAN_POINT('Ctrl Pts',(22.1740686807495,0.154124197161141,-3.8976482701153));
#11602=CARTESIAN_POINT('Ctrl Pts',(22.1710220789828,0.308225633219766,-3.83194287487364));
#11603=CARTESIAN_POINT('Ctrl Pts',(22.1627312290844,0.518070090234821,-3.74244552368201));
#11604=CARTESIAN_POINT('Ctrl Pts',(22.157464283796,0.631003156029215,-3.69664192467546));
#11605=CARTESIAN_POINT('Ctrl Pts',(22.1434337959126,0.859887856370275,-3.61213005433353));
#11606=CARTESIAN_POINT('Ctrl Pts',(22.0897747316989,1.50355308997856,-3.40850369770276));
#11607=CARTESIAN_POINT('Ctrl Pts',(21.9214140772573,2.55579724410703,-3.19635545760918));
#11608=CARTESIAN_POINT('Ctrl Pts',(21.6572227733494,3.47083245384689,-3.05870195362393));
#11609=CARTESIAN_POINT('Ctrl Pts',(21.5029820247656,3.90651034214419,-2.99999640707219));
#11610=CARTESIAN_POINT('',(20.5830084895885,3.50801393476916,-2.));
#11611=CARTESIAN_POINT('Ctrl Pts',(21.5029799230954,3.90651627864558,-2.99999560715698));
#11612=CARTESIAN_POINT('Ctrl Pts',(21.5030214125741,3.90639903353516,-2.99820050243058));
#11613=CARTESIAN_POINT('Ctrl Pts',(21.5030580044316,3.90628008041808,-2.99640552443057));
#11614=CARTESIAN_POINT('Ctrl Pts',(21.5030897097409,3.90615942408853,-2.99461068944381));
#11615=CARTESIAN_POINT('Ctrl Pts',(21.5038578592868,3.90323618798548,-2.95112580595732));
#11616=CARTESIAN_POINT('Ctrl Pts',(21.5017594897172,3.89932418300952,-2.90786543500928));
#11617=CARTESIAN_POINT('Ctrl Pts',(21.4969801436694,3.89450162830414,-2.86505721744772));
#11618=CARTESIAN_POINT('Ctrl Pts',(21.4920443073683,3.88952116856337,-2.82084732929407));
#11619=CARTESIAN_POINT('Ctrl Pts',(21.4842488591169,3.88356933449695,-2.77711867299189));
#11620=CARTESIAN_POINT('Ctrl Pts',(21.4737447455913,3.8767144434212,-2.73412518558432));
#11621=CARTESIAN_POINT('Ctrl Pts',(21.4632406320657,3.86985955234545,-2.69113169817675));
#11622=CARTESIAN_POINT('Ctrl Pts',(21.4500273910282,3.86210128525233,-2.64887232301001));
#11623=CARTESIAN_POINT('Ctrl Pts',(21.4342088194419,3.85349464192251,-2.60761984940943));
#11624=CARTESIAN_POINT('Ctrl Pts',(21.4184374330433,3.84491367133306,-2.56649042773555));
#11625=CARTESIAN_POINT('Ctrl Pts',(21.4001791508651,3.83554580881792,-2.52663034225897));
#11626=CARTESIAN_POINT('Ctrl Pts',(21.3795904887838,3.82546245620443,-2.48828630826741));
#11627=CARTESIAN_POINT('Ctrl Pts',(21.359186055407,3.81546933009432,-2.45028537921775));
#11628=CARTESIAN_POINT('Ctrl Pts',(21.3364922211528,3.80477313050808,-2.41377252559152));
#11629=CARTESIAN_POINT('Ctrl Pts',(21.3116176715863,3.79343219975608,-2.37900976878833));
#11630=CARTESIAN_POINT('Ctrl Pts',(21.2886624174164,3.78296632389207,-2.34692927157438));
#11631=CARTESIAN_POINT('Ctrl Pts',(21.2638492691952,3.77195107142911,-2.31633883953557));
#11632=CARTESIAN_POINT('Ctrl Pts',(21.2372358170532,3.76042730802109,-2.28747189432154));
#11633=CARTESIAN_POINT('Ctrl Pts',(21.2087459086932,3.7480910292961,-2.25656960402883));
#11634=CARTESIAN_POINT('Ctrl Pts',(21.1783744532976,3.73525072139798,-2.22783914509831));
#11635=CARTESIAN_POINT('Ctrl Pts',(21.1462347201876,3.72196714093298,-2.20152270442103));
#11636=CARTESIAN_POINT('Ctrl Pts',(21.1136313796959,3.70849194823717,-2.17482665585728));
#11637=CARTESIAN_POINT('Ctrl Pts',(21.0792078998173,3.69456024776784,-2.15061382800256));
#11638=CARTESIAN_POINT('Ctrl Pts',(21.043259750513,3.68027377949182,-2.12894925431313));
#11639=CARTESIAN_POINT('Ctrl Pts',(21.0097145693712,3.66694229580009,-2.10873285756281));
#11640=CARTESIAN_POINT('Ctrl Pts',(20.9748406776308,3.65330155660787,-2.09073558375231));
#11641=CARTESIAN_POINT('Ctrl Pts',(20.9388604424772,3.6394349033681,-2.07504713853656));
#11642=CARTESIAN_POINT('Ctrl Pts',(20.9003482490771,3.62459244252532,-2.0582546847431));
#11643=CARTESIAN_POINT('Ctrl Pts',(20.8608199776439,3.60958763353015,-2.04421631958544));
#11644=CARTESIAN_POINT('Ctrl Pts',(20.820573398166,3.5945272128972,-2.03298313782006));
#11645=CARTESIAN_POINT('Ctrl Pts',(20.7805395522397,3.57954639795519,-2.02180933189934));
#11646=CARTESIAN_POINT('Ctrl Pts',(20.7397938804043,3.56451014084268,-2.01341086074803));
#11647=CARTESIAN_POINT('Ctrl Pts',(20.6986104592847,3.54952519861222,-2.00788480420752));
#11648=CARTESIAN_POINT('Ctrl Pts',(20.660384261728,3.53561626762727,-2.00275555259889));
#11649=CARTESIAN_POINT('Ctrl Pts',(20.6217800730099,3.52175130051766,-2.00010125687941));
#11650=CARTESIAN_POINT('Ctrl Pts',(20.5830144800176,3.50802170071125,-2.00003924096152));
#11651=CARTESIAN_POINT('Ctrl Pts',(20.5830084895885,3.50801393476914,-2.));
#11652=CARTESIAN_POINT('Ctrl Pts',(20.5795030202317,3.50677322981132,-2.));
#11653=CARTESIAN_POINT('Ctrl Pts',(20.5759392359749,3.50567412486366,-2.));
#11654=CARTESIAN_POINT('Ctrl Pts',(20.5600770219496,3.50148866482326,-2.));
#11655=CARTESIAN_POINT('Ctrl Pts',(20.5475863178243,3.49999999999975,-2.));
#11656=CARTESIAN_POINT('Ctrl Pts',(20.5348978437903,3.49999999999975,-2.));
#11657=CARTESIAN_POINT('Ctrl Pts',(21.1740686807495,0.422618261740698,-3.05707013192584));
#11658=CARTESIAN_POINT('Ctrl Pts',(21.1740686807495,0.281657927305656,-2.99133924848269));
#11659=CARTESIAN_POINT('Ctrl Pts',(21.1712822436657,0.140743862407329,-2.92565673282001));
#11660=CARTESIAN_POINT('Ctrl Pts',(21.1636997677554,-0.051991122167387,
-2.83577827711183));
#11661=CARTESIAN_POINT('Ctrl Pts',(21.1588827687019,-0.183647079036451,
-2.77728208571523));
#11662=CARTESIAN_POINT('Ctrl Pts',(21.1460508730142,-0.431455771015028,
-2.67740621404983));
#11663=CARTESIAN_POINT('Ctrl Pts',(21.0969759274711,-1.12275727740626,-2.43884312878458));
#11664=CARTESIAN_POINT('Ctrl Pts',(20.9390590996226,-2.17865131963412,-2.20931907229629));
#11665=CARTESIAN_POINT('Ctrl Pts',(20.6873367453337,-3.06658038302819,-2.06296923547245));
#11666=CARTESIAN_POINT('Ctrl Pts',(20.5348978437902,-3.50000000000001,-1.99999999999996));
#11667=CARTESIAN_POINT('Ctrl Pts',(21.4732679810914,0.422618261740698,-3.05707013192584));
#11668=CARTESIAN_POINT('Ctrl Pts',(21.4743508605922,0.278426497083478,-2.98978421637269));
#11669=CARTESIAN_POINT('Ctrl Pts',(21.4725761570797,0.1342880728154,-2.92255957156633));
#11670=CARTESIAN_POINT('Ctrl Pts',(21.4662827791512,-0.0629346586013655,
-2.83053528180531));
#11671=CARTESIAN_POINT('Ctrl Pts',(21.4618519331668,-0.197453462389855,
-2.77117814694283));
#11672=CARTESIAN_POINT('Ctrl Pts',(21.4496443757817,-0.45109120624657,-2.66969847828078));
#11673=CARTESIAN_POINT('Ctrl Pts',(21.4010075654873,-1.1594788816421,-2.4280484105281));
#11674=CARTESIAN_POINT('Ctrl Pts',(21.239802229984,-2.24442012002072,-2.19649105592692));
#11675=CARTESIAN_POINT('Ctrl Pts',(20.9819158673872,-3.15706362507903,-2.0485252909416));
#11676=CARTESIAN_POINT('Ctrl Pts',(20.8253498263193,-3.60296068915578,-1.98504138800829));
#11677=CARTESIAN_POINT('Ctrl Pts',(21.9913174291136,0.316503679331194,-3.28463358827001));
#11678=CARTESIAN_POINT('Ctrl Pts',(21.9941240692137,0.165908715579651,-3.21650489164146));
#11679=CARTESIAN_POINT('Ctrl Pts',(21.9939677155803,0.0152425828051925,
-3.14838079347991));
#11680=CARTESIAN_POINT('Ctrl Pts',(21.9897027684207,-0.190689808123047,
-3.05525416973209));
#11681=CARTESIAN_POINT('Ctrl Pts',(21.9858755446759,-0.322979448658658,
-2.998662509001));
#11682=CARTESIAN_POINT('Ctrl Pts',(21.9746184647839,-0.576977463946899,
-2.9002299218266));
#11683=CARTESIAN_POINT('Ctrl Pts',(21.9265678820911,-1.28860562428214,-2.66560941036303));
#11684=CARTESIAN_POINT('Ctrl Pts',(21.7596721981357,-2.40579660577786,-2.43561807157531));
#11685=CARTESIAN_POINT('Ctrl Pts',(21.4912273372637,-3.35559460702352,-2.28770717416272));
#11686=CARTESIAN_POINT('Ctrl Pts',(21.3275508385496,-3.81951485860085,-2.22439299749915));
#11687=CARTESIAN_POINT('Ctrl Pts',(22.1740686807495,0.0948353161683896,
-3.76000292713067));
#11688=CARTESIAN_POINT('Ctrl Pts',(22.1753291485557,-0.058969435859733,
-3.69355783442504));
#11689=CARTESIAN_POINT('Ctrl Pts',(22.1735520902253,-0.212783088599646,
-3.62713068205625));
#11690=CARTESIAN_POINT('Ctrl Pts',(22.1670016021679,-0.422495918531588,
-3.53655210040372));
#11691=CARTESIAN_POINT('Ctrl Pts',(22.162339229003,-0.541781048602813,-3.48751984746676));
#11692=CARTESIAN_POINT('Ctrl Pts',(22.1494468011221,-0.779328361997157,
-3.39884328069071));
#11693=CARTESIAN_POINT('Ctrl Pts',(22.0978949715707,-1.44653142937434,-3.18593846030162));
#11694=CARTESIAN_POINT('Ctrl Pts',(21.9265552177233,-2.54248596404475,-2.96464145531864));
#11695=CARTESIAN_POINT('Ctrl Pts',(21.6523713613043,-3.49079361791917,-2.82216833511649));
#11696=CARTESIAN_POINT('Ctrl Pts',(21.4858543720386,-3.95468135585686,-2.76034684235435));
#11697=CARTESIAN_POINT('Ctrl Pts',(22.1740686807495,-1.2035933339571E-15,
-3.96337791896249));
#11698=CARTESIAN_POINT('Ctrl Pts',(22.1740686807495,-0.154127092066473,
-3.89764703551934));
#11699=CARTESIAN_POINT('Ctrl Pts',(22.1710219694411,-0.30822850589821,-3.83194164519101));
#11700=CARTESIAN_POINT('Ctrl Pts',(22.1627312331329,-0.518070124430459,
-3.74244550338048));
#11701=CARTESIAN_POINT('Ctrl Pts',(22.1574642900629,-0.631003201161745,
-3.69664189761719));
#11702=CARTESIAN_POINT('Ctrl Pts',(22.143433798606,-0.859887859443325,-3.61213005497043));
#11703=CARTESIAN_POINT('Ctrl Pts',(22.0897748832793,-1.50355199535213,-3.40850397157608));
#11704=CARTESIAN_POINT('Ctrl Pts',(21.9171074335163,-2.58271407217127,-3.19092855981606));
#11705=CARTESIAN_POINT('Ctrl Pts',(21.6418723141461,-3.52365291919404,-3.05079566147918));
#11706=CARTESIAN_POINT('Ctrl Pts',(21.4751944702912,-3.98413130708101,-2.98961036833688));
#11707=CARTESIAN_POINT('',(21.5029817679047,-3.90651073533921,-3.));
#11708=CARTESIAN_POINT('Ctrl Pts',(21.5029820253258,-3.90651034230087,-2.99999640676302));
#11709=CARTESIAN_POINT('Ctrl Pts',(21.6572229162956,-3.47083207057404,-3.05870200184428));
#11710=CARTESIAN_POINT('Ctrl Pts',(21.9214142199527,-2.55579689350444,-3.19635547052544));
#11711=CARTESIAN_POINT('Ctrl Pts',(22.0897748832793,-1.50355199535213,-3.40850397157608));
#11712=CARTESIAN_POINT('Ctrl Pts',(22.143433798606,-0.859887859443325,-3.61213005497043));
#11713=CARTESIAN_POINT('Ctrl Pts',(22.1574642900629,-0.631003201161745,
-3.69664189761719));
#11714=CARTESIAN_POINT('Ctrl Pts',(22.1627312331329,-0.518070124430459,
-3.74244550338048));
#11715=CARTESIAN_POINT('Ctrl Pts',(22.1710219694411,-0.30822850589821,-3.83194164519101));
#11716=CARTESIAN_POINT('Ctrl Pts',(22.1740686807495,-0.154127092066473,
-3.89764703551934));
#11717=CARTESIAN_POINT('Ctrl Pts',(22.1740686807495,-1.2035933339571E-15,
-3.96337791896249));
#11718=CARTESIAN_POINT('',(20.5348978437902,-3.50000000000001,-1.99999999999996));
#11719=CARTESIAN_POINT('Ctrl Pts',(21.1657447795115,-9.63826269475079E-6,
-2.86001889681985));
#11720=CARTESIAN_POINT('Ctrl Pts',(21.1657371115572,-0.000204813279138564,
-2.85992788061466));
#11721=CARTESIAN_POINT('Ctrl Pts',(21.1657294383131,-0.000399989104710508,
-2.85983686397472));
#11722=CARTESIAN_POINT('Ctrl Pts',(21.1636997677554,-0.051991122167387,
-2.83577827711183));
#11723=CARTESIAN_POINT('Ctrl Pts',(21.1588827687019,-0.183647079036451,
-2.77728208571523));
#11724=CARTESIAN_POINT('Ctrl Pts',(21.1460508730142,-0.431455771015028,
-2.67740621404983));
#11725=CARTESIAN_POINT('Ctrl Pts',(21.0969759274711,-1.12275727740626,-2.43884312878458));
#11726=CARTESIAN_POINT('Ctrl Pts',(20.9390591489882,-2.17865098955659,-2.20931914404661));
#11727=CARTESIAN_POINT('Ctrl Pts',(20.6873369223853,-3.0665797584937,-2.06296933840919));
#11728=CARTESIAN_POINT('Ctrl Pts',(20.5348981654488,-3.49999908544892,-2.00000013287025));
#11729=CARTESIAN_POINT('',(20.5830084895885,-3.50801393476916,-2.));
#11730=CARTESIAN_POINT('Ctrl Pts',(20.5348978437903,-3.49999999999973,-2.));
#11731=CARTESIAN_POINT('Ctrl Pts',(20.5514770941923,-3.49999999999974,-2.));
#11732=CARTESIAN_POINT('Ctrl Pts',(20.5675533363343,-3.50254382982324,-2.));
#11733=CARTESIAN_POINT('Ctrl Pts',(20.5830084895885,-3.50801393476916,-2.));
#11734=CARTESIAN_POINT('Ctrl Pts',(20.5829825690491,-3.50801520383012,-2.00007617893335));
#11735=CARTESIAN_POINT('Ctrl Pts',(20.62411263832,-3.52259100043787,-2.00020704723623));
#11736=CARTESIAN_POINT('Ctrl Pts',(20.6649919412674,-3.53730635443455,-2.00334303590212));
#11737=CARTESIAN_POINT('Ctrl Pts',(20.7054030430644,-3.55206033324663,-2.00929766931228));
#11738=CARTESIAN_POINT('Ctrl Pts',(20.7469427287361,-3.56722635483495,-2.0154186011639));
#11739=CARTESIAN_POINT('Ctrl Pts',(20.7879886768023,-3.58243356373417,-2.02451806343016));
#11740=CARTESIAN_POINT('Ctrl Pts',(20.8282994108654,-3.59758000355974,-2.03644815198712));
#11741=CARTESIAN_POINT('Ctrl Pts',(20.8654275142549,-3.61153059505593,-2.04743633098417));
#11742=CARTESIAN_POINT('Ctrl Pts',(20.9019324569312,-3.62542996917795,-2.06082669023337));
#11743=CARTESIAN_POINT('Ctrl Pts',(20.9376106353362,-3.63919967940748,-2.07653977853791));
#11744=CARTESIAN_POINT('Ctrl Pts',(20.9763101931414,-3.6541354670741,-2.09358351777363));
#11745=CARTESIAN_POINT('Ctrl Pts',(21.0137831299258,-3.66882090193419,-2.11324744266384));
#11746=CARTESIAN_POINT('Ctrl Pts',(21.0497942531533,-3.68316026635115,-2.13537155701714));
#11747=CARTESIAN_POINT('Ctrl Pts',(21.0854562082047,-3.69736059456846,-2.1572811533004));
#11748=CARTESIAN_POINT('Ctrl Pts',(21.1196854731124,-3.71122193994157,-2.18160403254222));
#11749=CARTESIAN_POINT('Ctrl Pts',(21.152231719741,-3.72465195015102,-2.20822974952723));
#11750=CARTESIAN_POINT('Ctrl Pts',(21.1821612605287,-3.73700219265151,-2.23271476900122));
#11751=CARTESIAN_POINT('Ctrl Pts',(21.2106678585481,-3.74898791284982,-2.25914797261915));
#11752=CARTESIAN_POINT('Ctrl Pts',(21.2375302272993,-3.76053334720608,-2.28747164870315));
#11753=CARTESIAN_POINT('Ctrl Pts',(21.2595011127633,-3.76997642418201,-2.31063774581561));
#11754=CARTESIAN_POINT('Ctrl Pts',(21.2802651205647,-3.77907908614562,-2.33495703206444));
#11755=CARTESIAN_POINT('Ctrl Pts',(21.2997218763249,-3.78780502692119,-2.36037630260877));
#11756=CARTESIAN_POINT('Ctrl Pts',(21.3253821445178,-3.79931311096642,-2.39390014941412));
#11757=CARTESIAN_POINT('Ctrl Pts',(21.3487705319384,-3.81016646373847,-2.42933620844331));
#11758=CARTESIAN_POINT('Ctrl Pts',(21.3698341855792,-3.82031983467984,-2.46637894713945));
#11759=CARTESIAN_POINT('Ctrl Pts',(21.3912072006043,-3.83062232794076,-2.5039657316652));
#11760=CARTESIAN_POINT('Ctrl Pts',(21.4101871253224,-3.84020443562543,-2.54320779992906));
#11761=CARTESIAN_POINT('Ctrl Pts',(21.4266744725967,-3.84900799228395,-2.58381228779902));
#11762=CARTESIAN_POINT('Ctrl Pts',(21.4297114642615,-3.85062961932604,-2.59129168937664));
#11763=CARTESIAN_POINT('Ctrl Pts',(21.4326637525668,-3.85222479317046,-2.59881736321837));
#11764=CARTESIAN_POINT('Ctrl Pts',(21.4355305363552,-3.85379309753017,-2.60638752916821));
#11765=CARTESIAN_POINT('Ctrl Pts',(21.4510682114543,-3.86229314685225,-2.64741705481584));
#11766=CARTESIAN_POINT('Ctrl Pts',(21.4639973697304,-3.8699494871982,-2.689486059186));
#11767=CARTESIAN_POINT('Ctrl Pts',(21.4742643212237,-3.8767184470463,-2.73228175542977));
#11768=CARTESIAN_POINT('Ctrl Pts',(21.4844979701504,-3.88346545064613,-2.77493863670748));
#11769=CARTESIAN_POINT('Ctrl Pts',(21.4920869299754,-3.88933108802112,-2.81831865067395));
#11770=CARTESIAN_POINT('Ctrl Pts',(21.4969324496923,-3.89425909258542,-2.86213089895689));
#11771=CARTESIAN_POINT('Ctrl Pts',(21.5017779694091,-3.89918709714972,-2.90594314723984));
#11772=CARTESIAN_POINT('Ctrl Pts',(21.5038803828358,-3.90317775188523,-2.9501887535075));
#11773=CARTESIAN_POINT('Ctrl Pts',(21.503090694794,-3.90615763056298,-2.99457874495863));
#11774=CARTESIAN_POINT('Ctrl Pts',(21.5030585729477,-3.90627884197785,-2.99638438010412));
#11775=CARTESIAN_POINT('Ctrl Pts',(21.5030216628296,-3.90639836201558,-2.998190011447));
#11776=CARTESIAN_POINT('Ctrl Pts',(21.5029799563761,-3.90651618637808,-2.99999561930156));
#11777=CARTESIAN_POINT('Origin',(21.7325063693007,4.7008993173894,-3.));
#11778=CARTESIAN_POINT('',(20.3482174615682,4.12319331955938,-2.));
#11779=CARTESIAN_POINT('',(21.2710767333898,4.50833065144606,-3.));
#11780=CARTESIAN_POINT('Origin',(20.3482174615682,4.12319331955938,-3.));
#11781=CARTESIAN_POINT('Origin',(21.7325063693007,4.7008993173894,-3.));
#11782=CARTESIAN_POINT('Origin',(21.7325063693007,4.7008993173894,-2.));
#11783=CARTESIAN_POINT('Origin',(10.4682944589647,-5.20417042793042E-17,
-3.));
#11784=CARTESIAN_POINT('Origin',(10.4682944589647,-5.20417042793042E-17,
-3.));
#11785=CARTESIAN_POINT('Origin',(10.4682944589647,-5.20417042793042E-17,
-2.));
#11786=CARTESIAN_POINT('Origin',(10.4682944589647,-5.20417042793042E-17,
-3.));
#11787=CARTESIAN_POINT('',(20.1995039568297,-4.46286493146426,-2.));
#11788=CARTESIAN_POINT('Origin',(10.4682944589647,-5.20417042793042E-17,
-2.));
#11789=CARTESIAN_POINT('',(21.1084722664792,-4.87973015195274,-3.));
#11790=CARTESIAN_POINT('Origin',(20.1995039568297,-4.46286493146426,-3.));
#11791=CARTESIAN_POINT('Origin',(10.4682944589647,-5.20417042793042E-17,
-3.));
#11792=CARTESIAN_POINT('Origin',(21.562956421304,-5.08816276219699,-3.));
#11793=CARTESIAN_POINT('Origin',(21.562956421304,-5.08816276219699,-3.));
#11794=CARTESIAN_POINT('Origin',(21.562956421304,-5.08816276219699,-2.));
#11795=CARTESIAN_POINT('Origin',(25.1000000000018,-0.573159574129016,-2.));
#11796=CARTESIAN_POINT('',(20.0551514760505,-3.50000000000002,-1.99999999999996));
#11797=CARTESIAN_POINT('',(18.75,-3.50000000000002,-1.99999999999996));
#11798=CARTESIAN_POINT('',(18.75,-3.50000000000002,-1.99999999999996));
#11799=CARTESIAN_POINT('Ctrl Pts',(14.45,-14.0462764116534,-0.467787481879076));
#11800=CARTESIAN_POINT('Ctrl Pts',(26.2795869648749,-14.0462764116534,-0.467787481879076));
#11801=CARTESIAN_POINT('Ctrl Pts',(14.45,-11.9370211293227,-0.774229985503254));
#11802=CARTESIAN_POINT('Ctrl Pts',(26.2795869648749,-11.9370211293227,-0.774229985503254));
#11803=CARTESIAN_POINT('Ctrl Pts',(14.45,-9.82776584699204,-1.08067248912743));
#11804=CARTESIAN_POINT('Ctrl Pts',(26.2795869648749,-9.82776584699204,-1.08067248912743));
#11805=CARTESIAN_POINT('Ctrl Pts',(14.45,-7.71851056466135,-1.38711499275161));
#11806=CARTESIAN_POINT('Ctrl Pts',(26.2795869648749,-7.71851056466135,-1.38711499275161));
#11807=CARTESIAN_POINT('Ctrl Pts',(14.45,-5.60925528233067,-1.69355749637579));
#11808=CARTESIAN_POINT('Ctrl Pts',(26.2795869648749,-5.60925528233067,-1.69355749637579));
#11809=CARTESIAN_POINT('Ctrl Pts',(14.45,-3.49999999999998,-1.99999999999996));
#11810=CARTESIAN_POINT('Ctrl Pts',(26.2795869648749,-3.49999999999998,-1.99999999999996));
#11811=CARTESIAN_POINT('Ctrl Pts',(14.45,-3.3504449939001,-2.02172805296856));
#11812=CARTESIAN_POINT('Ctrl Pts',(26.2795869648749,-3.3504449939001,-2.02172805296856));
#11813=CARTESIAN_POINT('Ctrl Pts',(14.45,-3.05244579948558,-2.06665733683876));
#11814=CARTESIAN_POINT('Ctrl Pts',(26.2795869648749,-3.05244579948558,-2.06665733683876));
#11815=CARTESIAN_POINT('Ctrl Pts',(14.45,-2.60877806013471,-2.13846893830996));
#11816=CARTESIAN_POINT('Ctrl Pts',(26.2795869648749,-2.60877806013471,-2.13846893830996));
#11817=CARTESIAN_POINT('Ctrl Pts',(14.45,-2.02434614151426,-2.24366707740064));
#11818=CARTESIAN_POINT('Ctrl Pts',(26.2795869648749,-2.02434614151426,-2.24366707740064));
#11819=CARTESIAN_POINT('Ctrl Pts',(14.45,-1.31149094997256,-2.39861839060808));
#11820=CARTESIAN_POINT('Ctrl Pts',(26.2795869648749,-1.31149094997256,-2.39861839060808));
#11821=CARTESIAN_POINT('Ctrl Pts',(14.45,-0.764269278385248,-2.55316514073073));
#11822=CARTESIAN_POINT('Ctrl Pts',(26.2795869648749,-0.764269278385248,
-2.55316514073073));
#11823=CARTESIAN_POINT('Ctrl Pts',(14.45,-0.373341751102284,-2.69492135205002));
#11824=CARTESIAN_POINT('Ctrl Pts',(26.2795869648749,-0.373341751102284,
-2.69492135205002));
#11825=CARTESIAN_POINT('Ctrl Pts',(14.45,-0.122771122120602,-2.80275088555488));
#11826=CARTESIAN_POINT('Ctrl Pts',(26.2795869648749,-0.122771122120602,
-2.80275088555488));
#11827=CARTESIAN_POINT('Ctrl Pts',(14.45,0.,-2.86));
#11828=CARTESIAN_POINT('Ctrl Pts',(26.2795869648749,0.,-2.86));
#11829=CARTESIAN_POINT('Ctrl Pts',(14.45,1.44321645890655,-3.53298288716347));
#11830=CARTESIAN_POINT('Ctrl Pts',(26.2795869648749,1.44321645890655,-3.53298288716347));
#11831=CARTESIAN_POINT('Ctrl Pts',(14.45,2.88643291781311,-4.20596577432693));
#11832=CARTESIAN_POINT('Ctrl Pts',(26.2795869648749,2.88643291781311,-4.20596577432693));
#11833=CARTESIAN_POINT('Ctrl Pts',(14.45,4.32964937671966,-4.8789486614904));
#11834=CARTESIAN_POINT('Ctrl Pts',(26.2795869648749,4.32964937671966,-4.8789486614904));
#11835=CARTESIAN_POINT('Ctrl Pts',(14.45,5.77286583562621,-5.55193154865387));
#11836=CARTESIAN_POINT('Ctrl Pts',(26.2795869648749,5.77286583562621,-5.55193154865387));
#11837=CARTESIAN_POINT('Ctrl Pts',(14.45,7.21608229453276,-6.22491443581733));
#11838=CARTESIAN_POINT('Ctrl Pts',(26.2795869648749,7.21608229453276,-6.22491443581733));
#11839=CARTESIAN_POINT('',(14.45,0.,-2.86));
#11840=CARTESIAN_POINT('',(18.75,0.,-2.86));
#11841=CARTESIAN_POINT('',(14.45,-3.0544058284429,-2.06768612138378));
#11842=CARTESIAN_POINT('Ctrl Pts',(14.45,0.,-2.86));
#11843=CARTESIAN_POINT('Ctrl Pts',(14.45,-0.067397025976833,-2.82857225065013));
#11844=CARTESIAN_POINT('Ctrl Pts',(14.45,-0.135706271961198,-2.7983542968248));
#11845=CARTESIAN_POINT('Ctrl Pts',(14.45,-0.204908396025514,-2.76932048706139));
#11846=CARTESIAN_POINT('Ctrl Pts',(14.45,-0.281037113166695,-2.73738061930595));
#11847=CARTESIAN_POINT('Ctrl Pts',(14.45,-0.358246023417193,-2.70687331472441));
#11848=CARTESIAN_POINT('Ctrl Pts',(14.45,-0.436468394840137,-2.67771007273807));
#11849=CARTESIAN_POINT('Ctrl Pts',(14.45,-0.530389659598527,-2.64269389358132));
#11850=CARTESIAN_POINT('Ctrl Pts',(14.45,-0.625771162328723,-2.60961429699069));
#11851=CARTESIAN_POINT('Ctrl Pts',(14.45,-0.722449235821732,-2.57825422583596));
#11852=CARTESIAN_POINT('Ctrl Pts',(14.45,-0.904366028997436,-2.51924473824369));
#11853=CARTESIAN_POINT('Ctrl Pts',(14.45,-1.09086923024893,-2.46631779205368));
#11854=CARTESIAN_POINT('Ctrl Pts',(14.45,-1.28073011965479,-2.41784384631135));
#11855=CARTESIAN_POINT('Ctrl Pts',(14.45,-1.38987481585335,-2.38997779081067));
#11856=CARTESIAN_POINT('Ctrl Pts',(14.45,-1.50012771674644,-2.36358144773532));
#11857=CARTESIAN_POINT('Ctrl Pts',(14.45,-1.61127748998532,-2.33837454595817));
#11858=CARTESIAN_POINT('Ctrl Pts',(14.45,-1.71714960276858,-2.31436452893248));
#11859=CARTESIAN_POINT('Ctrl Pts',(14.45,-1.82383524399518,-2.29143342166726));
#11860=CARTESIAN_POINT('Ctrl Pts',(14.45,-1.93118043307313,-2.26937701352306));
#11861=CARTESIAN_POINT('Ctrl Pts',(14.45,-2.03587377775753,-2.24786548459312));
#11862=CARTESIAN_POINT('Ctrl Pts',(14.45,-2.14119432838309,-2.2271857626114));
#11863=CARTESIAN_POINT('Ctrl Pts',(14.45,-2.2470301232897,-2.20718936287662));
#11864=CARTESIAN_POINT('Ctrl Pts',(14.45,-2.35398950133274,-2.18698067563031));
#11865=CARTESIAN_POINT('Ctrl Pts',(14.45,-2.46147518592369,-2.16746998152263));
#11866=CARTESIAN_POINT('Ctrl Pts',(14.45,-2.56940399428627,-2.14854696270304));
#11867=CARTESIAN_POINT('Ctrl Pts',(14.45,-2.68029404348245,-2.12910475334597));
#11868=CARTESIAN_POINT('Ctrl Pts',(14.45,-2.79165186777381,-2.11028291211496));
#11869=CARTESIAN_POINT('Ctrl Pts',(14.45,-2.90342090371685,-2.09200642399146));
#11870=CARTESIAN_POINT('Ctrl Pts',(14.45,-2.9536666974663,-2.08379022488972));
#11871=CARTESIAN_POINT('Ctrl Pts',(14.45,-3.0039960429359,-2.07568483293568));
#11872=CARTESIAN_POINT('Ctrl Pts',(14.45,-3.0544058284429,-2.06768612138378));
#11873=CARTESIAN_POINT('',(20.0885025743036,-3.0544058284429,-2.06768612138378));
#11874=CARTESIAN_POINT('',(18.75,-3.0544058284429,-2.06768612138378));
#11875=CARTESIAN_POINT('',(20.2218330970869,-3.36826162991006,-2.01939402125268));
#11876=CARTESIAN_POINT('Ctrl Pts',(20.0885026225121,-3.05440758524606,-2.06768591621988));
#11877=CARTESIAN_POINT('Ctrl Pts',(20.0999367826795,-3.05440601971247,-2.06768610376375));
#11878=CARTESIAN_POINT('Ctrl Pts',(20.1111446258346,-3.05590857605935,-2.06744745070203));
#11879=CARTESIAN_POINT('Ctrl Pts',(20.1219955326495,-3.05898993151652,-2.06695931687292));
#11880=CARTESIAN_POINT('Ctrl Pts',(20.126284344451,-3.06020783467195,-2.0667663823871));
#11881=CARTESIAN_POINT('Ctrl Pts',(20.1305173636201,-3.06167291160785,-2.06653435773589));
#11882=CARTESIAN_POINT('Ctrl Pts',(20.1346863875492,-3.06339203055201,-2.06626214561263));
#11883=CARTESIAN_POINT('Ctrl Pts',(20.1468756834889,-3.06841835084238,-2.06546625808951));
#11884=CARTESIAN_POINT('Ctrl Pts',(20.1579553236138,-3.07537588663764,-2.06436542460062));
#11885=CARTESIAN_POINT('Ctrl Pts',(20.1679192745469,-3.08383481215575,-2.06303133128234));
#11886=CARTESIAN_POINT('Ctrl Pts',(20.1702106522968,-3.08578008405149,-2.06272453413265));
#11887=CARTESIAN_POINT('Ctrl Pts',(20.1724430500622,-3.08780497628418,-2.06240535536416));
#11888=CARTESIAN_POINT('Ctrl Pts',(20.1746164373602,-3.08990457714793,-2.06207459469177));
#11889=CARTESIAN_POINT('Ctrl Pts',(20.184516373646,-3.09946841089092,-2.06056795591388));
#11890=CARTESIAN_POINT('Ctrl Pts',(20.1930297071936,-3.11041017593378,-2.05884922314682));
#11891=CARTESIAN_POINT('Ctrl Pts',(20.2002811509032,-3.12212615575453,-2.05701395056802));
#11892=CARTESIAN_POINT('Ctrl Pts',(20.2044291590181,-3.12882799077074,-2.05596412851121));
#11893=CARTESIAN_POINT('Ctrl Pts',(20.2081644619871,-3.13578275990602,-2.05487625858053));
#11894=CARTESIAN_POINT('Ctrl Pts',(20.2115121588224,-3.14286922771924,-2.0537690844121));
#11895=CARTESIAN_POINT('Ctrl Pts',(20.2173031899455,-3.15512779164492,-2.05185383330559));
#11896=CARTESIAN_POINT('Ctrl Pts',(20.2221303200946,-3.16820961538441,-2.04981391307363));
#11897=CARTESIAN_POINT('Ctrl Pts',(20.2259879969114,-3.18172889271487,-2.04770265931484));
#11898=CARTESIAN_POINT('Ctrl Pts',(20.2294880715763,-3.19399494876832,-2.04578711632276));
#11899=CARTESIAN_POINT('Ctrl Pts',(20.2321901552148,-3.20662154477855,-2.04381270761984));
#11900=CARTESIAN_POINT('Ctrl Pts',(20.2340967407978,-3.21927584643631,-2.04181865777373));
#11901=CARTESIAN_POINT('Ctrl Pts',(20.2345960149109,-3.22258960548938,-2.04129647955256));
#11902=CARTESIAN_POINT('Ctrl Pts',(20.2350407731792,-3.2259049925727,-2.0407729571142));
#11903=CARTESIAN_POINT('Ctrl Pts',(20.2354311357111,-3.22921542541989,-2.04024880601635));
#11904=CARTESIAN_POINT('Ctrl Pts',(20.2356416845275,-3.23100096491444,-2.03996609601149));
#11905=CARTESIAN_POINT('Ctrl Pts',(20.2358364094215,-3.23278506128601,-2.03968320270307));
#11906=CARTESIAN_POINT('Ctrl Pts',(20.2360152434861,-3.23457003383505,-2.03940002222812));
#11907=CARTESIAN_POINT('Ctrl Pts',(20.2367282985547,-3.24168715509647,-2.0382709125507));
#11908=CARTESIAN_POINT('Ctrl Pts',(20.237186106914,-3.24880256028025,-2.03713994742463));
#11909=CARTESIAN_POINT('Ctrl Pts',(20.2373858369317,-3.25603571670114,-2.03600296508691));
#11910=CARTESIAN_POINT('Ctrl Pts',(20.2375603231291,-3.2623546765377,-2.03500968562373));
#11911=CARTESIAN_POINT('Ctrl Pts',(20.2375378124149,-3.26876403381082,-2.03401181312482));
#11912=CARTESIAN_POINT('Ctrl Pts',(20.2373177098923,-3.27530183446051,-2.03300938801538));
#11913=CARTESIAN_POINT('Ctrl Pts',(20.2372105699448,-3.27848425877175,-2.03252143461798));
#11914=CARTESIAN_POINT('Ctrl Pts',(20.2370566347439,-3.28169640124076,-2.0320324478668));
#11915=CARTESIAN_POINT('Ctrl Pts',(20.236855992331,-3.2849380576153,-2.03154271412653));
#11916=CARTESIAN_POINT('Ctrl Pts',(20.2364659686894,-3.29123943032127,-2.03059073326625));
#11917=CARTESIAN_POINT('Ctrl Pts',(20.2358977979592,-3.29767832570843,-2.02963228600484));
#11918=CARTESIAN_POINT('Ctrl Pts',(20.2351491780523,-3.30421845641805,-2.0286715151782));
#11919=CARTESIAN_POINT('Ctrl Pts',(20.2349810580437,-3.30568719485326,-2.02845575174729));
#11920=CARTESIAN_POINT('Ctrl Pts',(20.2348038449369,-3.30716083173369,-2.02823988307326));
#11921=CARTESIAN_POINT('Ctrl Pts',(20.2346175259234,-3.30863858903406,-2.02802397736464));
#11922=CARTESIAN_POINT('Ctrl Pts',(20.2339267042596,-3.31411772257725,-2.02722345605441));
#11923=CARTESIAN_POINT('Ctrl Pts',(20.2331095518071,-3.31966400491244,-2.02642107185643));
#11924=CARTESIAN_POINT('Ctrl Pts',(20.2321648159039,-3.3252198127524,-2.0256214774839));
#11925=CARTESIAN_POINT('Ctrl Pts',(20.2312686710862,-3.33048986588309,-2.02486300905814));
#11926=CARTESIAN_POINT('Ctrl Pts',(20.2302566868271,-3.33577448671982,-2.02410616482569));
#11927=CARTESIAN_POINT('Ctrl Pts',(20.2291277946107,-3.34100030996658,-2.02335652750875));
#11928=CARTESIAN_POINT('Ctrl Pts',(20.2276512050124,-3.34783568019681,-2.0223760028416));
#11929=CARTESIAN_POINT('Ctrl Pts',(20.2259719993053,-3.35458431932573,-2.02140592309829));
#11930=CARTESIAN_POINT('Ctrl Pts',(20.2240875620698,-3.36102186926914,-2.02046327163509));
#11931=CARTESIAN_POINT('Ctrl Pts',(20.2233669224092,-3.36348369379639,-2.0201027862776));
#11932=CARTESIAN_POINT('Ctrl Pts',(20.2226155156826,-3.36590205600144,-2.01974597305119));
#11933=CARTESIAN_POINT('Ctrl Pts',(20.2218330963266,-3.36826163122524,-2.01939403163968));
#11934=CARTESIAN_POINT('Ctrl Pts',(20.221833097087,-3.36826162990985,-2.01939402125271));
#11935=CARTESIAN_POINT('Ctrl Pts',(20.2116273010726,-3.39904019306424,-2.01480324905175));
#11936=CARTESIAN_POINT('Ctrl Pts',(20.2048838469948,-3.42799214200619,-2.01052955228486));
#11937=CARTESIAN_POINT('Ctrl Pts',(20.1867919761597,-3.45132947159128,-2.00710574067433));
#11938=CARTESIAN_POINT('Ctrl Pts',(20.1791533038789,-3.46118285901791,-2.00566015358815));
#11939=CARTESIAN_POINT('Ctrl Pts',(20.1691846030813,-3.47043862664853,-2.00430670377689));
#11940=CARTESIAN_POINT('Ctrl Pts',(20.1554343959339,-3.47824247168911,-2.00316795789326));
#11941=CARTESIAN_POINT('Ctrl Pts',(20.1435309592818,-3.48499819355479,-2.00218215532728));
#11942=CARTESIAN_POINT('Ctrl Pts',(20.1304083343376,-3.48973555083396,-2.00149264863696));
#11943=CARTESIAN_POINT('Ctrl Pts',(20.1171347685583,-3.4930323568811,-2.0010130015598));
#11944=CARTESIAN_POINT('Ctrl Pts',(20.0917682383067,-3.4993327385358,-2.00009636903655));
#11945=CARTESIAN_POINT('Ctrl Pts',(20.0670836532354,-3.50000000000001,-1.99999999999996));
#11946=CARTESIAN_POINT('Ctrl Pts',(20.0551514760505,-3.50000000000001,-1.99999999999996));
#11947=CARTESIAN_POINT('',(16.3582509753561,-0.943563307813296,-2.51005500114679));
#11948=CARTESIAN_POINT('',(16.29,-1.32500000000001,-2.40663636195539));
#11949=CARTESIAN_POINT('Ctrl Pts',(16.3582509753561,-0.943563307813296,
-2.51005500114679));
#11950=CARTESIAN_POINT('Ctrl Pts',(16.3379001970903,-0.998610176812959,
-2.49390603810113));
#11951=CARTESIAN_POINT('Ctrl Pts',(16.3220066416307,-1.05513231899803,-2.47791324138003));
#11952=CARTESIAN_POINT('Ctrl Pts',(16.3106968880683,-1.11260242764915,-2.46222327414773));
#11953=CARTESIAN_POINT('Ctrl Pts',(16.2986865831326,-1.17363236307381,-2.44556143533312));
#11954=CARTESIAN_POINT('Ctrl Pts',(16.291845529245,-1.23573116637478,-2.42924087288836));
#11955=CARTESIAN_POINT('Ctrl Pts',(16.2903253143448,-1.29823201691248,-2.41339037012257));
#11956=CARTESIAN_POINT('Ctrl Pts',(16.2901084691204,-1.30714721104452,-2.41112943594276));
#11957=CARTESIAN_POINT('Ctrl Pts',(16.2899998843569,-1.31607053357832,-2.40887799706501));
#11958=CARTESIAN_POINT('Ctrl Pts',(16.29,-1.32500000000016,-2.40663636195535));
#11959=CARTESIAN_POINT('Ctrl Pts',(16.29,-1.32500000000016,-2.40663636195535));
#11960=CARTESIAN_POINT('Ctrl Pts',(16.2900000751713,-1.34006385601631,-2.40285476214441));
#11961=CARTESIAN_POINT('Ctrl Pts',(16.2903094355825,-1.35514520175621,-2.3991010686572));
#11962=CARTESIAN_POINT('Ctrl Pts',(16.290930463818,-1.37023443954997,-2.39537667298876));
#11963=CARTESIAN_POINT('Ctrl Pts',(16.2942211065401,-1.45018779381371,-2.37564221520059));
#11964=CARTESIAN_POINT('Ctrl Pts',(16.3062265645044,-1.52957245689064,-2.35692970551926));
#11965=CARTESIAN_POINT('Ctrl Pts',(16.326754336006,-1.60697734041478,-2.33935044536771));
#11966=CARTESIAN_POINT('Ctrl Pts',(16.3438964033891,-1.67161561491328,-2.32467058291688));
#11967=CARTESIAN_POINT('Ctrl Pts',(16.3669813963826,-1.7348720921096,-2.31077935478491));
#11968=CARTESIAN_POINT('Ctrl Pts',(16.3958972167552,-1.7959136400073,-2.29772642596057));
#11969=CARTESIAN_POINT('Ctrl Pts',(16.4346410765781,-1.87770226452672,-2.28023700881339));
#11970=CARTESIAN_POINT('Ctrl Pts',(16.4833665878397,-1.95447386005008,-2.26447046791339));
#11971=CARTESIAN_POINT('Ctrl Pts',(16.5410003358044,-2.02443164010074,-2.25046575961488));
#11972=CARTESIAN_POINT('Ctrl Pts',(16.5743014965235,-2.0648537080608,-2.24237374654367));
#11973=CARTESIAN_POINT('Ctrl Pts',(16.6105767654447,-2.10300142805322,-2.23487062375051));
#11974=CARTESIAN_POINT('Ctrl Pts',(16.6496190735721,-2.13853308708482,-2.22797040371792));
#11975=CARTESIAN_POINT('Ctrl Pts',(16.7083265541271,-2.19196164399495,-2.21759462029683));
#11976=CARTESIAN_POINT('Ctrl Pts',(16.7726417096143,-2.23887770246607,-2.20869509486429));
#11977=CARTESIAN_POINT('Ctrl Pts',(16.8414228678128,-2.27845108393688,-2.20127564307306));
#11978=CARTESIAN_POINT('Ctrl Pts',(16.8878465473784,-2.30516104388587,-2.19626790168677));
#11979=CARTESIAN_POINT('Ctrl Pts',(16.9363047336844,-2.32852668421384,-2.19193530073411));
#11980=CARTESIAN_POINT('Ctrl Pts',(16.9864463907287,-2.34830077907321,-2.1882896676103));
#11981=CARTESIAN_POINT('Ctrl Pts',(17.0616507651052,-2.37795872259607,-2.18282180766221));
#11982=CARTESIAN_POINT('Ctrl Pts',(17.1399733420411,-2.39926576077695,-2.17894638709177));
#11983=CARTESIAN_POINT('Ctrl Pts',(17.2199955843117,-2.4117835564853,-2.17667258416982));
#11984=CARTESIAN_POINT('Ctrl Pts',(17.2822915986469,-2.42152845688755,-2.17490246557027));
#11985=CARTESIAN_POINT('Ctrl Pts',(17.3453265336881,-2.42590120350726,-2.17411232341545));
#11986=CARTESIAN_POINT('Ctrl Pts',(17.4083984393436,-2.42484612443328,-2.1743033976733));
#11987=CARTESIAN_POINT('Ctrl Pts',(17.4732200150063,-2.42376177653998,-2.17449977249872));
#11988=CARTESIAN_POINT('Ctrl Pts',(17.5378036312294,-2.41694890974639,-2.17573161905283));
#11989=CARTESIAN_POINT('Ctrl Pts',(17.6013904866293,-2.40449713392994,-2.17799724705813));
#11990=CARTESIAN_POINT('Ctrl Pts',(17.6773930307367,-2.38961407933076,-2.18070525158707));
#11991=CARTESIAN_POINT('Ctrl Pts',(17.7515070911267,-2.36676685335041,-2.18487243956776));
#11992=CARTESIAN_POINT('Ctrl Pts',(17.8225159673236,-2.33640009981432,-2.19048682712201));
#11993=CARTESIAN_POINT('Ctrl Pts',(17.8324394694414,-2.33215634101731,-2.19127143870536));
#11994=CARTESIAN_POINT('Ctrl Pts',(17.8423023269752,-2.32776577504512,-2.19208438058149));
#11995=CARTESIAN_POINT('Ctrl Pts',(17.8521012191408,-2.32322966459223,-2.19292568517542));
#11996=CARTESIAN_POINT('Ctrl Pts',(17.9255582298789,-2.28922489052017,-2.19923249206202));
#11997=CARTESIAN_POINT('Ctrl Pts',(17.9947091004341,-2.24737524662452,-2.20706739284736));
#11998=CARTESIAN_POINT('Ctrl Pts',(18.058440327044,-2.19861008343009,-2.21639310113285));
#11999=CARTESIAN_POINT('Ctrl Pts',(18.1092614731026,-2.15972331452407,-2.2238296939632));
#12000=CARTESIAN_POINT('Ctrl Pts',(18.1566363030515,-2.1164395681227,-2.23221501884455));
#12001=CARTESIAN_POINT('Ctrl Pts',(18.2000001813376,-2.06924438609439,-2.24154911582186));
#12002=CARTESIAN_POINT('Ctrl Pts',(18.2661089239141,-1.9972947758918,-2.25577905646935));
#12003=CARTESIAN_POINT('Ctrl Pts',(18.3220114399755,-1.91721964733116,-2.27202247969999));
#12004=CARTESIAN_POINT('Ctrl Pts',(18.366557448719,-1.83129665061539,-2.29020064106857));
#12005=CARTESIAN_POINT('Ctrl Pts',(18.3811206546783,-1.80320627095838,-2.29614353731088));
#12006=CARTESIAN_POINT('Ctrl Pts',(18.3944700772975,-1.77449114437837,-2.3022935805814));
#12007=CARTESIAN_POINT('Ctrl Pts',(18.4065655237591,-1.74523152654743,-2.30864890877006));
#12008=CARTESIAN_POINT('Ctrl Pts',(18.4383393894282,-1.66836862037488,-2.325343897648));
#12009=CARTESIAN_POINT('Ctrl Pts',(18.4611277808168,-1.58856203386827,-2.34328141916286));
#12010=CARTESIAN_POINT('Ctrl Pts',(18.4747765745438,-1.50737651093653,-2.3623558988626));
#12011=CARTESIAN_POINT('Ctrl Pts',(18.4837971073533,-1.45372073095239,-2.37496228543403));
#12012=CARTESIAN_POINT('Ctrl Pts',(18.4888255263148,-1.39946245962691,-2.38806504709899));
#12013=CARTESIAN_POINT('Ctrl Pts',(18.4898173393916,-1.34504544341452,-2.40162314918503));
#12014=CARTESIAN_POINT('Ctrl Pts',(18.4909649701728,-1.28207930161918,-2.41731128201269));
#12015=CARTESIAN_POINT('Ctrl Pts',(18.4867009643859,-1.21937084881797,-2.43349413703539));
#12016=CARTESIAN_POINT('Ctrl Pts',(18.4771921651784,-1.15760504161571,-2.45004966035244));
#12017=CARTESIAN_POINT('Ctrl Pts',(18.468291731497,-1.0997909623832,-2.46554597425397));
#12018=CARTESIAN_POINT('Ctrl Pts',(18.454796151222,-1.04280294225857,-2.48136902713999));
#12019=CARTESIAN_POINT('Ctrl Pts',(18.4368422491624,-0.987174813101469,
-2.49738174005829));
#12020=CARTESIAN_POINT('Ctrl Pts',(18.4288124213738,-0.962295302460676,
-2.50454337694013));
#12021=CARTESIAN_POINT('Ctrl Pts',(18.4198907962503,-0.937687408314174,
-2.51174241800332));
#12022=CARTESIAN_POINT('Ctrl Pts',(18.4100896145126,-0.913396819297179,
-2.51896385530557));
#12023=CARTESIAN_POINT('Ctrl Pts',(18.3890437285024,-0.861238112188628,
-2.53447030650306));
#12024=CARTESIAN_POINT('Ctrl Pts',(18.3640578155099,-0.810827449120111,
-2.5499987353134));
#12025=CARTESIAN_POINT('Ctrl Pts',(18.3353822779084,-0.762615826617011,
-2.5653468126217));
#12026=CARTESIAN_POINT('Ctrl Pts',(18.3056312815129,-0.712596056203646,
-2.58127051033999));
#12027=CARTESIAN_POINT('Ctrl Pts',(18.2719087164522,-0.664943367593305,
-2.59700007588735));
#12028=CARTESIAN_POINT('Ctrl Pts',(18.2344942285131,-0.62012665527854,-2.61226343605735));
#12029=CARTESIAN_POINT('Ctrl Pts',(18.2127499767128,-0.59408043812825,-2.6211340732125));
#12030=CARTESIAN_POINT('Ctrl Pts',(18.1897587378551,-0.568991446156519,
-2.62984637361757));
#12031=CARTESIAN_POINT('Ctrl Pts',(18.1655754056101,-0.54494693115609,-2.63834057639252));
#12032=CARTESIAN_POINT('Ctrl Pts',(18.114137401194,-0.493804191344976,-2.6564077656211));
#12033=CARTESIAN_POINT('Ctrl Pts',(18.0576407416869,-0.447748264942129,
-2.67336377990057));
#12034=CARTESIAN_POINT('Ctrl Pts',(17.9968728209961,-0.40755123182343,-2.68856984694751));
#12035=CARTESIAN_POINT('Ctrl Pts',(17.9387258672175,-0.36908792749742,-2.70312006468873));
#12036=CARTESIAN_POINT('Ctrl Pts',(17.876668152112,-0.33598619002407,-2.71606428189061));
#12037=CARTESIAN_POINT('Ctrl Pts',(17.8113895179848,-0.30891394353994,-2.72683159021083));
#12038=CARTESIAN_POINT('Ctrl Pts',(17.7578340092823,-0.286703492117942,
-2.73566524125386));
#12039=CARTESIAN_POINT('Ctrl Pts',(17.7024791782624,-0.268709099989281,
-2.74296851695443));
#12040=CARTESIAN_POINT('Ctrl Pts',(17.6458023177985,-0.255156977513779,
-2.7485091302558));
#12041=CARTESIAN_POINT('Ctrl Pts',(17.6238065678592,-0.24989752780752,-2.75065938952722));
#12042=CARTESIAN_POINT('Ctrl Pts',(17.6016117014863,-0.245307457000846,
-2.75254457779574));
#12043=CARTESIAN_POINT('Ctrl Pts',(17.5792456173764,-0.24140132138147,-2.75415288639962));
#12044=CARTESIAN_POINT('Ctrl Pts',(17.52692717791,-0.232264142117267,-2.75791501999092));
#12045=CARTESIAN_POINT('Ctrl Pts',(17.4739751521628,-0.226919534612838,
-2.7601376397824));
#12046=CARTESIAN_POINT('Ctrl Pts',(17.420771500361,-0.2254305002675,-2.76075579392588));
#12047=CARTESIAN_POINT('Ctrl Pts',(17.4172309162293,-0.225331408359402,
-2.76079693070273));
#12048=CARTESIAN_POINT('Ctrl Pts',(17.4136892177451,-0.225249402864795,
-2.76083097732247));
#12049=CARTESIAN_POINT('Ctrl Pts',(17.4101465174774,-0.225184507367924,
-2.76085792129632));
#12050=CARTESIAN_POINT('Ctrl Pts',(17.3555225857077,-0.224183901354048,
-2.76127336310011));
#12051=CARTESIAN_POINT('Ctrl Pts',(17.3009559101095,-0.227253333214146,
-2.75999405532856));
#12052=CARTESIAN_POINT('Ctrl Pts',(17.246861617146,-0.234352759434124,-2.75706032341422));
#12053=CARTESIAN_POINT('Ctrl Pts',(17.1911169532164,-0.24166878312249,-2.75403708582916));
#12054=CARTESIAN_POINT('Ctrl Pts',(17.1362039807312,-0.253222031911016,
-2.74927511448794));
#12055=CARTESIAN_POINT('Ctrl Pts',(17.0825565786143,-0.268838074912902,
-2.74293539545739));
#12056=CARTESIAN_POINT('Ctrl Pts',(17.0677752380081,-0.273140725953271,
-2.74118862781087));
#12057=CARTESIAN_POINT('Ctrl Pts',(17.0530899737651,-0.277751993443063,
-2.73932233342843));
#12058=CARTESIAN_POINT('Ctrl Pts',(17.0385098612468,-0.282668631208693,
-2.73734041324324));
#12059=CARTESIAN_POINT('Ctrl Pts',(16.9664765764291,-0.306959360657612,
-2.72754870409105));
#12060=CARTESIAN_POINT('Ctrl Pts',(16.8976864262447,-0.338468081379322,
-2.71502403031266));
#12061=CARTESIAN_POINT('Ctrl Pts',(16.8330510901784,-0.376418103293122,
-2.70044024073757));
#12062=CARTESIAN_POINT('Ctrl Pts',(16.782424376155,-0.406143096207865,-2.6890172422799));
#12063=CARTESIAN_POINT('Ctrl Pts',(16.7343466692964,-0.43982176676127,-2.67633347503531));
#12064=CARTESIAN_POINT('Ctrl Pts',(16.6892560677013,-0.477086123862489,
-2.6627196984047));
#12065=CARTESIAN_POINT('Ctrl Pts',(16.6424512405085,-0.515767173413254,
-2.64858836193777));
#12066=CARTESIAN_POINT('Ctrl Pts',(16.5991017925034,-0.558109522681974,
-2.63353147045071));
#12067=CARTESIAN_POINT('Ctrl Pts',(16.5595693441749,-0.603619373084805,
-2.61790784911669));
#12068=CARTESIAN_POINT('Ctrl Pts',(16.5319837023843,-0.635376030823858,
-2.60700572592891));
#12069=CARTESIAN_POINT('Ctrl Pts',(16.5062566389875,-0.668674567480333,
-2.59582706000275));
#12070=CARTESIAN_POINT('Ctrl Pts',(16.4825110226582,-0.703337908504016,
-2.58448144258142));
#12071=CARTESIAN_POINT('Ctrl Pts',(16.4505868670334,-0.749940105640998,
-2.56922813219369));
#12072=CARTESIAN_POINT('Ctrl Pts',(16.4223404697546,-0.798868187906708,
-2.55372124468438));
#12073=CARTESIAN_POINT('Ctrl Pts',(16.3979927163121,-0.849684871687217,
-2.53817673180206));
#12074=CARTESIAN_POINT('Ctrl Pts',(16.3833119204992,-0.880325454615277,
-2.52880396481663));
#12075=CARTESIAN_POINT('Ctrl Pts',(16.3700485329746,-0.911652065881513,
-2.51941672282256));
#12076=CARTESIAN_POINT('Ctrl Pts',(16.3582509753561,-0.943563307813296,
-2.51005500114679));
#12077=CARTESIAN_POINT('Ctrl Pts',(14.45,-7.21608229582423,-6.22491443641955));
#12078=CARTESIAN_POINT('Ctrl Pts',(26.2795869663657,-7.21608229582423,-6.22491443641955));
#12079=CARTESIAN_POINT('Ctrl Pts',(14.45,-5.77286583665938,-5.55193154913564));
#12080=CARTESIAN_POINT('Ctrl Pts',(26.2795869663657,-5.77286583665938,-5.55193154913564));
#12081=CARTESIAN_POINT('Ctrl Pts',(14.45,-4.32964937749454,-4.87894866185173));
#12082=CARTESIAN_POINT('Ctrl Pts',(26.2795869663657,-4.32964937749454,-4.87894866185173));
#12083=CARTESIAN_POINT('Ctrl Pts',(14.45,-2.88643291832969,-4.20596577456782));
#12084=CARTESIAN_POINT('Ctrl Pts',(26.2795869663657,-2.88643291832969,-4.20596577456782));
#12085=CARTESIAN_POINT('Ctrl Pts',(14.45,-1.44321645916485,-3.53298288728391));
#12086=CARTESIAN_POINT('Ctrl Pts',(26.2795869663657,-1.44321645916485,-3.53298288728391));
#12087=CARTESIAN_POINT('Ctrl Pts',(14.45,0.,-2.86));
#12088=CARTESIAN_POINT('Ctrl Pts',(26.2795869663657,0.,-2.86));
#12089=CARTESIAN_POINT('Ctrl Pts',(14.45,0.122771122120602,-2.80275088555488));
#12090=CARTESIAN_POINT('Ctrl Pts',(26.2795869663657,0.122771122120602,-2.80275088555488));
#12091=CARTESIAN_POINT('Ctrl Pts',(14.45,0.373341751102284,-2.69492135205002));
#12092=CARTESIAN_POINT('Ctrl Pts',(26.2795869663657,0.373341751102284,-2.69492135205002));
#12093=CARTESIAN_POINT('Ctrl Pts',(14.45,0.764269278385248,-2.55316514073073));
#12094=CARTESIAN_POINT('Ctrl Pts',(26.2795869663657,0.764269278385248,-2.55316514073073));
#12095=CARTESIAN_POINT('Ctrl Pts',(14.45,1.31149094997256,-2.39861839060808));
#12096=CARTESIAN_POINT('Ctrl Pts',(26.2795869663657,1.31149094997256,-2.39861839060808));
#12097=CARTESIAN_POINT('Ctrl Pts',(14.45,2.02434614151426,-2.24366707740064));
#12098=CARTESIAN_POINT('Ctrl Pts',(26.2795869663657,2.02434614151426,-2.24366707740064));
#12099=CARTESIAN_POINT('Ctrl Pts',(14.45,2.60877806013471,-2.13846893830996));
#12100=CARTESIAN_POINT('Ctrl Pts',(26.2795869663657,2.60877806013471,-2.13846893830996));
#12101=CARTESIAN_POINT('Ctrl Pts',(14.45,3.05244579948558,-2.06665733683876));
#12102=CARTESIAN_POINT('Ctrl Pts',(26.2795869663657,3.05244579948558,-2.06665733683876));
#12103=CARTESIAN_POINT('Ctrl Pts',(14.45,3.3504449939001,-2.02172805296856));
#12104=CARTESIAN_POINT('Ctrl Pts',(26.2795869663657,3.3504449939001,-2.02172805296856));
#12105=CARTESIAN_POINT('Ctrl Pts',(14.45,3.49999999999998,-1.99999999999996));
#12106=CARTESIAN_POINT('Ctrl Pts',(26.2795869663657,3.49999999999998,-1.99999999999996));
#12107=CARTESIAN_POINT('Ctrl Pts',(14.45,5.60925528233067,-1.69355749637579));
#12108=CARTESIAN_POINT('Ctrl Pts',(26.2795869663657,5.60925528233067,-1.69355749637579));
#12109=CARTESIAN_POINT('Ctrl Pts',(14.45,7.71851056466136,-1.38711499275161));
#12110=CARTESIAN_POINT('Ctrl Pts',(26.2795869663657,7.71851056466136,-1.38711499275161));
#12111=CARTESIAN_POINT('Ctrl Pts',(14.45,9.82776584699205,-1.08067248912743));
#12112=CARTESIAN_POINT('Ctrl Pts',(26.2795869663657,9.82776584699205,-1.08067248912743));
#12113=CARTESIAN_POINT('Ctrl Pts',(14.45,11.9370211293227,-0.77422998550325));
#12114=CARTESIAN_POINT('Ctrl Pts',(26.2795869663657,11.9370211293227,-0.77422998550325));
#12115=CARTESIAN_POINT('Ctrl Pts',(14.45,14.0462764116534,-0.467787481879072));
#12116=CARTESIAN_POINT('Ctrl Pts',(26.2795869663657,14.0462764116534,-0.467787481879072));
#12117=CARTESIAN_POINT('',(20.0551514760505,3.50000000000002,-1.99999999999996));
#12118=CARTESIAN_POINT('',(18.75,3.50000000000002,-1.99999999999996));
#12119=CARTESIAN_POINT('',(20.221833097087,3.36826162991011,-2.01939402125267));
#12120=CARTESIAN_POINT('Ctrl Pts',(20.0551514760505,3.50000000000001,-1.99999999999996));
#12121=CARTESIAN_POINT('Ctrl Pts',(20.0684755337255,3.50000000000001,-1.99999999999996));
#12122=CARTESIAN_POINT('Ctrl Pts',(20.0967370967241,3.49917321405853,-2.0001191566322));
#12123=CARTESIAN_POINT('Ctrl Pts',(20.1245964182129,3.49101689857459,-2.00130628678703));
#12124=CARTESIAN_POINT('Ctrl Pts',(20.1460998452136,3.48472138507206,-2.00222258213309));
#12125=CARTESIAN_POINT('Ctrl Pts',(20.1602491084531,3.47624465074625,-2.00345861811833));
#12126=CARTESIAN_POINT('Ctrl Pts',(20.1701217205295,3.46830752170359,-2.00461912193982));
#12127=CARTESIAN_POINT('Ctrl Pts',(20.1798736984642,3.4604673769992,-2.00576544548345));
#12128=CARTESIAN_POINT('Ctrl Pts',(20.1876603707757,3.45131486635416,-2.00710619687973));
#12129=CARTESIAN_POINT('Ctrl Pts',(20.1941378211729,3.44059356218661,-2.00868249290218));
#12130=CARTESIAN_POINT('Ctrl Pts',(20.2069704438549,3.41935334534146,-2.01180532840853));
#12131=CARTESIAN_POINT('Ctrl Pts',(20.2131301171852,3.39450801149157,-2.01547924594832));
#12132=CARTESIAN_POINT('Ctrl Pts',(20.221833097087,3.36826162990988,-2.0193940212527));
#12133=CARTESIAN_POINT('',(20.0885025743036,3.0544058284429,-2.06768612138378));
#12134=CARTESIAN_POINT('Ctrl Pts',(20.2218330963258,3.36826163122653,-2.01939403164998));
#12135=CARTESIAN_POINT('Ctrl Pts',(20.2231121923454,3.36440414839164,-2.01996939047674));
#12136=CARTESIAN_POINT('Ctrl Pts',(20.2243088971438,3.36038889641222,-2.02055792001704));
#12137=CARTESIAN_POINT('Ctrl Pts',(20.2254242167818,3.3562800658566,-2.02115466091891));
#12138=CARTESIAN_POINT('Ctrl Pts',(20.2270584097833,3.35025970908162,-2.0220290199568));
#12139=CARTESIAN_POINT('Ctrl Pts',(20.2285215452784,3.34402681409663,-2.02292286280419));
#12140=CARTESIAN_POINT('Ctrl Pts',(20.2298155626391,3.3377435267736,-2.02382395208656));
#12141=CARTESIAN_POINT('Ctrl Pts',(20.2308478947671,3.33273088971768,-2.02454281679786));
#12142=CARTESIAN_POINT('Ctrl Pts',(20.2317738337295,3.3276794169921,-2.02526721767984));
#12143=CARTESIAN_POINT('Ctrl Pts',(20.2325943122505,3.32264922572341,-2.02599255164596));
#12144=CARTESIAN_POINT('Ctrl Pts',(20.2334950840431,3.31712677231283,-2.02678886789341));
#12145=CARTESIAN_POINT('Ctrl Pts',(20.2342698105776,3.31162370099033,-2.0275872484145));
#12146=CARTESIAN_POINT('Ctrl Pts',(20.2349197324573,3.3061923878496,-2.02838338805803));
#12147=CARTESIAN_POINT('Ctrl Pts',(20.235707412566,3.29960984699512,-2.02934827842498));
#12148=CARTESIAN_POINT('Ctrl Pts',(20.2363132459254,3.29312146218998,-2.03031163930776));
#12149=CARTESIAN_POINT('Ctrl Pts',(20.2367390654934,3.28676859183679,-2.03126902978233));
#12150=CARTESIAN_POINT('Ctrl Pts',(20.2368575303253,3.28500119603119,-2.03153537992251));
#12151=CARTESIAN_POINT('Ctrl Pts',(20.2369620738771,3.28324397489119,-2.03180128610125));
#12152=CARTESIAN_POINT('Ctrl Pts',(20.2370527610488,3.28149711695488,-2.03206669318882));
#12153=CARTESIAN_POINT('Ctrl Pts',(20.2373966076675,3.27487378551651,-2.03307300232852));
#12154=CARTESIAN_POINT('Ctrl Pts',(20.2375427774601,3.26837526377967,-2.03407622337259));
#12155=CARTESIAN_POINT('Ctrl Pts',(20.2374903913658,3.26197966904049,-2.03507523278929));
#12156=CARTESIAN_POINT('Ctrl Pts',(20.2374304603925,3.25466295220803,-2.03621812400005));
#12157=CARTESIAN_POINT('Ctrl Pts',(20.2371106900982,3.2474806350793,-2.03735548347154));
#12158=CARTESIAN_POINT('Ctrl Pts',(20.23653212918,3.24032625536679,-2.03849044081666));
#12159=CARTESIAN_POINT('Ctrl Pts',(20.2362436802602,3.23675934817435,-2.03905628826676));
#12160=CARTESIAN_POINT('Ctrl Pts',(20.2358909362865,3.23319834828292,-2.03962161055602));
#12161=CARTESIAN_POINT('Ctrl Pts',(20.2354741430576,3.22962561069152,-2.04018714542404));
#12162=CARTESIAN_POINT('Ctrl Pts',(20.2352802780828,3.22796380662356,-2.04045019528993));
#12163=CARTESIAN_POINT('Ctrl Pts',(20.235072556408,3.22629943266851,-2.04071329427372));
#12164=CARTESIAN_POINT('Ctrl Pts',(20.2348509336452,3.22463336917652,-2.04097634747129));
#12165=CARTESIAN_POINT('Ctrl Pts',(20.2331309962243,3.21170362807262,-2.0430178121318));
#12166=CARTESIAN_POINT('Ctrl Pts',(20.2305880312697,3.19877503999652,-2.04504110590674));
#12167=CARTESIAN_POINT('Ctrl Pts',(20.2272190394516,3.18619323886679,-2.0470064844672));
#12168=CARTESIAN_POINT('Ctrl Pts',(20.2234198380168,3.17200478146292,-2.04922283566367));
#12169=CARTESIAN_POINT('Ctrl Pts',(20.2185700570042,3.1582569965556,-2.05136573754657));
#12170=CARTESIAN_POINT('Ctrl Pts',(20.2126755984377,3.14537556033492,-2.05337771969531));
#12171=CARTESIAN_POINT('Ctrl Pts',(20.2098162987231,3.13912699882686,-2.05435369737311));
#12172=CARTESIAN_POINT('Ctrl Pts',(20.2067113357615,3.13308135031375,-2.05529884204432));
#12173=CARTESIAN_POINT('Ctrl Pts',(20.2033621797327,3.12728316827645,-2.05620633283985));
#12174=CARTESIAN_POINT('Ctrl Pts',(20.1961604527825,3.11481527383327,-2.058157720253));
#12175=CARTESIAN_POINT('Ctrl Pts',(20.1875903595007,3.10307128632237,-2.06000164930741));
#12176=CARTESIAN_POINT('Ctrl Pts',(20.1775233375167,3.09278966855143,-2.06162034744788));
#12177=CARTESIAN_POINT('Ctrl Pts',(20.1728697533431,3.08803688527413,-2.06236860726695));
#12178=CARTESIAN_POINT('Ctrl Pts',(20.1678965052327,3.08359573826061,-2.06306880008586));
#12179=CARTESIAN_POINT('Ctrl Pts',(20.1625918904361,3.07953745379122,-2.06370944704297));
#12180=CARTESIAN_POINT('Ctrl Pts',(20.1531006697655,3.07227621524335,-2.06485571720113));
#12181=CARTESIAN_POINT('Ctrl Pts',(20.1427584253845,3.06640928926912,-2.06578417331267));
#12182=CARTESIAN_POINT('Ctrl Pts',(20.1316056877635,3.06217220744429,-2.0664553013493));
#12183=CARTESIAN_POINT('Ctrl Pts',(20.1301020195521,3.06160094274986,-2.0665457862086));
#12184=CARTESIAN_POINT('Ctrl Pts',(20.1285836213774,3.06105938168158,-2.06663157789509));
#12185=CARTESIAN_POINT('Ctrl Pts',(20.1270505953405,3.0605481790062,-2.06671256403839));
#12186=CARTESIAN_POINT('Ctrl Pts',(20.1161418459047,3.05691054874921,-2.0672888474959));
#12187=CARTESIAN_POINT('Ctrl Pts',(20.1048839553084,3.05493683165262,-2.06760182063884));
#12188=CARTESIAN_POINT('Ctrl Pts',(20.093422651271,3.05450029499027,-2.06767116196525));
#12189=CARTESIAN_POINT('Ctrl Pts',(20.09178665039,3.05443798320081,-2.06768105983295));
#12190=CARTESIAN_POINT('Ctrl Pts',(20.0901464989057,3.05440707561315,-2.06768597640695));
#12191=CARTESIAN_POINT('Ctrl Pts',(20.0885026148796,3.05440728365621,-2.06768595157098));
#12192=CARTESIAN_POINT('',(14.45,3.0544058284429,-2.06768612138378));
#12193=CARTESIAN_POINT('',(18.75,3.0544058284429,-2.06768612138378));
#12194=CARTESIAN_POINT('Ctrl Pts',(14.45,3.0544058284429,-2.06768612138378));
#12195=CARTESIAN_POINT('Ctrl Pts',(14.45,2.94170394625924,-2.08556895579532));
#12196=CARTESIAN_POINT('Ctrl Pts',(14.45,2.82940211256229,-2.10398233861054));
#12197=CARTESIAN_POINT('Ctrl Pts',(14.45,2.71754344920531,-2.12298345847326));
#12198=CARTESIAN_POINT('Ctrl Pts',(14.45,2.60875971331631,-2.14146224896395));
#12199=CARTESIAN_POINT('Ctrl Pts',(14.45,2.50039500688911,-2.16049676062203));
#12200=CARTESIAN_POINT('Ctrl Pts',(14.45,2.39251922327039,-2.18017968672033));
#12201=CARTESIAN_POINT('Ctrl Pts',(14.45,2.28611188800306,-2.19959468094913));
#12202=CARTESIAN_POINT('Ctrl Pts',(14.45,2.18018020182927,-2.21964048588133));
#12203=CARTESIAN_POINT('Ctrl Pts',(14.45,2.07482197742762,-2.24044682169389));
#12204=CARTESIAN_POINT('Ctrl Pts',(14.45,1.96709775525515,-2.26172039909516));
#12205=CARTESIAN_POINT('Ctrl Pts',(14.45,1.85997295587972,-2.28378893715412));
#12206=CARTESIAN_POINT('Ctrl Pts',(14.45,1.75358640636908,-2.30683654975107));
#12207=CARTESIAN_POINT('Ctrl Pts',(14.45,1.64224582924526,-2.33095740431092));
#12208=CARTESIAN_POINT('Ctrl Pts',(14.45,1.53171406020591,-2.35615090844292));
#12209=CARTESIAN_POINT('Ctrl Pts',(14.45,1.42218595054656,-2.3826754759325));
#12210=CARTESIAN_POINT('Ctrl Pts',(14.45,1.2948964087394,-2.4135013529871));
#12211=CARTESIAN_POINT('Ctrl Pts',(14.45,1.16896272103316,-2.44612537764825));
#12212=CARTESIAN_POINT('Ctrl Pts',(14.45,1.04473738830512,-2.48101504019268));
#12213=CARTESIAN_POINT('Ctrl Pts',(14.45,0.927188140424377,-2.51402967175651));
#12214=CARTESIAN_POINT('Ctrl Pts',(14.45,0.811171850008432,-2.54907732722345));
#12215=CARTESIAN_POINT('Ctrl Pts',(14.45,0.696992690446706,-2.58656140446043));
#12216=CARTESIAN_POINT('Ctrl Pts',(14.45,0.607596512277723,-2.6159094331203));
#12217=CARTESIAN_POINT('Ctrl Pts',(14.45,0.519327329313098,-2.64675209437225));
#12218=CARTESIAN_POINT('Ctrl Pts',(14.45,0.43231415810338,-2.67926049128807));
#12219=CARTESIAN_POINT('Ctrl Pts',(14.45,0.358376732001146,-2.70688374833353));
#12220=CARTESIAN_POINT('Ctrl Pts',(14.45,0.285346641236894,-2.73571032280469));
#12221=CARTESIAN_POINT('Ctrl Pts',(14.45,0.213280635026581,-2.76581547609346));
#12222=CARTESIAN_POINT('Ctrl Pts',(14.45,0.145738897185136,-2.79403064268911));
#12223=CARTESIAN_POINT('Ctrl Pts',(14.45,0.0790443803135901,-2.82336940241933));
#12224=CARTESIAN_POINT('Ctrl Pts',(14.45,0.0132167202249633,-2.85385779650061));
#12225=CARTESIAN_POINT('Ctrl Pts',(14.45,0.00880726897520995,-2.85590005483402));
#12226=CARTESIAN_POINT('Ctrl Pts',(14.45,0.00440169537041269,-2.85794745573991));
#12227=CARTESIAN_POINT('Ctrl Pts',(14.45,0.,-2.86));
#12228=CARTESIAN_POINT('',(16.3518905751822,1.68877028755041,-2.32102222321667));
#12229=CARTESIAN_POINT('',(16.29,1.325,-2.40663636195539));
#12230=CARTESIAN_POINT('Ctrl Pts',(16.3518905751822,1.68877028755041,-2.32102222321667));
#12231=CARTESIAN_POINT('Ctrl Pts',(16.3258297729681,1.614399275616,-2.33746702557294));
#12232=CARTESIAN_POINT('Ctrl Pts',(16.3079683592303,1.53783128101262,-2.35498850417402));
#12233=CARTESIAN_POINT('Ctrl Pts',(16.298364840774,1.46040520633715,-2.37348327676882));
#12234=CARTESIAN_POINT('Ctrl Pts',(16.2927918068795,1.41547395114749,-2.38421600925739));
#12235=CARTESIAN_POINT('Ctrl Pts',(16.2899997153573,1.37025337772391,-2.39527604594722));
#12236=CARTESIAN_POINT('Ctrl Pts',(16.29,1.32500000000004,-2.40663636195538));
#12237=CARTESIAN_POINT('Ctrl Pts',(16.29,1.32500000000004,-2.40663636195538));
#12238=CARTESIAN_POINT('Ctrl Pts',(16.290000039482,1.31014825504824,-2.41036471383564));
#12239=CARTESIAN_POINT('Ctrl Pts',(16.2903007802585,1.29529293693417,-2.41412535517398));
#12240=CARTESIAN_POINT('Ctrl Pts',(16.2909027921069,1.28044298482111,-2.41791715960837));
#12241=CARTESIAN_POINT('Ctrl Pts',(16.293370154679,1.21958003646348,-2.43345797722961));
#12242=CARTESIAN_POINT('Ctrl Pts',(16.3008782337028,1.15923681385046,-2.44941632617651));
#12243=CARTESIAN_POINT('Ctrl Pts',(16.3132464933239,1.10003137499611,-2.46566422999107));
#12244=CARTESIAN_POINT('Ctrl Pts',(16.3250060726497,1.04373961883551,-2.48111252422465));
#12245=CARTESIAN_POINT('Ctrl Pts',(16.341159234555,0.988476560586275,-2.49682276876473));
#12246=CARTESIAN_POINT('Ctrl Pts',(16.3615508071516,0.934744845843316,-2.51264706409586));
#12247=CARTESIAN_POINT('Ctrl Pts',(16.372542139357,0.905782728090556,-2.52117657235606));
#12248=CARTESIAN_POINT('Ctrl Pts',(16.3847648803981,0.877265002502985,-2.52973853009457));
#12249=CARTESIAN_POINT('Ctrl Pts',(16.3981947299606,0.849266559592294,-2.5383047030187));
#12250=CARTESIAN_POINT('Ctrl Pts',(16.4226312881018,0.798321418705788,-2.55389145860614));
#12251=CARTESIAN_POINT('Ctrl Pts',(16.450936439296,0.749363815939425,-2.56941321177344));
#12252=CARTESIAN_POINT('Ctrl Pts',(16.4828379657754,0.702842269729035,-2.58464368851126));
#12253=CARTESIAN_POINT('Ctrl Pts',(16.5166301549612,0.653563596754722,-2.60077680839966));
#12254=CARTESIAN_POINT('Ctrl Pts',(16.5544576339639,0.607018238546683,-2.61658304128706));
#12255=CARTESIAN_POINT('Ctrl Pts',(16.5959968604905,0.563702799785221,-2.63174507296121));
#12256=CARTESIAN_POINT('Ctrl Pts',(16.6173663862367,0.541419515737219,-2.63954505994507));
#12257=CARTESIAN_POINT('Ctrl Pts',(16.6397182283593,0.519990455077324,-2.64717379360244));
#12258=CARTESIAN_POINT('Ctrl Pts',(16.6630083374078,0.49948008956691,-2.65458390853414));
#12259=CARTESIAN_POINT('Ctrl Pts',(16.7493772746136,0.423419540981676,-2.68206354591549));
#12260=CARTESIAN_POINT('Ctrl Pts',(16.8477275166556,0.360877217068559,-2.70622265285411));
#12261=CARTESIAN_POINT('Ctrl Pts',(16.9547887426536,0.314756480354089,-2.72451133346545));
#12262=CARTESIAN_POINT('Ctrl Pts',(16.9740617610251,0.306453887162954,-2.72780363723022));
#12263=CARTESIAN_POINT('Ctrl Pts',(16.9936170737946,0.298683533369191,-2.73090579212553));
#12264=CARTESIAN_POINT('Ctrl Pts',(17.0134356025189,0.291462746404759,-2.73380343943095));
#12265=CARTESIAN_POINT('Ctrl Pts',(17.0665894538727,0.272096392710945,-2.74157501098864));
#12266=CARTESIAN_POINT('Ctrl Pts',(17.1212731024181,0.256816925969341,-2.74781800597849));
#12267=CARTESIAN_POINT('Ctrl Pts',(17.1770383398055,0.245812023388374,-2.7523388865965));
#12268=CARTESIAN_POINT('Ctrl Pts',(17.1937818887668,0.242507794198104,-2.75369628395589));
#12269=CARTESIAN_POINT('Ctrl Pts',(17.2106229434541,0.239589126847833,-2.75489870768902));
#12270=CARTESIAN_POINT('Ctrl Pts',(17.2275493718836,0.237061677567445,-2.75594168337285));
#12271=CARTESIAN_POINT('Ctrl Pts',(17.2817034956089,0.228975399850343,-2.75927856182064));
#12272=CARTESIAN_POINT('Ctrl Pts',(17.3364190449516,0.224937067249354,-2.76096066211927));
#12273=CARTESIAN_POINT('Ctrl Pts',(17.3912767764169,0.225000740981175,-2.76093422290827));
#12274=CARTESIAN_POINT('Ctrl Pts',(17.4469068878049,0.225065311219481,-2.76090741144135));
#12275=CARTESIAN_POINT('Ctrl Pts',(17.5023789401363,0.229347810165993,-2.75912363407521));
#12276=CARTESIAN_POINT('Ctrl Pts',(17.5572558559223,0.237790048491183,-2.75564117058932));
#12277=CARTESIAN_POINT('Ctrl Pts',(17.6138853481914,0.246501902339439,-2.75204748941707));
#12278=CARTESIAN_POINT('Ctrl Pts',(17.6695328367403,0.259590976028103,-2.74666740906444));
#12279=CARTESIAN_POINT('Ctrl Pts',(17.7237443705395,0.276852151343664,-2.73968856365083));
#12280=CARTESIAN_POINT('Ctrl Pts',(17.7418021805087,0.282601832303594,-2.73736391692989));
#12281=CARTESIAN_POINT('Ctrl Pts',(17.7597006641593,0.288814698032982,-2.73486223649342));
#12282=CARTESIAN_POINT('Ctrl Pts',(17.7774230439175,0.295483907344393,-2.73219143820777));
#12283=CARTESIAN_POINT('Ctrl Pts',(17.8585532596211,0.326014479275999,-2.7199649514734));
#12284=CARTESIAN_POINT('Ctrl Pts',(17.9351241155903,0.365767218058069,-2.70432516633709));
#12285=CARTESIAN_POINT('Ctrl Pts',(18.0058329667287,0.413543209777987,-2.68630657201375));
#12286=CARTESIAN_POINT('Ctrl Pts',(18.054548588497,0.446458991957495,-2.67389246809718));
#12287=CARTESIAN_POINT('Ctrl Pts',(18.1004817106699,0.483185008074509,-2.66035169086817));
#12288=CARTESIAN_POINT('Ctrl Pts',(18.1432063333289,0.523326612994279,-2.64601914023418));
#12289=CARTESIAN_POINT('Ctrl Pts',(18.1870699473044,0.56453834882655,-2.63130449960856));
#12290=CARTESIAN_POINT('Ctrl Pts',(18.2273180356884,0.609118092049059,-2.61584032118767));
#12291=CARTESIAN_POINT('Ctrl Pts',(18.2636317787734,0.656580257945097,-2.59995654600093));
#12292=CARTESIAN_POINT('Ctrl Pts',(18.2979845218865,0.701479391278773,-2.58493051997603));
#12293=CARTESIAN_POINT('Ctrl Pts',(18.3288163682995,0.748958204727624,-2.56952920704195));
#12294=CARTESIAN_POINT('Ctrl Pts',(18.3558574096289,0.798576617897774,-2.55399348251961));
#12295=CARTESIAN_POINT('Ctrl Pts',(18.3628106563572,0.811335337683617,-2.54999867609218));
#12296=CARTESIAN_POINT('Ctrl Pts',(18.3695132575861,0.824235365458006,-2.54599476905259));
#12297=CARTESIAN_POINT('Ctrl Pts',(18.3759606244108,0.837268878262399,-2.54198540467118));
#12298=CARTESIAN_POINT('Ctrl Pts',(18.4013197423562,0.888532967531191,-2.52621556451802));
#12299=CARTESIAN_POINT('Ctrl Pts',(18.4226083887651,0.941616448223394,-2.510440918149));
#12300=CARTESIAN_POINT('Ctrl Pts',(18.4396661483856,0.996045325283624,-2.49483321718139));
#12301=CARTESIAN_POINT('Ctrl Pts',(18.4574180488252,1.05268910665411,-2.47859038343108));
#12302=CARTESIAN_POINT('Ctrl Pts',(18.4705877166567,1.11078995473783,-2.46252828513988));
#12303=CARTESIAN_POINT('Ctrl Pts',(18.4789943452931,1.16977901002199,-2.44679460332876));
#12304=CARTESIAN_POINT('Ctrl Pts',(18.482644605617,1.19539277475079,-2.43996284746683));
#12305=CARTESIAN_POINT('Ctrl Pts',(18.4853968416059,1.22117357939771,-2.43319245053711));
#12306=CARTESIAN_POINT('Ctrl Pts',(18.4872362512673,1.24707305405139,-2.42649311626887));
#12307=CARTESIAN_POINT('Ctrl Pts',(18.4921976643022,1.31693133186652,-2.40842309899071));
#12308=CARTESIAN_POINT('Ctrl Pts',(18.4904769633573,1.38708838761763,-2.39101962173925));
#12309=CARTESIAN_POINT('Ctrl Pts',(18.4821009590407,1.45659968457652,-2.37439291857545));
#12310=CARTESIAN_POINT('Ctrl Pts',(18.4728025415294,1.53376596057682,-2.35593518837267));
#12311=CARTESIAN_POINT('Ctrl Pts',(18.4553022676934,1.61013557706993,-2.33843362436777));
#12312=CARTESIAN_POINT('Ctrl Pts',(18.4296368170081,1.68438181433893,-2.32199327884921));
#12313=CARTESIAN_POINT('Ctrl Pts',(18.3960583478444,1.7815192080759,-2.30048414418395));
#12314=CARTESIAN_POINT('Ctrl Pts',(18.3489729357299,1.87364092333967,-2.28108948180121));
#12315=CARTESIAN_POINT('Ctrl Pts',(18.2896454471977,1.95796283210096,-2.26389488957824));
#12316=CARTESIAN_POINT('Ctrl Pts',(18.2658341135608,1.99180577998375,-2.25699376865942));
#12317=CARTESIAN_POINT('Ctrl Pts',(18.240050763178,2.02439258750738,-2.25044743450675));
#12318=CARTESIAN_POINT('Ctrl Pts',(18.2123771724459,2.05554485573434,-2.24426354453773));
#12319=CARTESIAN_POINT('Ctrl Pts',(18.1587828451926,2.11587619741689,-2.23228745419559));
#12320=CARTESIAN_POINT('Ctrl Pts',(18.0987189672608,2.17012159111527,-2.2218072784066));
#12321=CARTESIAN_POINT('Ctrl Pts',(18.0332918745907,2.21729080941864,-2.21282904089342));
#12322=CARTESIAN_POINT('Ctrl Pts',(17.9831046143191,2.25347297401119,-2.20594209048091));
#12323=CARTESIAN_POINT('Ctrl Pts',(17.9297616452708,2.28549218993402,-2.19993975924707));
#12324=CARTESIAN_POINT('Ctrl Pts',(17.8737623054471,2.31291397997424,-2.1948412851172));
#12325=CARTESIAN_POINT('Ctrl Pts',(17.8042562551855,2.34694974401712,-2.18851308910196));
#12326=CARTESIAN_POINT('Ctrl Pts',(17.7313002229995,2.37358059645549,-2.18363536650503));
#12327=CARTESIAN_POINT('Ctrl Pts',(17.6561066741879,2.39232731994258,-2.18021470202482));
#12328=CARTESIAN_POINT('Ctrl Pts',(17.643860873448,2.39538035632638,-2.17965762264388));
#12329=CARTESIAN_POINT('Ctrl Pts',(17.6315557283436,2.39822435385996,-2.17913927730983));
#12330=CARTESIAN_POINT('Ctrl Pts',(17.6191964759538,2.40085732111089,-2.17865979854773));
#12331=CARTESIAN_POINT('Ctrl Pts',(17.5548962105143,2.41455560056901,-2.17616526160462));
#12332=CARTESIAN_POINT('Ctrl Pts',(17.4894706402202,2.42246710071997,-2.17473427080579));
#12333=CARTESIAN_POINT('Ctrl Pts',(17.4237106201024,2.42448333052044,-2.17436910219834));
#12334=CARTESIAN_POINT('Ctrl Pts',(17.3611721382712,2.42640078660574,-2.17402182295053));
#12335=CARTESIAN_POINT('Ctrl Pts',(17.2985899127012,2.42297850184133,-2.1746401049783));
#12336=CARTESIAN_POINT('Ctrl Pts',(17.236649992655,2.4142583601916,-2.17622317537394));
#12337=CARTESIAN_POINT('Ctrl Pts',(17.1589792593446,2.40332357377275,-2.17820829641414));
#12338=CARTESIAN_POINT('Ctrl Pts',(17.0827612253756,2.3841205537113,-2.18169773772603));
#12339=CARTESIAN_POINT('Ctrl Pts',(17.0092935370532,2.35701869609185,-2.18668405380765));
#12340=CARTESIAN_POINT('Ctrl Pts',(16.9346631565271,2.32948792721519,-2.1917492828232));
#12341=CARTESIAN_POINT('Ctrl Pts',(16.8635154359918,2.29405015832788,-2.19831477967799));
#12342=CARTESIAN_POINT('Ctrl Pts',(16.7970004947035,2.25147537531927,-2.20634994697515));
#12343=CARTESIAN_POINT('Ctrl Pts',(16.7523217834827,2.22287749342259,-2.2117472443692));
#12344=CARTESIAN_POINT('Ctrl Pts',(16.7097333522209,2.19106005366424,-2.21780846532718));
#12345=CARTESIAN_POINT('Ctrl Pts',(16.6695837686255,2.1562643704455,-2.22453488543037));
#12346=CARTESIAN_POINT('Ctrl Pts',(16.6041581730726,2.09956320212962,-2.23549589677296));
#12347=CARTESIAN_POINT('Ctrl Pts',(16.5458793300014,2.0355326947955,-2.24810954255192));
#12348=CARTESIAN_POINT('Ctrl Pts',(16.4957964237165,1.96562484776066,-2.26233416601289));
#12349=CARTESIAN_POINT('Ctrl Pts',(16.4865954223996,1.95278169946239,-2.26494744844605));
#12350=CARTESIAN_POINT('Ctrl Pts',(16.4776710450083,1.93974026851426,-2.26761521693482));
#12351=CARTESIAN_POINT('Ctrl Pts',(16.4690297971598,1.92650967197581,-2.27033736401112));
#12352=CARTESIAN_POINT('Ctrl Pts',(16.4203845542074,1.85202904206028,-2.28566148249482));
#12353=CARTESIAN_POINT('Ctrl Pts',(16.3811165098806,1.7721737960221,-2.30258016929051));
#12354=CARTESIAN_POINT('Ctrl Pts',(16.3518905751822,1.68877028755041,-2.32102222321667));
#12355=CARTESIAN_POINT('Origin',(25.1000000000018,-0.573159574129016,-2.));
#12356=CARTESIAN_POINT('',(18.75,3.50000000000002,-1.99999999999996));
#12357=CARTESIAN_POINT('Ctrl Pts',(8.9569040826238,-0.851926650180733,-4.2170925119894));
#12358=CARTESIAN_POINT('Ctrl Pts',(8.9569040826238,-0.722301399988589,-4.2170925119894));
#12359=CARTESIAN_POINT('Ctrl Pts',(8.98634432522764,-0.457456907690613,
-4.15550082376181));
#12360=CARTESIAN_POINT('Ctrl Pts',(9.05519997180252,-0.254987163474237,
-4.00301363765925));
#12361=CARTESIAN_POINT('Ctrl Pts',(9.14854531794849,-0.0459583038109466,
-3.78686202724298));
#12362=CARTESIAN_POINT('Ctrl Pts',(9.2350317359881,0.0669985330566014,-3.57471125104304));
#12363=CARTESIAN_POINT('Ctrl Pts',(9.32580976439131,0.104330311833266,-3.32329064850198));
#12364=CARTESIAN_POINT('Ctrl Pts',(9.38995413939356,0.116433878782397,-3.14103468462313));
#12365=CARTESIAN_POINT('Ctrl Pts',(9.48907973717856,0.06133178459794,-2.83271408738455));
#12366=CARTESIAN_POINT('Ctrl Pts',(9.55912200785137,-0.124444911488736,
-2.57756205208143));
#12367=CARTESIAN_POINT('Ctrl Pts',(9.59226307108139,-0.295471989025639,
-2.44949412275638));
#12368=CARTESIAN_POINT('Ctrl Pts',(9.60591196858591,-0.391318875489985,
-2.39531410979279));
#12369=CARTESIAN_POINT('Ctrl Pts',(9.61618924179725,-0.492801753627549,
-2.35364966666858));
#12370=CARTESIAN_POINT('Ctrl Pts',(9.6252406772787,-0.636748870014861,-2.31633559690941));
#12371=CARTESIAN_POINT('Ctrl Pts',(9.6282423573034,-0.810582760400774,-2.30371530645341));
#12372=CARTESIAN_POINT('Ctrl Pts',(9.6164562460825,-1.0986692740253,-2.35298527512495));
#12373=CARTESIAN_POINT('Ctrl Pts',(9.57000545796312,-1.41143572538609,-2.54030769291927));
#12374=CARTESIAN_POINT('Ctrl Pts',(9.50924686556989,-1.56404952821195,-2.7568860746456));
#12375=CARTESIAN_POINT('Ctrl Pts',(9.43664681877193,-1.67458176739951,-2.9958750432569));
#12376=CARTESIAN_POINT('Ctrl Pts',(9.39631584795233,-1.70406288161698,-3.12002674736531));
#12377=CARTESIAN_POINT('Ctrl Pts',(9.3150243837935,-1.72098670782345,-3.3550726120349));
#12378=CARTESIAN_POINT('Ctrl Pts',(9.26788305951113,-1.70825389656801,-3.48335253061478));
#12379=CARTESIAN_POINT('Ctrl Pts',(9.17307844864427,-1.63176022435362,-3.72585607158178));
#12380=CARTESIAN_POINT('Ctrl Pts',(9.12534862683545,-1.56786476154282,-3.84043301413442));
#12381=CARTESIAN_POINT('Ctrl Pts',(9.05000362582091,-1.41273312868472,-4.01453711179878));
#12382=CARTESIAN_POINT('Ctrl Pts',(8.98233438203068,-1.22206239116746,-4.16387355668473));
#12383=CARTESIAN_POINT('Ctrl Pts',(8.9569040826238,-0.970530657303114,-4.2170925119894));
#12384=CARTESIAN_POINT('Ctrl Pts',(8.9569040826238,-0.851926650180733,-4.2170925119894));
#12385=CARTESIAN_POINT('Ctrl Pts',(9.00989433175853,-0.851926650180733,
-4.1738642097972));
#12386=CARTESIAN_POINT('Ctrl Pts',(9.0100816380312,-0.732454874824794,-4.17432073912476));
#12387=CARTESIAN_POINT('Ctrl Pts',(9.03753345901468,-0.486248011922211,
-4.12026878436252));
#12388=CARTESIAN_POINT('Ctrl Pts',(9.10290098113976,-0.291767987409107,
-3.97974254020682));
#12389=CARTESIAN_POINT('Ctrl Pts',(9.19207744030393,-0.0882365748706238,
-3.77773903880161));
#12390=CARTESIAN_POINT('Ctrl Pts',(9.27528379498616,0.0260931789776592,
-3.57599115314509));
#12391=CARTESIAN_POINT('Ctrl Pts',(9.3628850939502,0.0680887331663474,-3.33262315527982));
#12392=CARTESIAN_POINT('Ctrl Pts',(9.42481123533786,0.0839004147653177,
-3.15576480881896));
#12393=CARTESIAN_POINT('Ctrl Pts',(9.52063060594687,0.0365244548996729,
-2.85388258831258));
#12394=CARTESIAN_POINT('Ctrl Pts',(9.58860560390552,-0.141650118388884,
-2.60222630625442));
#12395=CARTESIAN_POINT('Ctrl Pts',(9.62097715141805,-0.307765345934022,
-2.47619614297125));
#12396=CARTESIAN_POINT('Ctrl Pts',(9.63433735959157,-0.400958846750889,
-2.42302285830748));
#12397=CARTESIAN_POINT('Ctrl Pts',(9.64445939798907,-0.499888131214282,
-2.38229936432789));
#12398=CARTESIAN_POINT('Ctrl Pts',(9.65344842549202,-0.640180430374802,
-2.34622438711391));
#12399=CARTESIAN_POINT('Ctrl Pts',(9.65658869007058,-0.809574916134566,
-2.3349297400355));
#12400=CARTESIAN_POINT('Ctrl Pts',(9.64538560428426,-1.08933093859661,-2.38591623295439));
#12401=CARTESIAN_POINT('Ctrl Pts',(9.60004377120494,-1.38992996049221,-2.57323110894493));
#12402=CARTESIAN_POINT('Ctrl Pts',(9.54031644263313,-1.53327368931301,-2.78611125510587));
#12403=CARTESIAN_POINT('Ctrl Pts',(9.46908276657462,-1.63487542209065,-3.01923668415607));
#12404=CARTESIAN_POINT('Ctrl Pts',(9.42953928133298,-1.66078283100819,-3.13952838509262));
#12405=CARTESIAN_POINT('Ctrl Pts',(9.35017854487735,-1.67230022365857,-3.36575582617391));
#12406=CARTESIAN_POINT('Ctrl Pts',(9.30433448193687,-1.65764144300149,-3.48836552633629));
#12407=CARTESIAN_POINT('Ctrl Pts',(9.21286692027713,-1.58067993287725,-3.71809692318041));
#12408=CARTESIAN_POINT('Ctrl Pts',(9.16727078891911,-1.51851867578831,-3.82545093439158));
#12409=CARTESIAN_POINT('Ctrl Pts',(9.09603392330579,-1.37104440938112,-3.98720230660939));
#12410=CARTESIAN_POINT('Ctrl Pts',(9.03289299008527,-1.19243194767315,-4.12440460343941));
#12411=CARTESIAN_POINT('Ctrl Pts',(9.00983542983169,-0.961366206216623,
-4.17316657669162));
#12412=CARTESIAN_POINT('Ctrl Pts',(9.00989433175853,-0.851926650180733,
-4.1738642097972));
#12413=CARTESIAN_POINT('Ctrl Pts',(9.1026272677443,-0.851926650180733,-4.09821468096086));
#12414=CARTESIAN_POINT('Ctrl Pts',(9.10302254261794,-0.749873148899378,
-4.09982028358252));
#12415=CARTESIAN_POINT('Ctrl Pts',(9.12712173888865,-0.536466656250321,
-4.05856533926));
#12416=CARTESIAN_POINT('Ctrl Pts',(9.18629687905184,-0.355973636987278,
-3.93929374619745));
#12417=CARTESIAN_POINT('Ctrl Pts',(9.26820825039325,-0.162101047037955,
-3.76187859137281));
#12418=CARTESIAN_POINT('Ctrl Pts',(9.34572442668295,-0.0453916606239937,
-3.5782020858701));
#12419=CARTESIAN_POINT('Ctrl Pts',(9.42775223452143,0.0046713209657552,
-3.34904516280055));
#12420=CARTESIAN_POINT('Ctrl Pts',(9.48579932679467,0.0270303847977664,
-3.18156509916227));
#12421=CARTESIAN_POINT('Ctrl Pts',(9.57583617268279,-0.00688488748289552,
-2.89096954119884));
#12422=CARTESIAN_POINT('Ctrl Pts',(9.64021834400505,-0.17180456810427,-2.64538922533736));
#12423=CARTESIAN_POINT('Ctrl Pts',(9.67118907605203,-0.329046336926679,
-2.52299129971093));
#12424=CARTESIAN_POINT('Ctrl Pts',(9.68406756379774,-0.417749462356851,
-2.47154592483347));
#12425=CARTESIAN_POINT('Ctrl Pts',(9.69390732225534,-0.512096157847177,
-2.43249372464114));
#12426=CARTESIAN_POINT('Ctrl Pts',(9.7027895569224,-0.646072880106912,-2.39857006140134));
#12427=CARTESIAN_POINT('Ctrl Pts',(9.70617648232577,-0.807652511040879,
-2.38960448114196));
#12428=CARTESIAN_POINT('Ctrl Pts',(9.69598223947875,-1.07291527207727,-2.44358091172483));
#12429=CARTESIAN_POINT('Ctrl Pts',(9.65255688804281,-1.35238676402692,-2.63084329821812));
#12430=CARTESIAN_POINT('Ctrl Pts',(9.59466795895348,-1.47913933127582,-2.83729533237692));
#12431=CARTESIAN_POINT('Ctrl Pts',(9.52577170870348,-1.56566177918935,-3.06023196524337));
#12432=CARTESIAN_POINT('Ctrl Pts',(9.48762607091778,-1.58497410736332,-3.17375371864714));
#12433=CARTESIAN_POINT('Ctrl Pts',(9.41163785624047,-1.58721143851312,-3.38456124889855));
#12434=CARTESIAN_POINT('Ctrl Pts',(9.3680426182813,-1.56901741189453,-3.49728276343257));
#12435=CARTESIAN_POINT('Ctrl Pts',(9.28243902849244,-1.4913639419723,-3.70464519296734));
#12436=CARTESIAN_POINT('Ctrl Pts',(9.24054343194998,-1.43210326465557,-3.79940162650584));
#12437=CARTESIAN_POINT('Ctrl Pts',(9.17648543116239,-1.29811647214477,-3.93958595262357));
#12438=CARTESIAN_POINT('Ctrl Pts',(9.12136907326085,-1.1405779995182,-4.05533078272731));
#12439=CARTESIAN_POINT('Ctrl Pts',(9.10229762407739,-0.94533896349158,-4.09666589811091));
#12440=CARTESIAN_POINT('Ctrl Pts',(9.1026272677443,-0.851926650180733,-4.09821468096086));
#12441=CARTESIAN_POINT('Ctrl Pts',(9.19536020373007,-0.851926650180733,
-4.02256515212451));
#12442=CARTESIAN_POINT('Ctrl Pts',(9.1959479232526,-0.767246036006521,-4.0253651942882));
#12443=CARTESIAN_POINT('Ctrl Pts',(9.21671096402469,-0.586663820503951,
-3.99685575593976));
#12444=CARTESIAN_POINT('Ctrl Pts',(9.26968229937178,-0.420158453760058,
-3.89888066331126));
#12445=CARTESIAN_POINT('Ctrl Pts',(9.34433252996244,-0.235949647399863,
-3.74603171990546));
#12446=CARTESIAN_POINT('Ctrl Pts',(9.41616499728413,-0.116863604771202,
-3.5804092747358));
#12447=CARTESIAN_POINT('Ctrl Pts',(9.49261747230359,-0.0587453980099611,
-3.36547884666442));
#12448=CARTESIAN_POINT('Ctrl Pts',(9.54678588597645,-0.0298314137368983,
-3.20736831414131));
#12449=CARTESIAN_POINT('Ctrl Pts',(9.63104064414006,-0.0502937783900561,
-2.9280619456306));
#12450=CARTESIAN_POINT('Ctrl Pts',(9.69183321503519,-0.201964891920515,
-2.68855220586969));
#12451=CARTESIAN_POINT('Ctrl Pts',(9.72139611407692,-0.350297219499865,
-2.56979508814401));
#12452=CARTESIAN_POINT('Ctrl Pts',(9.73379592430912,-0.434529799163403,
-2.5200732354207));
#12453=CARTESIAN_POINT('Ctrl Pts',(9.74335202699057,-0.524279161354975,
-2.48269552052401));
#12454=CARTESIAN_POINT('Ctrl Pts',(9.75212778251122,-0.651950717557335,
-2.4509209559852));
#12455=CARTESIAN_POINT('Ctrl Pts',(9.75576190485423,-0.805709547127032,
-2.44428563335058));
#12456=CARTESIAN_POINT('Ctrl Pts',(9.74657502124147,-1.05649007234192,-2.50125019033042));
#12457=CARTESIAN_POINT('Ctrl Pts',(9.70506301735107,-1.31485547341858,-2.68845499660498));
#12458=CARTESIAN_POINT('Ctrl Pts',(9.649016852451,-1.42496913081177,-2.88848459367131));
#12459=CARTESIAN_POINT('Ctrl Pts',(9.58245106747443,-1.49648343732436,-3.10124181049456));
#12460=CARTESIAN_POINT('Ctrl Pts',(9.545705835724,-1.50915649112109,-3.20799168043089));
#12461=CARTESIAN_POINT('Ctrl Pts',(9.47308933283292,-1.50213723730675,-3.40338089742796));
#12462=CARTESIAN_POINT('Ctrl Pts',(9.43174014948191,-1.48038661273451,-3.50621872174493));
#12463=CARTESIAN_POINT('Ctrl Pts',(9.35200365867596,-1.40205760602888,-3.6912098887417));
#12464=CARTESIAN_POINT('Ctrl Pts',(9.31380426648868,-1.3456801106737,-3.77337425781392));
#12465=CARTESIAN_POINT('Ctrl Pts',(9.2569237866784,-1.22519207478191,-3.89199804495238));
#12466=CARTESIAN_POINT('Ctrl Pts',(9.20984496456335,-1.08872396429145,-3.98625655356221));
#12467=CARTESIAN_POINT('Ctrl Pts',(9.19473809527946,-0.929313087230258,
-4.02021312019712));
#12468=CARTESIAN_POINT('Ctrl Pts',(9.19536020373007,-0.851926650180733,
-4.02256515212451));
#12469=CARTESIAN_POINT('Ctrl Pts',(9.23510289058111,-0.851926650180733,
-3.99014392548037));
#12470=CARTESIAN_POINT('Ctrl Pts',(9.23583108980815,-0.774861142133675,
-3.99328636463973));
#12471=CARTESIAN_POINT('Ctrl Pts',(9.25510281436497,-0.60825714867765,-3.9704317263903));
#12472=CARTESIAN_POINT('Ctrl Pts',(9.30545805637471,-0.44774407171121,-3.88142734022194));
#12473=CARTESIAN_POINT('Ctrl Pts',(9.37698162172902,-0.26765835069462,-3.73918947857443));
#12474=CARTESIAN_POINT('Ctrl Pts',(9.44635404153268,-0.147542620330409,
-3.58136920131233));
#12475=CARTESIAN_POINT('Ctrl Pts',(9.52042396947275,-0.0859265820101503,
-3.3724782267478));
#12476=CARTESIAN_POINT('Ctrl Pts',(9.57292870793468,-0.054231511749708,
-3.21841590728818));
#12477=CARTESIAN_POINT('Ctrl Pts',(9.6547037957163,-0.0688992756637564,
-2.94393832132663));
#12478=CARTESIAN_POINT('Ctrl Pts',(9.7139459120758,-0.214868797095626,-2.70705039649943));
#12479=CARTESIAN_POINT('Ctrl Pts',(9.74293167432941,-0.359517237181152,
-2.58982160330517));
#12480=CARTESIAN_POINT('Ctrl Pts',(9.75511496756336,-0.441759777609081,
-2.54085479680672));
#12481=CARTESIAN_POINT('Ctrl Pts',(9.76455464413443,-0.529593944545025,
-2.50418279376849));
#12482=CARTESIAN_POINT('Ctrl Pts',(9.77328359367122,-0.65452438782729,-2.47333754863858));
#12483=CARTESIAN_POINT('Ctrl Pts',(9.77702165442961,-0.804953663927377,
-2.46769645853715));
#12484=CARTESIAN_POINT('Ctrl Pts',(9.7682720398928,-1.04948632077041,-2.5259484087025));
#12485=CARTESIAN_POINT('Ctrl Pts',(9.72759175228244,-1.29872614974817,-2.71314755862423));
#12486=CARTESIAN_POINT('Ctrl Pts',(9.67231903524843,-1.40188725163757,-2.91040347901652));
#12487=CARTESIAN_POINT('Ctrl Pts',(9.60677802832645,-1.46670367834272,-3.11876304116894));
#12488=CARTESIAN_POINT('Ctrl Pts',(9.57062341075949,-1.4766964531645,-3.22261790872637));
#12489=CARTESIAN_POINT('Ctrl Pts',(9.49945495364581,-1.46562237418309,-3.41139330803222));
#12490=CARTESIAN_POINT('Ctrl Pts',(9.45907871630122,-1.44242727255962,-3.50997846853607));
#12491=CARTESIAN_POINT('Ctrl Pts',(9.3818450124006,-1.3637473874216,-3.68539052744067));
#12492=CARTESIAN_POINT('Ctrl Pts',(9.34524588805143,-1.30867054635782,-3.76213769800679));
#12493=CARTESIAN_POINT('Ctrl Pts',(9.29144650979205,-1.19392553530421,-3.87149694106034));
#12494=CARTESIAN_POINT('Ctrl Pts',(9.24776392060429,-1.06650113167072,-3.95665483862821));
#12495=CARTESIAN_POINT('Ctrl Pts',(9.23443660568537,-0.92243974891539,-3.98726866872379));
#12496=CARTESIAN_POINT('Ctrl Pts',(9.23510289058111,-0.851926650180733,
-3.99014392548037));
#12497=CARTESIAN_POINT('',(9.23510289058111,-0.851926650180733,-3.99014392548037));
#12498=CARTESIAN_POINT('',(8.9569040826238,-0.851926650180733,-4.2170925119894));
#12499=CARTESIAN_POINT('',(9.39957944791269,-0.238273915271841,-3.6833036817954));
#12500=CARTESIAN_POINT('Ctrl Pts',(9.23510289058111,-0.851926650180733,
-3.99014392548037));
#12501=CARTESIAN_POINT('Ctrl Pts',(9.23583108980815,-0.774861142133675,
-3.99328636463973));
#12502=CARTESIAN_POINT('Ctrl Pts',(9.25510281436497,-0.60825714867765,-3.9704317263903));
#12503=CARTESIAN_POINT('Ctrl Pts',(9.30545805637471,-0.44774407171121,-3.88142734022194));
#12504=CARTESIAN_POINT('Ctrl Pts',(9.35238754976331,-0.329582573302057,
-3.78809934748655));
#12505=CARTESIAN_POINT('Ctrl Pts',(9.3753069711952,-0.281242107009609,-3.73910967528314));
#12506=CARTESIAN_POINT('Ctrl Pts',(9.39957944791269,-0.238273915271841,
-3.6833036817954));
#12507=CARTESIAN_POINT('Ctrl Pts',(9.39957944791269,-0.238273915271841,
-3.6833036817954));
#12508=CARTESIAN_POINT('Ctrl Pts',(9.42953791977645,-0.18524012814761,-3.61442474928301));
#12509=CARTESIAN_POINT('Ctrl Pts',(9.47121798889704,-0.126859220518888,
-3.5112482447932));
#12510=CARTESIAN_POINT('Ctrl Pts',(9.52042396947275,-0.0859265820101503,
-3.3724782267478));
#12511=CARTESIAN_POINT('Ctrl Pts',(9.57292870793468,-0.054231511749708,
-3.21841590728818));
#12512=CARTESIAN_POINT('Ctrl Pts',(9.6547037957163,-0.0688992756637564,
-2.94393832132663));
#12513=CARTESIAN_POINT('Ctrl Pts',(9.7139459120758,-0.214868797095626,-2.70705039649943));
#12514=CARTESIAN_POINT('Ctrl Pts',(9.74293167432941,-0.359517237181152,
-2.58982160330517));
#12515=CARTESIAN_POINT('Ctrl Pts',(9.75511496756336,-0.441759777609081,
-2.54085479680672));
#12516=CARTESIAN_POINT('Ctrl Pts',(9.76455464413443,-0.529593944545025,
-2.50418279376849));
#12517=CARTESIAN_POINT('Ctrl Pts',(9.77328359367122,-0.65452438782729,-2.47333754863858));
#12518=CARTESIAN_POINT('Ctrl Pts',(9.77702165442961,-0.804953663927377,
-2.46769645853715));
#12519=CARTESIAN_POINT('Ctrl Pts',(9.7682720398928,-1.04948632077041,-2.5259484087025));
#12520=CARTESIAN_POINT('Ctrl Pts',(9.72759175228244,-1.29872614974817,-2.71314755862423));
#12521=CARTESIAN_POINT('Ctrl Pts',(9.67231903524843,-1.40188725163757,-2.91040347901652));
#12522=CARTESIAN_POINT('Ctrl Pts',(9.60677802832645,-1.46670367834272,-3.11876304116894));
#12523=CARTESIAN_POINT('Ctrl Pts',(9.57062341075949,-1.4766964531645,-3.22261790872637));
#12524=CARTESIAN_POINT('Ctrl Pts',(9.49945495364581,-1.46562237418309,-3.41139330803222));
#12525=CARTESIAN_POINT('Ctrl Pts',(9.45907871630122,-1.44242727255962,-3.50997846853607));
#12526=CARTESIAN_POINT('Ctrl Pts',(9.3818450124006,-1.3637473874216,-3.68539052744067));
#12527=CARTESIAN_POINT('Ctrl Pts',(9.34524588805143,-1.30867054635782,-3.76213769800679));
#12528=CARTESIAN_POINT('Ctrl Pts',(9.29144650979205,-1.19392553530421,-3.87149694106034));
#12529=CARTESIAN_POINT('Ctrl Pts',(9.24776392060429,-1.06650113167072,-3.95665483862821));
#12530=CARTESIAN_POINT('Ctrl Pts',(9.23443660568537,-0.92243974891539,-3.98726866872379));
#12531=CARTESIAN_POINT('Ctrl Pts',(9.23510289058111,-0.851926650180733,
-3.99014392548037));
#12532=CARTESIAN_POINT('Origin',(8.09867510721035,-0.996713788585924,-3.4958922357324));
#12533=CARTESIAN_POINT('',(14.45,0.432028649705613,-2.59036927862776));
#12534=CARTESIAN_POINT('',(8.09867510721035,-0.411045889329402,-3.96442655513764));
#12535=CARTESIAN_POINT('Origin',(14.45,4.12170297892089E-14,-2.25));
#12536=CARTESIAN_POINT('Ctrl Pts',(9.84650891844601,-0.582836139477071,
1.02774613546497));
#12537=CARTESIAN_POINT('Ctrl Pts',(9.84650891844601,-0.453321335566477,
1.02774613546497));
#12538=CARTESIAN_POINT('Ctrl Pts',(9.83995819799512,-0.172626680480135,
1.09263398709752));
#12539=CARTESIAN_POINT('Ctrl Pts',(9.80918677880071,0.144800895634467,1.351888212375));
#12540=CARTESIAN_POINT('Ctrl Pts',(9.74937168854873,0.319256291187781,1.7376528742372));
#12541=CARTESIAN_POINT('Ctrl Pts',(9.65556817195387,0.29374148017334,2.20535483150479));
#12542=CARTESIAN_POINT('Ctrl Pts',(9.56914024553945,0.0687904412713882,
2.544253857607));
#12543=CARTESIAN_POINT('Ctrl Pts',(9.49065433730915,-0.389673320151925,
2.82021617164458));
#12544=CARTESIAN_POINT('Ctrl Pts',(9.48695730699768,-0.832385152902903,
2.83286661910501));
#12545=CARTESIAN_POINT('Ctrl Pts',(9.55057970519222,-1.18434128148717,2.60834114833267));
#12546=CARTESIAN_POINT('Ctrl Pts',(9.58688970307838,-1.31908349452597,2.47197524108766));
#12547=CARTESIAN_POINT('Ctrl Pts',(9.63022674793004,-1.42537037923424,2.29767644850623));
#12548=CARTESIAN_POINT('Ctrl Pts',(9.71846005317059,-1.54987993846826,1.91441314371105));
#12549=CARTESIAN_POINT('Ctrl Pts',(9.80023235681659,-1.41903158987199,1.43077965404358));
#12550=CARTESIAN_POINT('Ctrl Pts',(9.84003697121391,-0.990281327161872,
1.09031617444556));
#12551=CARTESIAN_POINT('Ctrl Pts',(9.84650891844601,-0.712350943387666,
1.02774613546497));
#12552=CARTESIAN_POINT('Ctrl Pts',(9.84650891844601,-0.582836139477071,
1.02774613546497));
#12553=CARTESIAN_POINT('Ctrl Pts',(9.90522322596801,-0.582836139477071,
1.10091824820942));
#12554=CARTESIAN_POINT('Ctrl Pts',(9.9053503119095,-0.462732114585917,1.09970388819065));
#12555=CARTESIAN_POINT('Ctrl Pts',(9.89909565684645,-0.201313756179992,
1.15739790606718));
#12556=CARTESIAN_POINT('Ctrl Pts',(9.86918227433594,0.096759068569865,1.3978762188219));
#12557=CARTESIAN_POINT('Ctrl Pts',(9.81216748776498,0.259682107594209,1.7604404651619));
#12558=CARTESIAN_POINT('Ctrl Pts',(9.72470784835249,0.23059742925623,2.1996961542273));
#12559=CARTESIAN_POINT('Ctrl Pts',(9.64597494413465,0.0146900411021157,
2.51223671920826));
#12560=CARTESIAN_POINT('Ctrl Pts',(9.57582710181181,-0.411920402530876,
2.75929028178511));
#12561=CARTESIAN_POINT('Ctrl Pts',(9.57285576081872,-0.811961865519007,
2.76555945250568));
#12562=CARTESIAN_POINT('Ctrl Pts',(9.62941695205389,-1.13030034537555,2.56229743729102));
#12563=CARTESIAN_POINT('Ctrl Pts',(9.66197596354417,-1.25316666615995,2.43870137502083));
#12564=CARTESIAN_POINT('Ctrl Pts',(9.70115737325335,-1.35102247144812,2.2802607995564));
#12565=CARTESIAN_POINT('Ctrl Pts',(9.78178534892948,-1.46823999043535,1.93006709815209));
#12566=CARTESIAN_POINT('Ctrl Pts',(9.85911308459586,-1.35288582535708,1.48198836555164));
#12567=CARTESIAN_POINT('Ctrl Pts',(9.89839252638008,-0.959576683167411,
1.16284037066643));
#12568=CARTESIAN_POINT('Ctrl Pts',(9.90509614002653,-0.702940164368225,
1.10213260822819));
#12569=CARTESIAN_POINT('Ctrl Pts',(9.90522322596801,-0.582836139477071,
1.10091824820942));
#12570=CARTESIAN_POINT('Ctrl Pts',(9.96393753349002,-0.582836139477071,
1.17409036095387));
#12571=CARTESIAN_POINT('Ctrl Pts',(9.96419170537299,-0.472142893605357,
1.17166164091633));
#12572=CARTESIAN_POINT('Ctrl Pts',(9.95823311569777,-0.230000831879849,
1.22216182503684));
#12573=CARTESIAN_POINT('Ctrl Pts',(9.92917776987118,0.0487172415052643,
1.44386422526879));
#12574=CARTESIAN_POINT('Ctrl Pts',(9.87496328698122,0.200107924000638,1.7832280560866));
#12575=CARTESIAN_POINT('Ctrl Pts',(9.79384752475111,0.167453378339122,2.1940374769498));
#12576=CARTESIAN_POINT('Ctrl Pts',(9.72280964272985,-0.0394103590671561,
2.48021958080952));
#12577=CARTESIAN_POINT('Ctrl Pts',(9.66099986631447,-0.434167484909827,
2.69836439192563));
#12578=CARTESIAN_POINT('Ctrl Pts',(9.65875421463976,-0.791538578135112,
2.69825228590634));
#12579=CARTESIAN_POINT('Ctrl Pts',(9.70825419891556,-1.07625940926394,2.51625372624938));
#12580=CARTESIAN_POINT('Ctrl Pts',(9.73706222400994,-1.18724983779393,2.40542750895401));
#12581=CARTESIAN_POINT('Ctrl Pts',(9.77208799857666,-1.27667456366201,2.26284515060657));
#12582=CARTESIAN_POINT('Ctrl Pts',(9.84511064468837,-1.38660004240245,1.94572105259314));
#12583=CARTESIAN_POINT('Ctrl Pts',(9.91799381237513,-1.28674006084216,1.53319707705969));
#12584=CARTESIAN_POINT('Ctrl Pts',(9.95674808154626,-0.928872039172951,
1.23536456688731));
#12585=CARTESIAN_POINT('Ctrl Pts',(9.96368336160705,-0.693529385348786,
1.17651908099142));
#12586=CARTESIAN_POINT('Ctrl Pts',(9.96393753349002,-0.582836139477071,
1.17409036095387));
#12587=CARTESIAN_POINT('Ctrl Pts',(10.022651841012,-0.582836139477071,1.24726247369832));
#12588=CARTESIAN_POINT('Ctrl Pts',(10.0230330988365,-0.481553672624797,
1.24361939364201));
#12589=CARTESIAN_POINT('Ctrl Pts',(10.0173705745491,-0.258687907579706,
1.2869257440065));
#12590=CARTESIAN_POINT('Ctrl Pts',(9.98917326540641,0.000675414440662359,
1.48985223171569));
#12591=CARTESIAN_POINT('Ctrl Pts',(9.93775908619746,0.140533740407067,1.8060156470113));
#12592=CARTESIAN_POINT('Ctrl Pts',(9.86298720114974,0.104309327422013,2.18837879967231));
#12593=CARTESIAN_POINT('Ctrl Pts',(9.79964434132505,-0.0935107592364283,
2.44820244241078));
#12594=CARTESIAN_POINT('Ctrl Pts',(9.74617263081712,-0.456414567288778,
2.63743850206616));
#12595=CARTESIAN_POINT('Ctrl Pts',(9.7446526684608,-0.771115290751215,2.630945119307));
#12596=CARTESIAN_POINT('Ctrl Pts',(9.78709144577722,-1.02221847315232,2.47021001520773));
#12597=CARTESIAN_POINT('Ctrl Pts',(9.81214848447572,-1.12133300942791,2.37215364288719));
#12598=CARTESIAN_POINT('Ctrl Pts',(9.84301862389996,-1.20232665587589,2.24542950165674));
#12599=CARTESIAN_POINT('Ctrl Pts',(9.90843594044726,-1.30496009436954,1.96137500703419));
#12600=CARTESIAN_POINT('Ctrl Pts',(9.9768745401544,-1.22059429632724,1.58440578856775));
#12601=CARTESIAN_POINT('Ctrl Pts',(10.0151036367124,-0.898167395178491,
1.30788876310819));
#12602=CARTESIAN_POINT('Ctrl Pts',(10.0222705831876,-0.684118606329346,
1.25090555375464));
#12603=CARTESIAN_POINT('Ctrl Pts',(10.022651841012,-0.582836139477071,1.24726247369832));
#12604=CARTESIAN_POINT('',(10.022651841012,-0.582836139477071,1.24726247369832));
#12605=CARTESIAN_POINT('',(9.84650891844601,-0.582836139477071,1.02774613546497));
#12606=CARTESIAN_POINT('',(10.010450487622,-0.218858651595931,1.33632294372735));
#12607=CARTESIAN_POINT('Ctrl Pts',(10.022651841012,-0.582836139477071,1.24726247369832));
#12608=CARTESIAN_POINT('Ctrl Pts',(10.0230330988365,-0.481553672624797,
1.24361939364201));
#12609=CARTESIAN_POINT('Ctrl Pts',(10.0196907450443,-0.350005232891958,
1.26918134040319));
#12610=CARTESIAN_POINT('Ctrl Pts',(10.0117718508427,-0.235862033352809,
1.3267888957968));
#12611=CARTESIAN_POINT('Ctrl Pts',(10.010450487622,-0.218858651595931,1.33632294372735));
#12612=CARTESIAN_POINT('Ctrl Pts',(10.010450487622,-0.218858651595931,1.33632294372735));
#12613=CARTESIAN_POINT('Ctrl Pts',(10.0044519784179,-0.141669472739543,
1.37960405929948));
#12614=CARTESIAN_POINT('Ctrl Pts',(9.98607955003896,0.00909102777856523,
1.50887654818976));
#12615=CARTESIAN_POINT('Ctrl Pts',(9.93775908619746,0.140533740407067,1.8060156470113));
#12616=CARTESIAN_POINT('Ctrl Pts',(9.86298720114974,0.104309327422013,2.18837879967231));
#12617=CARTESIAN_POINT('Ctrl Pts',(9.79964434132505,-0.0935107592364283,
2.44820244241078));
#12618=CARTESIAN_POINT('Ctrl Pts',(9.74617263081712,-0.456414567288778,
2.63743850206616));
#12619=CARTESIAN_POINT('Ctrl Pts',(9.7446526684608,-0.771115290751215,2.630945119307));
#12620=CARTESIAN_POINT('Ctrl Pts',(9.78709144577722,-1.02221847315232,2.47021001520773));
#12621=CARTESIAN_POINT('Ctrl Pts',(9.81214848447572,-1.12133300942791,2.37215364288719));
#12622=CARTESIAN_POINT('Ctrl Pts',(9.84301862389996,-1.20232665587589,2.24542950165674));
#12623=CARTESIAN_POINT('Ctrl Pts',(9.90843594044726,-1.30496009436954,1.96137500703419));
#12624=CARTESIAN_POINT('Ctrl Pts',(9.9768745401544,-1.22059429632724,1.58440578856775));
#12625=CARTESIAN_POINT('Ctrl Pts',(10.0151036367124,-0.898167395178491,
1.30788876310819));
#12626=CARTESIAN_POINT('Ctrl Pts',(10.0222705831876,-0.684118606329346,
1.25090555375464));
#12627=CARTESIAN_POINT('Ctrl Pts',(10.022651841012,-0.582836139477071,1.24726247369832));
#12628=CARTESIAN_POINT('Origin',(8.09952732686609,-0.797147165826736,1.80160471922246));
#12629=CARTESIAN_POINT('',(14.45,0.271776711191796,1.77183954653925));
#12630=CARTESIAN_POINT('',(8.09952732686609,-0.429447586776873,1.14791657868934));
#12631=CARTESIAN_POINT('Origin',(14.45,4.13558076672871E-14,2.25));
#12632=CARTESIAN_POINT('Ctrl Pts',(9.71526496151692,1.81271575795089,-1.90358260328299));
#12633=CARTESIAN_POINT('Ctrl Pts',(9.71526496151692,1.94276492497958,-1.90358260328299));
#12634=CARTESIAN_POINT('Ctrl Pts',(9.72877584019387,2.22787258811311,-1.8359694278064));
#12635=CARTESIAN_POINT('Ctrl Pts',(9.77770693252176,2.53670866171565,-1.5652204348225));
#12636=CARTESIAN_POINT('Ctrl Pts',(9.83282554309589,2.69013257871506,-1.17661400298613));
#12637=CARTESIAN_POINT('Ctrl Pts',(9.8786511345884,2.65855898831187,-0.71146297321934));
#12638=CARTESIAN_POINT('Ctrl Pts',(9.89373959824838,2.44286747849298,-0.383320488804204));
#12639=CARTESIAN_POINT('Ctrl Pts',(9.89735232096351,2.22412278411214,-0.236615134433055));
#12640=CARTESIAN_POINT('Ctrl Pts',(9.89965250491787,2.02398356515701,-0.130464537834771));
#12641=CARTESIAN_POINT('Ctrl Pts',(9.89970900014982,1.7286309739409,-0.0761542779330064));
#12642=CARTESIAN_POINT('Ctrl Pts',(9.89904570125142,1.39108436312158,-0.168491167430191));
#12643=CARTESIAN_POINT('Ctrl Pts',(9.89485576634479,1.14965392937475,-0.3333982857398));
#12644=CARTESIAN_POINT('Ctrl Pts',(9.88673967805038,0.979204022815467,-0.538052332272898));
#12645=CARTESIAN_POINT('Ctrl Pts',(9.87024054516312,0.895745894842363,-0.77711350831987));
#12646=CARTESIAN_POINT('Ctrl Pts',(9.83801024045638,0.857821452209449,-1.13753732614642));
#12647=CARTESIAN_POINT('Ctrl Pts',(9.79155173504199,0.988629962416315,-1.47722652238286));
#12648=CARTESIAN_POINT('Ctrl Pts',(9.73512698274372,1.3410769281796,-1.80416503571831));
#12649=CARTESIAN_POINT('Ctrl Pts',(9.71526496151692,1.61764200740784,-1.90358260328299));
#12650=CARTESIAN_POINT('Ctrl Pts',(9.71526496151692,1.81271575795089,-1.90358260328299));
#12651=CARTESIAN_POINT('Ctrl Pts',(9.79370290385636,1.81271575795089,-1.83087040909414));
#12652=CARTESIAN_POINT('Ctrl Pts',(9.79333745481451,1.9301398358165,-1.82748901899903));
#12653=CARTESIAN_POINT('Ctrl Pts',(9.80389774143541,2.18294618836705,-1.76087478332058));
#12654=CARTESIAN_POINT('Ctrl Pts',(9.84512332570249,2.45477519362089,-1.51813487824127));
#12655=CARTESIAN_POINT('Ctrl Pts',(9.89422261285108,2.59375521138228,-1.16996659929586));
#12656=CARTESIAN_POINT('Ctrl Pts',(9.93791875940939,2.56997742071643,-0.748391935233979));
#12657=CARTESIAN_POINT('Ctrl Pts',(9.95531176854125,2.38009831648256,-0.445814902971871));
#12658=CARTESIAN_POINT('Ctrl Pts',(9.96074000903016,2.18373716865884,-0.3060805261412));
#12659=CARTESIAN_POINT('Ctrl Pts',(9.96443828271229,2.0030557597636,-0.203527013723157));
#12660=CARTESIAN_POINT('Ctrl Pts',(9.96549638549162,1.73254775991348,-0.143758415729086));
#12661=CARTESIAN_POINT('Ctrl Pts',(9.96323611303361,1.41380773795033,-0.220390350622034));
#12662=CARTESIAN_POINT('Ctrl Pts',(9.95717591694211,1.1823376772718,-0.371135233607974));
#12663=CARTESIAN_POINT('Ctrl Pts',(9.947662610326,1.01751086172733,-0.563756649917327));
#12664=CARTESIAN_POINT('Ctrl Pts',(9.93139715427451,0.937628375585466,-0.792114605029929));
#12665=CARTESIAN_POINT('Ctrl Pts',(9.90131392284275,0.903942348307104,-1.13720738365189));
#12666=CARTESIAN_POINT('Ctrl Pts',(9.86054425114674,1.03722851228181,-1.45915738724722));
#12667=CARTESIAN_POINT('Ctrl Pts',(9.81171004863494,1.37904212560451,-1.75476613159383));
#12668=CARTESIAN_POINT('Ctrl Pts',(9.79425107741915,1.63657964115246,-1.83594249423681));
#12669=CARTESIAN_POINT('Ctrl Pts',(9.79370290385636,1.81271575795089,-1.83087040909414));
#12670=CARTESIAN_POINT('Ctrl Pts',(9.8721408461958,1.81271575795089,-1.7581582149053));
#12671=CARTESIAN_POINT('Ctrl Pts',(9.87140994811209,1.91751474665343,-1.75139543471507));
#12672=CARTESIAN_POINT('Ctrl Pts',(9.87901964267696,2.13801978862099,-1.68578013883476));
#12673=CARTESIAN_POINT('Ctrl Pts',(9.91253971888322,2.37284172552612,-1.47104932166004));
#12674=CARTESIAN_POINT('Ctrl Pts',(9.95561968260628,2.49737784404949,-1.16331919560559));
#12675=CARTESIAN_POINT('Ctrl Pts',(9.99718638423038,2.481395853121,-0.785320897248617));
#12676=CARTESIAN_POINT('Ctrl Pts',(10.0168839388341,2.31732915447214,-0.508309317139536));
#12677=CARTESIAN_POINT('Ctrl Pts',(10.0241276970968,2.14335155320554,-0.375545917849344));
#12678=CARTESIAN_POINT('Ctrl Pts',(10.0292240605067,1.98212795437018,-0.276589489611542));
#12679=CARTESIAN_POINT('Ctrl Pts',(10.0312837708334,1.73646454588606,-0.211362553525164));
#12680=CARTESIAN_POINT('Ctrl Pts',(10.0274265248158,1.43653111277908,-0.272289533813876));
#12681=CARTESIAN_POINT('Ctrl Pts',(10.0194960675394,1.21502142516885,-0.408872181476147));
#12682=CARTESIAN_POINT('Ctrl Pts',(10.0085855426016,1.0558177006392,-0.589460967561754));
#12683=CARTESIAN_POINT('Ctrl Pts',(9.99255376338591,0.979510856328569,-0.807115701739988));
#12684=CARTESIAN_POINT('Ctrl Pts',(9.96461760522912,0.950063244404758,-1.13687744115737));
#12685=CARTESIAN_POINT('Ctrl Pts',(9.9295367672515,1.08582706214731,-1.44108825211159));
#12686=CARTESIAN_POINT('Ctrl Pts',(9.88829311452617,1.41700732302942,-1.70536722746935));
#12687=CARTESIAN_POINT('Ctrl Pts',(9.87323719332137,1.65551727489707,-1.76830238519063));
#12688=CARTESIAN_POINT('Ctrl Pts',(9.8721408461958,1.81271575795089,-1.7581582149053));
#12689=CARTESIAN_POINT('Ctrl Pts',(9.95057878853524,1.81271575795089,-1.68544602071645));
#12690=CARTESIAN_POINT('Ctrl Pts',(9.94948244140967,1.90488965749035,-1.67530185043111));
#12691=CARTESIAN_POINT('Ctrl Pts',(9.9541415439185,2.09309338887493,-1.61068549434894));
#12692=CARTESIAN_POINT('Ctrl Pts',(9.97995611206395,2.29090825743135,-1.42396376507881));
#12693=CARTESIAN_POINT('Ctrl Pts',(10.0170167523615,2.4010004767167,-1.15667179191533));
#12694=CARTESIAN_POINT('Ctrl Pts',(10.0564540090514,2.39281428552557,-0.822249859263256));
#12695=CARTESIAN_POINT('Ctrl Pts',(10.078456109127,2.25455999246172,-0.570803731307203));
#12696=CARTESIAN_POINT('Ctrl Pts',(10.0875153851635,2.10296593775224,-0.445011309557489));
#12697=CARTESIAN_POINT('Ctrl Pts',(10.0940098383011,1.96120014897676,-0.349651965499928));
#12698=CARTESIAN_POINT('Ctrl Pts',(10.0970711561752,1.74038133185863,-0.278966691321244));
#12699=CARTESIAN_POINT('Ctrl Pts',(10.091616936598,1.45925448760783,-0.324188717005718));
#12700=CARTESIAN_POINT('Ctrl Pts',(10.0818162181368,1.2477051730659,-0.446609129344321));
#12701=CARTESIAN_POINT('Ctrl Pts',(10.0695084748772,1.09412453955107,-0.615165285206183));
#12702=CARTESIAN_POINT('Ctrl Pts',(10.0537103724973,1.02139333707167,-0.822116798450047));
#12703=CARTESIAN_POINT('Ctrl Pts',(10.0279212876155,0.996184140502413,-1.13654749866285));
#12704=CARTESIAN_POINT('Ctrl Pts',(9.99852928335625,1.13442561201281,-1.42301911697595));
#12705=CARTESIAN_POINT('Ctrl Pts',(9.9648761804174,1.45497252045433,-1.65596832334486));
#12706=CARTESIAN_POINT('Ctrl Pts',(9.9522233092236,1.67445490864169,-1.70066227614446));
#12707=CARTESIAN_POINT('Ctrl Pts',(9.95057878853524,1.81271575795089,-1.68544602071645));
#12708=CARTESIAN_POINT('',(9.95057878853524,1.81271575795089,-1.68544602071645));
#12709=CARTESIAN_POINT('',(9.71526496151692,1.81271575795089,-1.90358260328299));
#12710=CARTESIAN_POINT('',(10.0953329547927,1.77215494453688,-0.307845168404579));
#12711=CARTESIAN_POINT('Ctrl Pts',(9.95057878853524,1.81271575795089,-1.68544602071645));
#12712=CARTESIAN_POINT('Ctrl Pts',(9.94948244140967,1.90488965749035,-1.67530185043111));
#12713=CARTESIAN_POINT('Ctrl Pts',(9.9541415439185,2.09309338887493,-1.61068549434894));
#12714=CARTESIAN_POINT('Ctrl Pts',(9.97995611206395,2.29090825743135,-1.42396376507881));
#12715=CARTESIAN_POINT('Ctrl Pts',(10.0170167523615,2.4010004767167,-1.15667179191533));
#12716=CARTESIAN_POINT('Ctrl Pts',(10.0564540090514,2.39281428552557,-0.822249859263256));
#12717=CARTESIAN_POINT('Ctrl Pts',(10.078456109127,2.25455999246172,-0.570803731307203));
#12718=CARTESIAN_POINT('Ctrl Pts',(10.0875153851635,2.10296593775224,-0.445011309557489));
#12719=CARTESIAN_POINT('Ctrl Pts',(10.0931780851499,1.97935627991705,-0.361864762057148));
#12720=CARTESIAN_POINT('Ctrl Pts',(10.0952312911686,1.86676162264571,-0.320390517013383));
#12721=CARTESIAN_POINT('Ctrl Pts',(10.0953329547927,1.77215494453688,-0.307845168404578));
#12722=CARTESIAN_POINT('Ctrl Pts',(10.0953329547927,1.77215494453688,-0.307845168404578));
#12723=CARTESIAN_POINT('Ctrl Pts',(10.0953560305718,1.75068096285231,-0.30499760424064));
#12724=CARTESIAN_POINT('Ctrl Pts',(10.095070801262,1.63727703688731,-0.295552034097023));
#12725=CARTESIAN_POINT('Ctrl Pts',(10.091616936598,1.45925448760783,-0.324188717005718));
#12726=CARTESIAN_POINT('Ctrl Pts',(10.0818162181368,1.2477051730659,-0.446609129344321));
#12727=CARTESIAN_POINT('Ctrl Pts',(10.0695084748772,1.09412453955107,-0.615165285206183));
#12728=CARTESIAN_POINT('Ctrl Pts',(10.0537103724973,1.02139333707167,-0.822116798450047));
#12729=CARTESIAN_POINT('Ctrl Pts',(10.0279212876155,0.996184140502413,-1.13654749866285));
#12730=CARTESIAN_POINT('Ctrl Pts',(9.99852928335625,1.13442561201281,-1.42301911697595));
#12731=CARTESIAN_POINT('Ctrl Pts',(9.9648761804174,1.45497252045433,-1.65596832334486));
#12732=CARTESIAN_POINT('Ctrl Pts',(9.9522233092236,1.67445490864169,-1.70066227614446));
#12733=CARTESIAN_POINT('Ctrl Pts',(9.95057878853524,1.81271575795089,-1.68544602071645));
#12734=CARTESIAN_POINT('Origin',(8.09729948600839,2.44313478664364,-1.09901925523481));
#12735=CARTESIAN_POINT('',(14.45,0.0719794210877851,-0.204730375924102));
#12736=CARTESIAN_POINT('',(8.09729948600839,2.54920681798736,-0.356515035828807));
#12737=CARTESIAN_POINT('Origin',(14.45,4.04537514597791E-14,-0.75));
#12738=CARTESIAN_POINT('Ctrl Pts',(9.89941484288206,1.50630507046822,0.107637207908611));
#12739=CARTESIAN_POINT('Ctrl Pts',(9.89941484288206,1.63567852873476,0.107637207908611));
#12740=CARTESIAN_POINT('Ctrl Pts',(9.89868303911201,1.91827625031886,0.176594887353036));
#12741=CARTESIAN_POINT('Ctrl Pts',(9.89272151473158,2.22868212708717,0.422056871627223));
#12742=CARTESIAN_POINT('Ctrl Pts',(9.87032879560367,2.41718786351521,0.79873281672022));
#12743=CARTESIAN_POINT('Ctrl Pts',(9.82300756719607,2.43058421493072,1.2642863320847));
#12744=CARTESIAN_POINT('Ctrl Pts',(9.76525391506643,2.22813684593345,1.63726759593616));
#12745=CARTESIAN_POINT('Ctrl Pts',(9.70854403510463,1.7620547135353,1.93848305462985));
#12746=CARTESIAN_POINT('Ctrl Pts',(9.71537095571266,1.09299315992651,1.91128825371791));
#12747=CARTESIAN_POINT('Ctrl Pts',(9.79521175220207,0.719615101221371,1.46521870206985));
#12748=CARTESIAN_POINT('Ctrl Pts',(9.83076007146219,0.646437352653626,1.16970981556531));
#12749=CARTESIAN_POINT('Ctrl Pts',(9.8458661857943,0.623056274908523,1.03997271737253));
#12750=CARTESIAN_POINT('Ctrl Pts',(9.87062074933963,0.621328519156692,0.791793333794404));
#12751=CARTESIAN_POINT('Ctrl Pts',(9.88895770464893,0.754143010914214,0.491950327315817));
#12752=CARTESIAN_POINT('Ctrl Pts',(9.89642860765791,0.959689149830306,0.281357780874986));
#12753=CARTESIAN_POINT('Ctrl Pts',(9.89931989501643,1.20337072408391,0.140017545764104));
#12754=CARTESIAN_POINT('Ctrl Pts',(9.89941484288206,1.40927497676831,0.107637207908611));
#12755=CARTESIAN_POINT('Ctrl Pts',(9.89941484288206,1.50630507046822,0.107637207908611));
#12756=CARTESIAN_POINT('Ctrl Pts',(9.96468139536543,1.50630507046822,0.173777928489185));
#12757=CARTESIAN_POINT('Ctrl Pts',(9.96470649156131,1.62639067227682,0.177050147186328));
#12758=CARTESIAN_POINT('Ctrl Pts',(9.96311233457939,1.88527756932218,0.248197793744106));
#12759=CARTESIAN_POINT('Ctrl Pts',(9.95467428823259,2.16386880595247,0.479824916870551));
#12760=CARTESIAN_POINT('Ctrl Pts',(9.93115250305103,2.32973274317616,0.826545314796682));
#12761=CARTESIAN_POINT('Ctrl Pts',(9.88631836941379,2.33707120470381,1.24940401758957));
#12762=CARTESIAN_POINT('Ctrl Pts',(9.83526851178355,2.15415922191457,1.58360821770627));
#12763=CARTESIAN_POINT('Ctrl Pts',(9.78746121691822,1.74233497293535,1.85597090433745));
#12764=CARTESIAN_POINT('Ctrl Pts',(9.79483813444783,1.13953858761794,1.85292155353816));
#12765=CARTESIAN_POINT('Ctrl Pts',(9.86422575546121,0.770066429145054,1.44691328896609));
#12766=CARTESIAN_POINT('Ctrl Pts',(9.89617142617216,0.69556920930399,1.16673925601497));
#12767=CARTESIAN_POINT('Ctrl Pts',(9.90979309561782,0.671228203759685,1.04384625582754));
#12768=CARTESIAN_POINT('Ctrl Pts',(9.93251017266298,0.666760397555072,0.807010399894845));
#12769=CARTESIAN_POINT('Ctrl Pts',(9.9508733195141,0.793879340422313,0.521549396946422));
#12770=CARTESIAN_POINT('Ctrl Pts',(9.95967472138803,0.991195698129947,0.324567046522775));
#12771=CARTESIAN_POINT('Ctrl Pts',(9.96403810090997,1.2233395232681,0.1962277571369));
#12772=CARTESIAN_POINT('Ctrl Pts',(9.96466257321852,1.41624086911177,0.171323764466328));
#12773=CARTESIAN_POINT('Ctrl Pts',(9.96468139536543,1.50630507046822,0.173777928489185));
#12774=CARTESIAN_POINT('Ctrl Pts',(10.0299479478488,1.50630507046822,0.239918649069759));
#12775=CARTESIAN_POINT('Ctrl Pts',(10.0299981402406,1.61710281581888,0.246463086464045));
#12776=CARTESIAN_POINT('Ctrl Pts',(10.0275416300468,1.85227888832549,0.319800700135175));
#12777=CARTESIAN_POINT('Ctrl Pts',(10.0166270617336,2.09905548481778,0.537592962113879));
#12778=CARTESIAN_POINT('Ctrl Pts',(9.9919762104984,2.2422776228371,0.854357812873143));
#12779=CARTESIAN_POINT('Ctrl Pts',(9.94962917163151,2.2435581944769,1.23452170309443));
#12780=CARTESIAN_POINT('Ctrl Pts',(9.90528310850068,2.08018159789568,1.52994883947639));
#12781=CARTESIAN_POINT('Ctrl Pts',(9.86637839873183,1.72261523233539,1.77345875404506));
#12782=CARTESIAN_POINT('Ctrl Pts',(9.874305313183,1.18608401530937,1.79455485335842));
#12783=CARTESIAN_POINT('Ctrl Pts',(9.93323975872035,0.820517757068735,1.42860787586234));
#12784=CARTESIAN_POINT('Ctrl Pts',(9.96158278088213,0.744701065954353,1.16376869646463));
#12785=CARTESIAN_POINT('Ctrl Pts',(9.97372000544133,0.719400132610845,1.04771979428255));
#12786=CARTESIAN_POINT('Ctrl Pts',(9.99439959598634,0.71219227595345,0.822227465995287));
#12787=CARTESIAN_POINT('Ctrl Pts',(10.0127889343793,0.833615669930411,0.551148466577027));
#12788=CARTESIAN_POINT('Ctrl Pts',(10.0229208351181,1.02270224642959,0.367776312170565));
#12789=CARTESIAN_POINT('Ctrl Pts',(10.0287563068035,1.2433083224523,0.252437968509696));
#12790=CARTESIAN_POINT('Ctrl Pts',(10.029910303555,1.42320676145522,0.235010321024045));
#12791=CARTESIAN_POINT('Ctrl Pts',(10.0299479478488,1.50630507046822,0.239918649069759));
#12792=CARTESIAN_POINT('Ctrl Pts',(10.0952145003322,1.50630507046822,0.306059369650334));
#12793=CARTESIAN_POINT('Ctrl Pts',(10.0952897889198,1.60781495936094,0.315876025741762));
#12794=CARTESIAN_POINT('Ctrl Pts',(10.0919709255141,1.8192802073288,0.391403606526245));
#12795=CARTESIAN_POINT('Ctrl Pts',(10.0785798352346,2.03424216368308,0.595361007357207));
#12796=CARTESIAN_POINT('Ctrl Pts',(10.0527999179458,2.15482250249804,0.882170310949605));
#12797=CARTESIAN_POINT('Ctrl Pts',(10.0129399738492,2.15004518424999,1.2196393885993));
#12798=CARTESIAN_POINT('Ctrl Pts',(9.97529770521781,2.00620397387679,1.4762894612465));
#12799=CARTESIAN_POINT('Ctrl Pts',(9.94529558054543,1.70289549173544,1.69094660375266));
#12800=CARTESIAN_POINT('Ctrl Pts',(9.95377249191817,1.23262944300081,1.73618815317867));
#12801=CARTESIAN_POINT('Ctrl Pts',(10.0022537619795,0.870969084992417,1.41030246275858));
#12802=CARTESIAN_POINT('Ctrl Pts',(10.0269941355921,0.793832922604717,1.16079813691429));
#12803=CARTESIAN_POINT('Ctrl Pts',(10.0376469152648,0.767572061462006,1.05159333273756));
#12804=CARTESIAN_POINT('Ctrl Pts',(10.0562890193097,0.75762415435183,0.837444532095729));
#12805=CARTESIAN_POINT('Ctrl Pts',(10.0747045492444,0.87335199943851,0.580747536207632));
#12806=CARTESIAN_POINT('Ctrl Pts',(10.0861669488483,1.05420879472923,0.410985577818354));
#12807=CARTESIAN_POINT('Ctrl Pts',(10.093474512697,1.26327712163649,0.308648179882492));
#12808=CARTESIAN_POINT('Ctrl Pts',(10.0951580338914,1.43017265379868,0.298696877581763));
#12809=CARTESIAN_POINT('Ctrl Pts',(10.0952145003322,1.50630507046822,0.306059369650334));
#12810=CARTESIAN_POINT('',(10.0952145003322,1.50630507046822,0.306059369650334));
#12811=CARTESIAN_POINT('',(9.89941484288206,1.50630507046822,0.107637207908611));
#12812=CARTESIAN_POINT('',(10.0951541368248,1.54674675522902,0.311390039489992));
#12813=CARTESIAN_POINT('Ctrl Pts',(10.0952145003322,1.50630507046822,0.306059369650334));
#12814=CARTESIAN_POINT('Ctrl Pts',(10.0952244560819,1.51972818116731,0.307357470385617));
#12815=CARTESIAN_POINT('Ctrl Pts',(10.0952040785709,1.53322513047019,0.309144253771355));
#12816=CARTESIAN_POINT('Ctrl Pts',(10.0951541368248,1.54674675522902,0.311390039489992));
#12817=CARTESIAN_POINT('Ctrl Pts',(10.0951541368248,1.54674675522902,0.311390039489992));
#12818=CARTESIAN_POINT('Ctrl Pts',(10.0948264029922,1.63548001443019,0.326127609111717));
#12819=CARTESIAN_POINT('Ctrl Pts',(10.091380670748,1.82875533718302,0.400393675701169));
#12820=CARTESIAN_POINT('Ctrl Pts',(10.0785798352346,2.03424216368308,0.595361007357207));
#12821=CARTESIAN_POINT('Ctrl Pts',(10.0527999179458,2.15482250249804,0.882170310949605));
#12822=CARTESIAN_POINT('Ctrl Pts',(10.0129399738492,2.15004518424999,1.2196393885993));
#12823=CARTESIAN_POINT('Ctrl Pts',(9.97529770521781,2.00620397387679,1.4762894612465));
#12824=CARTESIAN_POINT('Ctrl Pts',(9.94529558054543,1.70289549173544,1.69094660375266));
#12825=CARTESIAN_POINT('Ctrl Pts',(9.95377249191817,1.23262944300081,1.73618815317867));
#12826=CARTESIAN_POINT('Ctrl Pts',(10.0022537619795,0.870969084992417,1.41030246275858));
#12827=CARTESIAN_POINT('Ctrl Pts',(10.0269941355921,0.793832922604717,1.16079813691429));
#12828=CARTESIAN_POINT('Ctrl Pts',(10.0376469152648,0.767572061462006,1.05159333273756));
#12829=CARTESIAN_POINT('Ctrl Pts',(10.0562890193097,0.75762415435183,0.837444532095729));
#12830=CARTESIAN_POINT('Ctrl Pts',(10.0747045492444,0.87335199943851,0.580747536207632));
#12831=CARTESIAN_POINT('Ctrl Pts',(10.0861669488483,1.05420879472923,0.410985577818354));
#12832=CARTESIAN_POINT('Ctrl Pts',(10.093474512697,1.26327712163649,0.308648179882492));
#12833=CARTESIAN_POINT('Ctrl Pts',(10.0951580338914,1.43017265379868,0.298696877581763));
#12834=CARTESIAN_POINT('Ctrl Pts',(10.0952145003322,1.50630507046822,0.306059369650334));
#12835=CARTESIAN_POINT('Origin',(8.09785748407228,2.093690914453,1.09894848574217));
#12836=CARTESIAN_POINT('',(14.45,0.0852695735420043,0.206650112884918));
#12837=CARTESIAN_POINT('',(8.09785748407228,2.21699570169621,0.359119762282897));
#12838=CARTESIAN_POINT('Origin',(14.45,4.02455846426619E-14,0.75));
#12839=CARTESIAN_POINT('Origin',(17.8773826090714,-5.26969680634494,-0.9));
#12840=CARTESIAN_POINT('',(19.0749125863408,-7.69314186865283,-0.4));
#12841=CARTESIAN_POINT('Origin',(18.75,-2.27157068923926E-15,-2.56666666666693));
#12842=CARTESIAN_POINT('',(17.1273826090715,-6.56873491202163,-0.4));
#12843=CARTESIAN_POINT('Origin',(17.875,1.31374910949944E-10,-0.4));
#12844=CARTESIAN_POINT('',(11.8169270882255,-3.35,-0.4));
#12845=CARTESIAN_POINT('Origin',(18.75,-2.27157068923926E-15,-0.4));
#12846=CARTESIAN_POINT('',(10.4715065688092,-3.35,-0.4));
#12847=CARTESIAN_POINT('',(7.6624782848321,-3.35,-0.4));
#12848=CARTESIAN_POINT('',(11.3426359647691,-4.16904761900941,-0.4));
#12849=CARTESIAN_POINT('Origin',(9.59972678002016,-5.14999999994647,-0.4));
#12850=CARTESIAN_POINT('',(12.7395923599147,-6.01040764008598,-0.4));
#12851=CARTESIAN_POINT('Origin',(18.75,-2.27157068923926E-15,-0.4));
#12852=CARTESIAN_POINT('',(12.7395923599147,-6.01040764008598,-0.4));
#12853=CARTESIAN_POINT('Origin',(17.8773826090714,-5.26969680634494,0.9));
#12854=CARTESIAN_POINT('',(20.2299656446946,-8.36001206282166,0.4));
#12855=CARTESIAN_POINT('Origin',(18.75,0.,2.56666666666693));
#12856=CARTESIAN_POINT('',(19.0749125863408,-7.69314186865283,0.4));
#12857=CARTESIAN_POINT('',(17.1273826090715,-6.56873491202163,0.4));
#12858=CARTESIAN_POINT('Origin',(18.75,-2.27157068923926E-15,2.56666666666693));
#12859=CARTESIAN_POINT('Origin',(23.8161286003337,7.87926415834716,-0.9));
#12860=CARTESIAN_POINT('',(20.9529569893169,8.19921218796172,-0.4));
#12861=CARTESIAN_POINT('Origin',(18.75,0.,-2.56666666666693));
#12862=CARTESIAN_POINT('',(19.7441776894811,7.63554914342903,-0.4));
#12863=CARTESIAN_POINT('',(23.1822012077226,9.23872583890212,-0.4));
#12864=CARTESIAN_POINT('Origin',(18.75,-2.27157068923926E-15,-2.56666666666693));
#12865=CARTESIAN_POINT('Origin',(23.8161286003337,7.87926415834716,0.9));
#12866=CARTESIAN_POINT('',(20.9529569893169,8.19921218796172,0.4));
#12867=CARTESIAN_POINT('Origin',(18.75,0.,2.56666666666693));
#12868=CARTESIAN_POINT('',(19.7441776894811,7.63554914342903,0.4));
#12869=CARTESIAN_POINT('Origin',(18.75,-2.27157068923926E-15,2.56666666666693));
#12870=CARTESIAN_POINT('',(23.1822012077226,9.23872583890212,0.4));
#12871=CARTESIAN_POINT('Origin',(18.75,0.,0.));
#12872=CARTESIAN_POINT('Origin',(18.75,0.,0.4));
#12873=CARTESIAN_POINT('Origin',(17.875,1.31374910949944E-10,0.4));
#12874=CARTESIAN_POINT('Origin',(18.75,-2.27157068923926E-15,0.4));
#12875=CARTESIAN_POINT('',(12.1720779386269,5.44289321879841,0.4));
#12876=CARTESIAN_POINT('Origin',(11.464971157477,6.14999999994796,0.4));
#12877=CARTESIAN_POINT('',(12.1720779386266,5.44289321879873,0.4));
#12878=CARTESIAN_POINT('Origin',(7.6624782848321,-3.35,-0.6));
#12879=CARTESIAN_POINT('',(9.59972678002016,-3.15,-0.6));
#12880=CARTESIAN_POINT('Ctrl Pts',(10.4715065688092,-3.35,-0.4));
#12881=CARTESIAN_POINT('Ctrl Pts',(10.3392203346137,-3.28593085260553,-0.4));
#12882=CARTESIAN_POINT('Ctrl Pts',(10.19225831444,-3.23361692548307,-0.42936853116504));
#12883=CARTESIAN_POINT('Ctrl Pts',(9.89253198172254,-3.16559099284338,-0.50695719103848));
#12884=CARTESIAN_POINT('Ctrl Pts',(9.73987119710942,-3.15,-0.555682444063538));
#12885=CARTESIAN_POINT('Ctrl Pts',(9.59972678002016,-3.15,-0.6));
#12886=CARTESIAN_POINT('',(11.7237990350217,-3.14999999995587,-0.6));
#12887=CARTESIAN_POINT('Ctrl Pts',(11.7237990350416,-3.15,-0.6));
#12888=CARTESIAN_POINT('Ctrl Pts',(11.7237990350416,-3.15,-0.575030088594442));
#12889=CARTESIAN_POINT('Ctrl Pts',(11.7260249564862,-3.15498167320425,-0.54857428532286));
#12890=CARTESIAN_POINT('Ctrl Pts',(11.7349035091504,-3.1746686396361,-0.500292919599146));
#12891=CARTESIAN_POINT('Ctrl Pts',(11.7415650296079,-3.18938374554568,-0.478472994047993));
#12892=CARTESIAN_POINT('Ctrl Pts',(11.7575663343841,-3.22432672401351,-0.442159634227796));
#12893=CARTESIAN_POINT('Ctrl Pts',(11.7682968428738,-3.24755413895834,-0.42609125735555));
#12894=CARTESIAN_POINT('Ctrl Pts',(11.7919038125453,-3.29782549484433,-0.405001491751886));
#12895=CARTESIAN_POINT('Ctrl Pts',(11.8047867767039,-3.32487472688041,-0.4));
#12896=CARTESIAN_POINT('Ctrl Pts',(11.8169270882255,-3.35,-0.4));
#12897=CARTESIAN_POINT('',(7.6624782848321,-3.15,-0.6));
#12898=CARTESIAN_POINT('Origin',(7.6624782848321,-3.35,0.6));
#12899=CARTESIAN_POINT('',(10.4715065688092,-3.35,0.4));
#12900=CARTESIAN_POINT('',(9.59972678002016,-3.15,0.6));
#12901=CARTESIAN_POINT('Ctrl Pts',(9.59972678002016,-3.15,0.6));
#12902=CARTESIAN_POINT('Ctrl Pts',(9.75070317876356,-3.15,0.552257070703469));
#12903=CARTESIAN_POINT('Ctrl Pts',(9.93077502411498,-3.17158850336176,0.495568784163617));
#12904=CARTESIAN_POINT('Ctrl Pts',(10.2051590944845,-3.23949873015224,0.427658557373145));
#12905=CARTESIAN_POINT('Ctrl Pts',(10.3523816458429,-3.29230516656327,0.4));
#12906=CARTESIAN_POINT('Ctrl Pts',(10.4715065688092,-3.35,0.4));
#12907=CARTESIAN_POINT('',(11.7237990350217,-3.14999999995587,0.6));
#12908=CARTESIAN_POINT('',(7.6624782848321,-3.15,0.6));
#12909=CARTESIAN_POINT('',(11.8169270882255,-3.35,0.4));
#12910=CARTESIAN_POINT('Ctrl Pts',(11.8169270882255,-3.35,0.4));
#12911=CARTESIAN_POINT('Ctrl Pts',(11.8047867767039,-3.32487472688041,0.4));
#12912=CARTESIAN_POINT('Ctrl Pts',(11.7919038125453,-3.29782549484433,0.405001491751886));
#12913=CARTESIAN_POINT('Ctrl Pts',(11.7682968428738,-3.24755413895834,0.42609125735555));
#12914=CARTESIAN_POINT('Ctrl Pts',(11.7575663343841,-3.22432672401351,0.442159634227796));
#12915=CARTESIAN_POINT('Ctrl Pts',(11.7415650296079,-3.18938374554568,0.478472994047993));
#12916=CARTESIAN_POINT('Ctrl Pts',(11.7349035091504,-3.1746686396361,0.500292919599146));
#12917=CARTESIAN_POINT('Ctrl Pts',(11.7260249564862,-3.15498167320426,0.54857428532286));
#12918=CARTESIAN_POINT('Ctrl Pts',(11.7237990350416,-3.15,0.575030088594442));
#12919=CARTESIAN_POINT('Ctrl Pts',(11.7237990350416,-3.15,0.6));
#12920=CARTESIAN_POINT('',(7.6624782848321,-3.35,0.4));
#12921=CARTESIAN_POINT('Origin',(-2.55004343033581,-3.15,1.56371626255272));
#12922=CARTESIAN_POINT('',(11.7237990350217,-3.14999999995587,1.5));
#12923=CARTESIAN_POINT('',(10.0369087196443,-3.14999999995754,1.5));
#12924=CARTESIAN_POINT('',(11.7237990350217,-3.14999999995587,0.));
#12925=CARTESIAN_POINT('',(9.59972678002016,-3.15,0.));
#12926=CARTESIAN_POINT('',(11.7237990350217,-3.14999999995587,-1.5));
#12927=CARTESIAN_POINT('',(11.7237990350217,-3.14999999995587,0.));
#12928=CARTESIAN_POINT('',(10.0369087196443,-3.14999999995754,-1.5));
#12929=CARTESIAN_POINT('',(7.64502985838578,-3.15,-9.72543861544572));
#12930=CARTESIAN_POINT('Origin',(0.,-3.15,0.));
#12931=CARTESIAN_POINT('',(8.22724133595542,-3.15,4.74999999999436));
#12932=CARTESIAN_POINT('Origin',(6.51285482548528,4.4,-1.5));
#12933=CARTESIAN_POINT('',(11.1265165442677,3.65,-1.5));
#12934=CARTESIAN_POINT('',(11.1265165442677,3.65,-1.5));
#12935=CARTESIAN_POINT('',(12.3694758033413,4.31032608694933,-1.5));
#12936=CARTESIAN_POINT('Origin',(11.1265165442677,5.14999999998074,-1.5));
#12937=CARTESIAN_POINT('Origin',(18.75,-2.27157068923926E-15,-1.5));
#12938=CARTESIAN_POINT('Origin',(6.51285482548528,4.4,1.5));
#12939=CARTESIAN_POINT('',(12.3694758033413,4.31032608694933,1.5));
#12940=CARTESIAN_POINT('Origin',(18.75,-2.27157068923926E-15,1.5));
#12941=CARTESIAN_POINT('',(11.1265165442677,3.65,1.5));
#12942=CARTESIAN_POINT('Origin',(11.1265165442677,5.14999999998074,1.5));
#12943=CARTESIAN_POINT('',(11.1265165442677,3.65,1.5));
#12944=CARTESIAN_POINT('Origin',(5.86189951751086,-2.39999999998129,1.5));
#12945=CARTESIAN_POINT('',(11.1265165442701,-1.64999999996258,1.5));
#12946=CARTESIAN_POINT('',(11.1265165442701,-1.64999999996258,1.5));
#12947=CARTESIAN_POINT('',(11.2512673820436,-1.74900232257725,1.5));
#12948=CARTESIAN_POINT('Origin',(11.1265165442705,-1.77809917348858,1.5));
#12949=CARTESIAN_POINT('Origin',(18.75,-2.27157068923926E-15,1.5));
#12950=CARTESIAN_POINT('Origin',(5.86189951751086,-2.39999999998129,-1.5));
#12951=CARTESIAN_POINT('',(11.2512673820436,-1.74900232257725,-1.5));
#12952=CARTESIAN_POINT('Origin',(18.75,-2.27157068923926E-15,-1.5));
#12953=CARTESIAN_POINT('',(11.1265165442701,-1.64999999996258,-1.5));
#12954=CARTESIAN_POINT('Origin',(11.1265165442705,-1.77809917348858,-1.5));
#12955=CARTESIAN_POINT('',(11.1265165442701,-1.64999999996258,-1.5));
#12956=CARTESIAN_POINT('Origin',(18.75,-2.27157068923926E-15,0.));
#12957=CARTESIAN_POINT('Origin',(18.75,-2.27157068923926E-15,-0.4));
#12958=CARTESIAN_POINT('',(12.3694758033413,4.31032608694933,0.));
#12959=CARTESIAN_POINT('Origin',(18.75,-2.27157068923926E-15,0.));
#12960=CARTESIAN_POINT('Origin',(18.75,-2.27157068923926E-15,0.4));
#12961=CARTESIAN_POINT('',(11.2512673820436,-1.74900232257725,0.));
#12962=CARTESIAN_POINT('Origin',(23.1499237667487,16.4207390469126,0.));
#12963=CARTESIAN_POINT('',(12.1720779386269,5.44289321879841,-0.4));
#12964=CARTESIAN_POINT('',(12.1720779386269,5.44289321879841,0.));
#12965=CARTESIAN_POINT('',(12.1720779386266,5.44289321879873,-0.4));
#12966=CARTESIAN_POINT('Origin',(17.875,1.31374910949944E-10,0.4));
#12967=CARTESIAN_POINT('Origin',(18.75,0.,0.4));
#12968=CARTESIAN_POINT('',(12.7395923599147,-6.01040764008598,0.4));
#12969=CARTESIAN_POINT('',(12.7395923599147,-6.01040764008598,0.4));
#12970=CARTESIAN_POINT('',(11.3426359647691,-4.16904761900941,0.4));
#12971=CARTESIAN_POINT('Origin',(18.75,-2.27157068923926E-15,0.4));
#12972=CARTESIAN_POINT('Origin',(9.59972678002016,-5.14999999994647,0.4));
#12973=CARTESIAN_POINT('Origin',(0.,3.65,0.));
#12974=CARTESIAN_POINT('',(11.1265165442677,3.65,0.));
#12975=CARTESIAN_POINT('Origin',(17.875,1.31374910949944E-10,-0.4));
#12976=CARTESIAN_POINT('Origin',(18.75,0.,-0.4));
#12977=CARTESIAN_POINT('Origin',(11.464971157477,6.14999999994796,-0.4));
#12978=CARTESIAN_POINT('Origin',(11.464971157477,6.14999999994796,0.));
#12979=CARTESIAN_POINT('Origin',(12.7395923599147,-6.01040764008598,0.));
#12980=CARTESIAN_POINT('',(12.7395923599147,-6.01040764008598,0.));
#12981=CARTESIAN_POINT('Origin',(18.75,-2.27157068923926E-15,0.));
#12982=CARTESIAN_POINT('',(11.3426359647691,-4.16904761900941,0.));
#12983=CARTESIAN_POINT('Origin',(9.59972678002016,-5.14999999994647,0.));
#12984=CARTESIAN_POINT('Origin',(11.1265165442701,-1.64999999996258,0.));
#12985=CARTESIAN_POINT('',(11.1265165442701,-1.64999999996258,0.));
#12986=CARTESIAN_POINT('Origin',(11.1265165442705,-1.77809917348858,0.));
#12987=CARTESIAN_POINT('Origin',(11.1265165442677,5.14999999998074,0.));
#12988=CARTESIAN_POINT('Origin',(18.75,0.,0.));
#12989=CARTESIAN_POINT('Origin',(18.75,0.,0.));
#12990=CARTESIAN_POINT('Ctrl Pts',(20.0901366657686,3.04730862929653,2.06941025315399));
#12991=CARTESIAN_POINT('Ctrl Pts',(20.0837206013958,3.07507339485601,2.06264037376003));
#12992=CARTESIAN_POINT('Ctrl Pts',(20.0729193690194,3.12138649579748,2.05150259286785));
#12993=CARTESIAN_POINT('Ctrl Pts',(20.0575297072622,3.20296443262998,2.03457272064332));
#12994=CARTESIAN_POINT('Ctrl Pts',(20.0485912914155,3.25721877543074,2.02433278928608));
#12995=CARTESIAN_POINT('Ctrl Pts',(20.0440858609538,3.30242621566883,2.01738871061035));
#12996=CARTESIAN_POINT('Ctrl Pts',(20.1524694760591,3.06811484880558,2.06433707519329));
#12997=CARTESIAN_POINT('Ctrl Pts',(20.145938246945,3.09603298755865,2.05767534282167));
#12998=CARTESIAN_POINT('Ctrl Pts',(20.1349421077729,3.14260647773792,2.0467203380492));
#12999=CARTESIAN_POINT('Ctrl Pts',(20.1191164998303,3.22456445906135,2.03030593860687));
#13000=CARTESIAN_POINT('Ctrl Pts',(20.1098535086303,3.27904648414809,2.02048016625944));
#13001=CARTESIAN_POINT('Ctrl Pts',(20.1050165169055,3.32437082974526,2.01401791310771));
#13002=CARTESIAN_POINT('Ctrl Pts',(20.2148019729426,3.08995150337884,2.0634903927953));
#13003=CARTESIAN_POINT('Ctrl Pts',(20.2081555812418,3.11799294473765,2.05693476766752));
#13004=CARTESIAN_POINT('Ctrl Pts',(20.1969645362238,3.16477634141634,2.0461594142119));
#13005=CARTESIAN_POINT('Ctrl Pts',(20.1807029914213,3.24699389558449,2.03024220064492));
#13006=CARTESIAN_POINT('Ctrl Pts',(20.1711154309244,3.30161198116994,2.02081407654395));
#13007=CARTESIAN_POINT('Ctrl Pts',(20.1659468857219,3.34695472620525,2.014809670046));
#13008=CARTESIAN_POINT('Ctrl Pts',(20.2765940176016,3.1126293686892,2.06687754283971));
#13009=CARTESIAN_POINT('Ctrl Pts',(20.2698345890285,3.14076336772088,2.06042505028816));
#13010=CARTESIAN_POINT('Ctrl Pts',(20.2584522369628,3.18770504413724,2.0498246238763));
#13011=CARTESIAN_POINT('Ctrl Pts',(20.2417636659388,3.27006134211287,2.03438203769458));
#13012=CARTESIAN_POINT('Ctrl Pts',(20.2318584118838,3.3247242152928,2.02533165854028));
#13013=CARTESIAN_POINT('Ctrl Pts',(20.2263657752031,3.36998843119626,2.01975733876116));
#13014=CARTESIAN_POINT('',(20.0440858609538,3.30242621566881,2.01738871061035));
#13015=CARTESIAN_POINT('Ctrl Pts',(20.0884965896713,3.05440291337509,2.06768285160308));
#13016=CARTESIAN_POINT('Ctrl Pts',(20.0826166451733,3.0798359515711,2.0615000432737));
#13017=CARTESIAN_POINT('Ctrl Pts',(20.0723578647064,3.12436293310321,2.05088489272456));
#13018=CARTESIAN_POINT('Ctrl Pts',(20.0575297072622,3.20296443262998,2.03457272064332));
#13019=CARTESIAN_POINT('Ctrl Pts',(20.0485912914155,3.25721877543074,2.02433278928608));
#13020=CARTESIAN_POINT('Ctrl Pts',(20.0440858609538,3.30242621566883,2.01738871061035));
#13021=CARTESIAN_POINT('Origin',(20.0440858609538,3.53016238884813,3.5));
#13022=CARTESIAN_POINT('Ctrl Pts',(20.0440858609538,3.30242621566857,2.01738871061039));
#13023=CARTESIAN_POINT('Ctrl Pts',(20.0403766124831,3.33964477447131,2.0116717622682));
#13024=CARTESIAN_POINT('Ctrl Pts',(20.057713673115,3.39812811679844,2.00428518222829));
#13025=CARTESIAN_POINT('Ctrl Pts',(20.0642720377844,3.46399443809157,2.00043412848724));
#13026=CARTESIAN_POINT('Ctrl Pts',(20.0583954885487,3.49111431886229,1.99999999999998));
#13027=CARTESIAN_POINT('Ctrl Pts',(20.0551514760505,3.50000000000002,1.99999999999998));
#13028=CARTESIAN_POINT('Ctrl Pts',(20.103493145962,3.32382217674058,2.01410218882892));
#13029=CARTESIAN_POINT('Ctrl Pts',(20.099511723249,3.36107691542152,2.00878087174369));
#13030=CARTESIAN_POINT('Ctrl Pts',(20.1158459263335,3.41958053770159,2.00226237487771));
#13031=CARTESIAN_POINT('Ctrl Pts',(20.1215891725717,3.48563251963329,1.99960808886218));
#13032=CARTESIAN_POINT('Ctrl Pts',(20.1155888421423,3.51284871164293,2.00000004361662));
#13033=CARTESIAN_POINT('Ctrl Pts',(20.1123369334742,3.52176555776463,1.99999999999998));
#13034=CARTESIAN_POINT('Ctrl Pts',(20.1629001779689,3.34582581880052,2.01477240770884));
#13035=CARTESIAN_POINT('Ctrl Pts',(20.1586702685826,3.38299590122542,2.00983131950553));
#13036=CARTESIAN_POINT('Ctrl Pts',(20.173911115515,3.44134967256746,2.00412220722481));
#13037=CARTESIAN_POINT('Ctrl Pts',(20.1788276843313,3.50739069897445,2.00236902371627));
#13038=CARTESIAN_POINT('Ctrl Pts',(20.172752550072,3.53462292438657,2.00374722788601));
#13039=CARTESIAN_POINT('Ctrl Pts',(20.1695169220235,3.54354513091487,2.00374788364433));
#13040=CARTESIAN_POINT('Ctrl Pts',(20.221833097087,3.36826162990988,2.0193940212527));
#13041=CARTESIAN_POINT('Ctrl Pts',(20.2173824764782,3.40523723060176,2.01481652837224));
#13042=CARTESIAN_POINT('Ctrl Pts',(20.2314807183213,3.46327513352492,2.00975777023476));
#13043=CARTESIAN_POINT('Ctrl Pts',(20.2355746506617,3.52911011790383,2.00940659622018));
#13044=CARTESIAN_POINT('Ctrl Pts',(20.2294633067891,3.55627945479623,2.01120970925502));
#13045=CARTESIAN_POINT('Ctrl Pts',(20.2262622218605,3.5651817796986,2.01121565550152));
#13046=CARTESIAN_POINT('Ctrl Pts',(20.0440858609538,3.30242621566857,2.01738871061039));
#13047=CARTESIAN_POINT('Ctrl Pts',(20.0403766124831,3.33964477447131,2.0116717622682));
#13048=CARTESIAN_POINT('Ctrl Pts',(20.057713673115,3.39812811679844,2.00428518222829));
#13049=CARTESIAN_POINT('Ctrl Pts',(20.0642720377844,3.46399443809157,2.00043412848724));
#13050=CARTESIAN_POINT('Ctrl Pts',(20.0583954885487,3.49111431886229,1.99999999999998));
#13051=CARTESIAN_POINT('Ctrl Pts',(20.0551514760505,3.50000000000002,1.99999999999998));
#13052=CARTESIAN_POINT('Ctrl Pts',(14.45,3.50000000000002,1.99999999999996));
#13053=CARTESIAN_POINT('Ctrl Pts',(21.7685491094837,3.50000000000002,1.99999999999996));
#13054=CARTESIAN_POINT('Ctrl Pts',(14.45,3.43244258560416,1.99999999999996));
#13055=CARTESIAN_POINT('Ctrl Pts',(21.7685491094837,3.43244258560416,1.99999999999996));
#13056=CARTESIAN_POINT('Ctrl Pts',(14.45,3.35374450916111,2.0069358415486));
#13057=CARTESIAN_POINT('Ctrl Pts',(21.7685491094837,3.35374450916111,2.0069358415486));
#13058=CARTESIAN_POINT('Ctrl Pts',(14.45,3.26391557532311,2.02080205544208));
#13059=CARTESIAN_POINT('Ctrl Pts',(21.7685491094837,3.26391557532311,2.02080205544208));
#13060=CARTESIAN_POINT('Ctrl Pts',(14.45,3.16374822939163,2.04122218647147));
#13061=CARTESIAN_POINT('Ctrl Pts',(21.7685491094837,3.16374822939163,2.04122218647147));
#13062=CARTESIAN_POINT('Ctrl Pts',(14.45,3.0544058284429,2.06768612138378));
#13063=CARTESIAN_POINT('Ctrl Pts',(21.7685491094837,3.0544058284429,2.06768612138378));
#13064=CARTESIAN_POINT('',(14.45,3.49999999999998,1.99999999999996));
#13065=CARTESIAN_POINT('Ctrl Pts',(14.45,3.0544058284429,2.06768612138378));
#13066=CARTESIAN_POINT('Ctrl Pts',(14.45,3.10309224273745,2.05590264043014));
#13067=CARTESIAN_POINT('Ctrl Pts',(14.45,3.14959226214534,2.04555841391167));
#13068=CARTESIAN_POINT('Ctrl Pts',(14.45,3.19370463089591,2.03674293370839));
#13069=CARTESIAN_POINT('Ctrl Pts',(14.45,3.23598726027027,2.02829311129464));
#13070=CARTESIAN_POINT('Ctrl Pts',(14.45,3.27607586526726,2.02124809070402));
#13071=CARTESIAN_POINT('Ctrl Pts',(14.45,3.31383534408031,2.01566943770794));
#13072=CARTESIAN_POINT('Ctrl Pts',(14.45,3.34959805296606,2.0103857910755));
#13073=CARTESIAN_POINT('Ctrl Pts',(14.45,3.3832713434683,2.00641764420432));
#13074=CARTESIAN_POINT('Ctrl Pts',(14.45,3.41478202500227,2.0037990301391));
#13075=CARTESIAN_POINT('Ctrl Pts',(14.45,3.44521311949886,2.00127013237525));
#13076=CARTESIAN_POINT('Ctrl Pts',(14.45,3.4736270929773,1.99999999999996));
#13077=CARTESIAN_POINT('Ctrl Pts',(14.45,3.50000000000002,1.99999999999996));
#13078=CARTESIAN_POINT('',(18.75,3.50000000000002,1.99999999999996));
#13079=CARTESIAN_POINT('Ctrl Pts',(20.0440858609539,-3.30242621566848,2.0173887106104));
#13080=CARTESIAN_POINT('Ctrl Pts',(20.0508245972264,-3.23480980922076,2.02777491349363));
#13081=CARTESIAN_POINT('Ctrl Pts',(20.0663512086479,-3.15427088592865,2.04428625178553));
#13082=CARTESIAN_POINT('Ctrl Pts',(20.0814763217009,-3.08480634305817,2.06027242888838));
#13083=CARTESIAN_POINT('Ctrl Pts',(20.0900076724709,-3.04786699077937,2.06927414723019));
#13084=CARTESIAN_POINT('Ctrl Pts',(20.1050177403358,-3.32437127037214,2.01401784542531));
#13085=CARTESIAN_POINT('Ctrl Pts',(20.112252400093,-3.25658000600107,2.02368337125765));
#13086=CARTESIAN_POINT('Ctrl Pts',(20.1282116814088,-3.17564981984751,2.03968808543077));
#13087=CARTESIAN_POINT('Ctrl Pts',(20.1436546825415,-3.10582003007402,2.05534552418506));
#13088=CARTESIAN_POINT('Ctrl Pts',(20.152339417079,-3.06867671162593,2.06420304461803));
#13089=CARTESIAN_POINT('Ctrl Pts',(20.1659493325538,-3.34695563316161,2.01480970207738));
#13090=CARTESIAN_POINT('Ctrl Pts',(20.1736799041497,-3.27913685131174,2.02379041730993));
#13091=CARTESIAN_POINT('Ctrl Pts',(20.1900718474924,-3.19793392930912,2.03930527694129));
#13092=CARTESIAN_POINT('Ctrl Pts',(20.2058327328532,-3.1278235291278,2.05464251191836));
#13093=CARTESIAN_POINT('Ctrl Pts',(20.2146708482866,-3.09051630403202,2.0633585664549));
#13094=CARTESIAN_POINT('Ctrl Pts',(20.2263694146661,-3.36998981868193,2.01975763679985));
#13095=CARTESIAN_POINT('Ctrl Pts',(20.2345847365769,-3.30228850039864,2.02809506351636));
#13096=CARTESIAN_POINT('Ctrl Pts',(20.2514005176428,-3.22093184176596,2.04314110154205));
#13097=CARTESIAN_POINT('Ctrl Pts',(20.2674731738242,-3.1506266959861,2.05816946348266));
#13098=CARTESIAN_POINT('Ctrl Pts',(20.276461837527,-3.113196518569,2.06674803050602));
#13099=CARTESIAN_POINT('',(20.0440858609539,-3.30242621566849,2.0173887106104));
#13100=CARTESIAN_POINT('Origin',(20.0440858609539,-3.53016238884806,3.50000000000001));
#13101=CARTESIAN_POINT('Ctrl Pts',(20.0440858609539,-3.30242621566848,2.0173887106104));
#13102=CARTESIAN_POINT('Ctrl Pts',(20.0508245972264,-3.23480980922076,2.02777491349363));
#13103=CARTESIAN_POINT('Ctrl Pts',(20.0658299820348,-3.15697456859802,2.0437319680012));
#13104=CARTESIAN_POINT('Ctrl Pts',(20.0804603725219,-3.08948265710007,2.05919852870099));
#13105=CARTESIAN_POINT('Ctrl Pts',(20.0885029317435,-3.05440594875035,2.06768627987246));
#13106=CARTESIAN_POINT('Ctrl Pts',(20.0551514760505,-3.50000000000002,1.99999999999998));
#13107=CARTESIAN_POINT('Ctrl Pts',(20.0583954885487,-3.49111431886228,1.99999999999998));
#13108=CARTESIAN_POINT('Ctrl Pts',(20.0642720377845,-3.46399443809151,2.00043412848724));
#13109=CARTESIAN_POINT('Ctrl Pts',(20.057713673115,-3.39812811679827,2.0042851822283));
#13110=CARTESIAN_POINT('Ctrl Pts',(20.0403766124831,-3.33964477447104,2.01167176226823));
#13111=CARTESIAN_POINT('Ctrl Pts',(20.0440858609539,-3.30242621566825,2.01738871061044));
#13112=CARTESIAN_POINT('Ctrl Pts',(20.1123369334742,-3.52176555776464,1.99999999999998));
#13113=CARTESIAN_POINT('Ctrl Pts',(20.1155888421423,-3.51284871164292,2.00000004361662));
#13114=CARTESIAN_POINT('Ctrl Pts',(20.1215891725717,-3.48563251963324,1.99960808886218));
#13115=CARTESIAN_POINT('Ctrl Pts',(20.1158459263336,-3.41958053770144,2.00226237487772));
#13116=CARTESIAN_POINT('Ctrl Pts',(20.099511723249,-3.36107691542126,2.00878087174372));
#13117=CARTESIAN_POINT('Ctrl Pts',(20.1034931459621,-3.32382217674026,2.01410218882896));
#13118=CARTESIAN_POINT('Ctrl Pts',(20.1695169220236,-3.54354513091488,2.00374788364433));
#13119=CARTESIAN_POINT('Ctrl Pts',(20.172752550072,-3.53462292438657,2.00374722788601));
#13120=CARTESIAN_POINT('Ctrl Pts',(20.1788276843313,-3.5073906989744,2.00236902371627));
#13121=CARTESIAN_POINT('Ctrl Pts',(20.173911115515,-3.4413496725673,2.00412220722482));
#13122=CARTESIAN_POINT('Ctrl Pts',(20.1586702685827,-3.38299590122517,2.00983131950556));
#13123=CARTESIAN_POINT('Ctrl Pts',(20.162900177969,-3.34582581880021,2.01477240770889));
#13124=CARTESIAN_POINT('Ctrl Pts',(20.2262622218606,-3.56518177969862,2.01121565550153));
#13125=CARTESIAN_POINT('Ctrl Pts',(20.2294633067892,-3.55627945479624,2.01120970925503));
#13126=CARTESIAN_POINT('Ctrl Pts',(20.2355746506618,-3.52911011790379,2.00940659622018));
#13127=CARTESIAN_POINT('Ctrl Pts',(20.2314807183214,-3.46327513352477,2.00975777023477));
#13128=CARTESIAN_POINT('Ctrl Pts',(20.2173824764783,-3.40523723060152,2.01481652837227));
#13129=CARTESIAN_POINT('Ctrl Pts',(20.2218330970871,-3.36826162990958,2.01939402125275));
#13130=CARTESIAN_POINT('Ctrl Pts',(20.0551514760505,-3.50000000000002,1.99999999999998));
#13131=CARTESIAN_POINT('Ctrl Pts',(20.0583954885487,-3.49111431886228,1.99999999999998));
#13132=CARTESIAN_POINT('Ctrl Pts',(20.0642720377845,-3.46399443809151,2.00043412848724));
#13133=CARTESIAN_POINT('Ctrl Pts',(20.057713673115,-3.39812811679827,2.0042851822283));
#13134=CARTESIAN_POINT('Ctrl Pts',(20.0403766124831,-3.33964477447104,2.01167176226823));
#13135=CARTESIAN_POINT('Ctrl Pts',(20.0440858609539,-3.30242621566825,2.01738871061044));
#13136=CARTESIAN_POINT('Ctrl Pts',(14.45,-3.0544058284429,2.06768612138378));
#13137=CARTESIAN_POINT('Ctrl Pts',(21.7685491094837,-3.0544058284429,2.06768612138378));
#13138=CARTESIAN_POINT('Ctrl Pts',(14.45,-3.16374822939163,2.04122218647147));
#13139=CARTESIAN_POINT('Ctrl Pts',(21.7685491094837,-3.16374822939163,2.04122218647147));
#13140=CARTESIAN_POINT('Ctrl Pts',(14.45,-3.26391557532311,2.02080205544208));
#13141=CARTESIAN_POINT('Ctrl Pts',(21.7685491094837,-3.26391557532311,2.02080205544208));
#13142=CARTESIAN_POINT('Ctrl Pts',(14.45,-3.35374450916111,2.0069358415486));
#13143=CARTESIAN_POINT('Ctrl Pts',(21.7685491094837,-3.35374450916111,2.0069358415486));
#13144=CARTESIAN_POINT('Ctrl Pts',(14.45,-3.43244258560416,1.99999999999996));
#13145=CARTESIAN_POINT('Ctrl Pts',(21.7685491094837,-3.43244258560416,1.99999999999996));
#13146=CARTESIAN_POINT('Ctrl Pts',(14.45,-3.50000000000002,1.99999999999996));
#13147=CARTESIAN_POINT('Ctrl Pts',(21.7685491094837,-3.50000000000002,1.99999999999996));
#13148=CARTESIAN_POINT('',(14.45,-3.49999999999998,1.99999999999996));
#13149=CARTESIAN_POINT('',(18.75,-3.50000000000002,1.99999999999996));
#13150=CARTESIAN_POINT('Ctrl Pts',(14.45,-3.50000000000001,1.99999999999996));
#13151=CARTESIAN_POINT('Ctrl Pts',(14.45,-3.47185107733508,1.99999999999996));
#13152=CARTESIAN_POINT('Ctrl Pts',(14.45,-3.44137635614623,2.00144722775234));
#13153=CARTESIAN_POINT('Ctrl Pts',(14.45,-3.40860673407381,2.00432703234994));
#13154=CARTESIAN_POINT('Ctrl Pts',(14.45,-3.37573613314426,2.00721571100097));
#13155=CARTESIAN_POINT('Ctrl Pts',(14.45,-3.34055698060099,2.01154550923863));
#13156=CARTESIAN_POINT('Ctrl Pts',(14.45,-3.30315413029275,2.01727703302101));
#13157=CARTESIAN_POINT('Ctrl Pts',(14.45,-3.26330329703252,2.02338367988606));
#13158=CARTESIAN_POINT('Ctrl Pts',(14.45,-3.22092826225873,2.03108140153895));
#13159=CARTESIAN_POINT('Ctrl Pts',(14.45,-3.17618840357274,2.0402977580894));
#13160=CARTESIAN_POINT('Ctrl Pts',(14.45,-3.13733215881199,2.0483020973172));
#13161=CARTESIAN_POINT('Ctrl Pts',(14.45,-3.09669337616842,2.05745134602766));
#13162=CARTESIAN_POINT('Ctrl Pts',(14.45,-3.0544058284429,2.06768612138378));
#13163=CARTESIAN_POINT('Ctrl Pts',(20.0440858609538,3.3024262156688,-2.01738871061035));
#13164=CARTESIAN_POINT('Ctrl Pts',(20.0508212858469,3.23484303556604,-2.02776980976833));
#13165=CARTESIAN_POINT('Ctrl Pts',(20.0663403776868,3.15432650698661,-2.04427465948606));
#13166=CARTESIAN_POINT('Ctrl Pts',(20.081458304876,3.08488793769773,-2.06025343404935));
#13167=CARTESIAN_POINT('Ctrl Pts',(20.0899856628801,3.04796229332438,-2.06925092418219));
#13168=CARTESIAN_POINT('Ctrl Pts',(20.1050166626713,3.32437088224384,-2.01401790504367));
#13169=CARTESIAN_POINT('Ctrl Pts',(20.1122477585879,3.25661293323552,-2.0236786940291));
#13170=CARTESIAN_POINT('Ctrl Pts',(20.1281994630259,3.1757053321047,-2.03967691466386));
#13171=CARTESIAN_POINT('Ctrl Pts',(20.1436351996888,3.1059016878462,-2.05532698833142));
#13172=CARTESIAN_POINT('Ctrl Pts',(20.1523159093121,3.06877217228546,-2.06418028333637));
#13173=CARTESIAN_POINT('Ctrl Pts',(20.1659471772502,3.34695483426473,-2.01480967386221));
#13174=CARTESIAN_POINT('Ctrl Pts',(20.1736739325511,3.27916937917462,-2.02378600022775));
#13175=CARTESIAN_POINT('Ctrl Pts',(20.1900582417206,3.19798922038442,-2.03929436706031));
#13176=CARTESIAN_POINT('Ctrl Pts',(20.2058117840064,3.12790511783831,-2.0546242763058));
#13177=CARTESIAN_POINT('Ctrl Pts',(20.2146458423778,3.09061178300451,-2.06333611017638));
#13178=CARTESIAN_POINT('Ctrl Pts',(20.2263662088277,3.36998859650847,-2.01975737427051));
#13179=CARTESIAN_POINT('Ctrl Pts',(20.2345774680647,3.30232054006849,-2.0280907381367));
#13180=CARTESIAN_POINT('Ctrl Pts',(20.2513855585966,3.22098680917432,-2.04313028951738));
#13181=CARTESIAN_POINT('Ctrl Pts',(20.2674507944623,3.15070809210085,-2.05815136651531));
#13182=CARTESIAN_POINT('Ctrl Pts',(20.2764353694186,3.11329188392716,-2.06672571951396));
#13183=CARTESIAN_POINT('',(20.0440858609538,3.3024262156688,-2.01738871061035));
#13184=CARTESIAN_POINT('Origin',(20.0440858609538,3.53016238884814,-3.5));
#13185=CARTESIAN_POINT('Ctrl Pts',(20.0440858609538,3.3024262156688,-2.01738871061035));
#13186=CARTESIAN_POINT('Ctrl Pts',(20.0508212858469,3.23484303556604,-2.02776980976833));
#13187=CARTESIAN_POINT('Ctrl Pts',(20.065826774042,3.15699119787007,-2.04372843222873));
#13188=CARTESIAN_POINT('Ctrl Pts',(20.0804572112524,3.08949620376143,-2.05919522420422));
#13189=CARTESIAN_POINT('Ctrl Pts',(20.088502921729,3.05440594537362,-2.06768627540495));
#13190=CARTESIAN_POINT('Ctrl Pts',(20.0551514760505,3.50000000000002,-1.99999999999998));
#13191=CARTESIAN_POINT('Ctrl Pts',(20.0583954885487,3.49111431886229,-1.99999999999998));
#13192=CARTESIAN_POINT('Ctrl Pts',(20.0642720377844,3.46399443809157,-2.00043412848724));
#13193=CARTESIAN_POINT('Ctrl Pts',(20.057713673115,3.39812811679844,-2.00428518222829));
#13194=CARTESIAN_POINT('Ctrl Pts',(20.0403766124831,3.3396447744713,-2.0116717622682));
#13195=CARTESIAN_POINT('Ctrl Pts',(20.0440858609538,3.30242621566856,-2.01738871061039));
#13196=CARTESIAN_POINT('Ctrl Pts',(20.1123369334742,3.52176555776464,-1.99999999999998));
#13197=CARTESIAN_POINT('Ctrl Pts',(20.1155888421423,3.51284871164293,-2.00000004361662));
#13198=CARTESIAN_POINT('Ctrl Pts',(20.1215891725717,3.48563251963329,-1.99960808886218));
#13199=CARTESIAN_POINT('Ctrl Pts',(20.1158459263336,3.4195805377016,-2.00226237487771));
#13200=CARTESIAN_POINT('Ctrl Pts',(20.099511723249,3.36107691542152,-2.00878087174369));
#13201=CARTESIAN_POINT('Ctrl Pts',(20.1034931459621,3.32382217674057,-2.01410218882892));
#13202=CARTESIAN_POINT('Ctrl Pts',(20.1695169220236,3.54354513091487,-2.00374788364433));
#13203=CARTESIAN_POINT('Ctrl Pts',(20.172752550072,3.53462292438658,-2.00374722788601));
#13204=CARTESIAN_POINT('Ctrl Pts',(20.1788276843313,3.50739069897445,-2.00236902371627));
#13205=CARTESIAN_POINT('Ctrl Pts',(20.173911115515,3.44134967256746,-2.00412220722481));
#13206=CARTESIAN_POINT('Ctrl Pts',(20.1586702685826,3.38299590122542,-2.00983131950553));
#13207=CARTESIAN_POINT('Ctrl Pts',(20.1629001779689,3.34582581880052,-2.01477240770885));
#13208=CARTESIAN_POINT('Ctrl Pts',(20.2262622218605,3.56518177969862,-2.01121565550152));
#13209=CARTESIAN_POINT('Ctrl Pts',(20.2294633067891,3.55627945479624,-2.01120970925503));
#13210=CARTESIAN_POINT('Ctrl Pts',(20.2355746506618,3.52911011790384,-2.00940659622018));
#13211=CARTESIAN_POINT('Ctrl Pts',(20.2314807183214,3.46327513352493,-2.00975777023477));
#13212=CARTESIAN_POINT('Ctrl Pts',(20.2173824764783,3.40523723060177,-2.01481652837224));
#13213=CARTESIAN_POINT('Ctrl Pts',(20.221833097087,3.36826162990989,-2.01939402125271));
#13214=CARTESIAN_POINT('Ctrl Pts',(20.0551514760505,3.50000000000002,-1.99999999999998));
#13215=CARTESIAN_POINT('Ctrl Pts',(20.0583954885487,3.49111431886229,-1.99999999999998));
#13216=CARTESIAN_POINT('Ctrl Pts',(20.0642720377844,3.46399443809157,-2.00043412848724));
#13217=CARTESIAN_POINT('Ctrl Pts',(20.057713673115,3.39812811679844,-2.00428518222829));
#13218=CARTESIAN_POINT('Ctrl Pts',(20.0403766124831,3.3396447744713,-2.0116717622682));
#13219=CARTESIAN_POINT('Ctrl Pts',(20.0440858609538,3.30242621566856,-2.01738871061039));
#13220=CARTESIAN_POINT('Origin',(10.4682944589647,-5.20417042793042E-17,
0.));
#13221=CARTESIAN_POINT('',(21.1084722664792,-4.87973015195274,0.));
#13222=CARTESIAN_POINT('',(21.2710767333898,4.50833065144606,0.));
#13223=CARTESIAN_POINT('Ctrl Pts',(20.0901366630072,-3.04730864124611,-2.06941025024033));
#13224=CARTESIAN_POINT('Ctrl Pts',(20.0815819114595,-3.08432832499905,-2.06038374538551));
#13225=CARTESIAN_POINT('Ctrl Pts',(20.0664146878897,-3.15394505149955,-2.04435418125351));
#13226=CARTESIAN_POINT('Ctrl Pts',(20.0508440062373,-3.23461505941663,-2.02780482799341));
#13227=CARTESIAN_POINT('Ctrl Pts',(20.0440858609538,-3.3024262156688,-2.01738871061035));
#13228=CARTESIAN_POINT('Ctrl Pts',(20.1524688504459,-3.06811465293451,-2.06433712301514));
#13229=CARTESIAN_POINT('Ctrl Pts',(20.1437605474558,-3.10533883221307,-2.05545481274165));
#13230=CARTESIAN_POINT('Ctrl Pts',(20.1282750181368,-3.17532176426606,-2.03975416177573));
#13231=CARTESIAN_POINT('Ctrl Pts',(20.1122713902917,-3.25638409795756,-2.0237113331502));
#13232=CARTESIAN_POINT('Ctrl Pts',(20.105015908113,-3.32437061048423,-2.01401794678725));
#13233=CARTESIAN_POINT('Ctrl Pts',(20.2148007244933,-3.08995107905644,-2.06349040677118));
#13234=CARTESIAN_POINT('Ctrl Pts',(20.2059388729334,-3.12733966054908,-2.05474957142911));
#13235=CARTESIAN_POINT('Ctrl Pts',(20.1901350417186,-3.19760406833696,-2.03936931252374));
#13236=CARTESIAN_POINT('Ctrl Pts',(20.1736984755477,-3.27894016200707,-2.02381627703211));
#13237=CARTESIAN_POINT('Ctrl Pts',(20.1659456681513,-3.34695427489371,-2.01480965410812));
#13238=CARTESIAN_POINT('Ctrl Pts',(20.2765921624949,-3.11262870103599,-2.06687743853514));
#13239=CARTESIAN_POINT('Ctrl Pts',(20.2675795965662,-3.15014069232782,-2.0582741119919));
#13240=CARTESIAN_POINT('Ctrl Pts',(20.251463582402,-3.2206006108613,-2.0432029262113));
#13241=CARTESIAN_POINT('Ctrl Pts',(20.234602904116,-3.30209141749376,-2.02811868895855));
#13242=CARTESIAN_POINT('Ctrl Pts',(20.2263639641655,-3.36998774076822,-2.01975719045758));
#13243=CARTESIAN_POINT('',(20.0440858609538,-3.30242621566878,-2.01738871061036));
#13244=CARTESIAN_POINT('Ctrl Pts',(20.0885029929881,-3.05440596940473,-2.06768630721016));
#13245=CARTESIAN_POINT('Ctrl Pts',(20.0804788999804,-3.08940324146986,-2.05921789824095));
#13246=CARTESIAN_POINT('Ctrl Pts',(20.0658487852871,-3.15687693132677,-2.04375270970008));
#13247=CARTESIAN_POINT('Ctrl Pts',(20.0508440062373,-3.23461505941663,-2.02780482799341));
#13248=CARTESIAN_POINT('Ctrl Pts',(20.0440858609538,-3.3024262156688,-2.01738871061035));
#13249=CARTESIAN_POINT('Origin',(20.0440858609538,-3.53016238884813,-3.5));
#13250=CARTESIAN_POINT('Ctrl Pts',(20.0440858609538,-3.30242621566854,-2.01738871061039));
#13251=CARTESIAN_POINT('Ctrl Pts',(20.0403766124831,-3.33964477447128,-2.0116717622682));
#13252=CARTESIAN_POINT('Ctrl Pts',(20.057713673115,-3.39812811679842,-2.00428518222829));
#13253=CARTESIAN_POINT('Ctrl Pts',(20.0642720377844,-3.46399443809157,-2.00043412848724));
#13254=CARTESIAN_POINT('Ctrl Pts',(20.0583954885487,-3.49111431886229,-1.99999999999998));
#13255=CARTESIAN_POINT('Ctrl Pts',(20.0551514760505,-3.50000000000002,-1.99999999999998));
#13256=CARTESIAN_POINT('Ctrl Pts',(20.1034931459621,-3.32382217674055,-2.01410218882892));
#13257=CARTESIAN_POINT('Ctrl Pts',(20.099511723249,-3.3610769154215,-2.00878087174369));
#13258=CARTESIAN_POINT('Ctrl Pts',(20.1158459263336,-3.41958053770158,-2.00226237487771));
#13259=CARTESIAN_POINT('Ctrl Pts',(20.1215891725717,-3.48563251963329,-1.99960808886219));
#13260=CARTESIAN_POINT('Ctrl Pts',(20.1155888421423,-3.51284871164293,-2.00000004361662));
#13261=CARTESIAN_POINT('Ctrl Pts',(20.1123369334742,-3.52176555776463,-1.99999999999998));
#13262=CARTESIAN_POINT('Ctrl Pts',(20.1629001779689,-3.34582581880049,-2.01477240770885));
#13263=CARTESIAN_POINT('Ctrl Pts',(20.1586702685826,-3.38299590122539,-2.00983131950554));
#13264=CARTESIAN_POINT('Ctrl Pts',(20.173911115515,-3.44134967256744,-2.00412220722481));
#13265=CARTESIAN_POINT('Ctrl Pts',(20.1788276843313,-3.50739069897444,-2.00236902371627));
#13266=CARTESIAN_POINT('Ctrl Pts',(20.172752550072,-3.53462292438657,-2.00374722788601));
#13267=CARTESIAN_POINT('Ctrl Pts',(20.1695169220236,-3.54354513091486,-2.00374788364433));
#13268=CARTESIAN_POINT('Ctrl Pts',(20.221833097087,-3.36826162990985,-2.01939402125271));
#13269=CARTESIAN_POINT('Ctrl Pts',(20.2173824764782,-3.40523723060174,-2.01481652837224));
#13270=CARTESIAN_POINT('Ctrl Pts',(20.2314807183213,-3.4632751335249,-2.00975777023476));
#13271=CARTESIAN_POINT('Ctrl Pts',(20.2355746506618,-3.52911011790382,-2.00940659622018));
#13272=CARTESIAN_POINT('Ctrl Pts',(20.2294633067891,-3.55627945479623,-2.01120970925502));
#13273=CARTESIAN_POINT('Ctrl Pts',(20.2262622218605,-3.5651817796986,-2.01121565550152));
#13274=CARTESIAN_POINT('Ctrl Pts',(20.0440858609538,-3.30242621566854,-2.01738871061039));
#13275=CARTESIAN_POINT('Ctrl Pts',(20.0403766124831,-3.33964477447128,-2.0116717622682));
#13276=CARTESIAN_POINT('Ctrl Pts',(20.057713673115,-3.39812811679842,-2.00428518222829));
#13277=CARTESIAN_POINT('Ctrl Pts',(20.0642720377844,-3.46399443809157,-2.00043412848724));
#13278=CARTESIAN_POINT('Ctrl Pts',(20.0583954885487,-3.49111431886229,-1.99999999999998));
#13279=CARTESIAN_POINT('Ctrl Pts',(20.0551514760505,-3.50000000000002,-1.99999999999998));
#13280=CARTESIAN_POINT('Ctrl Pts',(14.45,-3.50000000000002,-1.99999999999996));
#13281=CARTESIAN_POINT('Ctrl Pts',(21.7685491094837,-3.50000000000002,-1.99999999999996));
#13282=CARTESIAN_POINT('Ctrl Pts',(14.45,-3.43244258560416,-1.99999999999996));
#13283=CARTESIAN_POINT('Ctrl Pts',(21.7685491094837,-3.43244258560416,-1.99999999999996));
#13284=CARTESIAN_POINT('Ctrl Pts',(14.45,-3.35374450916111,-2.0069358415486));
#13285=CARTESIAN_POINT('Ctrl Pts',(21.7685491094837,-3.35374450916111,-2.0069358415486));
#13286=CARTESIAN_POINT('Ctrl Pts',(14.45,-3.26391557532311,-2.02080205544208));
#13287=CARTESIAN_POINT('Ctrl Pts',(21.7685491094837,-3.26391557532311,-2.02080205544208));
#13288=CARTESIAN_POINT('Ctrl Pts',(14.45,-3.16374822939163,-2.04122218647147));
#13289=CARTESIAN_POINT('Ctrl Pts',(21.7685491094837,-3.16374822939163,-2.04122218647147));
#13290=CARTESIAN_POINT('Ctrl Pts',(14.45,-3.0544058284429,-2.06768612138378));
#13291=CARTESIAN_POINT('Ctrl Pts',(21.7685491094837,-3.0544058284429,-2.06768612138378));
#13292=CARTESIAN_POINT('',(14.45,-3.49999999999998,-1.99999999999996));
#13293=CARTESIAN_POINT('Ctrl Pts',(14.45,-3.0544058284429,-2.06768612138378));
#13294=CARTESIAN_POINT('Ctrl Pts',(14.45,-3.10309224273745,-2.05590264043014));
#13295=CARTESIAN_POINT('Ctrl Pts',(14.45,-3.14959226214534,-2.04555841391167));
#13296=CARTESIAN_POINT('Ctrl Pts',(14.45,-3.19370463089591,-2.03674293370839));
#13297=CARTESIAN_POINT('Ctrl Pts',(14.45,-3.23598726027027,-2.02829311129464));
#13298=CARTESIAN_POINT('Ctrl Pts',(14.45,-3.27607586526726,-2.02124809070402));
#13299=CARTESIAN_POINT('Ctrl Pts',(14.45,-3.31383534408031,-2.01566943770794));
#13300=CARTESIAN_POINT('Ctrl Pts',(14.45,-3.34959805296606,-2.0103857910755));
#13301=CARTESIAN_POINT('Ctrl Pts',(14.45,-3.3832713434683,-2.00641764420432));
#13302=CARTESIAN_POINT('Ctrl Pts',(14.45,-3.41478202500227,-2.0037990301391));
#13303=CARTESIAN_POINT('Ctrl Pts',(14.45,-3.44521311949886,-2.00127013237525));
#13304=CARTESIAN_POINT('Ctrl Pts',(14.45,-3.4736270929773,-1.99999999999996));
#13305=CARTESIAN_POINT('Ctrl Pts',(14.45,-3.50000000000002,-1.99999999999996));
#13306=CARTESIAN_POINT('',(18.75,-3.50000000000002,-1.99999999999996));
#13307=CARTESIAN_POINT('Origin',(25.1000000000018,-0.573159574129016,-2.));
#13308=CARTESIAN_POINT('',(14.45,-2.625,-1.99999999999996));
#13309=CARTESIAN_POINT('Origin',(25.1000000000018,-0.573159574129016,-2.));
#13310=CARTESIAN_POINT('',(14.45,3.49999999999998,-1.99999999999996));
#13311=CARTESIAN_POINT('',(14.45,0.874999999999999,-1.99999999999996));
#13312=CARTESIAN_POINT('',(18.75,3.50000000000002,-1.99999999999996));
#13313=CARTESIAN_POINT('Ctrl Pts',(14.45,3.0544058284429,-2.06768612138378));
#13314=CARTESIAN_POINT('Ctrl Pts',(21.7685491094837,3.0544058284429,-2.06768612138378));
#13315=CARTESIAN_POINT('Ctrl Pts',(14.45,3.16374822939163,-2.04122218647147));
#13316=CARTESIAN_POINT('Ctrl Pts',(21.7685491094837,3.16374822939163,-2.04122218647147));
#13317=CARTESIAN_POINT('Ctrl Pts',(14.45,3.26391557532311,-2.02080205544208));
#13318=CARTESIAN_POINT('Ctrl Pts',(21.7685491094837,3.26391557532311,-2.02080205544208));
#13319=CARTESIAN_POINT('Ctrl Pts',(14.45,3.35374450916111,-2.0069358415486));
#13320=CARTESIAN_POINT('Ctrl Pts',(21.7685491094837,3.35374450916111,-2.0069358415486));
#13321=CARTESIAN_POINT('Ctrl Pts',(14.45,3.43244258560416,-1.99999999999996));
#13322=CARTESIAN_POINT('Ctrl Pts',(21.7685491094837,3.43244258560416,-1.99999999999996));
#13323=CARTESIAN_POINT('Ctrl Pts',(14.45,3.50000000000002,-1.99999999999996));
#13324=CARTESIAN_POINT('Ctrl Pts',(21.7685491094837,3.50000000000002,-1.99999999999996));
#13325=CARTESIAN_POINT('Ctrl Pts',(14.45,3.50000000000001,-1.99999999999996));
#13326=CARTESIAN_POINT('Ctrl Pts',(14.45,3.47185107733508,-1.99999999999996));
#13327=CARTESIAN_POINT('Ctrl Pts',(14.45,3.44137635614623,-2.00144722775234));
#13328=CARTESIAN_POINT('Ctrl Pts',(14.45,3.40860673407381,-2.00432703234994));
#13329=CARTESIAN_POINT('Ctrl Pts',(14.45,3.37573613314426,-2.00721571100097));
#13330=CARTESIAN_POINT('Ctrl Pts',(14.45,3.34055698060099,-2.01154550923863));
#13331=CARTESIAN_POINT('Ctrl Pts',(14.45,3.30315413029275,-2.01727703302101));
#13332=CARTESIAN_POINT('Ctrl Pts',(14.45,3.26330329703252,-2.02338367988606));
#13333=CARTESIAN_POINT('Ctrl Pts',(14.45,3.22092826225873,-2.03108140153895));
#13334=CARTESIAN_POINT('Ctrl Pts',(14.45,3.17618840357274,-2.0402977580894));
#13335=CARTESIAN_POINT('Ctrl Pts',(14.45,3.13733215881199,-2.0483020973172));
#13336=CARTESIAN_POINT('Ctrl Pts',(14.45,3.09669337616842,-2.05745134602766));
#13337=CARTESIAN_POINT('Ctrl Pts',(14.45,3.0544058284429,-2.06768612138378));
#13338=CARTESIAN_POINT('Origin',(25.1000000000018,-0.573159574129016,2.));
#13339=CARTESIAN_POINT('',(14.45,-0.87500000000001,1.99999999999996));
#13340=CARTESIAN_POINT('Origin',(25.1000000000018,-0.573159574129016,2.));
#13341=CARTESIAN_POINT('',(14.45,2.62499999999999,1.99999999999996));
#13342=CARTESIAN_POINT('Origin',(10.4682944589647,-5.20417042793042E-17,
0.));
#13343=CARTESIAN_POINT('',(21.2710767333898,4.50833065144606,0.));
#13344=CARTESIAN_POINT('',(21.1084722664792,-4.87973015195274,0.));
#13345=CARTESIAN_POINT('Origin',(14.45,1.85669978630103,0.));
#13346=CARTESIAN_POINT('Origin',(21.7325063693007,4.7008993173894,0.));
#13347=CARTESIAN_POINT('Origin',(21.7325063693007,4.7008993173894,0.));
#13348=CARTESIAN_POINT('Origin',(21.562956421304,-5.08816276219699,0.));
#13349=CARTESIAN_POINT('Origin',(17.39,-1.325,-4.35));
#13350=CARTESIAN_POINT('',(16.29,-1.325,3.85));
#13351=CARTESIAN_POINT('',(16.29,-1.325,-4.35));
#13352=CARTESIAN_POINT('Origin',(17.39,-1.325,3.85));
#13353=CARTESIAN_POINT('Origin',(17.39,1.325,-4.35));
#13354=CARTESIAN_POINT('',(16.29,1.325,3.85));
#13355=CARTESIAN_POINT('',(16.29,1.325,-4.35));
#13356=CARTESIAN_POINT('Origin',(17.39,1.325,3.85));
#13357=CARTESIAN_POINT('Origin',(21.562956421304,-5.08816276219699,0.));
#13358=CARTESIAN_POINT('Origin',(8.26226194653301,9.,1.52100554373646E-13));
#13359=CARTESIAN_POINT('Origin',(0.,0.,0.));
#13360=CARTESIAN_POINT('Origin',(8.71322725555603,1.,-4.69996497785201));
#13361=CARTESIAN_POINT('Origin',(3.44826343939871,1.,13.0274325251054));
#13362=CARTESIAN_POINT('Origin',(-1.36645239494044,-9.,2.67073170731054));
#13363=CARTESIAN_POINT('',(-1.86748493974055,0.,3.65000000000028));
#13364=CARTESIAN_POINT('Origin',(-4.21862697971305E-11,0.,3.04501038332474E-13));
#13365=CARTESIAN_POINT('',(-0.402650821539433,7.5,4.08018042688679));
#13366=CARTESIAN_POINT('Origin',(-4.21862697971305E-11,8.00000000000001,
3.04501038332474E-13));
#13367=CARTESIAN_POINT('',(-0.402650821539009,7.5,-4.08018042688623));
#13368=CARTESIAN_POINT('Origin',(-4.21862697971305E-11,7.5,3.04501038332474E-13));
#13369=CARTESIAN_POINT('Origin',(-4.21862697971305E-11,7.99999999999996,
3.04501038332474E-13));
#13370=CARTESIAN_POINT('',(-1.86748493974045,0.,-3.64999999999972));
#13371=CARTESIAN_POINT('Origin',(-1.86748493974072,-9.,-3.64999999999958));
#13372=CARTESIAN_POINT('Origin',(17.39,-1.325,-4.35));
#13373=CARTESIAN_POINT('',(16.29,-1.325,-4.35));
#13374=CARTESIAN_POINT('',(16.7909106369235,-0.402453559408231,-4.35));
#13375=CARTESIAN_POINT('Origin',(17.39,-1.325,-4.35));
#13376=CARTESIAN_POINT('',(16.7909106369235,-0.402453559408231,-6.35));
#13377=CARTESIAN_POINT('',(16.7909106369235,-0.402453559408231,-4.35));
#13378=CARTESIAN_POINT('',(18.2966169099009,-1.94793320563418,-6.35));
#13379=CARTESIAN_POINT('Origin',(17.39,-1.325,-6.35));
#13380=CARTESIAN_POINT('',(18.2966169099009,-1.94793320563418,-4.35));
#13381=CARTESIAN_POINT('Origin',(17.39,0.,3.85));
#13382=CARTESIAN_POINT('Origin',(17.39,1.325,-4.35));
#13383=CARTESIAN_POINT('',(16.7909106369235,0.402453559408231,-4.35));
#13384=CARTESIAN_POINT('Origin',(17.39,1.325,-4.35));
#13385=CARTESIAN_POINT('',(16.29,1.325,-4.35));
#13386=CARTESIAN_POINT('',(18.2966169099009,1.94793320563418,-6.35));
#13387=CARTESIAN_POINT('',(18.2966169099009,1.94793320563418,-4.35));
#13388=CARTESIAN_POINT('',(16.7909106369235,0.402453559408231,-6.35));
#13389=CARTESIAN_POINT('Origin',(17.39,1.325,-6.35));
#13390=CARTESIAN_POINT('',(16.7909106369235,0.402453559408231,-4.35));
#13391=CARTESIAN_POINT('Origin',(17.39,0.,3.85));
#13392=CARTESIAN_POINT('Origin',(18.75,0.,-4.35));
#13393=CARTESIAN_POINT('Origin',(18.75,0.,-4.35));
#13394=CARTESIAN_POINT('Origin',(18.75,0.,-6.35));
#13395=CARTESIAN_POINT('Origin',(18.75,0.,-6.35));
#13396=CARTESIAN_POINT('Origin',(18.75,0.,-6.35));
#13397=CARTESIAN_POINT('Origin',(18.3075,0.,-4.35));
#13398=CARTESIAN_POINT('Origin',(18.75,0.,4.35));
#13399=CARTESIAN_POINT('',(20.55,-0.871779788708138,6.35));
#13400=CARTESIAN_POINT('',(20.55,-0.871779788708138,4.35));
#13401=CARTESIAN_POINT('',(16.95,-0.871779788708124,6.35));
#13402=CARTESIAN_POINT('Origin',(18.75,0.,6.35));
#13403=CARTESIAN_POINT('',(16.95,-0.871779788708124,4.35));
#13404=CARTESIAN_POINT('Origin',(16.95,0.871779788708141,4.35));
#13405=CARTESIAN_POINT('',(16.95,0.871779788708141,6.35));
#13406=CARTESIAN_POINT('',(16.95,0.435889894354073,6.35));
#13407=CARTESIAN_POINT('',(16.95,0.87177978870814,4.35));
#13408=CARTESIAN_POINT('Origin',(18.75,0.,4.35));
#13409=CARTESIAN_POINT('',(20.55,0.871779788708117,6.35));
#13410=CARTESIAN_POINT('Origin',(18.75,0.,6.35));
#13411=CARTESIAN_POINT('',(20.55,0.871779788708117,4.35));
#13412=CARTESIAN_POINT('Origin',(20.55,-0.871779788708138,4.35));
#13413=CARTESIAN_POINT('',(20.55,-0.435889894354073,6.35));
#13414=CARTESIAN_POINT('Origin',(18.75,0.,6.35));
#13415=CARTESIAN_POINT('Origin',(18.75,0.,-4.35));
#13416=CARTESIAN_POINT('Origin',(-0.150266915566806,7.75,1.94029636579005));
#13417=CARTESIAN_POINT('',(0.151983366573246,7.5,2.99614770267246));
#13418=CARTESIAN_POINT('Origin',(-4.21862697971305E-11,8.00000000000001,
3.04501038332474E-13));
#13419=CARTESIAN_POINT('',(0.517416011262402,7.5,2.28190946451547));
#13420=CARTESIAN_POINT('Origin',(-4.21862697971305E-11,9.,3.04501038332474E-13));
#13421=CARTESIAN_POINT('',(0.151983366573498,7.5,-2.99614770267184));
#13422=CARTESIAN_POINT('Origin',(-4.21862697971305E-11,7.99999999999996,
3.04501038332474E-13));
#13423=CARTESIAN_POINT('Origin',(-4.21862697971305E-11,7.5,3.04501038332474E-13));
#13424=CARTESIAN_POINT('Origin',(0.100249356833563,7.75,-1.45066221944468));
#13425=CARTESIAN_POINT('',(0.767932283662821,7.5,-1.79227531817001));
#13426=CARTESIAN_POINT('Origin',(1.11625753010835,7.5,3.05033776015762E-13));
#13427=UNCERTAINTY_MEASURE_WITH_UNIT(LENGTH_MEASURE(0.01),#13431,
'DISTANCE_ACCURACY_VALUE',
'Maximum model space distance between geometric entities at asserted c
onnectivities');
#13428=UNCERTAINTY_MEASURE_WITH_UNIT(LENGTH_MEASURE(0.01),#13431,
'DISTANCE_ACCURACY_VALUE',
'Maximum model space distance between geometric entities at asserted c
onnectivities');
#13429=(
GEOMETRIC_REPRESENTATION_CONTEXT(3)
GLOBAL_UNCERTAINTY_ASSIGNED_CONTEXT((#13427))
GLOBAL_UNIT_ASSIGNED_CONTEXT((#13431,#13433,#13434))
REPRESENTATION_CONTEXT('','3D')
);
#13430=(
GEOMETRIC_REPRESENTATION_CONTEXT(3)
GLOBAL_UNCERTAINTY_ASSIGNED_CONTEXT((#13428))
GLOBAL_UNIT_ASSIGNED_CONTEXT((#13431,#13433,#13434))
REPRESENTATION_CONTEXT('','3D')
);
#13431=(
LENGTH_UNIT()
NAMED_UNIT(*)
SI_UNIT(.MILLI.,.METRE.)
);
#13432=(
LENGTH_UNIT()
NAMED_UNIT(*)
SI_UNIT($,.METRE.)
);
#13433=(
NAMED_UNIT(*)
PLANE_ANGLE_UNIT()
SI_UNIT($,.RADIAN.)
);
#13434=(
NAMED_UNIT(*)
SI_UNIT($,.STERADIAN.)
SOLID_ANGLE_UNIT()
);
#13435=SHAPE_DEFINITION_REPRESENTATION(#13436,#13437);
#13436=PRODUCT_DEFINITION_SHAPE('',$,#13439);
#13437=SHAPE_REPRESENTATION('',(#5265),#13429);
#13438=PRODUCT_DEFINITION_CONTEXT('part definition',#13443,'design');
#13439=PRODUCT_DEFINITION('2026-08-25-10-26-04-733','AP',#13440,#13438);
#13440=PRODUCT_DEFINITION_FORMATION('',$,#13445);
#13441=PRODUCT_RELATED_PRODUCT_CATEGORY('AP','AP',(#13445));
#13442=APPLICATION_PROTOCOL_DEFINITION('international standard',
'automotive_design',2009,#13443);
#13443=APPLICATION_CONTEXT(
'Core Data for Automotive Mechanical Design Process');
#13444=PRODUCT_CONTEXT('part definition',#13443,'mechanical');
#13445=PRODUCT('2026-08-25-10-26-04-733','AP',$,(#13444));
#13446=PRESENTATION_STYLE_ASSIGNMENT((#13448));
#13447=PRESENTATION_STYLE_ASSIGNMENT((#13449));
#13448=SURFACE_STYLE_USAGE(.BOTH.,#13450);
#13449=SURFACE_STYLE_USAGE(.BOTH.,#13451);
#13450=SURFACE_SIDE_STYLE('',(#13452));
#13451=SURFACE_SIDE_STYLE('',(#13453));
#13452=SURFACE_STYLE_FILL_AREA(#13454);
#13453=SURFACE_STYLE_FILL_AREA(#13455);
#13454=FILL_AREA_STYLE('Steel - Satin',(#13456));
#13455=FILL_AREA_STYLE('Nylon 12 (with Formlabs Fuse 1 3D Printer)',(#13457));
#13456=FILL_AREA_STYLE_COLOUR('Steel - Satin',#13458);
#13457=FILL_AREA_STYLE_COLOUR(
'Nylon 12 (with Formlabs Fuse 1 3D Printer)',#13459);
#13458=COLOUR_RGB('Steel - Satin',0.627450980392157,0.627450980392157,0.627450980392157);
#13459=COLOUR_RGB('Nylon 12 (with Formlabs Fuse 1 3D Printer)',0.247058823529412,
0.247058823529412,0.247058823529412);
ENDSEC;
END-ISO-10303-21;
