ISO-10303-21;
HEADER;
/* Generated by software containing ST-Developer
 * from STEP Tools, Inc. (www.steptools.com) 
 */

FILE_DESCRIPTION(
/* description */ (''),
/* implementation_level */ '2;1');

FILE_NAME(
/* name */ 'Pinky_PP.step',
/* time_stamp */ '2026-08-25T10:25:13+02:00',
/* author */ (''),
/* organization */ (''),
/* preprocessor_version */ 'ST-DEVELOPER v20.1',
/* originating_system */ 'Autodesk Translation Framework v15.8.0.0',
/* authorisation */ '');

FILE_SCHEMA (('AUTOMOTIVE_DESIGN { 1 0 10303 214 3 1 1 }'));
ENDSEC;

DATA;
#10=MECHANICAL_DESIGN_GEOMETRIC_PRESENTATION_REPRESENTATION('',(#13),#2238);
#11=SHAPE_REPRESENTATION_RELATIONSHIP('SRR','None',#2245,#12);
#12=ADVANCED_BREP_SHAPE_REPRESENTATION('',(#14),#2237);
#13=STYLED_ITEM('',(#2255),#14);
#14=MANIFOLD_SOLID_BREP('PP',#1208);
#15=TOROIDAL_SURFACE('',#1288,6.,1.5);
#16=(
BOUNDED_CURVE()
B_SPLINE_CURVE(5,(#1929,#1930,#1931,#1932,#1933,#1934),.UNSPECIFIED.,.F.,
 .F.)
B_SPLINE_CURVE_WITH_KNOTS((6,6),(0.907270167897254,0.980279027072444),
 .UNSPECIFIED.)
CURVE()
GEOMETRIC_REPRESENTATION_ITEM()
RATIONAL_B_SPLINE_CURVE((1.,1.,1.,1.,1.,1.))
REPRESENTATION_ITEM('')
);
#17=(
BOUNDED_CURVE()
B_SPLINE_CURVE(5,(#2023,#2024,#2025,#2026,#2027,#2028),.UNSPECIFIED.,.F.,
 .F.)
B_SPLINE_CURVE_WITH_KNOTS((6,6),(-0.966752070098528,-0.840027428879358),
 .UNSPECIFIED.)
CURVE()
GEOMETRIC_REPRESENTATION_ITEM()
RATIONAL_B_SPLINE_CURVE((1.,1.,1.,1.,1.,1.))
REPRESENTATION_ITEM('')
);
#18=(
BOUNDED_SURFACE()
B_SPLINE_SURFACE(5,1,((#1897,#1898),(#1899,#1900),(#1901,#1902),(#1903,
#1904),(#1905,#1906),(#1907,#1908),(#1909,#1910),(#1911,#1912),(#1913,#1914),
(#1915,#1916)),.UNSPECIFIED.,.F.,.F.,.F.)
B_SPLINE_SURFACE_WITH_KNOTS((6,1,1,1,1,6),(2,2),(0.,0.2,0.4,0.6,0.8,1.),
(-0.1,0.72),.UNSPECIFIED.)
GEOMETRIC_REPRESENTATION_ITEM()
RATIONAL_B_SPLINE_SURFACE(((1.,1.),(1.,1.),(1.,1.),(1.,1.),(1.,1.),(1.,
1.),(1.,1.),(1.,1.),(1.,1.),(1.,1.)))
REPRESENTATION_ITEM('')
SURFACE()
);
#19=(
BOUNDED_SURFACE()
B_SPLINE_SURFACE(5,1,((#1997,#1998),(#1999,#2000),(#2001,#2002),(#2003,
#2004),(#2005,#2006),(#2007,#2008),(#2009,#2010),(#2011,#2012),(#2013,#2014),
(#2015,#2016)),.UNSPECIFIED.,.F.,.F.,.F.)
B_SPLINE_SURFACE_WITH_KNOTS((6,1,1,1,1,6),(2,2),(-1.,-0.8,-0.6,-0.4,-0.2,
0.),(-0.1,0.72),.UNSPECIFIED.)
GEOMETRIC_REPRESENTATION_ITEM()
RATIONAL_B_SPLINE_SURFACE(((1.,1.),(1.,1.),(1.,1.),(1.,1.),(1.,1.),(1.,
1.),(1.,1.),(1.,1.),(1.,1.),(1.,1.)))
REPRESENTATION_ITEM('')
SURFACE()
);
#20=CIRCLE('',#1235,2.73700000027804);
#21=CIRCLE('',#1236,2.73700000027804);
#22=CIRCLE('',#1241,2.66299999973115);
#23=CIRCLE('',#1242,2.66299999973115);
#24=CIRCLE('',#1245,7.5);
#25=CIRCLE('',#1246,7.5);
#26=CIRCLE('',#1247,7.5);
#27=CIRCLE('',#1250,9.);
#28=CIRCLE('',#1263,7.5);
#29=CIRCLE('',#1264,7.5);
#30=CIRCLE('',#1265,7.5);
#31=CIRCLE('',#1267,6.);
#32=CIRCLE('',#1268,6.);
#33=CIRCLE('',#1269,9.);
#34=CIRCLE('',#1272,9.);
#35=CIRCLE('',#1273,6.);
#36=CIRCLE('',#1275,9.);
#37=CIRCLE('',#1283,6.);
#38=CIRCLE('',#1284,6.);
#39=CIRCLE('',#1287,7.46969384567026);
#40=CIRCLE('',#1289,7.46969384566991);
#41=CIRCLE('',#1291,7.46969384566991);
#42=CYLINDRICAL_SURFACE('',#1234,2.73700000027804);
#43=CYLINDRICAL_SURFACE('',#1240,2.66299999973115);
#44=CYLINDRICAL_SURFACE('',#1244,7.5);
#45=CYLINDRICAL_SURFACE('',#1262,7.5);
#46=CYLINDRICAL_SURFACE('',#1278,6.);
#47=CYLINDRICAL_SURFACE('',#1279,9.);
#48=CYLINDRICAL_SURFACE('',#1282,6.);
#49=CYLINDRICAL_SURFACE('',#1292,7.46969384567026);
#50=B_SPLINE_SURFACE_WITH_KNOTS('',3,1,((#1651,#1652),(#1653,#1654),(#1655,
#1656),(#1657,#1658),(#1659,#1660)),.UNSPECIFIED.,.F.,.F.,.F.,(4,1,4),(2,
2),(0.,0.0550373596628996,0.0953753116531249),(-0.02,0.),.UNSPECIFIED.);
#51=B_SPLINE_SURFACE_WITH_KNOTS('',3,1,((#1668,#1669),(#1670,#1671),(#1672,
#1673),(#1674,#1675),(#1676,#1677)),.UNSPECIFIED.,.F.,.F.,.F.,(4,1,4),(2,
2),(0.,0.0350572481720077,0.0740180090640873),(-0.02,0.),.UNSPECIFIED.);
#52=B_SPLINE_SURFACE_WITH_KNOTS('',3,1,((#1685,#1686),(#1687,#1688),(#1689,
#1690),(#1691,#1692),(#1693,#1694)),.UNSPECIFIED.,.F.,.F.,.F.,(4,1,4),(2,
2),(0.,0.029327051961167,0.0565953251967303),(-0.02,0.),.UNSPECIFIED.);
#53=B_SPLINE_SURFACE_WITH_KNOTS('',3,1,((#1702,#1703),(#1704,#1705),(#1706,
#1707),(#1708,#1709),(#1710,#1711)),.UNSPECIFIED.,.F.,.F.,.F.,(4,1,4),(2,
2),(0.,0.0260534893075411,0.0518438390650521),(-0.02,0.),.UNSPECIFIED.);
#54=B_SPLINE_SURFACE_WITH_KNOTS('',3,1,((#1719,#1720),(#1721,#1722),(#1723,
#1724),(#1725,#1726),(#1727,#1728)),.UNSPECIFIED.,.F.,.F.,.F.,(4,1,4),(2,
2),(0.,0.0239714534205147,0.0618534997244476),(-0.02,0.),.UNSPECIFIED.);
#55=B_SPLINE_SURFACE_WITH_KNOTS('',3,1,((#1754,#1755),(#1756,#1757),(#1758,
#1759),(#1760,#1761),(#1762,#1763)),.UNSPECIFIED.,.F.,.F.,.F.,(4,1,4),(2,
2),(0.,0.0438385225139514,0.0761166206949566),(-0.02,0.),.UNSPECIFIED.);
#56=B_SPLINE_SURFACE_WITH_KNOTS('',3,1,((#1771,#1772),(#1773,#1774),(#1775,
#1776),(#1777,#1778),(#1779,#1780)),.UNSPECIFIED.,.F.,.F.,.F.,(4,1,4),(2,
2),(0.,0.0349322043607235,0.0662732132933286),(-0.02,0.),.UNSPECIFIED.);
#57=B_SPLINE_SURFACE_WITH_KNOTS('',3,1,((#1788,#1789),(#1790,#1791),(#1792,
#1793),(#1794,#1795),(#1796,#1797)),.UNSPECIFIED.,.F.,.F.,.F.,(4,1,4),(2,
2),(0.,0.0304717539082831,0.0631291444711358),(-0.02,0.),.UNSPECIFIED.);
#58=B_SPLINE_SURFACE_WITH_KNOTS('',3,1,((#1805,#1806),(#1807,#1808),(#1809,
#1810),(#1811,#1812),(#1813,#1814)),.UNSPECIFIED.,.F.,.F.,.F.,(4,1,4),(2,
2),(0.,0.0344329409892915,0.0702023469670621),(-0.02,0.),.UNSPECIFIED.);
#59=B_SPLINE_SURFACE_WITH_KNOTS('',3,1,((#1822,#1823),(#1824,#1825),(#1826,
#1827),(#1828,#1829),(#1830,#1831)),.UNSPECIFIED.,.F.,.F.,.F.,(4,1,4),(2,
2),(0.,0.0596221256880008,0.1172494738223),(-0.02,0.),.UNSPECIFIED.);
#60=B_SPLINE_SURFACE_WITH_KNOTS('',3,1,((#1839,#1840),(#1841,#1842),(#1843,
#1844),(#1845,#1846),(#1847,#1848)),.UNSPECIFIED.,.F.,.F.,.F.,(4,1,4),(2,
2),(0.,0.0657555001620423,0.155947873212369),(-0.02,0.),.UNSPECIFIED.);
#61=B_SPLINE_SURFACE_WITH_KNOTS('',3,1,((#2135,#2136),(#2137,#2138),(#2139,
#2140),(#2141,#2142),(#2143,#2144),(#2145,#2146)),.UNSPECIFIED.,.F.,.F.,
 .F.,(4,2,4),(2,2),(0.441110586951824,0.529921838951018,1.052346393096),
(0.,1.),.UNSPECIFIED.);
#62=FACE_BOUND('',#167,.T.);
#63=B_SPLINE_CURVE_WITH_KNOTS('',3,(#1569,#1570,#1571,#1572,#1573),
 .UNSPECIFIED.,.F.,.F.,(4,1,4),(0.,0.0438385225139514,0.0761166206949566),
 .UNSPECIFIED.);
#64=B_SPLINE_CURVE_WITH_KNOTS('',3,(#1575,#1576,#1577,#1578,#1579),
 .UNSPECIFIED.,.F.,.F.,(4,1,4),(0.,0.0349322043607235,0.0662732132933286),
 .UNSPECIFIED.);
#65=B_SPLINE_CURVE_WITH_KNOTS('',3,(#1581,#1582,#1583,#1584,#1585),
 .UNSPECIFIED.,.F.,.F.,(4,1,4),(0.,0.0304717539082831,0.0631291444711358),
 .UNSPECIFIED.);
#66=B_SPLINE_CURVE_WITH_KNOTS('',3,(#1587,#1588,#1589,#1590,#1591),
 .UNSPECIFIED.,.F.,.F.,(4,1,4),(0.,0.0344329409892915,0.0702023469670621),
 .UNSPECIFIED.);
#67=B_SPLINE_CURVE_WITH_KNOTS('',3,(#1593,#1594,#1595,#1596,#1597),
 .UNSPECIFIED.,.F.,.F.,(4,1,4),(0.,0.0596221256880008,0.1172494738223),
 .UNSPECIFIED.);
#68=B_SPLINE_CURVE_WITH_KNOTS('',3,(#1599,#1600,#1601,#1602,#1603),
 .UNSPECIFIED.,.F.,.F.,(4,1,4),(0.,0.0657555001620423,0.155947873212369),
 .UNSPECIFIED.);
#69=B_SPLINE_CURVE_WITH_KNOTS('',3,(#1611,#1612,#1613,#1614,#1615),
 .UNSPECIFIED.,.F.,.F.,(4,1,4),(0.,0.0550373596628996,0.0953753116531249),
 .UNSPECIFIED.);
#70=B_SPLINE_CURVE_WITH_KNOTS('',3,(#1617,#1618,#1619,#1620,#1621),
 .UNSPECIFIED.,.F.,.F.,(4,1,4),(0.,0.0350572481720077,0.0740180090640873),
 .UNSPECIFIED.);
#71=B_SPLINE_CURVE_WITH_KNOTS('',3,(#1623,#1624,#1625,#1626,#1627),
 .UNSPECIFIED.,.F.,.F.,(4,1,4),(0.,0.029327051961167,0.0565953251967303),
 .UNSPECIFIED.);
#72=B_SPLINE_CURVE_WITH_KNOTS('',3,(#1629,#1630,#1631,#1632,#1633),
 .UNSPECIFIED.,.F.,.F.,(4,1,4),(0.,0.0260534893075411,0.0518438390650521),
 .UNSPECIFIED.);
#73=B_SPLINE_CURVE_WITH_KNOTS('',3,(#1635,#1636,#1637,#1638,#1639),
 .UNSPECIFIED.,.F.,.F.,(4,1,4),(0.,0.0239714534205147,0.0618534997244476),
 .UNSPECIFIED.);
#74=B_SPLINE_CURVE_WITH_KNOTS('',3,(#1662,#1663,#1664,#1665,#1666),
 .UNSPECIFIED.,.F.,.F.,(4,1,4),(-0.0953753116531249,-0.0550373596628996,
0.),.UNSPECIFIED.);
#75=B_SPLINE_CURVE_WITH_KNOTS('',3,(#1679,#1680,#1681,#1682,#1683),
 .UNSPECIFIED.,.F.,.F.,(4,1,4),(-0.0740180090640873,-0.0350572481720077,
0.),.UNSPECIFIED.);
#76=B_SPLINE_CURVE_WITH_KNOTS('',3,(#1696,#1697,#1698,#1699,#1700),
 .UNSPECIFIED.,.F.,.F.,(4,1,4),(-0.0565953251967303,-0.029327051961167,
0.),.UNSPECIFIED.);
#77=B_SPLINE_CURVE_WITH_KNOTS('',3,(#1713,#1714,#1715,#1716,#1717),
 .UNSPECIFIED.,.F.,.F.,(4,1,4),(-0.0518438390650521,-0.0260534893075411,
0.),.UNSPECIFIED.);
#78=B_SPLINE_CURVE_WITH_KNOTS('',3,(#1730,#1731,#1732,#1733,#1734),
 .UNSPECIFIED.,.F.,.F.,(4,1,4),(-0.0618534997244476,-0.0239714534205147,
0.),.UNSPECIFIED.);
#79=B_SPLINE_CURVE_WITH_KNOTS('',3,(#1765,#1766,#1767,#1768,#1769),
 .UNSPECIFIED.,.F.,.F.,(4,1,4),(-0.0761166206949566,-0.0438385225139514,
0.),.UNSPECIFIED.);
#80=B_SPLINE_CURVE_WITH_KNOTS('',3,(#1782,#1783,#1784,#1785,#1786),
 .UNSPECIFIED.,.F.,.F.,(4,1,4),(-0.0662732132933286,-0.0349322043607235,
0.),.UNSPECIFIED.);
#81=B_SPLINE_CURVE_WITH_KNOTS('',3,(#1799,#1800,#1801,#1802,#1803),
 .UNSPECIFIED.,.F.,.F.,(4,1,4),(-0.0631291444711358,-0.0304717539082831,
0.),.UNSPECIFIED.);
#82=B_SPLINE_CURVE_WITH_KNOTS('',3,(#1816,#1817,#1818,#1819,#1820),
 .UNSPECIFIED.,.F.,.F.,(4,1,4),(-0.0702023469670621,-0.0344329409892915,
0.),.UNSPECIFIED.);
#83=B_SPLINE_CURVE_WITH_KNOTS('',3,(#1833,#1834,#1835,#1836,#1837),
 .UNSPECIFIED.,.F.,.F.,(4,1,4),(-0.1172494738223,-0.0596221256880008,0.),
 .UNSPECIFIED.);
#84=B_SPLINE_CURVE_WITH_KNOTS('',3,(#1850,#1851,#1852,#1853,#1854),
 .UNSPECIFIED.,.F.,.F.,(4,1,4),(-0.155947873212369,-0.0657555001620423,
0.),.UNSPECIFIED.);
#85=B_SPLINE_CURVE_WITH_KNOTS('',3,(#1881,#1882,#1883,#1884),
 .UNSPECIFIED.,.F.,.F.,(4,4),(-0.01,0.),.UNSPECIFIED.);
#86=B_SPLINE_CURVE_WITH_KNOTS('',3,(#1919,#1920,#1921,#1922),
 .UNSPECIFIED.,.F.,.F.,(4,4),(0.,0.0570691560486296),.UNSPECIFIED.);
#87=B_SPLINE_CURVE_WITH_KNOTS('',3,(#1924,#1925,#1926,#1927),
 .UNSPECIFIED.,.F.,.F.,(4,4),(0.,0.0500000000000003),.UNSPECIFIED.);
#88=B_SPLINE_CURVE_WITH_KNOTS('',3,(#1935,#1936,#1937,#1938),
 .UNSPECIFIED.,.F.,.F.,(4,4),(0.25,0.3),.UNSPECIFIED.);
#89=B_SPLINE_CURVE_WITH_KNOTS('',3,(#1957,#1958,#1959,#1960),
 .UNSPECIFIED.,.F.,.F.,(4,4),(0.,0.05),.UNSPECIFIED.);
#90=B_SPLINE_CURVE_WITH_KNOTS('',3,(#1990,#1991,#1992,#1993),
 .UNSPECIFIED.,.F.,.F.,(4,4),(0.,0.0285172708011446),.UNSPECIFIED.);
#91=B_SPLINE_CURVE_WITH_KNOTS('',3,(#2018,#2019,#2020,#2021),
 .UNSPECIFIED.,.F.,.F.,(4,4),(0.101094806471553,0.158736164459017),
 .UNSPECIFIED.);
#92=B_SPLINE_CURVE_WITH_KNOTS('',3,(#2029,#2030,#2031,#2032),
 .UNSPECIFIED.,.F.,.F.,(4,4),(0.,0.0500000000000002),.UNSPECIFIED.);
#93=B_SPLINE_CURVE_WITH_KNOTS('',3,(#2086,#2087,#2088,#2089),
 .UNSPECIFIED.,.F.,.F.,(4,4),(-0.0600000000000001,-0.05),.UNSPECIFIED.);
#94=B_SPLINE_CURVE_WITH_KNOTS('',3,(#2114,#2115,#2116,#2117,#2118,#2119,
#2120),.UNSPECIFIED.,.F.,.F.,(4,3,4),(0.441110586951824,0.529921826631078,
1.05234630830507),.UNSPECIFIED.);
#95=B_SPLINE_CURVE_WITH_KNOTS('',3,(#2122,#2123,#2124,#2125,#2126,#2127,
#2128,#2129,#2130,#2131),.UNSPECIFIED.,.F.,.F.,(4,2,2,2,4),(1.32790211862921,
1.46617860483978,1.54406279179671,1.60087410681406,1.64760874913893),
 .UNSPECIFIED.);
#96=B_SPLINE_CURVE_WITH_KNOTS('',3,(#2147,#2148,#2149,#2150),
 .UNSPECIFIED.,.F.,.F.,(4,4),(-0.571154948085065,-0.0685329303124182),
 .UNSPECIFIED.);
#97=B_SPLINE_CURVE_WITH_KNOTS('',3,(#2151,#2152,#2153,#2154),
 .UNSPECIFIED.,.F.,.F.,(4,4),(-1.052346393096,-1.04495161558128),
 .UNSPECIFIED.);
#98=B_SPLINE_CURVE_WITH_KNOTS('',3,(#2157,#2158,#2159,#2160,#2161,#2162),
 .UNSPECIFIED.,.F.,.F.,(4,2,4),(-0.542701315850889,-0.529921838951018,-0.441110586951824),
 .UNSPECIFIED.);
#99=B_SPLINE_CURVE_WITH_KNOTS('',3,(#2181,#2182,#2183,#2184,#2185,#2186,
#2187,#2188,#2189,#2190),.UNSPECIFIED.,.F.,.F.,(4,2,2,2,4),(0.547408537000557,
0.59404456486442,0.650827215112368,0.728903104009442,0.868830049830049),
 .UNSPECIFIED.);
#100=B_SPLINE_CURVE_WITH_KNOTS('',3,(#2196,#2197,#2198,#2199,#2200,#2201,
#2202,#2203,#2204,#2205),.UNSPECIFIED.,.F.,.F.,(4,2,2,2,4),(1.3851042180094,
1.46233503483824,1.54035458918584,1.59714588076969,1.64381108773556),
 .UNSPECIFIED.);
#101=B_SPLINE_CURVE_WITH_KNOTS('',3,(#2214,#2215,#2216,#2217,#2218,#2219,
#2220,#2221,#2222,#2223),.UNSPECIFIED.,.F.,.F.,(4,2,2,2,4),(0.0285172708011446,
0.0516953108038428,0.108452978051805,0.174024948102838,0.216720825325214),
 .UNSPECIFIED.);
#102=FACE_OUTER_BOUND('',#165,.T.);
#103=FACE_OUTER_BOUND('',#166,.T.);
#104=FACE_OUTER_BOUND('',#168,.T.);
#105=FACE_OUTER_BOUND('',#169,.T.);
#106=FACE_OUTER_BOUND('',#170,.T.);
#107=FACE_OUTER_BOUND('',#171,.T.);
#108=FACE_OUTER_BOUND('',#172,.T.);
#109=FACE_OUTER_BOUND('',#173,.T.);
#110=FACE_OUTER_BOUND('',#174,.T.);
#111=FACE_OUTER_BOUND('',#175,.T.);
#112=FACE_OUTER_BOUND('',#176,.T.);
#113=FACE_OUTER_BOUND('',#177,.T.);
#114=FACE_OUTER_BOUND('',#178,.T.);
#115=FACE_OUTER_BOUND('',#179,.T.);
#116=FACE_OUTER_BOUND('',#180,.T.);
#117=FACE_OUTER_BOUND('',#181,.T.);
#118=FACE_OUTER_BOUND('',#182,.T.);
#119=FACE_OUTER_BOUND('',#183,.T.);
#120=FACE_OUTER_BOUND('',#184,.T.);
#121=FACE_OUTER_BOUND('',#185,.T.);
#122=FACE_OUTER_BOUND('',#186,.T.);
#123=FACE_OUTER_BOUND('',#187,.T.);
#124=FACE_OUTER_BOUND('',#188,.T.);
#125=FACE_OUTER_BOUND('',#189,.T.);
#126=FACE_OUTER_BOUND('',#190,.T.);
#127=FACE_OUTER_BOUND('',#191,.T.);
#128=FACE_OUTER_BOUND('',#192,.T.);
#129=FACE_OUTER_BOUND('',#193,.T.);
#130=FACE_OUTER_BOUND('',#194,.T.);
#131=FACE_OUTER_BOUND('',#195,.T.);
#132=FACE_OUTER_BOUND('',#196,.T.);
#133=FACE_OUTER_BOUND('',#197,.T.);
#134=FACE_OUTER_BOUND('',#198,.T.);
#135=FACE_OUTER_BOUND('',#199,.T.);
#136=FACE_OUTER_BOUND('',#200,.T.);
#137=FACE_OUTER_BOUND('',#201,.T.);
#138=FACE_OUTER_BOUND('',#202,.T.);
#139=FACE_OUTER_BOUND('',#203,.T.);
#140=FACE_OUTER_BOUND('',#204,.T.);
#141=FACE_OUTER_BOUND('',#205,.T.);
#142=FACE_OUTER_BOUND('',#206,.T.);
#143=FACE_OUTER_BOUND('',#207,.T.);
#144=FACE_OUTER_BOUND('',#208,.T.);
#145=FACE_OUTER_BOUND('',#209,.T.);
#146=FACE_OUTER_BOUND('',#210,.T.);
#147=FACE_OUTER_BOUND('',#211,.T.);
#148=FACE_OUTER_BOUND('',#212,.T.);
#149=FACE_OUTER_BOUND('',#213,.T.);
#150=FACE_OUTER_BOUND('',#214,.T.);
#151=FACE_OUTER_BOUND('',#215,.T.);
#152=FACE_OUTER_BOUND('',#216,.T.);
#153=FACE_OUTER_BOUND('',#217,.T.);
#154=FACE_OUTER_BOUND('',#218,.T.);
#155=FACE_OUTER_BOUND('',#219,.T.);
#156=FACE_OUTER_BOUND('',#220,.T.);
#157=FACE_OUTER_BOUND('',#221,.T.);
#158=FACE_OUTER_BOUND('',#222,.T.);
#159=FACE_OUTER_BOUND('',#223,.T.);
#160=FACE_OUTER_BOUND('',#224,.T.);
#161=FACE_OUTER_BOUND('',#225,.T.);
#162=FACE_OUTER_BOUND('',#226,.T.);
#163=FACE_OUTER_BOUND('',#227,.T.);
#164=FACE_OUTER_BOUND('',#228,.T.);
#165=EDGE_LOOP('',(#751,#752,#753,#754));
#166=EDGE_LOOP('',(#755,#756,#757,#758,#759,#760,#761,#762,#763,#764,#765));
#167=EDGE_LOOP('',(#766,#767,#768,#769,#770,#771,#772,#773));
#168=EDGE_LOOP('',(#774,#775,#776,#777));
#169=EDGE_LOOP('',(#778,#779,#780,#781));
#170=EDGE_LOOP('',(#782,#783,#784,#785));
#171=EDGE_LOOP('',(#786,#787,#788,#789));
#172=EDGE_LOOP('',(#790,#791,#792,#793));
#173=EDGE_LOOP('',(#794,#795,#796,#797));
#174=EDGE_LOOP('',(#798,#799,#800,#801));
#175=EDGE_LOOP('',(#802,#803,#804,#805));
#176=EDGE_LOOP('',(#806,#807,#808,#809,#810));
#177=EDGE_LOOP('',(#811,#812,#813,#814,#815));
#178=EDGE_LOOP('',(#816,#817,#818,#819));
#179=EDGE_LOOP('',(#820,#821,#822,#823));
#180=EDGE_LOOP('',(#824,#825,#826,#827));
#181=EDGE_LOOP('',(#828,#829,#830,#831));
#182=EDGE_LOOP('',(#832,#833,#834,#835));
#183=EDGE_LOOP('',(#836,#837,#838,#839));
#184=EDGE_LOOP('',(#840,#841,#842,#843));
#185=EDGE_LOOP('',(#844,#845,#846,#847));
#186=EDGE_LOOP('',(#848,#849,#850,#851,#852,#853));
#187=EDGE_LOOP('',(#854,#855,#856,#857,#858,#859,#860,#861));
#188=EDGE_LOOP('',(#862,#863,#864,#865));
#189=EDGE_LOOP('',(#866,#867,#868,#869));
#190=EDGE_LOOP('',(#870,#871,#872,#873,#874,#875));
#191=EDGE_LOOP('',(#876,#877,#878,#879));
#192=EDGE_LOOP('',(#880,#881,#882,#883,#884,#885));
#193=EDGE_LOOP('',(#886,#887,#888,#889,#890,#891,#892,#893));
#194=EDGE_LOOP('',(#894,#895,#896,#897));
#195=EDGE_LOOP('',(#898,#899,#900,#901));
#196=EDGE_LOOP('',(#902,#903,#904,#905,#906,#907));
#197=EDGE_LOOP('',(#908,#909,#910,#911));
#198=EDGE_LOOP('',(#912,#913,#914,#915));
#199=EDGE_LOOP('',(#916,#917,#918,#919));
#200=EDGE_LOOP('',(#920,#921,#922,#923,#924,#925));
#201=EDGE_LOOP('',(#926,#927,#928,#929,#930,#931));
#202=EDGE_LOOP('',(#932,#933,#934,#935));
#203=EDGE_LOOP('',(#936,#937,#938,#939));
#204=EDGE_LOOP('',(#940,#941,#942,#943));
#205=EDGE_LOOP('',(#944,#945,#946,#947));
#206=EDGE_LOOP('',(#948,#949,#950,#951));
#207=EDGE_LOOP('',(#952,#953,#954,#955));
#208=EDGE_LOOP('',(#956,#957,#958,#959));
#209=EDGE_LOOP('',(#960,#961,#962,#963,#964,#965,#966,#967,#968,#969,#970,
#971,#972,#973,#974,#975,#976,#977,#978));
#210=EDGE_LOOP('',(#979,#980,#981,#982));
#211=EDGE_LOOP('',(#983,#984,#985,#986,#987,#988));
#212=EDGE_LOOP('',(#989,#990,#991,#992,#993,#994));
#213=EDGE_LOOP('',(#995,#996,#997,#998,#999));
#214=EDGE_LOOP('',(#1000,#1001,#1002,#1003,#1004,#1005,#1006,#1007));
#215=EDGE_LOOP('',(#1008,#1009,#1010,#1011,#1012,#1013,#1014,#1015,#1016,
#1017));
#216=EDGE_LOOP('',(#1018,#1019,#1020,#1021,#1022,#1023));
#217=EDGE_LOOP('',(#1024,#1025,#1026,#1027));
#218=EDGE_LOOP('',(#1028,#1029,#1030,#1031));
#219=EDGE_LOOP('',(#1032,#1033,#1034,#1035));
#220=EDGE_LOOP('',(#1036,#1037,#1038,#1039,#1040,#1041,#1042,#1043));
#221=EDGE_LOOP('',(#1044,#1045,#1046,#1047));
#222=EDGE_LOOP('',(#1048,#1049,#1050,#1051));
#223=EDGE_LOOP('',(#1052,#1053,#1054,#1055));
#224=EDGE_LOOP('',(#1056,#1057,#1058,#1059,#1060,#1061));
#225=EDGE_LOOP('',(#1062,#1063,#1064,#1065));
#226=EDGE_LOOP('',(#1066,#1067,#1068,#1069,#1070,#1071,#1072,#1073,#1074));
#227=EDGE_LOOP('',(#1075,#1076,#1077,#1078,#1079,#1080,#1081,#1082,#1083,
#1084,#1085,#1086,#1087,#1088,#1089,#1090,#1091,#1092,#1093,#1094,#1095,
#1096,#1097,#1098));
#228=EDGE_LOOP('',(#1099,#1100,#1101,#1102,#1103,#1104));
#229=LINE('',#1555,#343);
#230=LINE('',#1557,#344);
#231=LINE('',#1559,#345);
#232=LINE('',#1560,#346);
#233=LINE('',#1563,#347);
#234=LINE('',#1565,#348);
#235=LINE('',#1567,#349);
#236=LINE('',#1604,#350);
#237=LINE('',#1607,#351);
#238=LINE('',#1609,#352);
#239=LINE('',#1640,#353);
#240=LINE('',#1643,#354);
#241=LINE('',#1645,#355);
#242=LINE('',#1646,#356);
#243=LINE('',#1649,#357);
#244=LINE('',#1650,#358);
#245=LINE('',#1667,#359);
#246=LINE('',#1684,#360);
#247=LINE('',#1701,#361);
#248=LINE('',#1718,#362);
#249=LINE('',#1735,#363);
#250=LINE('',#1737,#364);
#251=LINE('',#1740,#365);
#252=LINE('',#1742,#366);
#253=LINE('',#1743,#367);
#254=LINE('',#1746,#368);
#255=LINE('',#1748,#369);
#256=LINE('',#1749,#370);
#257=LINE('',#1752,#371);
#258=LINE('',#1753,#372);
#259=LINE('',#1770,#373);
#260=LINE('',#1787,#374);
#261=LINE('',#1804,#375);
#262=LINE('',#1821,#376);
#263=LINE('',#1838,#377);
#264=LINE('',#1855,#378);
#265=LINE('',#1857,#379);
#266=LINE('',#1860,#380);
#267=LINE('',#1862,#381);
#268=LINE('',#1864,#382);
#269=LINE('',#1866,#383);
#270=LINE('',#1867,#384);
#271=LINE('',#1872,#385);
#272=LINE('',#1874,#386);
#273=LINE('',#1876,#387);
#274=LINE('',#1877,#388);
#275=LINE('',#1888,#389);
#276=LINE('',#1892,#390);
#277=LINE('',#1894,#391);
#278=LINE('',#1895,#392);
#279=LINE('',#1896,#393);
#280=LINE('',#1942,#394);
#281=LINE('',#1944,#395);
#282=LINE('',#1946,#396);
#283=LINE('',#1948,#397);
#284=LINE('',#1950,#398);
#285=LINE('',#1951,#399);
#286=LINE('',#1953,#400);
#287=LINE('',#1955,#401);
#288=LINE('',#1961,#402);
#289=LINE('',#1962,#403);
#290=LINE('',#1967,#404);
#291=LINE('',#1971,#405);
#292=LINE('',#1973,#406);
#293=LINE('',#1974,#407);
#294=LINE('',#1978,#408);
#295=LINE('',#1983,#409);
#296=LINE('',#1988,#410);
#297=LINE('',#1995,#411);
#298=LINE('',#1996,#412);
#299=LINE('',#2036,#413);
#300=LINE('',#2038,#414);
#301=LINE('',#2040,#415);
#302=LINE('',#2041,#416);
#303=LINE('',#2045,#417);
#304=LINE('',#2047,#418);
#305=LINE('',#2048,#419);
#306=LINE('',#2051,#420);
#307=LINE('',#2053,#421);
#308=LINE('',#2054,#422);
#309=LINE('',#2058,#423);
#310=LINE('',#2059,#424);
#311=LINE('',#2060,#425);
#312=LINE('',#2064,#426);
#313=LINE('',#2065,#427);
#314=LINE('',#2066,#428);
#315=LINE('',#2070,#429);
#316=LINE('',#2071,#430);
#317=LINE('',#2072,#431);
#318=LINE('',#2076,#432);
#319=LINE('',#2077,#433);
#320=LINE('',#2078,#434);
#321=LINE('',#2080,#435);
#322=LINE('',#2081,#436);
#323=LINE('',#2091,#437);
#324=LINE('',#2093,#438);
#325=LINE('',#2094,#439);
#326=LINE('',#2101,#440);
#327=LINE('',#2105,#441);
#328=LINE('',#2111,#442);
#329=LINE('',#2133,#443);
#330=LINE('',#2134,#444);
#331=LINE('',#2156,#445);
#332=LINE('',#2167,#446);
#333=LINE('',#2170,#447);
#334=LINE('',#2175,#448);
#335=LINE('',#2176,#449);
#336=LINE('',#2178,#450);
#337=LINE('',#2194,#451);
#338=LINE('',#2195,#452);
#339=LINE('',#2210,#453);
#340=LINE('',#2225,#454);
#341=LINE('',#2226,#455);
#342=LINE('',#2227,#456);
#343=VECTOR('',#1297,10.);
#344=VECTOR('',#1298,10.);
#345=VECTOR('',#1299,10.);
#346=VECTOR('',#1300,10.);
#347=VECTOR('',#1303,10.);
#348=VECTOR('',#1304,10.);
#349=VECTOR('',#1305,10.);
#350=VECTOR('',#1306,10.);
#351=VECTOR('',#1307,10.);
#352=VECTOR('',#1308,10.);
#353=VECTOR('',#1309,10.);
#354=VECTOR('',#1312,10.);
#355=VECTOR('',#1313,10.);
#356=VECTOR('',#1314,10.);
#357=VECTOR('',#1317,10.);
#358=VECTOR('',#1318,10.);
#359=VECTOR('',#1319,10.);
#360=VECTOR('',#1320,10.);
#361=VECTOR('',#1321,10.);
#362=VECTOR('',#1322,10.);
#363=VECTOR('',#1323,10.);
#364=VECTOR('',#1326,10.);
#365=VECTOR('',#1329,10.);
#366=VECTOR('',#1330,10.);
#367=VECTOR('',#1331,10.);
#368=VECTOR('',#1334,10.);
#369=VECTOR('',#1335,10.);
#370=VECTOR('',#1336,10.);
#371=VECTOR('',#1339,10.);
#372=VECTOR('',#1340,10.);
#373=VECTOR('',#1341,10.);
#374=VECTOR('',#1342,10.);
#375=VECTOR('',#1343,10.);
#376=VECTOR('',#1344,10.);
#377=VECTOR('',#1345,10.);
#378=VECTOR('',#1346,10.);
#379=VECTOR('',#1349,10.);
#380=VECTOR('',#1352,10.);
#381=VECTOR('',#1353,10.);
#382=VECTOR('',#1354,10.);
#383=VECTOR('',#1355,10.);
#384=VECTOR('',#1356,10.);
#385=VECTOR('',#1361,10.);
#386=VECTOR('',#1362,10.);
#387=VECTOR('',#1363,10.);
#388=VECTOR('',#1364,10.);
#389=VECTOR('',#1369,10.);
#390=VECTOR('',#1374,10.);
#391=VECTOR('',#1375,10.);
#392=VECTOR('',#1376,10.);
#393=VECTOR('',#1377,10.);
#394=VECTOR('',#1380,10.);
#395=VECTOR('',#1381,10.);
#396=VECTOR('',#1382,10.);
#397=VECTOR('',#1383,10.);
#398=VECTOR('',#1384,10.);
#399=VECTOR('',#1385,10.);
#400=VECTOR('',#1388,10.);
#401=VECTOR('',#1389,10.);
#402=VECTOR('',#1390,10.);
#403=VECTOR('',#1391,10.);
#404=VECTOR('',#1396,10.);
#405=VECTOR('',#1401,10.);
#406=VECTOR('',#1402,10.);
#407=VECTOR('',#1403,10.);
#408=VECTOR('',#1406,10.);
#409=VECTOR('',#1411,10.);
#410=VECTOR('',#1416,10.);
#411=VECTOR('',#1417,10.);
#412=VECTOR('',#1418,10.);
#413=VECTOR('',#1425,10.);
#414=VECTOR('',#1426,10.);
#415=VECTOR('',#1427,10.);
#416=VECTOR('',#1428,10.);
#417=VECTOR('',#1433,10.);
#418=VECTOR('',#1434,10.);
#419=VECTOR('',#1435,10.);
#420=VECTOR('',#1438,10.);
#421=VECTOR('',#1439,10.);
#422=VECTOR('',#1440,10.);
#423=VECTOR('',#1443,10.);
#424=VECTOR('',#1444,10.);
#425=VECTOR('',#1445,10.);
#426=VECTOR('',#1448,10.);
#427=VECTOR('',#1449,10.);
#428=VECTOR('',#1450,10.);
#429=VECTOR('',#1453,10.);
#430=VECTOR('',#1454,10.);
#431=VECTOR('',#1455,10.);
#432=VECTOR('',#1458,10.);
#433=VECTOR('',#1459,10.);
#434=VECTOR('',#1460,10.);
#435=VECTOR('',#1463,10.);
#436=VECTOR('',#1464,10.);
#437=VECTOR('',#1469,10.);
#438=VECTOR('',#1470,10.);
#439=VECTOR('',#1471,10.);
#440=VECTOR('',#1480,10.);
#441=VECTOR('',#1483,10.);
#442=VECTOR('',#1488,10.);
#443=VECTOR('',#1493,10.);
#444=VECTOR('',#1494,10.);
#445=VECTOR('',#1495,10.);
#446=VECTOR('',#1500,10.);
#447=VECTOR('',#1503,10.);
#448=VECTOR('',#1512,10.);
#449=VECTOR('',#1513,10.);
#450=VECTOR('',#1516,10.);
#451=VECTOR('',#1523,10.);
#452=VECTOR('',#1524,10.);
#453=VECTOR('',#1529,10.);
#454=VECTOR('',#1534,10.);
#455=VECTOR('',#1535,10.);
#456=VECTOR('',#1536,10.);
#457=VERTEX_POINT('',#1553);
#458=VERTEX_POINT('',#1554);
#459=VERTEX_POINT('',#1556);
#460=VERTEX_POINT('',#1558);
#461=VERTEX_POINT('',#1562);
#462=VERTEX_POINT('',#1564);
#463=VERTEX_POINT('',#1566);
#464=VERTEX_POINT('',#1568);
#465=VERTEX_POINT('',#1574);
#466=VERTEX_POINT('',#1580);
#467=VERTEX_POINT('',#1586);
#468=VERTEX_POINT('',#1592);
#469=VERTEX_POINT('',#1598);
#470=VERTEX_POINT('',#1605);
#471=VERTEX_POINT('',#1606);
#472=VERTEX_POINT('',#1608);
#473=VERTEX_POINT('',#1610);
#474=VERTEX_POINT('',#1616);
#475=VERTEX_POINT('',#1622);
#476=VERTEX_POINT('',#1628);
#477=VERTEX_POINT('',#1634);
#478=VERTEX_POINT('',#1642);
#479=VERTEX_POINT('',#1644);
#480=VERTEX_POINT('',#1648);
#481=VERTEX_POINT('',#1661);
#482=VERTEX_POINT('',#1678);
#483=VERTEX_POINT('',#1695);
#484=VERTEX_POINT('',#1712);
#485=VERTEX_POINT('',#1729);
#486=VERTEX_POINT('',#1739);
#487=VERTEX_POINT('',#1741);
#488=VERTEX_POINT('',#1745);
#489=VERTEX_POINT('',#1747);
#490=VERTEX_POINT('',#1751);
#491=VERTEX_POINT('',#1764);
#492=VERTEX_POINT('',#1781);
#493=VERTEX_POINT('',#1798);
#494=VERTEX_POINT('',#1815);
#495=VERTEX_POINT('',#1832);
#496=VERTEX_POINT('',#1849);
#497=VERTEX_POINT('',#1859);
#498=VERTEX_POINT('',#1861);
#499=VERTEX_POINT('',#1863);
#500=VERTEX_POINT('',#1865);
#501=VERTEX_POINT('',#1870);
#502=VERTEX_POINT('',#1871);
#503=VERTEX_POINT('',#1873);
#504=VERTEX_POINT('',#1875);
#505=VERTEX_POINT('',#1879);
#506=VERTEX_POINT('',#1880);
#507=VERTEX_POINT('',#1885);
#508=VERTEX_POINT('',#1887);
#509=VERTEX_POINT('',#1891);
#510=VERTEX_POINT('',#1893);
#511=VERTEX_POINT('',#1917);
#512=VERTEX_POINT('',#1918);
#513=VERTEX_POINT('',#1923);
#514=VERTEX_POINT('',#1928);
#515=VERTEX_POINT('',#1940);
#516=VERTEX_POINT('',#1941);
#517=VERTEX_POINT('',#1943);
#518=VERTEX_POINT('',#1945);
#519=VERTEX_POINT('',#1947);
#520=VERTEX_POINT('',#1949);
#521=VERTEX_POINT('',#1954);
#522=VERTEX_POINT('',#1956);
#523=VERTEX_POINT('',#1964);
#524=VERTEX_POINT('',#1966);
#525=VERTEX_POINT('',#1970);
#526=VERTEX_POINT('',#1972);
#527=VERTEX_POINT('',#1976);
#528=VERTEX_POINT('',#1977);
#529=VERTEX_POINT('',#1980);
#530=VERTEX_POINT('',#1982);
#531=VERTEX_POINT('',#1986);
#532=VERTEX_POINT('',#1987);
#533=VERTEX_POINT('',#1989);
#534=VERTEX_POINT('',#1994);
#535=VERTEX_POINT('',#2017);
#536=VERTEX_POINT('',#2022);
#537=VERTEX_POINT('',#2037);
#538=VERTEX_POINT('',#2039);
#539=VERTEX_POINT('',#2044);
#540=VERTEX_POINT('',#2046);
#541=VERTEX_POINT('',#2050);
#542=VERTEX_POINT('',#2052);
#543=VERTEX_POINT('',#2056);
#544=VERTEX_POINT('',#2057);
#545=VERTEX_POINT('',#2062);
#546=VERTEX_POINT('',#2063);
#547=VERTEX_POINT('',#2068);
#548=VERTEX_POINT('',#2069);
#549=VERTEX_POINT('',#2074);
#550=VERTEX_POINT('',#2075);
#551=VERTEX_POINT('',#2084);
#552=VERTEX_POINT('',#2085);
#553=VERTEX_POINT('',#2090);
#554=VERTEX_POINT('',#2092);
#555=VERTEX_POINT('',#2096);
#556=VERTEX_POINT('',#2099);
#557=VERTEX_POINT('',#2103);
#558=VERTEX_POINT('',#2104);
#559=VERTEX_POINT('',#2106);
#560=VERTEX_POINT('',#2108);
#561=VERTEX_POINT('',#2110);
#562=VERTEX_POINT('',#2112);
#563=VERTEX_POINT('',#2132);
#564=VERTEX_POINT('',#2155);
#565=VERTEX_POINT('',#2164);
#566=VERTEX_POINT('',#2166);
#567=VERTEX_POINT('',#2168);
#568=VERTEX_POINT('',#2192);
#569=VERTEX_POINT('',#2193);
#570=VERTEX_POINT('',#2207);
#571=VERTEX_POINT('',#2209);
#572=VERTEX_POINT('',#2213);
#573=VERTEX_POINT('',#2224);
#574=EDGE_CURVE('',#457,#458,#229,.T.);
#575=EDGE_CURVE('',#459,#458,#230,.T.);
#576=EDGE_CURVE('',#459,#460,#231,.T.);
#577=EDGE_CURVE('',#460,#457,#232,.T.);
#578=EDGE_CURVE('',#461,#460,#233,.T.);
#579=EDGE_CURVE('',#459,#462,#234,.T.);
#580=EDGE_CURVE('',#462,#463,#235,.T.);
#581=EDGE_CURVE('',#463,#464,#63,.T.);
#582=EDGE_CURVE('',#464,#465,#64,.T.);
#583=EDGE_CURVE('',#465,#466,#65,.T.);
#584=EDGE_CURVE('',#466,#467,#66,.T.);
#585=EDGE_CURVE('',#467,#468,#67,.T.);
#586=EDGE_CURVE('',#468,#469,#68,.T.);
#587=EDGE_CURVE('',#469,#461,#236,.T.);
#588=EDGE_CURVE('',#470,#471,#237,.T.);
#589=EDGE_CURVE('',#471,#472,#238,.T.);
#590=EDGE_CURVE('',#472,#473,#69,.T.);
#591=EDGE_CURVE('',#473,#474,#70,.T.);
#592=EDGE_CURVE('',#474,#475,#71,.T.);
#593=EDGE_CURVE('',#475,#476,#72,.T.);
#594=EDGE_CURVE('',#476,#477,#73,.T.);
#595=EDGE_CURVE('',#477,#470,#239,.T.);
#596=EDGE_CURVE('',#470,#478,#240,.T.);
#597=EDGE_CURVE('',#479,#478,#241,.T.);
#598=EDGE_CURVE('',#471,#479,#242,.T.);
#599=EDGE_CURVE('',#480,#479,#243,.T.);
#600=EDGE_CURVE('',#472,#480,#244,.T.);
#601=EDGE_CURVE('',#481,#480,#74,.T.);
#602=EDGE_CURVE('',#473,#481,#245,.T.);
#603=EDGE_CURVE('',#482,#481,#75,.T.);
#604=EDGE_CURVE('',#474,#482,#246,.T.);
#605=EDGE_CURVE('',#483,#482,#76,.T.);
#606=EDGE_CURVE('',#475,#483,#247,.T.);
#607=EDGE_CURVE('',#484,#483,#77,.T.);
#608=EDGE_CURVE('',#476,#484,#248,.T.);
#609=EDGE_CURVE('',#485,#484,#78,.T.);
#610=EDGE_CURVE('',#477,#485,#249,.T.);
#611=EDGE_CURVE('',#478,#485,#250,.T.);
#612=EDGE_CURVE('',#461,#486,#251,.T.);
#613=EDGE_CURVE('',#487,#486,#252,.T.);
#614=EDGE_CURVE('',#457,#487,#253,.T.);
#615=EDGE_CURVE('',#488,#458,#254,.T.);
#616=EDGE_CURVE('',#489,#488,#255,.T.);
#617=EDGE_CURVE('',#462,#489,#256,.T.);
#618=EDGE_CURVE('',#490,#489,#257,.T.);
#619=EDGE_CURVE('',#463,#490,#258,.T.);
#620=EDGE_CURVE('',#491,#490,#79,.T.);
#621=EDGE_CURVE('',#464,#491,#259,.T.);
#622=EDGE_CURVE('',#492,#491,#80,.T.);
#623=EDGE_CURVE('',#465,#492,#260,.T.);
#624=EDGE_CURVE('',#493,#492,#81,.T.);
#625=EDGE_CURVE('',#466,#493,#261,.T.);
#626=EDGE_CURVE('',#494,#493,#82,.T.);
#627=EDGE_CURVE('',#467,#494,#262,.T.);
#628=EDGE_CURVE('',#495,#494,#83,.T.);
#629=EDGE_CURVE('',#468,#495,#263,.T.);
#630=EDGE_CURVE('',#496,#495,#84,.T.);
#631=EDGE_CURVE('',#469,#496,#264,.T.);
#632=EDGE_CURVE('',#486,#496,#265,.T.);
#633=EDGE_CURVE('',#487,#497,#266,.T.);
#634=EDGE_CURVE('',#498,#497,#267,.T.);
#635=EDGE_CURVE('',#498,#499,#268,.T.);
#636=EDGE_CURVE('',#500,#499,#269,.T.);
#637=EDGE_CURVE('',#500,#457,#270,.T.);
#638=EDGE_CURVE('',#501,#502,#271,.T.);
#639=EDGE_CURVE('',#503,#502,#272,.T.);
#640=EDGE_CURVE('',#504,#503,#273,.T.);
#641=EDGE_CURVE('',#504,#501,#274,.T.);
#642=EDGE_CURVE('',#505,#506,#85,.T.);
#643=EDGE_CURVE('',#506,#507,#20,.T.);
#644=EDGE_CURVE('',#507,#508,#275,.T.);
#645=EDGE_CURVE('',#508,#505,#21,.T.);
#646=EDGE_CURVE('',#507,#509,#276,.T.);
#647=EDGE_CURVE('',#510,#509,#277,.T.);
#648=EDGE_CURVE('',#510,#500,#278,.T.);
#649=EDGE_CURVE('',#508,#499,#279,.T.);
#650=EDGE_CURVE('',#511,#512,#86,.T.);
#651=EDGE_CURVE('',#512,#513,#87,.T.);
#652=EDGE_CURVE('',#513,#514,#16,.T.);
#653=EDGE_CURVE('',#511,#514,#88,.T.);
#654=EDGE_CURVE('',#515,#516,#280,.T.);
#655=EDGE_CURVE('',#517,#516,#281,.T.);
#656=EDGE_CURVE('',#518,#517,#282,.T.);
#657=EDGE_CURVE('',#519,#518,#283,.T.);
#658=EDGE_CURVE('',#519,#520,#284,.T.);
#659=EDGE_CURVE('',#520,#515,#285,.T.);
#660=EDGE_CURVE('',#509,#511,#286,.T.);
#661=EDGE_CURVE('',#514,#521,#287,.T.);
#662=EDGE_CURVE('',#521,#522,#89,.T.);
#663=EDGE_CURVE('',#522,#515,#288,.T.);
#664=EDGE_CURVE('',#520,#510,#289,.T.);
#665=EDGE_CURVE('',#516,#523,#22,.T.);
#666=EDGE_CURVE('',#524,#523,#290,.T.);
#667=EDGE_CURVE('',#524,#517,#23,.T.);
#668=EDGE_CURVE('',#523,#525,#291,.T.);
#669=EDGE_CURVE('',#526,#525,#292,.T.);
#670=EDGE_CURVE('',#526,#524,#293,.T.);
#671=EDGE_CURVE('',#527,#528,#294,.T.);
#672=EDGE_CURVE('',#528,#526,#24,.T.);
#673=EDGE_CURVE('',#525,#529,#25,.T.);
#674=EDGE_CURVE('',#529,#530,#295,.T.);
#675=EDGE_CURVE('',#527,#530,#26,.T.);
#676=EDGE_CURVE('',#531,#532,#296,.T.);
#677=EDGE_CURVE('',#533,#532,#90,.T.);
#678=EDGE_CURVE('',#534,#533,#297,.T.);
#679=EDGE_CURVE('',#534,#531,#298,.T.);
#680=EDGE_CURVE('',#535,#522,#91,.T.);
#681=EDGE_CURVE('',#521,#536,#17,.T.);
#682=EDGE_CURVE('',#536,#535,#92,.T.);
#683=EDGE_CURVE('',#513,#536,#27,.T.);
#684=EDGE_CURVE('',#458,#519,#299,.T.);
#685=EDGE_CURVE('',#518,#537,#300,.T.);
#686=EDGE_CURVE('',#537,#538,#301,.T.);
#687=EDGE_CURVE('',#538,#488,#302,.T.);
#688=EDGE_CURVE('',#498,#539,#303,.T.);
#689=EDGE_CURVE('',#497,#540,#304,.T.);
#690=EDGE_CURVE('',#539,#540,#305,.T.);
#691=EDGE_CURVE('',#541,#537,#306,.T.);
#692=EDGE_CURVE('',#541,#542,#307,.T.);
#693=EDGE_CURVE('',#542,#538,#308,.T.);
#694=EDGE_CURVE('',#543,#544,#309,.T.);
#695=EDGE_CURVE('',#544,#542,#310,.T.);
#696=EDGE_CURVE('',#543,#541,#311,.T.);
#697=EDGE_CURVE('',#545,#546,#312,.T.);
#698=EDGE_CURVE('',#546,#544,#313,.T.);
#699=EDGE_CURVE('',#545,#543,#314,.T.);
#700=EDGE_CURVE('',#547,#548,#315,.T.);
#701=EDGE_CURVE('',#548,#546,#316,.T.);
#702=EDGE_CURVE('',#547,#545,#317,.T.);
#703=EDGE_CURVE('',#549,#550,#318,.T.);
#704=EDGE_CURVE('',#550,#548,#319,.T.);
#705=EDGE_CURVE('',#549,#547,#320,.T.);
#706=EDGE_CURVE('',#540,#550,#321,.T.);
#707=EDGE_CURVE('',#539,#549,#322,.T.);
#708=EDGE_CURVE('',#551,#552,#93,.T.);
#709=EDGE_CURVE('',#552,#553,#323,.T.);
#710=EDGE_CURVE('',#554,#553,#324,.T.);
#711=EDGE_CURVE('',#554,#551,#325,.T.);
#712=EDGE_CURVE('',#555,#554,#28,.T.);
#713=EDGE_CURVE('',#553,#534,#29,.T.);
#714=EDGE_CURVE('',#556,#533,#30,.T.);
#715=EDGE_CURVE('',#556,#555,#326,.T.);
#716=EDGE_CURVE('',#557,#558,#327,.T.);
#717=EDGE_CURVE('',#559,#558,#31,.T.);
#718=EDGE_CURVE('',#559,#560,#32,.T.);
#719=EDGE_CURVE('',#560,#561,#328,.T.);
#720=EDGE_CURVE('',#561,#562,#33,.T.);
#721=EDGE_CURVE('',#562,#557,#94,.T.);
#722=EDGE_CURVE('',#558,#556,#95,.T.);
#723=EDGE_CURVE('',#563,#557,#329,.T.);
#724=EDGE_CURVE('',#563,#555,#330,.T.);
#725=EDGE_CURVE('',#552,#505,#96,.T.);
#726=EDGE_CURVE('',#563,#551,#97,.T.);
#727=EDGE_CURVE('',#564,#562,#331,.T.);
#728=EDGE_CURVE('',#506,#564,#98,.T.);
#729=EDGE_CURVE('',#535,#565,#34,.T.);
#730=EDGE_CURVE('',#565,#566,#332,.T.);
#731=EDGE_CURVE('',#566,#567,#35,.T.);
#732=EDGE_CURVE('',#529,#567,#333,.T.);
#733=EDGE_CURVE('',#564,#512,#36,.T.);
#734=EDGE_CURVE('',#566,#560,#334,.T.);
#735=EDGE_CURVE('',#565,#561,#335,.T.);
#736=EDGE_CURVE('',#567,#559,#336,.T.);
#737=EDGE_CURVE('',#530,#559,#99,.T.);
#738=EDGE_CURVE('',#568,#569,#337,.T.);
#739=EDGE_CURVE('',#528,#569,#338,.T.);
#740=EDGE_CURVE('',#568,#527,#100,.T.);
#741=EDGE_CURVE('',#502,#570,#37,.T.);
#742=EDGE_CURVE('',#571,#570,#339,.T.);
#743=EDGE_CURVE('',#503,#571,#38,.T.);
#744=EDGE_CURVE('',#572,#568,#101,.T.);
#745=EDGE_CURVE('',#573,#572,#340,.T.);
#746=EDGE_CURVE('',#573,#571,#341,.T.);
#747=EDGE_CURVE('',#570,#569,#342,.T.);
#748=EDGE_CURVE('',#573,#504,#39,.T.);
#749=EDGE_CURVE('',#532,#572,#40,.T.);
#750=EDGE_CURVE('',#501,#531,#41,.T.);
#751=ORIENTED_EDGE('',*,*,#574,.T.);
#752=ORIENTED_EDGE('',*,*,#575,.F.);
#753=ORIENTED_EDGE('',*,*,#576,.T.);
#754=ORIENTED_EDGE('',*,*,#577,.T.);
#755=ORIENTED_EDGE('',*,*,#578,.T.);
#756=ORIENTED_EDGE('',*,*,#576,.F.);
#757=ORIENTED_EDGE('',*,*,#579,.T.);
#758=ORIENTED_EDGE('',*,*,#580,.T.);
#759=ORIENTED_EDGE('',*,*,#581,.T.);
#760=ORIENTED_EDGE('',*,*,#582,.T.);
#761=ORIENTED_EDGE('',*,*,#583,.T.);
#762=ORIENTED_EDGE('',*,*,#584,.T.);
#763=ORIENTED_EDGE('',*,*,#585,.T.);
#764=ORIENTED_EDGE('',*,*,#586,.T.);
#765=ORIENTED_EDGE('',*,*,#587,.T.);
#766=ORIENTED_EDGE('',*,*,#588,.T.);
#767=ORIENTED_EDGE('',*,*,#589,.T.);
#768=ORIENTED_EDGE('',*,*,#590,.T.);
#769=ORIENTED_EDGE('',*,*,#591,.T.);
#770=ORIENTED_EDGE('',*,*,#592,.T.);
#771=ORIENTED_EDGE('',*,*,#593,.T.);
#772=ORIENTED_EDGE('',*,*,#594,.T.);
#773=ORIENTED_EDGE('',*,*,#595,.T.);
#774=ORIENTED_EDGE('',*,*,#588,.F.);
#775=ORIENTED_EDGE('',*,*,#596,.T.);
#776=ORIENTED_EDGE('',*,*,#597,.F.);
#777=ORIENTED_EDGE('',*,*,#598,.F.);
#778=ORIENTED_EDGE('',*,*,#589,.F.);
#779=ORIENTED_EDGE('',*,*,#598,.T.);
#780=ORIENTED_EDGE('',*,*,#599,.F.);
#781=ORIENTED_EDGE('',*,*,#600,.F.);
#782=ORIENTED_EDGE('',*,*,#590,.F.);
#783=ORIENTED_EDGE('',*,*,#600,.T.);
#784=ORIENTED_EDGE('',*,*,#601,.F.);
#785=ORIENTED_EDGE('',*,*,#602,.F.);
#786=ORIENTED_EDGE('',*,*,#591,.F.);
#787=ORIENTED_EDGE('',*,*,#602,.T.);
#788=ORIENTED_EDGE('',*,*,#603,.F.);
#789=ORIENTED_EDGE('',*,*,#604,.F.);
#790=ORIENTED_EDGE('',*,*,#592,.F.);
#791=ORIENTED_EDGE('',*,*,#604,.T.);
#792=ORIENTED_EDGE('',*,*,#605,.F.);
#793=ORIENTED_EDGE('',*,*,#606,.F.);
#794=ORIENTED_EDGE('',*,*,#593,.F.);
#795=ORIENTED_EDGE('',*,*,#606,.T.);
#796=ORIENTED_EDGE('',*,*,#607,.F.);
#797=ORIENTED_EDGE('',*,*,#608,.F.);
#798=ORIENTED_EDGE('',*,*,#594,.F.);
#799=ORIENTED_EDGE('',*,*,#608,.T.);
#800=ORIENTED_EDGE('',*,*,#609,.F.);
#801=ORIENTED_EDGE('',*,*,#610,.F.);
#802=ORIENTED_EDGE('',*,*,#595,.F.);
#803=ORIENTED_EDGE('',*,*,#610,.T.);
#804=ORIENTED_EDGE('',*,*,#611,.F.);
#805=ORIENTED_EDGE('',*,*,#596,.F.);
#806=ORIENTED_EDGE('',*,*,#578,.F.);
#807=ORIENTED_EDGE('',*,*,#612,.T.);
#808=ORIENTED_EDGE('',*,*,#613,.F.);
#809=ORIENTED_EDGE('',*,*,#614,.F.);
#810=ORIENTED_EDGE('',*,*,#577,.F.);
#811=ORIENTED_EDGE('',*,*,#579,.F.);
#812=ORIENTED_EDGE('',*,*,#575,.T.);
#813=ORIENTED_EDGE('',*,*,#615,.F.);
#814=ORIENTED_EDGE('',*,*,#616,.F.);
#815=ORIENTED_EDGE('',*,*,#617,.F.);
#816=ORIENTED_EDGE('',*,*,#580,.F.);
#817=ORIENTED_EDGE('',*,*,#617,.T.);
#818=ORIENTED_EDGE('',*,*,#618,.F.);
#819=ORIENTED_EDGE('',*,*,#619,.F.);
#820=ORIENTED_EDGE('',*,*,#581,.F.);
#821=ORIENTED_EDGE('',*,*,#619,.T.);
#822=ORIENTED_EDGE('',*,*,#620,.F.);
#823=ORIENTED_EDGE('',*,*,#621,.F.);
#824=ORIENTED_EDGE('',*,*,#582,.F.);
#825=ORIENTED_EDGE('',*,*,#621,.T.);
#826=ORIENTED_EDGE('',*,*,#622,.F.);
#827=ORIENTED_EDGE('',*,*,#623,.F.);
#828=ORIENTED_EDGE('',*,*,#583,.F.);
#829=ORIENTED_EDGE('',*,*,#623,.T.);
#830=ORIENTED_EDGE('',*,*,#624,.F.);
#831=ORIENTED_EDGE('',*,*,#625,.F.);
#832=ORIENTED_EDGE('',*,*,#584,.F.);
#833=ORIENTED_EDGE('',*,*,#625,.T.);
#834=ORIENTED_EDGE('',*,*,#626,.F.);
#835=ORIENTED_EDGE('',*,*,#627,.F.);
#836=ORIENTED_EDGE('',*,*,#585,.F.);
#837=ORIENTED_EDGE('',*,*,#627,.T.);
#838=ORIENTED_EDGE('',*,*,#628,.F.);
#839=ORIENTED_EDGE('',*,*,#629,.F.);
#840=ORIENTED_EDGE('',*,*,#586,.F.);
#841=ORIENTED_EDGE('',*,*,#629,.T.);
#842=ORIENTED_EDGE('',*,*,#630,.F.);
#843=ORIENTED_EDGE('',*,*,#631,.F.);
#844=ORIENTED_EDGE('',*,*,#587,.F.);
#845=ORIENTED_EDGE('',*,*,#631,.T.);
#846=ORIENTED_EDGE('',*,*,#632,.F.);
#847=ORIENTED_EDGE('',*,*,#612,.F.);
#848=ORIENTED_EDGE('',*,*,#614,.T.);
#849=ORIENTED_EDGE('',*,*,#633,.T.);
#850=ORIENTED_EDGE('',*,*,#634,.F.);
#851=ORIENTED_EDGE('',*,*,#635,.T.);
#852=ORIENTED_EDGE('',*,*,#636,.F.);
#853=ORIENTED_EDGE('',*,*,#637,.T.);
#854=ORIENTED_EDGE('',*,*,#597,.T.);
#855=ORIENTED_EDGE('',*,*,#611,.T.);
#856=ORIENTED_EDGE('',*,*,#609,.T.);
#857=ORIENTED_EDGE('',*,*,#607,.T.);
#858=ORIENTED_EDGE('',*,*,#605,.T.);
#859=ORIENTED_EDGE('',*,*,#603,.T.);
#860=ORIENTED_EDGE('',*,*,#601,.T.);
#861=ORIENTED_EDGE('',*,*,#599,.T.);
#862=ORIENTED_EDGE('',*,*,#638,.T.);
#863=ORIENTED_EDGE('',*,*,#639,.F.);
#864=ORIENTED_EDGE('',*,*,#640,.F.);
#865=ORIENTED_EDGE('',*,*,#641,.T.);
#866=ORIENTED_EDGE('',*,*,#642,.T.);
#867=ORIENTED_EDGE('',*,*,#643,.T.);
#868=ORIENTED_EDGE('',*,*,#644,.T.);
#869=ORIENTED_EDGE('',*,*,#645,.T.);
#870=ORIENTED_EDGE('',*,*,#646,.T.);
#871=ORIENTED_EDGE('',*,*,#647,.F.);
#872=ORIENTED_EDGE('',*,*,#648,.T.);
#873=ORIENTED_EDGE('',*,*,#636,.T.);
#874=ORIENTED_EDGE('',*,*,#649,.F.);
#875=ORIENTED_EDGE('',*,*,#644,.F.);
#876=ORIENTED_EDGE('',*,*,#650,.T.);
#877=ORIENTED_EDGE('',*,*,#651,.T.);
#878=ORIENTED_EDGE('',*,*,#652,.T.);
#879=ORIENTED_EDGE('',*,*,#653,.F.);
#880=ORIENTED_EDGE('',*,*,#654,.T.);
#881=ORIENTED_EDGE('',*,*,#655,.F.);
#882=ORIENTED_EDGE('',*,*,#656,.F.);
#883=ORIENTED_EDGE('',*,*,#657,.F.);
#884=ORIENTED_EDGE('',*,*,#658,.T.);
#885=ORIENTED_EDGE('',*,*,#659,.T.);
#886=ORIENTED_EDGE('',*,*,#660,.T.);
#887=ORIENTED_EDGE('',*,*,#653,.T.);
#888=ORIENTED_EDGE('',*,*,#661,.T.);
#889=ORIENTED_EDGE('',*,*,#662,.T.);
#890=ORIENTED_EDGE('',*,*,#663,.T.);
#891=ORIENTED_EDGE('',*,*,#659,.F.);
#892=ORIENTED_EDGE('',*,*,#664,.T.);
#893=ORIENTED_EDGE('',*,*,#647,.T.);
#894=ORIENTED_EDGE('',*,*,#665,.T.);
#895=ORIENTED_EDGE('',*,*,#666,.F.);
#896=ORIENTED_EDGE('',*,*,#667,.T.);
#897=ORIENTED_EDGE('',*,*,#655,.T.);
#898=ORIENTED_EDGE('',*,*,#668,.T.);
#899=ORIENTED_EDGE('',*,*,#669,.F.);
#900=ORIENTED_EDGE('',*,*,#670,.T.);
#901=ORIENTED_EDGE('',*,*,#666,.T.);
#902=ORIENTED_EDGE('',*,*,#671,.T.);
#903=ORIENTED_EDGE('',*,*,#672,.T.);
#904=ORIENTED_EDGE('',*,*,#669,.T.);
#905=ORIENTED_EDGE('',*,*,#673,.T.);
#906=ORIENTED_EDGE('',*,*,#674,.T.);
#907=ORIENTED_EDGE('',*,*,#675,.F.);
#908=ORIENTED_EDGE('',*,*,#676,.T.);
#909=ORIENTED_EDGE('',*,*,#677,.F.);
#910=ORIENTED_EDGE('',*,*,#678,.F.);
#911=ORIENTED_EDGE('',*,*,#679,.T.);
#912=ORIENTED_EDGE('',*,*,#680,.T.);
#913=ORIENTED_EDGE('',*,*,#662,.F.);
#914=ORIENTED_EDGE('',*,*,#681,.T.);
#915=ORIENTED_EDGE('',*,*,#682,.T.);
#916=ORIENTED_EDGE('',*,*,#661,.F.);
#917=ORIENTED_EDGE('',*,*,#652,.F.);
#918=ORIENTED_EDGE('',*,*,#683,.T.);
#919=ORIENTED_EDGE('',*,*,#681,.F.);
#920=ORIENTED_EDGE('',*,*,#615,.T.);
#921=ORIENTED_EDGE('',*,*,#684,.T.);
#922=ORIENTED_EDGE('',*,*,#657,.T.);
#923=ORIENTED_EDGE('',*,*,#685,.T.);
#924=ORIENTED_EDGE('',*,*,#686,.T.);
#925=ORIENTED_EDGE('',*,*,#687,.T.);
#926=ORIENTED_EDGE('',*,*,#658,.F.);
#927=ORIENTED_EDGE('',*,*,#684,.F.);
#928=ORIENTED_EDGE('',*,*,#574,.F.);
#929=ORIENTED_EDGE('',*,*,#637,.F.);
#930=ORIENTED_EDGE('',*,*,#648,.F.);
#931=ORIENTED_EDGE('',*,*,#664,.F.);
#932=ORIENTED_EDGE('',*,*,#688,.F.);
#933=ORIENTED_EDGE('',*,*,#634,.T.);
#934=ORIENTED_EDGE('',*,*,#689,.T.);
#935=ORIENTED_EDGE('',*,*,#690,.F.);
#936=ORIENTED_EDGE('',*,*,#691,.F.);
#937=ORIENTED_EDGE('',*,*,#692,.T.);
#938=ORIENTED_EDGE('',*,*,#693,.T.);
#939=ORIENTED_EDGE('',*,*,#686,.F.);
#940=ORIENTED_EDGE('',*,*,#694,.T.);
#941=ORIENTED_EDGE('',*,*,#695,.T.);
#942=ORIENTED_EDGE('',*,*,#692,.F.);
#943=ORIENTED_EDGE('',*,*,#696,.F.);
#944=ORIENTED_EDGE('',*,*,#697,.T.);
#945=ORIENTED_EDGE('',*,*,#698,.T.);
#946=ORIENTED_EDGE('',*,*,#694,.F.);
#947=ORIENTED_EDGE('',*,*,#699,.F.);
#948=ORIENTED_EDGE('',*,*,#700,.T.);
#949=ORIENTED_EDGE('',*,*,#701,.T.);
#950=ORIENTED_EDGE('',*,*,#697,.F.);
#951=ORIENTED_EDGE('',*,*,#702,.F.);
#952=ORIENTED_EDGE('',*,*,#703,.T.);
#953=ORIENTED_EDGE('',*,*,#704,.T.);
#954=ORIENTED_EDGE('',*,*,#700,.F.);
#955=ORIENTED_EDGE('',*,*,#705,.F.);
#956=ORIENTED_EDGE('',*,*,#690,.T.);
#957=ORIENTED_EDGE('',*,*,#706,.T.);
#958=ORIENTED_EDGE('',*,*,#703,.F.);
#959=ORIENTED_EDGE('',*,*,#707,.F.);
#960=ORIENTED_EDGE('',*,*,#616,.T.);
#961=ORIENTED_EDGE('',*,*,#687,.F.);
#962=ORIENTED_EDGE('',*,*,#693,.F.);
#963=ORIENTED_EDGE('',*,*,#695,.F.);
#964=ORIENTED_EDGE('',*,*,#698,.F.);
#965=ORIENTED_EDGE('',*,*,#701,.F.);
#966=ORIENTED_EDGE('',*,*,#704,.F.);
#967=ORIENTED_EDGE('',*,*,#706,.F.);
#968=ORIENTED_EDGE('',*,*,#689,.F.);
#969=ORIENTED_EDGE('',*,*,#633,.F.);
#970=ORIENTED_EDGE('',*,*,#613,.T.);
#971=ORIENTED_EDGE('',*,*,#632,.T.);
#972=ORIENTED_EDGE('',*,*,#630,.T.);
#973=ORIENTED_EDGE('',*,*,#628,.T.);
#974=ORIENTED_EDGE('',*,*,#626,.T.);
#975=ORIENTED_EDGE('',*,*,#624,.T.);
#976=ORIENTED_EDGE('',*,*,#622,.T.);
#977=ORIENTED_EDGE('',*,*,#620,.T.);
#978=ORIENTED_EDGE('',*,*,#618,.T.);
#979=ORIENTED_EDGE('',*,*,#708,.T.);
#980=ORIENTED_EDGE('',*,*,#709,.T.);
#981=ORIENTED_EDGE('',*,*,#710,.F.);
#982=ORIENTED_EDGE('',*,*,#711,.T.);
#983=ORIENTED_EDGE('',*,*,#712,.T.);
#984=ORIENTED_EDGE('',*,*,#710,.T.);
#985=ORIENTED_EDGE('',*,*,#713,.T.);
#986=ORIENTED_EDGE('',*,*,#678,.T.);
#987=ORIENTED_EDGE('',*,*,#714,.F.);
#988=ORIENTED_EDGE('',*,*,#715,.T.);
#989=ORIENTED_EDGE('',*,*,#716,.T.);
#990=ORIENTED_EDGE('',*,*,#717,.F.);
#991=ORIENTED_EDGE('',*,*,#718,.T.);
#992=ORIENTED_EDGE('',*,*,#719,.T.);
#993=ORIENTED_EDGE('',*,*,#720,.T.);
#994=ORIENTED_EDGE('',*,*,#721,.T.);
#995=ORIENTED_EDGE('',*,*,#715,.F.);
#996=ORIENTED_EDGE('',*,*,#722,.F.);
#997=ORIENTED_EDGE('',*,*,#716,.F.);
#998=ORIENTED_EDGE('',*,*,#723,.F.);
#999=ORIENTED_EDGE('',*,*,#724,.T.);
#1000=ORIENTED_EDGE('',*,*,#642,.F.);
#1001=ORIENTED_EDGE('',*,*,#725,.F.);
#1002=ORIENTED_EDGE('',*,*,#708,.F.);
#1003=ORIENTED_EDGE('',*,*,#726,.F.);
#1004=ORIENTED_EDGE('',*,*,#723,.T.);
#1005=ORIENTED_EDGE('',*,*,#721,.F.);
#1006=ORIENTED_EDGE('',*,*,#727,.F.);
#1007=ORIENTED_EDGE('',*,*,#728,.F.);
#1008=ORIENTED_EDGE('',*,*,#680,.F.);
#1009=ORIENTED_EDGE('',*,*,#729,.T.);
#1010=ORIENTED_EDGE('',*,*,#730,.T.);
#1011=ORIENTED_EDGE('',*,*,#731,.T.);
#1012=ORIENTED_EDGE('',*,*,#732,.F.);
#1013=ORIENTED_EDGE('',*,*,#673,.F.);
#1014=ORIENTED_EDGE('',*,*,#668,.F.);
#1015=ORIENTED_EDGE('',*,*,#665,.F.);
#1016=ORIENTED_EDGE('',*,*,#654,.F.);
#1017=ORIENTED_EDGE('',*,*,#663,.F.);
#1018=ORIENTED_EDGE('',*,*,#643,.F.);
#1019=ORIENTED_EDGE('',*,*,#728,.T.);
#1020=ORIENTED_EDGE('',*,*,#733,.T.);
#1021=ORIENTED_EDGE('',*,*,#650,.F.);
#1022=ORIENTED_EDGE('',*,*,#660,.F.);
#1023=ORIENTED_EDGE('',*,*,#646,.F.);
#1024=ORIENTED_EDGE('',*,*,#711,.F.);
#1025=ORIENTED_EDGE('',*,*,#712,.F.);
#1026=ORIENTED_EDGE('',*,*,#724,.F.);
#1027=ORIENTED_EDGE('',*,*,#726,.T.);
#1028=ORIENTED_EDGE('',*,*,#719,.F.);
#1029=ORIENTED_EDGE('',*,*,#734,.F.);
#1030=ORIENTED_EDGE('',*,*,#730,.F.);
#1031=ORIENTED_EDGE('',*,*,#735,.T.);
#1032=ORIENTED_EDGE('',*,*,#718,.F.);
#1033=ORIENTED_EDGE('',*,*,#736,.F.);
#1034=ORIENTED_EDGE('',*,*,#731,.F.);
#1035=ORIENTED_EDGE('',*,*,#734,.T.);
#1036=ORIENTED_EDGE('',*,*,#651,.F.);
#1037=ORIENTED_EDGE('',*,*,#733,.F.);
#1038=ORIENTED_EDGE('',*,*,#727,.T.);
#1039=ORIENTED_EDGE('',*,*,#720,.F.);
#1040=ORIENTED_EDGE('',*,*,#735,.F.);
#1041=ORIENTED_EDGE('',*,*,#729,.F.);
#1042=ORIENTED_EDGE('',*,*,#682,.F.);
#1043=ORIENTED_EDGE('',*,*,#683,.F.);
#1044=ORIENTED_EDGE('',*,*,#674,.F.);
#1045=ORIENTED_EDGE('',*,*,#732,.T.);
#1046=ORIENTED_EDGE('',*,*,#736,.T.);
#1047=ORIENTED_EDGE('',*,*,#737,.F.);
#1048=ORIENTED_EDGE('',*,*,#738,.T.);
#1049=ORIENTED_EDGE('',*,*,#739,.F.);
#1050=ORIENTED_EDGE('',*,*,#671,.F.);
#1051=ORIENTED_EDGE('',*,*,#740,.F.);
#1052=ORIENTED_EDGE('',*,*,#741,.T.);
#1053=ORIENTED_EDGE('',*,*,#742,.F.);
#1054=ORIENTED_EDGE('',*,*,#743,.F.);
#1055=ORIENTED_EDGE('',*,*,#639,.T.);
#1056=ORIENTED_EDGE('',*,*,#738,.F.);
#1057=ORIENTED_EDGE('',*,*,#744,.F.);
#1058=ORIENTED_EDGE('',*,*,#745,.F.);
#1059=ORIENTED_EDGE('',*,*,#746,.T.);
#1060=ORIENTED_EDGE('',*,*,#742,.T.);
#1061=ORIENTED_EDGE('',*,*,#747,.T.);
#1062=ORIENTED_EDGE('',*,*,#746,.F.);
#1063=ORIENTED_EDGE('',*,*,#748,.T.);
#1064=ORIENTED_EDGE('',*,*,#640,.T.);
#1065=ORIENTED_EDGE('',*,*,#743,.T.);
#1066=ORIENTED_EDGE('',*,*,#717,.T.);
#1067=ORIENTED_EDGE('',*,*,#722,.T.);
#1068=ORIENTED_EDGE('',*,*,#714,.T.);
#1069=ORIENTED_EDGE('',*,*,#677,.T.);
#1070=ORIENTED_EDGE('',*,*,#749,.T.);
#1071=ORIENTED_EDGE('',*,*,#744,.T.);
#1072=ORIENTED_EDGE('',*,*,#740,.T.);
#1073=ORIENTED_EDGE('',*,*,#675,.T.);
#1074=ORIENTED_EDGE('',*,*,#737,.T.);
#1075=ORIENTED_EDGE('',*,*,#638,.F.);
#1076=ORIENTED_EDGE('',*,*,#750,.T.);
#1077=ORIENTED_EDGE('',*,*,#679,.F.);
#1078=ORIENTED_EDGE('',*,*,#713,.F.);
#1079=ORIENTED_EDGE('',*,*,#709,.F.);
#1080=ORIENTED_EDGE('',*,*,#725,.T.);
#1081=ORIENTED_EDGE('',*,*,#645,.F.);
#1082=ORIENTED_EDGE('',*,*,#649,.T.);
#1083=ORIENTED_EDGE('',*,*,#635,.F.);
#1084=ORIENTED_EDGE('',*,*,#688,.T.);
#1085=ORIENTED_EDGE('',*,*,#707,.T.);
#1086=ORIENTED_EDGE('',*,*,#705,.T.);
#1087=ORIENTED_EDGE('',*,*,#702,.T.);
#1088=ORIENTED_EDGE('',*,*,#699,.T.);
#1089=ORIENTED_EDGE('',*,*,#696,.T.);
#1090=ORIENTED_EDGE('',*,*,#691,.T.);
#1091=ORIENTED_EDGE('',*,*,#685,.F.);
#1092=ORIENTED_EDGE('',*,*,#656,.T.);
#1093=ORIENTED_EDGE('',*,*,#667,.F.);
#1094=ORIENTED_EDGE('',*,*,#670,.F.);
#1095=ORIENTED_EDGE('',*,*,#672,.F.);
#1096=ORIENTED_EDGE('',*,*,#739,.T.);
#1097=ORIENTED_EDGE('',*,*,#747,.F.);
#1098=ORIENTED_EDGE('',*,*,#741,.F.);
#1099=ORIENTED_EDGE('',*,*,#749,.F.);
#1100=ORIENTED_EDGE('',*,*,#676,.F.);
#1101=ORIENTED_EDGE('',*,*,#750,.F.);
#1102=ORIENTED_EDGE('',*,*,#641,.F.);
#1103=ORIENTED_EDGE('',*,*,#748,.F.);
#1104=ORIENTED_EDGE('',*,*,#745,.T.);
#1105=PLANE('',#1222);
#1106=PLANE('',#1223);
#1107=PLANE('',#1224);
#1108=PLANE('',#1225);
#1109=PLANE('',#1226);
#1110=PLANE('',#1227);
#1111=PLANE('',#1228);
#1112=PLANE('',#1229);
#1113=PLANE('',#1230);
#1114=PLANE('',#1231);
#1115=PLANE('',#1232);
#1116=PLANE('',#1233);
#1117=PLANE('',#1237);
#1118=PLANE('',#1238);
#1119=PLANE('',#1239);
#1120=PLANE('',#1243);
#1121=PLANE('',#1248);
#1122=PLANE('',#1249);
#1123=PLANE('',#1251);
#1124=PLANE('',#1252);
#1125=PLANE('',#1253);
#1126=PLANE('',#1254);
#1127=PLANE('',#1255);
#1128=PLANE('',#1256);
#1129=PLANE('',#1257);
#1130=PLANE('',#1258);
#1131=PLANE('',#1259);
#1132=PLANE('',#1260);
#1133=PLANE('',#1261);
#1134=PLANE('',#1266);
#1135=PLANE('',#1270);
#1136=PLANE('',#1271);
#1137=PLANE('',#1274);
#1138=PLANE('',#1276);
#1139=PLANE('',#1277);
#1140=PLANE('',#1280);
#1141=PLANE('',#1281);
#1142=PLANE('',#1285);
#1143=PLANE('',#1286);
#1144=PLANE('',#1290);
#1145=ADVANCED_FACE('',(#102),#1105,.T.);
#1146=ADVANCED_FACE('',(#103,#62),#1106,.F.);
#1147=ADVANCED_FACE('',(#104),#1107,.T.);
#1148=ADVANCED_FACE('',(#105),#1108,.T.);
#1149=ADVANCED_FACE('',(#106),#50,.F.);
#1150=ADVANCED_FACE('',(#107),#51,.F.);
#1151=ADVANCED_FACE('',(#108),#52,.F.);
#1152=ADVANCED_FACE('',(#109),#53,.F.);
#1153=ADVANCED_FACE('',(#110),#54,.F.);
#1154=ADVANCED_FACE('',(#111),#1109,.T.);
#1155=ADVANCED_FACE('',(#112),#1110,.T.);
#1156=ADVANCED_FACE('',(#113),#1111,.T.);
#1157=ADVANCED_FACE('',(#114),#1112,.T.);
#1158=ADVANCED_FACE('',(#115),#55,.F.);
#1159=ADVANCED_FACE('',(#116),#56,.F.);
#1160=ADVANCED_FACE('',(#117),#57,.F.);
#1161=ADVANCED_FACE('',(#118),#58,.F.);
#1162=ADVANCED_FACE('',(#119),#59,.F.);
#1163=ADVANCED_FACE('',(#120),#60,.F.);
#1164=ADVANCED_FACE('',(#121),#1113,.T.);
#1165=ADVANCED_FACE('',(#122),#1114,.F.);
#1166=ADVANCED_FACE('',(#123),#1115,.F.);
#1167=ADVANCED_FACE('',(#124),#1116,.T.);
#1168=ADVANCED_FACE('',(#125),#42,.F.);
#1169=ADVANCED_FACE('',(#126),#1117,.F.);
#1170=ADVANCED_FACE('',(#127),#18,.F.);
#1171=ADVANCED_FACE('',(#128),#1118,.F.);
#1172=ADVANCED_FACE('',(#129),#1119,.F.);
#1173=ADVANCED_FACE('',(#130),#43,.F.);
#1174=ADVANCED_FACE('',(#131),#1120,.F.);
#1175=ADVANCED_FACE('',(#132),#44,.T.);
#1176=ADVANCED_FACE('',(#133),#1121,.T.);
#1177=ADVANCED_FACE('',(#134),#19,.F.);
#1178=ADVANCED_FACE('',(#135),#1122,.F.);
#1179=ADVANCED_FACE('',(#136),#1123,.F.);
#1180=ADVANCED_FACE('',(#137),#1124,.F.);
#1181=ADVANCED_FACE('',(#138),#1125,.F.);
#1182=ADVANCED_FACE('',(#139),#1126,.F.);
#1183=ADVANCED_FACE('',(#140),#1127,.F.);
#1184=ADVANCED_FACE('',(#141),#1128,.F.);
#1185=ADVANCED_FACE('',(#142),#1129,.F.);
#1186=ADVANCED_FACE('',(#143),#1130,.F.);
#1187=ADVANCED_FACE('',(#144),#1131,.F.);
#1188=ADVANCED_FACE('',(#145),#1132,.F.);
#1189=ADVANCED_FACE('',(#146),#1133,.F.);
#1190=ADVANCED_FACE('',(#147),#45,.T.);
#1191=ADVANCED_FACE('',(#148),#1134,.F.);
#1192=ADVANCED_FACE('',(#149),#1135,.T.);
#1193=ADVANCED_FACE('',(#150),#61,.T.);
#1194=ADVANCED_FACE('',(#151),#1136,.T.);
#1195=ADVANCED_FACE('',(#152),#1137,.T.);
#1196=ADVANCED_FACE('',(#153),#1138,.T.);
#1197=ADVANCED_FACE('',(#154),#1139,.T.);
#1198=ADVANCED_FACE('',(#155),#46,.T.);
#1199=ADVANCED_FACE('',(#156),#47,.T.);
#1200=ADVANCED_FACE('',(#157),#1140,.T.);
#1201=ADVANCED_FACE('',(#158),#1141,.T.);
#1202=ADVANCED_FACE('',(#159),#48,.F.);
#1203=ADVANCED_FACE('',(#160),#1142,.T.);
#1204=ADVANCED_FACE('',(#161),#1143,.T.);
#1205=ADVANCED_FACE('',(#162),#15,.T.);
#1206=ADVANCED_FACE('',(#163),#1144,.T.);
#1207=ADVANCED_FACE('',(#164),#49,.T.);
#1208=CLOSED_SHELL('',(#1145,#1146,#1147,#1148,#1149,#1150,#1151,#1152,
#1153,#1154,#1155,#1156,#1157,#1158,#1159,#1160,#1161,#1162,#1163,#1164,
#1165,#1166,#1167,#1168,#1169,#1170,#1171,#1172,#1173,#1174,#1175,#1176,
#1177,#1178,#1179,#1180,#1181,#1182,#1183,#1184,#1185,#1186,#1187,#1188,
#1189,#1190,#1191,#1192,#1193,#1194,#1195,#1196,#1197,#1198,#1199,#1200,
#1201,#1202,#1203,#1204,#1205,#1206,#1207));
#1209=DERIVED_UNIT_ELEMENT(#1211,1.);
#1210=DERIVED_UNIT_ELEMENT(#2240,-3.);
#1211=(
MASS_UNIT()
NAMED_UNIT(*)
SI_UNIT(.KILO.,.GRAM.)
);
#1212=DERIVED_UNIT((#1209,#1210));
#1213=MEASURE_REPRESENTATION_ITEM('density measure',
POSITIVE_RATIO_MEASURE(7850.),#1212);
#1214=PROPERTY_DEFINITION_REPRESENTATION(#1219,#1216);
#1215=PROPERTY_DEFINITION_REPRESENTATION(#1220,#1217);
#1216=REPRESENTATION('material name',(#1218),#2237);
#1217=REPRESENTATION('density',(#1213),#2237);
#1218=DESCRIPTIVE_REPRESENTATION_ITEM('Steel','Steel');
#1219=PROPERTY_DEFINITION('material property','material name',#2247);
#1220=PROPERTY_DEFINITION('material property','density of part',#2247);
#1221=AXIS2_PLACEMENT_3D('',#1551,#1293,#1294);
#1222=AXIS2_PLACEMENT_3D('',#1552,#1295,#1296);
#1223=AXIS2_PLACEMENT_3D('',#1561,#1301,#1302);
#1224=AXIS2_PLACEMENT_3D('',#1641,#1310,#1311);
#1225=AXIS2_PLACEMENT_3D('',#1647,#1315,#1316);
#1226=AXIS2_PLACEMENT_3D('',#1736,#1324,#1325);
#1227=AXIS2_PLACEMENT_3D('',#1738,#1327,#1328);
#1228=AXIS2_PLACEMENT_3D('',#1744,#1332,#1333);
#1229=AXIS2_PLACEMENT_3D('',#1750,#1337,#1338);
#1230=AXIS2_PLACEMENT_3D('',#1856,#1347,#1348);
#1231=AXIS2_PLACEMENT_3D('',#1858,#1350,#1351);
#1232=AXIS2_PLACEMENT_3D('',#1868,#1357,#1358);
#1233=AXIS2_PLACEMENT_3D('',#1869,#1359,#1360);
#1234=AXIS2_PLACEMENT_3D('',#1878,#1365,#1366);
#1235=AXIS2_PLACEMENT_3D('',#1886,#1367,#1368);
#1236=AXIS2_PLACEMENT_3D('',#1889,#1370,#1371);
#1237=AXIS2_PLACEMENT_3D('',#1890,#1372,#1373);
#1238=AXIS2_PLACEMENT_3D('',#1939,#1378,#1379);
#1239=AXIS2_PLACEMENT_3D('',#1952,#1386,#1387);
#1240=AXIS2_PLACEMENT_3D('',#1963,#1392,#1393);
#1241=AXIS2_PLACEMENT_3D('',#1965,#1394,#1395);
#1242=AXIS2_PLACEMENT_3D('',#1968,#1397,#1398);
#1243=AXIS2_PLACEMENT_3D('',#1969,#1399,#1400);
#1244=AXIS2_PLACEMENT_3D('',#1975,#1404,#1405);
#1245=AXIS2_PLACEMENT_3D('',#1979,#1407,#1408);
#1246=AXIS2_PLACEMENT_3D('',#1981,#1409,#1410);
#1247=AXIS2_PLACEMENT_3D('',#1984,#1412,#1413);
#1248=AXIS2_PLACEMENT_3D('',#1985,#1414,#1415);
#1249=AXIS2_PLACEMENT_3D('',#2033,#1419,#1420);
#1250=AXIS2_PLACEMENT_3D('',#2034,#1421,#1422);
#1251=AXIS2_PLACEMENT_3D('',#2035,#1423,#1424);
#1252=AXIS2_PLACEMENT_3D('',#2042,#1429,#1430);
#1253=AXIS2_PLACEMENT_3D('',#2043,#1431,#1432);
#1254=AXIS2_PLACEMENT_3D('',#2049,#1436,#1437);
#1255=AXIS2_PLACEMENT_3D('',#2055,#1441,#1442);
#1256=AXIS2_PLACEMENT_3D('',#2061,#1446,#1447);
#1257=AXIS2_PLACEMENT_3D('',#2067,#1451,#1452);
#1258=AXIS2_PLACEMENT_3D('',#2073,#1456,#1457);
#1259=AXIS2_PLACEMENT_3D('',#2079,#1461,#1462);
#1260=AXIS2_PLACEMENT_3D('',#2082,#1465,#1466);
#1261=AXIS2_PLACEMENT_3D('',#2083,#1467,#1468);
#1262=AXIS2_PLACEMENT_3D('',#2095,#1472,#1473);
#1263=AXIS2_PLACEMENT_3D('',#2097,#1474,#1475);
#1264=AXIS2_PLACEMENT_3D('',#2098,#1476,#1477);
#1265=AXIS2_PLACEMENT_3D('',#2100,#1478,#1479);
#1266=AXIS2_PLACEMENT_3D('',#2102,#1481,#1482);
#1267=AXIS2_PLACEMENT_3D('',#2107,#1484,#1485);
#1268=AXIS2_PLACEMENT_3D('',#2109,#1486,#1487);
#1269=AXIS2_PLACEMENT_3D('',#2113,#1489,#1490);
#1270=AXIS2_PLACEMENT_3D('',#2121,#1491,#1492);
#1271=AXIS2_PLACEMENT_3D('',#2163,#1496,#1497);
#1272=AXIS2_PLACEMENT_3D('',#2165,#1498,#1499);
#1273=AXIS2_PLACEMENT_3D('',#2169,#1501,#1502);
#1274=AXIS2_PLACEMENT_3D('',#2171,#1504,#1505);
#1275=AXIS2_PLACEMENT_3D('',#2172,#1506,#1507);
#1276=AXIS2_PLACEMENT_3D('',#2173,#1508,#1509);
#1277=AXIS2_PLACEMENT_3D('',#2174,#1510,#1511);
#1278=AXIS2_PLACEMENT_3D('',#2177,#1514,#1515);
#1279=AXIS2_PLACEMENT_3D('',#2179,#1517,#1518);
#1280=AXIS2_PLACEMENT_3D('',#2180,#1519,#1520);
#1281=AXIS2_PLACEMENT_3D('',#2191,#1521,#1522);
#1282=AXIS2_PLACEMENT_3D('',#2206,#1525,#1526);
#1283=AXIS2_PLACEMENT_3D('',#2208,#1527,#1528);
#1284=AXIS2_PLACEMENT_3D('',#2211,#1530,#1531);
#1285=AXIS2_PLACEMENT_3D('',#2212,#1532,#1533);
#1286=AXIS2_PLACEMENT_3D('',#2228,#1537,#1538);
#1287=AXIS2_PLACEMENT_3D('',#2229,#1539,#1540);
#1288=AXIS2_PLACEMENT_3D('',#2230,#1541,#1542);
#1289=AXIS2_PLACEMENT_3D('',#2231,#1543,#1544);
#1290=AXIS2_PLACEMENT_3D('',#2232,#1545,#1546);
#1291=AXIS2_PLACEMENT_3D('',#2233,#1547,#1548);
#1292=AXIS2_PLACEMENT_3D('',#2234,#1549,#1550);
#1293=DIRECTION('axis',(0.,0.,1.));
#1294=DIRECTION('refdir',(1.,0.,0.));
#1295=DIRECTION('center_axis',(0.,0.,1.));
#1296=DIRECTION('ref_axis',(1.,0.,0.));
#1297=DIRECTION('',(1.,0.,0.));
#1298=DIRECTION('',(0.,-1.,0.));
#1299=DIRECTION('',(-1.,0.,0.));
#1300=DIRECTION('',(0.,-1.,0.));
#1301=DIRECTION('center_axis',(0.,1.,0.));
#1302=DIRECTION('ref_axis',(0.,0.,1.));
#1303=DIRECTION('',(-0.00585936360982271,0.,-0.999982833781704));
#1304=DIRECTION('',(0.00585936360982275,0.,0.999982833781704));
#1305=DIRECTION('',(-0.999982833781705,0.,0.00585936360979439));
#1306=DIRECTION('',(0.999982833781705,0.,-0.0058593636097938));
#1307=DIRECTION('',(-0.00585936360982279,0.,-0.999982833781704));
#1308=DIRECTION('',(-0.999982833781705,0.,0.00585936360979277));
#1309=DIRECTION('',(0.999982833781705,0.,-0.0058593636097937));
#1310=DIRECTION('center_axis',(0.999982833781704,0.,-0.00585936360982279));
#1311=DIRECTION('ref_axis',(-0.00585936360982279,0.,-0.999982833781704));
#1312=DIRECTION('',(0.,-1.,0.));
#1313=DIRECTION('',(0.00585936360982279,0.,0.999982833781704));
#1314=DIRECTION('',(0.,-1.,0.));
#1315=DIRECTION('center_axis',(-0.00585936360979277,0.,-0.999982833781705));
#1316=DIRECTION('ref_axis',(-0.999982833781705,0.,0.00585936360979277));
#1317=DIRECTION('',(0.999982833781705,0.,-0.00585936360979277));
#1318=DIRECTION('',(0.,-1.,0.));
#1319=DIRECTION('',(0.,-1.,0.));
#1320=DIRECTION('',(0.,-1.,0.));
#1321=DIRECTION('',(0.,-1.,0.));
#1322=DIRECTION('',(0.,-1.,0.));
#1323=DIRECTION('',(0.,-1.,0.));
#1324=DIRECTION('center_axis',(0.0058593636097937,0.,0.999982833781705));
#1325=DIRECTION('ref_axis',(0.999982833781705,0.,-0.0058593636097937));
#1326=DIRECTION('',(-0.999982833781705,0.,0.0058593636097937));
#1327=DIRECTION('center_axis',(0.999982833781704,0.,-0.00585936360982272));
#1328=DIRECTION('ref_axis',(-0.00585936360982272,0.,-0.999982833781704));
#1329=DIRECTION('',(0.,-1.,0.));
#1330=DIRECTION('',(0.00585936360982272,0.,0.999982833781704));
#1331=DIRECTION('',(0.,-1.,0.));
#1332=DIRECTION('center_axis',(-0.999982833781704,0.,0.00585936360982275));
#1333=DIRECTION('ref_axis',(0.00585936360982275,0.,0.999982833781704));
#1334=DIRECTION('',(0.,1.,0.));
#1335=DIRECTION('',(-0.00585936360982275,0.,-0.999982833781704));
#1336=DIRECTION('',(0.,-1.,0.));
#1337=DIRECTION('center_axis',(-0.00585936360979439,0.,-0.999982833781705));
#1338=DIRECTION('ref_axis',(-0.999982833781705,0.,0.00585936360979439));
#1339=DIRECTION('',(0.999982833781705,0.,-0.00585936360979439));
#1340=DIRECTION('',(0.,-1.,0.));
#1341=DIRECTION('',(0.,-1.,0.));
#1342=DIRECTION('',(0.,-1.,0.));
#1343=DIRECTION('',(0.,-1.,0.));
#1344=DIRECTION('',(0.,-1.,0.));
#1345=DIRECTION('',(0.,-1.,0.));
#1346=DIRECTION('',(0.,-1.,0.));
#1347=DIRECTION('center_axis',(0.0058593636097938,0.,0.999982833781705));
#1348=DIRECTION('ref_axis',(0.999982833781705,0.,-0.0058593636097938));
#1349=DIRECTION('',(-0.999982833781705,0.,0.0058593636097938));
#1350=DIRECTION('center_axis',(0.,0.,1.));
#1351=DIRECTION('ref_axis',(-1.,0.,0.));
#1352=DIRECTION('',(-1.,0.,0.));
#1353=DIRECTION('',(0.,1.,0.));
#1354=DIRECTION('',(-1.,0.,0.));
#1355=DIRECTION('',(0.,-1.,0.));
#1356=DIRECTION('',(1.,0.,0.));
#1357=DIRECTION('center_axis',(0.,1.,0.));
#1358=DIRECTION('ref_axis',(0.,0.,1.));
#1359=DIRECTION('center_axis',(1.16556337231207E-12,0.,-1.));
#1360=DIRECTION('ref_axis',(-1.,0.,-1.16556337231207E-12));
#1361=DIRECTION('',(1.,0.,1.16556337231207E-12));
#1362=DIRECTION('',(0.,1.,0.));
#1363=DIRECTION('',(1.,0.,1.16556337231207E-12));
#1364=DIRECTION('',(0.,1.,0.));
#1365=DIRECTION('center_axis',(0.,-1.,0.));
#1366=DIRECTION('ref_axis',(-1.,0.,-6.42525857079868E-13));
#1367=DIRECTION('center_axis',(0.,-1.,0.));
#1368=DIRECTION('ref_axis',(-1.,0.,-6.42525857079868E-13));
#1369=DIRECTION('',(0.,1.,0.));
#1370=DIRECTION('center_axis',(0.,1.,0.));
#1371=DIRECTION('ref_axis',(-1.,0.,-6.42525857079868E-13));
#1372=DIRECTION('center_axis',(-1.,0.,1.06752213907869E-16));
#1373=DIRECTION('ref_axis',(-1.06752213907869E-16,0.,-1.));
#1374=DIRECTION('',(-1.06752213907869E-16,0.,-1.));
#1375=DIRECTION('',(0.,-1.,0.));
#1376=DIRECTION('',(1.06752213907869E-16,0.,1.));
#1377=DIRECTION('',(1.06752213907869E-16,0.,1.));
#1378=DIRECTION('center_axis',(1.,0.,0.));
#1379=DIRECTION('ref_axis',(0.,0.,1.));
#1380=DIRECTION('',(0.,0.,1.));
#1381=DIRECTION('',(0.,-1.,0.));
#1382=DIRECTION('',(0.,0.,-1.));
#1383=DIRECTION('',(0.,-1.,0.));
#1384=DIRECTION('',(0.,0.,-1.));
#1385=DIRECTION('',(0.,-1.,0.));
#1386=DIRECTION('center_axis',(0.,0.,-1.));
#1387=DIRECTION('ref_axis',(1.,0.,0.));
#1388=DIRECTION('',(1.,0.,0.));
#1389=DIRECTION('',(1.,0.,0.));
#1390=DIRECTION('',(1.,0.,0.));
#1391=DIRECTION('',(-1.,0.,0.));
#1392=DIRECTION('center_axis',(0.,-1.,0.));
#1393=DIRECTION('ref_axis',(5.68765212729172E-12,0.,-1.));
#1394=DIRECTION('center_axis',(0.,-1.,0.));
#1395=DIRECTION('ref_axis',(5.68765212729172E-12,0.,-1.));
#1396=DIRECTION('',(0.,-1.,0.));
#1397=DIRECTION('center_axis',(0.,1.,0.));
#1398=DIRECTION('ref_axis',(5.68765212729172E-12,0.,-1.));
#1399=DIRECTION('center_axis',(1.,0.,1.36551954481156E-12));
#1400=DIRECTION('ref_axis',(-1.36551954481156E-12,0.,1.));
#1401=DIRECTION('',(-1.36551954481156E-12,0.,1.));
#1402=DIRECTION('',(0.,-1.,0.));
#1403=DIRECTION('',(1.36551954481156E-12,0.,-1.));
#1404=DIRECTION('center_axis',(0.,1.,0.));
#1405=DIRECTION('ref_axis',(1.,0.,0.));
#1406=DIRECTION('',(0.,-1.,0.));
#1407=DIRECTION('center_axis',(0.,1.,0.));
#1408=DIRECTION('ref_axis',(1.,0.,0.));
#1409=DIRECTION('center_axis',(0.,1.,0.));
#1410=DIRECTION('ref_axis',(1.,0.,0.));
#1411=DIRECTION('',(0.,1.,0.));
#1412=DIRECTION('center_axis',(0.,1.,0.));
#1413=DIRECTION('ref_axis',(-0.202332320735601,0.,0.979316921116829));
#1414=DIRECTION('center_axis',(0.979316921116922,0.,0.202332320735154));
#1415=DIRECTION('ref_axis',(0.202332320735154,0.,-0.979316921116922));
#1416=DIRECTION('',(0.,1.,0.));
#1417=DIRECTION('',(0.,1.,0.));
#1418=DIRECTION('',(0.202332320735154,0.,-0.979316921116922));
#1419=DIRECTION('center_axis',(0.,1.,0.));
#1420=DIRECTION('ref_axis',(1.,0.,0.));
#1421=DIRECTION('center_axis',(0.,-1.,0.));
#1422=DIRECTION('ref_axis',(-1.,0.,0.));
#1423=DIRECTION('center_axis',(0.,0.,1.));
#1424=DIRECTION('ref_axis',(-1.,0.,0.));
#1425=DIRECTION('',(1.,0.,0.));
#1426=DIRECTION('',(-1.,0.,0.));
#1427=DIRECTION('',(0.,1.,0.));
#1428=DIRECTION('',(-1.,0.,0.));
#1429=DIRECTION('center_axis',(0.,1.,0.));
#1430=DIRECTION('ref_axis',(0.,0.,1.));
#1431=DIRECTION('center_axis',(-1.,0.,-3.20256641718795E-16));
#1432=DIRECTION('ref_axis',(-3.20256641718795E-16,0.,1.));
#1433=DIRECTION('',(-3.20256641718795E-16,0.,1.));
#1434=DIRECTION('',(-3.20256641718795E-16,0.,1.));
#1435=DIRECTION('',(0.,1.,0.));
#1436=DIRECTION('center_axis',(1.,0.,5.65420726113513E-13));
#1437=DIRECTION('ref_axis',(5.65420726113513E-13,0.,-1.));
#1438=DIRECTION('',(5.65420726113513E-13,0.,-1.));
#1439=DIRECTION('',(0.,1.,0.));
#1440=DIRECTION('',(5.65420726113513E-13,0.,-1.));
#1441=DIRECTION('center_axis',(-4.45481339034548E-14,0.,1.));
#1442=DIRECTION('ref_axis',(1.,0.,4.45481339034548E-14));
#1443=DIRECTION('',(0.,1.,0.));
#1444=DIRECTION('',(1.,0.,4.45481339034548E-14));
#1445=DIRECTION('',(1.,0.,4.45481339034548E-14));
#1446=DIRECTION('center_axis',(1.,0.,0.));
#1447=DIRECTION('ref_axis',(0.,0.,-1.));
#1448=DIRECTION('',(0.,1.,0.));
#1449=DIRECTION('',(0.,0.,-1.));
#1450=DIRECTION('',(0.,0.,-1.));
#1451=DIRECTION('center_axis',(0.,0.,1.));
#1452=DIRECTION('ref_axis',(1.,0.,0.));
#1453=DIRECTION('',(0.,1.,0.));
#1454=DIRECTION('',(1.,0.,0.));
#1455=DIRECTION('',(1.,0.,0.));
#1456=DIRECTION('center_axis',(-1.,0.,0.));
#1457=DIRECTION('ref_axis',(0.,0.,1.));
#1458=DIRECTION('',(0.,1.,0.));
#1459=DIRECTION('',(0.,0.,1.));
#1460=DIRECTION('',(0.,0.,1.));
#1461=DIRECTION('center_axis',(0.,0.,-1.));
#1462=DIRECTION('ref_axis',(-1.,0.,0.));
#1463=DIRECTION('',(-1.,0.,0.));
#1464=DIRECTION('',(-1.,0.,0.));
#1465=DIRECTION('center_axis',(0.,1.,0.));
#1466=DIRECTION('ref_axis',(0.,0.,1.));
#1467=DIRECTION('center_axis',(-1.,0.,-1.1642575565484E-12));
#1468=DIRECTION('ref_axis',(1.1642575565484E-12,0.,-1.));
#1469=DIRECTION('',(-1.1642575565484E-12,0.,1.));
#1470=DIRECTION('',(0.,1.,0.));
#1471=DIRECTION('',(1.1642575565484E-12,0.,-1.));
#1472=DIRECTION('center_axis',(0.,1.,0.));
#1473=DIRECTION('ref_axis',(1.,0.,0.));
#1474=DIRECTION('center_axis',(0.,1.,0.));
#1475=DIRECTION('ref_axis',(1.,0.,0.));
#1476=DIRECTION('center_axis',(0.,1.,0.));
#1477=DIRECTION('ref_axis',(1.,0.,0.));
#1478=DIRECTION('center_axis',(0.,1.,0.));
#1479=DIRECTION('ref_axis',(-0.202332320735601,0.,0.979316921116829));
#1480=DIRECTION('',(0.,-1.,0.));
#1481=DIRECTION('center_axis',(0.,-1.,0.));
#1482=DIRECTION('ref_axis',(0.,0.,-1.));
#1483=DIRECTION('',(-1.02863519927381E-13,0.,1.));
#1484=DIRECTION('center_axis',(0.,-1.,0.));
#1485=DIRECTION('ref_axis',(-0.202332320735601,0.,0.979316921116829));
#1486=DIRECTION('center_axis',(0.,1.,0.));
#1487=DIRECTION('ref_axis',(1.,0.,0.));
#1488=DIRECTION('',(0.,0.,-1.));
#1489=DIRECTION('center_axis',(0.,1.,0.));
#1490=DIRECTION('ref_axis',(-1.,0.,0.));
#1491=DIRECTION('center_axis',(-1.,0.,-1.02863519927381E-13));
#1492=DIRECTION('ref_axis',(-1.02863519927381E-13,0.,1.));
#1493=DIRECTION('',(0.,1.,0.));
#1494=DIRECTION('',(-1.02863519927381E-13,0.,1.));
#1495=DIRECTION('',(0.,1.,0.));
#1496=DIRECTION('center_axis',(0.,-1.,0.));
#1497=DIRECTION('ref_axis',(-1.,0.,0.));
#1498=DIRECTION('center_axis',(0.,-1.,0.));
#1499=DIRECTION('ref_axis',(-1.,0.,0.));
#1500=DIRECTION('',(1.65502276883152E-16,0.,1.));
#1501=DIRECTION('center_axis',(0.,-1.,0.));
#1502=DIRECTION('ref_axis',(1.,0.,0.));
#1503=DIRECTION('',(-1.08448624066825E-16,0.,-1.));
#1504=DIRECTION('center_axis',(0.,-1.,0.));
#1505=DIRECTION('ref_axis',(-1.,0.,0.));
#1506=DIRECTION('center_axis',(0.,-1.,0.));
#1507=DIRECTION('ref_axis',(-1.,0.,0.));
#1508=DIRECTION('center_axis',(0.,-1.,0.));
#1509=DIRECTION('ref_axis',(-1.,0.,0.));
#1510=DIRECTION('center_axis',(1.,0.,-1.65502276883152E-16));
#1511=DIRECTION('ref_axis',(-1.65502276883152E-16,0.,-1.));
#1512=DIRECTION('',(0.,1.,0.));
#1513=DIRECTION('',(0.,1.,0.));
#1514=DIRECTION('center_axis',(0.,1.,0.));
#1515=DIRECTION('ref_axis',(1.,0.,0.));
#1516=DIRECTION('',(0.,1.,0.));
#1517=DIRECTION('center_axis',(0.,1.,0.));
#1518=DIRECTION('ref_axis',(-1.,0.,0.));
#1519=DIRECTION('center_axis',(1.,0.,-1.08448624066825E-16));
#1520=DIRECTION('ref_axis',(-1.08448624066825E-16,0.,-1.));
#1521=DIRECTION('center_axis',(-8.2356229407904E-15,0.,1.));
#1522=DIRECTION('ref_axis',(1.,0.,8.2356229407904E-15));
#1523=DIRECTION('',(0.,-1.,0.));
#1524=DIRECTION('',(-1.,0.,-8.2356229407904E-15));
#1525=DIRECTION('center_axis',(0.,1.,0.));
#1526=DIRECTION('ref_axis',(1.,0.,0.));
#1527=DIRECTION('center_axis',(0.,1.,0.));
#1528=DIRECTION('ref_axis',(1.,0.,0.));
#1529=DIRECTION('',(0.,1.,0.));
#1530=DIRECTION('center_axis',(0.,1.,0.));
#1531=DIRECTION('ref_axis',(1.,0.,0.));
#1532=DIRECTION('center_axis',(0.979316921116924,0.,0.202332320735143));
#1533=DIRECTION('ref_axis',(0.202332320735143,0.,-0.979316921116924));
#1534=DIRECTION('',(0.,1.,0.));
#1535=DIRECTION('',(0.202332320735143,0.,-0.979316921116924));
#1536=DIRECTION('',(-0.202332320735143,0.,0.979316921116924));
#1537=DIRECTION('center_axis',(0.,-1.,0.));
#1538=DIRECTION('ref_axis',(-1.,0.,0.));
#1539=DIRECTION('center_axis',(2.41400455230028E-17,-1.,1.50452378723546E-16));
#1540=DIRECTION('ref_axis',(0.372127020206996,1.48630325092733E-16,0.928181814534126));
#1541=DIRECTION('center_axis',(0.,1.,0.));
#1542=DIRECTION('ref_axis',(0.,0.,1.));
#1543=DIRECTION('center_axis',(0.,1.,0.));
#1544=DIRECTION('ref_axis',(0.,0.,1.));
#1545=DIRECTION('center_axis',(0.,-1.,0.));
#1546=DIRECTION('ref_axis',(-1.,0.,0.));
#1547=DIRECTION('center_axis',(0.,-1.,0.));
#1548=DIRECTION('ref_axis',(0.,0.,1.));
#1549=DIRECTION('center_axis',(0.,1.,0.));
#1550=DIRECTION('ref_axis',(0.372127020206996,0.,0.928181814534126));
#1551=CARTESIAN_POINT('',(0.,0.,0.));
#1552=CARTESIAN_POINT('Origin',(2.57529924866252,8.,27.7000000000012));
#1553=CARTESIAN_POINT('',(2.24513700886234,8.15,27.7000000000012));
#1554=CARTESIAN_POINT('',(2.90546148846271,8.15,27.7000000000012));
#1555=CARTESIAN_POINT('',(4.37499999999399,8.15,27.7000000000012));
#1556=CARTESIAN_POINT('',(2.90546148846271,8.2,27.7000000000012));
#1557=CARTESIAN_POINT('',(2.90546148846271,8.,27.7000000000012));
#1558=CARTESIAN_POINT('',(2.24513700886234,8.2,27.7000000000012));
#1559=CARTESIAN_POINT('',(4.37499999999399,8.2,27.7000000000012));
#1560=CARTESIAN_POINT('',(2.24513700886234,8.,27.7000000000012));
#1561=CARTESIAN_POINT('Origin',(0.320000000000227,8.2,31.6250000000006));
#1562=CARTESIAN_POINT('',(2.25222247682701,8.2,28.909234791662));
#1563=CARTESIAN_POINT('',(2.25222247682701,8.2,28.909234791662));
#1564=CARTESIAN_POINT('',(2.9298750224125,8.2,31.8665130357872));
#1565=CARTESIAN_POINT('',(2.90063803357343,8.2,26.8768095632931));
#1566=CARTESIAN_POINT('',(1.04767445860102,8.2,31.877541722598));
#1567=CARTESIAN_POINT('',(2.9298750224125,8.2,31.8665130357872));
#1568=CARTESIAN_POINT('',(0.288388577789169,8.2,31.8343383837073));
#1569=CARTESIAN_POINT('Ctrl Pts',(1.04767445860102,8.2,31.877541722598));
#1570=CARTESIAN_POINT('Ctrl Pts',(0.901356667633163,8.2,31.8779437812282));
#1571=CARTESIAN_POINT('Ctrl Pts',(0.647305774552078,8.2,31.8786418737391));
#1572=CARTESIAN_POINT('Ctrl Pts',(0.395267996234098,8.2,31.8475312072677));
#1573=CARTESIAN_POINT('Ctrl Pts',(0.288388577789169,8.2,31.8343383837073));
#1574=CARTESIAN_POINT('',(-0.329032528552852,8.2,31.6048005235068));
#1575=CARTESIAN_POINT('Ctrl Pts',(0.288388577789169,8.2,31.8343383837073));
#1576=CARTESIAN_POINT('Ctrl Pts',(0.173217096067295,8.2,31.811683287556));
#1577=CARTESIAN_POINT('Ctrl Pts',(-0.045285695644427,8.2,31.7687021460308));
#1578=CARTESIAN_POINT('Ctrl Pts',(-0.237929902091329,8.2,31.657424435253));
#1579=CARTESIAN_POINT('Ctrl Pts',(-0.329032528552852,8.2,31.6048005235068));
#1580=CARTESIAN_POINT('',(-0.73177961797246,8.2,31.1255320049953));
#1581=CARTESIAN_POINT('Ctrl Pts',(-0.329032528552852,8.2,31.6048005235068));
#1582=CARTESIAN_POINT('Ctrl Pts',(-0.408997432971595,8.2,31.5405480996621));
#1583=CARTESIAN_POINT('Ctrl Pts',(-0.57466285606689,8.2,31.4074346412205));
#1584=CARTESIAN_POINT('Ctrl Pts',(-0.678212345122468,8.2,31.2216436817423));
#1585=CARTESIAN_POINT('Ctrl Pts',(-0.73177961797246,8.2,31.1255320049953));
#1586=CARTESIAN_POINT('',(-0.887229143204077,8.2,30.4456957608095));
#1587=CARTESIAN_POINT('Ctrl Pts',(-0.73177961797246,8.2,31.1255320049953));
#1588=CARTESIAN_POINT('Ctrl Pts',(-0.776577804072859,8.2,31.0188600123926));
#1589=CARTESIAN_POINT('Ctrl Pts',(-0.867912953315363,8.2,30.8013757075029));
#1590=CARTESIAN_POINT('Ctrl Pts',(-0.880709211062982,8.2,30.5657509647472));
#1591=CARTESIAN_POINT('Ctrl Pts',(-0.887229143204077,8.2,30.4456957608095));
#1592=CARTESIAN_POINT('',(-0.488510772506071,8.2,29.3660773386538));
#1593=CARTESIAN_POINT('Ctrl Pts',(-0.887229143204077,8.2,30.4456957608095));
#1594=CARTESIAN_POINT('Ctrl Pts',(-0.872718912523345,8.2,30.2428973036213));
#1595=CARTESIAN_POINT('Ctrl Pts',(-0.844183919972777,8.2,29.8440854175489));
#1596=CARTESIAN_POINT('Ctrl Pts',(-0.605716129178052,8.2,29.5235958574906));
#1597=CARTESIAN_POINT('Ctrl Pts',(-0.488510772506071,8.2,29.3660773386538));
#1598=CARTESIAN_POINT('',(0.972462165523119,8.2,28.9167335013838));
#1599=CARTESIAN_POINT('Ctrl Pts',(-0.488510772506071,8.2,29.3660773386538));
#1600=CARTESIAN_POINT('Ctrl Pts',(-0.305709550217461,8.2,29.2372242388663));
#1601=CARTESIAN_POINT('Ctrl Pts',(0.127827747290409,8.2,28.9316320554114));
#1602=CARTESIAN_POINT('Ctrl Pts',(0.662965511899531,8.2,28.9221927302713));
#1603=CARTESIAN_POINT('Ctrl Pts',(0.972462165523119,8.2,28.9167335013838));
#1604=CARTESIAN_POINT('',(0.972462165523119,8.2,28.9167335013838));
#1605=CARTESIAN_POINT('',(2.26612300850245,8.2,31.2815560848093));
#1606=CARTESIAN_POINT('',(2.2556726797442,8.2,29.4980604594308));
#1607=CARTESIAN_POINT('',(2.26612300850245,8.2,31.2815560848093));
#1608=CARTESIAN_POINT('',(0.965701523016836,8.2,29.5056189992357));
#1609=CARTESIAN_POINT('',(2.2556726797442,8.2,29.4980604594308));
#1610=CARTESIAN_POINT('',(0.0583317207292613,8.2,29.7491971386888));
#1611=CARTESIAN_POINT('Ctrl Pts',(0.965701523016836,8.2,29.5056189992357));
#1612=CARTESIAN_POINT('Ctrl Pts',(0.778170687778199,8.2,29.5088525375285));
#1613=CARTESIAN_POINT('Ctrl Pts',(0.453194853817317,8.2,29.5144559989645));
#1614=CARTESIAN_POINT('Ctrl Pts',(0.175696594858838,8.2,29.6794252050537));
#1615=CARTESIAN_POINT('Ctrl Pts',(0.0583317207292613,8.2,29.7491971386888));
#1616=CARTESIAN_POINT('',(-0.206625377781338,8.2,30.4212853954238));
#1617=CARTESIAN_POINT('Ctrl Pts',(0.0583317207292613,8.2,29.7491971386888));
#1618=CARTESIAN_POINT('Ctrl Pts',(-0.0195011196763845,8.2,29.8406190844203));
#1619=CARTESIAN_POINT('Ctrl Pts',(-0.183833238910682,8.2,30.033642517823));
#1620=CARTESIAN_POINT('Ctrl Pts',(-0.198765502221503,8.2,30.2876066390381));
#1621=CARTESIAN_POINT('Ctrl Pts',(-0.206625377781338,8.2,30.4212853954238));
#1622=CARTESIAN_POINT('',(-0.0452158187732707,8.2,30.9564279332162));
#1623=CARTESIAN_POINT('Ctrl Pts',(-0.206625377781338,8.2,30.4212853954238));
#1624=CARTESIAN_POINT('Ctrl Pts',(-0.200463755747667,8.2,30.5204082199311));
#1625=CARTESIAN_POINT('Ctrl Pts',(-0.188573061681427,8.2,30.7116953801555));
#1626=CARTESIAN_POINT('Ctrl Pts',(-0.0918284676816358,8.2,30.8768530729521));
#1627=CARTESIAN_POINT('Ctrl Pts',(-0.0452158187732707,8.2,30.9564279332162));
#1628=CARTESIAN_POINT('',(0.373452411533542,8.2,31.24839785278));
#1629=CARTESIAN_POINT('Ctrl Pts',(-0.0452158187732707,8.2,30.9564279332162));
#1630=CARTESIAN_POINT('Ctrl Pts',(0.0119011474071534,8.2,31.0240356570407));
#1631=CARTESIAN_POINT('Ctrl Pts',(0.125558199926596,8.2,31.1585682684748));
#1632=CARTESIAN_POINT('Ctrl Pts',(0.291101085176314,8.2,31.218556149879));
#1633=CARTESIAN_POINT('Ctrl Pts',(0.373452411533542,8.2,31.24839785278));
#1634=CARTESIAN_POINT('',(0.989766362009397,8.2,31.289034850879));
#1635=CARTESIAN_POINT('Ctrl Pts',(0.373452411533542,8.2,31.24839785278));
#1636=CARTESIAN_POINT('Ctrl Pts',(0.452518741368059,8.2,31.2606880537071));
#1637=CARTESIAN_POINT('Ctrl Pts',(0.656533455237976,8.2,31.2924004378635));
#1638=CARTESIAN_POINT('Ctrl Pts',(0.863196198141071,8.2,31.2903131847034));
#1639=CARTESIAN_POINT('Ctrl Pts',(0.989766362009397,8.2,31.289034850879));
#1640=CARTESIAN_POINT('',(0.989766362009397,8.2,31.289034850879));
#1641=CARTESIAN_POINT('Origin',(2.26089784412333,8.,30.38980827212));
#1642=CARTESIAN_POINT('',(2.26612300850245,8.,31.2815560848093));
#1643=CARTESIAN_POINT('',(2.26612300850245,8.,31.2815560848093));
#1644=CARTESIAN_POINT('',(2.2556726797442,8.,29.4980604594308));
#1645=CARTESIAN_POINT('',(2.26448318314425,8.,31.0016968171831));
#1646=CARTESIAN_POINT('',(2.2556726797442,8.,29.4980604594308));
#1647=CARTESIAN_POINT('Origin',(1.61068710138052,8.,29.5018397293332));
#1648=CARTESIAN_POINT('',(0.965701523016836,8.,29.5056189992357));
#1649=CARTESIAN_POINT('',(0.959145629479921,8.,29.5056574132592));
#1650=CARTESIAN_POINT('',(0.965701523016836,8.,29.5056189992357));
#1651=CARTESIAN_POINT('Ctrl Pts',(0.965701523016836,8.2,29.5056189992357));
#1652=CARTESIAN_POINT('Ctrl Pts',(0.965701523016836,8.,29.5056189992357));
#1653=CARTESIAN_POINT('Ctrl Pts',(0.778170687778199,8.2,29.5088525375285));
#1654=CARTESIAN_POINT('Ctrl Pts',(0.778170687778199,8.,29.5088525375285));
#1655=CARTESIAN_POINT('Ctrl Pts',(0.453194853817317,8.2,29.5144559989645));
#1656=CARTESIAN_POINT('Ctrl Pts',(0.453194853817317,8.,29.5144559989645));
#1657=CARTESIAN_POINT('Ctrl Pts',(0.175696594858838,8.2,29.6794252050537));
#1658=CARTESIAN_POINT('Ctrl Pts',(0.175696594858838,8.,29.6794252050537));
#1659=CARTESIAN_POINT('Ctrl Pts',(0.0583317207292613,8.2,29.7491971386888));
#1660=CARTESIAN_POINT('Ctrl Pts',(0.0583317207292613,8.,29.7491971386888));
#1661=CARTESIAN_POINT('',(0.0583317207292613,8.,29.7491971386888));
#1662=CARTESIAN_POINT('Ctrl Pts',(0.0583317207292613,8.,29.7491971386888));
#1663=CARTESIAN_POINT('Ctrl Pts',(0.175696594858838,8.,29.6794252050537));
#1664=CARTESIAN_POINT('Ctrl Pts',(0.453194853817317,8.,29.5144559989645));
#1665=CARTESIAN_POINT('Ctrl Pts',(0.778170687778199,8.,29.5088525375285));
#1666=CARTESIAN_POINT('Ctrl Pts',(0.965701523016836,8.,29.5056189992357));
#1667=CARTESIAN_POINT('',(0.0583317207292613,8.,29.7491971386888));
#1668=CARTESIAN_POINT('Ctrl Pts',(0.0583317207292613,8.2,29.7491971386888));
#1669=CARTESIAN_POINT('Ctrl Pts',(0.0583317207292613,8.,29.7491971386888));
#1670=CARTESIAN_POINT('Ctrl Pts',(-0.0195011196763845,8.2,29.8406190844203));
#1671=CARTESIAN_POINT('Ctrl Pts',(-0.0195011196763845,8.,29.8406190844203));
#1672=CARTESIAN_POINT('Ctrl Pts',(-0.183833238910682,8.2,30.033642517823));
#1673=CARTESIAN_POINT('Ctrl Pts',(-0.183833238910682,8.,30.033642517823));
#1674=CARTESIAN_POINT('Ctrl Pts',(-0.198765502221503,8.2,30.2876066390381));
#1675=CARTESIAN_POINT('Ctrl Pts',(-0.198765502221503,8.,30.2876066390381));
#1676=CARTESIAN_POINT('Ctrl Pts',(-0.206625377781338,8.2,30.4212853954238));
#1677=CARTESIAN_POINT('Ctrl Pts',(-0.206625377781338,8.,30.4212853954238));
#1678=CARTESIAN_POINT('',(-0.206625377781338,8.,30.4212853954238));
#1679=CARTESIAN_POINT('Ctrl Pts',(-0.206625377781338,8.,30.4212853954238));
#1680=CARTESIAN_POINT('Ctrl Pts',(-0.198765502221503,8.,30.2876066390381));
#1681=CARTESIAN_POINT('Ctrl Pts',(-0.183833238910682,8.,30.033642517823));
#1682=CARTESIAN_POINT('Ctrl Pts',(-0.0195011196763845,8.,29.8406190844203));
#1683=CARTESIAN_POINT('Ctrl Pts',(0.0583317207292613,8.,29.7491971386888));
#1684=CARTESIAN_POINT('',(-0.206625377781338,8.,30.4212853954238));
#1685=CARTESIAN_POINT('Ctrl Pts',(-0.206625377781338,8.2,30.4212853954238));
#1686=CARTESIAN_POINT('Ctrl Pts',(-0.206625377781338,8.,30.4212853954238));
#1687=CARTESIAN_POINT('Ctrl Pts',(-0.200463755747667,8.2,30.5204082199311));
#1688=CARTESIAN_POINT('Ctrl Pts',(-0.200463755747667,8.,30.5204082199311));
#1689=CARTESIAN_POINT('Ctrl Pts',(-0.188573061681427,8.2,30.7116953801555));
#1690=CARTESIAN_POINT('Ctrl Pts',(-0.188573061681427,8.,30.7116953801555));
#1691=CARTESIAN_POINT('Ctrl Pts',(-0.0918284676816358,8.2,30.8768530729521));
#1692=CARTESIAN_POINT('Ctrl Pts',(-0.0918284676816358,8.,30.8768530729521));
#1693=CARTESIAN_POINT('Ctrl Pts',(-0.0452158187732707,8.2,30.9564279332162));
#1694=CARTESIAN_POINT('Ctrl Pts',(-0.0452158187732707,8.,30.9564279332162));
#1695=CARTESIAN_POINT('',(-0.0452158187732707,8.,30.9564279332162));
#1696=CARTESIAN_POINT('Ctrl Pts',(-0.0452158187732707,8.,30.9564279332162));
#1697=CARTESIAN_POINT('Ctrl Pts',(-0.0918284676816358,8.,30.8768530729521));
#1698=CARTESIAN_POINT('Ctrl Pts',(-0.188573061681427,8.,30.7116953801555));
#1699=CARTESIAN_POINT('Ctrl Pts',(-0.200463755747667,8.,30.5204082199311));
#1700=CARTESIAN_POINT('Ctrl Pts',(-0.206625377781338,8.,30.4212853954238));
#1701=CARTESIAN_POINT('',(-0.0452158187732707,8.,30.9564279332162));
#1702=CARTESIAN_POINT('Ctrl Pts',(-0.0452158187732707,8.2,30.9564279332162));
#1703=CARTESIAN_POINT('Ctrl Pts',(-0.0452158187732707,8.,30.9564279332162));
#1704=CARTESIAN_POINT('Ctrl Pts',(0.0119011474071534,8.2,31.0240356570407));
#1705=CARTESIAN_POINT('Ctrl Pts',(0.0119011474071534,8.,31.0240356570407));
#1706=CARTESIAN_POINT('Ctrl Pts',(0.125558199926596,8.2,31.1585682684748));
#1707=CARTESIAN_POINT('Ctrl Pts',(0.125558199926596,8.,31.1585682684748));
#1708=CARTESIAN_POINT('Ctrl Pts',(0.291101085176314,8.2,31.218556149879));
#1709=CARTESIAN_POINT('Ctrl Pts',(0.291101085176314,8.,31.218556149879));
#1710=CARTESIAN_POINT('Ctrl Pts',(0.373452411533542,8.2,31.24839785278));
#1711=CARTESIAN_POINT('Ctrl Pts',(0.373452411533542,8.,31.24839785278));
#1712=CARTESIAN_POINT('',(0.373452411533542,8.,31.24839785278));
#1713=CARTESIAN_POINT('Ctrl Pts',(0.373452411533542,8.,31.24839785278));
#1714=CARTESIAN_POINT('Ctrl Pts',(0.291101085176314,8.,31.218556149879));
#1715=CARTESIAN_POINT('Ctrl Pts',(0.125558199926596,8.,31.1585682684748));
#1716=CARTESIAN_POINT('Ctrl Pts',(0.0119011474071534,8.,31.0240356570407));
#1717=CARTESIAN_POINT('Ctrl Pts',(-0.0452158187732707,8.,30.9564279332162));
#1718=CARTESIAN_POINT('',(0.373452411533542,8.,31.24839785278));
#1719=CARTESIAN_POINT('Ctrl Pts',(0.373452411533542,8.2,31.24839785278));
#1720=CARTESIAN_POINT('Ctrl Pts',(0.373452411533542,8.,31.24839785278));
#1721=CARTESIAN_POINT('Ctrl Pts',(0.452518741368059,8.2,31.2606880537071));
#1722=CARTESIAN_POINT('Ctrl Pts',(0.452518741368059,8.,31.2606880537071));
#1723=CARTESIAN_POINT('Ctrl Pts',(0.656533455237976,8.2,31.2924004378635));
#1724=CARTESIAN_POINT('Ctrl Pts',(0.656533455237976,8.,31.2924004378635));
#1725=CARTESIAN_POINT('Ctrl Pts',(0.863196198141071,8.2,31.2903131847034));
#1726=CARTESIAN_POINT('Ctrl Pts',(0.863196198141071,8.,31.2903131847034));
#1727=CARTESIAN_POINT('Ctrl Pts',(0.989766362009397,8.2,31.289034850879));
#1728=CARTESIAN_POINT('Ctrl Pts',(0.989766362009397,8.,31.289034850879));
#1729=CARTESIAN_POINT('',(0.989766362009397,8.,31.289034850879));
#1730=CARTESIAN_POINT('Ctrl Pts',(0.989766362009397,8.,31.289034850879));
#1731=CARTESIAN_POINT('Ctrl Pts',(0.863196198141071,8.,31.2903131847034));
#1732=CARTESIAN_POINT('Ctrl Pts',(0.656533455237976,8.,31.2924004378635));
#1733=CARTESIAN_POINT('Ctrl Pts',(0.452518741368059,8.,31.2606880537071));
#1734=CARTESIAN_POINT('Ctrl Pts',(0.373452411533542,8.,31.24839785278));
#1735=CARTESIAN_POINT('',(0.989766362009397,8.,31.289034850879));
#1736=CARTESIAN_POINT('Origin',(1.62794468525592,8.,31.2852954678441));
#1737=CARTESIAN_POINT('',(0.972999585796719,8.,31.2891330952039));
#1738=CARTESIAN_POINT('Origin',(2.24867974284467,8.,28.3046173958316));
#1739=CARTESIAN_POINT('',(2.25222247682701,8.,28.909234791662));
#1740=CARTESIAN_POINT('',(2.25222247682701,8.,28.909234791662));
#1741=CARTESIAN_POINT('',(2.24513700886234,8.,27.7000000000012));
#1742=CARTESIAN_POINT('',(2.25837413250492,8.,29.9591013790389));
#1743=CARTESIAN_POINT('',(2.24513700886234,7.15,27.7000000000012));
#1744=CARTESIAN_POINT('Origin',(2.9176682554376,8.,29.7832565178942));
#1745=CARTESIAN_POINT('',(2.90546148846271,8.,27.7000000000012));
#1746=CARTESIAN_POINT('',(2.90546148846271,7.15,27.7000000000012));
#1747=CARTESIAN_POINT('',(2.9298750224125,8.,31.8665130357872));
#1748=CARTESIAN_POINT('',(2.9230192934247,8.,30.6964864326657));
#1749=CARTESIAN_POINT('',(2.9298750224125,8.,31.8665130357872));
#1750=CARTESIAN_POINT('Origin',(1.98877474050676,8.,31.8720273791926));
#1751=CARTESIAN_POINT('',(1.04767445860102,8.,31.877541722598));
#1752=CARTESIAN_POINT('',(1.15513971575384,8.,31.8769120337715));
#1753=CARTESIAN_POINT('',(1.04767445860102,8.,31.877541722598));
#1754=CARTESIAN_POINT('Ctrl Pts',(1.04767445860102,8.2,31.877541722598));
#1755=CARTESIAN_POINT('Ctrl Pts',(1.04767445860102,8.,31.877541722598));
#1756=CARTESIAN_POINT('Ctrl Pts',(0.901356667633163,8.2,31.8779437812282));
#1757=CARTESIAN_POINT('Ctrl Pts',(0.901356667633163,8.,31.8779437812282));
#1758=CARTESIAN_POINT('Ctrl Pts',(0.647305774552078,8.2,31.8786418737391));
#1759=CARTESIAN_POINT('Ctrl Pts',(0.647305774552078,8.,31.8786418737391));
#1760=CARTESIAN_POINT('Ctrl Pts',(0.395267996234098,8.2,31.8475312072677));
#1761=CARTESIAN_POINT('Ctrl Pts',(0.395267996234098,8.,31.8475312072677));
#1762=CARTESIAN_POINT('Ctrl Pts',(0.288388577789169,8.2,31.8343383837073));
#1763=CARTESIAN_POINT('Ctrl Pts',(0.288388577789169,8.,31.8343383837073));
#1764=CARTESIAN_POINT('',(0.288388577789169,8.,31.8343383837073));
#1765=CARTESIAN_POINT('Ctrl Pts',(0.288388577789169,8.,31.8343383837073));
#1766=CARTESIAN_POINT('Ctrl Pts',(0.395267996234098,8.,31.8475312072677));
#1767=CARTESIAN_POINT('Ctrl Pts',(0.647305774552078,8.,31.8786418737391));
#1768=CARTESIAN_POINT('Ctrl Pts',(0.901356667633163,8.,31.8779437812282));
#1769=CARTESIAN_POINT('Ctrl Pts',(1.04767445860102,8.,31.877541722598));
#1770=CARTESIAN_POINT('',(0.288388577789169,8.,31.8343383837073));
#1771=CARTESIAN_POINT('Ctrl Pts',(0.288388577789169,8.2,31.8343383837073));
#1772=CARTESIAN_POINT('Ctrl Pts',(0.288388577789169,8.,31.8343383837073));
#1773=CARTESIAN_POINT('Ctrl Pts',(0.173217096067295,8.2,31.811683287556));
#1774=CARTESIAN_POINT('Ctrl Pts',(0.173217096067295,8.,31.811683287556));
#1775=CARTESIAN_POINT('Ctrl Pts',(-0.045285695644427,8.2,31.7687021460308));
#1776=CARTESIAN_POINT('Ctrl Pts',(-0.045285695644427,8.,31.7687021460308));
#1777=CARTESIAN_POINT('Ctrl Pts',(-0.237929902091329,8.2,31.657424435253));
#1778=CARTESIAN_POINT('Ctrl Pts',(-0.237929902091329,8.,31.657424435253));
#1779=CARTESIAN_POINT('Ctrl Pts',(-0.329032528552852,8.2,31.6048005235068));
#1780=CARTESIAN_POINT('Ctrl Pts',(-0.329032528552852,8.,31.6048005235068));
#1781=CARTESIAN_POINT('',(-0.329032528552852,8.,31.6048005235068));
#1782=CARTESIAN_POINT('Ctrl Pts',(-0.329032528552852,8.,31.6048005235068));
#1783=CARTESIAN_POINT('Ctrl Pts',(-0.237929902091329,8.,31.657424435253));
#1784=CARTESIAN_POINT('Ctrl Pts',(-0.045285695644427,8.,31.7687021460308));
#1785=CARTESIAN_POINT('Ctrl Pts',(0.173217096067295,8.,31.811683287556));
#1786=CARTESIAN_POINT('Ctrl Pts',(0.288388577789169,8.,31.8343383837073));
#1787=CARTESIAN_POINT('',(-0.329032528552852,8.,31.6048005235068));
#1788=CARTESIAN_POINT('Ctrl Pts',(-0.329032528552852,8.2,31.6048005235068));
#1789=CARTESIAN_POINT('Ctrl Pts',(-0.329032528552852,8.,31.6048005235068));
#1790=CARTESIAN_POINT('Ctrl Pts',(-0.408997432971595,8.2,31.5405480996621));
#1791=CARTESIAN_POINT('Ctrl Pts',(-0.408997432971595,8.,31.5405480996621));
#1792=CARTESIAN_POINT('Ctrl Pts',(-0.57466285606689,8.2,31.4074346412205));
#1793=CARTESIAN_POINT('Ctrl Pts',(-0.57466285606689,8.,31.4074346412205));
#1794=CARTESIAN_POINT('Ctrl Pts',(-0.678212345122468,8.2,31.2216436817423));
#1795=CARTESIAN_POINT('Ctrl Pts',(-0.678212345122468,8.,31.2216436817423));
#1796=CARTESIAN_POINT('Ctrl Pts',(-0.73177961797246,8.2,31.1255320049953));
#1797=CARTESIAN_POINT('Ctrl Pts',(-0.73177961797246,8.,31.1255320049953));
#1798=CARTESIAN_POINT('',(-0.73177961797246,8.,31.1255320049953));
#1799=CARTESIAN_POINT('Ctrl Pts',(-0.73177961797246,8.,31.1255320049953));
#1800=CARTESIAN_POINT('Ctrl Pts',(-0.678212345122468,8.,31.2216436817423));
#1801=CARTESIAN_POINT('Ctrl Pts',(-0.57466285606689,8.,31.4074346412205));
#1802=CARTESIAN_POINT('Ctrl Pts',(-0.408997432971595,8.,31.5405480996621));
#1803=CARTESIAN_POINT('Ctrl Pts',(-0.329032528552852,8.,31.6048005235068));
#1804=CARTESIAN_POINT('',(-0.73177961797246,8.,31.1255320049953));
#1805=CARTESIAN_POINT('Ctrl Pts',(-0.73177961797246,8.2,31.1255320049953));
#1806=CARTESIAN_POINT('Ctrl Pts',(-0.73177961797246,8.,31.1255320049953));
#1807=CARTESIAN_POINT('Ctrl Pts',(-0.776577804072859,8.2,31.0188600123926));
#1808=CARTESIAN_POINT('Ctrl Pts',(-0.776577804072859,8.,31.0188600123926));
#1809=CARTESIAN_POINT('Ctrl Pts',(-0.867912953315363,8.2,30.8013757075029));
#1810=CARTESIAN_POINT('Ctrl Pts',(-0.867912953315363,8.,30.8013757075029));
#1811=CARTESIAN_POINT('Ctrl Pts',(-0.880709211062982,8.2,30.5657509647472));
#1812=CARTESIAN_POINT('Ctrl Pts',(-0.880709211062982,8.,30.5657509647472));
#1813=CARTESIAN_POINT('Ctrl Pts',(-0.887229143204077,8.2,30.4456957608095));
#1814=CARTESIAN_POINT('Ctrl Pts',(-0.887229143204077,8.,30.4456957608095));
#1815=CARTESIAN_POINT('',(-0.887229143204077,8.,30.4456957608095));
#1816=CARTESIAN_POINT('Ctrl Pts',(-0.887229143204077,8.,30.4456957608095));
#1817=CARTESIAN_POINT('Ctrl Pts',(-0.880709211062982,8.,30.5657509647472));
#1818=CARTESIAN_POINT('Ctrl Pts',(-0.867912953315363,8.,30.8013757075029));
#1819=CARTESIAN_POINT('Ctrl Pts',(-0.776577804072859,8.,31.0188600123926));
#1820=CARTESIAN_POINT('Ctrl Pts',(-0.73177961797246,8.,31.1255320049953));
#1821=CARTESIAN_POINT('',(-0.887229143204077,8.,30.4456957608095));
#1822=CARTESIAN_POINT('Ctrl Pts',(-0.887229143204077,8.2,30.4456957608095));
#1823=CARTESIAN_POINT('Ctrl Pts',(-0.887229143204077,8.,30.4456957608095));
#1824=CARTESIAN_POINT('Ctrl Pts',(-0.872718912523345,8.2,30.2428973036213));
#1825=CARTESIAN_POINT('Ctrl Pts',(-0.872718912523345,8.,30.2428973036213));
#1826=CARTESIAN_POINT('Ctrl Pts',(-0.844183919972777,8.2,29.8440854175489));
#1827=CARTESIAN_POINT('Ctrl Pts',(-0.844183919972777,8.,29.8440854175489));
#1828=CARTESIAN_POINT('Ctrl Pts',(-0.605716129178052,8.2,29.5235958574906));
#1829=CARTESIAN_POINT('Ctrl Pts',(-0.605716129178052,8.,29.5235958574906));
#1830=CARTESIAN_POINT('Ctrl Pts',(-0.488510772506071,8.2,29.3660773386538));
#1831=CARTESIAN_POINT('Ctrl Pts',(-0.488510772506071,8.,29.3660773386538));
#1832=CARTESIAN_POINT('',(-0.488510772506071,8.,29.3660773386538));
#1833=CARTESIAN_POINT('Ctrl Pts',(-0.488510772506071,8.,29.3660773386538));
#1834=CARTESIAN_POINT('Ctrl Pts',(-0.605716129178052,8.,29.5235958574906));
#1835=CARTESIAN_POINT('Ctrl Pts',(-0.844183919972777,8.,29.8440854175489));
#1836=CARTESIAN_POINT('Ctrl Pts',(-0.872718912523345,8.,30.2428973036213));
#1837=CARTESIAN_POINT('Ctrl Pts',(-0.887229143204077,8.,30.4456957608095));
#1838=CARTESIAN_POINT('',(-0.488510772506071,8.,29.3660773386538));
#1839=CARTESIAN_POINT('Ctrl Pts',(-0.488510772506071,8.2,29.3660773386538));
#1840=CARTESIAN_POINT('Ctrl Pts',(-0.488510772506071,8.,29.3660773386538));
#1841=CARTESIAN_POINT('Ctrl Pts',(-0.305709550217461,8.2,29.2372242388663));
#1842=CARTESIAN_POINT('Ctrl Pts',(-0.305709550217461,8.,29.2372242388663));
#1843=CARTESIAN_POINT('Ctrl Pts',(0.127827747290409,8.2,28.9316320554114));
#1844=CARTESIAN_POINT('Ctrl Pts',(0.127827747290409,8.,28.9316320554114));
#1845=CARTESIAN_POINT('Ctrl Pts',(0.662965511899531,8.2,28.9221927302713));
#1846=CARTESIAN_POINT('Ctrl Pts',(0.662965511899531,8.,28.9221927302713));
#1847=CARTESIAN_POINT('Ctrl Pts',(0.972462165523119,8.2,28.9167335013838));
#1848=CARTESIAN_POINT('Ctrl Pts',(0.972462165523119,8.,28.9167335013838));
#1849=CARTESIAN_POINT('',(0.972462165523119,8.,28.9167335013838));
#1850=CARTESIAN_POINT('Ctrl Pts',(0.972462165523119,8.,28.9167335013838));
#1851=CARTESIAN_POINT('Ctrl Pts',(0.662965511899531,8.,28.9221927302713));
#1852=CARTESIAN_POINT('Ctrl Pts',(0.127827747290409,8.,28.9316320554114));
#1853=CARTESIAN_POINT('Ctrl Pts',(-0.305709550217461,8.,29.2372242388663));
#1854=CARTESIAN_POINT('Ctrl Pts',(-0.488510772506071,8.,29.3660773386538));
#1855=CARTESIAN_POINT('',(0.972462165523119,8.,28.9167335013838));
#1856=CARTESIAN_POINT('Origin',(1.61234232117507,8.,28.9129841465229));
#1857=CARTESIAN_POINT('',(0.958248137918607,8.,28.9168167879696));
#1858=CARTESIAN_POINT('Origin',(4.37499999999399,6.3,27.7000000000012));
#1859=CARTESIAN_POINT('',(-2.21499999999947,8.,27.7000000000012));
#1860=CARTESIAN_POINT('',(4.37499999999399,8.,27.7000000000012));
#1861=CARTESIAN_POINT('',(-2.21499999999947,6.8,27.7000000000012));
#1862=CARTESIAN_POINT('',(-2.21499999999947,6.3,27.7000000000012));
#1863=CARTESIAN_POINT('',(-2.42500000000601,6.8,27.7000000000012));
#1864=CARTESIAN_POINT('',(4.37499999999399,6.8,27.7000000000012));
#1865=CARTESIAN_POINT('',(-2.42500000000601,8.15,27.7000000000012));
#1866=CARTESIAN_POINT('',(-2.42500000000601,6.3,27.7000000000012));
#1867=CARTESIAN_POINT('',(4.37499999999399,8.15,27.7000000000012));
#1868=CARTESIAN_POINT('Origin',(0.320000000000227,8.,31.6250000000006));
#1869=CARTESIAN_POINT('Origin',(-1.42291576166783,4.3,36.499999999995));
#1870=CARTESIAN_POINT('',(-4.07933735994422,6.8,36.4999999999919));
#1871=CARTESIAN_POINT('',(-1.42291576166783,6.8,36.499999999995));
#1872=CARTESIAN_POINT('',(-0.519467460845306,6.8,36.4999999999961));
#1873=CARTESIAN_POINT('',(-1.42291576166783,4.3,36.499999999995));
#1874=CARTESIAN_POINT('',(-1.42291576166783,4.3,36.499999999995));
#1875=CARTESIAN_POINT('',(-4.07933735994473,4.3,36.4999999999919));
#1876=CARTESIAN_POINT('',(-1.22500000000056,4.3,36.4999999999952));
#1877=CARTESIAN_POINT('',(-4.07933735994473,4.3,36.4999999999919));
#1878=CARTESIAN_POINT('Origin',(-1.73799999971641,6.3,26.2370000002749));
#1879=CARTESIAN_POINT('',(-2.85276793126463,6.8,23.7373077271513));
#1880=CARTESIAN_POINT('',(-2.85276793126462,6.7,23.7373077271513));
#1881=CARTESIAN_POINT('Ctrl Pts',(-2.85276793126462,6.8,23.7373077271513));
#1882=CARTESIAN_POINT('Ctrl Pts',(-2.85276793126462,6.76666666666667,23.7373077271513));
#1883=CARTESIAN_POINT('Ctrl Pts',(-2.85276793126462,6.73333333333333,23.7373077271513));
#1884=CARTESIAN_POINT('Ctrl Pts',(-2.85276793126462,6.7,23.7373077271513));
#1885=CARTESIAN_POINT('',(-2.42500000000601,6.7,23.587622714737));
#1886=CARTESIAN_POINT('Origin',(-1.73799999971641,6.7,26.2370000002749));
#1887=CARTESIAN_POINT('',(-2.42500000000601,6.8,23.587622714737));
#1888=CARTESIAN_POINT('',(-2.42500000000601,6.3,23.587622714737));
#1889=CARTESIAN_POINT('Origin',(-1.73799999971641,6.8,26.2370000002749));
#1890=CARTESIAN_POINT('Origin',(-2.42500000000601,6.3,27.7000000000012));
#1891=CARTESIAN_POINT('',(-2.42500000000601,6.7,23.1000000000012));
#1892=CARTESIAN_POINT('',(-2.42500000000601,6.7,28.6000000000006));
#1893=CARTESIAN_POINT('',(-2.42500000000601,8.15,23.1000000000012));
#1894=CARTESIAN_POINT('',(-2.42500000000601,6.3,23.1000000000012));
#1895=CARTESIAN_POINT('',(-2.42500000000601,8.15,27.7000000000012));
#1896=CARTESIAN_POINT('',(-2.42500000000601,6.8,28.8499953435891));
#1897=CARTESIAN_POINT('Ctrl Pts',(1.475,-1.,12.5));
#1898=CARTESIAN_POINT('Ctrl Pts',(1.475,7.2,12.5));
#1899=CARTESIAN_POINT('Ctrl Pts',(1.475,-1.,12.7975827323382));
#1900=CARTESIAN_POINT('Ctrl Pts',(1.475,7.2,12.7975827323382));
#1901=CARTESIAN_POINT('Ctrl Pts',(1.40352898908272,-1.,13.4603481683196));
#1902=CARTESIAN_POINT('Ctrl Pts',(1.40352898908272,7.2,13.4603481683196));
#1903=CARTESIAN_POINT('Ctrl Pts',(1.08213145378448,-1.,14.6570862471732));
#1904=CARTESIAN_POINT('Ctrl Pts',(1.08213145378448,7.2,14.6570862471732));
#1905=CARTESIAN_POINT('Ctrl Pts',(0.309526568536812,-1.,16.578175947145));
#1906=CARTESIAN_POINT('Ctrl Pts',(0.309526568536812,7.2,16.578175947145));
#1907=CARTESIAN_POINT('Ctrl Pts',(-0.859526568536741,-1.,19.1718240528554));
#1908=CARTESIAN_POINT('Ctrl Pts',(-0.859526568536741,7.2,19.1718240528554));
#1909=CARTESIAN_POINT('Ctrl Pts',(-1.63213145378444,-1.,21.092913752827));
#1910=CARTESIAN_POINT('Ctrl Pts',(-1.63213145378444,7.2,21.092913752827));
#1911=CARTESIAN_POINT('Ctrl Pts',(-1.95352898908272,-1.,22.2896518316804));
#1912=CARTESIAN_POINT('Ctrl Pts',(-1.95352898908272,7.2,22.2896518316804));
#1913=CARTESIAN_POINT('Ctrl Pts',(-2.025,-1.,22.9524172676618));
#1914=CARTESIAN_POINT('Ctrl Pts',(-2.025,7.2,22.9524172676618));
#1915=CARTESIAN_POINT('Ctrl Pts',(-2.025,-1.,23.25));
#1916=CARTESIAN_POINT('Ctrl Pts',(-2.025,7.2,23.25));
#1917=CARTESIAN_POINT('',(-2.0215274432902,6.7,23.1000000000012));
#1918=CARTESIAN_POINT('',(-1.9489731801828,6.7,22.48822105306));
#1919=CARTESIAN_POINT('Ctrl Pts',(-2.0215274432902,6.7,23.1000000000012));
#1920=CARTESIAN_POINT('Ctrl Pts',(-2.01292142776714,6.7,22.9099642473177));
#1921=CARTESIAN_POINT('Ctrl Pts',(-1.98842586508568,6.7,22.7063238833253));
#1922=CARTESIAN_POINT('Ctrl Pts',(-1.9489731801828,6.7,22.48822105306));
#1923=CARTESIAN_POINT('',(-1.9489731801828,7.2,22.48822105306));
#1924=CARTESIAN_POINT('Ctrl Pts',(-1.9489731801828,6.7,22.48822105306));
#1925=CARTESIAN_POINT('Ctrl Pts',(-1.9489731801828,6.86666666666667,22.48822105306));
#1926=CARTESIAN_POINT('Ctrl Pts',(-1.9489731801828,7.03333333333334,22.48822105306));
#1927=CARTESIAN_POINT('Ctrl Pts',(-1.9489731801828,7.2,22.48822105306));
#1928=CARTESIAN_POINT('',(-2.0215274432902,7.2,23.1000000000012));
#1929=CARTESIAN_POINT('Ctrl Pts',(-1.9489731801828,7.2,22.48822105306));
#1930=CARTESIAN_POINT('Ctrl Pts',(-1.97267941970314,7.2,22.6192741853642));
#1931=CARTESIAN_POINT('Ctrl Pts',(-1.99190068358114,7.2,22.7460852589535));
#1932=CARTESIAN_POINT('Ctrl Pts',(-2.00650084170865,7.2,22.8685255168496));
#1933=CARTESIAN_POINT('Ctrl Pts',(-2.01638780441103,7.2,22.9865078571731));
#1934=CARTESIAN_POINT('Ctrl Pts',(-2.0215274432902,7.2,23.1000000000012));
#1935=CARTESIAN_POINT('Ctrl Pts',(-2.0215274432902,6.7,23.1000000000012));
#1936=CARTESIAN_POINT('Ctrl Pts',(-2.0215274432902,6.86666666666667,23.1000000000012));
#1937=CARTESIAN_POINT('Ctrl Pts',(-2.0215274432902,7.03333333333333,23.1000000000012));
#1938=CARTESIAN_POINT('Ctrl Pts',(-2.0215274432902,7.2,23.1000000000012));
#1939=CARTESIAN_POINT('Origin',(4.37499999999399,6.3,23.1000000000012));
#1940=CARTESIAN_POINT('',(4.37499999997623,6.7,23.1000000000012));
#1941=CARTESIAN_POINT('',(4.37499999999399,6.7,23.5715139397848));
#1942=CARTESIAN_POINT('',(4.37499999999399,6.7,26.3000000000006));
#1943=CARTESIAN_POINT('',(4.37499999999399,6.8,23.5715139397848));
#1944=CARTESIAN_POINT('',(4.37499999999399,6.3,23.5715139397848));
#1945=CARTESIAN_POINT('',(4.37499999999399,6.8,27.7000000000012));
#1946=CARTESIAN_POINT('',(4.37499999999399,6.8,26.5499953435891));
#1947=CARTESIAN_POINT('',(4.37499999999399,8.15,27.7000000000012));
#1948=CARTESIAN_POINT('',(4.37499999999399,6.3,27.7000000000012));
#1949=CARTESIAN_POINT('',(4.37499999997623,8.15,23.1000000000012));
#1950=CARTESIAN_POINT('',(4.37499999999399,8.15,25.0999999999798));
#1951=CARTESIAN_POINT('',(4.37499999997623,6.3,23.1000000000012));
#1952=CARTESIAN_POINT('Origin',(-2.42500000000601,6.3,23.1000000000012));
#1953=CARTESIAN_POINT('',(-0.595757233129747,6.7,23.1000000000012));
#1954=CARTESIAN_POINT('',(3.97507043591986,7.2,23.1000000000012));
#1955=CARTESIAN_POINT('',(0.406249999996998,7.2,23.1000000000012));
#1956=CARTESIAN_POINT('',(3.97507043591986,6.7,23.1000000000012));
#1957=CARTESIAN_POINT('Ctrl Pts',(3.97507043591986,7.2,23.1000000000012));
#1958=CARTESIAN_POINT('Ctrl Pts',(3.97507043591986,7.03333333333333,23.1000000000012));
#1959=CARTESIAN_POINT('Ctrl Pts',(3.97507043591986,6.86666666666667,23.1000000000012));
#1960=CARTESIAN_POINT('Ctrl Pts',(3.97507043591986,6.7,23.1000000000012));
#1961=CARTESIAN_POINT('',(-0.595757233129747,6.7,23.1000000000012));
#1962=CARTESIAN_POINT('',(4.37499999997623,8.15,23.1000000000012));
#1963=CARTESIAN_POINT('Origin',(3.76200000027528,6.3,26.1629999997344));
#1964=CARTESIAN_POINT('',(6.42500000000643,6.7,26.1629999997385));
#1965=CARTESIAN_POINT('Origin',(3.76200000027528,6.7,26.1629999997344));
#1966=CARTESIAN_POINT('',(6.42500000000643,6.8,26.1629999997385));
#1967=CARTESIAN_POINT('',(6.42500000000643,6.3,26.1629999997385));
#1968=CARTESIAN_POINT('Origin',(3.76200000027528,6.8,26.1629999997344));
#1969=CARTESIAN_POINT('Origin',(6.42500000000661,6.3,26.1629999997385));
#1970=CARTESIAN_POINT('',(6.42499999999297,6.7,36.1524266127793));
#1971=CARTESIAN_POINT('',(6.42500000000433,6.7,27.8314999998728));
#1972=CARTESIAN_POINT('',(6.42499999999297,6.8,36.1524266127793));
#1973=CARTESIAN_POINT('',(6.42499999999297,8.5,36.1524266127793));
#1974=CARTESIAN_POINT('',(6.42500000000661,6.8,26.1629999997385));
#1975=CARTESIAN_POINT('Origin',(0.975000000000001,8.5,31.));
#1976=CARTESIAN_POINT('',(6.08403961154514,7.,36.490693421387));
#1977=CARTESIAN_POINT('',(6.08403961154514,6.8,36.490693421387));
#1978=CARTESIAN_POINT('',(6.08403961154514,8.5,36.490693421387));
#1979=CARTESIAN_POINT('Origin',(0.975000000000001,6.8,31.));
#1980=CARTESIAN_POINT('',(6.47052197104401,6.7,36.103845439056));
#1981=CARTESIAN_POINT('Origin',(0.975000000000001,6.7,31.));
#1982=CARTESIAN_POINT('',(6.47052197104401,7.,36.103845439056));
#1983=CARTESIAN_POINT('',(6.47052197104401,8.5,36.103845439056));
#1984=CARTESIAN_POINT('Origin',(0.975000000000001,7.,31.));
#1985=CARTESIAN_POINT('Origin',(-4.33203832012516,0.,36.2995607618673));
#1986=CARTESIAN_POINT('',(-4.32468968674106,6.8,36.2639923415873));
#1987=CARTESIAN_POINT('',(-4.32468968674106,7.3,36.2639923415873));
#1988=CARTESIAN_POINT('',(-4.32468968674106,7.3,36.2639923415873));
#1989=CARTESIAN_POINT('',(-4.33203832012516,7.,36.2995607618673));
#1990=CARTESIAN_POINT('Ctrl Pts',(-4.33203832012517,7.,36.2995607618673));
#1991=CARTESIAN_POINT('Ctrl Pts',(-4.33203832012517,7.09505756933715,36.2995607618673));
#1992=CARTESIAN_POINT('Ctrl Pts',(-4.32966493340549,7.19957080039915,36.2880732359669));
#1993=CARTESIAN_POINT('Ctrl Pts',(-4.32468968674106,7.3,36.2639923415873));
#1994=CARTESIAN_POINT('',(-4.33203832012516,6.8,36.2995607618673));
#1995=CARTESIAN_POINT('',(-4.33203832012516,0.,36.2995607618673));
#1996=CARTESIAN_POINT('',(-3.59928565456124,6.8,32.7529346876298));
#1997=CARTESIAN_POINT('Ctrl Pts',(3.975,-1.,23.25));
#1998=CARTESIAN_POINT('Ctrl Pts',(3.975,7.2,23.25));
#1999=CARTESIAN_POINT('Ctrl Pts',(3.975,-1.,23.0704206882291));
#2000=CARTESIAN_POINT('Ctrl Pts',(3.975,7.2,23.0704206882291));
#2001=CARTESIAN_POINT('Ctrl Pts',(3.97551050722084,-1.,22.7059422281001));
#2002=CARTESIAN_POINT('Ctrl Pts',(3.97551050722084,7.2,22.7059422281001));
#2003=CARTESIAN_POINT('Ctrl Pts',(3.97780620390154,-1.,22.1432815534092));
#2004=CARTESIAN_POINT('Ctrl Pts',(3.97780620390154,7.2,22.1432815534092));
#2005=CARTESIAN_POINT('Ctrl Pts',(3.98332481022477,-1.,21.3674566303725));
#2006=CARTESIAN_POINT('Ctrl Pts',(3.98332481022477,7.2,21.3674566303725));
#2007=CARTESIAN_POINT('Ctrl Pts',(3.99167518977531,-1.,20.3825433696275));
#2008=CARTESIAN_POINT('Ctrl Pts',(3.99167518977531,7.2,20.3825433696275));
#2009=CARTESIAN_POINT('Ctrl Pts',(3.9971937960985,-1.,19.6067184465908));
#2010=CARTESIAN_POINT('Ctrl Pts',(3.9971937960985,7.2,19.6067184465908));
#2011=CARTESIAN_POINT('Ctrl Pts',(3.99948949277916,-1.,19.0440577718998));
#2012=CARTESIAN_POINT('Ctrl Pts',(3.99948949277916,7.2,19.0440577718998));
#2013=CARTESIAN_POINT('Ctrl Pts',(4.,-1.,18.6795793117709));
#2014=CARTESIAN_POINT('Ctrl Pts',(4.,7.2,18.6795793117709));
#2015=CARTESIAN_POINT('Ctrl Pts',(4.,-1.,18.5));
#2016=CARTESIAN_POINT('Ctrl Pts',(4.,7.2,18.5));
#2017=CARTESIAN_POINT('',(3.97658592154294,6.7,22.5152795004434));
#2018=CARTESIAN_POINT('Ctrl Pts',(3.97658592154294,6.7,22.5152795004435));
#2019=CARTESIAN_POINT('Ctrl Pts',(3.97578835204468,6.7,22.7093306185161));
#2020=CARTESIAN_POINT('Ctrl Pts',(3.97525321760761,6.7,22.9041524202914));
#2021=CARTESIAN_POINT('Ctrl Pts',(3.97507043591986,6.7,23.1000000000012));
#2022=CARTESIAN_POINT('',(3.97658592154294,7.2,22.5152795004435));
#2023=CARTESIAN_POINT('Ctrl Pts',(3.97507043591986,7.2,23.1000000000012));
#2024=CARTESIAN_POINT('Ctrl Pts',(3.97517767331234,7.2,22.9850968932948));
#2025=CARTESIAN_POINT('Ctrl Pts',(3.97538653850185,7.2,22.8691347550003));
#2026=CARTESIAN_POINT('Ctrl Pts',(3.97569497226094,7.2,22.7521350436847));
#2027=CARTESIAN_POINT('Ctrl Pts',(3.97609732463016,7.2,22.634156635814));
#2028=CARTESIAN_POINT('Ctrl Pts',(3.97658592154294,7.2,22.5152795004435));
#2029=CARTESIAN_POINT('Ctrl Pts',(3.97658592154294,7.2,22.5152795004434));
#2030=CARTESIAN_POINT('Ctrl Pts',(3.97658592154294,7.03333333333333,22.5152795004434));
#2031=CARTESIAN_POINT('Ctrl Pts',(3.97658592154294,6.86666666666667,22.5152795004435));
#2032=CARTESIAN_POINT('Ctrl Pts',(3.97658592154294,6.7,22.5152795004435));
#2033=CARTESIAN_POINT('Origin',(3.2375,7.2,17.875));
#2034=CARTESIAN_POINT('Origin',(0.974999999999991,7.2,31.));
#2035=CARTESIAN_POINT('Origin',(4.37499999999399,6.3,27.7000000000012));
#2036=CARTESIAN_POINT('',(4.37499999999399,8.15,27.7000000000012));
#2037=CARTESIAN_POINT('',(4.16500000000045,6.8,27.7000000000012));
#2038=CARTESIAN_POINT('',(4.37499999999399,6.8,27.7000000000012));
#2039=CARTESIAN_POINT('',(4.16500000000045,8.,27.7000000000012));
#2040=CARTESIAN_POINT('',(4.16500000000045,6.3,27.7000000000012));
#2041=CARTESIAN_POINT('',(4.37499999999399,8.,27.7000000000012));
#2042=CARTESIAN_POINT('Origin',(0.974999999993993,8.15,25.4000000000012));
#2043=CARTESIAN_POINT('Origin',(-2.21499999999992,6.3,27.7000000000012));
#2044=CARTESIAN_POINT('',(-2.21499999999992,6.8,33.6000000000001));
#2045=CARTESIAN_POINT('',(-2.21499999999992,6.8,28.8499953435891));
#2046=CARTESIAN_POINT('',(-2.21499999999992,8.,33.6000000000001));
#2047=CARTESIAN_POINT('',(-2.21499999999992,8.,33.5999999999998));
#2048=CARTESIAN_POINT('',(-2.21499999999992,6.3,33.6000000000001));
#2049=CARTESIAN_POINT('Origin',(4.16499999999712,6.3,33.6000000000001));
#2050=CARTESIAN_POINT('',(4.16500000000005,6.8,33.6000000000001));
#2051=CARTESIAN_POINT('',(4.16499999999806,6.8,31.9238789394033));
#2052=CARTESIAN_POINT('',(4.16500000000005,8.,33.6000000000001));
#2053=CARTESIAN_POINT('',(4.16500000000005,6.3,33.6000000000001));
#2054=CARTESIAN_POINT('',(4.16500000000006,8.,28.4000000000001));
#2055=CARTESIAN_POINT('Origin',(-1.425,6.3,33.5999999999999));
#2056=CARTESIAN_POINT('',(-1.425,6.8,33.6000000000001));
#2057=CARTESIAN_POINT('',(-1.425,8.,33.6000000000001));
#2058=CARTESIAN_POINT('',(-1.425,6.3,33.6000000000001));
#2059=CARTESIAN_POINT('',(4.16500000000005,8.,33.6000000000001));
#2060=CARTESIAN_POINT('',(-0.520509580009188,6.8,33.5999999999999));
#2061=CARTESIAN_POINT('Origin',(-1.425,6.3,35.5500000000001));
#2062=CARTESIAN_POINT('',(-1.425,6.8,35.5500000000001));
#2063=CARTESIAN_POINT('',(-1.425,8.,35.5500000000001));
#2064=CARTESIAN_POINT('',(-1.425,6.3,35.5500000000001));
#2065=CARTESIAN_POINT('',(-1.425,8.,35.5500000000001));
#2066=CARTESIAN_POINT('',(-1.425,6.8,34.1187499999779));
#2067=CARTESIAN_POINT('Origin',(-3.525,6.3,35.5500000000001));
#2068=CARTESIAN_POINT('',(-3.525,6.8,35.5500000000001));
#2069=CARTESIAN_POINT('',(-3.525,8.,35.5500000000001));
#2070=CARTESIAN_POINT('',(-3.525,6.3,35.5500000000001));
#2071=CARTESIAN_POINT('',(-3.525,8.,35.5500000000001));
#2072=CARTESIAN_POINT('',(-1.57050958000917,6.8,35.5500000000001));
#2073=CARTESIAN_POINT('Origin',(-3.525,6.3,33.6000000000001));
#2074=CARTESIAN_POINT('',(-3.525,6.8,33.6000000000001));
#2075=CARTESIAN_POINT('',(-3.525,8.,33.6000000000001));
#2076=CARTESIAN_POINT('',(-3.525,6.3,33.6000000000001));
#2077=CARTESIAN_POINT('',(-3.525,8.,33.6000000000001));
#2078=CARTESIAN_POINT('',(-3.525,6.8,33.1437499999779));
#2079=CARTESIAN_POINT('Origin',(-2.21499999999992,6.3,33.6000000000001));
#2080=CARTESIAN_POINT('',(-1.425,8.,33.6000000000001));
#2081=CARTESIAN_POINT('',(-0.91550958000913,6.8,33.6000000000001));
#2082=CARTESIAN_POINT('Origin',(0.320000000000227,8.,31.6250000000006));
#2083=CARTESIAN_POINT('Origin',(-4.4750000000064,6.3,36.4999999999914));
#2084=CARTESIAN_POINT('',(-4.47499999999707,6.7,28.4853808297655));
#2085=CARTESIAN_POINT('',(-4.47499999999707,6.8,28.4853808297655));
#2086=CARTESIAN_POINT('Ctrl Pts',(-4.47499999999707,6.7,28.4853808297655));
#2087=CARTESIAN_POINT('Ctrl Pts',(-4.47499999999707,6.73333333333333,28.4853808297655));
#2088=CARTESIAN_POINT('Ctrl Pts',(-4.47499999999707,6.76666666666667,28.4853808297655));
#2089=CARTESIAN_POINT('Ctrl Pts',(-4.47499999999707,6.8,28.4853808297655));
#2090=CARTESIAN_POINT('',(-4.475000000006,6.8,36.1524266127655));
#2091=CARTESIAN_POINT('',(-4.4750000000064,6.8,36.4999999999914));
#2092=CARTESIAN_POINT('',(-4.475000000006,6.7,36.1524266127655));
#2093=CARTESIAN_POINT('',(-4.475000000006,8.5,36.1524266127655));
#2094=CARTESIAN_POINT('',(-4.47500000000233,6.7,32.9999999999924));
#2095=CARTESIAN_POINT('Origin',(0.975000000000001,8.5,31.));
#2096=CARTESIAN_POINT('',(-4.50409829819702,6.7,36.1214726240306));
#2097=CARTESIAN_POINT('Origin',(0.975000000000001,6.7,31.));
#2098=CARTESIAN_POINT('Origin',(0.975000000000001,6.8,31.));
#2099=CARTESIAN_POINT('',(-4.50409829819702,7.,36.1214726240306));
#2100=CARTESIAN_POINT('Origin',(0.975000000000001,7.,31.));
#2101=CARTESIAN_POINT('',(-4.50409829819702,8.5,36.1214726240306));
#2102=CARTESIAN_POINT('Origin',(0.383980839981663,8.5,32.6874999999558));
#2103=CARTESIAN_POINT('',(-4.50409829819624,8.5,28.5533651225549));
#2104=CARTESIAN_POINT('',(-4.50409829819674,8.5,33.4452979038754));
#2105=CARTESIAN_POINT('',(-4.50409829819645,8.5,30.6204325612551));
#2106=CARTESIAN_POINT('',(6.47052197104402,8.5,33.4081607641045));
#2107=CARTESIAN_POINT('Origin',(0.975000000000001,8.5,31.));
#2108=CARTESIAN_POINT('',(6.975,8.5,31.));
#2109=CARTESIAN_POINT('Origin',(0.975000000000001,8.5,31.));
#2110=CARTESIAN_POINT('',(6.975,8.5,24.2917960675006));
#2111=CARTESIAN_POINT('',(6.975,8.5,31.8437499999779));
#2112=CARTESIAN_POINT('',(-2.6189577700438,8.5,22.7487293373513));
#2113=CARTESIAN_POINT('Origin',(0.974999999999991,8.5,31.));
#2114=CARTESIAN_POINT('Ctrl Pts',(-2.6189577700802,8.5,22.7487293373434));
#2115=CARTESIAN_POINT('Ctrl Pts',(-2.68201824552848,8.5,23.0380127056225));
#2116=CARTESIAN_POINT('Ctrl Pts',(-2.74956882205637,8.5,23.3262334156519));
#2117=CARTESIAN_POINT('Ctrl Pts',(-2.8214637906083,8.5,23.613408555239));
#2118=CARTESIAN_POINT('Ctrl Pts',(-3.24437976178896,8.5,25.3026916233541));
#2119=CARTESIAN_POINT('Ctrl Pts',(-3.81724210116072,8.5,26.9530930521618));
#2120=CARTESIAN_POINT('Ctrl Pts',(-4.50409829819624,8.5,28.5533651225549));
#2121=CARTESIAN_POINT('Origin',(-4.50409829819624,6.7,28.5533651225549));
#2122=CARTESIAN_POINT('Ctrl Pts',(-4.50409829819674,8.5,33.4452979038754));
#2123=CARTESIAN_POINT('Ctrl Pts',(-4.50409829819679,8.5,33.9062195245774));
#2124=CARTESIAN_POINT('Ctrl Pts',(-4.50409829819684,8.45415125105442,34.4574219179321));
#2125=CARTESIAN_POINT('Ctrl Pts',(-4.50409829819692,8.23515420417392,35.1438706133964));
#2126=CARTESIAN_POINT('Ctrl Pts',(-4.50409829819694,8.10007355448097,35.4245988865104));
#2127=CARTESIAN_POINT('Ctrl Pts',(-4.50409829819698,7.81823932541293,35.7741085479793));
#2128=CARTESIAN_POINT('Ctrl Pts',(-4.504098298197,7.64626791232224,35.9226556492759));
#2129=CARTESIAN_POINT('Ctrl Pts',(-4.50409829819701,7.33716332094783,36.0762299861486));
#2130=CARTESIAN_POINT('Ctrl Pts',(-4.50409829819702,7.15578214108287,36.1214726240306));
#2131=CARTESIAN_POINT('Ctrl Pts',(-4.50409829819702,7.,36.1214726240306));
#2132=CARTESIAN_POINT('',(-4.50409829819624,6.7,28.5533651225549));
#2133=CARTESIAN_POINT('',(-4.50409829819624,6.7,28.5533651225549));
#2134=CARTESIAN_POINT('',(-4.504098298196,6.7,26.2533756667507));
#2135=CARTESIAN_POINT('Ctrl Pts',(-2.6189577700802,6.7,22.7487293373434));
#2136=CARTESIAN_POINT('Ctrl Pts',(-2.6189577700802,16.7,22.7487293373434));
#2137=CARTESIAN_POINT('Ctrl Pts',(-2.68201824552848,6.7,23.0380127056225));
#2138=CARTESIAN_POINT('Ctrl Pts',(-2.68201824552848,16.7,23.0380127056225));
#2139=CARTESIAN_POINT('Ctrl Pts',(-2.74956882205637,6.7,23.3262334156519));
#2140=CARTESIAN_POINT('Ctrl Pts',(-2.74956882205637,16.7,23.3262334156519));
#2141=CARTESIAN_POINT('Ctrl Pts',(-3.24437976178896,6.7,25.3026916233541));
#2142=CARTESIAN_POINT('Ctrl Pts',(-3.24437976178896,16.7,25.3026916233541));
#2143=CARTESIAN_POINT('Ctrl Pts',(-3.81724210116072,6.7,26.9530930521618));
#2144=CARTESIAN_POINT('Ctrl Pts',(-3.81724210116072,16.7,26.9530930521618));
#2145=CARTESIAN_POINT('Ctrl Pts',(-4.50409829819624,6.7,28.5533651225549));
#2146=CARTESIAN_POINT('Ctrl Pts',(-4.50409829819624,16.7,28.5533651225549));
#2147=CARTESIAN_POINT('Ctrl Pts',(-4.47500013019845,6.8,28.4853807751416));
#2148=CARTESIAN_POINT('Ctrl Pts',(-3.81777738629966,6.8,26.9455435877576));
#2149=CARTESIAN_POINT('Ctrl Pts',(-3.26638473751059,6.8,25.3595210863441));
#2150=CARTESIAN_POINT('Ctrl Pts',(-2.85276837555053,6.8,23.7373076158224));
#2151=CARTESIAN_POINT('Ctrl Pts',(-4.50409829807727,6.7,28.5533651222777));
#2152=CARTESIAN_POINT('Ctrl Pts',(-4.49437603529001,6.7,28.5307137060614));
#2153=CARTESIAN_POINT('Ctrl Pts',(-4.48467656744158,6.7,28.5080522650895));
#2154=CARTESIAN_POINT('Ctrl Pts',(-4.47499999999707,6.7,28.4853808297655));
#2155=CARTESIAN_POINT('',(-2.6189577700802,6.7,22.7487293373434));
#2156=CARTESIAN_POINT('',(-2.6189577700802,6.7,22.7487293373434));
#2157=CARTESIAN_POINT('Ctrl Pts',(-2.85276793217607,6.7,23.7373077307262));
#2158=CARTESIAN_POINT('Ctrl Pts',(-2.84224398389821,6.7,23.696031345112));
#2159=CARTESIAN_POINT('Ctrl Pts',(-2.83180910236941,6.7,23.6547315630782));
#2160=CARTESIAN_POINT('Ctrl Pts',(-2.74956882205637,6.7,23.3262334156519));
#2161=CARTESIAN_POINT('Ctrl Pts',(-2.68201824552848,6.7,23.0380127056225));
#2162=CARTESIAN_POINT('Ctrl Pts',(-2.6189577700802,6.7,22.7487293373434));
#2163=CARTESIAN_POINT('Origin',(1.23348553374651,6.7,29.5));
#2164=CARTESIAN_POINT('',(6.975,6.7,24.2917960675006));
#2165=CARTESIAN_POINT('Origin',(0.974999999999991,6.7,31.));
#2166=CARTESIAN_POINT('',(6.975,6.7,31.));
#2167=CARTESIAN_POINT('',(6.975,6.7,24.2917960675006));
#2168=CARTESIAN_POINT('',(6.47052197104402,6.7,33.4081607641045));
#2169=CARTESIAN_POINT('Origin',(0.975000000000003,6.7,31.));
#2170=CARTESIAN_POINT('',(6.47052197104402,6.7,36.490693421387));
#2171=CARTESIAN_POINT('Origin',(1.23348553374651,6.7,29.5));
#2172=CARTESIAN_POINT('Origin',(0.974999999999991,6.7,31.));
#2173=CARTESIAN_POINT('Origin',(1.23348553374651,6.7,29.5));
#2174=CARTESIAN_POINT('Origin',(6.975,6.7,31.));
#2175=CARTESIAN_POINT('',(6.975,6.7,31.));
#2176=CARTESIAN_POINT('',(6.975,6.7,24.2917960675006));
#2177=CARTESIAN_POINT('Origin',(0.975000000000003,6.7,31.));
#2178=CARTESIAN_POINT('',(6.47052197104402,6.7,33.4081607641045));
#2179=CARTESIAN_POINT('Origin',(0.974999999999991,6.7,31.));
#2180=CARTESIAN_POINT('Origin',(6.47052197104402,6.7,36.490693421387));
#2181=CARTESIAN_POINT('Ctrl Pts',(6.47052197104402,7.,36.103845439056));
#2182=CARTESIAN_POINT('Ctrl Pts',(6.47052197104402,7.15545342621288,36.103845439056));
#2183=CARTESIAN_POINT('Ctrl Pts',(6.47052197104401,7.33643637858423,36.05863618702));
#2184=CARTESIAN_POINT('Ctrl Pts',(6.47052197104401,7.64509406728957,35.9051159462021));
#2185=CARTESIAN_POINT('Ctrl Pts',(6.47052197104401,7.81685530219184,35.7565010475824));
#2186=CARTESIAN_POINT('Ctrl Pts',(6.47052197104401,8.09880929825967,35.4063899453836));
#2187=CARTESIAN_POINT('Ctrl Pts',(6.47052197104401,8.23396218072476,35.1248456163793));
#2188=CARTESIAN_POINT('Ctrl Pts',(6.47052197104401,8.45448368230576,34.432437900863));
#2189=CARTESIAN_POINT('Ctrl Pts',(6.47052197104402,8.5,33.8745839168399));
#2190=CARTESIAN_POINT('Ctrl Pts',(6.47052197104402,8.5,33.4081607641045));
#2191=CARTESIAN_POINT('Origin',(3.39414979948279,6.7,36.490693421387));
#2192=CARTESIAN_POINT('',(4.05271181391305,8.47081704443642,36.4906934213886));
#2193=CARTESIAN_POINT('',(4.0527118139213,6.8,36.490693421387));
#2194=CARTESIAN_POINT('',(4.0527118139213,5.5,36.490693421387));
#2195=CARTESIAN_POINT('',(2.18457489974142,6.8,36.490693421387));
#2196=CARTESIAN_POINT('Ctrl Pts',(4.05271181391297,8.47081704443568,36.490693421387));
#2197=CARTESIAN_POINT('Ctrl Pts',(4.33272530665588,8.44340802630134,36.490693421387));
#2198=CARTESIAN_POINT('Ctrl Pts',(4.61237367326707,8.39143108145053,36.490693421387));
#2199=CARTESIAN_POINT('Ctrl Pts',(5.10544805418445,8.23431588344864,36.490693421387));
#2200=CARTESIAN_POINT('Ctrl Pts',(5.38675261404042,8.09918424994331,36.490693421387));
#2201=CARTESIAN_POINT('Ctrl Pts',(5.73668773895736,7.81726521246788,36.490693421387));
#2202=CARTESIAN_POINT('Ctrl Pts',(5.88528339280661,7.64544162720293,36.490693421387));
#2203=CARTESIAN_POINT('Ctrl Pts',(6.03882030459745,7.33665143239669,36.490693421387));
#2204=CARTESIAN_POINT('Ctrl Pts',(6.08403961154514,7.15555068988622,36.490693421387));
#2205=CARTESIAN_POINT('Ctrl Pts',(6.08403961154514,7.,36.490693421387));
#2206=CARTESIAN_POINT('Origin',(0.975000000000001,4.3,31.));
#2207=CARTESIAN_POINT('',(4.13309887752898,6.8,36.101608714881));
#2208=CARTESIAN_POINT('Origin',(0.975000000000001,6.8,31.));
#2209=CARTESIAN_POINT('',(4.13309887752898,4.3,36.101608714881));
#2210=CARTESIAN_POINT('',(4.13309887752898,6.3,36.101608714881));
#2211=CARTESIAN_POINT('Origin',(0.975000000000001,4.3,31.));
#2212=CARTESIAN_POINT('Origin',(3.7546749126478,4.3,37.9332339876886));
#2213=CARTESIAN_POINT('',(3.75467491264789,7.3,37.9332339876882));
#2214=CARTESIAN_POINT('Ctrl Pts',(3.75467491264789,7.3,37.9332339876882));
#2215=CARTESIAN_POINT('Ctrl Pts',(3.75871865396576,7.38162604416177,37.9136617103436));
#2216=CARTESIAN_POINT('Ctrl Pts',(3.76443463298166,7.46061103033687,37.8859955670864));
#2217=CARTESIAN_POINT('Ctrl Pts',(3.78679249185622,7.70307022010859,37.7777803821063));
#2218=CARTESIAN_POINT('Ctrl Pts',(3.81463279228025,7.8836526592786,37.6430294080891));
#2219=CARTESIAN_POINT('Ctrl Pts',(3.87612187233257,8.15552872291136,37.3454136028615));
#2220=CARTESIAN_POINT('Ctrl Pts',(3.92224475447909,8.28526290854618,37.1221723590866));
#2221=CARTESIAN_POINT('Ctrl Pts',(3.99085539605392,8.40877668575011,36.7900871933613));
#2222=CARTESIAN_POINT('Ctrl Pts',(4.02161780073538,8.44757926805432,36.6411928233005));
#2223=CARTESIAN_POINT('Ctrl Pts',(4.05271181392071,8.47081704443443,36.4906934213899));
#2224=CARTESIAN_POINT('',(3.75467491264781,4.3,37.9332339876886));
#2225=CARTESIAN_POINT('',(3.75467491264781,4.3,37.9332339876886));
#2226=CARTESIAN_POINT('',(4.15281529013129,4.3,36.0061785017791));
#2227=CARTESIAN_POINT('',(4.89404010742833,6.8,32.4185460202588));
#2228=CARTESIAN_POINT('Origin',(0.0268807587921249,4.3,37.2856512802757));
#2229=CARTESIAN_POINT('Origin',(0.975000000000001,4.3,31.));
#2230=CARTESIAN_POINT('Origin',(0.975000000000001,7.,31.));
#2231=CARTESIAN_POINT('Origin',(0.975000000000001,7.3,31.));
#2232=CARTESIAN_POINT('Origin',(0.975000000000102,6.8,29.999990687177));
#2233=CARTESIAN_POINT('Origin',(0.975000000000001,6.8,31.));
#2234=CARTESIAN_POINT('Origin',(0.975000000000001,6.3,31.));
#2235=UNCERTAINTY_MEASURE_WITH_UNIT(LENGTH_MEASURE(0.01),#2239,
'DISTANCE_ACCURACY_VALUE',
'Maximum model space distance between geometric entities at asserted c
onnectivities');
#2236=UNCERTAINTY_MEASURE_WITH_UNIT(LENGTH_MEASURE(0.01),#2239,
'DISTANCE_ACCURACY_VALUE',
'Maximum model space distance between geometric entities at asserted c
onnectivities');
#2237=(
GEOMETRIC_REPRESENTATION_CONTEXT(3)
GLOBAL_UNCERTAINTY_ASSIGNED_CONTEXT((#2235))
GLOBAL_UNIT_ASSIGNED_CONTEXT((#2239,#2241,#2242))
REPRESENTATION_CONTEXT('','3D')
);
#2238=(
GEOMETRIC_REPRESENTATION_CONTEXT(3)
GLOBAL_UNCERTAINTY_ASSIGNED_CONTEXT((#2236))
GLOBAL_UNIT_ASSIGNED_CONTEXT((#2239,#2241,#2242))
REPRESENTATION_CONTEXT('','3D')
);
#2239=(
LENGTH_UNIT()
NAMED_UNIT(*)
SI_UNIT(.MILLI.,.METRE.)
);
#2240=(
LENGTH_UNIT()
NAMED_UNIT(*)
SI_UNIT($,.METRE.)
);
#2241=(
NAMED_UNIT(*)
PLANE_ANGLE_UNIT()
SI_UNIT($,.RADIAN.)
);
#2242=(
NAMED_UNIT(*)
SI_UNIT($,.STERADIAN.)
SOLID_ANGLE_UNIT()
);
#2243=SHAPE_DEFINITION_REPRESENTATION(#2244,#2245);
#2244=PRODUCT_DEFINITION_SHAPE('',$,#2247);
#2245=SHAPE_REPRESENTATION('',(#1221),#2237);
#2246=PRODUCT_DEFINITION_CONTEXT('part definition',#2251,'design');
#2247=PRODUCT_DEFINITION('2026-08-25-10-25-13-421','PP',#2248,#2246);
#2248=PRODUCT_DEFINITION_FORMATION('',$,#2253);
#2249=PRODUCT_RELATED_PRODUCT_CATEGORY('PP','PP',(#2253));
#2250=APPLICATION_PROTOCOL_DEFINITION('international standard',
'automotive_design',2009,#2251);
#2251=APPLICATION_CONTEXT(
'Core Data for Automotive Mechanical Design Process');
#2252=PRODUCT_CONTEXT('part definition',#2251,'mechanical');
#2253=PRODUCT('2026-08-25-10-25-13-421','PP',$,(#2252));
#2254=PRESENTATION_STYLE_ASSIGNMENT((#2256));
#2255=PRESENTATION_STYLE_ASSIGNMENT((#2257));
#2256=SURFACE_STYLE_USAGE(.BOTH.,#2258);
#2257=SURFACE_STYLE_USAGE(.BOTH.,#2259);
#2258=SURFACE_SIDE_STYLE('',(#2260));
#2259=SURFACE_SIDE_STYLE('',(#2261));
#2260=SURFACE_STYLE_FILL_AREA(#2262);
#2261=SURFACE_STYLE_FILL_AREA(#2263);
#2262=FILL_AREA_STYLE('Steel - Satin',(#2264));
#2263=FILL_AREA_STYLE('Nylon 12 (with Formlabs Fuse 1 3D Printer)',(#2265));
#2264=FILL_AREA_STYLE_COLOUR('Steel - Satin',#2266);
#2265=FILL_AREA_STYLE_COLOUR(
'Nylon 12 (with Formlabs Fuse 1 3D Printer)',#2267);
#2266=COLOUR_RGB('Steel - Satin',0.627450980392157,0.627450980392157,0.627450980392157);
#2267=COLOUR_RGB('Nylon 12 (with Formlabs Fuse 1 3D Printer)',0.247058823529412,
0.247058823529412,0.247058823529412);
ENDSEC;
END-ISO-10303-21;
