ISO-10303-21;
HEADER;
/* Generated by software containing ST-Developer
 * from STEP Tools, Inc. (www.steptools.com) 
 */

FILE_DESCRIPTION(
/* description */ (''),
/* implementation_level */ '2;1');

FILE_NAME(
/* name */ 'Middle_PP.step',
/* time_stamp */ '2026-08-25T10:25:37+02:00',
/* author */ (''),
/* organization */ (''),
/* preprocessor_version */ 'ST-DEVELOPER v20.1',
/* originating_system */ 'Autodesk Translation Framework v15.8.0.0',
/* authorisation */ '');

FILE_SCHEMA (('AUTOMOTIVE_DESIGN { 1 0 10303 214 3 1 1 }'));
ENDSEC;

DATA;
#10=MECHANICAL_DESIGN_GEOMETRIC_PRESENTATION_REPRESENTATION('',(#13),#12169);
#11=SHAPE_REPRESENTATION_RELATIONSHIP('SRR','None',#12176,#12);
#12=ADVANCED_BREP_SHAPE_REPRESENTATION('',(#14),#12168);
#13=STYLED_ITEM('',(#12186),#14);
#14=MANIFOLD_SOLID_BREP('PP',#5289);
#15=CONICAL_SURFACE('',#5627,2.3,1.01219701145133);
#16=CONICAL_SURFACE('',#5629,2.3,1.01219701145133);
#17=CONICAL_SURFACE('',#5647,1.75,0.785398163397449);
#18=CONICAL_SURFACE('',#5650,1.75,0.785398163397448);
#19=ELLIPSE('',#5476,1.83116188314219,1.5);
#20=ELLIPSE('',#5478,1.83116188314219,1.5);
#21=ELLIPSE('',#5489,1.73205080756883,1.5);
#22=ELLIPSE('',#5503,1.73205080756883,1.5);
#23=ELLIPSE('',#5529,2.30073363863015,1.5);
#24=ELLIPSE('',#5567,4.34813178282479,4.12500000008849);
#25=ELLIPSE('',#5569,4.34813178282479,4.12500000008849);
#26=ELLIPSE('',#5683,3.689323936876,3.50000000001223);
#27=ELLIPSE('',#5685,3.689323936876,3.50000000001223);
#28=TOROIDAL_SURFACE('',#5392,6.5,1.5);
#29=TOROIDAL_SURFACE('',#5397,6.5,1.5);
#30=TOROIDAL_SURFACE('',#5471,7.,1.5);
#31=TOROIDAL_SURFACE('',#5511,8.475,1.5);
#32=TOROIDAL_SURFACE('',#5530,7.,1.5);
#33=TOROIDAL_SURFACE('',#5582,6.5,1.5);
#34=TOROIDAL_SURFACE('',#5596,8.475,1.5);
#35=TOROIDAL_SURFACE('',#5666,3.,0.5);
#36=(
BOUNDED_CURVE()
B_SPLINE_CURVE(5,(#8175,#8176,#8177,#8178,#8179,#8180,#8181),
 .UNSPECIFIED.,.F.,.F.)
B_SPLINE_CURVE_WITH_KNOTS((6,1,6),(-0.85144659953136,-0.8,-0.789419930893908),
 .UNSPECIFIED.)
CURVE()
GEOMETRIC_REPRESENTATION_ITEM()
RATIONAL_B_SPLINE_CURVE((1.,1.,1.,1.,1.,1.,1.))
REPRESENTATION_ITEM('')
);
#37=(
BOUNDED_CURVE()
B_SPLINE_CURVE(5,(#8183,#8184,#8185,#8186,#8187,#8188),.UNSPECIFIED.,.F.,
 .F.)
B_SPLINE_CURVE_WITH_KNOTS((6,6),(0.85144659953136,0.938229312470493),
 .UNSPECIFIED.)
CURVE()
GEOMETRIC_REPRESENTATION_ITEM()
RATIONAL_B_SPLINE_CURVE((1.,1.,1.,1.,1.,1.))
REPRESENTATION_ITEM('')
);
#38=(
BOUNDED_CURVE()
B_SPLINE_CURVE(5,(#8308,#8309,#8310,#8311,#8312,#8313),.UNSPECIFIED.,.F.,
 .F.)
B_SPLINE_CURVE_WITH_KNOTS((6,6),(-0.923731611160058,-0.806224018259158),
 .UNSPECIFIED.)
CURVE()
GEOMETRIC_REPRESENTATION_ITEM()
RATIONAL_B_SPLINE_CURVE((1.,1.,1.,1.,1.,1.))
REPRESENTATION_ITEM('')
);
#39=(
BOUNDED_CURVE()
B_SPLINE_CURVE(5,(#8315,#8316,#8317,#8318,#8319,#8320,#8321),
 .UNSPECIFIED.,.F.,.F.)
B_SPLINE_CURVE_WITH_KNOTS((6,1,6),(0.70332164054587,0.8,0.806224018259158),
 .UNSPECIFIED.)
CURVE()
GEOMETRIC_REPRESENTATION_ITEM()
RATIONAL_B_SPLINE_CURVE((1.,1.,1.,1.,1.,1.,1.))
REPRESENTATION_ITEM('')
);
#40=(
BOUNDED_CURVE()
B_SPLINE_CURVE(5,(#8622,#8623,#8624,#8625,#8626,#8627),.UNSPECIFIED.,.F.,
 .F.)
B_SPLINE_CURVE_WITH_KNOTS((6,6),(-0.399197099543111,-0.397523584150944),
 .UNSPECIFIED.)
CURVE()
GEOMETRIC_REPRESENTATION_ITEM()
RATIONAL_B_SPLINE_CURVE((1.,1.,1.,1.,1.,1.))
REPRESENTATION_ITEM('')
);
#41=(
BOUNDED_CURVE()
B_SPLINE_CURVE(5,(#8675,#8676,#8677,#8678,#8679,#8680),.UNSPECIFIED.,.F.,
 .F.)
B_SPLINE_CURVE_WITH_KNOTS((6,6),(-0.397523584150944,-0.396672695894718),
 .UNSPECIFIED.)
CURVE()
GEOMETRIC_REPRESENTATION_ITEM()
RATIONAL_B_SPLINE_CURVE((1.,1.,1.,1.,1.,1.))
REPRESENTATION_ITEM('')
);
#42=(
BOUNDED_CURVE()
B_SPLINE_CURVE(5,(#8722,#8723,#8724,#8725,#8726,#8727,#8728),
 .UNSPECIFIED.,.F.,.F.)
B_SPLINE_CURVE_WITH_KNOTS((6,1,6),(0.592621151081865,0.6,0.650585165316321),
 .UNSPECIFIED.)
CURVE()
GEOMETRIC_REPRESENTATION_ITEM()
RATIONAL_B_SPLINE_CURVE((1.,1.,1.,1.,1.,1.,1.))
REPRESENTATION_ITEM('')
);
#43=(
BOUNDED_CURVE()
B_SPLINE_CURVE(5,(#8730,#8731,#8732,#8733,#8734,#8735,#8736),
 .UNSPECIFIED.,.F.,.F.)
B_SPLINE_CURVE_WITH_KNOTS((6,1,6),(-0.558071040505115,-0.4,-0.399197099543111),
 .UNSPECIFIED.)
CURVE()
GEOMETRIC_REPRESENTATION_ITEM()
RATIONAL_B_SPLINE_CURVE((1.,1.,1.,1.,1.,1.,1.))
REPRESENTATION_ITEM('')
);
#44=(
BOUNDED_CURVE()
B_SPLINE_CURVE(5,(#8738,#8739,#8740,#8741,#8742,#8743,#8744,#8745),
 .UNSPECIFIED.,.F.,.F.)
B_SPLINE_CURVE_WITH_KNOTS((6,1,1,6),(-1.,-0.8,-0.6,-0.558071040505115),
 .UNSPECIFIED.)
CURVE()
GEOMETRIC_REPRESENTATION_ITEM()
RATIONAL_B_SPLINE_CURVE((1.,1.,1.,1.,1.,1.,1.,1.))
REPRESENTATION_ITEM('')
);
#45=(
BOUNDED_CURVE()
B_SPLINE_CURVE(5,(#8752,#8753,#8754,#8755,#8756,#8757),.UNSPECIFIED.,.F.,
 .F.)
B_SPLINE_CURVE_WITH_KNOTS((6,6),(-0.156162172982874,-0.00864036748680785),
 .UNSPECIFIED.)
CURVE()
GEOMETRIC_REPRESENTATION_ITEM()
RATIONAL_B_SPLINE_CURVE((1.,1.,1.,1.,1.,1.))
REPRESENTATION_ITEM('')
);
#46=(
BOUNDED_CURVE()
B_SPLINE_CURVE(5,(#8758,#8759,#8760,#8761,#8762,#8763),.UNSPECIFIED.,.F.,
 .F.)
B_SPLINE_CURVE_WITH_KNOTS((6,6),(-0.186922872072784,-0.156162172982874),
 .UNSPECIFIED.)
CURVE()
GEOMETRIC_REPRESENTATION_ITEM()
RATIONAL_B_SPLINE_CURVE((1.,1.,1.,1.,1.,1.))
REPRESENTATION_ITEM('')
);
#47=(
BOUNDED_CURVE()
B_SPLINE_CURVE(5,(#9409,#9410,#9411,#9412,#9413,#9414),.UNSPECIFIED.,.F.,
 .F.)
B_SPLINE_CURVE_WITH_KNOTS((6,6),(0.335942896073592,0.339874154337479),
 .UNSPECIFIED.)
CURVE()
GEOMETRIC_REPRESENTATION_ITEM()
RATIONAL_B_SPLINE_CURVE((1.,1.,1.,1.,1.,1.))
REPRESENTATION_ITEM('')
);
#48=(
BOUNDED_CURVE()
B_SPLINE_CURVE(5,(#9792,#9793,#9794,#9795,#9796,#9797,#9798),
 .UNSPECIFIED.,.F.,.F.)
B_SPLINE_CURVE_WITH_KNOTS((6,1,6),(-0.335504074257757,-0.2,-0.0955933530075629),
 .UNSPECIFIED.)
CURVE()
GEOMETRIC_REPRESENTATION_ITEM()
RATIONAL_B_SPLINE_CURVE((1.,1.,1.,1.,1.,1.,1.))
REPRESENTATION_ITEM('')
);
#49=(
BOUNDED_CURVE()
B_SPLINE_CURVE(2,(#11746,#11747,#11748),.UNSPECIFIED.,.F.,.F.)
B_SPLINE_CURVE_WITH_KNOTS((3,3),(0.710232156595853,0.953646519870583),
 .UNSPECIFIED.)
CURVE()
GEOMETRIC_REPRESENTATION_ITEM()
RATIONAL_B_SPLINE_CURVE((1.85138048591022,1.88861951408967,1.85138048591025))
REPRESENTATION_ITEM('')
);
#50=(
BOUNDED_CURVE()
B_SPLINE_CURVE(2,(#11768,#11769,#11770),.UNSPECIFIED.,.F.,.F.)
B_SPLINE_CURVE_WITH_KNOTS((3,3),(0.710232156595894,0.953646519870636),
 .UNSPECIFIED.)
CURVE()
GEOMETRIC_REPRESENTATION_ITEM()
RATIONAL_B_SPLINE_CURVE((1.85138048591028,1.88861951408972,1.85138048591028))
REPRESENTATION_ITEM('')
);
#51=(
BOUNDED_SURFACE()
B_SPLINE_SURFACE(5,1,((#7514,#7515),(#7516,#7517),(#7518,#7519),(#7520,
#7521),(#7522,#7523),(#7524,#7525),(#7526,#7527),(#7528,#7529),(#7530,#7531),
(#7532,#7533)),.UNSPECIFIED.,.F.,.F.,.F.)
B_SPLINE_SURFACE_WITH_KNOTS((6,1,1,1,1,6),(2,2),(0.,0.2,0.4,0.6,0.8,1.),
(-4.,4.),.UNSPECIFIED.)
GEOMETRIC_REPRESENTATION_ITEM()
RATIONAL_B_SPLINE_SURFACE(((1.,1.),(1.,1.),(1.,1.),(1.,1.),(1.,1.),(1.,
1.),(1.,1.),(1.,1.),(1.,1.),(1.,1.)))
REPRESENTATION_ITEM('')
SURFACE()
);
#52=(
BOUNDED_SURFACE()
B_SPLINE_SURFACE(5,1,((#7546,#7547),(#7548,#7549),(#7550,#7551),(#7552,
#7553),(#7554,#7555),(#7556,#7557),(#7558,#7559),(#7560,#7561),(#7562,#7563),
(#7564,#7565)),.UNSPECIFIED.,.F.,.F.,.F.)
B_SPLINE_SURFACE_WITH_KNOTS((6,1,1,1,1,6),(2,2),(0.,0.2,0.4,0.6,0.8,1.),
(-4.,4.),.UNSPECIFIED.)
GEOMETRIC_REPRESENTATION_ITEM()
RATIONAL_B_SPLINE_SURFACE(((1.,1.),(1.,1.),(1.,1.),(1.,1.),(1.,1.),(1.,
1.),(1.,1.),(1.,1.),(1.,1.),(1.,1.)))
REPRESENTATION_ITEM('')
SURFACE()
);
#53=(
BOUNDED_SURFACE()
B_SPLINE_SURFACE(5,1,((#7668,#7669),(#7670,#7671),(#7672,#7673),(#7674,
#7675),(#7676,#7677),(#7678,#7679),(#7680,#7681),(#7682,#7683),(#7684,#7685),
(#7686,#7687)),.UNSPECIFIED.,.F.,.F.,.F.)
B_SPLINE_SURFACE_WITH_KNOTS((6,1,1,1,1,6),(2,2),(-1.,-0.8,-0.6,-0.4,-0.2,
0.),(-4.,4.),.UNSPECIFIED.)
GEOMETRIC_REPRESENTATION_ITEM()
RATIONAL_B_SPLINE_SURFACE(((1.,1.),(1.,1.),(1.,1.),(1.,1.),(1.,1.),(1.,
1.),(1.,1.),(1.,1.),(1.,1.),(1.,1.)))
REPRESENTATION_ITEM('')
SURFACE()
);
#54=(
BOUNDED_SURFACE()
B_SPLINE_SURFACE(5,1,((#7692,#7693),(#7694,#7695),(#7696,#7697),(#7698,
#7699),(#7700,#7701),(#7702,#7703),(#7704,#7705),(#7706,#7707),(#7708,#7709),
(#7710,#7711)),.UNSPECIFIED.,.F.,.F.,.F.)
B_SPLINE_SURFACE_WITH_KNOTS((6,1,1,1,1,6),(2,2),(-1.,-0.8,-0.6,-0.4,-0.2,
0.),(-4.,4.),.UNSPECIFIED.)
GEOMETRIC_REPRESENTATION_ITEM()
RATIONAL_B_SPLINE_SURFACE(((1.,1.),(1.,1.),(1.,1.),(1.,1.),(1.,1.),(1.,
1.),(1.,1.),(1.,1.),(1.,1.),(1.,1.)))
REPRESENTATION_ITEM('')
SURFACE()
);
#55=(
BOUNDED_SURFACE()
B_SPLINE_SURFACE(5,1,((#8089,#8090),(#8091,#8092),(#8093,#8094),(#8095,
#8096),(#8097,#8098),(#8099,#8100),(#8101,#8102),(#8103,#8104),(#8105,#8106),
(#8107,#8108)),.UNSPECIFIED.,.F.,.F.,.F.)
B_SPLINE_SURFACE_WITH_KNOTS((6,1,1,1,1,6),(2,2),(0.,0.2,0.4,0.6,0.8,1.),
(-0.1,0.72),.UNSPECIFIED.)
GEOMETRIC_REPRESENTATION_ITEM()
RATIONAL_B_SPLINE_SURFACE(((1.,1.),(1.,1.),(1.,1.),(1.,1.),(1.,1.),(1.,
1.),(1.,1.),(1.,1.),(1.,1.),(1.,1.)))
REPRESENTATION_ITEM('')
SURFACE()
);
#56=(
BOUNDED_SURFACE()
B_SPLINE_SURFACE(5,1,((#8272,#8273),(#8274,#8275),(#8276,#8277),(#8278,
#8279),(#8280,#8281),(#8282,#8283),(#8284,#8285),(#8286,#8287),(#8288,#8289),
(#8290,#8291)),.UNSPECIFIED.,.F.,.F.,.F.)
B_SPLINE_SURFACE_WITH_KNOTS((6,1,1,1,1,6),(2,2),(-1.,-0.8,-0.6,-0.4,-0.2,
0.),(-0.1,0.72),.UNSPECIFIED.)
GEOMETRIC_REPRESENTATION_ITEM()
RATIONAL_B_SPLINE_SURFACE(((1.,1.),(1.,1.),(1.,1.),(1.,1.),(1.,1.),(1.,
1.),(1.,1.),(1.,1.),(1.,1.),(1.,1.)))
REPRESENTATION_ITEM('')
SURFACE()
);
#57=(
BOUNDED_SURFACE()
B_SPLINE_SURFACE(5,1,((#8685,#8686),(#8687,#8688),(#8689,#8690),(#8691,
#8692),(#8693,#8694),(#8695,#8696),(#8697,#8698),(#8699,#8700),(#8701,#8702),
(#8703,#8704)),.UNSPECIFIED.,.F.,.F.,.F.)
B_SPLINE_SURFACE_WITH_KNOTS((6,1,1,1,1,6),(2,2),(0.,0.2,0.4,0.6,0.8,1.),
(0.,4.2),.UNSPECIFIED.)
GEOMETRIC_REPRESENTATION_ITEM()
RATIONAL_B_SPLINE_SURFACE(((1.,1.),(1.,1.),(1.,1.),(1.,1.),(1.,1.),(1.,
1.),(1.,1.),(1.,1.),(1.,1.),(1.,1.)))
REPRESENTATION_ITEM('')
SURFACE()
);
#58=(
BOUNDED_SURFACE()
B_SPLINE_SURFACE(5,1,((#9393,#9394),(#9395,#9396),(#9397,#9398),(#9399,
#9400),(#9401,#9402),(#9403,#9404),(#9405,#9406)),.UNSPECIFIED.,.F.,.F.,
 .F.)
B_SPLINE_SURFACE_WITH_KNOTS((6,1,6),(2,2),(0.335942896073592,0.4,0.557901157183695),
(0.,0.35),.UNSPECIFIED.)
GEOMETRIC_REPRESENTATION_ITEM()
RATIONAL_B_SPLINE_SURFACE(((1.,1.),(1.,1.),(1.,1.),(1.,1.),(1.,1.),(1.,
1.),(1.,1.)))
REPRESENTATION_ITEM('')
SURFACE()
);
#59=(
BOUNDED_SURFACE()
B_SPLINE_SURFACE(3,1,((#9426,#9427),(#9428,#9429),(#9430,#9431),(#9432,
#9433)),.UNSPECIFIED.,.F.,.F.,.F.)
B_SPLINE_SURFACE_WITH_KNOTS((4,4),(2,2),(0.,1.),(-2.3,2.3),
 .UNSPECIFIED.)
GEOMETRIC_REPRESENTATION_ITEM()
RATIONAL_B_SPLINE_SURFACE(((1.,1.),(1.,1.),(1.,1.),(1.,1.)))
REPRESENTATION_ITEM('')
SURFACE()
);
#60=(
BOUNDED_SURFACE()
B_SPLINE_SURFACE(3,1,((#9462,#9463),(#9464,#9465),(#9466,#9467),(#9468,
#9469)),.UNSPECIFIED.,.F.,.F.,.F.)
B_SPLINE_SURFACE_WITH_KNOTS((4,4),(2,2),(0.,1.),(-2.3,2.3),
 .UNSPECIFIED.)
GEOMETRIC_REPRESENTATION_ITEM()
RATIONAL_B_SPLINE_SURFACE(((1.,1.),(1.,1.),(1.,1.),(1.,1.)))
REPRESENTATION_ITEM('')
SURFACE()
);
#61=(
BOUNDED_SURFACE()
B_SPLINE_SURFACE(5,1,((#9689,#9690),(#9691,#9692),(#9693,#9694),(#9695,
#9696),(#9697,#9698),(#9699,#9700),(#9701,#9702),(#9703,#9704)),
 .UNSPECIFIED.,.F.,.F.,.F.)
B_SPLINE_SURFACE_WITH_KNOTS((6,1,1,6),(2,2),(-1.,-0.8,-0.6,-0.558071040505115),
(0.,0.35),.UNSPECIFIED.)
GEOMETRIC_REPRESENTATION_ITEM()
RATIONAL_B_SPLINE_SURFACE(((1.,1.),(1.,1.),(1.,1.),(1.,1.),(1.,1.),(1.,
1.),(1.,1.),(1.,1.)))
REPRESENTATION_ITEM('')
SURFACE()
);
#62=(
BOUNDED_SURFACE()
B_SPLINE_SURFACE(5,1,((#9746,#9747),(#9748,#9749),(#9750,#9751),(#9752,
#9753),(#9754,#9755),(#9756,#9757),(#9758,#9759),(#9760,#9761),(#9762,#9763),
(#9764,#9765),(#9766,#9767),(#9768,#9769),(#9770,#9771),(#9772,#9773),(#9774,
#9775),(#9776,#9777),(#9778,#9779),(#9780,#9781),(#9782,#9783),(#9784,#9785)),
 .UNSPECIFIED.,.F.,.F.,.F.)
B_SPLINE_SURFACE_WITH_KNOTS((6,5,1,1,1,1,5,6),(2,2),(-1.57348561801314,
-1.,-0.8,-0.6,-0.4,-0.2,0.,1.55365959435211),(-2.11177796325634,3.75984574312401),
 .UNSPECIFIED.)
GEOMETRIC_REPRESENTATION_ITEM()
RATIONAL_B_SPLINE_SURFACE(((1.,1.),(1.,1.),(1.,1.),(1.,1.),(1.,1.),(1.,
1.),(1.,1.),(1.,1.),(1.,1.),(1.,1.),(1.,1.),(1.,1.),(1.,1.),(1.,1.),(1.,
1.),(1.,1.),(1.,1.),(1.,1.),(1.,1.),(1.,1.)))
REPRESENTATION_ITEM('')
SURFACE()
);
#63=(
BOUNDED_SURFACE()
B_SPLINE_SURFACE(5,1,((#9812,#9813),(#9814,#9815),(#9816,#9817),(#9818,
#9819),(#9820,#9821),(#9822,#9823),(#9824,#9825),(#9826,#9827),(#9828,#9829),
(#9830,#9831),(#9832,#9833),(#9834,#9835),(#9836,#9837),(#9838,#9839),(#9840,
#9841)),.UNSPECIFIED.,.F.,.F.,.F.)
B_SPLINE_SURFACE_WITH_KNOTS((6,1,1,1,1,5,6),(2,2),(-1.,-0.8,-0.6,-0.4,-0.2,
0.,0.72623263748144),(-2.45911686581445,3.15911686581445),.UNSPECIFIED.)
GEOMETRIC_REPRESENTATION_ITEM()
RATIONAL_B_SPLINE_SURFACE(((1.,1.),(1.,1.),(1.,1.),(1.,1.),(1.,1.),(1.,
1.),(1.,1.),(1.,1.),(1.,1.),(1.,1.),(1.,1.),(1.,1.),(1.,1.),(1.,1.),(1.,
1.)))
REPRESENTATION_ITEM('')
SURFACE()
);
#64=(
BOUNDED_SURFACE()
B_SPLINE_SURFACE(5,1,((#9853,#9854),(#9855,#9856),(#9857,#9858),(#9859,
#9860),(#9861,#9862),(#9863,#9864),(#9865,#9866),(#9867,#9868),(#9869,#9870),
(#9871,#9872),(#9873,#9874),(#9875,#9876),(#9877,#9878),(#9879,#9880),(#9881,
#9882)),.UNSPECIFIED.,.F.,.F.,.F.)
B_SPLINE_SURFACE_WITH_KNOTS((6,1,1,1,1,5,6),(2,2),(0.,0.2,0.4,0.6,0.8,1.,
1.68840255796519),(-1.97517849311891,2.67517849311891),.UNSPECIFIED.)
GEOMETRIC_REPRESENTATION_ITEM()
RATIONAL_B_SPLINE_SURFACE(((1.,1.),(1.,1.),(1.,1.),(1.,1.),(1.,1.),(1.,
1.),(1.,1.),(1.,1.),(1.,1.),(1.,1.),(1.,1.),(1.,1.),(1.,1.),(1.,1.),(1.,
1.)))
REPRESENTATION_ITEM('')
SURFACE()
);
#65=(
BOUNDED_SURFACE()
B_SPLINE_SURFACE(5,1,((#9883,#9884),(#9885,#9886),(#9887,#9888),(#9889,
#9890),(#9891,#9892),(#9893,#9894),(#9895,#9896)),.UNSPECIFIED.,.F.,.F.,
 .F.)
B_SPLINE_SURFACE_WITH_KNOTS((6,1,6),(2,2),(0.335942896073592,0.4,0.557901157183695),
(0.,0.35),.UNSPECIFIED.)
GEOMETRIC_REPRESENTATION_ITEM()
RATIONAL_B_SPLINE_SURFACE(((1.,1.),(1.,1.),(1.,1.),(1.,1.),(1.,1.),(1.,
1.),(1.,1.)))
REPRESENTATION_ITEM('')
SURFACE()
);
#66=(
BOUNDED_SURFACE()
B_SPLINE_SURFACE(5,1,((#9903,#9904),(#9905,#9906),(#9907,#9908),(#9909,
#9910),(#9911,#9912),(#9913,#9914),(#9915,#9916),(#9917,#9918),(#9919,#9920),
(#9921,#9922),(#9923,#9924),(#9925,#9926),(#9927,#9928),(#9929,#9930),(#9931,
#9932)),.UNSPECIFIED.,.F.,.F.,.F.)
B_SPLINE_SURFACE_WITH_KNOTS((6,5,1,1,1,1,6),(2,2),(-0.729635615568117,0.,
0.2,0.4,0.6,0.8,1.),(-2.4649691859307,3.1709499862566),.UNSPECIFIED.)
GEOMETRIC_REPRESENTATION_ITEM()
RATIONAL_B_SPLINE_SURFACE(((1.,1.),(1.,1.),(1.,1.),(1.,1.),(1.,1.),(1.,
1.),(1.,1.),(1.,1.),(1.,1.),(1.,1.),(1.,1.),(1.,1.),(1.,1.),(1.,1.),(1.,
1.)))
REPRESENTATION_ITEM('')
SURFACE()
);
#67=(
BOUNDED_SURFACE()
B_SPLINE_SURFACE(5,1,((#10132,#10133),(#10134,#10135),(#10136,#10137),(#10138,
#10139),(#10140,#10141),(#10142,#10143),(#10144,#10145),(#10146,#10147),
(#10148,#10149),(#10150,#10151)),.UNSPECIFIED.,.F.,.F.,.F.)
B_SPLINE_SURFACE_WITH_KNOTS((6,1,1,1,1,6),(2,2),(0.,0.2,0.4,0.6,0.8,1.),
(-4.,4.),.UNSPECIFIED.)
GEOMETRIC_REPRESENTATION_ITEM()
RATIONAL_B_SPLINE_SURFACE(((1.,1.),(1.,1.),(1.,1.),(1.,1.),(1.,1.),(1.,
1.),(1.,1.),(1.,1.),(1.,1.),(1.,1.)))
REPRESENTATION_ITEM('')
SURFACE()
);
#68=(
BOUNDED_SURFACE()
B_SPLINE_SURFACE(5,1,((#10340,#10341),(#10342,#10343),(#10344,#10345),(#10346,
#10347),(#10348,#10349),(#10350,#10351),(#10352,#10353),(#10354,#10355),
(#10356,#10357),(#10358,#10359)),.UNSPECIFIED.,.F.,.F.,.F.)
B_SPLINE_SURFACE_WITH_KNOTS((6,1,1,1,1,6),(2,2),(0.,0.2,0.4,0.6,0.8,1.),
(-4.,4.),.UNSPECIFIED.)
GEOMETRIC_REPRESENTATION_ITEM()
RATIONAL_B_SPLINE_SURFACE(((1.,1.),(1.,1.),(1.,1.),(1.,1.),(1.,1.),(1.,
1.),(1.,1.),(1.,1.),(1.,1.),(1.,1.)))
REPRESENTATION_ITEM('')
SURFACE()
);
#69=(
BOUNDED_SURFACE()
B_SPLINE_SURFACE(5,1,((#10457,#10458),(#10459,#10460),(#10461,#10462),(#10463,
#10464),(#10465,#10466),(#10467,#10468),(#10469,#10470),(#10471,#10472),
(#10473,#10474),(#10475,#10476)),.UNSPECIFIED.,.F.,.F.,.F.)
B_SPLINE_SURFACE_WITH_KNOTS((6,1,1,1,1,6),(2,2),(-1.,-0.8,-0.6,-0.4,-0.2,
0.),(-4.,4.),.UNSPECIFIED.)
GEOMETRIC_REPRESENTATION_ITEM()
RATIONAL_B_SPLINE_SURFACE(((1.,1.),(1.,1.),(1.,1.),(1.,1.),(1.,1.),(1.,
1.),(1.,1.),(1.,1.),(1.,1.),(1.,1.)))
REPRESENTATION_ITEM('')
SURFACE()
);
#70=(
BOUNDED_SURFACE()
B_SPLINE_SURFACE(5,1,((#10488,#10489),(#10490,#10491),(#10492,#10493),(#10494,
#10495),(#10496,#10497),(#10498,#10499),(#10500,#10501),(#10502,#10503),
(#10504,#10505),(#10506,#10507)),.UNSPECIFIED.,.F.,.F.,.F.)
B_SPLINE_SURFACE_WITH_KNOTS((6,1,1,1,1,6),(2,2),(-1.,-0.8,-0.6,-0.4,-0.2,
0.),(-4.,4.),.UNSPECIFIED.)
GEOMETRIC_REPRESENTATION_ITEM()
RATIONAL_B_SPLINE_SURFACE(((1.,1.),(1.,1.),(1.,1.),(1.,1.),(1.,1.),(1.,
1.),(1.,1.),(1.,1.),(1.,1.),(1.,1.)))
REPRESENTATION_ITEM('')
SURFACE()
);
#71=(
BOUNDED_SURFACE()
B_SPLINE_SURFACE(5,1,((#10546,#10547),(#10548,#10549),(#10550,#10551),(#10552,
#10553),(#10554,#10555),(#10556,#10557),(#10558,#10559),(#10560,#10561),
(#10562,#10563),(#10564,#10565)),.UNSPECIFIED.,.F.,.F.,.F.)
B_SPLINE_SURFACE_WITH_KNOTS((6,1,1,1,1,6),(2,2),(0.,0.2,0.4,0.6,0.8,1.),
(-4.,4.),.UNSPECIFIED.)
GEOMETRIC_REPRESENTATION_ITEM()
RATIONAL_B_SPLINE_SURFACE(((1.,1.),(1.,1.),(1.,1.),(1.,1.),(1.,1.),(1.,
1.),(1.,1.),(1.,1.),(1.,1.),(1.,1.)))
REPRESENTATION_ITEM('')
SURFACE()
);
#72=(
BOUNDED_SURFACE()
B_SPLINE_SURFACE(5,1,((#10570,#10571),(#10572,#10573),(#10574,#10575),(#10576,
#10577),(#10578,#10579),(#10580,#10581),(#10582,#10583),(#10584,#10585),
(#10586,#10587),(#10588,#10589)),.UNSPECIFIED.,.F.,.F.,.F.)
B_SPLINE_SURFACE_WITH_KNOTS((6,1,1,1,1,6),(2,2),(0.,0.2,0.4,0.6,0.8,1.),
(-4.,4.),.UNSPECIFIED.)
GEOMETRIC_REPRESENTATION_ITEM()
RATIONAL_B_SPLINE_SURFACE(((1.,1.),(1.,1.),(1.,1.),(1.,1.),(1.,1.),(1.,
1.),(1.,1.),(1.,1.),(1.,1.),(1.,1.)))
REPRESENTATION_ITEM('')
SURFACE()
);
#73=(
BOUNDED_SURFACE()
B_SPLINE_SURFACE(5,1,((#10609,#10610),(#10611,#10612),(#10613,#10614),(#10615,
#10616),(#10617,#10618),(#10619,#10620),(#10621,#10622),(#10623,#10624),
(#10625,#10626),(#10627,#10628)),.UNSPECIFIED.,.F.,.F.,.F.)
B_SPLINE_SURFACE_WITH_KNOTS((6,1,1,1,1,6),(2,2),(-1.,-0.8,-0.6,-0.4,-0.2,
0.),(-4.,4.),.UNSPECIFIED.)
GEOMETRIC_REPRESENTATION_ITEM()
RATIONAL_B_SPLINE_SURFACE(((1.,1.),(1.,1.),(1.,1.),(1.,1.),(1.,1.),(1.,
1.),(1.,1.),(1.,1.),(1.,1.),(1.,1.)))
REPRESENTATION_ITEM('')
SURFACE()
);
#74=(
BOUNDED_SURFACE()
B_SPLINE_SURFACE(5,1,((#10819,#10820),(#10821,#10822),(#10823,#10824),(#10825,
#10826),(#10827,#10828),(#10829,#10830),(#10831,#10832),(#10833,#10834)),
 .UNSPECIFIED.,.F.,.F.,.F.)
B_SPLINE_SURFACE_WITH_KNOTS((6,1,1,6),(2,2),(0.595901345893213,0.6,0.8,
0.973489321017465),(-2.,2.),.UNSPECIFIED.)
GEOMETRIC_REPRESENTATION_ITEM()
RATIONAL_B_SPLINE_SURFACE(((1.,1.),(1.,1.),(1.,1.),(1.,1.),(1.,1.),(1.,
1.),(1.,1.),(1.,1.)))
REPRESENTATION_ITEM('')
SURFACE()
);
#75=(
BOUNDED_SURFACE()
B_SPLINE_SURFACE(5,1,((#10836,#10837),(#10838,#10839),(#10840,#10841),(#10842,
#10843),(#10844,#10845),(#10846,#10847),(#10848,#10849),(#10850,#10851)),
 .UNSPECIFIED.,.F.,.F.,.F.)
B_SPLINE_SURFACE_WITH_KNOTS((6,1,1,6),(2,2),(0.,0.2,0.4,0.595901345893213),
(-2.,2.),.UNSPECIFIED.)
GEOMETRIC_REPRESENTATION_ITEM()
RATIONAL_B_SPLINE_SURFACE(((1.,1.),(1.,1.),(1.,1.),(1.,1.),(1.,1.),(1.,
1.),(1.,1.),(1.,1.)))
REPRESENTATION_ITEM('')
SURFACE()
);
#76=(
BOUNDED_SURFACE()
B_SPLINE_SURFACE(2,2,((#10875,#10876,#10877,#10878,#10879),(#10880,#10881,
#10882,#10883,#10884),(#10885,#10886,#10887,#10888,#10889)),
 .UNSPECIFIED.,.F.,.F.,.F.)
B_SPLINE_SURFACE_WITH_KNOTS((3,3),(3,2,3),(-3.14159265358979,-1.5707963267949),
(1.18305310797889,2.16232288078434,3.14159265358979),.UNSPECIFIED.)
GEOMETRIC_REPRESENTATION_ITEM()
RATIONAL_B_SPLINE_SURFACE(((1.,0.882504631706318,1.,0.882504631706318,1.),
(0.707106781186548,0.624025009508075,0.707106781186548,0.624025009508075,
0.707106781186548),(1.,0.882504631706318,1.,0.882504631706318,1.)))
REPRESENTATION_ITEM('')
SURFACE()
);
#77=(
BOUNDED_SURFACE()
B_SPLINE_SURFACE(2,2,((#10905,#10906,#10907,#10908,#10909),(#10910,#10911,
#10912,#10913,#10914),(#10915,#10916,#10917,#10918,#10919)),
 .UNSPECIFIED.,.F.,.F.,.F.)
B_SPLINE_SURFACE_WITH_KNOTS((3,3),(3,2,3),(-3.14159265358979,-1.5707963267949),
(-3.14159265358979,-2.16232288078434,-1.18305310797889),.UNSPECIFIED.)
GEOMETRIC_REPRESENTATION_ITEM()
RATIONAL_B_SPLINE_SURFACE(((1.,0.882504631706318,1.,0.882504631706318,1.),
(0.707106781186548,0.624025009508074,0.707106781186548,0.624025009508074,
0.707106781186548),(1.,0.882504631706318,1.,0.882504631706318,1.)))
REPRESENTATION_ITEM('')
SURFACE()
);
#78=(
BOUNDED_SURFACE()
B_SPLINE_SURFACE(2,1,((#10961,#10962),(#10963,#10964),(#10965,#10966)),
 .UNSPECIFIED.,.F.,.F.,.F.)
B_SPLINE_SURFACE_WITH_KNOTS((3,3),(2,2),(-0.510692340906873,0.),(-0.92,
0.92),.UNSPECIFIED.)
GEOMETRIC_REPRESENTATION_ITEM()
RATIONAL_B_SPLINE_SURFACE(((1.,1.),(1.,1.),(1.,1.)))
REPRESENTATION_ITEM('')
SURFACE()
);
#79=(
BOUNDED_SURFACE()
B_SPLINE_SURFACE(3,1,((#11248,#11249),(#11250,#11251),(#11252,#11253),(#11254,
#11255)),.UNSPECIFIED.,.F.,.F.,.F.)
B_SPLINE_SURFACE_WITH_KNOTS((4,4),(2,2),(-1.,0.),(-2.3,2.3),
 .UNSPECIFIED.)
GEOMETRIC_REPRESENTATION_ITEM()
RATIONAL_B_SPLINE_SURFACE(((1.,1.),(1.,1.),(1.,1.),(1.,1.)))
REPRESENTATION_ITEM('')
SURFACE()
);
#80=FACE_BOUND('',#742,.T.);
#81=FACE_BOUND('',#756,.T.);
#82=FACE_BOUND('',#838,.T.);
#83=FACE_BOUND('',#868,.T.);
#84=FACE_BOUND('',#872,.T.);
#85=FACE_BOUND('',#883,.T.);
#86=FACE_BOUND('',#900,.T.);
#87=FACE_BOUND('',#911,.T.);
#88=FACE_BOUND('',#971,.T.);
#89=FACE_BOUND('',#972,.T.);
#90=FACE_BOUND('',#1002,.T.);
#91=FACE_BOUND('',#1015,.T.);
#92=CYLINDRICAL_SURFACE('',#5307,0.65);
#93=CYLINDRICAL_SURFACE('',#5314,0.65);
#94=CYLINDRICAL_SURFACE('',#5322,0.575);
#95=CYLINDRICAL_SURFACE('',#5326,0.65);
#96=CYLINDRICAL_SURFACE('',#5339,1.95);
#97=CYLINDRICAL_SURFACE('',#5342,0.575);
#98=CYLINDRICAL_SURFACE('',#5344,1.95);
#99=CYLINDRICAL_SURFACE('',#5357,0.649999999999999);
#100=CYLINDRICAL_SURFACE('',#5359,0.575);
#101=CYLINDRICAL_SURFACE('',#5368,8.);
#102=CYLINDRICAL_SURFACE('',#5370,5.);
#103=CYLINDRICAL_SURFACE('',#5375,8.5);
#104=CYLINDRICAL_SURFACE('',#5402,6.5);
#105=CYLINDRICAL_SURFACE('',#5405,6.5);
#106=CYLINDRICAL_SURFACE('',#5413,6.5);
#107=CYLINDRICAL_SURFACE('',#5423,2.6629999997358);
#108=CYLINDRICAL_SURFACE('',#5429,9.5);
#109=CYLINDRICAL_SURFACE('',#5430,9.5);
#110=CYLINDRICAL_SURFACE('',#5450,4.12500000008849);
#111=CYLINDRICAL_SURFACE('',#5457,2.73700000027813);
#112=CYLINDRICAL_SURFACE('',#5462,6.125);
#113=CYLINDRICAL_SURFACE('',#5479,1.5);
#114=CYLINDRICAL_SURFACE('',#5485,10.);
#115=CYLINDRICAL_SURFACE('',#5490,8.4);
#116=CYLINDRICAL_SURFACE('',#5497,1.5);
#117=CYLINDRICAL_SURFACE('',#5499,8.4);
#118=CYLINDRICAL_SURFACE('',#5506,10.);
#119=CYLINDRICAL_SURFACE('',#5524,1.95);
#120=CYLINDRICAL_SURFACE('',#5527,0.575);
#121=CYLINDRICAL_SURFACE('',#5533,1.5);
#122=CYLINDRICAL_SURFACE('',#5535,10.);
#123=CYLINDRICAL_SURFACE('',#5539,0.575);
#124=CYLINDRICAL_SURFACE('',#5541,0.575);
#125=CYLINDRICAL_SURFACE('',#5544,0.999999999279119);
#126=CYLINDRICAL_SURFACE('',#5545,9.975);
#127=CYLINDRICAL_SURFACE('',#5547,9.975);
#128=CYLINDRICAL_SURFACE('',#5562,8.00000000000001);
#129=CYLINDRICAL_SURFACE('',#5565,4.12500000008849);
#130=CYLINDRICAL_SURFACE('',#5573,8.);
#131=CYLINDRICAL_SURFACE('',#5574,8.);
#132=CYLINDRICAL_SURFACE('',#5577,1.5);
#133=CYLINDRICAL_SURFACE('',#5578,8.00000000000001);
#134=CYLINDRICAL_SURFACE('',#5580,1.5);
#135=CYLINDRICAL_SURFACE('',#5586,9.5);
#136=CYLINDRICAL_SURFACE('',#5594,1.5);
#137=CYLINDRICAL_SURFACE('',#5599,1.5);
#138=CYLINDRICAL_SURFACE('',#5601,9.975);
#139=CYLINDRICAL_SURFACE('',#5608,1.5);
#140=CYLINDRICAL_SURFACE('',#5609,1.5);
#141=CYLINDRICAL_SURFACE('',#5610,1.5);
#142=CYLINDRICAL_SURFACE('',#5620,10.25);
#143=CYLINDRICAL_SURFACE('',#5639,1.5);
#144=CYLINDRICAL_SURFACE('',#5648,9.25);
#145=CYLINDRICAL_SURFACE('',#5655,10.25);
#146=CYLINDRICAL_SURFACE('',#5657,10.25);
#147=CYLINDRICAL_SURFACE('',#5661,2.80407289331885);
#148=CYLINDRICAL_SURFACE('',#5662,3.);
#149=CYLINDRICAL_SURFACE('',#5672,1.95);
#150=CYLINDRICAL_SURFACE('',#5675,1.95);
#151=CYLINDRICAL_SURFACE('',#5678,5.);
#152=CYLINDRICAL_SURFACE('',#5682,3.50000000001223);
#153=CIRCLE('',#5306,1.);
#154=CIRCLE('',#5308,0.65);
#155=CIRCLE('',#5310,0.575);
#156=CIRCLE('',#5312,0.65);
#157=CIRCLE('',#5313,0.575);
#158=CIRCLE('',#5315,0.65);
#159=CIRCLE('',#5316,0.65);
#160=CIRCLE('',#5317,0.65);
#161=CIRCLE('',#5319,1.95);
#162=CIRCLE('',#5320,0.575);
#163=CIRCLE('',#5321,1.95);
#164=CIRCLE('',#5323,0.575);
#165=CIRCLE('',#5324,0.575);
#166=CIRCLE('',#5325,0.575);
#167=CIRCLE('',#5327,0.65);
#168=CIRCLE('',#5328,0.65);
#169=CIRCLE('',#5329,0.65);
#170=CIRCLE('',#5330,0.65);
#171=CIRCLE('',#5331,0.65);
#172=CIRCLE('',#5333,1.95);
#173=CIRCLE('',#5334,0.575);
#174=CIRCLE('',#5335,1.95);
#175=CIRCLE('',#5337,0.575);
#176=CIRCLE('',#5340,1.95);
#177=CIRCLE('',#5341,1.95);
#178=CIRCLE('',#5343,0.575);
#179=CIRCLE('',#5345,1.95);
#180=CIRCLE('',#5346,1.95);
#181=CIRCLE('',#5347,1.95);
#182=CIRCLE('',#5349,0.575);
#183=CIRCLE('',#5350,0.575);
#184=CIRCLE('',#5352,3.);
#185=CIRCLE('',#5353,1.95);
#186=CIRCLE('',#5358,0.649999999999999);
#187=CIRCLE('',#5360,0.575);
#188=CIRCLE('',#5363,4.12500000008849);
#189=CIRCLE('',#5371,5.);
#190=CIRCLE('',#5372,5.);
#191=CIRCLE('',#5376,8.5);
#192=CIRCLE('',#5377,8.5);
#193=CIRCLE('',#5393,8.);
#194=CIRCLE('',#5394,1.5);
#195=CIRCLE('',#5395,6.5);
#196=CIRCLE('',#5396,6.5);
#197=CIRCLE('',#5398,6.5);
#198=CIRCLE('',#5399,6.5);
#199=CIRCLE('',#5400,1.5);
#200=CIRCLE('',#5401,8.);
#201=CIRCLE('',#5403,6.5);
#202=CIRCLE('',#5404,6.5);
#203=CIRCLE('',#5406,6.5);
#204=CIRCLE('',#5408,2.73700000027813);
#205=CIRCLE('',#5414,6.5);
#206=CIRCLE('',#5422,2.73700000027813);
#207=CIRCLE('',#5424,2.6629999997358);
#208=CIRCLE('',#5425,2.6629999997358);
#209=CIRCLE('',#5435,1.5);
#210=CIRCLE('',#5438,2.73700000027813);
#211=CIRCLE('',#5439,1.5);
#212=CIRCLE('',#5444,4.12500000008849);
#213=CIRCLE('',#5448,4.12500000008849);
#214=CIRCLE('',#5451,4.12500000008849);
#215=CIRCLE('',#5458,2.73700000027813);
#216=CIRCLE('',#5463,6.125);
#217=CIRCLE('',#5464,6.125);
#218=CIRCLE('',#5466,1.5);
#219=CIRCLE('',#5468,1.5);
#220=CIRCLE('',#5470,8.4790199457749);
#221=CIRCLE('',#5472,1.5);
#222=CIRCLE('',#5473,7.);
#223=CIRCLE('',#5474,7.);
#224=CIRCLE('',#5481,1.5);
#225=CIRCLE('',#5483,9.975);
#226=CIRCLE('',#5484,10.);
#227=CIRCLE('',#5486,10.);
#228=CIRCLE('',#5491,8.4);
#229=CIRCLE('',#5492,8.4);
#230=CIRCLE('',#5495,8.475);
#231=CIRCLE('',#5496,5.);
#232=CIRCLE('',#5498,1.5);
#233=CIRCLE('',#5500,8.4);
#234=CIRCLE('',#5501,8.4);
#235=CIRCLE('',#5505,1.5);
#236=CIRCLE('',#5507,10.);
#237=CIRCLE('',#5508,10.);
#238=CIRCLE('',#5512,9.975);
#239=CIRCLE('',#5513,9.975);
#240=CIRCLE('',#5514,1.5);
#241=CIRCLE('',#5515,8.475);
#242=CIRCLE('',#5518,0.575);
#243=CIRCLE('',#5521,0.575);
#244=CIRCLE('',#5522,1.95);
#245=CIRCLE('',#5523,0.575);
#246=CIRCLE('',#5526,0.575);
#247=CIRCLE('',#5531,7.);
#248=CIRCLE('',#5532,1.5);
#249=CIRCLE('',#5537,9.975);
#250=CIRCLE('',#5546,9.975);
#251=CIRCLE('',#5549,1.5);
#252=CIRCLE('',#5550,1.5);
#253=CIRCLE('',#5552,1.5);
#254=CIRCLE('',#5554,1.5);
#255=CIRCLE('',#5556,8.00000000000001);
#256=CIRCLE('',#5557,8.00000000000001);
#257=CIRCLE('',#5559,8.00000000000001);
#258=CIRCLE('',#5560,4.12500000008849);
#259=CIRCLE('',#5561,8.00000000000001);
#260=CIRCLE('',#5566,4.12500000008849);
#261=CIRCLE('',#5568,4.12500000008849);
#262=CIRCLE('',#5570,4.12500000008849);
#263=CIRCLE('',#5575,8.00000000000001);
#264=CIRCLE('',#5579,8.00000000000001);
#265=CIRCLE('',#5581,1.5);
#266=CIRCLE('',#5583,1.5);
#267=CIRCLE('',#5584,6.50000000000001);
#268=CIRCLE('',#5585,7.99666295470958);
#269=CIRCLE('',#5587,9.5);
#270=CIRCLE('',#5588,9.5);
#271=CIRCLE('',#5590,3.50000000001223);
#272=CIRCLE('',#5591,1.5);
#273=CIRCLE('',#5595,1.5);
#274=CIRCLE('',#5597,1.5);
#275=CIRCLE('',#5598,9.975);
#276=CIRCLE('',#5600,1.5);
#277=CIRCLE('',#5602,9.975);
#278=CIRCLE('',#5605,1.5);
#279=CIRCLE('',#5607,1.5);
#280=CIRCLE('',#5613,10.25);
#281=CIRCLE('',#5614,10.25);
#282=CIRCLE('',#5615,2.);
#283=CIRCLE('',#5616,9.25);
#284=CIRCLE('',#5617,2.);
#285=CIRCLE('',#5618,10.25);
#286=CIRCLE('',#5619,2.80407289331885);
#287=CIRCLE('',#5621,10.25);
#288=CIRCLE('',#5622,1.);
#289=CIRCLE('',#5623,1.5);
#290=CIRCLE('',#5624,0.999999999976138);
#291=CIRCLE('',#5625,1.5);
#292=CIRCLE('',#5628,1.5);
#293=CIRCLE('',#5630,1.5);
#294=CIRCLE('',#5631,1.5);
#295=CIRCLE('',#5633,0.999999999660081);
#296=CIRCLE('',#5634,1.5);
#297=CIRCLE('',#5635,1.);
#298=CIRCLE('',#5636,1.5);
#299=CIRCLE('',#5640,1.5);
#300=CIRCLE('',#5641,1.5);
#301=CIRCLE('',#5642,1.5);
#302=CIRCLE('',#5643,1.5);
#303=CIRCLE('',#5644,1.5);
#304=CIRCLE('',#5649,9.25);
#305=CIRCLE('',#5656,10.25);
#306=CIRCLE('',#5658,10.25);
#307=CIRCLE('',#5660,2.80407289331885);
#308=CIRCLE('',#5663,3.);
#309=CIRCLE('',#5664,3.);
#310=CIRCLE('',#5665,0.5);
#311=CIRCLE('',#5667,0.5);
#312=CIRCLE('',#5670,1.95);
#313=CIRCLE('',#5671,1.95);
#314=CIRCLE('',#5673,1.95);
#315=CIRCLE('',#5676,1.95);
#316=CIRCLE('',#5679,5.);
#317=CIRCLE('',#5684,3.50000000001223);
#318=PLANE('',#5303);
#319=PLANE('',#5304);
#320=PLANE('',#5305);
#321=PLANE('',#5309);
#322=PLANE('',#5311);
#323=PLANE('',#5318);
#324=PLANE('',#5332);
#325=PLANE('',#5336);
#326=PLANE('',#5338);
#327=PLANE('',#5348);
#328=PLANE('',#5351);
#329=PLANE('',#5354);
#330=PLANE('',#5355);
#331=PLANE('',#5356);
#332=PLANE('',#5361);
#333=PLANE('',#5362);
#334=PLANE('',#5364);
#335=PLANE('',#5365);
#336=PLANE('',#5366);
#337=PLANE('',#5367);
#338=PLANE('',#5369);
#339=PLANE('',#5373);
#340=PLANE('',#5374);
#341=PLANE('',#5378);
#342=PLANE('',#5379);
#343=PLANE('',#5380);
#344=PLANE('',#5381);
#345=PLANE('',#5382);
#346=PLANE('',#5383);
#347=PLANE('',#5384);
#348=PLANE('',#5385);
#349=PLANE('',#5386);
#350=PLANE('',#5387);
#351=PLANE('',#5388);
#352=PLANE('',#5389);
#353=PLANE('',#5390);
#354=PLANE('',#5391);
#355=PLANE('',#5407);
#356=PLANE('',#5409);
#357=PLANE('',#5410);
#358=PLANE('',#5411);
#359=PLANE('',#5412);
#360=PLANE('',#5415);
#361=PLANE('',#5416);
#362=PLANE('',#5417);
#363=PLANE('',#5418);
#364=PLANE('',#5419);
#365=PLANE('',#5420);
#366=PLANE('',#5421);
#367=PLANE('',#5426);
#368=PLANE('',#5427);
#369=PLANE('',#5428);
#370=PLANE('',#5431);
#371=PLANE('',#5432);
#372=PLANE('',#5433);
#373=PLANE('',#5434);
#374=PLANE('',#5436);
#375=PLANE('',#5437);
#376=PLANE('',#5440);
#377=PLANE('',#5441);
#378=PLANE('',#5442);
#379=PLANE('',#5443);
#380=PLANE('',#5445);
#381=PLANE('',#5446);
#382=PLANE('',#5447);
#383=PLANE('',#5449);
#384=PLANE('',#5452);
#385=PLANE('',#5453);
#386=PLANE('',#5454);
#387=PLANE('',#5455);
#388=PLANE('',#5456);
#389=PLANE('',#5459);
#390=PLANE('',#5460);
#391=PLANE('',#5461);
#392=PLANE('',#5465);
#393=PLANE('',#5467);
#394=PLANE('',#5469);
#395=PLANE('',#5475);
#396=PLANE('',#5477);
#397=PLANE('',#5480);
#398=PLANE('',#5482);
#399=PLANE('',#5487);
#400=PLANE('',#5488);
#401=PLANE('',#5493);
#402=PLANE('',#5494);
#403=PLANE('',#5502);
#404=PLANE('',#5504);
#405=PLANE('',#5509);
#406=PLANE('',#5510);
#407=PLANE('',#5516);
#408=PLANE('',#5517);
#409=PLANE('',#5519);
#410=PLANE('',#5520);
#411=PLANE('',#5525);
#412=PLANE('',#5528);
#413=PLANE('',#5534);
#414=PLANE('',#5536);
#415=PLANE('',#5538);
#416=PLANE('',#5540);
#417=PLANE('',#5542);
#418=PLANE('',#5543);
#419=PLANE('',#5548);
#420=PLANE('',#5551);
#421=PLANE('',#5553);
#422=PLANE('',#5555);
#423=PLANE('',#5558);
#424=PLANE('',#5563);
#425=PLANE('',#5564);
#426=PLANE('',#5571);
#427=PLANE('',#5572);
#428=PLANE('',#5576);
#429=PLANE('',#5589);
#430=PLANE('',#5592);
#431=PLANE('',#5593);
#432=PLANE('',#5603);
#433=PLANE('',#5604);
#434=PLANE('',#5606);
#435=PLANE('',#5611);
#436=PLANE('',#5612);
#437=PLANE('',#5626);
#438=PLANE('',#5632);
#439=PLANE('',#5637);
#440=PLANE('',#5638);
#441=PLANE('',#5645);
#442=PLANE('',#5646);
#443=PLANE('',#5651);
#444=PLANE('',#5652);
#445=PLANE('',#5653);
#446=PLANE('',#5654);
#447=PLANE('',#5659);
#448=PLANE('',#5668);
#449=PLANE('',#5669);
#450=PLANE('',#5674);
#451=PLANE('',#5677);
#452=PLANE('',#5680);
#453=PLANE('',#5681);
#454=PLANE('',#5686);
#455=PLANE('',#5687);
#456=PLANE('',#5688);
#457=FACE_OUTER_BOUND('',#733,.T.);
#458=FACE_OUTER_BOUND('',#734,.T.);
#459=FACE_OUTER_BOUND('',#735,.T.);
#460=FACE_OUTER_BOUND('',#736,.T.);
#461=FACE_OUTER_BOUND('',#737,.T.);
#462=FACE_OUTER_BOUND('',#738,.T.);
#463=FACE_OUTER_BOUND('',#739,.T.);
#464=FACE_OUTER_BOUND('',#740,.T.);
#465=FACE_OUTER_BOUND('',#741,.T.);
#466=FACE_OUTER_BOUND('',#743,.T.);
#467=FACE_OUTER_BOUND('',#744,.T.);
#468=FACE_OUTER_BOUND('',#745,.T.);
#469=FACE_OUTER_BOUND('',#746,.T.);
#470=FACE_OUTER_BOUND('',#747,.T.);
#471=FACE_OUTER_BOUND('',#748,.T.);
#472=FACE_OUTER_BOUND('',#749,.T.);
#473=FACE_OUTER_BOUND('',#750,.T.);
#474=FACE_OUTER_BOUND('',#751,.T.);
#475=FACE_OUTER_BOUND('',#752,.T.);
#476=FACE_OUTER_BOUND('',#753,.T.);
#477=FACE_OUTER_BOUND('',#754,.T.);
#478=FACE_OUTER_BOUND('',#755,.T.);
#479=FACE_OUTER_BOUND('',#757,.T.);
#480=FACE_OUTER_BOUND('',#758,.T.);
#481=FACE_OUTER_BOUND('',#759,.T.);
#482=FACE_OUTER_BOUND('',#760,.T.);
#483=FACE_OUTER_BOUND('',#761,.T.);
#484=FACE_OUTER_BOUND('',#762,.T.);
#485=FACE_OUTER_BOUND('',#763,.T.);
#486=FACE_OUTER_BOUND('',#764,.T.);
#487=FACE_OUTER_BOUND('',#765,.T.);
#488=FACE_OUTER_BOUND('',#766,.T.);
#489=FACE_OUTER_BOUND('',#767,.T.);
#490=FACE_OUTER_BOUND('',#768,.T.);
#491=FACE_OUTER_BOUND('',#769,.T.);
#492=FACE_OUTER_BOUND('',#770,.T.);
#493=FACE_OUTER_BOUND('',#771,.T.);
#494=FACE_OUTER_BOUND('',#772,.T.);
#495=FACE_OUTER_BOUND('',#773,.T.);
#496=FACE_OUTER_BOUND('',#774,.T.);
#497=FACE_OUTER_BOUND('',#775,.T.);
#498=FACE_OUTER_BOUND('',#776,.T.);
#499=FACE_OUTER_BOUND('',#777,.T.);
#500=FACE_OUTER_BOUND('',#778,.T.);
#501=FACE_OUTER_BOUND('',#779,.T.);
#502=FACE_OUTER_BOUND('',#780,.T.);
#503=FACE_OUTER_BOUND('',#781,.T.);
#504=FACE_OUTER_BOUND('',#782,.T.);
#505=FACE_OUTER_BOUND('',#783,.T.);
#506=FACE_OUTER_BOUND('',#784,.T.);
#507=FACE_OUTER_BOUND('',#785,.T.);
#508=FACE_OUTER_BOUND('',#786,.T.);
#509=FACE_OUTER_BOUND('',#787,.T.);
#510=FACE_OUTER_BOUND('',#788,.T.);
#511=FACE_OUTER_BOUND('',#789,.T.);
#512=FACE_OUTER_BOUND('',#790,.T.);
#513=FACE_OUTER_BOUND('',#791,.T.);
#514=FACE_OUTER_BOUND('',#792,.T.);
#515=FACE_OUTER_BOUND('',#793,.T.);
#516=FACE_OUTER_BOUND('',#794,.T.);
#517=FACE_OUTER_BOUND('',#795,.T.);
#518=FACE_OUTER_BOUND('',#796,.T.);
#519=FACE_OUTER_BOUND('',#797,.T.);
#520=FACE_OUTER_BOUND('',#798,.T.);
#521=FACE_OUTER_BOUND('',#799,.T.);
#522=FACE_OUTER_BOUND('',#800,.T.);
#523=FACE_OUTER_BOUND('',#801,.T.);
#524=FACE_OUTER_BOUND('',#802,.T.);
#525=FACE_OUTER_BOUND('',#803,.T.);
#526=FACE_OUTER_BOUND('',#804,.T.);
#527=FACE_OUTER_BOUND('',#805,.T.);
#528=FACE_OUTER_BOUND('',#806,.T.);
#529=FACE_OUTER_BOUND('',#807,.T.);
#530=FACE_OUTER_BOUND('',#808,.T.);
#531=FACE_OUTER_BOUND('',#809,.T.);
#532=FACE_OUTER_BOUND('',#810,.T.);
#533=FACE_OUTER_BOUND('',#811,.T.);
#534=FACE_OUTER_BOUND('',#812,.T.);
#535=FACE_OUTER_BOUND('',#813,.T.);
#536=FACE_OUTER_BOUND('',#814,.T.);
#537=FACE_OUTER_BOUND('',#815,.T.);
#538=FACE_OUTER_BOUND('',#816,.T.);
#539=FACE_OUTER_BOUND('',#817,.T.);
#540=FACE_OUTER_BOUND('',#818,.T.);
#541=FACE_OUTER_BOUND('',#819,.T.);
#542=FACE_OUTER_BOUND('',#820,.T.);
#543=FACE_OUTER_BOUND('',#821,.T.);
#544=FACE_OUTER_BOUND('',#822,.T.);
#545=FACE_OUTER_BOUND('',#823,.T.);
#546=FACE_OUTER_BOUND('',#824,.T.);
#547=FACE_OUTER_BOUND('',#825,.T.);
#548=FACE_OUTER_BOUND('',#826,.T.);
#549=FACE_OUTER_BOUND('',#827,.T.);
#550=FACE_OUTER_BOUND('',#828,.T.);
#551=FACE_OUTER_BOUND('',#829,.T.);
#552=FACE_OUTER_BOUND('',#830,.T.);
#553=FACE_OUTER_BOUND('',#831,.T.);
#554=FACE_OUTER_BOUND('',#832,.T.);
#555=FACE_OUTER_BOUND('',#833,.T.);
#556=FACE_OUTER_BOUND('',#834,.T.);
#557=FACE_OUTER_BOUND('',#835,.T.);
#558=FACE_OUTER_BOUND('',#836,.T.);
#559=FACE_OUTER_BOUND('',#837,.T.);
#560=FACE_OUTER_BOUND('',#839,.T.);
#561=FACE_OUTER_BOUND('',#840,.T.);
#562=FACE_OUTER_BOUND('',#841,.T.);
#563=FACE_OUTER_BOUND('',#842,.T.);
#564=FACE_OUTER_BOUND('',#843,.T.);
#565=FACE_OUTER_BOUND('',#844,.T.);
#566=FACE_OUTER_BOUND('',#845,.T.);
#567=FACE_OUTER_BOUND('',#846,.T.);
#568=FACE_OUTER_BOUND('',#847,.T.);
#569=FACE_OUTER_BOUND('',#848,.T.);
#570=FACE_OUTER_BOUND('',#849,.T.);
#571=FACE_OUTER_BOUND('',#850,.T.);
#572=FACE_OUTER_BOUND('',#851,.T.);
#573=FACE_OUTER_BOUND('',#852,.T.);
#574=FACE_OUTER_BOUND('',#853,.T.);
#575=FACE_OUTER_BOUND('',#854,.T.);
#576=FACE_OUTER_BOUND('',#855,.T.);
#577=FACE_OUTER_BOUND('',#856,.T.);
#578=FACE_OUTER_BOUND('',#857,.T.);
#579=FACE_OUTER_BOUND('',#858,.T.);
#580=FACE_OUTER_BOUND('',#859,.T.);
#581=FACE_OUTER_BOUND('',#860,.T.);
#582=FACE_OUTER_BOUND('',#861,.T.);
#583=FACE_OUTER_BOUND('',#862,.T.);
#584=FACE_OUTER_BOUND('',#863,.T.);
#585=FACE_OUTER_BOUND('',#864,.T.);
#586=FACE_OUTER_BOUND('',#865,.T.);
#587=FACE_OUTER_BOUND('',#866,.T.);
#588=FACE_OUTER_BOUND('',#867,.T.);
#589=FACE_OUTER_BOUND('',#869,.T.);
#590=FACE_OUTER_BOUND('',#870,.T.);
#591=FACE_OUTER_BOUND('',#871,.T.);
#592=FACE_OUTER_BOUND('',#873,.T.);
#593=FACE_OUTER_BOUND('',#874,.T.);
#594=FACE_OUTER_BOUND('',#875,.T.);
#595=FACE_OUTER_BOUND('',#876,.T.);
#596=FACE_OUTER_BOUND('',#877,.T.);
#597=FACE_OUTER_BOUND('',#878,.T.);
#598=FACE_OUTER_BOUND('',#879,.T.);
#599=FACE_OUTER_BOUND('',#880,.T.);
#600=FACE_OUTER_BOUND('',#881,.T.);
#601=FACE_OUTER_BOUND('',#882,.T.);
#602=FACE_OUTER_BOUND('',#884,.T.);
#603=FACE_OUTER_BOUND('',#885,.T.);
#604=FACE_OUTER_BOUND('',#886,.T.);
#605=FACE_OUTER_BOUND('',#887,.T.);
#606=FACE_OUTER_BOUND('',#888,.T.);
#607=FACE_OUTER_BOUND('',#889,.T.);
#608=FACE_OUTER_BOUND('',#890,.T.);
#609=FACE_OUTER_BOUND('',#891,.T.);
#610=FACE_OUTER_BOUND('',#892,.T.);
#611=FACE_OUTER_BOUND('',#893,.T.);
#612=FACE_OUTER_BOUND('',#894,.T.);
#613=FACE_OUTER_BOUND('',#895,.T.);
#614=FACE_OUTER_BOUND('',#896,.T.);
#615=FACE_OUTER_BOUND('',#897,.T.);
#616=FACE_OUTER_BOUND('',#898,.T.);
#617=FACE_OUTER_BOUND('',#899,.T.);
#618=FACE_OUTER_BOUND('',#901,.T.);
#619=FACE_OUTER_BOUND('',#902,.T.);
#620=FACE_OUTER_BOUND('',#903,.T.);
#621=FACE_OUTER_BOUND('',#904,.T.);
#622=FACE_OUTER_BOUND('',#905,.T.);
#623=FACE_OUTER_BOUND('',#906,.T.);
#624=FACE_OUTER_BOUND('',#907,.T.);
#625=FACE_OUTER_BOUND('',#908,.T.);
#626=FACE_OUTER_BOUND('',#909,.T.);
#627=FACE_OUTER_BOUND('',#910,.T.);
#628=FACE_OUTER_BOUND('',#912,.T.);
#629=FACE_OUTER_BOUND('',#913,.T.);
#630=FACE_OUTER_BOUND('',#914,.T.);
#631=FACE_OUTER_BOUND('',#915,.T.);
#632=FACE_OUTER_BOUND('',#916,.T.);
#633=FACE_OUTER_BOUND('',#917,.T.);
#634=FACE_OUTER_BOUND('',#918,.T.);
#635=FACE_OUTER_BOUND('',#919,.T.);
#636=FACE_OUTER_BOUND('',#920,.T.);
#637=FACE_OUTER_BOUND('',#921,.T.);
#638=FACE_OUTER_BOUND('',#922,.T.);
#639=FACE_OUTER_BOUND('',#923,.T.);
#640=FACE_OUTER_BOUND('',#924,.T.);
#641=FACE_OUTER_BOUND('',#925,.T.);
#642=FACE_OUTER_BOUND('',#926,.T.);
#643=FACE_OUTER_BOUND('',#927,.T.);
#644=FACE_OUTER_BOUND('',#928,.T.);
#645=FACE_OUTER_BOUND('',#929,.T.);
#646=FACE_OUTER_BOUND('',#930,.T.);
#647=FACE_OUTER_BOUND('',#931,.T.);
#648=FACE_OUTER_BOUND('',#932,.T.);
#649=FACE_OUTER_BOUND('',#933,.T.);
#650=FACE_OUTER_BOUND('',#934,.T.);
#651=FACE_OUTER_BOUND('',#935,.T.);
#652=FACE_OUTER_BOUND('',#936,.T.);
#653=FACE_OUTER_BOUND('',#937,.T.);
#654=FACE_OUTER_BOUND('',#938,.T.);
#655=FACE_OUTER_BOUND('',#939,.T.);
#656=FACE_OUTER_BOUND('',#940,.T.);
#657=FACE_OUTER_BOUND('',#941,.T.);
#658=FACE_OUTER_BOUND('',#942,.T.);
#659=FACE_OUTER_BOUND('',#943,.T.);
#660=FACE_OUTER_BOUND('',#944,.T.);
#661=FACE_OUTER_BOUND('',#945,.T.);
#662=FACE_OUTER_BOUND('',#946,.T.);
#663=FACE_OUTER_BOUND('',#947,.T.);
#664=FACE_OUTER_BOUND('',#948,.T.);
#665=FACE_OUTER_BOUND('',#949,.T.);
#666=FACE_OUTER_BOUND('',#950,.T.);
#667=FACE_OUTER_BOUND('',#951,.T.);
#668=FACE_OUTER_BOUND('',#952,.T.);
#669=FACE_OUTER_BOUND('',#953,.T.);
#670=FACE_OUTER_BOUND('',#954,.T.);
#671=FACE_OUTER_BOUND('',#955,.T.);
#672=FACE_OUTER_BOUND('',#956,.T.);
#673=FACE_OUTER_BOUND('',#957,.T.);
#674=FACE_OUTER_BOUND('',#958,.T.);
#675=FACE_OUTER_BOUND('',#959,.T.);
#676=FACE_OUTER_BOUND('',#960,.T.);
#677=FACE_OUTER_BOUND('',#961,.T.);
#678=FACE_OUTER_BOUND('',#962,.T.);
#679=FACE_OUTER_BOUND('',#963,.T.);
#680=FACE_OUTER_BOUND('',#964,.T.);
#681=FACE_OUTER_BOUND('',#965,.T.);
#682=FACE_OUTER_BOUND('',#966,.T.);
#683=FACE_OUTER_BOUND('',#967,.T.);
#684=FACE_OUTER_BOUND('',#968,.T.);
#685=FACE_OUTER_BOUND('',#969,.T.);
#686=FACE_OUTER_BOUND('',#970,.T.);
#687=FACE_OUTER_BOUND('',#973,.T.);
#688=FACE_OUTER_BOUND('',#974,.T.);
#689=FACE_OUTER_BOUND('',#975,.T.);
#690=FACE_OUTER_BOUND('',#976,.T.);
#691=FACE_OUTER_BOUND('',#977,.T.);
#692=FACE_OUTER_BOUND('',#978,.T.);
#693=FACE_OUTER_BOUND('',#979,.T.);
#694=FACE_OUTER_BOUND('',#980,.T.);
#695=FACE_OUTER_BOUND('',#981,.T.);
#696=FACE_OUTER_BOUND('',#982,.T.);
#697=FACE_OUTER_BOUND('',#983,.T.);
#698=FACE_OUTER_BOUND('',#984,.T.);
#699=FACE_OUTER_BOUND('',#985,.T.);
#700=FACE_OUTER_BOUND('',#986,.T.);
#701=FACE_OUTER_BOUND('',#987,.T.);
#702=FACE_OUTER_BOUND('',#988,.T.);
#703=FACE_OUTER_BOUND('',#989,.T.);
#704=FACE_OUTER_BOUND('',#990,.T.);
#705=FACE_OUTER_BOUND('',#991,.T.);
#706=FACE_OUTER_BOUND('',#992,.T.);
#707=FACE_OUTER_BOUND('',#993,.T.);
#708=FACE_OUTER_BOUND('',#994,.T.);
#709=FACE_OUTER_BOUND('',#995,.T.);
#710=FACE_OUTER_BOUND('',#996,.T.);
#711=FACE_OUTER_BOUND('',#997,.T.);
#712=FACE_OUTER_BOUND('',#998,.T.);
#713=FACE_OUTER_BOUND('',#999,.T.);
#714=FACE_OUTER_BOUND('',#1000,.T.);
#715=FACE_OUTER_BOUND('',#1001,.T.);
#716=FACE_OUTER_BOUND('',#1003,.T.);
#717=FACE_OUTER_BOUND('',#1004,.T.);
#718=FACE_OUTER_BOUND('',#1005,.T.);
#719=FACE_OUTER_BOUND('',#1006,.T.);
#720=FACE_OUTER_BOUND('',#1007,.T.);
#721=FACE_OUTER_BOUND('',#1008,.T.);
#722=FACE_OUTER_BOUND('',#1009,.T.);
#723=FACE_OUTER_BOUND('',#1010,.T.);
#724=FACE_OUTER_BOUND('',#1011,.T.);
#725=FACE_OUTER_BOUND('',#1012,.T.);
#726=FACE_OUTER_BOUND('',#1013,.T.);
#727=FACE_OUTER_BOUND('',#1014,.T.);
#728=FACE_OUTER_BOUND('',#1016,.T.);
#729=FACE_OUTER_BOUND('',#1017,.T.);
#730=FACE_OUTER_BOUND('',#1018,.T.);
#731=FACE_OUTER_BOUND('',#1019,.T.);
#732=FACE_OUTER_BOUND('',#1020,.T.);
#733=EDGE_LOOP('',(#3352,#3353,#3354,#3355));
#734=EDGE_LOOP('',(#3356,#3357,#3358,#3359));
#735=EDGE_LOOP('',(#3360,#3361,#3362,#3363,#3364,#3365,#3366,#3367,#3368));
#736=EDGE_LOOP('',(#3369,#3370,#3371,#3372));
#737=EDGE_LOOP('',(#3373,#3374,#3375,#3376,#3377));
#738=EDGE_LOOP('',(#3378,#3379,#3380,#3381,#3382,#3383,#3384,#3385));
#739=EDGE_LOOP('',(#3386,#3387,#3388,#3389));
#740=EDGE_LOOP('',(#3390,#3391,#3392,#3393,#3394));
#741=EDGE_LOOP('',(#3395));
#742=EDGE_LOOP('',(#3396));
#743=EDGE_LOOP('',(#3397,#3398,#3399,#3400));
#744=EDGE_LOOP('',(#3401,#3402,#3403,#3404,#3405,#3406,#3407,#3408,#3409,
#3410,#3411,#3412,#3413,#3414));
#745=EDGE_LOOP('',(#3415,#3416,#3417,#3418,#3419));
#746=EDGE_LOOP('',(#3420,#3421,#3422,#3423,#3424,#3425,#3426,#3427,#3428,
#3429,#3430,#3431));
#747=EDGE_LOOP('',(#3432,#3433,#3434,#3435,#3436,#3437,#3438,#3439,#3440,
#3441,#3442,#3443,#3444,#3445));
#748=EDGE_LOOP('',(#3446,#3447,#3448,#3449,#3450));
#749=EDGE_LOOP('',(#3451,#3452,#3453,#3454,#3455,#3456));
#750=EDGE_LOOP('',(#3457,#3458,#3459,#3460,#3461,#3462,#3463,#3464,#3465));
#751=EDGE_LOOP('',(#3466,#3467,#3468,#3469,#3470,#3471));
#752=EDGE_LOOP('',(#3472,#3473,#3474,#3475,#3476,#3477,#3478,#3479));
#753=EDGE_LOOP('',(#3480,#3481,#3482,#3483,#3484,#3485,#3486,#3487));
#754=EDGE_LOOP('',(#3488,#3489,#3490,#3491));
#755=EDGE_LOOP('',(#3492));
#756=EDGE_LOOP('',(#3493,#3494,#3495,#3496,#3497,#3498,#3499));
#757=EDGE_LOOP('',(#3500,#3501,#3502));
#758=EDGE_LOOP('',(#3503,#3504,#3505));
#759=EDGE_LOOP('',(#3506,#3507,#3508,#3509,#3510,#3511,#3512));
#760=EDGE_LOOP('',(#3513,#3514,#3515,#3516));
#761=EDGE_LOOP('',(#3517,#3518,#3519));
#762=EDGE_LOOP('',(#3520,#3521,#3522));
#763=EDGE_LOOP('',(#3523,#3524,#3525,#3526,#3527,#3528,#3529));
#764=EDGE_LOOP('',(#3530,#3531,#3532,#3533,#3534));
#765=EDGE_LOOP('',(#3535,#3536,#3537,#3538,#3539));
#766=EDGE_LOOP('',(#3540));
#767=EDGE_LOOP('',(#3541,#3542,#3543,#3544,#3545));
#768=EDGE_LOOP('',(#3546,#3547,#3548,#3549,#3550,#3551,#3552,#3553,#3554,
#3555,#3556,#3557));
#769=EDGE_LOOP('',(#3558,#3559,#3560,#3561,#3562,#3563));
#770=EDGE_LOOP('',(#3564,#3565,#3566,#3567));
#771=EDGE_LOOP('',(#3568,#3569,#3570,#3571,#3572,#3573,#3574,#3575));
#772=EDGE_LOOP('',(#3576,#3577,#3578,#3579,#3580,#3581,#3582,#3583));
#773=EDGE_LOOP('',(#3584,#3585,#3586,#3587,#3588,#3589));
#774=EDGE_LOOP('',(#3590,#3591,#3592,#3593));
#775=EDGE_LOOP('',(#3594,#3595,#3596,#3597));
#776=EDGE_LOOP('',(#3598,#3599,#3600,#3601,#3602));
#777=EDGE_LOOP('',(#3603,#3604,#3605,#3606));
#778=EDGE_LOOP('',(#3607,#3608,#3609,#3610));
#779=EDGE_LOOP('',(#3611,#3612,#3613,#3614));
#780=EDGE_LOOP('',(#3615,#3616,#3617,#3618,#3619));
#781=EDGE_LOOP('',(#3620,#3621,#3622,#3623));
#782=EDGE_LOOP('',(#3624,#3625,#3626,#3627));
#783=EDGE_LOOP('',(#3628,#3629,#3630,#3631,#3632,#3633,#3634,#3635,#3636,
#3637,#3638,#3639));
#784=EDGE_LOOP('',(#3640,#3641,#3642,#3643,#3644,#3645,#3646,#3647,#3648,
#3649,#3650));
#785=EDGE_LOOP('',(#3651,#3652,#3653,#3654,#3655));
#786=EDGE_LOOP('',(#3656,#3657,#3658,#3659,#3660));
#787=EDGE_LOOP('',(#3661,#3662,#3663));
#788=EDGE_LOOP('',(#3664,#3665,#3666,#3667,#3668,#3669,#3670,#3671,#3672,
#3673,#3674,#3675,#3676,#3677));
#789=EDGE_LOOP('',(#3678,#3679,#3680,#3681,#3682,#3683,#3684,#3685,#3686,
#3687,#3688,#3689,#3690));
#790=EDGE_LOOP('',(#3691,#3692,#3693,#3694));
#791=EDGE_LOOP('',(#3695,#3696,#3697,#3698));
#792=EDGE_LOOP('',(#3699,#3700,#3701,#3702));
#793=EDGE_LOOP('',(#3703,#3704,#3705,#3706));
#794=EDGE_LOOP('',(#3707,#3708,#3709,#3710));
#795=EDGE_LOOP('',(#3711,#3712,#3713,#3714));
#796=EDGE_LOOP('',(#3715,#3716,#3717,#3718));
#797=EDGE_LOOP('',(#3719,#3720,#3721,#3722));
#798=EDGE_LOOP('',(#3723,#3724,#3725,#3726));
#799=EDGE_LOOP('',(#3727,#3728,#3729,#3730));
#800=EDGE_LOOP('',(#3731,#3732,#3733,#3734));
#801=EDGE_LOOP('',(#3735,#3736,#3737,#3738));
#802=EDGE_LOOP('',(#3739,#3740,#3741,#3742));
#803=EDGE_LOOP('',(#3743,#3744,#3745,#3746));
#804=EDGE_LOOP('',(#3747,#3748,#3749,#3750));
#805=EDGE_LOOP('',(#3751,#3752,#3753,#3754,#3755,#3756,#3757,#3758));
#806=EDGE_LOOP('',(#3759,#3760,#3761,#3762,#3763,#3764,#3765,#3766,#3767));
#807=EDGE_LOOP('',(#3768,#3769,#3770,#3771,#3772,#3773));
#808=EDGE_LOOP('',(#3774,#3775,#3776,#3777));
#809=EDGE_LOOP('',(#3778,#3779,#3780,#3781,#3782));
#810=EDGE_LOOP('',(#3783,#3784,#3785));
#811=EDGE_LOOP('',(#3786,#3787,#3788,#3789,#3790));
#812=EDGE_LOOP('',(#3791,#3792,#3793,#3794,#3795,#3796));
#813=EDGE_LOOP('',(#3797,#3798,#3799,#3800));
#814=EDGE_LOOP('',(#3801,#3802,#3803,#3804));
#815=EDGE_LOOP('',(#3805,#3806,#3807,#3808));
#816=EDGE_LOOP('',(#3809,#3810,#3811,#3812,#3813,#3814));
#817=EDGE_LOOP('',(#3815,#3816,#3817,#3818,#3819,#3820,#3821,#3822));
#818=EDGE_LOOP('',(#3823,#3824,#3825,#3826,#3827,#3828,#3829,#3830,#3831,
#3832,#3833));
#819=EDGE_LOOP('',(#3834,#3835,#3836,#3837,#3838,#3839));
#820=EDGE_LOOP('',(#3840,#3841,#3842,#3843,#3844,#3845));
#821=EDGE_LOOP('',(#3846,#3847,#3848,#3849));
#822=EDGE_LOOP('',(#3850,#3851));
#823=EDGE_LOOP('',(#3852,#3853,#3854,#3855));
#824=EDGE_LOOP('',(#3856,#3857,#3858,#3859,#3860,#3861));
#825=EDGE_LOOP('',(#3862,#3863,#3864,#3865));
#826=EDGE_LOOP('',(#3866,#3867,#3868,#3869));
#827=EDGE_LOOP('',(#3870,#3871,#3872,#3873,#3874));
#828=EDGE_LOOP('',(#3875,#3876,#3877,#3878));
#829=EDGE_LOOP('',(#3879,#3880,#3881));
#830=EDGE_LOOP('',(#3882,#3883,#3884,#3885));
#831=EDGE_LOOP('',(#3886,#3887,#3888,#3889,#3890));
#832=EDGE_LOOP('',(#3891,#3892,#3893,#3894));
#833=EDGE_LOOP('',(#3895,#3896,#3897,#3898,#3899,#3900,#3901,#3902));
#834=EDGE_LOOP('',(#3903,#3904,#3905,#3906));
#835=EDGE_LOOP('',(#3907,#3908,#3909));
#836=EDGE_LOOP('',(#3910,#3911,#3912,#3913,#3914,#3915,#3916,#3917));
#837=EDGE_LOOP('',(#3918,#3919,#3920,#3921,#3922,#3923,#3924,#3925,#3926,
#3927));
#838=EDGE_LOOP('',(#3928,#3929));
#839=EDGE_LOOP('',(#3930,#3931,#3932,#3933,#3934));
#840=EDGE_LOOP('',(#3935,#3936,#3937,#3938,#3939,#3940,#3941,#3942));
#841=EDGE_LOOP('',(#3943,#3944,#3945,#3946,#3947,#3948,#3949,#3950));
#842=EDGE_LOOP('',(#3951,#3952,#3953,#3954));
#843=EDGE_LOOP('',(#3955,#3956,#3957,#3958));
#844=EDGE_LOOP('',(#3959,#3960,#3961,#3962,#3963,#3964));
#845=EDGE_LOOP('',(#3965,#3966,#3967,#3968));
#846=EDGE_LOOP('',(#3969,#3970,#3971,#3972));
#847=EDGE_LOOP('',(#3973,#3974,#3975,#3976,#3977,#3978));
#848=EDGE_LOOP('',(#3979,#3980,#3981,#3982));
#849=EDGE_LOOP('',(#3983,#3984,#3985,#3986,#3987,#3988));
#850=EDGE_LOOP('',(#3989,#3990,#3991,#3992,#3993,#3994));
#851=EDGE_LOOP('',(#3995,#3996,#3997,#3998,#3999));
#852=EDGE_LOOP('',(#4000,#4001,#4002,#4003,#4004));
#853=EDGE_LOOP('',(#4005,#4006,#4007,#4008,#4009));
#854=EDGE_LOOP('',(#4010,#4011,#4012,#4013,#4014,#4015,#4016,#4017));
#855=EDGE_LOOP('',(#4018,#4019,#4020,#4021,#4022,#4023,#4024,#4025));
#856=EDGE_LOOP('',(#4026,#4027,#4028,#4029,#4030,#4031));
#857=EDGE_LOOP('',(#4032,#4033,#4034,#4035,#4036,#4037,#4038,#4039));
#858=EDGE_LOOP('',(#4040,#4041,#4042,#4043,#4044,#4045,#4046,#4047,#4048,
#4049));
#859=EDGE_LOOP('',(#4050,#4051,#4052,#4053));
#860=EDGE_LOOP('',(#4054,#4055,#4056,#4057));
#861=EDGE_LOOP('',(#4058,#4059,#4060,#4061));
#862=EDGE_LOOP('',(#4062,#4063,#4064,#4065));
#863=EDGE_LOOP('',(#4066,#4067,#4068,#4069,#4070,#4071,#4072,#4073,#4074,
#4075,#4076));
#864=EDGE_LOOP('',(#4077,#4078,#4079,#4080));
#865=EDGE_LOOP('',(#4081,#4082,#4083,#4084,#4085,#4086,#4087,#4088,#4089,
#4090,#4091,#4092,#4093));
#866=EDGE_LOOP('',(#4094,#4095,#4096,#4097,#4098));
#867=EDGE_LOOP('',(#4099,#4100,#4101,#4102,#4103,#4104,#4105));
#868=EDGE_LOOP('',(#4106,#4107));
#869=EDGE_LOOP('',(#4108,#4109,#4110,#4111));
#870=EDGE_LOOP('',(#4112,#4113,#4114,#4115,#4116,#4117,#4118,#4119,#4120,
#4121,#4122,#4123,#4124));
#871=EDGE_LOOP('',(#4125,#4126,#4127,#4128,#4129,#4130,#4131,#4132,#4133,
#4134,#4135,#4136));
#872=EDGE_LOOP('',(#4137,#4138,#4139,#4140,#4141,#4142,#4143,#4144,#4145,
#4146,#4147,#4148,#4149));
#873=EDGE_LOOP('',(#4150,#4151,#4152,#4153,#4154,#4155,#4156,#4157,#4158,
#4159,#4160,#4161,#4162,#4163,#4164,#4165,#4166,#4167,#4168));
#874=EDGE_LOOP('',(#4169,#4170,#4171,#4172));
#875=EDGE_LOOP('',(#4173,#4174,#4175,#4176,#4177,#4178));
#876=EDGE_LOOP('',(#4179,#4180,#4181,#4182,#4183,#4184));
#877=EDGE_LOOP('',(#4185,#4186,#4187,#4188));
#878=EDGE_LOOP('',(#4189,#4190,#4191,#4192));
#879=EDGE_LOOP('',(#4193,#4194,#4195,#4196,#4197,#4198));
#880=EDGE_LOOP('',(#4199,#4200,#4201,#4202));
#881=EDGE_LOOP('',(#4203,#4204,#4205,#4206,#4207));
#882=EDGE_LOOP('',(#4208,#4209,#4210,#4211,#4212,#4213,#4214,#4215,#4216,
#4217,#4218,#4219));
#883=EDGE_LOOP('',(#4220));
#884=EDGE_LOOP('',(#4221,#4222,#4223,#4224));
#885=EDGE_LOOP('',(#4225,#4226,#4227,#4228));
#886=EDGE_LOOP('',(#4229,#4230,#4231,#4232,#4233,#4234));
#887=EDGE_LOOP('',(#4235,#4236,#4237,#4238,#4239,#4240));
#888=EDGE_LOOP('',(#4241,#4242,#4243,#4244));
#889=EDGE_LOOP('',(#4245,#4246,#4247,#4248));
#890=EDGE_LOOP('',(#4249,#4250,#4251,#4252,#4253));
#891=EDGE_LOOP('',(#4254,#4255,#4256,#4257,#4258));
#892=EDGE_LOOP('',(#4259,#4260,#4261,#4262,#4263,#4264,#4265));
#893=EDGE_LOOP('',(#4266));
#894=EDGE_LOOP('',(#4267));
#895=EDGE_LOOP('',(#4268,#4269,#4270,#4271,#4272,#4273,#4274,#4275,#4276,
#4277,#4278,#4279,#4280,#4281));
#896=EDGE_LOOP('',(#4282,#4283,#4284,#4285,#4286,#4287));
#897=EDGE_LOOP('',(#4288,#4289,#4290,#4291,#4292,#4293,#4294,#4295));
#898=EDGE_LOOP('',(#4296));
#899=EDGE_LOOP('',(#4297,#4298,#4299,#4300));
#900=EDGE_LOOP('',(#4301,#4302,#4303,#4304));
#901=EDGE_LOOP('',(#4305,#4306,#4307,#4308,#4309,#4310,#4311,#4312));
#902=EDGE_LOOP('',(#4313,#4314,#4315,#4316,#4317,#4318,#4319,#4320));
#903=EDGE_LOOP('',(#4321,#4322,#4323));
#904=EDGE_LOOP('',(#4324,#4325,#4326,#4327,#4328,#4329));
#905=EDGE_LOOP('',(#4330,#4331,#4332,#4333,#4334,#4335));
#906=EDGE_LOOP('',(#4336,#4337,#4338,#4339,#4340,#4341));
#907=EDGE_LOOP('',(#4342,#4343,#4344));
#908=EDGE_LOOP('',(#4345,#4346));
#909=EDGE_LOOP('',(#4347,#4348,#4349,#4350));
#910=EDGE_LOOP('',(#4351,#4352,#4353,#4354,#4355,#4356,#4357,#4358,#4359,
#4360,#4361,#4362,#4363,#4364,#4365,#4366,#4367,#4368,#4369,#4370,#4371,
#4372,#4373,#4374,#4375));
#911=EDGE_LOOP('',(#4376,#4377));
#912=EDGE_LOOP('',(#4378,#4379,#4380,#4381));
#913=EDGE_LOOP('',(#4382,#4383,#4384));
#914=EDGE_LOOP('',(#4385,#4386,#4387,#4388));
#915=EDGE_LOOP('',(#4389,#4390,#4391,#4392,#4393,#4394,#4395,#4396,#4397,
#4398,#4399,#4400,#4401,#4402,#4403,#4404,#4405,#4406,#4407,#4408));
#916=EDGE_LOOP('',(#4409,#4410,#4411,#4412,#4413,#4414,#4415,#4416));
#917=EDGE_LOOP('',(#4417,#4418,#4419,#4420));
#918=EDGE_LOOP('',(#4421,#4422,#4423,#4424,#4425,#4426,#4427));
#919=EDGE_LOOP('',(#4428,#4429,#4430,#4431,#4432));
#920=EDGE_LOOP('',(#4433,#4434,#4435,#4436));
#921=EDGE_LOOP('',(#4437,#4438,#4439,#4440));
#922=EDGE_LOOP('',(#4441,#4442,#4443,#4444));
#923=EDGE_LOOP('',(#4445,#4446,#4447,#4448,#4449));
#924=EDGE_LOOP('',(#4450,#4451,#4452));
#925=EDGE_LOOP('',(#4453,#4454,#4455,#4456,#4457,#4458,#4459,#4460,#4461));
#926=EDGE_LOOP('',(#4462,#4463,#4464));
#927=EDGE_LOOP('',(#4465,#4466,#4467,#4468,#4469,#4470,#4471,#4472,#4473,
#4474));
#928=EDGE_LOOP('',(#4475,#4476,#4477,#4478,#4479,#4480));
#929=EDGE_LOOP('',(#4481,#4482,#4483));
#930=EDGE_LOOP('',(#4484,#4485,#4486,#4487,#4488,#4489,#4490,#4491,#4492,
#4493,#4494,#4495,#4496));
#931=EDGE_LOOP('',(#4497,#4498,#4499,#4500,#4501,#4502,#4503,#4504,#4505,
#4506,#4507,#4508,#4509,#4510,#4511,#4512,#4513));
#932=EDGE_LOOP('',(#4514,#4515,#4516,#4517));
#933=EDGE_LOOP('',(#4518,#4519,#4520,#4521,#4522));
#934=EDGE_LOOP('',(#4523,#4524,#4525,#4526,#4527,#4528,#4529,#4530,#4531,
#4532,#4533,#4534,#4535,#4536,#4537,#4538));
#935=EDGE_LOOP('',(#4539,#4540,#4541,#4542));
#936=EDGE_LOOP('',(#4543,#4544,#4545,#4546,#4547,#4548,#4549,#4550));
#937=EDGE_LOOP('',(#4551,#4552,#4553,#4554));
#938=EDGE_LOOP('',(#4555,#4556,#4557,#4558));
#939=EDGE_LOOP('',(#4559,#4560,#4561,#4562));
#940=EDGE_LOOP('',(#4563,#4564,#4565,#4566));
#941=EDGE_LOOP('',(#4567,#4568,#4569,#4570,#4571));
#942=EDGE_LOOP('',(#4572,#4573,#4574,#4575,#4576));
#943=EDGE_LOOP('',(#4577,#4578,#4579,#4580));
#944=EDGE_LOOP('',(#4581,#4582,#4583,#4584));
#945=EDGE_LOOP('',(#4585,#4586,#4587,#4588));
#946=EDGE_LOOP('',(#4589,#4590,#4591,#4592,#4593,#4594,#4595,#4596));
#947=EDGE_LOOP('',(#4597,#4598,#4599,#4600));
#948=EDGE_LOOP('',(#4601,#4602,#4603,#4604,#4605,#4606,#4607,#4608,#4609));
#949=EDGE_LOOP('',(#4610,#4611,#4612,#4613,#4614,#4615,#4616,#4617,#4618,
#4619));
#950=EDGE_LOOP('',(#4620,#4621,#4622,#4623));
#951=EDGE_LOOP('',(#4624,#4625,#4626,#4627));
#952=EDGE_LOOP('',(#4628,#4629,#4630,#4631));
#953=EDGE_LOOP('',(#4632,#4633,#4634,#4635,#4636,#4637,#4638,#4639,#4640,
#4641,#4642));
#954=EDGE_LOOP('',(#4643,#4644,#4645,#4646,#4647,#4648));
#955=EDGE_LOOP('',(#4649,#4650,#4651,#4652));
#956=EDGE_LOOP('',(#4653,#4654,#4655,#4656));
#957=EDGE_LOOP('',(#4657,#4658,#4659,#4660));
#958=EDGE_LOOP('',(#4661,#4662,#4663,#4664));
#959=EDGE_LOOP('',(#4665,#4666,#4667,#4668));
#960=EDGE_LOOP('',(#4669,#4670,#4671,#4672,#4673));
#961=EDGE_LOOP('',(#4674,#4675,#4676,#4677,#4678));
#962=EDGE_LOOP('',(#4679,#4680,#4681,#4682,#4683,#4684,#4685,#4686,#4687,
#4688));
#963=EDGE_LOOP('',(#4689,#4690,#4691,#4692));
#964=EDGE_LOOP('',(#4693,#4694,#4695,#4696));
#965=EDGE_LOOP('',(#4697,#4698,#4699,#4700,#4701,#4702,#4703,#4704,#4705,
#4706,#4707,#4708));
#966=EDGE_LOOP('',(#4709,#4710,#4711,#4712));
#967=EDGE_LOOP('',(#4713,#4714,#4715,#4716));
#968=EDGE_LOOP('',(#4717,#4718,#4719,#4720));
#969=EDGE_LOOP('',(#4721,#4722,#4723,#4724));
#970=EDGE_LOOP('',(#4725,#4726,#4727,#4728,#4729,#4730,#4731));
#971=EDGE_LOOP('',(#4732));
#972=EDGE_LOOP('',(#4733));
#973=EDGE_LOOP('',(#4734,#4735,#4736,#4737,#4738,#4739,#4740,#4741,#4742,
#4743,#4744));
#974=EDGE_LOOP('',(#4745,#4746,#4747,#4748));
#975=EDGE_LOOP('',(#4749,#4750,#4751,#4752,#4753));
#976=EDGE_LOOP('',(#4754,#4755,#4756));
#977=EDGE_LOOP('',(#4757,#4758,#4759,#4760,#4761));
#978=EDGE_LOOP('',(#4762,#4763,#4764));
#979=EDGE_LOOP('',(#4765,#4766,#4767,#4768,#4769,#4770,#4771,#4772));
#980=EDGE_LOOP('',(#4773,#4774,#4775,#4776));
#981=EDGE_LOOP('',(#4777,#4778,#4779,#4780,#4781));
#982=EDGE_LOOP('',(#4782,#4783,#4784,#4785,#4786,#4787,#4788,#4789,#4790));
#983=EDGE_LOOP('',(#4791,#4792,#4793,#4794,#4795));
#984=EDGE_LOOP('',(#4796,#4797,#4798));
#985=EDGE_LOOP('',(#4799,#4800,#4801,#4802,#4803));
#986=EDGE_LOOP('',(#4804,#4805,#4806));
#987=EDGE_LOOP('',(#4807,#4808,#4809,#4810,#4811,#4812,#4813,#4814,#4815));
#988=EDGE_LOOP('',(#4816,#4817,#4818));
#989=EDGE_LOOP('',(#4819,#4820,#4821,#4822,#4823,#4824,#4825,#4826,#4827,
#4828,#4829,#4830,#4831,#4832,#4833,#4834,#4835,#4836));
#990=EDGE_LOOP('',(#4837,#4838,#4839));
#991=EDGE_LOOP('',(#4840,#4841,#4842,#4843));
#992=EDGE_LOOP('',(#4844,#4845,#4846,#4847,#4848));
#993=EDGE_LOOP('',(#4849,#4850,#4851,#4852,#4853,#4854));
#994=EDGE_LOOP('',(#4855,#4856,#4857,#4858,#4859,#4860));
#995=EDGE_LOOP('',(#4861,#4862,#4863,#4864));
#996=EDGE_LOOP('',(#4865,#4866,#4867,#4868,#4869,#4870,#4871,#4872,#4873,
#4874,#4875));
#997=EDGE_LOOP('',(#4876,#4877,#4878));
#998=EDGE_LOOP('',(#4879,#4880,#4881));
#999=EDGE_LOOP('',(#4882,#4883,#4884,#4885,#4886));
#1000=EDGE_LOOP('',(#4887,#4888,#4889,#4890,#4891));
#1001=EDGE_LOOP('',(#4892,#4893,#4894,#4895,#4896,#4897,#4898,#4899,#4900));
#1002=EDGE_LOOP('',(#4901,#4902,#4903,#4904));
#1003=EDGE_LOOP('',(#4905,#4906,#4907,#4908));
#1004=EDGE_LOOP('',(#4909,#4910,#4911,#4912,#4913));
#1005=EDGE_LOOP('',(#4914,#4915,#4916,#4917,#4918));
#1006=EDGE_LOOP('',(#4919,#4920,#4921,#4922,#4923,#4924));
#1007=EDGE_LOOP('',(#4925,#4926,#4927,#4928));
#1008=EDGE_LOOP('',(#4929,#4930,#4931,#4932));
#1009=EDGE_LOOP('',(#4933,#4934,#4935,#4936));
#1010=EDGE_LOOP('',(#4937,#4938,#4939,#4940));
#1011=EDGE_LOOP('',(#4941,#4942,#4943,#4944));
#1012=EDGE_LOOP('',(#4945,#4946,#4947,#4948));
#1013=EDGE_LOOP('',(#4949,#4950,#4951,#4952));
#1014=EDGE_LOOP('',(#4953));
#1015=EDGE_LOOP('',(#4954,#4955,#4956,#4957));
#1016=EDGE_LOOP('',(#4958,#4959,#4960,#4961));
#1017=EDGE_LOOP('',(#4962,#4963,#4964,#4965));
#1018=EDGE_LOOP('',(#4966,#4967,#4968,#4969));
#1019=EDGE_LOOP('',(#4970,#4971,#4972,#4973));
#1020=EDGE_LOOP('',(#4974,#4975,#4976,#4977));
#1021=LINE('',#6840,#1382);
#1022=LINE('',#6846,#1383);
#1023=LINE('',#6860,#1384);
#1024=LINE('',#6861,#1385);
#1025=LINE('',#6958,#1386);
#1026=LINE('',#6964,#1387);
#1027=LINE('',#6975,#1388);
#1028=LINE('',#6977,#1389);
#1029=LINE('',#7152,#1390);
#1030=LINE('',#7167,#1391);
#1031=LINE('',#7185,#1392);
#1032=LINE('',#7200,#1393);
#1033=LINE('',#7204,#1394);
#1034=LINE('',#7208,#1395);
#1035=LINE('',#7234,#1396);
#1036=LINE('',#7244,#1397);
#1037=LINE('',#7248,#1398);
#1038=LINE('',#7264,#1399);
#1039=LINE('',#7268,#1400);
#1040=LINE('',#7281,#1401);
#1041=LINE('',#7291,#1402);
#1042=LINE('',#7296,#1403);
#1043=LINE('',#7372,#1404);
#1044=LINE('',#7388,#1405);
#1045=LINE('',#7392,#1406);
#1046=LINE('',#7396,#1407);
#1047=LINE('',#7400,#1408);
#1048=LINE('',#7409,#1409);
#1049=LINE('',#7411,#1410);
#1050=LINE('',#7420,#1411);
#1051=LINE('',#7434,#1412);
#1052=LINE('',#7440,#1413);
#1053=LINE('',#7445,#1414);
#1054=LINE('',#7448,#1415);
#1055=LINE('',#7453,#1416);
#1056=LINE('',#7471,#1417);
#1057=LINE('',#7499,#1418);
#1058=LINE('',#7503,#1419);
#1059=LINE('',#7513,#1420);
#1060=LINE('',#7602,#1421);
#1061=LINE('',#7667,#1422);
#1062=LINE('',#7725,#1423);
#1063=LINE('',#7731,#1424);
#1064=LINE('',#7813,#1425);
#1065=LINE('',#7819,#1426);
#1066=LINE('',#8065,#1427);
#1067=LINE('',#8067,#1428);
#1068=LINE('',#8069,#1429);
#1069=LINE('',#8073,#1430);
#1070=LINE('',#8075,#1431);
#1071=LINE('',#8077,#1432);
#1072=LINE('',#8087,#1433);
#1073=LINE('',#8088,#1434);
#1074=LINE('',#8299,#1435);
#1075=LINE('',#8349,#1436);
#1076=LINE('',#8352,#1437);
#1077=LINE('',#8417,#1438);
#1078=LINE('',#8450,#1439);
#1079=LINE('',#8458,#1440);
#1080=LINE('',#8548,#1441);
#1081=LINE('',#8566,#1442);
#1082=LINE('',#8599,#1443);
#1083=LINE('',#8602,#1444);
#1084=LINE('',#8720,#1445);
#1085=LINE('',#8771,#1446);
#1086=LINE('',#8772,#1447);
#1087=LINE('',#8795,#1448);
#1088=LINE('',#8849,#1449);
#1089=LINE('',#8859,#1450);
#1090=LINE('',#8866,#1451);
#1091=LINE('',#8873,#1452);
#1092=LINE('',#8878,#1453);
#1093=LINE('',#8880,#1454);
#1094=LINE('',#8882,#1455);
#1095=LINE('',#8884,#1456);
#1096=LINE('',#8886,#1457);
#1097=LINE('',#8888,#1458);
#1098=LINE('',#8890,#1459);
#1099=LINE('',#8892,#1460);
#1100=LINE('',#8894,#1461);
#1101=LINE('',#8906,#1462);
#1102=LINE('',#8907,#1463);
#1103=LINE('',#8910,#1464);
#1104=LINE('',#8912,#1465);
#1105=LINE('',#8913,#1466);
#1106=LINE('',#8916,#1467);
#1107=LINE('',#8917,#1468);
#1108=LINE('',#8920,#1469);
#1109=LINE('',#8921,#1470);
#1110=LINE('',#8924,#1471);
#1111=LINE('',#8925,#1472);
#1112=LINE('',#8928,#1473);
#1113=LINE('',#8929,#1474);
#1114=LINE('',#8932,#1475);
#1115=LINE('',#8933,#1476);
#1116=LINE('',#8936,#1477);
#1117=LINE('',#8937,#1478);
#1118=LINE('',#8940,#1479);
#1119=LINE('',#8941,#1480);
#1120=LINE('',#8944,#1481);
#1121=LINE('',#8945,#1482);
#1122=LINE('',#8959,#1483);
#1123=LINE('',#8973,#1484);
#1124=LINE('',#8976,#1485);
#1125=LINE('',#8977,#1486);
#1126=LINE('',#8979,#1487);
#1127=LINE('',#8983,#1488);
#1128=LINE('',#8985,#1489);
#1129=LINE('',#8993,#1490);
#1130=LINE('',#8996,#1491);
#1131=LINE('',#8998,#1492);
#1132=LINE('',#9000,#1493);
#1133=LINE('',#9001,#1494);
#1134=LINE('',#9087,#1495);
#1135=LINE('',#9089,#1496);
#1136=LINE('',#9093,#1497);
#1137=LINE('',#9098,#1498);
#1138=LINE('',#9102,#1499);
#1139=LINE('',#9111,#1500);
#1140=LINE('',#9112,#1501);
#1141=LINE('',#9115,#1502);
#1142=LINE('',#9116,#1503);
#1143=LINE('',#9118,#1504);
#1144=LINE('',#9120,#1505);
#1145=LINE('',#9121,#1506);
#1146=LINE('',#9124,#1507);
#1147=LINE('',#9126,#1508);
#1148=LINE('',#9128,#1509);
#1149=LINE('',#9129,#1510);
#1150=LINE('',#9132,#1511);
#1151=LINE('',#9134,#1512);
#1152=LINE('',#9136,#1513);
#1153=LINE('',#9137,#1514);
#1154=LINE('',#9141,#1515);
#1155=LINE('',#9143,#1516);
#1156=LINE('',#9146,#1517);
#1157=LINE('',#9147,#1518);
#1158=LINE('',#9177,#1519);
#1159=LINE('',#9184,#1520);
#1160=LINE('',#9186,#1521);
#1161=LINE('',#9188,#1522);
#1162=LINE('',#9190,#1523);
#1163=LINE('',#9192,#1524);
#1164=LINE('',#9194,#1525);
#1165=LINE('',#9195,#1526);
#1166=LINE('',#9198,#1527);
#1167=LINE('',#9200,#1528);
#1168=LINE('',#9201,#1529);
#1169=LINE('',#9204,#1530);
#1170=LINE('',#9206,#1531);
#1171=LINE('',#9207,#1532);
#1172=LINE('',#9208,#1533);
#1173=LINE('',#9216,#1534);
#1174=LINE('',#9220,#1535);
#1175=LINE('',#9221,#1536);
#1176=LINE('',#9223,#1537);
#1177=LINE('',#9224,#1538);
#1178=LINE('',#9227,#1539);
#1179=LINE('',#9228,#1540);
#1180=LINE('',#9230,#1541);
#1181=LINE('',#9282,#1542);
#1182=LINE('',#9302,#1543);
#1183=LINE('',#9308,#1544);
#1184=LINE('',#9330,#1545);
#1185=LINE('',#9408,#1546);
#1186=LINE('',#9418,#1547);
#1187=LINE('',#9425,#1548);
#1188=LINE('',#9441,#1549);
#1189=LINE('',#9470,#1550);
#1190=LINE('',#9544,#1551);
#1191=LINE('',#9545,#1552);
#1192=LINE('',#9549,#1553);
#1193=LINE('',#9551,#1554);
#1194=LINE('',#9553,#1555);
#1195=LINE('',#9554,#1556);
#1196=LINE('',#9557,#1557);
#1197=LINE('',#9559,#1558);
#1198=LINE('',#9560,#1559);
#1199=LINE('',#9564,#1560);
#1200=LINE('',#9566,#1561);
#1201=LINE('',#9567,#1562);
#1202=LINE('',#9570,#1563);
#1203=LINE('',#9572,#1564);
#1204=LINE('',#9573,#1565);
#1205=LINE('',#9576,#1566);
#1206=LINE('',#9578,#1567);
#1207=LINE('',#9579,#1568);
#1208=LINE('',#9582,#1569);
#1209=LINE('',#9583,#1570);
#1210=LINE('',#9587,#1571);
#1211=LINE('',#9588,#1572);
#1212=LINE('',#9591,#1573);
#1213=LINE('',#9595,#1574);
#1214=LINE('',#9597,#1575);
#1215=LINE('',#9598,#1576);
#1216=LINE('',#9600,#1577);
#1217=LINE('',#9602,#1578);
#1218=LINE('',#9604,#1579);
#1219=LINE('',#9608,#1580);
#1220=LINE('',#9611,#1581);
#1221=LINE('',#9613,#1582);
#1222=LINE('',#9616,#1583);
#1223=LINE('',#9618,#1584);
#1224=LINE('',#9619,#1585);
#1225=LINE('',#9625,#1586);
#1226=LINE('',#9628,#1587);
#1227=LINE('',#9631,#1588);
#1228=LINE('',#9634,#1589);
#1229=LINE('',#9637,#1590);
#1230=LINE('',#9639,#1591);
#1231=LINE('',#9744,#1592);
#1232=LINE('',#9745,#1593);
#1233=LINE('',#9800,#1594);
#1234=LINE('',#9902,#1595);
#1235=LINE('',#9970,#1596);
#1236=LINE('',#9971,#1597);
#1237=LINE('',#9973,#1598);
#1238=LINE('',#9975,#1599);
#1239=LINE('',#9978,#1600);
#1240=LINE('',#9983,#1601);
#1241=LINE('',#9985,#1602);
#1242=LINE('',#9987,#1603);
#1243=LINE('',#9989,#1604);
#1244=LINE('',#9991,#1605);
#1245=LINE('',#10004,#1606);
#1246=LINE('',#10006,#1607);
#1247=LINE('',#10008,#1608);
#1248=LINE('',#10010,#1609);
#1249=LINE('',#10012,#1610);
#1250=LINE('',#10014,#1611);
#1251=LINE('',#10015,#1612);
#1252=LINE('',#10017,#1613);
#1253=LINE('',#10021,#1614);
#1254=LINE('',#10025,#1615);
#1255=LINE('',#10027,#1616);
#1256=LINE('',#10029,#1617);
#1257=LINE('',#10030,#1618);
#1258=LINE('',#10034,#1619);
#1259=LINE('',#10036,#1620);
#1260=LINE('',#10040,#1621);
#1261=LINE('',#10044,#1622);
#1262=LINE('',#10045,#1623);
#1263=LINE('',#10049,#1624);
#1264=LINE('',#10051,#1625);
#1265=LINE('',#10052,#1626);
#1266=LINE('',#10060,#1627);
#1267=LINE('',#10062,#1628);
#1268=LINE('',#10064,#1629);
#1269=LINE('',#10066,#1630);
#1270=LINE('',#10068,#1631);
#1271=LINE('',#10070,#1632);
#1272=LINE('',#10072,#1633);
#1273=LINE('',#10074,#1634);
#1274=LINE('',#10085,#1635);
#1275=LINE('',#10088,#1636);
#1276=LINE('',#10091,#1637);
#1277=LINE('',#10094,#1638);
#1278=LINE('',#10096,#1639);
#1279=LINE('',#10097,#1640);
#1280=LINE('',#10100,#1641);
#1281=LINE('',#10102,#1642);
#1282=LINE('',#10104,#1643);
#1283=LINE('',#10106,#1644);
#1284=LINE('',#10112,#1645);
#1285=LINE('',#10115,#1646);
#1286=LINE('',#10116,#1647);
#1287=LINE('',#10127,#1648);
#1288=LINE('',#10212,#1649);
#1289=LINE('',#10214,#1650);
#1290=LINE('',#10215,#1651);
#1291=LINE('',#10220,#1652);
#1292=LINE('',#10339,#1653);
#1293=LINE('',#10455,#1654);
#1294=LINE('',#10544,#1655);
#1295=LINE('',#10545,#1656);
#1296=LINE('',#10602,#1657);
#1297=LINE('',#10630,#1658);
#1298=LINE('',#10808,#1659);
#1299=LINE('',#10809,#1660);
#1300=LINE('',#10813,#1661);
#1301=LINE('',#10815,#1662);
#1302=LINE('',#10816,#1663);
#1303=LINE('',#10835,#1664);
#1304=LINE('',#10852,#1665);
#1305=LINE('',#10854,#1666);
#1306=LINE('',#10856,#1667);
#1307=LINE('',#10861,#1668);
#1308=LINE('',#10863,#1669);
#1309=LINE('',#10866,#1670);
#1310=LINE('',#10868,#1671);
#1311=LINE('',#10874,#1672);
#1312=LINE('',#10897,#1673);
#1313=LINE('',#10903,#1674);
#1314=LINE('',#10923,#1675);
#1315=LINE('',#10939,#1676);
#1316=LINE('',#10941,#1677);
#1317=LINE('',#10945,#1678);
#1318=LINE('',#10947,#1679);
#1319=LINE('',#10952,#1680);
#1320=LINE('',#10954,#1681);
#1321=LINE('',#10960,#1682);
#1322=LINE('',#10967,#1683);
#1323=LINE('',#11016,#1684);
#1324=LINE('',#11019,#1685);
#1325=LINE('',#11020,#1686);
#1326=LINE('',#11023,#1687);
#1327=LINE('',#11036,#1688);
#1328=LINE('',#11037,#1689);
#1329=LINE('',#11042,#1690);
#1330=LINE('',#11049,#1691);
#1331=LINE('',#11089,#1692);
#1332=LINE('',#11163,#1693);
#1333=LINE('',#11166,#1694);
#1334=LINE('',#11246,#1695);
#1335=LINE('',#11247,#1696);
#1336=LINE('',#11313,#1697);
#1337=LINE('',#11373,#1698);
#1338=LINE('',#11413,#1699);
#1339=LINE('',#11417,#1700);
#1340=LINE('',#11418,#1701);
#1341=LINE('',#11433,#1702);
#1342=LINE('',#11435,#1703);
#1343=LINE('',#11436,#1704);
#1344=LINE('',#11484,#1705);
#1345=LINE('',#11507,#1706);
#1346=LINE('',#11509,#1707);
#1347=LINE('',#11540,#1708);
#1348=LINE('',#11744,#1709);
#1349=LINE('',#11755,#1710);
#1350=LINE('',#11756,#1711);
#1351=LINE('',#11757,#1712);
#1352=LINE('',#11782,#1713);
#1353=LINE('',#11783,#1714);
#1354=LINE('',#11785,#1715);
#1355=LINE('',#11787,#1716);
#1356=LINE('',#11970,#1717);
#1357=LINE('',#11971,#1718);
#1358=LINE('',#11975,#1719);
#1359=LINE('',#11979,#1720);
#1360=LINE('',#11983,#1721);
#1361=LINE('',#11987,#1722);
#1362=LINE('',#11991,#1723);
#1363=LINE('',#11997,#1724);
#1364=LINE('',#11998,#1725);
#1365=LINE('',#12019,#1726);
#1366=LINE('',#12033,#1727);
#1367=LINE('',#12035,#1728);
#1368=LINE('',#12036,#1729);
#1369=LINE('',#12044,#1730);
#1370=LINE('',#12052,#1731);
#1371=LINE('',#12129,#1732);
#1372=LINE('',#12132,#1733);
#1373=LINE('',#12135,#1734);
#1374=LINE('',#12138,#1735);
#1375=LINE('',#12141,#1736);
#1376=LINE('',#12142,#1737);
#1377=LINE('',#12145,#1738);
#1378=LINE('',#12148,#1739);
#1379=LINE('',#12151,#1740);
#1380=LINE('',#12162,#1741);
#1381=LINE('',#12164,#1742);
#1382=VECTOR('',#5691,10.);
#1383=VECTOR('',#5692,10.);
#1384=VECTOR('',#5695,10.);
#1385=VECTOR('',#5696,10.);
#1386=VECTOR('',#5697,10.);
#1387=VECTOR('',#5698,10.);
#1388=VECTOR('',#5701,10.);
#1389=VECTOR('',#5702,10.);
#1390=VECTOR('',#5709,0.65);
#1391=VECTOR('',#5720,10.);
#1392=VECTOR('',#5725,10.);
#1393=VECTOR('',#5726,0.65);
#1394=VECTOR('',#5729,10.);
#1395=VECTOR('',#5732,10.);
#1396=VECTOR('',#5735,10.);
#1397=VECTOR('',#5746,10.);
#1398=VECTOR('',#5749,10.);
#1399=VECTOR('',#5750,10.);
#1400=VECTOR('',#5753,10.);
#1401=VECTOR('',#5754,10.);
#1402=VECTOR('',#5755,10.);
#1403=VECTOR('',#5760,10.);
#1404=VECTOR('',#5761,10.);
#1405=VECTOR('',#5762,10.);
#1406=VECTOR('',#5765,0.65);
#1407=VECTOR('',#5768,10.);
#1408=VECTOR('',#5771,10.);
#1409=VECTOR('',#5786,10.);
#1410=VECTOR('',#5787,10.);
#1411=VECTOR('',#5792,10.);
#1412=VECTOR('',#5793,10.);
#1413=VECTOR('',#5794,10.);
#1414=VECTOR('',#5799,10.);
#1415=VECTOR('',#5802,10.);
#1416=VECTOR('',#5807,0.575);
#1417=VECTOR('',#5808,10.);
#1418=VECTOR('',#5813,10.);
#1419=VECTOR('',#5816,10.);
#1420=VECTOR('',#5831,10.);
#1421=VECTOR('',#5834,10.);
#1422=VECTOR('',#5837,10.);
#1423=VECTOR('',#5840,10.);
#1424=VECTOR('',#5841,10.);
#1425=VECTOR('',#5844,0.649999999999999);
#1426=VECTOR('',#5851,0.575);
#1427=VECTOR('',#5856,10.);
#1428=VECTOR('',#5857,10.);
#1429=VECTOR('',#5858,10.);
#1430=VECTOR('',#5861,10.);
#1431=VECTOR('',#5862,10.);
#1432=VECTOR('',#5863,10.);
#1433=VECTOR('',#5864,10.);
#1434=VECTOR('',#5865,10.);
#1435=VECTOR('',#5866,10.);
#1436=VECTOR('',#5869,10.);
#1437=VECTOR('',#5872,10.);
#1438=VECTOR('',#5875,10.);
#1439=VECTOR('',#5876,10.);
#1440=VECTOR('',#5879,10.);
#1441=VECTOR('',#5882,10.);
#1442=VECTOR('',#5883,10.);
#1443=VECTOR('',#5888,10.);
#1444=VECTOR('',#5891,10.);
#1445=VECTOR('',#5894,10.);
#1446=VECTOR('',#5899,10.);
#1447=VECTOR('',#5900,10.);
#1448=VECTOR('',#5901,10.);
#1449=VECTOR('',#5904,10.);
#1450=VECTOR('',#5907,10.);
#1451=VECTOR('',#5908,10.);
#1452=VECTOR('',#5909,10.);
#1453=VECTOR('',#5914,10.);
#1454=VECTOR('',#5915,10.);
#1455=VECTOR('',#5916,10.);
#1456=VECTOR('',#5917,10.);
#1457=VECTOR('',#5918,10.);
#1458=VECTOR('',#5919,10.);
#1459=VECTOR('',#5920,10.);
#1460=VECTOR('',#5921,10.);
#1461=VECTOR('',#5922,10.);
#1462=VECTOR('',#5923,10.);
#1463=VECTOR('',#5924,10.);
#1464=VECTOR('',#5927,10.);
#1465=VECTOR('',#5928,10.);
#1466=VECTOR('',#5929,10.);
#1467=VECTOR('',#5932,10.);
#1468=VECTOR('',#5933,10.);
#1469=VECTOR('',#5936,10.);
#1470=VECTOR('',#5937,10.);
#1471=VECTOR('',#5940,10.);
#1472=VECTOR('',#5941,10.);
#1473=VECTOR('',#5944,10.);
#1474=VECTOR('',#5945,10.);
#1475=VECTOR('',#5948,10.);
#1476=VECTOR('',#5949,10.);
#1477=VECTOR('',#5952,10.);
#1478=VECTOR('',#5953,10.);
#1479=VECTOR('',#5956,10.);
#1480=VECTOR('',#5957,10.);
#1481=VECTOR('',#5960,10.);
#1482=VECTOR('',#5961,10.);
#1483=VECTOR('',#5962,10.);
#1484=VECTOR('',#5963,10.);
#1485=VECTOR('',#5966,10.);
#1486=VECTOR('',#5967,10.);
#1487=VECTOR('',#5970,10.);
#1488=VECTOR('',#5973,10.);
#1489=VECTOR('',#5974,10.);
#1490=VECTOR('',#5975,10.);
#1491=VECTOR('',#5978,10.);
#1492=VECTOR('',#5979,10.);
#1493=VECTOR('',#5980,10.);
#1494=VECTOR('',#5981,10.);
#1495=VECTOR('',#6004,10.);
#1496=VECTOR('',#6005,10.);
#1497=VECTOR('',#6008,10.);
#1498=VECTOR('',#6015,10.);
#1499=VECTOR('',#6018,10.);
#1500=VECTOR('',#6021,10.);
#1501=VECTOR('',#6022,10.);
#1502=VECTOR('',#6025,10.);
#1503=VECTOR('',#6026,10.);
#1504=VECTOR('',#6029,10.);
#1505=VECTOR('',#6030,10.);
#1506=VECTOR('',#6031,10.);
#1507=VECTOR('',#6034,10.);
#1508=VECTOR('',#6035,10.);
#1509=VECTOR('',#6036,10.);
#1510=VECTOR('',#6037,10.);
#1511=VECTOR('',#6040,10.);
#1512=VECTOR('',#6041,10.);
#1513=VECTOR('',#6042,10.);
#1514=VECTOR('',#6043,10.);
#1515=VECTOR('',#6048,10.);
#1516=VECTOR('',#6051,10.);
#1517=VECTOR('',#6054,10.);
#1518=VECTOR('',#6055,10.);
#1519=VECTOR('',#6056,10.);
#1520=VECTOR('',#6059,10.);
#1521=VECTOR('',#6060,10.);
#1522=VECTOR('',#6061,10.);
#1523=VECTOR('',#6062,10.);
#1524=VECTOR('',#6063,10.);
#1525=VECTOR('',#6064,10.);
#1526=VECTOR('',#6065,10.);
#1527=VECTOR('',#6068,10.);
#1528=VECTOR('',#6069,10.);
#1529=VECTOR('',#6070,10.);
#1530=VECTOR('',#6073,10.);
#1531=VECTOR('',#6074,10.);
#1532=VECTOR('',#6075,10.);
#1533=VECTOR('',#6076,10.);
#1534=VECTOR('',#6087,10.);
#1535=VECTOR('',#6092,10.);
#1536=VECTOR('',#6093,10.);
#1537=VECTOR('',#6094,10.);
#1538=VECTOR('',#6095,10.);
#1539=VECTOR('',#6098,10.);
#1540=VECTOR('',#6099,10.);
#1541=VECTOR('',#6102,10.);
#1542=VECTOR('',#6107,10.);
#1543=VECTOR('',#6112,10.);
#1544=VECTOR('',#6115,10.);
#1545=VECTOR('',#6118,10.);
#1546=VECTOR('',#6121,10.);
#1547=VECTOR('',#6126,10.);
#1548=VECTOR('',#6129,10.);
#1549=VECTOR('',#6130,10.);
#1550=VECTOR('',#6131,10.);
#1551=VECTOR('',#6136,10.);
#1552=VECTOR('',#6137,10.);
#1553=VECTOR('',#6140,10.);
#1554=VECTOR('',#6141,10.);
#1555=VECTOR('',#6142,10.);
#1556=VECTOR('',#6143,10.);
#1557=VECTOR('',#6146,10.);
#1558=VECTOR('',#6147,10.);
#1559=VECTOR('',#6148,10.);
#1560=VECTOR('',#6153,10.);
#1561=VECTOR('',#6154,10.);
#1562=VECTOR('',#6155,10.);
#1563=VECTOR('',#6158,10.);
#1564=VECTOR('',#6159,10.);
#1565=VECTOR('',#6160,10.);
#1566=VECTOR('',#6163,10.);
#1567=VECTOR('',#6164,10.);
#1568=VECTOR('',#6165,10.);
#1569=VECTOR('',#6168,10.);
#1570=VECTOR('',#6169,10.);
#1571=VECTOR('',#6174,10.);
#1572=VECTOR('',#6175,10.);
#1573=VECTOR('',#6178,10.);
#1574=VECTOR('',#6183,10.);
#1575=VECTOR('',#6184,10.);
#1576=VECTOR('',#6185,10.);
#1577=VECTOR('',#6188,10.);
#1578=VECTOR('',#6191,10.);
#1579=VECTOR('',#6194,10.);
#1580=VECTOR('',#6199,10.);
#1581=VECTOR('',#6204,10.);
#1582=VECTOR('',#6207,10.);
#1583=VECTOR('',#6210,10.);
#1584=VECTOR('',#6211,10.);
#1585=VECTOR('',#6212,10.);
#1586=VECTOR('',#6217,10.);
#1587=VECTOR('',#6220,10.);
#1588=VECTOR('',#6223,10.);
#1589=VECTOR('',#6226,10.);
#1590=VECTOR('',#6229,10.);
#1591=VECTOR('',#6230,10.);
#1592=VECTOR('',#6245,10.);
#1593=VECTOR('',#6246,10.);
#1594=VECTOR('',#6247,10.);
#1595=VECTOR('',#6248,10.);
#1596=VECTOR('',#6251,10.);
#1597=VECTOR('',#6252,10.);
#1598=VECTOR('',#6253,10.);
#1599=VECTOR('',#6254,10.);
#1600=VECTOR('',#6257,10.);
#1601=VECTOR('',#6262,10.);
#1602=VECTOR('',#6263,10.);
#1603=VECTOR('',#6264,10.);
#1604=VECTOR('',#6265,10.);
#1605=VECTOR('',#6266,10.);
#1606=VECTOR('',#6267,10.);
#1607=VECTOR('',#6268,10.);
#1608=VECTOR('',#6269,10.);
#1609=VECTOR('',#6270,10.);
#1610=VECTOR('',#6271,10.);
#1611=VECTOR('',#6272,10.);
#1612=VECTOR('',#6273,10.);
#1613=VECTOR('',#6276,10.);
#1614=VECTOR('',#6279,10.);
#1615=VECTOR('',#6282,10.);
#1616=VECTOR('',#6283,10.);
#1617=VECTOR('',#6284,10.);
#1618=VECTOR('',#6285,10.);
#1619=VECTOR('',#6290,10.);
#1620=VECTOR('',#6291,10.);
#1621=VECTOR('',#6296,10.);
#1622=VECTOR('',#6301,10.);
#1623=VECTOR('',#6302,10.);
#1624=VECTOR('',#6305,10.);
#1625=VECTOR('',#6306,10.);
#1626=VECTOR('',#6307,10.);
#1627=VECTOR('',#6320,10.);
#1628=VECTOR('',#6321,10.);
#1629=VECTOR('',#6322,10.);
#1630=VECTOR('',#6323,10.);
#1631=VECTOR('',#6324,10.);
#1632=VECTOR('',#6325,10.);
#1633=VECTOR('',#6326,10.);
#1634=VECTOR('',#6327,10.);
#1635=VECTOR('',#6340,10.);
#1636=VECTOR('',#6343,10.);
#1637=VECTOR('',#6346,10.);
#1638=VECTOR('',#6349,10.);
#1639=VECTOR('',#6350,10.);
#1640=VECTOR('',#6351,10.);
#1641=VECTOR('',#6354,10.);
#1642=VECTOR('',#6355,10.);
#1643=VECTOR('',#6356,10.);
#1644=VECTOR('',#6357,10.);
#1645=VECTOR('',#6364,10.);
#1646=VECTOR('',#6369,10.);
#1647=VECTOR('',#6370,10.);
#1648=VECTOR('',#6385,10.);
#1649=VECTOR('',#6400,10.);
#1650=VECTOR('',#6403,10.);
#1651=VECTOR('',#6404,10.);
#1652=VECTOR('',#6411,0.575);
#1653=VECTOR('',#6412,10.);
#1654=VECTOR('',#6415,10.);
#1655=VECTOR('',#6426,10.);
#1656=VECTOR('',#6427,10.);
#1657=VECTOR('',#6430,10.);
#1658=VECTOR('',#6431,10.);
#1659=VECTOR('',#6434,10.);
#1660=VECTOR('',#6435,10.);
#1661=VECTOR('',#6442,10.);
#1662=VECTOR('',#6445,0.575);
#1663=VECTOR('',#6446,10.);
#1664=VECTOR('',#6451,10.);
#1665=VECTOR('',#6452,10.);
#1666=VECTOR('',#6455,10.);
#1667=VECTOR('',#6458,10.);
#1668=VECTOR('',#6465,10.);
#1669=VECTOR('',#6468,10.);
#1670=VECTOR('',#6471,10.);
#1671=VECTOR('',#6472,10.);
#1672=VECTOR('',#6473,10.);
#1673=VECTOR('',#6482,10.);
#1674=VECTOR('',#6483,10.);
#1675=VECTOR('',#6492,10.);
#1676=VECTOR('',#6499,10.);
#1677=VECTOR('',#6500,10.);
#1678=VECTOR('',#6503,10.);
#1679=VECTOR('',#6504,10.);
#1680=VECTOR('',#6511,10.);
#1681=VECTOR('',#6512,10.);
#1682=VECTOR('',#6513,10.);
#1683=VECTOR('',#6514,10.);
#1684=VECTOR('',#6515,10.);
#1685=VECTOR('',#6518,10.);
#1686=VECTOR('',#6519,10.);
#1687=VECTOR('',#6522,10.);
#1688=VECTOR('',#6537,10.);
#1689=VECTOR('',#6538,10.);
#1690=VECTOR('',#6545,10.);
#1691=VECTOR('',#6548,10.);
#1692=VECTOR('',#6559,10.);
#1693=VECTOR('',#6576,10.);
#1694=VECTOR('',#6579,10.);
#1695=VECTOR('',#6584,10.);
#1696=VECTOR('',#6585,10.);
#1697=VECTOR('',#6588,10.);
#1698=VECTOR('',#6603,10.);
#1699=VECTOR('',#6606,10.);
#1700=VECTOR('',#6611,10.);
#1701=VECTOR('',#6612,10.);
#1702=VECTOR('',#6615,10.);
#1703=VECTOR('',#6616,10.);
#1704=VECTOR('',#6617,10.);
#1705=VECTOR('',#6622,10.);
#1706=VECTOR('',#6627,10.);
#1707=VECTOR('',#6630,10.);
#1708=VECTOR('',#6655,10.);
#1709=VECTOR('',#6666,10.);
#1710=VECTOR('',#6667,10.);
#1711=VECTOR('',#6668,10.);
#1712=VECTOR('',#6669,10.);
#1713=VECTOR('',#6682,10.);
#1714=VECTOR('',#6683,10.);
#1715=VECTOR('',#6684,10.);
#1716=VECTOR('',#6685,10.);
#1717=VECTOR('',#6696,10.);
#1718=VECTOR('',#6697,10.);
#1719=VECTOR('',#6702,1.5);
#1720=VECTOR('',#6705,10.);
#1721=VECTOR('',#6708,10.);
#1722=VECTOR('',#6711,10.);
#1723=VECTOR('',#6714,10.);
#1724=VECTOR('',#6721,10.);
#1725=VECTOR('',#6722,10.);
#1726=VECTOR('',#6727,10.);
#1727=VECTOR('',#6734,10.);
#1728=VECTOR('',#6737,10.);
#1729=VECTOR('',#6738,10.);
#1730=VECTOR('',#6751,10.);
#1731=VECTOR('',#6762,3.);
#1732=VECTOR('',#6777,10.);
#1733=VECTOR('',#6780,10.);
#1734=VECTOR('',#6783,10.);
#1735=VECTOR('',#6786,10.);
#1736=VECTOR('',#6789,10.);
#1737=VECTOR('',#6790,10.);
#1738=VECTOR('',#6793,10.);
#1739=VECTOR('',#6798,10.);
#1740=VECTOR('',#6801,5.);
#1741=VECTOR('',#6818,10.);
#1742=VECTOR('',#6821,10.);
#1743=B_SPLINE_CURVE_WITH_KNOTS('',3,(#6835,#6836,#6837,#6838),
 .UNSPECIFIED.,.F.,.F.,(4,4),(-0.153391162273826,-0.0509681943370016),
 .UNSPECIFIED.);
#1744=B_SPLINE_CURVE_WITH_KNOTS('',3,(#6842,#6843,#6844,#6845),
 .UNSPECIFIED.,.F.,.F.,(4,4),(-0.153391162273826,-0.0509681943370016),
 .UNSPECIFIED.);
#1745=B_SPLINE_CURVE_WITH_KNOTS('',3,(#6850,#6851,#6852,#6853,#6854,#6855,
#6856,#6857,#6858,#6859),.UNSPECIFIED.,.F.,.F.,(4,3,3,4),(-0.210011513177721,
-0.19813468669588,-0.0990673433479398,0.),.UNSPECIFIED.);
#1746=B_SPLINE_CURVE_WITH_KNOTS('',3,(#6887,#6888,#6889,#6890),
 .UNSPECIFIED.,.F.,.F.,(4,4),(-0.0649999999999999,-0.0499999999999998),
 .UNSPECIFIED.);
#1747=B_SPLINE_CURVE_WITH_KNOTS('',3,(#6892,#6893,#6894,#6895),
 .UNSPECIFIED.,.F.,.F.,(4,4),(0.1625,0.3475),.UNSPECIFIED.);
#1748=B_SPLINE_CURVE_WITH_KNOTS('',3,(#6897,#6898,#6899,#6900,#6901,#6902,
#6903,#6904,#6905,#6906),.UNSPECIFIED.,.F.,.F.,(4,3,3,4),(0.,0.148590123466251,
0.247650205777085,0.346710288087919),.UNSPECIFIED.);
#1749=B_SPLINE_CURVE_WITH_KNOTS('',3,(#6908,#6909,#6910,#6911),
 .UNSPECIFIED.,.F.,.F.,(4,4),(-0.3475,0.),.UNSPECIFIED.);
#1750=B_SPLINE_CURVE_WITH_KNOTS('',3,(#6913,#6914,#6915,#6916,#6917,#6918,
#6919,#6920,#6921,#6922),.UNSPECIFIED.,.F.,.F.,(4,3,3,4),(0.,0.148590123466251,
0.247650205777085,0.346710288087919),.UNSPECIFIED.);
#1751=B_SPLINE_CURVE_WITH_KNOTS('',3,(#6924,#6925,#6926,#6927),
 .UNSPECIFIED.,.F.,.F.,(4,4),(0.,0.0725000000000001),.UNSPECIFIED.);
#1752=B_SPLINE_CURVE_WITH_KNOTS('',3,(#6929,#6930,#6931,#6932,#6933,#6934,
#6935,#6936,#6937,#6938),.UNSPECIFIED.,.F.,.F.,(4,3,3,4),(0.,0.099067343491543,
0.198134686983086,0.210011513482143),.UNSPECIFIED.);
#1753=B_SPLINE_CURVE_WITH_KNOTS('',3,(#6939,#6940,#6941,#6942),
 .UNSPECIFIED.,.F.,.F.,(4,4),(0.0500000867669186,0.125000086766919),
 .UNSPECIFIED.);
#1754=B_SPLINE_CURVE_WITH_KNOTS('',3,(#6953,#6954,#6955,#6956),
 .UNSPECIFIED.,.F.,.F.,(4,4),(-0.122934336369711,-0.021845789689851),
 .UNSPECIFIED.);
#1755=B_SPLINE_CURVE_WITH_KNOTS('',3,(#6960,#6961,#6962,#6963),
 .UNSPECIFIED.,.F.,.F.,(4,4),(-0.122934336369711,-0.021845789689851),
 .UNSPECIFIED.);
#1756=B_SPLINE_CURVE_WITH_KNOTS('',3,(#6968,#6969,#6970,#6971,#6972,#6973,
#6974),.UNSPECIFIED.,.F.,.F.,(4,3,4),(-0.142729694174635,-0.0611698689319862,
0.),.UNSPECIFIED.);
#1757=B_SPLINE_CURVE_WITH_KNOTS('',3,(#6978,#6979,#6980,#6981),
 .UNSPECIFIED.,.F.,.F.,(4,4),(-0.0148406403582657,0.),.UNSPECIFIED.);
#1758=B_SPLINE_CURVE_WITH_KNOTS('',3,(#6984,#6985,#6986,#6987),
 .UNSPECIFIED.,.F.,.F.,(4,4),(1.11022302462516E-16,0.185),.UNSPECIFIED.);
#1759=B_SPLINE_CURVE_WITH_KNOTS('',3,(#6989,#6990,#6991,#6992),
 .UNSPECIFIED.,.F.,.F.,(4,4),(0.792217822480265,0.797960520287984),
 .UNSPECIFIED.);
#1760=B_SPLINE_CURVE_WITH_KNOTS('',3,(#6994,#6995,#6996,#6997,#6998,#6999,
#7000,#7001,#7002,#7003,#7004,#7005,#7006,#7007,#7008,#7009,#7010,#7011,
#7012),.UNSPECIFIED.,.F.,.F.,(4,3,3,3,3,3,4),(-0.51291638850514,-0.442658611677821,
-0.36988238279554,-0.298449459889712,-0.226732609914807,-0.166108023174324,
-0.155015759939902),.UNSPECIFIED.);
#1761=B_SPLINE_CURVE_WITH_KNOTS('',3,(#7014,#7015,#7016,#7017),
 .UNSPECIFIED.,.F.,.F.,(4,4),(-0.274685945588013,0.0800955748652185),
 .UNSPECIFIED.);
#1762=B_SPLINE_CURVE_WITH_KNOTS('',3,(#7019,#7020,#7021,#7022),
 .UNSPECIFIED.,.F.,.F.,(4,4),(-0.377539213998131,-0.124663072755419),
 .UNSPECIFIED.);
#1763=B_SPLINE_CURVE_WITH_KNOTS('',3,(#7023,#7024,#7025,#7026),
 .UNSPECIFIED.,.F.,.F.,(4,4),(-0.0025011708945863,0.),.UNSPECIFIED.);
#1764=B_SPLINE_CURVE_WITH_KNOTS('',3,(#7048,#7049,#7050,#7051),
 .UNSPECIFIED.,.F.,.F.,(4,4),(-0.185,-1.11022302462516E-16),
 .UNSPECIFIED.);
#1765=B_SPLINE_CURVE_WITH_KNOTS('',3,(#7056,#7057,#7058,#7059,#7060,#7061,
#7062,#7063,#7064,#7065),.UNSPECIFIED.,.F.,.F.,(4,3,3,4),(-0.414904159093413,
-0.401492433423069,-0.384399614734952,-0.381186888089697),.UNSPECIFIED.);
#1766=B_SPLINE_CURVE_WITH_KNOTS('',3,(#7066,#7067,#7068,#7069,#7070,#7071,
#7072,#7073,#7074,#7075,#7076,#7077,#7078,#7079,#7080,#7081,#7082,#7083,
#7084,#7085,#7086,#7087,#7088,#7089,#7090,#7091,#7092,#7093,#7094,#7095,
#7096,#7097,#7098,#7099,#7100,#7101,#7102,#7103,#7104,#7105,#7106,#7107,
#7108,#7109,#7110,#7111,#7112,#7113,#7114,#7115,#7116,#7117,#7118,#7119,
#7120,#7121,#7122,#7123,#7124,#7125,#7126,#7127,#7128,#7129,#7130,#7131,
#7132,#7133,#7134,#7135,#7136,#7137,#7138,#7139,#7140,#7141,#7142,#7143,
#7144,#7145,#7146,#7147,#7148,#7149,#7150),.UNSPECIFIED.,.F.,.F.,(4,3,3,
3,3,3,3,3,3,3,3,3,3,3,3,3,3,3,3,3,3,3,3,3,3,3,3,3,4),(-0.381186888089697,
-0.377124666577564,-0.357697249229738,-0.352054149780435,-0.328342795914265,
-0.306747102155075,-0.302800829131396,-0.283035514223699,-0.277820744269767,
-0.258073867100998,-0.252852849854442,-0.231393995540943,-0.227418292938547,
-0.201216616373343,-0.182049614403436,-0.176212500446049,-0.159080438264973,
-0.151856081830497,-0.133681241335602,-0.126910594684302,-0.101022005845845,
-0.0838760413637518,-0.0757754278885733,-0.0594968930549149,-0.0508611170311014,
-0.0309917144951982,-0.0257628745517139,-0.00470444512349059,0.),
 .UNSPECIFIED.);
#1767=B_SPLINE_CURVE_WITH_KNOTS('',3,(#7160,#7161,#7162,#7163),
 .UNSPECIFIED.,.F.,.F.,(4,4),(-0.00756291098646804,0.),.UNSPECIFIED.);
#1768=B_SPLINE_CURVE_WITH_KNOTS('',3,(#7171,#7172,#7173,#7174),
 .UNSPECIFIED.,.F.,.F.,(4,4),(-0.0346512215953269,0.),.UNSPECIFIED.);
#1769=B_SPLINE_CURVE_WITH_KNOTS('',3,(#7176,#7177,#7178,#7179,#7180,#7181,
#7182,#7183),.UNSPECIFIED.,.F.,.F.,(4,2,2,4),(-0.0552054407273322,-0.0395505956700421,
-0.0240283315550033,-0.0182614216872554),.UNSPECIFIED.);
#1770=B_SPLINE_CURVE_WITH_KNOTS('',3,(#7187,#7188,#7189,#7190,#7191,#7192,
#7193,#7194,#7195,#7196,#7197,#7198),.UNSPECIFIED.,.F.,.F.,(4,2,2,2,2,4),
(0.0329410204529938,0.0395931279465779,0.0491924408376742,0.0683679992106854,
0.0928838303834997,0.108144131680345),.UNSPECIFIED.);
#1771=B_SPLINE_CURVE_WITH_KNOTS('',3,(#7211,#7212,#7213,#7214,#7215,#7216,
#7217,#7218,#7219,#7220,#7221,#7222,#7223,#7224,#7225,#7226,#7227,#7228,
#7229,#7230,#7231,#7232,#7233),.UNSPECIFIED.,.F.,.F.,(4,2,2,2,2,2,3,2,2,
2,4),(-0.136226894059111,-0.119152235156957,-0.0936999954948423,-0.0677777121327803,
-0.0435836939076115,-0.0209609198149267,0.,0.0156448805942516,0.0255858564901306,
0.0326607490325418,0.0329410204529938),.UNSPECIFIED.);
#1772=B_SPLINE_CURVE_WITH_KNOTS('',3,(#7250,#7251,#7252,#7253,#7254,#7255,
#7256,#7257,#7258,#7259,#7260,#7261,#7262),.UNSPECIFIED.,.F.,.F.,(4,2,3,
2,2,4),(-0.0162457320698643,-0.0156103868188327,0.,0.0220603675583252,0.0389241132623404,
0.0615901058933078),.UNSPECIFIED.);
#1773=B_SPLINE_CURVE_WITH_KNOTS('',3,(#7270,#7271,#7272,#7273,#7274,#7275,
#7276,#7277,#7278,#7279),.UNSPECIFIED.,.F.,.F.,(4,3,3,4),(-0.0664841161554475,
-0.0542138681959298,-0.0427368130546148,-0.033355350739648),
 .UNSPECIFIED.);
#1774=B_SPLINE_CURVE_WITH_KNOTS('',3,(#7283,#7284,#7285,#7286,#7287,#7288,
#7289),.UNSPECIFIED.,.F.,.F.,(4,3,4),(-0.119876221198995,-0.106639596055874,
-0.0866967079287423),.UNSPECIFIED.);
#1775=B_SPLINE_CURVE_WITH_KNOTS('',3,(#7298,#7299,#7300,#7301,#7302,#7303,
#7304,#7305,#7306,#7307,#7308,#7309,#7310,#7311,#7312,#7313,#7314,#7315,
#7316,#7317,#7318,#7319,#7320,#7321,#7322,#7323,#7324,#7325,#7326,#7327,
#7328,#7329,#7330,#7331,#7332,#7333,#7334,#7335,#7336,#7337,#7338,#7339,
#7340,#7341,#7342,#7343,#7344,#7345,#7346,#7347,#7348,#7349,#7350,#7351,
#7352,#7353,#7354,#7355,#7356,#7357,#7358,#7359,#7360,#7361,#7362,#7363,
#7364,#7365,#7366,#7367,#7368,#7369,#7370),.UNSPECIFIED.,.F.,.F.,(4,3,3,
3,3,3,3,3,3,3,3,3,3,3,3,3,3,3,3,3,3,3,3,3,4),(-0.303716537880477,-0.290833251840515,
-0.271477866004772,-0.265440936721326,-0.24500748694541,-0.241685424048242,
-0.219505667016755,-0.196705015676991,-0.193435517021588,-0.181516672779119,
-0.173938594825523,-0.1671392209346,-0.158748890567971,-0.143872294609928,
-0.119152235156946,-0.0951323655108759,-0.0936999954948319,-0.0737263638016024,
-0.067777712132771,-0.0476824240174198,-0.0435836939076033,-0.0209609198149219,
0.,0.0156448805942502,0.0225989404756556),.UNSPECIFIED.);
#1776=B_SPLINE_CURVE_WITH_KNOTS('',3,(#7374,#7375,#7376,#7377,#7378,#7379,
#7380,#7381,#7382,#7383,#7384,#7385,#7386),.UNSPECIFIED.,.F.,.F.,(4,3,3,
3,4),(-0.0649543047482184,-0.0490874063688313,-0.029746181139674,-0.0237181860583628,
-0.00297898934187343),.UNSPECIFIED.);
#1777=B_SPLINE_CURVE_WITH_KNOTS('',3,(#7415,#7416,#7417,#7418),
 .UNSPECIFIED.,.F.,.F.,(4,4),(-0.918454474619352,-0.0584976341713136),
 .UNSPECIFIED.);
#1778=B_SPLINE_CURVE_WITH_KNOTS('',3,(#7422,#7423,#7424,#7425,#7426,#7427),
 .UNSPECIFIED.,.F.,.F.,(4,2,4),(0.00250955058775273,0.175589768349281,0.351338334290432),
 .UNSPECIFIED.);
#1779=B_SPLINE_CURVE_WITH_KNOTS('',3,(#7429,#7430,#7431,#7432),
 .UNSPECIFIED.,.F.,.F.,(4,4),(0.169884018964413,0.56992838628458),
 .UNSPECIFIED.);
#1780=B_SPLINE_CURVE_WITH_KNOTS('',3,(#7436,#7437,#7438,#7439),
 .UNSPECIFIED.,.F.,.F.,(4,4),(0.800342317465815,0.920207511455746),
 .UNSPECIFIED.);
#1781=B_SPLINE_CURVE_WITH_KNOTS('',3,(#7455,#7456,#7457,#7458,#7459,#7460,
#7461,#7462,#7463,#7464,#7465,#7466,#7467,#7468,#7469,#7470),
 .UNSPECIFIED.,.F.,.F.,(4,2,2,2,2,2,2,4),(-0.128936966196392,-0.111608986213929,
-0.0905746010604009,-0.0708993546945203,-0.0479487124725661,-0.0373181658393195,
-0.0302031466525695,-0.0287571781933431),.UNSPECIFIED.);
#1782=B_SPLINE_CURVE_WITH_KNOTS('',3,(#7472,#7473,#7474,#7475,#7476,#7477,
#7478,#7479,#7480,#7481,#7482,#7483,#7484,#7485,#7486,#7487,#7488,#7489,
#7490,#7491,#7492,#7493,#7494),.UNSPECIFIED.,.F.,.F.,(4,2,2,3,2,2,2,2,2,
2,4),(-0.0287571781933431,-0.0235908396947754,-0.015164865161561,0.,0.0148806727509889,
0.0268149542993026,0.0495395250148087,0.0718272504216412,0.0927018322463575,
0.112207881789625,0.117071705125252),.UNSPECIFIED.);
#1783=B_SPLINE_CURVE_WITH_KNOTS('',3,(#7535,#7536,#7537,#7538),
 .UNSPECIFIED.,.F.,.F.,(4,4),(-0.0507787252199801,-0.0504397440113219),
 .UNSPECIFIED.);
#1784=B_SPLINE_CURVE_WITH_KNOTS('',3,(#7539,#7540,#7541,#7542,#7543,#7544,
#7545),.UNSPECIFIED.,.F.,.F.,(4,3,4),(-0.276029779479968,-0.257277201521483,
-0.242652936384579),.UNSPECIFIED.);
#1785=B_SPLINE_CURVE_WITH_KNOTS('',3,(#7567,#7568,#7569,#7570,#7571,#7572,
#7573,#7574,#7575,#7576,#7577,#7578,#7579,#7580,#7581),.UNSPECIFIED.,.F.,
 .F.,(4,2,2,2,3,2,4),(-0.0611586023707709,-0.0599569100056878,-0.0385548809771144,
-0.0185424839650805,0.,0.0150935258776408,0.0161007815893214),
 .UNSPECIFIED.);
#1786=B_SPLINE_CURVE_WITH_KNOTS('',3,(#7582,#7583,#7584,#7585),
 .UNSPECIFIED.,.F.,.F.,(4,4),(-0.869269402671961,-0.868804388466442),
 .UNSPECIFIED.);
#1787=B_SPLINE_CURVE_WITH_KNOTS('',3,(#7588,#7589,#7590,#7591,#7592,#7593,
#7594,#7595),.UNSPECIFIED.,.F.,.F.,(4,2,2,4),(-7.59441727451211,-5.6657331434357,
-3.9119000196659,-0.0613420718078304),.UNSPECIFIED.);
#1788=B_SPLINE_CURVE_WITH_KNOTS('',3,(#7597,#7598,#7599,#7600),
 .UNSPECIFIED.,.F.,.F.,(4,4),(0.597917918384931,0.621938788334981),
 .UNSPECIFIED.);
#1789=B_SPLINE_CURVE_WITH_KNOTS('',3,(#7604,#7605,#7606,#7607,#7608,#7609,
#7610,#7611,#7612,#7613,#7614,#7615,#7616,#7617,#7618,#7619,#7620,#7621,
#7622,#7623,#7624,#7625,#7626,#7627,#7628,#7629,#7630,#7631,#7632,#7633,
#7634,#7635,#7636,#7637,#7638,#7639,#7640,#7641,#7642,#7643,#7644,#7645,
#7646),.UNSPECIFIED.,.F.,.F.,(4,3,3,3,3,3,3,3,3,3,3,3,3,3,4),(-1.94619248816329,
-1.7670543881549,-1.5659706269363,-1.34950206843383,-1.17156165780422,-1.04878236156848,
-0.972350445342374,-0.890726176520426,-0.802003442438451,-0.700243918312412,
-0.547323015587538,-0.431576957395242,-0.326680823784091,-0.228044789310296,
-0.129408754836501),.UNSPECIFIED.);
#1790=B_SPLINE_CURVE_WITH_KNOTS('',3,(#7648,#7649,#7650,#7651,#7652,#7653),
 .UNSPECIFIED.,.F.,.F.,(4,2,4),(-4.63280293021695,-3.49782575288335,-2.26475601726231),
 .UNSPECIFIED.);
#1791=B_SPLINE_CURVE_WITH_KNOTS('',3,(#7654,#7655,#7656,#7657,#7658,#7659,
#7660),.UNSPECIFIED.,.F.,.F.,(4,3,4),(-3.90277598655563,-3.76002306383367,
-3.73058135484758),.UNSPECIFIED.);
#1792=B_SPLINE_CURVE_WITH_KNOTS('',3,(#7663,#7664,#7665,#7666),
 .UNSPECIFIED.,.F.,.F.,(4,4),(-3.90920600933428,-3.90900603868329),
 .UNSPECIFIED.);
#1793=B_SPLINE_CURVE_WITH_KNOTS('',3,(#7688,#7689,#7690,#7691),
 .UNSPECIFIED.,.F.,.F.,(4,4),(0.0589008483702223,0.345244751457684),
 .UNSPECIFIED.);
#1794=B_SPLINE_CURVE_WITH_KNOTS('',3,(#7712,#7713,#7714,#7715,#7716,#7717),
 .UNSPECIFIED.,.F.,.F.,(4,2,4),(0.441991149520576,0.453253648538332,0.475361212919839),
 .UNSPECIFIED.);
#1795=B_SPLINE_CURVE_WITH_KNOTS('',3,(#7720,#7721,#7722,#7723),
 .UNSPECIFIED.,.F.,.F.,(4,4),(0.345244751457684,3.07249136163119),
 .UNSPECIFIED.);
#1796=B_SPLINE_CURVE_WITH_KNOTS('',3,(#7727,#7728,#7729,#7730),
 .UNSPECIFIED.,.F.,.F.,(4,4),(0.104051753748082,0.956242592814879),
 .UNSPECIFIED.);
#1797=B_SPLINE_CURVE_WITH_KNOTS('',3,(#7735,#7736,#7737,#7738,#7739,#7740,
#7741),.UNSPECIFIED.,.F.,.F.,(4,3,4),(-0.409535232429026,-0.395994548359282,
-0.382620041544047),.UNSPECIFIED.);
#1798=B_SPLINE_CURVE_WITH_KNOTS('',3,(#7742,#7743,#7744,#7745,#7746,#7747,
#7748,#7749,#7750,#7751,#7752,#7753,#7754,#7755,#7756,#7757,#7758,#7759,
#7760,#7761,#7762,#7763,#7764,#7765,#7766,#7767,#7768,#7769,#7770,#7771,
#7772,#7773,#7774,#7775,#7776,#7777,#7778,#7779,#7780,#7781,#7782,#7783,
#7784,#7785,#7786,#7787,#7788,#7789,#7790,#7791,#7792,#7793,#7794,#7795,
#7796,#7797,#7798,#7799,#7800,#7801,#7802,#7803,#7804,#7805,#7806,#7807,
#7808,#7809,#7810,#7811),.UNSPECIFIED.,.F.,.F.,(4,3,3,3,3,3,3,3,3,3,3,3,
3,3,3,3,3,3,3,3,3,3,3,4),(-0.382620041544047,-0.380759989843517,-0.365174174653728,
-0.345306603537814,-0.319681826210462,-0.296979132921047,-0.293911500248119,
-0.273142487586774,-0.26864434265421,-0.246413884408737,-0.2445053321825,
-0.21861216563126,-0.197705314855971,-0.181789832982304,-0.166708705397006,
-0.148907718466878,-0.124179593083274,-0.0984533563747211,-0.0777674285683374,
-0.0727120214762038,-0.0517025238281545,-0.0481751259524871,-0.0245979190938582,
0.),.UNSPECIFIED.);
#1799=B_SPLINE_CURVE_WITH_KNOTS('',3,(#7821,#7822,#7823,#7824,#7825,#7826,
#7827,#7828,#7829,#7830,#7831,#7832,#7833,#7834,#7835,#7836,#7837,#7838,
#7839,#7840,#7841,#7842,#7843,#7844,#7845,#7846,#7847,#7848,#7849,#7850,
#7851,#7852,#7853,#7854,#7855,#7856,#7857,#7858,#7859,#7860,#7861,#7862,
#7863,#7864,#7865,#7866,#7867,#7868,#7869,#7870,#7871,#7872,#7873,#7874,
#7875,#7876,#7877,#7878,#7879,#7880,#7881,#7882,#7883,#7884,#7885,#7886,
#7887,#7888,#7889,#7890,#7891,#7892,#7893,#7894,#7895,#7896,#7897,#7898,
#7899),.UNSPECIFIED.,.F.,.F.,(4,3,3,3,3,3,3,3,3,3,3,3,3,3,3,3,3,3,3,3,3,
3,3,3,3,3,4),(-0.362073862995973,-0.346766805508484,-0.334597466386294,
-0.313898776318145,-0.295412087891236,-0.291575959399684,-0.271942553641506,
-0.270712113177787,-0.251289101897275,-0.228223497717499,-0.218543706258177,
-0.212474069923516,-0.20705097488908,-0.20035564041636,-0.18804763737553,
-0.166249578294011,-0.143826815661319,-0.125179110766034,-0.120998347087465,
-0.102545780478857,-0.0994513315064545,-0.0793158127324257,-0.060695950746749,
-0.043016089674609,-0.0351061418865214,-0.029473452272569,-0.0294700625763072),
 .UNSPECIFIED.);
#1800=B_SPLINE_CURVE_WITH_KNOTS('',3,(#7900,#7901,#7902,#7903,#7904,#7905,
#7906,#7907,#7908,#7909),.UNSPECIFIED.,.F.,.F.,(4,3,3,4),(-0.0294700625763072,
-0.0239263272889793,-0.0161529292081477,0.),.UNSPECIFIED.);
#1801=B_SPLINE_CURVE_WITH_KNOTS('',3,(#7933,#7934,#7935,#7936,#7937,#7938,
#7939,#7940,#7941,#7942),.UNSPECIFIED.,.F.,.F.,(4,2,2,2,4),(-0.2333278760697,
-0.193587077268934,-0.149761358772049,-0.0698243179984589,0.),
 .UNSPECIFIED.);
#1802=B_SPLINE_CURVE_WITH_KNOTS('',3,(#7944,#7945,#7946,#7947),
 .UNSPECIFIED.,.F.,.F.,(4,4),(-0.00921467814624397,0.0771164470622267),
 .UNSPECIFIED.);
#1803=B_SPLINE_CURVE_WITH_KNOTS('',3,(#7949,#7950,#7951,#7952,#7953,#7954,
#7955,#7956,#7957,#7958,#7959,#7960,#7961,#7962,#7963,#7964,#7965,#7966,
#7967,#7968,#7969,#7970,#7971,#7972,#7973,#7974,#7975,#7976,#7977,#7978,
#7979,#7980,#7981,#7982,#7983,#7984,#7985,#7986,#7987,#7988,#7989,#7990,
#7991,#7992,#7993,#7994,#7995,#7996,#7997),.UNSPECIFIED.,.F.,.F.,(4,3,3,
3,3,3,3,3,3,3,3,3,3,3,3,3,4),(0.,0.0222461806760588,0.0448462814997908,
0.0674726772424395,0.0766727863875866,0.0990875569154732,0.121599893445568,
0.125074124683432,0.147546485097287,0.154022038459945,0.17616435433101,
0.198713860230747,0.221449103926832,0.223846426415109,0.246829082669595,
0.270488831458422,0.294148580247248),.UNSPECIFIED.);
#1804=B_SPLINE_CURVE_WITH_KNOTS('',3,(#7999,#8000,#8001,#8002),
 .UNSPECIFIED.,.F.,.F.,(4,4),(-0.116225301380769,-2.60208521396521E-17),
 .UNSPECIFIED.);
#1805=B_SPLINE_CURVE_WITH_KNOTS('',3,(#8003,#8004,#8005,#8006),
 .UNSPECIFIED.,.F.,.F.,(4,4),(0.233095172095139,0.290898542881082),
 .UNSPECIFIED.);
#1806=B_SPLINE_CURVE_WITH_KNOTS('',3,(#8009,#8010,#8011,#8012,#8013,#8014,
#8015,#8016,#8017,#8018,#8019,#8020,#8021,#8022,#8023,#8024,#8025,#8026,
#8027,#8028,#8029,#8030,#8031,#8032,#8033,#8034,#8035,#8036,#8037,#8038,
#8039,#8040,#8041,#8042,#8043,#8044,#8045,#8046,#8047,#8048,#8049,#8050,
#8051,#8052,#8053,#8054,#8055,#8056,#8057,#8058,#8059,#8060,#8061,#8062,
#8063),.UNSPECIFIED.,.F.,.F.,(4,3,3,3,3,3,3,3,3,3,3,3,3,3,3,3,3,3,4),(0.152067122479581,
0.189494869656649,0.229045873173348,0.270265223310128,0.313380902195446,
0.360763778549113,0.412930270200088,0.473051558188362,0.608549053833468,
0.663459881781992,0.71230197233434,0.757635438913015,0.80060129070704,0.841799238235885,
0.881472713026089,0.918198593957792,0.953663267619397,0.987557337610211,
1.01504154076878),.UNSPECIFIED.);
#1807=B_SPLINE_CURVE_WITH_KNOTS('',3,(#8079,#8080,#8081,#8082,#8083,#8084,
#8085),.UNSPECIFIED.,.F.,.F.,(4,3,4),(0.0501141903386098,0.0995669578705506,
0.120254932096507),.UNSPECIFIED.);
#1808=B_SPLINE_CURVE_WITH_KNOTS('',3,(#8110,#8111,#8112,#8113,#8114,#8115,
#8116,#8117,#8118,#8119,#8120,#8121,#8122,#8123,#8124,#8125,#8126,#8127,
#8128,#8129,#8130,#8131,#8132,#8133,#8134,#8135,#8136,#8137,#8138,#8139,
#8140,#8141,#8142,#8143,#8144,#8145,#8146,#8147,#8148,#8149,#8150,#8151,
#8152,#8153,#8154,#8155,#8156,#8157,#8158,#8159,#8160,#8161,#8162,#8163,
#8164,#8165,#8166,#8167,#8168,#8169,#8170,#8171,#8172,#8173),
 .UNSPECIFIED.,.F.,.F.,(4,3,3,3,3,3,3,3,3,3,3,3,3,3,3,3,3,3,3,3,3,4),(0.,
0.118774701636526,0.206727419633295,0.281238502676644,0.342884208791976,
0.409415897989735,0.488022427608193,0.574724206274275,0.636248498007821,
0.661425984940356,0.723141791612831,0.778713115925262,0.830243592518797,
0.877511175001517,0.922891801155909,0.965799929167436,0.996813973941888,
1.02141090156413,1.04745693498694,1.07328592026294,1.10172677901127,1.12559503525538),
 .UNSPECIFIED.);
#1809=B_SPLINE_CURVE_WITH_KNOTS('',3,(#8189,#8190,#8191,#8192,#8193,#8194),
 .UNSPECIFIED.,.F.,.F.,(4,2,4),(0.,0.125,0.25),.UNSPECIFIED.);
#1810=B_SPLINE_CURVE_WITH_KNOTS('',3,(#8216,#8217,#8218,#8219,#8220,#8221,
#8222,#8223,#8224,#8225,#8226,#8227,#8228,#8229,#8230,#8231,#8232,#8233,
#8234,#8235,#8236,#8237,#8238,#8239,#8240,#8241,#8242,#8243,#8244,#8245,
#8246,#8247,#8248,#8249,#8250,#8251,#8252),.UNSPECIFIED.,.F.,.F.,(4,3,3,
3,3,3,3,3,3,3,3,3,4),(0.,0.0105983806484291,0.0215160920730137,0.0296998147553304,
0.040599398571943,0.0513539681063425,0.0593483950548507,0.067504410506851,
0.0783057161910377,0.0887623850029178,0.0995327057132736,0.110171106820902,
0.117928738198191),.UNSPECIFIED.);
#1811=B_SPLINE_CURVE_WITH_KNOTS('',3,(#8254,#8255,#8256,#8257,#8258,#8259,
#8260,#8261,#8262,#8263,#8264,#8265,#8266,#8267),.UNSPECIFIED.,.F.,.F.,
(4,2,2,2,2,2,4),(-0.192308145941617,-0.180050283101544,-0.164681485810837,
-0.134181515679113,-0.0973994067278992,-0.0559998180319372,0.),
 .UNSPECIFIED.);
#1812=B_SPLINE_CURVE_WITH_KNOTS('',3,(#8268,#8269,#8270,#8271),
 .UNSPECIFIED.,.F.,.F.,(4,4),(0.000239288244045198,0.284233913956416),
 .UNSPECIFIED.);
#1813=B_SPLINE_CURVE_WITH_KNOTS('',3,(#8293,#8294,#8295,#8296,#8297,#8298),
 .UNSPECIFIED.,.F.,.F.,(4,2,4),(-0.975443995058912,-0.333552509959654,-0.0745348734874112),
 .UNSPECIFIED.);
#1814=B_SPLINE_CURVE_WITH_KNOTS('',3,(#8301,#8302,#8303,#8304,#8305,#8306),
 .UNSPECIFIED.,.F.,.F.,(4,2,4),(0.,0.157725642139697,0.25),
 .UNSPECIFIED.);
#1815=B_SPLINE_CURVE_WITH_KNOTS('',3,(#8322,#8323,#8324,#8325),
 .UNSPECIFIED.,.F.,.F.,(4,4),(0.0752765787828222,0.747766229732263),
 .UNSPECIFIED.);
#1816=B_SPLINE_CURVE_WITH_KNOTS('',3,(#8328,#8329,#8330,#8331),
 .UNSPECIFIED.,.F.,.F.,(4,4),(-0.238738357007887,-0.236235125623727),
 .UNSPECIFIED.);
#1817=B_SPLINE_CURVE_WITH_KNOTS('',3,(#8332,#8333,#8334,#8335),
 .UNSPECIFIED.,.F.,.F.,(4,4),(-0.513964622560683,0.),.UNSPECIFIED.);
#1818=B_SPLINE_CURVE_WITH_KNOTS('',3,(#8337,#8338,#8339,#8340,#8341,#8342,
#8343,#8344,#8345,#8346,#8347,#8348),.UNSPECIFIED.,.F.,.F.,(4,2,2,2,2,4),
(-1.73291967167702,-1.24948971108892,-0.971979487735117,-0.700451696539707,
-0.390689313419554,-0.229123512913033),.UNSPECIFIED.);
#1819=B_SPLINE_CURVE_WITH_KNOTS('',3,(#8353,#8354,#8355,#8356,#8357,#8358,
#8359,#8360,#8361,#8362,#8363,#8364,#8365,#8366,#8367,#8368),
 .UNSPECIFIED.,.F.,.F.,(4,3,3,3,3,4),(-0.150908607286976,-0.133194416774167,
-0.11501705286608,-0.106466686013337,-0.088264488308935,-0.0716475757176002),
 .UNSPECIFIED.);
#1820=B_SPLINE_CURVE_WITH_KNOTS('',3,(#8391,#8392,#8393,#8394,#8395,#8396,
#8397),.UNSPECIFIED.,.F.,.F.,(4,3,4),(0.,0.0815598252426487,0.142729694174635),
 .UNSPECIFIED.);
#1821=B_SPLINE_CURVE_WITH_KNOTS('',3,(#8399,#8400,#8401,#8402),
 .UNSPECIFIED.,.F.,.F.,(4,4),(-0.0725000000000003,-1.94289029309404E-16),
 .UNSPECIFIED.);
#1822=B_SPLINE_CURVE_WITH_KNOTS('',3,(#8404,#8405,#8406,#8407,#8408,#8409,
#8410),.UNSPECIFIED.,.F.,.F.,(4,3,4),(0.,0.0611698689319865,0.142729694174635),
 .UNSPECIFIED.);
#1823=B_SPLINE_CURVE_WITH_KNOTS('',3,(#8411,#8412,#8413,#8414),
 .UNSPECIFIED.,.F.,.F.,(4,4),(1.94289029309404E-16,0.0725000000000003),
 .UNSPECIFIED.);
#1824=B_SPLINE_CURVE_WITH_KNOTS('',3,(#8419,#8420,#8421,#8422,#8423,#8424,
#8425,#8426,#8427,#8428,#8429,#8430,#8431,#8432,#8433,#8434,#8435,#8436,
#8437,#8438,#8439,#8440,#8441,#8442,#8443,#8444,#8445,#8446,#8447,#8448,
#8449),.UNSPECIFIED.,.F.,.F.,(4,3,3,3,3,3,3,3,3,3,4),(-0.237380566361561,
-0.21918249193427,-0.206361119702192,-0.188094836260068,-0.175371168729087,
-0.157121506921099,-0.13914024046054,-0.135353759731889,-0.116428825954242,
-0.09829252803373,-0.0817731297093689),.UNSPECIFIED.);
#1825=B_SPLINE_CURVE_WITH_KNOTS('',3,(#8453,#8454,#8455,#8456),
 .UNSPECIFIED.,.F.,.F.,(4,4),(-0.101118995017823,-0.0862784573438523),
 .UNSPECIFIED.);
#1826=B_SPLINE_CURVE_WITH_KNOTS('',3,(#8459,#8460,#8461,#8462),
 .UNSPECIFIED.,.F.,.F.,(4,4),(-0.151242703638702,-0.0503272272445045),
 .UNSPECIFIED.);
#1827=B_SPLINE_CURVE_WITH_KNOTS('',3,(#8484,#8485,#8486,#8487,#8488,#8489,
#8490,#8491,#8492,#8493,#8494,#8495,#8496,#8497,#8498,#8499,#8500,#8501,
#8502,#8503,#8504,#8505,#8506,#8507,#8508,#8509,#8510,#8511,#8512,#8513,
#8514,#8515,#8516,#8517,#8518,#8519,#8520,#8521,#8522,#8523),
 .UNSPECIFIED.,.F.,.F.,(4,3,3,3,3,3,3,3,3,3,3,3,3,4),(-0.142892297948115,
-0.129767669191995,-0.116359236597462,-0.105053554308317,-0.0916125730790633,
-0.0783341683326825,-0.0685787352202862,-0.0611707143529937,-0.0479170276192585,
-0.0345172159443668,-0.0316869851142874,-0.0183079355209894,-0.00507051434072119,
0.),.UNSPECIFIED.);
#1828=B_SPLINE_CURVE_WITH_KNOTS('',3,(#8524,#8525,#8526,#8527),
 .UNSPECIFIED.,.F.,.F.,(4,4),(-0.797960520287984,-0.797616439628768),
 .UNSPECIFIED.);
#1829=B_SPLINE_CURVE_WITH_KNOTS('',3,(#8531,#8532,#8533,#8534,#8535,#8536,
#8537,#8538,#8539,#8540,#8541,#8542,#8543,#8544,#8545,#8546),
 .UNSPECIFIED.,.F.,.F.,(4,3,3,3,3,4),(-0.313552230326577,-0.228814418831102,
-0.211847862891389,-0.118323568027494,-0.0296383807916493,0.),
 .UNSPECIFIED.);
#1830=B_SPLINE_CURVE_WITH_KNOTS('',3,(#8550,#8551,#8552,#8553,#8554,#8555,
#8556,#8557,#8558,#8559,#8560,#8561,#8562,#8563,#8564,#8565),
 .UNSPECIFIED.,.F.,.F.,(4,3,3,3,3,4),(-0.316436854745836,-0.225017465667,
-0.174393238115103,-0.0871966409971208,-0.00601033344241585,-4.38791389776778E-8),
 .UNSPECIFIED.);
#1831=B_SPLINE_CURVE_WITH_KNOTS('',3,(#8568,#8569,#8570,#8571),
 .UNSPECIFIED.,.F.,.F.,(4,4),(-1.00617395774842,-0.156311588762832),
 .UNSPECIFIED.);
#1832=B_SPLINE_CURVE_WITH_KNOTS('',3,(#8572,#8573,#8574,#8575),
 .UNSPECIFIED.,.F.,.F.,(4,4),(-0.93258189997787,-0.0820530365472173),
 .UNSPECIFIED.);
#1833=B_SPLINE_CURVE_WITH_KNOTS('',3,(#8579,#8580,#8581,#8582,#8583,#8584,
#8585,#8586,#8587,#8588),.UNSPECIFIED.,.F.,.F.,(4,3,3,4),(-4.35334298211906,
-4.35168258689186,-4.28998541907569,-4.27851617891602),.UNSPECIFIED.);
#1834=B_SPLINE_CURVE_WITH_KNOTS('',3,(#8590,#8591,#8592,#8593,#8594,#8595,
#8596,#8597),.UNSPECIFIED.,.F.,.F.,(4,2,2,4),(-1.57145240696526,-1.50567787116048,
-1.31710258573586,-1.22273080722354),.UNSPECIFIED.);
#1835=B_SPLINE_CURVE_WITH_KNOTS('',3,(#8628,#8629,#8630,#8631),
 .UNSPECIFIED.,.F.,.F.,(4,4),(3.92157473406126,3.96141916175823),
 .UNSPECIFIED.);
#1836=B_SPLINE_CURVE_WITH_KNOTS('',3,(#8650,#8651,#8652,#8653,#8654,#8655,
#8656,#8657,#8658,#8659,#8660,#8661,#8662,#8663,#8664,#8665,#8666,#8667,
#8668,#8669,#8670,#8671,#8672,#8673,#8674),.UNSPECIFIED.,.F.,.F.,(4,3,3,
3,3,3,3,3,4),(-0.00143737883961634,0.,0.0744928102522304,0.104115197077718,
0.17314529592028,0.211841156041862,0.281441092311705,0.353830390938879,
0.36872643020938),.UNSPECIFIED.);
#1837=B_SPLINE_CURVE_WITH_KNOTS('',3,(#8681,#8682,#8683,#8684),
 .UNSPECIFIED.,.F.,.F.,(4,4),(1.25192493013348,1.27863161942546),
 .UNSPECIFIED.);
#1838=B_SPLINE_CURVE_WITH_KNOTS('',3,(#8705,#8706,#8707,#8708,#8709,#8710),
 .UNSPECIFIED.,.F.,.F.,(4,2,4),(-0.255506778514548,-0.0835194237226602,
-0.0587276284448898),.UNSPECIFIED.);
#1839=B_SPLINE_CURVE_WITH_KNOTS('',3,(#8712,#8713,#8714,#8715),
 .UNSPECIFIED.,.F.,.F.,(4,4),(0.258188209712981,0.344195972615284),
 .UNSPECIFIED.);
#1840=B_SPLINE_CURVE_WITH_KNOTS('',3,(#8716,#8717,#8718,#8719),
 .UNSPECIFIED.,.F.,.F.,(4,4),(-1.08663331797903,-0.997276842044628),
 .UNSPECIFIED.);
#1841=B_SPLINE_CURVE_WITH_KNOTS('',3,(#8747,#8748,#8749,#8750),
 .UNSPECIFIED.,.F.,.F.,(4,4),(-0.0725912564210857,0.),.UNSPECIFIED.);
#1842=B_SPLINE_CURVE_WITH_KNOTS('',3,(#8766,#8767,#8768,#8769),
 .UNSPECIFIED.,.F.,.F.,(4,4),(-4.05946545565578,-2.62267040793001),
 .UNSPECIFIED.);
#1843=B_SPLINE_CURVE_WITH_KNOTS('',3,(#8790,#8791,#8792,#8793),
 .UNSPECIFIED.,.F.,.F.,(4,4),(0.248173623098529,0.36500000000002),
 .UNSPECIFIED.);
#1844=B_SPLINE_CURVE_WITH_KNOTS('',3,(#8796,#8797,#8798,#8799,#8800,#8801,
#8802,#8803,#8804,#8805),.UNSPECIFIED.,.F.,.F.,(4,3,3,4),(0.194429797974497,
0.296775791150837,0.598834939250362,1.0432488538642),.UNSPECIFIED.);
#1845=B_SPLINE_CURVE_WITH_KNOTS('',3,(#8823,#8824,#8825,#8826),
 .UNSPECIFIED.,.F.,.F.,(4,4),(0.,0.123764890879309),.UNSPECIFIED.);
#1846=B_SPLINE_CURVE_WITH_KNOTS('',3,(#8827,#8828,#8829,#8830),
 .UNSPECIFIED.,.F.,.F.,(4,4),(0.,0.00565582090848042),.UNSPECIFIED.);
#1847=B_SPLINE_CURVE_WITH_KNOTS('',3,(#8833,#8834,#8835,#8836,#8837,#8838,
#8839,#8840,#8841,#8842),.UNSPECIFIED.,.F.,.F.,(4,2,2,2,4),(3.87520084466714,
3.9932300223713,4.32505582235711,4.65812809741285,4.70971616080298),
 .UNSPECIFIED.);
#1848=B_SPLINE_CURVE_WITH_KNOTS('',3,(#8844,#8845,#8846,#8847),
 .UNSPECIFIED.,.F.,.F.,(4,4),(0.,0.336274271742098),.UNSPECIFIED.);
#1849=B_SPLINE_CURVE_WITH_KNOTS('',3,(#8850,#8851,#8852,#8853,#8854,#8855),
 .UNSPECIFIED.,.F.,.F.,(4,2,4),(0.,0.289931489199994,0.307627473795164),
 .UNSPECIFIED.);
#1850=B_SPLINE_CURVE_WITH_KNOTS('',3,(#8861,#8862,#8863,#8864),
 .UNSPECIFIED.,.F.,.F.,(4,4),(0.145171000114814,0.278968236422972),
 .UNSPECIFIED.);
#1851=B_SPLINE_CURVE_WITH_KNOTS('',3,(#8868,#8869,#8870,#8871),
 .UNSPECIFIED.,.F.,.F.,(4,4),(1.20445262633757,1.33823344331416),
 .UNSPECIFIED.);
#1852=B_SPLINE_CURVE_WITH_KNOTS('',3,(#8896,#8897,#8898,#8899),
 .UNSPECIFIED.,.F.,.F.,(4,4),(0.,0.361886439782565),.UNSPECIFIED.);
#1853=B_SPLINE_CURVE_WITH_KNOTS('',3,(#8901,#8902,#8903,#8904),
 .UNSPECIFIED.,.F.,.F.,(4,4),(0.,0.360839888623751),.UNSPECIFIED.);
#1854=B_SPLINE_CURVE_WITH_KNOTS('',3,(#8955,#8956,#8957,#8958),
 .UNSPECIFIED.,.F.,.F.,(4,4),(-0.361886439782565,0.),.UNSPECIFIED.);
#1855=B_SPLINE_CURVE_WITH_KNOTS('',3,(#8969,#8970,#8971,#8972),
 .UNSPECIFIED.,.F.,.F.,(4,4),(-0.360839888623751,0.),.UNSPECIFIED.);
#1856=B_SPLINE_CURVE_WITH_KNOTS('',3,(#8987,#8988,#8989,#8990,#8991,#8992),
 .UNSPECIFIED.,.F.,.F.,(4,2,4),(0.764712336395748,0.798659647239382,0.909433677451839),
 .UNSPECIFIED.);
#1857=B_SPLINE_CURVE_WITH_KNOTS('',3,(#9005,#9006,#9007,#9008,#9009,#9010,
#9011,#9012,#9013,#9014),.UNSPECIFIED.,.F.,.F.,(4,2,2,2,4),(-0.248139196513719,
-0.17297113637657,-0.108986594469859,-0.0523101437559752,-0.00973148686409092),
 .UNSPECIFIED.);
#1858=B_SPLINE_CURVE_WITH_KNOTS('',3,(#9016,#9017,#9018,#9019),
 .UNSPECIFIED.,.F.,.F.,(4,4),(-0.00973148686409117,0.),.UNSPECIFIED.);
#1859=B_SPLINE_CURVE_WITH_KNOTS('',3,(#9027,#9028,#9029,#9030,#9031,#9032,
#9033,#9034),.UNSPECIFIED.,.F.,.F.,(4,2,2,4),(1.56673564099227,1.66691083979543,
1.73635473928097,1.7736821028096),.UNSPECIFIED.);
#1860=B_SPLINE_CURVE_WITH_KNOTS('',3,(#9036,#9037,#9038,#9039,#9040,#9041,
#9042,#9043),.UNSPECIFIED.,.F.,.F.,(4,2,2,4),(0.702834303281986,0.725504020623355,
0.799598280853073,0.909925980939659),.UNSPECIFIED.);
#1861=B_SPLINE_CURVE_WITH_KNOTS('',3,(#9047,#9048,#9049,#9050,#9051,#9052,
#9053,#9054),.UNSPECIFIED.,.F.,.F.,(4,2,2,4),(0.00973148686409092,0.052310143755975,
0.10898659446986,0.137089297073749),.UNSPECIFIED.);
#1862=B_SPLINE_CURVE_WITH_KNOTS('',3,(#9058,#9059,#9060,#9061,#9062,#9063,
#9064,#9065),.UNSPECIFIED.,.F.,.F.,(4,2,2,4),(1.5684775813417,1.67880528142828,
1.752899541658,1.77331613037826),.UNSPECIFIED.);
#1863=B_SPLINE_CURVE_WITH_KNOTS('',3,(#9067,#9068,#9069,#9070,#9071,#9072,
#9073,#9074),.UNSPECIFIED.,.F.,.F.,(4,2,2,4),(0.706303215322304,0.726794326706106,
0.800770102351439,0.910549010580258),.UNSPECIFIED.);
#1864=B_SPLINE_CURVE_WITH_KNOTS('',3,(#9081,#9082,#9083,#9084),
 .UNSPECIFIED.,.F.,.F.,(4,4),(0.,0.00973148686409095),.UNSPECIFIED.);
#1865=B_SPLINE_CURVE_WITH_KNOTS('',3,(#9106,#9107,#9108,#9109),
 .UNSPECIFIED.,.F.,.F.,(4,4),(-1.03946672184764,-1.02642398147809),
 .UNSPECIFIED.);
#1866=B_SPLINE_CURVE_WITH_KNOTS('',3,(#9157,#9158,#9159,#9160),
 .UNSPECIFIED.,.F.,.F.,(4,4),(0.,0.01),.UNSPECIFIED.);
#1867=B_SPLINE_CURVE_WITH_KNOTS('',3,(#9162,#9163,#9164,#9165),
 .UNSPECIFIED.,.F.,.F.,(4,4),(0.209772158192694,0.316835728153998),
 .UNSPECIFIED.);
#1868=B_SPLINE_CURVE_WITH_KNOTS('',3,(#9167,#9168,#9169,#9170),
 .UNSPECIFIED.,.F.,.F.,(4,4),(0.,0.01),.UNSPECIFIED.);
#1869=B_SPLINE_CURVE_WITH_KNOTS('',3,(#9172,#9173,#9174,#9175),
 .UNSPECIFIED.,.F.,.F.,(4,4),(-0.919372224292758,-0.680974005281525),
 .UNSPECIFIED.);
#1870=B_SPLINE_CURVE_WITH_KNOTS('',3,(#9178,#9179,#9180,#9181),
 .UNSPECIFIED.,.F.,.F.,(4,4),(-1.03946573432327,-0.680974005281525),
 .UNSPECIFIED.);
#1871=B_SPLINE_CURVE_WITH_KNOTS('',3,(#9233,#9234,#9235,#9236,#9237,#9238,
#9239,#9240,#9241,#9242,#9243,#9244),.UNSPECIFIED.,.F.,.F.,(4,2,2,2,2,4),
(0.,0.0969204251188551,0.197142852170287,0.25728741185939,0.285152144889049,
0.312101083179015),.UNSPECIFIED.);
#1872=B_SPLINE_CURVE_WITH_KNOTS('',3,(#9246,#9247,#9248,#9249),
 .UNSPECIFIED.,.F.,.F.,(4,4),(-0.35,-0.2),.UNSPECIFIED.);
#1873=B_SPLINE_CURVE_WITH_KNOTS('',3,(#9251,#9252,#9253,#9254),
 .UNSPECIFIED.,.F.,.F.,(4,4),(-0.0499999999999998,0.),.UNSPECIFIED.);
#1874=B_SPLINE_CURVE_WITH_KNOTS('',3,(#9255,#9256,#9257,#9258,#9259,#9260,
#9261,#9262,#9263,#9264,#9265,#9266),.UNSPECIFIED.,.F.,.F.,(4,2,2,2,2,4),
(0.,0.0972102960312473,0.198336101451698,0.258200916415942,0.285714485679148,
0.312264141913437),.UNSPECIFIED.);
#1875=B_SPLINE_CURVE_WITH_KNOTS('',3,(#9269,#9270,#9271,#9272,#9273,#9274,
#9275,#9276,#9277,#9278,#9279,#9280),.UNSPECIFIED.,.F.,.F.,(4,2,2,2,2,4),
(0.54977208747327,0.578990130431785,0.6082081733903,0.666644259307329,0.754074366188683,
0.841504473070037),.UNSPECIFIED.);
#1876=B_SPLINE_CURVE_WITH_KNOTS('',3,(#9283,#9284,#9285,#9286,#9287,#9288,
#9289,#9290,#9291,#9292,#9293,#9294),.UNSPECIFIED.,.F.,.F.,(4,2,2,2,2,4),
(0.,0.0292180429585147,0.0584360859170295,0.116872171834059,0.204302278715413,
0.291732385596767),.UNSPECIFIED.);
#1877=B_SPLINE_CURVE_WITH_KNOTS('',3,(#9296,#9297,#9298,#9299),
 .UNSPECIFIED.,.F.,.F.,(4,4),(-1.3362332420444,-1.03946573432327),
 .UNSPECIFIED.);
#1878=B_SPLINE_CURVE_WITH_KNOTS('',3,(#9303,#9304,#9305,#9306),
 .UNSPECIFIED.,.F.,.F.,(4,4),(-0.107305786430145,-0.00435610532052966),
 .UNSPECIFIED.);
#1879=B_SPLINE_CURVE_WITH_KNOTS('',3,(#9309,#9310,#9311,#9312,#9313,#9314,
#9315,#9316,#9317,#9318,#9319,#9320,#9321,#9322,#9323,#9324,#9325,#9326,
#9327),.UNSPECIFIED.,.F.,.F.,(4,3,3,3,3,3,4),(-0.0817260136075882,-0.0635365234834348,
-0.0582594069779573,-0.0400027897696742,-0.0212519685417093,-0.0036672535579303,
-0.00250114731374432),.UNSPECIFIED.);
#1880=B_SPLINE_CURVE_WITH_KNOTS('',3,(#9331,#9332,#9333,#9334,#9335,#9336,
#9337,#9338,#9339,#9340,#9341,#9342,#9343,#9344,#9345,#9346,#9347,#9348,
#9349,#9350,#9351,#9352,#9353,#9354,#9355,#9356,#9357,#9358,#9359,#9360,
#9361),.UNSPECIFIED.,.F.,.F.,(4,3,3,3,3,3,3,3,3,3,4),(-0.156804385903032,
-0.138572808726478,-0.120939241715973,-0.102957087826055,-0.0849838604030598,
-0.0666422845823835,-0.0607243217071983,-0.0423513053555172,-0.0238925609202431,
-0.00578503031667859,0.),.UNSPECIFIED.);
#1881=B_SPLINE_CURVE_WITH_KNOTS('',3,(#9383,#9384,#9385,#9386),
 .UNSPECIFIED.,.F.,.F.,(4,4),(1.35781910620616,2.01833791566778),
 .UNSPECIFIED.);
#1882=B_SPLINE_CURVE_WITH_KNOTS('',3,(#9389,#9390,#9391,#9392),
 .UNSPECIFIED.,.F.,.F.,(4,4),(-2.01833791566778,-1.33693131706297),
 .UNSPECIFIED.);
#1883=B_SPLINE_CURVE_WITH_KNOTS('',3,(#9419,#9420,#9421,#9422),
 .UNSPECIFIED.,.F.,.F.,(4,4),(0.655258892691136,0.836000822788133),
 .UNSPECIFIED.);
#1884=B_SPLINE_CURVE_WITH_KNOTS('',3,(#9435,#9436,#9437,#9438,#9439),
 .UNSPECIFIED.,.F.,.F.,(4,1,4),(0.,0.407602900184591,0.713305075323034),
 .UNSPECIFIED.);
#1885=B_SPLINE_CURVE_WITH_KNOTS('',3,(#9443,#9444,#9445,#9446),
 .UNSPECIFIED.,.F.,.F.,(4,4),(1.77973569390189,2.1212651655199),
 .UNSPECIFIED.);
#1886=B_SPLINE_CURVE_WITH_KNOTS('',3,(#9448,#9449,#9450,#9451),
 .UNSPECIFIED.,.F.,.F.,(4,4),(-0.507139564898703,-0.0502931465365831),
 .UNSPECIFIED.);
#1887=B_SPLINE_CURVE_WITH_KNOTS('',3,(#9453,#9454,#9455,#9456),
 .UNSPECIFIED.,.F.,.F.,(4,4),(-2.35243148829113,-1.40672012133646),
 .UNSPECIFIED.);
#1888=B_SPLINE_CURVE_WITH_KNOTS('',3,(#9457,#9458,#9459,#9460,#9461),
 .UNSPECIFIED.,.F.,.F.,(4,1,4),(0.,0.387815557741457,0.9049029680634),
 .UNSPECIFIED.);
#1889=B_SPLINE_CURVE_WITH_KNOTS('',3,(#9497,#9498,#9499,#9500,#9501),
 .UNSPECIFIED.,.F.,.F.,(4,1,4),(-0.683083846939642,-0.407602900184591,0.),
 .UNSPECIFIED.);
#1890=B_SPLINE_CURVE_WITH_KNOTS('',3,(#9504,#9505,#9506,#9507,#9508,#9509,
#9510,#9511,#9512,#9513,#9514,#9515,#9516,#9517,#9518,#9519,#9520,#9521,
#9522,#9523,#9524,#9525,#9526,#9527,#9528,#9529,#9530,#9531,#9532,#9533,
#9534,#9535,#9536,#9537),.UNSPECIFIED.,.F.,.F.,(4,3,3,3,3,3,3,3,3,3,3,4),
(0.13188921752102,0.303520405445972,0.455104718661577,0.598064265576666,
0.734739240757375,0.866152874304735,0.99087312219484,1.10982196681416,1.22247969818503,
1.33229673460825,1.43847556029247,1.50493872092063),.UNSPECIFIED.);
#1891=B_SPLINE_CURVE_WITH_KNOTS('',3,(#9539,#9540,#9541,#9542),
 .UNSPECIFIED.,.F.,.F.,(4,4),(4.71019509293558,4.7360189439234),
 .UNSPECIFIED.);
#1892=B_SPLINE_CURVE_WITH_KNOTS('',3,(#9650,#9651,#9652,#9653,#9654,#9655,
#9656,#9657,#9658,#9659,#9660,#9661,#9662,#9663),.UNSPECIFIED.,.F.,.F.,
(4,2,2,2,2,2,4),(-0.000617058787288975,0.,0.0312593397632535,0.0624597838740356,
0.121613690994238,0.179860271250844,0.213473834863176),.UNSPECIFIED.);
#1893=B_SPLINE_CURVE_WITH_KNOTS('',3,(#9665,#9666,#9667,#9668,#9669,#9670,
#9671,#9672,#9673,#9674,#9675,#9676,#9677,#9678,#9679,#9680),
 .UNSPECIFIED.,.F.,.F.,(4,3,3,3,3,4),(0.0781512815740136,0.202773829709323,
0.227353333374641,0.311100380720374,0.392240145172701,0.413259150913294),
 .UNSPECIFIED.);
#1894=B_SPLINE_CURVE_WITH_KNOTS('',3,(#9681,#9682,#9683,#9684,#9685,#9686,
#9687,#9688),.UNSPECIFIED.,.F.,.F.,(4,2,2,4),(2.63739008506607,2.87908441744267,
3.21066075251972,3.47763105866915),.UNSPECIFIED.);
#1895=B_SPLINE_CURVE_WITH_KNOTS('',3,(#9707,#9708,#9709,#9710,#9711,#9712,
#9713,#9714,#9715,#9716,#9717,#9718,#9719,#9720,#9721,#9722,#9723,#9724,
#9725,#9726,#9727,#9728,#9729,#9730,#9731,#9732,#9733,#9734,#9735,#9736,
#9737,#9738,#9739,#9740,#9741,#9742,#9743),.UNSPECIFIED.,.F.,.F.,(4,3,3,
3,3,3,3,3,3,3,3,3,4),(0.,0.105908128112667,0.214418048376213,0.325962284445001,
0.441125436370062,0.560736344873363,0.690878173743815,0.825534136352498,
0.965274614285563,1.11144849138383,1.27155617468724,1.44676309322144,1.60187097583698),
 .UNSPECIFIED.);
#1896=B_SPLINE_CURVE_WITH_KNOTS('',3,(#9787,#9788,#9789,#9790),
 .UNSPECIFIED.,.F.,.F.,(4,4),(0.,0.102160503669673),.UNSPECIFIED.);
#1897=B_SPLINE_CURVE_WITH_KNOTS('',3,(#9802,#9803,#9804,#9805),
 .UNSPECIFIED.,.F.,.F.,(4,4),(0.753557128963725,0.854834550577685),
 .UNSPECIFIED.);
#1898=B_SPLINE_CURVE_WITH_KNOTS('',3,(#9806,#9807,#9808,#9809,#9810,#9811),
 .UNSPECIFIED.,.F.,.F.,(4,2,4),(0.102160503669673,0.430540077161027,0.753557128963725),
 .UNSPECIFIED.);
#1899=B_SPLINE_CURVE_WITH_KNOTS('',3,(#9843,#9844,#9845,#9846,#9847,#9848),
 .UNSPECIFIED.,.F.,.F.,(4,2,4),(0.,0.613205619254471,1.16752259570315),
 .UNSPECIFIED.);
#1900=B_SPLINE_CURVE_WITH_KNOTS('',3,(#9849,#9850,#9851,#9852),
 .UNSPECIFIED.,.F.,.F.,(4,4),(0.00305270736966923,0.134186189716888),
 .UNSPECIFIED.);
#1901=B_SPLINE_CURVE_WITH_KNOTS('',3,(#9898,#9899,#9900,#9901),
 .UNSPECIFIED.,.F.,.F.,(4,4),(0.,0.0148358677053688),.UNSPECIFIED.);
#1902=B_SPLINE_CURVE_WITH_KNOTS('',3,(#9934,#9935,#9936,#9937,#9938,#9939,
#9940,#9941,#9942,#9943,#9944,#9945,#9946,#9947,#9948,#9949,#9950,#9951,
#9952,#9953,#9954,#9955,#9956,#9957,#9958,#9959,#9960,#9961,#9962,#9963,
#9964),.UNSPECIFIED.,.F.,.F.,(4,3,3,3,3,3,3,3,3,3,4),(0.0164552089200399,
0.123379186097323,0.233006978833029,0.345803014102045,0.464553250540156,
0.58822461544607,0.718287028476922,0.856643727528726,0.999969685107345,
1.15275054149492,1.1874165946571),.UNSPECIFIED.);
#1903=B_SPLINE_CURVE_WITH_KNOTS('',3,(#9965,#9966,#9967,#9968),
 .UNSPECIFIED.,.F.,.F.,(4,4),(0.0500082179615259,0.17925588963913),
 .UNSPECIFIED.);
#1904=B_SPLINE_CURVE_WITH_KNOTS('',3,(#9993,#9994,#9995,#9996,#9997,#9998,
#9999,#10000,#10001,#10002),.UNSPECIFIED.,.F.,.F.,(4,1,1,1,1,1,1,4),(-2.06157673119574,
-1.76706576959635,-1.47255480799696,-1.17804384639757,-0.883532884798175,
-0.589021923198783,-0.294510961599392,0.),.UNSPECIFIED.);
#1905=B_SPLINE_CURVE_WITH_KNOTS('',3,(#10153,#10154,#10155,#10156,#10157,
#10158,#10159,#10160),.UNSPECIFIED.,.F.,.F.,(4,2,2,4),(-5.01737597231973,
-3.23734536163481,-1.58533549827907,-0.35859138239239),.UNSPECIFIED.);
#1906=B_SPLINE_CURVE_WITH_KNOTS('',3,(#10162,#10163,#10164,#10165),
 .UNSPECIFIED.,.F.,.F.,(4,4),(0.0884696217332627,0.10376942713847),
 .UNSPECIFIED.);
#1907=B_SPLINE_CURVE_WITH_KNOTS('',3,(#10166,#10167,#10168,#10169,#10170,
#10171),.UNSPECIFIED.,.F.,.F.,(4,2,4),(1.27873873330818,1.44959081727513,
1.58326103556528),.UNSPECIFIED.);
#1908=B_SPLINE_CURVE_WITH_KNOTS('',3,(#10173,#10174,#10175,#10176),
 .UNSPECIFIED.,.F.,.F.,(4,4),(-0.860319184999391,-0.0499849223760812),
 .UNSPECIFIED.);
#1909=B_SPLINE_CURVE_WITH_KNOTS('',3,(#10178,#10179,#10180,#10181),
 .UNSPECIFIED.,.F.,.F.,(4,4),(-0.388254998588499,-0.386184858887522),
 .UNSPECIFIED.);
#1910=B_SPLINE_CURVE_WITH_KNOTS('',3,(#10183,#10184,#10185,#10186),
 .UNSPECIFIED.,.F.,.F.,(4,4),(0.0497032319239075,0.118994013186324),
 .UNSPECIFIED.);
#1911=B_SPLINE_CURVE_WITH_KNOTS('',3,(#10187,#10188,#10189,#10190,#10191,
#10192,#10193,#10194,#10195,#10196,#10197,#10198,#10199,#10200,#10201,#10202,
#10203,#10204,#10205),.UNSPECIFIED.,.F.,.F.,(4,3,3,3,3,3,4),(0.,0.0831924325739407,
0.113277801074495,0.191053107434457,0.268485527391472,0.284375437295823,
0.313528256814225),.UNSPECIFIED.);
#1912=B_SPLINE_CURVE_WITH_KNOTS('',3,(#10222,#10223,#10224,#10225,#10226,
#10227,#10228,#10229,#10230,#10231,#10232,#10233,#10234,#10235,#10236,#10237,
#10238,#10239,#10240,#10241,#10242,#10243,#10244,#10245,#10246,#10247,#10248,
#10249,#10250,#10251,#10252,#10253,#10254,#10255,#10256,#10257,#10258,#10259,
#10260,#10261,#10262,#10263,#10264,#10265,#10266,#10267,#10268,#10269,#10270,
#10271,#10272,#10273,#10274,#10275,#10276,#10277,#10278,#10279),
 .UNSPECIFIED.,.F.,.F.,(4,3,3,3,3,3,3,3,3,3,3,3,3,3,3,3,3,3,3,4),(-0.293211380120235,
-0.291588122194609,-0.277983210728843,-0.269373070449094,-0.252384123253763,
-0.246506995190379,-0.22932165315678,-0.224421963992273,-0.210553782591433,
-0.203028066757692,-0.189232405030632,-0.180605396220634,-0.163978734662195,
-0.157507002949499,-0.138684812317622,-0.134902289001824,-0.120544429004271,
-0.112578081312543,-0.0985607259863477,-0.0912406065235123),
 .UNSPECIFIED.);
#1913=B_SPLINE_CURVE_WITH_KNOTS('',3,(#10281,#10282,#10283,#10284,#10285,
#10286,#10287,#10288,#10289,#10290,#10291,#10292,#10293,#10294,#10295,#10296,
#10297,#10298,#10299,#10300,#10301,#10302,#10303,#10304,#10305,#10306,#10307,
#10308,#10309,#10310,#10311,#10312,#10313,#10314,#10315,#10316,#10317,#10318,
#10319,#10320,#10321,#10322,#10323,#10324,#10325,#10326,#10327,#10328,#10329,
#10330,#10331,#10332,#10333,#10334,#10335,#10336,#10337,#10338),
 .UNSPECIFIED.,.F.,.F.,(4,3,3,3,3,3,3,3,3,3,3,3,3,3,3,3,3,3,3,4),(-0.265800951653821,
-0.251986045398301,-0.244345070520871,-0.230228682556302,-0.222988995754621,
-0.205391972570861,-0.202606598500092,-0.185308022555876,-0.17946379401093,
-0.16627433911352,-0.156347688130208,-0.14644941707566,-0.133306450217127,
-0.116052348003394,-0.110253420360765,-0.0938164227431599,-0.0876336627836239,
-0.0742146014901442,-0.0648645625902355,-0.0643337518673119),
 .UNSPECIFIED.);
#1914=B_SPLINE_CURVE_WITH_KNOTS('',3,(#10361,#10362,#10363,#10364,#10365,
#10366,#10367,#10368,#10369,#10370,#10371,#10372,#10373,#10374,#10375,#10376,
#10377,#10378,#10379,#10380,#10381,#10382,#10383,#10384,#10385,#10386,#10387,
#10388,#10389,#10390,#10391,#10392,#10393,#10394,#10395,#10396,#10397,#10398,
#10399,#10400,#10401,#10402,#10403,#10404,#10405,#10406,#10407,#10408,#10409),
 .UNSPECIFIED.,.F.,.F.,(4,3,3,3,3,3,3,3,3,3,3,3,3,3,3,3,4),(0.00563789141481912,
0.0248178374701838,0.0398027666704936,0.0701689173312234,0.0774148823138487,
0.0976460882332364,0.106470274367991,0.121851816418223,0.133602644141987,
0.145691127409286,0.162858332866648,0.183500808754292,0.200175290851227,
0.224143705177184,0.233702615414951,0.252491012481326,0.265483640573704),
 .UNSPECIFIED.);
#1915=B_SPLINE_CURVE_WITH_KNOTS('',3,(#10410,#10411,#10412,#10413,#10414,
#10415),.UNSPECIFIED.,.F.,.F.,(4,2,4),(0.126763418893691,1.03489546962127,
1.81899853996761),.UNSPECIFIED.);
#1916=B_SPLINE_CURVE_WITH_KNOTS('',3,(#10417,#10418,#10419,#10420),
 .UNSPECIFIED.,.F.,.F.,(4,4),(0.0864037442146308,0.224976242367375),
 .UNSPECIFIED.);
#1917=B_SPLINE_CURVE_WITH_KNOTS('',3,(#10421,#10422,#10423,#10424,#10425,
#10426),.UNSPECIFIED.,.F.,.F.,(4,2,4),(0.114619750241561,0.771003097183087,
1.35805840726169),.UNSPECIFIED.);
#1918=B_SPLINE_CURVE_WITH_KNOTS('',3,(#10429,#10430,#10431,#10432),
 .UNSPECIFIED.,.F.,.F.,(4,4),(-0.271635057949181,-0.0525713427432594),
 .UNSPECIFIED.);
#1919=B_SPLINE_CURVE_WITH_KNOTS('',3,(#10434,#10435,#10436,#10437),
 .UNSPECIFIED.,.F.,.F.,(4,4),(-1.00313807675722,-0.282001308754284),
 .UNSPECIFIED.);
#1920=B_SPLINE_CURVE_WITH_KNOTS('',3,(#10439,#10440,#10441,#10442,#10443,
#10444),.UNSPECIFIED.,.F.,.F.,(4,2,4),(-2.03874620310324,-1.7908773883377,
-0.879381834763405),.UNSPECIFIED.);
#1921=B_SPLINE_CURVE_WITH_KNOTS('',3,(#10446,#10447,#10448,#10449,#10450,
#10451,#10452,#10453),.UNSPECIFIED.,.F.,.F.,(4,2,2,4),(-8.11421849230655,
-6.26006765059088,-4.20980499579923,-2.82880730618517),.UNSPECIFIED.);
#1922=B_SPLINE_CURVE_WITH_KNOTS('',3,(#10478,#10479,#10480,#10481),
 .UNSPECIFIED.,.F.,.F.,(4,4),(-0.00523676828177677,0.),.UNSPECIFIED.);
#1923=B_SPLINE_CURVE_WITH_KNOTS('',3,(#10482,#10483,#10484,#10485,#10486,
#10487),.UNSPECIFIED.,.F.,.F.,(4,2,4),(-0.786816344627992,-0.400364881379233,
-0.215561710888585),.UNSPECIFIED.);
#1924=B_SPLINE_CURVE_WITH_KNOTS('',3,(#10508,#10509,#10510,#10511),
 .UNSPECIFIED.,.F.,.F.,(4,4),(0.165919432845529,0.179036341191335),
 .UNSPECIFIED.);
#1925=B_SPLINE_CURVE_WITH_KNOTS('',3,(#10513,#10514,#10515,#10516),
 .UNSPECIFIED.,.F.,.F.,(4,4),(0.0516791653780485,0.325507598193472),
 .UNSPECIFIED.);
#1926=B_SPLINE_CURVE_WITH_KNOTS('',3,(#10517,#10518,#10519,#10520,#10521,
#10522,#10523),.UNSPECIFIED.,.F.,.F.,(4,3,4),(0.0514514597460297,0.0964750378984535,
0.112529784904642),.UNSPECIFIED.);
#1927=B_SPLINE_CURVE_WITH_KNOTS('',3,(#10526,#10527,#10528,#10529,#10530,
#10531,#10532,#10533,#10534,#10535,#10536,#10537,#10538,#10539),
 .UNSPECIFIED.,.F.,.F.,(4,2,2,2,2,2,4),(-0.23814381254896,-0.237527145461286,
-0.206287648654866,-0.175107010114936,-0.11599065300185,-0.0577810467949758,
-0.022419880038211),.UNSPECIFIED.);
#1928=B_SPLINE_CURVE_WITH_KNOTS('',3,(#10566,#10567,#10568,#10569),
 .UNSPECIFIED.,.F.,.F.,(4,4),(-0.215561710888585,-0.00756673739722614),
 .UNSPECIFIED.);
#1929=B_SPLINE_CURVE_WITH_KNOTS('',3,(#10590,#10591,#10592,#10593,#10594,
#10595,#10596,#10597,#10598,#10599),.UNSPECIFIED.,.F.,.F.,(4,2,2,2,4),(-1.09767013009615,
-0.991681214979769,-0.869027809220287,-0.590414308777717,-0.00523676828177677),
 .UNSPECIFIED.);
#1930=B_SPLINE_CURVE_WITH_KNOTS('',3,(#10603,#10604,#10605,#10606,#10607,
#10608),.UNSPECIFIED.,.F.,.F.,(4,2,4),(0.051617360487193,0.534777804299269,
1.08747044065734),.UNSPECIFIED.);
#1931=B_SPLINE_CURVE_WITH_KNOTS('',3,(#10632,#10633,#10634,#10635,#10636,
#10637,#10638,#10639),.UNSPECIFIED.,.F.,.F.,(4,2,2,4),(2.8279428192898,
2.88382934760174,3.029070638712,3.14147038151405),.UNSPECIFIED.);
#1932=B_SPLINE_CURVE_WITH_KNOTS('',3,(#10641,#10642,#10643,#10644),
 .UNSPECIFIED.,.F.,.F.,(4,4),(0.777919384355454,0.848110791353814),
 .UNSPECIFIED.);
#1933=B_SPLINE_CURVE_WITH_KNOTS('',3,(#10646,#10647,#10648,#10649),
 .UNSPECIFIED.,.F.,.F.,(4,4),(2.76238863666449,2.76446347170869),
 .UNSPECIFIED.);
#1934=B_SPLINE_CURVE_WITH_KNOTS('',3,(#10651,#10652,#10653,#10654),
 .UNSPECIFIED.,.F.,.F.,(4,4),(0.0499848232470857,0.869180901830858),
 .UNSPECIFIED.);
#1935=B_SPLINE_CURVE_WITH_KNOTS('',3,(#10655,#10656,#10657,#10658,#10659,
#10660,#10661,#10662,#10663,#10664,#10665,#10666,#10667,#10668,#10669,#10670,
#10671,#10672,#10673,#10674,#10675,#10676,#10677,#10678,#10679,#10680,#10681,
#10682,#10683,#10684,#10685,#10686,#10687,#10688,#10689),.UNSPECIFIED.,
 .F.,.F.,(4,2,3,2,2,2,2,2,2,2,2,2,2,2,2,2,4),(-0.0157240444395355,-0.0151648651615536,
0.,0.0148806727510162,0.0268149542993467,0.0495395250148354,0.0718272504216533,
0.0927018322463604,0.11220788178962,0.134571035650366,0.144538388155328,
0.151466958049553,0.15816373860285,0.166919667201435,0.183547268659565,
0.205343164294324,0.210842831238033),.UNSPECIFIED.);
#1936=B_SPLINE_CURVE_WITH_KNOTS('',3,(#10691,#10692,#10693,#10694,#10695,
#10696),.UNSPECIFIED.,.F.,.F.,(4,2,4),(0.551655481850986,1.84763025152512,
3.34021447290967),.UNSPECIFIED.);
#1937=B_SPLINE_CURVE_WITH_KNOTS('',3,(#10697,#10698,#10699,#10700),
 .UNSPECIFIED.,.F.,.F.,(4,4),(0.0499951355013602,0.188571894878829),
 .UNSPECIFIED.);
#1938=B_SPLINE_CURVE_WITH_KNOTS('',3,(#10702,#10703,#10704,#10705,#10706,
#10707,#10708,#10709,#10710,#10711,#10712,#10713,#10714,#10715,#10716,#10717,
#10718,#10719,#10720,#10721,#10722,#10723,#10724,#10725,#10726,#10727,#10728,
#10729,#10730,#10731,#10732,#10733,#10734,#10735,#10736,#10737,#10738,#10739,
#10740,#10741,#10742,#10743,#10744,#10745,#10746,#10747,#10748,#10749,#10750),
 .UNSPECIFIED.,.F.,.F.,(4,3,3,3,3,3,3,3,3,3,3,3,3,3,3,3,4),(0.,0.0200451695880047,
0.0400903391760095,0.0686362854213583,0.0777920889944197,0.0984695348572037,
0.106994120161376,0.122505572242907,0.134373689692857,0.146596096194545,
0.163968594776796,0.185175571375012,0.201729466652643,0.225411454682451,
0.235414157181549,0.25455280597345,0.260410151166772),.UNSPECIFIED.);
#1939=B_SPLINE_CURVE_WITH_KNOTS('',3,(#10752,#10753,#10754,#10755),
 .UNSPECIFIED.,.F.,.F.,(4,4),(0.0512452164138037,0.111374255582331),
 .UNSPECIFIED.);
#1940=B_SPLINE_CURVE_WITH_KNOTS('',3,(#10757,#10758,#10759,#10760),
 .UNSPECIFIED.,.F.,.F.,(4,4),(0.0511382499106283,0.306876108551875),
 .UNSPECIFIED.);
#1941=B_SPLINE_CURVE_WITH_KNOTS('',3,(#10762,#10763,#10764,#10765,#10766,
#10767,#10768,#10769),.UNSPECIFIED.,.F.,.F.,(4,2,2,4),(-0.713152971056419,
-0.288425720944513,-0.101053422528437,0.),.UNSPECIFIED.);
#1942=B_SPLINE_CURVE_WITH_KNOTS('',3,(#10770,#10771,#10772,#10773,#10774,
#10775,#10776,#10777,#10778,#10779,#10780,#10781,#10782,#10783,#10784,#10785,
#10786,#10787,#10788,#10789,#10790,#10791,#10792,#10793,#10794,#10795,#10796,
#10797,#10798,#10799,#10800,#10801,#10802,#10803,#10804,#10805,#10806),
 .UNSPECIFIED.,.F.,.F.,(4,3,3,3,3,3,3,3,3,3,3,3,4),(-0.788875870638945,
-0.715959912514944,-0.643339617231565,-0.571276657184298,-0.49956160561178,
-0.428389082202133,-0.387473317510356,-0.319619559720199,-0.251887158302205,
-0.184386920063581,-0.117013146947591,-0.0497808077224803,0.),
 .UNSPECIFIED.);
#1943=B_SPLINE_CURVE_WITH_KNOTS('',3,(#10870,#10871,#10872,#10873),
 .UNSPECIFIED.,.F.,.F.,(4,4),(-2.1212651655199,-2.07462270800379),
 .UNSPECIFIED.);
#1944=B_SPLINE_CURVE_WITH_KNOTS('',3,(#10899,#10900,#10901,#10902),
 .UNSPECIFIED.,.F.,.F.,(4,4),(-0.88,-0.0500000000000004),.UNSPECIFIED.);
#1945=B_SPLINE_CURVE_WITH_KNOTS('',3,(#10926,#10927,#10928,#10929),
 .UNSPECIFIED.,.F.,.F.,(4,4),(-0.443597238379093,0.),.UNSPECIFIED.);
#1946=B_SPLINE_CURVE_WITH_KNOTS('',3,(#10932,#10933,#10934,#10935),
 .UNSPECIFIED.,.F.,.F.,(4,4),(-0.692514316057672,-0.248909312955332),
 .UNSPECIFIED.);
#1947=B_SPLINE_CURVE_WITH_KNOTS('',3,(#10956,#10957,#10958,#10959),
 .UNSPECIFIED.,.F.,.F.,(4,4),(0.,0.00973148686409103),.UNSPECIFIED.);
#1948=B_SPLINE_CURVE_WITH_KNOTS('',3,(#10968,#10969,#10970,#10971),
 .UNSPECIFIED.,.F.,.F.,(4,4),(0.844459040382996,1.3362332420444),
 .UNSPECIFIED.);
#1949=B_SPLINE_CURVE_WITH_KNOTS('',3,(#10973,#10974,#10975,#10976),
 .UNSPECIFIED.,.F.,.F.,(4,4),(-0.836000822788133,-0.491781263932658),
 .UNSPECIFIED.);
#1950=B_SPLINE_CURVE_WITH_KNOTS('',3,(#10978,#10979,#10980,#10981,#10982),
 .UNSPECIFIED.,.F.,.F.,(4,1,4),(-0.500838678215081,-0.387815557741457,0.),
 .UNSPECIFIED.);
#1951=B_SPLINE_CURVE_WITH_KNOTS('',3,(#10984,#10985,#10986,#10987,#10988,
#10989),.UNSPECIFIED.,.F.,.F.,(4,2,4),(-1.46926436901686,-0.92,-0.38943980676597),
 .UNSPECIFIED.);
#1952=B_SPLINE_CURVE_WITH_KNOTS('',3,(#10991,#10992,#10993,#10994,#10995),
 .UNSPECIFIED.,.F.,.F.,(4,1,4),(-0.502453192374897,-0.117635731023988,2.70140231622954E-5),
 .UNSPECIFIED.);
#1953=B_SPLINE_CURVE_WITH_KNOTS('',3,(#10997,#10998,#10999,#11000),
 .UNSPECIFIED.,.F.,.F.,(4,4),(-0.344219564021049,0.),.UNSPECIFIED.);
#1954=B_SPLINE_CURVE_WITH_KNOTS('',3,(#11002,#11003,#11004,#11005),
 .UNSPECIFIED.,.F.,.F.,(4,4),(-1.4816162391628,-1.3316162391628),
 .UNSPECIFIED.);
#1955=B_SPLINE_CURVE_WITH_KNOTS('',3,(#11007,#11008,#11009,#11010),
 .UNSPECIFIED.,.F.,.F.,(4,4),(-0.2,-0.15),.UNSPECIFIED.);
#1956=B_SPLINE_CURVE_WITH_KNOTS('',3,(#11012,#11013,#11014,#11015),
 .UNSPECIFIED.,.F.,.F.,(4,4),(4.98722413115682E-17,0.491774201661404),
 .UNSPECIFIED.);
#1957=B_SPLINE_CURVE_WITH_KNOTS('',3,(#11045,#11046,#11047,#11048),
 .UNSPECIFIED.,.F.,.F.,(4,4),(-0.00973148686409102,0.),.UNSPECIFIED.);
#1958=B_SPLINE_CURVE_WITH_KNOTS('',3,(#11075,#11076,#11077,#11078,#11079,
#11080,#11081,#11082,#11083,#11084,#11085,#11086),.UNSPECIFIED.,.F.,.F.,
(4,2,2,2,2,4),(0.807811789349772,0.895241896231127,0.982672003112481,1.04110808902951,
1.07032613198803,1.09954417494654),.UNSPECIFIED.);
#1959=B_SPLINE_CURVE_WITH_KNOTS('',3,(#11116,#11117,#11118,#11119,#11120,
#11121,#11122,#11123,#11124,#11125,#11126,#11127),.UNSPECIFIED.,.F.,.F.,
(4,2,2,2,2,4),(0.,0.0346550574811034,0.0768499789528519,0.13756512113575,
0.203168117041604,0.268190800416592),.UNSPECIFIED.);
#1960=B_SPLINE_CURVE_WITH_KNOTS('',3,(#11128,#11129,#11130,#11131),
 .UNSPECIFIED.,.F.,.F.,(4,4),(-0.655259236762876,-4.98722413115682E-17),
 .UNSPECIFIED.);
#1961=B_SPLINE_CURVE_WITH_KNOTS('',3,(#11134,#11135,#11136,#11137,#11138,
#11139,#11140,#11141,#11142,#11143,#11144,#11145),.UNSPECIFIED.,.F.,.F.,
(4,2,2,2,2,4),(0.,0.0346305334143111,0.0766740249517398,0.137003967621817,
0.202855095690394,0.268229478331758),.UNSPECIFIED.);
#1962=B_SPLINE_CURVE_WITH_KNOTS('',3,(#11148,#11149,#11150,#11151,#11152,
#11153,#11154,#11155,#11156,#11157,#11158,#11159),.UNSPECIFIED.,.F.,.F.,
(4,2,2,2,2,4),(0.258039701876503,0.345469808757857,0.432899915639211,0.49133600155624,
0.520554044514755,0.54977208747327),.UNSPECIFIED.);
#1963=B_SPLINE_CURVE_WITH_KNOTS('',3,(#11198,#11199,#11200,#11201,#11202,
#11203,#11204,#11205,#11206,#11207,#11208,#11209,#11210,#11211),
 .UNSPECIFIED.,.F.,.F.,(4,2,2,2,2,2,4),(0.,0.0176329416108449,0.0365788112837771,
0.0656704062823227,0.117864859818009,0.208608363438695,0.31196503088244),
 .UNSPECIFIED.);
#1964=B_SPLINE_CURVE_WITH_KNOTS('',3,(#11213,#11214,#11215,#11216,#11217,
#11218),.UNSPECIFIED.,.F.,.F.,(4,1,1,4),(-0.395454217443891,-0.138909243209952,
0.117635731023988,0.502453192374897),.UNSPECIFIED.);
#1965=B_SPLINE_CURVE_WITH_KNOTS('',3,(#11240,#11241,#11242,#11243),
 .UNSPECIFIED.,.F.,.F.,(4,4),(0.,0.180741930097298),.UNSPECIFIED.);
#1966=B_SPLINE_CURVE_WITH_KNOTS('',3,(#11257,#11258,#11259,#11260),
 .UNSPECIFIED.,.F.,.F.,(4,4),(-0.538190364505356,-0.0532744666184551),
 .UNSPECIFIED.);
#1967=B_SPLINE_CURVE_WITH_KNOTS('',3,(#11262,#11263,#11264,#11265),
 .UNSPECIFIED.,.F.,.F.,(4,4),(-1.11438375609983,-0.410808009639859),
 .UNSPECIFIED.);
#1968=B_SPLINE_CURVE_WITH_KNOTS('',3,(#11266,#11267,#11268,#11269),
 .UNSPECIFIED.,.F.,.F.,(4,4),(1.35811441471425E-16,0.35735899551157),
 .UNSPECIFIED.);
#1969=B_SPLINE_CURVE_WITH_KNOTS('',3,(#11271,#11272,#11273,#11274,#11275,
#11276,#11277),.UNSPECIFIED.,.F.,.F.,(4,3,4),(-0.211518956465912,-0.102654148738862,
-0.050068113066047),.UNSPECIFIED.);
#1970=B_SPLINE_CURVE_WITH_KNOTS('',3,(#11279,#11280,#11281,#11282,#11283,
#11284,#11285),.UNSPECIFIED.,.F.,.F.,(4,3,4),(-0.345822828121942,-0.1458367870736,
-0.0463475452423255),.UNSPECIFIED.);
#1971=B_SPLINE_CURVE_WITH_KNOTS('',3,(#11286,#11287,#11288,#11289),
 .UNSPECIFIED.,.F.,.F.,(4,4),(-0.0463475452423255,0.),.UNSPECIFIED.);
#1972=B_SPLINE_CURVE_WITH_KNOTS('',3,(#11290,#11291,#11292,#11293,#11294,
#11295,#11296,#11297,#11298,#11299),.UNSPECIFIED.,.F.,.F.,(4,1,1,1,1,1,
1,4),(0.,0.294510961599392,0.589021923198783,0.883532884798175,1.17804384639757,
1.47255480799696,1.76706576959635,2.06157673119574),.UNSPECIFIED.);
#1973=B_SPLINE_CURVE_WITH_KNOTS('',3,(#11301,#11302,#11303,#11304,#11305,
#11306,#11307,#11308,#11309,#11310,#11311,#11312),.UNSPECIFIED.,.F.,.F.,
(4,2,2,2,2,4),(0.,0.331241442470712,0.526199520029202,0.609337338255815,
0.643755836684221,0.67594039768654),.UNSPECIFIED.);
#1974=B_SPLINE_CURVE_WITH_KNOTS('',3,(#11395,#11396,#11397,#11398,#11399,
#11400,#11401,#11402,#11403,#11404,#11405,#11406),.UNSPECIFIED.,.F.,.F.,
(4,2,2,2,2,4),(0.,0.239828399843458,0.361428922188238,0.418190160745679,
0.443864019967338,0.468641375188353),.UNSPECIFIED.);
#1975=B_SPLINE_CURVE_WITH_KNOTS('',3,(#11407,#11408,#11409,#11410),
 .UNSPECIFIED.,.F.,.F.,(4,4),(-0.0466410503601423,-1.35811441471425E-16),
 .UNSPECIFIED.);
#1976=B_SPLINE_CURVE_WITH_KNOTS('',3,(#11420,#11421,#11422,#11423,#11424,
#11425,#11426,#11427,#11428,#11429,#11430,#11431),.UNSPECIFIED.,.F.,.F.,
(4,2,2,2,2,4),(0.,0.0286192662780009,0.0641329875478265,0.122013572943136,
0.226623687729606,0.337062738557181),.UNSPECIFIED.);
#1977=B_SPLINE_CURVE_WITH_KNOTS('',3,(#11513,#11514,#11515,#11516,#11517,
#11518,#11519,#11520,#11521,#11522),.UNSPECIFIED.,.T.,.F.,(4,1,1,1,1,1,
1,4),(-1.21568538476439,-0.868346703403136,-0.521008022041882,-0.173669340680627,
0.173669340680627,0.521008022041882,0.868346703403136,1.21568538476439),
 .UNSPECIFIED.);
#1978=B_SPLINE_CURVE_WITH_KNOTS('',3,(#11568,#11569,#11570,#11571),
 .UNSPECIFIED.,.F.,.F.,(4,4),(0.148458736295273,0.161290536073891),
 .UNSPECIFIED.);
#1979=B_SPLINE_CURVE_WITH_KNOTS('',3,(#11573,#11574,#11575,#11576,#11577,
#11578,#11579,#11580,#11581,#11582),.UNSPECIFIED.,.F.,.F.,(4,2,2,2,4),(0.0133615664786151,
0.0223413697419311,0.0532360248928535,0.100572899304006,0.181768293320402),
 .UNSPECIFIED.);
#1980=B_SPLINE_CURVE_WITH_KNOTS('',3,(#11584,#11585,#11586,#11587),
 .UNSPECIFIED.,.F.,.F.,(4,4),(0.20198278299982,0.233350400140921),
 .UNSPECIFIED.);
#1981=B_SPLINE_CURVE_WITH_KNOTS('',3,(#11590,#11591,#11592,#11593,#11594),
 .UNSPECIFIED.,.F.,.F.,(4,1,4),(-0.233350400140921,-0.123086421684029,-0.0416754695395032),
 .UNSPECIFIED.);
#1982=B_SPLINE_CURVE_WITH_KNOTS('',3,(#11636,#11637,#11638,#11639,#11640,
#11641,#11642,#11643),.UNSPECIFIED.,.F.,.F.,(4,1,1,2,4),(-0.118946217668997,
-0.0713677306013984,-0.047578487067599,0.,0.000447215168499026),
 .UNSPECIFIED.);
#1983=B_SPLINE_CURVE_WITH_KNOTS('',3,(#11672,#11673,#11674,#11675),
 .UNSPECIFIED.,.F.,.F.,(4,4),(0.,0.0127621150176097),.UNSPECIFIED.);
#1984=B_SPLINE_CURVE_WITH_KNOTS('',3,(#11677,#11678,#11679,#11680,#11681),
 .UNSPECIFIED.,.F.,.F.,(4,1,4),(-0.603058881668336,-0.494082932164189,-0.41138572638059),
 .UNSPECIFIED.);
#1985=B_SPLINE_CURVE_WITH_KNOTS('',3,(#11685,#11686,#11687,#11688),
 .UNSPECIFIED.,.F.,.F.,(4,4),(0.41138572638059,0.442751867115552),
 .UNSPECIFIED.);
#1986=B_SPLINE_CURVE_WITH_KNOTS('',3,(#11689,#11690,#11691,#11692,#11693,
#11694,#11695,#11696,#11697,#11698,#11699,#11700),.UNSPECIFIED.,.F.,.F.,
(4,2,2,2,2,4),(0.,0.0849240020249488,0.170946094286587,0.217192447294751,
0.237494014353855,0.239095210567746),.UNSPECIFIED.);
#1987=B_SPLINE_CURVE_WITH_KNOTS('',3,(#11734,#11735,#11736,#11737,#11738,
#11739,#11740,#11741),.UNSPECIFIED.,.F.,.F.,(4,2,1,1,4),(-0.677288166406217,
-0.676840951237717,-0.605473220630827,-0.581683977095197,-0.557894733559567),
 .UNSPECIFIED.);
#1988=B_SPLINE_CURVE_WITH_KNOTS('',3,(#11750,#11751,#11752,#11753),
 .UNSPECIFIED.,.F.,.F.,(4,4),(8.67361737988404E-19,0.01276211458795),
 .UNSPECIFIED.);
#1989=B_SPLINE_CURVE_WITH_KNOTS('',3,(#11761,#11762,#11763,#11764,#11765),
 .UNSPECIFIED.,.F.,.F.,(4,1,4),(-0.595147217174199,-0.486182036006643,-0.403493026415862),
 .UNSPECIFIED.);
#1990=B_SPLINE_CURVE_WITH_KNOTS('',3,(#11772,#11773,#11774,#11775,#11776),
 .UNSPECIFIED.,.F.,.F.,(4,1,4),(0.403447343165241,0.486123919009579,0.595071961505072),
 .UNSPECIFIED.);
#1991=B_SPLINE_CURVE_WITH_KNOTS('',3,(#11788,#11789,#11790,#11791),
 .UNSPECIFIED.,.F.,.F.,(4,4),(0.148458737829754,0.161290539467732),
 .UNSPECIFIED.);
#1992=B_SPLINE_CURVE_WITH_KNOTS('',3,(#11820,#11821,#11822,#11823),
 .UNSPECIFIED.,.F.,.F.,(4,4),(0.403493026415862,0.434853390206895),
 .UNSPECIFIED.);
#1993=B_SPLINE_CURVE_WITH_KNOTS('',3,(#11824,#11825,#11826,#11827,#11828,
#11829,#11830,#11831,#11832,#11833,#11834,#11835),.UNSPECIFIED.,.F.,.F.,
(4,2,2,2,2,4),(0.,0.0848076872880004,0.170744414266175,0.217089120833064,
0.237431634043355,0.239076863697537),.UNSPECIFIED.);
#1994=B_SPLINE_CURVE_WITH_KNOTS('',3,(#11870,#11871,#11872,#11873,#11874,
#11875,#11876,#11877),.UNSPECIFIED.,.F.,.F.,(4,2,1,1,4),(-0.677288166402293,
-0.676840951232586,-0.60547322055626,-0.581683976997485,-0.557894733438709),
 .UNSPECIFIED.);
#1995=B_SPLINE_CURVE_WITH_KNOTS('',3,(#11904,#11905,#11906,#11907,#11908,
#11909,#11910,#11911,#11912,#11913),.UNSPECIFIED.,.F.,.F.,(4,2,2,2,4),(0.0133615586420174,
0.0223392863906686,0.0532250979645861,0.100533782427904,0.181761301465972),
 .UNSPECIFIED.);
#1996=B_SPLINE_CURVE_WITH_KNOTS('',3,(#11915,#11916,#11917,#11918),
 .UNSPECIFIED.,.F.,.F.,(4,4),(-0.434799311320499,-0.403447343165241),
 .UNSPECIFIED.);
#1997=B_SPLINE_CURVE_WITH_KNOTS('',3,(#11960,#11961,#11962,#11963,#11964,
#11965,#11966,#11967),.UNSPECIFIED.,.F.,.F.,(4,1,1,2,4),(-0.118946217798562,
-0.0475784871194248,-0.0237892435597124,0.,0.000447215169690518),
 .UNSPECIFIED.);
#1998=B_SPLINE_CURVE_WITH_KNOTS('',3,(#11999,#12000,#12001,#12002),
 .UNSPECIFIED.,.F.,.F.,(4,4),(-0.108309395137664,0.),.UNSPECIFIED.);
#1999=B_SPLINE_CURVE_WITH_KNOTS('',3,(#12004,#12005,#12006,#12007),
 .UNSPECIFIED.,.F.,.F.,(4,4),(1.44981939604162,1.52234445918286),
 .UNSPECIFIED.);
#2000=B_SPLINE_CURVE_WITH_KNOTS('',3,(#12008,#12009,#12010,#12011),
 .UNSPECIFIED.,.F.,.F.,(4,4),(0.152020418557343,0.153520331388667),
 .UNSPECIFIED.);
#2001=B_SPLINE_CURVE_WITH_KNOTS('',3,(#12014,#12015,#12016,#12017),
 .UNSPECIFIED.,.F.,.F.,(4,4),(0.692349253105456,0.693849165936874),
 .UNSPECIFIED.);
#2002=B_SPLINE_CURVE_WITH_KNOTS('',3,(#12022,#12023,#12024,#12025,#12026,
#12027),.UNSPECIFIED.,.F.,.F.,(4,2,4),(1.87413920110653,1.92298139090905,
1.94577634111078),.UNSPECIFIED.);
#2003=B_SPLINE_CURVE_WITH_KNOTS('',3,(#12028,#12029,#12030,#12031),
 .UNSPECIFIED.,.F.,.F.,(4,4),(-0.108309395137664,0.),.UNSPECIFIED.);
#2004=B_SPLINE_CURVE_WITH_KNOTS('',3,(#12107,#12108,#12109,#12110,#12111),
 .UNSPECIFIED.,.F.,.F.,(4,1,4),(-1.21568538476439,-0.868346703403136,-0.608324187263545),
 .UNSPECIFIED.);
#2005=B_SPLINE_CURVE_WITH_KNOTS('',3,(#12112,#12113,#12114,#12115,#12116,
#12117,#12118,#12119,#12120),.UNSPECIFIED.,.F.,.F.,(4,1,1,1,1,1,4),(-0.608324187263545,
-0.521008022041882,-0.173669340680627,0.173669340680627,0.521008022041882,
0.868346703403136,1.21568538476439),.UNSPECIFIED.);
#2006=VERTEX_POINT('',#6833);
#2007=VERTEX_POINT('',#6834);
#2008=VERTEX_POINT('',#6839);
#2009=VERTEX_POINT('',#6841);
#2010=VERTEX_POINT('',#6848);
#2011=VERTEX_POINT('',#6849);
#2012=VERTEX_POINT('',#6886);
#2013=VERTEX_POINT('',#6891);
#2014=VERTEX_POINT('',#6896);
#2015=VERTEX_POINT('',#6907);
#2016=VERTEX_POINT('',#6912);
#2017=VERTEX_POINT('',#6923);
#2018=VERTEX_POINT('',#6928);
#2019=VERTEX_POINT('',#6951);
#2020=VERTEX_POINT('',#6952);
#2021=VERTEX_POINT('',#6957);
#2022=VERTEX_POINT('',#6959);
#2023=VERTEX_POINT('',#6966);
#2024=VERTEX_POINT('',#6967);
#2025=VERTEX_POINT('',#6976);
#2026=VERTEX_POINT('',#6983);
#2027=VERTEX_POINT('',#6988);
#2028=VERTEX_POINT('',#6993);
#2029=VERTEX_POINT('',#7013);
#2030=VERTEX_POINT('',#7018);
#2031=VERTEX_POINT('',#7047);
#2032=VERTEX_POINT('',#7054);
#2033=VERTEX_POINT('',#7055);
#2034=VERTEX_POINT('',#7151);
#2035=VERTEX_POINT('',#7155);
#2036=VERTEX_POINT('',#7158);
#2037=VERTEX_POINT('',#7159);
#2038=VERTEX_POINT('',#7164);
#2039=VERTEX_POINT('',#7166);
#2040=VERTEX_POINT('',#7170);
#2041=VERTEX_POINT('',#7175);
#2042=VERTEX_POINT('',#7184);
#2043=VERTEX_POINT('',#7186);
#2044=VERTEX_POINT('',#7199);
#2045=VERTEX_POINT('',#7201);
#2046=VERTEX_POINT('',#7203);
#2047=VERTEX_POINT('',#7205);
#2048=VERTEX_POINT('',#7207);
#2049=VERTEX_POINT('',#7210);
#2050=VERTEX_POINT('',#7236);
#2051=VERTEX_POINT('',#7238);
#2052=VERTEX_POINT('',#7242);
#2053=VERTEX_POINT('',#7243);
#2054=VERTEX_POINT('',#7245);
#2055=VERTEX_POINT('',#7247);
#2056=VERTEX_POINT('',#7249);
#2057=VERTEX_POINT('',#7263);
#2058=VERTEX_POINT('',#7265);
#2059=VERTEX_POINT('',#7267);
#2060=VERTEX_POINT('',#7269);
#2061=VERTEX_POINT('',#7280);
#2062=VERTEX_POINT('',#7282);
#2063=VERTEX_POINT('',#7290);
#2064=VERTEX_POINT('',#7294);
#2065=VERTEX_POINT('',#7295);
#2066=VERTEX_POINT('',#7297);
#2067=VERTEX_POINT('',#7371);
#2068=VERTEX_POINT('',#7373);
#2069=VERTEX_POINT('',#7387);
#2070=VERTEX_POINT('',#7389);
#2071=VERTEX_POINT('',#7391);
#2072=VERTEX_POINT('',#7393);
#2073=VERTEX_POINT('',#7395);
#2074=VERTEX_POINT('',#7397);
#2075=VERTEX_POINT('',#7399);
#2076=VERTEX_POINT('',#7404);
#2077=VERTEX_POINT('',#7410);
#2078=VERTEX_POINT('',#7414);
#2079=VERTEX_POINT('',#7419);
#2080=VERTEX_POINT('',#7421);
#2081=VERTEX_POINT('',#7428);
#2082=VERTEX_POINT('',#7433);
#2083=VERTEX_POINT('',#7435);
#2084=VERTEX_POINT('',#7442);
#2085=VERTEX_POINT('',#7444);
#2086=VERTEX_POINT('',#7446);
#2087=VERTEX_POINT('',#7450);
#2088=VERTEX_POINT('',#7452);
#2089=VERTEX_POINT('',#7454);
#2090=VERTEX_POINT('',#7496);
#2091=VERTEX_POINT('',#7498);
#2092=VERTEX_POINT('',#7500);
#2093=VERTEX_POINT('',#7502);
#2094=VERTEX_POINT('',#7506);
#2095=VERTEX_POINT('',#7510);
#2096=VERTEX_POINT('',#7534);
#2097=VERTEX_POINT('',#7566);
#2098=VERTEX_POINT('',#7587);
#2099=VERTEX_POINT('',#7596);
#2100=VERTEX_POINT('',#7601);
#2101=VERTEX_POINT('',#7603);
#2102=VERTEX_POINT('',#7647);
#2103=VERTEX_POINT('',#7662);
#2104=VERTEX_POINT('',#7719);
#2105=VERTEX_POINT('',#7724);
#2106=VERTEX_POINT('',#7726);
#2107=VERTEX_POINT('',#7733);
#2108=VERTEX_POINT('',#7734);
#2109=VERTEX_POINT('',#7812);
#2110=VERTEX_POINT('',#7816);
#2111=VERTEX_POINT('',#7818);
#2112=VERTEX_POINT('',#7820);
#2113=VERTEX_POINT('',#7931);
#2114=VERTEX_POINT('',#7932);
#2115=VERTEX_POINT('',#7943);
#2116=VERTEX_POINT('',#7948);
#2117=VERTEX_POINT('',#7998);
#2118=VERTEX_POINT('',#8008);
#2119=VERTEX_POINT('',#8064);
#2120=VERTEX_POINT('',#8066);
#2121=VERTEX_POINT('',#8068);
#2122=VERTEX_POINT('',#8070);
#2123=VERTEX_POINT('',#8072);
#2124=VERTEX_POINT('',#8074);
#2125=VERTEX_POINT('',#8076);
#2126=VERTEX_POINT('',#8078);
#2127=VERTEX_POINT('',#8086);
#2128=VERTEX_POINT('',#8109);
#2129=VERTEX_POINT('',#8174);
#2130=VERTEX_POINT('',#8182);
#2131=VERTEX_POINT('',#8215);
#2132=VERTEX_POINT('',#8253);
#2133=VERTEX_POINT('',#8292);
#2134=VERTEX_POINT('',#8300);
#2135=VERTEX_POINT('',#8307);
#2136=VERTEX_POINT('',#8314);
#2137=VERTEX_POINT('',#8327);
#2138=VERTEX_POINT('',#8336);
#2139=VERTEX_POINT('',#8351);
#2140=VERTEX_POINT('',#8389);
#2141=VERTEX_POINT('',#8390);
#2142=VERTEX_POINT('',#8398);
#2143=VERTEX_POINT('',#8403);
#2144=VERTEX_POINT('',#8416);
#2145=VERTEX_POINT('',#8418);
#2146=VERTEX_POINT('',#8452);
#2147=VERTEX_POINT('',#8457);
#2148=VERTEX_POINT('',#8483);
#2149=VERTEX_POINT('',#8529);
#2150=VERTEX_POINT('',#8530);
#2151=VERTEX_POINT('',#8547);
#2152=VERTEX_POINT('',#8549);
#2153=VERTEX_POINT('',#8577);
#2154=VERTEX_POINT('',#8578);
#2155=VERTEX_POINT('',#8589);
#2156=VERTEX_POINT('',#8598);
#2157=VERTEX_POINT('',#8600);
#2158=VERTEX_POINT('',#8619);
#2159=VERTEX_POINT('',#8620);
#2160=VERTEX_POINT('',#8648);
#2161=VERTEX_POINT('',#8649);
#2162=VERTEX_POINT('',#8711);
#2163=VERTEX_POINT('',#8729);
#2164=VERTEX_POINT('',#8737);
#2165=VERTEX_POINT('',#8746);
#2166=VERTEX_POINT('',#8751);
#2167=VERTEX_POINT('',#8765);
#2168=VERTEX_POINT('',#8770);
#2169=VERTEX_POINT('',#8789);
#2170=VERTEX_POINT('',#8794);
#2171=VERTEX_POINT('',#8822);
#2172=VERTEX_POINT('',#8832);
#2173=VERTEX_POINT('',#8843);
#2174=VERTEX_POINT('',#8848);
#2175=VERTEX_POINT('',#8856);
#2176=VERTEX_POINT('',#8858);
#2177=VERTEX_POINT('',#8860);
#2178=VERTEX_POINT('',#8865);
#2179=VERTEX_POINT('',#8867);
#2180=VERTEX_POINT('',#8872);
#2181=VERTEX_POINT('',#8876);
#2182=VERTEX_POINT('',#8877);
#2183=VERTEX_POINT('',#8879);
#2184=VERTEX_POINT('',#8881);
#2185=VERTEX_POINT('',#8883);
#2186=VERTEX_POINT('',#8885);
#2187=VERTEX_POINT('',#8887);
#2188=VERTEX_POINT('',#8889);
#2189=VERTEX_POINT('',#8891);
#2190=VERTEX_POINT('',#8893);
#2191=VERTEX_POINT('',#8895);
#2192=VERTEX_POINT('',#8900);
#2193=VERTEX_POINT('',#8905);
#2194=VERTEX_POINT('',#8909);
#2195=VERTEX_POINT('',#8911);
#2196=VERTEX_POINT('',#8915);
#2197=VERTEX_POINT('',#8919);
#2198=VERTEX_POINT('',#8923);
#2199=VERTEX_POINT('',#8927);
#2200=VERTEX_POINT('',#8931);
#2201=VERTEX_POINT('',#8935);
#2202=VERTEX_POINT('',#8939);
#2203=VERTEX_POINT('',#8943);
#2204=VERTEX_POINT('',#8954);
#2205=VERTEX_POINT('',#8968);
#2206=VERTEX_POINT('',#8975);
#2207=VERTEX_POINT('',#8981);
#2208=VERTEX_POINT('',#8982);
#2209=VERTEX_POINT('',#8984);
#2210=VERTEX_POINT('',#8986);
#2211=VERTEX_POINT('',#8995);
#2212=VERTEX_POINT('',#8997);
#2213=VERTEX_POINT('',#8999);
#2214=VERTEX_POINT('',#9003);
#2215=VERTEX_POINT('',#9004);
#2216=VERTEX_POINT('',#9015);
#2217=VERTEX_POINT('',#9020);
#2218=VERTEX_POINT('',#9022);
#2219=VERTEX_POINT('',#9024);
#2220=VERTEX_POINT('',#9026);
#2221=VERTEX_POINT('',#9035);
#2222=VERTEX_POINT('',#9046);
#2223=VERTEX_POINT('',#9055);
#2224=VERTEX_POINT('',#9057);
#2225=VERTEX_POINT('',#9066);
#2226=VERTEX_POINT('',#9075);
#2227=VERTEX_POINT('',#9077);
#2228=VERTEX_POINT('',#9079);
#2229=VERTEX_POINT('',#9086);
#2230=VERTEX_POINT('',#9088);
#2231=VERTEX_POINT('',#9090);
#2232=VERTEX_POINT('',#9092);
#2233=VERTEX_POINT('',#9096);
#2234=VERTEX_POINT('',#9100);
#2235=VERTEX_POINT('',#9101);
#2236=VERTEX_POINT('',#9103);
#2237=VERTEX_POINT('',#9105);
#2238=VERTEX_POINT('',#9110);
#2239=VERTEX_POINT('',#9114);
#2240=VERTEX_POINT('',#9119);
#2241=VERTEX_POINT('',#9123);
#2242=VERTEX_POINT('',#9125);
#2243=VERTEX_POINT('',#9127);
#2244=VERTEX_POINT('',#9131);
#2245=VERTEX_POINT('',#9133);
#2246=VERTEX_POINT('',#9135);
#2247=VERTEX_POINT('',#9139);
#2248=VERTEX_POINT('',#9145);
#2249=VERTEX_POINT('',#9156);
#2250=VERTEX_POINT('',#9161);
#2251=VERTEX_POINT('',#9166);
#2252=VERTEX_POINT('',#9171);
#2253=VERTEX_POINT('',#9176);
#2254=VERTEX_POINT('',#9183);
#2255=VERTEX_POINT('',#9185);
#2256=VERTEX_POINT('',#9187);
#2257=VERTEX_POINT('',#9189);
#2258=VERTEX_POINT('',#9191);
#2259=VERTEX_POINT('',#9193);
#2260=VERTEX_POINT('',#9197);
#2261=VERTEX_POINT('',#9199);
#2262=VERTEX_POINT('',#9203);
#2263=VERTEX_POINT('',#9205);
#2264=VERTEX_POINT('',#9213);
#2265=VERTEX_POINT('',#9215);
#2266=VERTEX_POINT('',#9219);
#2267=VERTEX_POINT('',#9222);
#2268=VERTEX_POINT('',#9226);
#2269=VERTEX_POINT('',#9232);
#2270=VERTEX_POINT('',#9245);
#2271=VERTEX_POINT('',#9250);
#2272=VERTEX_POINT('',#9268);
#2273=VERTEX_POINT('',#9281);
#2274=VERTEX_POINT('',#9301);
#2275=VERTEX_POINT('',#9329);
#2276=VERTEX_POINT('',#9382);
#2277=VERTEX_POINT('',#9387);
#2278=VERTEX_POINT('',#9407);
#2279=VERTEX_POINT('',#9417);
#2280=VERTEX_POINT('',#9423);
#2281=VERTEX_POINT('',#9434);
#2282=VERTEX_POINT('',#9440);
#2283=VERTEX_POINT('',#9442);
#2284=VERTEX_POINT('',#9447);
#2285=VERTEX_POINT('',#9452);
#2286=VERTEX_POINT('',#9496);
#2287=VERTEX_POINT('',#9538);
#2288=VERTEX_POINT('',#9543);
#2289=VERTEX_POINT('',#9547);
#2290=VERTEX_POINT('',#9548);
#2291=VERTEX_POINT('',#9550);
#2292=VERTEX_POINT('',#9552);
#2293=VERTEX_POINT('',#9556);
#2294=VERTEX_POINT('',#9558);
#2295=VERTEX_POINT('',#9562);
#2296=VERTEX_POINT('',#9565);
#2297=VERTEX_POINT('',#9569);
#2298=VERTEX_POINT('',#9571);
#2299=VERTEX_POINT('',#9575);
#2300=VERTEX_POINT('',#9577);
#2301=VERTEX_POINT('',#9581);
#2302=VERTEX_POINT('',#9586);
#2303=VERTEX_POINT('',#9590);
#2304=VERTEX_POINT('',#9594);
#2305=VERTEX_POINT('',#9596);
#2306=VERTEX_POINT('',#9607);
#2307=VERTEX_POINT('',#9615);
#2308=VERTEX_POINT('',#9617);
#2309=VERTEX_POINT('',#9621);
#2310=VERTEX_POINT('',#9622);
#2311=VERTEX_POINT('',#9624);
#2312=VERTEX_POINT('',#9626);
#2313=VERTEX_POINT('',#9630);
#2314=VERTEX_POINT('',#9632);
#2315=VERTEX_POINT('',#9636);
#2316=VERTEX_POINT('',#9638);
#2317=VERTEX_POINT('',#9644);
#2318=VERTEX_POINT('',#9647);
#2319=VERTEX_POINT('',#9649);
#2320=VERTEX_POINT('',#9664);
#2321=VERTEX_POINT('',#9705);
#2322=VERTEX_POINT('',#9706);
#2323=VERTEX_POINT('',#9786);
#2324=VERTEX_POINT('',#9791);
#2325=VERTEX_POINT('',#9799);
#2326=VERTEX_POINT('',#9801);
#2327=VERTEX_POINT('',#9842);
#2328=VERTEX_POINT('',#9897);
#2329=VERTEX_POINT('',#9933);
#2330=VERTEX_POINT('',#9972);
#2331=VERTEX_POINT('',#9974);
#2332=VERTEX_POINT('',#9976);
#2333=VERTEX_POINT('',#9980);
#2334=VERTEX_POINT('',#9982);
#2335=VERTEX_POINT('',#9984);
#2336=VERTEX_POINT('',#9986);
#2337=VERTEX_POINT('',#9988);
#2338=VERTEX_POINT('',#9990);
#2339=VERTEX_POINT('',#9992);
#2340=VERTEX_POINT('',#10003);
#2341=VERTEX_POINT('',#10005);
#2342=VERTEX_POINT('',#10007);
#2343=VERTEX_POINT('',#10009);
#2344=VERTEX_POINT('',#10011);
#2345=VERTEX_POINT('',#10013);
#2346=VERTEX_POINT('',#10019);
#2347=VERTEX_POINT('',#10020);
#2348=VERTEX_POINT('',#10022);
#2349=VERTEX_POINT('',#10024);
#2350=VERTEX_POINT('',#10026);
#2351=VERTEX_POINT('',#10028);
#2352=VERTEX_POINT('',#10033);
#2353=VERTEX_POINT('',#10035);
#2354=VERTEX_POINT('',#10039);
#2355=VERTEX_POINT('',#10043);
#2356=VERTEX_POINT('',#10047);
#2357=VERTEX_POINT('',#10048);
#2358=VERTEX_POINT('',#10050);
#2359=VERTEX_POINT('',#10059);
#2360=VERTEX_POINT('',#10061);
#2361=VERTEX_POINT('',#10063);
#2362=VERTEX_POINT('',#10065);
#2363=VERTEX_POINT('',#10067);
#2364=VERTEX_POINT('',#10069);
#2365=VERTEX_POINT('',#10071);
#2366=VERTEX_POINT('',#10073);
#2367=VERTEX_POINT('',#10076);
#2368=VERTEX_POINT('',#10081);
#2369=VERTEX_POINT('',#10082);
#2370=VERTEX_POINT('',#10084);
#2371=VERTEX_POINT('',#10086);
#2372=VERTEX_POINT('',#10090);
#2373=VERTEX_POINT('',#10093);
#2374=VERTEX_POINT('',#10095);
#2375=VERTEX_POINT('',#10099);
#2376=VERTEX_POINT('',#10101);
#2377=VERTEX_POINT('',#10103);
#2378=VERTEX_POINT('',#10105);
#2379=VERTEX_POINT('',#10109);
#2380=VERTEX_POINT('',#10111);
#2381=VERTEX_POINT('',#10119);
#2382=VERTEX_POINT('',#10121);
#2383=VERTEX_POINT('',#10123);
#2384=VERTEX_POINT('',#10129);
#2385=VERTEX_POINT('',#10152);
#2386=VERTEX_POINT('',#10161);
#2387=VERTEX_POINT('',#10172);
#2388=VERTEX_POINT('',#10177);
#2389=VERTEX_POINT('',#10182);
#2390=VERTEX_POINT('',#10207);
#2391=VERTEX_POINT('',#10209);
#2392=VERTEX_POINT('',#10217);
#2393=VERTEX_POINT('',#10221);
#2394=VERTEX_POINT('',#10280);
#2395=VERTEX_POINT('',#10360);
#2396=VERTEX_POINT('',#10416);
#2397=VERTEX_POINT('',#10428);
#2398=VERTEX_POINT('',#10433);
#2399=VERTEX_POINT('',#10438);
#2400=VERTEX_POINT('',#10445);
#2401=VERTEX_POINT('',#10454);
#2402=VERTEX_POINT('',#10477);
#2403=VERTEX_POINT('',#10512);
#2404=VERTEX_POINT('',#10525);
#2405=VERTEX_POINT('',#10540);
#2406=VERTEX_POINT('',#10601);
#2407=VERTEX_POINT('',#10629);
#2408=VERTEX_POINT('',#10631);
#2409=VERTEX_POINT('',#10640);
#2410=VERTEX_POINT('',#10645);
#2411=VERTEX_POINT('',#10650);
#2412=VERTEX_POINT('',#10690);
#2413=VERTEX_POINT('',#10701);
#2414=VERTEX_POINT('',#10751);
#2415=VERTEX_POINT('',#10756);
#2416=VERTEX_POINT('',#10761);
#2417=VERTEX_POINT('',#10859);
#2418=VERTEX_POINT('',#10865);
#2419=VERTEX_POINT('',#10867);
#2420=VERTEX_POINT('',#10869);
#2421=VERTEX_POINT('',#10890);
#2422=VERTEX_POINT('',#10894);
#2423=VERTEX_POINT('',#10896);
#2424=VERTEX_POINT('',#10898);
#2425=VERTEX_POINT('',#10924);
#2426=VERTEX_POINT('',#10931);
#2427=VERTEX_POINT('',#10936);
#2428=VERTEX_POINT('',#10938);
#2429=VERTEX_POINT('',#10940);
#2430=VERTEX_POINT('',#10942);
#2431=VERTEX_POINT('',#10944);
#2432=VERTEX_POINT('',#10946);
#2433=VERTEX_POINT('',#10951);
#2434=VERTEX_POINT('',#10953);
#2435=VERTEX_POINT('',#10955);
#2436=VERTEX_POINT('',#10972);
#2437=VERTEX_POINT('',#10977);
#2438=VERTEX_POINT('',#10983);
#2439=VERTEX_POINT('',#10990);
#2440=VERTEX_POINT('',#10996);
#2441=VERTEX_POINT('',#11001);
#2442=VERTEX_POINT('',#11006);
#2443=VERTEX_POINT('',#11011);
#2444=VERTEX_POINT('',#11018);
#2445=VERTEX_POINT('',#11022);
#2446=VERTEX_POINT('',#11024);
#2447=VERTEX_POINT('',#11026);
#2448=VERTEX_POINT('',#11028);
#2449=VERTEX_POINT('',#11030);
#2450=VERTEX_POINT('',#11035);
#2451=VERTEX_POINT('',#11040);
#2452=VERTEX_POINT('',#11044);
#2453=VERTEX_POINT('',#11074);
#2454=VERTEX_POINT('',#11087);
#2455=VERTEX_POINT('',#11091);
#2456=VERTEX_POINT('',#11115);
#2457=VERTEX_POINT('',#11133);
#2458=VERTEX_POINT('',#11146);
#2459=VERTEX_POINT('',#11162);
#2460=VERTEX_POINT('',#11164);
#2461=VERTEX_POINT('',#11197);
#2462=VERTEX_POINT('',#11212);
#2463=VERTEX_POINT('',#11245);
#2464=VERTEX_POINT('',#11256);
#2465=VERTEX_POINT('',#11261);
#2466=VERTEX_POINT('',#11270);
#2467=VERTEX_POINT('',#11278);
#2468=VERTEX_POINT('',#11367);
#2469=VERTEX_POINT('',#11371);
#2470=VERTEX_POINT('',#11394);
#2471=VERTEX_POINT('',#11412);
#2472=VERTEX_POINT('',#11416);
#2473=VERTEX_POINT('',#11432);
#2474=VERTEX_POINT('',#11434);
#2475=VERTEX_POINT('',#11512);
#2476=VERTEX_POINT('',#11524);
#2477=VERTEX_POINT('',#11526);
#2478=VERTEX_POINT('',#11528);
#2479=VERTEX_POINT('',#11530);
#2480=VERTEX_POINT('',#11532);
#2481=VERTEX_POINT('',#11534);
#2482=VERTEX_POINT('',#11538);
#2483=VERTEX_POINT('',#11566);
#2484=VERTEX_POINT('',#11567);
#2485=VERTEX_POINT('',#11572);
#2486=VERTEX_POINT('',#11583);
#2487=VERTEX_POINT('',#11588);
#2488=VERTEX_POINT('',#11635);
#2489=VERTEX_POINT('',#11670);
#2490=VERTEX_POINT('',#11671);
#2491=VERTEX_POINT('',#11676);
#2492=VERTEX_POINT('',#11682);
#2493=VERTEX_POINT('',#11684);
#2494=VERTEX_POINT('',#11743);
#2495=VERTEX_POINT('',#11745);
#2496=VERTEX_POINT('',#11749);
#2497=VERTEX_POINT('',#11754);
#2498=VERTEX_POINT('',#11759);
#2499=VERTEX_POINT('',#11767);
#2500=VERTEX_POINT('',#11771);
#2501=VERTEX_POINT('',#11777);
#2502=VERTEX_POINT('',#11781);
#2503=VERTEX_POINT('',#11784);
#2504=VERTEX_POINT('',#11786);
#2505=VERTEX_POINT('',#11817);
#2506=VERTEX_POINT('',#11819);
#2507=VERTEX_POINT('',#11868);
#2508=VERTEX_POINT('',#11903);
#2509=VERTEX_POINT('',#11914);
#2510=VERTEX_POINT('',#11974);
#2511=VERTEX_POINT('',#11976);
#2512=VERTEX_POINT('',#11978);
#2513=VERTEX_POINT('',#11980);
#2514=VERTEX_POINT('',#11982);
#2515=VERTEX_POINT('',#11984);
#2516=VERTEX_POINT('',#11986);
#2517=VERTEX_POINT('',#11988);
#2518=VERTEX_POINT('',#11990);
#2519=VERTEX_POINT('',#11995);
#2520=VERTEX_POINT('',#11996);
#2521=VERTEX_POINT('',#12013);
#2522=VERTEX_POINT('',#12018);
#2523=VERTEX_POINT('',#12042);
#2524=VERTEX_POINT('',#12049);
#2525=VERTEX_POINT('',#12050);
#2526=VERTEX_POINT('',#12104);
#2527=VERTEX_POINT('',#12106);
#2528=VERTEX_POINT('',#12125);
#2529=VERTEX_POINT('',#12126);
#2530=VERTEX_POINT('',#12128);
#2531=VERTEX_POINT('',#12130);
#2532=VERTEX_POINT('',#12134);
#2533=VERTEX_POINT('',#12136);
#2534=VERTEX_POINT('',#12140);
#2535=VERTEX_POINT('',#12144);
#2536=VERTEX_POINT('',#12150);
#2537=VERTEX_POINT('',#12156);
#2538=VERTEX_POINT('',#12158);
#2539=EDGE_CURVE('',#2006,#2007,#1743,.T.);
#2540=EDGE_CURVE('',#2008,#2006,#1021,.T.);
#2541=EDGE_CURVE('',#2008,#2009,#1744,.T.);
#2542=EDGE_CURVE('',#2007,#2009,#1022,.T.);
#2543=EDGE_CURVE('',#2010,#2011,#1745,.T.);
#2544=EDGE_CURVE('',#2009,#2010,#1023,.T.);
#2545=EDGE_CURVE('',#2011,#2008,#1024,.T.);
#2546=EDGE_CURVE('',#2012,#2010,#1746,.T.);
#2547=EDGE_CURVE('',#2011,#2013,#1747,.T.);
#2548=EDGE_CURVE('',#2013,#2014,#1748,.F.);
#2549=EDGE_CURVE('',#2014,#2015,#1749,.T.);
#2550=EDGE_CURVE('',#2015,#2016,#1750,.T.);
#2551=EDGE_CURVE('',#2016,#2017,#1751,.T.);
#2552=EDGE_CURVE('',#2017,#2018,#1752,.T.);
#2553=EDGE_CURVE('',#2018,#2012,#1753,.T.);
#2554=EDGE_CURVE('',#2019,#2020,#1754,.T.);
#2555=EDGE_CURVE('',#2019,#2021,#1025,.T.);
#2556=EDGE_CURVE('',#2021,#2022,#1755,.T.);
#2557=EDGE_CURVE('',#2020,#2022,#1026,.T.);
#2558=EDGE_CURVE('',#2023,#2024,#1756,.T.);
#2559=EDGE_CURVE('',#2022,#2023,#1027,.T.);
#2560=EDGE_CURVE('',#2025,#2021,#1028,.T.);
#2561=EDGE_CURVE('',#2024,#2025,#1757,.T.);
#2562=EDGE_CURVE('',#2026,#2023,#1758,.T.);
#2563=EDGE_CURVE('',#2027,#2026,#1759,.T.);
#2564=EDGE_CURVE('',#2028,#2027,#1760,.T.);
#2565=EDGE_CURVE('',#2029,#2028,#1761,.T.);
#2566=EDGE_CURVE('',#2030,#2029,#1762,.T.);
#2567=EDGE_CURVE('',#2020,#2030,#1763,.T.);
#2568=EDGE_CURVE('',#2024,#2031,#1764,.T.);
#2569=EDGE_CURVE('',#2026,#2031,#153,.T.);
#2570=EDGE_CURVE('',#2032,#2033,#1765,.T.);
#2571=EDGE_CURVE('',#2033,#2032,#1766,.T.);
#2572=EDGE_CURVE('',#2033,#2034,#1029,.T.);
#2573=EDGE_CURVE('',#2034,#2034,#154,.T.);
#2574=EDGE_CURVE('',#2035,#2035,#155,.T.);
#2575=EDGE_CURVE('',#2036,#2037,#1767,.T.);
#2576=EDGE_CURVE('',#2036,#2038,#156,.T.);
#2577=EDGE_CURVE('',#2039,#2038,#1030,.T.);
#2578=EDGE_CURVE('',#2037,#2039,#157,.T.);
#2579=EDGE_CURVE('',#2040,#2036,#1768,.T.);
#2580=EDGE_CURVE('',#2041,#2040,#1769,.T.);
#2581=EDGE_CURVE('',#2042,#2041,#1031,.T.);
#2582=EDGE_CURVE('',#2043,#2042,#1770,.T.);
#2583=EDGE_CURVE('',#2043,#2044,#1032,.T.);
#2584=EDGE_CURVE('',#2044,#2045,#158,.T.);
#2585=EDGE_CURVE('',#2046,#2045,#1033,.T.);
#2586=EDGE_CURVE('',#2047,#2046,#159,.T.);
#2587=EDGE_CURVE('',#2048,#2047,#1034,.T.);
#2588=EDGE_CURVE('',#2048,#2044,#160,.T.);
#2589=EDGE_CURVE('',#2049,#2043,#1771,.T.);
#2590=EDGE_CURVE('',#2038,#2049,#1035,.T.);
#2591=EDGE_CURVE('',#2050,#2048,#161,.T.);
#2592=EDGE_CURVE('',#2051,#2050,#162,.T.);
#2593=EDGE_CURVE('',#2045,#2051,#163,.T.);
#2594=EDGE_CURVE('',#2052,#2053,#1036,.T.);
#2595=EDGE_CURVE('',#2052,#2054,#164,.T.);
#2596=EDGE_CURVE('',#2055,#2054,#1037,.T.);
#2597=EDGE_CURVE('',#2056,#2055,#1772,.T.);
#2598=EDGE_CURVE('',#2057,#2056,#1038,.T.);
#2599=EDGE_CURVE('',#2058,#2057,#165,.T.);
#2600=EDGE_CURVE('',#2059,#2058,#1039,.T.);
#2601=EDGE_CURVE('',#2060,#2059,#1773,.T.);
#2602=EDGE_CURVE('',#2061,#2060,#1040,.T.);
#2603=EDGE_CURVE('',#2062,#2061,#1774,.T.);
#2604=EDGE_CURVE('',#2063,#2062,#1041,.T.);
#2605=EDGE_CURVE('',#2053,#2063,#166,.T.);
#2606=EDGE_CURVE('',#2064,#2065,#1042,.T.);
#2607=EDGE_CURVE('',#2066,#2064,#1775,.T.);
#2608=EDGE_CURVE('',#2067,#2066,#1043,.T.);
#2609=EDGE_CURVE('',#2068,#2067,#1776,.T.);
#2610=EDGE_CURVE('',#2069,#2068,#1044,.T.);
#2611=EDGE_CURVE('',#2070,#2069,#167,.T.);
#2612=EDGE_CURVE('',#2070,#2071,#1045,.T.);
#2613=EDGE_CURVE('',#2072,#2071,#168,.T.);
#2614=EDGE_CURVE('',#2073,#2072,#1046,.T.);
#2615=EDGE_CURVE('',#2073,#2074,#169,.T.);
#2616=EDGE_CURVE('',#2075,#2074,#1047,.T.);
#2617=EDGE_CURVE('',#2071,#2075,#170,.T.);
#2618=EDGE_CURVE('',#2065,#2070,#171,.T.);
#2619=EDGE_CURVE('',#2076,#2073,#172,.T.);
#2620=EDGE_CURVE('',#2054,#2076,#173,.T.);
#2621=EDGE_CURVE('',#2074,#2052,#174,.T.);
#2622=EDGE_CURVE('',#2065,#2057,#1048,.T.);
#2623=EDGE_CURVE('',#2077,#2069,#1049,.T.);
#2624=EDGE_CURVE('',#2058,#2077,#175,.T.);
#2625=EDGE_CURVE('',#2078,#2049,#1777,.T.);
#2626=EDGE_CURVE('',#2079,#2078,#1050,.T.);
#2627=EDGE_CURVE('',#2079,#2080,#1778,.T.);
#2628=EDGE_CURVE('',#2081,#2080,#1779,.T.);
#2629=EDGE_CURVE('',#2082,#2081,#1051,.T.);
#2630=EDGE_CURVE('',#2082,#2083,#1780,.T.);
#2631=EDGE_CURVE('',#2083,#2039,#1052,.T.);
#2632=EDGE_CURVE('',#2047,#2084,#176,.T.);
#2633=EDGE_CURVE('',#2084,#2085,#1053,.T.);
#2634=EDGE_CURVE('',#2086,#2085,#177,.T.);
#2635=EDGE_CURVE('',#2086,#2050,#1054,.T.);
#2636=EDGE_CURVE('',#2087,#2087,#178,.T.);
#2637=EDGE_CURVE('',#2087,#2088,#1055,.T.);
#2638=EDGE_CURVE('',#2089,#2088,#1781,.T.);
#2639=EDGE_CURVE('',#2089,#2037,#1056,.T.);
#2640=EDGE_CURVE('',#2088,#2083,#1782,.T.);
#2641=EDGE_CURVE('',#2053,#2090,#179,.T.);
#2642=EDGE_CURVE('',#2090,#2091,#1057,.T.);
#2643=EDGE_CURVE('',#2092,#2091,#180,.T.);
#2644=EDGE_CURVE('',#2092,#2093,#1058,.T.);
#2645=EDGE_CURVE('',#2093,#2075,#181,.T.);
#2646=EDGE_CURVE('',#2063,#2094,#182,.T.);
#2647=EDGE_CURVE('',#2094,#2090,#183,.T.);
#2648=EDGE_CURVE('',#2095,#2095,#184,.T.);
#2649=EDGE_CURVE('',#2072,#2046,#185,.T.);
#2650=EDGE_CURVE('',#2084,#2093,#1059,.T.);
#2651=EDGE_CURVE('',#2061,#2096,#1783,.T.);
#2652=EDGE_CURVE('',#2096,#2062,#1784,.T.);
#2653=EDGE_CURVE('',#2055,#2097,#1785,.T.);
#2654=EDGE_CURVE('',#2097,#2056,#1786,.T.);
#2655=EDGE_CURVE('',#2098,#2066,#1787,.T.);
#2656=EDGE_CURVE('',#2099,#2098,#1788,.T.);
#2657=EDGE_CURVE('',#2100,#2099,#1060,.T.);
#2658=EDGE_CURVE('',#2101,#2100,#1789,.T.);
#2659=EDGE_CURVE('',#2102,#2101,#1790,.T.);
#2660=EDGE_CURVE('',#2067,#2102,#1791,.T.);
#2661=EDGE_CURVE('',#2103,#2060,#1792,.T.);
#2662=EDGE_CURVE('',#2103,#2096,#1061,.T.);
#2663=EDGE_CURVE('',#2068,#2102,#1793,.T.);
#2664=EDGE_CURVE('',#2103,#2059,#1794,.T.);
#2665=EDGE_CURVE('',#2102,#2104,#1795,.T.);
#2666=EDGE_CURVE('',#2104,#2105,#1062,.T.);
#2667=EDGE_CURVE('',#2105,#2106,#1796,.T.);
#2668=EDGE_CURVE('',#2106,#2077,#1063,.T.);
#2669=EDGE_CURVE('',#2107,#2108,#1797,.T.);
#2670=EDGE_CURVE('',#2108,#2107,#1798,.T.);
#2671=EDGE_CURVE('',#2108,#2109,#1064,.T.);
#2672=EDGE_CURVE('',#2109,#2109,#186,.T.);
#2673=EDGE_CURVE('',#2110,#2110,#187,.T.);
#2674=EDGE_CURVE('',#2110,#2111,#1065,.T.);
#2675=EDGE_CURVE('',#2112,#2111,#1799,.T.);
#2676=EDGE_CURVE('',#2111,#2112,#1800,.T.);
#2677=EDGE_CURVE('',#2113,#2114,#1801,.T.);
#2678=EDGE_CURVE('',#2113,#2115,#1802,.T.);
#2679=EDGE_CURVE('',#2115,#2116,#1803,.T.);
#2680=EDGE_CURVE('',#2116,#2117,#1804,.T.);
#2681=EDGE_CURVE('',#2114,#2117,#1805,.T.);
#2682=EDGE_CURVE('',#2117,#2118,#1806,.T.);
#2683=EDGE_CURVE('',#2119,#2118,#1066,.T.);
#2684=EDGE_CURVE('',#2120,#2119,#1067,.T.);
#2685=EDGE_CURVE('',#2121,#2120,#1068,.T.);
#2686=EDGE_CURVE('',#2122,#2121,#188,.T.);
#2687=EDGE_CURVE('',#2123,#2122,#1069,.T.);
#2688=EDGE_CURVE('',#2124,#2123,#1070,.T.);
#2689=EDGE_CURVE('',#2125,#2124,#1071,.T.);
#2690=EDGE_CURVE('',#2125,#2126,#1807,.T.);
#2691=EDGE_CURVE('',#2126,#2127,#1072,.T.);
#2692=EDGE_CURVE('',#2114,#2127,#1073,.T.);
#2693=EDGE_CURVE('',#2128,#2116,#1808,.T.);
#2694=EDGE_CURVE('',#2129,#2128,#36,.T.);
#2695=EDGE_CURVE('',#2129,#2130,#37,.T.);
#2696=EDGE_CURVE('',#2118,#2130,#1809,.T.);
#2697=EDGE_CURVE('',#2131,#2029,#1810,.T.);
#2698=EDGE_CURVE('',#2028,#2132,#1811,.F.);
#2699=EDGE_CURVE('',#2132,#2131,#1812,.T.);
#2700=EDGE_CURVE('',#2133,#2132,#1813,.T.);
#2701=EDGE_CURVE('',#2133,#2126,#1074,.T.);
#2702=EDGE_CURVE('',#2134,#2125,#1814,.T.);
#2703=EDGE_CURVE('',#2134,#2135,#38,.T.);
#2704=EDGE_CURVE('',#2136,#2135,#39,.T.);
#2705=EDGE_CURVE('',#2131,#2136,#1815,.T.);
#2706=EDGE_CURVE('',#2137,#2006,#1816,.T.);
#2707=EDGE_CURVE('',#2115,#2137,#1817,.T.);
#2708=EDGE_CURVE('',#2138,#2113,#1818,.T.);
#2709=EDGE_CURVE('',#2013,#2138,#1075,.T.);
#2710=EDGE_CURVE('',#2139,#2018,#1076,.T.);
#2711=EDGE_CURVE('',#2007,#2139,#1819,.T.);
#2712=EDGE_CURVE('',#2140,#2141,#1820,.T.);
#2713=EDGE_CURVE('',#2141,#2142,#1821,.T.);
#2714=EDGE_CURVE('',#2142,#2143,#1822,.T.);
#2715=EDGE_CURVE('',#2143,#2140,#1823,.T.);
#2716=EDGE_CURVE('',#2143,#2144,#1077,.T.);
#2717=EDGE_CURVE('',#2145,#2144,#1824,.T.);
#2718=EDGE_CURVE('',#2140,#2145,#1078,.T.);
#2719=EDGE_CURVE('',#2146,#2142,#1825,.T.);
#2720=EDGE_CURVE('',#2146,#2147,#1079,.T.);
#2721=EDGE_CURVE('',#2144,#2147,#1826,.T.);
#2722=EDGE_CURVE('',#2148,#2027,#1827,.F.);
#2723=EDGE_CURVE('',#2031,#2148,#1828,.T.);
#2724=EDGE_CURVE('',#2149,#2150,#1829,.F.);
#2725=EDGE_CURVE('',#2150,#2151,#1080,.T.);
#2726=EDGE_CURVE('',#2151,#2152,#1830,.F.);
#2727=EDGE_CURVE('',#2152,#2149,#1081,.T.);
#2728=EDGE_CURVE('',#2150,#2082,#1831,.F.);
#2729=EDGE_CURVE('',#2081,#2151,#1832,.F.);
#2730=EDGE_CURVE('',#2153,#2154,#1833,.T.);
#2731=EDGE_CURVE('',#2155,#2154,#1834,.T.);
#2732=EDGE_CURVE('',#2155,#2156,#1082,.T.);
#2733=EDGE_CURVE('',#2156,#2157,#189,.T.);
#2734=EDGE_CURVE('',#2157,#2153,#1083,.T.);
#2735=EDGE_CURVE('',#2158,#2159,#190,.T.);
#2736=EDGE_CURVE('',#2157,#2159,#40,.T.);
#2737=EDGE_CURVE('',#2156,#2158,#1835,.T.);
#2738=EDGE_CURVE('',#2160,#2161,#1836,.T.);
#2739=EDGE_CURVE('',#2159,#2160,#41,.T.);
#2740=EDGE_CURVE('',#2158,#2161,#1837,.T.);
#2741=EDGE_CURVE('',#2127,#2133,#1838,.T.);
#2742=EDGE_CURVE('',#2148,#2162,#1839,.T.);
#2743=EDGE_CURVE('',#2154,#2162,#1840,.T.);
#2744=EDGE_CURVE('',#2138,#2153,#1084,.T.);
#2745=EDGE_CURVE('',#2014,#2152,#42,.T.);
#2746=EDGE_CURVE('',#2163,#2157,#43,.T.);
#2747=EDGE_CURVE('',#2164,#2163,#44,.T.);
#2748=EDGE_CURVE('',#2165,#2164,#1841,.T.);
#2749=EDGE_CURVE('',#2166,#2165,#45,.T.);
#2750=EDGE_CURVE('',#2149,#2166,#46,.T.);
#2751=EDGE_CURVE('',#2155,#2167,#1842,.F.);
#2752=EDGE_CURVE('',#2167,#2168,#1085,.T.);
#2753=EDGE_CURVE('',#2168,#2158,#1086,.T.);
#2754=EDGE_CURVE('',#2168,#2169,#1843,.T.);
#2755=EDGE_CURVE('',#2169,#2170,#1087,.T.);
#2756=EDGE_CURVE('',#2170,#2161,#1844,.F.);
#2757=EDGE_CURVE('',#2171,#2170,#1845,.F.);
#2758=EDGE_CURVE('',#2169,#2171,#1846,.T.);
#2759=EDGE_CURVE('',#2172,#2167,#1847,.T.);
#2760=EDGE_CURVE('',#2172,#2173,#1848,.T.);
#2761=EDGE_CURVE('',#2173,#2174,#1088,.T.);
#2762=EDGE_CURVE('',#2174,#2100,#1849,.T.);
#2763=EDGE_CURVE('',#2175,#2099,#191,.T.);
#2764=EDGE_CURVE('',#2175,#2176,#1089,.T.);
#2765=EDGE_CURVE('',#2176,#2177,#1850,.T.);
#2766=EDGE_CURVE('',#2177,#2178,#1090,.T.);
#2767=EDGE_CURVE('',#2178,#2179,#1851,.T.);
#2768=EDGE_CURVE('',#2179,#2180,#1091,.T.);
#2769=EDGE_CURVE('',#2169,#2180,#192,.T.);
#2770=EDGE_CURVE('',#2181,#2182,#1092,.T.);
#2771=EDGE_CURVE('',#2182,#2183,#1093,.T.);
#2772=EDGE_CURVE('',#2183,#2184,#1094,.T.);
#2773=EDGE_CURVE('',#2184,#2185,#1095,.T.);
#2774=EDGE_CURVE('',#2185,#2186,#1096,.T.);
#2775=EDGE_CURVE('',#2186,#2187,#1097,.T.);
#2776=EDGE_CURVE('',#2187,#2188,#1098,.T.);
#2777=EDGE_CURVE('',#2188,#2189,#1099,.T.);
#2778=EDGE_CURVE('',#2189,#2190,#1100,.T.);
#2779=EDGE_CURVE('',#2190,#2191,#1852,.T.);
#2780=EDGE_CURVE('',#2191,#2192,#1853,.T.);
#2781=EDGE_CURVE('',#2192,#2193,#1101,.T.);
#2782=EDGE_CURVE('',#2193,#2181,#1102,.T.);
#2783=EDGE_CURVE('',#2181,#2194,#1103,.T.);
#2784=EDGE_CURVE('',#2195,#2194,#1104,.T.);
#2785=EDGE_CURVE('',#2182,#2195,#1105,.T.);
#2786=EDGE_CURVE('',#2196,#2195,#1106,.T.);
#2787=EDGE_CURVE('',#2183,#2196,#1107,.T.);
#2788=EDGE_CURVE('',#2197,#2196,#1108,.T.);
#2789=EDGE_CURVE('',#2184,#2197,#1109,.T.);
#2790=EDGE_CURVE('',#2198,#2197,#1110,.T.);
#2791=EDGE_CURVE('',#2185,#2198,#1111,.T.);
#2792=EDGE_CURVE('',#2199,#2198,#1112,.T.);
#2793=EDGE_CURVE('',#2186,#2199,#1113,.T.);
#2794=EDGE_CURVE('',#2200,#2199,#1114,.T.);
#2795=EDGE_CURVE('',#2187,#2200,#1115,.T.);
#2796=EDGE_CURVE('',#2201,#2200,#1116,.T.);
#2797=EDGE_CURVE('',#2188,#2201,#1117,.T.);
#2798=EDGE_CURVE('',#2202,#2201,#1118,.T.);
#2799=EDGE_CURVE('',#2189,#2202,#1119,.T.);
#2800=EDGE_CURVE('',#2203,#2202,#1120,.T.);
#2801=EDGE_CURVE('',#2190,#2203,#1121,.T.);
#2802=EDGE_CURVE('',#2204,#2203,#1854,.T.);
#2803=EDGE_CURVE('',#2191,#2204,#1122,.T.);
#2804=EDGE_CURVE('',#2205,#2204,#1855,.T.);
#2805=EDGE_CURVE('',#2192,#2205,#1123,.T.);
#2806=EDGE_CURVE('',#2206,#2205,#1124,.T.);
#2807=EDGE_CURVE('',#2193,#2206,#1125,.T.);
#2808=EDGE_CURVE('',#2194,#2206,#1126,.T.);
#2809=EDGE_CURVE('',#2207,#2208,#1127,.T.);
#2810=EDGE_CURVE('',#2209,#2208,#1128,.T.);
#2811=EDGE_CURVE('',#2210,#2209,#1856,.T.);
#2812=EDGE_CURVE('',#2207,#2210,#1129,.T.);
#2813=EDGE_CURVE('',#2207,#2211,#1130,.T.);
#2814=EDGE_CURVE('',#2211,#2212,#1131,.T.);
#2815=EDGE_CURVE('',#2213,#2212,#1132,.T.);
#2816=EDGE_CURVE('',#2213,#2207,#1133,.T.);
#2817=EDGE_CURVE('',#2214,#2215,#1857,.T.);
#2818=EDGE_CURVE('',#2215,#2216,#1858,.T.);
#2819=EDGE_CURVE('',#2216,#2217,#193,.T.);
#2820=EDGE_CURVE('',#2217,#2218,#194,.T.);
#2821=EDGE_CURVE('',#2218,#2219,#195,.T.);
#2822=EDGE_CURVE('',#2219,#2220,#1859,.T.);
#2823=EDGE_CURVE('',#2220,#2221,#1860,.T.);
#2824=EDGE_CURVE('',#2221,#2214,#196,.T.);
#2825=EDGE_CURVE('',#2222,#2210,#1861,.T.);
#2826=EDGE_CURVE('',#2209,#2223,#197,.T.);
#2827=EDGE_CURVE('',#2223,#2224,#1862,.T.);
#2828=EDGE_CURVE('',#2224,#2225,#1863,.T.);
#2829=EDGE_CURVE('',#2225,#2226,#198,.T.);
#2830=EDGE_CURVE('',#2227,#2226,#199,.T.);
#2831=EDGE_CURVE('',#2227,#2228,#200,.T.);
#2832=EDGE_CURVE('',#2228,#2222,#1864,.T.);
#2833=EDGE_CURVE('',#2229,#2214,#1134,.T.);
#2834=EDGE_CURVE('',#2230,#2221,#1135,.T.);
#2835=EDGE_CURVE('',#2231,#2230,#201,.T.);
#2836=EDGE_CURVE('',#2232,#2231,#1136,.T.);
#2837=EDGE_CURVE('',#2232,#2229,#202,.T.);
#2838=EDGE_CURVE('',#2233,#2208,#203,.T.);
#2839=EDGE_CURVE('',#2233,#2223,#1137,.T.);
#2840=EDGE_CURVE('',#2234,#2235,#1138,.T.);
#2841=EDGE_CURVE('',#2236,#2234,#204,.T.);
#2842=EDGE_CURVE('',#2237,#2236,#1865,.T.);
#2843=EDGE_CURVE('',#2237,#2238,#1139,.T.);
#2844=EDGE_CURVE('',#2238,#2235,#1140,.T.);
#2845=EDGE_CURVE('',#2229,#2239,#1141,.T.);
#2846=EDGE_CURVE('',#2239,#2232,#1142,.T.);
#2847=EDGE_CURVE('',#2238,#2224,#1143,.T.);
#2848=EDGE_CURVE('',#2237,#2240,#1144,.T.);
#2849=EDGE_CURVE('',#2225,#2240,#1145,.T.);
#2850=EDGE_CURVE('',#2230,#2241,#1146,.T.);
#2851=EDGE_CURVE('',#2242,#2220,#1147,.T.);
#2852=EDGE_CURVE('',#2243,#2242,#1148,.T.);
#2853=EDGE_CURVE('',#2241,#2243,#1149,.T.);
#2854=EDGE_CURVE('',#2244,#2218,#1150,.T.);
#2855=EDGE_CURVE('',#2245,#2244,#1151,.T.);
#2856=EDGE_CURVE('',#2245,#2246,#1152,.T.);
#2857=EDGE_CURVE('',#2246,#2218,#1153,.T.);
#2858=EDGE_CURVE('',#2246,#2247,#205,.T.);
#2859=EDGE_CURVE('',#2247,#2219,#1154,.T.);
#2860=EDGE_CURVE('',#2242,#2247,#1155,.T.);
#2861=EDGE_CURVE('',#2248,#2233,#1156,.T.);
#2862=EDGE_CURVE('',#2235,#2248,#1157,.T.);
#2863=EDGE_CURVE('',#2249,#2236,#1866,.T.);
#2864=EDGE_CURVE('',#2250,#2249,#1867,.T.);
#2865=EDGE_CURVE('',#2251,#2250,#1868,.T.);
#2866=EDGE_CURVE('',#2251,#2252,#1869,.T.);
#2867=EDGE_CURVE('',#2253,#2252,#1158,.T.);
#2868=EDGE_CURVE('',#2240,#2253,#1870,.T.);
#2869=EDGE_CURVE('',#2239,#2254,#1159,.T.);
#2870=EDGE_CURVE('',#2254,#2255,#1160,.T.);
#2871=EDGE_CURVE('',#2255,#2256,#1161,.T.);
#2872=EDGE_CURVE('',#2256,#2257,#1162,.T.);
#2873=EDGE_CURVE('',#2257,#2258,#1163,.T.);
#2874=EDGE_CURVE('',#2258,#2259,#1164,.T.);
#2875=EDGE_CURVE('',#2259,#2216,#1165,.T.);
#2876=EDGE_CURVE('',#2231,#2260,#1166,.T.);
#2877=EDGE_CURVE('',#2260,#2261,#1167,.T.);
#2878=EDGE_CURVE('',#2261,#2254,#1168,.T.);
#2879=EDGE_CURVE('',#2243,#2262,#1169,.T.);
#2880=EDGE_CURVE('',#2262,#2263,#1170,.T.);
#2881=EDGE_CURVE('',#2263,#2261,#1171,.T.);
#2882=EDGE_CURVE('',#2260,#2241,#1172,.T.);
#2883=EDGE_CURVE('',#2250,#2249,#206,.T.);
#2884=EDGE_CURVE('',#2262,#2264,#207,.T.);
#2885=EDGE_CURVE('',#2264,#2265,#1173,.T.);
#2886=EDGE_CURVE('',#2265,#2263,#208,.T.);
#2887=EDGE_CURVE('',#2264,#2266,#1174,.T.);
#2888=EDGE_CURVE('',#2266,#2124,#1175,.T.);
#2889=EDGE_CURVE('',#2267,#2123,#1176,.T.);
#2890=EDGE_CURVE('',#2265,#2267,#1177,.T.);
#2891=EDGE_CURVE('',#2130,#2268,#1178,.T.);
#2892=EDGE_CURVE('',#2268,#2119,#1179,.T.);
#2893=EDGE_CURVE('',#2266,#2134,#1180,.T.);
#2894=EDGE_CURVE('',#2269,#2252,#1871,.F.);
#2895=EDGE_CURVE('',#2269,#2270,#1872,.T.);
#2896=EDGE_CURVE('',#2271,#2270,#1873,.T.);
#2897=EDGE_CURVE('',#2253,#2271,#1874,.T.);
#2898=EDGE_CURVE('',#2272,#2244,#1875,.T.);
#2899=EDGE_CURVE('',#2273,#2272,#1181,.T.);
#2900=EDGE_CURVE('',#2245,#2273,#1876,.F.);
#2901=EDGE_CURVE('',#2226,#2240,#1877,.T.);
#2902=EDGE_CURVE('',#2274,#2017,#1182,.T.);
#2903=EDGE_CURVE('',#2139,#2274,#1878,.T.);
#2904=EDGE_CURVE('',#2146,#2025,#1183,.T.);
#2905=EDGE_CURVE('',#2147,#2019,#1879,.T.);
#2906=EDGE_CURVE('',#2275,#2016,#1184,.T.);
#2907=EDGE_CURVE('',#2274,#2275,#1880,.T.);
#2908=EDGE_CURVE('',#2030,#2276,#1881,.T.);
#2909=EDGE_CURVE('',#2276,#2277,#209,.T.);
#2910=EDGE_CURVE('',#2277,#2145,#1882,.T.);
#2911=EDGE_CURVE('',#2025,#2278,#1185,.T.);
#2912=EDGE_CURVE('',#2278,#2031,#47,.T.);
#2913=EDGE_CURVE('',#2128,#2279,#1186,.T.);
#2914=EDGE_CURVE('',#2252,#2279,#1883,.T.);
#2915=EDGE_CURVE('',#2280,#2251,#210,.T.);
#2916=EDGE_CURVE('',#2268,#2280,#1187,.T.);
#2917=EDGE_CURVE('',#2281,#2137,#1884,.T.);
#2918=EDGE_CURVE('',#2282,#2281,#1188,.T.);
#2919=EDGE_CURVE('',#2283,#2282,#1885,.T.);
#2920=EDGE_CURVE('',#2283,#2284,#1886,.T.);
#2921=EDGE_CURVE('',#2284,#2285,#1887,.T.);
#2922=EDGE_CURVE('',#2279,#2285,#1888,.T.);
#2923=EDGE_CURVE('',#2276,#2136,#1189,.T.);
#2924=EDGE_CURVE('',#2275,#2286,#1889,.T.);
#2925=EDGE_CURVE('',#2281,#2286,#211,.T.);
#2926=EDGE_CURVE('',#2015,#2079,#1890,.T.);
#2927=EDGE_CURVE('',#2078,#2287,#1891,.T.);
#2928=EDGE_CURVE('',#2288,#2287,#1190,.T.);
#2929=EDGE_CURVE('',#2286,#2288,#1191,.T.);
#2930=EDGE_CURVE('',#2289,#2290,#1192,.T.);
#2931=EDGE_CURVE('',#2291,#2289,#1193,.T.);
#2932=EDGE_CURVE('',#2291,#2292,#1194,.T.);
#2933=EDGE_CURVE('',#2292,#2290,#1195,.T.);
#2934=EDGE_CURVE('',#2290,#2293,#1196,.T.);
#2935=EDGE_CURVE('',#2292,#2294,#1197,.T.);
#2936=EDGE_CURVE('',#2293,#2294,#1198,.T.);
#2937=EDGE_CURVE('',#2121,#2295,#212,.T.);
#2938=EDGE_CURVE('',#2121,#2289,#1199,.T.);
#2939=EDGE_CURVE('',#2296,#2293,#1200,.T.);
#2940=EDGE_CURVE('',#2295,#2296,#1201,.T.);
#2941=EDGE_CURVE('',#2256,#2297,#1202,.T.);
#2942=EDGE_CURVE('',#2255,#2298,#1203,.T.);
#2943=EDGE_CURVE('',#2298,#2297,#1204,.T.);
#2944=EDGE_CURVE('',#2297,#2299,#1205,.T.);
#2945=EDGE_CURVE('',#2298,#2300,#1206,.T.);
#2946=EDGE_CURVE('',#2300,#2299,#1207,.T.);
#2947=EDGE_CURVE('',#2257,#2301,#1208,.T.);
#2948=EDGE_CURVE('',#2299,#2122,#1209,.T.);
#2949=EDGE_CURVE('',#2301,#2122,#213,.T.);
#2950=EDGE_CURVE('',#2302,#2301,#1210,.T.);
#2951=EDGE_CURVE('',#2302,#2258,#1211,.T.);
#2952=EDGE_CURVE('',#2303,#2295,#1212,.T.);
#2953=EDGE_CURVE('',#2303,#2302,#214,.T.);
#2954=EDGE_CURVE('',#2304,#2280,#1213,.T.);
#2955=EDGE_CURVE('',#2305,#2304,#1214,.T.);
#2956=EDGE_CURVE('',#2305,#2120,#1215,.T.);
#2957=EDGE_CURVE('',#2300,#2267,#1216,.T.);
#2958=EDGE_CURVE('',#2305,#2291,#1217,.T.);
#2959=EDGE_CURVE('',#2248,#2213,#1218,.T.);
#2960=EDGE_CURVE('',#2234,#2306,#1219,.T.);
#2961=EDGE_CURVE('',#2306,#2304,#215,.T.);
#2962=EDGE_CURVE('',#2212,#2306,#1220,.T.);
#2963=EDGE_CURVE('',#2294,#2211,#1221,.T.);
#2964=EDGE_CURVE('',#2307,#2228,#1222,.T.);
#2965=EDGE_CURVE('',#2307,#2308,#1223,.T.);
#2966=EDGE_CURVE('',#2308,#2296,#1224,.T.);
#2967=EDGE_CURVE('',#2309,#2310,#216,.T.);
#2968=EDGE_CURVE('',#2311,#2309,#1225,.T.);
#2969=EDGE_CURVE('',#2311,#2312,#217,.T.);
#2970=EDGE_CURVE('',#2312,#2310,#1226,.T.);
#2971=EDGE_CURVE('',#2313,#2309,#1227,.T.);
#2972=EDGE_CURVE('',#2314,#2313,#218,.T.);
#2973=EDGE_CURVE('',#2311,#2314,#1228,.T.);
#2974=EDGE_CURVE('',#2310,#2315,#1229,.T.);
#2975=EDGE_CURVE('',#2312,#2316,#1230,.T.);
#2976=EDGE_CURVE('',#2315,#2316,#219,.T.);
#2977=EDGE_CURVE('',#2316,#2314,#220,.T.);
#2978=EDGE_CURVE('',#2180,#2317,#221,.T.);
#2979=EDGE_CURVE('',#2317,#2315,#222,.T.);
#2980=EDGE_CURVE('',#2313,#2318,#223,.T.);
#2981=EDGE_CURVE('',#2318,#2319,#1892,.T.);
#2982=EDGE_CURVE('',#2319,#2320,#1893,.T.);
#2983=EDGE_CURVE('',#2171,#2320,#1894,.T.);
#2984=EDGE_CURVE('',#2321,#2322,#1895,.T.);
#2985=EDGE_CURVE('',#2164,#2321,#1231,.T.);
#2986=EDGE_CURVE('',#2322,#2163,#1232,.T.);
#2987=EDGE_CURVE('',#2322,#2323,#1896,.T.);
#2988=EDGE_CURVE('',#2324,#2320,#48,.T.);
#2989=EDGE_CURVE('',#2325,#2324,#1233,.T.);
#2990=EDGE_CURVE('',#2326,#2325,#1897,.T.);
#2991=EDGE_CURVE('',#2323,#2326,#1898,.T.);
#2992=EDGE_CURVE('',#2325,#2327,#1899,.T.);
#2993=EDGE_CURVE('',#2327,#2319,#1900,.T.);
#2994=EDGE_CURVE('',#2328,#2141,#1901,.T.);
#2995=EDGE_CURVE('',#2328,#2146,#1234,.T.);
#2996=EDGE_CURVE('',#2329,#2328,#1902,.T.);
#2997=EDGE_CURVE('',#2173,#2329,#1903,.T.);
#2998=EDGE_CURVE('',#2273,#2277,#1235,.T.);
#2999=EDGE_CURVE('',#2217,#2272,#1236,.T.);
#3000=EDGE_CURVE('',#2330,#2217,#1237,.T.);
#3001=EDGE_CURVE('',#2330,#2331,#1238,.T.);
#3002=EDGE_CURVE('',#2332,#2331,#19,.T.);
#3003=EDGE_CURVE('',#2332,#2329,#1239,.T.);
#3004=EDGE_CURVE('',#2333,#2327,#20,.T.);
#3005=EDGE_CURVE('',#2333,#2334,#1240,.T.);
#3006=EDGE_CURVE('',#2335,#2334,#1241,.T.);
#3007=EDGE_CURVE('',#2336,#2335,#1242,.T.);
#3008=EDGE_CURVE('',#2336,#2337,#1243,.T.);
#3009=EDGE_CURVE('',#2338,#2337,#1244,.T.);
#3010=EDGE_CURVE('',#2339,#2338,#1904,.T.);
#3011=EDGE_CURVE('',#2340,#2339,#1245,.T.);
#3012=EDGE_CURVE('',#2341,#2340,#1246,.T.);
#3013=EDGE_CURVE('',#2341,#2342,#1247,.T.);
#3014=EDGE_CURVE('',#2342,#2343,#1248,.T.);
#3015=EDGE_CURVE('',#2343,#2344,#1249,.T.);
#3016=EDGE_CURVE('',#2344,#2345,#1250,.T.);
#3017=EDGE_CURVE('',#2345,#2321,#1251,.T.);
#3018=EDGE_CURVE('',#2318,#2333,#1252,.T.);
#3019=EDGE_CURVE('',#2346,#2347,#1253,.T.);
#3020=EDGE_CURVE('',#2348,#2346,#224,.T.);
#3021=EDGE_CURVE('',#2348,#2349,#1254,.T.);
#3022=EDGE_CURVE('',#2349,#2350,#1255,.T.);
#3023=EDGE_CURVE('',#2350,#2351,#1256,.T.);
#3024=EDGE_CURVE('',#2351,#2347,#1257,.T.);
#3025=EDGE_CURVE('',#2348,#2341,#225,.T.);
#3026=EDGE_CURVE('',#2352,#2340,#1258,.T.);
#3027=EDGE_CURVE('',#2353,#2352,#1259,.T.);
#3028=EDGE_CURVE('',#2349,#2353,#226,.T.);
#3029=EDGE_CURVE('',#2353,#2354,#1260,.T.);
#3030=EDGE_CURVE('',#2354,#2350,#227,.T.);
#3031=EDGE_CURVE('',#2352,#2355,#1261,.T.);
#3032=EDGE_CURVE('',#2355,#2354,#1262,.T.);
#3033=EDGE_CURVE('',#2356,#2357,#1263,.T.);
#3034=EDGE_CURVE('',#2356,#2358,#1264,.T.);
#3035=EDGE_CURVE('',#2358,#2355,#1265,.T.);
#3036=EDGE_CURVE('',#2357,#2340,#21,.T.);
#3037=EDGE_CURVE('',#2347,#2356,#228,.T.);
#3038=EDGE_CURVE('',#2351,#2358,#229,.T.);
#3039=EDGE_CURVE('',#2359,#2357,#1266,.T.);
#3040=EDGE_CURVE('',#2360,#2359,#1267,.T.);
#3041=EDGE_CURVE('',#2360,#2361,#1268,.T.);
#3042=EDGE_CURVE('',#2361,#2362,#1269,.T.);
#3043=EDGE_CURVE('',#2362,#2363,#1270,.T.);
#3044=EDGE_CURVE('',#2363,#2364,#1271,.T.);
#3045=EDGE_CURVE('',#2365,#2364,#1272,.T.);
#3046=EDGE_CURVE('',#2366,#2365,#1273,.T.);
#3047=EDGE_CURVE('',#2346,#2366,#230,.T.);
#3048=EDGE_CURVE('',#2367,#2367,#231,.T.);
#3049=EDGE_CURVE('',#2359,#2339,#232,.T.);
#3050=EDGE_CURVE('',#2368,#2369,#233,.T.);
#3051=EDGE_CURVE('',#2368,#2370,#1274,.T.);
#3052=EDGE_CURVE('',#2371,#2370,#234,.T.);
#3053=EDGE_CURVE('',#2371,#2369,#1275,.T.);
#3054=EDGE_CURVE('',#2372,#2368,#1276,.T.);
#3055=EDGE_CURVE('',#2288,#2372,#22,.T.);
#3056=EDGE_CURVE('',#2373,#2288,#1277,.T.);
#3057=EDGE_CURVE('',#2373,#2374,#1278,.T.);
#3058=EDGE_CURVE('',#2370,#2374,#1279,.T.);
#3059=EDGE_CURVE('',#2369,#2375,#1280,.T.);
#3060=EDGE_CURVE('',#2376,#2371,#1281,.T.);
#3061=EDGE_CURVE('',#2377,#2376,#1282,.T.);
#3062=EDGE_CURVE('',#2378,#2377,#1283,.T.);
#3063=EDGE_CURVE('',#2375,#2378,#235,.T.);
#3064=EDGE_CURVE('',#2379,#2376,#236,.T.);
#3065=EDGE_CURVE('',#2380,#2379,#1284,.T.);
#3066=EDGE_CURVE('',#2377,#2380,#237,.T.);
#3067=EDGE_CURVE('',#2374,#2379,#1285,.T.);
#3068=EDGE_CURVE('',#2380,#2373,#1286,.T.);
#3069=EDGE_CURVE('',#2378,#2381,#238,.T.);
#3070=EDGE_CURVE('',#2381,#2382,#239,.T.);
#3071=EDGE_CURVE('',#2383,#2382,#240,.T.);
#3072=EDGE_CURVE('',#2383,#2375,#241,.T.);
#3073=EDGE_CURVE('',#2381,#2287,#1287,.T.);
#3074=EDGE_CURVE('',#2384,#2384,#242,.T.);
#3075=EDGE_CURVE('',#2042,#2385,#1905,.T.);
#3076=EDGE_CURVE('',#2386,#2385,#1906,.T.);
#3077=EDGE_CURVE('',#2098,#2386,#1907,.T.);
#3078=EDGE_CURVE('',#2064,#2387,#1908,.T.);
#3079=EDGE_CURVE('',#2387,#2388,#1909,.T.);
#3080=EDGE_CURVE('',#2389,#2388,#1910,.T.);
#3081=EDGE_CURVE('',#2381,#2389,#1911,.T.);
#3082=EDGE_CURVE('',#2091,#2390,#243,.T.);
#3083=EDGE_CURVE('',#2390,#2391,#244,.T.);
#3084=EDGE_CURVE('',#2391,#2086,#245,.T.);
#3085=EDGE_CURVE('',#2085,#2092,#1288,.T.);
#3086=EDGE_CURVE('',#2051,#2391,#1289,.T.);
#3087=EDGE_CURVE('',#2390,#2076,#1290,.T.);
#3088=EDGE_CURVE('',#2392,#2392,#246,.T.);
#3089=EDGE_CURVE('',#2392,#2035,#1291,.T.);
#3090=EDGE_CURVE('',#2105,#2393,#1912,.T.);
#3091=EDGE_CURVE('',#2394,#2104,#1913,.T.);
#3092=EDGE_CURVE('',#2393,#2394,#1292,.T.);
#3093=EDGE_CURVE('',#2395,#2101,#1914,.T.);
#3094=EDGE_CURVE('',#2177,#2395,#1915,.T.);
#3095=EDGE_CURVE('',#2396,#2176,#1916,.T.);
#3096=EDGE_CURVE('',#2394,#2396,#1917,.T.);
#3097=EDGE_CURVE('',#2397,#2041,#1918,.T.);
#3098=EDGE_CURVE('',#2398,#2397,#1919,.T.);
#3099=EDGE_CURVE('',#2399,#2398,#1920,.T.);
#3100=EDGE_CURVE('',#2400,#2399,#1921,.T.);
#3101=EDGE_CURVE('',#2401,#2400,#1293,.T.);
#3102=EDGE_CURVE('',#2385,#2401,#23,.T.);
#3103=EDGE_CURVE('',#2398,#2402,#1922,.T.);
#3104=EDGE_CURVE('',#2402,#2397,#1923,.T.);
#3105=EDGE_CURVE('',#2400,#2174,#1924,.T.);
#3106=EDGE_CURVE('',#2403,#2399,#1925,.T.);
#3107=EDGE_CURVE('',#2101,#2403,#1926,.T.);
#3108=EDGE_CURVE('',#2404,#2386,#1927,.T.);
#3109=EDGE_CURVE('',#2404,#2405,#247,.T.);
#3110=EDGE_CURVE('',#2405,#2175,#248,.T.);
#3111=EDGE_CURVE('',#2401,#2332,#1294,.T.);
#3112=EDGE_CURVE('',#2331,#2404,#1295,.T.);
#3113=EDGE_CURVE('',#2397,#2040,#1928,.T.);
#3114=EDGE_CURVE('',#2399,#2398,#1929,.T.);
#3115=EDGE_CURVE('',#2406,#2395,#1296,.T.);
#3116=EDGE_CURVE('',#2406,#2178,#1930,.T.);
#3117=EDGE_CURVE('',#2407,#2164,#1297,.T.);
#3118=EDGE_CURVE('',#2408,#2407,#1931,.T.);
#3119=EDGE_CURVE('',#2409,#2408,#1932,.T.);
#3120=EDGE_CURVE('',#2410,#2409,#1933,.T.);
#3121=EDGE_CURVE('',#2411,#2410,#1934,.T.);
#3122=EDGE_CURVE('',#2411,#2106,#1935,.T.);
#3123=EDGE_CURVE('',#2412,#2393,#1936,.T.);
#3124=EDGE_CURVE('',#2179,#2412,#1937,.T.);
#3125=EDGE_CURVE('',#2413,#2406,#1938,.T.);
#3126=EDGE_CURVE('',#2414,#2413,#1939,.T.);
#3127=EDGE_CURVE('',#2415,#2414,#1940,.T.);
#3128=EDGE_CURVE('',#2416,#2415,#1941,.T.);
#3129=EDGE_CURVE('',#2089,#2416,#1942,.T.);
#3130=EDGE_CURVE('',#2388,#2409,#1298,.T.);
#3131=EDGE_CURVE('',#2410,#2387,#1299,.T.);
#3132=EDGE_CURVE('',#2407,#2321,#249,.T.);
#3133=EDGE_CURVE('',#2412,#2396,#1300,.T.);
#3134=EDGE_CURVE('',#2384,#2094,#1301,.T.);
#3135=EDGE_CURVE('',#2411,#2097,#1302,.T.);
#3136=EDGE_CURVE('',#2416,#2402,#1303,.T.);
#3137=EDGE_CURVE('',#2415,#2399,#1304,.T.);
#3138=EDGE_CURVE('',#2414,#2403,#1305,.T.);
#3139=EDGE_CURVE('',#2413,#2101,#1306,.T.);
#3140=EDGE_CURVE('',#2345,#2417,#250,.T.);
#3141=EDGE_CURVE('',#2417,#2408,#1307,.T.);
#3142=EDGE_CURVE('',#2389,#2382,#1308,.T.);
#3143=EDGE_CURVE('',#2417,#2418,#1309,.T.);
#3144=EDGE_CURVE('',#2418,#2419,#1310,.T.);
#3145=EDGE_CURVE('',#2420,#2419,#1943,.T.);
#3146=EDGE_CURVE('',#2382,#2420,#1311,.T.);
#3147=EDGE_CURVE('',#2421,#2180,#251,.T.);
#3148=EDGE_CURVE('',#2421,#2317,#252,.T.);
#3149=EDGE_CURVE('',#2175,#2422,#253,.T.);
#3150=EDGE_CURVE('',#2422,#2423,#1312,.T.);
#3151=EDGE_CURVE('',#2424,#2423,#1944,.T.);
#3152=EDGE_CURVE('',#2424,#2421,#1313,.T.);
#3153=EDGE_CURVE('',#2405,#2422,#254,.T.);
#3154=EDGE_CURVE('',#2259,#2330,#255,.T.);
#3155=EDGE_CURVE('',#2308,#2303,#1314,.T.);
#3156=EDGE_CURVE('',#2425,#2307,#256,.T.);
#3157=EDGE_CURVE('',#2423,#2425,#1945,.T.);
#3158=EDGE_CURVE('',#2426,#2424,#1946,.T.);
#3159=EDGE_CURVE('',#2427,#2426,#257,.T.);
#3160=EDGE_CURVE('',#2428,#2427,#1315,.T.);
#3161=EDGE_CURVE('',#2429,#2428,#1316,.T.);
#3162=EDGE_CURVE('',#2430,#2429,#258,.T.);
#3163=EDGE_CURVE('',#2431,#2430,#1317,.T.);
#3164=EDGE_CURVE('',#2432,#2431,#1318,.T.);
#3165=EDGE_CURVE('',#2334,#2432,#259,.T.);
#3166=EDGE_CURVE('',#2431,#2433,#1319,.T.);
#3167=EDGE_CURVE('',#2434,#2433,#1320,.T.);
#3168=EDGE_CURVE('',#2435,#2434,#1947,.T.);
#3169=EDGE_CURVE('',#2435,#2432,#1321,.T.);
#3170=EDGE_CURVE('',#2227,#2425,#1322,.T.);
#3171=EDGE_CURVE('',#2271,#2227,#1948,.T.);
#3172=EDGE_CURVE('',#2436,#2269,#1949,.T.);
#3173=EDGE_CURVE('',#2437,#2436,#1950,.T.);
#3174=EDGE_CURVE('',#2437,#2438,#1951,.T.);
#3175=EDGE_CURVE('',#2439,#2438,#1952,.T.);
#3176=EDGE_CURVE('',#2440,#2439,#1953,.T.);
#3177=EDGE_CURVE('',#2441,#2440,#1954,.T.);
#3178=EDGE_CURVE('',#2441,#2442,#1955,.T.);
#3179=EDGE_CURVE('',#2443,#2442,#1956,.T.);
#3180=EDGE_CURVE('',#2426,#2443,#1323,.T.);
#3181=EDGE_CURVE('',#2444,#2430,#1324,.T.);
#3182=EDGE_CURVE('',#2433,#2444,#1325,.T.);
#3183=EDGE_CURVE('',#2445,#2429,#1326,.T.);
#3184=EDGE_CURVE('',#2446,#2445,#260,.T.);
#3185=EDGE_CURVE('',#2446,#2447,#24,.T.);
#3186=EDGE_CURVE('',#2447,#2448,#261,.T.);
#3187=EDGE_CURVE('',#2448,#2449,#25,.T.);
#3188=EDGE_CURVE('',#2444,#2449,#262,.T.);
#3189=EDGE_CURVE('',#2450,#2428,#1327,.T.);
#3190=EDGE_CURVE('',#2445,#2450,#1328,.T.);
#3191=EDGE_CURVE('',#2451,#2443,#263,.T.);
#3192=EDGE_CURVE('',#2451,#2427,#1329,.T.);
#3193=EDGE_CURVE('',#2452,#2451,#1957,.T.);
#3194=EDGE_CURVE('',#2450,#2452,#1330,.T.);
#3195=EDGE_CURVE('',#2335,#2435,#264,.T.);
#3196=EDGE_CURVE('',#2453,#2336,#1958,.T.);
#3197=EDGE_CURVE('',#2335,#2454,#265,.T.);
#3198=EDGE_CURVE('',#2454,#2453,#1331,.T.);
#3199=EDGE_CURVE('',#2443,#2455,#266,.T.);
#3200=EDGE_CURVE('',#2455,#2454,#267,.T.);
#3201=EDGE_CURVE('',#2434,#2452,#268,.T.);
#3202=EDGE_CURVE('',#2442,#2456,#1959,.T.);
#3203=EDGE_CURVE('',#2456,#2455,#1960,.T.);
#3204=EDGE_CURVE('',#2457,#2440,#1961,.F.);
#3205=EDGE_CURVE('',#2458,#2457,#269,.T.);
#3206=EDGE_CURVE('',#2337,#2458,#1962,.F.);
#3207=EDGE_CURVE('',#2456,#2453,#270,.T.);
#3208=EDGE_CURVE('',#2449,#2459,#1332,.T.);
#3209=EDGE_CURVE('',#2459,#2460,#271,.T.);
#3210=EDGE_CURVE('',#2460,#2446,#1333,.T.);
#3211=EDGE_CURVE('',#2438,#2461,#1963,.T.);
#3212=EDGE_CURVE('',#2461,#2462,#1964,.T.);
#3213=EDGE_CURVE('',#2462,#2439,#272,.T.);
#3214=EDGE_CURVE('',#2462,#2457,#1965,.T.);
#3215=EDGE_CURVE('',#2462,#2463,#1334,.T.);
#3216=EDGE_CURVE('',#2458,#2463,#1335,.T.);
#3217=EDGE_CURVE('',#2461,#2464,#1966,.T.);
#3218=EDGE_CURVE('',#2464,#2465,#1967,.T.);
#3219=EDGE_CURVE('',#2365,#2465,#1968,.T.);
#3220=EDGE_CURVE('',#2364,#2466,#1969,.T.);
#3221=EDGE_CURVE('',#2466,#2467,#1970,.T.);
#3222=EDGE_CURVE('',#2467,#2360,#1971,.T.);
#3223=EDGE_CURVE('',#2463,#2359,#1972,.T.);
#3224=EDGE_CURVE('',#2285,#2437,#1973,.T.);
#3225=EDGE_CURVE('',#2284,#2464,#1336,.T.);
#3226=EDGE_CURVE('',#2463,#2338,#273,.T.);
#3227=EDGE_CURVE('',#2366,#2468,#274,.T.);
#3228=EDGE_CURVE('',#2468,#2348,#275,.T.);
#3229=EDGE_CURVE('',#2365,#2469,#276,.T.);
#3230=EDGE_CURVE('',#2469,#2468,#1337,.T.);
#3231=EDGE_CURVE('',#2465,#2470,#1974,.T.);
#3232=EDGE_CURVE('',#2470,#2469,#1975,.T.);
#3233=EDGE_CURVE('',#2468,#2471,#1338,.T.);
#3234=EDGE_CURVE('',#2471,#2342,#277,.T.);
#3235=EDGE_CURVE('',#2470,#2472,#1339,.T.);
#3236=EDGE_CURVE('',#2472,#2471,#1340,.T.);
#3237=EDGE_CURVE('',#2419,#2283,#1976,.T.);
#3238=EDGE_CURVE('',#2473,#2418,#1341,.T.);
#3239=EDGE_CURVE('',#2474,#2473,#1342,.T.);
#3240=EDGE_CURVE('',#2472,#2474,#1343,.T.);
#3241=EDGE_CURVE('',#2279,#2436,#278,.T.);
#3242=EDGE_CURVE('',#2276,#2245,#1344,.T.);
#3243=EDGE_CURVE('',#2282,#2420,#279,.T.);
#3244=EDGE_CURVE('',#2282,#2383,#1345,.T.);
#3245=EDGE_CURVE('',#2372,#2281,#1346,.T.);
#3246=EDGE_CURVE('',#2475,#2475,#1977,.T.);
#3247=EDGE_CURVE('',#2476,#2474,#280,.T.);
#3248=EDGE_CURVE('',#2477,#2476,#281,.T.);
#3249=EDGE_CURVE('',#2478,#2477,#282,.T.);
#3250=EDGE_CURVE('',#2479,#2478,#283,.T.);
#3251=EDGE_CURVE('',#2480,#2479,#284,.T.);
#3252=EDGE_CURVE('',#2481,#2480,#285,.T.);
#3253=EDGE_CURVE('',#2343,#2481,#286,.T.);
#3254=EDGE_CURVE('',#2473,#2482,#287,.T.);
#3255=EDGE_CURVE('',#2476,#2482,#1347,.T.);
#3256=EDGE_CURVE('',#2483,#2484,#1978,.T.);
#3257=EDGE_CURVE('',#2485,#2483,#1979,.F.);
#3258=EDGE_CURVE('',#2485,#2486,#1980,.T.);
#3259=EDGE_CURVE('',#2486,#2487,#288,.T.);
#3260=EDGE_CURVE('',#2487,#2484,#1981,.T.);
#3261=EDGE_CURVE('',#2486,#2488,#1982,.T.);
#3262=EDGE_CURVE('',#2488,#2487,#289,.T.);
#3263=EDGE_CURVE('',#2489,#2490,#1983,.T.);
#3264=EDGE_CURVE('',#2489,#2491,#1984,.T.);
#3265=EDGE_CURVE('',#2491,#2492,#290,.T.);
#3266=EDGE_CURVE('',#2492,#2493,#1985,.T.);
#3267=EDGE_CURVE('',#2493,#2490,#1986,.T.);
#3268=EDGE_CURVE('',#2491,#2488,#291,.T.);
#3269=EDGE_CURVE('',#2488,#2492,#1987,.T.);
#3270=EDGE_CURVE('',#2494,#2483,#1348,.T.);
#3271=EDGE_CURVE('',#2484,#2495,#49,.T.);
#3272=EDGE_CURVE('',#2495,#2496,#1988,.T.);
#3273=EDGE_CURVE('',#2496,#2497,#1349,.T.);
#3274=EDGE_CURVE('',#2362,#2497,#1350,.T.);
#3275=EDGE_CURVE('',#2494,#2361,#1351,.T.);
#3276=EDGE_CURVE('',#2487,#2498,#292,.T.);
#3277=EDGE_CURVE('',#2495,#2498,#1989,.T.);
#3278=EDGE_CURVE('',#2499,#2489,#50,.T.);
#3279=EDGE_CURVE('',#2500,#2499,#1990,.T.);
#3280=EDGE_CURVE('',#2500,#2501,#293,.T.);
#3281=EDGE_CURVE('',#2501,#2491,#294,.T.);
#3282=EDGE_CURVE('',#2490,#2502,#1352,.T.);
#3283=EDGE_CURVE('',#2502,#2466,#1353,.T.);
#3284=EDGE_CURVE('',#2503,#2363,#1354,.T.);
#3285=EDGE_CURVE('',#2503,#2504,#1355,.T.);
#3286=EDGE_CURVE('',#2504,#2499,#1991,.T.);
#3287=EDGE_CURVE('',#2498,#2505,#295,.T.);
#3288=EDGE_CURVE('',#2505,#2506,#1992,.T.);
#3289=EDGE_CURVE('',#2506,#2496,#1993,.T.);
#3290=EDGE_CURVE('',#2498,#2507,#296,.T.);
#3291=EDGE_CURVE('',#2507,#2505,#1994,.T.);
#3292=EDGE_CURVE('',#2508,#2504,#1995,.F.);
#3293=EDGE_CURVE('',#2508,#2509,#1996,.T.);
#3294=EDGE_CURVE('',#2509,#2500,#297,.T.);
#3295=EDGE_CURVE('',#2509,#2507,#1997,.T.);
#3296=EDGE_CURVE('',#2507,#2500,#298,.T.);
#3297=EDGE_CURVE('',#2497,#2506,#1356,.T.);
#3298=EDGE_CURVE('',#2508,#2503,#1357,.T.);
#3299=EDGE_CURVE('',#2501,#2510,#1358,.T.);
#3300=EDGE_CURVE('',#2511,#2510,#299,.T.);
#3301=EDGE_CURVE('',#2512,#2511,#1359,.T.);
#3302=EDGE_CURVE('',#2512,#2513,#300,.T.);
#3303=EDGE_CURVE('',#2514,#2513,#1360,.T.);
#3304=EDGE_CURVE('',#2515,#2514,#301,.T.);
#3305=EDGE_CURVE('',#2516,#2515,#1361,.T.);
#3306=EDGE_CURVE('',#2516,#2517,#302,.T.);
#3307=EDGE_CURVE('',#2518,#2517,#1362,.T.);
#3308=EDGE_CURVE('',#2510,#2518,#303,.T.);
#3309=EDGE_CURVE('',#2519,#2520,#1363,.T.);
#3310=EDGE_CURVE('',#2520,#2516,#1364,.F.);
#3311=EDGE_CURVE('',#2515,#2519,#1998,.T.);
#3312=EDGE_CURVE('',#2514,#2480,#1999,.F.);
#3313=EDGE_CURVE('',#2479,#2519,#2000,.T.);
#3314=EDGE_CURVE('',#2521,#2478,#2001,.T.);
#3315=EDGE_CURVE('',#2522,#2521,#1365,.T.);
#3316=EDGE_CURVE('',#2522,#2520,#304,.T.);
#3317=EDGE_CURVE('',#2477,#2511,#2002,.F.);
#3318=EDGE_CURVE('',#2518,#2521,#2003,.T.);
#3319=EDGE_CURVE('',#2517,#2522,#1366,.F.);
#3320=EDGE_CURVE('',#2485,#2494,#1367,.T.);
#3321=EDGE_CURVE('',#2502,#2493,#1368,.T.);
#3322=EDGE_CURVE('',#2482,#2512,#305,.T.);
#3323=EDGE_CURVE('',#2513,#2523,#306,.T.);
#3324=EDGE_CURVE('',#2481,#2523,#1369,.T.);
#3325=EDGE_CURVE('',#2523,#2344,#307,.T.);
#3326=EDGE_CURVE('',#2524,#2525,#308,.T.);
#3327=EDGE_CURVE('',#2524,#2095,#1370,.T.);
#3328=EDGE_CURVE('',#2525,#2524,#309,.T.);
#3329=EDGE_CURVE('',#2475,#2526,#310,.T.);
#3330=EDGE_CURVE('',#2526,#2527,#2004,.T.);
#3331=EDGE_CURVE('',#2527,#2526,#2005,.T.);
#3332=EDGE_CURVE('',#2525,#2527,#311,.T.);
#3333=EDGE_CURVE('',#2528,#2529,#312,.T.);
#3334=EDGE_CURVE('',#2529,#2530,#1371,.T.);
#3335=EDGE_CURVE('',#2530,#2531,#313,.T.);
#3336=EDGE_CURVE('',#2531,#2528,#1372,.T.);
#3337=EDGE_CURVE('',#2528,#2532,#1373,.T.);
#3338=EDGE_CURVE('',#2532,#2533,#314,.T.);
#3339=EDGE_CURVE('',#2533,#2529,#1374,.T.);
#3340=EDGE_CURVE('',#2531,#2534,#1375,.T.);
#3341=EDGE_CURVE('',#2534,#2532,#1376,.T.);
#3342=EDGE_CURVE('',#2530,#2535,#1377,.T.);
#3343=EDGE_CURVE('',#2535,#2534,#315,.T.);
#3344=EDGE_CURVE('',#2533,#2535,#1378,.T.);
#3345=EDGE_CURVE('',#2367,#2536,#1379,.T.);
#3346=EDGE_CURVE('',#2536,#2536,#316,.T.);
#3347=EDGE_CURVE('',#2537,#2459,#26,.T.);
#3348=EDGE_CURVE('',#2538,#2537,#317,.T.);
#3349=EDGE_CURVE('',#2460,#2538,#27,.T.);
#3350=EDGE_CURVE('',#2448,#2537,#1380,.T.);
#3351=EDGE_CURVE('',#2538,#2447,#1381,.T.);
#3352=ORIENTED_EDGE('',*,*,#2539,.F.);
#3353=ORIENTED_EDGE('',*,*,#2540,.F.);
#3354=ORIENTED_EDGE('',*,*,#2541,.T.);
#3355=ORIENTED_EDGE('',*,*,#2542,.F.);
#3356=ORIENTED_EDGE('',*,*,#2543,.F.);
#3357=ORIENTED_EDGE('',*,*,#2544,.F.);
#3358=ORIENTED_EDGE('',*,*,#2541,.F.);
#3359=ORIENTED_EDGE('',*,*,#2545,.F.);
#3360=ORIENTED_EDGE('',*,*,#2546,.T.);
#3361=ORIENTED_EDGE('',*,*,#2543,.T.);
#3362=ORIENTED_EDGE('',*,*,#2547,.T.);
#3363=ORIENTED_EDGE('',*,*,#2548,.T.);
#3364=ORIENTED_EDGE('',*,*,#2549,.T.);
#3365=ORIENTED_EDGE('',*,*,#2550,.T.);
#3366=ORIENTED_EDGE('',*,*,#2551,.T.);
#3367=ORIENTED_EDGE('',*,*,#2552,.T.);
#3368=ORIENTED_EDGE('',*,*,#2553,.T.);
#3369=ORIENTED_EDGE('',*,*,#2554,.F.);
#3370=ORIENTED_EDGE('',*,*,#2555,.T.);
#3371=ORIENTED_EDGE('',*,*,#2556,.T.);
#3372=ORIENTED_EDGE('',*,*,#2557,.F.);
#3373=ORIENTED_EDGE('',*,*,#2558,.F.);
#3374=ORIENTED_EDGE('',*,*,#2559,.F.);
#3375=ORIENTED_EDGE('',*,*,#2556,.F.);
#3376=ORIENTED_EDGE('',*,*,#2560,.F.);
#3377=ORIENTED_EDGE('',*,*,#2561,.F.);
#3378=ORIENTED_EDGE('',*,*,#2557,.T.);
#3379=ORIENTED_EDGE('',*,*,#2559,.T.);
#3380=ORIENTED_EDGE('',*,*,#2562,.F.);
#3381=ORIENTED_EDGE('',*,*,#2563,.F.);
#3382=ORIENTED_EDGE('',*,*,#2564,.F.);
#3383=ORIENTED_EDGE('',*,*,#2565,.F.);
#3384=ORIENTED_EDGE('',*,*,#2566,.F.);
#3385=ORIENTED_EDGE('',*,*,#2567,.F.);
#3386=ORIENTED_EDGE('',*,*,#2558,.T.);
#3387=ORIENTED_EDGE('',*,*,#2568,.T.);
#3388=ORIENTED_EDGE('',*,*,#2569,.F.);
#3389=ORIENTED_EDGE('',*,*,#2562,.T.);
#3390=ORIENTED_EDGE('',*,*,#2570,.F.);
#3391=ORIENTED_EDGE('',*,*,#2571,.F.);
#3392=ORIENTED_EDGE('',*,*,#2572,.T.);
#3393=ORIENTED_EDGE('',*,*,#2573,.T.);
#3394=ORIENTED_EDGE('',*,*,#2572,.F.);
#3395=ORIENTED_EDGE('',*,*,#2573,.F.);
#3396=ORIENTED_EDGE('',*,*,#2574,.F.);
#3397=ORIENTED_EDGE('',*,*,#2575,.F.);
#3398=ORIENTED_EDGE('',*,*,#2576,.T.);
#3399=ORIENTED_EDGE('',*,*,#2577,.F.);
#3400=ORIENTED_EDGE('',*,*,#2578,.F.);
#3401=ORIENTED_EDGE('',*,*,#2579,.F.);
#3402=ORIENTED_EDGE('',*,*,#2580,.F.);
#3403=ORIENTED_EDGE('',*,*,#2581,.F.);
#3404=ORIENTED_EDGE('',*,*,#2582,.F.);
#3405=ORIENTED_EDGE('',*,*,#2583,.T.);
#3406=ORIENTED_EDGE('',*,*,#2584,.T.);
#3407=ORIENTED_EDGE('',*,*,#2585,.F.);
#3408=ORIENTED_EDGE('',*,*,#2586,.F.);
#3409=ORIENTED_EDGE('',*,*,#2587,.F.);
#3410=ORIENTED_EDGE('',*,*,#2588,.T.);
#3411=ORIENTED_EDGE('',*,*,#2583,.F.);
#3412=ORIENTED_EDGE('',*,*,#2589,.F.);
#3413=ORIENTED_EDGE('',*,*,#2590,.F.);
#3414=ORIENTED_EDGE('',*,*,#2576,.F.);
#3415=ORIENTED_EDGE('',*,*,#2591,.F.);
#3416=ORIENTED_EDGE('',*,*,#2592,.F.);
#3417=ORIENTED_EDGE('',*,*,#2593,.F.);
#3418=ORIENTED_EDGE('',*,*,#2584,.F.);
#3419=ORIENTED_EDGE('',*,*,#2588,.F.);
#3420=ORIENTED_EDGE('',*,*,#2594,.F.);
#3421=ORIENTED_EDGE('',*,*,#2595,.T.);
#3422=ORIENTED_EDGE('',*,*,#2596,.F.);
#3423=ORIENTED_EDGE('',*,*,#2597,.F.);
#3424=ORIENTED_EDGE('',*,*,#2598,.F.);
#3425=ORIENTED_EDGE('',*,*,#2599,.F.);
#3426=ORIENTED_EDGE('',*,*,#2600,.F.);
#3427=ORIENTED_EDGE('',*,*,#2601,.F.);
#3428=ORIENTED_EDGE('',*,*,#2602,.F.);
#3429=ORIENTED_EDGE('',*,*,#2603,.F.);
#3430=ORIENTED_EDGE('',*,*,#2604,.F.);
#3431=ORIENTED_EDGE('',*,*,#2605,.F.);
#3432=ORIENTED_EDGE('',*,*,#2606,.F.);
#3433=ORIENTED_EDGE('',*,*,#2607,.F.);
#3434=ORIENTED_EDGE('',*,*,#2608,.F.);
#3435=ORIENTED_EDGE('',*,*,#2609,.F.);
#3436=ORIENTED_EDGE('',*,*,#2610,.F.);
#3437=ORIENTED_EDGE('',*,*,#2611,.F.);
#3438=ORIENTED_EDGE('',*,*,#2612,.T.);
#3439=ORIENTED_EDGE('',*,*,#2613,.F.);
#3440=ORIENTED_EDGE('',*,*,#2614,.F.);
#3441=ORIENTED_EDGE('',*,*,#2615,.T.);
#3442=ORIENTED_EDGE('',*,*,#2616,.F.);
#3443=ORIENTED_EDGE('',*,*,#2617,.F.);
#3444=ORIENTED_EDGE('',*,*,#2612,.F.);
#3445=ORIENTED_EDGE('',*,*,#2618,.F.);
#3446=ORIENTED_EDGE('',*,*,#2619,.F.);
#3447=ORIENTED_EDGE('',*,*,#2620,.F.);
#3448=ORIENTED_EDGE('',*,*,#2595,.F.);
#3449=ORIENTED_EDGE('',*,*,#2621,.F.);
#3450=ORIENTED_EDGE('',*,*,#2615,.F.);
#3451=ORIENTED_EDGE('',*,*,#2622,.F.);
#3452=ORIENTED_EDGE('',*,*,#2618,.T.);
#3453=ORIENTED_EDGE('',*,*,#2611,.T.);
#3454=ORIENTED_EDGE('',*,*,#2623,.F.);
#3455=ORIENTED_EDGE('',*,*,#2624,.F.);
#3456=ORIENTED_EDGE('',*,*,#2599,.T.);
#3457=ORIENTED_EDGE('',*,*,#2577,.T.);
#3458=ORIENTED_EDGE('',*,*,#2590,.T.);
#3459=ORIENTED_EDGE('',*,*,#2625,.F.);
#3460=ORIENTED_EDGE('',*,*,#2626,.F.);
#3461=ORIENTED_EDGE('',*,*,#2627,.T.);
#3462=ORIENTED_EDGE('',*,*,#2628,.F.);
#3463=ORIENTED_EDGE('',*,*,#2629,.F.);
#3464=ORIENTED_EDGE('',*,*,#2630,.T.);
#3465=ORIENTED_EDGE('',*,*,#2631,.T.);
#3466=ORIENTED_EDGE('',*,*,#2591,.T.);
#3467=ORIENTED_EDGE('',*,*,#2587,.T.);
#3468=ORIENTED_EDGE('',*,*,#2632,.T.);
#3469=ORIENTED_EDGE('',*,*,#2633,.T.);
#3470=ORIENTED_EDGE('',*,*,#2634,.F.);
#3471=ORIENTED_EDGE('',*,*,#2635,.T.);
#3472=ORIENTED_EDGE('',*,*,#2636,.T.);
#3473=ORIENTED_EDGE('',*,*,#2637,.T.);
#3474=ORIENTED_EDGE('',*,*,#2638,.F.);
#3475=ORIENTED_EDGE('',*,*,#2639,.T.);
#3476=ORIENTED_EDGE('',*,*,#2578,.T.);
#3477=ORIENTED_EDGE('',*,*,#2631,.F.);
#3478=ORIENTED_EDGE('',*,*,#2640,.F.);
#3479=ORIENTED_EDGE('',*,*,#2637,.F.);
#3480=ORIENTED_EDGE('',*,*,#2616,.T.);
#3481=ORIENTED_EDGE('',*,*,#2621,.T.);
#3482=ORIENTED_EDGE('',*,*,#2594,.T.);
#3483=ORIENTED_EDGE('',*,*,#2641,.T.);
#3484=ORIENTED_EDGE('',*,*,#2642,.T.);
#3485=ORIENTED_EDGE('',*,*,#2643,.F.);
#3486=ORIENTED_EDGE('',*,*,#2644,.T.);
#3487=ORIENTED_EDGE('',*,*,#2645,.T.);
#3488=ORIENTED_EDGE('',*,*,#2605,.T.);
#3489=ORIENTED_EDGE('',*,*,#2646,.T.);
#3490=ORIENTED_EDGE('',*,*,#2647,.T.);
#3491=ORIENTED_EDGE('',*,*,#2641,.F.);
#3492=ORIENTED_EDGE('',*,*,#2648,.F.);
#3493=ORIENTED_EDGE('',*,*,#2586,.T.);
#3494=ORIENTED_EDGE('',*,*,#2649,.F.);
#3495=ORIENTED_EDGE('',*,*,#2613,.T.);
#3496=ORIENTED_EDGE('',*,*,#2617,.T.);
#3497=ORIENTED_EDGE('',*,*,#2645,.F.);
#3498=ORIENTED_EDGE('',*,*,#2650,.F.);
#3499=ORIENTED_EDGE('',*,*,#2632,.F.);
#3500=ORIENTED_EDGE('',*,*,#2603,.T.);
#3501=ORIENTED_EDGE('',*,*,#2651,.T.);
#3502=ORIENTED_EDGE('',*,*,#2652,.T.);
#3503=ORIENTED_EDGE('',*,*,#2597,.T.);
#3504=ORIENTED_EDGE('',*,*,#2653,.T.);
#3505=ORIENTED_EDGE('',*,*,#2654,.T.);
#3506=ORIENTED_EDGE('',*,*,#2608,.T.);
#3507=ORIENTED_EDGE('',*,*,#2655,.F.);
#3508=ORIENTED_EDGE('',*,*,#2656,.F.);
#3509=ORIENTED_EDGE('',*,*,#2657,.F.);
#3510=ORIENTED_EDGE('',*,*,#2658,.F.);
#3511=ORIENTED_EDGE('',*,*,#2659,.F.);
#3512=ORIENTED_EDGE('',*,*,#2660,.F.);
#3513=ORIENTED_EDGE('',*,*,#2602,.T.);
#3514=ORIENTED_EDGE('',*,*,#2661,.F.);
#3515=ORIENTED_EDGE('',*,*,#2662,.T.);
#3516=ORIENTED_EDGE('',*,*,#2651,.F.);
#3517=ORIENTED_EDGE('',*,*,#2609,.T.);
#3518=ORIENTED_EDGE('',*,*,#2660,.T.);
#3519=ORIENTED_EDGE('',*,*,#2663,.F.);
#3520=ORIENTED_EDGE('',*,*,#2601,.T.);
#3521=ORIENTED_EDGE('',*,*,#2664,.F.);
#3522=ORIENTED_EDGE('',*,*,#2661,.T.);
#3523=ORIENTED_EDGE('',*,*,#2623,.T.);
#3524=ORIENTED_EDGE('',*,*,#2610,.T.);
#3525=ORIENTED_EDGE('',*,*,#2663,.T.);
#3526=ORIENTED_EDGE('',*,*,#2665,.T.);
#3527=ORIENTED_EDGE('',*,*,#2666,.T.);
#3528=ORIENTED_EDGE('',*,*,#2667,.T.);
#3529=ORIENTED_EDGE('',*,*,#2668,.T.);
#3530=ORIENTED_EDGE('',*,*,#2669,.F.);
#3531=ORIENTED_EDGE('',*,*,#2670,.F.);
#3532=ORIENTED_EDGE('',*,*,#2671,.T.);
#3533=ORIENTED_EDGE('',*,*,#2672,.F.);
#3534=ORIENTED_EDGE('',*,*,#2671,.F.);
#3535=ORIENTED_EDGE('',*,*,#2673,.F.);
#3536=ORIENTED_EDGE('',*,*,#2674,.T.);
#3537=ORIENTED_EDGE('',*,*,#2675,.F.);
#3538=ORIENTED_EDGE('',*,*,#2676,.F.);
#3539=ORIENTED_EDGE('',*,*,#2674,.F.);
#3540=ORIENTED_EDGE('',*,*,#2673,.T.);
#3541=ORIENTED_EDGE('',*,*,#2677,.F.);
#3542=ORIENTED_EDGE('',*,*,#2678,.T.);
#3543=ORIENTED_EDGE('',*,*,#2679,.T.);
#3544=ORIENTED_EDGE('',*,*,#2680,.T.);
#3545=ORIENTED_EDGE('',*,*,#2681,.F.);
#3546=ORIENTED_EDGE('',*,*,#2681,.T.);
#3547=ORIENTED_EDGE('',*,*,#2682,.T.);
#3548=ORIENTED_EDGE('',*,*,#2683,.F.);
#3549=ORIENTED_EDGE('',*,*,#2684,.F.);
#3550=ORIENTED_EDGE('',*,*,#2685,.F.);
#3551=ORIENTED_EDGE('',*,*,#2686,.F.);
#3552=ORIENTED_EDGE('',*,*,#2687,.F.);
#3553=ORIENTED_EDGE('',*,*,#2688,.F.);
#3554=ORIENTED_EDGE('',*,*,#2689,.F.);
#3555=ORIENTED_EDGE('',*,*,#2690,.T.);
#3556=ORIENTED_EDGE('',*,*,#2691,.T.);
#3557=ORIENTED_EDGE('',*,*,#2692,.F.);
#3558=ORIENTED_EDGE('',*,*,#2680,.F.);
#3559=ORIENTED_EDGE('',*,*,#2693,.F.);
#3560=ORIENTED_EDGE('',*,*,#2694,.F.);
#3561=ORIENTED_EDGE('',*,*,#2695,.T.);
#3562=ORIENTED_EDGE('',*,*,#2696,.F.);
#3563=ORIENTED_EDGE('',*,*,#2682,.F.);
#3564=ORIENTED_EDGE('',*,*,#2697,.T.);
#3565=ORIENTED_EDGE('',*,*,#2565,.T.);
#3566=ORIENTED_EDGE('',*,*,#2698,.T.);
#3567=ORIENTED_EDGE('',*,*,#2699,.T.);
#3568=ORIENTED_EDGE('',*,*,#2699,.F.);
#3569=ORIENTED_EDGE('',*,*,#2700,.F.);
#3570=ORIENTED_EDGE('',*,*,#2701,.T.);
#3571=ORIENTED_EDGE('',*,*,#2690,.F.);
#3572=ORIENTED_EDGE('',*,*,#2702,.F.);
#3573=ORIENTED_EDGE('',*,*,#2703,.T.);
#3574=ORIENTED_EDGE('',*,*,#2704,.F.);
#3575=ORIENTED_EDGE('',*,*,#2705,.F.);
#3576=ORIENTED_EDGE('',*,*,#2540,.T.);
#3577=ORIENTED_EDGE('',*,*,#2706,.F.);
#3578=ORIENTED_EDGE('',*,*,#2707,.F.);
#3579=ORIENTED_EDGE('',*,*,#2678,.F.);
#3580=ORIENTED_EDGE('',*,*,#2708,.F.);
#3581=ORIENTED_EDGE('',*,*,#2709,.F.);
#3582=ORIENTED_EDGE('',*,*,#2547,.F.);
#3583=ORIENTED_EDGE('',*,*,#2545,.T.);
#3584=ORIENTED_EDGE('',*,*,#2553,.F.);
#3585=ORIENTED_EDGE('',*,*,#2710,.F.);
#3586=ORIENTED_EDGE('',*,*,#2711,.F.);
#3587=ORIENTED_EDGE('',*,*,#2542,.T.);
#3588=ORIENTED_EDGE('',*,*,#2544,.T.);
#3589=ORIENTED_EDGE('',*,*,#2546,.F.);
#3590=ORIENTED_EDGE('',*,*,#2712,.T.);
#3591=ORIENTED_EDGE('',*,*,#2713,.T.);
#3592=ORIENTED_EDGE('',*,*,#2714,.T.);
#3593=ORIENTED_EDGE('',*,*,#2715,.T.);
#3594=ORIENTED_EDGE('',*,*,#2715,.F.);
#3595=ORIENTED_EDGE('',*,*,#2716,.T.);
#3596=ORIENTED_EDGE('',*,*,#2717,.F.);
#3597=ORIENTED_EDGE('',*,*,#2718,.F.);
#3598=ORIENTED_EDGE('',*,*,#2714,.F.);
#3599=ORIENTED_EDGE('',*,*,#2719,.F.);
#3600=ORIENTED_EDGE('',*,*,#2720,.T.);
#3601=ORIENTED_EDGE('',*,*,#2721,.F.);
#3602=ORIENTED_EDGE('',*,*,#2716,.F.);
#3603=ORIENTED_EDGE('',*,*,#2722,.T.);
#3604=ORIENTED_EDGE('',*,*,#2563,.T.);
#3605=ORIENTED_EDGE('',*,*,#2569,.T.);
#3606=ORIENTED_EDGE('',*,*,#2723,.T.);
#3607=ORIENTED_EDGE('',*,*,#2724,.T.);
#3608=ORIENTED_EDGE('',*,*,#2725,.T.);
#3609=ORIENTED_EDGE('',*,*,#2726,.T.);
#3610=ORIENTED_EDGE('',*,*,#2727,.T.);
#3611=ORIENTED_EDGE('',*,*,#2725,.F.);
#3612=ORIENTED_EDGE('',*,*,#2728,.T.);
#3613=ORIENTED_EDGE('',*,*,#2629,.T.);
#3614=ORIENTED_EDGE('',*,*,#2729,.T.);
#3615=ORIENTED_EDGE('',*,*,#2730,.T.);
#3616=ORIENTED_EDGE('',*,*,#2731,.F.);
#3617=ORIENTED_EDGE('',*,*,#2732,.T.);
#3618=ORIENTED_EDGE('',*,*,#2733,.T.);
#3619=ORIENTED_EDGE('',*,*,#2734,.T.);
#3620=ORIENTED_EDGE('',*,*,#2735,.T.);
#3621=ORIENTED_EDGE('',*,*,#2736,.F.);
#3622=ORIENTED_EDGE('',*,*,#2733,.F.);
#3623=ORIENTED_EDGE('',*,*,#2737,.T.);
#3624=ORIENTED_EDGE('',*,*,#2738,.F.);
#3625=ORIENTED_EDGE('',*,*,#2739,.F.);
#3626=ORIENTED_EDGE('',*,*,#2735,.F.);
#3627=ORIENTED_EDGE('',*,*,#2740,.T.);
#3628=ORIENTED_EDGE('',*,*,#2677,.T.);
#3629=ORIENTED_EDGE('',*,*,#2692,.T.);
#3630=ORIENTED_EDGE('',*,*,#2741,.T.);
#3631=ORIENTED_EDGE('',*,*,#2700,.T.);
#3632=ORIENTED_EDGE('',*,*,#2698,.F.);
#3633=ORIENTED_EDGE('',*,*,#2564,.T.);
#3634=ORIENTED_EDGE('',*,*,#2722,.F.);
#3635=ORIENTED_EDGE('',*,*,#2742,.T.);
#3636=ORIENTED_EDGE('',*,*,#2743,.F.);
#3637=ORIENTED_EDGE('',*,*,#2730,.F.);
#3638=ORIENTED_EDGE('',*,*,#2744,.F.);
#3639=ORIENTED_EDGE('',*,*,#2708,.T.);
#3640=ORIENTED_EDGE('',*,*,#2727,.F.);
#3641=ORIENTED_EDGE('',*,*,#2745,.F.);
#3642=ORIENTED_EDGE('',*,*,#2548,.F.);
#3643=ORIENTED_EDGE('',*,*,#2709,.T.);
#3644=ORIENTED_EDGE('',*,*,#2744,.T.);
#3645=ORIENTED_EDGE('',*,*,#2734,.F.);
#3646=ORIENTED_EDGE('',*,*,#2746,.F.);
#3647=ORIENTED_EDGE('',*,*,#2747,.F.);
#3648=ORIENTED_EDGE('',*,*,#2748,.F.);
#3649=ORIENTED_EDGE('',*,*,#2749,.F.);
#3650=ORIENTED_EDGE('',*,*,#2750,.F.);
#3651=ORIENTED_EDGE('',*,*,#2732,.F.);
#3652=ORIENTED_EDGE('',*,*,#2751,.T.);
#3653=ORIENTED_EDGE('',*,*,#2752,.T.);
#3654=ORIENTED_EDGE('',*,*,#2753,.T.);
#3655=ORIENTED_EDGE('',*,*,#2737,.F.);
#3656=ORIENTED_EDGE('',*,*,#2740,.F.);
#3657=ORIENTED_EDGE('',*,*,#2753,.F.);
#3658=ORIENTED_EDGE('',*,*,#2754,.T.);
#3659=ORIENTED_EDGE('',*,*,#2755,.T.);
#3660=ORIENTED_EDGE('',*,*,#2756,.T.);
#3661=ORIENTED_EDGE('',*,*,#2757,.T.);
#3662=ORIENTED_EDGE('',*,*,#2755,.F.);
#3663=ORIENTED_EDGE('',*,*,#2758,.T.);
#3664=ORIENTED_EDGE('',*,*,#2754,.F.);
#3665=ORIENTED_EDGE('',*,*,#2752,.F.);
#3666=ORIENTED_EDGE('',*,*,#2759,.F.);
#3667=ORIENTED_EDGE('',*,*,#2760,.T.);
#3668=ORIENTED_EDGE('',*,*,#2761,.T.);
#3669=ORIENTED_EDGE('',*,*,#2762,.T.);
#3670=ORIENTED_EDGE('',*,*,#2657,.T.);
#3671=ORIENTED_EDGE('',*,*,#2763,.F.);
#3672=ORIENTED_EDGE('',*,*,#2764,.T.);
#3673=ORIENTED_EDGE('',*,*,#2765,.T.);
#3674=ORIENTED_EDGE('',*,*,#2766,.T.);
#3675=ORIENTED_EDGE('',*,*,#2767,.T.);
#3676=ORIENTED_EDGE('',*,*,#2768,.T.);
#3677=ORIENTED_EDGE('',*,*,#2769,.F.);
#3678=ORIENTED_EDGE('',*,*,#2770,.T.);
#3679=ORIENTED_EDGE('',*,*,#2771,.T.);
#3680=ORIENTED_EDGE('',*,*,#2772,.T.);
#3681=ORIENTED_EDGE('',*,*,#2773,.T.);
#3682=ORIENTED_EDGE('',*,*,#2774,.T.);
#3683=ORIENTED_EDGE('',*,*,#2775,.T.);
#3684=ORIENTED_EDGE('',*,*,#2776,.T.);
#3685=ORIENTED_EDGE('',*,*,#2777,.T.);
#3686=ORIENTED_EDGE('',*,*,#2778,.T.);
#3687=ORIENTED_EDGE('',*,*,#2779,.T.);
#3688=ORIENTED_EDGE('',*,*,#2780,.T.);
#3689=ORIENTED_EDGE('',*,*,#2781,.T.);
#3690=ORIENTED_EDGE('',*,*,#2782,.T.);
#3691=ORIENTED_EDGE('',*,*,#2770,.F.);
#3692=ORIENTED_EDGE('',*,*,#2783,.T.);
#3693=ORIENTED_EDGE('',*,*,#2784,.F.);
#3694=ORIENTED_EDGE('',*,*,#2785,.F.);
#3695=ORIENTED_EDGE('',*,*,#2771,.F.);
#3696=ORIENTED_EDGE('',*,*,#2785,.T.);
#3697=ORIENTED_EDGE('',*,*,#2786,.F.);
#3698=ORIENTED_EDGE('',*,*,#2787,.F.);
#3699=ORIENTED_EDGE('',*,*,#2772,.F.);
#3700=ORIENTED_EDGE('',*,*,#2787,.T.);
#3701=ORIENTED_EDGE('',*,*,#2788,.F.);
#3702=ORIENTED_EDGE('',*,*,#2789,.F.);
#3703=ORIENTED_EDGE('',*,*,#2773,.F.);
#3704=ORIENTED_EDGE('',*,*,#2789,.T.);
#3705=ORIENTED_EDGE('',*,*,#2790,.F.);
#3706=ORIENTED_EDGE('',*,*,#2791,.F.);
#3707=ORIENTED_EDGE('',*,*,#2774,.F.);
#3708=ORIENTED_EDGE('',*,*,#2791,.T.);
#3709=ORIENTED_EDGE('',*,*,#2792,.F.);
#3710=ORIENTED_EDGE('',*,*,#2793,.F.);
#3711=ORIENTED_EDGE('',*,*,#2775,.F.);
#3712=ORIENTED_EDGE('',*,*,#2793,.T.);
#3713=ORIENTED_EDGE('',*,*,#2794,.F.);
#3714=ORIENTED_EDGE('',*,*,#2795,.F.);
#3715=ORIENTED_EDGE('',*,*,#2776,.F.);
#3716=ORIENTED_EDGE('',*,*,#2795,.T.);
#3717=ORIENTED_EDGE('',*,*,#2796,.F.);
#3718=ORIENTED_EDGE('',*,*,#2797,.F.);
#3719=ORIENTED_EDGE('',*,*,#2777,.F.);
#3720=ORIENTED_EDGE('',*,*,#2797,.T.);
#3721=ORIENTED_EDGE('',*,*,#2798,.F.);
#3722=ORIENTED_EDGE('',*,*,#2799,.F.);
#3723=ORIENTED_EDGE('',*,*,#2778,.F.);
#3724=ORIENTED_EDGE('',*,*,#2799,.T.);
#3725=ORIENTED_EDGE('',*,*,#2800,.F.);
#3726=ORIENTED_EDGE('',*,*,#2801,.F.);
#3727=ORIENTED_EDGE('',*,*,#2779,.F.);
#3728=ORIENTED_EDGE('',*,*,#2801,.T.);
#3729=ORIENTED_EDGE('',*,*,#2802,.F.);
#3730=ORIENTED_EDGE('',*,*,#2803,.F.);
#3731=ORIENTED_EDGE('',*,*,#2780,.F.);
#3732=ORIENTED_EDGE('',*,*,#2803,.T.);
#3733=ORIENTED_EDGE('',*,*,#2804,.F.);
#3734=ORIENTED_EDGE('',*,*,#2805,.F.);
#3735=ORIENTED_EDGE('',*,*,#2781,.F.);
#3736=ORIENTED_EDGE('',*,*,#2805,.T.);
#3737=ORIENTED_EDGE('',*,*,#2806,.F.);
#3738=ORIENTED_EDGE('',*,*,#2807,.F.);
#3739=ORIENTED_EDGE('',*,*,#2782,.F.);
#3740=ORIENTED_EDGE('',*,*,#2807,.T.);
#3741=ORIENTED_EDGE('',*,*,#2808,.F.);
#3742=ORIENTED_EDGE('',*,*,#2783,.F.);
#3743=ORIENTED_EDGE('',*,*,#2809,.T.);
#3744=ORIENTED_EDGE('',*,*,#2810,.F.);
#3745=ORIENTED_EDGE('',*,*,#2811,.F.);
#3746=ORIENTED_EDGE('',*,*,#2812,.F.);
#3747=ORIENTED_EDGE('',*,*,#2813,.T.);
#3748=ORIENTED_EDGE('',*,*,#2814,.T.);
#3749=ORIENTED_EDGE('',*,*,#2815,.F.);
#3750=ORIENTED_EDGE('',*,*,#2816,.T.);
#3751=ORIENTED_EDGE('',*,*,#2817,.T.);
#3752=ORIENTED_EDGE('',*,*,#2818,.T.);
#3753=ORIENTED_EDGE('',*,*,#2819,.T.);
#3754=ORIENTED_EDGE('',*,*,#2820,.T.);
#3755=ORIENTED_EDGE('',*,*,#2821,.T.);
#3756=ORIENTED_EDGE('',*,*,#2822,.T.);
#3757=ORIENTED_EDGE('',*,*,#2823,.T.);
#3758=ORIENTED_EDGE('',*,*,#2824,.T.);
#3759=ORIENTED_EDGE('',*,*,#2825,.T.);
#3760=ORIENTED_EDGE('',*,*,#2811,.T.);
#3761=ORIENTED_EDGE('',*,*,#2826,.T.);
#3762=ORIENTED_EDGE('',*,*,#2827,.T.);
#3763=ORIENTED_EDGE('',*,*,#2828,.T.);
#3764=ORIENTED_EDGE('',*,*,#2829,.T.);
#3765=ORIENTED_EDGE('',*,*,#2830,.F.);
#3766=ORIENTED_EDGE('',*,*,#2831,.T.);
#3767=ORIENTED_EDGE('',*,*,#2832,.T.);
#3768=ORIENTED_EDGE('',*,*,#2833,.T.);
#3769=ORIENTED_EDGE('',*,*,#2824,.F.);
#3770=ORIENTED_EDGE('',*,*,#2834,.F.);
#3771=ORIENTED_EDGE('',*,*,#2835,.F.);
#3772=ORIENTED_EDGE('',*,*,#2836,.F.);
#3773=ORIENTED_EDGE('',*,*,#2837,.T.);
#3774=ORIENTED_EDGE('',*,*,#2810,.T.);
#3775=ORIENTED_EDGE('',*,*,#2838,.F.);
#3776=ORIENTED_EDGE('',*,*,#2839,.T.);
#3777=ORIENTED_EDGE('',*,*,#2826,.F.);
#3778=ORIENTED_EDGE('',*,*,#2840,.F.);
#3779=ORIENTED_EDGE('',*,*,#2841,.F.);
#3780=ORIENTED_EDGE('',*,*,#2842,.F.);
#3781=ORIENTED_EDGE('',*,*,#2843,.T.);
#3782=ORIENTED_EDGE('',*,*,#2844,.T.);
#3783=ORIENTED_EDGE('',*,*,#2845,.F.);
#3784=ORIENTED_EDGE('',*,*,#2837,.F.);
#3785=ORIENTED_EDGE('',*,*,#2846,.F.);
#3786=ORIENTED_EDGE('',*,*,#2828,.F.);
#3787=ORIENTED_EDGE('',*,*,#2847,.F.);
#3788=ORIENTED_EDGE('',*,*,#2843,.F.);
#3789=ORIENTED_EDGE('',*,*,#2848,.T.);
#3790=ORIENTED_EDGE('',*,*,#2849,.F.);
#3791=ORIENTED_EDGE('',*,*,#2850,.F.);
#3792=ORIENTED_EDGE('',*,*,#2834,.T.);
#3793=ORIENTED_EDGE('',*,*,#2823,.F.);
#3794=ORIENTED_EDGE('',*,*,#2851,.F.);
#3795=ORIENTED_EDGE('',*,*,#2852,.F.);
#3796=ORIENTED_EDGE('',*,*,#2853,.F.);
#3797=ORIENTED_EDGE('',*,*,#2854,.F.);
#3798=ORIENTED_EDGE('',*,*,#2855,.F.);
#3799=ORIENTED_EDGE('',*,*,#2856,.T.);
#3800=ORIENTED_EDGE('',*,*,#2857,.T.);
#3801=ORIENTED_EDGE('',*,*,#2821,.F.);
#3802=ORIENTED_EDGE('',*,*,#2857,.F.);
#3803=ORIENTED_EDGE('',*,*,#2858,.T.);
#3804=ORIENTED_EDGE('',*,*,#2859,.T.);
#3805=ORIENTED_EDGE('',*,*,#2822,.F.);
#3806=ORIENTED_EDGE('',*,*,#2859,.F.);
#3807=ORIENTED_EDGE('',*,*,#2860,.F.);
#3808=ORIENTED_EDGE('',*,*,#2851,.T.);
#3809=ORIENTED_EDGE('',*,*,#2861,.F.);
#3810=ORIENTED_EDGE('',*,*,#2862,.F.);
#3811=ORIENTED_EDGE('',*,*,#2844,.F.);
#3812=ORIENTED_EDGE('',*,*,#2847,.T.);
#3813=ORIENTED_EDGE('',*,*,#2827,.F.);
#3814=ORIENTED_EDGE('',*,*,#2839,.F.);
#3815=ORIENTED_EDGE('',*,*,#2863,.F.);
#3816=ORIENTED_EDGE('',*,*,#2864,.F.);
#3817=ORIENTED_EDGE('',*,*,#2865,.F.);
#3818=ORIENTED_EDGE('',*,*,#2866,.T.);
#3819=ORIENTED_EDGE('',*,*,#2867,.F.);
#3820=ORIENTED_EDGE('',*,*,#2868,.F.);
#3821=ORIENTED_EDGE('',*,*,#2848,.F.);
#3822=ORIENTED_EDGE('',*,*,#2842,.T.);
#3823=ORIENTED_EDGE('',*,*,#2845,.T.);
#3824=ORIENTED_EDGE('',*,*,#2869,.T.);
#3825=ORIENTED_EDGE('',*,*,#2870,.T.);
#3826=ORIENTED_EDGE('',*,*,#2871,.T.);
#3827=ORIENTED_EDGE('',*,*,#2872,.T.);
#3828=ORIENTED_EDGE('',*,*,#2873,.T.);
#3829=ORIENTED_EDGE('',*,*,#2874,.T.);
#3830=ORIENTED_EDGE('',*,*,#2875,.T.);
#3831=ORIENTED_EDGE('',*,*,#2818,.F.);
#3832=ORIENTED_EDGE('',*,*,#2817,.F.);
#3833=ORIENTED_EDGE('',*,*,#2833,.F.);
#3834=ORIENTED_EDGE('',*,*,#2846,.T.);
#3835=ORIENTED_EDGE('',*,*,#2836,.T.);
#3836=ORIENTED_EDGE('',*,*,#2876,.T.);
#3837=ORIENTED_EDGE('',*,*,#2877,.T.);
#3838=ORIENTED_EDGE('',*,*,#2878,.T.);
#3839=ORIENTED_EDGE('',*,*,#2869,.F.);
#3840=ORIENTED_EDGE('',*,*,#2853,.T.);
#3841=ORIENTED_EDGE('',*,*,#2879,.T.);
#3842=ORIENTED_EDGE('',*,*,#2880,.T.);
#3843=ORIENTED_EDGE('',*,*,#2881,.T.);
#3844=ORIENTED_EDGE('',*,*,#2877,.F.);
#3845=ORIENTED_EDGE('',*,*,#2882,.T.);
#3846=ORIENTED_EDGE('',*,*,#2835,.T.);
#3847=ORIENTED_EDGE('',*,*,#2850,.T.);
#3848=ORIENTED_EDGE('',*,*,#2882,.F.);
#3849=ORIENTED_EDGE('',*,*,#2876,.F.);
#3850=ORIENTED_EDGE('',*,*,#2864,.T.);
#3851=ORIENTED_EDGE('',*,*,#2883,.F.);
#3852=ORIENTED_EDGE('',*,*,#2884,.T.);
#3853=ORIENTED_EDGE('',*,*,#2885,.T.);
#3854=ORIENTED_EDGE('',*,*,#2886,.T.);
#3855=ORIENTED_EDGE('',*,*,#2880,.F.);
#3856=ORIENTED_EDGE('',*,*,#2887,.T.);
#3857=ORIENTED_EDGE('',*,*,#2888,.T.);
#3858=ORIENTED_EDGE('',*,*,#2688,.T.);
#3859=ORIENTED_EDGE('',*,*,#2889,.F.);
#3860=ORIENTED_EDGE('',*,*,#2890,.F.);
#3861=ORIENTED_EDGE('',*,*,#2885,.F.);
#3862=ORIENTED_EDGE('',*,*,#2891,.T.);
#3863=ORIENTED_EDGE('',*,*,#2892,.T.);
#3864=ORIENTED_EDGE('',*,*,#2683,.T.);
#3865=ORIENTED_EDGE('',*,*,#2696,.T.);
#3866=ORIENTED_EDGE('',*,*,#2893,.T.);
#3867=ORIENTED_EDGE('',*,*,#2702,.T.);
#3868=ORIENTED_EDGE('',*,*,#2689,.T.);
#3869=ORIENTED_EDGE('',*,*,#2888,.F.);
#3870=ORIENTED_EDGE('',*,*,#2867,.T.);
#3871=ORIENTED_EDGE('',*,*,#2894,.F.);
#3872=ORIENTED_EDGE('',*,*,#2895,.T.);
#3873=ORIENTED_EDGE('',*,*,#2896,.F.);
#3874=ORIENTED_EDGE('',*,*,#2897,.F.);
#3875=ORIENTED_EDGE('',*,*,#2855,.T.);
#3876=ORIENTED_EDGE('',*,*,#2898,.F.);
#3877=ORIENTED_EDGE('',*,*,#2899,.F.);
#3878=ORIENTED_EDGE('',*,*,#2900,.F.);
#3879=ORIENTED_EDGE('',*,*,#2849,.T.);
#3880=ORIENTED_EDGE('',*,*,#2901,.F.);
#3881=ORIENTED_EDGE('',*,*,#2829,.F.);
#3882=ORIENTED_EDGE('',*,*,#2552,.F.);
#3883=ORIENTED_EDGE('',*,*,#2902,.F.);
#3884=ORIENTED_EDGE('',*,*,#2903,.F.);
#3885=ORIENTED_EDGE('',*,*,#2710,.T.);
#3886=ORIENTED_EDGE('',*,*,#2904,.T.);
#3887=ORIENTED_EDGE('',*,*,#2560,.T.);
#3888=ORIENTED_EDGE('',*,*,#2555,.F.);
#3889=ORIENTED_EDGE('',*,*,#2905,.F.);
#3890=ORIENTED_EDGE('',*,*,#2720,.F.);
#3891=ORIENTED_EDGE('',*,*,#2551,.F.);
#3892=ORIENTED_EDGE('',*,*,#2906,.F.);
#3893=ORIENTED_EDGE('',*,*,#2907,.F.);
#3894=ORIENTED_EDGE('',*,*,#2902,.T.);
#3895=ORIENTED_EDGE('',*,*,#2721,.T.);
#3896=ORIENTED_EDGE('',*,*,#2905,.T.);
#3897=ORIENTED_EDGE('',*,*,#2554,.T.);
#3898=ORIENTED_EDGE('',*,*,#2567,.T.);
#3899=ORIENTED_EDGE('',*,*,#2908,.T.);
#3900=ORIENTED_EDGE('',*,*,#2909,.T.);
#3901=ORIENTED_EDGE('',*,*,#2910,.T.);
#3902=ORIENTED_EDGE('',*,*,#2717,.T.);
#3903=ORIENTED_EDGE('',*,*,#2561,.T.);
#3904=ORIENTED_EDGE('',*,*,#2911,.T.);
#3905=ORIENTED_EDGE('',*,*,#2912,.T.);
#3906=ORIENTED_EDGE('',*,*,#2568,.F.);
#3907=ORIENTED_EDGE('',*,*,#2691,.F.);
#3908=ORIENTED_EDGE('',*,*,#2701,.F.);
#3909=ORIENTED_EDGE('',*,*,#2741,.F.);
#3910=ORIENTED_EDGE('',*,*,#2694,.T.);
#3911=ORIENTED_EDGE('',*,*,#2913,.T.);
#3912=ORIENTED_EDGE('',*,*,#2914,.F.);
#3913=ORIENTED_EDGE('',*,*,#2866,.F.);
#3914=ORIENTED_EDGE('',*,*,#2915,.F.);
#3915=ORIENTED_EDGE('',*,*,#2916,.F.);
#3916=ORIENTED_EDGE('',*,*,#2891,.F.);
#3917=ORIENTED_EDGE('',*,*,#2695,.F.);
#3918=ORIENTED_EDGE('',*,*,#2693,.T.);
#3919=ORIENTED_EDGE('',*,*,#2679,.F.);
#3920=ORIENTED_EDGE('',*,*,#2707,.T.);
#3921=ORIENTED_EDGE('',*,*,#2917,.F.);
#3922=ORIENTED_EDGE('',*,*,#2918,.F.);
#3923=ORIENTED_EDGE('',*,*,#2919,.F.);
#3924=ORIENTED_EDGE('',*,*,#2920,.T.);
#3925=ORIENTED_EDGE('',*,*,#2921,.T.);
#3926=ORIENTED_EDGE('',*,*,#2922,.F.);
#3927=ORIENTED_EDGE('',*,*,#2913,.F.);
#3928=ORIENTED_EDGE('',*,*,#2570,.T.);
#3929=ORIENTED_EDGE('',*,*,#2571,.T.);
#3930=ORIENTED_EDGE('',*,*,#2697,.F.);
#3931=ORIENTED_EDGE('',*,*,#2705,.T.);
#3932=ORIENTED_EDGE('',*,*,#2923,.F.);
#3933=ORIENTED_EDGE('',*,*,#2908,.F.);
#3934=ORIENTED_EDGE('',*,*,#2566,.T.);
#3935=ORIENTED_EDGE('',*,*,#2903,.T.);
#3936=ORIENTED_EDGE('',*,*,#2907,.T.);
#3937=ORIENTED_EDGE('',*,*,#2924,.T.);
#3938=ORIENTED_EDGE('',*,*,#2925,.F.);
#3939=ORIENTED_EDGE('',*,*,#2917,.T.);
#3940=ORIENTED_EDGE('',*,*,#2706,.T.);
#3941=ORIENTED_EDGE('',*,*,#2539,.T.);
#3942=ORIENTED_EDGE('',*,*,#2711,.T.);
#3943=ORIENTED_EDGE('',*,*,#2550,.F.);
#3944=ORIENTED_EDGE('',*,*,#2926,.T.);
#3945=ORIENTED_EDGE('',*,*,#2626,.T.);
#3946=ORIENTED_EDGE('',*,*,#2927,.T.);
#3947=ORIENTED_EDGE('',*,*,#2928,.F.);
#3948=ORIENTED_EDGE('',*,*,#2929,.F.);
#3949=ORIENTED_EDGE('',*,*,#2924,.F.);
#3950=ORIENTED_EDGE('',*,*,#2906,.T.);
#3951=ORIENTED_EDGE('',*,*,#2930,.F.);
#3952=ORIENTED_EDGE('',*,*,#2931,.F.);
#3953=ORIENTED_EDGE('',*,*,#2932,.T.);
#3954=ORIENTED_EDGE('',*,*,#2933,.T.);
#3955=ORIENTED_EDGE('',*,*,#2934,.F.);
#3956=ORIENTED_EDGE('',*,*,#2933,.F.);
#3957=ORIENTED_EDGE('',*,*,#2935,.T.);
#3958=ORIENTED_EDGE('',*,*,#2936,.F.);
#3959=ORIENTED_EDGE('',*,*,#2937,.F.);
#3960=ORIENTED_EDGE('',*,*,#2938,.T.);
#3961=ORIENTED_EDGE('',*,*,#2930,.T.);
#3962=ORIENTED_EDGE('',*,*,#2934,.T.);
#3963=ORIENTED_EDGE('',*,*,#2939,.F.);
#3964=ORIENTED_EDGE('',*,*,#2940,.F.);
#3965=ORIENTED_EDGE('',*,*,#2941,.F.);
#3966=ORIENTED_EDGE('',*,*,#2871,.F.);
#3967=ORIENTED_EDGE('',*,*,#2942,.T.);
#3968=ORIENTED_EDGE('',*,*,#2943,.T.);
#3969=ORIENTED_EDGE('',*,*,#2944,.F.);
#3970=ORIENTED_EDGE('',*,*,#2943,.F.);
#3971=ORIENTED_EDGE('',*,*,#2945,.T.);
#3972=ORIENTED_EDGE('',*,*,#2946,.T.);
#3973=ORIENTED_EDGE('',*,*,#2947,.F.);
#3974=ORIENTED_EDGE('',*,*,#2872,.F.);
#3975=ORIENTED_EDGE('',*,*,#2941,.T.);
#3976=ORIENTED_EDGE('',*,*,#2944,.T.);
#3977=ORIENTED_EDGE('',*,*,#2948,.T.);
#3978=ORIENTED_EDGE('',*,*,#2949,.F.);
#3979=ORIENTED_EDGE('',*,*,#2947,.T.);
#3980=ORIENTED_EDGE('',*,*,#2950,.F.);
#3981=ORIENTED_EDGE('',*,*,#2951,.T.);
#3982=ORIENTED_EDGE('',*,*,#2873,.F.);
#3983=ORIENTED_EDGE('',*,*,#2937,.T.);
#3984=ORIENTED_EDGE('',*,*,#2952,.F.);
#3985=ORIENTED_EDGE('',*,*,#2953,.T.);
#3986=ORIENTED_EDGE('',*,*,#2950,.T.);
#3987=ORIENTED_EDGE('',*,*,#2949,.T.);
#3988=ORIENTED_EDGE('',*,*,#2686,.T.);
#3989=ORIENTED_EDGE('',*,*,#2916,.T.);
#3990=ORIENTED_EDGE('',*,*,#2954,.F.);
#3991=ORIENTED_EDGE('',*,*,#2955,.F.);
#3992=ORIENTED_EDGE('',*,*,#2956,.T.);
#3993=ORIENTED_EDGE('',*,*,#2684,.T.);
#3994=ORIENTED_EDGE('',*,*,#2892,.F.);
#3995=ORIENTED_EDGE('',*,*,#2957,.T.);
#3996=ORIENTED_EDGE('',*,*,#2889,.T.);
#3997=ORIENTED_EDGE('',*,*,#2687,.T.);
#3998=ORIENTED_EDGE('',*,*,#2948,.F.);
#3999=ORIENTED_EDGE('',*,*,#2946,.F.);
#4000=ORIENTED_EDGE('',*,*,#2958,.T.);
#4001=ORIENTED_EDGE('',*,*,#2931,.T.);
#4002=ORIENTED_EDGE('',*,*,#2938,.F.);
#4003=ORIENTED_EDGE('',*,*,#2685,.T.);
#4004=ORIENTED_EDGE('',*,*,#2956,.F.);
#4005=ORIENTED_EDGE('',*,*,#2838,.T.);
#4006=ORIENTED_EDGE('',*,*,#2809,.F.);
#4007=ORIENTED_EDGE('',*,*,#2816,.F.);
#4008=ORIENTED_EDGE('',*,*,#2959,.F.);
#4009=ORIENTED_EDGE('',*,*,#2861,.T.);
#4010=ORIENTED_EDGE('',*,*,#2890,.T.);
#4011=ORIENTED_EDGE('',*,*,#2957,.F.);
#4012=ORIENTED_EDGE('',*,*,#2945,.F.);
#4013=ORIENTED_EDGE('',*,*,#2942,.F.);
#4014=ORIENTED_EDGE('',*,*,#2870,.F.);
#4015=ORIENTED_EDGE('',*,*,#2878,.F.);
#4016=ORIENTED_EDGE('',*,*,#2881,.F.);
#4017=ORIENTED_EDGE('',*,*,#2886,.F.);
#4018=ORIENTED_EDGE('',*,*,#2841,.T.);
#4019=ORIENTED_EDGE('',*,*,#2960,.T.);
#4020=ORIENTED_EDGE('',*,*,#2961,.T.);
#4021=ORIENTED_EDGE('',*,*,#2954,.T.);
#4022=ORIENTED_EDGE('',*,*,#2915,.T.);
#4023=ORIENTED_EDGE('',*,*,#2865,.T.);
#4024=ORIENTED_EDGE('',*,*,#2883,.T.);
#4025=ORIENTED_EDGE('',*,*,#2863,.T.);
#4026=ORIENTED_EDGE('',*,*,#2862,.T.);
#4027=ORIENTED_EDGE('',*,*,#2959,.T.);
#4028=ORIENTED_EDGE('',*,*,#2815,.T.);
#4029=ORIENTED_EDGE('',*,*,#2962,.T.);
#4030=ORIENTED_EDGE('',*,*,#2960,.F.);
#4031=ORIENTED_EDGE('',*,*,#2840,.T.);
#4032=ORIENTED_EDGE('',*,*,#2955,.T.);
#4033=ORIENTED_EDGE('',*,*,#2961,.F.);
#4034=ORIENTED_EDGE('',*,*,#2962,.F.);
#4035=ORIENTED_EDGE('',*,*,#2814,.F.);
#4036=ORIENTED_EDGE('',*,*,#2963,.F.);
#4037=ORIENTED_EDGE('',*,*,#2935,.F.);
#4038=ORIENTED_EDGE('',*,*,#2932,.F.);
#4039=ORIENTED_EDGE('',*,*,#2958,.F.);
#4040=ORIENTED_EDGE('',*,*,#2832,.F.);
#4041=ORIENTED_EDGE('',*,*,#2964,.F.);
#4042=ORIENTED_EDGE('',*,*,#2965,.T.);
#4043=ORIENTED_EDGE('',*,*,#2966,.T.);
#4044=ORIENTED_EDGE('',*,*,#2939,.T.);
#4045=ORIENTED_EDGE('',*,*,#2936,.T.);
#4046=ORIENTED_EDGE('',*,*,#2963,.T.);
#4047=ORIENTED_EDGE('',*,*,#2813,.F.);
#4048=ORIENTED_EDGE('',*,*,#2812,.T.);
#4049=ORIENTED_EDGE('',*,*,#2825,.F.);
#4050=ORIENTED_EDGE('',*,*,#2967,.F.);
#4051=ORIENTED_EDGE('',*,*,#2968,.F.);
#4052=ORIENTED_EDGE('',*,*,#2969,.T.);
#4053=ORIENTED_EDGE('',*,*,#2970,.T.);
#4054=ORIENTED_EDGE('',*,*,#2971,.F.);
#4055=ORIENTED_EDGE('',*,*,#2972,.F.);
#4056=ORIENTED_EDGE('',*,*,#2973,.F.);
#4057=ORIENTED_EDGE('',*,*,#2968,.T.);
#4058=ORIENTED_EDGE('',*,*,#2974,.F.);
#4059=ORIENTED_EDGE('',*,*,#2970,.F.);
#4060=ORIENTED_EDGE('',*,*,#2975,.T.);
#4061=ORIENTED_EDGE('',*,*,#2976,.F.);
#4062=ORIENTED_EDGE('',*,*,#2977,.F.);
#4063=ORIENTED_EDGE('',*,*,#2975,.F.);
#4064=ORIENTED_EDGE('',*,*,#2969,.F.);
#4065=ORIENTED_EDGE('',*,*,#2973,.T.);
#4066=ORIENTED_EDGE('',*,*,#2758,.F.);
#4067=ORIENTED_EDGE('',*,*,#2769,.T.);
#4068=ORIENTED_EDGE('',*,*,#2978,.T.);
#4069=ORIENTED_EDGE('',*,*,#2979,.T.);
#4070=ORIENTED_EDGE('',*,*,#2976,.T.);
#4071=ORIENTED_EDGE('',*,*,#2977,.T.);
#4072=ORIENTED_EDGE('',*,*,#2972,.T.);
#4073=ORIENTED_EDGE('',*,*,#2980,.T.);
#4074=ORIENTED_EDGE('',*,*,#2981,.T.);
#4075=ORIENTED_EDGE('',*,*,#2982,.T.);
#4076=ORIENTED_EDGE('',*,*,#2983,.F.);
#4077=ORIENTED_EDGE('',*,*,#2984,.F.);
#4078=ORIENTED_EDGE('',*,*,#2985,.F.);
#4079=ORIENTED_EDGE('',*,*,#2747,.T.);
#4080=ORIENTED_EDGE('',*,*,#2986,.F.);
#4081=ORIENTED_EDGE('',*,*,#2987,.F.);
#4082=ORIENTED_EDGE('',*,*,#2986,.T.);
#4083=ORIENTED_EDGE('',*,*,#2746,.T.);
#4084=ORIENTED_EDGE('',*,*,#2736,.T.);
#4085=ORIENTED_EDGE('',*,*,#2739,.T.);
#4086=ORIENTED_EDGE('',*,*,#2738,.T.);
#4087=ORIENTED_EDGE('',*,*,#2756,.F.);
#4088=ORIENTED_EDGE('',*,*,#2757,.F.);
#4089=ORIENTED_EDGE('',*,*,#2983,.T.);
#4090=ORIENTED_EDGE('',*,*,#2988,.F.);
#4091=ORIENTED_EDGE('',*,*,#2989,.F.);
#4092=ORIENTED_EDGE('',*,*,#2990,.F.);
#4093=ORIENTED_EDGE('',*,*,#2991,.F.);
#4094=ORIENTED_EDGE('',*,*,#2992,.F.);
#4095=ORIENTED_EDGE('',*,*,#2989,.T.);
#4096=ORIENTED_EDGE('',*,*,#2988,.T.);
#4097=ORIENTED_EDGE('',*,*,#2982,.F.);
#4098=ORIENTED_EDGE('',*,*,#2993,.F.);
#4099=ORIENTED_EDGE('',*,*,#2549,.F.);
#4100=ORIENTED_EDGE('',*,*,#2745,.T.);
#4101=ORIENTED_EDGE('',*,*,#2726,.F.);
#4102=ORIENTED_EDGE('',*,*,#2729,.F.);
#4103=ORIENTED_EDGE('',*,*,#2628,.T.);
#4104=ORIENTED_EDGE('',*,*,#2627,.F.);
#4105=ORIENTED_EDGE('',*,*,#2926,.F.);
#4106=ORIENTED_EDGE('',*,*,#2669,.T.);
#4107=ORIENTED_EDGE('',*,*,#2670,.T.);
#4108=ORIENTED_EDGE('',*,*,#2713,.F.);
#4109=ORIENTED_EDGE('',*,*,#2994,.F.);
#4110=ORIENTED_EDGE('',*,*,#2995,.T.);
#4111=ORIENTED_EDGE('',*,*,#2719,.T.);
#4112=ORIENTED_EDGE('',*,*,#2723,.F.);
#4113=ORIENTED_EDGE('',*,*,#2912,.F.);
#4114=ORIENTED_EDGE('',*,*,#2911,.F.);
#4115=ORIENTED_EDGE('',*,*,#2904,.F.);
#4116=ORIENTED_EDGE('',*,*,#2995,.F.);
#4117=ORIENTED_EDGE('',*,*,#2996,.F.);
#4118=ORIENTED_EDGE('',*,*,#2997,.F.);
#4119=ORIENTED_EDGE('',*,*,#2760,.F.);
#4120=ORIENTED_EDGE('',*,*,#2759,.T.);
#4121=ORIENTED_EDGE('',*,*,#2751,.F.);
#4122=ORIENTED_EDGE('',*,*,#2731,.T.);
#4123=ORIENTED_EDGE('',*,*,#2743,.T.);
#4124=ORIENTED_EDGE('',*,*,#2742,.F.);
#4125=ORIENTED_EDGE('',*,*,#2712,.F.);
#4126=ORIENTED_EDGE('',*,*,#2718,.T.);
#4127=ORIENTED_EDGE('',*,*,#2910,.F.);
#4128=ORIENTED_EDGE('',*,*,#2998,.F.);
#4129=ORIENTED_EDGE('',*,*,#2899,.T.);
#4130=ORIENTED_EDGE('',*,*,#2999,.F.);
#4131=ORIENTED_EDGE('',*,*,#3000,.F.);
#4132=ORIENTED_EDGE('',*,*,#3001,.T.);
#4133=ORIENTED_EDGE('',*,*,#3002,.F.);
#4134=ORIENTED_EDGE('',*,*,#3003,.T.);
#4135=ORIENTED_EDGE('',*,*,#2996,.T.);
#4136=ORIENTED_EDGE('',*,*,#2994,.T.);
#4137=ORIENTED_EDGE('',*,*,#2784,.T.);
#4138=ORIENTED_EDGE('',*,*,#2808,.T.);
#4139=ORIENTED_EDGE('',*,*,#2806,.T.);
#4140=ORIENTED_EDGE('',*,*,#2804,.T.);
#4141=ORIENTED_EDGE('',*,*,#2802,.T.);
#4142=ORIENTED_EDGE('',*,*,#2800,.T.);
#4143=ORIENTED_EDGE('',*,*,#2798,.T.);
#4144=ORIENTED_EDGE('',*,*,#2796,.T.);
#4145=ORIENTED_EDGE('',*,*,#2794,.T.);
#4146=ORIENTED_EDGE('',*,*,#2792,.T.);
#4147=ORIENTED_EDGE('',*,*,#2790,.T.);
#4148=ORIENTED_EDGE('',*,*,#2788,.T.);
#4149=ORIENTED_EDGE('',*,*,#2786,.T.);
#4150=ORIENTED_EDGE('',*,*,#2984,.T.);
#4151=ORIENTED_EDGE('',*,*,#2987,.T.);
#4152=ORIENTED_EDGE('',*,*,#2991,.T.);
#4153=ORIENTED_EDGE('',*,*,#2990,.T.);
#4154=ORIENTED_EDGE('',*,*,#2992,.T.);
#4155=ORIENTED_EDGE('',*,*,#3004,.F.);
#4156=ORIENTED_EDGE('',*,*,#3005,.T.);
#4157=ORIENTED_EDGE('',*,*,#3006,.F.);
#4158=ORIENTED_EDGE('',*,*,#3007,.F.);
#4159=ORIENTED_EDGE('',*,*,#3008,.T.);
#4160=ORIENTED_EDGE('',*,*,#3009,.F.);
#4161=ORIENTED_EDGE('',*,*,#3010,.F.);
#4162=ORIENTED_EDGE('',*,*,#3011,.F.);
#4163=ORIENTED_EDGE('',*,*,#3012,.F.);
#4164=ORIENTED_EDGE('',*,*,#3013,.T.);
#4165=ORIENTED_EDGE('',*,*,#3014,.T.);
#4166=ORIENTED_EDGE('',*,*,#3015,.T.);
#4167=ORIENTED_EDGE('',*,*,#3016,.T.);
#4168=ORIENTED_EDGE('',*,*,#3017,.T.);
#4169=ORIENTED_EDGE('',*,*,#2993,.T.);
#4170=ORIENTED_EDGE('',*,*,#2981,.F.);
#4171=ORIENTED_EDGE('',*,*,#3018,.T.);
#4172=ORIENTED_EDGE('',*,*,#3004,.T.);
#4173=ORIENTED_EDGE('',*,*,#3019,.F.);
#4174=ORIENTED_EDGE('',*,*,#3020,.F.);
#4175=ORIENTED_EDGE('',*,*,#3021,.T.);
#4176=ORIENTED_EDGE('',*,*,#3022,.T.);
#4177=ORIENTED_EDGE('',*,*,#3023,.T.);
#4178=ORIENTED_EDGE('',*,*,#3024,.T.);
#4179=ORIENTED_EDGE('',*,*,#3025,.T.);
#4180=ORIENTED_EDGE('',*,*,#3012,.T.);
#4181=ORIENTED_EDGE('',*,*,#3026,.F.);
#4182=ORIENTED_EDGE('',*,*,#3027,.F.);
#4183=ORIENTED_EDGE('',*,*,#3028,.F.);
#4184=ORIENTED_EDGE('',*,*,#3021,.F.);
#4185=ORIENTED_EDGE('',*,*,#3022,.F.);
#4186=ORIENTED_EDGE('',*,*,#3028,.T.);
#4187=ORIENTED_EDGE('',*,*,#3029,.T.);
#4188=ORIENTED_EDGE('',*,*,#3030,.T.);
#4189=ORIENTED_EDGE('',*,*,#3029,.F.);
#4190=ORIENTED_EDGE('',*,*,#3027,.T.);
#4191=ORIENTED_EDGE('',*,*,#3031,.T.);
#4192=ORIENTED_EDGE('',*,*,#3032,.T.);
#4193=ORIENTED_EDGE('',*,*,#3033,.F.);
#4194=ORIENTED_EDGE('',*,*,#3034,.T.);
#4195=ORIENTED_EDGE('',*,*,#3035,.T.);
#4196=ORIENTED_EDGE('',*,*,#3031,.F.);
#4197=ORIENTED_EDGE('',*,*,#3026,.T.);
#4198=ORIENTED_EDGE('',*,*,#3036,.F.);
#4199=ORIENTED_EDGE('',*,*,#3037,.F.);
#4200=ORIENTED_EDGE('',*,*,#3024,.F.);
#4201=ORIENTED_EDGE('',*,*,#3038,.T.);
#4202=ORIENTED_EDGE('',*,*,#3034,.F.);
#4203=ORIENTED_EDGE('',*,*,#3038,.F.);
#4204=ORIENTED_EDGE('',*,*,#3023,.F.);
#4205=ORIENTED_EDGE('',*,*,#3030,.F.);
#4206=ORIENTED_EDGE('',*,*,#3032,.F.);
#4207=ORIENTED_EDGE('',*,*,#3035,.F.);
#4208=ORIENTED_EDGE('',*,*,#3019,.T.);
#4209=ORIENTED_EDGE('',*,*,#3037,.T.);
#4210=ORIENTED_EDGE('',*,*,#3033,.T.);
#4211=ORIENTED_EDGE('',*,*,#3039,.F.);
#4212=ORIENTED_EDGE('',*,*,#3040,.F.);
#4213=ORIENTED_EDGE('',*,*,#3041,.T.);
#4214=ORIENTED_EDGE('',*,*,#3042,.T.);
#4215=ORIENTED_EDGE('',*,*,#3043,.T.);
#4216=ORIENTED_EDGE('',*,*,#3044,.T.);
#4217=ORIENTED_EDGE('',*,*,#3045,.F.);
#4218=ORIENTED_EDGE('',*,*,#3046,.F.);
#4219=ORIENTED_EDGE('',*,*,#3047,.F.);
#4220=ORIENTED_EDGE('',*,*,#3048,.T.);
#4221=ORIENTED_EDGE('',*,*,#3036,.T.);
#4222=ORIENTED_EDGE('',*,*,#3011,.T.);
#4223=ORIENTED_EDGE('',*,*,#3049,.F.);
#4224=ORIENTED_EDGE('',*,*,#3039,.T.);
#4225=ORIENTED_EDGE('',*,*,#3050,.F.);
#4226=ORIENTED_EDGE('',*,*,#3051,.T.);
#4227=ORIENTED_EDGE('',*,*,#3052,.F.);
#4228=ORIENTED_EDGE('',*,*,#3053,.T.);
#4229=ORIENTED_EDGE('',*,*,#3054,.F.);
#4230=ORIENTED_EDGE('',*,*,#3055,.F.);
#4231=ORIENTED_EDGE('',*,*,#3056,.F.);
#4232=ORIENTED_EDGE('',*,*,#3057,.T.);
#4233=ORIENTED_EDGE('',*,*,#3058,.F.);
#4234=ORIENTED_EDGE('',*,*,#3051,.F.);
#4235=ORIENTED_EDGE('',*,*,#3059,.F.);
#4236=ORIENTED_EDGE('',*,*,#3053,.F.);
#4237=ORIENTED_EDGE('',*,*,#3060,.F.);
#4238=ORIENTED_EDGE('',*,*,#3061,.F.);
#4239=ORIENTED_EDGE('',*,*,#3062,.F.);
#4240=ORIENTED_EDGE('',*,*,#3063,.F.);
#4241=ORIENTED_EDGE('',*,*,#3061,.T.);
#4242=ORIENTED_EDGE('',*,*,#3064,.F.);
#4243=ORIENTED_EDGE('',*,*,#3065,.F.);
#4244=ORIENTED_EDGE('',*,*,#3066,.F.);
#4245=ORIENTED_EDGE('',*,*,#3065,.T.);
#4246=ORIENTED_EDGE('',*,*,#3067,.F.);
#4247=ORIENTED_EDGE('',*,*,#3057,.F.);
#4248=ORIENTED_EDGE('',*,*,#3068,.F.);
#4249=ORIENTED_EDGE('',*,*,#3052,.T.);
#4250=ORIENTED_EDGE('',*,*,#3058,.T.);
#4251=ORIENTED_EDGE('',*,*,#3067,.T.);
#4252=ORIENTED_EDGE('',*,*,#3064,.T.);
#4253=ORIENTED_EDGE('',*,*,#3060,.T.);
#4254=ORIENTED_EDGE('',*,*,#3063,.T.);
#4255=ORIENTED_EDGE('',*,*,#3069,.T.);
#4256=ORIENTED_EDGE('',*,*,#3070,.T.);
#4257=ORIENTED_EDGE('',*,*,#3071,.F.);
#4258=ORIENTED_EDGE('',*,*,#3072,.T.);
#4259=ORIENTED_EDGE('',*,*,#3073,.F.);
#4260=ORIENTED_EDGE('',*,*,#3069,.F.);
#4261=ORIENTED_EDGE('',*,*,#3062,.T.);
#4262=ORIENTED_EDGE('',*,*,#3066,.T.);
#4263=ORIENTED_EDGE('',*,*,#3068,.T.);
#4264=ORIENTED_EDGE('',*,*,#3056,.T.);
#4265=ORIENTED_EDGE('',*,*,#2928,.T.);
#4266=ORIENTED_EDGE('',*,*,#3074,.F.);
#4267=ORIENTED_EDGE('',*,*,#2636,.F.);
#4268=ORIENTED_EDGE('',*,*,#2589,.T.);
#4269=ORIENTED_EDGE('',*,*,#2582,.T.);
#4270=ORIENTED_EDGE('',*,*,#3075,.T.);
#4271=ORIENTED_EDGE('',*,*,#3076,.F.);
#4272=ORIENTED_EDGE('',*,*,#3077,.F.);
#4273=ORIENTED_EDGE('',*,*,#2655,.T.);
#4274=ORIENTED_EDGE('',*,*,#2607,.T.);
#4275=ORIENTED_EDGE('',*,*,#3078,.T.);
#4276=ORIENTED_EDGE('',*,*,#3079,.T.);
#4277=ORIENTED_EDGE('',*,*,#3080,.F.);
#4278=ORIENTED_EDGE('',*,*,#3081,.F.);
#4279=ORIENTED_EDGE('',*,*,#3073,.T.);
#4280=ORIENTED_EDGE('',*,*,#2927,.F.);
#4281=ORIENTED_EDGE('',*,*,#2625,.T.);
#4282=ORIENTED_EDGE('',*,*,#3082,.T.);
#4283=ORIENTED_EDGE('',*,*,#3083,.T.);
#4284=ORIENTED_EDGE('',*,*,#3084,.T.);
#4285=ORIENTED_EDGE('',*,*,#2634,.T.);
#4286=ORIENTED_EDGE('',*,*,#3085,.T.);
#4287=ORIENTED_EDGE('',*,*,#2643,.T.);
#4288=ORIENTED_EDGE('',*,*,#2593,.T.);
#4289=ORIENTED_EDGE('',*,*,#3086,.T.);
#4290=ORIENTED_EDGE('',*,*,#3083,.F.);
#4291=ORIENTED_EDGE('',*,*,#3087,.T.);
#4292=ORIENTED_EDGE('',*,*,#2619,.T.);
#4293=ORIENTED_EDGE('',*,*,#2614,.T.);
#4294=ORIENTED_EDGE('',*,*,#2649,.T.);
#4295=ORIENTED_EDGE('',*,*,#2585,.T.);
#4296=ORIENTED_EDGE('',*,*,#3088,.F.);
#4297=ORIENTED_EDGE('',*,*,#3088,.T.);
#4298=ORIENTED_EDGE('',*,*,#3089,.T.);
#4299=ORIENTED_EDGE('',*,*,#2574,.T.);
#4300=ORIENTED_EDGE('',*,*,#3089,.F.);
#4301=ORIENTED_EDGE('',*,*,#3090,.F.);
#4302=ORIENTED_EDGE('',*,*,#2666,.F.);
#4303=ORIENTED_EDGE('',*,*,#3091,.F.);
#4304=ORIENTED_EDGE('',*,*,#3092,.F.);
#4305=ORIENTED_EDGE('',*,*,#3091,.T.);
#4306=ORIENTED_EDGE('',*,*,#2665,.F.);
#4307=ORIENTED_EDGE('',*,*,#2659,.T.);
#4308=ORIENTED_EDGE('',*,*,#3093,.F.);
#4309=ORIENTED_EDGE('',*,*,#3094,.F.);
#4310=ORIENTED_EDGE('',*,*,#2765,.F.);
#4311=ORIENTED_EDGE('',*,*,#3095,.F.);
#4312=ORIENTED_EDGE('',*,*,#3096,.F.);
#4313=ORIENTED_EDGE('',*,*,#2581,.T.);
#4314=ORIENTED_EDGE('',*,*,#3097,.F.);
#4315=ORIENTED_EDGE('',*,*,#3098,.F.);
#4316=ORIENTED_EDGE('',*,*,#3099,.F.);
#4317=ORIENTED_EDGE('',*,*,#3100,.F.);
#4318=ORIENTED_EDGE('',*,*,#3101,.F.);
#4319=ORIENTED_EDGE('',*,*,#3102,.F.);
#4320=ORIENTED_EDGE('',*,*,#3075,.F.);
#4321=ORIENTED_EDGE('',*,*,#3103,.F.);
#4322=ORIENTED_EDGE('',*,*,#3098,.T.);
#4323=ORIENTED_EDGE('',*,*,#3104,.F.);
#4324=ORIENTED_EDGE('',*,*,#2762,.F.);
#4325=ORIENTED_EDGE('',*,*,#3105,.F.);
#4326=ORIENTED_EDGE('',*,*,#3100,.T.);
#4327=ORIENTED_EDGE('',*,*,#3106,.F.);
#4328=ORIENTED_EDGE('',*,*,#3107,.F.);
#4329=ORIENTED_EDGE('',*,*,#2658,.T.);
#4330=ORIENTED_EDGE('',*,*,#2656,.T.);
#4331=ORIENTED_EDGE('',*,*,#3077,.T.);
#4332=ORIENTED_EDGE('',*,*,#3108,.F.);
#4333=ORIENTED_EDGE('',*,*,#3109,.T.);
#4334=ORIENTED_EDGE('',*,*,#3110,.T.);
#4335=ORIENTED_EDGE('',*,*,#2763,.T.);
#4336=ORIENTED_EDGE('',*,*,#3076,.T.);
#4337=ORIENTED_EDGE('',*,*,#3102,.T.);
#4338=ORIENTED_EDGE('',*,*,#3111,.T.);
#4339=ORIENTED_EDGE('',*,*,#3002,.T.);
#4340=ORIENTED_EDGE('',*,*,#3112,.T.);
#4341=ORIENTED_EDGE('',*,*,#3108,.T.);
#4342=ORIENTED_EDGE('',*,*,#2580,.T.);
#4343=ORIENTED_EDGE('',*,*,#3113,.F.);
#4344=ORIENTED_EDGE('',*,*,#3097,.T.);
#4345=ORIENTED_EDGE('',*,*,#3099,.T.);
#4346=ORIENTED_EDGE('',*,*,#3114,.F.);
#4347=ORIENTED_EDGE('',*,*,#2766,.F.);
#4348=ORIENTED_EDGE('',*,*,#3094,.T.);
#4349=ORIENTED_EDGE('',*,*,#3115,.F.);
#4350=ORIENTED_EDGE('',*,*,#3116,.T.);
#4351=ORIENTED_EDGE('',*,*,#2748,.T.);
#4352=ORIENTED_EDGE('',*,*,#3117,.F.);
#4353=ORIENTED_EDGE('',*,*,#3118,.F.);
#4354=ORIENTED_EDGE('',*,*,#3119,.F.);
#4355=ORIENTED_EDGE('',*,*,#3120,.F.);
#4356=ORIENTED_EDGE('',*,*,#3121,.F.);
#4357=ORIENTED_EDGE('',*,*,#3122,.T.);
#4358=ORIENTED_EDGE('',*,*,#2667,.F.);
#4359=ORIENTED_EDGE('',*,*,#3090,.T.);
#4360=ORIENTED_EDGE('',*,*,#3123,.F.);
#4361=ORIENTED_EDGE('',*,*,#3124,.F.);
#4362=ORIENTED_EDGE('',*,*,#2767,.F.);
#4363=ORIENTED_EDGE('',*,*,#3116,.F.);
#4364=ORIENTED_EDGE('',*,*,#3125,.F.);
#4365=ORIENTED_EDGE('',*,*,#3126,.F.);
#4366=ORIENTED_EDGE('',*,*,#3127,.F.);
#4367=ORIENTED_EDGE('',*,*,#3128,.F.);
#4368=ORIENTED_EDGE('',*,*,#3129,.F.);
#4369=ORIENTED_EDGE('',*,*,#2638,.T.);
#4370=ORIENTED_EDGE('',*,*,#2640,.T.);
#4371=ORIENTED_EDGE('',*,*,#2630,.F.);
#4372=ORIENTED_EDGE('',*,*,#2728,.F.);
#4373=ORIENTED_EDGE('',*,*,#2724,.F.);
#4374=ORIENTED_EDGE('',*,*,#2750,.T.);
#4375=ORIENTED_EDGE('',*,*,#2749,.T.);
#4376=ORIENTED_EDGE('',*,*,#2675,.T.);
#4377=ORIENTED_EDGE('',*,*,#2676,.T.);
#4378=ORIENTED_EDGE('',*,*,#3130,.F.);
#4379=ORIENTED_EDGE('',*,*,#3079,.F.);
#4380=ORIENTED_EDGE('',*,*,#3131,.F.);
#4381=ORIENTED_EDGE('',*,*,#3120,.T.);
#4382=ORIENTED_EDGE('',*,*,#3132,.F.);
#4383=ORIENTED_EDGE('',*,*,#3117,.T.);
#4384=ORIENTED_EDGE('',*,*,#2985,.T.);
#4385=ORIENTED_EDGE('',*,*,#3092,.T.);
#4386=ORIENTED_EDGE('',*,*,#3096,.T.);
#4387=ORIENTED_EDGE('',*,*,#3133,.F.);
#4388=ORIENTED_EDGE('',*,*,#3123,.T.);
#4389=ORIENTED_EDGE('',*,*,#3074,.T.);
#4390=ORIENTED_EDGE('',*,*,#3134,.T.);
#4391=ORIENTED_EDGE('',*,*,#2646,.F.);
#4392=ORIENTED_EDGE('',*,*,#2604,.T.);
#4393=ORIENTED_EDGE('',*,*,#2652,.F.);
#4394=ORIENTED_EDGE('',*,*,#2662,.F.);
#4395=ORIENTED_EDGE('',*,*,#2664,.T.);
#4396=ORIENTED_EDGE('',*,*,#2600,.T.);
#4397=ORIENTED_EDGE('',*,*,#2624,.T.);
#4398=ORIENTED_EDGE('',*,*,#2668,.F.);
#4399=ORIENTED_EDGE('',*,*,#3122,.F.);
#4400=ORIENTED_EDGE('',*,*,#3135,.T.);
#4401=ORIENTED_EDGE('',*,*,#2653,.F.);
#4402=ORIENTED_EDGE('',*,*,#2596,.T.);
#4403=ORIENTED_EDGE('',*,*,#2620,.T.);
#4404=ORIENTED_EDGE('',*,*,#3087,.F.);
#4405=ORIENTED_EDGE('',*,*,#3082,.F.);
#4406=ORIENTED_EDGE('',*,*,#2642,.F.);
#4407=ORIENTED_EDGE('',*,*,#2647,.F.);
#4408=ORIENTED_EDGE('',*,*,#3134,.F.);
#4409=ORIENTED_EDGE('',*,*,#2598,.T.);
#4410=ORIENTED_EDGE('',*,*,#2654,.F.);
#4411=ORIENTED_EDGE('',*,*,#3135,.F.);
#4412=ORIENTED_EDGE('',*,*,#3121,.T.);
#4413=ORIENTED_EDGE('',*,*,#3131,.T.);
#4414=ORIENTED_EDGE('',*,*,#3078,.F.);
#4415=ORIENTED_EDGE('',*,*,#2606,.T.);
#4416=ORIENTED_EDGE('',*,*,#2622,.T.);
#4417=ORIENTED_EDGE('',*,*,#2592,.T.);
#4418=ORIENTED_EDGE('',*,*,#2635,.F.);
#4419=ORIENTED_EDGE('',*,*,#3084,.F.);
#4420=ORIENTED_EDGE('',*,*,#3086,.F.);
#4421=ORIENTED_EDGE('',*,*,#2575,.T.);
#4422=ORIENTED_EDGE('',*,*,#2639,.F.);
#4423=ORIENTED_EDGE('',*,*,#3129,.T.);
#4424=ORIENTED_EDGE('',*,*,#3136,.T.);
#4425=ORIENTED_EDGE('',*,*,#3104,.T.);
#4426=ORIENTED_EDGE('',*,*,#3113,.T.);
#4427=ORIENTED_EDGE('',*,*,#2579,.T.);
#4428=ORIENTED_EDGE('',*,*,#3114,.T.);
#4429=ORIENTED_EDGE('',*,*,#3103,.T.);
#4430=ORIENTED_EDGE('',*,*,#3136,.F.);
#4431=ORIENTED_EDGE('',*,*,#3128,.T.);
#4432=ORIENTED_EDGE('',*,*,#3137,.T.);
#4433=ORIENTED_EDGE('',*,*,#3106,.T.);
#4434=ORIENTED_EDGE('',*,*,#3137,.F.);
#4435=ORIENTED_EDGE('',*,*,#3127,.T.);
#4436=ORIENTED_EDGE('',*,*,#3138,.T.);
#4437=ORIENTED_EDGE('',*,*,#3107,.T.);
#4438=ORIENTED_EDGE('',*,*,#3138,.F.);
#4439=ORIENTED_EDGE('',*,*,#3126,.T.);
#4440=ORIENTED_EDGE('',*,*,#3139,.T.);
#4441=ORIENTED_EDGE('',*,*,#3093,.T.);
#4442=ORIENTED_EDGE('',*,*,#3139,.F.);
#4443=ORIENTED_EDGE('',*,*,#3125,.T.);
#4444=ORIENTED_EDGE('',*,*,#3115,.T.);
#4445=ORIENTED_EDGE('',*,*,#3132,.T.);
#4446=ORIENTED_EDGE('',*,*,#3017,.F.);
#4447=ORIENTED_EDGE('',*,*,#3140,.T.);
#4448=ORIENTED_EDGE('',*,*,#3141,.T.);
#4449=ORIENTED_EDGE('',*,*,#3118,.T.);
#4450=ORIENTED_EDGE('',*,*,#3081,.T.);
#4451=ORIENTED_EDGE('',*,*,#3142,.T.);
#4452=ORIENTED_EDGE('',*,*,#3070,.F.);
#4453=ORIENTED_EDGE('',*,*,#3130,.T.);
#4454=ORIENTED_EDGE('',*,*,#3119,.T.);
#4455=ORIENTED_EDGE('',*,*,#3141,.F.);
#4456=ORIENTED_EDGE('',*,*,#3143,.T.);
#4457=ORIENTED_EDGE('',*,*,#3144,.T.);
#4458=ORIENTED_EDGE('',*,*,#3145,.F.);
#4459=ORIENTED_EDGE('',*,*,#3146,.F.);
#4460=ORIENTED_EDGE('',*,*,#3142,.F.);
#4461=ORIENTED_EDGE('',*,*,#3080,.T.);
#4462=ORIENTED_EDGE('',*,*,#3147,.F.);
#4463=ORIENTED_EDGE('',*,*,#3148,.T.);
#4464=ORIENTED_EDGE('',*,*,#2978,.F.);
#4465=ORIENTED_EDGE('',*,*,#3095,.T.);
#4466=ORIENTED_EDGE('',*,*,#2764,.F.);
#4467=ORIENTED_EDGE('',*,*,#3149,.T.);
#4468=ORIENTED_EDGE('',*,*,#3150,.T.);
#4469=ORIENTED_EDGE('',*,*,#3151,.F.);
#4470=ORIENTED_EDGE('',*,*,#3152,.T.);
#4471=ORIENTED_EDGE('',*,*,#3147,.T.);
#4472=ORIENTED_EDGE('',*,*,#2768,.F.);
#4473=ORIENTED_EDGE('',*,*,#3124,.T.);
#4474=ORIENTED_EDGE('',*,*,#3133,.T.);
#4475=ORIENTED_EDGE('',*,*,#2997,.T.);
#4476=ORIENTED_EDGE('',*,*,#3003,.F.);
#4477=ORIENTED_EDGE('',*,*,#3111,.F.);
#4478=ORIENTED_EDGE('',*,*,#3101,.T.);
#4479=ORIENTED_EDGE('',*,*,#3105,.T.);
#4480=ORIENTED_EDGE('',*,*,#2761,.F.);
#4481=ORIENTED_EDGE('',*,*,#3149,.F.);
#4482=ORIENTED_EDGE('',*,*,#3110,.F.);
#4483=ORIENTED_EDGE('',*,*,#3153,.T.);
#4484=ORIENTED_EDGE('',*,*,#3153,.F.);
#4485=ORIENTED_EDGE('',*,*,#3109,.F.);
#4486=ORIENTED_EDGE('',*,*,#3112,.F.);
#4487=ORIENTED_EDGE('',*,*,#3001,.F.);
#4488=ORIENTED_EDGE('',*,*,#3154,.F.);
#4489=ORIENTED_EDGE('',*,*,#2874,.F.);
#4490=ORIENTED_EDGE('',*,*,#2951,.F.);
#4491=ORIENTED_EDGE('',*,*,#2953,.F.);
#4492=ORIENTED_EDGE('',*,*,#3155,.F.);
#4493=ORIENTED_EDGE('',*,*,#2965,.F.);
#4494=ORIENTED_EDGE('',*,*,#3156,.F.);
#4495=ORIENTED_EDGE('',*,*,#3157,.F.);
#4496=ORIENTED_EDGE('',*,*,#3150,.F.);
#4497=ORIENTED_EDGE('',*,*,#2974,.T.);
#4498=ORIENTED_EDGE('',*,*,#2979,.F.);
#4499=ORIENTED_EDGE('',*,*,#3148,.F.);
#4500=ORIENTED_EDGE('',*,*,#3152,.F.);
#4501=ORIENTED_EDGE('',*,*,#3158,.F.);
#4502=ORIENTED_EDGE('',*,*,#3159,.F.);
#4503=ORIENTED_EDGE('',*,*,#3160,.F.);
#4504=ORIENTED_EDGE('',*,*,#3161,.F.);
#4505=ORIENTED_EDGE('',*,*,#3162,.F.);
#4506=ORIENTED_EDGE('',*,*,#3163,.F.);
#4507=ORIENTED_EDGE('',*,*,#3164,.F.);
#4508=ORIENTED_EDGE('',*,*,#3165,.F.);
#4509=ORIENTED_EDGE('',*,*,#3005,.F.);
#4510=ORIENTED_EDGE('',*,*,#3018,.F.);
#4511=ORIENTED_EDGE('',*,*,#2980,.F.);
#4512=ORIENTED_EDGE('',*,*,#2971,.T.);
#4513=ORIENTED_EDGE('',*,*,#2967,.T.);
#4514=ORIENTED_EDGE('',*,*,#3154,.T.);
#4515=ORIENTED_EDGE('',*,*,#3000,.T.);
#4516=ORIENTED_EDGE('',*,*,#2819,.F.);
#4517=ORIENTED_EDGE('',*,*,#2875,.F.);
#4518=ORIENTED_EDGE('',*,*,#3164,.T.);
#4519=ORIENTED_EDGE('',*,*,#3166,.T.);
#4520=ORIENTED_EDGE('',*,*,#3167,.F.);
#4521=ORIENTED_EDGE('',*,*,#3168,.F.);
#4522=ORIENTED_EDGE('',*,*,#3169,.T.);
#4523=ORIENTED_EDGE('',*,*,#3158,.T.);
#4524=ORIENTED_EDGE('',*,*,#3151,.T.);
#4525=ORIENTED_EDGE('',*,*,#3157,.T.);
#4526=ORIENTED_EDGE('',*,*,#3170,.F.);
#4527=ORIENTED_EDGE('',*,*,#3171,.F.);
#4528=ORIENTED_EDGE('',*,*,#2896,.T.);
#4529=ORIENTED_EDGE('',*,*,#2895,.F.);
#4530=ORIENTED_EDGE('',*,*,#3172,.F.);
#4531=ORIENTED_EDGE('',*,*,#3173,.F.);
#4532=ORIENTED_EDGE('',*,*,#3174,.T.);
#4533=ORIENTED_EDGE('',*,*,#3175,.F.);
#4534=ORIENTED_EDGE('',*,*,#3176,.F.);
#4535=ORIENTED_EDGE('',*,*,#3177,.F.);
#4536=ORIENTED_EDGE('',*,*,#3178,.T.);
#4537=ORIENTED_EDGE('',*,*,#3179,.F.);
#4538=ORIENTED_EDGE('',*,*,#3180,.F.);
#4539=ORIENTED_EDGE('',*,*,#3163,.T.);
#4540=ORIENTED_EDGE('',*,*,#3181,.F.);
#4541=ORIENTED_EDGE('',*,*,#3182,.F.);
#4542=ORIENTED_EDGE('',*,*,#3166,.F.);
#4543=ORIENTED_EDGE('',*,*,#3162,.T.);
#4544=ORIENTED_EDGE('',*,*,#3183,.F.);
#4545=ORIENTED_EDGE('',*,*,#3184,.F.);
#4546=ORIENTED_EDGE('',*,*,#3185,.T.);
#4547=ORIENTED_EDGE('',*,*,#3186,.T.);
#4548=ORIENTED_EDGE('',*,*,#3187,.T.);
#4549=ORIENTED_EDGE('',*,*,#3188,.F.);
#4550=ORIENTED_EDGE('',*,*,#3181,.T.);
#4551=ORIENTED_EDGE('',*,*,#2940,.T.);
#4552=ORIENTED_EDGE('',*,*,#2966,.F.);
#4553=ORIENTED_EDGE('',*,*,#3155,.T.);
#4554=ORIENTED_EDGE('',*,*,#2952,.T.);
#4555=ORIENTED_EDGE('',*,*,#3161,.T.);
#4556=ORIENTED_EDGE('',*,*,#3189,.F.);
#4557=ORIENTED_EDGE('',*,*,#3190,.F.);
#4558=ORIENTED_EDGE('',*,*,#3183,.T.);
#4559=ORIENTED_EDGE('',*,*,#3156,.T.);
#4560=ORIENTED_EDGE('',*,*,#2964,.T.);
#4561=ORIENTED_EDGE('',*,*,#2831,.F.);
#4562=ORIENTED_EDGE('',*,*,#3170,.T.);
#4563=ORIENTED_EDGE('',*,*,#3159,.T.);
#4564=ORIENTED_EDGE('',*,*,#3180,.T.);
#4565=ORIENTED_EDGE('',*,*,#3191,.F.);
#4566=ORIENTED_EDGE('',*,*,#3192,.T.);
#4567=ORIENTED_EDGE('',*,*,#3160,.T.);
#4568=ORIENTED_EDGE('',*,*,#3192,.F.);
#4569=ORIENTED_EDGE('',*,*,#3193,.F.);
#4570=ORIENTED_EDGE('',*,*,#3194,.F.);
#4571=ORIENTED_EDGE('',*,*,#3189,.T.);
#4572=ORIENTED_EDGE('',*,*,#2897,.T.);
#4573=ORIENTED_EDGE('',*,*,#3171,.T.);
#4574=ORIENTED_EDGE('',*,*,#2830,.T.);
#4575=ORIENTED_EDGE('',*,*,#2901,.T.);
#4576=ORIENTED_EDGE('',*,*,#2868,.T.);
#4577=ORIENTED_EDGE('',*,*,#2898,.T.);
#4578=ORIENTED_EDGE('',*,*,#2854,.T.);
#4579=ORIENTED_EDGE('',*,*,#2820,.F.);
#4580=ORIENTED_EDGE('',*,*,#2999,.T.);
#4581=ORIENTED_EDGE('',*,*,#3165,.T.);
#4582=ORIENTED_EDGE('',*,*,#3169,.F.);
#4583=ORIENTED_EDGE('',*,*,#3195,.F.);
#4584=ORIENTED_EDGE('',*,*,#3006,.T.);
#4585=ORIENTED_EDGE('',*,*,#3196,.T.);
#4586=ORIENTED_EDGE('',*,*,#3007,.T.);
#4587=ORIENTED_EDGE('',*,*,#3197,.T.);
#4588=ORIENTED_EDGE('',*,*,#3198,.T.);
#4589=ORIENTED_EDGE('',*,*,#3193,.T.);
#4590=ORIENTED_EDGE('',*,*,#3191,.T.);
#4591=ORIENTED_EDGE('',*,*,#3199,.T.);
#4592=ORIENTED_EDGE('',*,*,#3200,.T.);
#4593=ORIENTED_EDGE('',*,*,#3197,.F.);
#4594=ORIENTED_EDGE('',*,*,#3195,.T.);
#4595=ORIENTED_EDGE('',*,*,#3168,.T.);
#4596=ORIENTED_EDGE('',*,*,#3201,.T.);
#4597=ORIENTED_EDGE('',*,*,#3202,.T.);
#4598=ORIENTED_EDGE('',*,*,#3203,.T.);
#4599=ORIENTED_EDGE('',*,*,#3199,.F.);
#4600=ORIENTED_EDGE('',*,*,#3179,.T.);
#4601=ORIENTED_EDGE('',*,*,#3202,.F.);
#4602=ORIENTED_EDGE('',*,*,#3178,.F.);
#4603=ORIENTED_EDGE('',*,*,#3177,.T.);
#4604=ORIENTED_EDGE('',*,*,#3204,.F.);
#4605=ORIENTED_EDGE('',*,*,#3205,.F.);
#4606=ORIENTED_EDGE('',*,*,#3206,.F.);
#4607=ORIENTED_EDGE('',*,*,#3008,.F.);
#4608=ORIENTED_EDGE('',*,*,#3196,.F.);
#4609=ORIENTED_EDGE('',*,*,#3207,.F.);
#4610=ORIENTED_EDGE('',*,*,#3201,.F.);
#4611=ORIENTED_EDGE('',*,*,#3167,.T.);
#4612=ORIENTED_EDGE('',*,*,#3182,.T.);
#4613=ORIENTED_EDGE('',*,*,#3188,.T.);
#4614=ORIENTED_EDGE('',*,*,#3208,.T.);
#4615=ORIENTED_EDGE('',*,*,#3209,.T.);
#4616=ORIENTED_EDGE('',*,*,#3210,.T.);
#4617=ORIENTED_EDGE('',*,*,#3184,.T.);
#4618=ORIENTED_EDGE('',*,*,#3190,.T.);
#4619=ORIENTED_EDGE('',*,*,#3194,.T.);
#4620=ORIENTED_EDGE('',*,*,#3211,.T.);
#4621=ORIENTED_EDGE('',*,*,#3212,.T.);
#4622=ORIENTED_EDGE('',*,*,#3213,.T.);
#4623=ORIENTED_EDGE('',*,*,#3175,.T.);
#4624=ORIENTED_EDGE('',*,*,#3204,.T.);
#4625=ORIENTED_EDGE('',*,*,#3176,.T.);
#4626=ORIENTED_EDGE('',*,*,#3213,.F.);
#4627=ORIENTED_EDGE('',*,*,#3214,.T.);
#4628=ORIENTED_EDGE('',*,*,#3214,.F.);
#4629=ORIENTED_EDGE('',*,*,#3215,.T.);
#4630=ORIENTED_EDGE('',*,*,#3216,.F.);
#4631=ORIENTED_EDGE('',*,*,#3205,.T.);
#4632=ORIENTED_EDGE('',*,*,#3212,.F.);
#4633=ORIENTED_EDGE('',*,*,#3217,.T.);
#4634=ORIENTED_EDGE('',*,*,#3218,.T.);
#4635=ORIENTED_EDGE('',*,*,#3219,.F.);
#4636=ORIENTED_EDGE('',*,*,#3045,.T.);
#4637=ORIENTED_EDGE('',*,*,#3220,.T.);
#4638=ORIENTED_EDGE('',*,*,#3221,.T.);
#4639=ORIENTED_EDGE('',*,*,#3222,.T.);
#4640=ORIENTED_EDGE('',*,*,#3040,.T.);
#4641=ORIENTED_EDGE('',*,*,#3223,.F.);
#4642=ORIENTED_EDGE('',*,*,#3215,.F.);
#4643=ORIENTED_EDGE('',*,*,#3211,.F.);
#4644=ORIENTED_EDGE('',*,*,#3174,.F.);
#4645=ORIENTED_EDGE('',*,*,#3224,.F.);
#4646=ORIENTED_EDGE('',*,*,#2921,.F.);
#4647=ORIENTED_EDGE('',*,*,#3225,.T.);
#4648=ORIENTED_EDGE('',*,*,#3217,.F.);
#4649=ORIENTED_EDGE('',*,*,#3226,.T.);
#4650=ORIENTED_EDGE('',*,*,#3009,.T.);
#4651=ORIENTED_EDGE('',*,*,#3206,.T.);
#4652=ORIENTED_EDGE('',*,*,#3216,.T.);
#4653=ORIENTED_EDGE('',*,*,#3049,.T.);
#4654=ORIENTED_EDGE('',*,*,#3010,.T.);
#4655=ORIENTED_EDGE('',*,*,#3226,.F.);
#4656=ORIENTED_EDGE('',*,*,#3223,.T.);
#4657=ORIENTED_EDGE('',*,*,#3020,.T.);
#4658=ORIENTED_EDGE('',*,*,#3047,.T.);
#4659=ORIENTED_EDGE('',*,*,#3227,.T.);
#4660=ORIENTED_EDGE('',*,*,#3228,.T.);
#4661=ORIENTED_EDGE('',*,*,#3229,.T.);
#4662=ORIENTED_EDGE('',*,*,#3230,.T.);
#4663=ORIENTED_EDGE('',*,*,#3227,.F.);
#4664=ORIENTED_EDGE('',*,*,#3046,.T.);
#4665=ORIENTED_EDGE('',*,*,#3231,.T.);
#4666=ORIENTED_EDGE('',*,*,#3232,.T.);
#4667=ORIENTED_EDGE('',*,*,#3229,.F.);
#4668=ORIENTED_EDGE('',*,*,#3219,.T.);
#4669=ORIENTED_EDGE('',*,*,#3228,.F.);
#4670=ORIENTED_EDGE('',*,*,#3233,.T.);
#4671=ORIENTED_EDGE('',*,*,#3234,.T.);
#4672=ORIENTED_EDGE('',*,*,#3013,.F.);
#4673=ORIENTED_EDGE('',*,*,#3025,.F.);
#4674=ORIENTED_EDGE('',*,*,#3230,.F.);
#4675=ORIENTED_EDGE('',*,*,#3232,.F.);
#4676=ORIENTED_EDGE('',*,*,#3235,.T.);
#4677=ORIENTED_EDGE('',*,*,#3236,.T.);
#4678=ORIENTED_EDGE('',*,*,#3233,.F.);
#4679=ORIENTED_EDGE('',*,*,#3231,.F.);
#4680=ORIENTED_EDGE('',*,*,#3218,.F.);
#4681=ORIENTED_EDGE('',*,*,#3225,.F.);
#4682=ORIENTED_EDGE('',*,*,#2920,.F.);
#4683=ORIENTED_EDGE('',*,*,#3237,.F.);
#4684=ORIENTED_EDGE('',*,*,#3144,.F.);
#4685=ORIENTED_EDGE('',*,*,#3238,.F.);
#4686=ORIENTED_EDGE('',*,*,#3239,.F.);
#4687=ORIENTED_EDGE('',*,*,#3240,.F.);
#4688=ORIENTED_EDGE('',*,*,#3235,.F.);
#4689=ORIENTED_EDGE('',*,*,#2894,.T.);
#4690=ORIENTED_EDGE('',*,*,#2914,.T.);
#4691=ORIENTED_EDGE('',*,*,#3241,.T.);
#4692=ORIENTED_EDGE('',*,*,#3172,.T.);
#4693=ORIENTED_EDGE('',*,*,#3224,.T.);
#4694=ORIENTED_EDGE('',*,*,#3173,.T.);
#4695=ORIENTED_EDGE('',*,*,#3241,.F.);
#4696=ORIENTED_EDGE('',*,*,#2922,.T.);
#4697=ORIENTED_EDGE('',*,*,#2704,.T.);
#4698=ORIENTED_EDGE('',*,*,#2703,.F.);
#4699=ORIENTED_EDGE('',*,*,#2893,.F.);
#4700=ORIENTED_EDGE('',*,*,#2887,.F.);
#4701=ORIENTED_EDGE('',*,*,#2884,.F.);
#4702=ORIENTED_EDGE('',*,*,#2879,.F.);
#4703=ORIENTED_EDGE('',*,*,#2852,.T.);
#4704=ORIENTED_EDGE('',*,*,#2860,.T.);
#4705=ORIENTED_EDGE('',*,*,#2858,.F.);
#4706=ORIENTED_EDGE('',*,*,#2856,.F.);
#4707=ORIENTED_EDGE('',*,*,#3242,.F.);
#4708=ORIENTED_EDGE('',*,*,#2923,.T.);
#4709=ORIENTED_EDGE('',*,*,#3237,.T.);
#4710=ORIENTED_EDGE('',*,*,#2919,.T.);
#4711=ORIENTED_EDGE('',*,*,#3243,.T.);
#4712=ORIENTED_EDGE('',*,*,#3145,.T.);
#4713=ORIENTED_EDGE('',*,*,#3071,.T.);
#4714=ORIENTED_EDGE('',*,*,#3146,.T.);
#4715=ORIENTED_EDGE('',*,*,#3243,.F.);
#4716=ORIENTED_EDGE('',*,*,#3244,.T.);
#4717=ORIENTED_EDGE('',*,*,#3055,.T.);
#4718=ORIENTED_EDGE('',*,*,#3245,.T.);
#4719=ORIENTED_EDGE('',*,*,#2925,.T.);
#4720=ORIENTED_EDGE('',*,*,#2929,.T.);
#4721=ORIENTED_EDGE('',*,*,#2900,.T.);
#4722=ORIENTED_EDGE('',*,*,#2998,.T.);
#4723=ORIENTED_EDGE('',*,*,#2909,.F.);
#4724=ORIENTED_EDGE('',*,*,#3242,.T.);
#4725=ORIENTED_EDGE('',*,*,#3059,.T.);
#4726=ORIENTED_EDGE('',*,*,#3072,.F.);
#4727=ORIENTED_EDGE('',*,*,#3244,.F.);
#4728=ORIENTED_EDGE('',*,*,#2918,.T.);
#4729=ORIENTED_EDGE('',*,*,#3245,.F.);
#4730=ORIENTED_EDGE('',*,*,#3054,.T.);
#4731=ORIENTED_EDGE('',*,*,#3050,.T.);
#4732=ORIENTED_EDGE('',*,*,#2672,.T.);
#4733=ORIENTED_EDGE('',*,*,#3246,.F.);
#4734=ORIENTED_EDGE('',*,*,#3240,.T.);
#4735=ORIENTED_EDGE('',*,*,#3247,.F.);
#4736=ORIENTED_EDGE('',*,*,#3248,.F.);
#4737=ORIENTED_EDGE('',*,*,#3249,.F.);
#4738=ORIENTED_EDGE('',*,*,#3250,.F.);
#4739=ORIENTED_EDGE('',*,*,#3251,.F.);
#4740=ORIENTED_EDGE('',*,*,#3252,.F.);
#4741=ORIENTED_EDGE('',*,*,#3253,.F.);
#4742=ORIENTED_EDGE('',*,*,#3014,.F.);
#4743=ORIENTED_EDGE('',*,*,#3234,.F.);
#4744=ORIENTED_EDGE('',*,*,#3236,.F.);
#4745=ORIENTED_EDGE('',*,*,#3239,.T.);
#4746=ORIENTED_EDGE('',*,*,#3254,.T.);
#4747=ORIENTED_EDGE('',*,*,#3255,.F.);
#4748=ORIENTED_EDGE('',*,*,#3247,.T.);
#4749=ORIENTED_EDGE('',*,*,#3256,.F.);
#4750=ORIENTED_EDGE('',*,*,#3257,.F.);
#4751=ORIENTED_EDGE('',*,*,#3258,.T.);
#4752=ORIENTED_EDGE('',*,*,#3259,.T.);
#4753=ORIENTED_EDGE('',*,*,#3260,.T.);
#4754=ORIENTED_EDGE('',*,*,#3259,.F.);
#4755=ORIENTED_EDGE('',*,*,#3261,.T.);
#4756=ORIENTED_EDGE('',*,*,#3262,.T.);
#4757=ORIENTED_EDGE('',*,*,#3263,.F.);
#4758=ORIENTED_EDGE('',*,*,#3264,.T.);
#4759=ORIENTED_EDGE('',*,*,#3265,.T.);
#4760=ORIENTED_EDGE('',*,*,#3266,.T.);
#4761=ORIENTED_EDGE('',*,*,#3267,.T.);
#4762=ORIENTED_EDGE('',*,*,#3265,.F.);
#4763=ORIENTED_EDGE('',*,*,#3268,.T.);
#4764=ORIENTED_EDGE('',*,*,#3269,.T.);
#4765=ORIENTED_EDGE('',*,*,#3270,.T.);
#4766=ORIENTED_EDGE('',*,*,#3256,.T.);
#4767=ORIENTED_EDGE('',*,*,#3271,.T.);
#4768=ORIENTED_EDGE('',*,*,#3272,.T.);
#4769=ORIENTED_EDGE('',*,*,#3273,.T.);
#4770=ORIENTED_EDGE('',*,*,#3274,.F.);
#4771=ORIENTED_EDGE('',*,*,#3042,.F.);
#4772=ORIENTED_EDGE('',*,*,#3275,.F.);
#4773=ORIENTED_EDGE('',*,*,#3260,.F.);
#4774=ORIENTED_EDGE('',*,*,#3276,.T.);
#4775=ORIENTED_EDGE('',*,*,#3277,.F.);
#4776=ORIENTED_EDGE('',*,*,#3271,.F.);
#4777=ORIENTED_EDGE('',*,*,#3264,.F.);
#4778=ORIENTED_EDGE('',*,*,#3278,.F.);
#4779=ORIENTED_EDGE('',*,*,#3279,.F.);
#4780=ORIENTED_EDGE('',*,*,#3280,.T.);
#4781=ORIENTED_EDGE('',*,*,#3281,.T.);
#4782=ORIENTED_EDGE('',*,*,#3263,.T.);
#4783=ORIENTED_EDGE('',*,*,#3282,.T.);
#4784=ORIENTED_EDGE('',*,*,#3283,.T.);
#4785=ORIENTED_EDGE('',*,*,#3220,.F.);
#4786=ORIENTED_EDGE('',*,*,#3044,.F.);
#4787=ORIENTED_EDGE('',*,*,#3284,.F.);
#4788=ORIENTED_EDGE('',*,*,#3285,.T.);
#4789=ORIENTED_EDGE('',*,*,#3286,.T.);
#4790=ORIENTED_EDGE('',*,*,#3278,.T.);
#4791=ORIENTED_EDGE('',*,*,#3272,.F.);
#4792=ORIENTED_EDGE('',*,*,#3277,.T.);
#4793=ORIENTED_EDGE('',*,*,#3287,.T.);
#4794=ORIENTED_EDGE('',*,*,#3288,.T.);
#4795=ORIENTED_EDGE('',*,*,#3289,.T.);
#4796=ORIENTED_EDGE('',*,*,#3287,.F.);
#4797=ORIENTED_EDGE('',*,*,#3290,.T.);
#4798=ORIENTED_EDGE('',*,*,#3291,.T.);
#4799=ORIENTED_EDGE('',*,*,#3286,.F.);
#4800=ORIENTED_EDGE('',*,*,#3292,.F.);
#4801=ORIENTED_EDGE('',*,*,#3293,.T.);
#4802=ORIENTED_EDGE('',*,*,#3294,.T.);
#4803=ORIENTED_EDGE('',*,*,#3279,.T.);
#4804=ORIENTED_EDGE('',*,*,#3294,.F.);
#4805=ORIENTED_EDGE('',*,*,#3295,.T.);
#4806=ORIENTED_EDGE('',*,*,#3296,.T.);
#4807=ORIENTED_EDGE('',*,*,#3297,.T.);
#4808=ORIENTED_EDGE('',*,*,#3288,.F.);
#4809=ORIENTED_EDGE('',*,*,#3291,.F.);
#4810=ORIENTED_EDGE('',*,*,#3295,.F.);
#4811=ORIENTED_EDGE('',*,*,#3293,.F.);
#4812=ORIENTED_EDGE('',*,*,#3298,.T.);
#4813=ORIENTED_EDGE('',*,*,#3284,.T.);
#4814=ORIENTED_EDGE('',*,*,#3043,.F.);
#4815=ORIENTED_EDGE('',*,*,#3274,.T.);
#4816=ORIENTED_EDGE('',*,*,#3297,.F.);
#4817=ORIENTED_EDGE('',*,*,#3273,.F.);
#4818=ORIENTED_EDGE('',*,*,#3289,.F.);
#4819=ORIENTED_EDGE('',*,*,#3262,.F.);
#4820=ORIENTED_EDGE('',*,*,#3268,.F.);
#4821=ORIENTED_EDGE('',*,*,#3281,.F.);
#4822=ORIENTED_EDGE('',*,*,#3299,.T.);
#4823=ORIENTED_EDGE('',*,*,#3300,.F.);
#4824=ORIENTED_EDGE('',*,*,#3301,.F.);
#4825=ORIENTED_EDGE('',*,*,#3302,.T.);
#4826=ORIENTED_EDGE('',*,*,#3303,.F.);
#4827=ORIENTED_EDGE('',*,*,#3304,.F.);
#4828=ORIENTED_EDGE('',*,*,#3305,.F.);
#4829=ORIENTED_EDGE('',*,*,#3306,.T.);
#4830=ORIENTED_EDGE('',*,*,#3307,.F.);
#4831=ORIENTED_EDGE('',*,*,#3308,.F.);
#4832=ORIENTED_EDGE('',*,*,#3299,.F.);
#4833=ORIENTED_EDGE('',*,*,#3280,.F.);
#4834=ORIENTED_EDGE('',*,*,#3296,.F.);
#4835=ORIENTED_EDGE('',*,*,#3290,.F.);
#4836=ORIENTED_EDGE('',*,*,#3276,.F.);
#4837=ORIENTED_EDGE('',*,*,#3285,.F.);
#4838=ORIENTED_EDGE('',*,*,#3298,.F.);
#4839=ORIENTED_EDGE('',*,*,#3292,.T.);
#4840=ORIENTED_EDGE('',*,*,#3309,.T.);
#4841=ORIENTED_EDGE('',*,*,#3310,.T.);
#4842=ORIENTED_EDGE('',*,*,#3305,.T.);
#4843=ORIENTED_EDGE('',*,*,#3311,.T.);
#4844=ORIENTED_EDGE('',*,*,#3304,.T.);
#4845=ORIENTED_EDGE('',*,*,#3312,.T.);
#4846=ORIENTED_EDGE('',*,*,#3251,.T.);
#4847=ORIENTED_EDGE('',*,*,#3313,.T.);
#4848=ORIENTED_EDGE('',*,*,#3311,.F.);
#4849=ORIENTED_EDGE('',*,*,#3309,.F.);
#4850=ORIENTED_EDGE('',*,*,#3313,.F.);
#4851=ORIENTED_EDGE('',*,*,#3250,.T.);
#4852=ORIENTED_EDGE('',*,*,#3314,.F.);
#4853=ORIENTED_EDGE('',*,*,#3315,.F.);
#4854=ORIENTED_EDGE('',*,*,#3316,.T.);
#4855=ORIENTED_EDGE('',*,*,#3249,.T.);
#4856=ORIENTED_EDGE('',*,*,#3317,.T.);
#4857=ORIENTED_EDGE('',*,*,#3300,.T.);
#4858=ORIENTED_EDGE('',*,*,#3308,.T.);
#4859=ORIENTED_EDGE('',*,*,#3318,.T.);
#4860=ORIENTED_EDGE('',*,*,#3314,.T.);
#4861=ORIENTED_EDGE('',*,*,#3307,.T.);
#4862=ORIENTED_EDGE('',*,*,#3319,.T.);
#4863=ORIENTED_EDGE('',*,*,#3315,.T.);
#4864=ORIENTED_EDGE('',*,*,#3318,.F.);
#4865=ORIENTED_EDGE('',*,*,#3320,.T.);
#4866=ORIENTED_EDGE('',*,*,#3275,.T.);
#4867=ORIENTED_EDGE('',*,*,#3041,.F.);
#4868=ORIENTED_EDGE('',*,*,#3222,.F.);
#4869=ORIENTED_EDGE('',*,*,#3221,.F.);
#4870=ORIENTED_EDGE('',*,*,#3283,.F.);
#4871=ORIENTED_EDGE('',*,*,#3321,.T.);
#4872=ORIENTED_EDGE('',*,*,#3266,.F.);
#4873=ORIENTED_EDGE('',*,*,#3269,.F.);
#4874=ORIENTED_EDGE('',*,*,#3261,.F.);
#4875=ORIENTED_EDGE('',*,*,#3258,.F.);
#4876=ORIENTED_EDGE('',*,*,#3270,.F.);
#4877=ORIENTED_EDGE('',*,*,#3320,.F.);
#4878=ORIENTED_EDGE('',*,*,#3257,.T.);
#4879=ORIENTED_EDGE('',*,*,#3321,.F.);
#4880=ORIENTED_EDGE('',*,*,#3282,.F.);
#4881=ORIENTED_EDGE('',*,*,#3267,.F.);
#4882=ORIENTED_EDGE('',*,*,#3301,.T.);
#4883=ORIENTED_EDGE('',*,*,#3317,.F.);
#4884=ORIENTED_EDGE('',*,*,#3248,.T.);
#4885=ORIENTED_EDGE('',*,*,#3255,.T.);
#4886=ORIENTED_EDGE('',*,*,#3322,.T.);
#4887=ORIENTED_EDGE('',*,*,#3303,.T.);
#4888=ORIENTED_EDGE('',*,*,#3323,.T.);
#4889=ORIENTED_EDGE('',*,*,#3324,.F.);
#4890=ORIENTED_EDGE('',*,*,#3252,.T.);
#4891=ORIENTED_EDGE('',*,*,#3312,.F.);
#4892=ORIENTED_EDGE('',*,*,#3238,.T.);
#4893=ORIENTED_EDGE('',*,*,#3143,.F.);
#4894=ORIENTED_EDGE('',*,*,#3140,.F.);
#4895=ORIENTED_EDGE('',*,*,#3016,.F.);
#4896=ORIENTED_EDGE('',*,*,#3325,.F.);
#4897=ORIENTED_EDGE('',*,*,#3323,.F.);
#4898=ORIENTED_EDGE('',*,*,#3302,.F.);
#4899=ORIENTED_EDGE('',*,*,#3322,.F.);
#4900=ORIENTED_EDGE('',*,*,#3254,.F.);
#4901=ORIENTED_EDGE('',*,*,#3319,.F.);
#4902=ORIENTED_EDGE('',*,*,#3306,.F.);
#4903=ORIENTED_EDGE('',*,*,#3310,.F.);
#4904=ORIENTED_EDGE('',*,*,#3316,.F.);
#4905=ORIENTED_EDGE('',*,*,#3015,.F.);
#4906=ORIENTED_EDGE('',*,*,#3253,.T.);
#4907=ORIENTED_EDGE('',*,*,#3324,.T.);
#4908=ORIENTED_EDGE('',*,*,#3325,.T.);
#4909=ORIENTED_EDGE('',*,*,#3326,.F.);
#4910=ORIENTED_EDGE('',*,*,#3327,.T.);
#4911=ORIENTED_EDGE('',*,*,#2648,.T.);
#4912=ORIENTED_EDGE('',*,*,#3327,.F.);
#4913=ORIENTED_EDGE('',*,*,#3328,.F.);
#4914=ORIENTED_EDGE('',*,*,#3329,.T.);
#4915=ORIENTED_EDGE('',*,*,#3330,.T.);
#4916=ORIENTED_EDGE('',*,*,#3331,.T.);
#4917=ORIENTED_EDGE('',*,*,#3329,.F.);
#4918=ORIENTED_EDGE('',*,*,#3246,.T.);
#4919=ORIENTED_EDGE('',*,*,#3326,.T.);
#4920=ORIENTED_EDGE('',*,*,#3332,.T.);
#4921=ORIENTED_EDGE('',*,*,#3330,.F.);
#4922=ORIENTED_EDGE('',*,*,#3331,.F.);
#4923=ORIENTED_EDGE('',*,*,#3332,.F.);
#4924=ORIENTED_EDGE('',*,*,#3328,.T.);
#4925=ORIENTED_EDGE('',*,*,#2644,.F.);
#4926=ORIENTED_EDGE('',*,*,#3085,.F.);
#4927=ORIENTED_EDGE('',*,*,#2633,.F.);
#4928=ORIENTED_EDGE('',*,*,#2650,.T.);
#4929=ORIENTED_EDGE('',*,*,#3333,.T.);
#4930=ORIENTED_EDGE('',*,*,#3334,.T.);
#4931=ORIENTED_EDGE('',*,*,#3335,.T.);
#4932=ORIENTED_EDGE('',*,*,#3336,.T.);
#4933=ORIENTED_EDGE('',*,*,#3337,.T.);
#4934=ORIENTED_EDGE('',*,*,#3338,.T.);
#4935=ORIENTED_EDGE('',*,*,#3339,.T.);
#4936=ORIENTED_EDGE('',*,*,#3333,.F.);
#4937=ORIENTED_EDGE('',*,*,#3340,.T.);
#4938=ORIENTED_EDGE('',*,*,#3341,.T.);
#4939=ORIENTED_EDGE('',*,*,#3337,.F.);
#4940=ORIENTED_EDGE('',*,*,#3336,.F.);
#4941=ORIENTED_EDGE('',*,*,#3342,.T.);
#4942=ORIENTED_EDGE('',*,*,#3343,.T.);
#4943=ORIENTED_EDGE('',*,*,#3340,.F.);
#4944=ORIENTED_EDGE('',*,*,#3335,.F.);
#4945=ORIENTED_EDGE('',*,*,#3339,.F.);
#4946=ORIENTED_EDGE('',*,*,#3344,.T.);
#4947=ORIENTED_EDGE('',*,*,#3342,.F.);
#4948=ORIENTED_EDGE('',*,*,#3334,.F.);
#4949=ORIENTED_EDGE('',*,*,#3048,.F.);
#4950=ORIENTED_EDGE('',*,*,#3345,.T.);
#4951=ORIENTED_EDGE('',*,*,#3346,.T.);
#4952=ORIENTED_EDGE('',*,*,#3345,.F.);
#4953=ORIENTED_EDGE('',*,*,#3346,.F.);
#4954=ORIENTED_EDGE('',*,*,#3344,.F.);
#4955=ORIENTED_EDGE('',*,*,#3338,.F.);
#4956=ORIENTED_EDGE('',*,*,#3341,.F.);
#4957=ORIENTED_EDGE('',*,*,#3343,.F.);
#4958=ORIENTED_EDGE('',*,*,#3203,.F.);
#4959=ORIENTED_EDGE('',*,*,#3207,.T.);
#4960=ORIENTED_EDGE('',*,*,#3198,.F.);
#4961=ORIENTED_EDGE('',*,*,#3200,.F.);
#4962=ORIENTED_EDGE('',*,*,#3209,.F.);
#4963=ORIENTED_EDGE('',*,*,#3347,.F.);
#4964=ORIENTED_EDGE('',*,*,#3348,.F.);
#4965=ORIENTED_EDGE('',*,*,#3349,.F.);
#4966=ORIENTED_EDGE('',*,*,#3208,.F.);
#4967=ORIENTED_EDGE('',*,*,#3187,.F.);
#4968=ORIENTED_EDGE('',*,*,#3350,.T.);
#4969=ORIENTED_EDGE('',*,*,#3347,.T.);
#4970=ORIENTED_EDGE('',*,*,#3210,.F.);
#4971=ORIENTED_EDGE('',*,*,#3349,.T.);
#4972=ORIENTED_EDGE('',*,*,#3351,.T.);
#4973=ORIENTED_EDGE('',*,*,#3185,.F.);
#4974=ORIENTED_EDGE('',*,*,#3351,.F.);
#4975=ORIENTED_EDGE('',*,*,#3348,.T.);
#4976=ORIENTED_EDGE('',*,*,#3350,.F.);
#4977=ORIENTED_EDGE('',*,*,#3186,.F.);
#4978=B_SPLINE_SURFACE_WITH_KNOTS('',3,1,((#6825,#6826),(#6827,#6828),(#6829,
#6830),(#6831,#6832)),.UNSPECIFIED.,.F.,.F.,.F.,(4,4),(2,2),(-0.153391162273826,
-0.0509681943370016),(0.,0.015),.UNSPECIFIED.);
#4979=B_SPLINE_SURFACE_WITH_KNOTS('',3,3,((#6862,#6863,#6864,#6865),(#6866,
#6867,#6868,#6869),(#6870,#6871,#6872,#6873),(#6874,#6875,#6876,#6877),
(#6878,#6879,#6880,#6881),(#6882,#6883,#6884,#6885)),.UNSPECIFIED.,.F.,
 .F.,.F.,(4,1,1,4),(4,4),(0.,0.285714285714286,0.571428571428571,1.),(0.,
0.3475),.UNSPECIFIED.);
#4980=B_SPLINE_SURFACE_WITH_KNOTS('',3,1,((#6943,#6944),(#6945,#6946),(#6947,
#6948),(#6949,#6950)),.UNSPECIFIED.,.F.,.F.,.F.,(4,4),(2,2),(-0.122934336369711,
-0.021845789689851),(0.,0.015),.UNSPECIFIED.);
#4981=B_SPLINE_SURFACE_WITH_KNOTS('',3,3,((#7027,#7028,#7029,#7030),(#7031,
#7032,#7033,#7034),(#7035,#7036,#7037,#7038),(#7039,#7040,#7041,#7042),
(#7043,#7044,#7045,#7046)),.UNSPECIFIED.,.F.,.F.,.F.,(4,1,4),(4,4),(0.,
0.571428571428571,1.),(1.11022302462516E-16,0.185),.UNSPECIFIED.);
#4982=B_SPLINE_SURFACE_WITH_KNOTS('',3,3,((#7911,#7912,#7913,#7914),(#7915,
#7916,#7917,#7918),(#7919,#7920,#7921,#7922),(#7923,#7924,#7925,#7926),
(#7927,#7928,#7929,#7930)),.UNSPECIFIED.,.F.,.F.,.F.,(4,1,4),(4,4),(0.,
0.571428571428571,1.),(-0.00921467814624397,0.116225301380769),
 .UNSPECIFIED.);
#4983=B_SPLINE_SURFACE_WITH_KNOTS('',3,3,((#8195,#8196,#8197,#8198),(#8199,
#8200,#8201,#8202),(#8203,#8204,#8205,#8206),(#8207,#8208,#8209,#8210),
(#8211,#8212,#8213,#8214)),.UNSPECIFIED.,.F.,.F.,.F.,(4,1,4),(4,4),(0.,
0.571428571428571,1.),(-0.0800955748652185,0.284233913956416),
 .UNSPECIFIED.);
#4984=B_SPLINE_SURFACE_WITH_KNOTS('',3,3,((#8369,#8370,#8371,#8372),(#8373,
#8374,#8375,#8376),(#8377,#8378,#8379,#8380),(#8381,#8382,#8383,#8384),
(#8385,#8386,#8387,#8388)),.UNSPECIFIED.,.F.,.F.,.F.,(4,1,4),(4,4),(0.,
0.571428571428571,1.),(1.94289029309404E-16,0.0725000000000003),
 .UNSPECIFIED.);
#4985=B_SPLINE_SURFACE_WITH_KNOTS('',3,3,((#8463,#8464,#8465,#8466),(#8467,
#8468,#8469,#8470),(#8471,#8472,#8473,#8474),(#8475,#8476,#8477,#8478),
(#8479,#8480,#8481,#8482)),.UNSPECIFIED.,.F.,.F.,.F.,(4,1,4),(4,4),(0.,
0.571428571428571,1.),(0.792217822480265,0.797960520287984),
 .UNSPECIFIED.);
#4986=B_SPLINE_SURFACE_WITH_KNOTS('',3,3,((#8603,#8604,#8605,#8606),(#8607,
#8608,#8609,#8610),(#8611,#8612,#8613,#8614),(#8615,#8616,#8617,#8618)),
 .UNSPECIFIED.,.F.,.F.,.F.,(4,4),(4,4),(0.,1.),(-3.96141916175823,-3.92157473406126),
 .UNSPECIFIED.);
#4987=B_SPLINE_SURFACE_WITH_KNOTS('',3,3,((#8632,#8633,#8634,#8635),(#8636,
#8637,#8638,#8639),(#8640,#8641,#8642,#8643),(#8644,#8645,#8646,#8647)),
 .UNSPECIFIED.,.F.,.F.,.F.,(4,4),(4,4),(0.,1.),(-1.30639744314078,-1.25192493013348),
 .UNSPECIFIED.);
#4988=B_SPLINE_SURFACE_WITH_KNOTS('',3,3,((#8773,#8774,#8775,#8776),(#8777,
#8778,#8779,#8780),(#8781,#8782,#8783,#8784),(#8785,#8786,#8787,#8788)),
 .UNSPECIFIED.,.F.,.F.,.F.,(4,4),(4,4),(0.,0.833922489281813),(-0.36500000000002,
-0.248173623098529),.UNSPECIFIED.);
#4989=B_SPLINE_SURFACE_WITH_KNOTS('',3,3,((#8806,#8807,#8808,#8809),(#8810,
#8811,#8812,#8813),(#8814,#8815,#8816,#8817),(#8818,#8819,#8820,#8821)),
 .UNSPECIFIED.,.F.,.F.,.F.,(4,4),(4,4),(0.,0.105651710548479),(-0.00565582090848042,
0.),.UNSPECIFIED.);
#4990=B_SPLINE_SURFACE_WITH_KNOTS('',3,1,((#8946,#8947),(#8948,#8949),(#8950,
#8951),(#8952,#8953)),.UNSPECIFIED.,.F.,.F.,.F.,(4,4),(2,2),(0.,0.361886439782565),
(-0.02,0.),.UNSPECIFIED.);
#4991=B_SPLINE_SURFACE_WITH_KNOTS('',3,1,((#8960,#8961),(#8962,#8963),(#8964,
#8965),(#8966,#8967)),.UNSPECIFIED.,.F.,.F.,.F.,(4,4),(2,2),(0.,0.360839888623751),
(-0.02,0.),.UNSPECIFIED.);
#4992=B_SPLINE_SURFACE_WITH_KNOTS('',3,1,((#9148,#9149),(#9150,#9151),(#9152,
#9153),(#9154,#9155)),.UNSPECIFIED.,.F.,.F.,.F.,(4,4),(2,2),(0.680974005281525,
1.03946663500574),(0.,1.),.UNSPECIFIED.);
#4993=B_SPLINE_SURFACE_WITH_KNOTS('',3,3,((#9362,#9363,#9364,#9365),(#9366,
#9367,#9368,#9369),(#9370,#9371,#9372,#9373),(#9374,#9375,#9376,#9377),
(#9378,#9379,#9380,#9381)),.UNSPECIFIED.,.F.,.F.,.F.,(4,1,4),(4,4),(0.,
0.571428571428571,1.),(1.33693131706297,2.01833791566778),.UNSPECIFIED.);
#4994=B_SPLINE_SURFACE_WITH_KNOTS('',3,3,((#9471,#9472,#9473,#9474,#9475),
(#9476,#9477,#9478,#9479,#9480),(#9481,#9482,#9483,#9484,#9485),(#9486,
#9487,#9488,#9489,#9490),(#9491,#9492,#9493,#9494,#9495)),.UNSPECIFIED.,
 .F.,.F.,.F.,(4,1,4),(4,1,4),(0.,0.571428571428571,1.),(0.,0.407602900184591,
0.713305075323034),.UNSPECIFIED.);
#4995=B_SPLINE_SURFACE_WITH_KNOTS('',3,3,((#11050,#11051,#11052,#11053),
(#11054,#11055,#11056,#11057),(#11058,#11059,#11060,#11061),(#11062,#11063,
#11064,#11065),(#11066,#11067,#11068,#11069)),.UNSPECIFIED.,.F.,.F.,.F.,
(4,1,4),(4,4),(0.,0.571428571428571,1.),(0.680974005281525,1.3362332420444),
 .UNSPECIFIED.);
#4996=B_SPLINE_SURFACE_WITH_KNOTS('',3,3,((#11095,#11096,#11097,#11098),
(#11099,#11100,#11101,#11102),(#11103,#11104,#11105,#11106),(#11107,#11108,
#11109,#11110),(#11111,#11112,#11113,#11114)),.UNSPECIFIED.,.F.,.F.,.F.,
(4,1,4),(4,4),(0.,0.571428571428571,1.),(4.98722413115682E-17,0.655259236762876),
 .UNSPECIFIED.);
#4997=B_SPLINE_SURFACE_WITH_KNOTS('',3,3,((#11167,#11168,#11169,#11170,
#11171,#11172),(#11173,#11174,#11175,#11176,#11177,#11178),(#11179,#11180,
#11181,#11182,#11183,#11184),(#11185,#11186,#11187,#11188,#11189,#11190),
(#11191,#11192,#11193,#11194,#11195,#11196)),.UNSPECIFIED.,.F.,.F.,.F.,
(4,1,4),(4,1,1,4),(0.,0.571428571428571,1.),(-0.395454217443891,-0.138909243209952,
0.117635731023988,0.502453192374897),.UNSPECIFIED.);
#4998=B_SPLINE_SURFACE_WITH_KNOTS('',3,3,((#11220,#11221,#11222,#11223),
(#11224,#11225,#11226,#11227),(#11228,#11229,#11230,#11231),(#11232,#11233,
#11234,#11235),(#11236,#11237,#11238,#11239)),.UNSPECIFIED.,.F.,.F.,.F.,
(4,1,4),(4,4),(0.,0.571428571428571,1.),(0.,0.344219564021049),
 .UNSPECIFIED.);
#4999=B_SPLINE_SURFACE_WITH_KNOTS('',3,3,((#11316,#11317,#11318,#11319,
#11320,#11321,#11322,#11323,#11324,#11325),(#11326,#11327,#11328,#11329,
#11330,#11331,#11332,#11333,#11334,#11335),(#11336,#11337,#11338,#11339,
#11340,#11341,#11342,#11343,#11344,#11345),(#11346,#11347,#11348,#11349,
#11350,#11351,#11352,#11353,#11354,#11355),(#11356,#11357,#11358,#11359,
#11360,#11361,#11362,#11363,#11364,#11365)),.UNSPECIFIED.,.F.,.F.,.F.,(4,
1,4),(4,1,1,1,1,1,1,4),(0.,0.571428571428571,1.),(0.,0.294510961599392,
0.589021923198783,0.883532884798175,1.17804384639757,1.47255480799696,1.76706576959635,
2.06157673119574),.UNSPECIFIED.);
#5000=B_SPLINE_SURFACE_WITH_KNOTS('',3,3,((#11374,#11375,#11376,#11377),
(#11378,#11379,#11380,#11381),(#11382,#11383,#11384,#11385),(#11386,#11387,
#11388,#11389),(#11390,#11391,#11392,#11393)),.UNSPECIFIED.,.F.,.F.,.F.,
(4,1,4),(4,4),(0.,0.571428571428571,1.),(1.35811441471425E-16,0.35735899551157),
 .UNSPECIFIED.);
#5001=B_SPLINE_SURFACE_WITH_KNOTS('',3,3,((#11437,#11438,#11439,#11440),
(#11441,#11442,#11443,#11444),(#11445,#11446,#11447,#11448),(#11449,#11450,
#11451,#11452),(#11453,#11454,#11455,#11456)),.UNSPECIFIED.,.F.,.F.,.F.,
(4,1,4),(4,4),(0.,0.571428571428571,1.),(0.491781263932658,0.836000822788133),
 .UNSPECIFIED.);
#5002=B_SPLINE_SURFACE_WITH_KNOTS('',3,3,((#11458,#11459,#11460,#11461,
#11462),(#11463,#11464,#11465,#11466,#11467),(#11468,#11469,#11470,#11471,
#11472),(#11473,#11474,#11475,#11476,#11477),(#11478,#11479,#11480,#11481,
#11482)),.UNSPECIFIED.,.F.,.F.,.F.,(4,1,4),(4,1,4),(0.,0.571428571428571,
1.),(0.,0.387815557741457,0.9049029680634),.UNSPECIFIED.);
#5003=B_SPLINE_SURFACE_WITH_KNOTS('',3,3,((#11485,#11486,#11487,#11488),
(#11489,#11490,#11491,#11492),(#11493,#11494,#11495,#11496),(#11497,#11498,
#11499,#11500),(#11501,#11502,#11503,#11504)),.UNSPECIFIED.,.F.,.F.,.F.,
(4,1,4),(4,4),(0.,0.571428571428571,1.),(1.77973569390189,2.1212651655199),
 .UNSPECIFIED.);
#5004=B_SPLINE_SURFACE_WITH_KNOTS('',3,3,((#11541,#11542,#11543,#11544,
#11545),(#11546,#11547,#11548,#11549,#11550),(#11551,#11552,#11553,#11554,
#11555),(#11556,#11557,#11558,#11559,#11560),(#11561,#11562,#11563,#11564,
#11565)),.UNSPECIFIED.,.F.,.F.,.F.,(4,1,4),(4,1,4),(0.,0.571428571428571,
1.),(0.0403884378413604,0.123086421684029,0.233350400140921),
 .UNSPECIFIED.);
#5005=B_SPLINE_SURFACE_WITH_KNOTS('',3,3,((#11595,#11596,#11597,#11598,
#11599,#11600,#11601,#11602),(#11603,#11604,#11605,#11606,#11607,#11608,
#11609,#11610),(#11611,#11612,#11613,#11614,#11615,#11616,#11617,#11618),
(#11619,#11620,#11621,#11622,#11623,#11624,#11625,#11626),(#11627,#11628,
#11629,#11630,#11631,#11632,#11633,#11634)),.UNSPECIFIED.,.F.,.F.,.F.,(4,
1,4),(4,1,1,2,4),(0.,0.5,1.),(-0.118946217668997,-0.0713677306013984,-0.047578487067599,
0.,0.000447215168499026),.UNSPECIFIED.);
#5006=B_SPLINE_SURFACE_WITH_KNOTS('',3,3,((#11645,#11646,#11647,#11648,
#11649),(#11650,#11651,#11652,#11653,#11654),(#11655,#11656,#11657,#11658,
#11659),(#11660,#11661,#11662,#11663,#11664),(#11665,#11666,#11667,#11668,
#11669)),.UNSPECIFIED.,.F.,.F.,.F.,(4,1,4),(4,1,4),(0.,0.571428571428571,
1.),(0.41138572638059,0.494082932164189,0.604345873208989),
 .UNSPECIFIED.);
#5007=B_SPLINE_SURFACE_WITH_KNOTS('',3,3,((#11701,#11702,#11703,#11704,
#11705,#11706,#11707,#11708),(#11709,#11710,#11711,#11712,#11713,#11714,
#11715,#11716),(#11717,#11718,#11719,#11720,#11721,#11722,#11723,#11724),
(#11725,#11726,#11727,#11728,#11729,#11730,#11731,#11732)),
 .UNSPECIFIED.,.F.,.F.,.F.,(4,4),(4,2,1,1,4),(0.,1.),(-0.677288166406217,
-0.676840951237717,-0.605473220630827,-0.581683977095197,-0.557894733559567),
 .UNSPECIFIED.);
#5008=B_SPLINE_SURFACE_WITH_KNOTS('',3,3,((#11792,#11793,#11794,#11795,
#11796),(#11797,#11798,#11799,#11800,#11801),(#11802,#11803,#11804,#11805,
#11806),(#11807,#11808,#11809,#11810,#11811),(#11812,#11813,#11814,#11815,
#11816)),.UNSPECIFIED.,.F.,.F.,.F.,(4,1,4),(4,1,4),(0.,0.571428571428571,
1.),(0.403493026415862,0.486182036006643,0.596434048794351),
 .UNSPECIFIED.);
#5009=B_SPLINE_SURFACE_WITH_KNOTS('',3,3,((#11836,#11837,#11838,#11839,
#11840,#11841,#11842,#11843),(#11844,#11845,#11846,#11847,#11848,#11849,
#11850,#11851),(#11852,#11853,#11854,#11855,#11856,#11857,#11858,#11859),
(#11860,#11861,#11862,#11863,#11864,#11865,#11866,#11867)),
 .UNSPECIFIED.,.F.,.F.,.F.,(4,4),(4,2,1,1,4),(0.,1.),(-0.677288166402293,
-0.676840951232586,-0.60547322055626,-0.581683976997485,-0.557894733438709),
 .UNSPECIFIED.);
#5010=B_SPLINE_SURFACE_WITH_KNOTS('',3,3,((#11878,#11879,#11880,#11881,
#11882),(#11883,#11884,#11885,#11886,#11887),(#11888,#11889,#11890,#11891,
#11892),(#11893,#11894,#11895,#11896,#11897),(#11898,#11899,#11900,#11901,
#11902)),.UNSPECIFIED.,.F.,.F.,.F.,(4,1,4),(4,1,4),(0.,0.571428571428571,
1.),(0.403447343165241,0.486123919009579,0.596359353468696),
 .UNSPECIFIED.);
#5011=B_SPLINE_SURFACE_WITH_KNOTS('',3,3,((#11920,#11921,#11922,#11923,
#11924,#11925,#11926,#11927),(#11928,#11929,#11930,#11931,#11932,#11933,
#11934,#11935),(#11936,#11937,#11938,#11939,#11940,#11941,#11942,#11943),
(#11944,#11945,#11946,#11947,#11948,#11949,#11950,#11951),(#11952,#11953,
#11954,#11955,#11956,#11957,#11958,#11959)),.UNSPECIFIED.,.F.,.F.,.F.,(4,
1,4),(4,1,1,2,4),(0.,0.5,1.),(-0.118946217798562,-0.0475784871194248,-0.0237892435597124,
0.,0.000447215169690518),.UNSPECIFIED.);
#5012=B_SPLINE_SURFACE_WITH_KNOTS('',3,3,((#12054,#12055,#12056,#12057,
#12058,#12059,#12060,#12061,#12062,#12063),(#12064,#12065,#12066,#12067,
#12068,#12069,#12070,#12071,#12072,#12073),(#12074,#12075,#12076,#12077,
#12078,#12079,#12080,#12081,#12082,#12083),(#12084,#12085,#12086,#12087,
#12088,#12089,#12090,#12091,#12092,#12093),(#12094,#12095,#12096,#12097,
#12098,#12099,#12100,#12101,#12102,#12103)),.UNSPECIFIED.,.F.,.T.,.F.,(4,
1,4),(4,1,1,1,1,1,1,4),(0.,0.571428571428571,1.),(-1.21568538476439,-0.868346703403136,
-0.521008022041882,-0.173669340680627,0.173669340680627,0.521008022041882,
0.868346703403136,1.21568538476439),.UNSPECIFIED.);
#5013=ADVANCED_FACE('',(#457),#4978,.F.);
#5014=ADVANCED_FACE('',(#458),#318,.F.);
#5015=ADVANCED_FACE('',(#459),#4979,.F.);
#5016=ADVANCED_FACE('',(#460),#4980,.F.);
#5017=ADVANCED_FACE('',(#461),#319,.F.);
#5018=ADVANCED_FACE('',(#462),#320,.F.);
#5019=ADVANCED_FACE('',(#463),#4981,.F.);
#5020=ADVANCED_FACE('',(#464),#92,.F.);
#5021=ADVANCED_FACE('',(#465,#80),#321,.T.);
#5022=ADVANCED_FACE('',(#466),#322,.T.);
#5023=ADVANCED_FACE('',(#467),#93,.F.);
#5024=ADVANCED_FACE('',(#468),#323,.F.);
#5025=ADVANCED_FACE('',(#469),#94,.T.);
#5026=ADVANCED_FACE('',(#470),#95,.F.);
#5027=ADVANCED_FACE('',(#471),#324,.F.);
#5028=ADVANCED_FACE('',(#472),#325,.T.);
#5029=ADVANCED_FACE('',(#473),#326,.F.);
#5030=ADVANCED_FACE('',(#474),#96,.T.);
#5031=ADVANCED_FACE('',(#475),#97,.F.);
#5032=ADVANCED_FACE('',(#476),#98,.T.);
#5033=ADVANCED_FACE('',(#477),#327,.T.);
#5034=ADVANCED_FACE('',(#478,#81),#328,.T.);
#5035=ADVANCED_FACE('',(#479),#51,.F.);
#5036=ADVANCED_FACE('',(#480),#52,.F.);
#5037=ADVANCED_FACE('',(#481),#329,.F.);
#5038=ADVANCED_FACE('',(#482),#330,.F.);
#5039=ADVANCED_FACE('',(#483),#53,.F.);
#5040=ADVANCED_FACE('',(#484),#54,.F.);
#5041=ADVANCED_FACE('',(#485),#331,.F.);
#5042=ADVANCED_FACE('',(#486),#99,.F.);
#5043=ADVANCED_FACE('',(#487),#100,.F.);
#5044=ADVANCED_FACE('',(#488),#332,.T.);
#5045=ADVANCED_FACE('',(#489),#4982,.T.);
#5046=ADVANCED_FACE('',(#490),#333,.F.);
#5047=ADVANCED_FACE('',(#491),#55,.F.);
#5048=ADVANCED_FACE('',(#492),#4983,.F.);
#5049=ADVANCED_FACE('',(#493),#56,.F.);
#5050=ADVANCED_FACE('',(#494),#334,.F.);
#5051=ADVANCED_FACE('',(#495),#335,.F.);
#5052=ADVANCED_FACE('',(#496),#4984,.F.);
#5053=ADVANCED_FACE('',(#497),#336,.F.);
#5054=ADVANCED_FACE('',(#498),#337,.F.);
#5055=ADVANCED_FACE('',(#499),#4985,.F.);
#5056=ADVANCED_FACE('',(#500),#101,.T.);
#5057=ADVANCED_FACE('',(#501),#338,.T.);
#5058=ADVANCED_FACE('',(#502),#102,.T.);
#5059=ADVANCED_FACE('',(#503),#4986,.F.);
#5060=ADVANCED_FACE('',(#504),#4987,.F.);
#5061=ADVANCED_FACE('',(#505),#57,.F.);
#5062=ADVANCED_FACE('',(#506),#339,.T.);
#5063=ADVANCED_FACE('',(#507),#340,.T.);
#5064=ADVANCED_FACE('',(#508),#4988,.T.);
#5065=ADVANCED_FACE('',(#509),#4989,.T.);
#5066=ADVANCED_FACE('',(#510),#103,.F.);
#5067=ADVANCED_FACE('',(#511),#341,.T.);
#5068=ADVANCED_FACE('',(#512),#342,.T.);
#5069=ADVANCED_FACE('',(#513),#343,.T.);
#5070=ADVANCED_FACE('',(#514),#344,.T.);
#5071=ADVANCED_FACE('',(#515),#345,.T.);
#5072=ADVANCED_FACE('',(#516),#346,.T.);
#5073=ADVANCED_FACE('',(#517),#347,.T.);
#5074=ADVANCED_FACE('',(#518),#348,.T.);
#5075=ADVANCED_FACE('',(#519),#349,.T.);
#5076=ADVANCED_FACE('',(#520),#350,.T.);
#5077=ADVANCED_FACE('',(#521),#4990,.F.);
#5078=ADVANCED_FACE('',(#522),#4991,.F.);
#5079=ADVANCED_FACE('',(#523),#351,.T.);
#5080=ADVANCED_FACE('',(#524),#352,.T.);
#5081=ADVANCED_FACE('',(#525),#353,.F.);
#5082=ADVANCED_FACE('',(#526),#354,.F.);
#5083=ADVANCED_FACE('',(#527),#28,.T.);
#5084=ADVANCED_FACE('',(#528),#29,.T.);
#5085=ADVANCED_FACE('',(#529),#104,.F.);
#5086=ADVANCED_FACE('',(#530),#105,.F.);
#5087=ADVANCED_FACE('',(#531),#355,.F.);
#5088=ADVANCED_FACE('',(#532),#356,.F.);
#5089=ADVANCED_FACE('',(#533),#357,.F.);
#5090=ADVANCED_FACE('',(#534),#358,.F.);
#5091=ADVANCED_FACE('',(#535),#359,.F.);
#5092=ADVANCED_FACE('',(#536),#106,.F.);
#5093=ADVANCED_FACE('',(#537),#360,.F.);
#5094=ADVANCED_FACE('',(#538),#361,.F.);
#5095=ADVANCED_FACE('',(#539),#4992,.F.);
#5096=ADVANCED_FACE('',(#540),#362,.T.);
#5097=ADVANCED_FACE('',(#541),#363,.F.);
#5098=ADVANCED_FACE('',(#542),#364,.F.);
#5099=ADVANCED_FACE('',(#543),#365,.T.);
#5100=ADVANCED_FACE('',(#544),#366,.T.);
#5101=ADVANCED_FACE('',(#545),#107,.F.);
#5102=ADVANCED_FACE('',(#546),#367,.F.);
#5103=ADVANCED_FACE('',(#547),#368,.F.);
#5104=ADVANCED_FACE('',(#548),#369,.F.);
#5105=ADVANCED_FACE('',(#549),#108,.T.);
#5106=ADVANCED_FACE('',(#550),#109,.T.);
#5107=ADVANCED_FACE('',(#551),#370,.F.);
#5108=ADVANCED_FACE('',(#552),#371,.F.);
#5109=ADVANCED_FACE('',(#553),#372,.F.);
#5110=ADVANCED_FACE('',(#554),#373,.F.);
#5111=ADVANCED_FACE('',(#555),#4993,.F.);
#5112=ADVANCED_FACE('',(#556),#58,.F.);
#5113=ADVANCED_FACE('',(#557),#374,.F.);
#5114=ADVANCED_FACE('',(#558),#375,.T.);
#5115=ADVANCED_FACE('',(#559,#82),#59,.F.);
#5116=ADVANCED_FACE('',(#560),#60,.F.);
#5117=ADVANCED_FACE('',(#561),#4994,.F.);
#5118=ADVANCED_FACE('',(#562),#376,.T.);
#5119=ADVANCED_FACE('',(#563),#377,.T.);
#5120=ADVANCED_FACE('',(#564),#378,.T.);
#5121=ADVANCED_FACE('',(#565),#379,.F.);
#5122=ADVANCED_FACE('',(#566),#380,.T.);
#5123=ADVANCED_FACE('',(#567),#381,.T.);
#5124=ADVANCED_FACE('',(#568),#382,.F.);
#5125=ADVANCED_FACE('',(#569),#383,.F.);
#5126=ADVANCED_FACE('',(#570),#110,.F.);
#5127=ADVANCED_FACE('',(#571),#384,.F.);
#5128=ADVANCED_FACE('',(#572),#385,.F.);
#5129=ADVANCED_FACE('',(#573),#386,.F.);
#5130=ADVANCED_FACE('',(#574),#387,.T.);
#5131=ADVANCED_FACE('',(#575),#388,.F.);
#5132=ADVANCED_FACE('',(#576),#111,.F.);
#5133=ADVANCED_FACE('',(#577),#389,.F.);
#5134=ADVANCED_FACE('',(#578),#390,.F.);
#5135=ADVANCED_FACE('',(#579),#391,.T.);
#5136=ADVANCED_FACE('',(#580),#112,.F.);
#5137=ADVANCED_FACE('',(#581),#392,.T.);
#5138=ADVANCED_FACE('',(#582),#393,.T.);
#5139=ADVANCED_FACE('',(#583),#394,.T.);
#5140=ADVANCED_FACE('',(#584),#30,.F.);
#5141=ADVANCED_FACE('',(#585),#61,.F.);
#5142=ADVANCED_FACE('',(#586),#62,.F.);
#5143=ADVANCED_FACE('',(#587),#63,.F.);
#5144=ADVANCED_FACE('',(#588,#83),#64,.F.);
#5145=ADVANCED_FACE('',(#589),#65,.F.);
#5146=ADVANCED_FACE('',(#590),#66,.F.);
#5147=ADVANCED_FACE('',(#591,#84),#395,.T.);
#5148=ADVANCED_FACE('',(#592),#396,.T.);
#5149=ADVANCED_FACE('',(#593),#113,.F.);
#5150=ADVANCED_FACE('',(#594),#397,.F.);
#5151=ADVANCED_FACE('',(#595),#398,.T.);
#5152=ADVANCED_FACE('',(#596),#114,.T.);
#5153=ADVANCED_FACE('',(#597),#399,.F.);
#5154=ADVANCED_FACE('',(#598),#400,.F.);
#5155=ADVANCED_FACE('',(#599),#115,.F.);
#5156=ADVANCED_FACE('',(#600),#401,.F.);
#5157=ADVANCED_FACE('',(#601,#85),#402,.F.);
#5158=ADVANCED_FACE('',(#602),#116,.T.);
#5159=ADVANCED_FACE('',(#603),#117,.F.);
#5160=ADVANCED_FACE('',(#604),#403,.T.);
#5161=ADVANCED_FACE('',(#605),#404,.T.);
#5162=ADVANCED_FACE('',(#606),#118,.T.);
#5163=ADVANCED_FACE('',(#607),#405,.T.);
#5164=ADVANCED_FACE('',(#608),#406,.T.);
#5165=ADVANCED_FACE('',(#609),#31,.T.);
#5166=ADVANCED_FACE('',(#610),#407,.F.);
#5167=ADVANCED_FACE('',(#611),#408,.T.);
#5168=ADVANCED_FACE('',(#612),#409,.T.);
#5169=ADVANCED_FACE('',(#613),#67,.F.);
#5170=ADVANCED_FACE('',(#614),#410,.T.);
#5171=ADVANCED_FACE('',(#615),#119,.T.);
#5172=ADVANCED_FACE('',(#616),#411,.T.);
#5173=ADVANCED_FACE('',(#617,#86),#120,.F.);
#5174=ADVANCED_FACE('',(#618),#68,.F.);
#5175=ADVANCED_FACE('',(#619),#412,.F.);
#5176=ADVANCED_FACE('',(#620),#69,.F.);
#5177=ADVANCED_FACE('',(#621),#70,.F.);
#5178=ADVANCED_FACE('',(#622),#32,.F.);
#5179=ADVANCED_FACE('',(#623),#121,.F.);
#5180=ADVANCED_FACE('',(#624),#71,.F.);
#5181=ADVANCED_FACE('',(#625),#72,.F.);
#5182=ADVANCED_FACE('',(#626),#413,.F.);
#5183=ADVANCED_FACE('',(#627,#87),#73,.F.);
#5184=ADVANCED_FACE('',(#628),#122,.F.);
#5185=ADVANCED_FACE('',(#629),#414,.F.);
#5186=ADVANCED_FACE('',(#630),#415,.F.);
#5187=ADVANCED_FACE('',(#631),#123,.F.);
#5188=ADVANCED_FACE('',(#632),#416,.F.);
#5189=ADVANCED_FACE('',(#633),#124,.F.);
#5190=ADVANCED_FACE('',(#634),#74,.F.);
#5191=ADVANCED_FACE('',(#635),#75,.F.);
#5192=ADVANCED_FACE('',(#636),#417,.F.);
#5193=ADVANCED_FACE('',(#637),#418,.F.);
#5194=ADVANCED_FACE('',(#638),#125,.T.);
#5195=ADVANCED_FACE('',(#639),#126,.T.);
#5196=ADVANCED_FACE('',(#640),#127,.T.);
#5197=ADVANCED_FACE('',(#641),#419,.T.);
#5198=ADVANCED_FACE('',(#642),#76,.T.);
#5199=ADVANCED_FACE('',(#643),#420,.F.);
#5200=ADVANCED_FACE('',(#644),#421,.F.);
#5201=ADVANCED_FACE('',(#645),#77,.T.);
#5202=ADVANCED_FACE('',(#646),#422,.F.);
#5203=ADVANCED_FACE('',(#647),#423,.T.);
#5204=ADVANCED_FACE('',(#648),#128,.T.);
#5205=ADVANCED_FACE('',(#649),#424,.T.);
#5206=ADVANCED_FACE('',(#650),#78,.T.);
#5207=ADVANCED_FACE('',(#651),#425,.F.);
#5208=ADVANCED_FACE('',(#652),#129,.F.);
#5209=ADVANCED_FACE('',(#653),#426,.F.);
#5210=ADVANCED_FACE('',(#654),#427,.F.);
#5211=ADVANCED_FACE('',(#655),#130,.T.);
#5212=ADVANCED_FACE('',(#656),#131,.T.);
#5213=ADVANCED_FACE('',(#657),#428,.T.);
#5214=ADVANCED_FACE('',(#658),#4995,.F.);
#5215=ADVANCED_FACE('',(#659),#132,.T.);
#5216=ADVANCED_FACE('',(#660),#133,.T.);
#5217=ADVANCED_FACE('',(#661),#134,.T.);
#5218=ADVANCED_FACE('',(#662),#33,.T.);
#5219=ADVANCED_FACE('',(#663),#4996,.F.);
#5220=ADVANCED_FACE('',(#664),#135,.T.);
#5221=ADVANCED_FACE('',(#665),#429,.F.);
#5222=ADVANCED_FACE('',(#666),#4997,.F.);
#5223=ADVANCED_FACE('',(#667),#4998,.F.);
#5224=ADVANCED_FACE('',(#668),#430,.F.);
#5225=ADVANCED_FACE('',(#669),#79,.F.);
#5226=ADVANCED_FACE('',(#670),#431,.F.);
#5227=ADVANCED_FACE('',(#671),#136,.T.);
#5228=ADVANCED_FACE('',(#672),#4999,.F.);
#5229=ADVANCED_FACE('',(#673),#34,.T.);
#5230=ADVANCED_FACE('',(#674),#137,.T.);
#5231=ADVANCED_FACE('',(#675),#5000,.F.);
#5232=ADVANCED_FACE('',(#676),#138,.T.);
#5233=ADVANCED_FACE('',(#677),#432,.T.);
#5234=ADVANCED_FACE('',(#678),#433,.F.);
#5235=ADVANCED_FACE('',(#679),#5001,.F.);
#5236=ADVANCED_FACE('',(#680),#5002,.F.);
#5237=ADVANCED_FACE('',(#681),#434,.T.);
#5238=ADVANCED_FACE('',(#682),#5003,.F.);
#5239=ADVANCED_FACE('',(#683),#139,.T.);
#5240=ADVANCED_FACE('',(#684),#140,.T.);
#5241=ADVANCED_FACE('',(#685),#141,.T.);
#5242=ADVANCED_FACE('',(#686,#88,#89),#435,.F.);
#5243=ADVANCED_FACE('',(#687),#436,.T.);
#5244=ADVANCED_FACE('',(#688),#142,.T.);
#5245=ADVANCED_FACE('',(#689),#5004,.T.);
#5246=ADVANCED_FACE('',(#690),#5005,.T.);
#5247=ADVANCED_FACE('',(#691),#5006,.T.);
#5248=ADVANCED_FACE('',(#692),#5007,.T.);
#5249=ADVANCED_FACE('',(#693),#437,.F.);
#5250=ADVANCED_FACE('',(#694),#15,.F.);
#5251=ADVANCED_FACE('',(#695),#16,.F.);
#5252=ADVANCED_FACE('',(#696),#438,.F.);
#5253=ADVANCED_FACE('',(#697),#5008,.T.);
#5254=ADVANCED_FACE('',(#698),#5009,.T.);
#5255=ADVANCED_FACE('',(#699),#5010,.T.);
#5256=ADVANCED_FACE('',(#700),#5011,.T.);
#5257=ADVANCED_FACE('',(#701),#439,.F.);
#5258=ADVANCED_FACE('',(#702),#440,.F.);
#5259=ADVANCED_FACE('',(#703),#143,.F.);
#5260=ADVANCED_FACE('',(#704),#441,.F.);
#5261=ADVANCED_FACE('',(#705),#442,.T.);
#5262=ADVANCED_FACE('',(#706),#17,.F.);
#5263=ADVANCED_FACE('',(#707),#144,.T.);
#5264=ADVANCED_FACE('',(#708),#18,.F.);
#5265=ADVANCED_FACE('',(#709),#443,.T.);
#5266=ADVANCED_FACE('',(#710),#444,.F.);
#5267=ADVANCED_FACE('',(#711),#445,.F.);
#5268=ADVANCED_FACE('',(#712),#446,.F.);
#5269=ADVANCED_FACE('',(#713),#145,.F.);
#5270=ADVANCED_FACE('',(#714),#146,.F.);
#5271=ADVANCED_FACE('',(#715,#90),#447,.F.);
#5272=ADVANCED_FACE('',(#716),#147,.T.);
#5273=ADVANCED_FACE('',(#717),#148,.F.);
#5274=ADVANCED_FACE('',(#718),#5012,.T.);
#5275=ADVANCED_FACE('',(#719),#35,.T.);
#5276=ADVANCED_FACE('',(#720),#448,.T.);
#5277=ADVANCED_FACE('',(#721),#449,.F.);
#5278=ADVANCED_FACE('',(#722),#149,.T.);
#5279=ADVANCED_FACE('',(#723),#450,.F.);
#5280=ADVANCED_FACE('',(#724),#150,.T.);
#5281=ADVANCED_FACE('',(#725),#451,.F.);
#5282=ADVANCED_FACE('',(#726),#151,.F.);
#5283=ADVANCED_FACE('',(#727,#91),#452,.T.);
#5284=ADVANCED_FACE('',(#728),#453,.T.);
#5285=ADVANCED_FACE('',(#729),#152,.F.);
#5286=ADVANCED_FACE('',(#730),#454,.T.);
#5287=ADVANCED_FACE('',(#731),#455,.T.);
#5288=ADVANCED_FACE('',(#732),#456,.F.);
#5289=CLOSED_SHELL('',(#5013,#5014,#5015,#5016,#5017,#5018,#5019,#5020,
#5021,#5022,#5023,#5024,#5025,#5026,#5027,#5028,#5029,#5030,#5031,#5032,
#5033,#5034,#5035,#5036,#5037,#5038,#5039,#5040,#5041,#5042,#5043,#5044,
#5045,#5046,#5047,#5048,#5049,#5050,#5051,#5052,#5053,#5054,#5055,#5056,
#5057,#5058,#5059,#5060,#5061,#5062,#5063,#5064,#5065,#5066,#5067,#5068,
#5069,#5070,#5071,#5072,#5073,#5074,#5075,#5076,#5077,#5078,#5079,#5080,
#5081,#5082,#5083,#5084,#5085,#5086,#5087,#5088,#5089,#5090,#5091,#5092,
#5093,#5094,#5095,#5096,#5097,#5098,#5099,#5100,#5101,#5102,#5103,#5104,
#5105,#5106,#5107,#5108,#5109,#5110,#5111,#5112,#5113,#5114,#5115,#5116,
#5117,#5118,#5119,#5120,#5121,#5122,#5123,#5124,#5125,#5126,#5127,#5128,
#5129,#5130,#5131,#5132,#5133,#5134,#5135,#5136,#5137,#5138,#5139,#5140,
#5141,#5142,#5143,#5144,#5145,#5146,#5147,#5148,#5149,#5150,#5151,#5152,
#5153,#5154,#5155,#5156,#5157,#5158,#5159,#5160,#5161,#5162,#5163,#5164,
#5165,#5166,#5167,#5168,#5169,#5170,#5171,#5172,#5173,#5174,#5175,#5176,
#5177,#5178,#5179,#5180,#5181,#5182,#5183,#5184,#5185,#5186,#5187,#5188,
#5189,#5190,#5191,#5192,#5193,#5194,#5195,#5196,#5197,#5198,#5199,#5200,
#5201,#5202,#5203,#5204,#5205,#5206,#5207,#5208,#5209,#5210,#5211,#5212,
#5213,#5214,#5215,#5216,#5217,#5218,#5219,#5220,#5221,#5222,#5223,#5224,
#5225,#5226,#5227,#5228,#5229,#5230,#5231,#5232,#5233,#5234,#5235,#5236,
#5237,#5238,#5239,#5240,#5241,#5242,#5243,#5244,#5245,#5246,#5247,#5248,
#5249,#5250,#5251,#5252,#5253,#5254,#5255,#5256,#5257,#5258,#5259,#5260,
#5261,#5262,#5263,#5264,#5265,#5266,#5267,#5268,#5269,#5270,#5271,#5272,
#5273,#5274,#5275,#5276,#5277,#5278,#5279,#5280,#5281,#5282,#5283,#5284,
#5285,#5286,#5287,#5288));
#5290=DERIVED_UNIT_ELEMENT(#5292,1.);
#5291=DERIVED_UNIT_ELEMENT(#12171,-3.);
#5292=(
MASS_UNIT()
NAMED_UNIT(*)
SI_UNIT(.KILO.,.GRAM.)
);
#5293=DERIVED_UNIT((#5290,#5291));
#5294=MEASURE_REPRESENTATION_ITEM('density measure',
POSITIVE_RATIO_MEASURE(7850.),#5293);
#5295=PROPERTY_DEFINITION_REPRESENTATION(#5300,#5297);
#5296=PROPERTY_DEFINITION_REPRESENTATION(#5301,#5298);
#5297=REPRESENTATION('material name',(#5299),#12168);
#5298=REPRESENTATION('density',(#5294),#12168);
#5299=DESCRIPTIVE_REPRESENTATION_ITEM('Steel','Steel');
#5300=PROPERTY_DEFINITION('material property','material name',#12178);
#5301=PROPERTY_DEFINITION('material property','density of part',#12178);
#5302=AXIS2_PLACEMENT_3D('',#6824,#5689,#5690);
#5303=AXIS2_PLACEMENT_3D('',#6847,#5693,#5694);
#5304=AXIS2_PLACEMENT_3D('',#6965,#5699,#5700);
#5305=AXIS2_PLACEMENT_3D('',#6982,#5703,#5704);
#5306=AXIS2_PLACEMENT_3D('',#7052,#5705,#5706);
#5307=AXIS2_PLACEMENT_3D('',#7053,#5707,#5708);
#5308=AXIS2_PLACEMENT_3D('',#7153,#5710,#5711);
#5309=AXIS2_PLACEMENT_3D('',#7154,#5712,#5713);
#5310=AXIS2_PLACEMENT_3D('',#7156,#5714,#5715);
#5311=AXIS2_PLACEMENT_3D('',#7157,#5716,#5717);
#5312=AXIS2_PLACEMENT_3D('',#7165,#5718,#5719);
#5313=AXIS2_PLACEMENT_3D('',#7168,#5721,#5722);
#5314=AXIS2_PLACEMENT_3D('',#7169,#5723,#5724);
#5315=AXIS2_PLACEMENT_3D('',#7202,#5727,#5728);
#5316=AXIS2_PLACEMENT_3D('',#7206,#5730,#5731);
#5317=AXIS2_PLACEMENT_3D('',#7209,#5733,#5734);
#5318=AXIS2_PLACEMENT_3D('',#7235,#5736,#5737);
#5319=AXIS2_PLACEMENT_3D('',#7237,#5738,#5739);
#5320=AXIS2_PLACEMENT_3D('',#7239,#5740,#5741);
#5321=AXIS2_PLACEMENT_3D('',#7240,#5742,#5743);
#5322=AXIS2_PLACEMENT_3D('',#7241,#5744,#5745);
#5323=AXIS2_PLACEMENT_3D('',#7246,#5747,#5748);
#5324=AXIS2_PLACEMENT_3D('',#7266,#5751,#5752);
#5325=AXIS2_PLACEMENT_3D('',#7292,#5756,#5757);
#5326=AXIS2_PLACEMENT_3D('',#7293,#5758,#5759);
#5327=AXIS2_PLACEMENT_3D('',#7390,#5763,#5764);
#5328=AXIS2_PLACEMENT_3D('',#7394,#5766,#5767);
#5329=AXIS2_PLACEMENT_3D('',#7398,#5769,#5770);
#5330=AXIS2_PLACEMENT_3D('',#7401,#5772,#5773);
#5331=AXIS2_PLACEMENT_3D('',#7402,#5774,#5775);
#5332=AXIS2_PLACEMENT_3D('',#7403,#5776,#5777);
#5333=AXIS2_PLACEMENT_3D('',#7405,#5778,#5779);
#5334=AXIS2_PLACEMENT_3D('',#7406,#5780,#5781);
#5335=AXIS2_PLACEMENT_3D('',#7407,#5782,#5783);
#5336=AXIS2_PLACEMENT_3D('',#7408,#5784,#5785);
#5337=AXIS2_PLACEMENT_3D('',#7412,#5788,#5789);
#5338=AXIS2_PLACEMENT_3D('',#7413,#5790,#5791);
#5339=AXIS2_PLACEMENT_3D('',#7441,#5795,#5796);
#5340=AXIS2_PLACEMENT_3D('',#7443,#5797,#5798);
#5341=AXIS2_PLACEMENT_3D('',#7447,#5800,#5801);
#5342=AXIS2_PLACEMENT_3D('',#7449,#5803,#5804);
#5343=AXIS2_PLACEMENT_3D('',#7451,#5805,#5806);
#5344=AXIS2_PLACEMENT_3D('',#7495,#5809,#5810);
#5345=AXIS2_PLACEMENT_3D('',#7497,#5811,#5812);
#5346=AXIS2_PLACEMENT_3D('',#7501,#5814,#5815);
#5347=AXIS2_PLACEMENT_3D('',#7504,#5817,#5818);
#5348=AXIS2_PLACEMENT_3D('',#7505,#5819,#5820);
#5349=AXIS2_PLACEMENT_3D('',#7507,#5821,#5822);
#5350=AXIS2_PLACEMENT_3D('',#7508,#5823,#5824);
#5351=AXIS2_PLACEMENT_3D('',#7509,#5825,#5826);
#5352=AXIS2_PLACEMENT_3D('',#7511,#5827,#5828);
#5353=AXIS2_PLACEMENT_3D('',#7512,#5829,#5830);
#5354=AXIS2_PLACEMENT_3D('',#7586,#5832,#5833);
#5355=AXIS2_PLACEMENT_3D('',#7661,#5835,#5836);
#5356=AXIS2_PLACEMENT_3D('',#7718,#5838,#5839);
#5357=AXIS2_PLACEMENT_3D('',#7732,#5842,#5843);
#5358=AXIS2_PLACEMENT_3D('',#7814,#5845,#5846);
#5359=AXIS2_PLACEMENT_3D('',#7815,#5847,#5848);
#5360=AXIS2_PLACEMENT_3D('',#7817,#5849,#5850);
#5361=AXIS2_PLACEMENT_3D('',#7910,#5852,#5853);
#5362=AXIS2_PLACEMENT_3D('',#8007,#5854,#5855);
#5363=AXIS2_PLACEMENT_3D('',#8071,#5859,#5860);
#5364=AXIS2_PLACEMENT_3D('',#8326,#5867,#5868);
#5365=AXIS2_PLACEMENT_3D('',#8350,#5870,#5871);
#5366=AXIS2_PLACEMENT_3D('',#8415,#5873,#5874);
#5367=AXIS2_PLACEMENT_3D('',#8451,#5877,#5878);
#5368=AXIS2_PLACEMENT_3D('',#8528,#5880,#5881);
#5369=AXIS2_PLACEMENT_3D('',#8567,#5884,#5885);
#5370=AXIS2_PLACEMENT_3D('',#8576,#5886,#5887);
#5371=AXIS2_PLACEMENT_3D('',#8601,#5889,#5890);
#5372=AXIS2_PLACEMENT_3D('',#8621,#5892,#5893);
#5373=AXIS2_PLACEMENT_3D('',#8721,#5895,#5896);
#5374=AXIS2_PLACEMENT_3D('',#8764,#5897,#5898);
#5375=AXIS2_PLACEMENT_3D('',#8831,#5902,#5903);
#5376=AXIS2_PLACEMENT_3D('',#8857,#5905,#5906);
#5377=AXIS2_PLACEMENT_3D('',#8874,#5910,#5911);
#5378=AXIS2_PLACEMENT_3D('',#8875,#5912,#5913);
#5379=AXIS2_PLACEMENT_3D('',#8908,#5925,#5926);
#5380=AXIS2_PLACEMENT_3D('',#8914,#5930,#5931);
#5381=AXIS2_PLACEMENT_3D('',#8918,#5934,#5935);
#5382=AXIS2_PLACEMENT_3D('',#8922,#5938,#5939);
#5383=AXIS2_PLACEMENT_3D('',#8926,#5942,#5943);
#5384=AXIS2_PLACEMENT_3D('',#8930,#5946,#5947);
#5385=AXIS2_PLACEMENT_3D('',#8934,#5950,#5951);
#5386=AXIS2_PLACEMENT_3D('',#8938,#5954,#5955);
#5387=AXIS2_PLACEMENT_3D('',#8942,#5958,#5959);
#5388=AXIS2_PLACEMENT_3D('',#8974,#5964,#5965);
#5389=AXIS2_PLACEMENT_3D('',#8978,#5968,#5969);
#5390=AXIS2_PLACEMENT_3D('',#8980,#5971,#5972);
#5391=AXIS2_PLACEMENT_3D('',#8994,#5976,#5977);
#5392=AXIS2_PLACEMENT_3D('',#9002,#5982,#5983);
#5393=AXIS2_PLACEMENT_3D('',#9021,#5984,#5985);
#5394=AXIS2_PLACEMENT_3D('',#9023,#5986,#5987);
#5395=AXIS2_PLACEMENT_3D('',#9025,#5988,#5989);
#5396=AXIS2_PLACEMENT_3D('',#9044,#5990,#5991);
#5397=AXIS2_PLACEMENT_3D('',#9045,#5992,#5993);
#5398=AXIS2_PLACEMENT_3D('',#9056,#5994,#5995);
#5399=AXIS2_PLACEMENT_3D('',#9076,#5996,#5997);
#5400=AXIS2_PLACEMENT_3D('',#9078,#5998,#5999);
#5401=AXIS2_PLACEMENT_3D('',#9080,#6000,#6001);
#5402=AXIS2_PLACEMENT_3D('',#9085,#6002,#6003);
#5403=AXIS2_PLACEMENT_3D('',#9091,#6006,#6007);
#5404=AXIS2_PLACEMENT_3D('',#9094,#6009,#6010);
#5405=AXIS2_PLACEMENT_3D('',#9095,#6011,#6012);
#5406=AXIS2_PLACEMENT_3D('',#9097,#6013,#6014);
#5407=AXIS2_PLACEMENT_3D('',#9099,#6016,#6017);
#5408=AXIS2_PLACEMENT_3D('',#9104,#6019,#6020);
#5409=AXIS2_PLACEMENT_3D('',#9113,#6023,#6024);
#5410=AXIS2_PLACEMENT_3D('',#9117,#6027,#6028);
#5411=AXIS2_PLACEMENT_3D('',#9122,#6032,#6033);
#5412=AXIS2_PLACEMENT_3D('',#9130,#6038,#6039);
#5413=AXIS2_PLACEMENT_3D('',#9138,#6044,#6045);
#5414=AXIS2_PLACEMENT_3D('',#9140,#6046,#6047);
#5415=AXIS2_PLACEMENT_3D('',#9142,#6049,#6050);
#5416=AXIS2_PLACEMENT_3D('',#9144,#6052,#6053);
#5417=AXIS2_PLACEMENT_3D('',#9182,#6057,#6058);
#5418=AXIS2_PLACEMENT_3D('',#9196,#6066,#6067);
#5419=AXIS2_PLACEMENT_3D('',#9202,#6071,#6072);
#5420=AXIS2_PLACEMENT_3D('',#9209,#6077,#6078);
#5421=AXIS2_PLACEMENT_3D('',#9210,#6079,#6080);
#5422=AXIS2_PLACEMENT_3D('',#9211,#6081,#6082);
#5423=AXIS2_PLACEMENT_3D('',#9212,#6083,#6084);
#5424=AXIS2_PLACEMENT_3D('',#9214,#6085,#6086);
#5425=AXIS2_PLACEMENT_3D('',#9217,#6088,#6089);
#5426=AXIS2_PLACEMENT_3D('',#9218,#6090,#6091);
#5427=AXIS2_PLACEMENT_3D('',#9225,#6096,#6097);
#5428=AXIS2_PLACEMENT_3D('',#9229,#6100,#6101);
#5429=AXIS2_PLACEMENT_3D('',#9231,#6103,#6104);
#5430=AXIS2_PLACEMENT_3D('',#9267,#6105,#6106);
#5431=AXIS2_PLACEMENT_3D('',#9295,#6108,#6109);
#5432=AXIS2_PLACEMENT_3D('',#9300,#6110,#6111);
#5433=AXIS2_PLACEMENT_3D('',#9307,#6113,#6114);
#5434=AXIS2_PLACEMENT_3D('',#9328,#6116,#6117);
#5435=AXIS2_PLACEMENT_3D('',#9388,#6119,#6120);
#5436=AXIS2_PLACEMENT_3D('',#9415,#6122,#6123);
#5437=AXIS2_PLACEMENT_3D('',#9416,#6124,#6125);
#5438=AXIS2_PLACEMENT_3D('',#9424,#6127,#6128);
#5439=AXIS2_PLACEMENT_3D('',#9502,#6132,#6133);
#5440=AXIS2_PLACEMENT_3D('',#9503,#6134,#6135);
#5441=AXIS2_PLACEMENT_3D('',#9546,#6138,#6139);
#5442=AXIS2_PLACEMENT_3D('',#9555,#6144,#6145);
#5443=AXIS2_PLACEMENT_3D('',#9561,#6149,#6150);
#5444=AXIS2_PLACEMENT_3D('',#9563,#6151,#6152);
#5445=AXIS2_PLACEMENT_3D('',#9568,#6156,#6157);
#5446=AXIS2_PLACEMENT_3D('',#9574,#6161,#6162);
#5447=AXIS2_PLACEMENT_3D('',#9580,#6166,#6167);
#5448=AXIS2_PLACEMENT_3D('',#9584,#6170,#6171);
#5449=AXIS2_PLACEMENT_3D('',#9585,#6172,#6173);
#5450=AXIS2_PLACEMENT_3D('',#9589,#6176,#6177);
#5451=AXIS2_PLACEMENT_3D('',#9592,#6179,#6180);
#5452=AXIS2_PLACEMENT_3D('',#9593,#6181,#6182);
#5453=AXIS2_PLACEMENT_3D('',#9599,#6186,#6187);
#5454=AXIS2_PLACEMENT_3D('',#9601,#6189,#6190);
#5455=AXIS2_PLACEMENT_3D('',#9603,#6192,#6193);
#5456=AXIS2_PLACEMENT_3D('',#9605,#6195,#6196);
#5457=AXIS2_PLACEMENT_3D('',#9606,#6197,#6198);
#5458=AXIS2_PLACEMENT_3D('',#9609,#6200,#6201);
#5459=AXIS2_PLACEMENT_3D('',#9610,#6202,#6203);
#5460=AXIS2_PLACEMENT_3D('',#9612,#6205,#6206);
#5461=AXIS2_PLACEMENT_3D('',#9614,#6208,#6209);
#5462=AXIS2_PLACEMENT_3D('',#9620,#6213,#6214);
#5463=AXIS2_PLACEMENT_3D('',#9623,#6215,#6216);
#5464=AXIS2_PLACEMENT_3D('',#9627,#6218,#6219);
#5465=AXIS2_PLACEMENT_3D('',#9629,#6221,#6222);
#5466=AXIS2_PLACEMENT_3D('',#9633,#6224,#6225);
#5467=AXIS2_PLACEMENT_3D('',#9635,#6227,#6228);
#5468=AXIS2_PLACEMENT_3D('',#9640,#6231,#6232);
#5469=AXIS2_PLACEMENT_3D('',#9641,#6233,#6234);
#5470=AXIS2_PLACEMENT_3D('',#9642,#6235,#6236);
#5471=AXIS2_PLACEMENT_3D('',#9643,#6237,#6238);
#5472=AXIS2_PLACEMENT_3D('',#9645,#6239,#6240);
#5473=AXIS2_PLACEMENT_3D('',#9646,#6241,#6242);
#5474=AXIS2_PLACEMENT_3D('',#9648,#6243,#6244);
#5475=AXIS2_PLACEMENT_3D('',#9969,#6249,#6250);
#5476=AXIS2_PLACEMENT_3D('',#9977,#6255,#6256);
#5477=AXIS2_PLACEMENT_3D('',#9979,#6258,#6259);
#5478=AXIS2_PLACEMENT_3D('',#9981,#6260,#6261);
#5479=AXIS2_PLACEMENT_3D('',#10016,#6274,#6275);
#5480=AXIS2_PLACEMENT_3D('',#10018,#6277,#6278);
#5481=AXIS2_PLACEMENT_3D('',#10023,#6280,#6281);
#5482=AXIS2_PLACEMENT_3D('',#10031,#6286,#6287);
#5483=AXIS2_PLACEMENT_3D('',#10032,#6288,#6289);
#5484=AXIS2_PLACEMENT_3D('',#10037,#6292,#6293);
#5485=AXIS2_PLACEMENT_3D('',#10038,#6294,#6295);
#5486=AXIS2_PLACEMENT_3D('',#10041,#6297,#6298);
#5487=AXIS2_PLACEMENT_3D('',#10042,#6299,#6300);
#5488=AXIS2_PLACEMENT_3D('',#10046,#6303,#6304);
#5489=AXIS2_PLACEMENT_3D('',#10053,#6308,#6309);
#5490=AXIS2_PLACEMENT_3D('',#10054,#6310,#6311);
#5491=AXIS2_PLACEMENT_3D('',#10055,#6312,#6313);
#5492=AXIS2_PLACEMENT_3D('',#10056,#6314,#6315);
#5493=AXIS2_PLACEMENT_3D('',#10057,#6316,#6317);
#5494=AXIS2_PLACEMENT_3D('',#10058,#6318,#6319);
#5495=AXIS2_PLACEMENT_3D('',#10075,#6328,#6329);
#5496=AXIS2_PLACEMENT_3D('',#10077,#6330,#6331);
#5497=AXIS2_PLACEMENT_3D('',#10078,#6332,#6333);
#5498=AXIS2_PLACEMENT_3D('',#10079,#6334,#6335);
#5499=AXIS2_PLACEMENT_3D('',#10080,#6336,#6337);
#5500=AXIS2_PLACEMENT_3D('',#10083,#6338,#6339);
#5501=AXIS2_PLACEMENT_3D('',#10087,#6341,#6342);
#5502=AXIS2_PLACEMENT_3D('',#10089,#6344,#6345);
#5503=AXIS2_PLACEMENT_3D('',#10092,#6347,#6348);
#5504=AXIS2_PLACEMENT_3D('',#10098,#6352,#6353);
#5505=AXIS2_PLACEMENT_3D('',#10107,#6358,#6359);
#5506=AXIS2_PLACEMENT_3D('',#10108,#6360,#6361);
#5507=AXIS2_PLACEMENT_3D('',#10110,#6362,#6363);
#5508=AXIS2_PLACEMENT_3D('',#10113,#6365,#6366);
#5509=AXIS2_PLACEMENT_3D('',#10114,#6367,#6368);
#5510=AXIS2_PLACEMENT_3D('',#10117,#6371,#6372);
#5511=AXIS2_PLACEMENT_3D('',#10118,#6373,#6374);
#5512=AXIS2_PLACEMENT_3D('',#10120,#6375,#6376);
#5513=AXIS2_PLACEMENT_3D('',#10122,#6377,#6378);
#5514=AXIS2_PLACEMENT_3D('',#10124,#6379,#6380);
#5515=AXIS2_PLACEMENT_3D('',#10125,#6381,#6382);
#5516=AXIS2_PLACEMENT_3D('',#10126,#6383,#6384);
#5517=AXIS2_PLACEMENT_3D('',#10128,#6386,#6387);
#5518=AXIS2_PLACEMENT_3D('',#10130,#6388,#6389);
#5519=AXIS2_PLACEMENT_3D('',#10131,#6390,#6391);
#5520=AXIS2_PLACEMENT_3D('',#10206,#6392,#6393);
#5521=AXIS2_PLACEMENT_3D('',#10208,#6394,#6395);
#5522=AXIS2_PLACEMENT_3D('',#10210,#6396,#6397);
#5523=AXIS2_PLACEMENT_3D('',#10211,#6398,#6399);
#5524=AXIS2_PLACEMENT_3D('',#10213,#6401,#6402);
#5525=AXIS2_PLACEMENT_3D('',#10216,#6405,#6406);
#5526=AXIS2_PLACEMENT_3D('',#10218,#6407,#6408);
#5527=AXIS2_PLACEMENT_3D('',#10219,#6409,#6410);
#5528=AXIS2_PLACEMENT_3D('',#10427,#6413,#6414);
#5529=AXIS2_PLACEMENT_3D('',#10456,#6416,#6417);
#5530=AXIS2_PLACEMENT_3D('',#10524,#6418,#6419);
#5531=AXIS2_PLACEMENT_3D('',#10541,#6420,#6421);
#5532=AXIS2_PLACEMENT_3D('',#10542,#6422,#6423);
#5533=AXIS2_PLACEMENT_3D('',#10543,#6424,#6425);
#5534=AXIS2_PLACEMENT_3D('',#10600,#6428,#6429);
#5535=AXIS2_PLACEMENT_3D('',#10807,#6432,#6433);
#5536=AXIS2_PLACEMENT_3D('',#10810,#6436,#6437);
#5537=AXIS2_PLACEMENT_3D('',#10811,#6438,#6439);
#5538=AXIS2_PLACEMENT_3D('',#10812,#6440,#6441);
#5539=AXIS2_PLACEMENT_3D('',#10814,#6443,#6444);
#5540=AXIS2_PLACEMENT_3D('',#10817,#6447,#6448);
#5541=AXIS2_PLACEMENT_3D('',#10818,#6449,#6450);
#5542=AXIS2_PLACEMENT_3D('',#10853,#6453,#6454);
#5543=AXIS2_PLACEMENT_3D('',#10855,#6456,#6457);
#5544=AXIS2_PLACEMENT_3D('',#10857,#6459,#6460);
#5545=AXIS2_PLACEMENT_3D('',#10858,#6461,#6462);
#5546=AXIS2_PLACEMENT_3D('',#10860,#6463,#6464);
#5547=AXIS2_PLACEMENT_3D('',#10862,#6466,#6467);
#5548=AXIS2_PLACEMENT_3D('',#10864,#6469,#6470);
#5549=AXIS2_PLACEMENT_3D('',#10891,#6474,#6475);
#5550=AXIS2_PLACEMENT_3D('',#10892,#6476,#6477);
#5551=AXIS2_PLACEMENT_3D('',#10893,#6478,#6479);
#5552=AXIS2_PLACEMENT_3D('',#10895,#6480,#6481);
#5553=AXIS2_PLACEMENT_3D('',#10904,#6484,#6485);
#5554=AXIS2_PLACEMENT_3D('',#10920,#6486,#6487);
#5555=AXIS2_PLACEMENT_3D('',#10921,#6488,#6489);
#5556=AXIS2_PLACEMENT_3D('',#10922,#6490,#6491);
#5557=AXIS2_PLACEMENT_3D('',#10925,#6493,#6494);
#5558=AXIS2_PLACEMENT_3D('',#10930,#6495,#6496);
#5559=AXIS2_PLACEMENT_3D('',#10937,#6497,#6498);
#5560=AXIS2_PLACEMENT_3D('',#10943,#6501,#6502);
#5561=AXIS2_PLACEMENT_3D('',#10948,#6505,#6506);
#5562=AXIS2_PLACEMENT_3D('',#10949,#6507,#6508);
#5563=AXIS2_PLACEMENT_3D('',#10950,#6509,#6510);
#5564=AXIS2_PLACEMENT_3D('',#11017,#6516,#6517);
#5565=AXIS2_PLACEMENT_3D('',#11021,#6520,#6521);
#5566=AXIS2_PLACEMENT_3D('',#11025,#6523,#6524);
#5567=AXIS2_PLACEMENT_3D('',#11027,#6525,#6526);
#5568=AXIS2_PLACEMENT_3D('',#11029,#6527,#6528);
#5569=AXIS2_PLACEMENT_3D('',#11031,#6529,#6530);
#5570=AXIS2_PLACEMENT_3D('',#11032,#6531,#6532);
#5571=AXIS2_PLACEMENT_3D('',#11033,#6533,#6534);
#5572=AXIS2_PLACEMENT_3D('',#11034,#6535,#6536);
#5573=AXIS2_PLACEMENT_3D('',#11038,#6539,#6540);
#5574=AXIS2_PLACEMENT_3D('',#11039,#6541,#6542);
#5575=AXIS2_PLACEMENT_3D('',#11041,#6543,#6544);
#5576=AXIS2_PLACEMENT_3D('',#11043,#6546,#6547);
#5577=AXIS2_PLACEMENT_3D('',#11070,#6549,#6550);
#5578=AXIS2_PLACEMENT_3D('',#11071,#6551,#6552);
#5579=AXIS2_PLACEMENT_3D('',#11072,#6553,#6554);
#5580=AXIS2_PLACEMENT_3D('',#11073,#6555,#6556);
#5581=AXIS2_PLACEMENT_3D('',#11088,#6557,#6558);
#5582=AXIS2_PLACEMENT_3D('',#11090,#6560,#6561);
#5583=AXIS2_PLACEMENT_3D('',#11092,#6562,#6563);
#5584=AXIS2_PLACEMENT_3D('',#11093,#6564,#6565);
#5585=AXIS2_PLACEMENT_3D('',#11094,#6566,#6567);
#5586=AXIS2_PLACEMENT_3D('',#11132,#6568,#6569);
#5587=AXIS2_PLACEMENT_3D('',#11147,#6570,#6571);
#5588=AXIS2_PLACEMENT_3D('',#11160,#6572,#6573);
#5589=AXIS2_PLACEMENT_3D('',#11161,#6574,#6575);
#5590=AXIS2_PLACEMENT_3D('',#11165,#6577,#6578);
#5591=AXIS2_PLACEMENT_3D('',#11219,#6580,#6581);
#5592=AXIS2_PLACEMENT_3D('',#11244,#6582,#6583);
#5593=AXIS2_PLACEMENT_3D('',#11300,#6586,#6587);
#5594=AXIS2_PLACEMENT_3D('',#11314,#6589,#6590);
#5595=AXIS2_PLACEMENT_3D('',#11315,#6591,#6592);
#5596=AXIS2_PLACEMENT_3D('',#11366,#6593,#6594);
#5597=AXIS2_PLACEMENT_3D('',#11368,#6595,#6596);
#5598=AXIS2_PLACEMENT_3D('',#11369,#6597,#6598);
#5599=AXIS2_PLACEMENT_3D('',#11370,#6599,#6600);
#5600=AXIS2_PLACEMENT_3D('',#11372,#6601,#6602);
#5601=AXIS2_PLACEMENT_3D('',#11411,#6604,#6605);
#5602=AXIS2_PLACEMENT_3D('',#11414,#6607,#6608);
#5603=AXIS2_PLACEMENT_3D('',#11415,#6609,#6610);
#5604=AXIS2_PLACEMENT_3D('',#11419,#6613,#6614);
#5605=AXIS2_PLACEMENT_3D('',#11457,#6618,#6619);
#5606=AXIS2_PLACEMENT_3D('',#11483,#6620,#6621);
#5607=AXIS2_PLACEMENT_3D('',#11505,#6623,#6624);
#5608=AXIS2_PLACEMENT_3D('',#11506,#6625,#6626);
#5609=AXIS2_PLACEMENT_3D('',#11508,#6628,#6629);
#5610=AXIS2_PLACEMENT_3D('',#11510,#6631,#6632);
#5611=AXIS2_PLACEMENT_3D('',#11511,#6633,#6634);
#5612=AXIS2_PLACEMENT_3D('',#11523,#6635,#6636);
#5613=AXIS2_PLACEMENT_3D('',#11525,#6637,#6638);
#5614=AXIS2_PLACEMENT_3D('',#11527,#6639,#6640);
#5615=AXIS2_PLACEMENT_3D('',#11529,#6641,#6642);
#5616=AXIS2_PLACEMENT_3D('',#11531,#6643,#6644);
#5617=AXIS2_PLACEMENT_3D('',#11533,#6645,#6646);
#5618=AXIS2_PLACEMENT_3D('',#11535,#6647,#6648);
#5619=AXIS2_PLACEMENT_3D('',#11536,#6649,#6650);
#5620=AXIS2_PLACEMENT_3D('',#11537,#6651,#6652);
#5621=AXIS2_PLACEMENT_3D('',#11539,#6653,#6654);
#5622=AXIS2_PLACEMENT_3D('',#11589,#6656,#6657);
#5623=AXIS2_PLACEMENT_3D('',#11644,#6658,#6659);
#5624=AXIS2_PLACEMENT_3D('',#11683,#6660,#6661);
#5625=AXIS2_PLACEMENT_3D('',#11733,#6662,#6663);
#5626=AXIS2_PLACEMENT_3D('',#11742,#6664,#6665);
#5627=AXIS2_PLACEMENT_3D('',#11758,#6670,#6671);
#5628=AXIS2_PLACEMENT_3D('',#11760,#6672,#6673);
#5629=AXIS2_PLACEMENT_3D('',#11766,#6674,#6675);
#5630=AXIS2_PLACEMENT_3D('',#11778,#6676,#6677);
#5631=AXIS2_PLACEMENT_3D('',#11779,#6678,#6679);
#5632=AXIS2_PLACEMENT_3D('',#11780,#6680,#6681);
#5633=AXIS2_PLACEMENT_3D('',#11818,#6686,#6687);
#5634=AXIS2_PLACEMENT_3D('',#11869,#6688,#6689);
#5635=AXIS2_PLACEMENT_3D('',#11919,#6690,#6691);
#5636=AXIS2_PLACEMENT_3D('',#11968,#6692,#6693);
#5637=AXIS2_PLACEMENT_3D('',#11969,#6694,#6695);
#5638=AXIS2_PLACEMENT_3D('',#11972,#6698,#6699);
#5639=AXIS2_PLACEMENT_3D('',#11973,#6700,#6701);
#5640=AXIS2_PLACEMENT_3D('',#11977,#6703,#6704);
#5641=AXIS2_PLACEMENT_3D('',#11981,#6706,#6707);
#5642=AXIS2_PLACEMENT_3D('',#11985,#6709,#6710);
#5643=AXIS2_PLACEMENT_3D('',#11989,#6712,#6713);
#5644=AXIS2_PLACEMENT_3D('',#11992,#6715,#6716);
#5645=AXIS2_PLACEMENT_3D('',#11993,#6717,#6718);
#5646=AXIS2_PLACEMENT_3D('',#11994,#6719,#6720);
#5647=AXIS2_PLACEMENT_3D('',#12003,#6723,#6724);
#5648=AXIS2_PLACEMENT_3D('',#12012,#6725,#6726);
#5649=AXIS2_PLACEMENT_3D('',#12020,#6728,#6729);
#5650=AXIS2_PLACEMENT_3D('',#12021,#6730,#6731);
#5651=AXIS2_PLACEMENT_3D('',#12032,#6732,#6733);
#5652=AXIS2_PLACEMENT_3D('',#12034,#6735,#6736);
#5653=AXIS2_PLACEMENT_3D('',#12037,#6739,#6740);
#5654=AXIS2_PLACEMENT_3D('',#12038,#6741,#6742);
#5655=AXIS2_PLACEMENT_3D('',#12039,#6743,#6744);
#5656=AXIS2_PLACEMENT_3D('',#12040,#6745,#6746);
#5657=AXIS2_PLACEMENT_3D('',#12041,#6747,#6748);
#5658=AXIS2_PLACEMENT_3D('',#12043,#6749,#6750);
#5659=AXIS2_PLACEMENT_3D('',#12045,#6752,#6753);
#5660=AXIS2_PLACEMENT_3D('',#12046,#6754,#6755);
#5661=AXIS2_PLACEMENT_3D('',#12047,#6756,#6757);
#5662=AXIS2_PLACEMENT_3D('',#12048,#6758,#6759);
#5663=AXIS2_PLACEMENT_3D('',#12051,#6760,#6761);
#5664=AXIS2_PLACEMENT_3D('',#12053,#6763,#6764);
#5665=AXIS2_PLACEMENT_3D('',#12105,#6765,#6766);
#5666=AXIS2_PLACEMENT_3D('',#12121,#6767,#6768);
#5667=AXIS2_PLACEMENT_3D('',#12122,#6769,#6770);
#5668=AXIS2_PLACEMENT_3D('',#12123,#6771,#6772);
#5669=AXIS2_PLACEMENT_3D('',#12124,#6773,#6774);
#5670=AXIS2_PLACEMENT_3D('',#12127,#6775,#6776);
#5671=AXIS2_PLACEMENT_3D('',#12131,#6778,#6779);
#5672=AXIS2_PLACEMENT_3D('',#12133,#6781,#6782);
#5673=AXIS2_PLACEMENT_3D('',#12137,#6784,#6785);
#5674=AXIS2_PLACEMENT_3D('',#12139,#6787,#6788);
#5675=AXIS2_PLACEMENT_3D('',#12143,#6791,#6792);
#5676=AXIS2_PLACEMENT_3D('',#12146,#6794,#6795);
#5677=AXIS2_PLACEMENT_3D('',#12147,#6796,#6797);
#5678=AXIS2_PLACEMENT_3D('',#12149,#6799,#6800);
#5679=AXIS2_PLACEMENT_3D('',#12152,#6802,#6803);
#5680=AXIS2_PLACEMENT_3D('',#12153,#6804,#6805);
#5681=AXIS2_PLACEMENT_3D('',#12154,#6806,#6807);
#5682=AXIS2_PLACEMENT_3D('',#12155,#6808,#6809);
#5683=AXIS2_PLACEMENT_3D('',#12157,#6810,#6811);
#5684=AXIS2_PLACEMENT_3D('',#12159,#6812,#6813);
#5685=AXIS2_PLACEMENT_3D('',#12160,#6814,#6815);
#5686=AXIS2_PLACEMENT_3D('',#12161,#6816,#6817);
#5687=AXIS2_PLACEMENT_3D('',#12163,#6819,#6820);
#5688=AXIS2_PLACEMENT_3D('',#12165,#6822,#6823);
#5689=DIRECTION('axis',(0.,0.,1.));
#5690=DIRECTION('refdir',(1.,0.,0.));
#5691=DIRECTION('',(1.,0.,0.));
#5692=DIRECTION('',(-1.,0.,0.));
#5693=DIRECTION('center_axis',(-1.,0.,0.));
#5694=DIRECTION('ref_axis',(0.,0.,1.));
#5695=DIRECTION('',(0.,-1.,0.));
#5696=DIRECTION('',(0.,1.,0.));
#5697=DIRECTION('',(-1.,0.,0.));
#5698=DIRECTION('',(-1.,0.,0.));
#5699=DIRECTION('center_axis',(-1.,0.,0.));
#5700=DIRECTION('ref_axis',(0.,0.,1.));
#5701=DIRECTION('',(0.,-1.,0.));
#5702=DIRECTION('',(0.,1.,0.));
#5703=DIRECTION('center_axis',(0.,0.,1.));
#5704=DIRECTION('ref_axis',(1.,0.,0.));
#5705=DIRECTION('center_axis',(-1.,0.,0.));
#5706=DIRECTION('ref_axis',(0.,0.,-1.));
#5707=DIRECTION('center_axis',(0.,-1.,0.));
#5708=DIRECTION('ref_axis',(1.,0.,0.));
#5709=DIRECTION('',(0.,-1.,0.));
#5710=DIRECTION('center_axis',(0.,-1.,0.));
#5711=DIRECTION('ref_axis',(1.,0.,0.));
#5712=DIRECTION('center_axis',(0.,1.,0.));
#5713=DIRECTION('ref_axis',(1.,0.,0.));
#5714=DIRECTION('center_axis',(0.,1.,0.));
#5715=DIRECTION('ref_axis',(1.,0.,0.));
#5716=DIRECTION('center_axis',(0.,1.,0.));
#5717=DIRECTION('ref_axis',(1.,0.,0.));
#5718=DIRECTION('center_axis',(0.,1.,0.));
#5719=DIRECTION('ref_axis',(1.,0.,0.));
#5720=DIRECTION('',(0.996194698091718,0.,-0.0871557427479742));
#5721=DIRECTION('center_axis',(0.,1.,0.));
#5722=DIRECTION('ref_axis',(1.,0.,0.));
#5723=DIRECTION('center_axis',(0.,1.,0.));
#5724=DIRECTION('ref_axis',(1.,0.,0.));
#5725=DIRECTION('',(0.,-1.,0.));
#5726=DIRECTION('',(0.,1.,0.));
#5727=DIRECTION('center_axis',(0.,1.,0.));
#5728=DIRECTION('ref_axis',(1.,0.,0.));
#5729=DIRECTION('',(0.,1.,0.));
#5730=DIRECTION('center_axis',(0.,-1.,0.));
#5731=DIRECTION('ref_axis',(1.,0.,0.));
#5732=DIRECTION('',(0.,-1.,0.));
#5733=DIRECTION('center_axis',(0.,1.,0.));
#5734=DIRECTION('ref_axis',(1.,0.,0.));
#5735=DIRECTION('',(0.,1.,0.));
#5736=DIRECTION('center_axis',(0.,1.,0.));
#5737=DIRECTION('ref_axis',(1.,0.,0.));
#5738=DIRECTION('center_axis',(0.,1.,0.));
#5739=DIRECTION('ref_axis',(1.,0.,0.));
#5740=DIRECTION('center_axis',(0.,-1.,0.));
#5741=DIRECTION('ref_axis',(1.,0.,0.));
#5742=DIRECTION('center_axis',(0.,1.,0.));
#5743=DIRECTION('ref_axis',(1.,0.,0.));
#5744=DIRECTION('center_axis',(0.,1.,0.));
#5745=DIRECTION('ref_axis',(-1.,0.,3.65649320787489E-9));
#5746=DIRECTION('',(0.,-1.,0.));
#5747=DIRECTION('center_axis',(0.,-1.,0.));
#5748=DIRECTION('ref_axis',(1.,0.,0.));
#5749=DIRECTION('',(0.,1.,0.));
#5750=DIRECTION('',(0.,1.,0.));
#5751=DIRECTION('center_axis',(0.,-1.,0.));
#5752=DIRECTION('ref_axis',(1.,0.,0.));
#5753=DIRECTION('',(0.,-1.,0.));
#5754=DIRECTION('',(0.,-1.,0.));
#5755=DIRECTION('',(0.,-1.,0.));
#5756=DIRECTION('center_axis',(0.,1.,0.));
#5757=DIRECTION('ref_axis',(1.,0.,0.));
#5758=DIRECTION('center_axis',(0.,1.,0.));
#5759=DIRECTION('ref_axis',(1.,0.,0.));
#5760=DIRECTION('',(0.,-1.,0.));
#5761=DIRECTION('',(0.,1.,0.));
#5762=DIRECTION('',(0.,1.,0.));
#5763=DIRECTION('center_axis',(0.,1.,0.));
#5764=DIRECTION('ref_axis',(1.,0.,0.));
#5765=DIRECTION('',(0.,1.,0.));
#5766=DIRECTION('center_axis',(0.,-1.,0.));
#5767=DIRECTION('ref_axis',(1.,0.,0.));
#5768=DIRECTION('',(0.,-1.,0.));
#5769=DIRECTION('center_axis',(0.,1.,0.));
#5770=DIRECTION('ref_axis',(1.,0.,0.));
#5771=DIRECTION('',(0.,1.,0.));
#5772=DIRECTION('center_axis',(0.,-1.,0.));
#5773=DIRECTION('ref_axis',(1.,0.,0.));
#5774=DIRECTION('center_axis',(0.,1.,0.));
#5775=DIRECTION('ref_axis',(1.,0.,0.));
#5776=DIRECTION('center_axis',(0.,1.,0.));
#5777=DIRECTION('ref_axis',(1.,0.,0.));
#5778=DIRECTION('center_axis',(0.,1.,0.));
#5779=DIRECTION('ref_axis',(1.,0.,0.));
#5780=DIRECTION('center_axis',(0.,-1.,0.));
#5781=DIRECTION('ref_axis',(1.,0.,0.));
#5782=DIRECTION('center_axis',(0.,1.,0.));
#5783=DIRECTION('ref_axis',(1.,0.,0.));
#5784=DIRECTION('center_axis',(0.,1.,0.));
#5785=DIRECTION('ref_axis',(1.,0.,0.));
#5786=DIRECTION('',(0.956210319240199,0.,-0.292680415092223));
#5787=DIRECTION('',(0.0303841918804774,0.,0.999538293855603));
#5788=DIRECTION('center_axis',(0.,1.,0.));
#5789=DIRECTION('ref_axis',(1.,0.,0.));
#5790=DIRECTION('center_axis',(0.0871557427479742,0.,0.996194698091718));
#5791=DIRECTION('ref_axis',(0.996194698091718,0.,-0.0871557427479742));
#5792=DIRECTION('',(0.,1.,0.));
#5793=DIRECTION('',(0.,1.,0.));
#5794=DIRECTION('',(0.,1.,0.));
#5795=DIRECTION('center_axis',(0.,1.,0.));
#5796=DIRECTION('ref_axis',(1.,0.,0.));
#5797=DIRECTION('center_axis',(0.,1.,0.));
#5798=DIRECTION('ref_axis',(1.,0.,0.));
#5799=DIRECTION('',(0.,1.,0.));
#5800=DIRECTION('center_axis',(0.,1.,0.));
#5801=DIRECTION('ref_axis',(1.,0.,0.));
#5802=DIRECTION('',(0.,-1.,0.));
#5803=DIRECTION('center_axis',(0.,1.,0.));
#5804=DIRECTION('ref_axis',(1.,0.,0.));
#5805=DIRECTION('center_axis',(0.,-1.,0.));
#5806=DIRECTION('ref_axis',(1.,0.,0.));
#5807=DIRECTION('',(0.,1.,0.));
#5808=DIRECTION('',(0.,1.,0.));
#5809=DIRECTION('center_axis',(0.,1.,0.));
#5810=DIRECTION('ref_axis',(-0.976187367203373,0.,0.216929076226649));
#5811=DIRECTION('center_axis',(0.,1.,0.));
#5812=DIRECTION('ref_axis',(1.,0.,0.));
#5813=DIRECTION('',(0.,1.,0.));
#5814=DIRECTION('center_axis',(0.,1.,0.));
#5815=DIRECTION('ref_axis',(1.,0.,0.));
#5816=DIRECTION('',(0.,-1.,0.));
#5817=DIRECTION('center_axis',(0.,1.,0.));
#5818=DIRECTION('ref_axis',(1.,0.,0.));
#5819=DIRECTION('center_axis',(0.,1.,0.));
#5820=DIRECTION('ref_axis',(0.,0.,1.));
#5821=DIRECTION('center_axis',(0.,-1.,0.));
#5822=DIRECTION('ref_axis',(1.,0.,0.));
#5823=DIRECTION('center_axis',(0.,-1.,0.));
#5824=DIRECTION('ref_axis',(1.,0.,0.));
#5825=DIRECTION('center_axis',(0.,1.,0.));
#5826=DIRECTION('ref_axis',(0.,0.,1.));
#5827=DIRECTION('center_axis',(0.,-1.,0.));
#5828=DIRECTION('ref_axis',(1.,0.,0.));
#5829=DIRECTION('center_axis',(0.,1.,0.));
#5830=DIRECTION('ref_axis',(1.,0.,0.));
#5831=DIRECTION('',(-0.707106781186548,0.,0.707106781186547));
#5832=DIRECTION('center_axis',(-0.968972567681386,0.,0.247168288987367));
#5833=DIRECTION('ref_axis',(0.247168288987367,0.,0.968972567681386));
#5834=DIRECTION('',(0.,1.,0.));
#5835=DIRECTION('center_axis',(-0.968972567681386,0.,0.247168288987367));
#5836=DIRECTION('ref_axis',(0.247168288987367,0.,0.968972567681386));
#5837=DIRECTION('',(0.,1.,0.));
#5838=DIRECTION('center_axis',(-0.999538293855603,0.,0.0303841918804775));
#5839=DIRECTION('ref_axis',(0.0303841918804774,0.,0.999538293855603));
#5840=DIRECTION('',(0.,-1.,0.));
#5841=DIRECTION('',(0.,1.,0.));
#5842=DIRECTION('center_axis',(0.,1.,0.));
#5843=DIRECTION('ref_axis',(1.,0.,0.));
#5844=DIRECTION('',(0.,1.,0.));
#5845=DIRECTION('center_axis',(0.,-1.,0.));
#5846=DIRECTION('ref_axis',(1.,0.,0.));
#5847=DIRECTION('center_axis',(0.,1.,0.));
#5848=DIRECTION('ref_axis',(1.,0.,0.));
#5849=DIRECTION('center_axis',(0.,1.,0.));
#5850=DIRECTION('ref_axis',(1.,0.,0.));
#5851=DIRECTION('',(0.,1.,0.));
#5852=DIRECTION('center_axis',(0.,1.,0.));
#5853=DIRECTION('ref_axis',(1.,0.,0.));
#5854=DIRECTION('center_axis',(0.,-1.,0.));
#5855=DIRECTION('ref_axis',(0.,0.,-1.));
#5856=DIRECTION('',(1.,0.,0.));
#5857=DIRECTION('',(-1.06752213907323E-16,0.,-1.));
#5858=DIRECTION('',(-1.,0.,0.));
#5859=DIRECTION('center_axis',(0.,1.,0.));
#5860=DIRECTION('ref_axis',(0.809717504287357,0.,0.58681987291728));
#5861=DIRECTION('',(-1.,0.,0.));
#5862=DIRECTION('',(0.,0.,1.));
#5863=DIRECTION('',(1.,0.,0.));
#5864=DIRECTION('',(-1.,0.,0.));
#5865=DIRECTION('',(0.,0.,1.));
#5866=DIRECTION('',(0.,1.,0.));
#5867=DIRECTION('center_axis',(0.,0.,-1.));
#5868=DIRECTION('ref_axis',(-1.,0.,0.));
#5869=DIRECTION('',(0.,-1.,0.));
#5870=DIRECTION('center_axis',(0.,0.,-1.));
#5871=DIRECTION('ref_axis',(0.,-1.,0.));
#5872=DIRECTION('',(0.,-1.,0.));
#5873=DIRECTION('center_axis',(0.,0.,1.));
#5874=DIRECTION('ref_axis',(1.,0.,0.));
#5875=DIRECTION('',(0.,1.,0.));
#5876=DIRECTION('',(0.,1.,0.));
#5877=DIRECTION('center_axis',(1.,0.,0.));
#5878=DIRECTION('ref_axis',(0.,0.,-1.));
#5879=DIRECTION('',(0.,1.,0.));
#5880=DIRECTION('center_axis',(0.,-1.,0.));
#5881=DIRECTION('ref_axis',(0.980896910059333,0.,-0.194528280298914));
#5882=DIRECTION('',(0.,1.,0.));
#5883=DIRECTION('',(0.,-1.,0.));
#5884=DIRECTION('center_axis',(0.924317496327895,0.,-0.381624378128721));
#5885=DIRECTION('ref_axis',(-0.381624378128721,0.,-0.924317496327894));
#5886=DIRECTION('center_axis',(0.,1.,0.));
#5887=DIRECTION('ref_axis',(0.929033244468537,0.,0.369996257646295));
#5888=DIRECTION('',(0.,-1.,0.));
#5889=DIRECTION('center_axis',(0.,1.,0.));
#5890=DIRECTION('ref_axis',(0.726205538655474,0.,0.687477647364708));
#5891=DIRECTION('',(0.,1.,0.));
#5892=DIRECTION('center_axis',(-0.0783619452551447,0.993482503233911,0.08277633299387));
#5893=DIRECTION('ref_axis',(0.726205538655474,-2.22044604925031E-16,0.687477647364708));
#5894=DIRECTION('',(0.,0.,1.));
#5895=DIRECTION('center_axis',(1.,0.,0.));
#5896=DIRECTION('ref_axis',(0.,0.,-1.));
#5897=DIRECTION('center_axis',(0.726205538655474,0.,0.687477647364707));
#5898=DIRECTION('ref_axis',(0.687477647364707,0.,-0.726205538655474));
#5899=DIRECTION('',(0.,-1.,0.));
#5900=DIRECTION('',(0.687477647364707,0.,-0.726205538655474));
#5901=DIRECTION('',(0.687477647364707,0.,-0.726205538655474));
#5902=DIRECTION('center_axis',(0.,1.,0.));
#5903=DIRECTION('ref_axis',(1.,0.,0.));
#5904=DIRECTION('',(0.,1.,0.));
#5905=DIRECTION('center_axis',(0.,-1.,0.));
#5906=DIRECTION('ref_axis',(0.169640823014195,0.,-0.985505956941442));
#5907=DIRECTION('',(0.,-1.,0.));
#5908=DIRECTION('',(0.,-1.,0.));
#5909=DIRECTION('',(0.,-1.,0.));
#5910=DIRECTION('center_axis',(0.,1.,0.));
#5911=DIRECTION('ref_axis',(0.169640823014195,0.,-0.985505956941442));
#5912=DIRECTION('center_axis',(1.,0.,0.));
#5913=DIRECTION('ref_axis',(0.,0.,-1.));
#5914=DIRECTION('',(0.,0.999999999989083,4.67275185506798E-6));
#5915=DIRECTION('',(0.,9.6357623417896E-8,0.999999999999995));
#5916=DIRECTION('',(0.,0.321684932854312,-0.946846769004635));
#5917=DIRECTION('',(0.,1.,0.));
#5918=DIRECTION('',(0.,0.327983125382937,0.944683581663215));
#5919=DIRECTION('',(0.,-3.68563168083754E-8,-0.999999999999999));
#5920=DIRECTION('',(0.,1.,0.));
#5921=DIRECTION('',(0.,9.87690137061078E-8,0.999999999999995));
#5922=DIRECTION('',(0.,-1.,0.));
#5923=DIRECTION('',(0.,-1.,0.));
#5924=DIRECTION('',(0.,-6.14015961357212E-8,-0.999999999999998));
#5925=DIRECTION('center_axis',(0.,-4.67275185506798E-6,0.999999999989083));
#5926=DIRECTION('ref_axis',(1.,0.,0.));
#5927=DIRECTION('',(1.,0.,0.));
#5928=DIRECTION('',(0.,-0.999999999989083,-4.67275185506798E-6));
#5929=DIRECTION('',(1.,0.,0.));
#5930=DIRECTION('center_axis',(0.,-0.999999999999995,9.6357623417896E-8));
#5931=DIRECTION('ref_axis',(0.,-9.6357623417896E-8,-0.999999999999995));
#5932=DIRECTION('',(0.,-9.6357623417896E-8,-0.999999999999995));
#5933=DIRECTION('',(1.,0.,0.));
#5934=DIRECTION('center_axis',(0.,0.946846769004635,0.321684932854312));
#5935=DIRECTION('ref_axis',(0.,-0.321684932854312,0.946846769004635));
#5936=DIRECTION('',(0.,-0.321684932854312,0.946846769004635));
#5937=DIRECTION('',(1.,0.,0.));
#5938=DIRECTION('center_axis',(0.,0.,1.));
#5939=DIRECTION('ref_axis',(1.,0.,0.));
#5940=DIRECTION('',(0.,-1.,0.));
#5941=DIRECTION('',(1.,0.,0.));
#5942=DIRECTION('center_axis',(0.,-0.944683581663215,0.327983125382937));
#5943=DIRECTION('ref_axis',(0.,-0.327983125382937,-0.944683581663215));
#5944=DIRECTION('',(0.,-0.327983125382937,-0.944683581663215));
#5945=DIRECTION('',(1.,0.,0.));
#5946=DIRECTION('center_axis',(0.,0.999999999999999,-3.68563168083754E-8));
#5947=DIRECTION('ref_axis',(0.,3.68563168083754E-8,0.999999999999999));
#5948=DIRECTION('',(0.,3.68563168083754E-8,0.999999999999999));
#5949=DIRECTION('',(1.,0.,0.));
#5950=DIRECTION('center_axis',(0.,0.,1.));
#5951=DIRECTION('ref_axis',(1.,0.,0.));
#5952=DIRECTION('',(0.,-1.,0.));
#5953=DIRECTION('',(1.,0.,0.));
#5954=DIRECTION('center_axis',(0.,-0.999999999999995,9.87690137061078E-8));
#5955=DIRECTION('ref_axis',(0.,-9.87690137061078E-8,-0.999999999999995));
#5956=DIRECTION('',(0.,-9.87690137061078E-8,-0.999999999999995));
#5957=DIRECTION('',(1.,0.,0.));
#5958=DIRECTION('center_axis',(0.,0.,-1.));
#5959=DIRECTION('ref_axis',(-1.,0.,0.));
#5960=DIRECTION('',(0.,1.,0.));
#5961=DIRECTION('',(1.,0.,0.));
#5962=DIRECTION('',(1.,0.,0.));
#5963=DIRECTION('',(1.,0.,0.));
#5964=DIRECTION('center_axis',(0.,0.,-1.));
#5965=DIRECTION('ref_axis',(-1.,0.,0.));
#5966=DIRECTION('',(0.,1.,0.));
#5967=DIRECTION('',(1.,0.,0.));
#5968=DIRECTION('center_axis',(0.,0.999999999999998,-6.14015961357212E-8));
#5969=DIRECTION('ref_axis',(0.,6.14015961357212E-8,0.999999999999998));
#5970=DIRECTION('',(0.,6.14015961357212E-8,0.999999999999998));
#5971=DIRECTION('center_axis',(8.44452712882602E-13,0.,-1.));
#5972=DIRECTION('ref_axis',(-1.,0.,-8.44452712882602E-13));
#5973=DIRECTION('',(1.,0.,1.06854696031608E-12));
#5974=DIRECTION('',(0.,-1.,0.));
#5975=DIRECTION('',(0.,1.,0.));
#5976=DIRECTION('center_axis',(-1.06854696031608E-12,0.,1.));
#5977=DIRECTION('ref_axis',(-1.,0.,-1.06854696031608E-12));
#5978=DIRECTION('',(0.,-1.,0.));
#5979=DIRECTION('',(-1.,0.,-1.06854696031608E-12));
#5980=DIRECTION('',(0.,-1.,0.));
#5981=DIRECTION('',(1.,0.,1.06854696031608E-12));
#5982=DIRECTION('center_axis',(0.,1.,0.));
#5983=DIRECTION('ref_axis',(0.,0.,1.));
#5984=DIRECTION('center_axis',(0.,1.,0.));
#5985=DIRECTION('ref_axis',(-0.142016367016183,0.,0.989864309640228));
#5986=DIRECTION('center_axis',(0.,0.,1.));
#5987=DIRECTION('ref_axis',(1.,0.,0.));
#5988=DIRECTION('center_axis',(0.,-1.,0.));
#5989=DIRECTION('ref_axis',(-0.142016367016183,0.,0.989864309640228));
#5990=DIRECTION('center_axis',(0.,-1.,0.));
#5991=DIRECTION('ref_axis',(-0.142016367016183,0.,0.989864309640228));
#5992=DIRECTION('center_axis',(0.,1.,0.));
#5993=DIRECTION('ref_axis',(0.,0.,1.));
#5994=DIRECTION('center_axis',(0.,-1.,0.));
#5995=DIRECTION('ref_axis',(-0.142016367016183,0.,0.989864309640228));
#5996=DIRECTION('center_axis',(0.,-1.,0.));
#5997=DIRECTION('ref_axis',(-0.142016367016183,0.,0.989864309640228));
#5998=DIRECTION('center_axis',(0.281153866188172,0.,-0.95966270299905));
#5999=DIRECTION('ref_axis',(-0.95966270299905,0.,-0.281153866188172));
#6000=DIRECTION('center_axis',(0.,1.,0.));
#6001=DIRECTION('ref_axis',(-0.142016367016183,0.,0.989864309640228));
#6002=DIRECTION('center_axis',(0.,1.,0.));
#6003=DIRECTION('ref_axis',(1.,0.,0.));
#6004=DIRECTION('',(0.,1.,0.));
#6005=DIRECTION('',(0.,1.,0.));
#6006=DIRECTION('center_axis',(0.,1.,0.));
#6007=DIRECTION('ref_axis',(1.,0.,0.));
#6008=DIRECTION('',(0.,1.,0.));
#6009=DIRECTION('center_axis',(0.,-1.,0.));
#6010=DIRECTION('ref_axis',(1.,0.,0.));
#6011=DIRECTION('center_axis',(0.,1.,0.));
#6012=DIRECTION('ref_axis',(1.,0.,0.));
#6013=DIRECTION('center_axis',(0.,1.,0.));
#6014=DIRECTION('ref_axis',(1.,0.,0.));
#6015=DIRECTION('',(0.,1.,0.));
#6016=DIRECTION('center_axis',(0.,-1.,0.));
#6017=DIRECTION('ref_axis',(-1.,0.,0.));
#6018=DIRECTION('',(-1.16425761376299E-12,0.,1.));
#6019=DIRECTION('center_axis',(0.,1.,0.));
#6020=DIRECTION('ref_axis',(-0.999999999999983,0.,1.84270793709251E-7));
#6021=DIRECTION('',(-1.02809295615348E-13,0.,1.));
#6022=DIRECTION('',(1.,0.,0.));
#6023=DIRECTION('center_axis',(0.,-1.,0.));
#6024=DIRECTION('ref_axis',(-1.,0.,0.));
#6025=DIRECTION('',(0.142016367015723,0.,-0.989864309640294));
#6026=DIRECTION('',(1.,0.,1.06854696031608E-12));
#6027=DIRECTION('center_axis',(-1.,0.,-1.02809295615348E-13));
#6028=DIRECTION('ref_axis',(-1.02809295615348E-13,0.,1.));
#6029=DIRECTION('',(0.,1.,0.));
#6030=DIRECTION('',(0.,1.,0.));
#6031=DIRECTION('',(1.02809295615348E-13,0.,-1.));
#6032=DIRECTION('center_axis',(-9.41214050375723E-15,0.,1.));
#6033=DIRECTION('ref_axis',(1.,0.,9.41214050375723E-15));
#6034=DIRECTION('',(1.,0.,9.41214050375723E-15));
#6035=DIRECTION('',(0.,1.,0.));
#6036=DIRECTION('',(1.,0.,9.41214050375723E-15));
#6037=DIRECTION('',(0.,-1.,0.));
#6038=DIRECTION('center_axis',(1.,0.,-6.40987562127855E-16));
#6039=DIRECTION('ref_axis',(-6.40987562127855E-16,0.,-1.));
#6040=DIRECTION('',(0.,0.,1.));
#6041=DIRECTION('',(0.,1.,0.));
#6042=DIRECTION('',(6.40987562127855E-16,0.,1.));
#6043=DIRECTION('',(0.,1.,0.));
#6044=DIRECTION('center_axis',(0.,1.,0.));
#6045=DIRECTION('ref_axis',(1.,0.,0.));
#6046=DIRECTION('center_axis',(0.,-1.,0.));
#6047=DIRECTION('ref_axis',(1.,0.,0.));
#6048=DIRECTION('',(0.,1.,0.));
#6049=DIRECTION('center_axis',(1.,0.,-4.337944962673E-16));
#6050=DIRECTION('ref_axis',(-4.337944962673E-16,0.,-1.));
#6051=DIRECTION('',(-4.337944962673E-16,0.,-1.));
#6052=DIRECTION('center_axis',(0.,0.,1.));
#6053=DIRECTION('ref_axis',(1.,0.,0.));
#6054=DIRECTION('',(1.,0.,0.));
#6055=DIRECTION('',(0.,1.,0.));
#6056=DIRECTION('',(0.,-1.,0.));
#6057=DIRECTION('center_axis',(-0.989864309640294,0.,-0.142016367015723));
#6058=DIRECTION('ref_axis',(-0.142016367015723,0.,0.989864309640294));
#6059=DIRECTION('',(0.,-1.,0.));
#6060=DIRECTION('',(0.142016367015723,0.,-0.989864309640294));
#6061=DIRECTION('',(0.,-1.,0.));
#6062=DIRECTION('',(0.142016367015723,0.,-0.989864309640294));
#6063=DIRECTION('',(0.,-1.,0.));
#6064=DIRECTION('',(-0.142016367015723,0.,0.989864309640294));
#6065=DIRECTION('',(0.,1.,0.));
#6066=DIRECTION('center_axis',(-1.06854696031608E-12,0.,1.));
#6067=DIRECTION('ref_axis',(-1.,0.,-1.06854696031608E-12));
#6068=DIRECTION('',(1.,0.,1.06854696031608E-12));
#6069=DIRECTION('',(0.,-1.,0.));
#6070=DIRECTION('',(-1.,0.,-1.06854696031608E-12));
#6071=DIRECTION('center_axis',(1.,0.,1.36541277249051E-12));
#6072=DIRECTION('ref_axis',(-1.36541277249051E-12,0.,1.));
#6073=DIRECTION('',(1.36541277249051E-12,0.,-1.));
#6074=DIRECTION('',(0.,-1.,0.));
#6075=DIRECTION('',(-1.36541277249051E-12,0.,1.));
#6076=DIRECTION('',(1.36541277249051E-12,0.,-1.));
#6077=DIRECTION('center_axis',(0.,-1.,0.));
#6078=DIRECTION('ref_axis',(-1.,0.,0.));
#6079=DIRECTION('center_axis',(0.,-1.,0.));
#6080=DIRECTION('ref_axis',(-1.,0.,0.));
#6081=DIRECTION('center_axis',(0.,1.,0.));
#6082=DIRECTION('ref_axis',(-0.999999999999983,0.,1.84270793709251E-7));
#6083=DIRECTION('center_axis',(0.,-1.,0.));
#6084=DIRECTION('ref_axis',(8.23211257660724E-8,0.,-0.999999999999997));
#6085=DIRECTION('center_axis',(0.,1.,0.));
#6086=DIRECTION('ref_axis',(8.23211257660724E-8,0.,-0.999999999999997));
#6087=DIRECTION('',(0.,-1.,0.));
#6088=DIRECTION('center_axis',(0.,-1.,0.));
#6089=DIRECTION('ref_axis',(8.23211257660724E-8,0.,-0.999999999999997));
#6090=DIRECTION('center_axis',(1.,0.,0.));
#6091=DIRECTION('ref_axis',(0.,0.,1.));
#6092=DIRECTION('',(0.,0.,-1.));
#6093=DIRECTION('',(0.,-1.,0.));
#6094=DIRECTION('',(0.,-1.,0.));
#6095=DIRECTION('',(0.,0.,1.));
#6096=DIRECTION('center_axis',(0.,0.,-1.));
#6097=DIRECTION('ref_axis',(1.,0.,0.));
#6098=DIRECTION('',(-1.,0.,0.));
#6099=DIRECTION('',(0.,-1.,0.));
#6100=DIRECTION('center_axis',(0.,0.,-1.));
#6101=DIRECTION('ref_axis',(1.,0.,0.));
#6102=DIRECTION('',(-1.,0.,0.));
#6103=DIRECTION('center_axis',(0.,1.,0.));
#6104=DIRECTION('ref_axis',(1.,0.,0.));
#6105=DIRECTION('center_axis',(0.,1.,0.));
#6106=DIRECTION('ref_axis',(1.,0.,0.));
#6107=DIRECTION('',(0.,1.,0.));
#6108=DIRECTION('center_axis',(0.,-1.,0.));
#6109=DIRECTION('ref_axis',(0.,0.,-1.));
#6110=DIRECTION('center_axis',(1.,0.,0.));
#6111=DIRECTION('ref_axis',(0.,0.,-1.));
#6112=DIRECTION('',(0.,-1.,0.));
#6113=DIRECTION('center_axis',(0.,0.,1.));
#6114=DIRECTION('ref_axis',(0.,1.,0.));
#6115=DIRECTION('',(-1.,0.,0.));
#6116=DIRECTION('center_axis',(0.,0.,-1.));
#6117=DIRECTION('ref_axis',(-1.,0.,0.));
#6118=DIRECTION('',(0.,-1.,0.));
#6119=DIRECTION('center_axis',(0.,0.,-1.));
#6120=DIRECTION('ref_axis',(0.,1.,0.));
#6121=DIRECTION('',(-1.,0.,0.));
#6122=DIRECTION('center_axis',(0.,0.,1.));
#6123=DIRECTION('ref_axis',(1.,0.,0.));
#6124=DIRECTION('center_axis',(0.,1.,0.));
#6125=DIRECTION('ref_axis',(1.,0.,0.));
#6126=DIRECTION('',(-1.,0.,0.));
#6127=DIRECTION('center_axis',(0.,1.,0.));
#6128=DIRECTION('ref_axis',(-0.999999999999983,0.,1.84270793709251E-7));
#6129=DIRECTION('',(1.06752213907323E-16,0.,1.));
#6130=DIRECTION('',(1.,0.,0.));
#6131=DIRECTION('',(-1.,0.,0.));
#6132=DIRECTION('center_axis',(0.,0.,-1.));
#6133=DIRECTION('ref_axis',(0.,1.,0.));
#6134=DIRECTION('center_axis',(1.,0.,0.));
#6135=DIRECTION('ref_axis',(0.,0.,-1.));
#6136=DIRECTION('',(0.,0.,-1.));
#6137=DIRECTION('',(0.,0.,-1.));
#6138=DIRECTION('center_axis',(1.,0.,-2.50065579112495E-14));
#6139=DIRECTION('ref_axis',(2.50065579112495E-14,0.,1.));
#6140=DIRECTION('',(2.50065579112495E-14,0.,1.));
#6141=DIRECTION('',(0.,-1.,0.));
#6142=DIRECTION('',(2.50065579112495E-14,0.,1.));
#6143=DIRECTION('',(0.,-1.,0.));
#6144=DIRECTION('center_axis',(-1.16593603458569E-12,0.,1.));
#6145=DIRECTION('ref_axis',(-1.,0.,-1.16593603458569E-12));
#6146=DIRECTION('',(-1.,0.,-1.16593603458569E-12));
#6147=DIRECTION('',(-1.,0.,-1.16593603458569E-12));
#6148=DIRECTION('',(0.,1.,0.));
#6149=DIRECTION('center_axis',(0.,1.,0.));
#6150=DIRECTION('ref_axis',(0.,0.,1.));
#6151=DIRECTION('center_axis',(0.,1.,0.));
#6152=DIRECTION('ref_axis',(0.809717504287357,0.,0.58681987291728));
#6153=DIRECTION('',(1.,0.,0.));
#6154=DIRECTION('',(-0.142016367015734,0.,0.989864309640292));
#6155=DIRECTION('',(-0.942042364856627,0.,0.335493938567202));
#6156=DIRECTION('center_axis',(-1.50828844363621E-12,0.,1.));
#6157=DIRECTION('ref_axis',(-1.,0.,-1.50828844363621E-12));
#6158=DIRECTION('',(-1.,0.,-1.50828844363621E-12));
#6159=DIRECTION('',(-1.,0.,-1.50828844363621E-12));
#6160=DIRECTION('',(0.,-1.,0.));
#6161=DIRECTION('center_axis',(-1.,0.,-1.36524125338164E-12));
#6162=DIRECTION('ref_axis',(1.36524125338164E-12,0.,-1.));
#6163=DIRECTION('',(1.36524125338164E-12,0.,-1.));
#6164=DIRECTION('',(1.36524125338164E-12,0.,-1.));
#6165=DIRECTION('',(0.,-1.,0.));
#6166=DIRECTION('center_axis',(0.,1.,0.));
#6167=DIRECTION('ref_axis',(0.,0.,1.));
#6168=DIRECTION('',(-0.809717504287252,0.,-0.586819872917425));
#6169=DIRECTION('',(1.,0.,0.));
#6170=DIRECTION('center_axis',(0.,1.,0.));
#6171=DIRECTION('ref_axis',(0.809717504287357,0.,0.58681987291728));
#6172=DIRECTION('center_axis',(0.586819872917426,0.,-0.809717504287252));
#6173=DIRECTION('ref_axis',(0.809717504287252,0.,0.586819872917425));
#6174=DIRECTION('',(0.,1.,0.));
#6175=DIRECTION('',(0.809717504287252,0.,0.586819872917425));
#6176=DIRECTION('center_axis',(0.,1.,0.));
#6177=DIRECTION('ref_axis',(0.142016367015927,0.,-0.989864309640265));
#6178=DIRECTION('',(0.,1.,0.));
#6179=DIRECTION('center_axis',(0.,-1.,0.));
#6180=DIRECTION('ref_axis',(0.809717504287357,0.,0.58681987291728));
#6181=DIRECTION('center_axis',(-1.,0.,1.06752213907323E-16));
#6182=DIRECTION('ref_axis',(-1.06752213907323E-16,0.,-1.));
#6183=DIRECTION('',(0.,1.,0.));
#6184=DIRECTION('',(-1.06752213907323E-16,0.,-1.));
#6185=DIRECTION('',(0.,-1.,0.));
#6186=DIRECTION('center_axis',(0.,0.,1.));
#6187=DIRECTION('ref_axis',(-1.,0.,0.));
#6188=DIRECTION('',(1.,0.,0.));
#6189=DIRECTION('center_axis',(0.,0.,1.));
#6190=DIRECTION('ref_axis',(-1.,0.,0.));
#6191=DIRECTION('',(1.,0.,0.));
#6192=DIRECTION('center_axis',(0.,-1.,0.));
#6193=DIRECTION('ref_axis',(-1.,0.,0.));
#6194=DIRECTION('',(-1.16425761376299E-12,0.,1.));
#6195=DIRECTION('center_axis',(0.,-1.,0.));
#6196=DIRECTION('ref_axis',(-1.,0.,0.));
#6197=DIRECTION('center_axis',(0.,-1.,0.));
#6198=DIRECTION('ref_axis',(-0.999999999999983,0.,1.84270793709251E-7));
#6199=DIRECTION('',(0.,-1.,0.));
#6200=DIRECTION('center_axis',(0.,-1.,0.));
#6201=DIRECTION('ref_axis',(-0.999999999999983,0.,1.84270793709251E-7));
#6202=DIRECTION('center_axis',(-1.,0.,-1.16425761376299E-12));
#6203=DIRECTION('ref_axis',(1.16425761376299E-12,0.,-1.));
#6204=DIRECTION('',(1.16425761376299E-12,0.,-1.));
#6205=DIRECTION('center_axis',(0.,-1.,0.));
#6206=DIRECTION('ref_axis',(-1.,0.,0.));
#6207=DIRECTION('',(-0.142016367015734,0.,0.989864309640292));
#6208=DIRECTION('center_axis',(0.989864309640292,0.,0.142016367015734));
#6209=DIRECTION('ref_axis',(0.142016367015734,0.,-0.989864309640292));
#6210=DIRECTION('',(0.,1.,0.));
#6211=DIRECTION('',(0.142016367015734,0.,-0.989864309640292));
#6212=DIRECTION('',(0.,1.,0.));
#6213=DIRECTION('center_axis',(0.,-1.,0.));
#6214=DIRECTION('ref_axis',(1.,0.,0.));
#6215=DIRECTION('center_axis',(0.,1.,0.));
#6216=DIRECTION('ref_axis',(1.,0.,0.));
#6217=DIRECTION('',(0.,-1.,0.));
#6218=DIRECTION('center_axis',(0.,1.,0.));
#6219=DIRECTION('ref_axis',(1.,0.,0.));
#6220=DIRECTION('',(0.,-1.,0.));
#6221=DIRECTION('center_axis',(0.707106781186554,0.,0.707106781186541));
#6222=DIRECTION('ref_axis',(-0.707106781186541,0.,0.707106781186554));
#6223=DIRECTION('',(-0.707106781186541,0.,0.707106781186554));
#6224=DIRECTION('center_axis',(-0.707106781186554,0.,-0.707106781186541));
#6225=DIRECTION('ref_axis',(0.707106781186541,0.,-0.707106781186554));
#6226=DIRECTION('',(0.707106781186541,0.,-0.707106781186554));
#6227=DIRECTION('center_axis',(-0.965925826289065,0.,-0.258819045102533));
#6228=DIRECTION('ref_axis',(0.258819045102533,0.,-0.965925826289065));
#6229=DIRECTION('',(0.258819045102533,0.,-0.965925826289065));
#6230=DIRECTION('',(0.258819045102533,0.,-0.965925826289065));
#6231=DIRECTION('center_axis',(0.965925826289065,0.,0.258819045102533));
#6232=DIRECTION('ref_axis',(0.258819045102533,0.,-0.965925826289065));
#6233=DIRECTION('center_axis',(0.,1.,0.));
#6234=DIRECTION('ref_axis',(1.,0.,0.));
#6235=DIRECTION('center_axis',(0.,-1.,0.));
#6236=DIRECTION('ref_axis',(0.,0.,-1.));
#6237=DIRECTION('center_axis',(0.,-1.,0.));
#6238=DIRECTION('ref_axis',(0.,0.,-1.));
#6239=DIRECTION('center_axis',(-0.816983393247073,0.,0.576661196161575));
#6240=DIRECTION('ref_axis',(-0.576661196161575,0.,-0.816983393247073));
#6241=DIRECTION('center_axis',(0.,-1.,0.));
#6242=DIRECTION('ref_axis',(0.169640823014195,0.,-0.985505956941441));
#6243=DIRECTION('center_axis',(0.,-1.,0.));
#6244=DIRECTION('ref_axis',(0.169640823014195,0.,-0.985505956941441));
#6245=DIRECTION('',(1.,0.,0.));
#6246=DIRECTION('',(-1.,0.,0.));
#6247=DIRECTION('',(-1.,0.,0.));
#6248=DIRECTION('',(-1.,0.,0.));
#6249=DIRECTION('center_axis',(1.,0.,0.));
#6250=DIRECTION('ref_axis',(0.,0.,-1.));
#6251=DIRECTION('',(0.,0.,-1.));
#6252=DIRECTION('',(0.,0.,-1.));
#6253=DIRECTION('',(0.,1.,0.));
#6254=DIRECTION('',(0.,0.,-1.));
#6255=DIRECTION('center_axis',(1.,0.,0.));
#6256=DIRECTION('ref_axis',(2.67946759844488E-17,-3.78933941766001E-16,
-1.));
#6257=DIRECTION('',(0.,-1.,0.));
#6258=DIRECTION('center_axis',(1.,0.,0.));
#6259=DIRECTION('ref_axis',(0.,0.,-1.));
#6260=DIRECTION('center_axis',(1.,0.,0.));
#6261=DIRECTION('ref_axis',(2.67946759844488E-17,3.78933941766001E-16,-1.));
#6262=DIRECTION('',(0.,0.,1.));
#6263=DIRECTION('',(0.,1.,0.));
#6264=DIRECTION('',(0.,0.,1.));
#6265=DIRECTION('',(0.,1.,0.));
#6266=DIRECTION('',(0.,0.,1.));
#6267=DIRECTION('',(0.,0.,1.));
#6268=DIRECTION('',(0.,0.,1.));
#6269=DIRECTION('',(0.,1.,0.));
#6270=DIRECTION('',(0.,0.,1.));
#6271=DIRECTION('',(0.,1.,0.));
#6272=DIRECTION('',(0.,0.,-1.));
#6273=DIRECTION('',(0.,1.,0.));
#6274=DIRECTION('center_axis',(0.81915204428899,0.,0.573576436351049));
#6275=DIRECTION('ref_axis',(0.405579787672641,-0.707106781186547,-0.579227965339568));
#6276=DIRECTION('',(0.81915204428899,0.,0.573576436351049));
#6277=DIRECTION('center_axis',(0.0871557427476971,0.,0.996194698091742));
#6278=DIRECTION('ref_axis',(-0.996194698091742,0.,0.0871557427476971));
#6279=DIRECTION('',(-0.996194698091742,0.,0.0871557427476971));
#6280=DIRECTION('center_axis',(-0.0871557427476971,0.,-0.996194698091742));
#6281=DIRECTION('ref_axis',(0.996194698091742,0.,-0.0871557427476971));
#6282=DIRECTION('',(0.996194698091742,0.,-0.0871557427476971));
#6283=DIRECTION('',(0.,-1.,0.));
#6284=DIRECTION('',(-0.996194698091742,0.,0.0871557427476971));
#6285=DIRECTION('',(0.,1.,0.));
#6286=DIRECTION('center_axis',(0.,1.,0.));
#6287=DIRECTION('ref_axis',(0.,0.,1.));
#6288=DIRECTION('center_axis',(0.,-1.,0.));
#6289=DIRECTION('ref_axis',(-0.156434465040231,0.,-0.987688340595138));
#6290=DIRECTION('',(-0.866025403784462,0.,-0.49999999999996));
#6291=DIRECTION('',(3.84592537276753E-16,0.,1.));
#6292=DIRECTION('center_axis',(0.,-1.,0.));
#6293=DIRECTION('ref_axis',(1.,0.,0.));
#6294=DIRECTION('center_axis',(0.,1.,0.));
#6295=DIRECTION('ref_axis',(1.,0.,0.));
#6296=DIRECTION('',(0.,-1.,0.));
#6297=DIRECTION('center_axis',(0.,1.,0.));
#6298=DIRECTION('ref_axis',(1.,0.,0.));
#6299=DIRECTION('center_axis',(-1.,0.,3.84592537276753E-16));
#6300=DIRECTION('ref_axis',(-3.84592537276753E-16,0.,-1.));
#6301=DIRECTION('',(0.,-1.,0.));
#6302=DIRECTION('',(-3.84592537276753E-16,0.,-1.));
#6303=DIRECTION('center_axis',(0.49999999999996,0.,-0.866025403784462));
#6304=DIRECTION('ref_axis',(0.866025403784462,0.,0.49999999999996));
#6305=DIRECTION('',(0.866025403784462,0.,0.49999999999996));
#6306=DIRECTION('',(0.,-1.,0.));
#6307=DIRECTION('',(0.866025403784462,0.,0.49999999999996));
#6308=DIRECTION('center_axis',(-0.49999999999996,0.,0.866025403784462));
#6309=DIRECTION('ref_axis',(0.866025403784462,8.01234452659839E-17,0.49999999999996));
#6310=DIRECTION('center_axis',(0.,1.,0.));
#6311=DIRECTION('ref_axis',(1.,0.,0.));
#6312=DIRECTION('center_axis',(0.,-1.,0.));
#6313=DIRECTION('ref_axis',(1.,0.,0.));
#6314=DIRECTION('center_axis',(0.,-1.,0.));
#6315=DIRECTION('ref_axis',(1.,0.,0.));
#6316=DIRECTION('center_axis',(0.,1.,0.));
#6317=DIRECTION('ref_axis',(0.,0.,1.));
#6318=DIRECTION('center_axis',(0.,1.,0.));
#6319=DIRECTION('ref_axis',(0.,0.,1.));
#6320=DIRECTION('',(0.,0.,-1.));
#6321=DIRECTION('',(1.,0.,0.));
#6322=DIRECTION('',(0.906307787036665,0.,-0.422618261740668));
#6323=DIRECTION('',(-0.422618261740707,0.,-0.906307787036646));
#6324=DIRECTION('',(-0.906307787036666,0.,0.422618261740664));
#6325=DIRECTION('',(0.422618261740684,0.,0.906307787036657));
#6326=DIRECTION('',(1.,0.,0.));
#6327=DIRECTION('',(0.309016994374948,0.,0.951056516295153));
#6328=DIRECTION('center_axis',(0.,1.,0.));
#6329=DIRECTION('ref_axis',(-0.156434465040231,0.,-0.987688340595138));
#6330=DIRECTION('center_axis',(0.,1.,0.));
#6331=DIRECTION('ref_axis',(1.,0.,0.));
#6332=DIRECTION('center_axis',(0.,0.,-1.));
#6333=DIRECTION('ref_axis',(0.707106781186547,-0.707106781186548,0.));
#6334=DIRECTION('center_axis',(0.,0.,1.));
#6335=DIRECTION('ref_axis',(0.,-1.,0.));
#6336=DIRECTION('center_axis',(0.,1.,0.));
#6337=DIRECTION('ref_axis',(1.,0.,0.));
#6338=DIRECTION('center_axis',(0.,1.,0.));
#6339=DIRECTION('ref_axis',(1.,0.,0.));
#6340=DIRECTION('',(0.,1.,0.));
#6341=DIRECTION('center_axis',(0.,-1.,0.));
#6342=DIRECTION('ref_axis',(1.,0.,0.));
#6343=DIRECTION('',(0.,-1.,0.));
#6344=DIRECTION('center_axis',(-0.49999999999996,0.,0.866025403784462));
#6345=DIRECTION('ref_axis',(0.866025403784462,0.,0.49999999999996));
#6346=DIRECTION('',(-0.866025403784462,0.,-0.49999999999996));
#6347=DIRECTION('center_axis',(-0.49999999999996,0.,0.866025403784462));
#6348=DIRECTION('ref_axis',(0.866025403784462,-8.01234452659839E-17,0.49999999999996));
#6349=DIRECTION('',(-0.866025403784462,0.,-0.49999999999996));
#6350=DIRECTION('',(0.,1.,0.));
#6351=DIRECTION('',(0.866025403784462,0.,0.49999999999996));
#6352=DIRECTION('center_axis',(-0.0871557427476971,0.,-0.996194698091742));
#6353=DIRECTION('ref_axis',(-0.996194698091742,0.,0.0871557427476971));
#6354=DIRECTION('',(0.996194698091742,0.,-0.0871557427476971));
#6355=DIRECTION('',(-0.996194698091742,0.,0.0871557427476971));
#6356=DIRECTION('',(0.,1.,0.));
#6357=DIRECTION('',(0.996194698091742,0.,-0.0871557427476971));
#6358=DIRECTION('center_axis',(-0.0871557427476971,0.,-0.996194698091742));
#6359=DIRECTION('ref_axis',(0.996194698091742,0.,-0.0871557427476971));
#6360=DIRECTION('center_axis',(0.,1.,0.));
#6361=DIRECTION('ref_axis',(1.,0.,0.));
#6362=DIRECTION('center_axis',(0.,1.,0.));
#6363=DIRECTION('ref_axis',(1.,0.,0.));
#6364=DIRECTION('',(0.,1.,0.));
#6365=DIRECTION('center_axis',(0.,-1.,0.));
#6366=DIRECTION('ref_axis',(1.,0.,0.));
#6367=DIRECTION('center_axis',(1.,0.,-3.84592537276753E-16));
#6368=DIRECTION('ref_axis',(-3.84592537276753E-16,0.,-1.));
#6369=DIRECTION('',(-3.84592537276753E-16,0.,-1.));
#6370=DIRECTION('',(3.84592537276753E-16,0.,1.));
#6371=DIRECTION('center_axis',(0.,1.,0.));
#6372=DIRECTION('ref_axis',(0.,0.,1.));
#6373=DIRECTION('center_axis',(0.,-1.,0.));
#6374=DIRECTION('ref_axis',(0.,0.,-1.));
#6375=DIRECTION('center_axis',(0.,1.,0.));
#6376=DIRECTION('ref_axis',(-0.156434465040231,0.,-0.987688340595138));
#6377=DIRECTION('center_axis',(0.,1.,0.));
#6378=DIRECTION('ref_axis',(-0.156434465040231,0.,-0.987688340595138));
#6379=DIRECTION('center_axis',(0.309016994374948,0.,0.951056516295153));
#6380=DIRECTION('ref_axis',(0.,1.,0.));
#6381=DIRECTION('center_axis',(0.,-1.,0.));
#6382=DIRECTION('ref_axis',(-0.156434465040231,0.,-0.987688340595138));
#6383=DIRECTION('center_axis',(0.,1.,-3.70074341541719E-17));
#6384=DIRECTION('ref_axis',(0.,3.70074341541719E-17,1.));
#6385=DIRECTION('',(1.,0.,0.));
#6386=DIRECTION('center_axis',(0.,1.,0.));
#6387=DIRECTION('ref_axis',(1.,0.,0.));
#6388=DIRECTION('center_axis',(0.,-1.,0.));
#6389=DIRECTION('ref_axis',(1.,0.,0.));
#6390=DIRECTION('center_axis',(0.,1.,0.));
#6391=DIRECTION('ref_axis',(1.,0.,0.));
#6392=DIRECTION('center_axis',(0.,1.,0.));
#6393=DIRECTION('ref_axis',(0.,0.,1.));
#6394=DIRECTION('center_axis',(0.,-1.,0.));
#6395=DIRECTION('ref_axis',(1.,0.,0.));
#6396=DIRECTION('center_axis',(0.,1.,0.));
#6397=DIRECTION('ref_axis',(1.,0.,0.));
#6398=DIRECTION('center_axis',(0.,-1.,0.));
#6399=DIRECTION('ref_axis',(1.,0.,0.));
#6400=DIRECTION('',(-0.707106781186548,0.,0.707106781186547));
#6401=DIRECTION('center_axis',(0.,1.,0.));
#6402=DIRECTION('ref_axis',(1.,0.,0.));
#6403=DIRECTION('',(0.,1.,0.));
#6404=DIRECTION('',(0.,-1.,0.));
#6405=DIRECTION('center_axis',(0.,1.,0.));
#6406=DIRECTION('ref_axis',(1.,0.,0.));
#6407=DIRECTION('center_axis',(0.,-1.,0.));
#6408=DIRECTION('ref_axis',(1.,0.,0.));
#6409=DIRECTION('center_axis',(0.,1.,0.));
#6410=DIRECTION('ref_axis',(1.,0.,0.));
#6411=DIRECTION('',(0.,1.,0.));
#6412=DIRECTION('',(0.,1.,0.));
#6413=DIRECTION('center_axis',(0.96897256768161,0.,-0.247168288986488));
#6414=DIRECTION('ref_axis',(-0.247168288986488,0.,-0.96897256768161));
#6415=DIRECTION('',(0.,-1.,0.));
#6416=DIRECTION('center_axis',(-0.96897256768161,0.,0.247168288986488));
#6417=DIRECTION('ref_axis',(-0.247168288986488,-1.20637935437648E-16,-0.96897256768161));
#6418=DIRECTION('center_axis',(0.,1.,0.));
#6419=DIRECTION('ref_axis',(0.187130483829317,0.,-0.982335066065447));
#6420=DIRECTION('center_axis',(0.,1.,0.));
#6421=DIRECTION('ref_axis',(0.169640823014195,0.,-0.985505956941441));
#6422=DIRECTION('center_axis',(-0.816983393247073,0.,0.576661196161575));
#6423=DIRECTION('ref_axis',(0.,1.,0.));
#6424=DIRECTION('center_axis',(-0.81915204428899,0.,-0.573576436351049));
#6425=DIRECTION('ref_axis',(0.405579787672641,0.707106781186547,-0.579227965339568));
#6426=DIRECTION('',(0.81915204428899,0.,0.573576436351049));
#6427=DIRECTION('',(-0.81915204428899,0.,-0.573576436351049));
#6428=DIRECTION('center_axis',(0.952430144287264,0.,0.304756985568735));
#6429=DIRECTION('ref_axis',(0.304756985568735,0.,-0.952430144287264));
#6430=DIRECTION('',(0.,1.,0.));
#6431=DIRECTION('',(1.,0.,0.));
#6432=DIRECTION('center_axis',(0.,1.,0.));
#6433=DIRECTION('ref_axis',(1.,0.,0.));
#6434=DIRECTION('',(0.,-1.,0.));
#6435=DIRECTION('',(0.,1.,0.));
#6436=DIRECTION('center_axis',(0.,-1.,5.82867087928207E-16));
#6437=DIRECTION('ref_axis',(0.,-5.82867087928207E-16,-1.));
#6438=DIRECTION('center_axis',(0.,-1.,5.82867087928207E-16));
#6439=DIRECTION('ref_axis',(1.,0.,0.));
#6440=DIRECTION('center_axis',(-0.952430144286498,0.,-0.304756985571128));
#6441=DIRECTION('ref_axis',(-0.304756985571128,0.,0.952430144286498));
#6442=DIRECTION('',(0.,1.,0.));
#6443=DIRECTION('center_axis',(0.,1.,0.));
#6444=DIRECTION('ref_axis',(1.,0.,0.));
#6445=DIRECTION('',(0.,1.,0.));
#6446=DIRECTION('',(0.,1.,0.));
#6447=DIRECTION('center_axis',(0.292680415092223,0.,0.956210319240199));
#6448=DIRECTION('ref_axis',(0.956210319240199,0.,-0.292680415092223));
#6449=DIRECTION('center_axis',(0.,1.,0.));
#6450=DIRECTION('ref_axis',(-0.493012571979473,0.,-0.87002218584941));
#6451=DIRECTION('',(0.,1.,0.));
#6452=DIRECTION('',(0.,1.,0.));
#6453=DIRECTION('center_axis',(0.954964206413742,0.,0.296721021278529));
#6454=DIRECTION('ref_axis',(0.296721021278529,0.,-0.954964206413741));
#6455=DIRECTION('',(0.,1.,0.));
#6456=DIRECTION('center_axis',(0.887918720624769,0.,0.46000037561297));
#6457=DIRECTION('ref_axis',(0.46000037561297,0.,-0.887918720624769));
#6458=DIRECTION('',(0.,1.,0.));
#6459=DIRECTION('center_axis',(0.,1.,0.));
#6460=DIRECTION('ref_axis',(0.968972567681122,0.,-0.247168288988401));
#6461=DIRECTION('center_axis',(0.,1.,0.));
#6462=DIRECTION('ref_axis',(-0.156434465040231,0.,-0.987688340595138));
#6463=DIRECTION('center_axis',(0.,1.,0.));
#6464=DIRECTION('ref_axis',(1.,0.,0.));
#6465=DIRECTION('',(0.,1.,0.));
#6466=DIRECTION('center_axis',(0.,1.,0.));
#6467=DIRECTION('ref_axis',(1.,0.,0.));
#6468=DIRECTION('',(0.,1.,0.));
#6469=DIRECTION('center_axis',(-0.951056516295154,0.,0.309016994374948));
#6470=DIRECTION('ref_axis',(0.309016994374948,0.,0.951056516295153));
#6471=DIRECTION('',(0.309016994374948,0.,0.951056516295153));
#6472=DIRECTION('',(0.,1.,0.));
#6473=DIRECTION('',(0.309016994374948,0.,0.951056516295153));
#6474=DIRECTION('center_axis',(0.224951054343863,0.,0.974370064785236));
#6475=DIRECTION('ref_axis',(-0.974370064785235,0.,0.224951054343864));
#6476=DIRECTION('center_axis',(0.,1.,0.));
#6477=DIRECTION('ref_axis',(-0.576661196161575,0.,-0.816983393247073));
#6478=DIRECTION('center_axis',(-0.224951054343863,0.,-0.974370064785236));
#6479=DIRECTION('ref_axis',(-0.974370064785236,0.,0.224951054343863));
#6480=DIRECTION('center_axis',(0.224951054343863,0.,0.974370064785236));
#6481=DIRECTION('ref_axis',(-0.974370064785235,0.,0.224951054343864));
#6482=DIRECTION('',(-0.974370064785236,0.,0.224951054343863));
#6483=DIRECTION('',(0.974370064785236,0.,-0.224951054343863));
#6484=DIRECTION('center_axis',(0.573576436351049,0.,-0.81915204428899));
#6485=DIRECTION('ref_axis',(-0.81915204428899,0.,-0.573576436351049));
#6486=DIRECTION('center_axis',(0.,-1.,0.));
#6487=DIRECTION('ref_axis',(-0.576661196161575,0.,-0.816983393247073));
#6488=DIRECTION('center_axis',(0.,1.,0.));
#6489=DIRECTION('ref_axis',(1.,0.,0.));
#6490=DIRECTION('center_axis',(0.,1.,0.));
#6491=DIRECTION('ref_axis',(1.,0.,0.));
#6492=DIRECTION('',(0.942042364856627,0.,-0.335493938567202));
#6493=DIRECTION('center_axis',(0.,1.,0.));
#6494=DIRECTION('ref_axis',(1.,0.,0.));
#6495=DIRECTION('center_axis',(0.,1.,0.));
#6496=DIRECTION('ref_axis',(1.,0.,0.));
#6497=DIRECTION('center_axis',(0.,-1.,0.));
#6498=DIRECTION('ref_axis',(1.,0.,0.));
#6499=DIRECTION('',(-0.142016367015734,0.,0.989864309640292));
#6500=DIRECTION('',(-0.942042364856627,0.,0.335493938567202));
#6501=DIRECTION('center_axis',(0.,1.,0.));
#6502=DIRECTION('ref_axis',(0.809717504287357,0.,0.58681987291728));
#6503=DIRECTION('',(-0.809717504287252,0.,-0.586819872917425));
#6504=DIRECTION('',(0.142016367015723,0.,-0.989864309640294));
#6505=DIRECTION('center_axis',(0.,-1.,0.));
#6506=DIRECTION('ref_axis',(1.,0.,0.));
#6507=DIRECTION('center_axis',(0.,1.,0.));
#6508=DIRECTION('ref_axis',(1.,0.,0.));
#6509=DIRECTION('center_axis',(-0.989864309640294,0.,-0.142016367015723));
#6510=DIRECTION('ref_axis',(-0.142016367015723,0.,0.989864309640294));
#6511=DIRECTION('',(0.,-1.,0.));
#6512=DIRECTION('',(0.142016367015723,0.,-0.989864309640294));
#6513=DIRECTION('',(0.,1.,0.));
#6514=DIRECTION('',(0.,-1.,0.));
#6515=DIRECTION('',(0.,-1.,0.));
#6516=DIRECTION('center_axis',(0.586819872917426,0.,-0.809717504287252));
#6517=DIRECTION('ref_axis',(0.809717504287252,0.,0.586819872917425));
#6518=DIRECTION('',(0.,1.,0.));
#6519=DIRECTION('',(-0.809717504287252,0.,-0.586819872917425));
#6520=DIRECTION('center_axis',(0.,1.,0.));
#6521=DIRECTION('ref_axis',(0.142016367015927,0.,-0.989864309640265));
#6522=DIRECTION('',(0.,1.,0.));
#6523=DIRECTION('center_axis',(0.,1.,0.));
#6524=DIRECTION('ref_axis',(0.809717504287357,0.,0.58681987291728));
#6525=DIRECTION('center_axis',(-0.106092498705296,-0.948683298050514,-0.29789995253183));
#6526=DIRECTION('ref_axis',(0.31827749611589,-0.316227766016838,0.89369985759549));
#6527=DIRECTION('center_axis',(0.,-1.,0.));
#6528=DIRECTION('ref_axis',(0.809717504287357,0.,0.58681987291728));
#6529=DIRECTION('center_axis',(0.185568737466962,-0.948683298050514,-0.256055157485487));
#6530=DIRECTION('ref_axis',(0.556706212400749,0.316227766016837,-0.768165472456562));
#6531=DIRECTION('center_axis',(0.,1.,0.));
#6532=DIRECTION('ref_axis',(0.809717504287357,0.,0.58681987291728));
#6533=DIRECTION('center_axis',(-0.335493938567202,0.,-0.942042364856627));
#6534=DIRECTION('ref_axis',(0.942042364856627,0.,-0.335493938567202));
#6535=DIRECTION('center_axis',(-0.335493938567202,0.,-0.942042364856627));
#6536=DIRECTION('ref_axis',(0.942042364856627,0.,-0.335493938567202));
#6537=DIRECTION('',(0.,1.,0.));
#6538=DIRECTION('',(-0.942042364856627,0.,0.335493938567202));
#6539=DIRECTION('center_axis',(0.,1.,0.));
#6540=DIRECTION('ref_axis',(-0.955104952851002,0.,0.296267664518903));
#6541=DIRECTION('center_axis',(0.,1.,0.));
#6542=DIRECTION('ref_axis',(-0.955104952851002,0.,0.296267664518904));
#6543=DIRECTION('center_axis',(0.,-1.,0.));
#6544=DIRECTION('ref_axis',(-0.142016367016184,0.,0.989864309640228));
#6545=DIRECTION('',(0.,1.,0.));
#6546=DIRECTION('center_axis',(0.989864309640292,0.,0.142016367015734));
#6547=DIRECTION('ref_axis',(0.142016367015734,0.,-0.989864309640292));
#6548=DIRECTION('',(-0.142016367015734,0.,0.989864309640292));
#6549=DIRECTION('center_axis',(0.,0.,-1.));
#6550=DIRECTION('ref_axis',(0.707106781186547,0.707106781186547,0.));
#6551=DIRECTION('center_axis',(0.,1.,0.));
#6552=DIRECTION('ref_axis',(1.,0.,0.));
#6553=DIRECTION('center_axis',(0.,-1.,0.));
#6554=DIRECTION('ref_axis',(-0.142016367016184,0.,0.989864309640228));
#6555=DIRECTION('center_axis',(0.,0.,1.));
#6556=DIRECTION('ref_axis',(0.707106781186547,-0.707106781186547,0.));
#6557=DIRECTION('center_axis',(0.,0.,-1.));
#6558=DIRECTION('ref_axis',(1.,0.,0.));
#6559=DIRECTION('',(0.,0.,-1.));
#6560=DIRECTION('center_axis',(0.,-1.,0.));
#6561=DIRECTION('ref_axis',(-0.142016367016184,0.,0.989864309640228));
#6562=DIRECTION('center_axis',(-0.281153866188178,0.,0.959662702999049));
#6563=DIRECTION('ref_axis',(-0.959662702999049,0.,-0.281153866188178));
#6564=DIRECTION('center_axis',(0.,1.,0.));
#6565=DIRECTION('ref_axis',(-0.142016367016184,0.,0.989864309640228));
#6566=DIRECTION('center_axis',(0.,-1.,0.));
#6567=DIRECTION('ref_axis',(0.,0.,-1.));
#6568=DIRECTION('center_axis',(0.,1.,0.));
#6569=DIRECTION('ref_axis',(1.,0.,0.));
#6570=DIRECTION('center_axis',(0.,1.,0.));
#6571=DIRECTION('ref_axis',(1.,0.,0.));
#6572=DIRECTION('center_axis',(0.,-1.,0.));
#6573=DIRECTION('ref_axis',(1.,0.,0.));
#6574=DIRECTION('center_axis',(0.,-1.,0.));
#6575=DIRECTION('ref_axis',(0.,0.,-1.));
#6576=DIRECTION('',(-0.809717504287252,0.,-0.586819872917425));
#6577=DIRECTION('center_axis',(0.,1.,0.));
#6578=DIRECTION('ref_axis',(0.809717504287376,0.,0.586819872917254));
#6579=DIRECTION('',(-0.942042364856627,0.,0.335493938567202));
#6580=DIRECTION('center_axis',(0.123739545039401,4.57928306531281E-17,-0.992314730815502));
#6581=DIRECTION('ref_axis',(3.70074341541719E-16,-1.,0.));
#6582=DIRECTION('center_axis',(0.,1.,0.));
#6583=DIRECTION('ref_axis',(1.,0.,0.));
#6584=DIRECTION('',(1.,0.,0.));
#6585=DIRECTION('',(0.,0.,-1.));
#6586=DIRECTION('center_axis',(0.952430144289937,0.,0.304756985560381));
#6587=DIRECTION('ref_axis',(0.304756985560381,0.,-0.952430144289937));
#6588=DIRECTION('',(0.,-1.,0.));
#6589=DIRECTION('center_axis',(0.,0.,-1.));
#6590=DIRECTION('ref_axis',(0.707106781186547,-0.707106781186548,0.));
#6591=DIRECTION('center_axis',(0.,0.,1.));
#6592=DIRECTION('ref_axis',(0.,-1.,0.));
#6593=DIRECTION('center_axis',(0.,1.,0.));
#6594=DIRECTION('ref_axis',(-0.199367934417216,0.,-0.979924704620826));
#6595=DIRECTION('center_axis',(-0.309016994374948,0.,-0.951056516295153));
#6596=DIRECTION('ref_axis',(0.,-1.,0.));
#6597=DIRECTION('center_axis',(0.,-1.,0.));
#6598=DIRECTION('ref_axis',(-0.156434465040231,0.,-0.987688340595138));
#6599=DIRECTION('center_axis',(0.309016994374948,0.,0.951056516295154));
#6600=DIRECTION('ref_axis',(-0.672498511963957,-0.707106781186548,0.218508012224411));
#6601=DIRECTION('center_axis',(-0.309016994374948,0.,-0.951056516295153));
#6602=DIRECTION('ref_axis',(0.,-1.,0.));
#6603=DIRECTION('',(-0.309016994374948,0.,-0.951056516295153));
#6604=DIRECTION('center_axis',(0.,1.,0.));
#6605=DIRECTION('ref_axis',(-0.156434465040231,0.,-0.987688340595138));
#6606=DIRECTION('',(0.,1.,0.));
#6607=DIRECTION('center_axis',(0.,-1.,0.));
#6608=DIRECTION('ref_axis',(1.,0.,0.));
#6609=DIRECTION('center_axis',(-0.951056516295154,0.,0.309016994374948));
#6610=DIRECTION('ref_axis',(0.309016994374948,0.,0.951056516295153));
#6611=DIRECTION('',(0.,1.,0.));
#6612=DIRECTION('',(-0.309016994374948,0.,-0.951056516295153));
#6613=DIRECTION('center_axis',(0.689282661412902,0.,-0.724492520786479));
#6614=DIRECTION('ref_axis',(-0.724492520786479,0.,-0.689282661412902));
#6615=DIRECTION('',(-0.724492520786479,0.,-0.689282661412902));
#6616=DIRECTION('',(0.,1.,0.));
#6617=DIRECTION('',(0.724492520786479,0.,0.689282661412902));
#6618=DIRECTION('center_axis',(-0.123739545039401,-5.87568352973912E-15,
0.992314730815502));
#6619=DIRECTION('ref_axis',(0.,1.,5.9211894646675E-15));
#6620=DIRECTION('center_axis',(0.,1.,0.));
#6621=DIRECTION('ref_axis',(1.,0.,0.));
#6622=DIRECTION('',(0.,0.,1.));
#6623=DIRECTION('center_axis',(0.309016994374947,1.40784645614756E-15,0.951056516295154));
#6624=DIRECTION('ref_axis',(0.,1.,-1.48029736616687E-15));
#6625=DIRECTION('center_axis',(-0.309016994374948,0.,-0.951056516295154));
#6626=DIRECTION('ref_axis',(-0.672498511963957,0.707106781186547,0.218508012224411));
#6627=DIRECTION('',(-0.309016994374948,0.,-0.951056516295153));
#6628=DIRECTION('center_axis',(0.,0.,1.));
#6629=DIRECTION('ref_axis',(0.707106781186547,0.707106781186548,0.));
#6630=DIRECTION('',(0.,0.,1.));
#6631=DIRECTION('center_axis',(0.,0.,1.));
#6632=DIRECTION('ref_axis',(0.707106781186547,0.707106781186548,0.));
#6633=DIRECTION('center_axis',(0.,-1.,0.));
#6634=DIRECTION('ref_axis',(0.,0.,-1.));
#6635=DIRECTION('center_axis',(0.,1.,0.));
#6636=DIRECTION('ref_axis',(1.,0.,0.));
#6637=DIRECTION('center_axis',(0.,1.,0.));
#6638=DIRECTION('ref_axis',(0.,0.,-1.));
#6639=DIRECTION('center_axis',(0.,-1.,0.));
#6640=DIRECTION('ref_axis',(0.,0.,1.));
#6641=DIRECTION('center_axis',(0.,1.,0.));
#6642=DIRECTION('ref_axis',(-1.,0.,0.));
#6643=DIRECTION('center_axis',(0.,1.,0.));
#6644=DIRECTION('ref_axis',(1.,0.,0.));
#6645=DIRECTION('center_axis',(0.,1.,0.));
#6646=DIRECTION('ref_axis',(1.,0.,0.));
#6647=DIRECTION('center_axis',(0.,-1.,0.));
#6648=DIRECTION('ref_axis',(0.,0.,1.));
#6649=DIRECTION('center_axis',(0.,1.,0.));
#6650=DIRECTION('ref_axis',(0.,0.,-1.));
#6651=DIRECTION('center_axis',(0.,1.,0.));
#6652=DIRECTION('ref_axis',(0.,0.,-1.));
#6653=DIRECTION('center_axis',(0.,-1.,0.));
#6654=DIRECTION('ref_axis',(0.,0.,-1.));
#6655=DIRECTION('',(0.,1.,0.));
#6656=DIRECTION('center_axis',(-0.798940218100413,0.472122418799472,0.372551942108213));
#6657=DIRECTION('ref_axis',(0.422618261740667,-5.55111512312578E-16,0.906307787036665));
#6658=DIRECTION('center_axis',(0.,1.,0.));
#6659=DIRECTION('ref_axis',(1.,0.,0.));
#6660=DIRECTION('center_axis',(0.798940218097844,0.472122418804762,-0.372551942107016));
#6661=DIRECTION('ref_axis',(-0.296153576429921,0.84799830401285,0.439536045801816));
#6662=DIRECTION('center_axis',(0.,1.,0.));
#6663=DIRECTION('ref_axis',(-1.,0.,0.));
#6664=DIRECTION('center_axis',(0.906307787036646,0.,-0.422618261740707));
#6665=DIRECTION('ref_axis',(-0.422618261740707,0.,-0.906307787036646));
#6666=DIRECTION('',(-0.422618261740707,0.,-0.906307787036646));
#6667=DIRECTION('',(-0.422618261740707,0.,-0.906307787036646));
#6668=DIRECTION('',(0.,1.,0.));
#6669=DIRECTION('',(0.,-1.,0.));
#6670=DIRECTION('center_axis',(0.,-1.,0.));
#6671=DIRECTION('ref_axis',(1.,0.,0.));
#6672=DIRECTION('center_axis',(0.,1.,0.));
#6673=DIRECTION('ref_axis',(1.,0.,0.));
#6674=DIRECTION('center_axis',(0.,-1.,0.));
#6675=DIRECTION('ref_axis',(-1.,0.,0.));
#6676=DIRECTION('center_axis',(0.,1.,0.));
#6677=DIRECTION('ref_axis',(-1.,0.,0.));
#6678=DIRECTION('center_axis',(0.,1.,0.));
#6679=DIRECTION('ref_axis',(-1.,0.,0.));
#6680=DIRECTION('center_axis',(-0.906307787036657,0.,0.422618261740684));
#6681=DIRECTION('ref_axis',(0.422618261740684,0.,0.906307787036657));
#6682=DIRECTION('',(0.422618261740684,0.,0.906307787036657));
#6683=DIRECTION('',(0.,-1.,0.));
#6684=DIRECTION('',(0.,-1.,0.));
#6685=DIRECTION('',(0.422618261740684,0.,0.906307787036657));
#6686=DIRECTION('center_axis',(-0.798940218063317,0.472122418875899,0.372551942090912));
#6687=DIRECTION('ref_axis',(0.296153576795032,0.847998304115651,-0.439536045357475));
#6688=DIRECTION('center_axis',(0.,1.,0.));
#6689=DIRECTION('ref_axis',(1.,0.,0.));
#6690=DIRECTION('center_axis',(0.798940218062001,0.47212241887861,-0.372551942090298));
#6691=DIRECTION('ref_axis',(-0.422618261740664,0.,-0.906307787036667));
#6692=DIRECTION('center_axis',(0.,1.,0.));
#6693=DIRECTION('ref_axis',(-1.,0.,0.));
#6694=DIRECTION('center_axis',(-0.422618261740664,0.,-0.906307787036666));
#6695=DIRECTION('ref_axis',(-0.906307787036666,0.,0.422618261740664));
#6696=DIRECTION('',(-0.906307787036666,0.,0.422618261740664));
#6697=DIRECTION('',(-0.906307787036666,0.,0.422618261740664));
#6698=DIRECTION('center_axis',(0.,1.,0.));
#6699=DIRECTION('ref_axis',(0.,0.,1.));
#6700=DIRECTION('center_axis',(0.,1.,0.));
#6701=DIRECTION('ref_axis',(1.,0.,0.));
#6702=DIRECTION('',(0.,1.,0.));
#6703=DIRECTION('center_axis',(0.,-1.,0.));
#6704=DIRECTION('ref_axis',(-1.,0.,0.));
#6705=DIRECTION('',(0.,-1.,0.));
#6706=DIRECTION('center_axis',(0.,1.,0.));
#6707=DIRECTION('ref_axis',(1.,0.,0.));
#6708=DIRECTION('',(0.,1.,0.));
#6709=DIRECTION('center_axis',(0.,-1.,0.));
#6710=DIRECTION('ref_axis',(1.,0.,0.));
#6711=DIRECTION('',(0.,-1.,0.));
#6712=DIRECTION('center_axis',(0.,1.,0.));
#6713=DIRECTION('ref_axis',(1.,0.,0.));
#6714=DIRECTION('',(0.,1.,0.));
#6715=DIRECTION('center_axis',(0.,-1.,0.));
#6716=DIRECTION('ref_axis',(-1.,0.,0.));
#6717=DIRECTION('center_axis',(0.,1.,0.));
#6718=DIRECTION('ref_axis',(0.,0.,1.));
#6719=DIRECTION('center_axis',(0.0293875259960637,0.,0.999568093386254));
#6720=DIRECTION('ref_axis',(0.999568093386254,0.,-0.0293875259960637));
#6721=DIRECTION('',(0.,1.,0.));
#6722=DIRECTION('',(0.999568093386254,0.,-0.0293875259960637));
#6723=DIRECTION('center_axis',(0.,1.,0.));
#6724=DIRECTION('ref_axis',(1.,0.,0.));
#6725=DIRECTION('center_axis',(0.,1.,0.));
#6726=DIRECTION('ref_axis',(-0.422618261740986,0.,-0.906307787036516));
#6727=DIRECTION('',(0.,-1.,0.));
#6728=DIRECTION('center_axis',(0.,-1.,0.));
#6729=DIRECTION('ref_axis',(1.,0.,0.));
#6730=DIRECTION('center_axis',(0.,1.,0.));
#6731=DIRECTION('ref_axis',(-1.,0.,0.));
#6732=DIRECTION('center_axis',(0.746823645868383,0.,0.665022136452506));
#6733=DIRECTION('ref_axis',(0.665022136452506,0.,-0.746823645868383));
#6734=DIRECTION('',(0.665022136452506,0.,-0.746823645868383));
#6735=DIRECTION('center_axis',(0.422618261740668,0.,0.906307787036665));
#6736=DIRECTION('ref_axis',(0.906307787036665,0.,-0.422618261740668));
#6737=DIRECTION('',(0.906307787036665,0.,-0.422618261740668));
#6738=DIRECTION('',(0.906307787036665,0.,-0.422618261740668));
#6739=DIRECTION('center_axis',(0.,1.,0.));
#6740=DIRECTION('ref_axis',(0.,0.,1.));
#6741=DIRECTION('center_axis',(0.,1.,0.));
#6742=DIRECTION('ref_axis',(0.,0.,1.));
#6743=DIRECTION('center_axis',(0.,1.,0.));
#6744=DIRECTION('ref_axis',(0.,0.,1.));
#6745=DIRECTION('center_axis',(0.,1.,0.));
#6746=DIRECTION('ref_axis',(0.,0.,1.));
#6747=DIRECTION('center_axis',(0.,1.,0.));
#6748=DIRECTION('ref_axis',(0.,0.,1.));
#6749=DIRECTION('center_axis',(0.,1.,0.));
#6750=DIRECTION('ref_axis',(0.,0.,1.));
#6751=DIRECTION('',(0.,1.,0.));
#6752=DIRECTION('center_axis',(0.,1.,0.));
#6753=DIRECTION('ref_axis',(1.,0.,0.));
#6754=DIRECTION('center_axis',(0.,-1.,0.));
#6755=DIRECTION('ref_axis',(0.,0.,-1.));
#6756=DIRECTION('center_axis',(0.,1.,0.));
#6757=DIRECTION('ref_axis',(0.,0.,-1.));
#6758=DIRECTION('center_axis',(0.,-1.,0.));
#6759=DIRECTION('ref_axis',(1.,0.,0.));
#6760=DIRECTION('center_axis',(0.,-1.,0.));
#6761=DIRECTION('ref_axis',(1.,0.,0.));
#6762=DIRECTION('',(0.,-1.,0.));
#6763=DIRECTION('center_axis',(0.,-1.,0.));
#6764=DIRECTION('ref_axis',(1.,0.,0.));
#6765=DIRECTION('center_axis',(-0.00081182891062218,2.56955830203574E-16,
0.999999670466856));
#6766=DIRECTION('ref_axis',(0.,-1.,2.56955914879064E-16));
#6767=DIRECTION('center_axis',(0.,1.,0.));
#6768=DIRECTION('ref_axis',(0.,0.,1.));
#6769=DIRECTION('center_axis',(-1.,0.,1.22464679914735E-16));
#6770=DIRECTION('ref_axis',(-1.22464679914735E-16,0.,-1.));
#6771=DIRECTION('center_axis',(-0.707106781186547,0.,-0.707106781186548));
#6772=DIRECTION('ref_axis',(-0.707106781186548,0.,0.707106781186547));
#6773=DIRECTION('center_axis',(0.,1.,0.));
#6774=DIRECTION('ref_axis',(0.,0.,1.));
#6775=DIRECTION('center_axis',(0.,-1.,0.));
#6776=DIRECTION('ref_axis',(1.,0.,0.));
#6777=DIRECTION('',(0.707106781186548,0.,-0.707106781186547));
#6778=DIRECTION('center_axis',(0.,-1.,0.));
#6779=DIRECTION('ref_axis',(1.,0.,0.));
#6780=DIRECTION('',(-0.707106781186548,0.,0.707106781186547));
#6781=DIRECTION('center_axis',(0.,1.,0.));
#6782=DIRECTION('ref_axis',(-0.707106781186547,0.,0.707106781186548));
#6783=DIRECTION('',(0.,1.,0.));
#6784=DIRECTION('center_axis',(0.,-1.,0.));
#6785=DIRECTION('ref_axis',(1.,0.,0.));
#6786=DIRECTION('',(0.,-1.,0.));
#6787=DIRECTION('center_axis',(-0.707106781186547,0.,-0.707106781186548));
#6788=DIRECTION('ref_axis',(-0.707106781186548,0.,0.707106781186547));
#6789=DIRECTION('',(0.,1.,0.));
#6790=DIRECTION('',(-0.707106781186548,0.,0.707106781186547));
#6791=DIRECTION('center_axis',(0.,1.,0.));
#6792=DIRECTION('ref_axis',(1.,0.,0.));
#6793=DIRECTION('',(0.,1.,0.));
#6794=DIRECTION('center_axis',(0.,-1.,0.));
#6795=DIRECTION('ref_axis',(1.,0.,0.));
#6796=DIRECTION('center_axis',(0.707106781186547,0.,0.707106781186548));
#6797=DIRECTION('ref_axis',(0.707106781186548,0.,-0.707106781186547));
#6798=DIRECTION('',(0.707106781186548,0.,-0.707106781186547));
#6799=DIRECTION('center_axis',(0.,1.,0.));
#6800=DIRECTION('ref_axis',(1.,0.,0.));
#6801=DIRECTION('',(0.,1.,0.));
#6802=DIRECTION('center_axis',(0.,1.,0.));
#6803=DIRECTION('ref_axis',(1.,0.,0.));
#6804=DIRECTION('center_axis',(0.,-1.,0.));
#6805=DIRECTION('ref_axis',(0.,0.,-1.));
#6806=DIRECTION('center_axis',(0.,-1.,0.));
#6807=DIRECTION('ref_axis',(0.,0.,-1.));
#6808=DIRECTION('center_axis',(0.,1.,0.));
#6809=DIRECTION('ref_axis',(0.142016367015909,0.,-0.989864309640267));
#6810=DIRECTION('center_axis',(0.185568737466962,-0.948683298050514,-0.256055157485487));
#6811=DIRECTION('ref_axis',(0.556706212400724,0.316227766016837,-0.768165472456579));
#6812=DIRECTION('center_axis',(0.,-1.,0.));
#6813=DIRECTION('ref_axis',(0.809717504287376,0.,0.586819872917254));
#6814=DIRECTION('center_axis',(-0.106092498705296,-0.948683298050514,-0.29789995253183));
#6815=DIRECTION('ref_axis',(0.31827749611589,-0.316227766016838,0.89369985759549));
#6816=DIRECTION('center_axis',(-0.185568737466962,0.948683298050514,0.256055157485487));
#6817=DIRECTION('ref_axis',(0.,-0.260581116443873,0.965451957247415));
#6818=DIRECTION('',(-0.809717504287252,0.,-0.586819872917425));
#6819=DIRECTION('center_axis',(0.106092498705296,0.948683298050514,0.29789995253183));
#6820=DIRECTION('ref_axis',(0.,-0.29959076341294,0.954067803920482));
#6821=DIRECTION('',(-0.942042364856627,0.,0.335493938567202));
#6822=DIRECTION('center_axis',(0.,-1.,0.));
#6823=DIRECTION('ref_axis',(0.,0.,-1.));
#6824=CARTESIAN_POINT('',(0.,0.,0.));
#6825=CARTESIAN_POINT('Ctrl Pts',(8.5,5.47095192304863,16.8000000000014));
#6826=CARTESIAN_POINT('Ctrl Pts',(8.35,5.47095192304863,16.8000000000014));
#6827=CARTESIAN_POINT('Ctrl Pts',(8.5,5.40312024874974,16.4638578975603));
#6828=CARTESIAN_POINT('Ctrl Pts',(8.35,5.40312024874974,16.4638578975603));
#6829=CARTESIAN_POINT('Ctrl Pts',(8.5,5.34149412700365,16.1331688641634));
#6830=CARTESIAN_POINT('Ctrl Pts',(8.35,5.34149412700365,16.1331688641634));
#6831=CARTESIAN_POINT('Ctrl Pts',(8.5,5.28535760037522,15.8));
#6832=CARTESIAN_POINT('Ctrl Pts',(8.35,5.28535760037522,15.8));
#6833=CARTESIAN_POINT('',(8.4999999997864,5.47095192305561,16.8));
#6834=CARTESIAN_POINT('',(8.5,5.28535760037522,15.8));
#6835=CARTESIAN_POINT('Ctrl Pts',(8.5,5.47095192304863,16.8000000000014));
#6836=CARTESIAN_POINT('Ctrl Pts',(8.5,5.40312024874974,16.4638578975603));
#6837=CARTESIAN_POINT('Ctrl Pts',(8.5,5.34149412700365,16.1331688641634));
#6838=CARTESIAN_POINT('Ctrl Pts',(8.5,5.28535760037522,15.8));
#6839=CARTESIAN_POINT('',(8.3499999997864,5.47095192305561,16.8));
#6840=CARTESIAN_POINT('',(8.5,5.47095192304863,16.8000000000014));
#6841=CARTESIAN_POINT('',(8.35,5.28535760037522,15.8));
#6842=CARTESIAN_POINT('Ctrl Pts',(8.35,5.47095192304863,16.8000000000014));
#6843=CARTESIAN_POINT('Ctrl Pts',(8.35,5.40312024874974,16.4638578975603));
#6844=CARTESIAN_POINT('Ctrl Pts',(8.35,5.34149412700365,16.1331688641634));
#6845=CARTESIAN_POINT('Ctrl Pts',(8.35,5.28535760037522,15.8));
#6846=CARTESIAN_POINT('',(8.5,5.28535760037522,15.8));
#6847=CARTESIAN_POINT('Origin',(8.35,0.,15.3));
#6848=CARTESIAN_POINT('',(8.35,2.14156839081888,15.8));
#6849=CARTESIAN_POINT('',(8.35,3.87361919838775,16.8));
#6850=CARTESIAN_POINT('Ctrl Pts',(8.35,2.14215018172559,15.7999096870122));
#6851=CARTESIAN_POINT('Ctrl Pts',(8.35,2.16176169007728,15.8341209566928));
#6852=CARTESIAN_POINT('Ctrl Pts',(8.35,2.18240227154209,15.8677405527518));
#6853=CARTESIAN_POINT('Ctrl Pts',(8.35,2.20405580159809,15.9007017320906));
#6854=CARTESIAN_POINT('Ctrl Pts',(8.35,2.38467287974035,16.1756385155573));
#6855=CARTESIAN_POINT('Ctrl Pts',(8.35,2.6357669913385,16.4047652178166));
#6856=CARTESIAN_POINT('Ctrl Pts',(8.35,2.92567230751566,16.5608555889273));
#6857=CARTESIAN_POINT('Ctrl Pts',(8.35,3.21557762369283,16.7169459600379));
#6858=CARTESIAN_POINT('Ctrl Pts',(8.35,3.54429414444901,16.8));
#6859=CARTESIAN_POINT('Ctrl Pts',(8.35,3.87361919838775,16.8));
#6860=CARTESIAN_POINT('',(8.35,2.64278444248869,15.8));
#6861=CARTESIAN_POINT('',(8.35,0.,16.8));
#6862=CARTESIAN_POINT('Ctrl Pts',(9.975,3.87361919838775,16.8));
#6863=CARTESIAN_POINT('Ctrl Pts',(8.81666666666666,3.87361919838775,16.8));
#6864=CARTESIAN_POINT('Ctrl Pts',(7.65833333333333,3.87361919838775,16.8));
#6865=CARTESIAN_POINT('Ctrl Pts',(6.5,3.87361919838775,16.8));
#6866=CARTESIAN_POINT('Ctrl Pts',(9.975,3.54429414444901,16.8));
#6867=CARTESIAN_POINT('Ctrl Pts',(8.81666666666666,3.54429414444901,16.8));
#6868=CARTESIAN_POINT('Ctrl Pts',(7.65833333333334,3.54429414444901,16.8));
#6869=CARTESIAN_POINT('Ctrl Pts',(6.5,3.54429414444901,16.8));
#6870=CARTESIAN_POINT('Ctrl Pts',(9.975,2.88686110293664,16.6338919200759));
#6871=CARTESIAN_POINT('Ctrl Pts',(8.81666666666666,2.88686110293664,16.6338919200759));
#6872=CARTESIAN_POINT('Ctrl Pts',(7.65833333333333,2.88686110293664,16.6338919200759));
#6873=CARTESIAN_POINT('Ctrl Pts',(6.5,2.88686110293664,16.6338919200759));
#6874=CARTESIAN_POINT('Ctrl Pts',(9.975,2.00803171234313,15.8319484621683));
#6875=CARTESIAN_POINT('Ctrl Pts',(8.81666666666667,2.00803171234313,15.8319484621683));
#6876=CARTESIAN_POINT('Ctrl Pts',(7.65833333333333,2.00803171234313,15.8319484621683));
#6877=CARTESIAN_POINT('Ctrl Pts',(6.5,2.00803171234313,15.8319484621683));
#6878=CARTESIAN_POINT('Ctrl Pts',(9.975,1.82077789244705,14.9728186989742));
#6879=CARTESIAN_POINT('Ctrl Pts',(8.81666666666667,1.82077789244705,14.9728186989742));
#6880=CARTESIAN_POINT('Ctrl Pts',(7.65833333333333,1.82077789244705,14.9728186989742));
#6881=CARTESIAN_POINT('Ctrl Pts',(6.5,1.82077789244705,14.9728186989742));
#6882=CARTESIAN_POINT('Ctrl Pts',(9.975,1.89858174833417,14.4849967128968));
#6883=CARTESIAN_POINT('Ctrl Pts',(8.81666666666666,1.89858174833417,14.4849967128968));
#6884=CARTESIAN_POINT('Ctrl Pts',(7.65833333333333,1.89858174833417,14.4849967128968));
#6885=CARTESIAN_POINT('Ctrl Pts',(6.5,1.89858174833417,14.4849967128968));
#6886=CARTESIAN_POINT('',(8.5,2.14156839081888,15.8));
#6887=CARTESIAN_POINT('Ctrl Pts',(8.5,2.14156839081888,15.8));
#6888=CARTESIAN_POINT('Ctrl Pts',(8.45,2.14156839081888,15.8));
#6889=CARTESIAN_POINT('Ctrl Pts',(8.4,2.14156839081888,15.8));
#6890=CARTESIAN_POINT('Ctrl Pts',(8.35,2.14156839081888,15.8));
#6891=CARTESIAN_POINT('',(6.5,3.87361919838775,16.8));
#6892=CARTESIAN_POINT('Ctrl Pts',(8.35,3.87361919838775,16.8));
#6893=CARTESIAN_POINT('Ctrl Pts',(7.73333333333333,3.87361919838775,16.8));
#6894=CARTESIAN_POINT('Ctrl Pts',(7.11666666666667,3.87361919838775,16.8));
#6895=CARTESIAN_POINT('Ctrl Pts',(6.5,3.87361919838775,16.8));
#6896=CARTESIAN_POINT('',(6.5,1.89858174833417,14.4849967128968));
#6897=CARTESIAN_POINT('Ctrl Pts',(6.5,1.89858174833417,14.4849967128968));
#6898=CARTESIAN_POINT('Ctrl Pts',(6.5,1.82077789244705,14.9728186989742));
#6899=CARTESIAN_POINT('Ctrl Pts',(6.5,1.9331301843847,15.4882965568907));
#6900=CARTESIAN_POINT('Ctrl Pts',(6.5,2.20405580159809,15.9007017320906));
#6901=CARTESIAN_POINT('Ctrl Pts',(6.5,2.38467287974035,16.1756385155573));
#6902=CARTESIAN_POINT('Ctrl Pts',(6.5,2.6357669913385,16.4047652178166));
#6903=CARTESIAN_POINT('Ctrl Pts',(6.5,2.92567230751566,16.5608555889273));
#6904=CARTESIAN_POINT('Ctrl Pts',(6.5,3.21557762369283,16.7169459600379));
#6905=CARTESIAN_POINT('Ctrl Pts',(6.5,3.54429414444901,16.8));
#6906=CARTESIAN_POINT('Ctrl Pts',(6.5,3.87361919838775,16.8));
#6907=CARTESIAN_POINT('',(9.975,1.89858174833417,14.4849967128968));
#6908=CARTESIAN_POINT('Ctrl Pts',(6.5,1.89858174833417,14.4849967128968));
#6909=CARTESIAN_POINT('Ctrl Pts',(7.65833333333333,1.89858174833417,14.4849967128968));
#6910=CARTESIAN_POINT('Ctrl Pts',(8.81666666666666,1.89858174833417,14.4849967128968));
#6911=CARTESIAN_POINT('Ctrl Pts',(9.975,1.89858174833417,14.4849967128968));
#6912=CARTESIAN_POINT('',(9.975,3.87361919838983,16.8));
#6913=CARTESIAN_POINT('Ctrl Pts',(9.975,1.89858174833417,14.4849967128968));
#6914=CARTESIAN_POINT('Ctrl Pts',(9.975,1.82077789244705,14.9728186989742));
#6915=CARTESIAN_POINT('Ctrl Pts',(9.975,1.9331301843847,15.4882965568907));
#6916=CARTESIAN_POINT('Ctrl Pts',(9.975,2.20405580159809,15.9007017320906));
#6917=CARTESIAN_POINT('Ctrl Pts',(9.975,2.38467287974035,16.1756385155573));
#6918=CARTESIAN_POINT('Ctrl Pts',(9.975,2.6357669913385,16.4047652178166));
#6919=CARTESIAN_POINT('Ctrl Pts',(9.975,2.92567230751566,16.5608555889273));
#6920=CARTESIAN_POINT('Ctrl Pts',(9.975,3.21557762369283,16.7169459600379));
#6921=CARTESIAN_POINT('Ctrl Pts',(9.975,3.54429414444901,16.8));
#6922=CARTESIAN_POINT('Ctrl Pts',(9.975,3.87361919838775,16.8));
#6923=CARTESIAN_POINT('',(9.25,3.87361919838983,16.8));
#6924=CARTESIAN_POINT('Ctrl Pts',(9.975,3.87361919838775,16.8));
#6925=CARTESIAN_POINT('Ctrl Pts',(9.73333333333333,3.87361919838775,16.8));
#6926=CARTESIAN_POINT('Ctrl Pts',(9.49166666666667,3.87361919838775,16.8));
#6927=CARTESIAN_POINT('Ctrl Pts',(9.25,3.87361919838775,16.8));
#6928=CARTESIAN_POINT('',(9.25,2.14156839081888,15.8));
#6929=CARTESIAN_POINT('Ctrl Pts',(9.25,3.87361919838775,16.8));
#6930=CARTESIAN_POINT('Ctrl Pts',(9.25,3.54429414444901,16.8));
#6931=CARTESIAN_POINT('Ctrl Pts',(9.25,3.21557762369283,16.7169459600379));
#6932=CARTESIAN_POINT('Ctrl Pts',(9.25,2.92567230751566,16.5608555889273));
#6933=CARTESIAN_POINT('Ctrl Pts',(9.25,2.6357669913385,16.4047652178166));
#6934=CARTESIAN_POINT('Ctrl Pts',(9.25,2.38467287974035,16.1756385155573));
#6935=CARTESIAN_POINT('Ctrl Pts',(9.25,2.20405580159809,15.9007017320906));
#6936=CARTESIAN_POINT('Ctrl Pts',(9.25,2.18240227154209,15.8677405527518));
#6937=CARTESIAN_POINT('Ctrl Pts',(9.25,2.16176169007728,15.8341209566928));
#6938=CARTESIAN_POINT('Ctrl Pts',(9.25,2.14215018172559,15.7999096870122));
#6939=CARTESIAN_POINT('Ctrl Pts',(9.25,2.14156839081888,15.8));
#6940=CARTESIAN_POINT('Ctrl Pts',(9.,2.14156839081888,15.8));
#6941=CARTESIAN_POINT('Ctrl Pts',(8.75,2.14156839081888,15.8));
#6942=CARTESIAN_POINT('Ctrl Pts',(8.5,2.14156839081888,15.8));
#6943=CARTESIAN_POINT('Ctrl Pts',(8.5,6.91711060050276,24.2));
#6944=CARTESIAN_POINT('Ctrl Pts',(8.35,6.91711060050276,24.2));
#6945=CARTESIAN_POINT('Ctrl Pts',(8.5,6.88002941595917,23.8662545627922));
#6946=CARTESIAN_POINT('Ctrl Pts',(8.35,6.88002941595917,23.8662545627922));
#6947=CARTESIAN_POINT('Ctrl Pts',(8.5,6.83854394294147,23.5332711627869));
#6948=CARTESIAN_POINT('Ctrl Pts',(8.35,6.83854394294147,23.5332711627869));
#6949=CARTESIAN_POINT('Ctrl Pts',(8.5,6.79213625503096,23.2000000000004));
#6950=CARTESIAN_POINT('Ctrl Pts',(8.35,6.79213625503096,23.2000000000004));
#6951=CARTESIAN_POINT('',(8.5,6.91711060050276,24.2));
#6952=CARTESIAN_POINT('',(8.4999999999053,6.79213625503408,23.2));
#6953=CARTESIAN_POINT('Ctrl Pts',(8.5,6.91711060050276,24.2));
#6954=CARTESIAN_POINT('Ctrl Pts',(8.5,6.88002941595917,23.8662545627922));
#6955=CARTESIAN_POINT('Ctrl Pts',(8.5,6.83854394294147,23.5332711627869));
#6956=CARTESIAN_POINT('Ctrl Pts',(8.5,6.79213625503096,23.2000000000004));
#6957=CARTESIAN_POINT('',(8.35,6.91711060050276,24.2));
#6958=CARTESIAN_POINT('',(8.5,6.91711060050276,24.2));
#6959=CARTESIAN_POINT('',(8.34999999990529,6.79213625503408,23.2));
#6960=CARTESIAN_POINT('Ctrl Pts',(8.35,6.91711060050276,24.2));
#6961=CARTESIAN_POINT('Ctrl Pts',(8.35,6.88002941595917,23.8662545627922));
#6962=CARTESIAN_POINT('Ctrl Pts',(8.35,6.83854394294147,23.5332711627869));
#6963=CARTESIAN_POINT('Ctrl Pts',(8.35,6.79213625503096,23.2000000000004));
#6964=CARTESIAN_POINT('',(8.5,6.79213625503096,23.2000000000004));
#6965=CARTESIAN_POINT('Origin',(8.35,0.,15.3));
#6966=CARTESIAN_POINT('',(8.35,1.34851386468916,23.2));
#6967=CARTESIAN_POINT('',(8.35,0.359349297365712,24.0531890373582));
#6968=CARTESIAN_POINT('Ctrl Pts',(8.35,1.34851386468916,23.2));
#6969=CARTESIAN_POINT('Ctrl Pts',(8.35,1.0773799976825,23.2));
#6970=CARTESIAN_POINT('Ctrl Pts',(8.35,0.808196137363122,23.316548515896));
#6971=CARTESIAN_POINT('Ctrl Pts',(8.35,0.621940237473483,23.5128104100904));
#6972=CARTESIAN_POINT('Ctrl Pts',(8.35,0.482248312556254,23.6600068307362));
#6973=CARTESIAN_POINT('Ctrl Pts',(8.35,0.389203365380751,23.8520420266749));
#6974=CARTESIAN_POINT('Ctrl Pts',(8.35,0.359349297365716,24.0531890373582));
#6975=CARTESIAN_POINT('',(8.35,0.,23.2));
#6976=CARTESIAN_POINT('',(8.35,0.337620490688895,24.2));
#6977=CARTESIAN_POINT('',(8.35,-1.27903455444823,24.2));
#6978=CARTESIAN_POINT('Ctrl Pts',(8.35,0.359349297365713,24.0531890373582));
#6979=CARTESIAN_POINT('Ctrl Pts',(8.35,0.352086405638109,24.1021240421015));
#6980=CARTESIAN_POINT('Ctrl Pts',(8.35,0.34484325045383,24.1510613237513));
#6981=CARTESIAN_POINT('Ctrl Pts',(8.35,0.337620490688895,24.2));
#6982=CARTESIAN_POINT('Origin',(5.2,0.,23.2));
#6983=CARTESIAN_POINT('',(6.5,1.34851386468916,23.2));
#6984=CARTESIAN_POINT('Ctrl Pts',(6.5,1.34851386468916,23.2));
#6985=CARTESIAN_POINT('Ctrl Pts',(7.11666666666666,1.34851386468916,23.2));
#6986=CARTESIAN_POINT('Ctrl Pts',(7.73333333333334,1.34851386468916,23.2));
#6987=CARTESIAN_POINT('Ctrl Pts',(8.35,1.34851386468916,23.2));
#6988=CARTESIAN_POINT('',(6.4425730219228,1.34851386468916,23.2));
#6989=CARTESIAN_POINT('Ctrl Pts',(6.4425730219228,1.34851386468916,23.2));
#6990=CARTESIAN_POINT('Ctrl Pts',(6.46171534794853,1.34851386468916,23.2));
#6991=CARTESIAN_POINT('Ctrl Pts',(6.48085767397427,1.34851386468916,23.2));
#6992=CARTESIAN_POINT('Ctrl Pts',(6.5,1.34851386468916,23.2));
#6993=CARTESIAN_POINT('',(5.94623858757289,3.2445314085539,23.2));
#6994=CARTESIAN_POINT('Ctrl Pts',(5.94623858757289,3.2445314085539,23.2));
#6995=CARTESIAN_POINT('Ctrl Pts',(5.99614908524732,3.1550450751134,23.2));
#6996=CARTESIAN_POINT('Ctrl Pts',(6.04241295522155,3.05974710930146,23.2));
#6997=CARTESIAN_POINT('Ctrl Pts',(6.08520043154888,2.95806136217745,23.2));
#6998=CARTESIAN_POINT('Ctrl Pts',(6.12952166275075,2.85273059964917,23.2));
#6999=CARTESIAN_POINT('Ctrl Pts',(6.1701127512066,2.74054444400169,23.2));
#7000=CARTESIAN_POINT('Ctrl Pts',(6.20710828516128,2.62085465586416,23.2));
#7001=CARTESIAN_POINT('Ctrl Pts',(6.2434209543588,2.50337410569066,23.2));
#7002=CARTESIAN_POINT('Ctrl Pts',(6.27626906766301,2.3786629367937,23.2));
#7003=CARTESIAN_POINT('Ctrl Pts',(6.30573319413431,2.24612246198234,23.2));
#7004=CARTESIAN_POINT('Ctrl Pts',(6.33531443275407,2.11305517366515,23.2));
#7005=CARTESIAN_POINT('Ctrl Pts',(6.36148433620482,1.97209453905285,23.2));
#7006=CARTESIAN_POINT('Ctrl Pts',(6.38428316321093,1.82267180737864,23.2));
#7007=CARTESIAN_POINT('Ctrl Pts',(6.40355575348639,1.69635991051545,23.2));
#7008=CARTESIAN_POINT('Ctrl Pts',(6.42041836346599,1.56400054146017,23.2));
#7009=CARTESIAN_POINT('Ctrl Pts',(6.4348777379555,1.42529065257097,23.2));
#7010=CARTESIAN_POINT('Ctrl Pts',(6.43752331785412,1.3999114016185,23.2));
#7011=CARTESIAN_POINT('Ctrl Pts',(6.44008841228857,1.37431969236189,23.2));
#7012=CARTESIAN_POINT('Ctrl Pts',(6.4425730219228,1.34851386468916,23.2));
#7013=CARTESIAN_POINT('',(5.94623858757288,6.79234661308619,23.2));
#7014=CARTESIAN_POINT('Ctrl Pts',(5.94623858757288,6.79234661308619,23.2));
#7015=CARTESIAN_POINT('Ctrl Pts',(5.94623858757288,5.60974154490873,23.2));
#7016=CARTESIAN_POINT('Ctrl Pts',(5.94623858757289,4.42713647673129,23.2));
#7017=CARTESIAN_POINT('Ctrl Pts',(5.94623858757289,3.2445314085539,23.2));
#7018=CARTESIAN_POINT('',(8.475,6.79234661308644,23.2000000000009));
#7019=CARTESIAN_POINT('Ctrl Pts',(8.475,6.79234661308619,23.2));
#7020=CARTESIAN_POINT('Ctrl Pts',(7.63207952919096,6.79234661308619,23.2));
#7021=CARTESIAN_POINT('Ctrl Pts',(6.78915905838192,6.79234661308619,23.2));
#7022=CARTESIAN_POINT('Ctrl Pts',(5.94623858757288,6.79234661308619,23.2));
#7023=CARTESIAN_POINT('Ctrl Pts',(8.49999530010253,6.79211388449059,23.1999311805816));
#7024=CARTESIAN_POINT('Ctrl Pts',(8.49166918907069,6.79226278139231,23.1999294277679));
#7025=CARTESIAN_POINT('Ctrl Pts',(8.48333717862882,6.79233754332749,23.1999282912658));
#7026=CARTESIAN_POINT('Ctrl Pts',(8.475,6.79233746637251,23.1999277702127));
#7027=CARTESIAN_POINT('Ctrl Pts',(6.5,1.34851386468916,23.2));
#7028=CARTESIAN_POINT('Ctrl Pts',(7.11666666666666,1.34851386468916,23.2));
#7029=CARTESIAN_POINT('Ctrl Pts',(7.73333333333334,1.34851386468916,23.2));
#7030=CARTESIAN_POINT('Ctrl Pts',(8.35,1.34851386468916,23.2));
#7031=CARTESIAN_POINT('Ctrl Pts',(6.5,1.0773799976825,23.2));
#7032=CARTESIAN_POINT('Ctrl Pts',(7.11666666666667,1.0773799976825,23.2));
#7033=CARTESIAN_POINT('Ctrl Pts',(7.73333333333334,1.0773799976825,23.2));
#7034=CARTESIAN_POINT('Ctrl Pts',(8.35,1.0773799976825,23.2));
#7035=CARTESIAN_POINT('Ctrl Pts',(6.5,0.606308242123591,23.4039599028179));
#7036=CARTESIAN_POINT('Ctrl Pts',(7.11666666666666,0.606308242123591,23.4039599028179));
#7037=CARTESIAN_POINT('Ctrl Pts',(7.73333333333334,0.606308242123591,23.4039599028179));
#7038=CARTESIAN_POINT('Ctrl Pts',(8.35,0.606308242123591,23.4039599028179));
#7039=CARTESIAN_POINT('Ctrl Pts',(6.5,0.389203365380751,23.8520420266749));
#7040=CARTESIAN_POINT('Ctrl Pts',(7.11666666666666,0.389203365380751,23.8520420266749));
#7041=CARTESIAN_POINT('Ctrl Pts',(7.73333333333334,0.389203365380751,23.8520420266749));
#7042=CARTESIAN_POINT('Ctrl Pts',(8.35,0.389203365380751,23.8520420266749));
#7043=CARTESIAN_POINT('Ctrl Pts',(6.5,0.359349297365716,24.0531890373582));
#7044=CARTESIAN_POINT('Ctrl Pts',(7.11666666666666,0.359349297365716,24.0531890373582));
#7045=CARTESIAN_POINT('Ctrl Pts',(7.73333333333334,0.359349297365716,24.0531890373582));
#7046=CARTESIAN_POINT('Ctrl Pts',(8.35,0.359349297365716,24.0531890373582));
#7047=CARTESIAN_POINT('',(6.5,0.359349297365713,24.0531890373582));
#7048=CARTESIAN_POINT('Ctrl Pts',(8.35,0.359349297365716,24.0531890373582));
#7049=CARTESIAN_POINT('Ctrl Pts',(7.73333333333334,0.359349297365716,24.0531890373582));
#7050=CARTESIAN_POINT('Ctrl Pts',(7.11666666666666,0.359349297365716,24.0531890373582));
#7051=CARTESIAN_POINT('Ctrl Pts',(6.5,0.359349297365716,24.0531890373582));
#7052=CARTESIAN_POINT('Origin',(6.5,1.34851386468916,24.2));
#7053=CARTESIAN_POINT('Origin',(-2.16840439343862E-18,8.,20.));
#7054=CARTESIAN_POINT('',(-0.56843839743485,6.26874808947902,20.3152424278578));
#7055=CARTESIAN_POINT('',(-0.649999999999995,6.19840288368928,19.9999999614812));
#7056=CARTESIAN_POINT('Ctrl Pts',(-0.56843839743485,6.26874808947902,20.3152424278578));
#7057=CARTESIAN_POINT('Ctrl Pts',(-0.589729494987135,6.26029974309453,20.2768507765357));
#7058=CARTESIAN_POINT('Ctrl Pts',(-0.60703523760068,6.25136850397416,20.2364758268402));
#7059=CARTESIAN_POINT('Ctrl Pts',(-0.620138505432113,6.24208574225972,20.194751724204));
#7060=CARTESIAN_POINT('Ctrl Pts',(-0.636838138850287,6.23025520351675,20.141575888398));
#7061=CARTESIAN_POINT('Ctrl Pts',(-0.646582575939314,6.21794443180995,20.0866194164623));
#7062=CARTESIAN_POINT('Ctrl Pts',(-0.649248074807616,6.20545928951481,20.0312539412124));
#7063=CARTESIAN_POINT('Ctrl Pts',(-0.649749075806535,6.20311261106152,20.0208475746085));
#7064=CARTESIAN_POINT('Ctrl Pts',(-0.649999991427076,6.20075979267127,20.0104266113682));
#7065=CARTESIAN_POINT('Ctrl Pts',(-0.650000000000002,6.19840289197305,19.9999999596088));
#7066=CARTESIAN_POINT('Ctrl Pts',(-0.650000000000002,6.19840289197305,19.9999999596088));
#7067=CARTESIAN_POINT('Ctrl Pts',(-0.650000005449098,6.1954227066174,19.9868159697591));
#7068=CARTESIAN_POINT('Ctrl Pts',(-0.649598891497839,6.1924359942307,19.9736228908647));
#7069=CARTESIAN_POINT('Ctrl Pts',(-0.648794956804718,6.18944693227151,19.9604386043628));
#7070=CARTESIAN_POINT('Ctrl Pts',(-0.644950259178705,6.17515218977958,19.89738672285));
#7071=CARTESIAN_POINT('Ctrl Pts',(-0.631935339748853,6.16096171674086,19.8352393168453));
#7072=CARTESIAN_POINT('Ctrl Pts',(-0.610171659031874,6.14735487532885,19.7759661237892));
#7073=CARTESIAN_POINT('Ctrl Pts',(-0.60384994305337,6.1434024838244,19.7587489859111));
#7074=CARTESIAN_POINT('Ctrl Pts',(-0.596790064818973,6.13949936242913,19.7417740010404));
#7075=CARTESIAN_POINT('Ctrl Pts',(-0.589002353483753,6.13565730439843,19.7250886914101));
#7076=CARTESIAN_POINT('Ctrl Pts',(-0.556279701519896,6.11951362336662,19.6549798293273));
#7077=CARTESIAN_POINT('Ctrl Pts',(-0.51116989156651,6.10468046450865,19.5909927689743));
#7078=CARTESIAN_POINT('Ctrl Pts',(-0.455541631411897,6.09197032007371,19.5363386774027));
#7079=CARTESIAN_POINT('Ctrl Pts',(-0.404876836924157,6.08039424607975,19.486561130708));
#7080=CARTESIAN_POINT('Ctrl Pts',(-0.346266285094547,6.07076007311016,19.4452985141799));
#7081=CARTESIAN_POINT('Ctrl Pts',(-0.281954982540086,6.06352266241755,19.4143368602704));
#7082=CARTESIAN_POINT('Ctrl Pts',(-0.270203104539853,6.06220013956202,19.4086791054905));
#7083=CARTESIAN_POINT('Ctrl Pts',(-0.258260868164948,6.06095762836195,19.4033654570464));
#7084=CARTESIAN_POINT('Ctrl Pts',(-0.246141972057842,6.05979787914816,19.3984070066984));
#7085=CARTESIAN_POINT('Ctrl Pts',(-0.185443232651504,6.05398915575598,19.3735720974071));
#7086=CARTESIAN_POINT('Ctrl Pts',(-0.121336902942295,6.05035645641087,19.3580694178486));
#7087=CARTESIAN_POINT('Ctrl Pts',(-0.0560041144780996,6.04903244600813,
19.3524178668944));
#7088=CARTESIAN_POINT('Ctrl Pts',(-0.0387670775838899,6.04868312652098,
19.3509267933524));
#7089=CARTESIAN_POINT('Ctrl Pts',(-0.0214446686257795,6.04849449867407,
19.3501217222436));
#7090=CARTESIAN_POINT('Ctrl Pts',(-0.00407694439057238,6.0484689756689,
19.3500127858763));
#7091=CARTESIAN_POINT('Ctrl Pts',(0.0616897759448346,6.04837232717768,19.3496002742827));
#7092=CARTESIAN_POINT('Ctrl Pts',(0.126938609738667,6.05061636911645,19.3591732621465));
#7093=CARTESIAN_POINT('Ctrl Pts',(0.189485961520177,6.05507761665044,19.3782331756911));
#7094=CARTESIAN_POINT('Ctrl Pts',(0.20602330054278,6.05625715760352,19.383272561741));
#7095=CARTESIAN_POINT('Ctrl Pts',(0.222371790218888,6.05759168332233,19.388975418836));
#7096=CARTESIAN_POINT('Ctrl Pts',(0.238491071372206,6.05907888158803,19.395333142238));
#7097=CARTESIAN_POINT('Ctrl Pts',(0.304742778572669,6.06519140131586,19.4214639619243));
#7098=CARTESIAN_POINT('Ctrl Pts',(0.365906941318468,6.07376951435395,19.4581658635139));
#7099=CARTESIAN_POINT('Ctrl Pts',(0.419753867373004,6.08437608661037,19.5037074187449));
#7100=CARTESIAN_POINT('Ctrl Pts',(0.429730139214851,6.08634117646588,19.5121449465366));
#7101=CARTESIAN_POINT('Ctrl Pts',(0.439455244494696,6.08837587368598,19.5208860413642));
#7102=CARTESIAN_POINT('Ctrl Pts',(0.448915003513992,6.09047736853243,19.5299198795736));
#7103=CARTESIAN_POINT('Ctrl Pts',(0.511259089829447,6.10432716912795,19.5894569553002));
#7104=CARTESIAN_POINT('Ctrl Pts',(0.560856685134134,6.12080332751693,19.6605230314642));
#7105=CARTESIAN_POINT('Ctrl Pts',(0.595203616167709,6.13881009946546,19.7387861885334));
#7106=CARTESIAN_POINT('Ctrl Pts',(0.620329019618229,6.15198237997012,19.7960371084119));
#7107=CARTESIAN_POINT('Ctrl Pts',(0.636992256892802,6.16581294124361,19.8564461726506));
#7108=CARTESIAN_POINT('Ctrl Pts',(0.644823628411352,6.17984029655114,19.9181302121633));
#7109=CARTESIAN_POINT('Ctrl Pts',(0.647208592323193,6.18411218380713,19.9369154540365));
#7110=CARTESIAN_POINT('Ctrl Pts',(0.648774449629257,6.18840234649404,19.9558185989615));
#7111=CARTESIAN_POINT('Ctrl Pts',(0.649510758396325,6.19269783846627,19.9747854262889));
#7112=CARTESIAN_POINT('Ctrl Pts',(0.651671841368828,6.20530520506967,20.030453495736));
#7113=CARTESIAN_POINT('Ctrl Pts',(0.6466658865576,6.21783490772949,20.0861304066707));
#7114=CARTESIAN_POINT('Ctrl Pts',(0.63464234334991,6.22997824120079,20.1404584651748));
#7115=CARTESIAN_POINT('Ctrl Pts',(0.629572179535444,6.23509891893194,20.1633678648068));
#7116=CARTESIAN_POINT('Ctrl Pts',(0.62325415263443,6.24015097384424,20.1860367955946));
#7117=CARTESIAN_POINT('Ctrl Pts',(0.615699468958823,6.24511164708068,20.2083606582919));
#7118=CARTESIAN_POINT('Ctrl Pts',(0.596693600126231,6.25759157461988,20.2645224281925));
#7119=CARTESIAN_POINT('Ctrl Pts',(0.570072150577524,6.26935333093754,20.3178777270376));
#7120=CARTESIAN_POINT('Ctrl Pts',(0.536533608208181,6.28009236479071,20.3669210111668));
#7121=CARTESIAN_POINT('Ctrl Pts',(0.524039544249475,6.28409296130855,20.3851910338144));
#7122=CARTESIAN_POINT('Ctrl Pts',(0.510585543391686,6.28795171891142,20.402862098706));
#7123=CARTESIAN_POINT('Ctrl Pts',(0.496207716467907,6.29165319579088,20.4198546202172));
#7124=CARTESIAN_POINT('Ctrl Pts',(0.441231926297449,6.30580635101556,20.4848280895752));
#7125=CARTESIAN_POINT('Ctrl Pts',(0.373790700313961,6.31739250962327,20.5386540513482));
#7126=CARTESIAN_POINT('Ctrl Pts',(0.297471830646614,6.32580928381116,20.5779364238319));
#7127=CARTESIAN_POINT('Ctrl Pts',(0.246925984490413,6.33138369778095,20.6039530664376));
#7128=CARTESIAN_POINT('Ctrl Pts',(0.193209498676644,6.33548923860548,20.6232182605961));
#7129=CARTESIAN_POINT('Ctrl Pts',(0.137711311440604,6.33805043834855,20.6352474763104));
#7130=CARTESIAN_POINT('Ctrl Pts',(0.111491184608908,6.33926047754892,20.6409306810676));
#7131=CARTESIAN_POINT('Ctrl Pts',(0.0848733657290631,6.34012571039562,20.6449994204178));
#7132=CARTESIAN_POINT('Ctrl Pts',(0.0580043255507903,6.34063756918518,20.6474067486654));
#7133=CARTESIAN_POINT('Ctrl Pts',(0.00400982157535586,6.34166617166835,
20.6522443794021));
#7134=CARTESIAN_POINT('Ctrl Pts',(-0.0502374693348301,6.34125380091578,
20.650301287847));
#7135=CARTESIAN_POINT('Ctrl Pts',(-0.103483087262784,6.33942652168327,20.6417128778703));
#7136=CARTESIAN_POINT('Ctrl Pts',(-0.131729931058862,6.33845714855809,20.6371567193636));
#7137=CARTESIAN_POINT('Ctrl Pts',(-0.159694872909169,6.33708943804367,20.6307312700031));
#7138=CARTESIAN_POINT('Ctrl Pts',(-0.187190622654171,6.33532640420944,20.6224625858572));
#7139=CARTESIAN_POINT('Ctrl Pts',(-0.250453509301925,6.331269973283,20.6034377972007));
#7140=CARTESIAN_POINT('Ctrl Pts',(-0.310168533180451,6.32518897133421,20.5749692904462));
#7141=CARTESIAN_POINT('Ctrl Pts',(-0.36441369723023,6.31728578950066,20.5382411462798));
#7142=CARTESIAN_POINT('Ctrl Pts',(-0.378688876366181,6.31520598499837,20.5285757531247));
#7143=CARTESIAN_POINT('Ctrl Pts',(-0.392585249129116,6.31299994982758,20.5183386484851));
#7144=CARTESIAN_POINT('Ctrl Pts',(-0.406067787599891,6.31067131230993,20.5075519203725));
#7145=CARTESIAN_POINT('Ctrl Pts',(-0.460366845893675,6.30129304688979,20.4641098653135));
#7146=CARTESIAN_POINT('Ctrl Pts',(-0.507057990079992,6.29007927799368,20.4124687794368));
#7147=CARTESIAN_POINT('Ctrl Pts',(-0.544635387488881,6.27743321741712,20.3547842970466));
#7148=CARTESIAN_POINT('Ctrl Pts',(-0.553030163775321,6.27460809229496,20.3418976056242));
#7149=CARTESIAN_POINT('Ctrl Pts',(-0.560970096746663,6.27171152482857,20.3287091077829));
#7150=CARTESIAN_POINT('Ctrl Pts',(-0.56843839743485,6.26874808947902,20.3152424278578));
#7151=CARTESIAN_POINT('',(-0.65,5.,20.));
#7152=CARTESIAN_POINT('',(-0.65,8.,20.));
#7153=CARTESIAN_POINT('Origin',(-2.16840439343862E-18,5.,20.));
#7154=CARTESIAN_POINT('Origin',(0.,5.,20.));
#7155=CARTESIAN_POINT('',(-0.575,5.,20.));
#7156=CARTESIAN_POINT('Origin',(0.,5.,20.));
#7157=CARTESIAN_POINT('Origin',(0.850000000000368,2.,1.50000000000656));
#7158=CARTESIAN_POINT('',(0.947940041043891,2.,2.14257898220283));
#7159=CARTESIAN_POINT('',(0.945623097733914,2.,2.06699314209898));
#7160=CARTESIAN_POINT('Ctrl Pts',(0.947940041043891,2.,2.14257898220283));
#7161=CARTESIAN_POINT('Ctrl Pts',(0.94711950550953,2.,2.11739540369042));
#7162=CARTESIAN_POINT('Ctrl Pts',(0.946347165966128,2.,2.09220012188816));
#7163=CARTESIAN_POINT('Ctrl Pts',(0.945623097733886,2.,2.06699314209802));
#7164=CARTESIAN_POINT('',(1.40568557144796,2.,1.1627856087286));
#7165=CARTESIAN_POINT('Origin',(0.850000000000368,2.,1.50000000000656));
#7166=CARTESIAN_POINT('',(1.3210124254681,2.,1.17019354910694));
#7167=CARTESIAN_POINT('',(1.07297757471445,2.,1.19189378670731));
#7168=CARTESIAN_POINT('Origin',(0.850000000000001,2.,1.50000000000566));
#7169=CARTESIAN_POINT('Origin',(0.850000000000368,2.,1.50000000000656));
#7170=CARTESIAN_POINT('',(0.947940042014398,2.34651221595327,2.14257897051696));
#7171=CARTESIAN_POINT('Ctrl Pts',(0.947940042014398,2.34651221595327,2.14257897051696));
#7172=CARTESIAN_POINT('Ctrl Pts',(0.947940042014398,2.23100814396885,2.14257897051696));
#7173=CARTESIAN_POINT('Ctrl Pts',(0.947940041043891,2.11550407198442,2.14257898220283));
#7174=CARTESIAN_POINT('Ctrl Pts',(0.947940041043891,2.,2.14257898220283));
#7175=CARTESIAN_POINT('',(0.587116358371676,2.34667196802228,2.09446798986259));
#7176=CARTESIAN_POINT('Ctrl Pts',(0.5871163583715,2.34667196802228,2.09446798986299));
#7177=CARTESIAN_POINT('Ctrl Pts',(0.634828927083686,2.34660278078549,2.11556728205121));
#7178=CARTESIAN_POINT('Ctrl Pts',(0.684914865406635,2.34655160570028,2.13084859015419));
#7179=CARTESIAN_POINT('Ctrl Pts',(0.787236060436325,2.34649056838563,2.14902835500374));
#7180=CARTESIAN_POINT('Ctrl Pts',(0.839078099850886,2.34648059529965,2.15196459306018));
#7181=CARTESIAN_POINT('Ctrl Pts',(0.909902641228783,2.34649558725044,2.14751926500122));
#7182=CARTESIAN_POINT('Ctrl Pts',(0.928995092454246,2.34650250822047,2.14546651688102));
#7183=CARTESIAN_POINT('Ctrl Pts',(0.94794004373309,2.34651221587745,2.14257898179295));
#7184=CARTESIAN_POINT('',(0.58711635836715,3.34767953472029,2.0944679898558));
#7185=CARTESIAN_POINT('',(0.587116358372125,2.,2.09446798986326));
#7186=CARTESIAN_POINT('',(0.200000000000368,3.34883094677983,1.50000000000657));
#7187=CARTESIAN_POINT('Ctrl Pts',(0.200000000000368,3.34883094677983,1.50000000000657));
#7188=CARTESIAN_POINT('Ctrl Pts',(0.200000000000368,3.34879561293335,1.52217244101033));
#7189=CARTESIAN_POINT('Ctrl Pts',(0.201134501326316,3.3487594625702,1.54433098127915));
#7190=CARTESIAN_POINT('Ctrl Pts',(0.206667367706983,3.34866951673227,1.59821901484933));
#7191=CARTESIAN_POINT('Ctrl Pts',(0.212281414904819,3.34861511976086,1.62976462022588));
#7192=CARTESIAN_POINT('Ctrl Pts',(0.236004876374398,3.34844994621083,1.72270059376884));
#7193=CARTESIAN_POINT('Ctrl Pts',(0.260863362223743,3.34833788047695,1.78196380734378));
#7194=CARTESIAN_POINT('Ctrl Pts',(0.336290694726895,3.34809104064568,1.90654741071302));
#7195=CARTESIAN_POINT('Ctrl Pts',(0.391419874921861,3.34796093018157,1.96784861169381));
#7196=CARTESIAN_POINT('Ctrl Pts',(0.496943902262346,3.34778477846895,2.04812307670648));
#7197=CARTESIAN_POINT('Ctrl Pts',(0.540808934926841,3.34772635561126,2.07399007630389));
#7198=CARTESIAN_POINT('Ctrl Pts',(0.587116358365202,3.34767953472027,2.0944679898602));
#7199=CARTESIAN_POINT('',(0.200000000000368,7.,1.50000000000656));
#7200=CARTESIAN_POINT('',(0.200000000000368,2.,1.50000000000656));
#7201=CARTESIAN_POINT('',(0.352174114064239,7.,1.91793466869523));
#7202=CARTESIAN_POINT('Origin',(0.850000000000368,7.,1.50000000000656));
#7203=CARTESIAN_POINT('',(0.352174114064239,5.2,1.91793466869523));
#7204=CARTESIAN_POINT('',(0.352174114064239,2.,1.91793466869523));
#7205=CARTESIAN_POINT('',(1.46435237878108,5.2,1.2877003186915));
#7206=CARTESIAN_POINT('Origin',(0.850000000000368,5.2,1.50000000000656));
#7207=CARTESIAN_POINT('',(1.46435237878108,7.,1.2877003186915));
#7208=CARTESIAN_POINT('',(1.46435237878108,2.,1.2877003186915));
#7209=CARTESIAN_POINT('Origin',(0.850000000000368,7.,1.50000000000656));
#7210=CARTESIAN_POINT('',(1.40568557144797,3.34930448062127,1.1627856087286));
#7211=CARTESIAN_POINT('Ctrl Pts',(1.40568557144796,3.34930448062127,1.16278560872861));
#7212=CARTESIAN_POINT('Ctrl Pts',(1.37627086033435,3.34936346103994,1.11431398065785));
#7213=CARTESIAN_POINT('Ctrl Pts',(1.34058197865386,3.34941371970728,1.06980388432486));
#7214=CARTESIAN_POINT('Ctrl Pts',(1.23817887486604,3.34951879978667,0.971781183338472));
#7215=CARTESIAN_POINT('Ctrl Pts',(1.165993543692,3.34956278533798,0.925677755508617));
#7216=CARTESIAN_POINT('Ctrl Pts',(1.00653346680759,3.34962055656072,0.863239803359566));
#7217=CARTESIAN_POINT('Ctrl Pts',(0.920593649191275,3.34963340561378,0.848092942569701));
#7218=CARTESIAN_POINT('Ctrl Pts',(0.753588602396543,3.34962984509522,0.852150683682207));
#7219=CARTESIAN_POINT('Ctrl Pts',(0.674029874219471,3.34961530223184,0.869097148113726));
#7220=CARTESIAN_POINT('Ctrl Pts',(0.530017558605975,3.34955932927149,0.929213007426357));
#7221=CARTESIAN_POINT('Ctrl Pts',(0.466011068411129,3.34951998355917,0.970151859502389));
#7222=CARTESIAN_POINT('Ctrl Pts',(0.358984088765043,3.34941566371321,1.06839236345394));
#7223=CARTESIAN_POINT('Ctrl Pts',(0.315464225353096,3.34935333563504,1.12363145811413));
#7224=CARTESIAN_POINT('Ctrl Pts',(0.281575537978429,3.34927751040422,1.18473244557277));
#7225=CARTESIAN_POINT('Ctrl Pts',(0.256281587514718,3.34922091571789,1.23033720249286));
#7226=CARTESIAN_POINT('Ctrl Pts',(0.236567618992055,3.34915726556998,1.27882068345738));
#7227=CARTESIAN_POINT('Ctrl Pts',(0.214148687350802,3.34904196062487,1.36110745305925));
#7228=CARTESIAN_POINT('Ctrl Pts',(0.207895714557138,3.34899457048465,1.39369798898664));
#7229=CARTESIAN_POINT('Ctrl Pts',(0.201492756796718,3.34890943581752,1.45005492014425));
#7230=CARTESIAN_POINT('Ctrl Pts',(0.200107725369374,3.34887291487281,1.47361464967971));
#7231=CARTESIAN_POINT('Ctrl Pts',(0.200002013928771,3.34883392275679,1.49813160457999));
#7232=CARTESIAN_POINT('Ctrl Pts',(0.200000000000368,3.34883243549109,1.49906581463134));
#7233=CARTESIAN_POINT('Ctrl Pts',(0.200000000000368,3.34883094677983,1.50000000000657));
#7234=CARTESIAN_POINT('',(1.40568557144796,2.,1.1627856087286));
#7235=CARTESIAN_POINT('Origin',(0.850000000000368,7.,1.50000000000656));
#7236=CARTESIAN_POINT('',(1.40553474530593,7.,1.35165531099382));
#7237=CARTESIAN_POINT('Origin',(0.,7.,0.));
#7238=CARTESIAN_POINT('',(0.437263824915171,7.,1.90034216587975));
#7239=CARTESIAN_POINT('Origin',(0.850000000000001,7.,1.50000000000566));
#7240=CARTESIAN_POINT('Origin',(0.,7.,0.));
#7241=CARTESIAN_POINT('Origin',(-0.854136389779509,2.,1.50000000000656));
#7242=CARTESIAN_POINT('',(-1.40876194746808,7.,1.3482914282031));
#7243=CARTESIAN_POINT('',(-1.40876194746808,5.2,1.3482914282031));
#7244=CARTESIAN_POINT('',(-1.40876194746808,2.,1.3482914282031));
#7245=CARTESIAN_POINT('',(-0.852068196989091,7.,0.925003719515472));
#7246=CARTESIAN_POINT('Origin',(-0.854136389779509,7.,1.50000000000656));
#7247=CARTESIAN_POINT('',(-0.852068196989104,3.34956291646643,0.925003719515472));
#7248=CARTESIAN_POINT('',(-0.852068196989091,2.,0.925003719515472));
#7249=CARTESIAN_POINT('',(-1.41475305688217,3.349025386289,1.37219564731577));
#7250=CARTESIAN_POINT('Ctrl Pts',(-1.41475305688217,3.349025386289,1.37219564731577));
#7251=CARTESIAN_POINT('Ctrl Pts',(-1.41428241693851,3.34902837864042,1.37013117461931));
#7252=CARTESIAN_POINT('Ctrl Pts',(-1.41380033517525,3.34903136029715,1.36806913414721));
#7253=CARTESIAN_POINT('Ctrl Pts',(-1.40118138044197,3.34910732546884,1.31540754367798));
#7254=CARTESIAN_POINT('Ctrl Pts',(-1.38224300621599,3.34917324392667,1.26668476226651));
#7255=CARTESIAN_POINT('Ctrl Pts',(-1.35701095020016,3.34923155000323,1.22117715947081));
#7256=CARTESIAN_POINT('Ctrl Pts',(-1.32135338217053,3.34931394728747,1.15686648888831));
#7257=CARTESIAN_POINT('Ctrl Pts',(-1.27368793888408,3.34937989835793,1.09998896735858));
#7258=CARTESIAN_POINT('Ctrl Pts',(-1.17296688684433,3.34946964180786,1.01819925684717));
#7259=CARTESIAN_POINT('Ctrl Pts',(-1.12436846885594,3.34949929087615,0.989353873577858));
#7260=CARTESIAN_POINT('Ctrl Pts',(-1.00246105542266,3.34954951269172,0.939345832949486));
#7261=CARTESIAN_POINT('Ctrl Pts',(-0.927599445917655,3.34956317668571,0.924732042654622));
#7262=CARTESIAN_POINT('Ctrl Pts',(-0.852068196989104,3.34956291646643,0.925003719515472));
#7263=CARTESIAN_POINT('',(-1.41475305688217,2.,1.37219564731577));
#7264=CARTESIAN_POINT('',(-1.41475305688217,2.,1.37219564731577));
#7265=CARTESIAN_POINT('',(-0.852068192790355,2.,2.07499628048254));
#7266=CARTESIAN_POINT('Origin',(-0.854136389779509,2.,1.50000000000656));
#7267=CARTESIAN_POINT('',(-0.852068192790398,2.34673549289459,2.07499628048254));
#7268=CARTESIAN_POINT('',(-0.852068192790355,2.,2.07499628048254));
#7269=CARTESIAN_POINT('',(-1.16526224930116,2.34702513921649,1.98355527041203));
#7270=CARTESIAN_POINT('Ctrl Pts',(-1.16526224930116,2.34702513921679,1.98355527031539));
#7271=CARTESIAN_POINT('Ctrl Pts',(-1.13086766998197,2.34695676556498,2.00568518974206));
#7272=CARTESIAN_POINT('Ctrl Pts',(-1.09420912035994,2.34689870117949,2.0240829700671));
#7273=CARTESIAN_POINT('Ctrl Pts',(-1.05590922403995,2.34685301494582,2.03843544030581));
#7274=CARTESIAN_POINT('Ctrl Pts',(-1.02008517032719,2.3468102820341,2.0518601154132));
#7275=CARTESIAN_POINT('Ctrl Pts',(-0.983010579129141,2.34677860599376,2.06167608945979));
#7276=CARTESIAN_POINT('Ctrl Pts',(-0.945236945860515,2.34675900824445,2.06773734128484));
#7277=CARTESIAN_POINT('Ctrl Pts',(-0.914360389641406,2.34674298884266,2.07269187084792));
#7278=CARTESIAN_POINT('Ctrl Pts',(-0.883200848665551,2.34673513036297,2.07510797570836));
#7279=CARTESIAN_POINT('Ctrl Pts',(-0.852068192790396,2.34673549289459,2.07499628048248));
#7280=CARTESIAN_POINT('',(-1.16526224928503,3.34792578676387,1.98355527043755));
#7281=CARTESIAN_POINT('',(-1.16526224930116,2.,1.98355527041204));
#7282=CARTESIAN_POINT('',(-0.852068192784151,3.34772382816246,2.07499628048254));
#7283=CARTESIAN_POINT('Ctrl Pts',(-0.852068192784152,3.34772382816246,2.07499628048249));
#7284=CARTESIAN_POINT('Ctrl Pts',(-0.895997728725215,3.34772347338262,2.07515304661844));
#7285=CARTESIAN_POINT('Ctrl Pts',(-0.939898422583732,3.34773455187822,2.07027767939858));
#7286=CARTESIAN_POINT('Ctrl Pts',(-0.982899964431376,3.34775674041084,2.06039712869555));
#7287=CARTESIAN_POINT('Ctrl Pts',(-1.04768799643124,3.34779017063914,2.04551065235961));
#7288=CARTESIAN_POINT('Ctrl Pts',(-1.10938859780522,3.34784834135969,2.01950481643014));
#7289=CARTESIAN_POINT('Ctrl Pts',(-1.16526224928502,3.34792578676389,1.98355527043756));
#7290=CARTESIAN_POINT('',(-0.852068192790355,5.2,2.07499628048254));
#7291=CARTESIAN_POINT('',(-0.852068192790355,2.,2.07499628048254));
#7292=CARTESIAN_POINT('Origin',(-0.854136389779509,5.2,1.50000000000656));
#7293=CARTESIAN_POINT('Origin',(-0.854136389779509,2.,1.50000000000656));
#7294=CARTESIAN_POINT('',(-1.49593060075898,3.3489890251889,1.39704277222122));
#7295=CARTESIAN_POINT('',(-1.49593060075898,2.,1.39704277222121));
#7296=CARTESIAN_POINT('',(-1.49593060075898,2.,1.39704277222121));
#7297=CARTESIAN_POINT('',(-1.13965764073047,3.3477035558546,2.08393288572166));
#7298=CARTESIAN_POINT('Ctrl Pts',(-1.13965764073047,3.34770355585423,2.08393288572161));
#7299=CARTESIAN_POINT('Ctrl Pts',(-1.10126262711649,3.34766086964684,2.1027059482141));
#7300=CARTESIAN_POINT('Ctrl Pts',(-1.06101704683554,3.3476261813926,2.11769297259139));
#7301=CARTESIAN_POINT('Ctrl Pts',(-1.01948544359912,3.34760075655387,2.12861728451846));
#7302=CARTESIAN_POINT('Ctrl Pts',(-0.957089917018601,3.34756255922755,2.14502956196749));
#7303=CARTESIAN_POINT('Ctrl Pts',(-0.892705532160899,3.34754594304035,2.15202917645214));
#7304=CARTESIAN_POINT('Ctrl Pts',(-0.828458299333057,3.34755191347727,2.14949122137108));
#7305=CARTESIAN_POINT('Ctrl Pts',(-0.808419639058842,3.34755377565175,2.14869963522142));
#7306=CARTESIAN_POINT('Ctrl Pts',(-0.788394321086131,3.3475578218278,2.14697984467249));
#7307=CARTESIAN_POINT('Ctrl Pts',(-0.768446852606132,3.34756404601766,2.14432701575168));
#7308=CARTESIAN_POINT('Ctrl Pts',(-0.700929812699709,3.34758511329624,2.13534787354668));
#7309=CARTESIAN_POINT('Ctrl Pts',(-0.635309962797829,3.34763095728979,2.11581949801765));
#7310=CARTESIAN_POINT('Ctrl Pts',(-0.573972797473118,3.34769766493758,2.08652190180378));
#7311=CARTESIAN_POINT('Ctrl Pts',(-0.564000623250104,3.3477085102429,2.08175870917475));
#7312=CARTESIAN_POINT('Ctrl Pts',(-0.554141649541813,3.34771990312299,2.07673718368625));
#7313=CARTESIAN_POINT('Ctrl Pts',(-0.544406127600055,3.34773182244915,2.07146055392979));
#7314=CARTESIAN_POINT('Ctrl Pts',(-0.479406903344844,3.34781140184497,2.03623112885082));
#7315=CARTESIAN_POINT('Ctrl Pts',(-0.420892191293657,3.34791329525557,1.99016881712018));
#7316=CARTESIAN_POINT('Ctrl Pts',(-0.371384805648454,3.34802844898562,1.93525958694171));
#7317=CARTESIAN_POINT('Ctrl Pts',(-0.320491523218128,3.34814682629903,1.87881324215728));
#7318=CARTESIAN_POINT('Ctrl Pts',(-0.27994697979715,3.34827709689206,1.81393976426356));
#7319=CARTESIAN_POINT('Ctrl Pts',(-0.251522354876812,3.34840878447588,1.74363174713939));
#7320=CARTESIAN_POINT('Ctrl Pts',(-0.247446406713204,3.34842766781267,1.73354993131641));
#7321=CARTESIAN_POINT('Ctrl Pts',(-0.243619669727884,3.34844658339958,1.7233564589493));
#7322=CARTESIAN_POINT('Ctrl Pts',(-0.240047366250749,3.3484655037988,1.71306025245952));
#7323=CARTESIAN_POINT('Ctrl Pts',(-0.227024657505956,3.34853447745962,1.67552578789037));
#7324=CARTESIAN_POINT('Ctrl Pts',(-0.217470612088351,3.34860303590853,1.63687627543635));
#7325=CARTESIAN_POINT('Ctrl Pts',(-0.2115052540561,3.34866999829914,1.59759725099022));
#7326=CARTESIAN_POINT('Ctrl Pts',(-0.207712440988837,3.34871257341849,1.57262339420188));
#7327=CARTESIAN_POINT('Ctrl Pts',(-0.205378647139269,3.34875441503514,1.54744966239099));
#7328=CARTESIAN_POINT('Ctrl Pts',(-0.204515750867309,3.34879528254755,1.52220417752572));
#7329=CARTESIAN_POINT('Ctrl Pts',(-0.20374152362683,3.34883195061807,1.4995528546299));
#7330=CARTESIAN_POINT('Ctrl Pts',(-0.204152553738116,3.34886778203641,1.47687652986483));
#7331=CARTESIAN_POINT('Ctrl Pts',(-0.205747157055079,3.34890264021266,1.45426814144991));
#7332=CARTESIAN_POINT('Ctrl Pts',(-0.207714874796105,3.34894565470479,1.42636971272671));
#7333=CARTESIAN_POINT('Ctrl Pts',(-0.211481133482804,3.34898710448544,1.39862734087672));
#7334=CARTESIAN_POINT('Ctrl Pts',(-0.217022444107343,3.34902680852169,1.37121405276678));
#7335=CARTESIAN_POINT('Ctrl Pts',(-0.226847544626287,3.34909720633435,1.32260852792178));
#7336=CARTESIAN_POINT('Ctrl Pts',(-0.242202639207016,3.34916172899844,1.27528659114234));
#7337=CARTESIAN_POINT('Ctrl Pts',(-0.262787828877357,3.34921998005567,1.23017250044628));
#7338=CARTESIAN_POINT('Ctrl Pts',(-0.296993712665351,3.34931677434933,1.15520756846054));
#7339=CARTESIAN_POINT('Ctrl Pts',(-0.345144586461215,3.34939482862131,1.08742620895741));
#7340=CARTESIAN_POINT('Ctrl Pts',(-0.404669520074215,3.3494559096288,1.03044751834202));
#7341=CARTESIAN_POINT('Ctrl Pts',(-0.462508424094438,3.34951526053128,0.975082735591864));
#7342=CARTESIAN_POINT('Ctrl Pts',(-0.53005264320349,3.34955775464893,0.930906073277882));
#7343=CARTESIAN_POINT('Ctrl Pts',(-0.603871196068646,3.3495864261534,0.900110518960189));
#7344=CARTESIAN_POINT('Ctrl Pts',(-0.608273196716851,3.34958813591303,0.898274096478216));
#7345=CARTESIAN_POINT('Ctrl Pts',(-0.612697509275958,3.34958979594865,0.896485241723485));
#7346=CARTESIAN_POINT('Ctrl Pts',(-0.617143406180496,3.34959140666466,0.894744412899062));
#7347=CARTESIAN_POINT('Ctrl Pts',(-0.679139054178328,3.34961386723573,0.870469488549539));
#7348=CARTESIAN_POINT('Ctrl Pts',(-0.744388360660015,3.34962654552262,0.855903183335912));
#7349=CARTESIAN_POINT('Ctrl Pts',(-0.81058665016031,3.34963045072797,0.851459494447901));
#7350=CARTESIAN_POINT('Ctrl Pts',(-0.830302171671764,3.34963161379669,0.850136051734756));
#7351=CARTESIAN_POINT('Ctrl Pts',(-0.850101867857455,3.34963198658476,0.849710137452819));
#7352=CARTESIAN_POINT('Ctrl Pts',(-0.869924855964221,3.3496315639621,0.850191778908316));
#7353=CARTESIAN_POINT('Ctrl Pts',(-0.936889384985115,3.34963013628998,0.851818823885117));
#7354=CARTESIAN_POINT('Ctrl Pts',(-1.00311974331116,3.3496197940597,0.863783528190398));
#7355=CARTESIAN_POINT('Ctrl Pts',(-1.06628280840302,3.349599828002,0.885594184546121));
#7356=CARTESIAN_POINT('Ctrl Pts',(-1.07916584621936,3.34959575563033,0.890042789284053));
#7357=CARTESIAN_POINT('Ctrl Pts',(-1.09192127968957,3.34959127681897,0.894900827805996));
#7358=CARTESIAN_POINT('Ctrl Pts',(-1.10452931165771,3.349586376482,0.900163868489546));
#7359=CARTESIAN_POINT('Ctrl Pts',(-1.17411883117389,3.34955932927149,0.929213007426357));
#7360=CARTESIAN_POINT('Ctrl Pts',(-1.23812532136874,3.34951998355917,0.97015185950238));
#7361=CARTESIAN_POINT('Ctrl Pts',(-1.29367929041709,3.34946583476872,1.02114507573502));
#7362=CARTESIAN_POINT('Ctrl Pts',(-1.34515230101484,3.34941566371321,1.06839236345395));
#7363=CARTESIAN_POINT('Ctrl Pts',(-1.38867216442678,3.34935333563504,1.12363145811414));
#7364=CARTESIAN_POINT('Ctrl Pts',(-1.42256085180144,3.34927751040422,1.18473244557277));
#7365=CARTESIAN_POINT('Ctrl Pts',(-1.44785480226515,3.34922091571789,1.23033720249286));
#7366=CARTESIAN_POINT('Ctrl Pts',(-1.46756877078782,3.34915726556998,1.27882068345737));
#7367=CARTESIAN_POINT('Ctrl Pts',(-1.48127718460283,3.3490867605197,1.3291362429699));
#7368=CARTESIAN_POINT('Ctrl Pts',(-1.48737049573234,3.3490554214302,1.35150121990324));
#7369=CARTESIAN_POINT('Ctrl Pts',(-1.49226121046483,3.3490228171838,1.37416930922545));
#7370=CARTESIAN_POINT('Ctrl Pts',(-1.49593060075898,3.3489890251889,1.39704277222122));
#7371=CARTESIAN_POINT('',(-1.13965764053488,2.34670641869869,2.08393288601738));
#7372=CARTESIAN_POINT('',(-1.13965764053308,2.,2.08393288602011));
#7373=CARTESIAN_POINT('',(-0.544986263965139,2.34674594066046,2.07177460569781));
#7374=CARTESIAN_POINT('Ctrl Pts',(-0.544986263965143,2.34674594066047,2.07177460569777));
#7375=CARTESIAN_POINT('Ctrl Pts',(-0.591303625742244,2.34666480012849,2.09681642901939));
#7376=CARTESIAN_POINT('Ctrl Pts',(-0.640598075258838,2.34660046053012,2.11619697039913));
#7377=CARTESIAN_POINT('Ctrl Pts',(-0.691811973203635,2.34655635578236,2.12940510306919));
#7378=CARTESIAN_POINT('Ctrl Pts',(-0.754239980482315,2.3465025935884,2.14550536951158));
#7379=CARTESIAN_POINT('Ctrl Pts',(-0.818609149303712,2.34647980661714,2.15219741150811));
#7380=CARTESIAN_POINT('Ctrl Pts',(-0.882797517821224,2.34648935730707,2.14936642663557));
#7381=CARTESIAN_POINT('Ctrl Pts',(-0.902802825919164,2.34649233392883,2.14848410596122));
#7382=CARTESIAN_POINT('Ctrl Pts',(-0.922790571895899,2.3464984327338,2.14667638318648));
#7383=CARTESIAN_POINT('Ctrl Pts',(-0.942696515934941,2.34650764287868,2.14393874247771));
#7384=CARTESIAN_POINT('Ctrl Pts',(-1.01118252102472,2.34653933019919,2.13451994399487));
#7385=CARTESIAN_POINT('Ctrl Pts',(-1.0776665022937,2.34660757630302,2.11424292044995));
#7386=CARTESIAN_POINT('Ctrl Pts',(-1.13965764053489,2.34670641869868,2.08393288601738));
#7387=CARTESIAN_POINT('',(-0.544986263963751,2.,2.07177460569319));
#7388=CARTESIAN_POINT('',(-0.544986263963751,2.,2.07177460569319));
#7389=CARTESIAN_POINT('',(-1.50413638977951,2.,1.50000000000656));
#7390=CARTESIAN_POINT('Origin',(-0.854136389779509,2.,1.50000000000656));
#7391=CARTESIAN_POINT('',(-1.50413638977951,5.2,1.50000000000656));
#7392=CARTESIAN_POINT('',(-1.50413638977951,2.,1.50000000000656));
#7393=CARTESIAN_POINT('',(-0.355756161123289,5.2,1.91727346871092));
#7394=CARTESIAN_POINT('Origin',(-0.854136389779509,5.2,1.50000000000656));
#7395=CARTESIAN_POINT('',(-0.35575616112329,7.,1.91727346871092));
#7396=CARTESIAN_POINT('',(-0.35575616112329,2.,1.91727346871092));
#7397=CARTESIAN_POINT('',(-1.46731244767022,7.,1.28432635296175));
#7398=CARTESIAN_POINT('Origin',(-0.854136389779509,7.,1.50000000000656));
#7399=CARTESIAN_POINT('',(-1.46731244767022,5.2,1.28432635296175));
#7400=CARTESIAN_POINT('',(-1.46731244767022,2.,1.28432635296175));
#7401=CARTESIAN_POINT('Origin',(-0.854136389779509,5.2,1.50000000000656));
#7402=CARTESIAN_POINT('Origin',(-0.854136389779509,2.,1.50000000000656));
#7403=CARTESIAN_POINT('Origin',(-0.854136389779509,7.,1.50000000000656));
#7404=CARTESIAN_POINT('',(-0.437263824926847,7.,1.90034216587707));
#7405=CARTESIAN_POINT('Origin',(0.,7.,0.));
#7406=CARTESIAN_POINT('Origin',(-0.85,7.,1.49999999999145));
#7407=CARTESIAN_POINT('Origin',(0.,7.,0.));
#7408=CARTESIAN_POINT('Origin',(-0.854136389779509,2.,1.50000000000656));
#7409=CARTESIAN_POINT('',(-5.09927857916995,2.,2.49996893900955));
#7410=CARTESIAN_POINT('',(-0.547502488354007,2.,1.98899923869023));
#7411=CARTESIAN_POINT('',(-0.555069523796638,2.,1.74006908034918));
#7412=CARTESIAN_POINT('Origin',(-0.85,2.,1.49999999999145));
#7413=CARTESIAN_POINT('Origin',(1.32101242546835,2.35,1.17019354910692));
#7414=CARTESIAN_POINT('',(9.975,3.3499141242118,0.413067742038422));
#7415=CARTESIAN_POINT('Ctrl Pts',(9.975,3.3499141242118,0.413067742038422));
#7416=CARTESIAN_POINT('Ctrl Pts',(7.11865799803185,3.34980960064206,0.66296528636449));
#7417=CARTESIAN_POINT('Ctrl Pts',(4.261494675845,3.34960849995302,0.912934686898821));
#7418=CARTESIAN_POINT('Ctrl Pts',(1.40568557144798,3.34930448062127,1.16278560872859));
#7419=CARTESIAN_POINT('',(9.975,3.34832363999562,0.413067742038423));
#7420=CARTESIAN_POINT('',(9.975,1.175,0.413067742038423));
#7421=CARTESIAN_POINT('',(6.5,3.34497723425609,0.71709084779212));
#7422=CARTESIAN_POINT('Ctrl Pts',(9.975,3.34832363999562,0.413067742038423));
#7423=CARTESIAN_POINT('Ctrl Pts',(9.40026166229818,3.34791710453242,0.463350831081251));
#7424=CARTESIAN_POINT('Ctrl Pts',(8.82552917228244,3.34743722299724,0.513633408517835));
#7425=CARTESIAN_POINT('Ctrl Pts',(7.66719190341272,3.3463235533914,0.614974788083887));
#7426=CARTESIAN_POINT('Ctrl Pts',(7.08359872157297,3.34568751793882,0.666032575606077));
#7427=CARTESIAN_POINT('Ctrl Pts',(6.5,3.34497723425609,0.717090847792121));
#7428=CARTESIAN_POINT('',(2.51522120763313,3.33898217823289,1.06571381878402));
#7429=CARTESIAN_POINT('Ctrl Pts',(2.51522120763313,3.33898217823289,1.06571381878402));
#7430=CARTESIAN_POINT('Ctrl Pts',(3.84352900273543,3.34135953570811,0.949501945039027));
#7431=CARTESIAN_POINT('Ctrl Pts',(5.1717486953735,3.34336065218802,0.833297779260881));
#7432=CARTESIAN_POINT('Ctrl Pts',(6.5,3.34497723425609,0.717090847792118));
#7433=CARTESIAN_POINT('',(2.51522120763313,1.34893714291548,1.06571381878402));
#7434=CARTESIAN_POINT('',(2.51522120763313,0.284405122672224,1.06571381878402));
#7435=CARTESIAN_POINT('',(1.32101242546835,1.348714581299,1.17019354910692));
#7436=CARTESIAN_POINT('Ctrl Pts',(2.51522120763314,1.34893714291642,1.06571381831831));
#7437=CARTESIAN_POINT('Ctrl Pts',(2.11713445389453,1.34886658575759,1.10054189659512));
#7438=CARTESIAN_POINT('Ctrl Pts',(1.7190629178533,1.34879240908016,1.13536864341729));
#7439=CARTESIAN_POINT('Ctrl Pts',(1.32101242546835,1.34871458129908,1.17019354907151));
#7440=CARTESIAN_POINT('',(1.32101242546835,2.35,1.17019354910692));
#7441=CARTESIAN_POINT('Origin',(0.,4.85,0.));
#7442=CARTESIAN_POINT('',(-0.629160614046637,5.2,-1.84571312010628));
#7443=CARTESIAN_POINT('Origin',(0.,5.2,0.));
#7444=CARTESIAN_POINT('',(-0.629160614046637,7.25,-1.84571312010628));
#7445=CARTESIAN_POINT('',(-0.629160614046637,4.85,-1.84571312010628));
#7446=CARTESIAN_POINT('',(1.40553474530583,7.25,1.35165531099392));
#7447=CARTESIAN_POINT('Origin',(0.,7.25,0.));
#7448=CARTESIAN_POINT('',(1.40553474530583,2.35,1.35165531099392));
#7449=CARTESIAN_POINT('Origin',(0.850000000000001,2.35,1.50000000000566));
#7450=CARTESIAN_POINT('',(0.275000000000001,0.2,1.50000000000566));
#7451=CARTESIAN_POINT('Origin',(0.850000000000001,0.2,1.50000000000566));
#7452=CARTESIAN_POINT('',(0.275,1.34786716539239,1.50000000000629));
#7453=CARTESIAN_POINT('',(0.275000000000001,2.35,1.50000000000566));
#7454=CARTESIAN_POINT('',(0.945623097733886,1.34588035972222,2.06699314209802));
#7455=CARTESIAN_POINT('Ctrl Pts',(0.945623097733886,1.34588035972222,2.06699314209802));
#7456=CARTESIAN_POINT('Ctrl Pts',(0.888856923559684,1.3458410007991,2.07656672776964));
#7457=CARTESIAN_POINT('Ctrl Pts',(0.830874950215923,1.3458367885618,2.07757721614569));
#7458=CARTESIAN_POINT('Ctrl Pts',(0.704133429963928,1.34590672371076,2.06059254428056));
#7459=CARTESIAN_POINT('Ctrl Pts',(0.63692596451958,1.34599723851146,2.0386469125494));
#7460=CARTESIAN_POINT('Ctrl Pts',(0.517710938542453,1.34625502595733,1.97382512041509));
#7461=CARTESIAN_POINT('Ctrl Pts',(0.465875971886811,1.34641481435048,1.93286831621143));
#7462=CARTESIAN_POINT('Ctrl Pts',(0.370972791251758,1.3468077574788,1.82712454153439));
#7463=CARTESIAN_POINT('Ctrl Pts',(0.331747516152011,1.34704434194715,1.76056071094011));
#7464=CARTESIAN_POINT('Ctrl Pts',(0.295095285273633,1.34739339672083,1.65479468887869));
#7465=CARTESIAN_POINT('Ctrl Pts',(0.28661236510032,1.3475036286184,1.62031214198956));
#7466=CARTESIAN_POINT('Ctrl Pts',(0.277840546823536,1.3476840621366,1.56181454738199));
#7467=CARTESIAN_POINT('Ctrl Pts',(0.275777994924449,1.34775528093002,1.53816500222567));
#7468=CARTESIAN_POINT('Ctrl Pts',(0.275060568903812,1.34783907381286,1.50963751830166));
#7469=CARTESIAN_POINT('Ctrl Pts',(0.275000000000011,1.34785315635295,1.50481851469459));
#7470=CARTESIAN_POINT('Ctrl Pts',(0.275000000000001,1.34786716539239,1.50000000000692));
#7471=CARTESIAN_POINT('',(0.945623097733886,2.35,2.06699314209802));
#7472=CARTESIAN_POINT('Ctrl Pts',(0.275000000000001,1.34786716539239,1.50000000000692));
#7473=CARTESIAN_POINT('Ctrl Pts',(0.274999999999963,1.34791721865554,1.48278380294673));
#7474=CARTESIAN_POINT('Ctrl Pts',(0.275773211189445,1.34796633193071,1.4655738473294));
#7475=CARTESIAN_POINT('Ctrl Pts',(0.279837320201482,1.34809272007958,1.42044895625177));
#7476=CARTESIAN_POINT('Ctrl Pts',(0.284402883413306,1.34816801701228,1.39269784402587));
#7477=CARTESIAN_POINT('Ctrl Pts',(0.302811636225785,1.34836911799797,1.31624708147729));
#7478=CARTESIAN_POINT('Ctrl Pts',(0.321074429670355,1.34848621893995,1.26887668392166));
#7479=CARTESIAN_POINT('Ctrl Pts',(0.345293600225713,1.34859023173589,1.22450689669435));
#7480=CARTESIAN_POINT('Ctrl Pts',(0.369058898993301,1.34869229531257,1.18096860758155));
#7481=CARTESIAN_POINT('Ctrl Pts',(0.398358344424991,1.34878094480909,1.14068789106896));
#7482=CARTESIAN_POINT('Ctrl Pts',(0.459812074787161,1.34891747790967,1.07578201079914));
#7483=CARTESIAN_POINT('Ctrl Pts',(0.490086822793104,1.34896961678358,1.04981112193749));
#7484=CARTESIAN_POINT('Ctrl Pts',(0.585087384469411,1.34909776509248,0.984069632048982));
#7485=CARTESIAN_POINT('Ctrl Pts',(0.65528395722676,1.34915187687387,0.953695591357729));
#7486=CARTESIAN_POINT('Ctrl Pts',(0.801984607114702,1.34920768629757,0.92221207699007));
#7487=CARTESIAN_POINT('Ctrl Pts',(0.876960614155894,1.34920998684947,0.920847612776127));
#7488=CARTESIAN_POINT('Ctrl Pts',(1.01863723327473,1.34916577779705,0.945898809837312));
#7489=CARTESIAN_POINT('Ctrl Pts',(1.08439151179703,1.34912256089618,0.97035175771621));
#7490=CARTESIAN_POINT('Ctrl Pts',(1.20004374518717,1.3489912226562,1.03921589217868));
#7491=CARTESIAN_POINT('Ctrl Pts',(1.2498651593093,1.34890695898928,1.08171724323278));
#7492=CARTESIAN_POINT('Ctrl Pts',(1.30190452470344,1.34877238407208,1.14409249388646));
#7493=CARTESIAN_POINT('Ctrl Pts',(1.31174280829821,1.34874416685372,1.15695516382193));
#7494=CARTESIAN_POINT('Ctrl Pts',(1.32101242546835,1.348714581299,1.17019354910692));
#7495=CARTESIAN_POINT('Origin',(0.,4.85,0.));
#7496=CARTESIAN_POINT('',(-1.4055347453088,5.2,1.35165531099084));
#7497=CARTESIAN_POINT('Origin',(0.,5.2,0.));
#7498=CARTESIAN_POINT('',(-1.4055347453088,7.25,1.35165531099084));
#7499=CARTESIAN_POINT('',(-1.4055347453088,2.35,1.35165531099084));
#7500=CARTESIAN_POINT('',(-1.84571312010628,7.25,-0.629160614046638));
#7501=CARTESIAN_POINT('Origin',(0.,7.25,0.));
#7502=CARTESIAN_POINT('',(-1.84571312010628,5.2,-0.629160614046638));
#7503=CARTESIAN_POINT('',(-1.84571312010628,5.4,-0.629160614046638));
#7504=CARTESIAN_POINT('Origin',(0.,5.2,0.));
#7505=CARTESIAN_POINT('Origin',(0.,5.2,0.));
#7506=CARTESIAN_POINT('',(-1.425,5.2,1.49999999999145));
#7507=CARTESIAN_POINT('Origin',(-0.85,5.2,1.49999999999145));
#7508=CARTESIAN_POINT('Origin',(-0.85,5.2,1.49999999999145));
#7509=CARTESIAN_POINT('Origin',(0.,5.2,0.));
#7510=CARTESIAN_POINT('',(-3.,5.2,-2.77555756156289E-16));
#7511=CARTESIAN_POINT('Origin',(0.,5.2,0.));
#7512=CARTESIAN_POINT('Origin',(0.,5.2,0.));
#7513=CARTESIAN_POINT('',(-0.933298740561548,5.2,-1.54157499359137));
#7514=CARTESIAN_POINT('Ctrl Pts',(-40.,3.35,0.));
#7515=CARTESIAN_POINT('Ctrl Pts',(40.,3.35,0.));
#7516=CARTESIAN_POINT('Ctrl Pts',(-40.,3.35,3.50946571079502));
#7517=CARTESIAN_POINT('Ctrl Pts',(40.,3.35,3.50946571079502));
#7518=CARTESIAN_POINT('Ctrl Pts',(-40.,3.31936956674974,9.65232049691809));
#7519=CARTESIAN_POINT('Ctrl Pts',(40.,3.31936956674974,9.65232049691809));
#7520=CARTESIAN_POINT('Ctrl Pts',(-40.,3.18162776590766,16.2410404597427));
#7521=CARTESIAN_POINT('Ctrl Pts',(40.,3.18162776590766,16.2410404597427));
#7522=CARTESIAN_POINT('Ctrl Pts',(-40.,2.85051138651581,20.7618256097697));
#7523=CARTESIAN_POINT('Ctrl Pts',(40.,2.85051138651581,20.7618256097697));
#7524=CARTESIAN_POINT('Ctrl Pts',(-40.,2.34948861348429,23.5401949549644));
#7525=CARTESIAN_POINT('Ctrl Pts',(40.,2.34948861348429,23.5401949549644));
#7526=CARTESIAN_POINT('Ctrl Pts',(-40.,2.01837223409239,27.0858557641441));
#7527=CARTESIAN_POINT('Ctrl Pts',(40.,2.01837223409239,27.0858557641441));
#7528=CARTESIAN_POINT('Ctrl Pts',(-40.,1.88063043325027,32.2924762079022));
#7529=CARTESIAN_POINT('Ctrl Pts',(40.,1.88063043325027,32.2924762079022));
#7530=CARTESIAN_POINT('Ctrl Pts',(-40.,1.85,37.192427431364));
#7531=CARTESIAN_POINT('Ctrl Pts',(40.,1.85,37.192427431364));
#7532=CARTESIAN_POINT('Ctrl Pts',(-40.,1.85,40.));
#7533=CARTESIAN_POINT('Ctrl Pts',(40.,1.85,40.));
#7534=CARTESIAN_POINT('',(-1.16608547459131,3.34793273307107,1.98032798455569));
#7535=CARTESIAN_POINT('Ctrl Pts',(-1.16526224929192,3.34792578676387,1.98355527044824));
#7536=CARTESIAN_POINT('Ctrl Pts',(-1.1655366414906,3.34792810411973,1.9824795721279));
#7537=CARTESIAN_POINT('Ctrl Pts',(-1.16581104992331,3.3479304195555,1.98140381016538));
#7538=CARTESIAN_POINT('Ctrl Pts',(-1.16608547459131,3.34793273307107,1.98032798455569));
#7539=CARTESIAN_POINT('Ctrl Pts',(-1.16608547459132,3.34793273307107,1.98032798455569));
#7540=CARTESIAN_POINT('Ctrl Pts',(-1.11401269995736,3.34785904597715,2.01459378501341));
#7541=CARTESIAN_POINT('Ctrl Pts',(-1.05663643058991,3.34780196760283,2.04021635424838));
#7542=CARTESIAN_POINT('Ctrl Pts',(-0.996181617675047,3.34776636178231,2.05610784442706));
#7543=CARTESIAN_POINT('Ctrl Pts',(-0.949035719675192,3.34773859445823,2.06850087880937));
#7544=CARTESIAN_POINT('Ctrl Pts',(-0.900607291999414,3.34772422697177,2.07482005909939));
#7545=CARTESIAN_POINT('Ctrl Pts',(-0.852068192784152,3.34772382816246,2.07499628048251));
#7546=CARTESIAN_POINT('Ctrl Pts',(-40.,3.35,0.));
#7547=CARTESIAN_POINT('Ctrl Pts',(40.,3.35,0.));
#7548=CARTESIAN_POINT('Ctrl Pts',(-40.,3.35,3.50946571079502));
#7549=CARTESIAN_POINT('Ctrl Pts',(40.,3.35,3.50946571079502));
#7550=CARTESIAN_POINT('Ctrl Pts',(-40.,3.31936956674974,9.65232049691809));
#7551=CARTESIAN_POINT('Ctrl Pts',(40.,3.31936956674974,9.65232049691809));
#7552=CARTESIAN_POINT('Ctrl Pts',(-40.,3.18162776590766,16.2410404597427));
#7553=CARTESIAN_POINT('Ctrl Pts',(40.,3.18162776590766,16.2410404597427));
#7554=CARTESIAN_POINT('Ctrl Pts',(-40.,2.85051138651581,20.7618256097697));
#7555=CARTESIAN_POINT('Ctrl Pts',(40.,2.85051138651581,20.7618256097697));
#7556=CARTESIAN_POINT('Ctrl Pts',(-40.,2.34948861348429,23.5401949549644));
#7557=CARTESIAN_POINT('Ctrl Pts',(40.,2.34948861348429,23.5401949549644));
#7558=CARTESIAN_POINT('Ctrl Pts',(-40.,2.01837223409239,27.0858557641441));
#7559=CARTESIAN_POINT('Ctrl Pts',(40.,2.01837223409239,27.0858557641441));
#7560=CARTESIAN_POINT('Ctrl Pts',(-40.,1.88063043325027,32.2924762079022));
#7561=CARTESIAN_POINT('Ctrl Pts',(40.,1.88063043325027,32.2924762079022));
#7562=CARTESIAN_POINT('Ctrl Pts',(-40.,1.85,37.192427431364));
#7563=CARTESIAN_POINT('Ctrl Pts',(40.,1.85,37.192427431364));
#7564=CARTESIAN_POINT('Ctrl Pts',(-40.,1.85,40.));
#7565=CARTESIAN_POINT('Ctrl Pts',(40.,1.85,40.));
#7566=CARTESIAN_POINT('',(-1.41030451534099,3.34902735885951,1.3708340211561));
#7567=CARTESIAN_POINT('Ctrl Pts',(-0.852068196989104,3.34956291646643,0.925003719515472));
#7568=CARTESIAN_POINT('Ctrl Pts',(-0.856069863397786,3.34956290267991,0.925018113059742));
#7569=CARTESIAN_POINT('Ctrl Pts',(-0.860073237517293,3.3495628488771,0.925074287447084));
#7570=CARTESIAN_POINT('Ctrl Pts',(-0.935396388803944,3.34956108165517,0.926918970943322));
#7571=CARTESIAN_POINT('Ctrl Pts',(-1.0057711730672,3.34954696484027,0.94192316819736));
#7572=CARTESIAN_POINT('Ctrl Pts',(-1.13315543661106,3.34949345435715,0.995125803880031));
#7573=CARTESIAN_POINT('Ctrl Pts',(-1.1897696562001,3.34945605050339,1.03135137459631));
#7574=CARTESIAN_POINT('Ctrl Pts',(-1.28443141653395,3.34935850895815,1.11827417485133));
#7575=CARTESIAN_POINT('Ctrl Pts',(-1.32292090634896,3.34930077702063,1.16714706711386));
#7576=CARTESIAN_POINT('Ctrl Pts',(-1.3528894162442,3.34923151567195,1.22120395455381));
#7577=CARTESIAN_POINT('Ctrl Pts',(-1.37728369267825,3.34917513714355,1.26520609746928));
#7578=CARTESIAN_POINT('Ctrl Pts',(-1.39579760555264,3.34911163755919,1.31222023152714));
#7579=CARTESIAN_POINT('Ctrl Pts',(-1.40876776297148,3.34903680360456,1.36429863677749));
#7580=CARTESIAN_POINT('Ctrl Pts',(-1.40955050430555,3.34903209472568,1.36756322344619));
#7581=CARTESIAN_POINT('Ctrl Pts',(-1.41030451534099,3.34902735885951,1.3708340211561));
#7582=CARTESIAN_POINT('Ctrl Pts',(-1.41030451534099,3.34902735885951,1.3708340211561));
#7583=CARTESIAN_POINT('Ctrl Pts',(-1.41178735855174,3.34902670168425,1.37128789532762));
#7584=CARTESIAN_POINT('Ctrl Pts',(-1.41327020573361,3.34902604416076,1.37174177071463));
#7585=CARTESIAN_POINT('Ctrl Pts',(-1.41475305688217,3.349025386289,1.37219564731577));
#7586=CARTESIAN_POINT('Origin',(-1.16608547459131,2.35,1.98032798455569));
#7587=CARTESIAN_POINT('',(6.74381364028001,1.90159606902065,32.9894646615891));
#7588=CARTESIAN_POINT('Ctrl Pts',(6.74381364028015,1.90159606902069,32.9894646615889));
#7589=CARTESIAN_POINT('Ctrl Pts',(6.02412667497882,1.95062980531869,30.1680795658232));
#7590=CARTESIAN_POINT('Ctrl Pts',(5.41452608818595,2.03822962707417,27.7782655301904));
#7591=CARTESIAN_POINT('Ctrl Pts',(4.45000614404775,2.33701296712649,23.9970629710738));
#7592=CARTESIAN_POINT('Ctrl Pts',(4.12843355510004,2.52529844534444,22.7364035960451));
#7593=CARTESIAN_POINT('Ctrl Pts',(2.98155001718923,3.05408298315183,18.2402819814405));
#7594=CARTESIAN_POINT('Ctrl Pts',(1.96574142319588,3.32002212132557,14.258012808589));
#7595=CARTESIAN_POINT('Ctrl Pts',(-1.13965764065078,3.3477035558546,2.08393288555869));
#7596=CARTESIAN_POINT('',(6.73589395805757,1.65,32.9584171722452));
#7597=CARTESIAN_POINT('Ctrl Pts',(6.73589395805758,1.65,32.9584171722452));
#7598=CARTESIAN_POINT('Ctrl Pts',(6.73589395805758,1.73006956650017,32.9584171722452));
#7599=CARTESIAN_POINT('Ctrl Pts',(6.73846360246295,1.81735576503258,32.9684909359457));
#7600=CARTESIAN_POINT('Ctrl Pts',(6.74381364028033,1.90159606902051,32.9894646615896));
#7601=CARTESIAN_POINT('',(6.73589395805757,0.424440709293648,32.9584171722452));
#7602=CARTESIAN_POINT('',(6.73589395805757,0.,32.9584171722452));
#7603=CARTESIAN_POINT('',(3.735622882213,1.47084018445825,21.1964699580138));
#7604=CARTESIAN_POINT('Ctrl Pts',(3.735622882213,1.47084018445825,21.1964699580138));
#7605=CARTESIAN_POINT('Ctrl Pts',(3.81441286009773,1.42583951220943,21.5053499016802));
#7606=CARTESIAN_POINT('Ctrl Pts',(3.89034270600059,1.38049730693856,21.8029450181491));
#7607=CARTESIAN_POINT('Ctrl Pts',(3.9652790888787,1.33518807378265,22.0966499159945));
#7608=CARTESIAN_POINT('Ctrl Pts',(4.04939569902774,1.2843281449317,22.4263357033524));
#7609=CARTESIAN_POINT('Ctrl Pts',(4.13226052406872,1.2335096519684,22.7511195030599));
#7610=CARTESIAN_POINT('Ctrl Pts',(4.21651374933538,1.18326371156846,23.0813910780288));
#7611=CARTESIAN_POINT('Ctrl Pts',(4.30721313804848,1.12917348457518,23.4369315319898));
#7612=CARTESIAN_POINT('Ctrl Pts',(4.39952150557639,1.07574661396345,23.7988305220185));
#7613=CARTESIAN_POINT('Ctrl Pts',(4.49673258111618,1.02364945661597,24.1799859614095));
#7614=CARTESIAN_POINT('Ctrl Pts',(4.57664154719865,0.980824809770361,24.4933014649087));
#7615=CARTESIAN_POINT('Ctrl Pts',(4.65986331586024,0.938898827646977,24.8196289550248));
#7616=CARTESIAN_POINT('Ctrl Pts',(4.74822736505141,0.898243793519217,25.1661021219161));
#7617=CARTESIAN_POINT('Ctrl Pts',(4.80919876403741,0.870191725633207,25.4051694110438));
#7618=CARTESIAN_POINT('Ctrl Pts',(4.87261841925027,0.842744809137966,25.6538276938259));
#7619=CARTESIAN_POINT('Ctrl Pts',(4.93908733672544,0.816025401594011,25.9144054479577));
#7620=CARTESIAN_POINT('Ctrl Pts',(4.98046521465649,0.799392177739318,26.0766189292595));
#7621=CARTESIAN_POINT('Ctrl Pts',(5.0224203955644,0.783298063766035,26.24094973445));
#7622=CARTESIAN_POINT('Ctrl Pts',(5.0649833651207,0.767731781793044,26.4076290612193));
#7623=CARTESIAN_POINT('Ctrl Pts',(5.11043782237447,0.751108014562574,26.5856316398152));
#7624=CARTESIAN_POINT('Ctrl Pts',(5.15658545272172,0.735086202680775,26.7663122127033));
#7625=CARTESIAN_POINT('Ctrl Pts',(5.2034633865459,0.71964969590784,26.9498912877917));
#7626=CARTESIAN_POINT('Ctrl Pts',(5.25441806604284,0.702870751295702,27.1494353412597));
#7627=CARTESIAN_POINT('Ctrl Pts',(5.30623559412935,0.686783301158871,27.3524033517189));
#7628=CARTESIAN_POINT('Ctrl Pts',(5.35896365519989,0.671363168051623,27.5590169688676));
#7629=CARTESIAN_POINT('Ctrl Pts',(5.41943950119524,0.653677222919409,27.7959900916704));
#7630=CARTESIAN_POINT('Ctrl Pts',(5.48111312423157,0.63686904935269,28.0377580867171));
#7631=CARTESIAN_POINT('Ctrl Pts',(5.54405646866406,0.620899444828544,28.2845884220941));
#7632=CARTESIAN_POINT('Ctrl Pts',(5.63864567919552,0.596900842624321,28.6555170209638));
#7633=CARTESIAN_POINT('Ctrl Pts',(5.73610231434454,0.574795624450037,29.0378754090868));
#7634=CARTESIAN_POINT('Ctrl Pts',(5.8366705327423,0.554447779224894,29.4324412032902));
#7635=CARTESIAN_POINT('Ctrl Pts',(5.91279076648108,0.539046464979749,29.7310886384202));
#7636=CARTESIAN_POINT('Ctrl Pts',(5.99069362581604,0.524651806905392,30.0367252124539));
#7637=CARTESIAN_POINT('Ctrl Pts',(6.07048498494955,0.511207317959213,30.34969971783));
#7638=CARTESIAN_POINT('Ctrl Pts',(6.14279677853805,0.499023102523652,30.6333362929804));
#7639=CARTESIAN_POINT('Ctrl Pts',(6.21665961386493,0.487619235368176,30.9229985695197));
#7640=CARTESIAN_POINT('Ctrl Pts',(6.29215229523903,0.476956895286792,31.2189848738048));
#7641=CARTESIAN_POINT('Ctrl Pts',(6.36313964688098,0.46693087328166,31.4973070035934));
#7642=CARTESIAN_POINT('Ctrl Pts',(6.43556811415646,0.457560496249998,31.7812203935818));
#7643=CARTESIAN_POINT('Ctrl Pts',(6.50950321773603,0.448816819688186,32.0710188167282));
#7644=CARTESIAN_POINT('Ctrl Pts',(6.58343832131561,0.440073143126373,32.3608172398745));
#7645=CARTESIAN_POINT('Ctrl Pts',(6.65888006119927,0.431956128950127,32.6564999898604));
#7646=CARTESIAN_POINT('Ctrl Pts',(6.73589395805757,0.424440709293648,32.9584171722452));
#7647=CARTESIAN_POINT('',(-0.464111876949939,2.33152077531053,4.73227145650272));
#7648=CARTESIAN_POINT('Ctrl Pts',(-0.46411187694994,2.33152077531053,4.73227145650272));
#7649=CARTESIAN_POINT('Ctrl Pts',(0.351490243696445,2.3045740076733,7.92967224074937));
#7650=CARTESIAN_POINT('Ctrl Pts',(1.26174412403597,2.23896042780936,11.4981358300232));
#7651=CARTESIAN_POINT('Ctrl Pts',(2.84806586236152,1.92586163684939,17.7169847537727));
#7652=CARTESIAN_POINT('Ctrl Pts',(3.32844006634383,1.70340149408427,19.6001932664329));
#7653=CARTESIAN_POINT('Ctrl Pts',(3.735622882213,1.47084018445825,21.1964699580138));
#7654=CARTESIAN_POINT('Ctrl Pts',(-1.13965764053415,2.34670641869869,2.08393288601589));
#7655=CARTESIAN_POINT('Ctrl Pts',(-0.944409817107489,2.34421031993497,2.84936192052123));
#7656=CARTESIAN_POINT('Ctrl Pts',(-0.756414785260647,2.34029957070456,3.58635586200291));
#7657=CARTESIAN_POINT('Ctrl Pts',(-0.575298763385788,2.3349867760907,4.2963855129775));
#7658=CARTESIAN_POINT('Ctrl Pts',(-0.537944955792344,2.33389105244496,4.44282375015605));
#7659=CARTESIAN_POINT('Ctrl Pts',(-0.500883753340233,2.33273568535501,4.58811485926953));
#7660=CARTESIAN_POINT('Ctrl Pts',(-0.464111876949936,2.33152077531053,4.73227145650273));
#7661=CARTESIAN_POINT('Origin',(-1.16608547459131,2.35,1.98032798455569));
#7662=CARTESIAN_POINT('',(-1.16608547459131,2.3470351015418,1.98032798455569));
#7663=CARTESIAN_POINT('Ctrl Pts',(-1.16608547459132,2.3470351015418,1.98032798455569));
#7664=CARTESIAN_POINT('Ctrl Pts',(-1.16581105189653,2.34703178354414,1.98140380242978));
#7665=CARTESIAN_POINT('Ctrl Pts',(-1.16553664346682,2.34702846276902,1.98247956438055));
#7666=CARTESIAN_POINT('Ctrl Pts',(-1.16526224930116,2.34702513921649,1.98355527041203));
#7667=CARTESIAN_POINT('',(-1.16608547459131,2.35,1.98032798455569));
#7668=CARTESIAN_POINT('Ctrl Pts',(-40.,0.349999999999999,40.));
#7669=CARTESIAN_POINT('Ctrl Pts',(40.,0.349999999999999,40.));
#7670=CARTESIAN_POINT('Ctrl Pts',(-40.,0.349999999999999,37.2929398230741));
#7671=CARTESIAN_POINT('Ctrl Pts',(40.,0.349999999999999,37.2929398230741));
#7672=CARTESIAN_POINT('Ctrl Pts',(-40.,0.390840577667022,32.5391668813474));
#7673=CARTESIAN_POINT('Ctrl Pts',(40.,0.390840577667022,32.5391668813474));
#7674=CARTESIAN_POINT('Ctrl Pts',(-40.,0.574496312123185,27.3874466502575));
#7675=CARTESIAN_POINT('Ctrl Pts',(40.,0.574496312123185,27.3874466502575));
#7676=CARTESIAN_POINT('Ctrl Pts',(-40.,1.01598481797904,23.6526122928919));
#7677=CARTESIAN_POINT('Ctrl Pts',(40.,1.01598481797904,23.6526122928919));
#7678=CARTESIAN_POINT('Ctrl Pts',(-40.,1.68401518202107,20.4953939532174));
#7679=CARTESIAN_POINT('Ctrl Pts',(40.,1.68401518202107,20.4953939532174));
#7680=CARTESIAN_POINT('Ctrl Pts',(-40.,2.12550368787688,15.8203451557525));
#7681=CARTESIAN_POINT('Ctrl Pts',(40.,2.12550368787688,15.8203451557525));
#7682=CARTESIAN_POINT('Ctrl Pts',(-40.,2.30915942233299,9.33600520526167));
#7683=CARTESIAN_POINT('Ctrl Pts',(40.,2.30915942233299,9.33600520526167));
#7684=CARTESIAN_POINT('Ctrl Pts',(-40.,2.35,3.38382522115743));
#7685=CARTESIAN_POINT('Ctrl Pts',(40.,2.35,3.38382522115743));
#7686=CARTESIAN_POINT('Ctrl Pts',(-40.,2.35,0.));
#7687=CARTESIAN_POINT('Ctrl Pts',(40.,2.35,0.));
#7688=CARTESIAN_POINT('Ctrl Pts',(-0.544986263963519,2.34674594066046,2.07177460570081));
#7689=CARTESIAN_POINT('Ctrl Pts',(-0.516593692640511,2.34371952638891,3.00579524413046));
#7690=CARTESIAN_POINT('Ctrl Pts',(-0.489669599368714,2.33860648731258,3.89150786595579));
#7691=CARTESIAN_POINT('Ctrl Pts',(-0.464111876949939,2.33152077531053,4.73227145650272));
#7692=CARTESIAN_POINT('Ctrl Pts',(-40.,0.349999999999999,40.));
#7693=CARTESIAN_POINT('Ctrl Pts',(40.,0.349999999999999,40.));
#7694=CARTESIAN_POINT('Ctrl Pts',(-40.,0.349999999999999,37.2929398230741));
#7695=CARTESIAN_POINT('Ctrl Pts',(40.,0.349999999999999,37.2929398230741));
#7696=CARTESIAN_POINT('Ctrl Pts',(-40.,0.390840577667022,32.5391668813474));
#7697=CARTESIAN_POINT('Ctrl Pts',(40.,0.390840577667022,32.5391668813474));
#7698=CARTESIAN_POINT('Ctrl Pts',(-40.,0.574496312123185,27.3874466502575));
#7699=CARTESIAN_POINT('Ctrl Pts',(40.,0.574496312123185,27.3874466502575));
#7700=CARTESIAN_POINT('Ctrl Pts',(-40.,1.01598481797904,23.6526122928919));
#7701=CARTESIAN_POINT('Ctrl Pts',(40.,1.01598481797904,23.6526122928919));
#7702=CARTESIAN_POINT('Ctrl Pts',(-40.,1.68401518202107,20.4953939532174));
#7703=CARTESIAN_POINT('Ctrl Pts',(40.,1.68401518202107,20.4953939532174));
#7704=CARTESIAN_POINT('Ctrl Pts',(-40.,2.12550368787688,15.8203451557525));
#7705=CARTESIAN_POINT('Ctrl Pts',(40.,2.12550368787688,15.8203451557525));
#7706=CARTESIAN_POINT('Ctrl Pts',(-40.,2.30915942233299,9.33600520526167));
#7707=CARTESIAN_POINT('Ctrl Pts',(40.,2.30915942233299,9.33600520526167));
#7708=CARTESIAN_POINT('Ctrl Pts',(-40.,2.35,3.38382522115743));
#7709=CARTESIAN_POINT('Ctrl Pts',(40.,2.35,3.38382522115743));
#7710=CARTESIAN_POINT('Ctrl Pts',(-40.,2.35,0.));
#7711=CARTESIAN_POINT('Ctrl Pts',(40.,2.35,0.));
#7712=CARTESIAN_POINT('Ctrl Pts',(-1.1660854745898,2.34703510154181,1.9803279845534));
#7713=CARTESIAN_POINT('Ctrl Pts',(-1.13487363740986,2.346971754943,2.00086730078091));
#7714=CARTESIAN_POINT('Ctrl Pts',(-1.10165943864207,2.34691673079094,2.0183646411536));
#7715=CARTESIAN_POINT('Ctrl Pts',(-0.998642669917847,2.34678359693632,2.06032208725029));
#7716=CARTESIAN_POINT('Ctrl Pts',(-0.925707194073505,2.3467363525911,2.07473140980996));
#7717=CARTESIAN_POINT('Ctrl Pts',(-0.852068192790398,2.34673549289459,2.07499628048254));
#7718=CARTESIAN_POINT('Origin',(-0.547502488354007,2.35,1.98899923869023));
#7719=CARTESIAN_POINT('',(-0.0174709103312898,1.70262970605255,19.4252654810325));
#7720=CARTESIAN_POINT('Ctrl Pts',(-0.464111876949939,2.33152077531053,4.73227145650272));
#7721=CARTESIAN_POINT('Ctrl Pts',(-0.220690553573379,2.26403379957995,12.7400188803271));
#7722=CARTESIAN_POINT('Ctrl Pts',(-0.101218741380057,2.01889784935882,16.6702419316198));
#7723=CARTESIAN_POINT('Ctrl Pts',(-0.0174709103313051,1.70262970605255,
19.425265481032));
#7724=CARTESIAN_POINT('',(-0.0174709103313102,0.532741330148262,19.4252654810319));
#7725=CARTESIAN_POINT('',(-0.0174709103312745,2.35,19.425265481033));
#7726=CARTESIAN_POINT('',(-0.547502488354007,1.34619439803161,1.98899923869023));
#7727=CARTESIAN_POINT('Ctrl Pts',(-0.0174709103313462,0.532741330148261,
19.4252654810307));
#7728=CARTESIAN_POINT('Ctrl Pts',(-0.111272163394339,0.974428408135066,
16.3395179707162));
#7729=CARTESIAN_POINT('Ctrl Pts',(-0.247869571946708,1.30733944699034,11.8459200752507));
#7730=CARTESIAN_POINT('Ctrl Pts',(-0.547502488354007,1.34619439803161,1.98899923869023));
#7731=CARTESIAN_POINT('',(-0.547502488354007,2.35,1.98899923869023));
#7732=CARTESIAN_POINT('Origin',(5.35000000000037,2.,1.5));
#7733=CARTESIAN_POINT('',(4.75478298202088,3.33516391304143,1.23881672812447));
#7734=CARTESIAN_POINT('',(4.70000000000037,3.32836409382389,1.50000000046401));
#7735=CARTESIAN_POINT('Ctrl Pts',(4.75478298202098,3.33516391304143,1.23881672812451));
#7736=CARTESIAN_POINT('Ctrl Pts',(4.73665082334892,3.33418655697499,1.28013855297498));
#7737=CARTESIAN_POINT('Ctrl Pts',(4.72287172286368,3.33311973849042,1.32323452798256));
#7738=CARTESIAN_POINT('Ctrl Pts',(4.71366750376291,3.3319711789498,1.36740680925399));
#7739=CARTESIAN_POINT('Ctrl Pts',(4.70457624135774,3.33083671484618,1.41103699620159));
#7740=CARTESIAN_POINT('Ctrl Pts',(4.70000000481723,3.32962890681964,1.45546872458979));
#7741=CARTESIAN_POINT('Ctrl Pts',(4.70000000000037,3.32836409382389,1.50000000092803));
#7742=CARTESIAN_POINT('Ctrl Pts',(4.70000000000037,3.32836409382389,1.50000000092803));
#7743=CARTESIAN_POINT('Ctrl Pts',(4.69999999956834,3.32818819103693,1.50619315014522));
#7744=CARTESIAN_POINT('Ctrl Pts',(4.70008851173435,3.32801119664163,1.51238821471162));
#7745=CARTESIAN_POINT('Ctrl Pts',(4.70026569963538,3.3278331652301,1.51858329711318));
#7746=CARTESIAN_POINT('Ctrl Pts',(4.70175040163963,3.32634139523908,1.57049345127523));
#7747=CARTESIAN_POINT('Ctrl Pts',(4.70945072021559,3.32478639142911,1.62203781083759));
#7748=CARTESIAN_POINT('Ctrl Pts',(4.72320093590669,3.3232097047023,1.67211314084429));
#7749=CARTESIAN_POINT('Ctrl Pts',(4.74072862918262,3.32119986849604,1.73594523226501));
#7750=CARTESIAN_POINT('Ctrl Pts',(4.76790502859619,3.31917543036741,1.79672798586172));
#7751=CARTESIAN_POINT('Ctrl Pts',(4.8037894444967,3.31724656569554,1.85235497592112));
#7752=CARTESIAN_POINT('Ctrl Pts',(4.85007241293849,3.31475875641968,1.92410150323171));
#7753=CARTESIAN_POINT('Ctrl Pts',(4.91004562417048,3.31247506945546,1.98603757351532));
#7754=CARTESIAN_POINT('Ctrl Pts',(4.98028141528718,3.31063625869709,2.034610295559));
#7755=CARTESIAN_POINT('Ctrl Pts',(5.04250797059698,3.30900713403656,2.07764409822204));
#7756=CARTESIAN_POINT('Ctrl Pts',(5.11171328064839,3.30775797127081,2.1094447272613));
#7757=CARTESIAN_POINT('Ctrl Pts',(5.18474707794441,3.3070000014287,2.12864271598868));
#7758=CARTESIAN_POINT('Ctrl Pts',(5.1946155486125,3.30689758304939,2.13123678607207));
#7759=CARTESIAN_POINT('Ctrl Pts',(5.20455391959837,3.30680407470946,2.13360081072865));
#7760=CARTESIAN_POINT('Ctrl Pts',(5.21455441903518,3.30671969282017,2.13573146420802));
#7761=CARTESIAN_POINT('Ctrl Pts',(5.28226151488658,3.30614839608619,2.15015677969006));
#7762=CARTESIAN_POINT('Ctrl Pts',(5.35174589027571,3.30600757584468,2.15365487193197));
#7763=CARTESIAN_POINT('Ctrl Pts',(5.42037737842029,3.30630498570956,2.1461791614803));
#7764=CARTESIAN_POINT('Ctrl Pts',(5.43524156024953,3.30636939862597,2.14456007492892));
#7765=CARTESIAN_POINT('Ctrl Pts',(5.45006573592441,3.30645422394565,2.14242637379155));
#7766=CARTESIAN_POINT('Ctrl Pts',(5.46482318546864,3.3065593017522,2.13977780211486));
#7767=CARTESIAN_POINT('Ctrl Pts',(5.53775655485109,3.30707861089544,2.1266881922976));
#7768=CARTESIAN_POINT('Ctrl Pts',(5.60786497192627,3.30808732647705,2.10123321491019));
#7769=CARTESIAN_POINT('Ctrl Pts',(5.67213329190152,3.30949461020345,2.06456196210368));
#7770=CARTESIAN_POINT('Ctrl Pts',(5.67765092198412,3.30961542977718,2.06141362389086));
#7771=CARTESIAN_POINT('Ctrl Pts',(5.68312550621206,3.3097391640422,2.05818263437656));
#7772=CARTESIAN_POINT('Ctrl Pts',(5.68855513659982,3.30986574311625,2.05486973199313));
#7773=CARTESIAN_POINT('Ctrl Pts',(5.76221847261408,3.3115830307028,2.00992386569566));
#7774=CARTESIAN_POINT('Ctrl Pts',(5.82619136839391,3.31379224771023,1.95076070925667));
#7775=CARTESIAN_POINT('Ctrl Pts',(5.8767415065017,3.31625152498225,1.88084561876039));
#7776=CARTESIAN_POINT('Ctrl Pts',(5.91755707040728,3.31823721270566,1.82439426272195));
#7777=CARTESIAN_POINT('Ctrl Pts',(5.94903246363421,3.32035521269876,1.76174846183616));
#7778=CARTESIAN_POINT('Ctrl Pts',(5.96996289914219,3.32247453281257,1.69531001942551));
#7779=CARTESIAN_POINT('Ctrl Pts',(5.98589633505348,3.32408787961542,1.64473330477505));
#7780=CARTESIAN_POINT('Ctrl Pts',(5.9955813033403,3.32568818721743,1.5923952930917));
#7781=CARTESIAN_POINT('Ctrl Pts',(5.99880090086715,3.32722918891635,1.5394637939693));
#7782=CARTESIAN_POINT('Ctrl Pts',(6.00185171399749,3.32868940503894,1.48930717930426));
#7783=CARTESIAN_POINT('Ctrl Pts',(5.99907623665599,3.33008632497035,1.43896351172213));
#7784=CARTESIAN_POINT('Ctrl Pts',(5.99052867917626,3.33139380266507,1.38944227230454));
#7785=CARTESIAN_POINT('Ctrl Pts',(5.98043958218264,3.3329370820534,1.33098994964827));
#7786=CARTESIAN_POINT('Ctrl Pts',(5.96239604733628,3.33434211940908,1.27418956345536));
#7787=CARTESIAN_POINT('Ctrl Pts',(5.93689838890342,3.33559114677903,1.22062519601255));
#7788=CARTESIAN_POINT('Ctrl Pts',(5.90147848228864,3.33732622503805,1.1462166028588));
#7789=CARTESIAN_POINT('Ctrl Pts',(5.85222684044926,3.33873349103604,1.07921367830492));
#7790=CARTESIAN_POINT('Ctrl Pts',(5.79176890787638,3.33983513559538,1.02319791104272));
#7791=CARTESIAN_POINT('Ctrl Pts',(5.72887068732178,3.34098124627957,0.964921156713648));
#7792=CARTESIAN_POINT('Ctrl Pts',(5.65505576959079,3.34177960514471,0.919660142029458));
#7793=CARTESIAN_POINT('Ctrl Pts',(5.57458515433868,3.34228852833513,0.890031551266104));
#7794=CARTESIAN_POINT('Ctrl Pts',(5.50988041899404,3.34269774280732,0.866207822343801));
#7795=CARTESIAN_POINT('Ctrl Pts',(5.44189503409875,3.34291393439073,0.85286933166939));
#7796=CARTESIAN_POINT('Ctrl Pts',(5.37319780326348,3.34295426859969,0.850414698368439));
#7797=CARTESIAN_POINT('Ctrl Pts',(5.35640897603633,3.34296412582475,0.849814813716691));
#7798=CARTESIAN_POINT('Ctrl Pts',(5.33957763321336,3.34296330073485,0.849865139577484));
#7799=CARTESIAN_POINT('Ctrl Pts',(5.32274126987496,3.34295168657299,0.850571819543561));
#7800=CARTESIAN_POINT('Ctrl Pts',(5.25277192230049,3.34290341989498,0.853508673255764));
#7801=CARTESIAN_POINT('Ctrl Pts',(5.18381244709002,3.34267270885964,0.8677319098666));
#7802=CARTESIAN_POINT('Ctrl Pts',(5.11851668982922,3.34224407058139,0.892616150204802));
#7803=CARTESIAN_POINT('Ctrl Pts',(5.10755383296752,3.34217210418898,0.896794099529293));
#7804=CARTESIAN_POINT('Ctrl Pts',(5.0966942521498,3.34209447050657,0.901272650476721));
#7805=CARTESIAN_POINT('Ctrl Pts',(5.0859505074441,3.34201099349672,0.906048936796323));
#7806=CARTESIAN_POINT('Ctrl Pts',(5.01413907581914,3.34145303128249,0.937973742146502));
#7807=CARTESIAN_POINT('Ctrl Pts',(4.94871170149541,3.34064555235779,0.982657840122142));
#7808=CARTESIAN_POINT('Ctrl Pts',(4.89284869437676,3.33954347089733,1.03792567289815));
#7809=CARTESIAN_POINT('Ctrl Pts',(4.83456724748259,3.33839367776188,1.09558617896524));
#7810=CARTESIAN_POINT('Ctrl Pts',(4.78772174417767,3.33693937174975,1.16375176838931));
#7811=CARTESIAN_POINT('Ctrl Pts',(4.75478298202097,3.33516391304143,1.23881672812451));
#7812=CARTESIAN_POINT('',(4.70000000000037,4.85,1.5));
#7813=CARTESIAN_POINT('',(4.70000000000037,2.,1.5));
#7814=CARTESIAN_POINT('Origin',(5.35000000000037,4.85,1.5));
#7815=CARTESIAN_POINT('Origin',(5.35000000000037,-3.,1.5));
#7816=CARTESIAN_POINT('',(4.77500000000037,-0.65,1.5));
#7817=CARTESIAN_POINT('Origin',(5.35000000000037,-0.65,1.5));
#7818=CARTESIAN_POINT('',(4.77500000000037,1.34786716539241,1.5));
#7819=CARTESIAN_POINT('',(4.77500000000037,-3.,1.5));
#7820=CARTESIAN_POINT('',(4.8487321555012,1.34860474594175,1.218298831967));
#7821=CARTESIAN_POINT('Ctrl Pts',(4.84873215559904,1.34860474594162,1.21829883202198));
#7822=CARTESIAN_POINT('Ctrl Pts',(4.87372929800506,1.34870846135862,1.17381813717786));
#7823=CARTESIAN_POINT('Ctrl Pts',(4.90453619601718,1.34879793303795,1.13286188743072));
#7824=CARTESIAN_POINT('Ctrl Pts',(4.9403404601739,1.34887380865741,1.09651014705551));
#7825=CARTESIAN_POINT('Ctrl Pts',(4.96880538446779,1.34893413090714,1.06760997099821));
#7826=CARTESIAN_POINT('Ctrl Pts',(5.00024879674484,1.34898550713954,1.04180291394781));
#7827=CARTESIAN_POINT('Ctrl Pts',(5.03414512438678,1.34902860376875,1.01952034637133));
#7828=CARTESIAN_POINT('Ctrl Pts',(5.09179900133639,1.34910190633367,0.9816201814111));
#7829=CARTESIAN_POINT('Ctrl Pts',(5.1558066017909,1.3491505768826,0.954404618399174));
#7830=CARTESIAN_POINT('Ctrl Pts',(5.22310101113555,1.34917761021903,0.939177705028122));
#7831=CARTESIAN_POINT('Ctrl Pts',(5.28320388597119,1.34920175459078,0.925578042331237));
#7832=CARTESIAN_POINT('Ctrl Pts',(5.34502298813859,1.34920829700079,0.92174449868633));
#7833=CARTESIAN_POINT('Ctrl Pts',(5.40618730641935,1.34919776779403,0.927751296819519));
#7834=CARTESIAN_POINT('Ctrl Pts',(5.41887936778832,1.34919558290352,0.928997753130655));
#7835=CARTESIAN_POINT('Ctrl Pts',(5.43154323455122,1.34919265154449,0.930667750189124));
#7836=CARTESIAN_POINT('Ctrl Pts',(5.44415772135626,1.3491889605135,0.932761669569953));
#7837=CARTESIAN_POINT('Ctrl Pts',(5.50871899411339,1.34917006972057,0.943478403620768));
#7838=CARTESIAN_POINT('Ctrl Pts',(5.57094967950431,1.34913185425125,0.96513367594028));
#7839=CARTESIAN_POINT('Ctrl Pts',(5.62817391955897,1.34907209966737,0.996766139543672));
#7840=CARTESIAN_POINT('Ctrl Pts',(5.63176020618372,1.34906835480218,0.998748570083952));
#7841=CARTESIAN_POINT('Ctrl Pts',(5.63532682937269,1.3490645242828,1.00077017069683));
#7842=CARTESIAN_POINT('Ctrl Pts',(5.63887313047098,1.34906060715716,1.00283069836111));
#7843=CARTESIAN_POINT('Ctrl Pts',(5.69485295905044,1.34899877370995,1.03535697919069));
#7844=CARTESIAN_POINT('Ctrl Pts',(5.74493928407521,1.34891635496189,1.07710562197948));
#7845=CARTESIAN_POINT('Ctrl Pts',(5.78701541023952,1.34881071657679,1.12631225439746));
#7846=CARTESIAN_POINT('Ctrl Pts',(5.8369824960589,1.34868526676153,1.18474710211398));
#7847=CARTESIAN_POINT('Ctrl Pts',(5.87472545607226,1.34852900024282,1.25261463559083));
#7848=CARTESIAN_POINT('Ctrl Pts',(5.89800622747332,1.34834215854247,1.32589033729471));
#7849=CARTESIAN_POINT('Ctrl Pts',(5.90777631675509,1.34826374790639,1.35664147244819));
#7850=CARTESIAN_POINT('Ctrl Pts',(5.91494070947265,1.34818046993254,1.38816047112303));
#7851=CARTESIAN_POINT('Ctrl Pts',(5.91942350835053,1.348092835277,1.42011340451142));
#7852=CARTESIAN_POINT('Ctrl Pts',(5.92223441177387,1.34803788466245,1.44014923754648));
#7853=CARTESIAN_POINT('Ctrl Pts',(5.92398588033831,1.34798132488571,1.46031946807171));
#7854=CARTESIAN_POINT('Ctrl Pts',(5.92467060583104,1.34792335079355,1.48053991792914));
#7855=CARTESIAN_POINT('Ctrl Pts',(5.92528239395389,1.34787155213644,1.49860647334857));
#7856=CARTESIAN_POINT('Ctrl Pts',(5.92504187438428,1.34781868595686,1.51669183055497));
#7857=CARTESIAN_POINT('Ctrl Pts',(5.92394984945063,1.34776492731519,1.53473572103807));
#7858=CARTESIAN_POINT('Ctrl Pts',(5.92260163922439,1.34769855708112,1.55701264615304));
#7859=CARTESIAN_POINT('Ctrl Pts',(5.91995760826306,1.34763092659778,1.57919219380545));
#7860=CARTESIAN_POINT('Ctrl Pts',(5.91603118096558,1.3475624337366,1.60116176241605));
#7861=CARTESIAN_POINT('Ctrl Pts',(5.90881324744577,1.34743652362006,1.64154832090191));
#7862=CARTESIAN_POINT('Ctrl Pts',(5.89729360222573,1.34730822047376,1.68104663810709));
#7863=CARTESIAN_POINT('Ctrl Pts',(5.88166918757544,1.34718057100698,1.71898144894778));
#7864=CARTESIAN_POINT('Ctrl Pts',(5.85399760571677,1.34695449772689,1.78616580413591));
#7865=CARTESIAN_POINT('Ctrl Pts',(5.81384049380646,1.34673353293682,1.84750030553923));
#7866=CARTESIAN_POINT('Ctrl Pts',(5.76332849492515,1.34653769065335,1.89973060338585));
#7867=CARTESIAN_POINT('Ctrl Pts',(5.71136888894452,1.34633623578898,1.95345775250815));
#7868=CARTESIAN_POINT('Ctrl Pts',(5.64942853250506,1.34616558100626,1.99654202865406));
#7869=CARTESIAN_POINT('Ctrl Pts',(5.58098179438645,1.34604478324175,2.02656662504607));
#7870=CARTESIAN_POINT('Ctrl Pts',(5.52405863133161,1.34594432278104,2.05153633204827));
#7871=CARTESIAN_POINT('Ctrl Pts',(5.46354571925301,1.34588006900585,2.06707212765808));
#7872=CARTESIAN_POINT('Ctrl Pts',(5.40182048805099,1.34585702954763,2.07265941902637));
#7873=CARTESIAN_POINT('Ctrl Pts',(5.38798186254133,1.34585186416504,2.07391207424294));
#7874=CARTESIAN_POINT('Ctrl Pts',(5.37408230054387,1.34584875731603,2.07466446858632));
#7875=CARTESIAN_POINT('Ctrl Pts',(5.3601485936441,1.34584774186315,2.07491043303774));
#7876=CARTESIAN_POINT('Ctrl Pts',(5.29864962492916,1.34584325997578,2.07599604221637));
#7877=CARTESIAN_POINT('Ctrl Pts',(5.23743974230468,1.34587985602518,2.06720397030709));
#7878=CARTESIAN_POINT('Ctrl Pts',(5.17884524588372,1.34595424166323,2.04893590473658));
#7879=CARTESIAN_POINT('Ctrl Pts',(5.16901909632501,1.34596671594749,2.04587239612386));
#7880=CARTESIAN_POINT('Ctrl Pts',(5.15926649782293,1.34598024542364,2.04254228096724));
#7881=CARTESIAN_POINT('Ctrl Pts',(5.14959842135623,1.34599480568836,2.03894731400846));
#7882=CARTESIAN_POINT('Ctrl Pts',(5.08668843740104,1.34608954904536,2.01555493451346));
#7883=CARTESIAN_POINT('Ctrl Pts',(5.02835740971615,1.3462266172278,1.98132722260485));
#7884=CARTESIAN_POINT('Ctrl Pts',(4.97725217636903,1.34639332288352,1.93781738199631));
#7885=CARTESIAN_POINT('Ctrl Pts',(4.92999377680416,1.3465474801385,1.89758264872513));
#7886=CARTESIAN_POINT('Ctrl Pts',(4.88956010456727,1.34672466329766,1.84996040018228));
#7887=CARTESIAN_POINT('Ctrl Pts',(4.8575230692292,1.3469123011821,1.79680207657328));
#7888=CARTESIAN_POINT('Ctrl Pts',(4.82710338435848,1.34709046639791,1.74632738578568));
#7889=CARTESIAN_POINT('Ctrl Pts',(4.80462355132753,1.34727577737847,1.69147474884567));
#7890=CARTESIAN_POINT('Ctrl Pts',(4.79087238037356,1.34745839109629,1.63416894190067));
#7891=CARTESIAN_POINT('Ctrl Pts',(4.78472012364331,1.34754009224584,1.60853039536234));
#7892=CARTESIAN_POINT('Ctrl Pts',(4.78033861082502,1.34762097027953,1.58249901449318));
#7893=CARTESIAN_POINT('Ctrl Pts',(4.77775887214936,1.34770032088372,1.55625914677468));
#7894=CARTESIAN_POINT('Ctrl Pts',(4.77592183508737,1.34775682660742,1.53757368457833));
#7895=CARTESIAN_POINT('Ctrl Pts',(4.77500110783664,1.34781247868881,1.51880945043037));
#7896=CARTESIAN_POINT('Ctrl Pts',(4.7750000009995,1.34786706684182,1.50003389680903));
#7897=CARTESIAN_POINT('Ctrl Pts',(4.77500000033341,1.34786709969243,1.50002259786869));
#7898=CARTESIAN_POINT('Ctrl Pts',(4.77500000000036,1.34786713254262,1.50001129893235));
#7899=CARTESIAN_POINT('Ctrl Pts',(4.77500000000036,1.34786716539241,1.50000000000004));
#7900=CARTESIAN_POINT('Ctrl Pts',(4.77500000000036,1.34786716539241,1.50000000000004));
#7901=CARTESIAN_POINT('Ctrl Pts',(4.77500000000036,1.34792089012691,1.48152097270108));
#7902=CARTESIAN_POINT('Ctrl Pts',(4.7758908029168,1.34797352132023,1.463052672531));
#7903=CARTESIAN_POINT('Ctrl Pts',(4.77766930964075,1.34802489559704,1.44465941026264));
#7904=CARTESIAN_POINT('Ctrl Pts',(4.78016312293415,1.34809693235278,1.41886846928032));
#7905=CARTESIAN_POINT('Ctrl Pts',(4.78439741349893,1.34816635272968,1.39327555738844));
#7906=CARTESIAN_POINT('Ctrl Pts',(4.7903432223948,1.34823282996236,1.36805572661103));
#7907=CARTESIAN_POINT('Ctrl Pts',(4.80269846641825,1.34837096800987,1.31564954118826));
#7908=CARTESIAN_POINT('Ctrl Pts',(4.82235366502235,1.34849529918544,1.26523754088444));
#7909=CARTESIAN_POINT('Ctrl Pts',(4.84873215559904,1.34860474594162,1.21829883202198));
#7910=CARTESIAN_POINT('Origin',(5.35000000000037,-0.65,1.5));
#7911=CARTESIAN_POINT('Ctrl Pts',(1.34981558703683,4.60785321853757,18.5599206244808));
#7912=CARTESIAN_POINT('Ctrl Pts',(1.34981558703683,5.02598648362755,18.5599206244808));
#7913=CARTESIAN_POINT('Ctrl Pts',(1.34981558703683,5.44411974871766,18.5599206244808));
#7914=CARTESIAN_POINT('Ctrl Pts',(1.34981558703683,5.8622530138077,18.5599206244808));
#7915=CARTESIAN_POINT('Ctrl Pts',(1.41614455537384,4.60785321853757,18.0113574699979));
#7916=CARTESIAN_POINT('Ctrl Pts',(1.41614455537384,5.02598648362755,18.0113574699979));
#7917=CARTESIAN_POINT('Ctrl Pts',(1.41614455537384,5.44411974871766,18.0113574699979));
#7918=CARTESIAN_POINT('Ctrl Pts',(1.41614455537384,5.8622530138077,18.0113574699979));
#7919=CARTESIAN_POINT('Ctrl Pts',(1.95257128174748,4.60785321853757,17.1096754683861));
#7920=CARTESIAN_POINT('Ctrl Pts',(1.95257128174748,5.02598648362755,17.1096754683861));
#7921=CARTESIAN_POINT('Ctrl Pts',(1.95257128174748,5.44411974871766,17.1096754683861));
#7922=CARTESIAN_POINT('Ctrl Pts',(1.95257128174748,5.8622530138077,17.1096754683861));
#7923=CARTESIAN_POINT('Ctrl Pts',(2.92093478363076,4.60785321853757,16.8));
#7924=CARTESIAN_POINT('Ctrl Pts',(2.92093478363076,5.02598648362755,16.8));
#7925=CARTESIAN_POINT('Ctrl Pts',(2.92093478363076,5.44411974871766,16.8));
#7926=CARTESIAN_POINT('Ctrl Pts',(2.92093478363076,5.8622530138077,16.8));
#7927=CARTESIAN_POINT('Ctrl Pts',(3.33535377439317,4.60785321853757,16.8));
#7928=CARTESIAN_POINT('Ctrl Pts',(3.33535377439317,5.02598648362755,16.8));
#7929=CARTESIAN_POINT('Ctrl Pts',(3.33535377439317,5.44411974871766,16.8));
#7930=CARTESIAN_POINT('Ctrl Pts',(3.33535377439317,5.8622530138077,16.8));
#7931=CARTESIAN_POINT('',(3.33535377439317,4.60785321853757,16.8));
#7932=CARTESIAN_POINT('',(1.5,4.7,18.0053450290719));
#7933=CARTESIAN_POINT('Ctrl Pts',(3.33535377439317,4.60785321853757,16.8));
#7934=CARTESIAN_POINT('Ctrl Pts',(3.20384061199899,4.62359465890352,16.8));
#7935=CARTESIAN_POINT('Ctrl Pts',(3.07239744573425,4.63656468064385,16.8129718948095));
#7936=CARTESIAN_POINT('Ctrl Pts',(2.80020289962966,4.65913189367158,16.8674351396536));
#7937=CARTESIAN_POINT('Ctrl Pts',(2.66083320395118,4.66817404512151,16.9115334229162));
#7938=CARTESIAN_POINT('Ctrl Pts',(2.28395857465483,4.68795382533973,17.0779728114222));
#7939=CARTESIAN_POINT('Ctrl Pts',(2.06424321253333,4.69385786775762,17.2330739079067));
#7940=CARTESIAN_POINT('Ctrl Pts',(1.72152871113625,4.69957018592614,17.5959547057311));
#7941=CARTESIAN_POINT('Ctrl Pts',(1.5924770689819,4.7,17.7917578197671));
#7942=CARTESIAN_POINT('Ctrl Pts',(1.5,4.7,18.0053450290719));
#7943=CARTESIAN_POINT('',(3.33535377439317,5.47116447062228,16.8));
#7944=CARTESIAN_POINT('Ctrl Pts',(3.33535377439317,4.60785321853757,16.8));
#7945=CARTESIAN_POINT('Ctrl Pts',(3.33535377439317,4.89562363589909,16.8));
#7946=CARTESIAN_POINT('Ctrl Pts',(3.33535377439317,5.18339405326068,16.8));
#7947=CARTESIAN_POINT('Ctrl Pts',(3.33535377439317,5.47116447062226,16.8));
#7948=CARTESIAN_POINT('',(1.34981558703683,5.86225301380769,18.5599206244808));
#7949=CARTESIAN_POINT('Ctrl Pts',(3.33535377439317,5.47116447062226,16.8));
#7950=CARTESIAN_POINT('Ctrl Pts',(3.26119983880631,5.47116447062226,16.8));
#7951=CARTESIAN_POINT('Ctrl Pts',(3.18724790704213,5.47198886438034,16.8042448160535));
#7952=CARTESIAN_POINT('Ctrl Pts',(3.11383969627873,5.47363701587305,16.8125486197358));
#7953=CARTESIAN_POINT('Ctrl Pts',(3.03926361561568,5.47531138822714,16.8209845307433));
#7954=CARTESIAN_POINT('Ctrl Pts',(2.96524774766079,5.47783593755526,16.8336097787023));
#7955=CARTESIAN_POINT('Ctrl Pts',(2.8921474089243,5.4812099969925,16.8502837065912));
#7956=CARTESIAN_POINT('Ctrl Pts',(2.81896201890884,5.48458798210335,16.8669770343751));
#7957=CARTESIAN_POINT('Ctrl Pts',(2.74669331093469,5.48881745526088,16.8877287514373));
#7958=CARTESIAN_POINT('Ctrl Pts',(2.67570943303918,5.4938977472698,16.9124479660016));
#7959=CARTESIAN_POINT('Ctrl Pts',(2.64684670865247,5.49596344264183,16.9224990353174));
#7960=CARTESIAN_POINT('Ctrl Pts',(2.61819662266714,5.49816980503982,16.9332066101336));
#7961=CARTESIAN_POINT('Ctrl Pts',(2.58978504485861,5.50051678947691,16.9445667922816));
#7962=CARTESIAN_POINT('Ctrl Pts',(2.52056423596754,5.50623488659509,16.9722442765359));
#7963=CARTESIAN_POINT('Ctrl Pts',(2.45317451775869,5.51275906414032,17.0036257229581));
#7964=CARTESIAN_POINT('Ctrl Pts',(2.38793815799375,5.52007445781093,17.0385539933473));
#7965=CARTESIAN_POINT('Ctrl Pts',(2.32241784034431,5.52742169359718,17.0736342979364));
#7966=CARTESIAN_POINT('Ctrl Pts',(2.25906870024222,5.53556704843931,17.1122926626436));
#7967=CARTESIAN_POINT('Ctrl Pts',(2.19823024546192,5.54449546308758,17.1544201249764));
#7968=CARTESIAN_POINT('Ctrl Pts',(2.18884131065373,5.54587334658866,17.1609214734887));
#7969=CARTESIAN_POINT('Ctrl Pts',(2.17951221305407,5.5472698797631,17.1675055354655));
#7970=CARTESIAN_POINT('Ctrl Pts',(2.17024425098768,5.54868500726088,17.1741720096173));
#7971=CARTESIAN_POINT('Ctrl Pts',(2.11029631730151,5.55783847258436,17.2172927461402));
#7972=CARTESIAN_POINT('Ctrl Pts',(2.05290347650122,5.56776990337553,17.2638581801531));
#7973=CARTESIAN_POINT('Ctrl Pts',(1.99821878392895,5.57846432046632,17.3135635379901));
#7974=CARTESIAN_POINT('Ctrl Pts',(1.98246104249232,5.5815459846653,17.3278864525018));
#7975=CARTESIAN_POINT('Ctrl Pts',(1.96692839062703,5.58469100273148,17.3424703366377));
#7976=CARTESIAN_POINT('Ctrl Pts',(1.95162505469901,5.58789901626132,17.3573084595726));
#7977=CARTESIAN_POINT('Ctrl Pts',(1.8992972799094,5.59886840295591,17.4080454987966));
#7978=CARTESIAN_POINT('Ctrl Pts',(1.84993012743439,5.61051971822367,17.4614785236782));
#7979=CARTESIAN_POINT('Ctrl Pts',(1.80362200121612,5.6228029664787,17.5172737672751));
#7980=CARTESIAN_POINT('Ctrl Pts',(1.75646228353142,5.63531209969709,17.5740950673592));
#7981=CARTESIAN_POINT('Ctrl Pts',(1.71247457198368,5.64847662169654,17.6333669605311));
#7982=CARTESIAN_POINT('Ctrl Pts',(1.67179508497953,5.66224372764971,17.6947804923966));
#7983=CARTESIAN_POINT('Ctrl Pts',(1.63078052552164,5.67612423173821,17.7566998807596));
#7984=CARTESIAN_POINT('Ctrl Pts',(1.59312835244254,5.69061728749887,17.8207971309264));
#7985=CARTESIAN_POINT('Ctrl Pts',(1.55901916654294,5.70566877448432,17.8867880345085));
#7986=CARTESIAN_POINT('Ctrl Pts',(1.55542251635934,5.70725588165215,17.8937464590275));
#7987=CARTESIAN_POINT('Ctrl Pts',(1.55186530147394,5.70884919784464,17.9007259614456));
#7988=CARTESIAN_POINT('Ctrl Pts',(1.54834776397084,5.71044865961029,17.9077262236706));
#7989=CARTESIAN_POINT('Ctrl Pts',(1.51462582806467,5.72578238301712,17.9748363522394));
#7990=CARTESIAN_POINT('Ctrl Pts',(1.48469726551355,5.74161166150672,18.0435529850633));
#7991=CARTESIAN_POINT('Ctrl Pts',(1.45870187637074,5.7578379576571,18.1135609190364));
#7992=CARTESIAN_POINT('Ctrl Pts',(1.43194063650463,5.77454229707026,18.1856313582706));
#7993=CARTESIAN_POINT('Ctrl Pts',(1.40934695169155,5.79166739182823,18.2590711142767));
#7994=CARTESIAN_POINT('Ctrl Pts',(1.39112253385999,5.80910573637274,18.3335660327273));
#7995=CARTESIAN_POINT('Ctrl Pts',(1.37289811602844,5.82654408091726,18.4080609511779));
#7996=CARTESIAN_POINT('Ctrl Pts',(1.35904236813476,5.84429567524833,18.483612002898));
#7997=CARTESIAN_POINT('Ctrl Pts',(1.34981558703683,5.8622530138077,18.5599206244808));
#7998=CARTESIAN_POINT('',(1.34981558703683,4.7,18.5599206244808));
#7999=CARTESIAN_POINT('Ctrl Pts',(1.34981558703683,5.8622530138077,18.5599206244808));
#8000=CARTESIAN_POINT('Ctrl Pts',(1.34981558703683,5.47483534253847,18.5599206244808));
#8001=CARTESIAN_POINT('Ctrl Pts',(1.34981558703683,5.08741767126919,18.5599206244808));
#8002=CARTESIAN_POINT('Ctrl Pts',(1.34981558703683,4.7,18.5599206244808));
#8003=CARTESIAN_POINT('Ctrl Pts',(1.50202132399312,4.7,18.0063656873966));
#8004=CARTESIAN_POINT('Ctrl Pts',(1.42501094035018,4.7,18.1823662640499));
#8005=CARTESIAN_POINT('Ctrl Pts',(1.372885044987,4.7,18.3691283516226));
#8006=CARTESIAN_POINT('Ctrl Pts',(1.34981558703683,4.7,18.5599206244808));
#8007=CARTESIAN_POINT('Origin',(1.97500000001037,4.7,34.3999999999972));
#8008=CARTESIAN_POINT('',(-1.0007676753127,4.7,32.0999999999909));
#8009=CARTESIAN_POINT('Ctrl Pts',(1.34981558703683,4.7,18.5599206244808));
#8010=CARTESIAN_POINT('Ctrl Pts',(1.32991872137755,4.7,18.7244744787624));
#8011=CARTESIAN_POINT('Ctrl Pts',(1.30780456358595,4.7,18.8939387906952));
#8012=CARTESIAN_POINT('Ctrl Pts',(1.28362781276613,4.7,19.0679709606785));
#8013=CARTESIAN_POINT('Ctrl Pts',(1.25807952763497,4.7,19.2518758837952));
#8014=CARTESIAN_POINT('Ctrl Pts',(1.23022815291796,4.7,19.4408812732479));
#8015=CARTESIAN_POINT('Ctrl Pts',(1.20028058356114,4.7,19.6345289355242));
#8016=CARTESIAN_POINT('Ctrl Pts',(1.16906976114691,4.7,19.8363450737965));
#8017=CARTESIAN_POINT('Ctrl Pts',(1.13558227515295,4.7,20.0432031548653));
#8018=CARTESIAN_POINT('Ctrl Pts',(1.10007554822513,4.7,20.2545330856056));
#8019=CARTESIAN_POINT('Ctrl Pts',(1.06293530629001,4.7,20.475585416669));
#8020=CARTESIAN_POINT('Ctrl Pts',(1.02358586979811,4.7,20.7015302723377));
#8021=CARTESIAN_POINT('Ctrl Pts',(0.9823451822864,4.7,20.9316635287611));
#8022=CARTESIAN_POINT('Ctrl Pts',(0.937022866886815,4.7,21.1845732802923));
#8023=CARTESIAN_POINT('Ctrl Pts',(0.88941644077702,4.7,21.4425414671778));
#8024=CARTESIAN_POINT('Ctrl Pts',(0.839974666981138,4.7,21.7045742502239));
#8025=CARTESIAN_POINT('Ctrl Pts',(0.785541418550185,4.7,21.9930609787844));
#8026=CARTESIAN_POINT('Ctrl Pts',(0.728883777521458,4.7,22.286473889823));
#8027=CARTESIAN_POINT('Ctrl Pts',(0.670629605423237,4.7,22.5834225091661));
#8028=CARTESIAN_POINT('Ctrl Pts',(0.60349233499554,4.7,22.9256524137703));
#8029=CARTESIAN_POINT('Ctrl Pts',(0.534235039128737,4.7,23.2725773673427));
#8030=CARTESIAN_POINT('Ctrl Pts',(0.463849429560019,4.7,23.6220011060639));
#8031=CARTESIAN_POINT('Ctrl Pts',(0.305218865493004,4.7,24.4095098754186));
#8032=CARTESIAN_POINT('Ctrl Pts',(0.14085979362159,4.7,25.2097051079453));
#8033=CARTESIAN_POINT('Ctrl Pts',(-0.0176779369914699,4.7,25.9970082865537));
#8034=CARTESIAN_POINT('Ctrl Pts',(-0.0819258997128212,4.7,26.3160656180422));
#8035=CARTESIAN_POINT('Ctrl Pts',(-0.145217758118296,4.7,26.6330055425887));
#8036=CARTESIAN_POINT('Ctrl Pts',(-0.206797449021101,4.7,26.9461536681696));
#8037=CARTESIAN_POINT('Ctrl Pts',(-0.261571360681656,4.7,27.2246927045917));
#8038=CARTESIAN_POINT('Ctrl Pts',(-0.314990329672522,4.7,27.5002310590096));
#8039=CARTESIAN_POINT('Ctrl Pts',(-0.366536816019983,4.7,27.7716225774788));
#8040=CARTESIAN_POINT('Ctrl Pts',(-0.414380405220495,4.7,28.0235183950641));
#8041=CARTESIAN_POINT('Ctrl Pts',(-0.460610654211172,4.7,28.2718412785006));
#8042=CARTESIAN_POINT('Ctrl Pts',(-0.50483079077705,4.7,28.5157125284368));
#8043=CARTESIAN_POINT('Ctrl Pts',(-0.546741458047636,4.7,28.7468472016125));
#8044=CARTESIAN_POINT('Ctrl Pts',(-0.586846338400755,4.7,28.9739827444724));
#8045=CARTESIAN_POINT('Ctrl Pts',(-0.624826150331904,4.7,29.1964120700774));
#8046=CARTESIAN_POINT('Ctrl Pts',(-0.661243217229493,4.7,29.4096891564734));
#8047=CARTESIAN_POINT('Ctrl Pts',(-0.695706377772285,4.7,29.6186390844089));
#8048=CARTESIAN_POINT('Ctrl Pts',(-0.7279536112607,4.7,29.822681577821));
#8049=CARTESIAN_POINT('Ctrl Pts',(-0.759007580732376,4.7,30.0191737626039));
#8050=CARTESIAN_POINT('Ctrl Pts',(-0.788006492521665,4.7,30.2111147772576));
#8051=CARTESIAN_POINT('Ctrl Pts',(-0.814736251238396,4.7,30.3980304820279));
#8052=CARTESIAN_POINT('Ctrl Pts',(-0.839480086789856,4.7,30.57105903458));
#8053=CARTESIAN_POINT('Ctrl Pts',(-0.862279362688681,4.7,30.7397811280573));
#8054=CARTESIAN_POINT('Ctrl Pts',(-0.882982454743331,4.7,30.9038609726193));
#8055=CARTESIAN_POINT('Ctrl Pts',(-0.902974579775532,4.7,31.0623061342932));
#8056=CARTESIAN_POINT('Ctrl Pts',(-0.921011880529128,4.7,31.216422104655));
#8057=CARTESIAN_POINT('Ctrl Pts',(-0.936977114822686,4.7,31.3659492369226));
#8058=CARTESIAN_POINT('Ctrl Pts',(-0.952235305937848,4.7,31.5088543468064));
#8059=CARTESIAN_POINT('Ctrl Pts',(-0.965600839010788,4.7,31.6475679399166));
#8060=CARTESIAN_POINT('Ctrl Pts',(-0.976990616236089,4.7,31.7819059862607));
#8061=CARTESIAN_POINT('Ctrl Pts',(-0.986226419173768,4.7,31.8908387334536));
#8062=CARTESIAN_POINT('Ctrl Pts',(-0.994163404665603,4.7,31.9968950946388));
#8063=CARTESIAN_POINT('Ctrl Pts',(-1.0007676753127,4.7,32.0999999999869));
#8064=CARTESIAN_POINT('',(-1.42499999998962,4.7,32.099999999995));
#8065=CARTESIAN_POINT('',(5.37499999999261,4.7,32.099999999995));
#8066=CARTESIAN_POINT('',(-1.42499999998963,4.7,36.6999999999994));
#8067=CARTESIAN_POINT('',(-1.42499999998963,4.7,36.6999999999994));
#8068=CARTESIAN_POINT('',(-0.500000000146703,4.7,36.6999999999994));
#8069=CARTESIAN_POINT('',(5.37500000001037,4.7,36.6999999999994));
#8070=CARTESIAN_POINT('',(4.4500000001467,4.7,36.6999999999994));
#8071=CARTESIAN_POINT('Origin',(1.975,4.7,40.));
#8072=CARTESIAN_POINT('',(5.37500000001037,4.7,36.6999999999994));
#8073=CARTESIAN_POINT('',(5.37500000001037,4.7,36.6999999999994));
#8074=CARTESIAN_POINT('',(5.37499999999261,4.7,32.099999999995));
#8075=CARTESIAN_POINT('',(5.37500000001037,4.7,34.0999999999648));
#8076=CARTESIAN_POINT('',(4.97831691458019,4.7,32.099999999995));
#8077=CARTESIAN_POINT('',(5.37499999999261,4.7,32.099999999995));
#8078=CARTESIAN_POINT('',(4.975,4.7,32.8));
#8079=CARTESIAN_POINT('Ctrl Pts',(4.97831691458019,4.7,32.099999999995));
#8080=CARTESIAN_POINT('Ctrl Pts',(4.97676848323787,4.7,32.2662989553901));
#8081=CARTESIAN_POINT('Ctrl Pts',(4.97575292619441,4.7,32.4313593453255));
#8082=CARTESIAN_POINT('Ctrl Pts',(4.97529041871709,4.7,32.5951342762108));
#8083=CARTESIAN_POINT('Ctrl Pts',(4.97509693424195,4.7,32.6636475610704));
#8084=CARTESIAN_POINT('Ctrl Pts',(4.975,4.7,32.7319364331853));
#8085=CARTESIAN_POINT('Ctrl Pts',(4.975,4.7,32.8));
#8086=CARTESIAN_POINT('',(1.5,4.7,32.8));
#8087=CARTESIAN_POINT('',(0.475000000005187,4.7,32.8));
#8088=CARTESIAN_POINT('',(1.5,4.7,0.));
#8089=CARTESIAN_POINT('Ctrl Pts',(1.475,-1.,16.8));
#8090=CARTESIAN_POINT('Ctrl Pts',(1.475,7.2,16.8));
#8091=CARTESIAN_POINT('Ctrl Pts',(1.475,-1.,17.2185380834725));
#8092=CARTESIAN_POINT('Ctrl Pts',(1.475,7.2,17.2185380834725));
#8093=CARTESIAN_POINT('Ctrl Pts',(1.42394927791623,-1.,18.1686721579454));
#8094=CARTESIAN_POINT('Ctrl Pts',(1.42394927791623,7.2,18.1686721579454));
#8095=CARTESIAN_POINT('Ctrl Pts',(1.19437960984607,-1.,19.9326957950371));
#8096=CARTESIAN_POINT('Ctrl Pts',(1.19437960984607,7.2,19.9326957950371));
#8097=CARTESIAN_POINT('Ctrl Pts',(0.642518977526316,-1.,22.8290092618231));
#8098=CARTESIAN_POINT('Ctrl Pts',(0.642518977526316,7.2,22.8290092618231));
#8099=CARTESIAN_POINT('Ctrl Pts',(-0.192518977526221,-1.,26.7709907381769));
#8100=CARTESIAN_POINT('Ctrl Pts',(-0.192518977526221,7.2,26.7709907381769));
#8101=CARTESIAN_POINT('Ctrl Pts',(-0.74437960984602,-1.,29.667304204963));
#8102=CARTESIAN_POINT('Ctrl Pts',(-0.74437960984602,7.2,29.667304204963));
#8103=CARTESIAN_POINT('Ctrl Pts',(-0.973949277916224,-1.,31.4313278420546));
#8104=CARTESIAN_POINT('Ctrl Pts',(-0.973949277916224,7.2,31.4313278420546));
#8105=CARTESIAN_POINT('Ctrl Pts',(-1.025,-1.,32.3814619165275));
#8106=CARTESIAN_POINT('Ctrl Pts',(-1.025,7.2,32.3814619165275));
#8107=CARTESIAN_POINT('Ctrl Pts',(-1.025,-1.,32.8));
#8108=CARTESIAN_POINT('Ctrl Pts',(-1.025,7.2,32.8));
#8109=CARTESIAN_POINT('',(-0.755605845622484,7.2,30.0000002324491));
#8110=CARTESIAN_POINT('Ctrl Pts',(-0.755605809872236,7.2,30.));
#8111=CARTESIAN_POINT('Ctrl Pts',(-0.695422320896017,7.2,29.6086853349461));
#8112=CARTESIAN_POINT('Ctrl Pts',(-0.62893425229427,7.19702494881013,29.2113243695922));
#8113=CARTESIAN_POINT('Ctrl Pts',(-0.558089003920152,7.19038088809373,28.8106879901969));
#8114=CARTESIAN_POINT('Ctrl Pts',(-0.505628066819859,7.18546095825605,28.5140165777607));
#8115=CARTESIAN_POINT('Ctrl Pts',(-0.450777909879449,7.17852892144092,28.2155512527272));
#8116=CARTESIAN_POINT('Ctrl Pts',(-0.394329268319581,7.1693142022259,27.9163901880136));
#8117=CARTESIAN_POINT('Ctrl Pts',(-0.346507557805687,7.16150774980135,27.6629493001831));
#8118=CARTESIAN_POINT('Ctrl Pts',(-0.29753861415149,7.15206297041843,27.4090095496208));
#8119=CARTESIAN_POINT('Ctrl Pts',(-0.247903216829549,7.14082601786086,27.1552037005475));
#8120=CARTESIAN_POINT('Ctrl Pts',(-0.206838062610197,7.1315292817687,26.9452209685394));
#8121=CARTESIAN_POINT('Ctrl Pts',(-0.165316730877679,7.12100592107052,26.7353296685545));
#8122=CARTESIAN_POINT('Ctrl Pts',(-0.123611486611466,7.10917620446055,26.525861852269));
#8123=CARTESIAN_POINT('Ctrl Pts',(-0.0786007222892089,7.09640887517861,
26.2997918057362));
#8124=CARTESIAN_POINT('Ctrl Pts',(-0.0331908168082767,7.08209139261723,
26.0736770511304));
#8125=CARTESIAN_POINT('Ctrl Pts',(0.0124616061318399,7.06607759203934,25.8475036909289));
#8126=CARTESIAN_POINT('Ctrl Pts',(0.0663994901577493,7.04715744579612,25.5802821134826));
#8127=CARTESIAN_POINT('Ctrl Pts',(0.12067590885637,7.02586886898117,25.312979611639));
#8128=CARTESIAN_POINT('Ctrl Pts',(0.175032548374833,7.00196266559229,25.0456478873696));
#8129=CARTESIAN_POINT('Ctrl Pts',(0.23498707570783,6.97559449535212,24.7507851564931));
#8130=CARTESIAN_POINT('Ctrl Pts',(0.295039197657779,6.94603990023792,24.455893333278));
#8131=CARTESIAN_POINT('Ctrl Pts',(0.354842292444186,6.9129743182353,24.161068268635));
#8132=CARTESIAN_POINT('Ctrl Pts',(0.397279057950212,6.88951071062808,23.9518579898318));
#8133=CARTESIAN_POINT('Ctrl Pts',(0.439590427378183,6.86427919160906,23.7426826838974));
#8134=CARTESIAN_POINT('Ctrl Pts',(0.481652546254956,6.83717625579265,23.533547910397));
#8135=CARTESIAN_POINT('Ctrl Pts',(0.49886555949794,6.82608496496876,23.4479640234706));
#8136=CARTESIAN_POINT('Ctrl Pts',(0.516036831280457,6.81468044376285,23.3623864406148));
#8137=CARTESIAN_POINT('Ctrl Pts',(0.533157873532261,6.80295645274844,23.2768129663499));
#8138=CARTESIAN_POINT('Ctrl Pts',(0.575125482788695,6.77421825640606,23.0670527147341));
#8139=CARTESIAN_POINT('Ctrl Pts',(0.616369639832479,6.74387092282065,22.8595915633859));
#8140=CARTESIAN_POINT('Ctrl Pts',(0.656839602555021,6.71190991717882,22.6540077239082));
#8141=CARTESIAN_POINT('Ctrl Pts',(0.693280338642318,6.68313097859508,22.4688920001903));
#8142=CARTESIAN_POINT('Ctrl Pts',(0.729093365297357,6.65304358283523,22.2852990103668));
#8143=CARTESIAN_POINT('Ctrl Pts',(0.764241637356275,6.62165680530886,22.1028804779554));
#8144=CARTESIAN_POINT('Ctrl Pts',(0.796834116175969,6.59255230537692,21.9337264397719));
#8145=CARTESIAN_POINT('Ctrl Pts',(0.828855000320929,6.56233043266583,21.7655827312207));
#8146=CARTESIAN_POINT('Ctrl Pts',(0.860274752425575,6.53101101392527,21.5981276688176));
#8147=CARTESIAN_POINT('Ctrl Pts',(0.889095283931765,6.50228251563663,21.4445254416013));
#8148=CARTESIAN_POINT('Ctrl Pts',(0.917410027649637,6.47263053495918,21.2915027833373));
#8149=CARTESIAN_POINT('Ctrl Pts',(0.945196187012069,6.4420820081586,21.1387691498639));
#8150=CARTESIAN_POINT('Ctrl Pts',(0.97187310264984,6.41275300080327,20.992132754309));
#8151=CARTESIAN_POINT('Ctrl Pts',(0.998062794491124,6.3825975196449,20.8457631313735));
#8152=CARTESIAN_POINT('Ctrl Pts',(1.02374508859556,6.35165140067506,20.6993584458054));
#8153=CARTESIAN_POINT('Ctrl Pts',(1.04802811984581,6.32239133648599,20.5609304089496));
#8154=CARTESIAN_POINT('Ctrl Pts',(1.07185753684185,6.29242441137808,20.4224711852989));
#8155=CARTESIAN_POINT('Ctrl Pts',(1.09521628669397,6.26179258228787,20.2836813760599));
#8156=CARTESIAN_POINT('Ctrl Pts',(1.11210001822368,6.23965186063552,20.1833639407054));
#8157=CARTESIAN_POINT('Ctrl Pts',(1.12873785369558,6.21716399311476,20.0828729331189));
#8158=CARTESIAN_POINT('Ctrl Pts',(1.14512335357466,6.19434913392975,19.9820787322139));
#8159=CARTESIAN_POINT('Ctrl Pts',(1.15811852906728,6.17625489810315,19.9021398631487));
#8160=CARTESIAN_POINT('Ctrl Pts',(1.17136399939693,6.15736006414064,19.8193882690272));
#8161=CARTESIAN_POINT('Ctrl Pts',(1.18472037032058,6.13778172739653,19.7343171494661));
#8162=CARTESIAN_POINT('Ctrl Pts',(1.19886361978766,6.11704995060588,19.6442341416435));
#8163=CARTESIAN_POINT('Ctrl Pts',(1.21313122198728,6.09555171045239,19.5515507396277));
#8164=CARTESIAN_POINT('Ctrl Pts',(1.22735766585616,6.07343813051101,19.4567903267853));
#8165=CARTESIAN_POINT('Ctrl Pts',(1.24146555719048,6.05150882859262,19.3628195762943));
#8166=CARTESIAN_POINT('Ctrl Pts',(1.25553297330132,6.02897455470242,19.2668057529902));
#8167=CARTESIAN_POINT('Ctrl Pts',(1.26939850647633,6.00599325445157,19.1692011876808));
#8168=CARTESIAN_POINT('Ctrl Pts',(1.28466614731809,5.98068804376276,19.0617266730805));
#8169=CARTESIAN_POINT('Ctrl Pts',(1.2996890113146,5.95484094842051,18.952323394257));
#8170=CARTESIAN_POINT('Ctrl Pts',(1.3142516068566,5.92867383179891,18.8415274298805));
#8171=CARTESIAN_POINT('Ctrl Pts',(1.32647288909887,5.90671375491725,18.7485447779868));
#8172=CARTESIAN_POINT('Ctrl Pts',(1.33837000554938,5.88452862429387,18.6545794808306));
#8173=CARTESIAN_POINT('Ctrl Pts',(1.34981558703683,5.86225301380769,18.5599206244808));
#8174=CARTESIAN_POINT('',(-0.887715766713549,7.2,30.941586317737));
#8175=CARTESIAN_POINT('Ctrl Pts',(-0.887715766713549,7.2,30.941586317737));
#8176=CARTESIAN_POINT('Ctrl Pts',(-0.869157059351169,7.2,30.7928240428844));
#8177=CARTESIAN_POINT('Ctrl Pts',(-0.845027767802563,7.2,30.6095842362978));
#8178=CARTESIAN_POINT('Ctrl Pts',(-0.818854779155469,7.2,30.4218184189489));
#8179=CARTESIAN_POINT('Ctrl Pts',(-0.790733961010446,7.2,30.2297389010632));
#8180=CARTESIAN_POINT('Ctrl Pts',(-0.760769993875946,7.2,30.0335776633769));
#8181=CARTESIAN_POINT('Ctrl Pts',(-0.755605845622484,7.2,30.0000002324491));
#8182=CARTESIAN_POINT('',(-1.00076767531321,7.2,32.099999999995));
#8183=CARTESIAN_POINT('Ctrl Pts',(-0.887715766713549,7.2,30.941586317737));
#8184=CARTESIAN_POINT('Ctrl Pts',(-0.919021528187038,7.2,31.1925260088401));
#8185=CARTESIAN_POINT('Ctrl Pts',(-0.946187763223428,7.2,31.4342982253605));
#8186=CARTESIAN_POINT('Ctrl Pts',(-0.968980138169179,7.2,31.666384007498));
#8187=CARTESIAN_POINT('Ctrl Pts',(-0.987211940735238,7.2,31.8883698586387));
#8188=CARTESIAN_POINT('Ctrl Pts',(-1.00076767531321,7.2,32.099999999995));
#8189=CARTESIAN_POINT('Ctrl Pts',(-1.00076767531321,4.7,32.099999999995));
#8190=CARTESIAN_POINT('Ctrl Pts',(-1.00076767531321,5.11666666666667,32.099999999995));
#8191=CARTESIAN_POINT('Ctrl Pts',(-1.00076767531321,5.53333333333333,32.099999999995));
#8192=CARTESIAN_POINT('Ctrl Pts',(-1.00076767531321,6.36666666666667,32.099999999995));
#8193=CARTESIAN_POINT('Ctrl Pts',(-1.00076767531321,6.78333333333333,32.099999999995));
#8194=CARTESIAN_POINT('Ctrl Pts',(-1.00076767531321,7.2,32.099999999995));
#8195=CARTESIAN_POINT('Ctrl Pts',(5.19627491527587,3.2445314085539,23.9426182498839));
#8196=CARTESIAN_POINT('Ctrl Pts',(5.19627491527587,4.4589630379593,23.9426182498839));
#8197=CARTESIAN_POINT('Ctrl Pts',(5.19627491527587,5.67339466736476,23.9426182498839));
#8198=CARTESIAN_POINT('Ctrl Pts',(5.19627491527587,6.88782629677022,23.9426182498839));
#8199=CARTESIAN_POINT('Ctrl Pts',(5.19846969073268,3.2445314085539,23.7196356460882));
#8200=CARTESIAN_POINT('Ctrl Pts',(5.19846969073268,4.4589630379593,23.7196356460882));
#8201=CARTESIAN_POINT('Ctrl Pts',(5.19846969073268,5.67339466736475,23.7196356460882));
#8202=CARTESIAN_POINT('Ctrl Pts',(5.19846969073268,6.88782629677022,23.7196356460882));
#8203=CARTESIAN_POINT('Ctrl Pts',(5.38811631343761,3.2445314085539,23.3353158368755));
#8204=CARTESIAN_POINT('Ctrl Pts',(5.38811631343761,4.4589630379593,23.3353158368755));
#8205=CARTESIAN_POINT('Ctrl Pts',(5.38811631343761,5.67339466736477,23.3353158368755));
#8206=CARTESIAN_POINT('Ctrl Pts',(5.38811631343761,6.88782629677022,23.3353158368755));
#8207=CARTESIAN_POINT('Ctrl Pts',(5.77899353388794,3.2445314085539,23.2));
#8208=CARTESIAN_POINT('Ctrl Pts',(5.77899353388794,4.4589630379593,23.2));
#8209=CARTESIAN_POINT('Ctrl Pts',(5.77899353388793,5.67339466736476,23.2));
#8210=CARTESIAN_POINT('Ctrl Pts',(5.77899353388793,6.88782629677022,23.2));
#8211=CARTESIAN_POINT('Ctrl Pts',(5.94623858757289,3.2445314085539,23.2));
#8212=CARTESIAN_POINT('Ctrl Pts',(5.94623858757289,4.4589630379593,23.2));
#8213=CARTESIAN_POINT('Ctrl Pts',(5.94623858757288,5.67339466736476,23.2));
#8214=CARTESIAN_POINT('Ctrl Pts',(5.94623858757288,6.88782629677022,23.2));
#8215=CARTESIAN_POINT('',(5.19627491527587,6.88782629677022,23.9426182498839));
#8216=CARTESIAN_POINT('Ctrl Pts',(5.19627491527587,6.88782629677022,23.9426182498839));
#8217=CARTESIAN_POINT('Ctrl Pts',(5.19662022468756,6.88368275262563,23.9075358493153));
#8218=CARTESIAN_POINT('Ctrl Pts',(5.19958801763091,6.87950350695712,23.8726557228001));
#8219=CARTESIAN_POINT('Ctrl Pts',(5.20499600244182,6.8753231145617,23.8381911896531));
#8220=CARTESIAN_POINT('Ctrl Pts',(5.21056693063479,6.87101676632524,23.802688235026));
#8221=CARTESIAN_POINT('Ctrl Pts',(5.21872762461695,6.86670920121872,23.7676251875325));
#8222=CARTESIAN_POINT('Ctrl Pts',(5.229333946152,6.86243819251696,23.7332399211229));
#8223=CARTESIAN_POINT('Ctrl Pts',(5.23728425650064,6.85923672020928,23.707465335799));
#8224=CARTESIAN_POINT('Ctrl Pts',(5.24660989609303,6.85605578797844,23.6820715651146));
#8225=CARTESIAN_POINT('Ctrl Pts',(5.25726780330204,6.8529113048111,23.6571663026672));
#8226=CARTESIAN_POINT('Ctrl Pts',(5.27146265782531,6.8487232892621,23.6239959465764));
#8227=CARTESIAN_POINT('Ctrl Pts',(5.28792411466657,6.84462905261859,23.5919129437047));
#8228=CARTESIAN_POINT('Ctrl Pts',(5.30650012431707,6.84066981106002,23.5611499798297));
#8229=CARTESIAN_POINT('Ctrl Pts',(5.32482898813604,6.83676324551022,23.530796303979));
#8230=CARTESIAN_POINT('Ctrl Pts',(5.34521717984414,6.83298810683779,23.5017267509842));
#8231=CARTESIAN_POINT('Ctrl Pts',(5.36756196697704,6.82938398792161,23.474188758273));
#8232=CARTESIAN_POINT('Ctrl Pts',(5.38417200123666,6.82670486019856,23.4537183461069));
#8233=CARTESIAN_POINT('Ctrl Pts',(5.40186411981033,6.82412023314737,23.4340946289934));
#8234=CARTESIAN_POINT('Ctrl Pts',(5.42060882618108,6.82164636974327,23.4154330716115));
#8235=CARTESIAN_POINT('Ctrl Pts',(5.43973241262294,6.81912250301963,23.3963943148194));
#8236=CARTESIAN_POINT('Ctrl Pts',(5.45985221187668,6.81672801116391,23.3784560367739));
#8237=CARTESIAN_POINT('Ctrl Pts',(5.48091663839395,6.81447672160821,23.3617204265266));
#8238=CARTESIAN_POINT('Ctrl Pts',(5.50881301882802,6.81149525758108,23.3395568537434));
#8239=CARTESIAN_POINT('Ctrl Pts',(5.53836537903976,6.8087649512137,23.3195005558023));
#8240=CARTESIAN_POINT('Ctrl Pts',(5.56928871433522,6.8063179195958,23.3016227704233));
#8241=CARTESIAN_POINT('Ctrl Pts',(5.59922537988267,6.8039489653278,23.2843154109));
#8242=CARTESIAN_POINT('Ctrl Pts',(5.63044813842359,6.80184549732388,23.2690496074712));
#8243=CARTESIAN_POINT('Ctrl Pts',(5.66271696296393,6.80003665544486,23.2559326465397));
#8244=CARTESIAN_POINT('Ctrl Pts',(5.69595370360267,6.79817355664143,23.2424222372002));
#8245=CARTESIAN_POINT('Ctrl Pts',(5.73005820869978,6.79663780997597,23.2312894801884));
#8246=CARTESIAN_POINT('Ctrl Pts',(5.76474465099272,6.7954417070936,23.2225976087598));
#8247=CARTESIAN_POINT('Ctrl Pts',(5.7990062385566,6.79426025460291,23.2140121991773));
#8248=CARTESIAN_POINT('Ctrl Pts',(5.83383682375116,6.79341017663864,23.2078079624843));
#8249=CARTESIAN_POINT('Ctrl Pts',(5.86897582703413,6.79290331869509,23.2040931225236));
#8250=CARTESIAN_POINT('Ctrl Pts',(5.89459954921538,6.79253371267564,23.2013842230613));
#8251=CARTESIAN_POINT('Ctrl Pts',(5.92038764562347,6.79234661308619,23.2));
#8252=CARTESIAN_POINT('Ctrl Pts',(5.94623858757288,6.79234661308619,23.2));
#8253=CARTESIAN_POINT('',(5.19627491527587,4.04788003964651,23.9426182498839));
#8254=CARTESIAN_POINT('Ctrl Pts',(5.19627491527587,4.04788003964651,23.9426182498839));
#8255=CARTESIAN_POINT('Ctrl Pts',(5.19657316060275,4.04768884470959,23.9123174191768));
#8256=CARTESIAN_POINT('Ctrl Pts',(5.19870872308586,4.04632319968558,23.8820962200189));
#8257=CARTESIAN_POINT('Ctrl Pts',(5.2075870905133,4.04059185019469,23.8146214864208));
#8258=CARTESIAN_POINT('Ctrl Pts',(5.21533700772725,4.03557090786788,23.7777227141638));
#8259=CARTESIAN_POINT('Ctrl Pts',(5.24629605164633,4.01507284973786,23.6705706925997));
#8260=CARTESIAN_POINT('Ctrl Pts',(5.27683882915092,3.99446103124633,23.6045501474328));
#8261=CARTESIAN_POINT('Ctrl Pts',(5.36040687090085,3.93329514130178,23.4741075573369));
#8262=CARTESIAN_POINT('Ctrl Pts',(5.41512811117564,3.89058259160426,23.415122435813));
#8263=CARTESIAN_POINT('Ctrl Pts',(5.5394262606706,3.78052884682225,23.3142408967156));
#8264=CARTESIAN_POINT('Ctrl Pts',(5.60755763278615,3.7127649809201,23.2771290740589));
#8265=CARTESIAN_POINT('Ctrl Pts',(5.76187637738505,3.53450954264466,23.2167974042809));
#8266=CARTESIAN_POINT('Ctrl Pts',(5.85531299186709,3.40755519222123,23.2));
#8267=CARTESIAN_POINT('Ctrl Pts',(5.94623858757289,3.2445314085539,23.2));
#8268=CARTESIAN_POINT('Ctrl Pts',(5.19627491527587,4.04788003964652,23.9426182498839));
#8269=CARTESIAN_POINT('Ctrl Pts',(5.19627491527587,4.99452879202107,23.9426182498839));
#8270=CARTESIAN_POINT('Ctrl Pts',(5.19627491527587,5.94117754439564,23.9426182498839));
#8271=CARTESIAN_POINT('Ctrl Pts',(5.19627491527587,6.88782629677022,23.9426182498839));
#8272=CARTESIAN_POINT('Ctrl Pts',(4.975,-1.,32.8));
#8273=CARTESIAN_POINT('Ctrl Pts',(4.975,7.2,32.8));
#8274=CARTESIAN_POINT('Ctrl Pts',(4.975,-1.,32.4369187967234));
#8275=CARTESIAN_POINT('Ctrl Pts',(4.975,7.2,32.4369187967234));
#8276=CARTESIAN_POINT('Ctrl Pts',(4.97959456498754,-1.,31.7000771933918));
#8277=CARTESIAN_POINT('Ctrl Pts',(4.97959456498754,7.2,31.7000771933918));
#8278=CARTESIAN_POINT('Ctrl Pts',(5.00025583511386,-1.,30.5628103713598));
#8279=CARTESIAN_POINT('Ctrl Pts',(5.00025583511386,7.2,30.5628103713598));
#8280=CARTESIAN_POINT('Ctrl Pts',(5.04992329202266,-1.,28.995042954382));
#8281=CARTESIAN_POINT('Ctrl Pts',(5.04992329202266,7.2,28.995042954382));
#8282=CARTESIAN_POINT('Ctrl Pts',(5.12507670797741,-1.,27.0049570456182));
#8283=CARTESIAN_POINT('Ctrl Pts',(5.12507670797741,7.2,27.0049570456182));
#8284=CARTESIAN_POINT('Ctrl Pts',(5.17474416488619,-1.,25.4371896286403));
#8285=CARTESIAN_POINT('Ctrl Pts',(5.17474416488619,7.2,25.4371896286403));
#8286=CARTESIAN_POINT('Ctrl Pts',(5.19540543501246,-1.,24.2999228066082));
#8287=CARTESIAN_POINT('Ctrl Pts',(5.19540543501246,7.2,24.2999228066082));
#8288=CARTESIAN_POINT('Ctrl Pts',(5.2,-1.,23.5630812032766));
#8289=CARTESIAN_POINT('Ctrl Pts',(5.2,7.2,23.5630812032766));
#8290=CARTESIAN_POINT('Ctrl Pts',(5.2,-1.,23.2));
#8291=CARTESIAN_POINT('Ctrl Pts',(5.2,7.2,23.2));
#8292=CARTESIAN_POINT('',(4.975,4.17433473780666,32.8));
#8293=CARTESIAN_POINT('Ctrl Pts',(4.975,4.17433473780666,32.8));
#8294=CARTESIAN_POINT('Ctrl Pts',(4.975,4.17433473780666,30.6531018298027));
#8295=CARTESIAN_POINT('Ctrl Pts',(5.07254660619002,4.12353410325342,28.5806371656986));
#8296=CARTESIAN_POINT('Ctrl Pts',(5.16577805858158,4.06734407987469,25.6472071785652));
#8297=CARTESIAN_POINT('Ctrl Pts',(5.18783738298213,4.05328905467326,24.7998462249066));
#8298=CARTESIAN_POINT('Ctrl Pts',(5.19627491527587,4.04788003964651,23.9426182498839));
#8299=CARTESIAN_POINT('',(4.975,0.,32.8));
#8300=CARTESIAN_POINT('',(4.97831691458019,7.2,32.099999999995));
#8301=CARTESIAN_POINT('Ctrl Pts',(4.97831691458019,7.2,32.099999999995));
#8302=CARTESIAN_POINT('Ctrl Pts',(4.97831691458019,6.67424785953434,32.099999999995));
#8303=CARTESIAN_POINT('Ctrl Pts',(4.97831691458019,6.14849571906869,32.099999999995));
#8304=CARTESIAN_POINT('Ctrl Pts',(4.97831691458019,5.31516238573536,32.099999999995));
#8305=CARTESIAN_POINT('Ctrl Pts',(4.97831691458018,5.00758119286768,32.099999999995));
#8306=CARTESIAN_POINT('Ctrl Pts',(4.97831691458019,4.7,32.099999999995));
#8307=CARTESIAN_POINT('',(4.99567696829534,7.2,30.9930298849608));
#8308=CARTESIAN_POINT('Ctrl Pts',(4.97831691458019,7.2,32.099999999995));
#8309=CARTESIAN_POINT('Ctrl Pts',(4.98034714025183,7.2,31.8819571335245));
#8310=CARTESIAN_POINT('Ctrl Pts',(4.98313844275757,7.2,31.6621452879892));
#8311=CARTESIAN_POINT('Ctrl Pts',(4.98665984768562,7.2,31.4406364575473));
#8312=CARTESIAN_POINT('Ctrl Pts',(4.99086002771748,7.2,31.2175499428367));
#8313=CARTESIAN_POINT('Ctrl Pts',(4.99567696829534,7.2,30.9930298849608));
#8314=CARTESIAN_POINT('',(5.02105305299217,7.2,30.0000000085318));
#8315=CARTESIAN_POINT('Ctrl Pts',(5.02105305299217,7.2,30.0000000085318));
#8316=CARTESIAN_POINT('Ctrl Pts',(5.01556810797211,7.2,30.188259200596));
#8317=CARTESIAN_POINT('Ctrl Pts',(5.0100419679398,7.2,30.3879132601048));
#8318=CARTESIAN_POINT('Ctrl Pts',(5.00489624510505,7.2,30.5866831127898));
#8319=CARTESIAN_POINT('Ctrl Pts',(5.00017894940602,7.2,30.7844571683039));
#8320=CARTESIAN_POINT('Ctrl Pts',(4.99593210692259,7.2,30.9811377433587));
#8321=CARTESIAN_POINT('Ctrl Pts',(4.99567696829534,7.2,30.9930298849608));
#8322=CARTESIAN_POINT('Ctrl Pts',(5.19627491527587,6.88782629677022,23.9426182498839));
#8323=CARTESIAN_POINT('Ctrl Pts',(5.17460528333896,7.14785128736732,26.1441878626663));
#8324=CARTESIAN_POINT('Ctrl Pts',(5.07209734871158,7.2,28.248012005649));
#8325=CARTESIAN_POINT('Ctrl Pts',(5.02105305324075,7.2,30.));
#8326=CARTESIAN_POINT('Origin',(10.,0.,16.8));
#8327=CARTESIAN_POINT('',(8.475,5.47116447158214,16.8000000023783));
#8328=CARTESIAN_POINT('Ctrl Pts',(8.475,5.47116447062228,16.8));
#8329=CARTESIAN_POINT('Ctrl Pts',(8.48333749731434,5.47116447062228,16.8));
#8330=CARTESIAN_POINT('Ctrl Pts',(8.49166952977745,5.47108898179998,16.8000009554411));
#8331=CARTESIAN_POINT('Ctrl Pts',(8.49999536774221,5.4709386918753,16.8000026702983));
#8332=CARTESIAN_POINT('Ctrl Pts',(3.33535377439317,5.47116447062228,16.8));
#8333=CARTESIAN_POINT('Ctrl Pts',(5.04856918292878,5.47116447062228,16.8));
#8334=CARTESIAN_POINT('Ctrl Pts',(6.76178459146439,5.47116447062228,16.8));
#8335=CARTESIAN_POINT('Ctrl Pts',(8.475,5.47116447062228,16.8));
#8336=CARTESIAN_POINT('',(6.5,0.,16.8));
#8337=CARTESIAN_POINT('Ctrl Pts',(6.5,0.,16.8));
#8338=CARTESIAN_POINT('Ctrl Pts',(6.5,0.897555241776691,16.8));
#8339=CARTESIAN_POINT('Ctrl Pts',(6.44059464683969,1.74271427869508,16.8));
#8340=CARTESIAN_POINT('Ctrl Pts',(6.15919959830841,2.82188471921041,16.8));
#8341=CARTESIAN_POINT('Ctrl Pts',(6.02452546687678,3.13490833429795,16.8));
#8342=CARTESIAN_POINT('Ctrl Pts',(5.6963465059905,3.63942187656621,16.8));
#8343=CARTESIAN_POINT('Ctrl Pts',(5.49680425349215,3.84443241768144,16.8));
#8344=CARTESIAN_POINT('Ctrl Pts',(4.96952757466617,4.2032858585252,16.8));
#8345=CARTESIAN_POINT('Ctrl Pts',(4.62073459182388,4.35091733865386,16.8));
#8346=CARTESIAN_POINT('Ctrl Pts',(3.94569453128511,4.51688105100244,16.8));
#8347=CARTESIAN_POINT('Ctrl Pts',(3.67056663686089,4.56772998533131,16.8));
#8348=CARTESIAN_POINT('Ctrl Pts',(3.33535377439317,4.60785321853757,16.8));
#8349=CARTESIAN_POINT('',(6.5,-0.890594877327776,16.8));
#8350=CARTESIAN_POINT('Origin',(10.,5.28556888497739,15.8));
#8351=CARTESIAN_POINT('',(9.25,5.06683074680805,15.8));
#8352=CARTESIAN_POINT('',(9.25,2.64278444248869,15.8));
#8353=CARTESIAN_POINT('Ctrl Pts',(8.49999536816925,5.2860362404222,15.7992466701657));
#8354=CARTESIAN_POINT('Ctrl Pts',(8.55895306836143,5.28498049438121,15.7992691099765));
#8355=CARTESIAN_POINT('Ctrl Pts',(8.61764399572342,5.2801982480929,15.799322585993));
#8356=CARTESIAN_POINT('Ctrl Pts',(8.67581177442252,5.2718937926486,15.7993837811097));
#8357=CARTESIAN_POINT('Ctrl Pts',(8.73550046752842,5.26337220039406,15.7994465762968));
#8358=CARTESIAN_POINT('Ctrl Pts',(8.79463923257796,5.25114156071157,15.7995175302117));
#8359=CARTESIAN_POINT('Ctrl Pts',(8.85294613699212,5.23536866393128,15.7995779686841));
#8360=CARTESIAN_POINT('Ctrl Pts',(8.88037285438138,5.22794932334461,15.7996063980599));
#8361=CARTESIAN_POINT('Ctrl Pts',(8.90761535387938,5.21974547430851,15.7996325900447));
#8362=CARTESIAN_POINT('Ctrl Pts',(8.93464299992063,5.21077074868334,15.7996550478132));
#8363=CARTESIAN_POINT('Ctrl Pts',(8.99217985291071,5.19166521991722,15.7997028562431));
#8364=CARTESIAN_POINT('Ctrl Pts',(9.04844893466335,5.16916767674077,15.799733885884));
#8365=CARTESIAN_POINT('Ctrl Pts',(9.10317902996456,5.14347873515207,15.7997438150433));
#8366=CARTESIAN_POINT('Ctrl Pts',(9.15314251374299,5.12002712211745,15.7997528794416));
#8367=CARTESIAN_POINT('Ctrl Pts',(9.20182391268695,5.0939148711767,15.7997444821137));
#8368=CARTESIAN_POINT('Ctrl Pts',(9.24900536997499,5.06525886103773,15.7997202842948));
#8369=CARTESIAN_POINT('Ctrl Pts',(9.25,1.34851386468916,23.2));
#8370=CARTESIAN_POINT('Ctrl Pts',(9.49166666666666,1.34851386468916,23.2));
#8371=CARTESIAN_POINT('Ctrl Pts',(9.73333333333333,1.34851386468916,23.2));
#8372=CARTESIAN_POINT('Ctrl Pts',(9.975,1.34851386468916,23.2));
#8373=CARTESIAN_POINT('Ctrl Pts',(9.25,1.0773799976825,23.2));
#8374=CARTESIAN_POINT('Ctrl Pts',(9.49166666666666,1.0773799976825,23.2));
#8375=CARTESIAN_POINT('Ctrl Pts',(9.73333333333333,1.0773799976825,23.2));
#8376=CARTESIAN_POINT('Ctrl Pts',(9.975,1.0773799976825,23.2));
#8377=CARTESIAN_POINT('Ctrl Pts',(9.25,0.606314740924837,23.4039663042636));
#8378=CARTESIAN_POINT('Ctrl Pts',(9.49166666666667,0.606314740924837,23.4039663042636));
#8379=CARTESIAN_POINT('Ctrl Pts',(9.73333333333334,0.606314740924837,23.4039663042636));
#8380=CARTESIAN_POINT('Ctrl Pts',(9.975,0.606314740924837,23.4039663042636));
#8381=CARTESIAN_POINT('Ctrl Pts',(9.25,0.389203365380747,23.8520420266749));
#8382=CARTESIAN_POINT('Ctrl Pts',(9.49166666666666,0.389203365380747,23.8520420266749));
#8383=CARTESIAN_POINT('Ctrl Pts',(9.73333333333333,0.389203365380747,23.8520420266749));
#8384=CARTESIAN_POINT('Ctrl Pts',(9.975,0.389203365380747,23.8520420266749));
#8385=CARTESIAN_POINT('Ctrl Pts',(9.25,0.359349297365712,24.0531890373582));
#8386=CARTESIAN_POINT('Ctrl Pts',(9.49166666666666,0.359349297365712,24.0531890373582));
#8387=CARTESIAN_POINT('Ctrl Pts',(9.73333333333333,0.359349297365712,24.0531890373582));
#8388=CARTESIAN_POINT('Ctrl Pts',(9.975,0.359349297365712,24.0531890373582));
#8389=CARTESIAN_POINT('',(9.975,1.34851386468916,23.2));
#8390=CARTESIAN_POINT('',(9.975,0.359349297365712,24.0531890373582));
#8391=CARTESIAN_POINT('Ctrl Pts',(9.975,1.34851386468916,23.2));
#8392=CARTESIAN_POINT('Ctrl Pts',(9.975,1.0773799976825,23.2));
#8393=CARTESIAN_POINT('Ctrl Pts',(9.975,0.808199850963834,23.3165521738649));
#8394=CARTESIAN_POINT('Ctrl Pts',(9.975,0.621943420559806,23.5128135454923));
#8395=CARTESIAN_POINT('Ctrl Pts',(9.975,0.482251097756786,23.6600095742129));
#8396=CARTESIAN_POINT('Ctrl Pts',(9.975,0.389203365380747,23.8520420266749));
#8397=CARTESIAN_POINT('Ctrl Pts',(9.975,0.359349297365712,24.0531890373582));
#8398=CARTESIAN_POINT('',(9.25,0.359349297365712,24.0531890373582));
#8399=CARTESIAN_POINT('Ctrl Pts',(9.975,0.359349297365712,24.0531890373582));
#8400=CARTESIAN_POINT('Ctrl Pts',(9.73333333333333,0.359349297365712,24.0531890373582));
#8401=CARTESIAN_POINT('Ctrl Pts',(9.49166666666666,0.359349297365712,24.0531890373582));
#8402=CARTESIAN_POINT('Ctrl Pts',(9.25,0.359349297365712,24.0531890373582));
#8403=CARTESIAN_POINT('',(9.25,1.34851386468916,23.2));
#8404=CARTESIAN_POINT('Ctrl Pts',(9.25,0.359349297365712,24.0531890373582));
#8405=CARTESIAN_POINT('Ctrl Pts',(9.25,0.389203365380747,23.8520420266749));
#8406=CARTESIAN_POINT('Ctrl Pts',(9.25,0.482251097756786,23.6600095742129));
#8407=CARTESIAN_POINT('Ctrl Pts',(9.25,0.621943420559806,23.5128135454923));
#8408=CARTESIAN_POINT('Ctrl Pts',(9.25,0.808199850963834,23.3165521738649));
#8409=CARTESIAN_POINT('Ctrl Pts',(9.25,1.0773799976825,23.2));
#8410=CARTESIAN_POINT('Ctrl Pts',(9.25,1.34851386468916,23.2));
#8411=CARTESIAN_POINT('Ctrl Pts',(9.25,1.34851386468916,23.2));
#8412=CARTESIAN_POINT('Ctrl Pts',(9.49166666666666,1.34851386468916,23.2));
#8413=CARTESIAN_POINT('Ctrl Pts',(9.73333333333333,1.34851386468916,23.2));
#8414=CARTESIAN_POINT('Ctrl Pts',(9.975,1.34851386468916,23.2));
#8415=CARTESIAN_POINT('Origin',(5.2,0.,23.2));
#8416=CARTESIAN_POINT('',(9.25,6.57453215012453,23.2));
#8417=CARTESIAN_POINT('',(9.25,0.,23.2));
#8418=CARTESIAN_POINT('',(9.975,5.277216497817,23.2000000000013));
#8419=CARTESIAN_POINT('Ctrl Pts',(9.975,5.27721649781661,23.2));
#8420=CARTESIAN_POINT('Ctrl Pts',(9.975,5.33789971332368,23.2));
#8421=CARTESIAN_POINT('Ctrl Pts',(9.97126732062473,5.39851951423225,23.1999961482184));
#8422=CARTESIAN_POINT('Ctrl Pts',(9.96394697041779,5.45874961840523,23.1999891548037));
#8423=CARTESIAN_POINT('Ctrl Pts',(9.95878945030501,5.50118446986514,23.1999842276245));
#8424=CARTESIAN_POINT('Ctrl Pts',(9.95184989096292,5.54342605406949,23.1999776749898));
#8425=CARTESIAN_POINT('Ctrl Pts',(9.94316366558065,5.58535821129982,23.1999694773276));
#8426=CARTESIAN_POINT('Ctrl Pts',(9.93078862085043,5.64509789091014,23.1999577983264));
#8427=CARTESIAN_POINT('Ctrl Pts',(9.91490613360781,5.70403830634995,23.1999428519801));
#8428=CARTESIAN_POINT('Ctrl Pts',(9.8956359034442,5.76184678412083,23.1999272215037));
#8429=CARTESIAN_POINT('Ctrl Pts',(9.88221292100641,5.80211419012925,23.1999163338491));
#8430=CARTESIAN_POINT('Ctrl Pts',(9.8671450794759,5.84183229564773,23.199905091366));
#8431=CARTESIAN_POINT('Ctrl Pts',(9.85045889406042,5.88088325695753,23.1998947072904));
#8432=CARTESIAN_POINT('Ctrl Pts',(9.82652576000482,5.93689437446318,23.1998798133245));
#8433=CARTESIAN_POINT('Ctrl Pts',(9.79936905796152,5.99129103168598,23.1998664320826));
#8434=CARTESIAN_POINT('Ctrl Pts',(9.76911097185232,6.04374804289852,23.1998618517643));
#8435=CARTESIAN_POINT('Ctrl Pts',(9.73929788738858,6.09543357582848,23.1998573388081));
#8436=CARTESIAN_POINT('Ctrl Pts',(9.70647352219205,6.14523702930953,23.19986122242));
#8437=CARTESIAN_POINT('Ctrl Pts',(9.67071043004026,6.192824155241,23.1998830307291));
#8438=CARTESIAN_POINT('Ctrl Pts',(9.66317946666086,6.20284501420923,23.1998876231054));
#8439=CARTESIAN_POINT('Ctrl Pts',(9.65551804425277,6.21276748194683,23.1998930239325));
#8440=CARTESIAN_POINT('Ctrl Pts',(9.64772661268854,6.22258824372245,23.1998993463507));
#8441=CARTESIAN_POINT('Ctrl Pts',(9.60878482559044,6.27167267847032,23.1999309459691));
#8442=CARTESIAN_POINT('Ctrl Pts',(9.56659811960908,6.3182203382058,23.1999850154609));
#8443=CARTESIAN_POINT('Ctrl Pts',(9.52147038111633,6.36205459192281,23.2000419073613));
#8444=CARTESIAN_POINT('Ctrl Pts',(9.4782225593397,6.40406281249361,23.2000964292773));
#8445=CARTESIAN_POINT('Ctrl Pts',(9.43252804077978,6.4433320270335,23.2001534106283));
#8446=CARTESIAN_POINT('Ctrl Pts',(9.38470826103262,6.47976055067261,23.2002000610391));
#8447=CARTESIAN_POINT('Ctrl Pts',(9.34115174288934,6.51294137373807,23.2002425524407));
#8448=CARTESIAN_POINT('Ctrl Pts',(9.29583093833762,6.54376531341301,23.200276495115));
#8449=CARTESIAN_POINT('Ctrl Pts',(9.24896391211237,6.57212769278972,23.2002966960196));
#8450=CARTESIAN_POINT('',(9.975,0.,23.2));
#8451=CARTESIAN_POINT('Origin',(9.25,0.,24.7));
#8452=CARTESIAN_POINT('',(9.25,0.337620490688895,24.2));
#8453=CARTESIAN_POINT('Ctrl Pts',(9.25,0.337620490688895,24.2));
#8454=CARTESIAN_POINT('Ctrl Pts',(9.25,0.344843250453829,24.1510613237513));
#8455=CARTESIAN_POINT('Ctrl Pts',(9.25,0.352086405638108,24.1021240421015));
#8456=CARTESIAN_POINT('Ctrl Pts',(9.25,0.359349297365712,24.0531890373582));
#8457=CARTESIAN_POINT('',(9.25,6.70026512609033,24.2));
#8458=CARTESIAN_POINT('',(9.25,-1.27903455444823,24.2));
#8459=CARTESIAN_POINT('Ctrl Pts',(9.24896391211237,6.57212769278972,23.2002966960196));
#8460=CARTESIAN_POINT('Ctrl Pts',(9.24896391211237,6.6187711690936,23.5331446339769));
#8461=CARTESIAN_POINT('Ctrl Pts',(9.24896391211237,6.66053785940583,23.866040026984));
#8462=CARTESIAN_POINT('Ctrl Pts',(9.24896391211237,6.69785616858045,24.1988892623088));
#8463=CARTESIAN_POINT('Ctrl Pts',(6.4425730219228,1.34851386468916,23.2));
#8464=CARTESIAN_POINT('Ctrl Pts',(6.46171534794853,1.34851386468916,23.2));
#8465=CARTESIAN_POINT('Ctrl Pts',(6.48085767397427,1.34851386468916,23.2));
#8466=CARTESIAN_POINT('Ctrl Pts',(6.5,1.34851386468916,23.2));
#8467=CARTESIAN_POINT('Ctrl Pts',(6.4425730219228,1.0773799976825,23.2));
#8468=CARTESIAN_POINT('Ctrl Pts',(6.46171534794853,1.0773799976825,23.2));
#8469=CARTESIAN_POINT('Ctrl Pts',(6.48085767397427,1.0773799976825,23.2));
#8470=CARTESIAN_POINT('Ctrl Pts',(6.5,1.0773799976825,23.2));
#8471=CARTESIAN_POINT('Ctrl Pts',(6.4425730219228,0.60630023333026,23.4039520140008));
#8472=CARTESIAN_POINT('Ctrl Pts',(6.46171534794853,0.60630023333026,23.4039520140008));
#8473=CARTESIAN_POINT('Ctrl Pts',(6.48085767397427,0.60630023333026,23.4039520140008));
#8474=CARTESIAN_POINT('Ctrl Pts',(6.5,0.60630023333026,23.4039520140008));
#8475=CARTESIAN_POINT('Ctrl Pts',(6.4425730219228,0.389203365380747,23.8520420266749));
#8476=CARTESIAN_POINT('Ctrl Pts',(6.46171534794853,0.389203365380747,23.8520420266749));
#8477=CARTESIAN_POINT('Ctrl Pts',(6.48085767397427,0.389203365380747,23.8520420266749));
#8478=CARTESIAN_POINT('Ctrl Pts',(6.5,0.389203365380747,23.8520420266749));
#8479=CARTESIAN_POINT('Ctrl Pts',(6.4425730219228,0.359349297365712,24.0531890373582));
#8480=CARTESIAN_POINT('Ctrl Pts',(6.46171534794853,0.359349297365712,24.0531890373582));
#8481=CARTESIAN_POINT('Ctrl Pts',(6.48085767397427,0.359349297365712,24.0531890373582));
#8482=CARTESIAN_POINT('Ctrl Pts',(6.5,0.359349297365712,24.0531890373582));
#8483=CARTESIAN_POINT('',(6.49655919340784,0.359349297365713,24.0531890373582));
#8484=CARTESIAN_POINT('Ctrl Pts',(6.4425730219228,1.34851386468916,23.2));
#8485=CARTESIAN_POINT('Ctrl Pts',(6.44676653119352,1.30495894318635,23.2));
#8486=CARTESIAN_POINT('Ctrl Pts',(6.45065531027365,1.26156967636708,23.2030029111631));
#8487=CARTESIAN_POINT('Ctrl Pts',(6.45425373256991,1.21858394307384,23.2088359093362));
#8488=CARTESIAN_POINT('Ctrl Pts',(6.45792996629069,1.17466869654771,23.2147950388692));
#8489=CARTESIAN_POINT('Ctrl Pts',(6.461303150249,1.13117356622683,23.2237082634654));
#8490=CARTESIAN_POINT('Ctrl Pts',(6.46438861058067,1.08835741564515,23.2354454038361));
#8491=CARTESIAN_POINT('Ctrl Pts',(6.46699019984024,1.05225582122628,23.245341890922));
#8492=CARTESIAN_POINT('Ctrl Pts',(6.46938723270864,1.01663669308686,23.2572471112889));
#8493=CARTESIAN_POINT('Ctrl Pts',(6.47158889650836,0.981666579477481,23.2711094760704));
#8494=CARTESIAN_POINT('Ctrl Pts',(6.4742063875229,0.940091676823461,23.2875900192216));
#8495=CARTESIAN_POINT('Ctrl Pts',(6.47653541364346,0.89970445713603,23.3067282614631));
#8496=CARTESIAN_POINT('Ctrl Pts',(6.47861233690496,0.860763403838455,23.3283760292654));
#8497=CARTESIAN_POINT('Ctrl Pts',(6.48066413857205,0.822293365221765,23.3497619547296));
#8498=CARTESIAN_POINT('Ctrl Pts',(6.48246989915796,0.785233736116875,23.3735976341448));
#8499=CARTESIAN_POINT('Ctrl Pts',(6.48406467713307,0.749855830460584,23.3997848103892));
#8500=CARTESIAN_POINT('Ctrl Pts',(6.48523633518706,0.723864244959269,23.4190241129361));
#8501=CARTESIAN_POINT('Ctrl Pts',(6.48629411310736,0.698780771252185,23.4395336042798));
#8502=CARTESIAN_POINT('Ctrl Pts',(6.48725191345858,0.674725415206579,23.461287392102));
#8503=CARTESIAN_POINT('Ctrl Pts',(6.48797924200533,0.656458406709585,23.4778066498605));
#8504=CARTESIAN_POINT('Ctrl Pts',(6.48864737746943,0.638847432264286,23.4949868127418));
#8505=CARTESIAN_POINT('Ctrl Pts',(6.4892620826143,0.621936314799197,23.5128065461799));
#8506=CARTESIAN_POINT('Ctrl Pts',(6.49036185130688,0.591680642303824,23.5446878230957));
#8507=CARTESIAN_POINT('Ctrl Pts',(6.49129059611061,0.563662731901213,23.5786142242565));
#8508=CARTESIAN_POINT('Ctrl Pts',(6.49208131857297,0.537980628681124,23.6142894607734));
#8509=CARTESIAN_POINT('Ctrl Pts',(6.49288075893214,0.512015374372799,23.6503580249689));
#8510=CARTESIAN_POINT('Ctrl Pts',(6.49353911671649,0.488437128233681,23.6882152300805));
#8511=CARTESIAN_POINT('Ctrl Pts',(6.49409049710125,0.467390533300684,23.7275841949832));
#8512=CARTESIAN_POINT('Ctrl Pts',(6.49420695648157,0.462945193075554,23.7358994803707));
#8513=CARTESIAN_POINT('Ctrl Pts',(6.49431864344512,0.458612964250761,23.7442822786378));
#8514=CARTESIAN_POINT('Ctrl Pts',(6.4944258793504,0.454395492815026,23.7527300775937));
#8515=CARTESIAN_POINT('Ctrl Pts',(6.49493280425549,0.434458688050792,23.7926644603245));
#8516=CARTESIAN_POINT('Ctrl Pts',(6.49533757565775,0.417196535792781,23.8338212350083));
#8517=CARTESIAN_POINT('Ctrl Pts',(6.49565905260808,0.402720047598458,23.875906244908));
#8518=CARTESIAN_POINT('Ctrl Pts',(6.49597712645643,0.388396805121248,23.917545749832));
#8519=CARTESIAN_POINT('Ctrl Pts',(6.49621366000155,0.37680015837768,23.9600950414238));
#8520=CARTESIAN_POINT('Ctrl Pts',(6.49638691969561,0.368084434315232,24.0032871541545));
#8521=CARTESIAN_POINT('Ctrl Pts',(6.49645328577639,0.364745928782576,24.0198316324199));
#8522=CARTESIAN_POINT('Ctrl Pts',(6.49651036814806,0.361830643983699,24.036470530037));
#8523=CARTESIAN_POINT('Ctrl Pts',(6.49655919340784,0.359349297365712,24.0531890373582));
#8524=CARTESIAN_POINT('Ctrl Pts',(6.5,0.359349297365712,24.0531890373582));
#8525=CARTESIAN_POINT('Ctrl Pts',(6.49885306446928,0.359349297365712,24.0531890373582));
#8526=CARTESIAN_POINT('Ctrl Pts',(6.49770612893856,0.359349297365712,24.0531890373582));
#8527=CARTESIAN_POINT('Ctrl Pts',(6.49655919340784,0.359349297365712,24.0531890373582));
#8528=CARTESIAN_POINT('Origin',(-1.5,-0.748392315991664,12.3036247907904));
#8529=CARTESIAN_POINT('',(6.5,1.13562850090361,12.3036247907904));
#8530=CARTESIAN_POINT('',(5.89453997062315,1.24398922600381,9.25062976576067));
#8531=CARTESIAN_POINT('Ctrl Pts',(5.89453997062315,1.2439892260038,9.25062976576067));
#8532=CARTESIAN_POINT('Ctrl Pts',(6.00229881787569,1.23688671473473,9.51162825958867));
#8533=CARTESIAN_POINT('Ctrl Pts',(6.09614146533543,1.22915414747574,9.77809310717659));
#8534=CARTESIAN_POINT('Ctrl Pts',(6.1756913566237,1.22071101131321,10.0489043101624));
#8535=CARTESIAN_POINT('Ctrl Pts',(6.19161916567047,1.21902049158559,10.1031272520047));
#8536=CARTESIAN_POINT('Ctrl Pts',(6.20697398228669,1.21730147577129,10.1575242697099));
#8537=CARTESIAN_POINT('Ctrl Pts',(6.22175278388156,1.21555330427479,10.2120861359678));
#8538=CARTESIAN_POINT('Ctrl Pts',(6.3032175786817,1.2059169050496,10.5128460595704));
#8539=CARTESIAN_POINT('Ctrl Pts',(6.36703292278194,1.19541190143273,10.8180786500846));
#8540=CARTESIAN_POINT('Ctrl Pts',(6.41288327797273,1.18393471459505,11.1262216188992));
#8541=CARTESIAN_POINT('Ctrl Pts',(6.4563612570459,1.17305137711444,11.4184207413252));
#8542=CARTESIAN_POINT('Ctrl Pts',(6.48360420280499,1.16131354801323,11.7126950369543));
#8543=CARTESIAN_POINT('Ctrl Pts',(6.49452420216539,1.1486447460368,12.0076821813658));
#8544=CARTESIAN_POINT('Ctrl Pts',(6.49817364024379,1.14441086224116,12.1062661905697));
#8545=CARTESIAN_POINT('Ctrl Pts',(6.5,1.14007303035494,12.2049302130847));
#8546=CARTESIAN_POINT('Ctrl Pts',(6.5,1.13562850090361,12.3036247907904));
#8547=CARTESIAN_POINT('',(5.89453997062321,2.66719085047714,9.25062976576081));
#8548=CARTESIAN_POINT('',(5.89453997062315,-0.748392315991664,9.25062976576068));
#8549=CARTESIAN_POINT('',(6.5,2.23734440989954,12.3036247907904));
#8550=CARTESIAN_POINT('Ctrl Pts',(6.5,2.23734440989954,12.3036247907904));
#8551=CARTESIAN_POINT('Ctrl Pts',(6.50000000000021,2.282652154275,12.0022772254492));
#8552=CARTESIAN_POINT('Ctrl Pts',(6.48297332022373,2.32720985374716,11.7011570557006));
#8553=CARTESIAN_POINT('Ctrl Pts',(6.44899752313543,2.37069658614606,11.4017125500821));
#8554=CARTESIAN_POINT('Ctrl Pts',(6.43018315016284,2.39477771662213,11.2358927284409));
#8555=CARTESIAN_POINT('Ctrl Pts',(6.40617136362778,2.41853103138369,11.0705862050485));
#8556=CARTESIAN_POINT('Ctrl Pts',(6.3769753343221,2.44190725667728,10.9060341559902));
#8557=CARTESIAN_POINT('Ctrl Pts',(6.32668727012987,2.48217112632299,10.6226050663916));
#8558=CARTESIAN_POINT('Ctrl Pts',(6.26114508960246,2.52121393417302,10.3421177103049));
#8559=CARTESIAN_POINT('Ctrl Pts',(6.18064159462605,2.55882382521734,10.0658112123002));
#8560=CARTESIAN_POINT('Ctrl Pts',(6.10568704687529,2.59384134060606,9.80854997656621));
#8561=CARTESIAN_POINT('Ctrl Pts',(6.01776261020442,2.62761687038965,9.55491292124871));
#8562=CARTESIAN_POINT('Ctrl Pts',(5.9171046172112,2.66001750999934,9.30586552404619));
#8563=CARTESIAN_POINT('Ctrl Pts',(5.9096528226541,2.66241615617447,9.28742833904231));
#8564=CARTESIAN_POINT('Ctrl Pts',(5.90213124103322,2.66480728476575,9.26901629194175));
#8565=CARTESIAN_POINT('Ctrl Pts',(5.89453996823596,2.66719085035149,9.25062976673014));
#8566=CARTESIAN_POINT('',(6.5,-0.748392315991664,12.3036247907904));
#8567=CARTESIAN_POINT('Origin',(4.50761060381656,0.284405122672224,5.89140233328807));
#8568=CARTESIAN_POINT('Ctrl Pts',(2.51522120763313,1.34893714291548,1.06571381878402));
#8569=CARTESIAN_POINT('Ctrl Pts',(3.59978967144567,1.34361540344867,3.69260472125479));
#8570=CARTESIAN_POINT('Ctrl Pts',(4.78239211380561,1.31729218800948,6.55693989301022));
#8571=CARTESIAN_POINT('Ctrl Pts',(5.89453997062315,1.2439892260038,9.25062976576067));
#8572=CARTESIAN_POINT('Ctrl Pts',(5.89453997062321,2.66719085047715,9.2506297657608));
#8573=CARTESIAN_POINT('Ctrl Pts',(4.71456240790043,3.03768918347634,6.39265221242137));
#8574=CARTESIAN_POINT('Ctrl Pts',(3.60181119687034,3.28514345524417,3.69750097900555));
#8575=CARTESIAN_POINT('Ctrl Pts',(2.51522120763313,3.33898217823289,1.06571381878402));
#8576=CARTESIAN_POINT('Origin',(1.5,-0.890594877327776,21.8132615458292));
#8577=CARTESIAN_POINT('',(6.5,0.,21.8132615458292));
#8578=CARTESIAN_POINT('',(6.48821962820142,0.649830287103236,22.1562847825134));
#8579=CARTESIAN_POINT('Ctrl Pts',(6.5,1.51878509768721E-13,21.8132615458292));
#8580=CARTESIAN_POINT('Ctrl Pts',(6.5,0.00483072480176891,21.8156899212068));
#8581=CARTESIAN_POINT('Ctrl Pts',(6.49999823089968,0.00966045272554213,
21.8181202972956));
#8582=CARTESIAN_POINT('Ctrl Pts',(6.49999468394316,0.0144891630471435,21.8205526733217));
#8583=CARTESIAN_POINT('Ctrl Pts',(6.49986289384397,0.193903883718823,21.9109296137953));
#8584=CARTESIAN_POINT('Ctrl Pts',(6.49727996551808,0.373175437522271,22.0047109641972));
#8585=CARTESIAN_POINT('Ctrl Pts',(6.49166783182325,0.550890926719906,22.101798308254));
#8586=CARTESIAN_POINT('Ctrl Pts',(6.49062456012322,0.583927477632167,22.1198464311235));
#8587=CARTESIAN_POINT('Ctrl Pts',(6.48947646393259,0.616910268329579,22.1380087999534));
#8588=CARTESIAN_POINT('Ctrl Pts',(6.48821962821109,0.64983028705681,22.1562847825134));
#8589=CARTESIAN_POINT('',(5.1310276932956,0.185916398172262,25.2506497826335));
#8590=CARTESIAN_POINT('Ctrl Pts',(5.1310276932922,0.185916398169042,25.2506497826371));
#8591=CARTESIAN_POINT('Ctrl Pts',(5.28029511663697,0.208149854426937,25.0929736312884));
#8592=CARTESIAN_POINT('Ctrl Pts',(5.41935575258787,0.232018660452209,24.9255075803221));
#8593=CARTESIAN_POINT('Ctrl Pts',(5.91384695569134,0.3303728749803,24.2438523504326));
#8594=CARTESIAN_POINT('Ctrl Pts',(6.18179750577068,0.414939660807361,23.6753785429894));
#8595=CARTESIAN_POINT('Ctrl Pts',(6.41699305454203,0.55347102141376,22.7724428703029));
#8596=CARTESIAN_POINT('Ctrl Pts',(6.4669677477934,0.601226460079327,22.4653281230539));
#8597=CARTESIAN_POINT('Ctrl Pts',(6.48821962819352,0.649830287103343,22.1562847825128));
#8598=CARTESIAN_POINT('',(5.13102769327737,-2.08223924365959,25.2506497826528));
#8599=CARTESIAN_POINT('',(5.13102769327737,-0.890594877327776,25.2506497826528));
#8600=CARTESIAN_POINT('',(6.5,-2.08223924365959,21.8132615458292));
#8601=CARTESIAN_POINT('Origin',(1.5,-2.08223924365959,21.8132615458292));
#8602=CARTESIAN_POINT('',(6.5,-0.890594877327776,21.8132615458292));
#8603=CARTESIAN_POINT('Ctrl Pts',(6.5,-2.09520993435062,21.8762829885075));
#8604=CARTESIAN_POINT('Ctrl Pts',(6.5,-2.09200286362043,21.8606896532217));
#8605=CARTESIAN_POINT('Ctrl Pts',(6.5,-2.08764380377914,21.8395026601279));
#8606=CARTESIAN_POINT('Ctrl Pts',(6.5,-2.08223924365958,21.8132615458292));
#8607=CARTESIAN_POINT('Ctrl Pts',(6.48832747558082,-2.199261654789,23.1140628980678));
#8608=CARTESIAN_POINT('Ctrl Pts',(6.48949222985741,-2.16095061372341,23.1067355898413));
#8609=CARTESIAN_POINT('Ctrl Pts',(6.49323129097073,-2.12156952327888,23.0940765009614));
#8610=CARTESIAN_POINT('Ctrl Pts',(6.5,-2.08223924365958,23.0766115207261));
#8611=CARTESIAN_POINT('Ctrl Pts',(5.99504348804803,-2.34014435681107,24.3379611184417));
#8612=CARTESIAN_POINT('Ctrl Pts',(5.99201636134499,-2.25458501288022,24.341267400233));
#8613=CARTESIAN_POINT('Ctrl Pts',(5.99340727957973,-2.16816773689706,24.3395003733639));
#8614=CARTESIAN_POINT('Ctrl Pts',(5.99955256181771,-2.08223924365958,24.3331980336224));
#8615=CARTESIAN_POINT('Ctrl Pts',(5.14662424730262,-2.48173623098718,25.2341746231178));
#8616=CARTESIAN_POINT('Ctrl Pts',(5.13612844946912,-2.34866919862785,25.2452616839822));
#8617=CARTESIAN_POINT('Ctrl Pts',(5.13102769327737,-2.21505400264946,25.2506497826528));
#8618=CARTESIAN_POINT('Ctrl Pts',(5.13102769327737,-2.08223924365959,25.2506497826528));
#8619=CARTESIAN_POINT('',(5.14662424730246,-2.48173623098529,25.2341746231179));
#8620=CARTESIAN_POINT('',(6.5,-2.09520993435057,21.8762829885073));
#8621=CARTESIAN_POINT('Origin',(1.5155965540251,-2.48173623098528,21.7967863862944));
#8622=CARTESIAN_POINT('Ctrl Pts',(6.5,-2.08223924365959,21.8132615458292));
#8623=CARTESIAN_POINT('Ctrl Pts',(6.5,-2.08483548089256,21.8258672263046));
#8624=CARTESIAN_POINT('Ctrl Pts',(6.5,-2.0874306742674,21.8384722145998));
#8625=CARTESIAN_POINT('Ctrl Pts',(6.5,-2.09002481809782,21.8510765069445));
#8626=CARTESIAN_POINT('Ctrl Pts',(6.5,-2.0926179066998,21.8636800995693));
#8627=CARTESIAN_POINT('Ctrl Pts',(6.5,-2.09520993439165,21.876282988707));
#8628=CARTESIAN_POINT('Ctrl Pts',(5.13102769327737,-2.08223924365959,25.2506497826528));
#8629=CARTESIAN_POINT('Ctrl Pts',(5.13102769327737,-2.21505400264946,25.2506497826528));
#8630=CARTESIAN_POINT('Ctrl Pts',(5.13612844946912,-2.34866919862785,25.2452616839822));
#8631=CARTESIAN_POINT('Ctrl Pts',(5.14662424730262,-2.48173623098718,25.2341746231178));
#8632=CARTESIAN_POINT('Ctrl Pts',(6.50000149928704,-2.101796263338,21.9083167746242));
#8633=CARTESIAN_POINT('Ctrl Pts',(6.5,-2.10179668423991,21.9083204590482));
#8634=CARTESIAN_POINT('Ctrl Pts',(6.5,-2.09955758306425,21.8974220121836));
#8635=CARTESIAN_POINT('Ctrl Pts',(6.5,-2.09520993435057,21.8762829885073));
#8636=CARTESIAN_POINT('Ctrl Pts',(6.5,-2.34968107030442,23.1144481454956));
#8637=CARTESIAN_POINT('Ctrl Pts',(6.49074092830012,-2.30209141745779,23.12422881135));
#8638=CARTESIAN_POINT('Ctrl Pts',(6.48674848251869,-2.25119781785342,23.1239961252603));
#8639=CARTESIAN_POINT('Ctrl Pts',(6.48832747558084,-2.19926165478845,23.1140628980677));
#8640=CARTESIAN_POINT('Ctrl Pts',(6.03395227652409,-2.68336598240136,24.2968604691304));
#8641=CARTESIAN_POINT('Ctrl Pts',(6.01219775924841,-2.57155240555984,24.3198404903674));
#8642=CARTESIAN_POINT('Ctrl Pts',(5.9991471965792,-2.45613243529905,24.3334789747707));
#8643=CARTESIAN_POINT('Ctrl Pts',(5.99504348804799,-2.34014435680985,24.3379611184417));
#8644=CARTESIAN_POINT('Ctrl Pts',(5.21942621193594,-3.01867306916636,25.1572714828566));
#8645=CARTESIAN_POINT('Ctrl Pts',(5.18510649713093,-2.84227705817234,25.193524540788));
#8646=CARTESIAN_POINT('Ctrl Pts',(5.16085282090976,-2.66212785958505,25.2191445068656));
#8647=CARTESIAN_POINT('Ctrl Pts',(5.14662424730247,-2.48173623098528,25.2341746231179));
#8648=CARTESIAN_POINT('',(6.5,-2.10179668423991,21.9083204590482));
#8649=CARTESIAN_POINT('',(5.17476703139182,-2.74646621448133,25.2044464628538));
#8650=CARTESIAN_POINT('Ctrl Pts',(6.5,-2.10179668423991,21.9083204590482));
#8651=CARTESIAN_POINT('Ctrl Pts',(6.5,-2.10276122870923,21.9130136299563));
#8652=CARTESIAN_POINT('Ctrl Pts',(6.4999929604871,-2.10372562514107,21.9177068287329));
#8653=CARTESIAN_POINT('Ctrl Pts',(6.49997888199944,-2.10468986982688,21.9224000401268));
#8654=CARTESIAN_POINT('Ctrl Pts',(6.49924925799146,-2.15466228797943,22.1656278491141));
#8655=CARTESIAN_POINT('Ctrl Pts',(6.47961648960774,-2.20412378153208,22.4084003152433));
#8656=CARTESIAN_POINT('Ctrl Pts',(6.44137629399322,-2.2525873127625,22.648631123116));
#8657=CARTESIAN_POINT('Ctrl Pts',(6.42616991551267,-2.271859044681,22.7441599385024));
#8658=CARTESIAN_POINT('Ctrl Pts',(6.40802116414379,-2.29097342322538,22.8392871447638));
#8659=CARTESIAN_POINT('Ctrl Pts',(6.38694863477498,-2.30990180331663,22.9338828660654));
#8660=CARTESIAN_POINT('Ctrl Pts',(6.33784257206095,-2.35401127890772,23.1543226310986));
#8661=CARTESIAN_POINT('Ctrl Pts',(6.27304505634036,-2.39694177494687,23.3710446915428));
#8662=CARTESIAN_POINT('Ctrl Pts',(6.19313607184428,-2.43838040656566,23.5824799998648));
#8663=CARTESIAN_POINT('Ctrl Pts',(6.14834188875075,-2.46160945475821,23.7010032419399));
#8664=CARTESIAN_POINT('Ctrl Pts',(6.09879918100948,-2.48437046379481,23.817865711224));
#8665=CARTESIAN_POINT('Ctrl Pts',(6.04461011175602,-2.50661434117617,23.9327950158335));
#8666=CARTESIAN_POINT('Ctrl Pts',(5.94714346403938,-2.54662307707898,24.139511503107));
#8667=CARTESIAN_POINT('Ctrl Pts',(5.83510895494878,-2.58476819488471,24.3390001208207));
#8668=CARTESIAN_POINT('Ctrl Pts',(5.70949431510383,-2.62084219985724,24.5298542562613));
#8669=CARTESIAN_POINT('Ctrl Pts',(5.57884540702975,-2.65836194568732,24.7283572685497));
#8670=CARTESIAN_POINT('Ctrl Pts',(5.43350605213939,-2.693641366787,24.9175199219389));
#8671=CARTESIAN_POINT('Ctrl Pts',(5.27458756011383,-2.72649429958095,25.0957909755984));
#8672=CARTESIAN_POINT('Ctrl Pts',(5.24188581907039,-2.73325467143605,25.132475025126));
#8673=CARTESIAN_POINT('Ctrl Pts',(5.20860908172207,-2.73991244381179,25.168697977818));
#8674=CARTESIAN_POINT('Ctrl Pts',(5.17476703139182,-2.74646621448133,25.2044464628538));
#8675=CARTESIAN_POINT('Ctrl Pts',(6.5,-2.09520993439165,21.876282988707));
#8676=CARTESIAN_POINT('Ctrl Pts',(6.5,-2.09652783438416,21.8826908475244));
#8677=CARTESIAN_POINT('Ctrl Pts',(6.5,-2.09784546011556,21.8890985244798));
#8678=CARTESIAN_POINT('Ctrl Pts',(6.5,-2.09916281083904,21.8955060190781));
#8679=CARTESIAN_POINT('Ctrl Pts',(6.5,-2.10047988580796,21.9019133308241));
#8680=CARTESIAN_POINT('Ctrl Pts',(6.5,-2.10179668427581,21.9083204592229));
#8681=CARTESIAN_POINT('Ctrl Pts',(5.14662424730247,-2.48173623098528,25.2341746231179));
#8682=CARTESIAN_POINT('Ctrl Pts',(5.15360020771662,-2.57017832608822,25.2268056837646));
#8683=CARTESIAN_POINT('Ctrl Pts',(5.16298592990957,-2.65856214761526,25.2168912327756));
#8684=CARTESIAN_POINT('Ctrl Pts',(5.17478623816695,-2.74647395436612,25.2044261740974));
#8685=CARTESIAN_POINT('Ctrl Pts',(1.5,4.7,0.));
#8686=CARTESIAN_POINT('Ctrl Pts',(1.5,4.7,42.));
#8687=CARTESIAN_POINT('Ctrl Pts',(1.99617730587352,4.7,0.));
#8688=CARTESIAN_POINT('Ctrl Pts',(1.99617730587352,4.7,42.));
#8689=CARTESIAN_POINT('Ctrl Pts',(2.90711727862375,4.67515384530923,0.));
#8690=CARTESIAN_POINT('Ctrl Pts',(2.90711727862375,4.67515384530923,42.));
#8691=CARTESIAN_POINT('Ctrl Pts',(4.02949825548939,4.56338463176606,0.));
#8692=CARTESIAN_POINT('Ctrl Pts',(4.02949825548939,4.56338463176606,42.));
#8693=CARTESIAN_POINT('Ctrl Pts',(5.10113450342949,4.26118483287921,0.));
#8694=CARTESIAN_POINT('Ctrl Pts',(5.10113450342949,4.26118483287921,42.));
#8695=CARTESIAN_POINT('Ctrl Pts',(5.94001926401786,3.53850276673688,0.));
#8696=CARTESIAN_POINT('Ctrl Pts',(5.94001926401786,3.53850276673688,42.));
#8697=CARTESIAN_POINT('Ctrl Pts',(6.32232755123009,2.53370734285787,0.));
#8698=CARTESIAN_POINT('Ctrl Pts',(6.32232755123009,2.53370734285787,42.));
#8699=CARTESIAN_POINT('Ctrl Pts',(6.46768457013234,1.42610915169316,0.));
#8700=CARTESIAN_POINT('Ctrl Pts',(6.46768457013234,1.42610915169316,42.));
#8701=CARTESIAN_POINT('Ctrl Pts',(6.5,0.505727352128575,0.));
#8702=CARTESIAN_POINT('Ctrl Pts',(6.5,0.505727352128575,42.));
#8703=CARTESIAN_POINT('Ctrl Pts',(6.5,0.,0.));
#8704=CARTESIAN_POINT('Ctrl Pts',(6.5,0.,42.));
#8705=CARTESIAN_POINT('Ctrl Pts',(1.5,4.7,32.8));
#8706=CARTESIAN_POINT('Ctrl Pts',(3.1771730441907,4.7,32.8));
#8707=CARTESIAN_POINT('Ctrl Pts',(4.11736512180201,4.52996430300056,32.8));
#8708=CARTESIAN_POINT('Ctrl Pts',(4.81234178187607,4.25228188994945,32.8));
#8709=CARTESIAN_POINT('Ctrl Pts',(4.8956622917081,4.21470325637376,32.8));
#8710=CARTESIAN_POINT('Ctrl Pts',(4.975,4.17433473780666,32.8));
#8711=CARTESIAN_POINT('',(6.49352896214721,0.487911133358283,23.2));
#8712=CARTESIAN_POINT('Ctrl Pts',(6.49655919340784,0.359349297365711,24.0531890373582));
#8713=CARTESIAN_POINT('Ctrl Pts',(6.49572789064267,0.401596902683855,23.7685383989932));
#8714=CARTESIAN_POINT('Ctrl Pts',(6.49472482344091,0.444494507769109,23.4840844260011));
#8715=CARTESIAN_POINT('Ctrl Pts',(6.49352896214721,0.487911133358282,23.2));
#8716=CARTESIAN_POINT('Ctrl Pts',(6.48821962820931,0.649830287103391,22.156284782513));
#8717=CARTESIAN_POINT('Ctrl Pts',(6.49031820795097,0.595118312826373,22.5041662629113));
#8718=CARTESIAN_POINT('Ctrl Pts',(6.49206824501683,0.541088760021116,22.8520472205849));
#8719=CARTESIAN_POINT('Ctrl Pts',(6.4935289621469,0.487911133369608,23.1999999999259));
#8720=CARTESIAN_POINT('',(6.5,0.,0.));
#8721=CARTESIAN_POINT('Origin',(6.5,-1.78118975465555,30.1));
#8722=CARTESIAN_POINT('Ctrl Pts',(6.5,1.89858174833652,14.484996712882));
#8723=CARTESIAN_POINT('Ctrl Pts',(6.5,1.90747918382513,14.4292107289926));
#8724=CARTESIAN_POINT('Ctrl Pts',(6.5,1.97725921170364,13.9910909383756));
#8725=CARTESIAN_POINT('Ctrl Pts',(6.5,2.04612723953397,13.5538012410867));
#8726=CARTESIAN_POINT('Ctrl Pts',(6.5,2.11390061460907,13.1175078857943));
#8727=CARTESIAN_POINT('Ctrl Pts',(6.5,2.18039916286974,12.6823748651261));
#8728=CARTESIAN_POINT('Ctrl Pts',(6.5,2.23734440989954,12.3036247907904));
#8729=CARTESIAN_POINT('',(6.5,-0.805079690778021,15.8));
#8730=CARTESIAN_POINT('Ctrl Pts',(6.5,-0.805079690778022,15.8));
#8731=CARTESIAN_POINT('Ctrl Pts',(6.5,-1.05826258086867,16.9959391268628));
#8732=CARTESIAN_POINT('Ctrl Pts',(6.5,-1.31815195473523,18.2015471703842));
#8733=CARTESIAN_POINT('Ctrl Pts',(6.5,-1.57857165636579,19.4075068731093));
#8734=CARTESIAN_POINT('Ctrl Pts',(6.5,-1.83447425229939,20.6104712927269));
#8735=CARTESIAN_POINT('Ctrl Pts',(6.5,-2.08099365006045,21.8072137337443));
#8736=CARTESIAN_POINT('Ctrl Pts',(6.5,-2.08223924365959,21.8132615458292));
#8737=CARTESIAN_POINT('',(6.5,1.35,0.));
#8738=CARTESIAN_POINT('Ctrl Pts',(6.5,1.35,0.));
#8739=CARTESIAN_POINT('Ctrl Pts',(6.5,1.35,1.30074945002728));
#8740=CARTESIAN_POINT('Ctrl Pts',(6.5,1.24279348362407,3.97333676134858));
#8741=CARTESIAN_POINT('Ctrl Pts',(6.5,0.887706287727611,7.08298857507089));
#8742=CARTESIAN_POINT('Ctrl Pts',(6.5,0.322624621237268,10.3318872722286));
#8743=CARTESIAN_POINT('Ctrl Pts',(6.5,-0.352613002518947,13.6538301485865));
#8744=CARTESIAN_POINT('Ctrl Pts',(6.5,-0.737921942530865,15.4827724860396));
#8745=CARTESIAN_POINT('Ctrl Pts',(6.5,-0.805079690778021,15.8));
#8746=CARTESIAN_POINT('',(6.5,1.34952365930091,0.717090847792119));
#8747=CARTESIAN_POINT('Ctrl Pts',(6.5,1.34952365930091,0.717090847792119));
#8748=CARTESIAN_POINT('Ctrl Pts',(6.5,1.34984060272938,0.480985173267025));
#8749=CARTESIAN_POINT('Ctrl Pts',(6.5,1.35,0.241970854736952));
#8750=CARTESIAN_POINT('Ctrl Pts',(6.5,1.35,0.));
#8751=CARTESIAN_POINT('',(6.5,1.19867531008138,10.7170908477921));
#8752=CARTESIAN_POINT('Ctrl Pts',(6.5,1.19867531008138,10.7170908477921));
#8753=CARTESIAN_POINT('Ctrl Pts',(6.5,1.25434116802637,9.11909640299727));
#8754=CARTESIAN_POINT('Ctrl Pts',(6.5,1.29822645820193,7.33445277246097));
#8755=CARTESIAN_POINT('Ctrl Pts',(6.5,1.32913997775507,5.34553520672026));
#8756=CARTESIAN_POINT('Ctrl Pts',(6.5,1.34627089302273,3.14022541122391));
#8757=CARTESIAN_POINT('Ctrl Pts',(6.5,1.34952365930091,0.717090847792119));
#8758=CARTESIAN_POINT('Ctrl Pts',(6.5,1.13562850090361,12.3036247907904));
#8759=CARTESIAN_POINT('Ctrl Pts',(6.5,1.14921702857094,12.0018799121808));
#8760=CARTESIAN_POINT('Ctrl Pts',(6.5,1.16232777225083,11.692528255478));
#8761=CARTESIAN_POINT('Ctrl Pts',(6.5,1.17494862629285,11.3753912556454));
#8762=CARTESIAN_POINT('Ctrl Pts',(6.5,1.1870680720865,11.0502987155944));
#8763=CARTESIAN_POINT('Ctrl Pts',(6.5,1.19867531008138,10.7170908477921));
#8764=CARTESIAN_POINT('Origin',(2.51019739856008,0.,28.0191201223002));
#8765=CARTESIAN_POINT('',(-1.47960520287984,-0.570209653927501,32.2336815097348));
#8766=CARTESIAN_POINT('Ctrl Pts',(-1.47960520126758,-0.57020965381523,32.2336815080317));
#8767=CARTESIAN_POINT('Ctrl Pts',(0.163960603698801,-0.455758869486834,
30.4975282013946));
#8768=CARTESIAN_POINT('Ctrl Pts',(2.27360771381079,-0.239697715748892,28.2690376870563));
#8769=CARTESIAN_POINT('Ctrl Pts',(5.13102769329578,0.185916398169574,25.2506497826333));
#8770=CARTESIAN_POINT('',(-1.47960520287984,-2.48173623098529,32.2336815097348));
#8771=CARTESIAN_POINT('',(-1.47960520287984,0.,32.2336815097348));
#8772=CARTESIAN_POINT('',(-1.47960520287984,-2.48173623098529,32.2336815097348));
#8773=CARTESIAN_POINT('Ctrl Pts',(-1.47960520287984,-3.6500000000002,32.2336815097348));
#8774=CARTESIAN_POINT('Ctrl Pts',(-1.47960520287984,-3.26057874366189,32.2336815097348));
#8775=CARTESIAN_POINT('Ctrl Pts',(-1.47960520287984,-2.87115748732359,32.2336815097348));
#8776=CARTESIAN_POINT('Ctrl Pts',(-1.47960520287984,-2.48173623098529,32.2336815097348));
#8777=CARTESIAN_POINT('Ctrl Pts',(0.738518875210712,-3.6500000000002,29.8906031607744));
#8778=CARTESIAN_POINT('Ctrl Pts',(0.738518875210712,-3.26057874366189,29.8906031607744));
#8779=CARTESIAN_POINT('Ctrl Pts',(0.738518875210712,-2.87115748732359,29.8906031607744));
#8780=CARTESIAN_POINT('Ctrl Pts',(0.738518875210712,-2.48173623098529,29.8906031607744));
#8781=CARTESIAN_POINT('Ctrl Pts',(2.95664295330127,-3.6500000000002,27.5475248118141));
#8782=CARTESIAN_POINT('Ctrl Pts',(2.95664295330127,-3.26057874366189,27.5475248118141));
#8783=CARTESIAN_POINT('Ctrl Pts',(2.95664295330127,-2.87115748732359,27.5475248118141));
#8784=CARTESIAN_POINT('Ctrl Pts',(2.95664295330127,-2.48173623098529,27.5475248118141));
#8785=CARTESIAN_POINT('Ctrl Pts',(5.17476703139182,-3.6500000000002,25.2044464628538));
#8786=CARTESIAN_POINT('Ctrl Pts',(5.17476703139182,-3.26057874366189,25.2044464628538));
#8787=CARTESIAN_POINT('Ctrl Pts',(5.17476703139182,-2.87115748732359,25.2044464628538));
#8788=CARTESIAN_POINT('Ctrl Pts',(5.17476703139182,-2.48173623098529,25.2044464628538));
#8789=CARTESIAN_POINT('',(-1.47960520287984,-3.65,32.2336815097348));
#8790=CARTESIAN_POINT('Ctrl Pts',(-1.47960520287984,-2.48173623098529,32.2336815097348));
#8791=CARTESIAN_POINT('Ctrl Pts',(-1.47960520287984,-2.87115748732359,32.2336815097348));
#8792=CARTESIAN_POINT('Ctrl Pts',(-1.47960520287984,-3.26057874366189,32.2336815097348));
#8793=CARTESIAN_POINT('Ctrl Pts',(-1.47960520287984,-3.6500000000002,32.2336815097348));
#8794=CARTESIAN_POINT('',(-0.636546263694042,-3.65,31.3431302701467));
#8795=CARTESIAN_POINT('',(-1.47960520287984,-3.65,32.2336815097348));
#8796=CARTESIAN_POINT('Ctrl Pts',(5.17476703139181,-2.74646621448134,25.2044464628538));
#8797=CARTESIAN_POINT('Ctrl Pts',(4.94205591492744,-2.79153245596586,25.4502669667363));
#8798=CARTESIAN_POINT('Ctrl Pts',(4.7093114425173,-2.83580074316363,25.6961227056153));
#8799=CARTESIAN_POINT('Ctrl Pts',(4.47663151883071,-2.87916181186981,25.9419102595276));
#8800=CARTESIAN_POINT('Ctrl Pts',(3.789910936507,-3.00713563049716,26.6673160851626));
#8801=CARTESIAN_POINT('Ctrl Pts',(3.10126992108108,-3.12767068768481,27.3947505282527));
#8802=CARTESIAN_POINT('Ctrl Pts',(2.41298010883712,-3.23784208291887,28.1218139837232));
#8803=CARTESIAN_POINT('Ctrl Pts',(1.40031221530738,-3.39993519072644,29.1915288114254));
#8804=CARTESIAN_POINT('Ctrl Pts',(0.381985753395889,-3.54063067239793,30.267220973395));
#8805=CARTESIAN_POINT('Ctrl Pts',(-0.636546263694044,-3.65,31.3431302701467));
#8806=CARTESIAN_POINT('Ctrl Pts',(-1.47965308370344,-3.733380555278,32.2362412127225));
#8807=CARTESIAN_POINT('Ctrl Pts',(-1.47962069400696,-3.70518471522251,32.2345086586502));
#8808=CARTESIAN_POINT('Ctrl Pts',(-1.47960520287984,-3.67732866606034,32.2336815097348));
#8809=CARTESIAN_POINT('Ctrl Pts',(-1.47960520287984,-3.65,32.2336815097348));
#8810=CARTESIAN_POINT('Ctrl Pts',(-1.19863175107787,-3.74683139319663,31.9396720892727));
#8811=CARTESIAN_POINT('Ctrl Pts',(-1.198600502057,-3.71408450819179,31.9377491027571));
#8812=CARTESIAN_POINT('Ctrl Pts',(-1.19858555648458,-3.68173606422325,31.9368310965388));
#8813=CARTESIAN_POINT('Ctrl Pts',(-1.19858555648458,-3.65,31.9368310965388));
#8814=CARTESIAN_POINT('Ctrl Pts',(-0.917610418452297,-3.76028223111526,
31.6431029658228));
#8815=CARTESIAN_POINT('Ctrl Pts',(-0.917580310107045,-3.72298430116106,
31.6409895468641));
#8816=CARTESIAN_POINT('Ctrl Pts',(-0.917565910089309,-3.68614346238616,
31.6399806833427));
#8817=CARTESIAN_POINT('Ctrl Pts',(-0.917565910089309,-3.65,31.6399806833427));
#8818=CARTESIAN_POINT('Ctrl Pts',(-0.636589085826725,-3.77373306903389,
31.3465338423729));
#8819=CARTESIAN_POINT('Ctrl Pts',(-0.636560118157086,-3.73188409413033,
31.344229990971));
#8820=CARTESIAN_POINT('Ctrl Pts',(-0.636546263694043,-3.69055086054907,
31.3431302701467));
#8821=CARTESIAN_POINT('Ctrl Pts',(-0.636546263694043,-3.65,31.3431302701467));
#8822=CARTESIAN_POINT('',(-1.47965308370344,-3.733380555278,32.2362412127225));
#8823=CARTESIAN_POINT('Ctrl Pts',(-0.636546263694051,-3.65,31.3431302701467));
#8824=CARTESIAN_POINT('Ctrl Pts',(-0.91939541493874,-3.68036924133486,31.6419132502556));
#8825=CARTESIAN_POINT('Ctrl Pts',(-1.20128771383304,-3.70825586090317,31.9401591889157));
#8826=CARTESIAN_POINT('Ctrl Pts',(-1.47965308370344,-3.733380555278,32.2362412127225));
#8827=CARTESIAN_POINT('Ctrl Pts',(-1.47960520287984,-3.65,32.2336815097348));
#8828=CARTESIAN_POINT('Ctrl Pts',(-1.47960520287984,-3.67732866606034,32.2336815097348));
#8829=CARTESIAN_POINT('Ctrl Pts',(-1.47962069400696,-3.70518471522251,32.2345086586502));
#8830=CARTESIAN_POINT('Ctrl Pts',(-1.47965308370344,-3.733380555278,32.2362412127225));
#8831=CARTESIAN_POINT('Origin',(1.975,0.,40.));
#8832=CARTESIAN_POINT('',(6.5,-0.605347165942441,32.8045587348655));
#8833=CARTESIAN_POINT('Ctrl Pts',(6.5,-0.605347165942441,32.8045587348655));
#8834=CARTESIAN_POINT('Ctrl Pts',(6.16811381707349,-0.593428307465215,32.5958453394801));
#8835=CARTESIAN_POINT('Ctrl Pts',(5.82145217733844,-0.581787900842222,32.4098820348052));
#8836=CARTESIAN_POINT('Ctrl Pts',(4.45263503391741,-0.541328889209465,31.794081290258));
#8837=CARTESIAN_POINT('Ctrl Pts',(3.36381112488813,-0.521044856871482,31.5413971646374));
#8838=CARTESIAN_POINT('Ctrl Pts',(1.145688398068,-0.515411448334558,31.4678118710351));
#8839=CARTESIAN_POINT('Ctrl Pts',(0.0384789608017863,-0.530263527324855,
31.6492628423302));
#8840=CARTESIAN_POINT('Ctrl Pts',(-1.1636029446281,-0.561209150566744,32.0988104181613));
#8841=CARTESIAN_POINT('Ctrl Pts',(-1.32274264855648,-0.56560991470931,32.1639060817786));
#8842=CARTESIAN_POINT('Ctrl Pts',(-1.47960520287984,-0.570209653927501,
32.2336815097348));
#8843=CARTESIAN_POINT('',(8.91644660853728,-0.69201633140574,35.0942565312864));
#8844=CARTESIAN_POINT('Ctrl Pts',(6.5,-0.605347165942441,32.8045587348655));
#8845=CARTESIAN_POINT('Ctrl Pts',(7.44844095060315,-0.639408039958244,33.4010051713439));
#8846=CARTESIAN_POINT('Ctrl Pts',(8.26971707426163,-0.676028043460204,34.1791580225754));
#8847=CARTESIAN_POINT('Ctrl Pts',(8.91644660853728,-0.69201633140574,35.0942565312864));
#8848=CARTESIAN_POINT('',(8.91644660853728,0.38264627443113,35.0942565312864));
#8849=CARTESIAN_POINT('',(8.91644660853728,0.,35.0942565312864));
#8850=CARTESIAN_POINT('Ctrl Pts',(8.91644660853728,0.38264627443113,35.0942565312864));
#8851=CARTESIAN_POINT('Ctrl Pts',(8.35871091564638,0.394304591513441,34.30508103555));
#8852=CARTESIAN_POINT('Ctrl Pts',(7.67046444360412,0.408388647647243,33.6167810732069));
#8853=CARTESIAN_POINT('Ctrl Pts',(6.83320528293865,0.422793599007013,33.0249501729322));
#8854=CARTESIAN_POINT('Ctrl Pts',(6.78471110634186,0.423619117621169,32.9914229994863));
#8855=CARTESIAN_POINT('Ctrl Pts',(6.73589395805757,0.424440709293648,32.9584171722452));
#8856=CARTESIAN_POINT('',(-2.92662016737339,1.65,33.0556411573999));
#8857=CARTESIAN_POINT('Origin',(1.975,1.65,40.));
#8858=CARTESIAN_POINT('',(-2.92662016737339,0.422046622141139,33.0556411573999));
#8859=CARTESIAN_POINT('',(-2.92662016737339,0.,33.0556411573999));
#8860=CARTESIAN_POINT('',(-1.78106588351281,0.439937992342488,32.3749118642004));
#8861=CARTESIAN_POINT('Ctrl Pts',(-2.92662016737339,0.422046622141139,33.0556411573999));
#8862=CARTESIAN_POINT('Ctrl Pts',(-2.56368560748582,0.428286501430564,32.7994667000448));
#8863=CARTESIAN_POINT('Ctrl Pts',(-2.18070758900541,0.434371162068317,32.5717726150398));
#8864=CARTESIAN_POINT('Ctrl Pts',(-1.7810658835128,0.439937992342487,32.3749118642004));
#8865=CARTESIAN_POINT('',(-1.7810658835128,-1.03576598418981,32.3749118642004));
#8866=CARTESIAN_POINT('',(-1.78106588351281,0.,32.3749118642004));
#8867=CARTESIAN_POINT('',(-2.92662016737339,-1.05846690757694,33.0556411573999));
#8868=CARTESIAN_POINT('Ctrl Pts',(-1.7810658835128,-1.03576598418981,32.3749118642004));
#8869=CARTESIAN_POINT('Ctrl Pts',(-2.18073128460429,-1.04282784018134,32.5717842873285));
#8870=CARTESIAN_POINT('Ctrl Pts',(-2.56370647669905,-1.05054801044279,32.7994814304122));
#8871=CARTESIAN_POINT('Ctrl Pts',(-2.92662016737339,-1.05846690757694,33.0556411573999));
#8872=CARTESIAN_POINT('',(-2.92662016737339,-3.65,33.0556411573999));
#8873=CARTESIAN_POINT('',(-2.92662016737339,0.,33.0556411573999));
#8874=CARTESIAN_POINT('Origin',(1.975,-3.65,40.));
#8875=CARTESIAN_POINT('Origin',(9.775,0.,40.));
#8876=CARTESIAN_POINT('',(9.775,0.743756219744682,28.9380693435669));
#8877=CARTESIAN_POINT('',(9.775,1.2539878487587,28.9380717277527));
#8878=CARTESIAN_POINT('',(9.775,0.743756219744682,28.9380693435669));
#8879=CARTESIAN_POINT('',(9.775,1.25398814487974,32.3432540893555));
#8880=CARTESIAN_POINT('',(9.775,1.25398781676446,28.9380717277527));
#8881=CARTESIAN_POINT('',(9.775,2.41087735058224,28.9380693447865));
#8882=CARTESIAN_POINT('',(9.775,1.25398831607952,32.3432541468732));
#8883=CARTESIAN_POINT('',(9.775,2.88836687803268,28.9380693435669));
#8884=CARTESIAN_POINT('',(9.775,2.41087734699249,28.9380693435669));
#8885=CARTESIAN_POINT('',(9.775,4.05071352262438,32.2859550407445));
#8886=CARTESIAN_POINT('',(9.775,2.88836666733232,28.9380694167196));
#8887=CARTESIAN_POINT('',(9.775,4.0507135941621,28.9380693435669));
#8888=CARTESIAN_POINT('',(9.775,4.05071371755284,32.28595495224));
#8889=CARTESIAN_POINT('',(9.775,4.56094533205032,28.9380693435669));
#8890=CARTESIAN_POINT('',(9.775,4.05071347951889,28.9380693435669));
#8891=CARTESIAN_POINT('',(9.775,4.56094565645922,32.9380702972412));
#8892=CARTESIAN_POINT('',(9.775,4.56094526138307,28.9380693435669));
#8893=CARTESIAN_POINT('',(9.775,3.84880363941193,32.9380702972412));
#8894=CARTESIAN_POINT('',(9.775,4.56094563007355,32.9380702972412));
#8895=CARTESIAN_POINT('',(9.775,2.67827212811381,29.5137882232636));
#8896=CARTESIAN_POINT('Ctrl Pts',(9.775,3.84880363940296,32.9380702972443));
#8897=CARTESIAN_POINT('Ctrl Pts',(9.775,3.45638086911124,31.7977055241737));
#8898=CARTESIAN_POINT('Ctrl Pts',(9.775,3.04786770686832,30.661640661696));
#8899=CARTESIAN_POINT('Ctrl Pts',(9.775,2.67827212811381,29.5137882232636));
#8900=CARTESIAN_POINT('',(9.775,1.54048204424068,32.9380702972481));
#8901=CARTESIAN_POINT('Ctrl Pts',(9.775,2.67827212810502,29.5137882232666));
#8902=CARTESIAN_POINT('Ctrl Pts',(9.775,2.31790369824116,30.6609759764342));
#8903=CARTESIAN_POINT('Ctrl Pts',(9.775,1.92175715950011,31.7975621266101));
#8904=CARTESIAN_POINT('Ctrl Pts',(9.775,1.54048204424068,32.9380702972481));
#8905=CARTESIAN_POINT('',(9.775,0.7437564432621,32.9380702972412));
#8906=CARTESIAN_POINT('',(9.775,1.54048204421997,32.9380702972412));
#8907=CARTESIAN_POINT('',(9.775,0.743756450584235,32.9380702972412));
#8908=CARTESIAN_POINT('Origin',(9.975,0.99887203425169,28.9380705356598));
#8909=CARTESIAN_POINT('',(9.975,0.743756219744682,28.9380693435669));
#8910=CARTESIAN_POINT('',(9.975,0.743756219744682,28.9380693435669));
#8911=CARTESIAN_POINT('',(9.975,1.2539878487587,28.9380717277527));
#8912=CARTESIAN_POINT('',(9.975,0.499461861962462,28.93806820204));
#8913=CARTESIAN_POINT('',(9.975,1.2539878487587,28.9380717277527));
#8914=CARTESIAN_POINT('Origin',(9.975,1.2539879808221,30.6406629085541));
#8915=CARTESIAN_POINT('',(9.975,1.25398814487974,32.3432540893555));
#8916=CARTESIAN_POINT('',(9.975,1.25398843174383,35.3203313938613));
#8917=CARTESIAN_POINT('',(9.975,1.25398814487974,32.3432540893555));
#8918=CARTESIAN_POINT('Origin',(9.975,1.83243283333088,30.6406617458298));
#8919=CARTESIAN_POINT('',(9.975,2.41087735058224,28.9380693447865));
#8920=CARTESIAN_POINT('',(9.975,0.312258374112583,35.115140119009));
#8921=CARTESIAN_POINT('',(9.975,2.41087735058224,28.9380693447865));
#8922=CARTESIAN_POINT('Origin',(9.975,2.64962211430746,28.9380693435669));
#8923=CARTESIAN_POINT('',(9.975,2.88836687803268,28.9380693435669));
#8924=CARTESIAN_POINT('',(9.975,1.32481105715373,28.9380693435669));
#8925=CARTESIAN_POINT('',(9.975,2.88836687803268,28.9380693435669));
#8926=CARTESIAN_POINT('Origin',(9.975,3.46954009497835,30.612012228732));
#8927=CARTESIAN_POINT('',(9.975,4.05071352262438,32.2859550407445));
#8928=CARTESIAN_POINT('',(9.975,4.73731414702111,34.2635578100028));
#8929=CARTESIAN_POINT('',(9.975,4.05071352262438,32.2859550407445));
#8930=CARTESIAN_POINT('Origin',(9.975,4.05071365585747,30.6120121479034));
#8931=CARTESIAN_POINT('',(9.975,4.0507135941621,28.9380693435669));
#8932=CARTESIAN_POINT('',(9.975,4.0507138288608,35.3060059993045));
#8933=CARTESIAN_POINT('',(9.975,4.0507135941621,28.9380693435669));
#8934=CARTESIAN_POINT('Origin',(9.975,4.30582946310621,28.9380693435669));
#8935=CARTESIAN_POINT('',(9.975,4.56094533205032,28.9380693435669));
#8936=CARTESIAN_POINT('',(9.975,2.15291473155311,28.9380693435669));
#8937=CARTESIAN_POINT('',(9.975,4.56094533205032,28.9380693435669));
#8938=CARTESIAN_POINT('Origin',(9.975,4.56094545892115,30.9380698204041));
#8939=CARTESIAN_POINT('',(9.975,4.56094565645922,32.9380702972412));
#8940=CARTESIAN_POINT('',(9.975,4.56094590644008,35.4690346849619));
#8941=CARTESIAN_POINT('',(9.975,4.56094565645922,32.9380702972412));
#8942=CARTESIAN_POINT('Origin',(9.975,4.20487463474274,32.9380702972412));
#8943=CARTESIAN_POINT('',(9.975,3.84880363941193,32.9380702972412));
#8944=CARTESIAN_POINT('',(9.975,2.10243731737137,32.9380702972412));
#8945=CARTESIAN_POINT('',(9.975,3.84880363941193,32.9380702972412));
#8946=CARTESIAN_POINT('Ctrl Pts',(9.775,3.84880363940296,32.9380702972443));
#8947=CARTESIAN_POINT('Ctrl Pts',(9.975,3.84880363940296,32.9380702972443));
#8948=CARTESIAN_POINT('Ctrl Pts',(9.775,3.45638086911124,31.7977055241737));
#8949=CARTESIAN_POINT('Ctrl Pts',(9.975,3.45638086911124,31.7977055241737));
#8950=CARTESIAN_POINT('Ctrl Pts',(9.775,3.04786770686832,30.661640661696));
#8951=CARTESIAN_POINT('Ctrl Pts',(9.975,3.04786770686832,30.661640661696));
#8952=CARTESIAN_POINT('Ctrl Pts',(9.775,2.67827212811381,29.5137882232636));
#8953=CARTESIAN_POINT('Ctrl Pts',(9.975,2.67827212811381,29.5137882232636));
#8954=CARTESIAN_POINT('',(9.975,2.67827212811381,29.5137882232636));
#8955=CARTESIAN_POINT('Ctrl Pts',(9.975,2.67827212811381,29.5137882232636));
#8956=CARTESIAN_POINT('Ctrl Pts',(9.975,3.04786770686832,30.661640661696));
#8957=CARTESIAN_POINT('Ctrl Pts',(9.975,3.45638086911124,31.7977055241737));
#8958=CARTESIAN_POINT('Ctrl Pts',(9.975,3.84880363940296,32.9380702972443));
#8959=CARTESIAN_POINT('',(9.975,2.67827212811381,29.5137882232636));
#8960=CARTESIAN_POINT('Ctrl Pts',(9.775,2.67827212810502,29.5137882232666));
#8961=CARTESIAN_POINT('Ctrl Pts',(9.975,2.67827212810502,29.5137882232666));
#8962=CARTESIAN_POINT('Ctrl Pts',(9.775,2.31790369824116,30.6609759764342));
#8963=CARTESIAN_POINT('Ctrl Pts',(9.975,2.31790369824116,30.6609759764342));
#8964=CARTESIAN_POINT('Ctrl Pts',(9.775,1.92175715950011,31.7975621266101));
#8965=CARTESIAN_POINT('Ctrl Pts',(9.975,1.92175715950011,31.7975621266101));
#8966=CARTESIAN_POINT('Ctrl Pts',(9.775,1.54048204424068,32.9380702972481));
#8967=CARTESIAN_POINT('Ctrl Pts',(9.975,1.54048204424068,32.9380702972481));
#8968=CARTESIAN_POINT('',(9.975,1.54048204424068,32.9380702972481));
#8969=CARTESIAN_POINT('Ctrl Pts',(9.975,1.54048204424068,32.9380702972481));
#8970=CARTESIAN_POINT('Ctrl Pts',(9.975,1.92175715950011,31.7975621266101));
#8971=CARTESIAN_POINT('Ctrl Pts',(9.975,2.31790369824116,30.6609759764342));
#8972=CARTESIAN_POINT('Ctrl Pts',(9.975,2.67827212810502,29.5137882232666));
#8973=CARTESIAN_POINT('',(9.975,1.54048204424068,32.9380702972481));
#8974=CARTESIAN_POINT('Origin',(9.975,1.14211924374104,32.9380702972412));
#8975=CARTESIAN_POINT('',(9.975,0.7437564432621,32.9380702972412));
#8976=CARTESIAN_POINT('',(9.975,0.571059621870518,32.9380702972412));
#8977=CARTESIAN_POINT('',(9.975,0.7437564432621,32.9380702972412));
#8978=CARTESIAN_POINT('Origin',(9.975,0.743756327781014,30.9380698204041));
#8979=CARTESIAN_POINT('',(9.975,0.743756605989501,35.4690348873681));
#8980=CARTESIAN_POINT('Origin',(-1.4891016151472,4.8,45.4999999999941));
#8981=CARTESIAN_POINT('',(-2.98132580232904,7.3,45.4999999999952));
#8982=CARTESIAN_POINT('',(-1.4891016151472,7.3,45.4999999999941));
#8983=CARTESIAN_POINT('',(7.42499999999249,7.3,45.5000000000064));
#8984=CARTESIAN_POINT('',(-1.4891016151472,9.2,45.4999999999941));
#8985=CARTESIAN_POINT('',(-1.4891016151472,6.8,45.4999999999941));
#8986=CARTESIAN_POINT('',(-2.98132580232869,8.89719609499037,45.4999999999928));
#8987=CARTESIAN_POINT('Ctrl Pts',(-2.98132580232869,8.89719609499037,45.4999999999928));
#8988=CARTESIAN_POINT('Ctrl Pts',(-2.8711538371174,8.95287007687388,45.4999999999929));
#8989=CARTESIAN_POINT('Ctrl Pts',(-2.75663036910214,8.99860603407982,45.499999999993));
#8990=CARTESIAN_POINT('Ctrl Pts',(-2.29862314598604,9.15007700961587,45.4999999999934));
#8991=CARTESIAN_POINT('Ctrl Pts',(-1.85834838252205,9.2,45.4999999999937));
#8992=CARTESIAN_POINT('Ctrl Pts',(-1.4891016151472,9.2,45.4999999999941));
#8993=CARTESIAN_POINT('',(-2.98132580232869,4.8,45.4999999999928));
#8994=CARTESIAN_POINT('Origin',(7.42499999999249,6.8,45.5000000000064));
#8995=CARTESIAN_POINT('',(-2.98132580232903,6.3,45.4999999999952));
#8996=CARTESIAN_POINT('',(-2.98132580232904,5.8,45.4999999999952));
#8997=CARTESIAN_POINT('',(-3.4750000000064,6.3,45.4999999999924));
#8998=CARTESIAN_POINT('',(7.42499999999249,6.3,45.5000000000064));
#8999=CARTESIAN_POINT('',(-3.4750000000064,7.3,45.4999999999924));
#9000=CARTESIAN_POINT('',(-3.4750000000064,6.8,45.4999999999924));
#9001=CARTESIAN_POINT('',(7.42499999999249,7.3,45.5000000000064));
#9002=CARTESIAN_POINT('Origin',(1.975,7.7,40.));
#9003=CARTESIAN_POINT('',(5.34478769852097,9.2,45.5582848853668));
#9004=CARTESIAN_POINT('',(5.08529012324385,7.8,47.3670016804991));
#9005=CARTESIAN_POINT('Ctrl Pts',(5.34478769852097,9.2,45.5582848853668));
#9006=CARTESIAN_POINT('Ctrl Pts',(5.30920404913331,9.2,45.8063054852156));
#9007=CARTESIAN_POINT('Ctrl Pts',(5.26704581805289,9.15223953316651,46.1001513931275));
#9008=CARTESIAN_POINT('Ctrl Pts',(5.20529419808303,8.99074468035342,46.5305646332005));
#9009=CARTESIAN_POINT('Ctrl Pts',(5.17389252107288,8.86185189794908,46.7494365842888));
#9010=CARTESIAN_POINT('Ctrl Pts',(5.1316092225643,8.59144269187989,47.0441542211854));
#9011=CARTESIAN_POINT('Ctrl Pts',(5.11231261522568,8.40996748689202,47.1786529645557));
#9012=CARTESIAN_POINT('Ctrl Pts',(5.09302293699266,8.10828396819012,47.3131034115609));
#9013=CARTESIAN_POINT('Ctrl Pts',(5.08694057684551,7.94900814639723,47.3554978999889));
#9014=CARTESIAN_POINT('Ctrl Pts',(5.08529012324386,7.8,47.3670016804991));
#9015=CARTESIAN_POINT('',(5.08473696857749,7.7,47.3708572083756));
#9016=CARTESIAN_POINT('Ctrl Pts',(5.08529012324385,7.8,47.3670016804991));
#9017=CARTESIAN_POINT('Ctrl Pts',(5.0849129068468,7.76594371628515,47.369630905963));
#9018=CARTESIAN_POINT('Ctrl Pts',(5.08473696857748,7.73243828954697,47.3708572083756));
#9019=CARTESIAN_POINT('Ctrl Pts',(5.08473696857748,7.7,47.3708572083756));
#9020=CARTESIAN_POINT('',(9.975,7.7,40.));
#9021=CARTESIAN_POINT('Origin',(1.975,7.7,40.));
#9022=CARTESIAN_POINT('',(8.475,9.2,40.));
#9023=CARTESIAN_POINT('Origin',(8.475,7.7,40.));
#9024=CARTESIAN_POINT('',(7.47052197104402,9.2,43.4712012712853));
#9025=CARTESIAN_POINT('Origin',(1.975,9.2,40.));
#9026=CARTESIAN_POINT('',(7.47052197104402,8.50068097171204,45.490693421387));
#9027=CARTESIAN_POINT('Ctrl Pts',(7.47052197104402,9.2,43.4712012712853));
#9028=CARTESIAN_POINT('Ctrl Pts',(7.47052197104402,9.2,43.8051186006291));
#9029=CARTESIAN_POINT('Ctrl Pts',(7.47052197104402,9.15887076337896,44.203702987151));
#9030=CARTESIAN_POINT('Ctrl Pts',(7.47052197104402,9.0025620775413,44.7470641523904));
#9031=CARTESIAN_POINT('Ctrl Pts',(7.47052197104402,8.89170785452937,45.0017612745817));
#9032=CARTESIAN_POINT('Ctrl Pts',(7.47052197104402,8.69021965029679,45.2951386941021));
#9033=CARTESIAN_POINT('Ctrl Pts',(7.47052197104402,8.60130736395882,45.4008240931882));
#9034=CARTESIAN_POINT('Ctrl Pts',(7.47052197104402,8.50068097171204,45.490693421387));
#9035=CARTESIAN_POINT('',(5.45383396446818,9.2,45.490693421387));
#9036=CARTESIAN_POINT('Ctrl Pts',(7.47052197104402,8.50068097171204,45.490693421387));
#9037=CARTESIAN_POINT('Ctrl Pts',(7.41591981337718,8.56187259370715,45.490693421387));
#9038=CARTESIAN_POINT('Ctrl Pts',(7.3567324003294,8.61763392894902,45.490693421387));
#9039=CARTESIAN_POINT('Ctrl Pts',(7.10819730871169,8.82322238237777,45.490693421387));
#9040=CARTESIAN_POINT('Ctrl Pts',(6.84366102810213,8.95686334400663,45.490693421387));
#9041=CARTESIAN_POINT('Ctrl Pts',(6.2600692001426,9.15006190327791,45.490693421387));
#9042=CARTESIAN_POINT('Ctrl Pts',(5.8215929647568,9.2,45.490693421387));
#9043=CARTESIAN_POINT('Ctrl Pts',(5.45383396446818,9.2,45.490693421387));
#9044=CARTESIAN_POINT('Origin',(1.975,9.2,40.));
#9045=CARTESIAN_POINT('Origin',(1.975,7.7,40.));
#9046=CARTESIAN_POINT('',(-3.08109043146479,7.8,46.1953666525941));
#9047=CARTESIAN_POINT('Ctrl Pts',(-3.08109043146479,7.8,46.1953666525941));
#9048=CARTESIAN_POINT('Ctrl Pts',(-3.07943997786313,7.94900814639723,46.1838628720839));
#9049=CARTESIAN_POINT('Ctrl Pts',(-3.07335761771599,8.10828396819012,46.1414683836559));
#9050=CARTESIAN_POINT('Ctrl Pts',(-3.05406793948296,8.40996748689202,46.0070179366507));
#9051=CARTESIAN_POINT('Ctrl Pts',(-3.03477133214434,8.59144269187989,45.8725191932804));
#9052=CARTESIAN_POINT('Ctrl Pts',(-3.00506212646665,8.78143834036558,45.6654438893131));
#9053=CARTESIAN_POINT('Ctrl Pts',(-2.99360399863722,8.84300090104142,45.5855799128435));
#9054=CARTESIAN_POINT('Ctrl Pts',(-2.98132580232869,8.89719609499037,45.4999999999928));
#9055=CARTESIAN_POINT('',(-1.5038339644682,9.2,45.490693421387));
#9056=CARTESIAN_POINT('Origin',(1.975,9.2,40.));
#9057=CARTESIAN_POINT('',(-3.50409829819706,8.5187840942657,45.490693421387));
#9058=CARTESIAN_POINT('Ctrl Pts',(-1.50383396446821,9.2,45.490693421387));
#9059=CARTESIAN_POINT('Ctrl Pts',(-1.87159296475683,9.2,45.490693421387));
#9060=CARTESIAN_POINT('Ctrl Pts',(-2.31006920014264,9.15006190327791,45.490693421387));
#9061=CARTESIAN_POINT('Ctrl Pts',(-2.89366102810217,8.95686334400663,45.490693421387));
#9062=CARTESIAN_POINT('Ctrl Pts',(-3.15819730871173,8.82322238237777,45.490693421387));
#9063=CARTESIAN_POINT('Ctrl Pts',(-3.40094531362289,8.62242101232672,45.490693421387));
#9064=CARTESIAN_POINT('Ctrl Pts',(-3.45417575149369,8.57291251374418,45.490693421387));
#9065=CARTESIAN_POINT('Ctrl Pts',(-3.50409829819706,8.5187840942657,45.490693421387));
#9066=CARTESIAN_POINT('',(-3.50409829819685,9.2,43.49706760568));
#9067=CARTESIAN_POINT('Ctrl Pts',(-3.50409829819706,8.5187840942657,45.490693421387));
#9068=CARTESIAN_POINT('Ctrl Pts',(-3.50409829819705,8.57316946052296,45.4406398188851));
#9069=CARTESIAN_POINT('Ctrl Pts',(-3.50409829819705,8.62290943742119,45.3872382405859));
#9070=CARTESIAN_POINT('Ctrl Pts',(-3.50409829819702,8.82373329169945,45.1446990592214));
#9071=CARTESIAN_POINT('Ctrl Pts',(-3.50409829819699,8.9573279907142,44.8806704575275));
#9072=CARTESIAN_POINT('Ctrl Pts',(-3.50409829819693,9.15004473704833,44.2992621399523));
#9073=CARTESIAN_POINT('Ctrl Pts',(-3.50409829819689,9.2,43.8629972997761));
#9074=CARTESIAN_POINT('Ctrl Pts',(-3.50409829819685,9.2,43.49706760568));
#9075=CARTESIAN_POINT('',(-4.26280756949381,9.2,38.1724998697768));
#9076=CARTESIAN_POINT('Origin',(1.975,9.2,40.));
#9077=CARTESIAN_POINT('',(-5.70230162399239,7.7,37.7507690704946));
#9078=CARTESIAN_POINT('Origin',(-4.26280756949381,7.7,38.1724998697768));
#9079=CARTESIAN_POINT('',(-3.08164358613116,7.7,46.1992221804706));
#9080=CARTESIAN_POINT('Origin',(1.975,7.7,40.));
#9081=CARTESIAN_POINT('Ctrl Pts',(-3.08164358613116,7.7,46.1992221804706));
#9082=CARTESIAN_POINT('Ctrl Pts',(-3.08164358613116,7.73243828954697,46.1992221804706));
#9083=CARTESIAN_POINT('Ctrl Pts',(-3.08146764786185,7.76594371628515,46.1979958780581));
#9084=CARTESIAN_POINT('Ctrl Pts',(-3.08109043146479,7.8,46.1953666525941));
#9085=CARTESIAN_POINT('Origin',(1.975,6.8,40.));
#9086=CARTESIAN_POINT('',(5.34478769852097,7.2,45.5582848853668));
#9087=CARTESIAN_POINT('',(5.34478769852097,6.8,45.5582848853668));
#9088=CARTESIAN_POINT('',(5.45383396446817,7.3,45.490693421387));
#9089=CARTESIAN_POINT('',(5.45383396446817,7.2,45.490693421387));
#9090=CARTESIAN_POINT('',(5.43910161513105,7.3,45.5000000000042));
#9091=CARTESIAN_POINT('Origin',(1.975,7.3,40.));
#9092=CARTESIAN_POINT('',(5.43910161513105,7.2,45.5000000000042));
#9093=CARTESIAN_POINT('',(5.43910161513105,7.2,45.5000000000042));
#9094=CARTESIAN_POINT('Origin',(1.975,7.2,40.));
#9095=CARTESIAN_POINT('Origin',(1.975,6.8,40.));
#9096=CARTESIAN_POINT('',(-1.5038339644682,7.3,45.490693421387));
#9097=CARTESIAN_POINT('Origin',(1.975,7.3,40.));
#9098=CARTESIAN_POINT('',(-1.5038339644682,7.2,45.490693421387));
#9099=CARTESIAN_POINT('Origin',(2.48413450197095,7.2,38.5));
#9100=CARTESIAN_POINT('',(-3.47499999999446,7.2,35.2370005046241));
#9101=CARTESIAN_POINT('',(-3.47500000000639,7.2,45.490693421387));
#9102=CARTESIAN_POINT('',(-3.47500000000233,7.2,41.9999999999927));
#9103=CARTESIAN_POINT('',(-3.4743357573783,7.2,35.1767038738379));
#9104=CARTESIAN_POINT('Origin',(-0.737999999716375,7.2,35.2370000002749));
#9105=CARTESIAN_POINT('',(-3.50409829819601,7.2,35.3036920660814));
#9106=CARTESIAN_POINT('Ctrl Pts',(-3.50409829819601,7.2,35.3036920660814));
#9107=CARTESIAN_POINT('Ctrl Pts',(-3.49412570516114,7.2,35.2613746850299));
#9108=CARTESIAN_POINT('Ctrl Pts',(-3.48420479420318,7.2,35.2190452570642));
#9109=CARTESIAN_POINT('Ctrl Pts',(-3.4743357573783,7.2,35.1767038738379));
#9110=CARTESIAN_POINT('',(-3.50409829819706,7.2,45.490693421387));
#9111=CARTESIAN_POINT('',(-3.504098298196,7.2,35.2533756667507));
#9112=CARTESIAN_POINT('',(-3.50409829819706,7.2,45.490693421387));
#9113=CARTESIAN_POINT('Origin',(2.48413450197095,7.2,38.5));
#9114=CARTESIAN_POINT('',(5.3531498624969,7.2,45.5000000000041));
#9115=CARTESIAN_POINT('',(6.01453874733836,7.2,40.8900718230294));
#9116=CARTESIAN_POINT('',(4.95456725097798,7.2,45.5000000000037));
#9117=CARTESIAN_POINT('Origin',(-3.50409829819601,7.2,35.3036920660814));
#9118=CARTESIAN_POINT('',(-3.50409829819706,7.2,45.490693421387));
#9119=CARTESIAN_POINT('',(-3.50409829834132,9.2,35.3036920673146));
#9120=CARTESIAN_POINT('',(-3.50409829819601,7.2,35.3036920660814));
#9121=CARTESIAN_POINT('',(-3.50409829819635,9.2,38.6205960330183));
#9122=CARTESIAN_POINT('Origin',(5.45383396446817,7.2,45.490693421387));
#9123=CARTESIAN_POINT('',(7.4249999999925,7.3,45.490693421387));
#9124=CARTESIAN_POINT('',(3.71441698223517,7.3,45.490693421387));
#9125=CARTESIAN_POINT('',(7.47052197104402,7.2,45.490693421387));
#9126=CARTESIAN_POINT('',(7.47052197104402,7.2,45.490693421387));
#9127=CARTESIAN_POINT('',(7.4249999999925,7.2,45.490693421387));
#9128=CARTESIAN_POINT('',(3.69591440182818,7.2,45.490693421387));
#9129=CARTESIAN_POINT('',(7.4249999999925,7.,45.490693421387));
#9130=CARTESIAN_POINT('Origin',(8.475,7.2,40.));
#9131=CARTESIAN_POINT('',(8.475,9.2,33.0717967697245));
#9132=CARTESIAN_POINT('',(8.475,9.2,40.9687499999779));
#9133=CARTESIAN_POINT('',(8.475,7.2,33.0717967697245));
#9134=CARTESIAN_POINT('',(8.475,9.2,33.0717967697245));
#9135=CARTESIAN_POINT('',(8.475,7.2,40.));
#9136=CARTESIAN_POINT('',(8.475,7.2,33.0717967697245));
#9137=CARTESIAN_POINT('',(8.475,7.2,40.));
#9138=CARTESIAN_POINT('Origin',(1.975,7.2,40.));
#9139=CARTESIAN_POINT('',(7.47052197104402,7.2,43.4712012712853));
#9140=CARTESIAN_POINT('Origin',(1.975,7.2,40.));
#9141=CARTESIAN_POINT('',(7.47052197104402,7.2,43.4712012712853));
#9142=CARTESIAN_POINT('Origin',(7.47052197104402,7.2,45.490693421387));
#9143=CARTESIAN_POINT('',(7.47052197104402,7.2,45.490693421387));
#9144=CARTESIAN_POINT('Origin',(-3.50409829819706,7.2,45.490693421387));
#9145=CARTESIAN_POINT('',(-3.47500000000639,7.3,45.490693421387));
#9146=CARTESIAN_POINT('',(-0.764549149097409,7.3,45.490693421387));
#9147=CARTESIAN_POINT('',(-3.47500000000639,7.,45.490693421387));
#9148=CARTESIAN_POINT('Ctrl Pts',(-2.80284298736526,7.2,31.7888967618179));
#9149=CARTESIAN_POINT('Ctrl Pts',(-2.80284298736526,17.2,31.7888967618179));
#9150=CARTESIAN_POINT('Ctrl Pts',(-2.99495119096381,7.2,32.9683154850655));
#9151=CARTESIAN_POINT('Ctrl Pts',(-2.99495119096381,17.2,32.9683154850655));
#9152=CARTESIAN_POINT('Ctrl Pts',(-3.22999176550807,7.2,34.1405572071809));
#9153=CARTESIAN_POINT('Ctrl Pts',(-3.22999176550807,17.2,34.1405572071809));
#9154=CARTESIAN_POINT('Ctrl Pts',(-3.50409829819601,7.2,35.3036920660814));
#9155=CARTESIAN_POINT('Ctrl Pts',(-3.50409829819601,17.2,35.3036920660814));
#9156=CARTESIAN_POINT('',(-3.47433575737828,7.3,35.1767038738378));
#9157=CARTESIAN_POINT('Ctrl Pts',(-3.47433575737828,7.3,35.1767038738378));
#9158=CARTESIAN_POINT('Ctrl Pts',(-3.47433575737828,7.26666666666667,35.1767038738378));
#9159=CARTESIAN_POINT('Ctrl Pts',(-3.47433575737828,7.23333333333333,35.1767038738378));
#9160=CARTESIAN_POINT('Ctrl Pts',(-3.47433575737828,7.2,35.1767038738378));
#9161=CARTESIAN_POINT('',(-3.24191700142684,7.3,34.1317540321449));
#9162=CARTESIAN_POINT('Ctrl Pts',(-3.24192040821394,7.3,34.1317541015468));
#9163=CARTESIAN_POINT('Ctrl Pts',(-3.31582747162002,7.3,34.4808422734207));
#9164=CARTESIAN_POINT('Ctrl Pts',(-3.39333360727159,7.3,34.8291760213187));
#9165=CARTESIAN_POINT('Ctrl Pts',(-3.47433586004463,7.3,35.1767039567315));
#9166=CARTESIAN_POINT('',(-3.24191700135942,7.2,34.1317540319351));
#9167=CARTESIAN_POINT('Ctrl Pts',(-3.24191700142684,7.2,34.1317540321449));
#9168=CARTESIAN_POINT('Ctrl Pts',(-3.24191700142684,7.23333333333333,34.1317540321449));
#9169=CARTESIAN_POINT('Ctrl Pts',(-3.24191700142684,7.26666666666667,34.1317540321449));
#9170=CARTESIAN_POINT('Ctrl Pts',(-3.24191700142684,7.3,34.1317540321449));
#9171=CARTESIAN_POINT('',(-2.80284298736375,7.2,31.7888967618151));
#9172=CARTESIAN_POINT('Ctrl Pts',(-3.24192040816756,7.2,34.1317541013278));
#9173=CARTESIAN_POINT('Ctrl Pts',(-3.07733342943488,7.2,33.35435387903));
#9174=CARTESIAN_POINT('Ctrl Pts',(-2.93059527513355,7.2,32.5732122533443));
#9175=CARTESIAN_POINT('Ctrl Pts',(-2.80284298736526,7.2,31.7888967618179));
#9176=CARTESIAN_POINT('',(-2.80284298736526,9.2,31.7888967618179));
#9177=CARTESIAN_POINT('',(-2.80284298736526,7.2,31.7888967618179));
#9178=CARTESIAN_POINT('Ctrl Pts',(-3.50413865500692,9.2,35.3036825570144));
#9179=CARTESIAN_POINT('Ctrl Pts',(-3.23003997379418,9.2,34.1405533011867));
#9180=CARTESIAN_POINT('Ctrl Pts',(-2.9949530675196,9.2,32.9683270058907));
#9181=CARTESIAN_POINT('Ctrl Pts',(-2.80284298736526,9.2,31.7888967618179));
#9182=CARTESIAN_POINT('Origin',(5.74975326287229,0.,42.7356457261751));
#9183=CARTESIAN_POINT('',(5.3531498624969,6.3,45.5000000000041));
#9184=CARTESIAN_POINT('',(5.3531498624969,3.4,45.5000000000041));
#9185=CARTESIAN_POINT('',(5.42488513248921,6.3,45.0000000000046));
#9186=CARTESIAN_POINT('',(5.97426023666004,6.3,41.1708159443146));
#9187=CARTESIAN_POINT('',(5.42488513248921,4.7,45.0000000000046));
#9188=CARTESIAN_POINT('',(5.42488513248921,3.15,45.0000000000046));
#9189=CARTESIAN_POINT('',(5.74975326287229,4.7,42.7356457261751));
#9190=CARTESIAN_POINT('',(5.84039659493609,4.7,42.1038551713097));
#9191=CARTESIAN_POINT('',(5.74975326287229,3.15,42.7356457261751));
#9192=CARTESIAN_POINT('',(5.74975326287229,0.,42.7356457261751));
#9193=CARTESIAN_POINT('',(5.08473696857749,3.15,47.3708572083756));
#9194=CARTESIAN_POINT('',(5.9039717701133,3.15,41.6607316200638));
#9195=CARTESIAN_POINT('',(5.08473696857749,0.,47.3708572083756));
#9196=CARTESIAN_POINT('Origin',(7.42499999999249,6.8,45.5000000000064));
#9197=CARTESIAN_POINT('',(7.42499999999249,7.3,45.5000000000064));
#9198=CARTESIAN_POINT('',(7.42499999999249,7.3,45.5000000000064));
#9199=CARTESIAN_POINT('',(7.42499999999249,6.3,45.5000000000064));
#9200=CARTESIAN_POINT('',(7.42499999999249,6.8,45.5000000000064));
#9201=CARTESIAN_POINT('',(7.42499999999249,6.3,45.5000000000064));
#9202=CARTESIAN_POINT('Origin',(7.4250000000066,6.8,35.16300477305));
#9203=CARTESIAN_POINT('',(7.4250000000066,7.2,35.16300477305));
#9204=CARTESIAN_POINT('',(7.42500000000433,7.2,36.8315023865284));
#9205=CARTESIAN_POINT('',(7.4250000000066,6.3,35.16300477305));
#9206=CARTESIAN_POINT('',(7.4250000000066,6.8,35.16300477305));
#9207=CARTESIAN_POINT('',(7.4250000000066,6.3,35.16300477305));
#9208=CARTESIAN_POINT('',(7.4250000000066,7.3,35.16300477305));
#9209=CARTESIAN_POINT('Origin',(1.97500000000224,7.3,39.0000000000016));
#9210=CARTESIAN_POINT('Origin',(1.97500000000224,7.3,39.0000000000016));
#9211=CARTESIAN_POINT('Origin',(-0.737999999716375,7.3,35.2370000002749));
#9212=CARTESIAN_POINT('Origin',(4.76200000027509,6.8,35.1629999997389));
#9213=CARTESIAN_POINT('',(5.37500000001037,7.2,32.5715139397885));
#9214=CARTESIAN_POINT('Origin',(4.76200000027509,7.2,35.1629999997389));
#9215=CARTESIAN_POINT('',(5.37500000001037,6.3,32.5715139397885));
#9216=CARTESIAN_POINT('',(5.37500000001037,6.8,32.5715139397885));
#9217=CARTESIAN_POINT('Origin',(4.76200000027509,6.3,35.1629999997389));
#9218=CARTESIAN_POINT('Origin',(5.37500000001037,6.8,32.099999999995));
#9219=CARTESIAN_POINT('',(5.37499999999261,7.2,32.099999999995));
#9220=CARTESIAN_POINT('',(5.37500000001037,7.2,35.2999999999975));
#9221=CARTESIAN_POINT('',(5.37499999999261,6.8,32.099999999995));
#9222=CARTESIAN_POINT('',(5.37500000001037,6.3,36.6999999999994));
#9223=CARTESIAN_POINT('',(5.37500000001037,6.8,36.6999999999994));
#9224=CARTESIAN_POINT('',(5.37500000001037,6.3,35.5499999999983));
#9225=CARTESIAN_POINT('Origin',(-1.42499999998962,6.8,32.099999999995));
#9226=CARTESIAN_POINT('',(-1.42499999998962,7.2,32.099999999995));
#9227=CARTESIAN_POINT('',(0.529567250990661,7.2,32.099999999995));
#9228=CARTESIAN_POINT('',(-1.42499999998962,6.8,32.099999999995));
#9229=CARTESIAN_POINT('Origin',(-1.42499999998962,6.8,32.099999999995));
#9230=CARTESIAN_POINT('',(0.529567250990661,7.2,32.099999999995));
#9231=CARTESIAN_POINT('Origin',(1.975,9.2,40.));
#9232=CARTESIAN_POINT('',(-4.5639224590702,5.7,33.1085202551049));
#9233=CARTESIAN_POINT('Ctrl Pts',(-2.80284298736526,7.2,31.7888967618179));
#9234=CARTESIAN_POINT('Ctrl Pts',(-3.08207934404575,7.2,31.9513776647956));
#9235=CARTESIAN_POINT('Ctrl Pts',(-3.35541576244533,7.13787967782669,32.1305396023109));
#9236=CARTESIAN_POINT('Ctrl Pts',(-3.85423304502271,6.9119398452398,32.4921282176066));
#9237=CARTESIAN_POINT('Ctrl Pts',(-4.07141708110561,6.74759742470327,32.6694437318872));
#9238=CARTESIAN_POINT('Ctrl Pts',(-4.33176163427264,6.43889208690291,32.8942698382361));
#9239=CARTESIAN_POINT('Ctrl Pts',(-4.41756791550948,6.30357812325087,32.9720769379374));
#9240=CARTESIAN_POINT('Ctrl Pts',(-4.50499938195666,6.08037866310737,33.0529840596102));
#9241=CARTESIAN_POINT('Ctrl Pts',(-4.52704499217971,6.00612146157172,33.0736855386143));
#9242=CARTESIAN_POINT('Ctrl Pts',(-4.55641613396787,5.85382309547911,33.1013771549159));
#9243=CARTESIAN_POINT('Ctrl Pts',(-4.56392245907076,5.77746075659474,33.1085202551078));
#9244=CARTESIAN_POINT('Ctrl Pts',(-4.56392245907076,5.7,33.1085202551078));
#9245=CARTESIAN_POINT('',(-4.56392245907076,7.2,33.1085202551078));
#9246=CARTESIAN_POINT('Ctrl Pts',(-4.5639224590702,5.7,33.1085202551049));
#9247=CARTESIAN_POINT('Ctrl Pts',(-4.5639224590702,6.2,33.1085202551049));
#9248=CARTESIAN_POINT('Ctrl Pts',(-4.56392245907064,6.7,33.1085202551072));
#9249=CARTESIAN_POINT('Ctrl Pts',(-4.56392245907076,7.2,33.1085202551078));
#9250=CARTESIAN_POINT('',(-4.56392245907076,7.7,33.1085202551078));
#9251=CARTESIAN_POINT('Ctrl Pts',(-4.56392245907076,7.7,33.1085202551078));
#9252=CARTESIAN_POINT('Ctrl Pts',(-4.56392245907076,7.53333333333333,33.1085202551078));
#9253=CARTESIAN_POINT('Ctrl Pts',(-4.56392245907076,7.36666666666667,33.1085202551078));
#9254=CARTESIAN_POINT('Ctrl Pts',(-4.56392245907076,7.2,33.1085202551078));
#9255=CARTESIAN_POINT('Ctrl Pts',(-2.80284298736526,9.2,31.7888967618179));
#9256=CARTESIAN_POINT('Ctrl Pts',(-3.08291448790098,9.2,31.9518636148679));
#9257=CARTESIAN_POINT('Ctrl Pts',(-3.35706434098406,9.1375066942456,32.1316263503732));
#9258=CARTESIAN_POINT('Ctrl Pts',(-3.85859220492399,8.90957308862015,32.4954017994992));
#9259=CARTESIAN_POINT('Ctrl Pts',(-4.07721317052609,8.74300342578591,32.6742152422418));
#9260=CARTESIAN_POINT('Ctrl Pts',(-4.33658480580621,8.43175604679647,32.8985804115436));
#9261=CARTESIAN_POINT('Ctrl Pts',(-4.4211585175385,8.29669679879457,32.975361530667));
#9262=CARTESIAN_POINT('Ctrl Pts',(-4.50676214698847,8.07475663790233,33.0546339845504));
#9263=CARTESIAN_POINT('Ctrl Pts',(-4.52818826958033,8.00141457411008,33.074760722511));
#9264=CARTESIAN_POINT('Ctrl Pts',(-4.55666240229047,7.85130836424717,33.1016120961447));
#9265=CARTESIAN_POINT('Ctrl Pts',(-4.56392245907076,7.7761778792918,33.1085202551078));
#9266=CARTESIAN_POINT('Ctrl Pts',(-4.56392245907076,7.7,33.1085202551078));
#9267=CARTESIAN_POINT('Origin',(1.975,9.2,40.));
#9268=CARTESIAN_POINT('',(9.975,7.7,34.8765246170202));
#9269=CARTESIAN_POINT('Ctrl Pts',(9.975,7.7,34.8765246170202));
#9270=CARTESIAN_POINT('Ctrl Pts',(9.975,7.79739347652838,34.8765246170202));
#9271=CARTESIAN_POINT('Ctrl Pts',(9.96543511332198,7.89331567773828,34.861512921393));
#9272=CARTESIAN_POINT('Ctrl Pts',(9.92977916889877,8.07739693350637,34.8064910363246));
#9273=CARTESIAN_POINT('Ctrl Pts',(9.9036728012719,8.16555830829688,34.7664985332587));
#9274=CARTESIAN_POINT('Ctrl Pts',(9.80655732098846,8.4129917427375,34.6213133530489));
#9275=CARTESIAN_POINT('Ctrl Pts',(9.7159406924786,8.55531387109994,34.490624014641));
#9276=CARTESIAN_POINT('Ctrl Pts',(9.47992138624219,8.83501156415772,34.1705074719072));
#9277=CARTESIAN_POINT('Ctrl Pts',(9.30226590144954,8.97012036987311,33.9459999374794));
#9278=CARTESIAN_POINT('Ctrl Pts',(8.90627702121513,9.15312580185114,33.4963747407279));
#9279=CARTESIAN_POINT('Ctrl Pts',(8.6875380873399,9.2,33.2711987678749));
#9280=CARTESIAN_POINT('Ctrl Pts',(8.475,9.2,33.0717967697245));
#9281=CARTESIAN_POINT('',(9.975,5.7,34.8765246170202));
#9282=CARTESIAN_POINT('',(9.975,9.2,34.8765246170202));
#9283=CARTESIAN_POINT('Ctrl Pts',(9.975,5.7,34.8765246170202));
#9284=CARTESIAN_POINT('Ctrl Pts',(9.975,5.79739347652838,34.8765246170202));
#9285=CARTESIAN_POINT('Ctrl Pts',(9.96543511332198,5.89331567773828,34.861512921393));
#9286=CARTESIAN_POINT('Ctrl Pts',(9.92977916889877,6.07739693350637,34.8064910363246));
#9287=CARTESIAN_POINT('Ctrl Pts',(9.9036728012719,6.16555830829688,34.7664985332587));
#9288=CARTESIAN_POINT('Ctrl Pts',(9.80655732098846,6.4129917427375,34.6213133530489));
#9289=CARTESIAN_POINT('Ctrl Pts',(9.7159406924786,6.55531387109994,34.490624014641));
#9290=CARTESIAN_POINT('Ctrl Pts',(9.47992138624219,6.83501156415772,34.1705074719072));
#9291=CARTESIAN_POINT('Ctrl Pts',(9.30226590144954,6.97012036987312,33.9459999374794));
#9292=CARTESIAN_POINT('Ctrl Pts',(8.90627702121513,7.15312580185114,33.4963747407279));
#9293=CARTESIAN_POINT('Ctrl Pts',(8.68753808733991,7.2,33.2711987678749));
#9294=CARTESIAN_POINT('Ctrl Pts',(8.475,7.2,33.0717967697245));
#9295=CARTESIAN_POINT('Origin',(1.50917820697866,9.2,41.9374999999558));
#9296=CARTESIAN_POINT('Ctrl Pts',(-4.26280756949381,9.2,38.1724998697768));
#9297=CARTESIAN_POINT('Ctrl Pts',(-3.98468312897773,9.2,37.2231775077037));
#9298=CARTESIAN_POINT('Ctrl Pts',(-3.73104370163264,9.2,36.2665470876193));
#9299=CARTESIAN_POINT('Ctrl Pts',(-3.50413865500692,9.2,35.3036825570144));
#9300=CARTESIAN_POINT('Origin',(9.25,0.,16.8));
#9301=CARTESIAN_POINT('',(9.24999999999997,5.25112332352997,16.8));
#9302=CARTESIAN_POINT('',(9.25,0.,16.8));
#9303=CARTESIAN_POINT('Ctrl Pts',(9.24900536997499,5.06525886103772,15.7997202842948));
#9304=CARTESIAN_POINT('Ctrl Pts',(9.24900536997499,5.12077111688956,16.1334050281357));
#9305=CARTESIAN_POINT('Ctrl Pts',(9.24900536997499,5.18194547023715,16.4667931303616));
#9306=CARTESIAN_POINT('Ctrl Pts',(9.24900536997499,5.24880010346294,16.800466173284));
#9307=CARTESIAN_POINT('Origin',(10.,-2.55806910889645,24.2));
#9308=CARTESIAN_POINT('',(10.,0.337620490688895,24.2));
#9309=CARTESIAN_POINT('Ctrl Pts',(9.24896391211237,6.69785616858044,24.1988892623088));
#9310=CARTESIAN_POINT('Ctrl Pts',(9.19723560023476,6.72905023524405,24.1988882511569));
#9311=CARTESIAN_POINT('Ctrl Pts',(9.14366079074053,6.75723565266643,24.1988753079993));
#9312=CARTESIAN_POINT('Ctrl Pts',(9.08851871461817,6.78224175225968,24.1988494622263));
#9313=CARTESIAN_POINT('Ctrl Pts',(9.07252095118086,6.78949649662032,24.1988419638768));
#9314=CARTESIAN_POINT('Ctrl Pts',(9.0563911608801,6.79648332945289,24.1988334192007));
#9315=CARTESIAN_POINT('Ctrl Pts',(9.04013594085502,6.80319729142222,24.1988239052865));
#9316=CARTESIAN_POINT('Ctrl Pts',(8.9838993574887,6.82642492423335,24.1987909909349));
#9317=CARTESIAN_POINT('Ctrl Pts',(8.92647236395347,6.8462625290239,24.1987468720711));
#9318=CARTESIAN_POINT('Ctrl Pts',(8.86815733500269,6.86258424070037,24.1986962343594));
#9319=CARTESIAN_POINT('Ctrl Pts',(8.80826372654911,6.87934777878021,24.1986442258921));
#9320=CARTESIAN_POINT('Ctrl Pts',(8.74743237949364,6.89240324759795,24.1985852464958));
#9321=CARTESIAN_POINT('Ctrl Pts',(8.68597076838787,6.90156092413716,24.1985316272255));
#9322=CARTESIAN_POINT('Ctrl Pts',(8.62833143085704,6.9101490883513,24.1984813425167));
#9323=CARTESIAN_POINT('Ctrl Pts',(8.5701368668637,6.91530909841008,24.1984357875243));
#9324=CARTESIAN_POINT('Ctrl Pts',(8.51163721858516,6.91683480805637,24.1984118099975));
#9325=CARTESIAN_POINT('Ctrl Pts',(8.50775789468351,6.91693598339796,24.1984102199607));
#9326=CARTESIAN_POINT('Ctrl Pts',(8.50387723065155,6.91702115794785,24.1984087273524));
#9327=CARTESIAN_POINT('Ctrl Pts',(8.49999530029187,6.91709026338436,24.1984073381851));
#9328=CARTESIAN_POINT('Origin',(10.,0.,16.8));
#9329=CARTESIAN_POINT('',(9.975,3.94222853280696,16.7999999980692));
#9330=CARTESIAN_POINT('',(9.975,0.,16.8));
#9331=CARTESIAN_POINT('Ctrl Pts',(9.24900536997494,5.24880010346297,16.800466173284));
#9332=CARTESIAN_POINT('Ctrl Pts',(9.30055221595567,5.21729626239951,16.8004289907732));
#9333=CARTESIAN_POINT('Ctrl Pts',(9.35019860204799,5.18280455993261,16.8003686943563));
#9334=CARTESIAN_POINT('Ctrl Pts',(9.39766107012525,5.14547549194698,16.8002957405493));
#9335=CARTESIAN_POINT('Ctrl Pts',(9.44356673167167,5.10937084694618,16.800225179685));
#9336=CARTESIAN_POINT('Ctrl Pts',(9.48743006396122,5.07061130824404,16.800142884414));
#9337=CARTESIAN_POINT('Ctrl Pts',(9.5289652779346,5.02929766040689,16.800064737669));
#9338=CARTESIAN_POINT('Ctrl Pts',(9.57132047989379,4.98716839874147,16.7999850481513));
#9339=CARTESIAN_POINT('Ctrl Pts',(9.61100957925469,4.94262699887205,16.7999122625001));
#9340=CARTESIAN_POINT('Ctrl Pts',(9.64778361359852,4.89583351225858,16.7998674140076));
#9341=CARTESIAN_POINT('Ctrl Pts',(9.68453939305458,4.84906325425904,16.7998225877783));
#9342=CARTESIAN_POINT('Ctrl Pts',(9.718384037041,4.8000428932517,16.7998056512714));
#9343=CARTESIAN_POINT('Ctrl Pts',(9.74926497118244,4.74911658606504,16.7998017008458));
#9344=CARTESIAN_POINT('Ctrl Pts',(9.78077878790764,4.69714658075948,16.799797669459));
#9345=CARTESIAN_POINT('Ctrl Pts',(9.80920664833281,4.64319079758019,16.7998073165069));
#9346=CARTESIAN_POINT('Ctrl Pts',(9.83444864987709,4.58758531653783,16.7998221641263));
#9347=CARTESIAN_POINT('Ctrl Pts',(9.84259305521581,4.5696440460776,16.7998269547539));
#9348=CARTESIAN_POINT('Ctrl Pts',(9.8504054300435,4.55153086534632,16.7998323331472));
#9349=CARTESIAN_POINT('Ctrl Pts',(9.85788133866464,4.53325666988811,16.7998381313267));
#9350=CARTESIAN_POINT('Ctrl Pts',(9.88109118202405,4.47652226667391,16.7998561324614));
#9351=CARTESIAN_POINT('Ctrl Pts',(9.90093745693924,4.41854101223201,16.7998789998513));
#9352=CARTESIAN_POINT('Ctrl Pts',(9.91736186746024,4.35966749785438,16.7998983848361));
#9353=CARTESIAN_POINT('Ctrl Pts',(9.93386291391358,4.30051928097471,16.7999178602708));
#9354=CARTESIAN_POINT('Ctrl Pts',(9.94691044653705,4.24046942886359,16.7999340112546));
#9355=CARTESIAN_POINT('Ctrl Pts',(9.9563979228686,4.17985608849602,16.799945058312));
#9356=CARTESIAN_POINT('Ctrl Pts',(9.9657048813471,4.12039603586143,16.7999558951776));
#9357=CARTESIAN_POINT('Ctrl Pts',(9.97158613870263,4.06039274341186,16.7999620127658));
#9358=CARTESIAN_POINT('Ctrl Pts',(9.97389198033706,4.00015988867063,16.7999652837619));
#9359=CARTESIAN_POINT('Ctrl Pts',(9.97462865526269,3.98091657502578,16.7999663287863));
#9360=CARTESIAN_POINT('Ctrl Pts',(9.975,3.96164984747684,16.799967099164));
#9361=CARTESIAN_POINT('Ctrl Pts',(9.975,3.94237006185968,16.7999676862262));
#9362=CARTESIAN_POINT('Ctrl Pts',(8.475,6.76156173959237,22.98385374577));
#9363=CARTESIAN_POINT('Ctrl Pts',(8.475,7.10382534906136,25.3342870760081));
#9364=CARTESIAN_POINT('Ctrl Pts',(8.475,7.2,27.6836578611833));
#9365=CARTESIAN_POINT('Ctrl Pts',(8.475,7.2,30.));
#9366=CARTESIAN_POINT('Ctrl Pts',(8.92379895051283,6.76156173959237,22.98385374577));
#9367=CARTESIAN_POINT('Ctrl Pts',(8.92379895051283,7.10387330474829,25.3346164029999));
#9368=CARTESIAN_POINT('Ctrl Pts',(8.92379895051283,7.2,27.6835115674157));
#9369=CARTESIAN_POINT('Ctrl Pts',(8.92379895051283,7.2,30.));
#9370=CARTESIAN_POINT('Ctrl Pts',(9.7010172277968,6.38916166070745,23.0380816166591));
#9371=CARTESIAN_POINT('Ctrl Pts',(9.7010172277968,6.72771035213792,25.3630034202982));
#9372=CARTESIAN_POINT('Ctrl Pts',(9.7010172277968,6.82367237580179,27.6949906016996));
#9373=CARTESIAN_POINT('Ctrl Pts',(9.7010172277968,6.82367237580179,30.));
#9374=CARTESIAN_POINT('Ctrl Pts',(9.975,5.61030279117045,23.1514968939721));
#9375=CARTESIAN_POINT('Ctrl Pts',(9.975,5.94112049687868,25.423327553784));
#9376=CARTESIAN_POINT('Ctrl Pts',(9.975,6.03659921288462,27.718574770776));
#9377=CARTESIAN_POINT('Ctrl Pts',(9.975,6.03659921288462,30.));
#9378=CARTESIAN_POINT('Ctrl Pts',(9.975,5.27721649781661,23.2));
#9379=CARTESIAN_POINT('Ctrl Pts',(9.975,5.60473324952233,25.4491619562324));
#9380=CARTESIAN_POINT('Ctrl Pts',(9.975,5.7,27.7286446713173));
#9381=CARTESIAN_POINT('Ctrl Pts',(9.975,5.7,30.));
#9382=CARTESIAN_POINT('',(8.475,7.2,30.));
#9383=CARTESIAN_POINT('Ctrl Pts',(8.475,6.79234750809158,23.1999998753478));
#9384=CARTESIAN_POINT('Ctrl Pts',(8.475,7.10963123901243,25.4782909282696));
#9385=CARTESIAN_POINT('Ctrl Pts',(8.475,7.2,27.7546628474545));
#9386=CARTESIAN_POINT('Ctrl Pts',(8.475,7.2,30.));
#9387=CARTESIAN_POINT('',(9.975,5.7,30.));
#9388=CARTESIAN_POINT('Origin',(8.475,5.7,30.));
#9389=CARTESIAN_POINT('Ctrl Pts',(9.975,5.7,30.));
#9390=CARTESIAN_POINT('Ctrl Pts',(9.975,5.7,27.7286446713173));
#9391=CARTESIAN_POINT('Ctrl Pts',(9.975,5.60473324952233,25.4491619562324));
#9392=CARTESIAN_POINT('Ctrl Pts',(9.975,5.27721649781661,23.2));
#9393=CARTESIAN_POINT('Ctrl Pts',(10.,0.337620490688895,24.2));
#9394=CARTESIAN_POINT('Ctrl Pts',(6.5,0.337620490688895,24.2));
#9395=CARTESIAN_POINT('Ctrl Pts',(10.,0.408200958196151,23.7217735656133));
#9396=CARTESIAN_POINT('Ctrl Pts',(6.5,0.408200958196151,23.7217735656133));
#9397=CARTESIAN_POINT('Ctrl Pts',(10.,0.659324586438522,22.0587434637331));
#9398=CARTESIAN_POINT('Ctrl Pts',(6.5,0.659324586438522,22.0587434637331));
#9399=CARTESIAN_POINT('Ctrl Pts',(10.,0.930367221200657,20.3775832812142));
#9400=CARTESIAN_POINT('Ctrl Pts',(6.5,0.930367221200657,20.3775832812142));
#9401=CARTESIAN_POINT('Ctrl Pts',(10.,1.21124469588521,18.6874715256997));
#9402=CARTESIAN_POINT('Ctrl Pts',(6.5,1.21124469588521,18.6874715256997));
#9403=CARTESIAN_POINT('Ctrl Pts',(10.,1.49133991867673,16.9980717680394));
#9404=CARTESIAN_POINT('Ctrl Pts',(6.5,1.49133991867673,16.9980717680394));
#9405=CARTESIAN_POINT('Ctrl Pts',(10.,1.68646036599677,15.8));
#9406=CARTESIAN_POINT('Ctrl Pts',(6.5,1.68646036599677,15.8));
#9407=CARTESIAN_POINT('',(6.5,0.337620490688895,24.2));
#9408=CARTESIAN_POINT('',(10.,0.337620490688895,24.2));
#9409=CARTESIAN_POINT('Ctrl Pts',(6.5,0.337620490688895,24.2));
#9410=CARTESIAN_POINT('Ctrl Pts',(6.5,0.341952095290871,24.1706506927889));
#9411=CARTESIAN_POINT('Ctrl Pts',(6.5,0.346290832565485,24.1412948934904));
#9412=CARTESIAN_POINT('Ctrl Pts',(6.5,0.350636648261012,24.111932651484));
#9413=CARTESIAN_POINT('Ctrl Pts',(6.5,0.354989488016594,24.0825640162483));
#9414=CARTESIAN_POINT('Ctrl Pts',(6.5,0.359349297365714,24.0531890373582));
#9415=CARTESIAN_POINT('Origin',(-1.025,0.,32.8));
#9416=CARTESIAN_POINT('Origin',(2.70553877046462,7.2,28.4382623085101));
#9417=CARTESIAN_POINT('',(-2.54549735510268,7.2,30.));
#9418=CARTESIAN_POINT('',(1.35276938523231,7.2,30.));
#9419=CARTESIAN_POINT('Ctrl Pts',(-2.80284958970657,7.2,31.7888956864062));
#9420=CARTESIAN_POINT('Ctrl Pts',(-2.70599269709309,7.2,31.1942545273171));
#9421=CARTESIAN_POINT('Ctrl Pts',(-2.62004710243517,7.2,30.5978429323709));
#9422=CARTESIAN_POINT('Ctrl Pts',(-2.54549735510268,7.2,30.));
#9423=CARTESIAN_POINT('',(-1.42499999998963,7.2,32.5876227147327));
#9424=CARTESIAN_POINT('Origin',(-0.737999999716375,7.2,35.2370000002749));
#9425=CARTESIAN_POINT('',(-1.42499999998963,7.2,37.5999999999997));
#9426=CARTESIAN_POINT('Ctrl Pts',(-23.,7.2,30.));
#9427=CARTESIAN_POINT('Ctrl Pts',(23.,7.2,30.));
#9428=CARTESIAN_POINT('Ctrl Pts',(-23.,7.2,19.));
#9429=CARTESIAN_POINT('Ctrl Pts',(23.,7.2,19.));
#9430=CARTESIAN_POINT('Ctrl Pts',(-23.,4.85,19.));
#9431=CARTESIAN_POINT('Ctrl Pts',(23.,4.85,19.));
#9432=CARTESIAN_POINT('Ctrl Pts',(-23.,4.85,10.));
#9433=CARTESIAN_POINT('Ctrl Pts',(23.,4.85,10.));
#9434=CARTESIAN_POINT('',(8.475,4.85,10.));
#9435=CARTESIAN_POINT('Ctrl Pts',(8.475,4.85,10.));
#9436=CARTESIAN_POINT('Ctrl Pts',(8.475,4.85,11.3203693227335));
#9437=CARTESIAN_POINT('Ctrl Pts',(8.475,4.93704173427261,13.6148691742668));
#9438=CARTESIAN_POINT('Ctrl Pts',(8.475,5.27766656218815,15.8411206087594));
#9439=CARTESIAN_POINT('Ctrl Pts',(8.475,5.47116447112099,16.8000000024714));
#9440=CARTESIAN_POINT('',(-5.66194538809025,4.85,10.));
#9441=CARTESIAN_POINT('',(0.,4.85,10.));
#9442=CARTESIAN_POINT('',(-4.60736949333254,4.96133555002409,13.1305522155247));
#9443=CARTESIAN_POINT('Ctrl Pts',(-4.60736949333254,4.96133555002409,13.1305522155247));
#9444=CARTESIAN_POINT('Ctrl Pts',(-4.95849691872431,4.88176732166264,12.0966525664435));
#9445=CARTESIAN_POINT('Ctrl Pts',(-5.31015068539071,4.85,11.0521863702708));
#9446=CARTESIAN_POINT('Ctrl Pts',(-5.66194538809025,4.85,10.));
#9447=CARTESIAN_POINT('',(-1.,5.42412468246332,16.5626059272245));
#9448=CARTESIAN_POINT('Ctrl Pts',(-4.60736949333254,4.96133555002408,13.1305522155247));
#9449=CARTESIAN_POINT('Ctrl Pts',(-3.25483202283261,5.06036720883678,14.4173572557131));
#9450=CARTESIAN_POINT('Ctrl Pts',(-2.10186097011123,5.22030059342272,15.5142946745965));
#9451=CARTESIAN_POINT('Ctrl Pts',(-1.,5.42412468246332,16.5626059272245));
#9452=CARTESIAN_POINT('',(-2.32754644356547,6.35420964184865,20.7114698112523));
#9453=CARTESIAN_POINT('Ctrl Pts',(-0.999999999999999,5.42412468246332,16.5626059272245));
#9454=CARTESIAN_POINT('Ctrl Pts',(-1.4608836761069,5.70417498863726,18.0029650557551));
#9455=CARTESIAN_POINT('Ctrl Pts',(-1.85989040927375,6.04571265209071,19.2499456286335));
#9456=CARTESIAN_POINT('Ctrl Pts',(-2.32754644356547,6.35420964184866,20.7114698112523));
#9457=CARTESIAN_POINT('Ctrl Pts',(-2.54549735510268,7.2,30.));
#9458=CARTESIAN_POINT('Ctrl Pts',(-2.38553695285558,7.2,28.691809355664));
#9459=CARTESIAN_POINT('Ctrl Pts',(-2.13452525966271,7.13451599259092,25.6163983490403));
#9460=CARTESIAN_POINT('Ctrl Pts',(-2.19303910941893,6.7220024029203,22.4539114957567));
#9461=CARTESIAN_POINT('Ctrl Pts',(-2.32754644356547,6.35420964184866,20.7114698112523));
#9462=CARTESIAN_POINT('Ctrl Pts',(-23.,7.2,30.));
#9463=CARTESIAN_POINT('Ctrl Pts',(23.,7.2,30.));
#9464=CARTESIAN_POINT('Ctrl Pts',(-23.,7.2,19.));
#9465=CARTESIAN_POINT('Ctrl Pts',(23.,7.2,19.));
#9466=CARTESIAN_POINT('Ctrl Pts',(-23.,4.85,19.));
#9467=CARTESIAN_POINT('Ctrl Pts',(23.,4.85,19.));
#9468=CARTESIAN_POINT('Ctrl Pts',(-23.,4.85,10.));
#9469=CARTESIAN_POINT('Ctrl Pts',(23.,4.85,10.));
#9470=CARTESIAN_POINT('',(1.35276938523231,7.2,30.));
#9471=CARTESIAN_POINT('Ctrl Pts',(8.475,4.85,10.));
#9472=CARTESIAN_POINT('Ctrl Pts',(8.475,4.85,11.3203693227335));
#9473=CARTESIAN_POINT('Ctrl Pts',(8.475,4.93704173427261,13.6148691742668));
#9474=CARTESIAN_POINT('Ctrl Pts',(8.475,5.27766656218815,15.8411206087594));
#9475=CARTESIAN_POINT('Ctrl Pts',(8.475,5.47116447112099,16.8000000024714));
#9476=CARTESIAN_POINT('Ctrl Pts',(8.92379895051283,4.85,10.));
#9477=CARTESIAN_POINT('Ctrl Pts',(8.92379895051283,4.85,11.3202447511762));
#9478=CARTESIAN_POINT('Ctrl Pts',(8.92379895051283,4.93708483144664,13.6150429101362));
#9479=CARTESIAN_POINT('Ctrl Pts',(8.92379895051283,5.277693276896,15.8412529935639));
#9480=CARTESIAN_POINT('Ctrl Pts',(8.92379895051283,5.47116447112099,16.8000000024714));
#9481=CARTESIAN_POINT('Ctrl Pts',(9.70113360465467,4.47381208402894,10.));
#9482=CARTESIAN_POINT('Ctrl Pts',(9.70113360465467,4.47381208402894,11.3300193382995));
#9483=CARTESIAN_POINT('Ctrl Pts',(9.70113360465467,4.56130703548065,13.6465780293381));
#9484=CARTESIAN_POINT('Ctrl Pts',(9.70113360465467,4.9068423925134,15.9052785128879));
#9485=CARTESIAN_POINT('Ctrl Pts',(9.70113360465467,5.10240977341988,16.874413180377));
#9486=CARTESIAN_POINT('Ctrl Pts',(9.975,3.68659921288462,10.));
#9487=CARTESIAN_POINT('Ctrl Pts',(9.975,3.68659921288462,11.3501016474612));
#9488=CARTESIAN_POINT('Ctrl Pts',(9.975,3.77508109749269,13.713087469345));
#9489=CARTESIAN_POINT('Ctrl Pts',(9.975,4.13087760860445,16.0396540413327));
#9490=CARTESIAN_POINT('Ctrl Pts',(9.975,4.33075169510038,17.0301305996323));
#9491=CARTESIAN_POINT('Ctrl Pts',(9.975,3.35,10.));
#9492=CARTESIAN_POINT('Ctrl Pts',(9.975,3.35,11.3586763339486));
#9493=CARTESIAN_POINT('Ctrl Pts',(9.975,3.43890809370636,13.7415427895011));
#9494=CARTESIAN_POINT('Ctrl Pts',(9.975,3.7990905033064,16.0971237371262));
#9495=CARTESIAN_POINT('Ctrl Pts',(9.975,4.00080345454273,17.0967127944554));
#9496=CARTESIAN_POINT('',(9.975,3.35,10.));
#9497=CARTESIAN_POINT('Ctrl Pts',(9.97499999999999,3.94237101251874,16.7999726366084));
#9498=CARTESIAN_POINT('Ctrl Pts',(9.975,3.7690571161467,15.8974727867267));
#9499=CARTESIAN_POINT('Ctrl Pts',(9.975,3.43514124569421,13.6405857742608));
#9500=CARTESIAN_POINT('Ctrl Pts',(9.975,3.35,11.3586763339486));
#9501=CARTESIAN_POINT('Ctrl Pts',(9.975,3.35,10.));
#9502=CARTESIAN_POINT('Origin',(8.475,3.35,10.));
#9503=CARTESIAN_POINT('Origin',(9.975,0.,40.));
#9504=CARTESIAN_POINT('Ctrl Pts',(9.975,1.89858174833393,14.4849967128982));
#9505=CARTESIAN_POINT('Ctrl Pts',(9.975,1.99771958212444,13.8634129311733));
#9506=CARTESIAN_POINT('Ctrl Pts',(9.975,2.09470918018012,13.2437844521419));
#9507=CARTESIAN_POINT('Ctrl Pts',(9.975,2.18843758454872,12.6271242790081));
#9508=CARTESIAN_POINT('Ctrl Pts',(9.975,2.27121831908061,12.0824912786657));
#9509=CARTESIAN_POINT('Ctrl Pts',(9.975,2.35145488125755,11.540173958571));
#9510=CARTESIAN_POINT('Ctrl Pts',(9.975,2.42840884351921,11.0008444281088));
#9511=CARTESIAN_POINT('Ctrl Pts',(9.975,2.50098431880997,10.4922013919186));
#9512=CARTESIAN_POINT('Ctrl Pts',(9.975,2.5706397932647,9.98621611130309));
#9513=CARTESIAN_POINT('Ctrl Pts',(9.975,2.63678719173555,9.48342384638402));
#9514=CARTESIAN_POINT('Ctrl Pts',(9.975,2.70002671815655,9.00273457580539));
#9515=CARTESIAN_POINT('Ctrl Pts',(9.975,2.76005958425597,8.52496397540006));
#9516=CARTESIAN_POINT('Ctrl Pts',(9.975,2.8164053689269,8.05054931965761));
#9517=CARTESIAN_POINT('Ctrl Pts',(9.975,2.8705821067598,7.59439738960016));
#9518=CARTESIAN_POINT('Ctrl Pts',(9.975,2.92134999736685,7.14134815821536));
#9519=CARTESIAN_POINT('Ctrl Pts',(9.975,2.96831656276416,6.69175885504124));
#9520=CARTESIAN_POINT('Ctrl Pts',(9.975,3.0128909461122,6.26506880906205));
#9521=CARTESIAN_POINT('Ctrl Pts',(9.975,3.05404115181498,5.84149541535004));
#9522=CARTESIAN_POINT('Ctrl Pts',(9.975,3.09146562643705,5.42131314482804));
#9523=CARTESIAN_POINT('Ctrl Pts',(9.975,3.12715829135784,5.0205747206056));
#9524=CARTESIAN_POINT('Ctrl Pts',(9.975,3.15946182822262,4.62292104686454));
#9525=CARTESIAN_POINT('Ctrl Pts',(9.975,3.18815000314226,4.22855803942946));
#9526=CARTESIAN_POINT('Ctrl Pts',(9.975,3.21532088247245,3.85505258928055));
#9527=CARTESIAN_POINT('Ctrl Pts',(9.975,3.23924863540709,3.48449900036098));
#9528=CARTESIAN_POINT('Ctrl Pts',(9.975,3.25977560830373,3.11704076744032));
#9529=CARTESIAN_POINT('Ctrl Pts',(9.975,3.27978498806682,2.75884809253358));
#9530=CARTESIAN_POINT('Ctrl Pts',(9.975,3.29656274610096,2.40359680742363));
#9531=CARTESIAN_POINT('Ctrl Pts',(9.975,3.30999869835794,2.05138720052985));
#9532=CARTESIAN_POINT('Ctrl Pts',(9.975,3.32298952090297,1.71084620914342));
#9533=CARTESIAN_POINT('Ctrl Pts',(9.975,3.33285621198432,1.37314877098873));
#9534=CARTESIAN_POINT('Ctrl Pts',(9.975,3.33953494843407,1.03835297727529));
#9535=CARTESIAN_POINT('Ctrl Pts',(9.975,3.34371553651829,0.828785895780289));
#9536=CARTESIAN_POINT('Ctrl Pts',(9.975,3.34664773547663,0.620355085589695));
#9537=CARTESIAN_POINT('Ctrl Pts',(9.975,3.3483236399956,0.413067742040831));
#9538=CARTESIAN_POINT('',(9.975,3.35,0.));
#9539=CARTESIAN_POINT('Ctrl Pts',(9.975,3.3499141242118,0.413067742038422));
#9540=CARTESIAN_POINT('Ctrl Pts',(9.975,3.34997135963885,0.276227862707004));
#9541=CARTESIAN_POINT('Ctrl Pts',(9.975,3.35,0.138540847681539));
#9542=CARTESIAN_POINT('Ctrl Pts',(9.975,3.35,0.));
#9543=CARTESIAN_POINT('',(9.975,3.35,5.75906893516591));
#9544=CARTESIAN_POINT('',(9.975,3.35,25.));
#9545=CARTESIAN_POINT('',(9.975,3.35,25.));
#9546=CARTESIAN_POINT('Origin',(-0.225000000000102,6.3,36.6999999999994));
#9547=CARTESIAN_POINT('',(-0.225000000000102,4.7,36.6999999999994));
#9548=CARTESIAN_POINT('',(-0.224999999999984,4.7,44.9999999999949));
#9549=CARTESIAN_POINT('',(-0.22500000000005,4.7,38.7750000000007));
#9550=CARTESIAN_POINT('',(-0.225000000000102,6.3,36.6999999999994));
#9551=CARTESIAN_POINT('',(-0.225000000000102,6.3,36.6999999999994));
#9552=CARTESIAN_POINT('',(-0.224999999999984,6.3,44.9999999999949));
#9553=CARTESIAN_POINT('',(-0.22500000000005,6.3,38.7750000000007));
#9554=CARTESIAN_POINT('',(-0.224999999999984,6.3,44.9999999999949));
#9555=CARTESIAN_POINT('Origin',(-0.224999999999984,6.3,44.9999999999949));
#9556=CARTESIAN_POINT('',(-2.90959053233617,4.7,44.9999999999918));
#9557=CARTESIAN_POINT('',(0.685102366935669,4.7,44.999999999996));
#9558=CARTESIAN_POINT('',(-2.90959053233617,6.3,44.9999999999918));
#9559=CARTESIAN_POINT('',(0.685102366935669,6.3,44.999999999996));
#9560=CARTESIAN_POINT('',(-2.90959053233617,3.15,44.9999999999918));
#9561=CARTESIAN_POINT('Origin',(1.59520473387616,4.7,40.850000000002));
#9562=CARTESIAN_POINT('',(-1.91092475511693,4.7,41.3839124966194));
#9563=CARTESIAN_POINT('Origin',(1.975,4.7,40.));
#9564=CARTESIAN_POINT('',(0.547602366864728,4.7,36.6999999999994));
#9565=CARTESIAN_POINT('',(-2.41662729183598,4.7,41.5640106982679));
#9566=CARTESIAN_POINT('',(-2.65849210691992,4.7,43.249825884505));
#9567=CARTESIAN_POINT('',(-0.270806896812814,4.7,40.7998096786102));
#9568=CARTESIAN_POINT('Origin',(5.42488513248921,6.3,45.0000000000046));
#9569=CARTESIAN_POINT('',(4.17499999999316,4.7,45.0000000000027));
#9570=CARTESIAN_POINT('',(3.51004493317956,4.7,45.0000000000017));
#9571=CARTESIAN_POINT('',(4.17499999999316,6.3,45.0000000000027));
#9572=CARTESIAN_POINT('',(3.51004493317955,6.3,45.0000000000017));
#9573=CARTESIAN_POINT('',(4.17499999999316,6.3,45.0000000000027));
#9574=CARTESIAN_POINT('Origin',(4.17499999999316,6.3,45.0000000000027));
#9575=CARTESIAN_POINT('',(4.17499999999797,4.7,36.6999999999994));
#9576=CARTESIAN_POINT('',(4.17499999999599,4.7,42.9250000000041));
#9577=CARTESIAN_POINT('',(4.17499999999797,6.3,36.6999999999994));
#9578=CARTESIAN_POINT('',(4.17499999999599,6.3,42.9250000000041));
#9579=CARTESIAN_POINT('',(4.17499999999797,6.3,36.6999999999994));
#9580=CARTESIAN_POINT('Origin',(1.59520473387616,4.7,40.850000000002));
#9581=CARTESIAN_POINT('',(5.315084705257,4.7,42.4206319758357));
#9582=CARTESIAN_POINT('',(3.469442972895,4.7,41.0830553011297));
#9583=CARTESIAN_POINT('',(2.88510236693707,4.7,36.6999999999994));
#9584=CARTESIAN_POINT('Origin',(1.975,4.7,40.));
#9585=CARTESIAN_POINT('Origin',(4.80901126501572,9.2,42.0538695552176));
#9586=CARTESIAN_POINT('',(5.315084705257,3.15,42.4206319758357));
#9587=CARTESIAN_POINT('',(5.315084705257,0.,42.4206319758357));
#9588=CARTESIAN_POINT('',(3.392005632508,3.15,41.0269347776084));
#9589=CARTESIAN_POINT('Origin',(1.975,0.,40.));
#9590=CARTESIAN_POINT('',(-1.91092475511693,3.15,41.3839124966194));
#9591=CARTESIAN_POINT('',(-1.91092475511693,0.,41.3839124966194));
#9592=CARTESIAN_POINT('Origin',(1.975,3.15,40.));
#9593=CARTESIAN_POINT('Origin',(-1.42499999998963,6.8,36.6999999999994));
#9594=CARTESIAN_POINT('',(-1.42499999998963,6.3,32.5876227147327));
#9595=CARTESIAN_POINT('',(-1.42499999998963,6.8,32.5876227147327));
#9596=CARTESIAN_POINT('',(-1.42499999998963,6.3,36.6999999999994));
#9597=CARTESIAN_POINT('',(-1.42499999998963,6.3,37.8500000000005));
#9598=CARTESIAN_POINT('',(-1.42499999998963,6.8,36.6999999999994));
#9599=CARTESIAN_POINT('Origin',(5.37500000001037,6.8,36.6999999999994));
#9600=CARTESIAN_POINT('',(5.37500000001037,6.3,36.6999999999994));
#9601=CARTESIAN_POINT('Origin',(5.37500000001037,6.8,36.6999999999994));
#9602=CARTESIAN_POINT('',(0.547602366864728,6.3,36.6999999999994));
#9603=CARTESIAN_POINT('Origin',(1.97500000000224,7.3,39.0000000000016));
#9604=CARTESIAN_POINT('',(-3.4750000000064,7.3,45.4999999999924));
#9605=CARTESIAN_POINT('Origin',(1.97500000000224,6.3,39.0000000000016));
#9606=CARTESIAN_POINT('Origin',(-0.737999999716375,6.8,35.2370000002749));
#9607=CARTESIAN_POINT('',(-3.47499999999446,6.3,35.2370005046241));
#9608=CARTESIAN_POINT('',(-3.47499999999446,6.8,35.2370005046241));
#9609=CARTESIAN_POINT('Origin',(-0.737999999716375,6.3,35.2370000002749));
#9610=CARTESIAN_POINT('Origin',(-3.4750000000064,6.8,45.4999999999924));
#9611=CARTESIAN_POINT('',(-3.4750000000064,6.3,45.4999999999924));
#9612=CARTESIAN_POINT('Origin',(1.97500000000224,6.3,39.0000000000016));
#9613=CARTESIAN_POINT('',(-2.52462846519596,6.3,42.3167866575098));
#9614=CARTESIAN_POINT('Origin',(-3.08164358613116,0.,46.1992221804706));
#9615=CARTESIAN_POINT('',(-3.08164358613116,3.15,46.1992221804706));
#9616=CARTESIAN_POINT('',(-3.08164358613116,0.,46.1992221804706));
#9617=CARTESIAN_POINT('',(-2.41662729183598,3.15,41.5640106982679));
#9618=CARTESIAN_POINT('',(-2.59491693174271,3.15,42.8067023332591));
#9619=CARTESIAN_POINT('',(-2.41662729183598,0.,41.5640106982679));
#9620=CARTESIAN_POINT('Origin',(1.975,-3.9,40.));
#9621=CARTESIAN_POINT('',(6.30602903476757,-5.15,35.6689709652324));
#9622=CARTESIAN_POINT('',(3.56026665125301,-5.15,34.0837043139795));
#9623=CARTESIAN_POINT('Origin',(1.975,-5.15,40.));
#9624=CARTESIAN_POINT('',(6.30602903476757,-3.9,35.6689709652324));
#9625=CARTESIAN_POINT('',(6.30602903476757,-3.9,35.6689709652324));
#9626=CARTESIAN_POINT('',(3.56026665125301,-3.9,34.0837043139795));
#9627=CARTESIAN_POINT('Origin',(1.975,-3.9,40.));
#9628=CARTESIAN_POINT('',(3.56026665125301,-3.9,34.0837043139795));
#9629=CARTESIAN_POINT('Origin',(7.9854076400856,-3.9,33.9895923599143));
#9630=CARTESIAN_POINT('',(6.92474746830579,-5.15,35.0502525316941));
#9631=CARTESIAN_POINT('',(4.98020382004274,-5.15,36.9947961799572));
#9632=CARTESIAN_POINT('',(7.97057250147337,-3.9,34.0044274985265));
#9633=CARTESIAN_POINT('Origin',(6.92474746830579,-3.65,35.0502525316941));
#9634=CARTESIAN_POINT('',(1.975,-3.9,40.));
#9635=CARTESIAN_POINT('Origin',(3.56026665125301,-3.9,34.0837043139795));
#9636=CARTESIAN_POINT('',(3.78673331571773,-5.15,33.2385192159765));
#9637=CARTESIAN_POINT('',(2.7676333256265,-5.15,37.0418521569898));
#9638=CARTESIAN_POINT('',(4.16953184577079,-3.9,31.8098956527559));
#9639=CARTESIAN_POINT('',(1.975,-3.9,40.));
#9640=CARTESIAN_POINT('Origin',(3.78673331571773,-3.65,33.2385192159765));
#9641=CARTESIAN_POINT('Origin',(5.77283714566931,-3.9,33.7293007208877));
#9642=CARTESIAN_POINT('Origin',(1.975,-3.9,40.));
#9643=CARTESIAN_POINT('Origin',(1.975,-3.65,40.));
#9644=CARTESIAN_POINT('',(-2.06162837313103,-5.15,34.2811162472705));
#9645=CARTESIAN_POINT('Origin',(-2.06162837313103,-3.65,34.2811162472705));
#9646=CARTESIAN_POINT('Origin',(1.975,-5.15,40.));
#9647=CARTESIAN_POINT('',(7.83146627603048,-5.15,36.165707006798));
#9648=CARTESIAN_POINT('Origin',(1.975,-5.15,40.));
#9649=CARTESIAN_POINT('',(8.90259616017745,-3.89007898631571,35.1081648071275));
#9650=CARTESIAN_POINT('Ctrl Pts',(7.83146627603047,-5.15,36.165707006798));
#9651=CARTESIAN_POINT('Ctrl Pts',(7.83294319814327,-5.15,36.1642754395003));
#9652=CARTESIAN_POINT('Ctrl Pts',(7.83442005932999,-5.14999592041201,36.1628438119569));
#9653=CARTESIAN_POINT('Ctrl Pts',(7.91070904469279,-5.14957441970966,36.0888852680882));
#9654=CARTESIAN_POINT('Ctrl Pts',(7.98516530811793,-5.13869221466419,36.0163949610249));
#9655=CARTESIAN_POINT('Ctrl Pts',(8.13093740561154,-5.09627776317331,35.8739262934511));
#9656=CARTESIAN_POINT('Ctrl Pts',(8.2019158379446,-5.06488418944308,35.8042794585494));
#9657=CARTESIAN_POINT('Ctrl Pts',(8.39898466000748,-4.94561222319796,35.6102672724682));
#9658=CARTESIAN_POINT('Ctrl Pts',(8.51568671691278,-4.83340901837712,35.4945457453914));
#9659=CARTESIAN_POINT('Ctrl Pts',(8.71000250657225,-4.55434236398375,35.3011240822661));
#9660=CARTESIAN_POINT('Ctrl Pts',(8.78632914265641,-4.39100876537718,35.224737416979));
#9661=CARTESIAN_POINT('Ctrl Pts',(8.86829871781132,-4.10782935353768,35.1425947322136));
#9662=CARTESIAN_POINT('Ctrl Pts',(8.88982593797876,-4.00002545757023,35.1209858019134));
#9663=CARTESIAN_POINT('Ctrl Pts',(8.90259616017745,-3.89007898631571,35.1081648071275));
#9664=CARTESIAN_POINT('',(6.5,-3.77888293701619,32.8111125013165));
#9665=CARTESIAN_POINT('Ctrl Pts',(8.90259616017744,-3.89007898631571,35.1081648071275));
#9666=CARTESIAN_POINT('Ctrl Pts',(8.66441975309069,-3.88259028273851,34.7687712227859));
#9667=CARTESIAN_POINT('Ctrl Pts',(8.40199652044237,-3.87132180099923,34.4467942819837));
#9668=CARTESIAN_POINT('Ctrl Pts',(8.11703192497555,-3.85787159325404,34.1451223607066));
#9669=CARTESIAN_POINT('Ctrl Pts',(8.06082790392506,-3.8552187873572,34.0856231271754));
#9670=CARTESIAN_POINT('Ctrl Pts',(8.00374701707167,-3.85248098026851,34.0269136778929));
#9671=CARTESIAN_POINT('Ctrl Pts',(7.94580234935376,-3.84967015860046,33.9690159917009));
#9672=CARTESIAN_POINT('Ctrl Pts',(7.74837425656483,-3.84009317450597,33.771747973573));
#9673=CARTESIAN_POINT('Ctrl Pts',(7.54157733722226,-3.82970310037537,33.5845471533915));
#9674=CARTESIAN_POINT('Ctrl Pts',(7.32609544954302,-3.8189656308793,33.408057288646));
#9675=CARTESIAN_POINT('Ctrl Pts',(7.11732212362675,-3.80856244923483,33.2370620535));
#9676=CARTESIAN_POINT('Ctrl Pts',(6.90039618678822,-3.79783328794862,33.0761213112867));
#9677=CARTESIAN_POINT('Ctrl Pts',(6.67593959377182,-3.78716042894261,32.925793188125));
#9678=CARTESIAN_POINT('Ctrl Pts',(6.61779480559095,-3.78439565773295,32.8868511514425));
#9679=CARTESIAN_POINT('Ctrl Pts',(6.55914467043304,-3.78163443919664,32.8486211282606));
#9680=CARTESIAN_POINT('Ctrl Pts',(6.5,-3.77888293701619,32.8111125013165));
#9681=CARTESIAN_POINT('Ctrl Pts',(-1.47965308370344,-3.733380555278,32.2362412127225));
#9682=CARTESIAN_POINT('Ctrl Pts',(-0.750360923646231,-3.70570003801274,
31.9100400876602));
#9683=CARTESIAN_POINT('Ctrl Pts',(0.022836870493442,-3.6841556442751,31.6888025212418));
#9684=CARTESIAN_POINT('Ctrl Pts',(1.90687563268691,-3.65890267498407,31.4293452796021));
#9685=CARTESIAN_POINT('Ctrl Pts',(3.01649112411725,-3.66567533424537,31.4925021220068));
#9686=CARTESIAN_POINT('Ctrl Pts',(4.93977534954944,-3.71199078914276,31.985944765778));
#9687=CARTESIAN_POINT('Ctrl Pts',(5.75503727678157,-3.74422611092716,32.3386687685532));
#9688=CARTESIAN_POINT('Ctrl Pts',(6.5,-3.77888293701619,32.8111125013165));
#9689=CARTESIAN_POINT('Ctrl Pts',(10.,1.35,0.));
#9690=CARTESIAN_POINT('Ctrl Pts',(6.5,1.35,0.));
#9691=CARTESIAN_POINT('Ctrl Pts',(10.,1.35,1.30074945002728));
#9692=CARTESIAN_POINT('Ctrl Pts',(6.5,1.35,1.30074945002728));
#9693=CARTESIAN_POINT('Ctrl Pts',(10.,1.24279348362407,3.97333676134858));
#9694=CARTESIAN_POINT('Ctrl Pts',(6.5,1.24279348362407,3.97333676134858));
#9695=CARTESIAN_POINT('Ctrl Pts',(10.,0.887706287727611,7.08298857507089));
#9696=CARTESIAN_POINT('Ctrl Pts',(6.5,0.887706287727611,7.08298857507089));
#9697=CARTESIAN_POINT('Ctrl Pts',(10.,0.322624621237268,10.3318872722286));
#9698=CARTESIAN_POINT('Ctrl Pts',(6.5,0.322624621237268,10.3318872722286));
#9699=CARTESIAN_POINT('Ctrl Pts',(10.,-0.352613002518947,13.6538301485865));
#9700=CARTESIAN_POINT('Ctrl Pts',(6.5,-0.352613002518947,13.6538301485865));
#9701=CARTESIAN_POINT('Ctrl Pts',(10.,-0.737921942530865,15.4827724860396));
#9702=CARTESIAN_POINT('Ctrl Pts',(6.5,-0.737921942530865,15.4827724860396));
#9703=CARTESIAN_POINT('Ctrl Pts',(10.,-0.805079690778021,15.8));
#9704=CARTESIAN_POINT('Ctrl Pts',(6.5,-0.805079690778021,15.8));
#9705=CARTESIAN_POINT('',(9.975,1.35,0.));
#9706=CARTESIAN_POINT('',(9.975,-0.805079690778021,15.8));
#9707=CARTESIAN_POINT('Ctrl Pts',(9.975,1.35,0.));
#9708=CARTESIAN_POINT('Ctrl Pts',(9.975,1.35,0.316713536835314));
#9709=CARTESIAN_POINT('Ctrl Pts',(9.975,1.3461827318826,0.635958295978922));
#9710=CARTESIAN_POINT('Ctrl Pts',(9.975,1.33857303199615,0.957717808501456));
#9711=CARTESIAN_POINT('Ctrl Pts',(9.975,1.3307763884087,1.2873818264578));
#9712=CARTESIAN_POINT('Ctrl Pts',(9.975,1.31899881407235,1.61968559106267));
#9713=CARTESIAN_POINT('Ctrl Pts',(9.975,1.30331403145517,1.95458021710545));
#9714=CARTESIAN_POINT('Ctrl Pts',(9.975,1.28719064761441,2.29883966485693));
#9715=CARTESIAN_POINT('Ctrl Pts',(9.975,1.26693862397627,2.64583680481044));
#9716=CARTESIAN_POINT('Ctrl Pts',(9.975,1.24268511203768,2.99548732308083));
#9717=CARTESIAN_POINT('Ctrl Pts',(9.975,1.21764472466725,3.35648182333827));
#9718=CARTESIAN_POINT('Ctrl Pts',(9.975,1.18833915772873,3.72030455502711));
#9719=CARTESIAN_POINT('Ctrl Pts',(9.975,1.15495548850608,4.08683146760121));
#9720=CARTESIAN_POINT('Ctrl Pts',(9.975,1.12028249685773,4.46751414492518));
#9721=CARTESIAN_POINT('Ctrl Pts',(9.975,1.08121051999125,4.85111377992033));
#9722=CARTESIAN_POINT('Ctrl Pts',(9.975,1.0379963985506,5.23746006210604));
#9723=CARTESIAN_POINT('Ctrl Pts',(9.975,0.990977570019925,5.65782148540851));
#9724=CARTESIAN_POINT('Ctrl Pts',(9.975,0.939055093379187,6.0814345072643));
#9725=CARTESIAN_POINT('Ctrl Pts',(9.975,0.882613771771665,6.50804396553374));
#9726=CARTESIAN_POINT('Ctrl Pts',(9.975,0.824214711623735,6.94945091178485));
#9727=CARTESIAN_POINT('Ctrl Pts',(9.975,0.760978402492846,7.3940654274704));
#9728=CARTESIAN_POINT('Ctrl Pts',(9.975,0.693381542904009,7.84157141482001));
#9729=CARTESIAN_POINT('Ctrl Pts',(9.975,0.623232272996304,8.3059749164449));
#9730=CARTESIAN_POINT('Ctrl Pts',(9.975,0.548387159330973,8.77349222200234));
#9731=CARTESIAN_POINT('Ctrl Pts',(9.975,0.469427116660668,9.24373812816473));
#9732=CARTESIAN_POINT('Ctrl Pts',(9.975,0.386831896265821,9.73563330635547));
#9733=CARTESIAN_POINT('Ctrl Pts',(9.975,0.299734425622145,10.2305139170379));
#9734=CARTESIAN_POINT('Ctrl Pts',(9.975,0.208847413933147,10.7279073642666));
#9735=CARTESIAN_POINT('Ctrl Pts',(9.975,0.10929673379272,11.2727140979113));
#9736=CARTESIAN_POINT('Ctrl Pts',(9.975,0.00519978781737555,11.8205354506885));
#9737=CARTESIAN_POINT('Ctrl Pts',(9.975,-0.102453873483344,12.370715253776));
#9738=CARTESIAN_POINT('Ctrl Pts',(9.975,-0.2202600016857,12.9727807258997));
#9739=CARTESIAN_POINT('Ctrl Pts',(9.975,-0.342324614363744,13.5776699899534));
#9740=CARTESIAN_POINT('Ctrl Pts',(9.975,-0.46729716701612,14.1844875027724));
#9741=CARTESIAN_POINT('Ctrl Pts',(9.975,-0.577933368994557,14.7216933410739));
#9742=CARTESIAN_POINT('Ctrl Pts',(9.975,-0.690847215082891,15.2604094803037));
#9743=CARTESIAN_POINT('Ctrl Pts',(9.975,-0.805079690778021,15.8));
#9744=CARTESIAN_POINT('',(0.,1.35,0.));
#9745=CARTESIAN_POINT('',(10.,-0.805079690778021,15.8));
#9746=CARTESIAN_POINT('Ctrl Pts',(31.1177796325634,1.35,-18.6490275557286));
#9747=CARTESIAN_POINT('Ctrl Pts',(-27.5984574312401,1.35,-18.6490275557286));
#9748=CARTESIAN_POINT('Ctrl Pts',(31.1177796325634,1.35,-14.9192220445829));
#9749=CARTESIAN_POINT('Ctrl Pts',(-27.5984574312401,1.35,-14.9192220445829));
#9750=CARTESIAN_POINT('Ctrl Pts',(31.1177796325634,1.35,-11.1894165334372));
#9751=CARTESIAN_POINT('Ctrl Pts',(-27.5984574312401,1.35,-11.1894165334372));
#9752=CARTESIAN_POINT('Ctrl Pts',(31.1177796325634,1.35,-7.45961102229145));
#9753=CARTESIAN_POINT('Ctrl Pts',(-27.5984574312401,1.35,-7.45961102229145));
#9754=CARTESIAN_POINT('Ctrl Pts',(31.1177796325634,1.35,-3.72980551114572));
#9755=CARTESIAN_POINT('Ctrl Pts',(-27.5984574312401,1.35,-3.72980551114572));
#9756=CARTESIAN_POINT('Ctrl Pts',(31.1177796325634,1.35,0.));
#9757=CARTESIAN_POINT('Ctrl Pts',(-27.5984574312401,1.35,0.));
#9758=CARTESIAN_POINT('Ctrl Pts',(31.1177796325634,1.35,1.30074945002728));
#9759=CARTESIAN_POINT('Ctrl Pts',(-27.5984574312401,1.35,1.30074945002728));
#9760=CARTESIAN_POINT('Ctrl Pts',(31.1177796325634,1.24279348362407,3.97333676134858));
#9761=CARTESIAN_POINT('Ctrl Pts',(-27.5984574312401,1.24279348362407,3.97333676134858));
#9762=CARTESIAN_POINT('Ctrl Pts',(31.1177796325634,0.760697180676669,8.19526213678889));
#9763=CARTESIAN_POINT('Ctrl Pts',(-27.5984574312401,0.760697180676669,8.19526213678889));
#9764=CARTESIAN_POINT('Ctrl Pts',(31.1177796325634,-0.398210147194865,14.1667289024865));
#9765=CARTESIAN_POINT('Ctrl Pts',(-27.5984574312401,-0.398210147194865,
14.1667289024865));
#9766=CARTESIAN_POINT('Ctrl Pts',(31.1177796325634,-2.15178985280518,21.8332710975146));
#9767=CARTESIAN_POINT('Ctrl Pts',(-27.5984574312401,-2.15178985280518,21.8332710975146));
#9768=CARTESIAN_POINT('Ctrl Pts',(31.1177796325634,-3.3106971806767,27.8047378632117));
#9769=CARTESIAN_POINT('Ctrl Pts',(-27.5984574312401,-3.3106971806767,27.8047378632117));
#9770=CARTESIAN_POINT('Ctrl Pts',(31.1177796325634,-3.79279348362407,32.0266632386515));
#9771=CARTESIAN_POINT('Ctrl Pts',(-27.5984574312401,-3.79279348362407,32.0266632386515));
#9772=CARTESIAN_POINT('Ctrl Pts',(31.1177796325634,-3.9,34.6992505499727));
#9773=CARTESIAN_POINT('Ctrl Pts',(-27.5984574312401,-3.9,34.6992505499727));
#9774=CARTESIAN_POINT('Ctrl Pts',(31.1177796325634,-3.9,36.));
#9775=CARTESIAN_POINT('Ctrl Pts',(-27.5984574312401,-3.9,36.));
#9776=CARTESIAN_POINT('Ctrl Pts',(31.1177796325634,-3.9,46.1046093144156));
#9777=CARTESIAN_POINT('Ctrl Pts',(-27.5984574312401,-3.9,46.1046093144156));
#9778=CARTESIAN_POINT('Ctrl Pts',(31.1177796325634,-3.90000000000001,56.2092186288312));
#9779=CARTESIAN_POINT('Ctrl Pts',(-27.5984574312401,-3.90000000000001,56.2092186288312));
#9780=CARTESIAN_POINT('Ctrl Pts',(31.1177796325634,-3.90000000000001,66.3138279432468));
#9781=CARTESIAN_POINT('Ctrl Pts',(-27.5984574312401,-3.90000000000001,66.3138279432468));
#9782=CARTESIAN_POINT('Ctrl Pts',(31.1177796325634,-3.90000000000002,76.4184372576625));
#9783=CARTESIAN_POINT('Ctrl Pts',(-27.5984574312401,-3.90000000000002,76.4184372576625));
#9784=CARTESIAN_POINT('Ctrl Pts',(31.1177796325634,-3.90000000000002,86.5230465720781));
#9785=CARTESIAN_POINT('Ctrl Pts',(-27.5984574312401,-3.90000000000002,86.5230465720781));
#9786=CARTESIAN_POINT('',(9.975,-1.01788065374584,16.8));
#9787=CARTESIAN_POINT('Ctrl Pts',(9.975,-0.805079690778022,15.8));
#9788=CARTESIAN_POINT('Ctrl Pts',(9.975,-0.875608535026466,16.1331512819801));
#9789=CARTESIAN_POINT('Ctrl Pts',(9.975,-0.946614521307969,16.466517180571));
#9790=CARTESIAN_POINT('Ctrl Pts',(9.975,-1.0178806533772,16.799999998275));
#9791=CARTESIAN_POINT('',(6.5,-2.55806910889645,24.2));
#9792=CARTESIAN_POINT('Ctrl Pts',(6.5,-2.55806910890369,24.2000000000378));
#9793=CARTESIAN_POINT('Ctrl Pts',(6.5,-2.75146802514214,25.2095266572803));
#9794=CARTESIAN_POINT('Ctrl Pts',(6.5,-3.07438344411957,26.9839698732098));
#9795=CARTESIAN_POINT('Ctrl Pts',(6.5,-3.35375316997006,28.7295380333446));
#9796=CARTESIAN_POINT('Ctrl Pts',(6.5,-3.57471310824732,30.4363747885111));
#9797=CARTESIAN_POINT('Ctrl Pts',(6.5,-3.72652448783755,32.0973592825966));
#9798=CARTESIAN_POINT('Ctrl Pts',(6.5,-3.77888293701619,32.8111125013165));
#9799=CARTESIAN_POINT('',(9.975,-2.55806910889645,24.2));
#9800=CARTESIAN_POINT('',(10.,-2.55806910889645,24.2));
#9801=CARTESIAN_POINT('',(9.975,-2.36293737753456,23.2));
#9802=CARTESIAN_POINT('Ctrl Pts',(9.975,-2.36293737753453,23.1999999999999));
#9803=CARTESIAN_POINT('Ctrl Pts',(9.975,-2.42926486452173,23.5341844701817));
#9804=CARTESIAN_POINT('Ctrl Pts',(9.975,-2.49438373410359,23.8675675087522));
#9805=CARTESIAN_POINT('Ctrl Pts',(9.975,-2.55806910889645,24.2));
#9806=CARTESIAN_POINT('Ctrl Pts',(9.975,-1.0178806533772,16.799999998275));
#9807=CARTESIAN_POINT('Ctrl Pts',(9.975,-1.24695491605842,17.871930357961));
#9808=CARTESIAN_POINT('Ctrl Pts',(9.975,-1.47871701248652,18.9450687318004));
#9809=CARTESIAN_POINT('Ctrl Pts',(9.975,-1.92949326869967,21.0697807975624));
#9810=CARTESIAN_POINT('Ctrl Pts',(9.975,-2.15172175896535,22.1358110371449));
#9811=CARTESIAN_POINT('Ctrl Pts',(9.975,-2.36293737753456,23.2));
#9812=CARTESIAN_POINT('Ctrl Pts',(34.5911686581445,1.35,0.));
#9813=CARTESIAN_POINT('Ctrl Pts',(-21.5911686581445,1.35,0.));
#9814=CARTESIAN_POINT('Ctrl Pts',(34.5911686581445,1.35,1.30074945002728));
#9815=CARTESIAN_POINT('Ctrl Pts',(-21.5911686581445,1.35,1.30074945002728));
#9816=CARTESIAN_POINT('Ctrl Pts',(34.5911686581445,1.24279348362407,3.97333676134858));
#9817=CARTESIAN_POINT('Ctrl Pts',(-21.5911686581445,1.24279348362407,3.97333676134858));
#9818=CARTESIAN_POINT('Ctrl Pts',(34.5911686581445,0.760697180676669,8.19526213678889));
#9819=CARTESIAN_POINT('Ctrl Pts',(-21.5911686581445,0.760697180676669,8.19526213678889));
#9820=CARTESIAN_POINT('Ctrl Pts',(34.5911686581445,-0.398210147194865,14.1667289024865));
#9821=CARTESIAN_POINT('Ctrl Pts',(-21.5911686581445,-0.398210147194865,
14.1667289024865));
#9822=CARTESIAN_POINT('Ctrl Pts',(34.5911686581445,-2.15178985280518,21.8332710975146));
#9823=CARTESIAN_POINT('Ctrl Pts',(-21.5911686581445,-2.15178985280518,21.8332710975146));
#9824=CARTESIAN_POINT('Ctrl Pts',(34.5911686581445,-3.3106971806767,27.8047378632117));
#9825=CARTESIAN_POINT('Ctrl Pts',(-21.5911686581445,-3.3106971806767,27.8047378632117));
#9826=CARTESIAN_POINT('Ctrl Pts',(34.5911686581445,-3.79279348362407,32.0266632386515));
#9827=CARTESIAN_POINT('Ctrl Pts',(-21.5911686581445,-3.79279348362407,32.0266632386515));
#9828=CARTESIAN_POINT('Ctrl Pts',(34.5911686581445,-3.9,34.6992505499727));
#9829=CARTESIAN_POINT('Ctrl Pts',(-21.5911686581445,-3.9,34.6992505499727));
#9830=CARTESIAN_POINT('Ctrl Pts',(34.5911686581445,-3.9,36.));
#9831=CARTESIAN_POINT('Ctrl Pts',(-21.5911686581445,-3.9,36.));
#9832=CARTESIAN_POINT('Ctrl Pts',(34.5911686581445,-3.9,40.7232335189792));
#9833=CARTESIAN_POINT('Ctrl Pts',(-21.5911686581445,-3.9,40.7232335189792));
#9834=CARTESIAN_POINT('Ctrl Pts',(34.5911686581445,-3.9,45.4464670379585));
#9835=CARTESIAN_POINT('Ctrl Pts',(-21.5911686581445,-3.9,45.4464670379585));
#9836=CARTESIAN_POINT('Ctrl Pts',(34.5911686581445,-3.90000000000001,50.1697005569377));
#9837=CARTESIAN_POINT('Ctrl Pts',(-21.5911686581445,-3.90000000000001,50.1697005569377));
#9838=CARTESIAN_POINT('Ctrl Pts',(34.5911686581445,-3.90000000000001,54.892934075917));
#9839=CARTESIAN_POINT('Ctrl Pts',(-21.5911686581445,-3.90000000000001,54.892934075917));
#9840=CARTESIAN_POINT('Ctrl Pts',(34.5911686581445,-3.90000000000001,59.6161675948962));
#9841=CARTESIAN_POINT('Ctrl Pts',(-21.5911686581445,-3.90000000000001,59.6161675948962));
#9842=CARTESIAN_POINT('',(9.975,-3.89975582311257,35.8610251524122));
#9843=CARTESIAN_POINT('Ctrl Pts',(9.975,-2.55806910890369,24.2000000000378));
#9844=CARTESIAN_POINT('Ctrl Pts',(9.975,-2.94265597883872,26.2075122693731));
#9845=CARTESIAN_POINT('Ctrl Pts',(9.975,-3.29112486950393,28.2646285186115));
#9846=CARTESIAN_POINT('Ctrl Pts',(9.975,-3.75504283906887,32.1451262638486));
#9847=CARTESIAN_POINT('Ctrl Pts',(9.975,-3.89321655715792,33.9978628446543));
#9848=CARTESIAN_POINT('Ctrl Pts',(9.975,-3.89975582311257,35.8610251524122));
#9849=CARTESIAN_POINT('Ctrl Pts',(9.975,-3.89975582311257,35.8610251524122));
#9850=CARTESIAN_POINT('Ctrl Pts',(9.61704394777066,-3.89887548265098,35.6101992680693));
#9851=CARTESIAN_POINT('Ctrl Pts',(9.25974446039411,-3.89562100671909,35.3593332703745));
#9852=CARTESIAN_POINT('Ctrl Pts',(8.90259616017745,-3.8900789863157,35.1081648071271));
#9853=CARTESIAN_POINT('Ctrl Pts',(29.7517849311891,-0.7,36.));
#9854=CARTESIAN_POINT('Ctrl Pts',(-16.7517849311891,-0.7,36.));
#9855=CARTESIAN_POINT('Ctrl Pts',(29.7517849311891,-0.7,34.707450780768));
#9856=CARTESIAN_POINT('Ctrl Pts',(-16.7517849311891,-0.7,34.707450780768));
#9857=CARTESIAN_POINT('Ctrl Pts',(29.7517849311891,-0.617297830224289,32.047077654004));
#9858=CARTESIAN_POINT('Ctrl Pts',(-16.7517849311891,-0.617297830224289,
32.047077654004));
#9859=CARTESIAN_POINT('Ctrl Pts',(29.7517849311891,-0.245394967950597,27.8309277283325));
#9860=CARTESIAN_POINT('Ctrl Pts',(-16.7517849311891,-0.245394967950597,
27.8309277283325));
#9861=CARTESIAN_POINT('Ctrl Pts',(29.7517849311891,0.648619256407428,21.8470080402979));
#9862=CARTESIAN_POINT('Ctrl Pts',(-16.7517849311891,0.648619256407428,21.8470080402979));
#9863=CARTESIAN_POINT('Ctrl Pts',(29.7517849311891,2.00138074359254,14.1529919597035));
#9864=CARTESIAN_POINT('Ctrl Pts',(-16.7517849311891,2.00138074359254,14.1529919597035));
#9865=CARTESIAN_POINT('Ctrl Pts',(29.7517849311891,2.89539496795059,8.16907227166833));
#9866=CARTESIAN_POINT('Ctrl Pts',(-16.7517849311891,2.89539496795059,8.16907227166833));
#9867=CARTESIAN_POINT('Ctrl Pts',(29.7517849311891,3.2672978302243,3.95292234599616));
#9868=CARTESIAN_POINT('Ctrl Pts',(-16.7517849311891,3.2672978302243,3.95292234599616));
#9869=CARTESIAN_POINT('Ctrl Pts',(29.7517849311891,3.35000000000001,1.29254921923196));
#9870=CARTESIAN_POINT('Ctrl Pts',(-16.7517849311891,3.35000000000001,1.29254921923196));
#9871=CARTESIAN_POINT('Ctrl Pts',(29.7517849311891,3.35,9.71445146547012E-15));
#9872=CARTESIAN_POINT('Ctrl Pts',(-16.7517849311891,3.35,9.71445146547012E-15));
#9873=CARTESIAN_POINT('Ctrl Pts',(29.7517849311891,3.34999999999998,-4.4489709440759));
#9874=CARTESIAN_POINT('Ctrl Pts',(-16.7517849311891,3.34999999999998,-4.4489709440759));
#9875=CARTESIAN_POINT('Ctrl Pts',(29.7517849311891,3.34999999999995,-8.89794188815181));
#9876=CARTESIAN_POINT('Ctrl Pts',(-16.7517849311891,3.34999999999995,-8.89794188815181));
#9877=CARTESIAN_POINT('Ctrl Pts',(29.7517849311891,3.34999999999993,-13.3469128322277));
#9878=CARTESIAN_POINT('Ctrl Pts',(-16.7517849311891,3.34999999999993,-13.3469128322277));
#9879=CARTESIAN_POINT('Ctrl Pts',(29.7517849311891,3.34999999999991,-17.7958837763036));
#9880=CARTESIAN_POINT('Ctrl Pts',(-16.7517849311891,3.34999999999991,-17.7958837763036));
#9881=CARTESIAN_POINT('Ctrl Pts',(29.7517849311891,3.34999999999989,-22.2448547203795));
#9882=CARTESIAN_POINT('Ctrl Pts',(-16.7517849311891,3.34999999999989,-22.2448547203795));
#9883=CARTESIAN_POINT('Ctrl Pts',(10.,0.337620490688895,24.2));
#9884=CARTESIAN_POINT('Ctrl Pts',(6.5,0.337620490688895,24.2));
#9885=CARTESIAN_POINT('Ctrl Pts',(10.,0.408200958196151,23.7217735656133));
#9886=CARTESIAN_POINT('Ctrl Pts',(6.5,0.408200958196151,23.7217735656133));
#9887=CARTESIAN_POINT('Ctrl Pts',(10.,0.659324586438522,22.0587434637331));
#9888=CARTESIAN_POINT('Ctrl Pts',(6.5,0.659324586438522,22.0587434637331));
#9889=CARTESIAN_POINT('Ctrl Pts',(10.,0.930367221200657,20.3775832812142));
#9890=CARTESIAN_POINT('Ctrl Pts',(6.5,0.930367221200657,20.3775832812142));
#9891=CARTESIAN_POINT('Ctrl Pts',(10.,1.21124469588521,18.6874715256997));
#9892=CARTESIAN_POINT('Ctrl Pts',(6.5,1.21124469588521,18.6874715256997));
#9893=CARTESIAN_POINT('Ctrl Pts',(10.,1.49133991867673,16.9980717680394));
#9894=CARTESIAN_POINT('Ctrl Pts',(6.5,1.49133991867673,16.9980717680394));
#9895=CARTESIAN_POINT('Ctrl Pts',(10.,1.68646036599677,15.8));
#9896=CARTESIAN_POINT('Ctrl Pts',(6.5,1.68646036599677,15.8));
#9897=CARTESIAN_POINT('',(9.975,0.337620490688895,24.2));
#9898=CARTESIAN_POINT('Ctrl Pts',(9.975,0.337620490688895,24.2));
#9899=CARTESIAN_POINT('Ctrl Pts',(9.975,0.344839831692188,24.1510844879814));
#9900=CARTESIAN_POINT('Ctrl Pts',(9.975,0.352082948450513,24.1021473355083));
#9901=CARTESIAN_POINT('Ctrl Pts',(9.975,0.359349297365712,24.0531890373582));
#9902=CARTESIAN_POINT('',(10.,0.337620490688895,24.2));
#9903=CARTESIAN_POINT('Ctrl Pts',(34.649691859307,-0.699999999999995,59.5772486306599));
#9904=CARTESIAN_POINT('Ctrl Pts',(-21.709499862566,-0.699999999999995,59.5772486306599));
#9905=CARTESIAN_POINT('Ctrl Pts',(34.649691859307,-0.699999999999996,54.8617989045279));
#9906=CARTESIAN_POINT('Ctrl Pts',(-21.709499862566,-0.699999999999996,54.8617989045279));
#9907=CARTESIAN_POINT('Ctrl Pts',(34.649691859307,-0.699999999999996,50.146349178396));
#9908=CARTESIAN_POINT('Ctrl Pts',(-21.709499862566,-0.699999999999996,50.146349178396));
#9909=CARTESIAN_POINT('Ctrl Pts',(34.649691859307,-0.699999999999997,45.430899452264));
#9910=CARTESIAN_POINT('Ctrl Pts',(-21.709499862566,-0.699999999999997,45.430899452264));
#9911=CARTESIAN_POINT('Ctrl Pts',(34.649691859307,-0.699999999999999,40.715449726132));
#9912=CARTESIAN_POINT('Ctrl Pts',(-21.709499862566,-0.699999999999999,40.715449726132));
#9913=CARTESIAN_POINT('Ctrl Pts',(34.649691859307,-0.7,36.));
#9914=CARTESIAN_POINT('Ctrl Pts',(-21.709499862566,-0.7,36.));
#9915=CARTESIAN_POINT('Ctrl Pts',(34.649691859307,-0.7,34.707450780768));
#9916=CARTESIAN_POINT('Ctrl Pts',(-21.709499862566,-0.7,34.707450780768));
#9917=CARTESIAN_POINT('Ctrl Pts',(34.649691859307,-0.617297830224289,32.047077654004));
#9918=CARTESIAN_POINT('Ctrl Pts',(-21.709499862566,-0.617297830224289,32.047077654004));
#9919=CARTESIAN_POINT('Ctrl Pts',(34.649691859307,-0.245394967950597,27.8309277283325));
#9920=CARTESIAN_POINT('Ctrl Pts',(-21.709499862566,-0.245394967950597,27.8309277283325));
#9921=CARTESIAN_POINT('Ctrl Pts',(34.649691859307,0.648619256407428,21.8470080402979));
#9922=CARTESIAN_POINT('Ctrl Pts',(-21.709499862566,0.648619256407428,21.8470080402979));
#9923=CARTESIAN_POINT('Ctrl Pts',(34.649691859307,2.00138074359254,14.1529919597035));
#9924=CARTESIAN_POINT('Ctrl Pts',(-21.709499862566,2.00138074359254,14.1529919597035));
#9925=CARTESIAN_POINT('Ctrl Pts',(34.649691859307,2.89539496795059,8.16907227166833));
#9926=CARTESIAN_POINT('Ctrl Pts',(-21.709499862566,2.89539496795059,8.16907227166833));
#9927=CARTESIAN_POINT('Ctrl Pts',(34.649691859307,3.2672978302243,3.95292234599616));
#9928=CARTESIAN_POINT('Ctrl Pts',(-21.709499862566,3.2672978302243,3.95292234599616));
#9929=CARTESIAN_POINT('Ctrl Pts',(34.649691859307,3.35000000000001,1.29254921923196));
#9930=CARTESIAN_POINT('Ctrl Pts',(-21.709499862566,3.35000000000001,1.29254921923196));
#9931=CARTESIAN_POINT('Ctrl Pts',(34.649691859307,3.35,9.71445146547012E-15));
#9932=CARTESIAN_POINT('Ctrl Pts',(-21.709499862566,3.35,9.71445146547012E-15));
#9933=CARTESIAN_POINT('',(9.975,-0.699732781342821,35.835463595586));
#9934=CARTESIAN_POINT('Ctrl Pts',(9.975,-0.699732781342821,35.835463595586));
#9935=CARTESIAN_POINT('Ctrl Pts',(9.975,-0.698674262241117,35.5090827372795));
#9936=CARTESIAN_POINT('Ctrl Pts',(9.975,-0.694468023693132,35.1798368561952));
#9937=CARTESIAN_POINT('Ctrl Pts',(9.975,-0.687142561763204,34.8477518891661));
#9938=CARTESIAN_POINT('Ctrl Pts',(9.975,-0.67963185889423,34.5072693996704));
#9939=CARTESIAN_POINT('Ctrl Pts',(9.975,-0.66884230196675,34.1638025299836));
#9940=CARTESIAN_POINT('Ctrl Pts',(9.975,-0.654845300556624,33.8174162763879));
#9941=CARTESIAN_POINT('Ctrl Pts',(9.975,-0.640443785892151,33.4610194622017));
#9942=CARTESIAN_POINT('Ctrl Pts',(9.975,-0.622646893729429,33.1015322093542));
#9943=CARTESIAN_POINT('Ctrl Pts',(9.975,-0.601573035335213,32.7390622945969));
#9944=CARTESIAN_POINT('Ctrl Pts',(9.975,-0.579386744292199,32.3574585620147));
#9945=CARTESIAN_POINT('Ctrl Pts',(9.975,-0.553568438265991,31.9725490056978));
#9946=CARTESIAN_POINT('Ctrl Pts',(9.975,-0.524299479862241,31.5844987000769));
#9947=CARTESIAN_POINT('Ctrl Pts',(9.975,-0.493817586573105,31.1803672020037));
#9948=CARTESIAN_POINT('Ctrl Pts',(9.975,-0.459593337453353,30.7728294490593));
#9949=CARTESIAN_POINT('Ctrl Pts',(9.975,-0.421875073603486,30.362111478831));
#9950=CARTESIAN_POINT('Ctrl Pts',(9.975,-0.382207617718445,29.9301685604064));
#9951=CARTESIAN_POINT('Ctrl Pts',(9.975,-0.338675980841081,29.4947085030661));
#9952=CARTESIAN_POINT('Ctrl Pts',(9.975,-0.291612278817554,29.0560335953336));
#9953=CARTESIAN_POINT('Ctrl Pts',(9.975,-0.241547249994904,28.5893836941334));
#9954=CARTESIAN_POINT('Ctrl Pts',(9.975,-0.187485443395752,28.1190959657497));
#9955=CARTESIAN_POINT('Ctrl Pts',(9.975,-0.129870201040192,27.6455739356581));
#9956=CARTESIAN_POINT('Ctrl Pts',(9.975,-0.0701856332648155,27.1550447537496));
#9957=CARTESIAN_POINT('Ctrl Pts',(9.975,-0.00668805920420065,26.6610450116322));
#9958=CARTESIAN_POINT('Ctrl Pts',(9.975,0.060087296892224,26.164061865068));
#9959=CARTESIAN_POINT('Ctrl Pts',(9.975,0.131267676652819,25.6342938312448));
#9960=CARTESIAN_POINT('Ctrl Pts',(9.975,0.206172336101816,25.1011359952743));
#9961=CARTESIAN_POINT('Ctrl Pts',(9.975,0.284109224855068,24.565218254499));
#9962=CARTESIAN_POINT('Ctrl Pts',(9.975,0.301793144114963,24.4436182495537));
#9963=CARTESIAN_POINT('Ctrl Pts',(9.975,0.319633015485515,24.3218762985561));
#9964=CARTESIAN_POINT('Ctrl Pts',(9.975,0.337620490684607,24.2000000000291));
#9965=CARTESIAN_POINT('Ctrl Pts',(8.91644660853729,-0.69201633140574,35.0942565312864));
#9966=CARTESIAN_POINT('Ctrl Pts',(9.26928002970497,-0.696332820135137,35.3413131525203));
#9967=CARTESIAN_POINT('Ctrl Pts',(9.62208066536409,-0.698931331675269,35.588346817094));
#9968=CARTESIAN_POINT('Ctrl Pts',(9.975,-0.699732781342821,35.835463595586));
#9969=CARTESIAN_POINT('Origin',(9.975,0.,40.));
#9970=CARTESIAN_POINT('',(9.975,5.7,34.219131154255));
#9971=CARTESIAN_POINT('',(9.975,7.7,40.9687499999779));
#9972=CARTESIAN_POINT('',(9.975,3.15,40.));
#9973=CARTESIAN_POINT('',(9.975,0.,40.));
#9974=CARTESIAN_POINT('',(9.975,3.15,37.6666254787282));
#9975=CARTESIAN_POINT('',(9.975,3.15,40.));
#9976=CARTESIAN_POINT('',(9.975,1.65,35.835463595586));
#9977=CARTESIAN_POINT('Origin',(9.975,1.65,37.6666254787282));
#9978=CARTESIAN_POINT('',(9.975,0.,35.835463595586));
#9979=CARTESIAN_POINT('Origin',(9.975,0.,40.));
#9980=CARTESIAN_POINT('',(9.975,-5.15,37.6666254787282));
#9981=CARTESIAN_POINT('Origin',(9.975,-3.65,37.6666254787282));
#9982=CARTESIAN_POINT('',(9.975,-5.15,40.));
#9983=CARTESIAN_POINT('',(9.975,-5.15,40.));
#9984=CARTESIAN_POINT('',(9.975,-7.7,40.));
#9985=CARTESIAN_POINT('',(9.975,0.,40.));
#9986=CARTESIAN_POINT('',(9.975,-7.7,34.8765246170202));
#9987=CARTESIAN_POINT('',(9.975,-7.7,40.9687499999779));
#9988=CARTESIAN_POINT('',(9.975,-5.7,34.8765246170202));
#9989=CARTESIAN_POINT('',(9.975,-9.2,34.8765246170202));
#9990=CARTESIAN_POINT('',(9.975,-5.7,30.));
#9991=CARTESIAN_POINT('',(9.975,-5.7,34.219131154255));
#9992=CARTESIAN_POINT('',(9.975,-1.35,10.));
#9993=CARTESIAN_POINT('Ctrl Pts',(9.975,-1.35,10.));
#9994=CARTESIAN_POINT('Ctrl Pts',(9.975,-1.35,10.9817032053313));
#9995=CARTESIAN_POINT('Ctrl Pts',(9.975,-1.4486150407903,12.9574586039241));
#9996=CARTESIAN_POINT('Ctrl Pts',(9.975,-2.01868693843363,15.8624866657693));
#9997=CARTESIAN_POINT('Ctrl Pts',(9.975,-3.08301428734761,18.6280442285105));
#9998=CARTESIAN_POINT('Ctrl Pts',(9.975,-4.32670779731888,21.3012607388526));
#9999=CARTESIAN_POINT('Ctrl Pts',(9.97499999999999,-5.2053111661559,24.1184331302985));
#10000=CARTESIAN_POINT('Ctrl Pts',(9.975,-5.62959867937726,27.06113664711));
#10001=CARTESIAN_POINT('Ctrl Pts',(9.975,-5.7,29.0182967946687));
#10002=CARTESIAN_POINT('Ctrl Pts',(9.975,-5.7,30.));
#10003=CARTESIAN_POINT('',(9.975,-1.35,5.75906893516591));
#10004=CARTESIAN_POINT('',(9.975,-1.35,15.));
#10005=CARTESIAN_POINT('',(9.975,-1.35,0.));
#10006=CARTESIAN_POINT('',(9.975,-1.35,15.));
#10007=CARTESIAN_POINT('',(9.975,-1.,0.));
#10008=CARTESIAN_POINT('',(9.975,0.,0.));
#10009=CARTESIAN_POINT('',(9.975,-1.,5.58703486569692));
#10010=CARTESIAN_POINT('',(9.975,-1.,22.0625));
#10011=CARTESIAN_POINT('',(9.975,-1.38777878078145E-16,5.58703486569692));
#10012=CARTESIAN_POINT('',(9.975,-0.5,5.58703486569692));
#10013=CARTESIAN_POINT('',(9.975,-1.38777878078145E-16,0.));
#10014=CARTESIAN_POINT('',(9.975,-1.38777878078145E-16,22.0625));
#10015=CARTESIAN_POINT('',(9.975,0.,0.));
#10016=CARTESIAN_POINT('Origin',(7.65894109087756,-3.65,36.0449035716229));
#10017=CARTESIAN_POINT('',(7.65894109087756,-5.15,36.0449035716229));
#10018=CARTESIAN_POINT('Origin',(9.96194698091742,-2.85,-0.871557427476971));
#10019=CARTESIAN_POINT('',(8.44275006632751,-2.85,-0.738644919786733));
#10020=CARTESIAN_POINT('',(8.36803546397064,-2.85,-0.732108239080656));
#10021=CARTESIAN_POINT('',(5.41509393462623,-2.85,-0.473759331207999));
#10022=CARTESIAN_POINT('',(9.93704211346513,-1.35,-0.869378533908279));
#10023=CARTESIAN_POINT('Origin',(8.44275006632751,-1.35,-0.738644919786733));
#10024=CARTESIAN_POINT('',(9.96194698091742,-1.35,-0.871557427476971));
#10025=CARTESIAN_POINT('',(9.160420081474,-1.35,-0.801432910264557));
#10026=CARTESIAN_POINT('',(9.96194698091742,-5.15,-0.871557427476971));
#10027=CARTESIAN_POINT('',(9.96194698091742,-2.85,-0.871557427476971));
#10028=CARTESIAN_POINT('',(8.36803546397064,-5.15,-0.732108239080655));
#10029=CARTESIAN_POINT('',(9.160420081474,-5.15,-0.801432910264557));
#10030=CARTESIAN_POINT('',(8.36803546397064,-2.85,-0.732108239080656));
#10031=CARTESIAN_POINT('Origin',(8.63730669589474,-1.35,2.45097263220934));
#10032=CARTESIAN_POINT('Origin',(0.,-1.35,0.));
#10033=CARTESIAN_POINT('',(10.,-1.35,5.77350269189565));
#10034=CARTESIAN_POINT('',(7.40694784772384,-1.35,4.27640333375642));
#10035=CARTESIAN_POINT('',(10.,-1.35,0.));
#10036=CARTESIAN_POINT('',(10.,-1.35,4.11223766205249));
#10037=CARTESIAN_POINT('Origin',(0.,-1.35,0.));
#10038=CARTESIAN_POINT('Origin',(0.,-2.85,0.));
#10039=CARTESIAN_POINT('',(10.,-5.15,0.));
#10040=CARTESIAN_POINT('',(10.,-2.85,0.));
#10041=CARTESIAN_POINT('Origin',(0.,-5.15,0.));
#10042=CARTESIAN_POINT('Origin',(10.,-2.85,5.77350269189565));
#10043=CARTESIAN_POINT('',(10.,-5.15,5.77350269189565));
#10044=CARTESIAN_POINT('',(10.,-2.85,5.77350269189565));
#10045=CARTESIAN_POINT('',(10.,-5.15,4.11223766205249));
#10046=CARTESIAN_POINT('Origin',(7.27461339178948,-2.85,4.19999999999967));
#10047=CARTESIAN_POINT('',(7.27461339178948,-2.85,4.19999999999967));
#10048=CARTESIAN_POINT('',(8.475,-2.85,4.89304353138156));
#10049=CARTESIAN_POINT('',(1.47224318643376,-2.85,0.850000000000031));
#10050=CARTESIAN_POINT('',(7.27461339178948,-5.15,4.19999999999967));
#10051=CARTESIAN_POINT('',(7.27461339178948,-2.85,4.19999999999967));
#10052=CARTESIAN_POINT('',(7.40694784772384,-5.15,4.27640333375642));
#10053=CARTESIAN_POINT('Origin',(8.475,-1.35,4.89304353138156));
#10054=CARTESIAN_POINT('Origin',(0.,-2.85,0.));
#10055=CARTESIAN_POINT('Origin',(0.,-2.85,0.));
#10056=CARTESIAN_POINT('Origin',(0.,-5.15,0.));
#10057=CARTESIAN_POINT('Origin',(8.63730669589474,-5.15,2.45097263220934));
#10058=CARTESIAN_POINT('Origin',(0.,-2.85,-10.));
#10059=CARTESIAN_POINT('',(8.475,-2.85,10.));
#10060=CARTESIAN_POINT('',(8.475,-2.85,15.));
#10061=CARTESIAN_POINT('',(5.17469860537018,-2.85,10.));
#10062=CARTESIAN_POINT('',(0.,-2.85,10.));
#10063=CARTESIAN_POINT('',(7.47337880569579,-2.85,8.928107818939));
#10064=CARTESIAN_POINT('',(5.31010487182643,-2.85,9.93685902098928));
#10065=CARTESIAN_POINT('',(6.20552402047368,-2.85,6.20918445782908));
#10066=CARTESIAN_POINT('',(3.1810399756068,-2.85,-0.276842507358532));
#10067=CARTESIAN_POINT('',(0.767677298253605,-2.85,8.7448940282731));
#10068=CARTESIAN_POINT('',(6.76117344771441,-2.85,5.95008087465732));
#10069=CARTESIAN_POINT('',(1.3529428246659,-2.85,10.));
#10070=CARTESIAN_POINT('',(-2.89073413922411,-2.85,0.899405382530481));
#10071=CARTESIAN_POINT('',(-5.66194538809025,-2.85,10.));
#10072=CARTESIAN_POINT('',(0.,-2.85,10.));
#10073=CARTESIAN_POINT('',(-8.06020397560142,-2.85,2.61891902732768));
#10074=CARTESIAN_POINT('',(-9.52966710633261,-2.85,-1.90362345860969));
#10075=CARTESIAN_POINT('Origin',(0.,-2.85,0.));
#10076=CARTESIAN_POINT('',(-5.,-2.85,6.12323399573677E-16));
#10077=CARTESIAN_POINT('Origin',(0.,-2.85,0.));
#10078=CARTESIAN_POINT('Origin',(8.475,-1.35,15.));
#10079=CARTESIAN_POINT('Origin',(8.475,-1.35,10.));
#10080=CARTESIAN_POINT('Origin',(0.,4.85,0.));
#10081=CARTESIAN_POINT('',(7.27461339178948,4.85,4.19999999999967));
#10082=CARTESIAN_POINT('',(8.36803546397064,4.85,-0.732108239080656));
#10083=CARTESIAN_POINT('Origin',(0.,4.85,0.));
#10084=CARTESIAN_POINT('',(7.27461339178948,7.15,4.19999999999967));
#10085=CARTESIAN_POINT('',(7.27461339178948,4.85,4.19999999999967));
#10086=CARTESIAN_POINT('',(8.36803546397064,7.15,-0.732108239080655));
#10087=CARTESIAN_POINT('Origin',(0.,7.15,0.));
#10088=CARTESIAN_POINT('',(8.36803546397064,4.85,-0.732108239080656));
#10089=CARTESIAN_POINT('Origin',(7.27461339178948,4.85,4.19999999999967));
#10090=CARTESIAN_POINT('',(8.475,4.85,4.89304353138156));
#10091=CARTESIAN_POINT('',(5.80237020535572,4.85,3.34999999999963));
#10092=CARTESIAN_POINT('Origin',(8.475,3.35,4.89304353138156));
#10093=CARTESIAN_POINT('',(10.,3.35,5.77350269189565));
#10094=CARTESIAN_POINT('',(7.40694784772384,3.35,4.27640333375642));
#10095=CARTESIAN_POINT('',(10.,7.15,5.77350269189565));
#10096=CARTESIAN_POINT('',(10.,4.85,5.77350269189565));
#10097=CARTESIAN_POINT('',(7.40694784772384,7.15,4.27640333375642));
#10098=CARTESIAN_POINT('Origin',(9.96194698091742,4.85,-0.871557427476971));
#10099=CARTESIAN_POINT('',(8.44275006632751,4.85,-0.738644919786733));
#10100=CARTESIAN_POINT('',(4.54685304629119,4.85,-0.397798096268973));
#10101=CARTESIAN_POINT('',(9.96194698091742,7.15,-0.871557427476971));
#10102=CARTESIAN_POINT('',(9.160420081474,7.15,-0.801432910264557));
#10103=CARTESIAN_POINT('',(9.96194698091742,3.35,-0.871557427476971));
#10104=CARTESIAN_POINT('',(9.96194698091742,4.85,-0.871557427476971));
#10105=CARTESIAN_POINT('',(9.93704211346513,3.35,-0.869378533908279));
#10106=CARTESIAN_POINT('',(9.160420081474,3.35,-0.801432910264557));
#10107=CARTESIAN_POINT('Origin',(8.44275006632751,3.35,-0.738644919786733));
#10108=CARTESIAN_POINT('Origin',(0.,4.85,0.));
#10109=CARTESIAN_POINT('',(10.,7.15,0.));
#10110=CARTESIAN_POINT('Origin',(0.,7.15,0.));
#10111=CARTESIAN_POINT('',(10.,3.35,0.));
#10112=CARTESIAN_POINT('',(10.,4.85,0.));
#10113=CARTESIAN_POINT('Origin',(0.,3.35,0.));
#10114=CARTESIAN_POINT('Origin',(10.,4.85,5.77350269189565));
#10115=CARTESIAN_POINT('',(10.,7.15,4.11223766205249));
#10116=CARTESIAN_POINT('',(10.,3.35,4.11223766205249));
#10117=CARTESIAN_POINT('Origin',(8.63730669589474,7.15,2.45097263220934));
#10118=CARTESIAN_POINT('Origin',(0.,3.35,0.));
#10119=CARTESIAN_POINT('',(-9.975,3.35,0.));
#10120=CARTESIAN_POINT('Origin',(0.,3.35,0.));
#10121=CARTESIAN_POINT('',(-9.48678875004416,3.35,3.0824445188901));
#10122=CARTESIAN_POINT('Origin',(0.,3.35,0.));
#10123=CARTESIAN_POINT('',(-8.06020397560142,4.85,2.61891902732768));
#10124=CARTESIAN_POINT('Origin',(-8.06020397560142,3.35,2.61891902732768));
#10125=CARTESIAN_POINT('Origin',(0.,4.85,0.));
#10126=CARTESIAN_POINT('Origin',(0.,3.35,-60.));
#10127=CARTESIAN_POINT('',(0.,3.35,0.));
#10128=CARTESIAN_POINT('Origin',(-0.85,0.2,1.49999999999145));
#10129=CARTESIAN_POINT('',(-1.425,0.2,1.49999999999145));
#10130=CARTESIAN_POINT('Origin',(-0.85,0.2,1.49999999999145));
#10131=CARTESIAN_POINT('Origin',(0.850000000000001,0.2,1.50000000000566));
#10132=CARTESIAN_POINT('Ctrl Pts',(-40.,3.35,0.));
#10133=CARTESIAN_POINT('Ctrl Pts',(40.,3.35,0.));
#10134=CARTESIAN_POINT('Ctrl Pts',(-40.,3.35,3.50946571079502));
#10135=CARTESIAN_POINT('Ctrl Pts',(40.,3.35,3.50946571079502));
#10136=CARTESIAN_POINT('Ctrl Pts',(-40.,3.31936956674974,9.65232049691809));
#10137=CARTESIAN_POINT('Ctrl Pts',(40.,3.31936956674974,9.65232049691809));
#10138=CARTESIAN_POINT('Ctrl Pts',(-40.,3.18162776590766,16.2410404597427));
#10139=CARTESIAN_POINT('Ctrl Pts',(40.,3.18162776590766,16.2410404597427));
#10140=CARTESIAN_POINT('Ctrl Pts',(-40.,2.85051138651581,20.7618256097697));
#10141=CARTESIAN_POINT('Ctrl Pts',(40.,2.85051138651581,20.7618256097697));
#10142=CARTESIAN_POINT('Ctrl Pts',(-40.,2.34948861348429,23.5401949549644));
#10143=CARTESIAN_POINT('Ctrl Pts',(40.,2.34948861348429,23.5401949549644));
#10144=CARTESIAN_POINT('Ctrl Pts',(-40.,2.01837223409239,27.0858557641441));
#10145=CARTESIAN_POINT('Ctrl Pts',(40.,2.01837223409239,27.0858557641441));
#10146=CARTESIAN_POINT('Ctrl Pts',(-40.,1.88063043325027,32.2924762079022));
#10147=CARTESIAN_POINT('Ctrl Pts',(40.,1.88063043325027,32.2924762079022));
#10148=CARTESIAN_POINT('Ctrl Pts',(-40.,1.85,37.192427431364));
#10149=CARTESIAN_POINT('Ctrl Pts',(40.,1.85,37.192427431364));
#10150=CARTESIAN_POINT('Ctrl Pts',(-40.,1.85,40.));
#10151=CARTESIAN_POINT('Ctrl Pts',(40.,1.85,40.));
#10152=CARTESIAN_POINT('',(9.03025939537494,1.87179756621366,35.1940780628694));
#10153=CARTESIAN_POINT('Ctrl Pts',(0.587116358369098,3.34767953472029,2.0944679898514));
#10154=CARTESIAN_POINT('Ctrl Pts',(2.87155736500045,3.32720317989035,11.0501502781799));
#10155=CARTESIAN_POINT('Ctrl Pts',(4.09916458138465,3.17566258752823,15.862732512907));
#10156=CARTESIAN_POINT('Ctrl Pts',(5.68169386142528,2.67240611135377,22.0667138820385));
#10157=CARTESIAN_POINT('Ctrl Pts',(5.9787178791719,2.37344095642659,23.2311356058738));
#10158=CARTESIAN_POINT('Ctrl Pts',(7.35887850008528,1.99194725468203,28.6417721650507));
#10159=CARTESIAN_POINT('Ctrl Pts',(8.1136957525244,1.90794485906775,31.6008783441864));
#10160=CARTESIAN_POINT('Ctrl Pts',(9.03025939537275,1.87179756621309,35.1940780628725));
#10161=CARTESIAN_POINT('',(8.90454066678213,1.87269237316073,35.1062125149956));
#10162=CARTESIAN_POINT('Ctrl Pts',(8.90454066678212,1.87269237316073,35.1062125149958));
#10163=CARTESIAN_POINT('Ctrl Pts',(8.94644231053969,1.8723905039766,35.1354967871813));
#10164=CARTESIAN_POINT('Ctrl Pts',(8.98834893005528,1.87209224388538,35.1647858076148));
#10165=CARTESIAN_POINT('Ctrl Pts',(9.03025939537494,1.87179756621312,35.1940780628694));
#10166=CARTESIAN_POINT('Ctrl Pts',(6.74381364027987,1.90159606902068,32.9894646615893));
#10167=CARTESIAN_POINT('Ctrl Pts',(7.2149970904839,1.89604557729684,33.30883813394));
#10168=CARTESIAN_POINT('Ctrl Pts',(7.65291964094534,1.89029169634191,33.6749089450631));
#10169=CARTESIAN_POINT('Ctrl Pts',(8.36224494409959,1.88052861303397,34.4009733751103));
#10170=CARTESIAN_POINT('Ctrl Pts',(8.64762054401957,1.87643243096769,34.7433902178969));
#10171=CARTESIAN_POINT('Ctrl Pts',(8.90454066678212,1.87269237316073,35.1062125149956));
#10172=CARTESIAN_POINT('',(-9.26062947992048,3.34205987358839,3.77369071806736));
#10173=CARTESIAN_POINT('Ctrl Pts',(-1.49593060075898,3.3489890251889,1.39704277222121));
#10174=CARTESIAN_POINT('Ctrl Pts',(-4.08019831744018,3.34782044196171,2.18804505781534));
#10175=CARTESIAN_POINT('Ctrl Pts',(-6.67626540448939,3.34559171451793,2.98265893862827));
#10176=CARTESIAN_POINT('Ctrl Pts',(-9.26062947992048,3.34205987358839,3.77369071806736));
#10177=CARTESIAN_POINT('',(-9.26841735053056,3.34214519852726,3.75452258099893));
#10178=CARTESIAN_POINT('Ctrl Pts',(-9.26062947992048,3.34205987358839,3.77369071806677));
#10179=CARTESIAN_POINT('Ctrl Pts',(-9.26323220275504,3.34208838758151,3.76730439570314));
#10180=CARTESIAN_POINT('Ctrl Pts',(-9.26582813015727,3.34211683258247,3.76091426711593));
#10181=CARTESIAN_POINT('Ctrl Pts',(-9.26841735077622,3.34214519852726,3.75452258107865));
#10182=CARTESIAN_POINT('',(-9.48678875004416,3.34481792734636,3.0824445188901));
#10183=CARTESIAN_POINT('Ctrl Pts',(-9.48678875004416,3.34481792734636,3.08244451888942));
#10184=CARTESIAN_POINT('Ctrl Pts',(-9.41454141940928,3.34403400400926,3.30479503521655));
#10185=CARTESIAN_POINT('Ctrl Pts',(-9.34171900322724,3.34314642697082,3.52891621008538));
#10186=CARTESIAN_POINT('Ctrl Pts',(-9.26841735053055,3.34214519852761,3.75452258099884));
#10187=CARTESIAN_POINT('Ctrl Pts',(-9.975,3.35,0.));
#10188=CARTESIAN_POINT('Ctrl Pts',(-9.975,3.35,0.277308108579802));
#10189=CARTESIAN_POINT('Ctrl Pts',(-9.96343612502444,3.34988510154023,0.554455644211964));
#10190=CARTESIAN_POINT('Ctrl Pts',(-9.940349402168,3.34964845415791,0.83071149682964));
#10191=CARTESIAN_POINT('Ctrl Pts',(-9.93200041484888,3.34956287397374,0.9306155249881));
#10192=CARTESIAN_POINT('Ctrl Pts',(-9.92214446361695,3.34946138857151,1.03040342737163));
#10193=CARTESIAN_POINT('Ctrl Pts',(-9.91078348884554,3.34934373331455,1.13004231657935));
#10194=CARTESIAN_POINT('Ctrl Pts',(-9.88141362111804,3.34903957637344,1.38762417512809));
#10195=CARTESIAN_POINT('Ctrl Pts',(-9.84202650617838,3.34862762861387,1.64386215818547));
#10196=CARTESIAN_POINT('Ctrl Pts',(-9.79273899996139,3.34810546994237,1.89814629634184));
#10197=CARTESIAN_POINT('Ctrl Pts',(-9.74366878656532,3.34758561330113,2.15130937721744));
#10198=CARTESIAN_POINT('Ctrl Pts',(-9.68478528476862,3.34695651454364,2.40253577885265));
#10199=CARTESIAN_POINT('Ctrl Pts',(-9.61620381176881,3.34621760165795,2.65127533039362));
#10200=CARTESIAN_POINT('Ctrl Pts',(-9.60213020503303,3.346065969316,2.70231918341834));
#10201=CARTESIAN_POINT('Ctrl Pts',(-9.58764820547998,3.34590971871777,2.7532584874376));
#10202=CARTESIAN_POINT('Ctrl Pts',(-9.57275880963852,3.34574885444989,2.80408875973783));
#10203=CARTESIAN_POINT('Ctrl Pts',(-9.54544232777646,3.34545372858297,2.8973433300453));
#10204=CARTESIAN_POINT('Ctrl Pts',(-9.5167802716092,3.34514340305458,2.99012721138212));
#10205=CARTESIAN_POINT('Ctrl Pts',(-9.48678875004416,3.34481792734649,3.08244451885274));
#10206=CARTESIAN_POINT('Origin',(0.,7.25,0.));
#10207=CARTESIAN_POINT('',(-0.437263824926848,7.25,1.90034216587707));
#10208=CARTESIAN_POINT('Origin',(-0.85,7.25,1.49999999999145));
#10209=CARTESIAN_POINT('',(0.437263824915586,7.25,1.90034216587966));
#10210=CARTESIAN_POINT('Origin',(0.,7.25,0.));
#10211=CARTESIAN_POINT('Origin',(0.850000000000001,7.25,1.50000000000566));
#10212=CARTESIAN_POINT('',(-0.933298740561548,7.25,-1.54157499359137));
#10213=CARTESIAN_POINT('Origin',(0.,4.85,0.));
#10214=CARTESIAN_POINT('',(0.437263824915586,2.35,1.90034216587966));
#10215=CARTESIAN_POINT('',(-0.437263824926847,2.35,1.90034216587707));
#10216=CARTESIAN_POINT('Origin',(0.,-1.65,20.));
#10217=CARTESIAN_POINT('',(-0.575,-1.65,20.));
#10218=CARTESIAN_POINT('Origin',(0.,-1.65,20.));
#10219=CARTESIAN_POINT('Origin',(0.,2.35,20.));
#10220=CARTESIAN_POINT('',(-0.575,2.35,20.));
#10221=CARTESIAN_POINT('',(-0.175235266703393,0.358203256043189,20.5476473329647));
#10222=CARTESIAN_POINT('Ctrl Pts',(-0.017470910331312,0.532741330148098,
19.4252654810318));
#10223=CARTESIAN_POINT('Ctrl Pts',(-0.0120722305469871,0.532764803131325,
19.4251014923096));
#10224=CARTESIAN_POINT('Ctrl Pts',(-0.00666779291628109,0.532777437133706,
19.4250132227966));
#10225=CARTESIAN_POINT('Ctrl Pts',(-0.00125916277956151,0.532779132404111,
19.4250013786886));
#10226=CARTESIAN_POINT('Ctrl Pts',(0.0440718557207299,0.532793340869501,
19.4249021103962));
#10227=CARTESIAN_POINT('Ctrl Pts',(0.0891355660216935,0.532042145938697,
19.4301567259444));
#10228=CARTESIAN_POINT('Ctrl Pts',(0.13300865228836,0.530545176715099,19.44059030545));
#10229=CARTESIAN_POINT('Ctrl Pts',(0.160774612266274,0.529597789806917,
19.4471934048813));
#10230=CARTESIAN_POINT('Ctrl Pts',(0.188063698227675,0.528351638766266,
19.4558696708187));
#10231=CARTESIAN_POINT('Ctrl Pts',(0.21464186816992,0.526811107868086,19.4665640915707));
#10232=CARTESIAN_POINT('Ctrl Pts',(0.267084117776393,0.523771436360815,
19.4876656002031));
#10233=CARTESIAN_POINT('Ctrl Pts',(0.315953575939961,0.519631544792026,
19.5163098808583));
#10234=CARTESIAN_POINT('Ctrl Pts',(0.359767643408318,0.514502987972872,
19.5514540333164));
#10235=CARTESIAN_POINT('Ctrl Pts',(0.374924608847591,0.512728823578813,
19.5636117428142));
#10236=CARTESIAN_POINT('Ctrl Pts',(0.389476578848522,0.510836314811642,
19.576546794646));
#10237=CARTESIAN_POINT('Ctrl Pts',(0.403362174406695,0.508830014697023,
19.590214743728));
#10238=CARTESIAN_POINT('Ctrl Pts',(0.443965119660545,0.502963381654502,
19.6301812677408));
#10239=CARTESIAN_POINT('Ctrl Pts',(0.47827190529805,0.496208497931504,19.6758321148578));
#10240=CARTESIAN_POINT('Ctrl Pts',(0.505293020581718,0.488755739558288,
19.7255854382057));
#10241=CARTESIAN_POINT('Ctrl Pts',(0.512996973491671,0.486630893897634,
19.7397705396038));
#10242=CARTESIAN_POINT('Ctrl Pts',(0.520108696657389,0.484449338427673,
19.7542894207679));
#10243=CARTESIAN_POINT('Ctrl Pts',(0.526605257570608,0.482215537272254,
19.7691062956713));
#10244=CARTESIAN_POINT('Ctrl Pts',(0.544993257748004,0.475892940348928,
19.8110442843998));
#10245=CARTESIAN_POINT('Ctrl Pts',(0.558255391452631,0.469219004450746,
19.8549184499013));
#10246=CARTESIAN_POINT('Ctrl Pts',(0.566195448587258,0.462327863428547,
19.8997657419991));
#10247=CARTESIAN_POINT('Ctrl Pts',(0.570504204866957,0.45858831261043,19.9241026010642));
#10248=CARTESIAN_POINT('Ctrl Pts',(0.573245713153947,0.454784848319963,
19.9487269041618));
#10249=CARTESIAN_POINT('Ctrl Pts',(0.574388618487696,0.450939263520049,
19.9734912287763));
#10250=CARTESIAN_POINT('Ctrl Pts',(0.576483719567617,0.44388978301688,20.0188876073836));
#10251=CARTESIAN_POINT('Ctrl Pts',(0.573185434423705,0.436770588233691,
20.0642875132314));
#10252=CARTESIAN_POINT('Ctrl Pts',(0.564626656220248,0.429736832118503,
20.108732224987));
#10253=CARTESIAN_POINT('Ctrl Pts',(0.559274491429255,0.425338327923951,
20.1365253767371));
#10254=CARTESIAN_POINT('Ctrl Pts',(0.551865196052495,0.420973296206102,
20.1639461526572));
#10255=CARTESIAN_POINT('Ctrl Pts',(0.542431268024302,0.416680207630875,
20.1907703317423));
#10256=CARTESIAN_POINT('Ctrl Pts',(0.524249447193232,0.408406223872102,
20.2424680356689));
#10257=CARTESIAN_POINT('Ctrl Pts',(0.49878151103962,0.400507188256147,20.2912726192539));
#10258=CARTESIAN_POINT('Ctrl Pts',(0.466828750930233,0.393257593059334,
20.335704222837));
#10259=CARTESIAN_POINT('Ctrl Pts',(0.454391516300704,0.390435773719683,
20.35299869996));
#10260=CARTESIAN_POINT('Ctrl Pts',(0.440971789524121,0.387712378654405,
20.3696312898547));
#10261=CARTESIAN_POINT('Ctrl Pts',(0.426616824408121,0.385103680240832,
20.385516647023));
#10262=CARTESIAN_POINT('Ctrl Pts',(0.384867273913432,0.377516619926664,
20.4317171439147));
#10263=CARTESIAN_POINT('Ctrl Pts',(0.335864343302696,0.371022352095791,
20.4708554821834));
#10264=CARTESIAN_POINT('Ctrl Pts',(0.281506824979829,0.365936149464178,
20.501376606524));
#10265=CARTESIAN_POINT('Ctrl Pts',(0.270583092218512,0.364914021890442,
20.5075101574321));
#10266=CARTESIAN_POINT('Ctrl Pts',(0.259443113035795,0.363948749684719,
20.5132955367214));
#10267=CARTESIAN_POINT('Ctrl Pts',(0.248102297757598,0.363042874259807,
20.5187198182506));
#10268=CARTESIAN_POINT('Ctrl Pts',(0.205054357420422,0.359604314483644,
20.5393095326506));
#10269=CARTESIAN_POINT('Ctrl Pts',(0.159670480858641,0.357067570843399,
20.5544260773296));
#10270=CARTESIAN_POINT('Ctrl Pts',(0.11301052072011,0.355496574486421,20.5637812019006));
#10271=CARTESIAN_POINT('Ctrl Pts',(0.0871216023291312,0.354624919295169,
20.5689718204917));
#10272=CARTESIAN_POINT('Ctrl Pts',(0.0608398416740198,0.354050525846253,
20.5723879247141));
#10273=CARTESIAN_POINT('Ctrl Pts',(0.0343462702415849,0.353783967924707,
20.5739732865861));
#10274=CARTESIAN_POINT('Ctrl Pts',(-0.0122710533695835,0.353314940299589,
20.5767628435779));
#10275=CARTESIAN_POINT('Ctrl Pts',(-0.0589288733069643,0.353805534712789,
20.5738493502583));
#10276=CARTESIAN_POINT('Ctrl Pts',(-0.104610747556102,0.355224796897399,
20.5653994506984));
#10277=CARTESIAN_POINT('Ctrl Pts',(-0.1284666582474,0.355965961582083,20.5609867585187));
#10278=CARTESIAN_POINT('Ctrl Pts',(-0.152056416884626,0.356960342304394,
20.5550633418705));
#10279=CARTESIAN_POINT('Ctrl Pts',(-0.175235266703396,0.358203256043187,
20.5476473329647));
#10280=CARTESIAN_POINT('',(-0.175235266703397,1.56214615173531,20.5476473329647));
#10281=CARTESIAN_POINT('Ctrl Pts',(-0.175235266703396,1.56214615173531,
20.5476473329647));
#10282=CARTESIAN_POINT('Ctrl Pts',(-0.131465102700289,1.56025035350458,
20.5616512656524));
#10283=CARTESIAN_POINT('Ctrl Pts',(-0.086236315294012,1.55907063964941,
20.5703331583811));
#10284=CARTESIAN_POINT('Ctrl Pts',(-0.0405246622215358,1.55863158902067,
20.5735655781649));
#10285=CARTESIAN_POINT('Ctrl Pts',(-0.015241711597604,1.55838875169972,
20.5753534179015));
#10286=CARTESIAN_POINT('Ctrl Pts',(0.0101889551781965,1.55837246000701,
20.5754732884003));
#10287=CARTESIAN_POINT('Ctrl Pts',(0.0356022390870763,1.55858660580755,
20.5738967507941));
#10288=CARTESIAN_POINT('Ctrl Pts',(0.0825522390831591,1.55898223139338,
20.5709841622097));
#10289=CARTESIAN_POINT('Ctrl Pts',(0.12885099419029,1.56015921573735,20.5623234562393));
#10290=CARTESIAN_POINT('Ctrl Pts',(0.173483427994718,1.56207114299383,20.5482013897432));
#10291=CARTESIAN_POINT('Ctrl Pts',(0.196373479100695,1.56305168805672,20.5409587906675));
#10292=CARTESIAN_POINT('Ctrl Pts',(0.218825250732396,1.56422550523505,20.532278853164));
#10293=CARTESIAN_POINT('Ctrl Pts',(0.240701816450439,1.56558612630878,20.5221950167873));
#10294=CARTESIAN_POINT('Ctrl Pts',(0.293875723646551,1.56889329707937,20.4976849091868));
#10295=CARTESIAN_POINT('Ctrl Pts',(0.342879889053017,1.57325497216794,20.4652492435233));
#10296=CARTESIAN_POINT('Ctrl Pts',(0.386088338957194,1.5784709896068,20.4260992104962));
#10297=CARTESIAN_POINT('Ctrl Pts',(0.392927660286966,1.57929661559906,20.4199022824292));
#10298=CARTESIAN_POINT('Ctrl Pts',(0.399621771891644,1.58014364213157,20.4135370231419));
#10299=CARTESIAN_POINT('Ctrl Pts',(0.406164225452635,1.58101127068754,20.4070081350077));
#10300=CARTESIAN_POINT('Ctrl Pts',(0.446796157434072,1.58639968103582,20.3664604511597));
#10301=CARTESIAN_POINT('Ctrl Pts',(0.481008451859021,1.59250523340049,20.3201807125538));
#10302=CARTESIAN_POINT('Ctrl Pts',(0.507787126587075,1.59907901955364,20.2697740065383));
#10303=CARTESIAN_POINT('Ctrl Pts',(0.516834154258382,1.60129993697531,20.2527443787179));
#10304=CARTESIAN_POINT('Ctrl Pts',(0.525032716765329,1.60357431050514,20.2352440798021));
#10305=CARTESIAN_POINT('Ctrl Pts',(0.532343713742023,1.60589259608028,20.2173365372861));
#10306=CARTESIAN_POINT('Ctrl Pts',(0.548843421810865,1.61112458226931,20.1769221827615));
#10307=CARTESIAN_POINT('Ctrl Pts',(0.560681717339992,1.6165356707156,20.1347739585528));
#10308=CARTESIAN_POINT('Ctrl Pts',(0.567639389742652,1.62201139845598,20.0917089047618));
#10309=CARTESIAN_POINT('Ctrl Pts',(0.572875874960172,1.62613254209544,20.0592972727508));
#10310=CARTESIAN_POINT('Ctrl Pts',(0.575326818688877,1.63027390807538,20.026496145435));
#10311=CARTESIAN_POINT('Ctrl Pts',(0.574965104866493,1.63438879533986,19.9936653186582));
#10312=CARTESIAN_POINT('Ctrl Pts',(0.574604425170576,1.63849191829354,19.9609283540034));
#10313=CARTESIAN_POINT('Ctrl Pts',(0.57144839014141,1.64255462250817,19.9282742926451));
#10314=CARTESIAN_POINT('Ctrl Pts',(0.565527544336142,1.64653389166509,19.896059648847));
#10315=CARTESIAN_POINT('Ctrl Pts',(0.557665819822409,1.65181758235838,19.8532849063223));
#10316=CARTESIAN_POINT('Ctrl Pts',(0.544971841571265,1.65692553870454,19.8115150141554));
#10317=CARTESIAN_POINT('Ctrl Pts',(0.5276729770275,1.66176877456669,19.771556945137));
#10318=CARTESIAN_POINT('Ctrl Pts',(0.504963007487718,1.66812698025269,19.7190999455471));
#10319=CARTESIAN_POINT('Ctrl Pts',(0.474576777668951,1.67395577758801,19.6703697894387));
#10320=CARTESIAN_POINT('Ctrl Pts',(0.437553999526159,1.67910262750557,19.6269442804199));
#10321=CARTESIAN_POINT('Ctrl Pts',(0.425111021681256,1.68083243122933,19.6123494100798));
#10322=CARTESIAN_POINT('Ctrl Pts',(0.411918403567659,1.68248522817252,19.5983542313831));
#10323=CARTESIAN_POINT('Ctrl Pts',(0.398015616265198,1.68405528302611,19.5850197966059));
#10324=CARTESIAN_POINT('Ctrl Pts',(0.358608316182901,1.68850558650952,19.5472234856028));
#10325=CARTESIAN_POINT('Ctrl Pts',(0.314059164087616,1.69222892579459,19.5152687013745));
#10326=CARTESIAN_POINT('Ctrl Pts',(0.265740176729665,1.69514951122969,19.4900890743853));
#10327=CARTESIAN_POINT('Ctrl Pts',(0.247565038710414,1.6962480864748,19.4806177832672));
#10328=CARTESIAN_POINT('Ctrl Pts',(0.228856514019271,1.69723306329276,19.4721046473317));
#10329=CARTESIAN_POINT('Ctrl Pts',(0.209687622196462,1.69810031972381,19.4645972533713));
#10330=CARTESIAN_POINT('Ctrl Pts',(0.168083462244948,1.69998261295235,19.4483032066398));
#10331=CARTESIAN_POINT('Ctrl Pts',(0.124809209907591,1.70128857500474,19.4369403389737));
#10332=CARTESIAN_POINT('Ctrl Pts',(0.0807550229183533,1.70200638145164,
19.4306929274983));
#10333=CARTESIAN_POINT('Ctrl Pts',(0.0500592571680793,1.70250652956591,
19.4263399001859));
#10334=CARTESIAN_POINT('Ctrl Pts',(0.0189848389615505,1.70272109016265,
19.4244694147294));
#10335=CARTESIAN_POINT('Ctrl Pts',(-0.012167110861526,1.70264540291099,
19.4251287436188));
#10336=CARTESIAN_POINT('Ctrl Pts',(-0.0139356371314076,1.70264110607263,
19.4251661743565));
#10337=CARTESIAN_POINT('Ctrl Pts',(-0.015703588489167,1.70263587154865,
19.4252117731664));
#10338=CARTESIAN_POINT('Ctrl Pts',(-0.0174709103312907,1.7026297060525,
19.4252654810325));
#10339=CARTESIAN_POINT('',(-0.175235266703397,2.35,20.5476473329647));
#10340=CARTESIAN_POINT('Ctrl Pts',(-40.,2.35,0.));
#10341=CARTESIAN_POINT('Ctrl Pts',(40.,2.35,0.));
#10342=CARTESIAN_POINT('Ctrl Pts',(-40.,2.35,3.38382522115743));
#10343=CARTESIAN_POINT('Ctrl Pts',(40.,2.35,3.38382522115743));
#10344=CARTESIAN_POINT('Ctrl Pts',(-40.,2.30915942233299,9.33600520526167));
#10345=CARTESIAN_POINT('Ctrl Pts',(40.,2.30915942233299,9.33600520526167));
#10346=CARTESIAN_POINT('Ctrl Pts',(-40.,2.12550368787688,15.8203451557525));
#10347=CARTESIAN_POINT('Ctrl Pts',(40.,2.12550368787688,15.8203451557525));
#10348=CARTESIAN_POINT('Ctrl Pts',(-40.,1.68401518202107,20.4953939532174));
#10349=CARTESIAN_POINT('Ctrl Pts',(40.,1.68401518202107,20.4953939532174));
#10350=CARTESIAN_POINT('Ctrl Pts',(-40.,1.01598481797904,23.6526122928919));
#10351=CARTESIAN_POINT('Ctrl Pts',(40.,1.01598481797904,23.6526122928919));
#10352=CARTESIAN_POINT('Ctrl Pts',(-40.,0.574496312123185,27.3874466502575));
#10353=CARTESIAN_POINT('Ctrl Pts',(40.,0.574496312123185,27.3874466502575));
#10354=CARTESIAN_POINT('Ctrl Pts',(-40.,0.390840577667022,32.5391668813474));
#10355=CARTESIAN_POINT('Ctrl Pts',(40.,0.390840577667022,32.5391668813474));
#10356=CARTESIAN_POINT('Ctrl Pts',(-40.,0.349999999999999,37.2929398230741));
#10357=CARTESIAN_POINT('Ctrl Pts',(40.,0.349999999999999,37.2929398230741));
#10358=CARTESIAN_POINT('Ctrl Pts',(-40.,0.349999999999999,40.));
#10359=CARTESIAN_POINT('Ctrl Pts',(40.,0.349999999999999,40.));
#10360=CARTESIAN_POINT('',(1.81422017162971,1.47920701630538,21.138881261475));
#10361=CARTESIAN_POINT('Ctrl Pts',(1.81422017162971,1.47920701630546,21.1388812614745));
#10362=CARTESIAN_POINT('Ctrl Pts',(1.83347755033616,1.4879251585841,21.0787055224766));
#10363=CARTESIAN_POINT('Ctrl Pts',(1.85839137127148,1.49627836916782,21.0205061004144));
#10364=CARTESIAN_POINT('Ctrl Pts',(1.88861753875028,1.50416906398521,20.9650496038421));
#10365=CARTESIAN_POINT('Ctrl Pts',(1.91223267188773,1.51033391464946,20.9217224916367));
#10366=CARTESIAN_POINT('Ctrl Pts',(1.93909046212482,1.51621649939361,20.8800709389542));
#10367=CARTESIAN_POINT('Ctrl Pts',(1.96902681226217,1.52177127829549,20.8404825902387));
#10368=CARTESIAN_POINT('Ctrl Pts',(2.02969143203419,1.53302777911989,20.7602586447273));
#10369=CARTESIAN_POINT('Ctrl Pts',(2.10211789375324,1.54277896766812,20.6896393958068));
#10370=CARTESIAN_POINT('Ctrl Pts',(2.1838603385812,1.55079979479188,20.631015499977));
#10371=CARTESIAN_POINT('Ctrl Pts',(2.20336570491607,1.5527137230049,20.6170266773213));
#10372=CARTESIAN_POINT('Ctrl Pts',(2.22340151785009,1.55452914445972,20.6037210769068));
#10373=CARTESIAN_POINT('Ctrl Pts',(2.24393454581371,1.55624302110765,20.5911312245882));
#10374=CARTESIAN_POINT('Ctrl Pts',(2.30126409651905,1.56102827627628,20.5559795373579));
#10375=CARTESIAN_POINT('Ctrl Pts',(2.36196826625355,1.56498118225744,20.5267113309614));
#10376=CARTESIAN_POINT('Ctrl Pts',(2.42511546364816,1.56806970671905,20.5037666104702));
#10377=CARTESIAN_POINT('Ctrl Pts',(2.45265819273304,1.56941681943392,20.4937588785914));
#10378=CARTESIAN_POINT('Ctrl Pts',(2.48066568761915,1.57059947025912,20.4849535409315));
#10379=CARTESIAN_POINT('Ctrl Pts',(2.50906064748202,1.57161488316014,20.4773838488379));
#10380=CARTESIAN_POINT('Ctrl Pts',(2.55855623409766,1.57338486126316,20.4641890300222));
#10381=CARTESIAN_POINT('Ctrl Pts',(2.60900521850835,1.57463827922019,20.454813430117));
#10382=CARTESIAN_POINT('Ctrl Pts',(2.65996206610222,1.57536901106375,20.4493457264588));
#10383=CARTESIAN_POINT('Ctrl Pts',(2.69889087671602,1.57592725834338,20.4451686391732));
#10384=CARTESIAN_POINT('Ctrl Pts',(2.73803361217482,1.57617918480648,20.4432811653285));
#10385=CARTESIAN_POINT('Ctrl Pts',(2.77718763357836,1.57612408409619,20.4436937666242));
#10386=CARTESIAN_POINT('Ctrl Pts',(2.81746673082247,1.57606740008806,20.4441182238604));
#10387=CARTESIAN_POINT('Ctrl Pts',(2.85768058228566,1.57568590709242,20.4469760256688));
#10388=CARTESIAN_POINT('Ctrl Pts',(2.89760895389497,1.57498073877125,20.4522504147838));
#10389=CARTESIAN_POINT('Ctrl Pts',(2.95431239169096,1.57397930879995,20.4597407276375));
#10390=CARTESIAN_POINT('Ctrl Pts',(3.01025090012324,1.57232870246844,20.4720797373876));
#10391=CARTESIAN_POINT('Ctrl Pts',(3.06481034457818,1.57003904110404,20.4891223509578));
#10392=CARTESIAN_POINT('Ctrl Pts',(3.13041461659565,1.56728586851443,20.5096150130023));
#10393=CARTESIAN_POINT('Ctrl Pts',(3.19353773397785,1.56363036219528,20.5367471702847));
#10394=CARTESIAN_POINT('Ctrl Pts',(3.25323829794314,1.55911576292309,20.5700001350476));
#10395=CARTESIAN_POINT('Ctrl Pts',(3.30146293874856,1.55546898115385,20.5968610585447));
#10396=CARTESIAN_POINT('Ctrl Pts',(3.34745436026336,1.55126157343887,20.6277141460188));
#10397=CARTESIAN_POINT('Ctrl Pts',(3.39071637554048,1.54651570986705,20.6622666636914));
#10398=CARTESIAN_POINT('Ctrl Pts',(3.45290252925186,1.53969385934345,20.7119335171965));
#10399=CARTESIAN_POINT('Ctrl Pts',(3.50877099898681,1.5318310816613,20.7687162095828));
#10400=CARTESIAN_POINT('Ctrl Pts',(3.55725137749403,1.52305780024381,20.8313088205296));
#10401=CARTESIAN_POINT('Ctrl Pts',(3.57658597260497,1.51955890338648,20.8562715544614));
#10402=CARTESIAN_POINT('Ctrl Pts',(3.59474547966688,1.51591521780865,20.8821588228076));
#10403=CARTESIAN_POINT('Ctrl Pts',(3.61166200078914,1.51213516386719,20.9088904092151));
#10404=CARTESIAN_POINT('Ctrl Pts',(3.64491205837111,1.5047053258817,20.9614323462296));
#10405=CARTESIAN_POINT('Ctrl Pts',(3.67311128027762,1.49680336166523,21.0168447071895));
#10406=CARTESIAN_POINT('Ctrl Pts',(3.69596755829839,1.48852433733968,21.0743619634889));
#10407=CARTESIAN_POINT('Ctrl Pts',(3.71177322382967,1.48279919305783,21.1141365284692));
#10408=CARTESIAN_POINT('Ctrl Pts',(3.72502386427964,1.47689378346896,21.1549186827114));
#10409=CARTESIAN_POINT('Ctrl Pts',(3.735622882213,1.47084018445825,21.1964699580138));
#10410=CARTESIAN_POINT('Ctrl Pts',(-1.78106588351281,0.439937992342488,
32.3749118642004));
#10411=CARTESIAN_POINT('Ctrl Pts',(-0.905792939333746,0.517290039213837,
29.6394984824219));
#10412=CARTESIAN_POINT('Ctrl Pts',(-0.194070150017028,0.647437788981104,
27.4152139841929));
#10413=CARTESIAN_POINT('Ctrl Pts',(0.961107074898652,1.04845784715561,23.8050404259049));
#10414=CARTESIAN_POINT('Ctrl Pts',(1.35052919301264,1.26925955399535,22.5880138050197));
#10415=CARTESIAN_POINT('Ctrl Pts',(1.81422017162139,1.47920701630576,21.1388812614724));
#10416=CARTESIAN_POINT('',(-4.27730051775406,0.414712106002093,33.3674702866819));
#10417=CARTESIAN_POINT('Ctrl Pts',(-4.27730051775425,0.414712106002129,
33.3674702866811));
#10418=CARTESIAN_POINT('Ctrl Pts',(-3.82708103617208,0.417071290418417,
33.2635289293588));
#10419=CARTESIAN_POINT('Ctrl Pts',(-3.376793719427,0.419515084204207,33.1595719110551));
#10420=CARTESIAN_POINT('Ctrl Pts',(-2.9266201673734,0.422046622141139,33.0556411573999));
#10421=CARTESIAN_POINT('Ctrl Pts',(-0.175235266703394,1.56214615173531,
20.5476473329647));
#10422=CARTESIAN_POINT('Ctrl Pts',(-0.767551032450548,1.31154973623266,
22.3987595861474));
#10423=CARTESIAN_POINT('Ctrl Pts',(-1.19511832944654,1.04115523818787,23.7349979716496));
#10424=CARTESIAN_POINT('Ctrl Pts',(-2.49196737068713,0.622464769872364,
27.7879259698441));
#10425=CARTESIAN_POINT('Ctrl Pts',(-3.2427308965949,0.488098017343387,30.1342210415234));
#10426=CARTESIAN_POINT('Ctrl Pts',(-4.27730051775388,0.414712106002093,
33.3674702866827));
#10427=CARTESIAN_POINT('Origin',(9.75178054145754,2.35,38.022653688108));
#10428=CARTESIAN_POINT('',(1.12173929016102,2.33576832249995,4.19034750917188));
#10429=CARTESIAN_POINT('Ctrl Pts',(1.12173928992108,2.33576832249906,4.19034750923308));
#10430=CARTESIAN_POINT('Ctrl Pts',(0.945314614607414,2.34078875658,3.49871076512623));
#10431=CARTESIAN_POINT('Ctrl Pts',(0.766937452815873,2.34436034257323,2.79941969835691));
#10432=CARTESIAN_POINT('Ctrl Pts',(0.587116358371852,2.34667196802228,2.09446798986219));
#10433=CARTESIAN_POINT('',(2.53416903038488,2.25597868880372,9.72748853124299));
#10434=CARTESIAN_POINT('Ctrl Pts',(2.53416903038521,2.25597868880369,9.72748853124429));
#10435=CARTESIAN_POINT('Ctrl Pts',(2.12542930518054,2.29322274663518,8.12510829602446));
#10436=CARTESIAN_POINT('Ctrl Pts',(1.65882518436353,2.32048472158515,6.29588256932294));
#10437=CARTESIAN_POINT('Ctrl Pts',(1.12173928992269,2.33576832249901,4.19034750923938));
#10438=CARTESIAN_POINT('',(4.73062147802886,1.81691092948486,18.3382297258872));
#10439=CARTESIAN_POINT('Ctrl Pts',(4.73062147803036,1.8169109294849,18.3382297258869));
#10440=CARTESIAN_POINT('Ctrl Pts',(4.61138940041456,1.86171783426582,17.8708048273648));
#10441=CARTESIAN_POINT('Ctrl Pts',(4.48241054972938,1.90486570083179,17.3651697046817));
#10442=CARTESIAN_POINT('Ctrl Pts',(3.82141253059081,2.09657970853782,14.7738625816544));
#10443=CARTESIAN_POINT('Ctrl Pts',(3.20690015178363,2.19467993254051,12.3647928745065));
#10444=CARTESIAN_POINT('Ctrl Pts',(2.53416903038488,2.25597868880372,9.72748853124299));
#10445=CARTESIAN_POINT('',(9.02400834735693,0.381545092343114,35.1695720830078));
#10446=CARTESIAN_POINT('Ctrl Pts',(9.02400834201149,0.381545092343114,35.1695720906419));
#10447=CARTESIAN_POINT('Ctrl Pts',(8.33542482431464,0.420604963510082,32.470121679985));
#10448=CARTESIAN_POINT('Ctrl Pts',(7.65249593688806,0.504099760831791,29.7928390840091));
#10449=CARTESIAN_POINT('Ctrl Pts',(6.44368133808859,0.858933993408675,25.0539294510109));
#10450=CARTESIAN_POINT('Ctrl Pts',(6.07200361851597,1.10454040085589,23.596843208378));
#10451=CARTESIAN_POINT('Ctrl Pts',(5.38869798449261,1.51643429018468,20.9180836578471));
#10452=CARTESIAN_POINT('Ctrl Pts',(5.10718256931081,1.67540088203299,19.8144602286071));
#10453=CARTESIAN_POINT('Ctrl Pts',(4.73062147803036,1.8169109294849,18.3382297258869));
#10454=CARTESIAN_POINT('',(9.02400833494522,1.65,35.1695720629401));
#10455=CARTESIAN_POINT('',(9.02400833494522,1.175,35.1695720629401));
#10456=CARTESIAN_POINT('Origin',(9.59267673181909,1.65,37.398919844315));
#10457=CARTESIAN_POINT('Ctrl Pts',(-40.,0.349999999999999,40.));
#10458=CARTESIAN_POINT('Ctrl Pts',(40.,0.349999999999999,40.));
#10459=CARTESIAN_POINT('Ctrl Pts',(-40.,0.349999999999999,37.2929398230741));
#10460=CARTESIAN_POINT('Ctrl Pts',(40.,0.349999999999999,37.2929398230741));
#10461=CARTESIAN_POINT('Ctrl Pts',(-40.,0.390840577667022,32.5391668813474));
#10462=CARTESIAN_POINT('Ctrl Pts',(40.,0.390840577667022,32.5391668813474));
#10463=CARTESIAN_POINT('Ctrl Pts',(-40.,0.574496312123185,27.3874466502575));
#10464=CARTESIAN_POINT('Ctrl Pts',(40.,0.574496312123185,27.3874466502575));
#10465=CARTESIAN_POINT('Ctrl Pts',(-40.,1.01598481797904,23.6526122928919));
#10466=CARTESIAN_POINT('Ctrl Pts',(40.,1.01598481797904,23.6526122928919));
#10467=CARTESIAN_POINT('Ctrl Pts',(-40.,1.68401518202107,20.4953939532174));
#10468=CARTESIAN_POINT('Ctrl Pts',(40.,1.68401518202107,20.4953939532174));
#10469=CARTESIAN_POINT('Ctrl Pts',(-40.,2.12550368787688,15.8203451557525));
#10470=CARTESIAN_POINT('Ctrl Pts',(40.,2.12550368787688,15.8203451557525));
#10471=CARTESIAN_POINT('Ctrl Pts',(-40.,2.30915942233299,9.33600520526167));
#10472=CARTESIAN_POINT('Ctrl Pts',(40.,2.30915942233299,9.33600520526167));
#10473=CARTESIAN_POINT('Ctrl Pts',(-40.,2.35,3.38382522115743));
#10474=CARTESIAN_POINT('Ctrl Pts',(40.,2.35,3.38382522115743));
#10475=CARTESIAN_POINT('Ctrl Pts',(-40.,2.35,0.));
#10476=CARTESIAN_POINT('Ctrl Pts',(40.,2.35,0.));
#10477=CARTESIAN_POINT('',(2.51701914435917,2.25712300878596,9.67804807938716));
#10478=CARTESIAN_POINT('Ctrl Pts',(2.53416903038488,2.25597868880372,9.72748853124299));
#10479=CARTESIAN_POINT('Ctrl Pts',(2.52844731865709,2.25636149083684,9.71101893991509));
#10480=CARTESIAN_POINT('Ctrl Pts',(2.52273061853528,2.25674292987028,9.69453876911225));
#10481=CARTESIAN_POINT('Ctrl Pts',(2.51701914435917,2.25712300878596,9.67804807938716));
#10482=CARTESIAN_POINT('Ctrl Pts',(2.51701914435916,2.25712300878596,9.67804807938716));
#10483=CARTESIAN_POINT('Ctrl Pts',(2.09427660318517,2.28525506746433,8.45746721617512));
#10484=CARTESIAN_POINT('Ctrl Pts',(1.7229012393722,2.30477932607369,7.24471076051386));
#10485=CARTESIAN_POINT('Ctrl Pts',(1.3122774374418,2.32594933251757,5.38842616746707));
#10486=CARTESIAN_POINT('Ctrl Pts',(1.20380532796858,2.33140908226278,4.79089532547667));
#10487=CARTESIAN_POINT('Ctrl Pts',(1.12173929040096,2.33576832249995,4.19034750911068));
#10488=CARTESIAN_POINT('Ctrl Pts',(-40.,0.349999999999999,40.));
#10489=CARTESIAN_POINT('Ctrl Pts',(40.,0.349999999999999,40.));
#10490=CARTESIAN_POINT('Ctrl Pts',(-40.,0.349999999999999,37.2929398230741));
#10491=CARTESIAN_POINT('Ctrl Pts',(40.,0.349999999999999,37.2929398230741));
#10492=CARTESIAN_POINT('Ctrl Pts',(-40.,0.390840577667022,32.5391668813474));
#10493=CARTESIAN_POINT('Ctrl Pts',(40.,0.390840577667022,32.5391668813474));
#10494=CARTESIAN_POINT('Ctrl Pts',(-40.,0.574496312123185,27.3874466502575));
#10495=CARTESIAN_POINT('Ctrl Pts',(40.,0.574496312123185,27.3874466502575));
#10496=CARTESIAN_POINT('Ctrl Pts',(-40.,1.01598481797904,23.6526122928919));
#10497=CARTESIAN_POINT('Ctrl Pts',(40.,1.01598481797904,23.6526122928919));
#10498=CARTESIAN_POINT('Ctrl Pts',(-40.,1.68401518202107,20.4953939532174));
#10499=CARTESIAN_POINT('Ctrl Pts',(40.,1.68401518202107,20.4953939532174));
#10500=CARTESIAN_POINT('Ctrl Pts',(-40.,2.12550368787688,15.8203451557525));
#10501=CARTESIAN_POINT('Ctrl Pts',(40.,2.12550368787688,15.8203451557525));
#10502=CARTESIAN_POINT('Ctrl Pts',(-40.,2.30915942233299,9.33600520526167));
#10503=CARTESIAN_POINT('Ctrl Pts',(40.,2.30915942233299,9.33600520526167));
#10504=CARTESIAN_POINT('Ctrl Pts',(-40.,2.35,3.38382522115743));
#10505=CARTESIAN_POINT('Ctrl Pts',(40.,2.35,3.38382522115743));
#10506=CARTESIAN_POINT('Ctrl Pts',(-40.,2.35,0.));
#10507=CARTESIAN_POINT('Ctrl Pts',(40.,2.35,0.));
#10508=CARTESIAN_POINT('Ctrl Pts',(9.02400835270387,0.381545092564022,35.1695720753748));
#10509=CARTESIAN_POINT('Ctrl Pts',(8.98815165617215,0.381908381784844,35.144464946168));
#10510=CARTESIAN_POINT('Ctrl Pts',(8.95229751987665,0.382275432141958,35.1193596096579));
#10511=CARTESIAN_POINT('Ctrl Pts',(8.91644660853728,0.38264627443113,35.0942565312864));
#10512=CARTESIAN_POINT('',(4.00271778160038,1.54395228968025,20.6809082891056));
#10513=CARTESIAN_POINT('Ctrl Pts',(4.00271778160038,1.54395228968025,20.6809082891056));
#10514=CARTESIAN_POINT('Ctrl Pts',(4.25902110332362,1.65751301762172,19.8560240352836));
#10515=CARTESIAN_POINT('Ctrl Pts',(4.48758842004531,1.74193234587766,19.1204050849149));
#10516=CARTESIAN_POINT('Ctrl Pts',(4.73062147802886,1.81691092948486,18.3382297258872));
#10517=CARTESIAN_POINT('Ctrl Pts',(3.735622882213,1.47084018445825,21.1964699580138));
#10518=CARTESIAN_POINT('Ctrl Pts',(3.80168175038208,1.48941717871642,21.0689593975443));
#10519=CARTESIAN_POINT('Ctrl Pts',(3.86710664010414,1.5074781810124,20.9426687264357));
#10520=CARTESIAN_POINT('Ctrl Pts',(3.93259915937475,1.52516619902376,20.8162533933431));
#10521=CARTESIAN_POINT('Ctrl Pts',(3.95595283029197,1.5314734865799,20.7711755413867));
#10522=CARTESIAN_POINT('Ctrl Pts',(3.97931510051528,1.53773335786755,20.7260814666722));
#10523=CARTESIAN_POINT('Ctrl Pts',(4.00271778160039,1.54395228968026,20.6809082891055));
#10524=CARTESIAN_POINT('Origin',(1.975,1.65,40.));
#10525=CARTESIAN_POINT('',(7.83146627603047,3.15,36.165707006798));
#10526=CARTESIAN_POINT('Ctrl Pts',(7.83146627603047,3.15,36.165707006798));
#10527=CARTESIAN_POINT('Ctrl Pts',(7.83294319814321,3.15,36.1642754395004));
#10528=CARTESIAN_POINT('Ctrl Pts',(7.83442005933003,3.14999592041201,36.1628438119568));
#10529=CARTESIAN_POINT('Ctrl Pts',(7.9107090446917,3.14957441970966,36.0888852680895));
#10530=CARTESIAN_POINT('Ctrl Pts',(7.98516530811769,3.13869221466426,36.0163949610251));
#10531=CARTESIAN_POINT('Ctrl Pts',(8.13093740561156,3.09627776317331,35.8739262934511));
#10532=CARTESIAN_POINT('Ctrl Pts',(8.2019158379446,3.06488418944307,35.8042794585494));
#10533=CARTESIAN_POINT('Ctrl Pts',(8.39898466000747,2.94561222319797,35.6102672724682));
#10534=CARTESIAN_POINT('Ctrl Pts',(8.51568671691278,2.83340901837713,35.4945457453914));
#10535=CARTESIAN_POINT('Ctrl Pts',(8.71000250657224,2.55434236398376,35.3011240822661));
#10536=CARTESIAN_POINT('Ctrl Pts',(8.7863291426564,2.39100876537719,35.224737416979));
#10537=CARTESIAN_POINT('Ctrl Pts',(8.86987819939282,2.10237273546425,35.1410119149622));
#10538=CARTESIAN_POINT('Ctrl Pts',(8.8920698246524,1.98866010816795,35.1187336377321));
#10539=CARTESIAN_POINT('Ctrl Pts',(8.90454066678212,1.87269237316073,35.1062125149956));
#10540=CARTESIAN_POINT('',(-2.06162837313103,3.15,34.2811162472705));
#10541=CARTESIAN_POINT('Origin',(1.975,3.15,40.));
#10542=CARTESIAN_POINT('Origin',(-2.06162837313103,1.65,34.2811162472705));
#10543=CARTESIAN_POINT('Origin',(7.65894109087756,1.65,36.0449035716229));
#10544=CARTESIAN_POINT('',(8.51930574540414,1.65,34.8161755051894));
#10545=CARTESIAN_POINT('',(7.65894109087756,3.15,36.0449035716229));
#10546=CARTESIAN_POINT('Ctrl Pts',(-40.,2.35,0.));
#10547=CARTESIAN_POINT('Ctrl Pts',(40.,2.35,0.));
#10548=CARTESIAN_POINT('Ctrl Pts',(-40.,2.35,3.38382522115743));
#10549=CARTESIAN_POINT('Ctrl Pts',(40.,2.35,3.38382522115743));
#10550=CARTESIAN_POINT('Ctrl Pts',(-40.,2.30915942233299,9.33600520526167));
#10551=CARTESIAN_POINT('Ctrl Pts',(40.,2.30915942233299,9.33600520526167));
#10552=CARTESIAN_POINT('Ctrl Pts',(-40.,2.12550368787688,15.8203451557525));
#10553=CARTESIAN_POINT('Ctrl Pts',(40.,2.12550368787688,15.8203451557525));
#10554=CARTESIAN_POINT('Ctrl Pts',(-40.,1.68401518202107,20.4953939532174));
#10555=CARTESIAN_POINT('Ctrl Pts',(40.,1.68401518202107,20.4953939532174));
#10556=CARTESIAN_POINT('Ctrl Pts',(-40.,1.01598481797904,23.6526122928919));
#10557=CARTESIAN_POINT('Ctrl Pts',(40.,1.01598481797904,23.6526122928919));
#10558=CARTESIAN_POINT('Ctrl Pts',(-40.,0.574496312123185,27.3874466502575));
#10559=CARTESIAN_POINT('Ctrl Pts',(40.,0.574496312123185,27.3874466502575));
#10560=CARTESIAN_POINT('Ctrl Pts',(-40.,0.390840577667022,32.5391668813474));
#10561=CARTESIAN_POINT('Ctrl Pts',(40.,0.390840577667022,32.5391668813474));
#10562=CARTESIAN_POINT('Ctrl Pts',(-40.,0.349999999999999,37.2929398230741));
#10563=CARTESIAN_POINT('Ctrl Pts',(40.,0.349999999999999,37.2929398230741));
#10564=CARTESIAN_POINT('Ctrl Pts',(-40.,0.349999999999999,40.));
#10565=CARTESIAN_POINT('Ctrl Pts',(40.,0.349999999999999,40.));
#10566=CARTESIAN_POINT('Ctrl Pts',(1.12173929040096,2.33576832249995,4.19034750911068));
#10567=CARTESIAN_POINT('Ctrl Pts',(1.02937440692468,2.34067462391872,3.51443417486592));
#10568=CARTESIAN_POINT('Ctrl Pts',(0.970490661254962,2.34418538029225,2.83469443749829));
#10569=CARTESIAN_POINT('Ctrl Pts',(0.94794004066457,2.34651221591521,2.14257897056082));
#10570=CARTESIAN_POINT('Ctrl Pts',(-40.,2.35,0.));
#10571=CARTESIAN_POINT('Ctrl Pts',(40.,2.35,0.));
#10572=CARTESIAN_POINT('Ctrl Pts',(-40.,2.35,3.38382522115743));
#10573=CARTESIAN_POINT('Ctrl Pts',(40.,2.35,3.38382522115743));
#10574=CARTESIAN_POINT('Ctrl Pts',(-40.,2.30915942233299,9.33600520526167));
#10575=CARTESIAN_POINT('Ctrl Pts',(40.,2.30915942233299,9.33600520526167));
#10576=CARTESIAN_POINT('Ctrl Pts',(-40.,2.12550368787688,15.8203451557525));
#10577=CARTESIAN_POINT('Ctrl Pts',(40.,2.12550368787688,15.8203451557525));
#10578=CARTESIAN_POINT('Ctrl Pts',(-40.,1.68401518202107,20.4953939532174));
#10579=CARTESIAN_POINT('Ctrl Pts',(40.,1.68401518202107,20.4953939532174));
#10580=CARTESIAN_POINT('Ctrl Pts',(-40.,1.01598481797904,23.6526122928919));
#10581=CARTESIAN_POINT('Ctrl Pts',(40.,1.01598481797904,23.6526122928919));
#10582=CARTESIAN_POINT('Ctrl Pts',(-40.,0.574496312123185,27.3874466502575));
#10583=CARTESIAN_POINT('Ctrl Pts',(40.,0.574496312123185,27.3874466502575));
#10584=CARTESIAN_POINT('Ctrl Pts',(-40.,0.390840577667022,32.5391668813474));
#10585=CARTESIAN_POINT('Ctrl Pts',(40.,0.390840577667022,32.5391668813474));
#10586=CARTESIAN_POINT('Ctrl Pts',(-40.,0.349999999999999,37.2929398230741));
#10587=CARTESIAN_POINT('Ctrl Pts',(40.,0.349999999999999,37.2929398230741));
#10588=CARTESIAN_POINT('Ctrl Pts',(-40.,0.349999999999999,40.));
#10589=CARTESIAN_POINT('Ctrl Pts',(40.,0.349999999999999,40.));
#10590=CARTESIAN_POINT('Ctrl Pts',(4.73062147802886,1.81691092948486,18.3382297258872));
#10591=CARTESIAN_POINT('Ctrl Pts',(4.80192312989865,1.83890833555961,18.1087531451568));
#10592=CARTESIAN_POINT('Ctrl Pts',(4.83762491909967,1.8605943110605,17.8687002446517));
#10593=CARTESIAN_POINT('Ctrl Pts',(4.863992613697,1.90456040378648,17.351290366381));
#10594=CARTESIAN_POINT('Ctrl Pts',(4.84699312456639,1.92700117039215,17.0668659138623));
#10595=CARTESIAN_POINT('Ctrl Pts',(4.73657596431084,1.99349626802595,16.1650594457389));
#10596=CARTESIAN_POINT('Ctrl Pts',(4.56096061672148,2.03648736305479,15.4786493888465));
#10597=CARTESIAN_POINT('Ctrl Pts',(3.87533949850399,2.15270650906319,13.2761753364323));
#10598=CARTESIAN_POINT('Ctrl Pts',(3.17353610109244,2.213202850694,11.5678668767529));
#10599=CARTESIAN_POINT('Ctrl Pts',(2.53416903038488,2.25597868880372,9.72748853124299));
#10600=CARTESIAN_POINT('Origin',(-2.00497350028689,2.35,33.0746706026365));
#10601=CARTESIAN_POINT('',(1.81422017162971,0.255719495455328,21.138881261475));
#10602=CARTESIAN_POINT('',(1.81422017162971,2.35,21.138881261475));
#10603=CARTESIAN_POINT('Ctrl Pts',(1.81422017162138,0.25571949545579,21.1388812614724));
#10604=CARTESIAN_POINT('Ctrl Pts',(1.34705294324869,-0.0051738834963613,
22.598877821994));
#10605=CARTESIAN_POINT('Ctrl Pts',(0.949822274563274,-0.279338434504872,
23.8403078128504));
#10606=CARTESIAN_POINT('Ctrl Pts',(-0.20299111565961,-0.773822872257339,
27.4430938869324));
#10607=CARTESIAN_POINT('Ctrl Pts',(-0.905283427268924,-0.937589002875209,
29.6379061492765));
#10608=CARTESIAN_POINT('Ctrl Pts',(-1.7810658835128,-1.03576598418981,32.3749118642004));
#10609=CARTESIAN_POINT('Ctrl Pts',(-40.,-1.15,40.));
#10610=CARTESIAN_POINT('Ctrl Pts',(40.,-1.15,40.));
#10611=CARTESIAN_POINT('Ctrl Pts',(-40.,-1.15,37.3165323253143));
#10612=CARTESIAN_POINT('Ctrl Pts',(40.,-1.15,37.3165323253143));
#10613=CARTESIAN_POINT('Ctrl Pts',(-40.,-1.09894927791623,32.5970706896926));
#10614=CARTESIAN_POINT('Ctrl Pts',(40.,-1.09894927791623,32.5970706896926));
#10615=CARTESIAN_POINT('Ctrl Pts',(-40.,-0.869379609846038,27.458236764145));
#10616=CARTESIAN_POINT('Ctrl Pts',(40.,-0.869379609846038,27.458236764145));
#10617=CARTESIAN_POINT('Ctrl Pts',(-40.,-0.317518977526264,23.6789991517835));
#10618=CARTESIAN_POINT('Ctrl Pts',(40.,-0.317518977526264,23.6789991517835));
#10619=CARTESIAN_POINT('Ctrl Pts',(-40.,0.517518977526266,20.4328564954263));
#10620=CARTESIAN_POINT('Ctrl Pts',(40.,0.517518977526266,20.4328564954263));
#10621=CARTESIAN_POINT('Ctrl Pts',(-40.,1.06937960984604,15.7215985760227));
#10622=CARTESIAN_POINT('Ctrl Pts',(40.,1.06937960984604,15.7215985760227));
#10623=CARTESIAN_POINT('Ctrl Pts',(-40.,1.29894927791622,9.26175894467579));
#10624=CARTESIAN_POINT('Ctrl Pts',(40.,1.29894927791622,9.26175894467579));
#10625=CARTESIAN_POINT('Ctrl Pts',(-40.,1.35,3.35433459335717));
#10626=CARTESIAN_POINT('Ctrl Pts',(40.,1.35,3.35433459335717));
#10627=CARTESIAN_POINT('Ctrl Pts',(-40.,1.35,0.));
#10628=CARTESIAN_POINT('Ctrl Pts',(40.,1.35,0.));
#10629=CARTESIAN_POINT('',(-9.975,1.35,0.));
#10630=CARTESIAN_POINT('',(0.,1.35,0.));
#10631=CARTESIAN_POINT('',(-9.48678875004416,1.3405464416656,3.0824445188901));
#10632=CARTESIAN_POINT('Ctrl Pts',(-9.48678875004416,1.3405464416656,3.0824445188901));
#10633=CARTESIAN_POINT('Ctrl Pts',(-9.54424376641697,1.34168362398694,2.90561616087135));
#10634=CARTESIAN_POINT('Ctrl Pts',(-9.59679850913494,1.34271956141285,2.72704707779068));
#10635=CARTESIAN_POINT('Ctrl Pts',(-9.76797725333203,1.34607736056586,2.07885255630456));
#10636=CARTESIAN_POINT('Ctrl Pts',(-9.8573507178045,1.34779343984091,1.60238857346672));
#10637=CARTESIAN_POINT('Ctrl Pts',(-9.95389115699459,1.34961693090442,0.749032137551989));
#10638=CARTESIAN_POINT('Ctrl Pts',(-9.975,1.35,0.374665073609439));
#10639=CARTESIAN_POINT('Ctrl Pts',(-9.975,1.35,-2.77555756156289E-16));
#10640=CARTESIAN_POINT('',(-9.26841734647183,1.33567151885489,3.75452259213284));
#10641=CARTESIAN_POINT('Ctrl Pts',(-9.26841734647184,1.3356715188545,3.75452259213118));
#10642=CARTESIAN_POINT('Ctrl Pts',(-9.34169193936331,1.33749691243362,3.52899865317129));
#10643=CARTESIAN_POINT('Ctrl Pts',(-9.4145125458211,1.33911593814838,3.30488342190777));
#10644=CARTESIAN_POINT('Ctrl Pts',(-9.48678875004416,1.3405464416656,3.08244451888971));
#10645=CARTESIAN_POINT('',(-9.26062947992048,1.33551590194857,3.77369071806736));
#10646=CARTESIAN_POINT('Ctrl Pts',(-9.26062947992048,1.33551590194857,3.77369071806736));
#10647=CARTESIAN_POINT('Ctrl Pts',(-9.26323199389498,1.33556790807509,3.76730415397539));
#10648=CARTESIAN_POINT('Ctrl Pts',(-9.26582795100664,1.33561978044382,3.76091477533312));
#10649=CARTESIAN_POINT('Ctrl Pts',(-9.26841734631853,1.33567151885489,3.75452259208302));
#10650=CARTESIAN_POINT('',(-1.41030451534099,1.34822549873161,1.3708340211561));
#10651=CARTESIAN_POINT('Ctrl Pts',(-1.410304515341,1.34822549873161,1.3708340211561));
#10652=CARTESIAN_POINT('Ctrl Pts',(-4.02294045315674,1.34611305587381,2.17051910138864));
#10653=CARTESIAN_POINT('Ctrl Pts',(-6.64761542752271,1.34202872084313,2.97389003933921));
#10654=CARTESIAN_POINT('Ctrl Pts',(-9.26062947992048,1.33551590194857,3.77369071806736));
#10655=CARTESIAN_POINT('Ctrl Pts',(-1.41030451534099,1.34822549873161,1.3708340211561));
#10656=CARTESIAN_POINT('Ctrl Pts',(-1.40988587943477,1.34823029582788,1.36901803531636));
#10657=CARTESIAN_POINT('Ctrl Pts',(-1.40945838260547,1.34823507779949,1.36720394452114));
#10658=CARTESIAN_POINT('Ctrl Pts',(-1.3971883637742,1.348369117998,1.31624708146302));
#10659=CARTESIAN_POINT('Ctrl Pts',(-1.37892557032962,1.34848621893998,1.26887668390742));
#10660=CARTESIAN_POINT('Ctrl Pts',(-1.35470639977427,1.34859023173592,1.22450689668013));
#10661=CARTESIAN_POINT('Ctrl Pts',(-1.33094110100664,1.3486922953126,1.18096860756726));
#10662=CARTESIAN_POINT('Ctrl Pts',(-1.30164165557487,1.34878094480912,1.14068789105456));
#10663=CARTESIAN_POINT('Ctrl Pts',(-1.2401879252125,1.3489174779097,1.07578201078462));
#10664=CARTESIAN_POINT('Ctrl Pts',(-1.20991317720647,1.34896961678361,1.04981112192294));
#10665=CARTESIAN_POINT('Ctrl Pts',(-1.11491261553005,1.34909776509251,0.984069632034507));
#10666=CARTESIAN_POINT('Ctrl Pts',(-1.04471604277265,1.34915187687389,0.953695591343311));
#10667=CARTESIAN_POINT('Ctrl Pts',(-0.898015392884638,1.34920768629759,
0.922212076975806));
#10668=CARTESIAN_POINT('Ctrl Pts',(-0.823039385843476,1.34920998684949,
0.920847612761962));
#10669=CARTESIAN_POINT('Ctrl Pts',(-0.681362766724723,1.34916577779707,
0.945898809823282));
#10670=CARTESIAN_POINT('Ctrl Pts',(-0.615608488202465,1.3491225608962,0.970351757702229));
#10671=CARTESIAN_POINT('Ctrl Pts',(-0.499956254812384,1.34899122265622,
1.03921589216481));
#10672=CARTESIAN_POINT('Ctrl Pts',(-0.450134840690302,1.34890695898931,
1.08171724321898));
#10673=CARTESIAN_POINT('Ctrl Pts',(-0.360727448804125,1.34867574955259,
1.18888243320474));
#10674=CARTESIAN_POINT('Ctrl Pts',(-0.324556607841597,1.34852326414811,
1.25486535431532));
#10675=CARTESIAN_POINT('Ctrl Pts',(-0.29192825007427,1.3482613653977,1.35757534093646));
#10676=CARTESIAN_POINT('Ctrl Pts',(-0.28463245947352,1.34817546556655,1.39005272159609));
#10677=CARTESIAN_POINT('Ctrl Pts',(-0.277088353346676,1.34802206621598,
1.44586469702882));
#10678=CARTESIAN_POINT('Ctrl Pts',(-0.275376425714759,1.34795708549168,
1.4689173155252));
#10679=CARTESIAN_POINT('Ctrl Pts',(-0.274745335553623,1.34782580445348,
1.51433057869824));
#10680=CARTESIAN_POINT('Ctrl Pts',(-0.275735194547245,1.34775973257682,
1.53665006555511));
#10681=CARTESIAN_POINT('Ctrl Pts',(-0.281007485095176,1.34760450895242,
1.58788832667233));
#10682=CARTESIAN_POINT('Ctrl Pts',(-0.286201097583697,1.34751472656367,
1.61665177723834));
#10683=CARTESIAN_POINT('Ctrl Pts',(-0.307522601312843,1.34725196010768,
1.69853264404368));
#10684=CARTESIAN_POINT('Ctrl Pts',(-0.329171405115389,1.34707801619325,
1.74986899568049));
#10685=CARTESIAN_POINT('Ctrl Pts',(-0.395395399051225,1.34669093379537,
1.85949696134696));
#10686=CARTESIAN_POINT('Ctrl Pts',(-0.444409375768413,1.34648603000879,
1.91400443521755));
#10687=CARTESIAN_POINT('Ctrl Pts',(-0.516871513435454,1.34627282732367,
1.96902716335204));
#10688=CARTESIAN_POINT('Ctrl Pts',(-0.531967250064656,1.34623228035787,
1.97938905823706));
#10689=CARTESIAN_POINT('Ctrl Pts',(-0.547502488354007,1.34619439803161,
1.98899923869023));
#10690=CARTESIAN_POINT('',(-4.27730051775528,-1.06777650431405,33.3674702866835));
#10691=CARTESIAN_POINT('Ctrl Pts',(-4.2773005177548,-1.06777650431405,33.3674702866856));
#10692=CARTESIAN_POINT('Ctrl Pts',(-3.24334229600003,-0.974674054848229,
30.1361317941926));
#10693=CARTESIAN_POINT('Ctrl Pts',(-2.50673500486604,-0.806071650275272,
27.8340779562728));
#10694=CARTESIAN_POINT('Ctrl Pts',(-1.212697225717,-0.292295267225871,23.7899357476951));
#10695=CARTESIAN_POINT('Ctrl Pts',(-0.77316096027033,0.0450208004431706,
22.4162917990771));
#10696=CARTESIAN_POINT('Ctrl Pts',(-0.175235266703389,0.358203256043189,
20.5476473329647));
#10697=CARTESIAN_POINT('Ctrl Pts',(-2.92662016737339,-1.05846690757694,
33.0556411573999));
#10698=CARTESIAN_POINT('Ctrl Pts',(-3.37679503110037,-1.06167982171968,
33.1595721967476));
#10699=CARTESIAN_POINT('Ctrl Pts',(-3.82708058544951,-1.0647817063134,33.2635288102555));
#10700=CARTESIAN_POINT('Ctrl Pts',(-4.27730051775528,-1.06777650431399,
33.3674702866836));
#10701=CARTESIAN_POINT('',(3.735622882213,0.245401471956523,21.1964699580138));
#10702=CARTESIAN_POINT('Ctrl Pts',(3.735622882213,0.245401471956523,21.1964699580138));
#10703=CARTESIAN_POINT('Ctrl Pts',(3.71935241961762,0.256859524324983,21.1326849474733));
#10704=CARTESIAN_POINT('Ctrl Pts',(3.69684243306418,0.267885797865857,21.0707505592806));
#10705=CARTESIAN_POINT('Ctrl Pts',(3.66846184802241,0.278340224821255,21.0115225533284));
#10706=CARTESIAN_POINT('Ctrl Pts',(3.64008126298064,0.288794651776653,20.9522945473763));
#10707=CARTESIAN_POINT('Ctrl Pts',(3.60583007945054,0.298677245580574,20.8957734215794));
#10708=CARTESIAN_POINT('Ctrl Pts',(3.56607722290184,0.307851300226559,20.8428748842185));
#10709=CARTESIAN_POINT('Ctrl Pts',(3.50946593302692,0.320915897641234,20.7675430793499));
#10710=CARTESIAN_POINT('Ctrl Pts',(3.44246495303311,0.332370624587118,20.7005584627424));
#10711=CARTESIAN_POINT('Ctrl Pts',(3.36704478953692,0.341971302136553,20.6439344241038));
#10712=CARTESIAN_POINT('Ctrl Pts',(3.34285458766082,0.345050615642416,20.6257728760215));
#10713=CARTESIAN_POINT('Ctrl Pts',(3.31779827385259,0.347939234713813,20.608677573799));
#10714=CARTESIAN_POINT('Ctrl Pts',(3.29194086616626,0.35062916533127,20.5927153151459));
#10715=CARTESIAN_POINT('Ctrl Pts',(3.23354455574745,0.356704098489597,20.5566661866872));
#10716=CARTESIAN_POINT('Ctrl Pts',(3.17159465230738,0.361711548737383,20.5267214450626));
#10717=CARTESIAN_POINT('Ctrl Pts',(3.10707535245956,0.365604868986266,20.5033642985713));
#10718=CARTESIAN_POINT('Ctrl Pts',(3.0804763092814,0.367209948298204,20.4937349667356));
#10719=CARTESIAN_POINT('Ctrl Pts',(3.05344056544172,0.368625643892975,20.485224728816));
#10720=CARTESIAN_POINT('Ctrl Pts',(3.026037083119,0.369848563657201,20.4778647209897));
#10721=CARTESIAN_POINT('Ctrl Pts',(2.97617333165792,0.372073805196289,20.4644723500245));
#10722=CARTESIAN_POINT('Ctrl Pts',(2.92532742229596,0.373649773387744,20.4549565983794));
#10723=CARTESIAN_POINT('Ctrl Pts',(2.87395538401968,0.374567741805584,20.4494121051599));
#10724=CARTESIAN_POINT('Ctrl Pts',(2.83464962588037,0.37527009751935,20.4451699042116));
#10725=CARTESIAN_POINT('Ctrl Pts',(2.79512346082307,0.37558558976919,20.4432619659383));
#10726=CARTESIAN_POINT('Ctrl Pts',(2.75558571410052,0.375513208446597,20.4436994621168));
#10727=CARTESIAN_POINT('Ctrl Pts',(2.7148676798679,0.375438666384506,20.4441500185053));
#10728=CARTESIAN_POINT('Ctrl Pts',(2.67421968703561,0.374952907783745,20.4470872212889));
#10729=CARTESIAN_POINT('Ctrl Pts',(2.63386936786122,0.374057583931387,20.4524928394422));
#10730=CARTESIAN_POINT('Ctrl Pts',(2.57651684382649,0.372785002107701,20.4601761949));
#10731=CARTESIAN_POINT('Ctrl Pts',(2.51996779116324,0.370689785809451,20.4728193496578));
#10732=CARTESIAN_POINT('Ctrl Pts',(2.46485654900955,0.367786565332372,20.4902650139124));
#10733=CARTESIAN_POINT('Ctrl Pts',(2.39758108963229,0.364242542667735,20.5115613053949));
#10734=CARTESIAN_POINT('Ctrl Pts',(2.33298137528475,0.359524065137415,20.5398360920016));
#10735=CARTESIAN_POINT('Ctrl Pts',(2.27206082577246,0.353694486243037,20.5745054646192));
#10736=CARTESIAN_POINT('Ctrl Pts',(2.22450702232425,0.349143991358333,20.6015679344151));
#10737=CARTESIAN_POINT('Ctrl Pts',(2.17919499447828,0.343916400594038,20.6325250531411));
#10738=CARTESIAN_POINT('Ctrl Pts',(2.13660199341125,0.33804118866927,20.6670823179103));
#10739=CARTESIAN_POINT('Ctrl Pts',(2.075668483533,0.329636115655249,20.7165199105059));
#10740=CARTESIAN_POINT('Ctrl Pts',(2.02096830769901,0.319994828487806,20.7727947767979));
#10741=CARTESIAN_POINT('Ctrl Pts',(1.97348851453686,0.309280625727939,20.8346295434569));
#10742=CARTESIAN_POINT('Ctrl Pts',(1.95343419117845,0.3047552040198,20.8607470625694));
#10743=CARTESIAN_POINT('Ctrl Pts',(1.93466799458781,0.300038410611076,20.8878569784251));
#10744=CARTESIAN_POINT('Ctrl Pts',(1.9172643013328,0.295142765133552,20.9158661388518));
#10745=CARTESIAN_POINT('Ctrl Pts',(1.88396509193738,0.285775723236577,20.9694572292241));
#10746=CARTESIAN_POINT('Ctrl Pts',(1.85589936567485,0.275822374853201,21.0259441714749));
#10747=CARTESIAN_POINT('Ctrl Pts',(1.83335698061321,0.265407654930854,21.0845264159064));
#10748=CARTESIAN_POINT('Ctrl Pts',(1.82645792874061,0.262220250723783,21.1024553946743));
#10749=CARTESIAN_POINT('Ctrl Pts',(1.82007622271248,0.258989652381227,21.1205809968866));
#10750=CARTESIAN_POINT('Ctrl Pts',(1.81422017162971,0.255719495455352,21.1388812614749));
#10751=CARTESIAN_POINT('',(4.00271778160038,0.335688681084985,20.6809082891056));
#10752=CARTESIAN_POINT('Ctrl Pts',(4.00271778160039,0.335688681084985,20.6809082891056));
#10753=CARTESIAN_POINT('Ctrl Pts',(3.91366423570193,0.306416699888908,20.8528044760073));
#10754=CARTESIAN_POINT('Ctrl Pts',(3.82519303780477,0.276459260315121,21.0235765818873));
#10755=CARTESIAN_POINT('Ctrl Pts',(3.735622882213,0.245401471956524,21.1964699580138));
#10756=CARTESIAN_POINT('',(4.73062147802886,0.675641731600326,18.3382297258872));
#10757=CARTESIAN_POINT('Ctrl Pts',(4.73062147802886,0.675641731600326,18.3382297258873));
#10758=CARTESIAN_POINT('Ctrl Pts',(4.48695329122638,0.581383303427159,19.1224491776654));
#10759=CARTESIAN_POINT('Ctrl Pts',(4.2585973700076,0.475924933249704,19.8573877746915));
#10760=CARTESIAN_POINT('Ctrl Pts',(4.00271778160038,0.335688681084985,20.6809082891056));
#10761=CARTESIAN_POINT('',(2.51701914435917,1.23191937731118,9.67804807938716));
#10762=CARTESIAN_POINT('Ctrl Pts',(2.51701914435917,1.23191937731118,9.67804807938716));
#10763=CARTESIAN_POINT('Ctrl Pts',(3.24119055162178,1.17068942341472,11.7689418866094));
#10764=CARTESIAN_POINT('Ctrl Pts',(4.04816010711127,1.08010436463197,13.6885277099568));
#10765=CARTESIAN_POINT('Ctrl Pts',(4.70141990499708,0.909133666767952,16.0319570042533));
#10766=CARTESIAN_POINT('Ctrl Pts',(4.84202851333101,0.849014900294561,16.7235843667939));
#10767=CARTESIAN_POINT('Ctrl Pts',(4.86049663256952,0.751885336977717,17.6769782078148));
#10768=CARTESIAN_POINT('Ctrl Pts',(4.82991843241991,0.714052879834753,18.0186533209505));
#10769=CARTESIAN_POINT('Ctrl Pts',(4.73062147802887,0.675641731600326,18.3382297258872));
#10770=CARTESIAN_POINT('Ctrl Pts',(0.945623097733886,1.34588035972222,2.06699314209802));
#10771=CARTESIAN_POINT('Ctrl Pts',(0.952584062845602,1.34488408443897,2.30932514767126));
#10772=CARTESIAN_POINT('Ctrl Pts',(0.964002688764589,1.34370311656968,2.54997547977687));
#10773=CARTESIAN_POINT('Ctrl Pts',(0.979754790535345,1.34232893957137,2.78942930747208));
#10774=CARTESIAN_POINT('Ctrl Pts',(0.995443019989601,1.34096033464651,3.02791218723331));
#10775=CARTESIAN_POINT('Ctrl Pts',(1.01542965340785,1.33940008578088,3.26520827322624));
#10776=CARTESIAN_POINT('Ctrl Pts',(1.0395920103693,1.33763650954467,3.5017452868017));
#10777=CARTESIAN_POINT('Ctrl Pts',(1.06356892973553,1.33588646813608,3.73646696195425));
#10778=CARTESIAN_POINT('Ctrl Pts',(1.09165772417567,1.33393620872562,3.97044118223979));
#10779=CARTESIAN_POINT('Ctrl Pts',(1.12373851623395,1.33177107666241,4.20403477116331));
#10780=CARTESIAN_POINT('Ctrl Pts',(1.15566442734609,1.32961639751139,4.43650060750519));
#10781=CARTESIAN_POINT('Ctrl Pts',(1.19154388366675,1.32724891795828,4.66858952449309));
#10782=CARTESIAN_POINT('Ctrl Pts',(1.23125873561904,1.32465095072014,4.90061176571137));
#10783=CARTESIAN_POINT('Ctrl Pts',(1.27067314261317,1.32207263724174,5.13087874638792));
#10784=CARTESIAN_POINT('Ctrl Pts',(1.3138651347966,1.31926731137066,5.36108008231495));
#10785=CARTESIAN_POINT('Ctrl Pts',(1.3607192237819,1.31621445587013,5.59146788407));
#10786=CARTESIAN_POINT('Ctrl Pts',(1.38765477120848,1.31445942582042,5.72391356159937));
#10787=CARTESIAN_POINT('Ctrl Pts',(1.41580060025183,1.31262253029548,5.8564199172248));
#10788=CARTESIAN_POINT('Ctrl Pts',(1.44513476906192,1.31069937980212,5.98902704911097));
#10789=CARTESIAN_POINT('Ctrl Pts',(1.49378187612224,1.30751007150607,6.20893964945056));
#10790=CARTESIAN_POINT('Ctrl Pts',(1.5453042137732,1.30410873724571,6.42740832826418));
#10791=CARTESIAN_POINT('Ctrl Pts',(1.59947206508492,1.30048031361826,6.64482176408638));
#10792=CARTESIAN_POINT('Ctrl Pts',(1.65354303725337,1.29685837942253,6.86184635621459));
#10793=CARTESIAN_POINT('Ctrl Pts',(1.71025006854824,1.29301016760644,7.07781948813789));
#10794=CARTESIAN_POINT('Ctrl Pts',(1.76936467238199,1.28891743022199,7.29307594541451));
#10795=CARTESIAN_POINT('Ctrl Pts',(1.82827665185744,1.28483872132174,7.50759457821636));
#10796=CARTESIAN_POINT('Ctrl Pts',(1.88957972751067,1.28051715992995,7.72140144624227));
#10797=CARTESIAN_POINT('Ctrl Pts',(1.95304775422832,1.27593144153403,7.93477629080156));
#10798=CARTESIAN_POINT('Ctrl Pts',(2.0163968703763,1.2713543147143,8.14775136675872));
#10799=CARTESIAN_POINT('Ctrl Pts',(2.08190283289667,1.26651402018118,8.36029605624214));
#10800=CARTESIAN_POINT('Ctrl Pts',(2.14934076537919,1.26138613386833,8.57263680881629));
#10801=CARTESIAN_POINT('Ctrl Pts',(2.21663712928475,1.2562690122326,8.7845318066488));
#10802=CARTESIAN_POINT('Ctrl Pts',(2.28585736031922,1.25086550463596,8.99622373374453));
#10803=CARTESIAN_POINT('Ctrl Pts',(2.35677799531184,1.24514811139516,9.20788582940576));
#10804=CARTESIAN_POINT('Ctrl Pts',(2.4092897260476,1.24091478474203,9.36460669034396));
#10805=CARTESIAN_POINT('Ctrl Pts',(2.4627336791985,1.23650930794874,9.52131012786313));
#10806=CARTESIAN_POINT('Ctrl Pts',(2.51701914435917,1.23191937731118,9.67804807938716));
#10807=CARTESIAN_POINT('Origin',(0.,2.35,0.));
#10808=CARTESIAN_POINT('',(-9.26841734803142,2.35,3.75452258785458));
#10809=CARTESIAN_POINT('',(-9.26062947992048,2.35,3.77369071806736));
#10810=CARTESIAN_POINT('Origin',(0.,1.35,0.));
#10811=CARTESIAN_POINT('Origin',(0.,1.35,0.));
#10812=CARTESIAN_POINT('Origin',(1.11022302462516E-15,2.35,20.));
#10813=CARTESIAN_POINT('',(-4.27730051775331,1.175,33.3674702866809));
#10814=CARTESIAN_POINT('Origin',(-0.85,2.35,1.49999999999145));
#10815=CARTESIAN_POINT('',(-1.425,2.35,1.49999999999145));
#10816=CARTESIAN_POINT('',(-1.41030451534099,2.35,1.3708340211561));
#10817=CARTESIAN_POINT('Origin',(-9.26062947992048,2.35,3.77369071806736));
#10818=CARTESIAN_POINT('Origin',(0.850000000000001,2.35,1.50000000000566));
#10819=CARTESIAN_POINT('Ctrl Pts',(2.51701914435917,-17.65,9.67804807938716));
#10820=CARTESIAN_POINT('Ctrl Pts',(2.51701914435917,22.35,9.67804807938716));
#10821=CARTESIAN_POINT('Ctrl Pts',(2.51168516570385,-17.65,9.66264732919679));
#10822=CARTESIAN_POINT('Ctrl Pts',(2.51168516570385,22.35,9.66264732919679));
#10823=CARTESIAN_POINT('Ctrl Pts',(2.24626169185839,-17.65,8.89536562300923));
#10824=CARTESIAN_POINT('Ctrl Pts',(2.24626169185839,22.35,8.89536562300923));
#10825=CARTESIAN_POINT('Ctrl Pts',(1.77309754705682,-17.65,7.44114095661646));
#10826=CARTESIAN_POINT('Ctrl Pts',(1.77309754705682,22.35,7.44114095661646));
#10827=CARTESIAN_POINT('Ctrl Pts',(1.36706805400382,-17.65,5.93223240804877));
#10828=CARTESIAN_POINT('Ctrl Pts',(1.36706805400382,22.35,5.93223240804877));
#10829=CARTESIAN_POINT('Ctrl Pts',(1.08713667145255,-17.65,4.38053499152239));
#10830=CARTESIAN_POINT('Ctrl Pts',(1.08713667145255,22.35,4.38053499152239));
#10831=CARTESIAN_POINT('Ctrl Pts',(0.966866113580413,-17.65,2.80652603041094));
#10832=CARTESIAN_POINT('Ctrl Pts',(0.966866113580413,22.35,2.80652603041094));
#10833=CARTESIAN_POINT('Ctrl Pts',(0.945623097733886,-17.65,2.06699314209802));
#10834=CARTESIAN_POINT('Ctrl Pts',(0.945623097733886,22.35,2.06699314209802));
#10835=CARTESIAN_POINT('',(2.51701914435917,2.35,9.67804807938716));
#10836=CARTESIAN_POINT('Ctrl Pts',(4.73062147802886,-17.65,18.3382297258872));
#10837=CARTESIAN_POINT('Ctrl Pts',(4.73062147802886,22.35,18.3382297258872));
#10838=CARTESIAN_POINT('Ctrl Pts',(4.83800213602651,-17.65,17.9926368035959));
#10839=CARTESIAN_POINT('Ctrl Pts',(4.83800213602651,22.35,17.9926368035959));
#10840=CARTESIAN_POINT('Ctrl Pts',(4.93559101763522,-17.65,17.2061686211626));
#10841=CARTESIAN_POINT('Ctrl Pts',(4.93559101763522,22.35,17.2061686211626));
#10842=CARTESIAN_POINT('Ctrl Pts',(4.73221165695986,-17.65,15.750885616069));
#10843=CARTESIAN_POINT('Ctrl Pts',(4.73221165695986,22.35,15.750885616069));
#10844=CARTESIAN_POINT('Ctrl Pts',(4.10625345856372,-17.65,13.9310792452344));
#10845=CARTESIAN_POINT('Ctrl Pts',(4.10625345856372,22.35,13.9310792452344));
#10846=CARTESIAN_POINT('Ctrl Pts',(3.30480778794631,-17.65,11.8666948258185));
#10847=CARTESIAN_POINT('Ctrl Pts',(3.30480778794631,22.35,11.8666948258185));
#10848=CARTESIAN_POINT('Ctrl Pts',(2.77196468753442,-17.65,10.4141501293411));
#10849=CARTESIAN_POINT('Ctrl Pts',(2.77196468753442,22.35,10.4141501293411));
#10850=CARTESIAN_POINT('Ctrl Pts',(2.51701914435917,-17.65,9.67804807938716));
#10851=CARTESIAN_POINT('Ctrl Pts',(2.51701914435917,22.35,9.67804807938716));
#10852=CARTESIAN_POINT('',(4.73062147802886,2.35,18.3382297258872));
#10853=CARTESIAN_POINT('Origin',(4.00271778160039,2.35,20.6809082891056));
#10854=CARTESIAN_POINT('',(4.00271778160038,2.35,20.6809082891056));
#10855=CARTESIAN_POINT('Origin',(3.735622882213,2.35,21.1964699580138));
#10856=CARTESIAN_POINT('',(3.735622882213,2.35,21.1964699580138));
#10857=CARTESIAN_POINT('Origin',(2.76665031523039,2.35,21.443638246824));
#10858=CARTESIAN_POINT('Origin',(0.,0.,0.));
#10859=CARTESIAN_POINT('',(-9.48678875004416,-1.38777878078145E-16,3.0824445188901));
#10860=CARTESIAN_POINT('Origin',(0.,-1.38777878078145E-16,0.));
#10861=CARTESIAN_POINT('',(-9.48678875004416,0.,3.0824445188901));
#10862=CARTESIAN_POINT('Origin',(0.,0.,0.));
#10863=CARTESIAN_POINT('',(-9.48678875004416,0.,3.0824445188901));
#10864=CARTESIAN_POINT('Origin',(-9.48678875004416,0.,3.0824445188901));
#10865=CARTESIAN_POINT('',(-6.94440595764662,-1.38777878078145E-16,10.9070941842497));
#10866=CARTESIAN_POINT('',(-8.88063520861754,-1.38777878078145E-16,4.94799329433926));
#10867=CARTESIAN_POINT('',(-6.94440595682329,3.3518880087427,10.9070941867836));
#10868=CARTESIAN_POINT('',(-6.94440595764662,1.175,10.9070941842497));
#10869=CARTESIAN_POINT('',(-7.08853016253298,3.35,10.4635254915624));
#10870=CARTESIAN_POINT('Ctrl Pts',(-7.08853016253298,3.35,10.4635254915624));
#10871=CARTESIAN_POINT('Ctrl Pts',(-7.04048578909335,3.35,10.6113908687515));
#10872=CARTESIAN_POINT('Ctrl Pts',(-6.99244404427803,3.35060786391498,10.7592481558667));
#10873=CARTESIAN_POINT('Ctrl Pts',(-6.94440590978373,3.35186940144612,10.9070943315565));
#10874=CARTESIAN_POINT('',(-8.01732561931297,3.35,7.60498700482747));
#10875=CARTESIAN_POINT('Ctrl Pts',(-2.92662016737339,-3.65,33.0556411573999));
#10876=CARTESIAN_POINT('Ctrl Pts',(-2.92662016737339,-3.65,33.0556411573999));
#10877=CARTESIAN_POINT('Ctrl Pts',(-2.92662016737339,-3.65,33.0556411573999));
#10878=CARTESIAN_POINT('Ctrl Pts',(-2.92662016737339,-3.65,33.0556411573999));
#10879=CARTESIAN_POINT('Ctrl Pts',(-2.92662016737339,-3.65,33.0556411573999));
#10880=CARTESIAN_POINT('Ctrl Pts',(-2.92662016737339,-5.15,33.0556411573999));
#10881=CARTESIAN_POINT('Ctrl Pts',(-2.92662016737339,-5.15,33.0556411573999));
#10882=CARTESIAN_POINT('Ctrl Pts',(-2.92662016737339,-5.15,33.0556411573999));
#10883=CARTESIAN_POINT('Ctrl Pts',(-2.92662016737339,-5.15,33.0556411573999));
#10884=CARTESIAN_POINT('Ctrl Pts',(-2.92662016737339,-5.15,33.0556411573999));
#10885=CARTESIAN_POINT('Ctrl Pts',(-4.38817526455125,-5.15,33.3930677389157));
#10886=CARTESIAN_POINT('Ctrl Pts',(-4.20835414432178,-5.15,34.1719585828764));
#10887=CARTESIAN_POINT('Ctrl Pts',(-3.46153089067227,-5.15,34.4570228035263));
#10888=CARTESIAN_POINT('Ctrl Pts',(-2.71470763702276,-5.15,34.7420870241762));
#10889=CARTESIAN_POINT('Ctrl Pts',(-2.06162837313103,-5.15,34.2811162472705));
#10890=CARTESIAN_POINT('',(-4.38817526455125,-5.15,33.3930677389157));
#10891=CARTESIAN_POINT('Origin',(-4.38817526455125,-3.65,33.3930677389157));
#10892=CARTESIAN_POINT('Origin',(-2.92662016737339,-5.15,33.0556411573999));
#10893=CARTESIAN_POINT('Origin',(-2.92662016737339,0.,33.0556411573999));
#10894=CARTESIAN_POINT('',(-4.38817526455125,3.15,33.3930677389157));
#10895=CARTESIAN_POINT('Origin',(-4.38817526455125,1.65,33.3930677389157));
#10896=CARTESIAN_POINT('',(-4.63216483892984,3.15,33.449397170606));
#10897=CARTESIAN_POINT('',(-1.20000409566355,3.15,32.6570204281559));
#10898=CARTESIAN_POINT('',(-4.63216483892984,-5.15,33.449397170606));
#10899=CARTESIAN_POINT('Ctrl Pts',(-4.63216483892984,-5.15,33.449397170606));
#10900=CARTESIAN_POINT('Ctrl Pts',(-4.63216483892984,-2.38333333333333,
33.449397170606));
#10901=CARTESIAN_POINT('Ctrl Pts',(-4.63216483892984,0.383333333333335,
33.449397170606));
#10902=CARTESIAN_POINT('Ctrl Pts',(-4.63216483892984,3.15,33.449397170606));
#10903=CARTESIAN_POINT('',(-1.20000409566355,-5.15,32.6570204281559));
#10904=CARTESIAN_POINT('Origin',(10.475,0.,36.1855673646909));
#10905=CARTESIAN_POINT('Ctrl Pts',(-2.92662016737339,1.65,33.0556411573999));
#10906=CARTESIAN_POINT('Ctrl Pts',(-2.92662016737339,1.65,33.0556411573999));
#10907=CARTESIAN_POINT('Ctrl Pts',(-2.92662016737339,1.65,33.0556411573999));
#10908=CARTESIAN_POINT('Ctrl Pts',(-2.92662016737339,1.65,33.0556411573999));
#10909=CARTESIAN_POINT('Ctrl Pts',(-2.92662016737339,1.65,33.0556411573999));
#10910=CARTESIAN_POINT('Ctrl Pts',(-2.92662016737339,3.15,33.0556411573999));
#10911=CARTESIAN_POINT('Ctrl Pts',(-2.92662016737339,3.15,33.0556411573999));
#10912=CARTESIAN_POINT('Ctrl Pts',(-2.92662016737339,3.15,33.0556411573999));
#10913=CARTESIAN_POINT('Ctrl Pts',(-2.92662016737339,3.15,33.0556411573999));
#10914=CARTESIAN_POINT('Ctrl Pts',(-2.92662016737339,3.15,33.0556411573999));
#10915=CARTESIAN_POINT('Ctrl Pts',(-2.06162837313103,3.15,34.2811162472705));
#10916=CARTESIAN_POINT('Ctrl Pts',(-2.71470763702276,3.15,34.7420870241762));
#10917=CARTESIAN_POINT('Ctrl Pts',(-3.46153089067227,3.15,34.4570228035263));
#10918=CARTESIAN_POINT('Ctrl Pts',(-4.20835414432178,3.15,34.1719585828764));
#10919=CARTESIAN_POINT('Ctrl Pts',(-4.38817526455125,3.15,33.3930677389157));
#10920=CARTESIAN_POINT('Origin',(-2.92662016737339,3.15,33.0556411573999));
#10921=CARTESIAN_POINT('Origin',(1.97499999999977,3.15,40.));
#10922=CARTESIAN_POINT('Origin',(1.975,3.15,40.));
#10923=CARTESIAN_POINT('',(0.0320376224414407,3.15,40.6919562483098));
#10924=CARTESIAN_POINT('',(-5.7023016239924,3.15,37.7507690704946));
#10925=CARTESIAN_POINT('Origin',(1.975,3.15,40.));
#10926=CARTESIAN_POINT('Ctrl Pts',(-4.63216483892984,3.15,33.449397170606));
#10927=CARTESIAN_POINT('Ctrl Pts',(-4.92185509669283,3.15,34.870645949569));
#10928=CARTESIAN_POINT('Ctrl Pts',(-5.27856735838035,3.15,36.3044365828652));
#10929=CARTESIAN_POINT('Ctrl Pts',(-5.70230162399239,3.15,37.7507690704946));
#10930=CARTESIAN_POINT('Origin',(1.97499999999977,-5.15,40.));
#10931=CARTESIAN_POINT('',(-5.7023016239924,-5.15,37.7507690704946));
#10932=CARTESIAN_POINT('Ctrl Pts',(-5.70230162399239,-5.15,37.7507690704946));
#10933=CARTESIAN_POINT('Ctrl Pts',(-5.27856735838035,-5.15,36.3044365828652));
#10934=CARTESIAN_POINT('Ctrl Pts',(-4.92185509669283,-5.15,34.870645949569));
#10935=CARTESIAN_POINT('Ctrl Pts',(-4.63216483892983,-5.15,33.4493971706059));
#10936=CARTESIAN_POINT('',(-3.08164358613116,-5.15,46.1992221804706));
#10937=CARTESIAN_POINT('Origin',(1.975,-5.15,40.));
#10938=CARTESIAN_POINT('',(-2.41662729183598,-5.15,41.5640106982679));
#10939=CARTESIAN_POINT('',(-2.59491693174271,-5.15,42.8067023332591));
#10940=CARTESIAN_POINT('',(-1.91092475511693,-5.15,41.3839124966194));
#10941=CARTESIAN_POINT('',(0.0320376224414407,-5.15,40.6919562483098));
#10942=CARTESIAN_POINT('',(5.315084705257,-5.15,42.4206319758357));
#10943=CARTESIAN_POINT('Origin',(1.975,-5.15,40.));
#10944=CARTESIAN_POINT('',(5.74975326287229,-5.15,42.7356457261751));
#10945=CARTESIAN_POINT('',(3.392005632508,-5.15,41.0269347776084));
#10946=CARTESIAN_POINT('',(5.08473696857749,-5.15,47.3708572083756));
#10947=CARTESIAN_POINT('',(5.9039717701133,-5.15,41.6607316200638));
#10948=CARTESIAN_POINT('Origin',(1.975,-5.15,40.));
#10949=CARTESIAN_POINT('Origin',(1.975,9.2,40.));
#10950=CARTESIAN_POINT('Origin',(5.74975326287229,0.,42.7356457261751));
#10951=CARTESIAN_POINT('',(5.74975326287229,-7.8,42.7356457261751));
#10952=CARTESIAN_POINT('',(5.74975326287229,0.,42.7356457261751));
#10953=CARTESIAN_POINT('',(5.08529012324385,-7.8,47.3670016804991));
#10954=CARTESIAN_POINT('',(5.91731176496137,-7.8,41.5677508948955));
#10955=CARTESIAN_POINT('',(5.08473696857749,-7.7,47.3708572083756));
#10956=CARTESIAN_POINT('Ctrl Pts',(5.08473696857748,-7.7,47.3708572083756));
#10957=CARTESIAN_POINT('Ctrl Pts',(5.08473696857748,-7.73243828954697,47.3708572083756));
#10958=CARTESIAN_POINT('Ctrl Pts',(5.0849129068468,-7.76594371628515,47.369630905963));
#10959=CARTESIAN_POINT('Ctrl Pts',(5.08529012324385,-7.8,47.3670016804991));
#10960=CARTESIAN_POINT('',(5.08473696857749,0.,47.3708572083756));
#10961=CARTESIAN_POINT('Ctrl Pts',(-3.90175506148649,-9.2,20.2714107567332));
#10962=CARTESIAN_POINT('Ctrl Pts',(-3.90175506148649,9.2,20.2714107567332));
#10963=CARTESIAN_POINT('Ctrl Pts',(-3.04552602953209,-9.2,28.6823949349768));
#10964=CARTESIAN_POINT('Ctrl Pts',(-3.04552602953209,9.2,28.6823949349768));
#10965=CARTESIAN_POINT('Ctrl Pts',(-5.70230162399239,-9.2,37.7507690704946));
#10966=CARTESIAN_POINT('Ctrl Pts',(-5.70230162399239,9.2,37.7507690704946));
#10967=CARTESIAN_POINT('',(-5.7023016239924,0.,37.7507690704946));
#10968=CARTESIAN_POINT('Ctrl Pts',(-4.5639475371578,7.7,33.1085153252095));
#10969=CARTESIAN_POINT('Ctrl Pts',(-4.87083515442945,7.7,34.6696331758431));
#10970=CARTESIAN_POINT('Ctrl Pts',(-5.25343434475023,7.7,36.2186500485315));
#10971=CARTESIAN_POINT('Ctrl Pts',(-5.70230162399239,7.7,37.7507690704946));
#10972=CARTESIAN_POINT('',(-4.03396945132593,5.7,29.8143906824409));
#10973=CARTESIAN_POINT('Ctrl Pts',(-4.03396945132593,5.7,29.8143906824409));
#10974=CARTESIAN_POINT('Ctrl Pts',(-4.17145941064972,5.7,30.9169752436882));
#10975=CARTESIAN_POINT('Ctrl Pts',(-4.34912806624863,5.7,32.0157525605068));
#10976=CARTESIAN_POINT('Ctrl Pts',(-4.56392245907076,5.7,33.1085202551078));
#10977=CARTESIAN_POINT('',(-3.69709141201518,5.49264369016863,24.9915879831574));
#10978=CARTESIAN_POINT('Ctrl Pts',(-3.69722042496933,5.49060840864967,24.9917803009721));
#10979=CARTESIAN_POINT('Ctrl Pts',(-3.70217179868897,5.52673516517643,25.3539602140915));
#10980=CARTESIAN_POINT('Ctrl Pts',(-3.7447822795787,5.66317844683509,26.9611247171182));
#10981=CARTESIAN_POINT('Ctrl Pts',(-3.87906615229118,5.7,28.5721618910294));
#10982=CARTESIAN_POINT('Ctrl Pts',(-4.03396945132593,5.7,29.8143906824409));
#10983=CARTESIAN_POINT('',(-3.69709141201522,-5.3056019323403,24.9915879831578));
#10984=CARTESIAN_POINT('Ctrl Pts',(-3.69709141201515,5.49264369016863,24.9915879831574));
#10985=CARTESIAN_POINT('Ctrl Pts',(-3.69709141201517,3.66176246011242,24.9915879831576));
#10986=CARTESIAN_POINT('Ctrl Pts',(-3.69709141201522,1.83088123005621,24.9915879831579));
#10987=CARTESIAN_POINT('Ctrl Pts',(-3.69709141201522,-1.76853397744677,
24.9915879831579));
#10988=CARTESIAN_POINT('Ctrl Pts',(-3.69709141201521,-3.53706795489353,
24.9915879831578));
#10989=CARTESIAN_POINT('Ctrl Pts',(-3.69709141201521,-5.3056019323403,24.9915879831578));
#10990=CARTESIAN_POINT('',(-4.03396945132593,-5.7,29.8143906824409));
#10991=CARTESIAN_POINT('Ctrl Pts',(-4.03396945132593,-5.7,29.8143906824409));
#10992=CARTESIAN_POINT('Ctrl Pts',(-3.88026366748222,-5.7,28.5817652232872));
#10993=CARTESIAN_POINT('Ctrl Pts',(-3.74540894418785,-5.62352354350969,
26.9652478715985));
#10994=CARTESIAN_POINT('Ctrl Pts',(-3.70224352987832,-5.37437983877036,
25.3646451521563));
#10995=CARTESIAN_POINT('Ctrl Pts',(-3.69709152512478,-5.30520451952316,
24.991659337207));
#10996=CARTESIAN_POINT('',(-4.56392246874078,-5.7,33.108520304304));
#10997=CARTESIAN_POINT('Ctrl Pts',(-4.56392246874078,-5.7,33.108520304304));
#10998=CARTESIAN_POINT('Ctrl Pts',(-4.34912807158177,-5.7,32.0157525934831));
#10999=CARTESIAN_POINT('Ctrl Pts',(-4.17145941271298,-5.7,30.9169752602343));
#11000=CARTESIAN_POINT('Ctrl Pts',(-4.03396945132594,-5.7,29.8143906824409));
#11001=CARTESIAN_POINT('',(-4.56392245907076,-7.2,33.1085202551078));
#11002=CARTESIAN_POINT('Ctrl Pts',(-4.56392245907076,-7.2,33.1085202551078));
#11003=CARTESIAN_POINT('Ctrl Pts',(-4.56392245907076,-6.7,33.1085202551078));
#11004=CARTESIAN_POINT('Ctrl Pts',(-4.56392246874078,-6.2,33.108520304304));
#11005=CARTESIAN_POINT('Ctrl Pts',(-4.56392246874078,-5.7,33.108520304304));
#11006=CARTESIAN_POINT('',(-4.56392245907076,-7.7,33.1085202551078));
#11007=CARTESIAN_POINT('Ctrl Pts',(-4.56392245907076,-7.2,33.1085202551078));
#11008=CARTESIAN_POINT('Ctrl Pts',(-4.56392245907076,-7.36666666666667,
33.1085202551078));
#11009=CARTESIAN_POINT('Ctrl Pts',(-4.56392245907076,-7.53333333333333,
33.1085202551078));
#11010=CARTESIAN_POINT('Ctrl Pts',(-4.56392245907076,-7.7,33.1085202551078));
#11011=CARTESIAN_POINT('',(-5.7023016239924,-7.7,37.7507690704946));
#11012=CARTESIAN_POINT('Ctrl Pts',(-5.70230162399239,-7.7,37.7507690704946));
#11013=CARTESIAN_POINT('Ctrl Pts',(-5.25343434475023,-7.7,36.2186500485315));
#11014=CARTESIAN_POINT('Ctrl Pts',(-4.87083515442945,-7.7,34.6696331758432));
#11015=CARTESIAN_POINT('Ctrl Pts',(-4.5639475371578,-7.7,33.1085153252095));
#11016=CARTESIAN_POINT('',(-5.7023016239924,0.,37.7507690704946));
#11017=CARTESIAN_POINT('Origin',(4.80901126501572,9.2,42.0538695552176));
#11018=CARTESIAN_POINT('',(5.315084705257,-7.8,42.4206319758357));
#11019=CARTESIAN_POINT('',(5.315084705257,0.,42.4206319758357));
#11020=CARTESIAN_POINT('',(3.69960899013609,-7.8,41.2498616160139));
#11021=CARTESIAN_POINT('Origin',(1.975,0.,40.));
#11022=CARTESIAN_POINT('',(-1.91092475511693,-7.8,41.3839124966194));
#11023=CARTESIAN_POINT('',(-1.91092475511693,0.,41.3839124966194));
#11024=CARTESIAN_POINT('',(-2.07089405707972,-7.8,40.8039690787692));
#11025=CARTESIAN_POINT('Origin',(1.975,-7.8,40.));
#11026=CARTESIAN_POINT('',(-2.14813905749054,-7.5,39.876107654288));
#11027=CARTESIAN_POINT('Origin',(1.975,-7.99999999999998,40.));
#11028=CARTESIAN_POINT('',(5.96665558474093,-7.5,41.0403416234759));
#11029=CARTESIAN_POINT('Origin',(1.975,-7.5,40.));
#11030=CARTESIAN_POINT('',(5.63165461207418,-7.8,41.9090578955931));
#11031=CARTESIAN_POINT('Origin',(1.975,-8.00000000000025,40.));
#11032=CARTESIAN_POINT('Origin',(1.975,-7.8,40.));
#11033=CARTESIAN_POINT('Origin',(-1.91092475511693,9.2,41.3839124966194));
#11034=CARTESIAN_POINT('Origin',(-1.91092475511693,9.2,41.3839124966194));
#11035=CARTESIAN_POINT('',(-2.41662729183598,-7.8,41.5640106982679));
#11036=CARTESIAN_POINT('',(-2.41662729183598,0.,41.5640106982679));
#11037=CARTESIAN_POINT('',(-0.480830668920119,-7.8,40.874606423561));
#11038=CARTESIAN_POINT('Origin',(1.975,9.2,40.));
#11039=CARTESIAN_POINT('Origin',(1.975,9.2,40.));
#11040=CARTESIAN_POINT('',(-3.08164358613116,-7.7,46.1992221804706));
#11041=CARTESIAN_POINT('Origin',(1.975,-7.7,40.));
#11042=CARTESIAN_POINT('',(-3.08164358613116,0.,46.1992221804706));
#11043=CARTESIAN_POINT('Origin',(-3.08164358613116,0.,46.1992221804706));
#11044=CARTESIAN_POINT('',(-3.08109043146479,-7.8,46.1953666525941));
#11045=CARTESIAN_POINT('Ctrl Pts',(-3.08109043146479,-7.8,46.1953666525941));
#11046=CARTESIAN_POINT('Ctrl Pts',(-3.08146764786185,-7.76594371628515,
46.1979958780581));
#11047=CARTESIAN_POINT('Ctrl Pts',(-3.08164358613116,-7.73243828954697,
46.1992221804706));
#11048=CARTESIAN_POINT('Ctrl Pts',(-3.08164358613116,-7.7,46.1992221804706));
#11049=CARTESIAN_POINT('',(-2.73579833367769,-7.8,43.7886558545182));
#11050=CARTESIAN_POINT('Ctrl Pts',(-4.28333202685078,7.7,31.5477490810012));
#11051=CARTESIAN_POINT('Ctrl Pts',(-4.62377687028043,7.7,33.6378577544086));
#11052=CARTESIAN_POINT('Ctrl Pts',(-5.10421325373958,7.7,35.7093135863116));
#11053=CARTESIAN_POINT('Ctrl Pts',(-5.70230162399239,7.7,37.7507690704946));
#11054=CARTESIAN_POINT('Ctrl Pts',(-4.28333202685078,8.14879895051283,31.5477490810012));
#11055=CARTESIAN_POINT('Ctrl Pts',(-4.62374208027664,8.14879895051283,33.6376441665395));
#11056=CARTESIAN_POINT('Ctrl Pts',(-5.10426530793009,8.14879895051283,35.7094912629192));
#11057=CARTESIAN_POINT('Ctrl Pts',(-5.70230162399239,8.14879895051283,37.7507690704946));
#11058=CARTESIAN_POINT('Ctrl Pts',(-3.91186381125694,8.92598718192214,31.6082552355883));
#11059=CARTESIAN_POINT('Ctrl Pts',(-4.25500368463885,8.92598718192214,33.7149096302395));
#11060=CARTESIAN_POINT('Ctrl Pts',(-4.73899864288049,8.92598718192214,35.8013658615452));
#11061=CARTESIAN_POINT('Ctrl Pts',(-5.3411194243806,8.92598718192214,37.8565851780726));
#11062=CARTESIAN_POINT('Ctrl Pts',(-3.13506395094868,9.2,31.7347833487833));
#11063=CARTESIAN_POINT('Ctrl Pts',(-3.48381235670352,9.2,33.8758704639883));
#11064=CARTESIAN_POINT('Ctrl Pts',(-3.97531678874699,9.2,35.9940009541209));
#11065=CARTESIAN_POINT('Ctrl Pts',(-4.58582927995802,9.2,38.0778636997184));
#11066=CARTESIAN_POINT('Ctrl Pts',(-2.80284298736526,9.2,31.7888967618179));
#11067=CARTESIAN_POINT('Ctrl Pts',(-3.15398610810857,9.2,33.9446858608077));
#11068=CARTESIAN_POINT('Ctrl Pts',(-3.64871201025583,9.2,36.076407035387));
#11069=CARTESIAN_POINT('Ctrl Pts',(-4.26280756949381,9.2,38.1724998697768));
#11070=CARTESIAN_POINT('Origin',(8.475,7.7,40.9687499999779));
#11071=CARTESIAN_POINT('Origin',(1.975,9.2,40.));
#11072=CARTESIAN_POINT('Origin',(1.975,-7.7,40.));
#11073=CARTESIAN_POINT('Origin',(8.475,-7.7,40.9687499999779));
#11074=CARTESIAN_POINT('',(8.475,-9.2,33.0717967697245));
#11075=CARTESIAN_POINT('Ctrl Pts',(8.475,-9.2,33.0717967697245));
#11076=CARTESIAN_POINT('Ctrl Pts',(8.6875380873399,-9.2,33.2711987678749));
#11077=CARTESIAN_POINT('Ctrl Pts',(8.90627702121513,-9.15312580185114,33.4963747407279));
#11078=CARTESIAN_POINT('Ctrl Pts',(9.30226590144954,-8.97012036987312,33.9459999374794));
#11079=CARTESIAN_POINT('Ctrl Pts',(9.47992138624219,-8.83501156415772,34.1705074719072));
#11080=CARTESIAN_POINT('Ctrl Pts',(9.7159406924786,-8.55531387109994,34.490624014641));
#11081=CARTESIAN_POINT('Ctrl Pts',(9.80655732098846,-8.4129917427375,34.6213133530489));
#11082=CARTESIAN_POINT('Ctrl Pts',(9.9036728012719,-8.16555830829688,34.7664985332587));
#11083=CARTESIAN_POINT('Ctrl Pts',(9.92977916889877,-8.07739693350637,34.8064910363246));
#11084=CARTESIAN_POINT('Ctrl Pts',(9.96543511332198,-7.89331567773828,34.861512921393));
#11085=CARTESIAN_POINT('Ctrl Pts',(9.975,-7.79739347652838,34.8765246170202));
#11086=CARTESIAN_POINT('Ctrl Pts',(9.975,-7.7,34.8765246170202));
#11087=CARTESIAN_POINT('',(8.475,-9.2,40.));
#11088=CARTESIAN_POINT('Origin',(8.475,-7.7,40.));
#11089=CARTESIAN_POINT('',(8.475,-9.2,40.9687499999779));
#11090=CARTESIAN_POINT('Origin',(1.975,-7.7,40.));
#11091=CARTESIAN_POINT('',(-4.26280756949383,-9.2,38.1724998697769));
#11092=CARTESIAN_POINT('Origin',(-4.26280756949383,-7.7,38.1724998697769));
#11093=CARTESIAN_POINT('Origin',(1.975,-9.2,40.));
#11094=CARTESIAN_POINT('Origin',(1.975,-7.8,40.));
#11095=CARTESIAN_POINT('Ctrl Pts',(-5.70230162399239,-7.7,37.7507690704946));
#11096=CARTESIAN_POINT('Ctrl Pts',(-5.10421325373958,-7.7,35.7093135863116));
#11097=CARTESIAN_POINT('Ctrl Pts',(-4.62377687028043,-7.7,33.6378577544086));
#11098=CARTESIAN_POINT('Ctrl Pts',(-4.28333202685077,-7.7,31.5477490810012));
#11099=CARTESIAN_POINT('Ctrl Pts',(-5.70230162399239,-8.14879895051283,
37.7507690704946));
#11100=CARTESIAN_POINT('Ctrl Pts',(-5.10426530793009,-8.14879895051283,
35.7094912629192));
#11101=CARTESIAN_POINT('Ctrl Pts',(-4.62374208027664,-8.14879895051283,
33.6376441665395));
#11102=CARTESIAN_POINT('Ctrl Pts',(-4.28333202685077,-8.14879895051283,
31.5477490810012));
#11103=CARTESIAN_POINT('Ctrl Pts',(-5.34111942438061,-8.92598718192214,
37.8565851780727));
#11104=CARTESIAN_POINT('Ctrl Pts',(-4.73899864288049,-8.92598718192214,
35.8013658615452));
#11105=CARTESIAN_POINT('Ctrl Pts',(-4.25500368463884,-8.92598718192214,
33.7149096302395));
#11106=CARTESIAN_POINT('Ctrl Pts',(-3.91186381125694,-8.92598718192214,
31.6082552355883));
#11107=CARTESIAN_POINT('Ctrl Pts',(-4.58582927995803,-9.2,38.0778636997184));
#11108=CARTESIAN_POINT('Ctrl Pts',(-3.975316788747,-9.2,35.9940009541209));
#11109=CARTESIAN_POINT('Ctrl Pts',(-3.48381235670352,-9.2,33.8758704639883));
#11110=CARTESIAN_POINT('Ctrl Pts',(-3.13506395094868,-9.2,31.7347833487833));
#11111=CARTESIAN_POINT('Ctrl Pts',(-4.26280756949382,-9.2,38.1724998697769));
#11112=CARTESIAN_POINT('Ctrl Pts',(-3.64871201025583,-9.2,36.076407035387));
#11113=CARTESIAN_POINT('Ctrl Pts',(-3.15398610810857,-9.2,33.9446858608077));
#11114=CARTESIAN_POINT('Ctrl Pts',(-2.80284298736525,-9.2,31.7888967618179));
#11115=CARTESIAN_POINT('',(-2.80284298736524,-9.2,31.7888967618179));
#11116=CARTESIAN_POINT('Ctrl Pts',(-4.56392245907076,-7.7,33.1085202551078));
#11117=CARTESIAN_POINT('Ctrl Pts',(-4.56392245907076,-7.81551685827035,
33.1085202551078));
#11118=CARTESIAN_POINT('Ctrl Pts',(-4.54725238738892,-7.92769774889125,
33.0926127310542));
#11119=CARTESIAN_POINT('Ctrl Pts',(-4.47903680298588,-8.16624616802303,
33.0287705196502));
#11120=CARTESIAN_POINT('Ctrl Pts',(-4.42188576831603,-8.28606822555987,
32.9758802068662));
#11121=CARTESIAN_POINT('Ctrl Pts',(-4.25511072041173,-8.5466812364003,32.8269165763803));
#11122=CARTESIAN_POINT('Ctrl Pts',(-4.12578233310895,-8.68584658301318,
32.7151434984796));
#11123=CARTESIAN_POINT('Ctrl Pts',(-3.80671349524694,-8.93190005068233,
32.458982376532));
#11124=CARTESIAN_POINT('Ctrl Pts',(-3.61904710813711,-9.03061579362359,
32.3179275749069));
#11125=CARTESIAN_POINT('Ctrl Pts',(-3.22575979418698,-9.16370832172165,
32.0464672737522));
#11126=CARTESIAN_POINT('Ctrl Pts',(-3.01628709775581,-9.2,31.9130947430687));
#11127=CARTESIAN_POINT('Ctrl Pts',(-2.80284298736526,-9.2,31.7888967618179));
#11128=CARTESIAN_POINT('Ctrl Pts',(-2.80284298736525,-9.2,31.7888967618179));
#11129=CARTESIAN_POINT('Ctrl Pts',(-3.15398610810857,-9.2,33.9446858608077));
#11130=CARTESIAN_POINT('Ctrl Pts',(-3.64871201025583,-9.2,36.076407035387));
#11131=CARTESIAN_POINT('Ctrl Pts',(-4.26280756949382,-9.2,38.1724998697769));
#11132=CARTESIAN_POINT('Origin',(1.975,-9.2,40.));
#11133=CARTESIAN_POINT('',(-2.80284298736493,-7.2,31.7888967618173));
#11134=CARTESIAN_POINT('Ctrl Pts',(-4.56392245907076,-5.7,33.1085202551078));
#11135=CARTESIAN_POINT('Ctrl Pts',(-4.56392245907076,-5.81543511138104,
33.1085202551078));
#11136=CARTESIAN_POINT('Ctrl Pts',(-4.54727591738319,-5.92754062742559,
33.0926352838078));
#11137=CARTESIAN_POINT('Ctrl Pts',(-4.47925765420351,-6.16556454127973,
33.0289765680652));
#11138=CARTESIAN_POINT('Ctrl Pts',(-4.42240023728968,-6.2850084643207,32.9763546325998));
#11139=CARTESIAN_POINT('Ctrl Pts',(-4.25673284035821,-6.54450960075152,
32.8283442998256));
#11140=CARTESIAN_POINT('Ctrl Pts',(-4.12852187712091,-6.68302413197181,
32.7174830036272));
#11141=CARTESIAN_POINT('Ctrl Pts',(-3.81059618036069,-6.92966095826582,
32.4619505310578));
#11142=CARTESIAN_POINT('Ctrl Pts',(-3.62247710316558,-7.02910582841127,
32.3204045168135));
#11143=CARTESIAN_POINT('Ctrl Pts',(-3.22782434577417,-7.16335128313687,
32.047785234571));
#11144=CARTESIAN_POINT('Ctrl Pts',(-3.01733541613097,-7.2,31.913704734254));
#11145=CARTESIAN_POINT('Ctrl Pts',(-2.80284298736526,-7.2,31.7888967618179));
#11146=CARTESIAN_POINT('',(8.475,-7.2,33.0717967697245));
#11147=CARTESIAN_POINT('Origin',(1.975,-7.2,40.));
#11148=CARTESIAN_POINT('Ctrl Pts',(8.475,-7.2,33.0717967697245));
#11149=CARTESIAN_POINT('Ctrl Pts',(8.6875380873399,-7.2,33.2711987678749));
#11150=CARTESIAN_POINT('Ctrl Pts',(8.90627702121513,-7.15312580185114,33.4963747407279));
#11151=CARTESIAN_POINT('Ctrl Pts',(9.30226590144954,-6.97012036987312,33.9459999374794));
#11152=CARTESIAN_POINT('Ctrl Pts',(9.47992138624219,-6.83501156415772,34.1705074719072));
#11153=CARTESIAN_POINT('Ctrl Pts',(9.7159406924786,-6.55531387109994,34.490624014641));
#11154=CARTESIAN_POINT('Ctrl Pts',(9.80655732098846,-6.4129917427375,34.6213133530489));
#11155=CARTESIAN_POINT('Ctrl Pts',(9.9036728012719,-6.16555830829688,34.7664985332587));
#11156=CARTESIAN_POINT('Ctrl Pts',(9.92977916889877,-6.07739693350637,34.8064910363246));
#11157=CARTESIAN_POINT('Ctrl Pts',(9.96543511332198,-5.89331567773828,34.861512921393));
#11158=CARTESIAN_POINT('Ctrl Pts',(9.975,-5.79739347652838,34.8765246170202));
#11159=CARTESIAN_POINT('Ctrl Pts',(9.975,-5.7,34.8765246170202));
#11160=CARTESIAN_POINT('Origin',(1.975,-9.2,40.));
#11161=CARTESIAN_POINT('Origin',(1.50917820697866,-7.8,41.9374999999558));
#11162=CARTESIAN_POINT('',(5.11915004868367,-7.8,41.5376347002614));
#11163=CARTESIAN_POINT('',(3.24196751611786,-7.8,40.1771997221727));
#11164=CARTESIAN_POINT('',(-1.47463547511764,-7.8,40.5916207306167));
#11165=CARTESIAN_POINT('Origin',(1.975,-7.8,40.));
#11166=CARTESIAN_POINT('',(0.356687240153342,-7.8,39.9394232356269));
#11167=CARTESIAN_POINT('Ctrl Pts',(-2.31263981902306,-5.6161370566183,20.6648834515083));
#11168=CARTESIAN_POINT('Ctrl Pts',(-2.25280934602507,-5.94593435984344,
21.5044720531277));
#11169=CARTESIAN_POINT('Ctrl Pts',(-2.17566924334461,-6.53225999536904,
23.2753484615789));
#11170=CARTESIAN_POINT('Ctrl Pts',(-2.20870527356186,-7.09972498613431,
26.4477805338057));
#11171=CARTESIAN_POINT('Ctrl Pts',(-2.38677356313342,-7.2,28.6796666865439));
#11172=CARTESIAN_POINT('Ctrl Pts',(-2.54549735510268,-7.2,30.));
#11173=CARTESIAN_POINT('Ctrl Pts',(-2.76816687715088,-5.62781157995702,
20.6946041212308));
#11174=CARTESIAN_POINT('Ctrl Pts',(-2.70619424080181,-5.95371662341853,
21.5274369724323));
#11175=CARTESIAN_POINT('Ctrl Pts',(-2.62501060901244,-6.53289250578511,
23.2833313980287));
#11176=CARTESIAN_POINT('Ctrl Pts',(-2.65491476878085,-7.09598244634762,
26.4261662701983));
#11177=CARTESIAN_POINT('Ctrl Pts',(-2.83249656200595,-7.19818800158418,
28.6362135905616));
#11178=CARTESIAN_POINT('Ctrl Pts',(-2.9908471648711,-7.2,29.9444658220494));
#11179=CARTESIAN_POINT('Ctrl Pts',(-3.55648466602107,-5.28467280846104,
20.8887614059703));
#11180=CARTESIAN_POINT('Ctrl Pts',(-3.49119950673511,-5.60386500593553,
21.6959341529077));
#11181=CARTESIAN_POINT('Ctrl Pts',(-3.40339160824486,-6.16710883366422,
23.3883728558406));
#11182=CARTESIAN_POINT('Ctrl Pts',(-3.42820363122226,-6.7183160191497,26.4235174221809));
#11183=CARTESIAN_POINT('Ctrl Pts',(-3.60456519739974,-6.82092478333176,
28.5731450193189));
#11184=CARTESIAN_POINT('Ctrl Pts',(-3.76213157247668,-6.8237198741283,29.848288290134));
#11185=CARTESIAN_POINT('Ctrl Pts',(-3.81778455481547,-4.53887926016908,
21.2013941809344));
#11186=CARTESIAN_POINT('Ctrl Pts',(-3.75688588815538,-4.85308831474145,
21.9780084209496));
#11187=CARTESIAN_POINT('Ctrl Pts',(-3.67676103047463,-5.39996165215229,
23.5843549700296));
#11188=CARTESIAN_POINT('Ctrl Pts',(-3.70536045047588,-5.93666420572508,
26.4858318831769));
#11189=CARTESIAN_POINT('Ctrl Pts',(-3.87894813310962,-6.03576911520487,
28.5713356932196));
#11190=CARTESIAN_POINT('Ctrl Pts',(-4.03396945132593,-6.03659921288462,
29.8143906824409));
#11191=CARTESIAN_POINT('Ctrl Pts',(-3.80840394005158,-4.21998657130702,
21.3259513800003));
#11192=CARTESIAN_POINT('Ctrl Pts',(-3.75071296834631,-4.53204831796672,
22.091980689152));
#11193=CARTESIAN_POINT('Ctrl Pts',(-3.67628699666019,-5.07189780185792,
23.6661150321401));
#11194=CARTESIAN_POINT('Ctrl Pts',(-3.70813598428014,-5.60238595316794,
26.5184530914996));
#11195=CARTESIAN_POINT('Ctrl Pts',(-3.88026366748222,-5.7,28.5817652232872));
#11196=CARTESIAN_POINT('Ctrl Pts',(-4.03396945132593,-5.7,29.8143906824409));
#11197=CARTESIAN_POINT('',(-2.31263981902306,-5.61613705661831,20.6648834515084));
#11198=CARTESIAN_POINT('Ctrl Pts',(-3.69709141201522,-5.30560193234031,
24.9915879831579));
#11199=CARTESIAN_POINT('Ctrl Pts',(-3.69709141201522,-5.36437840437646,
24.9915879831579));
#11200=CARTESIAN_POINT('Ctrl Pts',(-3.69359535933445,-5.42094863845113,
24.9806620778728));
#11201=CARTESIAN_POINT('Ctrl Pts',(-3.67923045974188,-5.53336729500872,
24.9357687233644));
#11202=CARTESIAN_POINT('Ctrl Pts',(-3.6682557305521,-5.58553731647115,24.9014703695905));
#11203=CARTESIAN_POINT('Ctrl Pts',(-3.63520442408886,-5.70331644983485,
24.7981780347951));
#11204=CARTESIAN_POINT('Ctrl Pts',(-3.6100765434721,-5.76209859436551,24.7196480843814));
#11205=CARTESIAN_POINT('Ctrl Pts',(-3.53813726477488,-5.89555924745026,
24.4948225977277));
#11206=CARTESIAN_POINT('Ctrl Pts',(-3.47927467580567,-5.96560270333614,
24.3108645368508));
#11207=CARTESIAN_POINT('Ctrl Pts',(-3.29188028156547,-6.1069304452962,23.7252173543354));
#11208=CARTESIAN_POINT('Ctrl Pts',(-3.13999596238558,-6.14393556575812,
23.2505466793847));
#11209=CARTESIAN_POINT('Ctrl Pts',(-2.76974398312395,-6.05384816724097,
22.0934308043102));
#11210=CARTESIAN_POINT('Ctrl Pts',(-2.54685274497548,-5.90365892963529,
21.3968484643833));
#11211=CARTESIAN_POINT('Ctrl Pts',(-2.31263981902306,-5.6161370566183,20.6648834515083));
#11212=CARTESIAN_POINT('',(-2.54549735510268,-7.2,30.));
#11213=CARTESIAN_POINT('Ctrl Pts',(-2.31263981902306,-5.6161370566183,20.6648834515083));
#11214=CARTESIAN_POINT('Ctrl Pts',(-2.25280934602507,-5.94593435984344,
21.5044720531277));
#11215=CARTESIAN_POINT('Ctrl Pts',(-2.17566924334461,-6.53225999536904,
23.2753484615789));
#11216=CARTESIAN_POINT('Ctrl Pts',(-2.20870527356186,-7.09972498613431,
26.4477805338057));
#11217=CARTESIAN_POINT('Ctrl Pts',(-2.38677356313342,-7.2,28.6796666865439));
#11218=CARTESIAN_POINT('Ctrl Pts',(-2.54549735510268,-7.2,30.));
#11219=CARTESIAN_POINT('Origin',(-2.54549735510268,-5.7,30.));
#11220=CARTESIAN_POINT('Ctrl Pts',(-2.54549735510268,-7.2,30.));
#11221=CARTESIAN_POINT('Ctrl Pts',(-2.68747592925477,-7.2,31.1385804800433));
#11222=CARTESIAN_POINT('Ctrl Pts',(-2.87078778542113,-7.2,32.2719694309474));
#11223=CARTESIAN_POINT('Ctrl Pts',(-3.09208582938843,-7.2,33.3978244817021));
#11224=CARTESIAN_POINT('Ctrl Pts',(-2.9908471648711,-7.2,29.9444658220494));
#11225=CARTESIAN_POINT('Ctrl Pts',(-3.13147675452333,-7.2,31.0722282795241));
#11226=CARTESIAN_POINT('Ctrl Pts',(-3.31311485055788,-7.2,32.1953537217546));
#11227=CARTESIAN_POINT('Ctrl Pts',(-3.5324583221002,-7.2,33.3112648742386));
#11228=CARTESIAN_POINT('Ctrl Pts',(-3.76210553665717,-6.82368837654973,
29.8482915367456));
#11229=CARTESIAN_POINT('Ctrl Pts',(-3.90041816973762,-6.82368837654973,
30.9574734334457));
#11230=CARTESIAN_POINT('Ctrl Pts',(-4.07911057491838,-6.82368837654973,
32.0625286914053));
#11231=CARTESIAN_POINT('Ctrl Pts',(-4.29509695864721,-6.82368837654973,
33.1613606406443));
#11232=CARTESIAN_POINT('Ctrl Pts',(-4.03396945132594,-6.03659921288462,
29.8143906824409));
#11233=CARTESIAN_POINT('Ctrl Pts',(-4.17145596510311,-6.03659921288462,
30.9169476125323));
#11234=CARTESIAN_POINT('Ctrl Pts',(-4.34913306689728,-6.03659921288462,
32.0157780071791));
#11235=CARTESIAN_POINT('Ctrl Pts',(-4.56392246874078,-6.03659921288462,
33.108520304304));
#11236=CARTESIAN_POINT('Ctrl Pts',(-4.03396945132594,-5.7,29.8143906824409));
#11237=CARTESIAN_POINT('Ctrl Pts',(-4.17145941271298,-5.7,30.9169752602343));
#11238=CARTESIAN_POINT('Ctrl Pts',(-4.34912807158177,-5.7,32.0157525934831));
#11239=CARTESIAN_POINT('Ctrl Pts',(-4.56392246874078,-5.7,33.108520304304));
#11240=CARTESIAN_POINT('Ctrl Pts',(-2.54549735510268,-7.2,30.));
#11241=CARTESIAN_POINT('Ctrl Pts',(-2.62004710243529,-7.2,30.5978429323719));
#11242=CARTESIAN_POINT('Ctrl Pts',(-2.70599269709358,-7.2,31.1942545273186));
#11243=CARTESIAN_POINT('Ctrl Pts',(-2.80284958970733,-7.2,31.7888956864084));
#11244=CARTESIAN_POINT('Origin',(2.70553877046462,-7.2,28.4382623085101));
#11245=CARTESIAN_POINT('',(8.475,-7.2,30.));
#11246=CARTESIAN_POINT('',(0.,-7.2,30.));
#11247=CARTESIAN_POINT('',(8.475,-7.2,34.219131154255));
#11248=CARTESIAN_POINT('Ctrl Pts',(-23.,-2.85,10.));
#11249=CARTESIAN_POINT('Ctrl Pts',(23.,-2.85,10.));
#11250=CARTESIAN_POINT('Ctrl Pts',(-23.,-2.85,19.));
#11251=CARTESIAN_POINT('Ctrl Pts',(23.,-2.85,19.));
#11252=CARTESIAN_POINT('Ctrl Pts',(-23.,-7.2,19.));
#11253=CARTESIAN_POINT('Ctrl Pts',(23.,-7.2,19.));
#11254=CARTESIAN_POINT('Ctrl Pts',(-23.,-7.2,30.));
#11255=CARTESIAN_POINT('Ctrl Pts',(23.,-7.2,30.));
#11256=CARTESIAN_POINT('',(-1.,-3.91274143349592,16.5626059272245));
#11257=CARTESIAN_POINT('Ctrl Pts',(-2.31263981902307,-5.61613705661978,
20.6648834515121));
#11258=CARTESIAN_POINT('Ctrl Pts',(-1.85102308880323,-5.04945271043589,
19.2222345483235));
#11259=CARTESIAN_POINT('Ctrl Pts',(-1.45528016448242,-4.42482990247343,
17.9854533761428));
#11260=CARTESIAN_POINT('Ctrl Pts',(-1.,-3.91274143349592,16.5626059272245));
#11261=CARTESIAN_POINT('',(-4.56027752754268,-3.06252836286689,13.175355542791));
#11262=CARTESIAN_POINT('Ctrl Pts',(-1.,-3.91274143349592,16.5626059272245));
#11263=CARTESIAN_POINT('Ctrl Pts',(-2.04459881509659,-3.5550570503112,15.5687731366746));
#11264=CARTESIAN_POINT('Ctrl Pts',(-3.18455918173955,-3.25229502881263,
14.4842120533663));
#11265=CARTESIAN_POINT('Ctrl Pts',(-4.56027752754269,-3.06252836286683,
13.1753555427906));
#11266=CARTESIAN_POINT('Ctrl Pts',(-5.66194538809025,-2.85,10.));
#11267=CARTESIAN_POINT('Ctrl Pts',(-5.2938453790708,-2.85,11.0751555051113));
#11268=CARTESIAN_POINT('Ctrl Pts',(-4.92571489698999,-2.91186635620132,
12.136211247676));
#11269=CARTESIAN_POINT('Ctrl Pts',(-4.56027752754269,-3.06252836286689,
13.175355542791));
#11270=CARTESIAN_POINT('',(2.03553208347566,-2.89130403582922,11.4638173893831));
#11271=CARTESIAN_POINT('Ctrl Pts',(1.3529428246659,-2.85,10.));
#11272=CARTESIAN_POINT('Ctrl Pts',(1.50617014142944,-2.85,10.3285970412105));
#11273=CARTESIAN_POINT('Ctrl Pts',(1.65973371465603,-2.85579722990735,10.6579284917536));
#11274=CARTESIAN_POINT('Ctrl Pts',(1.81321780366251,-2.86832737576981,10.9870740595042));
#11275=CARTESIAN_POINT('Ctrl Pts',(1.88735672833632,-2.87437993500421,11.1460644709022));
#11276=CARTESIAN_POINT('Ctrl Pts',(1.96147710715935,-2.88200373465834,11.3050117242783));
#11277=CARTESIAN_POINT('Ctrl Pts',(2.03553208347565,-2.89130403582897,11.4638173893786));
#11278=CARTESIAN_POINT('',(4.75445544458555,-2.85069413895888,10.1959626041611));
#11279=CARTESIAN_POINT('Ctrl Pts',(2.03553208347565,-2.89130403582921,11.4638173893829));
#11280=CARTESIAN_POINT('Ctrl Pts',(2.64032736665545,-2.8747880825218,11.1818021189501));
#11281=CARTESIAN_POINT('Ctrl Pts',(3.2460458723967,-2.86356094346022,10.8993555444579));
#11282=CARTESIAN_POINT('Ctrl Pts',(3.85140836999745,-2.85702943406435,10.6170668088791));
#11283=CARTESIAN_POINT('Ctrl Pts',(4.15256466872545,-2.8537801326911,10.4766335459723));
#11284=CARTESIAN_POINT('Ctrl Pts',(4.45363285996838,-2.85169276326407,10.3362402440475));
#11285=CARTESIAN_POINT('Ctrl Pts',(4.75445544458556,-2.85069413895888,10.195962604161));
#11286=CARTESIAN_POINT('Ctrl Pts',(4.75445544458556,-2.85069413895888,10.195962604161));
#11287=CARTESIAN_POINT('Ctrl Pts',(4.89459510845049,-2.85022892840279,10.1306140656569));
#11288=CARTESIAN_POINT('Ctrl Pts',(5.03468149619813,-2.85,10.0652910502796));
#11289=CARTESIAN_POINT('Ctrl Pts',(5.17469860537018,-2.85,10.));
#11290=CARTESIAN_POINT('Ctrl Pts',(8.475,-7.2,30.));
#11291=CARTESIAN_POINT('Ctrl Pts',(8.475,-7.2,28.9816880596221));
#11292=CARTESIAN_POINT('Ctrl Pts',(8.475,-7.12540964276764,26.9365504546478));
#11293=CARTESIAN_POINT('Ctrl Pts',(8.475,-6.67862744873471,23.7987409559523));
#11294=CARTESIAN_POINT('Ctrl Pts',(8.475,-5.71573111640701,20.7259762273327));
#11295=CARTESIAN_POINT('Ctrl Pts',(8.475,-4.44323066194494,17.9950369166537));
#11296=CARTESIAN_POINT('Ctrl Pts',(8.475,-3.46918737101461,15.4444499512526));
#11297=CARTESIAN_POINT('Ctrl Pts',(8.475,-2.94382117893029,12.7863675198588));
#11298=CARTESIAN_POINT('Ctrl Pts',(8.475,-2.85,10.93166912281));
#11299=CARTESIAN_POINT('Ctrl Pts',(8.475,-2.85,10.));
#11300=CARTESIAN_POINT('Origin',(-10.0000000000039,2.35,44.6895126258563));
#11301=CARTESIAN_POINT('Ctrl Pts',(-2.32754644356547,6.35420964184865,20.7114698112523));
#11302=CARTESIAN_POINT('Ctrl Pts',(-2.65743975960039,6.57182919013947,21.7424563135426));
#11303=CARTESIAN_POINT('Ctrl Pts',(-2.97042793050784,6.56904069399393,22.7206106558632));
#11304=CARTESIAN_POINT('Ctrl Pts',(-3.35699191822582,6.35263113227067,23.928705013151));
#11305=CARTESIAN_POINT('Ctrl Pts',(-3.47854605688534,6.22491472619101,24.3085874483629));
#11306=CARTESIAN_POINT('Ctrl Pts',(-3.60037903025838,5.99356182517239,24.6893413011272));
#11307=CARTESIAN_POINT('Ctrl Pts',(-3.63717883848101,5.90488958924142,24.8043484981277));
#11308=CARTESIAN_POINT('Ctrl Pts',(-3.67352664645123,5.7506651802831,24.9179430985141));
#11309=CARTESIAN_POINT('Ctrl Pts',(-3.68242729398901,5.70131669933669,24.9457595076534));
#11310=CARTESIAN_POINT('Ctrl Pts',(-3.69414001831391,5.59776820070056,24.9823642525726));
#11311=CARTESIAN_POINT('Ctrl Pts',(-3.69709141201522,5.54601932416362,24.9915879831579));
#11312=CARTESIAN_POINT('Ctrl Pts',(-3.69709141201522,5.49264369016867,24.9915879831579));
#11313=CARTESIAN_POINT('',(-1.,2.35,16.5626059272245));
#11314=CARTESIAN_POINT('Origin',(8.475,-5.7,34.219131154255));
#11315=CARTESIAN_POINT('Origin',(8.475,-5.7,30.));
#11316=CARTESIAN_POINT('Ctrl Pts',(8.475,-7.2,30.));
#11317=CARTESIAN_POINT('Ctrl Pts',(8.475,-7.2,28.9816880596221));
#11318=CARTESIAN_POINT('Ctrl Pts',(8.475,-7.12540964276764,26.9365504546478));
#11319=CARTESIAN_POINT('Ctrl Pts',(8.475,-6.67862744873471,23.7987409559523));
#11320=CARTESIAN_POINT('Ctrl Pts',(8.475,-5.71573111640701,20.7259762273327));
#11321=CARTESIAN_POINT('Ctrl Pts',(8.475,-4.44323066194494,17.9950369166537));
#11322=CARTESIAN_POINT('Ctrl Pts',(8.475,-3.46918737101461,15.4444499512526));
#11323=CARTESIAN_POINT('Ctrl Pts',(8.475,-2.94382117893029,12.7863675198588));
#11324=CARTESIAN_POINT('Ctrl Pts',(8.475,-2.85,10.93166912281));
#11325=CARTESIAN_POINT('Ctrl Pts',(8.475,-2.85,10.));
#11326=CARTESIAN_POINT('Ctrl Pts',(8.92379895051283,-7.2,30.));
#11327=CARTESIAN_POINT('Ctrl Pts',(8.92379895051283,-7.2,28.9815690107328));
#11328=CARTESIAN_POINT('Ctrl Pts',(8.92379895051283,-7.12546695587867,26.9367345684109));
#11329=CARTESIAN_POINT('Ctrl Pts',(8.92379895051283,-6.67866162190884,23.7985381422391));
#11330=CARTESIAN_POINT('Ctrl Pts',(8.92379895051283,-5.71557479063767,20.7253065165203));
#11331=CARTESIAN_POINT('Ctrl Pts',(8.92379895051283,-4.44304552919866,17.9944275841302));
#11332=CARTESIAN_POINT('Ctrl Pts',(8.92379895051283,-3.46917611974763,15.4440215548441));
#11333=CARTESIAN_POINT('Ctrl Pts',(8.92379895051283,-2.94389340328937,12.7864977308729));
#11334=CARTESIAN_POINT('Ctrl Pts',(8.92379895051283,-2.85,10.9315064156872));
#11335=CARTESIAN_POINT('Ctrl Pts',(8.92379895051283,-2.85,10.));
#11336=CARTESIAN_POINT('Ctrl Pts',(9.7010172277968,-6.82367237580179,30.));
#11337=CARTESIAN_POINT('Ctrl Pts',(9.7010172277968,-6.82367237580179,28.990910258166));
#11338=CARTESIAN_POINT('Ctrl Pts',(9.7010172277968,-6.75011487751779,26.967749101852));
#11339=CARTESIAN_POINT('Ctrl Pts',(9.7010172277968,-6.30898357431335,23.8790110317651));
#11340=CARTESIAN_POINT('Ctrl Pts',(9.7010172277968,-5.36729527648996,20.8705181220919));
#11341=CARTESIAN_POINT('Ctrl Pts',(9.7010172277968,-4.10203115613083,18.1540415246759));
#11342=CARTESIAN_POINT('Ctrl Pts',(9.7010172277968,-3.10528200467965,15.5494644771196));
#11343=CARTESIAN_POINT('Ctrl Pts',(9.7010172277968,-2.56867344416426,12.8292505810014));
#11344=CARTESIAN_POINT('Ctrl Pts',(9.7010172277968,-2.47367237580179,10.9442733344111));
#11345=CARTESIAN_POINT('Ctrl Pts',(9.7010172277968,-2.47367237580179,10.));
#11346=CARTESIAN_POINT('Ctrl Pts',(9.975,-6.03659921288462,30.));
#11347=CARTESIAN_POINT('Ctrl Pts',(9.975,-6.03659921288462,29.0101022523181));
#11348=CARTESIAN_POINT('Ctrl Pts',(9.975,-5.96524803499979,27.0331479618283));
#11349=CARTESIAN_POINT('Ctrl Pts',(9.97499999999999,-5.53591669992517,24.0467291936505));
#11350=CARTESIAN_POINT('Ctrl Pts',(9.975,-4.63843073960429,21.1722821738176));
#11351=CARTESIAN_POINT('Ctrl Pts',(9.975,-3.38827791205277,18.4861023314878));
#11352=CARTESIAN_POINT('Ctrl Pts',(9.975,-2.34418040600707,15.7687529944621));
#11353=CARTESIAN_POINT('Ctrl Pts',(9.975,-1.78412611394709,12.9190434995162));
#11354=CARTESIAN_POINT('Ctrl Pts',(9.975,-1.68659921288462,10.970503517397));
#11355=CARTESIAN_POINT('Ctrl Pts',(9.975,-1.68659921288462,10.));
#11356=CARTESIAN_POINT('Ctrl Pts',(9.975,-5.7,30.));
#11357=CARTESIAN_POINT('Ctrl Pts',(9.975,-5.7,29.0182967946687));
#11358=CARTESIAN_POINT('Ctrl Pts',(9.975,-5.62959867937726,27.06113664711));
#11359=CARTESIAN_POINT('Ctrl Pts',(9.97499999999999,-5.2053111661559,24.1184331302985));
#11360=CARTESIAN_POINT('Ctrl Pts',(9.975,-4.32670779731888,21.3012607388526));
#11361=CARTESIAN_POINT('Ctrl Pts',(9.975,-3.08301428734761,18.6280442285105));
#11362=CARTESIAN_POINT('Ctrl Pts',(9.975,-2.01868693843363,15.8624866657693));
#11363=CARTESIAN_POINT('Ctrl Pts',(9.975,-1.4486150407903,12.9574586039241));
#11364=CARTESIAN_POINT('Ctrl Pts',(9.975,-1.35,10.9817032053313));
#11365=CARTESIAN_POINT('Ctrl Pts',(9.975,-1.35,10.));
#11366=CARTESIAN_POINT('Origin',(0.,-1.35,0.));
#11367=CARTESIAN_POINT('',(-9.48678875004416,-1.35,3.0824445188901));
#11368=CARTESIAN_POINT('Origin',(-8.06020397560142,-1.35,2.61891902732768));
#11369=CARTESIAN_POINT('Origin',(0.,-1.35,0.));
#11370=CARTESIAN_POINT('Origin',(-9.52966710633261,-1.35,-1.90362345860969));
#11371=CARTESIAN_POINT('',(-7.08853016253298,-1.35,10.4635254915624));
#11372=CARTESIAN_POINT('Origin',(-5.66194538809025,-1.35,10.));
#11373=CARTESIAN_POINT('',(-10.9562518807753,-1.35,-1.44009796704727));
#11374=CARTESIAN_POINT('Ctrl Pts',(-5.66194538809025,-2.85,10.));
#11375=CARTESIAN_POINT('Ctrl Pts',(-5.2938453790708,-2.85,11.0751555051113));
#11376=CARTESIAN_POINT('Ctrl Pts',(-4.92571489698999,-2.91186635620132,
12.136211247676));
#11377=CARTESIAN_POINT('Ctrl Pts',(-4.56027752754269,-3.06252836286689,
13.175355542791));
#11378=CARTESIAN_POINT('Ctrl Pts',(-6.0887785544819,-2.85,10.1386865027661));
#11379=CARTESIAN_POINT('Ctrl Pts',(-5.72398281367495,-2.85550452332194,
11.2147278640509));
#11380=CARTESIAN_POINT('Ctrl Pts',(-5.35976850344709,-2.92378531664783,
12.2770306262254));
#11381=CARTESIAN_POINT('Ctrl Pts',(-4.99959515909562,-3.08279808698571,
13.315159655638));
#11382=CARTESIAN_POINT('Ctrl Pts',(-6.82819240182471,-2.47396943640011,
10.3789366254351));
#11383=CARTESIAN_POINT('Ctrl Pts',(-6.46865483950687,-2.48246041649268,
11.4714196246375));
#11384=CARTESIAN_POINT('Ctrl Pts',(-6.11156333446407,-2.55620446559308,
12.5529868899066));
#11385=CARTESIAN_POINT('Ctrl Pts',(-5.75972027860826,-2.7230867653017,13.6142926029919));
#11386=CARTESIAN_POINT('Ctrl Pts',(-7.08853016253298,-1.68659921288462,
10.4635254915624));
#11387=CARTESIAN_POINT('Ctrl Pts',(-6.72427157106947,-1.68912089943677,
11.5847444294591));
#11388=CARTESIAN_POINT('Ctrl Pts',(-6.36087656580021,-1.75673051114225,
12.7027687284354));
#11389=CARTESIAN_POINT('Ctrl Pts',(-6.0014717157344,-1.92090943150174,13.8091473772217));
#11390=CARTESIAN_POINT('Ctrl Pts',(-7.08853016253298,-1.35,10.4635254915624));
#11391=CARTESIAN_POINT('Ctrl Pts',(-6.72043015351353,-1.35,11.5964208293556));
#11392=CARTESIAN_POINT('Ctrl Pts',(-6.35229967143272,-1.41498339262716,
12.7294099535881));
#11393=CARTESIAN_POINT('Ctrl Pts',(-5.98686230198542,-1.5780499142325,13.8541105294047));
#11394=CARTESIAN_POINT('',(-6.94440595764661,-1.35340958359715,10.9070941842497));
#11395=CARTESIAN_POINT('Ctrl Pts',(-4.56027752754269,-3.06252836286689,
13.175355542791));
#11396=CARTESIAN_POINT('Ctrl Pts',(-5.13658638349281,-2.98303211502009,
12.6270549176943));
#11397=CARTESIAN_POINT('Ctrl Pts',(-5.7496404590228,-2.79067998997179,12.0437948664896));
#11398=CARTESIAN_POINT('Ctrl Pts',(-6.44934476251546,-2.3236477809765,11.3780957313351));
#11399=CARTESIAN_POINT('Ctrl Pts',(-6.63104533511317,-2.14650752246601,
11.2052256872864));
#11400=CARTESIAN_POINT('Ctrl Pts',(-6.81206950518695,-1.86835573452724,
11.0329991726592));
#11401=CARTESIAN_POINT('Ctrl Pts',(-6.86212848631602,-1.7692022234148,10.98537302466));
#11402=CARTESIAN_POINT('Ctrl Pts',(-6.91197375367481,-1.61090519059518,
10.9379502044677));
#11403=CARTESIAN_POINT('Ctrl Pts',(-6.92417482041138,-1.55990024868994,
10.9263421015391));
#11404=CARTESIAN_POINT('Ctrl Pts',(-6.94031316902796,-1.45665737974934,
10.9109880660369));
#11405=CARTESIAN_POINT('Ctrl Pts',(-6.94440595764662,-1.40527579833225,
10.9070941842497));
#11406=CARTESIAN_POINT('Ctrl Pts',(-6.94440595764662,-1.35340958359715,
10.9070941842497));
#11407=CARTESIAN_POINT('Ctrl Pts',(-6.94440588853978,-1.35339445152192,
10.9070943969386));
#11408=CARTESIAN_POINT('Ctrl Pts',(-6.99244379546368,-1.35110695403595,
10.7592489216386));
#11409=CARTESIAN_POINT('Ctrl Pts',(-7.04048723854371,-1.35,10.611386407802));
#11410=CARTESIAN_POINT('Ctrl Pts',(-7.08853016253298,-1.35,10.4635254915624));
#11411=CARTESIAN_POINT('Origin',(0.,0.,0.));
#11412=CARTESIAN_POINT('',(-9.48678875004416,-1.,3.0824445188901));
#11413=CARTESIAN_POINT('',(-9.48678875004416,0.,3.0824445188901));
#11414=CARTESIAN_POINT('Origin',(0.,-1.,0.));
#11415=CARTESIAN_POINT('Origin',(-9.48678875004416,0.,3.0824445188901));
#11416=CARTESIAN_POINT('',(-6.94440595764662,-1.,10.9070941842497));
#11417=CARTESIAN_POINT('',(-6.94440595764662,1.175,10.9070941842497));
#11418=CARTESIAN_POINT('',(-8.88063520861754,-1.,4.94799329433926));
#11419=CARTESIAN_POINT('Origin',(-1.,2.35,16.5626059272245));
#11420=CARTESIAN_POINT('Ctrl Pts',(-6.94440595764661,3.35188800869911,10.9070941842497));
#11421=CARTESIAN_POINT('Ctrl Pts',(-6.94440595764661,3.44728556295911,10.9070941842497));
#11422=CARTESIAN_POINT('Ctrl Pts',(-6.93056714639784,3.53995127942757,10.9202604383857));
#11423=CARTESIAN_POINT('Ctrl Pts',(-6.87391844420274,3.73905446115487,10.9741560509619));
#11424=CARTESIAN_POINT('Ctrl Pts',(-6.82608149123409,3.83950726199214,11.0196681595207));
#11425=CARTESIAN_POINT('Ctrl Pts',(-6.67833370037352,4.07552867283383,11.1602355050493));
#11426=CARTESIAN_POINT('Ctrl Pts',(-6.56140678084374,4.19869750881423,11.2714798532955));
#11427=CARTESIAN_POINT('Ctrl Pts',(-6.22483546225927,4.48233806793128,11.5916940274561));
#11428=CARTESIAN_POINT('Ctrl Pts',(-5.95056704364143,4.63345400356446,11.8526331815571));
#11429=CARTESIAN_POINT('Ctrl Pts',(-5.30527274900256,4.86637077630256,12.4665665984548));
#11430=CARTESIAN_POINT('Ctrl Pts',(-4.95038699808144,4.93622009611765,12.804205135602));
#11431=CARTESIAN_POINT('Ctrl Pts',(-4.60736949333254,4.96133555002409,13.1305522155247));
#11432=CARTESIAN_POINT('',(-5.76762225088823,0.,12.0266869778664));
#11433=CARTESIAN_POINT('',(-3.84310194411882,-2.77555756156289E-16,13.8576768651783));
#11434=CARTESIAN_POINT('',(-5.76762225088823,-1.,12.0266869778664));
#11435=CARTESIAN_POINT('',(-5.76762225088823,-0.5,12.0266869778664));
#11436=CARTESIAN_POINT('',(-3.84310194411882,-1.,13.8576768651783));
#11437=CARTESIAN_POINT('Ctrl Pts',(-3.09208581942562,7.2,33.3978244310163));
#11438=CARTESIAN_POINT('Ctrl Pts',(-2.87078777991864,7.2,32.2719693969326));
#11439=CARTESIAN_POINT('Ctrl Pts',(-2.68747592712415,7.2,31.138580462957));
#11440=CARTESIAN_POINT('Ctrl Pts',(-2.54549735510268,7.2,30.));
#11441=CARTESIAN_POINT('Ctrl Pts',(-3.532458312225,7.2,33.3112648239984));
#11442=CARTESIAN_POINT('Ctrl Pts',(-3.31311484510589,7.2,32.1953536880499));
#11443=CARTESIAN_POINT('Ctrl Pts',(-3.13147675241295,7.2,31.0722282626002));
#11444=CARTESIAN_POINT('Ctrl Pts',(-2.9908471648711,7.2,29.9444658220494));
#11445=CARTESIAN_POINT('Ctrl Pts',(-4.29509694892409,6.82368837655018,33.1613605911758));
#11446=CARTESIAN_POINT('Ctrl Pts',(-4.07911056955475,6.82368837655018,32.0625286582395));
#11447=CARTESIAN_POINT('Ctrl Pts',(-3.90041816766239,6.82368837655018,30.9574734168005));
#11448=CARTESIAN_POINT('Ctrl Pts',(-3.76210553665754,6.82368837655018,29.8482915367455));
#11449=CARTESIAN_POINT('Ctrl Pts',(-4.56392245907076,6.03659921288462,33.1085202551078));
#11450=CARTESIAN_POINT('Ctrl Pts',(-4.34913306156404,6.03659921288462,32.0157779742024));
#11451=CARTESIAN_POINT('Ctrl Pts',(-4.17145596303989,6.03659921288462,30.9169475959867));
#11452=CARTESIAN_POINT('Ctrl Pts',(-4.03396945132593,6.03659921288462,29.8143906824409));
#11453=CARTESIAN_POINT('Ctrl Pts',(-4.56392245907076,5.7,33.1085202551078));
#11454=CARTESIAN_POINT('Ctrl Pts',(-4.34912806624863,5.7,32.0157525605068));
#11455=CARTESIAN_POINT('Ctrl Pts',(-4.17145941064972,5.7,30.9169752436882));
#11456=CARTESIAN_POINT('Ctrl Pts',(-4.03396945132593,5.7,29.8143906824409));
#11457=CARTESIAN_POINT('Origin',(-2.54549735510268,5.7,30.));
#11458=CARTESIAN_POINT('Ctrl Pts',(-2.54549735510268,7.2,30.));
#11459=CARTESIAN_POINT('Ctrl Pts',(-2.38553695285558,7.2,28.691809355664));
#11460=CARTESIAN_POINT('Ctrl Pts',(-2.13452525966271,7.13451599259092,25.6163983490403));
#11461=CARTESIAN_POINT('Ctrl Pts',(-2.19303910941893,6.7220024029203,22.4539114957567));
#11462=CARTESIAN_POINT('Ctrl Pts',(-2.32754644356547,6.35420964184866,20.7114698112523));
#11463=CARTESIAN_POINT('Ctrl Pts',(-2.9908471648711,7.2,29.9444658220494));
#11464=CARTESIAN_POINT('Ctrl Pts',(-2.83179913148099,7.19903010688429,28.6484564493758));
#11465=CARTESIAN_POINT('Ctrl Pts',(-2.58216459198752,7.13177886196245,25.6028956165057));
#11466=CARTESIAN_POINT('Ctrl Pts',(-2.64319351415413,6.7241039940468,22.4715512421492));
#11467=CARTESIAN_POINT('Ctrl Pts',(-2.77966669476203,6.36151267068559,20.7460683765735));
#11468=CARTESIAN_POINT('Ctrl Pts',(-3.76213157247668,6.82371987412831,29.848288290134));
#11469=CARTESIAN_POINT('Ctrl Pts',(-3.60472726245421,6.82222376944208,28.5798162459008));
#11470=CARTESIAN_POINT('Ctrl Pts',(-3.35764905021626,6.75373939119502,25.601903475019));
#11471=CARTESIAN_POINT('Ctrl Pts',(-3.42292034945158,6.35425634063736,22.5645846130292));
#11472=CARTESIAN_POINT('Ctrl Pts',(-3.56232797514988,5.99776076760033,20.8854105138439));
#11473=CARTESIAN_POINT('Ctrl Pts',(-4.03396945132593,6.03659921288462,29.8143906824409));
#11474=CARTESIAN_POINT('Ctrl Pts',(-3.87836381853409,6.03615489349784,28.5665939695835));
#11475=CARTESIAN_POINT('Ctrl Pts',(-3.63442534410469,5.96904681577712,25.641069793655));
#11476=CARTESIAN_POINT('Ctrl Pts',(-3.69472306152513,5.57498253518232,22.7068655424925));
#11477=CARTESIAN_POINT('Ctrl Pts',(-3.82835728481817,5.21938657231644,21.0709738854764));
#11478=CARTESIAN_POINT('Ctrl Pts',(-4.03396945132593,5.7,29.8143906824409));
#11479=CARTESIAN_POINT('Ctrl Pts',(-3.87906615229118,5.7,28.5721618910294));
#11480=CARTESIAN_POINT('Ctrl Pts',(-3.63644536386959,5.63347172613269,25.6613796696398));
#11481=CARTESIAN_POINT('Ctrl Pts',(-3.69308659613412,5.24173458652464,22.7632395387338));
#11482=CARTESIAN_POINT('Ctrl Pts',(-3.82277712374874,4.88654867659408,21.1407829106932));
#11483=CARTESIAN_POINT('Origin',(2.70553877046462,7.2,28.4382623085101));
#11484=CARTESIAN_POINT('',(8.475,7.2,34.219131154255));
#11485=CARTESIAN_POINT('Ctrl Pts',(-4.60736949333254,4.96133555002409,13.1305522155247));
#11486=CARTESIAN_POINT('Ctrl Pts',(-4.95849691872431,4.88176732166264,12.0966525664435));
#11487=CARTESIAN_POINT('Ctrl Pts',(-5.31015068539071,4.85,11.0521863702708));
#11488=CARTESIAN_POINT('Ctrl Pts',(-5.66194538809025,4.85,10.));
#11489=CARTESIAN_POINT('Ctrl Pts',(-5.04076828875047,4.97210913926195,13.2705428922276));
#11490=CARTESIAN_POINT('Ctrl Pts',(-5.38911520529268,4.8879929707372,12.2365922811777));
#11491=CARTESIAN_POINT('Ctrl Pts',(-5.73873078091155,4.85291017905176,11.191341215149));
#11492=CARTESIAN_POINT('Ctrl Pts',(-6.0887785544819,4.85,10.1386865027661));
#11493=CARTESIAN_POINT('Ctrl Pts',(-5.79105117242527,4.60369902693029,13.5426771757444));
#11494=CARTESIAN_POINT('Ctrl Pts',(-6.1349864490791,4.51614738459496,12.4957468043581));
#11495=CARTESIAN_POINT('Ctrl Pts',(-6.48089556498767,4.47842191243765,11.4402744217995));
#11496=CARTESIAN_POINT('Ctrl Pts',(-6.8281633992255,4.47393282756163,10.3789272019194));
#11497=CARTESIAN_POINT('Ctrl Pts',(-6.04166171065806,3.80652716174287,13.685455291486));
#11498=CARTESIAN_POINT('Ctrl Pts',(-6.38958119983927,3.72206418517544,12.6145429160604));
#11499=CARTESIAN_POINT('Ctrl Pts',(-6.73876637372853,3.68793239996549,11.5400650763267));
#11500=CARTESIAN_POINT('Ctrl Pts',(-7.08853016253298,3.68659921288462,10.4635254915624));
#11501=CARTESIAN_POINT('Ctrl Pts',(-6.03395426777527,3.46575796937555,13.7091763615601));
#11502=CARTESIAN_POINT('Ctrl Pts',(-6.38508169316705,3.38259116507894,12.6285172649811));
#11503=CARTESIAN_POINT('Ctrl Pts',(-6.73673545983344,3.35,11.5462382565263));
#11504=CARTESIAN_POINT('Ctrl Pts',(-7.08853016253298,3.35,10.4635254915624));
#11505=CARTESIAN_POINT('Origin',(-5.66194538809025,3.35,10.));
#11506=CARTESIAN_POINT('Origin',(-6.59074084487024,3.35,7.14146151326505));
#11507=CARTESIAN_POINT('',(-6.59074084487024,4.85,7.14146151326505));
#11508=CARTESIAN_POINT('Origin',(8.475,3.35,25.));
#11509=CARTESIAN_POINT('',(8.475,4.85,25.));
#11510=CARTESIAN_POINT('Origin',(8.475,5.7,34.219131154255));
#11511=CARTESIAN_POINT('Origin',(0.,4.85,10.));
#11512=CARTESIAN_POINT('',(-3.89302727209265,4.85,-0.00316047313080769));
#11513=CARTESIAN_POINT('Ctrl Pts',(-3.89302727209265,4.85,-0.0031604731308079));
#11514=CARTESIAN_POINT('Ctrl Pts',(-3.89396944717518,4.85,1.15739781658901));
#11515=CARTESIAN_POINT('Ctrl Pts',(-2.78481778804241,4.85,3.47592721669575));
#11516=CARTESIAN_POINT('Ctrl Pts',(0.99219266204273,4.85,4.34819785234463));
#11517=CARTESIAN_POINT('Ctrl Pts',(4.01605646988174,4.85,1.93185591426042));
#11518=CARTESIAN_POINT('Ctrl Pts',(4.01481422588988,4.85,-1.92388856705413));
#11519=CARTESIAN_POINT('Ctrl Pts',(1.00095010248393,4.84999999999999,-4.34775868811674));
#11520=CARTESIAN_POINT('Ctrl Pts',(-2.77584956615729,4.85,-3.48562133790565));
#11521=CARTESIAN_POINT('Ctrl Pts',(-3.89208509701011,4.85,-1.16371876285058));
#11522=CARTESIAN_POINT('Ctrl Pts',(-3.89302727209265,4.85,-0.00316047313080825));
#11523=CARTESIAN_POINT('Origin',(4.44089209850063E-15,-1.,4.12499999999999));
#11524=CARTESIAN_POINT('',(0.,-1.,10.25));
#11525=CARTESIAN_POINT('Origin',(0.,-1.,20.5));
#11526=CARTESIAN_POINT('',(2.4595283921504,-1.,9.95053868331791));
#11527=CARTESIAN_POINT('Origin',(0.,-1.,0.));
#11528=CARTESIAN_POINT('',(2.12739055418699,-1.,9.00203918176076));
#11529=CARTESIAN_POINT('Origin',(4.12052805197461,-1.,8.83650092360604));
#11530=CARTESIAN_POINT('',(5.52850180273625,-1.,7.41607496032382));
#11531=CARTESIAN_POINT('Origin',(-1.38777878078145E-16,-1.,5.55111512312578E-16));
#11532=CARTESIAN_POINT('',(6.04160048825482,-1.,8.28019103283971));
#11533=CARTESIAN_POINT('Origin',(4.12052805197461,-1.,8.83650092360604));
#11534=CARTESIAN_POINT('',(7.85195554197189,-1.,6.5885729992842));
#11535=CARTESIAN_POINT('Origin',(0.,-1.,0.));
#11536=CARTESIAN_POINT('Origin',(10.,-1.,8.39099631176668));
#11537=CARTESIAN_POINT('Origin',(0.,-0.5,20.5));
#11538=CARTESIAN_POINT('',(0.,-1.38777878078145E-16,10.25));
#11539=CARTESIAN_POINT('Origin',(0.,-1.38777878078145E-16,20.5));
#11540=CARTESIAN_POINT('',(0.,-0.5,10.25));
#11541=CARTESIAN_POINT('Ctrl Pts',(7.10486312336522,-2.83184031178278,8.11163747126499));
#11542=CARTESIAN_POINT('Ctrl Pts',(6.89406462551824,-2.68777341671223,8.22037220325242));
#11543=CARTESIAN_POINT('Ctrl Pts',(6.40051846692239,-2.35426558624274,8.48298855908138));
#11544=CARTESIAN_POINT('Ctrl Pts',(5.91521733111173,-2.023285640001,8.76653982597833));
#11545=CARTESIAN_POINT('Ctrl Pts',(5.61223290784374,-1.8499000000006,8.99403385025728));
#11546=CARTESIAN_POINT('Ctrl Pts',(7.20846399598076,-2.85667516552438,8.36981992932955));
#11547=CARTESIAN_POINT('Ctrl Pts',(6.99562027776916,-2.71478183455231,8.47719927160336));
#11548=CARTESIAN_POINT('Ctrl Pts',(6.49638944239985,-2.38748023205211,8.73506028952358));
#11549=CARTESIAN_POINT('Ctrl Pts',(5.99959873829259,-2.06771487163926,9.0114332708229));
#11550=CARTESIAN_POINT('Ctrl Pts',(5.68362795209782,-1.9092627971077,9.22236947267592));
#11551=CARTESIAN_POINT('Ctrl Pts',(7.27655746475487,-3.08382816324464,8.84521075043093));
#11552=CARTESIAN_POINT('Ctrl Pts',(7.06136374165028,-2.94302642795989,8.94791593475778));
#11553=CARTESIAN_POINT('Ctrl Pts',(6.5556694553515,-2.6192854710615,9.19081616344566));
#11554=CARTESIAN_POINT('Ctrl Pts',(6.04441741543476,-2.30609005364599,9.44196414283895));
#11555=CARTESIAN_POINT('Ctrl Pts',(5.71994935734273,-2.15426469841497,9.61074356318524));
#11556=CARTESIAN_POINT('Ctrl Pts',(7.11165000558429,-3.50123075415067,9.0967847286062));
#11557=CARTESIAN_POINT('Ctrl Pts',(6.89766446838393,-3.35813637633975,9.19654738309926));
#11558=CARTESIAN_POINT('Ctrl Pts',(6.39686311971459,-3.02755039564787,9.43011627276848));
#11559=CARTESIAN_POINT('Ctrl Pts',(5.89163119509447,-2.70189136790324,9.66579421509834));
#11560=CARTESIAN_POINT('Ctrl Pts',(5.58688647175779,-2.53493012113166,9.8077936413049));
#11561=CARTESIAN_POINT('Ctrl Pts',(7.01245676609916,-3.67983861578787,9.14303929581531));
#11562=CARTESIAN_POINT('Ctrl Pts',(6.79938097160475,-3.53577172071732,9.24239817055551));
#11563=CARTESIAN_POINT('Ctrl Pts',(6.3018107729394,-3.20226389024783,9.47441896466284));
#11564=CARTESIAN_POINT('Ctrl Pts',(5.80119173886879,-2.87128394400609,9.7078614540681));
#11565=CARTESIAN_POINT('Ctrl Pts',(5.50778317464592,-2.69789830400568,9.84468011453348));
#11566=CARTESIAN_POINT('',(7.14764731531724,-2.8499,8.22957438359432));
#11567=CARTESIAN_POINT('',(7.09502078330674,-2.82511411569258,8.11671642149539));
#11568=CARTESIAN_POINT('Ctrl Pts',(7.14742402946972,-2.85018537610786,8.22950933092952));
#11569=CARTESIAN_POINT('Ctrl Pts',(7.13032615317912,-2.83877383976624,8.19261825241101));
#11570=CARTESIAN_POINT('Ctrl Pts',(7.11285179147414,-2.83032562168012,8.1549570814242));
#11571=CARTESIAN_POINT('Ctrl Pts',(7.09502009574616,-2.8251144251548,8.11671723871086));
#11572=CARTESIAN_POINT('',(5.7562693116447,-2.8499000000588,9.72880912590561));
#11573=CARTESIAN_POINT('Ctrl Pts',(7.14764731531724,-2.8499,8.22957438359432));
#11574=CARTESIAN_POINT('Ctrl Pts',(7.14802890460509,-2.8499,8.25931451827783));
#11575=CARTESIAN_POINT('Ctrl Pts',(7.1463228742823,-2.8499,8.28914934709559));
#11576=CARTESIAN_POINT('Ctrl Pts',(7.13055432327041,-2.8499,8.42127327025266));
#11577=CARTESIAN_POINT('Ctrl Pts',(7.09671033063035,-2.84989999999309,8.52154407635381));
#11578=CARTESIAN_POINT('Ctrl Pts',(6.98304194690971,-2.84989999999309,8.75730159776318));
#11579=CARTESIAN_POINT('Ctrl Pts',(6.87855476517339,-2.8499,8.90341127014685));
#11580=CARTESIAN_POINT('Ctrl Pts',(6.50894360804277,-2.8499,9.2910789593984));
#11581=CARTESIAN_POINT('Ctrl Pts',(6.17558694991504,-2.8499,9.53327809998069));
#11582=CARTESIAN_POINT('Ctrl Pts',(5.75626931155112,-2.8499,9.72880912594924));
#11583=CARTESIAN_POINT('',(5.50778317464597,-2.69789830400571,9.84468011453346));
#11584=CARTESIAN_POINT('Ctrl Pts',(5.75655146957501,-2.84935052121539,9.72867755350189));
#11585=CARTESIAN_POINT('Ctrl Pts',(5.67412537272092,-2.79782118258364,9.76711347369678));
#11586=CARTESIAN_POINT('Ctrl Pts',(5.59125129938859,-2.7472226114487,9.80575828875414));
#11587=CARTESIAN_POINT('Ctrl Pts',(5.50778317464592,-2.69789830400568,9.84468011453348));
#11588=CARTESIAN_POINT('',(5.61223290784347,-1.8499000000008,8.99403385025695));
#11589=CARTESIAN_POINT('Origin',(5.0851649129053,-2.69789830400571,8.93837232749679));
#11590=CARTESIAN_POINT('Ctrl Pts',(5.61223290784374,-1.8499000000006,8.99403385025728));
#11591=CARTESIAN_POINT('Ctrl Pts',(5.91521733111173,-2.023285640001,8.76653982597833));
#11592=CARTESIAN_POINT('Ctrl Pts',(6.39728157019161,-2.35205799218023,8.4848798098968));
#11593=CARTESIAN_POINT('Ctrl Pts',(6.88748121235213,-2.6833246197144,8.22387636984094));
#11594=CARTESIAN_POINT('Ctrl Pts',(7.0950206138693,-2.82511477913463,8.11671697118689));
#11595=CARTESIAN_POINT('Ctrl Pts',(5.6122329078428,-1.8499,8.99403385025714));
#11596=CARTESIAN_POINT('Ctrl Pts',(5.60052916223079,-1.8499,9.10485851740725));
#11597=CARTESIAN_POINT('Ctrl Pts',(5.56087186799075,-1.8499,9.32221940052202));
#11598=CARTESIAN_POINT('Ctrl Pts',(5.31578629356207,-1.8499,9.79301745620068));
#11599=CARTESIAN_POINT('Ctrl Pts',(5.01033317835657,-1.8499,10.0753662474607));
#11600=CARTESIAN_POINT('Ctrl Pts',(4.7591294763454,-1.8499,10.193773742878));
#11601=CARTESIAN_POINT('Ctrl Pts',(4.75679552952892,-1.8499,10.1948714046312));
#11602=CARTESIAN_POINT('Ctrl Pts',(4.75445544458561,-1.8499,10.195962604161));
#11603=CARTESIAN_POINT('Ctrl Pts',(5.67470357156526,-1.90184244746867,9.19382751987352));
#11604=CARTESIAN_POINT('Ctrl Pts',(5.64155914582876,-1.9132120012472,9.29056685278934));
#11605=CARTESIAN_POINT('Ctrl Pts',(5.55958608685706,-1.922544376428,9.47742748483711));
#11606=CARTESIAN_POINT('Ctrl Pts',(5.26924698917697,-1.90350767426603,9.86234457068688));
#11607=CARTESIAN_POINT('Ctrl Pts',(4.98184597363507,-1.8721824135627,10.089024637483));
#11608=CARTESIAN_POINT('Ctrl Pts',(4.75861200121646,-1.85030512977322,10.1940184814406));
#11609=CARTESIAN_POINT('Ctrl Pts',(4.75653552008693,-1.85010286092446,10.1949926490252));
#11610=CARTESIAN_POINT('Ctrl Pts',(4.75445544458561,-1.8499,10.195962604161));
#11611=CARTESIAN_POINT('Ctrl Pts',(5.72326250864212,-2.12812520771217,9.58472295059746));
#11612=CARTESIAN_POINT('Ctrl Pts',(5.64319519644651,-2.13082164264065,9.64757684798075));
#11613=CARTESIAN_POINT('Ctrl Pts',(5.4921831026572,-2.11261534501585,9.76195577524185));
#11614=CARTESIAN_POINT('Ctrl Pts',(5.16272331589017,-2.01140310615618,9.98292486700961));
#11615=CARTESIAN_POINT('Ctrl Pts',(4.92513270216051,-1.9164743372713,10.1162109858914));
#11616=CARTESIAN_POINT('Ctrl Pts',(4.75757425995634,-1.85111713073402,10.1945064095474));
#11617=CARTESIAN_POINT('Ctrl Pts',(4.75601550120294,-1.85050858277338,10.1952351378132));
#11618=CARTESIAN_POINT('Ctrl Pts',(4.75445544458561,-1.8499,10.195962604161));
#11619=CARTESIAN_POINT('Ctrl Pts',(5.60007035460967,-2.50776875731916,9.80164589576686));
#11620=CARTESIAN_POINT('Ctrl Pts',(5.48548098286291,-2.45897606288957,9.85475106101362));
#11621=CARTESIAN_POINT('Ctrl Pts',(5.31390658143486,-2.35366224646183,9.93477287132743));
#11622=CARTESIAN_POINT('Ctrl Pts',(5.03290361589726,-2.12157065346449,10.0656030434691));
#11623=CARTESIAN_POINT('Ctrl Pts',(4.86822663139163,-1.96089772474421,10.1428216225965));
#11624=CARTESIAN_POINT('Ctrl Pts',(4.75653549116623,-1.85192831238172,10.1949932232496));
#11625=CARTESIAN_POINT('Ctrl Pts',(4.75549548231896,-1.85091430462231,10.1954776266012));
#11626=CARTESIAN_POINT('Ctrl Pts',(4.75445544458561,-1.8499,10.195962604161));
#11627=CARTESIAN_POINT('Ctrl Pts',(5.50778317464597,-2.69789830400571,9.84468011453346));
#11628=CARTESIAN_POINT('Ctrl Pts',(5.38107528519698,-2.6230220693486,9.90376497373217));
#11629=CARTESIAN_POINT('Ctrl Pts',(5.20773812193521,-2.47403247595533,9.98459342040375));
#11630=CARTESIAN_POINT('Ctrl Pts',(4.96406437531043,-2.17643626052081,10.0982203545463));
#11631=CARTESIAN_POINT('Ctrl Pts',(4.83981062307443,-1.98307332201646,10.1561608307679));
#11632=CARTESIAN_POINT('Ctrl Pts',(4.75601531673977,-1.85233413161302,10.1952352238299));
#11633=CARTESIAN_POINT('Ctrl Pts',(4.75523547287697,-1.85111716554677,10.1955988709952));
#11634=CARTESIAN_POINT('Ctrl Pts',(4.75445544458561,-1.8499,10.195962604161));
#11635=CARTESIAN_POINT('',(4.75445544458563,-1.8499,10.1959626041611));
#11636=CARTESIAN_POINT('Ctrl Pts',(5.50778317464597,-2.69789830400571,9.84468011453346));
#11637=CARTESIAN_POINT('Ctrl Pts',(5.38107528519698,-2.6230220693486,9.90376497373217));
#11638=CARTESIAN_POINT('Ctrl Pts',(5.20773812193521,-2.47403247595533,9.98459342040375));
#11639=CARTESIAN_POINT('Ctrl Pts',(4.96406437531043,-2.17643626052081,10.0982203545463));
#11640=CARTESIAN_POINT('Ctrl Pts',(4.83981062307443,-1.98307332201646,10.1561608307679));
#11641=CARTESIAN_POINT('Ctrl Pts',(4.75601531673977,-1.85233413161302,10.1952352238299));
#11642=CARTESIAN_POINT('Ctrl Pts',(4.75523547287697,-1.85111716554677,10.1955988709952));
#11643=CARTESIAN_POINT('Ctrl Pts',(4.75445544458561,-1.8499,10.195962604161));
#11644=CARTESIAN_POINT('Origin',(4.12052805197461,-1.8499,8.83650092360604));
#11645=CARTESIAN_POINT('Ctrl Pts',(3.28235587629425,-1.84990000004185,10.0804733526076));
#11646=CARTESIAN_POINT('Ctrl Pts',(3.00568263416783,-1.97989429727317,10.1448529949505));
#11647=CARTESIAN_POINT('Ctrl Pts',(2.45302141537322,-2.30564499120351,10.3256291235158));
#11648=CARTESIAN_POINT('Ctrl Pts',(1.93871057097931,-2.63973267315916,10.5345723434957));
#11649=CARTESIAN_POINT('Ctrl Pts',(1.64695682524579,-2.83184031178273,10.6567009755703));
#11650=CARTESIAN_POINT('Ctrl Pts',(3.41137926117568,-1.90926279714547,10.2819364384703));
#11651=CARTESIAN_POINT('Ctrl Pts',(3.13795731123947,-2.02806079029966,10.3617542152828));
#11652=CARTESIAN_POINT('Ctrl Pts',(2.58503041671707,-2.33924167860493,10.5608039306045));
#11653=CARTESIAN_POINT('Ctrl Pts',(2.07026495780405,-2.66746589065152,10.7766407793312));
#11654=CARTESIAN_POINT('Ctrl Pts',(1.77814270528695,-2.85667516552432,10.902020333422));
#11655=CARTESIAN_POINT('Ctrl Pts',(3.68554674226895,-2.15425448945915,10.5594208509577));
#11656=CARTESIAN_POINT('Ctrl Pts',(3.43224185916865,-2.26808416044819,10.6644352770504));
#11657=CARTESIAN_POINT('Ctrl Pts',(2.89673228398775,-2.57173423265902,10.8975607255787));
#11658=CARTESIAN_POINT('Ctrl Pts',(2.38790720955193,-2.89605671018709,11.1280013539023));
#11659=CARTESIAN_POINT('Ctrl Pts',(2.09854530032707,-3.08381038438412,11.2597877884872));
#11660=CARTESIAN_POINT('Ctrl Pts',(3.92202441734097,-2.53493012117138,10.5841315670511));
#11661=CARTESIAN_POINT('Ctrl Pts',(3.69360536807693,-2.6601077883587,10.690724120735));
#11662=CARTESIAN_POINT('Ctrl Pts',(3.18234956202456,-2.97926262208998,10.9291449134556));
#11663=CARTESIAN_POINT('Ctrl Pts',(2.68258145070642,-3.31041992972005,11.1620660579716));
#11664=CARTESIAN_POINT('Ctrl Pts',(2.39726088358705,-3.50123075415062,11.2951404797159));
#11665=CARTESIAN_POINT('Ctrl Pts',(4.00112771445553,-2.69789830404694,10.5472450938212));
#11666=CARTESIAN_POINT('Ctrl Pts',(3.78114732792078,-2.82789260127826,10.6498236327063));
#11667=CARTESIAN_POINT('Ctrl Pts',(3.2775201455068,-3.1536432952086,10.8846688447209));
#11668=CARTESIAN_POINT('Ctrl Pts',(2.78058246295288,-3.48773097716425,11.1163946917216));
#11669=CARTESIAN_POINT('Ctrl Pts',(2.49645412307219,-3.67983861578782,11.2488859125068));
#11670=CARTESIAN_POINT('',(1.65717406108663,-2.8251141156925,10.6524259919395));
#11671=CARTESIAN_POINT('',(1.70980059309726,-2.8499,10.7652839540387));
#11672=CARTESIAN_POINT('Ctrl Pts',(1.65717358284197,-2.82511408351112,10.6524257225784));
#11673=CARTESIAN_POINT('Ctrl Pts',(1.67501472227445,-2.83032804078402,10.6906852383173));
#11674=CARTESIAN_POINT('Ctrl Pts',(1.69263325257109,-2.83877942426297,10.7282794274285));
#11675=CARTESIAN_POINT('Ctrl Pts',(1.7098943460689,-2.85018475324447,10.7650721256849));
#11676=CARTESIAN_POINT('',(3.2823558762887,-1.84990000005628,10.0804733525774));
#11677=CARTESIAN_POINT('Ctrl Pts',(1.6571737845927,-2.82511395070959,10.6524256381848));
#11678=CARTESIAN_POINT('Ctrl Pts',(1.9455729030664,-2.63527649663031,10.5317864079592));
#11679=CARTESIAN_POINT('Ctrl Pts',(2.45670751493899,-2.30347232293837,10.3244233960532));
#11680=CARTESIAN_POINT('Ctrl Pts',(3.00568263416783,-1.97989429727317,10.1448529949505));
#11681=CARTESIAN_POINT('Ctrl Pts',(3.28235587629425,-1.84990000004185,10.0804733526076));
#11682=CARTESIAN_POINT('',(4.00112771445222,-2.69789830404889,10.5472450938228));
#11683=CARTESIAN_POINT('Origin',(3.57850945271156,-2.69789830404889,9.64093730678611));
#11684=CARTESIAN_POINT('',(3.75264157761691,-2.84990000000203,10.6631160823744));
#11685=CARTESIAN_POINT('Ctrl Pts',(4.00112771445553,-2.69789830404694,10.5472450938212));
#11686=CARTESIAN_POINT('Ctrl Pts',(3.91769157296079,-2.74720371144329,10.5861520055671));
#11687=CARTESIAN_POINT('Ctrl Pts',(3.83485103628689,-2.79789206701615,10.6247811822238));
#11688=CARTESIAN_POINT('Ctrl Pts',(3.75244724067257,-2.84952238756008,10.6632067031798));
#11689=CARTESIAN_POINT('Ctrl Pts',(3.75264157762014,-2.8499,10.6631160823729));
#11690=CARTESIAN_POINT('Ctrl Pts',(3.49608396314838,-2.8499,10.7827508627591));
#11691=CARTESIAN_POINT('Ctrl Pts',(3.22398691847728,-2.8499,10.8771552007288));
#11692=CARTESIAN_POINT('Ctrl Pts',(2.670052069715,-2.8499,10.9882610178114));
#11693=CARTESIAN_POINT('Ctrl Pts',(2.41185069787617,-2.8499,10.9988363661753));
#11694=CARTESIAN_POINT('Ctrl Pts',(2.07436043011591,-2.8499,10.9466426948752));
#11695=CARTESIAN_POINT('Ctrl Pts',(1.95567429546471,-2.84990000008757,10.9136509556989));
#11696=CARTESIAN_POINT('Ctrl Pts',(1.80360204884923,-2.84990000008757,10.8349219417952));
#11697=CARTESIAN_POINT('Ctrl Pts',(1.75945176813342,-2.84990000000003,10.8065592255849));
#11698=CARTESIAN_POINT('Ctrl Pts',(1.7160625050886,-2.84990000000003,10.7706240091264));
#11699=CARTESIAN_POINT('Ctrl Pts',(1.71291763912317,-2.8499,10.7679683615142));
#11700=CARTESIAN_POINT('Ctrl Pts',(1.7098005930972,-2.8499,10.7652839540386));
#11701=CARTESIAN_POINT('Ctrl Pts',(4.75445544458561,-1.8499,10.195962604161));
#11702=CARTESIAN_POINT('Ctrl Pts',(4.75211535964305,-1.8499,10.1970538036905));
#11703=CARTESIAN_POINT('Ctrl Pts',(4.74979386177485,-1.8499,10.198120718441));
#11704=CARTESIAN_POINT('Ctrl Pts',(4.36820273625079,-1.84989999999999,10.3755969771854));
#11705=CARTESIAN_POINT('Ctrl Pts',(3.81678434250489,-1.8499,10.3464967489392));
#11706=CARTESIAN_POINT('Ctrl Pts',(3.44114072485241,-1.8499,10.1751472277017));
#11707=CARTESIAN_POINT('Ctrl Pts',(3.32856569787512,-1.8499,10.1116089193525));
#11708=CARTESIAN_POINT('Ctrl Pts',(3.28235587632925,-1.8499,10.0804733525505));
#11709=CARTESIAN_POINT('Ctrl Pts',(4.75445544458561,-1.8499,10.195962604161));
#11710=CARTESIAN_POINT('Ctrl Pts',(4.75316642447513,-1.85044363165597,10.1965344762551));
#11711=CARTESIAN_POINT('Ctrl Pts',(4.75033021687876,-1.85057993058124,10.1979071058976));
#11712=CARTESIAN_POINT('Ctrl Pts',(4.46250509672268,-1.91835499265475,10.3307158798649));
#11713=CARTESIAN_POINT('Ctrl Pts',(4.04450855602091,-1.99235544851992,10.4326261136222));
#11714=CARTESIAN_POINT('Ctrl Pts',(3.6718513498338,-1.98161937067003,10.4448583212897));
#11715=CARTESIAN_POINT('Ctrl Pts',(3.55943189995749,-1.96536708345412,10.4379598051883));
#11716=CARTESIAN_POINT('Ctrl Pts',(3.50814679986638,-1.95378489492459,10.4330337528313));
#11717=CARTESIAN_POINT('Ctrl Pts',(4.75445544458561,-1.8499,10.195962604161));
#11718=CARTESIAN_POINT('Ctrl Pts',(4.75309423990813,-1.85079268418954,10.1965973443265));
#11719=CARTESIAN_POINT('Ctrl Pts',(4.75191274278581,-1.85144700847247,10.1971482854827));
#11720=CARTESIAN_POINT('Ctrl Pts',(4.54214381238066,-1.9827985243969,10.294965144173));
#11721=CARTESIAN_POINT('Ctrl Pts',(4.27004013505659,-2.15090802840734,10.421849172722));
#11722=CARTESIAN_POINT('Ctrl Pts',(3.9748168195296,-2.274441651389,10.559514065618));
#11723=CARTESIAN_POINT('Ctrl Pts',(3.86744998212127,-2.30663179194521,10.6095800441335));
#11724=CARTESIAN_POINT('Ctrl Pts',(3.81655335453896,-2.3176392106458,10.6333135313494));
#11725=CARTESIAN_POINT('Ctrl Pts',(4.75445544458561,-1.8499,10.195962604161));
#11726=CARTESIAN_POINT('Ctrl Pts',(4.75367541629457,-1.85111716554636,10.1963263373267));
#11727=CARTESIAN_POINT('Ctrl Pts',(4.75289427469692,-1.85233548316757,10.1966905896359));
#11728=CARTESIAN_POINT('Ctrl Pts',(4.62789051912035,-2.04752451721103,10.2549807981587));
#11729=CARTESIAN_POINT('Ctrl Pts',(4.46013553760446,-2.30763452949351,10.3332062307339));
#11730=CARTESIAN_POINT('Ctrl Pts',(4.18523341496246,-2.57415873267357,10.4613951957647));
#11731=CARTESIAN_POINT('Ctrl Pts',(4.06448165918379,-2.66046018672199,10.5177026642201));
#11732=CARTESIAN_POINT('Ctrl Pts',(4.00112771445222,-2.69789830404889,10.5472450938228));
#11733=CARTESIAN_POINT('Origin',(4.12052805197461,-1.8499,8.83650092360604));
#11734=CARTESIAN_POINT('Ctrl Pts',(4.75445544458561,-1.8499,10.195962604161));
#11735=CARTESIAN_POINT('Ctrl Pts',(4.75367541629457,-1.85111716554636,10.1963263373267));
#11736=CARTESIAN_POINT('Ctrl Pts',(4.75289427469692,-1.85233548316757,10.1966905896359));
#11737=CARTESIAN_POINT('Ctrl Pts',(4.62789051912035,-2.04752451721103,10.2549807981587));
#11738=CARTESIAN_POINT('Ctrl Pts',(4.46013553760446,-2.30763452949351,10.3332062307339));
#11739=CARTESIAN_POINT('Ctrl Pts',(4.18523341496246,-2.57415873267357,10.4613951957647));
#11740=CARTESIAN_POINT('Ctrl Pts',(4.06448165918379,-2.66046018672199,10.5177026642201));
#11741=CARTESIAN_POINT('Ctrl Pts',(4.00112771445222,-2.69789830404889,10.5472450938228));
#11742=CARTESIAN_POINT('Origin',(7.47337880569579,-2.85,8.928107818939));
#11743=CARTESIAN_POINT('',(7.47337880569579,-2.8499,8.928107818939));
#11744=CARTESIAN_POINT('',(7.15641510939024,-2.8499,8.24837697866147));
#11745=CARTESIAN_POINT('',(6.58388204286273,-2.82511411569253,7.02057585527271));
#11746=CARTESIAN_POINT('Ctrl Pts',(7.09502078330674,-2.82511411569258,8.11671642149539));
#11747=CARTESIAN_POINT('Ctrl Pts',(6.83945141308473,-2.75042951583662,7.56864613838404));
#11748=CARTESIAN_POINT('Ctrl Pts',(6.58388204286273,-2.82511411569253,7.02057585527271));
#11749=CARTESIAN_POINT('',(6.53125551085215,-2.8499,6.90771789317358));
#11750=CARTESIAN_POINT('Ctrl Pts',(6.58388258235264,-2.82511412703728,7.02057609637336));
#11751=CARTESIAN_POINT('Ctrl Pts',(6.56604141798978,-2.83032806601312,6.9823165935983));
#11752=CARTESIAN_POINT('Ctrl Pts',(6.54842283996835,-2.83877931525645,6.94472224279692));
#11753=CARTESIAN_POINT('Ctrl Pts',(6.53116173001553,-2.85018446791327,6.90792924805051));
#11754=CARTESIAN_POINT('',(6.20552402047368,-2.8499,6.20918445782908));
#11755=CARTESIAN_POINT('',(6.52248771677918,-2.8499,6.88891529810651));
#11756=CARTESIAN_POINT('',(6.20552402047368,-2.85,6.20918445782908));
#11757=CARTESIAN_POINT('',(7.47337880569579,-2.85,8.928107818939));
#11758=CARTESIAN_POINT('Origin',(4.12052805197461,-2.3499,8.83650092360604));
#11759=CARTESIAN_POINT('',(4.95870022891398,-1.8499000008017,7.59252849476012));
#11760=CARTESIAN_POINT('Origin',(4.12052805197461,-1.8499,8.83650092360604));
#11761=CARTESIAN_POINT('Ctrl Pts',(6.5838823172817,-2.82511395255566,7.02057620725413));
#11762=CARTESIAN_POINT('Ctrl Pts',(6.29547591453301,-2.63527188406851,7.14121833617874));
#11763=CARTESIAN_POINT('Ctrl Pts',(5.78434530653838,-2.30348413366488,7.348568210267));
#11764=CARTESIAN_POINT('Ctrl Pts',(5.23541406118862,-1.97991336915562,7.52813940689947));
#11765=CARTESIAN_POINT('Ctrl Pts',(4.95870022883489,-1.84990000059615,7.59252849433003));
#11766=CARTESIAN_POINT('Origin',(4.12052805197461,-2.3499,8.83650092360604));
#11767=CARTESIAN_POINT('',(1.14603532064264,-2.8251141156925,9.55628542571674));
#11768=CARTESIAN_POINT('Ctrl Pts',(1.14603532064264,-2.8251141156925,9.55628542571674));
#11769=CARTESIAN_POINT('Ctrl Pts',(1.40160469086463,-2.75042951583655,10.1043557088281));
#11770=CARTESIAN_POINT('Ctrl Pts',(1.65717406108663,-2.8251141156925,10.6524259919395));
#11771=CARTESIAN_POINT('',(2.62882319531633,-1.84990000083011,8.67896799811311));
#11772=CARTESIAN_POINT('Ctrl Pts',(2.62882319502782,-1.84990000061728,8.67896799776412));
#11773=CARTESIAN_POINT('Ctrl Pts',(2.40144530269061,-1.98001910371794,8.84969331484186));
#11774=CARTESIAN_POINT('Ctrl Pts',(1.91179693191322,-2.30312521413334,9.15428809200475));
#11775=CARTESIAN_POINT('Ctrl Pts',(1.42367890262322,-2.63538017715139,9.41298167536592));
#11776=CARTESIAN_POINT('Ctrl Pts',(1.14603541328356,-2.82511396088875,9.55628584881551));
#11777=CARTESIAN_POINT('',(2.62052805197461,-1.8499,8.83650092360604));
#11778=CARTESIAN_POINT('Origin',(4.12052805197461,-1.8499,8.83650092360604));
#11779=CARTESIAN_POINT('Origin',(4.12052805197461,-1.8499,8.83650092360604));
#11780=CARTESIAN_POINT('Origin',(0.767677298253604,-2.85,8.7448940282731));
#11781=CARTESIAN_POINT('',(2.03553208347566,-2.8499,11.4638173893831));
#11782=CARTESIAN_POINT('',(1.71856838717016,-2.8499,10.7840865491056));
#11783=CARTESIAN_POINT('',(2.03553208347566,-2.85,11.4638173893831));
#11784=CARTESIAN_POINT('',(0.767677298253604,-2.8499,8.7448940282731));
#11785=CARTESIAN_POINT('',(0.767677298253605,-2.85,8.7448940282731));
#11786=CARTESIAN_POINT('',(1.09340878863201,-2.8499,9.44342746361751));
#11787=CARTESIAN_POINT('',(1.08464099455913,-2.8499,9.42462486855063));
#11788=CARTESIAN_POINT('Ctrl Pts',(1.09347111144391,-2.85003272760046,9.44336866493805));
#11789=CARTESIAN_POINT('Ctrl Pts',(1.11066425550594,-2.83871170040511,9.48033283440451));
#11790=CARTESIAN_POINT('Ctrl Pts',(1.12820363152048,-2.83032510636716,9.51804535444183));
#11791=CARTESIAN_POINT('Ctrl Pts',(1.14603530564973,-2.82511403444269,9.55628590437012));
#11792=CARTESIAN_POINT('Ctrl Pts',(4.95870022883489,-1.84990000059615,7.59252849433003));
#11793=CARTESIAN_POINT('Ctrl Pts',(5.23541406118862,-1.97991336915562,7.52813940689947));
#11794=CARTESIAN_POINT('Ctrl Pts',(5.78803101818919,-2.30565669816493,7.34736250799155));
#11795=CARTESIAN_POINT('Ctrl Pts',(6.30233802094205,-2.63972772680296,7.13843264826461));
#11796=CARTESIAN_POINT('Ctrl Pts',(6.59409927870356,-2.83184031178276,7.01630087164192));
#11797=CARTESIAN_POINT('Ctrl Pts',(4.82967684393912,-1.90926279765302,7.39106540840223));
#11798=CARTESIAN_POINT('Ctrl Pts',(5.10313890712396,-2.02807821955488,7.31123592161697));
#11799=CARTESIAN_POINT('Ctrl Pts',(5.65602288620135,-2.33925615946738,7.11219120492403));
#11800=CARTESIAN_POINT('Ctrl Pts',(6.17078362462905,-2.6674610189219,6.89636429613335));
#11801=CARTESIAN_POINT('Ctrl Pts',(6.4629133986624,-2.85667516552435,6.77098151379018));
#11802=CARTESIAN_POINT('Ctrl Pts',(4.55550816417151,-2.15424981324638,7.11357249880341));
#11803=CARTESIAN_POINT('Ctrl Pts',(4.80885020921688,-2.26809618409263,7.00854266620177));
#11804=CARTESIAN_POINT('Ctrl Pts',(5.34432535846022,-2.57174219965429,6.77542703252923));
#11805=CARTESIAN_POINT('Ctrl Pts',(5.85314064858301,-2.89604373151216,6.54499037171694));
#11806=CARTESIAN_POINT('Ctrl Pts',(6.14251000825124,-3.08380223996026,6.41320054391632));
#11807=CARTESIAN_POINT('Ctrl Pts',(4.3190316875826,-2.534930121705,7.08887027970679));
#11808=CARTESIAN_POINT('Ctrl Pts',(4.54748424787415,-2.660126153585,6.98226208798393));
#11809=CARTESIAN_POINT('Ctrl Pts',(5.05871477016611,-2.97927494948463,6.74385343002504));
#11810=CARTESIAN_POINT('Ctrl Pts',(5.55846730685536,-3.310415016754,6.51093921561916));
#11811=CARTESIAN_POINT('Ctrl Pts',(5.84379522036229,-3.50123075415064,6.37786136749622));
#11812=CARTESIAN_POINT('Ctrl Pts',(4.23992839043181,-2.69789830460124,7.12575675295351));
#11813=CARTESIAN_POINT('Ctrl Pts',(4.45994104998747,-2.82791167316071,7.02316316491166));
#11814=CARTESIAN_POINT('Ctrl Pts',(4.9635459616717,-3.15365500217002,6.78832833790886));
#11815=CARTESIAN_POINT('Ctrl Pts',(5.46046632530617,-3.48772603080804,6.55661056685297));
#11816=CARTESIAN_POINT('Ctrl Pts',(5.74460198087715,-3.67983861578785,6.42411593470534));
#11817=CARTESIAN_POINT('',(4.23992839047895,-2.6978983046291,7.12575675293153));
#11818=CARTESIAN_POINT('Origin',(4.66254665221962,-2.6978983046291,8.03206453996819));
#11819=CARTESIAN_POINT('',(4.48841452633312,-2.84990000000248,7.0098857648374));
#11820=CARTESIAN_POINT('Ctrl Pts',(4.23992839043181,-2.69789830460124,7.12575675295351));
#11821=CARTESIAN_POINT('Ctrl Pts',(4.3233696733356,-2.74720675025684,7.0868474437292));
#11822=CARTESIAN_POINT('Ctrl Pts',(4.40620943789135,-2.79789471165018,7.0482186271171));
#11823=CARTESIAN_POINT('Ctrl Pts',(4.48860883811056,-2.84952243758803,7.0097951557675));
#11824=CARTESIAN_POINT('Ctrl Pts',(4.48841452632917,-2.8499,7.00988576483924));
#11825=CARTESIAN_POINT('Ctrl Pts',(4.74462075096146,-2.8499,6.89041484022623));
#11826=CARTESIAN_POINT('Ctrl Pts',(5.01631454698725,-2.8499,6.79610963905444));
#11827=CARTESIAN_POINT('Ctrl Pts',(5.56957093608492,-2.8499,6.68491562414696));
#11828=CARTESIAN_POINT('Ctrl Pts',(5.82756580607473,-2.8499,6.67417374921465));
#11829=CARTESIAN_POINT('Ctrl Pts',(6.16533366258491,-2.8499,6.7260088634441));
#11830=CARTESIAN_POINT('Ctrl Pts',(6.28439097016026,-2.84990000010776,6.75895777890683));
#11831=CARTESIAN_POINT('Ctrl Pts',(6.43693167839212,-2.84990000010776,6.83775739574886));
#11832=CARTESIAN_POINT('Ctrl Pts',(6.48121781443201,-2.84990000000004,6.86615895681913));
#11833=CARTESIAN_POINT('Ctrl Pts',(6.52481744929079,-2.84990000000004,6.90222913157971));
#11834=CARTESIAN_POINT('Ctrl Pts',(6.52805117765152,-2.8499,6.90495831377495));
#11835=CARTESIAN_POINT('Ctrl Pts',(6.53125551085222,-2.8499,6.90771789317365));
#11836=CARTESIAN_POINT('Ctrl Pts',(3.48660065936361,-1.8499,7.47703924305104));
#11837=CARTESIAN_POINT('Ctrl Pts',(3.48894074415889,-1.8499,7.47594804359027));
#11838=CARTESIAN_POINT('Ctrl Pts',(3.49126220882749,-1.8499,7.47488115785047));
#11839=CARTESIAN_POINT('Ctrl Pts',(3.8728612650046,-1.8499,7.29739797097152));
#11840=CARTESIAN_POINT('Ctrl Pts',(4.42429105912019,-1.8499,7.32648896107842));
#11841=CARTESIAN_POINT('Ctrl Pts',(4.79992100985935,-1.8499,7.49784977410472));
#11842=CARTESIAN_POINT('Ctrl Pts',(4.91249040683032,-1.8499,7.56139292833041));
#11843=CARTESIAN_POINT('Ctrl Pts',(4.95870022833628,-1.8499,7.59252849514424));
#11844=CARTESIAN_POINT('Ctrl Pts',(3.48660065936361,-1.8499,7.47703924305104));
#11845=CARTESIAN_POINT('Ctrl Pts',(3.48788967932156,-1.85044363167655,7.47646737102826));
#11846=CARTESIAN_POINT('Ctrl Pts',(3.49072585371381,-1.85057993057972,7.47509477039815));
#11847=CARTESIAN_POINT('Ctrl Pts',(3.77855890442293,-1.91835499272937,7.34227906834351));
#11848=CARTESIAN_POINT('Ctrl Pts',(4.19656684541292,-1.99235544863347,7.24035959610232));
#11849=CARTESIAN_POINT('Ctrl Pts',(4.56921038490068,-1.98161937060323,7.22813868008877));
#11850=CARTESIAN_POINT('Ctrl Pts',(4.68162420477855,-1.96536708331844,7.23504204208863));
#11851=CARTESIAN_POINT('Ctrl Pts',(4.73290930484508,-1.95378489475332,7.2399680944698));
#11852=CARTESIAN_POINT('Ctrl Pts',(3.48660065936361,-1.8499,7.47703924305104));
#11853=CARTESIAN_POINT('Ctrl Pts',(3.48796186404648,-1.85079268411353,7.4764045028831));
#11854=CARTESIAN_POINT('Ctrl Pts',(3.48914336314976,-1.85144701051601,7.47585356080321));
#11855=CARTESIAN_POINT('Ctrl Pts',(3.69891181818039,-1.98279802407451,7.37803692378222));
#11856=CARTESIAN_POINT('Ctrl Pts',(3.97101438676774,-2.15090624176617,7.25115341224725));
#11857=CARTESIAN_POINT('Ctrl Pts',(4.26623884840938,-2.2744411507936,7.1134879849088));
#11858=CARTESIAN_POINT('Ctrl Pts',(4.37360612259726,-2.30663179215932,7.06342180271997));
#11859=CARTESIAN_POINT('Ctrl Pts',(4.42450275020226,-2.31763921082285,7.0396883154935));
#11860=CARTESIAN_POINT('Ctrl Pts',(3.48660065936361,-1.8499,7.47703924305104));
#11861=CARTESIAN_POINT('Ctrl Pts',(3.48738068765668,-1.85111716548969,7.4766755098844));
#11862=CARTESIAN_POINT('Ctrl Pts',(3.48816183122713,-1.85233548521078,7.47631125665545));
#11863=CARTESIAN_POINT('Ctrl Pts',(3.6131651113654,-2.04752401694463,7.41802126983162));
#11864=CARTESIAN_POINT('Ctrl Pts',(3.78091898403427,-2.30763274302887,7.33979635432191));
#11865=CARTESIAN_POINT('Ctrl Pts',(4.05582225298545,-2.5741582324396,7.21160685475787));
#11866=CARTESIAN_POINT('Ctrl Pts',(4.17657444565624,-2.66046018732655,7.15529918257668));
#11867=CARTESIAN_POINT('Ctrl Pts',(4.23992839047895,-2.6978983046291,7.12575675293153));
#11868=CARTESIAN_POINT('',(3.48660065936364,-1.8499,7.47703924305109));
#11869=CARTESIAN_POINT('Origin',(4.12052805197461,-1.8499,8.83650092360604));
#11870=CARTESIAN_POINT('Ctrl Pts',(3.48660065936361,-1.8499,7.47703924305104));
#11871=CARTESIAN_POINT('Ctrl Pts',(3.48738068765668,-1.85111716548969,7.4766755098844));
#11872=CARTESIAN_POINT('Ctrl Pts',(3.48816183122713,-1.85233548521078,7.47631125665545));
#11873=CARTESIAN_POINT('Ctrl Pts',(3.6131651113654,-2.04752401694463,7.41802126983162));
#11874=CARTESIAN_POINT('Ctrl Pts',(3.78091898403427,-2.30763274302887,7.33979635432191));
#11875=CARTESIAN_POINT('Ctrl Pts',(4.05582225298545,-2.5741582324396,7.21160685475787));
#11876=CARTESIAN_POINT('Ctrl Pts',(4.17657444565624,-2.66046018732655,7.15529918257668));
#11877=CARTESIAN_POINT('Ctrl Pts',(4.23992839047895,-2.6978983046291,7.12575675293153));
#11878=CARTESIAN_POINT('Ctrl Pts',(2.73327292825971,-2.69789830462237,7.82832173316535));
#11879=CARTESIAN_POINT('Ctrl Pts',(2.51308134143287,-2.82801740772303,7.93099875636399));
#11880=CARTESIAN_POINT('Ctrl Pts',(2.01021979742597,-3.1532942424094,8.16548694532603));
#11881=CARTESIAN_POINT('Ctrl Pts',(1.5125615927973,-3.48784327213775,8.39754877728803));
#11882=CARTESIAN_POINT('Ctrl Pts',(1.22859933785019,-3.6798386157878,8.52996255139681));
#11883=CARTESIAN_POINT('Ctrl Pts',(2.62780186539016,-2.48060739409299,7.87750369749516));
#11884=CARTESIAN_POINT('Ctrl Pts',(2.39609757590431,-2.60415843827507,7.98524339360287));
#11885=CARTESIAN_POINT('Ctrl Pts',(1.88304534087696,-2.92062838497434,8.22443348119496));
#11886=CARTESIAN_POINT('Ctrl Pts',(1.38197049996193,-3.25147447345264,8.45853500721641));
#11887=CARTESIAN_POINT('Ctrl Pts',(1.09634168520334,-3.44169480027153,8.59163530767564));
#11888=CARTESIAN_POINT('Ctrl Pts',(2.5146517584697,-2.10213572928014,8.11447679258523));
#11889=CARTESIAN_POINT('Ctrl Pts',(2.27056410109811,-2.2149013746316,8.24650735197407));
#11890=CARTESIAN_POINT('Ctrl Pts',(1.74900222537553,-2.51664298556426,8.51276481505547));
#11891=CARTESIAN_POINT('Ctrl Pts',(1.24499117149703,-2.84081811976057,8.75730886368335));
#11892=CARTESIAN_POINT('Ctrl Pts',(0.958375144923694,-3.02817742737107,
8.89535084256546));
#11893=CARTESIAN_POINT('Ctrl Pts',(2.57527691180334,-1.8944220984086,8.50771628090605));
#11894=CARTESIAN_POINT('Ctrl Pts',(2.34071876838398,-2.01625195958528,8.66919709989645));
#11895=CARTESIAN_POINT('Ctrl Pts',(1.83719653445858,-2.33064837756976,8.96721277927232));
#11896=CARTESIAN_POINT('Ctrl Pts',(1.34142633624,-2.66060491534911,9.22415591329977));
#11897=CARTESIAN_POINT('Ctrl Pts',(1.05849232612247,-2.85046645208891,9.36772753239872));
#11898=CARTESIAN_POINT('Ctrl Pts',(2.62882319502782,-1.84990000061728,8.67896799776412));
#11899=CARTESIAN_POINT('Ctrl Pts',(2.40144530269061,-1.98001910371794,8.84969331484186));
#11900=CARTESIAN_POINT('Ctrl Pts',(1.90850732652222,-2.30529593840431,9.15633445155749));
#11901=CARTESIAN_POINT('Ctrl Pts',(1.41712032350511,-2.63984496813267,9.41645556657495));
#11902=CARTESIAN_POINT('Ctrl Pts',(1.13619298058413,-2.83184031178272,9.56136437594715));
#11903=CARTESIAN_POINT('',(2.48478678046029,-2.84990000750078,7.94419272682964));
#11904=CARTESIAN_POINT('Ctrl Pts',(1.09340878863201,-2.8499,9.44342746361751));
#11905=CARTESIAN_POINT('Ctrl Pts',(1.09302728710788,-2.8499,9.41369416902201));
#11906=CARTESIAN_POINT('Ctrl Pts',(1.09473244473241,-2.8499,9.38386621343492));
#11907=CARTESIAN_POINT('Ctrl Pts',(1.11049294539459,-2.8499,9.25177806717996));
#11908=CARTESIAN_POINT('Ctrl Pts',(1.14431895953676,-2.84989999999132,9.15153491595758));
#11909=CARTESIAN_POINT('Ctrl Pts',(1.25791196334095,-2.84989999999132,8.91587925695741));
#11910=CARTESIAN_POINT('Ctrl Pts',(1.36230793202311,-2.8499,8.76984954589113));
#11911=CARTESIAN_POINT('Ctrl Pts',(1.73182440209071,-2.8499,8.38212888598064));
#11912=CARTESIAN_POINT('Ctrl Pts',(2.06529599477397,-2.8499,8.13980449436785));
#11913=CARTESIAN_POINT('Ctrl Pts',(2.48478678046029,-2.8499,7.94419272682964));
#11914=CARTESIAN_POINT('',(2.7332729282109,-2.69789830465121,7.82832173318811));
#11915=CARTESIAN_POINT('Ctrl Pts',(2.48459060303628,-2.84951881167994,7.94428420586482));
#11916=CARTESIAN_POINT('Ctrl Pts',(2.56694716633944,-2.79791905078271,7.90588070969723));
#11917=CARTESIAN_POINT('Ctrl Pts',(2.64977358702855,-2.74724105902578,7.86725811543233));
#11918=CARTESIAN_POINT('Ctrl Pts',(2.73327292825971,-2.69789830462237,7.82832173316535));
#11919=CARTESIAN_POINT('Origin',(3.15589118995157,-2.69789830465121,8.73462952022477));
#11920=CARTESIAN_POINT('Ctrl Pts',(2.6288231960055,-1.8499,8.67896799791053));
#11921=CARTESIAN_POINT('Ctrl Pts',(2.64637881430788,-1.8499,8.51273099726084));
#11922=CARTESIAN_POINT('Ctrl Pts',(2.71076843055055,-1.8499,8.1693114279458));
#11923=CARTESIAN_POINT('Ctrl Pts',(3.12431318256591,-1.8499,7.68837119094009));
#11924=CARTESIAN_POINT('Ctrl Pts',(3.35540999230893,-1.84989999999999,7.53900494966162));
#11925=CARTESIAN_POINT('Ctrl Pts',(3.48192335318878,-1.8499,7.47922773431015));
#11926=CARTESIAN_POINT('Ctrl Pts',(3.48426057456752,-1.8499,7.47813044251219));
#11927=CARTESIAN_POINT('Ctrl Pts',(3.48660065936361,-1.8499,7.47703924305104));
#11928=CARTESIAN_POINT('Ctrl Pts',(2.56635253209889,-1.9018424473734,8.47917432817298));
#11929=CARTESIAN_POINT('Ctrl Pts',(2.61606917057409,-1.91889677809878,8.33406532885088));
#11930=CARTESIAN_POINT('Ctrl Pts',(2.74785099785339,-1.92411561248599,8.04423957378908));
#11931=CARTESIAN_POINT('Ctrl Pts',(3.16100425585593,-1.88254063064395,7.65736162240273));
#11932=CARTESIAN_POINT('Ctrl Pts',(3.36992945639812,-1.86131281403012,7.5319779199576));
#11933=CARTESIAN_POINT('Ctrl Pts',(3.48244229866718,-1.85030554368258,7.47898319503381));
#11934=CARTESIAN_POINT('Ctrl Pts',(3.48452058398462,-1.85010286091503,7.4780091981298));
#11935=CARTESIAN_POINT('Ctrl Pts',(3.48660065936361,-1.8499,7.47703924305104));
#11936=CARTESIAN_POINT('Ctrl Pts',(2.51775911709005,-2.12809442185328,8.08824397370408));
#11937=CARTESIAN_POINT('Ctrl Pts',(2.63786008535018,-2.13213907437028,7.99396312763017));
#11938=CARTESIAN_POINT('Ctrl Pts',(2.86244635306995,-2.08881957173848,7.82443496199355));
#11939=CARTESIAN_POINT('Ctrl Pts',(3.23627777034759,-1.94785873372341,7.60077453159487));
#11940=CARTESIAN_POINT('Ctrl Pts',(3.39898418067417,-1.88409095684297,7.51801438411545));
#11941=CARTESIAN_POINT('Ctrl Pts',(3.48348106228835,-1.85111722220609,7.47849533209696));
#11942=CARTESIAN_POINT('Ctrl Pts',(3.48504060281883,-1.85050858274508,7.47776670936502));
#11943=CARTESIAN_POINT('Ctrl Pts',(3.48660065936361,-1.8499,7.47703924305104));
#11944=CARTESIAN_POINT('Ctrl Pts',(2.64098574835287,-2.50776875774041,7.87135595190543));
#11945=CARTESIAN_POINT('Ctrl Pts',(2.81286980616739,-2.43457971619215,7.79169820394545));
#11946=CARTESIAN_POINT('Ctrl Pts',(3.04129790482061,-2.27085623215134,7.68491288893295));
#11947=CARTESIAN_POINT('Ctrl Pts',(3.31748051551321,-2.01452111154888,7.5561273764013));
#11948=CARTESIAN_POINT('Ctrl Pts',(3.42817162767235,-1.90689537527267,7.50430241255461));
#11949=CARTESIAN_POINT('Ctrl Pts',(3.48452040002455,-1.8519286253086,7.47800907813269));
#11950=CARTESIAN_POINT('Ctrl Pts',(3.48556062165304,-1.85091430457514,7.47752422060025));
#11951=CARTESIAN_POINT('Ctrl Pts',(3.48660065936361,-1.8499,7.47703924305104));
#11952=CARTESIAN_POINT('Ctrl Pts',(2.7332729282109,-2.69789830465121,7.82832173318811));
#11953=CARTESIAN_POINT('Ctrl Pts',(2.92333476268989,-2.5855839527461,7.73969444424757));
#11954=CARTESIAN_POINT('Ctrl Pts',(3.14131989767708,-2.36175301389153,7.63804630643885));
#11955=CARTESIAN_POINT('Ctrl Pts',(3.35925628601001,-2.04776093277955,7.53642089956871));
#11956=CARTESIAN_POINT('Ctrl Pts',(3.44277454926836,-1.91829021618047,7.49747569381526));
#11957=CARTESIAN_POINT('Ctrl Pts',(3.48504049857071,-1.8523344148365,7.47776675797679));
#11958=CARTESIAN_POINT('Ctrl Pts',(3.48582063107015,-1.85111716549016,7.47740297621786));
#11959=CARTESIAN_POINT('Ctrl Pts',(3.48660065936361,-1.8499,7.47703924305104));
#11960=CARTESIAN_POINT('Ctrl Pts',(2.7332729282109,-2.69789830465121,7.82832173318811));
#11961=CARTESIAN_POINT('Ctrl Pts',(2.92333476268989,-2.5855839527461,7.73969444424757));
#11962=CARTESIAN_POINT('Ctrl Pts',(3.14131989767708,-2.36175301389153,7.63804630643885));
#11963=CARTESIAN_POINT('Ctrl Pts',(3.35925628601001,-2.04776093277955,7.53642089956871));
#11964=CARTESIAN_POINT('Ctrl Pts',(3.44277454926836,-1.91829021618047,7.49747569381526));
#11965=CARTESIAN_POINT('Ctrl Pts',(3.48504049857071,-1.8523344148365,7.47776675797679));
#11966=CARTESIAN_POINT('Ctrl Pts',(3.48582063107015,-1.85111716549016,7.47740297621786));
#11967=CARTESIAN_POINT('Ctrl Pts',(3.48660065936361,-1.8499,7.47703924305104));
#11968=CARTESIAN_POINT('Origin',(4.12052805197461,-1.8499,8.83650092360604));
#11969=CARTESIAN_POINT('Origin',(6.20552402047368,-2.85,6.20918445782908));
#11970=CARTESIAN_POINT('',(4.84606233991869,-2.8499,6.84311185044007));
#11971=CARTESIAN_POINT('',(2.12713897880865,-2.8499,8.11096663566208));
#11972=CARTESIAN_POINT('Origin',(4.1205280519747,-2.8499,8.83650092360608));
#11973=CARTESIAN_POINT('Origin',(4.12052805197461,-2.85,8.83650092360604));
#11974=CARTESIAN_POINT('',(2.62052805197461,-1.5,8.83650092360604));
#11975=CARTESIAN_POINT('',(2.62052805197461,-2.85,8.83650092360604));
#11976=CARTESIAN_POINT('',(2.97761698843007,-1.5,9.80797109856124));
#11977=CARTESIAN_POINT('Origin',(4.12052805197461,-1.5,8.83650092360604));
#11978=CARTESIAN_POINT('',(2.97761698843007,5.65695492494736E-18,9.80797109856124));
#11979=CARTESIAN_POINT('',(2.97761698843007,-2.85,9.80797109856124));
#11980=CARTESIAN_POINT('',(5.5993664517748,5.65695492494736E-18,8.58542924603883));
#11981=CARTESIAN_POINT('Origin',(4.12052805197461,0.,8.83650092360604));
#11982=CARTESIAN_POINT('',(5.5993664517748,-1.5,8.58542924603883));
#11983=CARTESIAN_POINT('',(5.5993664517748,-2.85,8.58542924603883));
#11984=CARTESIAN_POINT('',(4.68551393758821,-1.5,7.44697188502591));
#11985=CARTESIAN_POINT('Origin',(4.12052805197461,-1.5,8.83650092360604));
#11986=CARTESIAN_POINT('',(4.68551393758821,0.,7.44697188502591));
#11987=CARTESIAN_POINT('',(4.68551393758821,-0.5,7.44697188502591));
#11988=CARTESIAN_POINT('',(2.69292112649736,0.,8.37613317242294));
#11989=CARTESIAN_POINT('Origin',(4.12052805197461,0.,8.83650092360604));
#11990=CARTESIAN_POINT('',(2.69292112649736,-1.5,8.37613317242294));
#11991=CARTESIAN_POINT('',(2.69292112649736,-0.5,8.37613317242294));
#11992=CARTESIAN_POINT('Origin',(4.12052805197461,-1.5,8.83650092360604));
#11993=CARTESIAN_POINT('Origin',(4.1205280519747,-2.8499,8.83650092360608));
#11994=CARTESIAN_POINT('Origin',(5.10273419285782,-0.5,7.43470551600218));
#11995=CARTESIAN_POINT('',(5.51995444812743,-1.01053651796058,7.42243914697845));
#11996=CARTESIAN_POINT('',(5.51995444812743,-1.38777878078145E-16,7.42243914697845));
#11997=CARTESIAN_POINT('',(5.51995444812743,-0.5,7.42243914697845));
#11998=CARTESIAN_POINT('',(2.60218154908519,-1.73472347597681E-16,7.50822232422126));
#11999=CARTESIAN_POINT('Ctrl Pts',(4.68551393758821,-1.5,7.44697188502591));
#12000=CARTESIAN_POINT('Ctrl Pts',(4.95094862729479,-1.39279299022746,7.43916804565206));
#12001=CARTESIAN_POINT('Ctrl Pts',(5.22764755346383,-1.22225906367252,7.43103303520137));
#12002=CARTESIAN_POINT('Ctrl Pts',(5.51995444812743,-1.01053651796058,7.42243914697845));
#12003=CARTESIAN_POINT('Origin',(4.12052805197461,-1.25,8.83650092360604));
#12004=CARTESIAN_POINT('Ctrl Pts',(6.04160048825481,-1.00000000000001,8.28019103283971));
#12005=CARTESIAN_POINT('Ctrl Pts',(5.89694836273916,-1.16830138832645,8.38573574173307));
#12006=CARTESIAN_POINT('Ctrl Pts',(5.74974006998772,-1.33533227956638,8.48735645679048));
#12007=CARTESIAN_POINT('Ctrl Pts',(5.5993664517748,-1.5,8.58542924603883));
#12008=CARTESIAN_POINT('Ctrl Pts',(5.52850180274036,-0.999999999994932,
7.41607496032076));
#12009=CARTESIAN_POINT('Ctrl Pts',(5.52565340008284,-1.00351331444519,7.41819837456769));
#12010=CARTESIAN_POINT('Ctrl Pts',(5.52280421238129,-1.00702557474089,7.4203198208974));
#12011=CARTESIAN_POINT('Ctrl Pts',(5.51995444813207,-1.01053651795486,7.422439146975));
#12012=CARTESIAN_POINT('Origin',(-1.38777878078145E-16,-0.5,5.55111512312578E-16));
#12013=CARTESIAN_POINT('',(2.13775993764689,-1.01053651796058,8.99958234858662));
#12014=CARTESIAN_POINT('Ctrl Pts',(2.13775993764689,-1.01053651796058,8.99958234858663));
#12015=CARTESIAN_POINT('Ctrl Pts',(2.1343046480758,-1.00702557631521,9.00040311774368));
#12016=CARTESIAN_POINT('Ctrl Pts',(2.13084810044164,-1.00351331306294,9.00122208342401));
#12017=CARTESIAN_POINT('Ctrl Pts',(2.12739055418699,-0.999999999999999,
9.00203918176076));
#12018=CARTESIAN_POINT('',(2.13775993764689,-1.38777878078145E-16,8.99958234858663));
#12019=CARTESIAN_POINT('',(2.13775993764689,-0.5,8.99958234858662));
#12020=CARTESIAN_POINT('Origin',(-1.38777878078145E-16,-1.38777878078145E-16,
5.55111512312578E-16));
#12021=CARTESIAN_POINT('Origin',(4.12052805197461,-1.25,8.83650092360604));
#12022=CARTESIAN_POINT('Ctrl Pts',(2.97761698843009,-1.50000000000002,9.80797109856124));
#12023=CARTESIAN_POINT('Ctrl Pts',(2.86076690130721,-1.38799208826038,9.84344579572543));
#12024=CARTESIAN_POINT('Ctrl Pts',(2.74341576736885,-1.27466757466191,9.87679567035801));
#12025=CARTESIAN_POINT('Ctrl Pts',(2.57022096903892,-1.1071602354896,9.92268686475192));
#12026=CARTESIAN_POINT('Ctrl Pts',(2.51495606948428,-1.05366403488104,9.93683832493005));
#12027=CARTESIAN_POINT('Ctrl Pts',(2.4595283921504,-1.,9.95053868331791));
#12028=CARTESIAN_POINT('Ctrl Pts',(2.69292112649736,-1.5,8.37613317242294));
#12029=CARTESIAN_POINT('Ctrl Pts',(2.51632490898578,-1.39279299022746,8.57445173022629));
#12030=CARTESIAN_POINT('Ctrl Pts',(2.33223448808041,-1.22225906367252,8.78118632111281));
#12031=CARTESIAN_POINT('Ctrl Pts',(2.13775993764689,-1.01053651796058,8.99958234858662));
#12032=CARTESIAN_POINT('Origin',(2.41534053207212,-0.5,8.68785776050478));
#12033=CARTESIAN_POINT('',(3.01432435682507,-1.38777878078145E-16,8.01519551469677));
#12034=CARTESIAN_POINT('Origin',(2.03553208347566,-2.85,11.4638173893831));
#12035=CARTESIAN_POINT('',(6.11391712514074,-2.8499,9.56203521155003));
#12036=CARTESIAN_POINT('',(3.39499376403067,-2.8499,10.8298899967721));
#12037=CARTESIAN_POINT('Origin',(4.1205280519747,-2.8499,8.83650092360608));
#12038=CARTESIAN_POINT('Origin',(4.1205280519747,-2.8499,8.83650092360608));
#12039=CARTESIAN_POINT('Origin',(0.,-0.5,0.));
#12040=CARTESIAN_POINT('Origin',(0.,-1.38777878078145E-16,0.));
#12041=CARTESIAN_POINT('Origin',(0.,-0.5,0.));
#12042=CARTESIAN_POINT('',(7.85195554197189,-1.38777878078145E-16,6.5885729992842));
#12043=CARTESIAN_POINT('Origin',(0.,-1.38777878078145E-16,0.));
#12044=CARTESIAN_POINT('',(7.85195554197189,-0.5,6.5885729992842));
#12045=CARTESIAN_POINT('Origin',(4.44089209850063E-15,-1.38777878078145E-16,
4.12499999999999));
#12046=CARTESIAN_POINT('Origin',(10.,-1.38777878078145E-16,8.39099631176668));
#12047=CARTESIAN_POINT('Origin',(10.,-0.5,8.39099631176668));
#12048=CARTESIAN_POINT('Origin',(0.,5.4,0.));
#12049=CARTESIAN_POINT('',(-3.,5.4,-3.67394039744206E-16));
#12050=CARTESIAN_POINT('',(-3.67394039744206E-16,5.4,-3.));
#12051=CARTESIAN_POINT('Origin',(0.,5.4,0.));
#12052=CARTESIAN_POINT('',(-3.,5.4,-3.67394039744206E-16));
#12053=CARTESIAN_POINT('Origin',(0.,5.4,0.));
#12054=CARTESIAN_POINT('Ctrl Pts',(-3.44651314174661,5.125,-0.00279797993133801));
#12055=CARTESIAN_POINT('Ctrl Pts',(-3.44734725324309,5.125,1.02464907289453));
#12056=CARTESIAN_POINT('Ctrl Pts',(-2.4654107030436,5.125,3.07725273798481));
#12057=CARTESIAN_POINT('Ctrl Pts',(0.878392266447338,5.125,3.84947753858516));
#12058=CARTESIAN_POINT('Ctrl Pts',(3.55543139927805,5.125,1.7102800291662));
#12059=CARTESIAN_POINT('Ctrl Pts',(3.55433163553532,5.125,-1.7032265037393));
#12060=CARTESIAN_POINT('Ctrl Pts',(0.886145264682194,5.125,-3.84908874467826));
#12061=CARTESIAN_POINT('Ctrl Pts',(-2.4574710991249,5.125,-3.08583498357734));
#12062=CARTESIAN_POINT('Ctrl Pts',(-3.44567903025012,5.125,-1.0302450327572));
#12063=CARTESIAN_POINT('Ctrl Pts',(-3.44651314174661,5.125,-0.00279797993133823));
#12064=CARTESIAN_POINT('Ctrl Pts',(-3.49382873991516,5.03110179070139,-0.00283639211451273));
#12065=CARTESIAN_POINT('Ctrl Pts',(-3.49467422741304,5.03110179070139,1.03862346255096));
#12066=CARTESIAN_POINT('Ctrl Pts',(-2.49919355506775,5.03110179070139,3.11950302959327));
#12067=CARTESIAN_POINT('Ctrl Pts',(0.89044873499409,5.03110179070139,3.9022455555161));
#12068=CARTESIAN_POINT('Ctrl Pts',(3.60415628164206,5.03110179070139,1.73373901708067));
#12069=CARTESIAN_POINT('Ctrl Pts',(3.60311191600486,5.03110179070139,-1.72660085266556));
#12070=CARTESIAN_POINT('Ctrl Pts',(0.898272525298446,5.03110179070139,-3.90180245360282));
#12071=CARTESIAN_POINT('Ctrl Pts',(-2.49114624484682,5.03110179070139,-3.12822761466101));
#12072=CARTESIAN_POINT('Ctrl Pts',(-3.49298325241727,5.03110179070139,-1.04429624677998));
#12073=CARTESIAN_POINT('Ctrl Pts',(-3.49382873991516,5.03110179070139,-0.00283639211451298));
#12074=CARTESIAN_POINT('Ctrl Pts',(-3.63003287582976,4.89419329050911,-0.00294696660623252));
#12075=CARTESIAN_POINT('Ctrl Pts',(-3.63091142992732,4.89419329050911,1.07924387010058));
#12076=CARTESIAN_POINT('Ctrl Pts',(-2.59671236629138,4.8941932905091,3.24110859379822));
#12077=CARTESIAN_POINT('Ctrl Pts',(0.925165803359515,4.89419329050911,4.05448387050733));
#12078=CARTESIAN_POINT('Ctrl Pts',(3.7447827207239,4.8941932905091,1.8013565892956));
#12079=CARTESIAN_POINT('Ctrl Pts',(3.74359823736526,4.89419329050911,-1.79392295264851));
#12080=CARTESIAN_POINT('Ctrl Pts',(0.933344859905224,4.8941932905091,-4.05409254587026));
#12081=CARTESIAN_POINT('Ctrl Pts',(-2.58834951504264,4.89419329050911,-3.25013872836234));
#12082=CARTESIAN_POINT('Ctrl Pts',(-3.6291543217322,4.89419329050911,-1.08513780331302));
#12083=CARTESIAN_POINT('Ctrl Pts',(-3.63003287582976,4.89419329050911,-0.00294696660623282));
#12084=CARTESIAN_POINT('Ctrl Pts',(-3.81416794181173,4.85,-0.00309645282551672));
#12085=CARTESIAN_POINT('Ctrl Pts',(-3.81509104310122,4.85,1.13396700132145));
#12086=CARTESIAN_POINT('Ctrl Pts',(-2.72841664893775,4.85,3.40551627382533));
#12087=CARTESIAN_POINT('Ctrl Pts',(0.972094646369857,4.85,4.26013045768196));
#12088=CARTESIAN_POINT('Ctrl Pts',(3.93471807617735,4.85,1.89272630760766));
#12089=CARTESIAN_POINT('Ctrl Pts',(3.93349027060359,4.85,-1.88491849600726));
#12090=CARTESIAN_POINT('Ctrl Pts',(0.9806801142236,4.84999999999999,-4.25970763967943));
#12091=CARTESIAN_POINT('Ctrl Pts',(-2.71962989565766,4.85,-3.41501029542644));
#12092=CARTESIAN_POINT('Ctrl Pts',(-3.81324484052225,4.85,-1.14015990697244));
#12093=CARTESIAN_POINT('Ctrl Pts',(-3.81416794181173,4.85,-0.00309645282551706));
#12094=CARTESIAN_POINT('Ctrl Pts',(-3.89302727209265,4.85,-0.0031604731308079));
#12095=CARTESIAN_POINT('Ctrl Pts',(-3.89396944717518,4.85,1.15739781658901));
#12096=CARTESIAN_POINT('Ctrl Pts',(-2.78481778804241,4.85,3.47592721669575));
#12097=CARTESIAN_POINT('Ctrl Pts',(0.99219266204273,4.85,4.34819785234463));
#12098=CARTESIAN_POINT('Ctrl Pts',(4.01605646988174,4.85,1.93185591426042));
#12099=CARTESIAN_POINT('Ctrl Pts',(4.01481422588988,4.85,-1.92388856705413));
#12100=CARTESIAN_POINT('Ctrl Pts',(1.00095010248393,4.84999999999999,-4.34775868811674));
#12101=CARTESIAN_POINT('Ctrl Pts',(-2.77584956615729,4.85,-3.48562133790565));
#12102=CARTESIAN_POINT('Ctrl Pts',(-3.89208509701011,4.85,-1.16371876285058));
#12103=CARTESIAN_POINT('Ctrl Pts',(-3.89302727209265,4.85,-0.00316047313080825));
#12104=CARTESIAN_POINT('',(-3.44651314174661,5.125,-0.00279797993133801));
#12105=CARTESIAN_POINT('Origin',(-3.89302727209265,5.35,-0.00316047313080782));
#12106=CARTESIAN_POINT('',(0.00330602354328025,5.125,-3.44765906900376));
#12107=CARTESIAN_POINT('Ctrl Pts',(-3.44651314174661,5.125,-0.00279797993133823));
#12108=CARTESIAN_POINT('Ctrl Pts',(-3.44567903025012,5.125,-1.0302450327572));
#12109=CARTESIAN_POINT('Ctrl Pts',(-2.58168203734998,5.125,-2.82746146889942));
#12110=CARTESIAN_POINT('Ctrl Pts',(-0.769148752138933,5.125,-3.4423196977072));
#12111=CARTESIAN_POINT('Ctrl Pts',(0.00330602354328045,5.125,-3.44765906900376));
#12112=CARTESIAN_POINT('Ctrl Pts',(0.00330602354328045,5.125,-3.44765906900376));
#12113=CARTESIAN_POINT('Ctrl Pts',(0.262698132430966,5.125,-3.44945204229404));
#12114=CARTESIAN_POINT('Ctrl Pts',(1.55195894156146,5.125,-3.3136147446896));
#12115=CARTESIAN_POINT('Ctrl Pts',(3.55433163553532,5.125,-1.7032265037393));
#12116=CARTESIAN_POINT('Ctrl Pts',(3.55543139927805,5.125,1.7102800291662));
#12117=CARTESIAN_POINT('Ctrl Pts',(0.878392266447338,5.125,3.84947753858516));
#12118=CARTESIAN_POINT('Ctrl Pts',(-2.4654107030436,5.125,3.07725273798481));
#12119=CARTESIAN_POINT('Ctrl Pts',(-3.44734725324309,5.125,1.02464907289453));
#12120=CARTESIAN_POINT('Ctrl Pts',(-3.44651314174661,5.125,-0.00279797993133801));
#12121=CARTESIAN_POINT('Origin',(0.,4.9,0.));
#12122=CARTESIAN_POINT('Origin',(-3.67394039744206E-16,4.9,-3.));
#12123=CARTESIAN_POINT('Origin',(-0.629160614046637,4.85,-1.84571312010628));
#12124=CARTESIAN_POINT('Origin',(0.,-3.7,-10.));
#12125=CARTESIAN_POINT('',(0.629160614046637,-3.7,1.84571312010628));
#12126=CARTESIAN_POINT('',(-1.84571312010628,-3.7,-0.629160614046638));
#12127=CARTESIAN_POINT('Origin',(0.,-3.7,0.));
#12128=CARTESIAN_POINT('',(-0.629160614046637,-3.7,-1.84571312010628));
#12129=CARTESIAN_POINT('',(0.958425006408631,-3.7,-3.43329874056155));
#12130=CARTESIAN_POINT('',(1.84571312010628,-3.7,0.629160614046636));
#12131=CARTESIAN_POINT('Origin',(0.,-3.7,0.));
#12132=CARTESIAN_POINT('',(4.04157499359137,-3.7,-1.56670125943845));
#12133=CARTESIAN_POINT('Origin',(0.,-2.85,0.));
#12134=CARTESIAN_POINT('',(0.629160614046637,-1.55,1.84571312010628));
#12135=CARTESIAN_POINT('',(0.629160614046637,-2.85,1.84571312010628));
#12136=CARTESIAN_POINT('',(-1.84571312010628,-1.55,-0.629160614046638));
#12137=CARTESIAN_POINT('Origin',(0.,-1.55,0.));
#12138=CARTESIAN_POINT('',(-1.84571312010628,-2.85,-0.629160614046638));
#12139=CARTESIAN_POINT('Origin',(1.84571312010628,-2.85,0.629160614046636));
#12140=CARTESIAN_POINT('',(1.84571312010628,-1.55,0.629160614046636));
#12141=CARTESIAN_POINT('',(1.84571312010628,-2.85,0.629160614046636));
#12142=CARTESIAN_POINT('',(0.933298740561548,-1.55,1.54157499359137));
#12143=CARTESIAN_POINT('Origin',(0.,-2.85,0.));
#12144=CARTESIAN_POINT('',(-0.629160614046637,-1.55,-1.84571312010628));
#12145=CARTESIAN_POINT('',(-0.629160614046637,-2.85,-1.84571312010628));
#12146=CARTESIAN_POINT('Origin',(0.,-1.55,0.));
#12147=CARTESIAN_POINT('Origin',(-1.84571312010628,-2.85,-0.629160614046638));
#12148=CARTESIAN_POINT('',(-0.933298740561548,-1.55,-1.54157499359137));
#12149=CARTESIAN_POINT('Origin',(0.,-2.85,0.));
#12150=CARTESIAN_POINT('',(-5.,-1.55,5.55111512312578E-16));
#12151=CARTESIAN_POINT('',(-5.,-2.85,6.12323399573677E-16));
#12152=CARTESIAN_POINT('Origin',(0.,-1.55,0.));
#12153=CARTESIAN_POINT('Origin',(0.,-1.55,0.));
#12154=CARTESIAN_POINT('Origin',(1.50917820697866,-9.2,41.9374999999558));
#12155=CARTESIAN_POINT('Origin',(1.975,-9.2,40.));
#12156=CARTESIAN_POINT('',(5.41578138424212,-7.5,40.6411111182459));
#12157=CARTESIAN_POINT('Origin',(1.975,-8.00000000000025,40.));
#12158=CARTESIAN_POINT('',(-1.50724043318186,-7.5,39.6478614397726));
#12159=CARTESIAN_POINT('Origin',(1.975,-7.5,40.));
#12160=CARTESIAN_POINT('Origin',(1.975,-7.99999999999998,40.));
#12161=CARTESIAN_POINT('Origin',(3.62965937416643,-7.75,40.2729186444645));
#12162=CARTESIAN_POINT('',(4.06977427885449,-7.5,39.665630516249));
#12163=CARTESIAN_POINT('Origin',(-0.0849166646147703,-7.75,39.9374651849367));
#12164=CARTESIAN_POINT('',(-0.336537118540172,-7.5,39.2309334112942));
#12165=CARTESIAN_POINT('Origin',(1.975,-7.5,39.1478159878736));
#12166=UNCERTAINTY_MEASURE_WITH_UNIT(LENGTH_MEASURE(0.01),#12170,
'DISTANCE_ACCURACY_VALUE',
'Maximum model space distance between geometric entities at asserted c
onnectivities');
#12167=UNCERTAINTY_MEASURE_WITH_UNIT(LENGTH_MEASURE(0.01),#12170,
'DISTANCE_ACCURACY_VALUE',
'Maximum model space distance between geometric entities at asserted c
onnectivities');
#12168=(
GEOMETRIC_REPRESENTATION_CONTEXT(3)
GLOBAL_UNCERTAINTY_ASSIGNED_CONTEXT((#12166))
GLOBAL_UNIT_ASSIGNED_CONTEXT((#12170,#12172,#12173))
REPRESENTATION_CONTEXT('','3D')
);
#12169=(
GEOMETRIC_REPRESENTATION_CONTEXT(3)
GLOBAL_UNCERTAINTY_ASSIGNED_CONTEXT((#12167))
GLOBAL_UNIT_ASSIGNED_CONTEXT((#12170,#12172,#12173))
REPRESENTATION_CONTEXT('','3D')
);
#12170=(
LENGTH_UNIT()
NAMED_UNIT(*)
SI_UNIT(.MILLI.,.METRE.)
);
#12171=(
LENGTH_UNIT()
NAMED_UNIT(*)
SI_UNIT($,.METRE.)
);
#12172=(
NAMED_UNIT(*)
PLANE_ANGLE_UNIT()
SI_UNIT($,.RADIAN.)
);
#12173=(
NAMED_UNIT(*)
SI_UNIT($,.STERADIAN.)
SOLID_ANGLE_UNIT()
);
#12174=SHAPE_DEFINITION_REPRESENTATION(#12175,#12176);
#12175=PRODUCT_DEFINITION_SHAPE('',$,#12178);
#12176=SHAPE_REPRESENTATION('',(#5302),#12168);
#12177=PRODUCT_DEFINITION_CONTEXT('part definition',#12182,'design');
#12178=PRODUCT_DEFINITION('2026-08-25-10-25-36-678','PP',#12179,#12177);
#12179=PRODUCT_DEFINITION_FORMATION('',$,#12184);
#12180=PRODUCT_RELATED_PRODUCT_CATEGORY('PP','PP',(#12184));
#12181=APPLICATION_PROTOCOL_DEFINITION('international standard',
'automotive_design',2009,#12182);
#12182=APPLICATION_CONTEXT(
'Core Data for Automotive Mechanical Design Process');
#12183=PRODUCT_CONTEXT('part definition',#12182,'mechanical');
#12184=PRODUCT('2026-08-25-10-25-36-678','PP',$,(#12183));
#12185=PRESENTATION_STYLE_ASSIGNMENT((#12187));
#12186=PRESENTATION_STYLE_ASSIGNMENT((#12188));
#12187=SURFACE_STYLE_USAGE(.BOTH.,#12189);
#12188=SURFACE_STYLE_USAGE(.BOTH.,#12190);
#12189=SURFACE_SIDE_STYLE('',(#12191));
#12190=SURFACE_SIDE_STYLE('',(#12192));
#12191=SURFACE_STYLE_FILL_AREA(#12193);
#12192=SURFACE_STYLE_FILL_AREA(#12194);
#12193=FILL_AREA_STYLE('Steel - Satin',(#12195));
#12194=FILL_AREA_STYLE('Nylon 12 (with Formlabs Fuse 1 3D Printer)',(#12196));
#12195=FILL_AREA_STYLE_COLOUR('Steel - Satin',#12197);
#12196=FILL_AREA_STYLE_COLOUR(
'Nylon 12 (with Formlabs Fuse 1 3D Printer)',#12198);
#12197=COLOUR_RGB('Steel - Satin',0.627450980392157,0.627450980392157,0.627450980392157);
#12198=COLOUR_RGB('Nylon 12 (with Formlabs Fuse 1 3D Printer)',0.247058823529412,
0.247058823529412,0.247058823529412);
ENDSEC;
END-ISO-10303-21;
