ISO-10303-21;
HEADER;
/* Generated by software containing ST-Developer
 * from STEP Tools, Inc. (www.steptools.com) 
 */

FILE_DESCRIPTION(
/* description */ (''),
/* implementation_level */ '2;1');

FILE_NAME(
/* name */ 'P-IP.step',
/* time_stamp */ '2026-10-04T20:08:10+02:00',
/* author */ (''),
/* organization */ (''),
/* preprocessor_version */ 'ST-DEVELOPER v20.2',
/* originating_system */ 'Autodesk Translation Framework v15.15.0.0',
/* authorisation */ '');

FILE_SCHEMA (('AUTOMOTIVE_DESIGN { 1 0 10303 214 3 1 1 }'));
ENDSEC;

DATA;
#10=MECHANICAL_DESIGN_GEOMETRIC_PRESENTATION_REPRESENTATION('',(#13),#5082);
#11=SHAPE_REPRESENTATION_RELATIONSHIP('SRR','None',#5089,#12);
#12=ADVANCED_BREP_SHAPE_REPRESENTATION('',(#14),#5081);
#13=STYLED_ITEM('',(#5098),#14);
#14=MANIFOLD_SOLID_BREP('P-IP_IP',#2095);
#15=(
BOUNDED_SURFACE()
B_SPLINE_SURFACE(5,1,((#3631,#3632),(#3633,#3634),(#3635,#3636),(#3637,
#3638),(#3639,#3640),(#3641,#3642),(#3643,#3644),(#3645,#3646),(#3647,#3648),
(#3649,#3650),(#3651,#3652),(#3653,#3654),(#3655,#3656),(#3657,#3658)),
 .UNSPECIFIED.,.F.,.F.,.F.)
B_SPLINE_SURFACE_WITH_KNOTS((6,1,1,1,1,1,1,1,1,6),(2,2),(-1.,-0.9,-0.8,
-0.7,-0.6,-0.5,-0.4,-0.3,-0.2,-0.150630744656212),(-0.55,0.55),
 .UNSPECIFIED.)
GEOMETRIC_REPRESENTATION_ITEM()
RATIONAL_B_SPLINE_SURFACE(((1.,1.),(1.,1.),(1.,1.),(1.,1.),(1.,1.),(1.,
1.),(1.,1.),(1.,1.),(1.,1.),(1.,1.),(1.,1.),(1.,1.),(1.,1.),(1.,1.)))
REPRESENTATION_ITEM('')
SURFACE()
);
#16=(
BOUNDED_SURFACE()
B_SPLINE_SURFACE(5,1,((#3782,#3783),(#3784,#3785),(#3786,#3787),(#3788,
#3789),(#3790,#3791),(#3792,#3793),(#3794,#3795),(#3796,#3797),(#3798,#3799),
(#3800,#3801)),.UNSPECIFIED.,.F.,.F.,.F.)
B_SPLINE_SURFACE_WITH_KNOTS((6,1,1,1,1,6),(2,2),(0.,0.2,0.4,0.6,0.8,1.),
(-1.4888,1.4888),.UNSPECIFIED.)
GEOMETRIC_REPRESENTATION_ITEM()
RATIONAL_B_SPLINE_SURFACE(((1.,1.),(1.,1.),(1.,1.),(1.,1.),(1.,1.),(1.,
1.),(1.,1.),(1.,1.),(1.,1.),(1.,1.)))
REPRESENTATION_ITEM('')
SURFACE()
);
#17=(
BOUNDED_SURFACE()
B_SPLINE_SURFACE(5,1,((#3994,#3995),(#3996,#3997),(#3998,#3999),(#4000,
#4001),(#4002,#4003),(#4004,#4005),(#4006,#4007),(#4008,#4009),(#4010,#4011),
(#4012,#4013)),.UNSPECIFIED.,.F.,.F.,.F.)
B_SPLINE_SURFACE_WITH_KNOTS((6,1,1,1,1,6),(2,2),(-1.,-0.8,-0.6,-0.4,-0.2,
0.),(-1.4888,1.4888),.UNSPECIFIED.)
GEOMETRIC_REPRESENTATION_ITEM()
RATIONAL_B_SPLINE_SURFACE(((1.,1.),(1.,1.),(1.,1.),(1.,1.),(1.,1.),(1.,
1.),(1.,1.),(1.,1.),(1.,1.),(1.,1.)))
REPRESENTATION_ITEM('')
SURFACE()
);
#18=(
BOUNDED_SURFACE()
B_SPLINE_SURFACE(5,1,((#4568,#4569),(#4570,#4571),(#4572,#4573),(#4574,
#4575),(#4576,#4577),(#4578,#4579),(#4580,#4581),(#4582,#4583),(#4584,#4585),
(#4586,#4587),(#4588,#4589),(#4590,#4591),(#4592,#4593),(#4594,#4595)),
 .UNSPECIFIED.,.F.,.F.,.F.)
B_SPLINE_SURFACE_WITH_KNOTS((6,1,1,1,1,1,1,1,1,6),(2,2),(-1.,-0.9,-0.8,
-0.7,-0.6,-0.5,-0.4,-0.3,-0.2,-0.150630744656212),(-0.55,0.55),
 .UNSPECIFIED.)
GEOMETRIC_REPRESENTATION_ITEM()
RATIONAL_B_SPLINE_SURFACE(((1.,1.),(1.,1.),(1.,1.),(1.,1.),(1.,1.),(1.,
1.),(1.,1.),(1.,1.),(1.,1.),(1.,1.),(1.,1.),(1.,1.),(1.,1.),(1.,1.)))
REPRESENTATION_ITEM('')
SURFACE()
);
#19=(
BOUNDED_SURFACE()
B_SPLINE_SURFACE(5,1,((#4596,#4597),(#4598,#4599),(#4600,#4601),(#4602,
#4603),(#4604,#4605),(#4606,#4607),(#4608,#4609)),.UNSPECIFIED.,.F.,.F.,
 .F.)
B_SPLINE_SURFACE_WITH_KNOTS((6,1,6),(2,2),(-0.150630744656212,-0.1,0.),
(-0.55,0.55),.UNSPECIFIED.)
GEOMETRIC_REPRESENTATION_ITEM()
RATIONAL_B_SPLINE_SURFACE(((1.,1.),(1.,1.),(1.,1.),(1.,1.),(1.,1.),(1.,
1.),(1.,1.)))
REPRESENTATION_ITEM('')
SURFACE()
);
#20=(
BOUNDED_SURFACE()
B_SPLINE_SURFACE(2,1,((#4616,#4617),(#4618,#4619),(#4620,#4621)),
 .UNSPECIFIED.,.F.,.F.,.F.)
B_SPLINE_SURFACE_WITH_KNOTS((3,3),(2,2),(-1.,0.),(-0.55,0.55),
 .UNSPECIFIED.)
GEOMETRIC_REPRESENTATION_ITEM()
RATIONAL_B_SPLINE_SURFACE(((1.,1.),(1.,1.),(1.,1.)))
REPRESENTATION_ITEM('')
SURFACE()
);
#21=(
BOUNDED_SURFACE()
B_SPLINE_SURFACE(2,1,((#4649,#4650),(#4651,#4652),(#4653,#4654)),
 .UNSPECIFIED.,.F.,.F.,.F.)
B_SPLINE_SURFACE_WITH_KNOTS((3,3),(2,2),(0.,1.),(-0.55,0.55),
 .UNSPECIFIED.)
GEOMETRIC_REPRESENTATION_ITEM()
RATIONAL_B_SPLINE_SURFACE(((1.,1.),(1.,1.),(1.,1.)))
REPRESENTATION_ITEM('')
SURFACE()
);
#22=(
BOUNDED_SURFACE()
B_SPLINE_SURFACE(3,1,((#5059,#5060),(#5061,#5062),(#5063,#5064),(#5065,
#5066)),.UNSPECIFIED.,.F.,.F.,.F.)
B_SPLINE_SURFACE_WITH_KNOTS((4,4),(2,2),(0.,1.),(-0.269777913776017,0.750991947133684),
 .UNSPECIFIED.)
GEOMETRIC_REPRESENTATION_ITEM()
RATIONAL_B_SPLINE_SURFACE(((1.,1.),(1.,1.),(1.,1.),(1.,1.)))
REPRESENTATION_ITEM('')
SURFACE()
);
#23=(
BOUNDED_SURFACE()
B_SPLINE_SURFACE(3,1,((#5069,#5070),(#5071,#5072),(#5073,#5074),(#5075,
#5076)),.UNSPECIFIED.,.F.,.F.,.F.)
B_SPLINE_SURFACE_WITH_KNOTS((4,4),(2,2),(-1.,0.),(-0.269777913776017,0.750996188807369),
 .UNSPECIFIED.)
GEOMETRIC_REPRESENTATION_ITEM()
RATIONAL_B_SPLINE_SURFACE(((1.,1.),(1.,1.),(1.,1.),(1.,1.)))
REPRESENTATION_ITEM('')
SURFACE()
);
#24=FACE_BOUND('',#312,.T.);
#25=FACE_BOUND('',#342,.T.);
#26=FACE_BOUND('',#354,.T.);
#27=FACE_BOUND('',#398,.T.);
#28=CONICAL_SURFACE('',#2139,2.25,0.982793723247329);
#29=CONICAL_SURFACE('',#2146,2.25,0.982793723247329);
#30=B_SPLINE_SURFACE_WITH_KNOTS('',3,3,((#2822,#2823,#2824,#2825),(#2826,
#2827,#2828,#2829),(#2830,#2831,#2832,#2833),(#2834,#2835,#2836,#2837),
(#2838,#2839,#2840,#2841)),.UNSPECIFIED.,.F.,.F.,.F.,(4,1,4),(4,4),(0.,
0.571428571428571,1.),(0.0992118787777566,0.28856907592006),
 .UNSPECIFIED.);
#31=B_SPLINE_SURFACE_WITH_KNOTS('',3,3,((#2894,#2895,#2896,#2897),(#2898,
#2899,#2900,#2901),(#2902,#2903,#2904,#2905),(#2906,#2907,#2908,#2909),
(#2910,#2911,#2912,#2913)),.UNSPECIFIED.,.F.,.F.,.F.,(4,1,4),(4,4),(0.,
0.571428571428571,1.),(0.0998074010426919,0.289154923616007),
 .UNSPECIFIED.);
#32=B_SPLINE_SURFACE_WITH_KNOTS('',3,3,((#2954,#2955,#2956,#2957),(#2958,
#2959,#2960,#2961),(#2962,#2963,#2964,#2965),(#2966,#2967,#2968,#2969),
(#2970,#2971,#2972,#2973)),.UNSPECIFIED.,.F.,.F.,.F.,(4,1,4),(4,4),(0.,
0.571428571428571,1.),(0.0227323927511097,0.212368670862167),
 .UNSPECIFIED.);
#33=B_SPLINE_SURFACE_WITH_KNOTS('',3,3,((#3010,#3011,#3012,#3013),(#3014,
#3015,#3016,#3017),(#3018,#3019,#3020,#3021),(#3022,#3023,#3024,#3025),
(#3026,#3027,#3028,#3029)),.UNSPECIFIED.,.F.,.F.,.F.,(4,1,4),(4,4),(0.,
0.571428571428571,1.),(0.02324274853508,0.21288013102946),.UNSPECIFIED.);
#34=B_SPLINE_SURFACE_WITH_KNOTS('',3,3,((#3305,#3306,#3307,#3308),(#3309,
#3310,#3311,#3312),(#3313,#3314,#3315,#3316),(#3317,#3318,#3319,#3320),
(#3321,#3322,#3323,#3324)),.UNSPECIFIED.,.F.,.F.,.F.,(4,1,4),(4,4),(0.,
0.571428571428571,1.),(2.35969509246578E-16,0.216839785760364),
 .UNSPECIFIED.);
#35=B_SPLINE_SURFACE_WITH_KNOTS('',2,1,((#3345,#3346),(#3347,#3348),(#3349,
#3350)),.UNSPECIFIED.,.F.,.F.,.F.,(3,3),(2,2),(-1.,0.),(-0.0344454159433024,
0.2),.UNSPECIFIED.);
#36=B_SPLINE_SURFACE_WITH_KNOTS('',2,1,((#3388,#3389),(#3390,#3391),(#3392,
#3393)),.UNSPECIFIED.,.F.,.F.,.F.,(3,3),(2,2),(-1.,0.),(-0.0615852627244644,
0.2),.UNSPECIFIED.);
#37=B_SPLINE_SURFACE_WITH_KNOTS('',2,1,((#3410,#3411),(#3412,#3413),(#3414,
#3415)),.UNSPECIFIED.,.F.,.F.,.F.,(3,3),(2,2),(-1.,0.),(-0.0510795347310307,
0.2),.UNSPECIFIED.);
#38=B_SPLINE_SURFACE_WITH_KNOTS('',2,1,((#3429,#3430),(#3431,#3432),(#3433,
#3434)),.UNSPECIFIED.,.F.,.F.,.F.,(3,3),(2,2),(-1.,0.),(-0.0313812091312043,
0.2),.UNSPECIFIED.);
#39=B_SPLINE_SURFACE_WITH_KNOTS('',2,1,((#3511,#3512),(#3513,#3514),(#3515,
#3516)),.UNSPECIFIED.,.F.,.F.,.F.,(3,3),(2,2),(-1.,0.),(-0.0725287769465903,
0.2),.UNSPECIFIED.);
#40=B_SPLINE_SURFACE_WITH_KNOTS('',2,1,((#3548,#3549),(#3550,#3551),(#3552,
#3553)),.UNSPECIFIED.,.F.,.F.,.F.,(3,3),(2,2),(-1.,0.),(-0.0572079026954208,
0.2),.UNSPECIFIED.);
#41=B_SPLINE_SURFACE_WITH_KNOTS('',2,1,((#3578,#3579),(#3580,#3581),(#3582,
#3583)),.UNSPECIFIED.,.F.,.F.,.F.,(3,3),(2,2),(-1.,0.),(-0.0318189725299926,
0.2),.UNSPECIFIED.);
#42=B_SPLINE_SURFACE_WITH_KNOTS('',2,1,((#3596,#3597),(#3598,#3599),(#3600,
#3601)),.UNSPECIFIED.,.F.,.F.,.F.,(3,3),(2,2),(-1.,0.),(-0.0502040307633572,
0.2),.UNSPECIFIED.);
#43=B_SPLINE_SURFACE_WITH_KNOTS('',2,1,((#3611,#3612),(#3613,#3614),(#3615,
#3616)),.UNSPECIFIED.,.F.,.F.,.F.,(3,3),(2,2),(-1.,0.),(-0.0611475449854829,
0.2),.UNSPECIFIED.);
#44=B_SPLINE_SURFACE_WITH_KNOTS('',3,3,((#3698,#3699,#3700,#3701),(#3702,
#3703,#3704,#3705),(#3706,#3707,#3708,#3709),(#3710,#3711,#3712,#3713),
(#3714,#3715,#3716,#3717)),.UNSPECIFIED.,.F.,.F.,.F.,(4,1,4),(4,4),(0.,
0.571428571428571,1.),(0.401660669843637,0.725596793304003),
 .UNSPECIFIED.);
#45=B_SPLINE_SURFACE_WITH_KNOTS('',3,3,((#3874,#3875,#3876,#3877),(#3878,
#3879,#3880,#3881),(#3882,#3883,#3884,#3885),(#3886,#3887,#3888,#3889),
(#3890,#3891,#3892,#3893)),.UNSPECIFIED.,.F.,.F.,.F.,(4,1,4),(4,4),(0.0340898627519797,
0.434047203354232,0.967323657490569),(0.,0.952416661582546),
 .UNSPECIFIED.);
#46=B_SPLINE_SURFACE_WITH_KNOTS('',3,3,((#3919,#3920,#3921,#3922),(#3923,
#3924,#3925,#3926),(#3927,#3928,#3929,#3930),(#3931,#3932,#3933,#3934),
(#3935,#3936,#3937,#3938)),.UNSPECIFIED.,.F.,.F.,.F.,(4,1,4),(4,4),(0.,
0.571428571428571,1.),(0.247889506320313,0.571825629730832),
 .UNSPECIFIED.);
#47=B_SPLINE_SURFACE_WITH_KNOTS('',3,3,((#4095,#4096,#4097,#4098),(#4099,
#4100,#4101,#4102),(#4103,#4104,#4105,#4106),(#4107,#4108,#4109,#4110),
(#4111,#4112,#4113,#4114)),.UNSPECIFIED.,.F.,.F.,.F.,(4,1,4),(4,4),(0.,
0.571428571428571,1.),(0.766499847946286,1.66715666997254),
 .UNSPECIFIED.);
#48=B_SPLINE_SURFACE_WITH_KNOTS('',3,3,((#4125,#4126,#4127,#4128,#4129),
(#4130,#4131,#4132,#4133,#4134),(#4135,#4136,#4137,#4138,#4139),(#4140,
#4141,#4142,#4143,#4144),(#4145,#4146,#4147,#4148,#4149)),.UNSPECIFIED.,
 .F.,.F.,.F.,(4,1,4),(4,1,4),(0.,0.571428571428571,1.),(3.10962387452517E-14,
0.246501043733269,0.575169102044252),.UNSPECIFIED.);
#49=B_SPLINE_SURFACE_WITH_KNOTS('',3,3,((#4151,#4152,#4153,#4154,#4155,
#4156,#4157,#4158,#4159,#4160),(#4161,#4162,#4163,#4164,#4165,#4166,#4167,
#4168,#4169,#4170),(#4171,#4172,#4173,#4174,#4175,#4176,#4177,#4178,#4179,
#4180),(#4181,#4182,#4183,#4184,#4185,#4186,#4187,#4188,#4189,#4190),(#4191,
#4192,#4193,#4194,#4195,#4196,#4197,#4198,#4199,#4200)),.UNSPECIFIED.,.F.,
 .F.,.F.,(4,1,4),(4,1,1,1,1,1,1,4),(0.,0.571428571428571,1.),(1.16805182072387E-16,
0.0790174821645044,0.237052446493513,0.316069928658017,0.35557866974027,
0.395087410822522,0.474104892987026,0.55312237515153),.UNSPECIFIED.);
#50=B_SPLINE_SURFACE_WITH_KNOTS('',3,3,((#4213,#4214,#4215,#4216),(#4217,
#4218,#4219,#4220),(#4221,#4222,#4223,#4224),(#4225,#4226,#4227,#4228),
(#4229,#4230,#4231,#4232)),.UNSPECIFIED.,.F.,.F.,.F.,(4,1,4),(4,4),(0.,
0.571428571428571,1.),(0.,0.235247311024925),.UNSPECIFIED.);
#51=B_SPLINE_SURFACE_WITH_KNOTS('',3,3,((#4251,#4252,#4253,#4254),(#4255,
#4256,#4257,#4258),(#4259,#4260,#4261,#4262),(#4263,#4264,#4265,#4266),
(#4267,#4268,#4269,#4270)),.UNSPECIFIED.,.F.,.F.,.F.,(4,1,4),(4,4),(0.,
0.571428571428571,1.),(0.,0.596437263338417),.UNSPECIFIED.);
#52=B_SPLINE_SURFACE_WITH_KNOTS('',3,3,((#4282,#4283,#4284,#4285,#4286,
#4287),(#4288,#4289,#4290,#4291,#4292,#4293),(#4294,#4295,#4296,#4297,#4298,
#4299),(#4300,#4301,#4302,#4303,#4304,#4305),(#4306,#4307,#4308,#4309,#4310,
#4311)),.UNSPECIFIED.,.F.,.F.,.F.,(4,1,4),(4,1,1,4),(0.,0.571428571428571,
1.),(0.,0.214541458385161,0.357569097308601,0.500596736232041),
 .UNSPECIFIED.);
#53=B_SPLINE_SURFACE_WITH_KNOTS('',3,3,((#4378,#4379,#4380,#4381),(#4382,
#4383,#4384,#4385),(#4386,#4387,#4388,#4389),(#4390,#4391,#4392,#4393),
(#4394,#4395,#4396,#4397)),.UNSPECIFIED.,.F.,.F.,.F.,(4,1,4),(4,4),(0.,
0.571428571428571,1.),(1.33194251472597E-13,0.216839785760738),
 .UNSPECIFIED.);
#54=B_SPLINE_SURFACE_WITH_KNOTS('',3,3,((#4402,#4403,#4404,#4405,#4406,
#4407),(#4408,#4409,#4410,#4411,#4412,#4413),(#4414,#4415,#4416,#4417,#4418,
#4419),(#4420,#4421,#4422,#4423,#4424,#4425),(#4426,#4427,#4428,#4429,#4430,
#4431)),.UNSPECIFIED.,.F.,.F.,.F.,(4,1,4),(4,1,1,4),(0.,0.571428571428571,
1.),(-1.73472347597686E-17,0.128898519590497,0.257797039180994,0.451144818566739),
 .UNSPECIFIED.);
#55=B_SPLINE_SURFACE_WITH_KNOTS('',3,3,((#4451,#4452,#4453,#4454,#4455),
(#4456,#4457,#4458,#4459,#4460),(#4461,#4462,#4463,#4464,#4465),(#4466,
#4467,#4468,#4469,#4470),(#4471,#4472,#4473,#4474,#4475)),.UNSPECIFIED.,
 .F.,.F.,.F.,(4,1,4),(4,1,4),(0.,0.571428571428571,1.),(1.63972434168555E-12,
0.643515057892267,1.12615135131024),.UNSPECIFIED.);
#56=B_SPLINE_SURFACE_WITH_KNOTS('',3,3,((#4483,#4484,#4485,#4486),(#4487,
#4488,#4489,#4490),(#4491,#4492,#4493,#4494),(#4495,#4496,#4497,#4498),
(#4499,#4500,#4501,#4502)),.UNSPECIFIED.,.F.,.F.,.F.,(4,1,4),(4,4),(0.,
0.571428571428571,1.),(2.87434622763565E-12,0.020000365826542),
 .UNSPECIFIED.);
#57=B_SPLINE_SURFACE_WITH_KNOTS('',3,3,((#4727,#4728,#4729,#4730),(#4731,
#4732,#4733,#4734),(#4735,#4736,#4737,#4738),(#4739,#4740,#4741,#4742),
(#4743,#4744,#4745,#4746)),.UNSPECIFIED.,.F.,.F.,.F.,(4,1,4),(4,4),(0.,
0.571428571428571,1.),(0.,0.596437263338417),.UNSPECIFIED.);
#58=B_SPLINE_SURFACE_WITH_KNOTS('',3,3,((#4748,#4749,#4750,#4751),(#4752,
#4753,#4754,#4755),(#4756,#4757,#4758,#4759),(#4760,#4761,#4762,#4763),
(#4764,#4765,#4766,#4767)),.UNSPECIFIED.,.F.,.F.,.F.,(4,1,4),(4,4),(0.,
0.571428571428571,1.),(0.,0.235247334039786),.UNSPECIFIED.);
#59=B_SPLINE_SURFACE_WITH_KNOTS('',3,3,((#4774,#4775,#4776,#4777,#4778,
#4779,#4780,#4781,#4782,#4783,#4784),(#4785,#4786,#4787,#4788,#4789,#4790,
#4791,#4792,#4793,#4794,#4795),(#4796,#4797,#4798,#4799,#4800,#4801,#4802,
#4803,#4804,#4805,#4806),(#4807,#4808,#4809,#4810,#4811,#4812,#4813,#4814,
#4815,#4816,#4817),(#4818,#4819,#4820,#4821,#4822,#4823,#4824,#4825,#4826,
#4827,#4828)),.UNSPECIFIED.,.F.,.F.,.F.,(4,1,4),(4,1,1,1,1,1,1,1,4),(0.,
0.571428571428571,1.),(5.60509876583337E-15,0.0789707746881997,0.157941549376394,
0.197426936720491,0.236912324064588,0.315883098752782,0.394853873440976,
0.47382464812917,0.552795422817364),.UNSPECIFIED.);
#60=B_SPLINE_SURFACE_WITH_KNOTS('',3,3,((#4841,#4842,#4843,#4844,#4845),
(#4846,#4847,#4848,#4849,#4850),(#4851,#4852,#4853,#4854,#4855),(#4856,
#4857,#4858,#4859,#4860),(#4861,#4862,#4863,#4864,#4865)),.UNSPECIFIED.,
 .F.,.F.,.F.,(4,1,4),(4,1,4),(0.,0.571428571428571,1.),(0.,0.246501043733251,
0.575169102044252),.UNSPECIFIED.);
#61=B_SPLINE_SURFACE_WITH_KNOTS('',3,3,((#4867,#4868,#4869,#4870),(#4871,
#4872,#4873,#4874),(#4875,#4876,#4877,#4878),(#4879,#4880,#4881,#4882),
(#4883,#4884,#4885,#4886)),.UNSPECIFIED.,.F.,.F.,.F.,(4,1,4),(4,4),(0.,
0.571428571428571,1.),(-8.19271425653524E-14,0.900656822026174),
 .UNSPECIFIED.);
#62=B_SPLINE_SURFACE_WITH_KNOTS('',3,3,((#4887,#4888,#4889,#4890,#4891,
#4892),(#4893,#4894,#4895,#4896,#4897,#4898),(#4899,#4900,#4901,#4902,#4903,
#4904),(#4905,#4906,#4907,#4908,#4909,#4910),(#4911,#4912,#4913,#4914,#4915,
#4916)),.UNSPECIFIED.,.F.,.F.,.F.,(4,1,4),(4,1,1,4),(0.,0.571428571428571,
1.),(0.000526943844279646,0.143554582767721,0.286582221691161,0.501123680076323),
 .UNSPECIFIED.);
#63=B_SPLINE_SURFACE_WITH_KNOTS('',3,3,((#4976,#4977,#4978,#4979),(#4980,
#4981,#4982,#4983),(#4984,#4985,#4986,#4987),(#4988,#4989,#4990,#4991),
(#4992,#4993,#4994,#4995)),.UNSPECIFIED.,.F.,.F.,.F.,(4,1,4),(4,4),(0.,
0.571428571428571,1.),(0.321679060583853,0.341679426404572),
 .UNSPECIFIED.);
#64=B_SPLINE_SURFACE_WITH_KNOTS('',3,3,((#4997,#4998,#4999,#5000,#5001),
(#5002,#5003,#5004,#5005,#5006),(#5007,#5008,#5009,#5010,#5011),(#5012,
#5013,#5014,#5015,#5016),(#5017,#5018,#5019,#5020,#5021)),.UNSPECIFIED.,
 .F.,.F.,.F.,(4,1,4),(4,1,4),(0.,0.571428571428571,1.),(0.,0.643515060322332,
1.12615135556408),.UNSPECIFIED.);
#65=B_SPLINE_SURFACE_WITH_KNOTS('',3,3,((#5023,#5024,#5025,#5026,#5027,
#5028),(#5029,#5030,#5031,#5032,#5033,#5034),(#5035,#5036,#5037,#5038,#5039,
#5040),(#5041,#5042,#5043,#5044,#5045,#5046),(#5047,#5048,#5049,#5050,#5051,
#5052)),.UNSPECIFIED.,.F.,.F.,.F.,(4,1,4),(4,1,1,4),(0.,0.571428571428571,
1.),(0.,0.193347779385027,0.322246298975045,0.451144818565063),
 .UNSPECIFIED.);
#66=ELLIPSE('',#2132,58.8027803841624,5.12499999999809);
#67=ELLIPSE('',#2133,58.8027803841624,5.12499999999809);
#68=ELLIPSE('',#2153,3.54930237470775,1.5);
#69=CYLINDRICAL_SURFACE('',#2123,7.5);
#70=CYLINDRICAL_SURFACE('',#2127,7.5);
#71=CYLINDRICAL_SURFACE('',#2137,5.12499999999809);
#72=CYLINDRICAL_SURFACE('',#2138,5.12499999999809);
#73=CYLINDRICAL_SURFACE('',#2150,1.5);
#74=CYLINDRICAL_SURFACE('',#2158,1.5);
#75=CYLINDRICAL_SURFACE('',#2166,6.825);
#76=CYLINDRICAL_SURFACE('',#2182,7.795);
#77=CYLINDRICAL_SURFACE('',#2184,7.655);
#78=CYLINDRICAL_SURFACE('',#2187,7.5);
#79=CYLINDRICAL_SURFACE('',#2189,2.06555466999209);
#80=CYLINDRICAL_SURFACE('',#2190,7.725);
#81=CYLINDRICAL_SURFACE('',#2191,5.5);
#82=CYLINDRICAL_SURFACE('',#2202,2.00000000000303);
#83=CYLINDRICAL_SURFACE('',#2226,2.);
#84=CYLINDRICAL_SURFACE('',#2229,2.);
#85=CYLINDRICAL_SURFACE('',#2238,1.5);
#86=CIRCLE('',#2112,7.5);
#87=CIRCLE('',#2113,7.5);
#88=CIRCLE('',#2114,1.5);
#89=CIRCLE('',#2115,6.);
#90=CIRCLE('',#2116,1.5);
#91=CIRCLE('',#2117,7.5);
#92=CIRCLE('',#2119,6.825);
#93=CIRCLE('',#2120,3.52561101892738);
#94=CIRCLE('',#2121,2.06555466999209);
#95=CIRCLE('',#2122,7.5);
#96=CIRCLE('',#2124,7.5);
#97=CIRCLE('',#2125,7.5);
#98=CIRCLE('',#2126,7.5);
#99=CIRCLE('',#2128,7.5);
#100=CIRCLE('',#2129,7.5);
#101=CIRCLE('',#2135,5.12499999999809);
#102=CIRCLE('',#2136,5.12499999999809);
#103=CIRCLE('',#2140,3.);
#104=CIRCLE('',#2141,3.);
#105=CIRCLE('',#2142,1.5);
#106=CIRCLE('',#2147,3.);
#107=CIRCLE('',#2148,3.);
#108=CIRCLE('',#2149,1.5);
#109=CIRCLE('',#2151,3.);
#110=CIRCLE('',#2152,1.5);
#111=CIRCLE('',#2157,1.5);
#112=CIRCLE('',#2159,1.5);
#113=CIRCLE('',#2160,1.5);
#114=CIRCLE('',#2161,1.5);
#115=CIRCLE('',#2162,1.5);
#116=CIRCLE('',#2163,1.5);
#117=CIRCLE('',#2164,1.5);
#118=CIRCLE('',#2165,1.5);
#119=CIRCLE('',#2167,6.825);
#120=CIRCLE('',#2168,6.825);
#121=CIRCLE('',#2169,6.825);
#122=CIRCLE('',#2174,2.);
#123=CIRCLE('',#2176,2.06555466999209);
#124=CIRCLE('',#2177,7.725);
#125=CIRCLE('',#2179,7.795);
#126=CIRCLE('',#2180,7.655);
#127=CIRCLE('',#2181,7.5);
#128=CIRCLE('',#2183,7.795);
#129=CIRCLE('',#2185,7.655);
#130=CIRCLE('',#2192,5.5);
#131=CIRCLE('',#2193,5.5);
#132=CIRCLE('',#2195,1.5);
#133=CIRCLE('',#2197,1.5);
#134=CIRCLE('',#2200,6.);
#135=CIRCLE('',#2201,1.5);
#136=CIRCLE('',#2203,2.00000000000303);
#137=CIRCLE('',#2204,2.00000000000303);
#138=CIRCLE('',#2205,2.00000000000303);
#139=CIRCLE('',#2206,2.00000000000365);
#140=CIRCLE('',#2207,2.00000000000303);
#141=CIRCLE('',#2209,1.5);
#142=CIRCLE('',#2223,8.00185419360498);
#143=CIRCLE('',#2227,2.);
#144=CIRCLE('',#2228,2.);
#145=CIRCLE('',#2230,2.);
#146=CIRCLE('',#2234,1.5);
#147=CIRCLE('',#2235,1.5);
#148=CIRCLE('',#2236,1.5);
#149=CIRCLE('',#2237,1.5);
#150=CIRCLE('',#2239,1.5);
#151=CIRCLE('',#2240,1.5);
#152=CIRCLE('',#2242,6.);
#153=CIRCLE('',#2243,1.5);
#154=CIRCLE('',#2244,1.5);
#155=CIRCLE('',#2245,1.5);
#156=CIRCLE('',#2250,1.5);
#157=CIRCLE('',#2251,1.5);
#158=CIRCLE('',#2252,1.5);
#159=CIRCLE('',#2253,1.5);
#160=CIRCLE('',#2254,1.5);
#161=CIRCLE('',#2255,1.50000000000001);
#162=TOROIDAL_SURFACE('',#2111,6.,1.5);
#163=TOROIDAL_SURFACE('',#2156,3.52561101892738,2.6);
#164=TOROIDAL_SURFACE('',#2199,6.,1.5);
#165=TOROIDAL_SURFACE('',#2241,6.,1.5);
#166=FACE_OUTER_BOUND('',#282,.T.);
#167=FACE_OUTER_BOUND('',#283,.T.);
#168=FACE_OUTER_BOUND('',#284,.T.);
#169=FACE_OUTER_BOUND('',#285,.T.);
#170=FACE_OUTER_BOUND('',#286,.T.);
#171=FACE_OUTER_BOUND('',#287,.T.);
#172=FACE_OUTER_BOUND('',#288,.T.);
#173=FACE_OUTER_BOUND('',#289,.T.);
#174=FACE_OUTER_BOUND('',#290,.T.);
#175=FACE_OUTER_BOUND('',#291,.T.);
#176=FACE_OUTER_BOUND('',#292,.T.);
#177=FACE_OUTER_BOUND('',#293,.T.);
#178=FACE_OUTER_BOUND('',#294,.T.);
#179=FACE_OUTER_BOUND('',#295,.T.);
#180=FACE_OUTER_BOUND('',#296,.T.);
#181=FACE_OUTER_BOUND('',#297,.T.);
#182=FACE_OUTER_BOUND('',#298,.T.);
#183=FACE_OUTER_BOUND('',#299,.T.);
#184=FACE_OUTER_BOUND('',#300,.T.);
#185=FACE_OUTER_BOUND('',#301,.T.);
#186=FACE_OUTER_BOUND('',#302,.T.);
#187=FACE_OUTER_BOUND('',#303,.T.);
#188=FACE_OUTER_BOUND('',#304,.T.);
#189=FACE_OUTER_BOUND('',#305,.T.);
#190=FACE_OUTER_BOUND('',#306,.T.);
#191=FACE_OUTER_BOUND('',#307,.T.);
#192=FACE_OUTER_BOUND('',#308,.T.);
#193=FACE_OUTER_BOUND('',#309,.T.);
#194=FACE_OUTER_BOUND('',#310,.T.);
#195=FACE_OUTER_BOUND('',#311,.T.);
#196=FACE_OUTER_BOUND('',#313,.T.);
#197=FACE_OUTER_BOUND('',#314,.T.);
#198=FACE_OUTER_BOUND('',#315,.T.);
#199=FACE_OUTER_BOUND('',#316,.T.);
#200=FACE_OUTER_BOUND('',#317,.T.);
#201=FACE_OUTER_BOUND('',#318,.T.);
#202=FACE_OUTER_BOUND('',#319,.T.);
#203=FACE_OUTER_BOUND('',#320,.T.);
#204=FACE_OUTER_BOUND('',#321,.T.);
#205=FACE_OUTER_BOUND('',#322,.T.);
#206=FACE_OUTER_BOUND('',#323,.T.);
#207=FACE_OUTER_BOUND('',#324,.T.);
#208=FACE_OUTER_BOUND('',#325,.T.);
#209=FACE_OUTER_BOUND('',#326,.T.);
#210=FACE_OUTER_BOUND('',#327,.T.);
#211=FACE_OUTER_BOUND('',#328,.T.);
#212=FACE_OUTER_BOUND('',#329,.T.);
#213=FACE_OUTER_BOUND('',#330,.T.);
#214=FACE_OUTER_BOUND('',#331,.T.);
#215=FACE_OUTER_BOUND('',#332,.T.);
#216=FACE_OUTER_BOUND('',#333,.T.);
#217=FACE_OUTER_BOUND('',#334,.T.);
#218=FACE_OUTER_BOUND('',#335,.T.);
#219=FACE_OUTER_BOUND('',#336,.T.);
#220=FACE_OUTER_BOUND('',#337,.T.);
#221=FACE_OUTER_BOUND('',#338,.T.);
#222=FACE_OUTER_BOUND('',#339,.T.);
#223=FACE_OUTER_BOUND('',#340,.T.);
#224=FACE_OUTER_BOUND('',#341,.T.);
#225=FACE_OUTER_BOUND('',#343,.T.);
#226=FACE_OUTER_BOUND('',#344,.T.);
#227=FACE_OUTER_BOUND('',#345,.T.);
#228=FACE_OUTER_BOUND('',#346,.T.);
#229=FACE_OUTER_BOUND('',#347,.T.);
#230=FACE_OUTER_BOUND('',#348,.T.);
#231=FACE_OUTER_BOUND('',#349,.T.);
#232=FACE_OUTER_BOUND('',#350,.T.);
#233=FACE_OUTER_BOUND('',#351,.T.);
#234=FACE_OUTER_BOUND('',#352,.T.);
#235=FACE_OUTER_BOUND('',#353,.T.);
#236=FACE_OUTER_BOUND('',#355,.T.);
#237=FACE_OUTER_BOUND('',#356,.T.);
#238=FACE_OUTER_BOUND('',#357,.T.);
#239=FACE_OUTER_BOUND('',#358,.T.);
#240=FACE_OUTER_BOUND('',#359,.T.);
#241=FACE_OUTER_BOUND('',#360,.T.);
#242=FACE_OUTER_BOUND('',#361,.T.);
#243=FACE_OUTER_BOUND('',#362,.T.);
#244=FACE_OUTER_BOUND('',#363,.T.);
#245=FACE_OUTER_BOUND('',#364,.T.);
#246=FACE_OUTER_BOUND('',#365,.T.);
#247=FACE_OUTER_BOUND('',#366,.T.);
#248=FACE_OUTER_BOUND('',#367,.T.);
#249=FACE_OUTER_BOUND('',#368,.T.);
#250=FACE_OUTER_BOUND('',#369,.T.);
#251=FACE_OUTER_BOUND('',#370,.T.);
#252=FACE_OUTER_BOUND('',#371,.T.);
#253=FACE_OUTER_BOUND('',#372,.T.);
#254=FACE_OUTER_BOUND('',#373,.T.);
#255=FACE_OUTER_BOUND('',#374,.T.);
#256=FACE_OUTER_BOUND('',#375,.T.);
#257=FACE_OUTER_BOUND('',#376,.T.);
#258=FACE_OUTER_BOUND('',#377,.T.);
#259=FACE_OUTER_BOUND('',#378,.T.);
#260=FACE_OUTER_BOUND('',#379,.T.);
#261=FACE_OUTER_BOUND('',#380,.T.);
#262=FACE_OUTER_BOUND('',#381,.T.);
#263=FACE_OUTER_BOUND('',#382,.T.);
#264=FACE_OUTER_BOUND('',#383,.T.);
#265=FACE_OUTER_BOUND('',#384,.T.);
#266=FACE_OUTER_BOUND('',#385,.T.);
#267=FACE_OUTER_BOUND('',#386,.T.);
#268=FACE_OUTER_BOUND('',#387,.T.);
#269=FACE_OUTER_BOUND('',#388,.T.);
#270=FACE_OUTER_BOUND('',#389,.T.);
#271=FACE_OUTER_BOUND('',#390,.T.);
#272=FACE_OUTER_BOUND('',#391,.T.);
#273=FACE_OUTER_BOUND('',#392,.T.);
#274=FACE_OUTER_BOUND('',#393,.T.);
#275=FACE_OUTER_BOUND('',#394,.T.);
#276=FACE_OUTER_BOUND('',#395,.T.);
#277=FACE_OUTER_BOUND('',#396,.T.);
#278=FACE_OUTER_BOUND('',#397,.T.);
#279=FACE_OUTER_BOUND('',#399,.T.);
#280=FACE_OUTER_BOUND('',#400,.T.);
#281=FACE_OUTER_BOUND('',#401,.T.);
#282=EDGE_LOOP('',(#1287,#1288));
#283=EDGE_LOOP('',(#1289,#1290,#1291,#1292,#1293,#1294));
#284=EDGE_LOOP('',(#1295,#1296,#1297,#1298,#1299,#1300,#1301));
#285=EDGE_LOOP('',(#1302,#1303,#1304,#1305,#1306,#1307,#1308));
#286=EDGE_LOOP('',(#1309,#1310,#1311,#1312,#1313,#1314));
#287=EDGE_LOOP('',(#1315,#1316,#1317,#1318,#1319,#1320));
#288=EDGE_LOOP('',(#1321,#1322,#1323,#1324));
#289=EDGE_LOOP('',(#1325,#1326,#1327,#1328));
#290=EDGE_LOOP('',(#1329,#1330,#1331,#1332,#1333,#1334));
#291=EDGE_LOOP('',(#1335,#1336,#1337,#1338));
#292=EDGE_LOOP('',(#1339,#1340,#1341,#1342));
#293=EDGE_LOOP('',(#1343,#1344,#1345,#1346,#1347));
#294=EDGE_LOOP('',(#1348,#1349,#1350,#1351,#1352));
#295=EDGE_LOOP('',(#1353,#1354,#1355,#1356));
#296=EDGE_LOOP('',(#1357,#1358,#1359));
#297=EDGE_LOOP('',(#1360,#1361,#1362,#1363));
#298=EDGE_LOOP('',(#1364,#1365,#1366,#1367));
#299=EDGE_LOOP('',(#1368,#1369,#1370,#1371));
#300=EDGE_LOOP('',(#1372,#1373,#1374,#1375,#1376));
#301=EDGE_LOOP('',(#1377,#1378,#1379,#1380,#1381));
#302=EDGE_LOOP('',(#1382,#1383,#1384,#1385,#1386,#1387,#1388,#1389,#1390,
#1391));
#303=EDGE_LOOP('',(#1392,#1393,#1394,#1395));
#304=EDGE_LOOP('',(#1396,#1397,#1398,#1399));
#305=EDGE_LOOP('',(#1400,#1401,#1402,#1403,#1404));
#306=EDGE_LOOP('',(#1405,#1406,#1407,#1408,#1409,#1410,#1411,#1412,#1413,
#1414,#1415,#1416,#1417,#1418,#1419,#1420,#1421,#1422,#1423,#1424,#1425,
#1426,#1427,#1428));
#307=EDGE_LOOP('',(#1429,#1430,#1431,#1432,#1433,#1434,#1435,#1436,#1437));
#308=EDGE_LOOP('',(#1438,#1439,#1440,#1441,#1442));
#309=EDGE_LOOP('',(#1443,#1444,#1445,#1446));
#310=EDGE_LOOP('',(#1447,#1448,#1449,#1450));
#311=EDGE_LOOP('',(#1451,#1452,#1453,#1454,#1455,#1456,#1457,#1458,#1459,
#1460,#1461,#1462,#1463,#1464,#1465,#1466,#1467,#1468,#1469));
#312=EDGE_LOOP('',(#1470,#1471));
#313=EDGE_LOOP('',(#1472,#1473,#1474,#1475,#1476,#1477,#1478,#1479,#1480));
#314=EDGE_LOOP('',(#1481,#1482,#1483,#1484,#1485,#1486,#1487));
#315=EDGE_LOOP('',(#1488,#1489,#1490,#1491));
#316=EDGE_LOOP('',(#1492,#1493,#1494,#1495));
#317=EDGE_LOOP('',(#1496,#1497,#1498,#1499,#1500,#1501,#1502,#1503,#1504,
#1505,#1506));
#318=EDGE_LOOP('',(#1507,#1508,#1509,#1510));
#319=EDGE_LOOP('',(#1511,#1512,#1513,#1514));
#320=EDGE_LOOP('',(#1515,#1516,#1517,#1518,#1519));
#321=EDGE_LOOP('',(#1520,#1521,#1522,#1523));
#322=EDGE_LOOP('',(#1524,#1525,#1526,#1527));
#323=EDGE_LOOP('',(#1528,#1529,#1530,#1531,#1532));
#324=EDGE_LOOP('',(#1533,#1534,#1535,#1536,#1537));
#325=EDGE_LOOP('',(#1538,#1539,#1540,#1541,#1542,#1543));
#326=EDGE_LOOP('',(#1544,#1545,#1546,#1547));
#327=EDGE_LOOP('',(#1548,#1549,#1550,#1551,#1552,#1553,#1554,#1555,#1556,
#1557,#1558));
#328=EDGE_LOOP('',(#1559));
#329=EDGE_LOOP('',(#1560,#1561,#1562,#1563,#1564));
#330=EDGE_LOOP('',(#1565,#1566,#1567,#1568,#1569,#1570,#1571));
#331=EDGE_LOOP('',(#1572,#1573,#1574));
#332=EDGE_LOOP('',(#1575,#1576,#1577,#1578));
#333=EDGE_LOOP('',(#1579,#1580,#1581,#1582));
#334=EDGE_LOOP('',(#1583,#1584,#1585,#1586));
#335=EDGE_LOOP('',(#1587,#1588,#1589,#1590));
#336=EDGE_LOOP('',(#1591,#1592,#1593,#1594));
#337=EDGE_LOOP('',(#1595,#1596,#1597,#1598));
#338=EDGE_LOOP('',(#1599,#1600,#1601,#1602));
#339=EDGE_LOOP('',(#1603,#1604,#1605,#1606));
#340=EDGE_LOOP('',(#1607,#1608,#1609,#1610));
#341=EDGE_LOOP('',(#1611,#1612,#1613,#1614,#1615,#1616,#1617,#1618,#1619,
#1620,#1621,#1622));
#342=EDGE_LOOP('',(#1623,#1624,#1625,#1626,#1627,#1628,#1629));
#343=EDGE_LOOP('',(#1630,#1631,#1632,#1633));
#344=EDGE_LOOP('',(#1634,#1635,#1636,#1637));
#345=EDGE_LOOP('',(#1638,#1639,#1640,#1641));
#346=EDGE_LOOP('',(#1642,#1643,#1644,#1645));
#347=EDGE_LOOP('',(#1646,#1647,#1648,#1649));
#348=EDGE_LOOP('',(#1650,#1651,#1652,#1653));
#349=EDGE_LOOP('',(#1654,#1655,#1656,#1657));
#350=EDGE_LOOP('',(#1658,#1659,#1660,#1661));
#351=EDGE_LOOP('',(#1662,#1663,#1664,#1665));
#352=EDGE_LOOP('',(#1666,#1667,#1668,#1669));
#353=EDGE_LOOP('',(#1670,#1671,#1672,#1673,#1674,#1675));
#354=EDGE_LOOP('',(#1676,#1677,#1678,#1679,#1680,#1681,#1682,#1683,#1684,
#1685,#1686,#1687));
#355=EDGE_LOOP('',(#1688,#1689,#1690,#1691,#1692,#1693));
#356=EDGE_LOOP('',(#1694,#1695,#1696,#1697,#1698,#1699,#1700,#1701,#1702,
#1703,#1704,#1705));
#357=EDGE_LOOP('',(#1706,#1707,#1708,#1709,#1710,#1711,#1712,#1713));
#358=EDGE_LOOP('',(#1714,#1715,#1716,#1717,#1718,#1719));
#359=EDGE_LOOP('',(#1720,#1721,#1722,#1723));
#360=EDGE_LOOP('',(#1724,#1725,#1726,#1727,#1728,#1729,#1730,#1731,#1732,
#1733,#1734,#1735));
#361=EDGE_LOOP('',(#1736,#1737,#1738,#1739));
#362=EDGE_LOOP('',(#1740,#1741,#1742,#1743));
#363=EDGE_LOOP('',(#1744,#1745,#1746,#1747));
#364=EDGE_LOOP('',(#1748,#1749));
#365=EDGE_LOOP('',(#1750,#1751,#1752,#1753));
#366=EDGE_LOOP('',(#1754,#1755));
#367=EDGE_LOOP('',(#1756,#1757,#1758,#1759,#1760,#1761));
#368=EDGE_LOOP('',(#1762,#1763,#1764,#1765));
#369=EDGE_LOOP('',(#1766,#1767,#1768,#1769));
#370=EDGE_LOOP('',(#1770,#1771,#1772,#1773));
#371=EDGE_LOOP('',(#1774,#1775,#1776,#1777,#1778));
#372=EDGE_LOOP('',(#1779,#1780,#1781,#1782));
#373=EDGE_LOOP('',(#1783,#1784,#1785,#1786));
#374=EDGE_LOOP('',(#1787,#1788,#1789,#1790));
#375=EDGE_LOOP('',(#1791,#1792,#1793,#1794,#1795));
#376=EDGE_LOOP('',(#1796,#1797,#1798,#1799,#1800));
#377=EDGE_LOOP('',(#1801,#1802,#1803,#1804));
#378=EDGE_LOOP('',(#1805,#1806,#1807,#1808));
#379=EDGE_LOOP('',(#1809,#1810,#1811,#1812,#1813,#1814,#1815,#1816));
#380=EDGE_LOOP('',(#1817,#1818,#1819,#1820,#1821,#1822,#1823));
#381=EDGE_LOOP('',(#1824,#1825,#1826,#1827,#1828));
#382=EDGE_LOOP('',(#1829,#1830,#1831));
#383=EDGE_LOOP('',(#1832,#1833,#1834,#1835,#1836,#1837,#1838,#1839,#1840,
#1841,#1842,#1843));
#384=EDGE_LOOP('',(#1844,#1845,#1846,#1847,#1848,#1849));
#385=EDGE_LOOP('',(#1850,#1851,#1852,#1853));
#386=EDGE_LOOP('',(#1854,#1855,#1856,#1857,#1858,#1859));
#387=EDGE_LOOP('',(#1860,#1861,#1862,#1863));
#388=EDGE_LOOP('',(#1864,#1865,#1866,#1867));
#389=EDGE_LOOP('',(#1868,#1869,#1870,#1871));
#390=EDGE_LOOP('',(#1872,#1873,#1874,#1875));
#391=EDGE_LOOP('',(#1876,#1877,#1878,#1879,#1880,#1881));
#392=EDGE_LOOP('',(#1882,#1883,#1884,#1885));
#393=EDGE_LOOP('',(#1886,#1887,#1888,#1889));
#394=EDGE_LOOP('',(#1890,#1891,#1892,#1893));
#395=EDGE_LOOP('',(#1894,#1895,#1896,#1897,#1898));
#396=EDGE_LOOP('',(#1899,#1900,#1901,#1902,#1903,#1904,#1905));
#397=EDGE_LOOP('',(#1906,#1907,#1908,#1909,#1910,#1911,#1912,#1913));
#398=EDGE_LOOP('',(#1914,#1915));
#399=EDGE_LOOP('',(#1916,#1917,#1918,#1919,#1920,#1921,#1922));
#400=EDGE_LOOP('',(#1923,#1924,#1925,#1926));
#401=EDGE_LOOP('',(#1927,#1928,#1929,#1930));
#402=LINE('',#2696,#514);
#403=LINE('',#2700,#515);
#404=LINE('',#2702,#516);
#405=LINE('',#2704,#517);
#406=LINE('',#2706,#518);
#407=LINE('',#2708,#519);
#408=LINE('',#2709,#520);
#409=LINE('',#2724,#521);
#410=LINE('',#2732,#522);
#411=LINE('',#2738,#523);
#412=LINE('',#2742,#524);
#413=LINE('',#2746,#525);
#414=LINE('',#2750,#526);
#415=LINE('',#2754,#527);
#416=LINE('',#2755,#528);
#417=LINE('',#2779,#529);
#418=LINE('',#2789,#530);
#419=LINE('',#2952,#531);
#420=LINE('',#2953,#532);
#421=LINE('',#3007,#533);
#422=LINE('',#3008,#534);
#423=LINE('',#3009,#535);
#424=LINE('',#3068,#536);
#425=LINE('',#3070,#537);
#426=LINE('',#3072,#538);
#427=LINE('',#3073,#539);
#428=LINE('',#3084,#540);
#429=LINE('',#3095,#541);
#430=LINE('',#3096,#542);
#431=LINE('',#3098,#543);
#432=LINE('',#3101,#544);
#433=LINE('',#3104,#545);
#434=LINE('',#3105,#546);
#435=LINE('',#3107,#547);
#436=LINE('',#3136,#548);
#437=LINE('',#3138,#549);
#438=LINE('',#3141,#550);
#439=LINE('',#3144,#551);
#440=LINE('',#3148,#552);
#441=LINE('',#3152,#553);
#442=LINE('',#3159,#554);
#443=LINE('',#3163,#555);
#444=LINE('',#3164,#556);
#445=LINE('',#3165,#557);
#446=LINE('',#3167,#558);
#447=LINE('',#3175,#559);
#448=LINE('',#3179,#560);
#449=LINE('',#3184,#561);
#450=LINE('',#3197,#562);
#451=LINE('',#3201,#563);
#452=LINE('',#3215,#564);
#453=LINE('',#3216,#565);
#454=LINE('',#3219,#566);
#455=LINE('',#3220,#567);
#456=LINE('',#3227,#568);
#457=LINE('',#3230,#569);
#458=LINE('',#3233,#570);
#459=LINE('',#3234,#571);
#460=LINE('',#3238,#572);
#461=LINE('',#3240,#573);
#462=LINE('',#3301,#574);
#463=LINE('',#3337,#575);
#464=LINE('',#3340,#576);
#465=LINE('',#3364,#577);
#466=LINE('',#3369,#578);
#467=LINE('',#3377,#579);
#468=LINE('',#3378,#580);
#469=LINE('',#3386,#581);
#470=LINE('',#3387,#582);
#471=LINE('',#3404,#583);
#472=LINE('',#3409,#584);
#473=LINE('',#3428,#585);
#474=LINE('',#3447,#586);
#475=LINE('',#3455,#587);
#476=LINE('',#3456,#588);
#477=LINE('',#3464,#589);
#478=LINE('',#3465,#590);
#479=LINE('',#3473,#591);
#480=LINE('',#3474,#592);
#481=LINE('',#3477,#593);
#482=LINE('',#3491,#594);
#483=LINE('',#3492,#595);
#484=LINE('',#3498,#596);
#485=LINE('',#3503,#597);
#486=LINE('',#3510,#598);
#487=LINE('',#3540,#599);
#488=LINE('',#3547,#600);
#489=LINE('',#3570,#601);
#490=LINE('',#3577,#602);
#491=LINE('',#3595,#603);
#492=LINE('',#3610,#604);
#493=LINE('',#3625,#605);
#494=LINE('',#3678,#606);
#495=LINE('',#3697,#607);
#496=LINE('',#3863,#608);
#497=LINE('',#3993,#609);
#498=LINE('',#4031,#610);
#499=LINE('',#4076,#611);
#500=LINE('',#4078,#612);
#501=LINE('',#4080,#613);
#502=LINE('',#4081,#614);
#503=LINE('',#4087,#615);
#504=LINE('',#4090,#616);
#505=LINE('',#4093,#617);
#506=LINE('',#4247,#618);
#507=LINE('',#4567,#619);
#508=LINE('',#4610,#620);
#509=LINE('',#4623,#621);
#510=LINE('',#4656,#622);
#511=LINE('',#4671,#623);
#512=LINE('',#4677,#624);
#513=LINE('',#5068,#625);
#514=VECTOR('',#2263,10.);
#515=VECTOR('',#2266,10.);
#516=VECTOR('',#2267,10.);
#517=VECTOR('',#2268,10.);
#518=VECTOR('',#2269,10.);
#519=VECTOR('',#2270,10.);
#520=VECTOR('',#2271,10.);
#521=VECTOR('',#2288,10.);
#522=VECTOR('',#2295,10.);
#523=VECTOR('',#2302,10.);
#524=VECTOR('',#2305,10.);
#525=VECTOR('',#2310,10.);
#526=VECTOR('',#2313,10.);
#527=VECTOR('',#2318,10.);
#528=VECTOR('',#2319,10.);
#529=VECTOR('',#2326,10.);
#530=VECTOR('',#2331,10.);
#531=VECTOR('',#2348,10.);
#532=VECTOR('',#2349,10.);
#533=VECTOR('',#2352,10.);
#534=VECTOR('',#2353,10.);
#535=VECTOR('',#2354,10.);
#536=VECTOR('',#2357,10.);
#537=VECTOR('',#2358,10.);
#538=VECTOR('',#2359,10.);
#539=VECTOR('',#2360,10.);
#540=VECTOR('',#2373,10.);
#541=VECTOR('',#2376,10.);
#542=VECTOR('',#2377,10.);
#543=VECTOR('',#2378,10.);
#544=VECTOR('',#2381,10.);
#545=VECTOR('',#2384,10.);
#546=VECTOR('',#2385,10.);
#547=VECTOR('',#2388,10.);
#548=VECTOR('',#2397,10.);
#549=VECTOR('',#2398,1.5);
#550=VECTOR('',#2401,10.);
#551=VECTOR('',#2404,10.);
#552=VECTOR('',#2407,10.);
#553=VECTOR('',#2410,10.);
#554=VECTOR('',#2419,10.);
#555=VECTOR('',#2426,10.);
#556=VECTOR('',#2427,10.);
#557=VECTOR('',#2428,10.);
#558=VECTOR('',#2431,10.);
#559=VECTOR('',#2436,10.);
#560=VECTOR('',#2439,10.);
#561=VECTOR('',#2446,10.);
#562=VECTOR('',#2455,10.);
#563=VECTOR('',#2460,10.);
#564=VECTOR('',#2469,10.);
#565=VECTOR('',#2470,10.);
#566=VECTOR('',#2475,10.);
#567=VECTOR('',#2476,10.);
#568=VECTOR('',#2483,10.);
#569=VECTOR('',#2486,10.);
#570=VECTOR('',#2489,10.);
#571=VECTOR('',#2490,10.);
#572=VECTOR('',#2495,10.);
#573=VECTOR('',#2498,10.);
#574=VECTOR('',#2515,2.00000000000303);
#575=VECTOR('',#2526,10.);
#576=VECTOR('',#2529,10.);
#577=VECTOR('',#2530,10.);
#578=VECTOR('',#2531,10.);
#579=VECTOR('',#2534,10.);
#580=VECTOR('',#2535,10.);
#581=VECTOR('',#2538,10.);
#582=VECTOR('',#2539,10.);
#583=VECTOR('',#2540,10.);
#584=VECTOR('',#2541,10.);
#585=VECTOR('',#2542,10.);
#586=VECTOR('',#2543,10.);
#587=VECTOR('',#2546,10.);
#588=VECTOR('',#2547,10.);
#589=VECTOR('',#2550,10.);
#590=VECTOR('',#2551,10.);
#591=VECTOR('',#2554,10.);
#592=VECTOR('',#2555,10.);
#593=VECTOR('',#2558,10.);
#594=VECTOR('',#2559,10.);
#595=VECTOR('',#2560,10.);
#596=VECTOR('',#2561,10.);
#597=VECTOR('',#2562,10.);
#598=VECTOR('',#2565,10.);
#599=VECTOR('',#2566,10.);
#600=VECTOR('',#2569,10.);
#601=VECTOR('',#2572,10.);
#602=VECTOR('',#2575,10.);
#603=VECTOR('',#2576,10.);
#604=VECTOR('',#2577,10.);
#605=VECTOR('',#2578,10.);
#606=VECTOR('',#2581,10.);
#607=VECTOR('',#2582,10.);
#608=VECTOR('',#2583,10.);
#609=VECTOR('',#2588,10.);
#610=VECTOR('',#2589,10.);
#611=VECTOR('',#2592,10.);
#612=VECTOR('',#2593,10.);
#613=VECTOR('',#2594,10.);
#614=VECTOR('',#2595,10.);
#615=VECTOR('',#2604,10.);
#616=VECTOR('',#2607,10.);
#617=VECTOR('',#2612,10.);
#618=VECTOR('',#2627,10.);
#619=VECTOR('',#2642,10.);
#620=VECTOR('',#2643,10.);
#621=VECTOR('',#2646,10.);
#622=VECTOR('',#2647,10.);
#623=VECTOR('',#2650,10.);
#624=VECTOR('',#2653,10.);
#625=VECTOR('',#2668,10.);
#626=B_SPLINE_CURVE_WITH_KNOTS('',3,(#2677,#2678,#2679,#2680,#2681,#2682,
#2683,#2684,#2685,#2686,#2687,#2688,#2689,#2690,#2691,#2692,#2693,#2694,
#2695),.UNSPECIFIED.,.F.,.F.,(4,2,2,2,3,2,2,2,4),(-0.297098935257151,-0.274243780666603,
-0.244074554542935,-0.193927823912401,0.,0.193927823912401,0.244074554542935,
0.274243780666603,0.297098935257151),.UNSPECIFIED.);
#627=B_SPLINE_CURVE_WITH_KNOTS('',3,(#2761,#2762,#2763,#2764,#2765,#2766,
#2767,#2768,#2769,#2770,#2771,#2772,#2773,#2774,#2775,#2776),
 .UNSPECIFIED.,.F.,.F.,(4,3,3,3,3,4),(-0.781560444875213,-0.667125935180858,
-0.552691425486503,-0.479875584438243,-0.368978165932718,-0.324291412418248),
 .UNSPECIFIED.);
#628=B_SPLINE_CURVE_WITH_KNOTS('',3,(#2784,#2785,#2786,#2787),
 .UNSPECIFIED.,.F.,.F.,(4,4),(0.277183632900692,0.455343789375867),
 .UNSPECIFIED.);
#629=B_SPLINE_CURVE_WITH_KNOTS('',3,(#2791,#2792,#2793,#2794),
 .UNSPECIFIED.,.F.,.F.,(4,4),(0.0497661729019311,0.228824565392284),
 .UNSPECIFIED.);
#630=B_SPLINE_CURVE_WITH_KNOTS('',3,(#2798,#2799,#2800,#2801),
 .UNSPECIFIED.,.F.,.F.,(4,4),(-0.246600772559316,-0.124384697586852),
 .UNSPECIFIED.);
#631=B_SPLINE_CURVE_WITH_KNOTS('',3,(#2802,#2803,#2804,#2805,#2806,#2807),
 .UNSPECIFIED.,.F.,.F.,(4,2,4),(-0.513755541925561,-0.387195905898439,-0.199813606872296),
 .UNSPECIFIED.);
#632=B_SPLINE_CURVE_WITH_KNOTS('',3,(#2810,#2811,#2812,#2813,#2814,#2815,
#2816,#2817),.UNSPECIFIED.,.F.,.F.,(4,2,2,4),(-1.30093772502544,-1.19446610750423,
-0.997222412387565,-0.987269931606144),.UNSPECIFIED.);
#633=B_SPLINE_CURVE_WITH_KNOTS('',3,(#2818,#2819,#2820,#2821),
 .UNSPECIFIED.,.F.,.F.,(4,4),(-0.65356274822269,-0.531531171458265),
 .UNSPECIFIED.);
#634=B_SPLINE_CURVE_WITH_KNOTS('',3,(#2844,#2845,#2846,#2847,#2848,#2849,
#2850,#2851,#2852,#2853,#2854,#2855),.UNSPECIFIED.,.F.,.F.,(4,2,2,2,2,4),
(0.,0.0612273749343529,0.122309090069624,0.155480705456622,0.170300766208875,
0.184351900418181),.UNSPECIFIED.);
#635=B_SPLINE_CURVE_WITH_KNOTS('',3,(#2857,#2858,#2859,#2860),
 .UNSPECIFIED.,.F.,.F.,(4,4),(-0.28856907592006,-0.106814033441716),
 .UNSPECIFIED.);
#636=B_SPLINE_CURVE_WITH_KNOTS('',3,(#2862,#2863,#2864,#2865,#2866,#2867),
 .UNSPECIFIED.,.F.,.F.,(4,2,4),(0.,0.0301880975545349,0.0312902715321786),
 .UNSPECIFIED.);
#637=B_SPLINE_CURVE_WITH_KNOTS('',3,(#2869,#2870,#2871,#2872,#2873,#2874,
#2875,#2876,#2877,#2878),.UNSPECIFIED.,.F.,.F.,(4,2,2,2,4),(0.0312902715321786,
0.0580207116321503,0.0820353783287727,0.0967912271771901,0.112708462806361),
 .UNSPECIFIED.);
#638=B_SPLINE_CURVE_WITH_KNOTS('',3,(#2879,#2880,#2881,#2882),
 .UNSPECIFIED.,.F.,.F.,(4,4),(0.114392830020618,0.175562240284655),
 .UNSPECIFIED.);
#639=B_SPLINE_CURVE_WITH_KNOTS('',3,(#2889,#2890,#2891,#2892),
 .UNSPECIFIED.,.F.,.F.,(4,4),(-0.204502935743908,-0.0227323927511097),
 .UNSPECIFIED.);
#640=B_SPLINE_CURVE_WITH_KNOTS('',3,(#2916,#2917,#2918,#2919,#2920,#2921,
#2922,#2923,#2924,#2925,#2926,#2927),.UNSPECIFIED.,.F.,.F.,(4,2,2,2,2,4),
(0.,0.0612201654244281,0.115581633324904,0.142211447597828,0.154108628326141,
0.165388383247672),.UNSPECIFIED.);
#641=B_SPLINE_CURVE_WITH_KNOTS('',3,(#2929,#2930,#2931,#2932),
 .UNSPECIFIED.,.F.,.F.,(4,4),(-0.289136982044734,-0.107400231626436),
 .UNSPECIFIED.);
#642=B_SPLINE_CURVE_WITH_KNOTS('',3,(#2934,#2935,#2936,#2937,#2938,#2939,
#2940,#2941,#2942,#2943,#2944,#2945),.UNSPECIFIED.,.F.,.F.,(4,2,2,2,2,4),
(0.,0.0301880896240437,0.0580207054016836,0.0820353696299397,0.0967911857441725,
0.112708462518577),.UNSPECIFIED.);
#643=B_SPLINE_CURVE_WITH_KNOTS('',3,(#2946,#2947,#2948,#2949),
 .UNSPECIFIED.,.F.,.F.,(4,4),(0.114972511742849,0.176143403928438),
 .UNSPECIFIED.);
#644=B_SPLINE_CURVE_WITH_KNOTS('',3,(#2975,#2976,#2977,#2978,#2979,#2980,
#2981,#2982,#2983,#2984,#2985,#2986),.UNSPECIFIED.,.F.,.F.,(4,2,2,2,2,4),
(0.,0.0169132951865696,0.0385604184397289,0.0697053381940938,0.105391957248981,
0.143691544840016),.UNSPECIFIED.);
#645=B_SPLINE_CURVE_WITH_KNOTS('',3,(#2988,#2989,#2990,#2991),
 .UNSPECIFIED.,.F.,.F.,(4,4),(0.135726832419082,0.196914575394628),
 .UNSPECIFIED.);
#646=B_SPLINE_CURVE_WITH_KNOTS('',3,(#2992,#2993,#2994,#2995,#2996,#2997,
#2998,#2999,#3000,#3001,#3002,#3003),.UNSPECIFIED.,.F.,.F.,(4,2,2,2,2,4),
(0.,0.0263438951584632,0.0488220593182276,0.0729944167515967,0.0926405008392054,
0.112520212896997),.UNSPECIFIED.);
#647=B_SPLINE_CURVE_WITH_KNOTS('',3,(#3032,#3033,#3034,#3035,#3036,#3037,
#3038,#3039,#3040,#3041,#3042,#3043),.UNSPECIFIED.,.F.,.F.,(4,2,2,2,2,4),
(0.,0.0169132895643719,0.038560407648258,0.0697053105151798,0.105391947998846,
0.143691542717166),.UNSPECIFIED.);
#648=B_SPLINE_CURVE_WITH_KNOTS('',3,(#3045,#3046,#3047,#3048),
 .UNSPECIFIED.,.F.,.F.,(4,4),(0.136239607611999,0.197425605868174),
 .UNSPECIFIED.);
#649=B_SPLINE_CURVE_WITH_KNOTS('',3,(#3050,#3051,#3052,#3053,#3054,#3055,
#3056,#3057,#3058,#3059,#3060,#3061),.UNSPECIFIED.,.F.,.F.,(4,2,2,2,2,4),
(0.,0.0263438939655071,0.0488220627308094,0.0729944210366251,0.0926405034419536,
0.112520213004105),.UNSPECIFIED.);
#650=B_SPLINE_CURVE_WITH_KNOTS('',3,(#3062,#3063,#3064,#3065),
 .UNSPECIFIED.,.F.,.F.,(4,4),(-0.205014109732022,-0.02324274853508),
 .UNSPECIFIED.);
#651=B_SPLINE_CURVE_WITH_KNOTS('',3,(#3088,#3089,#3090,#3091,#3092,#3093),
 .UNSPECIFIED.,.F.,.F.,(4,2,4),(0.36539408063973,0.419991343032141,0.423826521374898),
 .UNSPECIFIED.);
#652=B_SPLINE_CURVE_WITH_KNOTS('',3,(#3110,#3111,#3112,#3113),
 .UNSPECIFIED.,.F.,.F.,(4,4),(0.,0.026076616490243),.UNSPECIFIED.);
#653=B_SPLINE_CURVE_WITH_KNOTS('',3,(#3115,#3116,#3117,#3118,#3119,#3120,
#3121,#3122),.UNSPECIFIED.,.F.,.F.,(4,2,2,4),(0.,0.103665938527305,0.168481513523168,
0.233544014671267),.UNSPECIFIED.);
#654=B_SPLINE_CURVE_WITH_KNOTS('',3,(#3125,#3126,#3127,#3128,#3129,#3130,
#3131,#3132),.UNSPECIFIED.,.F.,.F.,(4,2,2,4),(0.0267158647883339,0.107580460908773,
0.176557623734771,0.244878313189276),.UNSPECIFIED.);
#655=B_SPLINE_CURVE_WITH_KNOTS('',3,(#3171,#3172,#3173,#3174),
 .UNSPECIFIED.,.F.,.F.,(4,4),(0.,0.596437263338417),.UNSPECIFIED.);
#656=B_SPLINE_CURVE_WITH_KNOTS('',3,(#3191,#3192,#3193,#3194),
 .UNSPECIFIED.,.F.,.F.,(4,4),(-0.981089398813883,-0.570388134014443),
 .UNSPECIFIED.);
#657=B_SPLINE_CURVE_WITH_KNOTS('',3,(#3204,#3205,#3206,#3207),
 .UNSPECIFIED.,.F.,.F.,(4,4),(-0.097,0.),.UNSPECIFIED.);
#658=B_SPLINE_CURVE_WITH_KNOTS('',3,(#3210,#3211,#3212,#3213),
 .UNSPECIFIED.,.F.,.F.,(4,4),(-0.410354533848855,5.55111512312578E-17),
 .UNSPECIFIED.);
#659=B_SPLINE_CURVE_WITH_KNOTS('',3,(#3248,#3249,#3250,#3251,#3252,#3253,
#3254,#3255,#3256,#3257,#3258,#3259,#3260,#3261,#3262,#3263,#3264,#3265,
#3266),.UNSPECIFIED.,.F.,.F.,(4,3,3,3,3,3,4),(-0.090214357898727,-0.0745871737110544,
-0.0590061078476329,-0.046209974817609,-0.0310619354134813,-0.0155309677067406,
0.),.UNSPECIFIED.);
#660=B_SPLINE_CURVE_WITH_KNOTS('',3,(#3272,#3273,#3274,#3275,#3276,#3277,
#3278,#3279,#3280,#3281,#3282,#3283,#3284,#3285,#3286,#3287,#3288,#3289,
#3290),.UNSPECIFIED.,.F.,.F.,(4,3,3,3,3,3,4),(-0.0898782844568672,-0.0747955804822889,
-0.0597100054886181,-0.0456217319541427,-0.0301340766350944,-0.0145587147599405,
0.),.UNSPECIFIED.);
#661=B_SPLINE_CURVE_WITH_KNOTS('',3,(#3292,#3293,#3294,#3295,#3296,#3297),
 .UNSPECIFIED.,.F.,.F.,(4,2,4),(0.274511708488914,0.278346886831649,0.332944149224059),
 .UNSPECIFIED.);
#662=B_SPLINE_CURVE_WITH_KNOTS('',3,(#3326,#3327,#3328,#3329),
 .UNSPECIFIED.,.F.,.F.,(4,4),(2.35969509246578E-16,0.216839785760364),
 .UNSPECIFIED.);
#663=B_SPLINE_CURVE_WITH_KNOTS('',3,(#3332,#3333,#3334,#3335),
 .UNSPECIFIED.,.F.,.F.,(4,4),(-0.216839785760364,-0.0883436281336613),
 .UNSPECIFIED.);
#664=B_SPLINE_CURVE_WITH_KNOTS('',3,(#3341,#3342,#3343,#3344),
 .UNSPECIFIED.,.F.,.F.,(4,4),(-0.128496157633276,-1.33194251472597E-13),
 .UNSPECIFIED.);
#665=B_SPLINE_CURVE_WITH_KNOTS('',3,(#3353,#3354,#3355,#3356,#3357,#3358,
#3359,#3360,#3361,#3362),.UNSPECIFIED.,.F.,.F.,(4,3,3,4),(0.,0.0211500764882155,
0.04114819128263,0.064479845284719),.UNSPECIFIED.);
#666=B_SPLINE_CURVE_WITH_KNOTS('',2,(#3366,#3367,#3368),.UNSPECIFIED.,.F.,
 .F.,(3,3),(0.,1.),.UNSPECIFIED.);
#667=B_SPLINE_CURVE_WITH_KNOTS('',3,(#3372,#3373,#3374,#3375),
 .UNSPECIFIED.,.F.,.F.,(4,4),(-0.139142858982086,-0.05),.UNSPECIFIED.);
#668=B_SPLINE_CURVE_WITH_KNOTS('',3,(#3381,#3382,#3383,#3384),
 .UNSPECIFIED.,.F.,.F.,(4,4),(-0.260843791215771,-0.132906408624434),
 .UNSPECIFIED.);
#669=B_SPLINE_CURVE_WITH_KNOTS('',3,(#3396,#3397,#3398,#3399,#3400,#3401,
#3402),.UNSPECIFIED.,.F.,.F.,(4,3,4),(0.,0.0285547905328343,0.0568682394569512),
 .UNSPECIFIED.);
#670=B_SPLINE_CURVE_WITH_KNOTS('',2,(#3406,#3407,#3408),.UNSPECIFIED.,.F.,
 .F.,(3,3),(0.,1.),.UNSPECIFIED.);
#671=B_SPLINE_CURVE_WITH_KNOTS('',3,(#3417,#3418,#3419,#3420,#3421,#3422,
#3423),.UNSPECIFIED.,.F.,.F.,(4,3,4),(0.,0.028765874259479,0.0588799090566861),
 .UNSPECIFIED.);
#672=B_SPLINE_CURVE_WITH_KNOTS('',2,(#3425,#3426,#3427),.UNSPECIFIED.,.F.,
 .F.,(3,3),(0.,1.),.UNSPECIFIED.);
#673=B_SPLINE_CURVE_WITH_KNOTS('',3,(#3436,#3437,#3438,#3439,#3440,#3441,
#3442),.UNSPECIFIED.,.F.,.F.,(4,3,4),(0.,0.0324696051635818,0.0697222638041355),
 .UNSPECIFIED.);
#674=B_SPLINE_CURVE_WITH_KNOTS('',2,(#3444,#3445,#3446),.UNSPECIFIED.,.F.,
 .F.,(3,3),(0.,1.),.UNSPECIFIED.);
#675=B_SPLINE_CURVE_WITH_KNOTS('',3,(#3450,#3451,#3452,#3453),
 .UNSPECIFIED.,.F.,.F.,(4,4),(-0.144857156276703,-0.0499999999999999),
 .UNSPECIFIED.);
#676=B_SPLINE_CURVE_WITH_KNOTS('',3,(#3459,#3460,#3461,#3462),
 .UNSPECIFIED.,.F.,.F.,(4,4),(-0.322231215030723,-0.142834349329409),
 .UNSPECIFIED.);
#677=B_SPLINE_CURVE_WITH_KNOTS('',3,(#3468,#3469,#3470,#3471),
 .UNSPECIFIED.,.F.,.F.,(4,4),(-0.0979999929666519,-0.05),.UNSPECIFIED.);
#678=B_SPLINE_CURVE_WITH_KNOTS('',2,(#3479,#3480,#3481),.UNSPECIFIED.,.F.,
 .F.,(3,3),(0.,1.),.UNSPECIFIED.);
#679=B_SPLINE_CURVE_WITH_KNOTS('',2,(#3483,#3484,#3485),.UNSPECIFIED.,.F.,
 .F.,(3,3),(0.,1.),.UNSPECIFIED.);
#680=B_SPLINE_CURVE_WITH_KNOTS('',2,(#3487,#3488,#3489),.UNSPECIFIED.,.F.,
 .F.,(3,3),(0.,1.),.UNSPECIFIED.);
#681=B_SPLINE_CURVE_WITH_KNOTS('',2,(#3494,#3495,#3496),.UNSPECIFIED.,.F.,
 .F.,(3,3),(0.,1.),.UNSPECIFIED.);
#682=B_SPLINE_CURVE_WITH_KNOTS('',2,(#3500,#3501,#3502),.UNSPECIFIED.,.F.,
 .F.,(3,3),(0.,1.),.UNSPECIFIED.);
#683=B_SPLINE_CURVE_WITH_KNOTS('',3,(#3506,#3507,#3508,#3509),
 .UNSPECIFIED.,.F.,.F.,(4,4),(-0.139142858982086,-0.0499999999999999),
 .UNSPECIFIED.);
#684=B_SPLINE_CURVE_WITH_KNOTS('',3,(#3518,#3519,#3520,#3521,#3522,#3523,
#3524,#3525,#3526,#3527,#3528,#3529,#3530,#3531,#3532,#3533,#3534,#3535,
#3536,#3537,#3538,#3539),.UNSPECIFIED.,.F.,.F.,(4,3,3,3,3,3,3,4),(0.,0.0208879962502188,
0.0368916303178745,0.0396088739853387,0.0640340226601947,0.0848305640661087,
0.101482774458917,0.120255836391965),.UNSPECIFIED.);
#685=B_SPLINE_CURVE_WITH_KNOTS('',3,(#3543,#3544,#3545,#3546),
 .UNSPECIFIED.,.F.,.F.,(4,4),(-0.153528444272079,-0.140779877206082),
 .UNSPECIFIED.);
#686=B_SPLINE_CURVE_WITH_KNOTS('',3,(#3554,#3555,#3556,#3557,#3558,#3559,
#3560,#3561,#3562,#3563),.UNSPECIFIED.,.F.,.F.,(4,3,3,4),(0.,0.0280912235724735,
0.0411636786861178,0.0544385991802699),.UNSPECIFIED.);
#687=B_SPLINE_CURVE_WITH_KNOTS('',3,(#3566,#3567,#3568,#3569),
 .UNSPECIFIED.,.F.,.F.,(4,4),(-0.493068503952447,-0.0144935843928273),
 .UNSPECIFIED.);
#688=B_SPLINE_CURVE_WITH_KNOTS('',3,(#3573,#3574,#3575,#3576),
 .UNSPECIFIED.,.F.,.F.,(4,4),(-0.192857149243355,-0.0499999999999999),
 .UNSPECIFIED.);
#689=B_SPLINE_CURVE_WITH_KNOTS('',3,(#3585,#3586,#3587,#3588,#3589,#3590,
#3591,#3592,#3593,#3594),.UNSPECIFIED.,.F.,.F.,(4,3,3,4),(0.,0.03324936958117,
0.0376687074338489,0.0704272018199747),.UNSPECIFIED.);
#690=B_SPLINE_CURVE_WITH_KNOTS('',3,(#3603,#3604,#3605,#3606,#3607,#3608,
#3609),.UNSPECIFIED.,.F.,.F.,(4,3,4),(0.,0.0296500916383852,0.0577222756218531),
 .UNSPECIFIED.);
#691=B_SPLINE_CURVE_WITH_KNOTS('',3,(#3618,#3619,#3620,#3621,#3622,#3623,
#3624),.UNSPECIFIED.,.F.,.F.,(4,3,4),(0.,0.0279274108979855,0.0563362920271126),
 .UNSPECIFIED.);
#692=B_SPLINE_CURVE_WITH_KNOTS('',3,(#3627,#3628,#3629,#3630),
 .UNSPECIFIED.,.F.,.F.,(4,4),(-0.14548866785219,-0.130123211294289),
 .UNSPECIFIED.);
#693=B_SPLINE_CURVE_WITH_KNOTS('',3,(#3661,#3662,#3663,#3664,#3665),
 .UNSPECIFIED.,.F.,.F.,(4,1,4),(-0.575169102044252,-0.246501043733269,-3.10962387452517E-14),
 .UNSPECIFIED.);
#694=B_SPLINE_CURVE_WITH_KNOTS('',3,(#3667,#3668,#3669,#3670,#3671,#3672,
#3673,#3674,#3675,#3676),.UNSPECIFIED.,.F.,.F.,(4,1,1,1,1,1,1,4),(-0.55312237515153,
-0.474104892987026,-0.395087410822522,-0.35557866974027,-0.316069928658017,
-0.237052446493513,-0.0790174821645044,-1.16805182072387E-16),
 .UNSPECIFIED.);
#695=B_SPLINE_CURVE_WITH_KNOTS('',3,(#3680,#3681,#3682,#3683,#3684,#3685,
#3686,#3687,#3688,#3689,#3690),.UNSPECIFIED.,.F.,.F.,(4,1,1,1,1,1,1,1,4),
(-0.552795422817364,-0.47382464812917,-0.394853873440976,-0.315883098752782,
-0.236912324064588,-0.197426936720491,-0.157941549376394,-0.0789707746881997,
-5.60509876583337E-15),.UNSPECIFIED.);
#696=B_SPLINE_CURVE_WITH_KNOTS('',3,(#3692,#3693,#3694,#3695,#3696),
 .UNSPECIFIED.,.F.,.F.,(4,1,4),(-0.575169102044252,-0.246501043733251,0.),
 .UNSPECIFIED.);
#697=B_SPLINE_CURVE_WITH_KNOTS('',3,(#3720,#3721,#3722,#3723,#3724,#3725,
#3726,#3727,#3728,#3729,#3730,#3731,#3732,#3733,#3734,#3735,#3736,#3737,
#3738,#3739,#3740,#3741),.UNSPECIFIED.,.F.,.F.,(4,3,3,3,3,3,3,4),(0.,0.0341814531836857,
0.0683519855226649,0.102574885811841,0.136725812734743,0.170974458526621,
0.205131415995277,0.215349087257885),.UNSPECIFIED.);
#698=B_SPLINE_CURVE_WITH_KNOTS('',3,(#3743,#3744,#3745,#3746),
 .UNSPECIFIED.,.F.,.F.,(4,4),(-0.575305050954554,-0.535305021100427),
 .UNSPECIFIED.);
#699=B_SPLINE_CURVE_WITH_KNOTS('',3,(#3748,#3749,#3750,#3751),
 .UNSPECIFIED.,.F.,.F.,(4,4),(0.401660669843637,0.535305021100427),
 .UNSPECIFIED.);
#700=B_SPLINE_CURVE_WITH_KNOTS('',3,(#3753,#3754,#3755,#3756,#3757,#3758,
#3759,#3760,#3761,#3762,#3763,#3764),.UNSPECIFIED.,.F.,.F.,(4,2,2,2,2,4),
(0.,0.119690436081145,0.259400167527896,0.414353277596532,0.496791505065908,
0.577593491224082),.UNSPECIFIED.);
#701=B_SPLINE_CURVE_WITH_KNOTS('',3,(#3766,#3767,#3768,#3769),
 .UNSPECIFIED.,.F.,.F.,(4,4),(0.567959523781325,0.725596793304003),
 .UNSPECIFIED.);
#702=B_SPLINE_CURVE_WITH_KNOTS('',3,(#3770,#3771,#3772,#3773,#3774,#3775,
#3776,#3777,#3778,#3779,#3780,#3781),.UNSPECIFIED.,.F.,.F.,(4,2,2,2,2,4),
(0.,0.0740559706923682,0.171892621547602,0.253113374914464,0.336672206882488,
0.337516379428106),.UNSPECIFIED.);
#703=B_SPLINE_CURVE_WITH_KNOTS('',3,(#3803,#3804,#3805,#3806),
 .UNSPECIFIED.,.F.,.F.,(4,4),(0.766499847946286,1.11831259596382),
 .UNSPECIFIED.);
#704=B_SPLINE_CURVE_WITH_KNOTS('',3,(#3807,#3808,#3809,#3810,#3811,#3812,
#3813,#3814,#3815,#3816),.UNSPECIFIED.,.F.,.F.,(4,3,3,4),(-0.825093351689377,
-0.559414351074128,-0.534571062306498,-0.344781486545445),.UNSPECIFIED.);
#705=B_SPLINE_CURVE_WITH_KNOTS('',3,(#3818,#3819,#3820,#3821,#3822,#3823,
#3824,#3825,#3826,#3827,#3828,#3829,#3830,#3831,#3832,#3833,#3834,#3835,
#3836,#3837,#3838,#3839,#3840,#3841,#3842,#3843,#3844,#3845),
 .UNSPECIFIED.,.F.,.F.,(4,3,3,3,3,3,3,3,3,4),(0.0493771515062944,0.096349652270207,
0.14797845619239,0.209735575322978,0.288680735155021,0.349954032218221,
0.406928127311841,0.461510029376845,0.5141961869754,0.525516214651153),
 .UNSPECIFIED.);
#706=B_SPLINE_CURVE_WITH_KNOTS('',3,(#3847,#3848,#3849,#3850),
 .UNSPECIFIED.,.F.,.F.,(4,4),(0.150330727435939,0.213301149972537),
 .UNSPECIFIED.);
#707=B_SPLINE_CURVE_WITH_KNOTS('',3,(#3852,#3853,#3854,#3855),
 .UNSPECIFIED.,.F.,.F.,(4,4),(2.87434622763565E-12,0.0191112550053973),
 .UNSPECIFIED.);
#708=B_SPLINE_CURVE_WITH_KNOTS('',3,(#3857,#3858,#3859,#3860,#3861),
 .UNSPECIFIED.,.F.,.F.,(4,1,4),(1.63972434168555E-12,0.643515057892267,
1.12615135131024),.UNSPECIFIED.);
#709=B_SPLINE_CURVE_WITH_KNOTS('',3,(#3865,#3866,#3867,#3868,#3869),
 .UNSPECIFIED.,.F.,.F.,(4,1,4),(3.10962387452517E-14,0.246501043733269,
0.575169102044252),.UNSPECIFIED.);
#710=B_SPLINE_CURVE_WITH_KNOTS('',3,(#3870,#3871,#3872,#3873),
 .UNSPECIFIED.,.F.,.F.,(4,4),(1.1181432115058,1.66715666997254),
 .UNSPECIFIED.);
#711=B_SPLINE_CURVE_WITH_KNOTS('',3,(#3897,#3898,#3899,#3900,#3901,#3902,
#3903,#3904,#3905,#3906,#3907,#3908),.UNSPECIFIED.,.F.,.F.,(4,2,2,2,2,4),
(0.,0.127378471010458,0.264143418294601,0.420703099575427,0.500517803556861,
0.578444421198436),.UNSPECIFIED.);
#712=B_SPLINE_CURVE_WITH_KNOTS('',3,(#3909,#3910,#3911,#3912,#3913,#3914,
#3915,#3916,#3917,#3918),.UNSPECIFIED.,.F.,.F.,(4,3,3,4),(-0.745242242703742,
-0.558437103431521,-0.545932486832449,-0.267207639205772),.UNSPECIFIED.);
#713=B_SPLINE_CURVE_WITH_KNOTS('',3,(#3940,#3941,#3942,#3943),
 .UNSPECIFIED.,.F.,.F.,(4,4),(0.438181278563805,0.571825629730832),
 .UNSPECIFIED.);
#714=B_SPLINE_CURVE_WITH_KNOTS('',3,(#3945,#3946,#3947,#3948),
 .UNSPECIFIED.,.F.,.F.,(4,4),(-0.438181278563804,-0.398181248738079),
 .UNSPECIFIED.);
#715=B_SPLINE_CURVE_WITH_KNOTS('',3,(#3950,#3951,#3952,#3953,#3954,#3955,
#3956,#3957,#3958,#3959,#3960,#3961,#3962,#3963,#3964,#3965,#3966,#3967,
#3968,#3969,#3970,#3971,#3972,#3973,#3974),.UNSPECIFIED.,.F.,.F.,(4,3,3,
3,3,3,3,3,4),(0.337108102609258,0.371257439369403,0.40551524389379,0.410176616327524,
0.445663338281927,0.48115006023633,0.516636773435416,0.55032582513388,0.552123486634502),
 .UNSPECIFIED.);
#716=B_SPLINE_CURVE_WITH_KNOTS('',3,(#3976,#3977,#3978,#3979,#3980,#3981,
#3982,#3983,#3984,#3985,#3986,#3987),.UNSPECIFIED.,.F.,.F.,(4,2,2,2,2,4),
(-0.000986567459336307,0.,0.0974410102755895,0.192116247807521,0.306269031236626,
0.392646028573542),.UNSPECIFIED.);
#717=B_SPLINE_CURVE_WITH_KNOTS('',3,(#3988,#3989,#3990,#3991),
 .UNSPECIFIED.,.F.,.F.,(4,4),(0.247889506320313,0.40552677590585),
 .UNSPECIFIED.);
#718=B_SPLINE_CURVE_WITH_KNOTS('',3,(#4015,#4016,#4017,#4018),
 .UNSPECIFIED.,.F.,.F.,(4,4),(0.548844074008641,0.900656822026174),
 .UNSPECIFIED.);
#719=B_SPLINE_CURVE_WITH_KNOTS('',3,(#4020,#4021,#4022,#4023),
 .UNSPECIFIED.,.F.,.F.,(4,4),(-8.19271425653524E-14,0.54901345846666),
 .UNSPECIFIED.);
#720=B_SPLINE_CURVE_WITH_KNOTS('',3,(#4025,#4026,#4027,#4028,#4029),
 .UNSPECIFIED.,.F.,.F.,(4,1,4),(0.,0.246501043733251,0.575169102044252),
 .UNSPECIFIED.);
#721=B_SPLINE_CURVE_WITH_KNOTS('',3,(#4033,#4034,#4035,#4036,#4037),
 .UNSPECIFIED.,.F.,.F.,(4,1,4),(0.,0.643515060322332,1.12615135556408),
 .UNSPECIFIED.);
#722=B_SPLINE_CURVE_WITH_KNOTS('',3,(#4039,#4040,#4041,#4042),
 .UNSPECIFIED.,.F.,.F.,(4,4),(0.322568171404998,0.341679426404572),
 .UNSPECIFIED.);
#723=B_SPLINE_CURVE_WITH_KNOTS('',3,(#4044,#4045,#4046,#4047),
 .UNSPECIFIED.,.F.,.F.,(4,4),(0.0499719163868863,0.112859680801488),
 .UNSPECIFIED.);
#724=B_SPLINE_CURVE_WITH_KNOTS('',3,(#4048,#4049,#4050,#4051,#4052,#4053,
#4054,#4055,#4056,#4057,#4058,#4059,#4060,#4061,#4062,#4063,#4064,#4065,
#4066,#4067,#4068,#4069,#4070,#4071,#4072),.UNSPECIFIED.,.F.,.F.,(4,3,3,
3,3,3,3,3,4),(0.0490755209584323,0.0990097129710852,0.151604246124092,0.207338632046667,
0.269545266854518,0.353423326413651,0.408622864533059,0.454821013874925,
0.500835130757229),.UNSPECIFIED.);
#725=B_SPLINE_CURVE_WITH_KNOTS('',3,(#4117,#4118,#4119,#4120),
 .UNSPECIFIED.,.F.,.F.,(4,4),(-1.66715666997254,-1.11712917481932),
 .UNSPECIFIED.);
#726=B_SPLINE_CURVE_WITH_KNOTS('',3,(#4121,#4122,#4123,#4124),
 .UNSPECIFIED.,.F.,.F.,(4,4),(1.05334084599079,1.11712994898904),
 .UNSPECIFIED.);
#727=B_SPLINE_CURVE_WITH_KNOTS('',3,(#4203,#4204,#4205,#4206,#4207,#4208,
#4209,#4210,#4211,#4212),.UNSPECIFIED.,.F.,.F.,(4,1,1,1,1,1,1,4),(1.16805182072387E-16,
0.0790174821645044,0.237052446493513,0.316069928658017,0.35557866974027,
0.395087410822522,0.474104892987026,0.55312237515153),.UNSPECIFIED.);
#728=B_SPLINE_CURVE_WITH_KNOTS('',3,(#4235,#4236,#4237,#4238),
 .UNSPECIFIED.,.F.,.F.,(4,4),(-0.235247311024925,0.),.UNSPECIFIED.);
#729=B_SPLINE_CURVE_WITH_KNOTS('',3,(#4239,#4240,#4241,#4242),
 .UNSPECIFIED.,.F.,.F.,(4,4),(0.,0.235247311024925),.UNSPECIFIED.);
#730=B_SPLINE_CURVE_WITH_KNOTS('',3,(#4274,#4275,#4276,#4277),
 .UNSPECIFIED.,.F.,.F.,(4,4),(-0.596437263338417,0.),.UNSPECIFIED.);
#731=B_SPLINE_CURVE_WITH_KNOTS('',3,(#4278,#4279,#4280,#4281),
 .UNSPECIFIED.,.F.,.F.,(4,4),(0.,0.596437263338417),.UNSPECIFIED.);
#732=B_SPLINE_CURVE_WITH_KNOTS('',3,(#4313,#4314,#4315,#4316,#4317,#4318),
 .UNSPECIFIED.,.F.,.F.,(4,1,1,4),(-0.500580257248578,-0.357569097308601,
-0.214541458385161,0.),.UNSPECIFIED.);
#733=B_SPLINE_CURVE_WITH_KNOTS('',3,(#4320,#4321,#4322,#4323,#4324,#4325),
 .UNSPECIFIED.,.F.,.F.,(4,1,1,4),(0.,0.214541458385161,0.357569097308601,
0.495048616101752),.UNSPECIFIED.);
#734=B_SPLINE_CURVE_WITH_KNOTS('',3,(#4326,#4327,#4328,#4329,#4330,#4331,
#4332,#4333,#4334,#4335,#4336,#4337,#4338,#4339,#4340,#4341,#4342,#4343,
#4344,#4345,#4346,#4347,#4348,#4349,#4350,#4351,#4352,#4353,#4354,#4355,
#4356,#4357,#4358,#4359,#4360,#4361,#4362,#4363,#4364,#4365,#4366,#4367,
#4368,#4369,#4370,#4371,#4372,#4373,#4374,#4375,#4376,#4377),
 .UNSPECIFIED.,.F.,.F.,(4,3,3,3,3,3,3,3,3,3,3,3,3,3,3,3,3,4),(-0.236447111888545,
-0.235480820208334,-0.217757135578222,-0.199669881495361,-0.181420871143124,
-0.175756046469188,-0.157524839170121,-0.139288024501103,-0.121456835692243,
-0.117184690730083,-0.101306435053228,-0.0833828454314187,-0.0652328901194143,
-0.0586170322230318,-0.0404999047956743,-0.0223481157628513,-0.00459804926485031,
0.),.UNSPECIFIED.);
#735=B_SPLINE_CURVE_WITH_KNOTS('',3,(#4398,#4399,#4400,#4401),
 .UNSPECIFIED.,.F.,.F.,(4,4),(1.33194251472597E-13,0.216839785760738),
 .UNSPECIFIED.);
#736=B_SPLINE_CURVE_WITH_KNOTS('',3,(#4432,#4433,#4434,#4435,#4436,#4437),
 .UNSPECIFIED.,.F.,.F.,(4,1,1,4),(0.00749890607226986,0.128898519590497,
0.257797039180994,0.451144818566739),.UNSPECIFIED.);
#737=B_SPLINE_CURVE_WITH_KNOTS('',3,(#4441,#4442,#4443,#4444,#4445,#4446),
 .UNSPECIFIED.,.F.,.F.,(4,1,1,4),(-0.451144818566739,-0.257797039180994,
-0.128898519590497,1.73472347597686E-17),.UNSPECIFIED.);
#738=B_SPLINE_CURVE_WITH_KNOTS('',3,(#4447,#4448,#4449,#4450),
 .UNSPECIFIED.,.F.,.F.,(4,4),(-2.16840434497101E-19,0.00357470454479362),
 .UNSPECIFIED.);
#739=B_SPLINE_CURVE_WITH_KNOTS('',3,(#4478,#4479,#4480,#4481,#4482),
 .UNSPECIFIED.,.F.,.F.,(4,1,4),(-1.12615135131024,-0.643515057892267,-1.63972434168555E-12),
 .UNSPECIFIED.);
#740=B_SPLINE_CURVE_WITH_KNOTS('',3,(#4504,#4505,#4506,#4507,#4508,#4509,
#4510,#4511,#4512,#4513,#4514,#4515,#4516,#4517,#4518,#4519,#4520,#4521,
#4522,#4523,#4524,#4525,#4526,#4527,#4528,#4529,#4530,#4531,#4532,#4533,
#4534,#4535,#4536,#4537,#4538,#4539,#4540,#4541,#4542,#4543,#4544,#4545,
#4546,#4547,#4548,#4549,#4550,#4551,#4552),.UNSPECIFIED.,.F.,.F.,(4,3,3,
3,3,3,3,3,3,3,3,3,3,3,3,3,4),(0.,0.0177041952047409,0.0357797990169654,
0.0540338119904198,0.0585957507974653,0.0768187460518316,0.0950702746328185,
0.112939458116203,0.117191985221288,0.135286882880606,0.153240895648138,
0.171402389117741,0.175789243702465,0.19391193713236,0.206214505765975,
0.22422429793465,0.23663976614986),.UNSPECIFIED.);
#741=B_SPLINE_CURVE_WITH_KNOTS('',3,(#4553,#4554,#4555,#4556),
 .UNSPECIFIED.,.F.,.F.,(4,4),(-0.020000365826542,-2.87434622763565E-12),
 .UNSPECIFIED.);
#742=B_SPLINE_CURVE_WITH_KNOTS('',3,(#4559,#4560,#4561,#4562),
 .UNSPECIFIED.,.F.,.F.,(4,4),(-0.550027495153136,8.19271425653524E-14),
 .UNSPECIFIED.);
#743=B_SPLINE_CURVE_WITH_KNOTS('',3,(#4563,#4564,#4565,#4566),
 .UNSPECIFIED.,.F.,.F.,(4,4),(0.550026720983419,0.613815823981676),
 .UNSPECIFIED.);
#744=B_SPLINE_CURVE_WITH_KNOTS('',3,(#4611,#4612,#4613,#4614),
 .UNSPECIFIED.,.F.,.F.,(4,4),(-0.235247334039786,0.),.UNSPECIFIED.);
#745=B_SPLINE_CURVE_WITH_KNOTS('',3,(#4625,#4626,#4627,#4628,#4629,#4630,
#4631,#4632,#4633,#4634,#4635,#4636,#4637),.UNSPECIFIED.,.F.,.F.,(4,3,3,
3,4),(0.156858863966562,0.157613709272685,0.15806802888897,0.158299796210532,
0.158539561711343),.UNSPECIFIED.);
#746=B_SPLINE_CURVE_WITH_KNOTS('',3,(#4639,#4640,#4641,#4642,#4643,#4644),
 .UNSPECIFIED.,.F.,.F.,(4,1,1,4),(-0.501123680076323,-0.286582221691161,
-0.143554582767721,-0.000543422827745099),.UNSPECIFIED.);
#747=B_SPLINE_CURVE_WITH_KNOTS('',3,(#4645,#4646,#4647,#4648),
 .UNSPECIFIED.,.F.,.F.,(4,4),(-0.596437263338417,0.),.UNSPECIFIED.);
#748=B_SPLINE_CURVE_WITH_KNOTS('',3,(#4658,#4659,#4660,#4661,#4662),
 .UNSPECIFIED.,.F.,.F.,(4,1,4),(-1.12615135556408,-0.643515060322332,0.),
 .UNSPECIFIED.);
#749=B_SPLINE_CURVE_WITH_KNOTS('',3,(#4663,#4664,#4665,#4666,#4667,#4668),
 .UNSPECIFIED.,.F.,.F.,(4,1,1,4),(-0.451144818565063,-0.322246298975045,
-0.193347779385027,0.),.UNSPECIFIED.);
#750=B_SPLINE_CURVE_WITH_KNOTS('',3,(#4672,#4673,#4674,#4675),
 .UNSPECIFIED.,.F.,.F.,(4,4),(-0.341679426404572,-0.321679060583853),
 .UNSPECIFIED.);
#751=B_SPLINE_CURVE_WITH_KNOTS('',3,(#4678,#4679,#4680,#4681,#4682,#4683,
#4684,#4685,#4686,#4687,#4688,#4689,#4690,#4691,#4692,#4693,#4694,#4695,
#4696,#4697,#4698,#4699,#4700,#4701,#4702,#4703,#4704,#4705,#4706,#4707,
#4708,#4709,#4710,#4711,#4712,#4713,#4714,#4715,#4716,#4717,#4718,#4719,
#4720,#4721,#4722,#4723,#4724,#4725,#4726),.UNSPECIFIED.,.F.,.F.,(4,3,3,
3,3,3,3,3,3,3,3,3,3,3,3,3,4),(0.,0.0178535947114417,0.0359861700136814,
0.0540655992391954,0.0585987376246409,0.0767559463108226,0.0947279939191432,
0.101494143001421,0.117196927112844,0.135142452061272,0.153362775472898,
0.171551610726118,0.17579401324557,0.193946915004527,0.206216998905754,
0.22413417125206,0.23663992659325),.UNSPECIFIED.);
#752=B_SPLINE_CURVE_WITH_KNOTS('',3,(#4770,#4771,#4772,#4773),
 .UNSPECIFIED.,.F.,.F.,(4,4),(0.,0.235247334039786),.UNSPECIFIED.);
#753=B_SPLINE_CURVE_WITH_KNOTS('',3,(#4830,#4831,#4832,#4833,#4834,#4835,
#4836,#4837,#4838,#4839,#4840),.UNSPECIFIED.,.F.,.F.,(4,1,1,1,1,1,1,1,4),
(5.60509876583337E-15,0.0789707746881997,0.157941549376394,0.197426936720491,
0.236912324064588,0.315883098752782,0.394853873440976,0.47382464812917,
0.552795422817364),.UNSPECIFIED.);
#754=B_SPLINE_CURVE_WITH_KNOTS('',3,(#4918,#4919,#4920,#4921,#4922,#4923),
 .UNSPECIFIED.,.F.,.F.,(4,1,1,4),(0.00607506397440348,0.143554582767721,
0.286582221691161,0.501123680076323),.UNSPECIFIED.);
#755=B_SPLINE_CURVE_WITH_KNOTS('',3,(#4924,#4925,#4926,#4927,#4928,#4929,
#4930,#4931,#4932,#4933,#4934,#4935,#4936,#4937,#4938,#4939,#4940,#4941,
#4942,#4943,#4944,#4945,#4946,#4947,#4948,#4949,#4950,#4951,#4952,#4953,
#4954,#4955,#4956,#4957,#4958,#4959,#4960,#4961,#4962,#4963,#4964,#4965,
#4966,#4967,#4968,#4969,#4970,#4971,#4972,#4973,#4974,#4975),
 .UNSPECIFIED.,.F.,.F.,(4,3,3,3,3,3,3,3,3,3,3,3,3,3,3,3,3,4),(-0.235485486107661,
-0.217632009225411,-0.19950275945384,-0.181434932480749,-0.176867296515858,
-0.158723618169247,-0.14076250828535,-0.134177050812924,-0.118298481598801,
-0.100363023616887,-0.0821494717173641,-0.0639593416598228,-0.0597259693954373,
-0.0414679880510879,-0.0233250302288532,-0.00570930351503859,0.,0.000966294478011495),
 .UNSPECIFIED.);
#756=B_SPLINE_CURVE_WITH_KNOTS('',3,(#5053,#5054,#5055,#5056,#5057,#5058),
 .UNSPECIFIED.,.F.,.F.,(4,1,1,4),(0.,0.193347779385027,0.322246298975045,
0.443645912492628),.UNSPECIFIED.);
#757=VERTEX_POINT('',#2675);
#758=VERTEX_POINT('',#2676);
#759=VERTEX_POINT('',#2698);
#760=VERTEX_POINT('',#2699);
#761=VERTEX_POINT('',#2701);
#762=VERTEX_POINT('',#2703);
#763=VERTEX_POINT('',#2705);
#764=VERTEX_POINT('',#2707);
#765=VERTEX_POINT('',#2711);
#766=VERTEX_POINT('',#2713);
#767=VERTEX_POINT('',#2715);
#768=VERTEX_POINT('',#2717);
#769=VERTEX_POINT('',#2719);
#770=VERTEX_POINT('',#2723);
#771=VERTEX_POINT('',#2725);
#772=VERTEX_POINT('',#2727);
#773=VERTEX_POINT('',#2729);
#774=VERTEX_POINT('',#2731);
#775=VERTEX_POINT('',#2735);
#776=VERTEX_POINT('',#2737);
#777=VERTEX_POINT('',#2739);
#778=VERTEX_POINT('',#2741);
#779=VERTEX_POINT('',#2745);
#780=VERTEX_POINT('',#2747);
#781=VERTEX_POINT('',#2749);
#782=VERTEX_POINT('',#2753);
#783=VERTEX_POINT('',#2757);
#784=VERTEX_POINT('',#2758);
#785=VERTEX_POINT('',#2760);
#786=VERTEX_POINT('',#2777);
#787=VERTEX_POINT('',#2781);
#788=VERTEX_POINT('',#2783);
#789=VERTEX_POINT('',#2788);
#790=VERTEX_POINT('',#2790);
#791=VERTEX_POINT('',#2797);
#792=VERTEX_POINT('',#2809);
#793=VERTEX_POINT('',#2842);
#794=VERTEX_POINT('',#2843);
#795=VERTEX_POINT('',#2856);
#796=VERTEX_POINT('',#2861);
#797=VERTEX_POINT('',#2868);
#798=VERTEX_POINT('',#2884);
#799=VERTEX_POINT('',#2886);
#800=VERTEX_POINT('',#2888);
#801=VERTEX_POINT('',#2914);
#802=VERTEX_POINT('',#2915);
#803=VERTEX_POINT('',#2928);
#804=VERTEX_POINT('',#2933);
#805=VERTEX_POINT('',#2951);
#806=VERTEX_POINT('',#2974);
#807=VERTEX_POINT('',#2987);
#808=VERTEX_POINT('',#3005);
#809=VERTEX_POINT('',#3006);
#810=VERTEX_POINT('',#3030);
#811=VERTEX_POINT('',#3031);
#812=VERTEX_POINT('',#3044);
#813=VERTEX_POINT('',#3049);
#814=VERTEX_POINT('',#3067);
#815=VERTEX_POINT('',#3069);
#816=VERTEX_POINT('',#3071);
#817=VERTEX_POINT('',#3075);
#818=VERTEX_POINT('',#3080);
#819=VERTEX_POINT('',#3081);
#820=VERTEX_POINT('',#3083);
#821=VERTEX_POINT('',#3085);
#822=VERTEX_POINT('',#3087);
#823=VERTEX_POINT('',#3094);
#824=VERTEX_POINT('',#3097);
#825=VERTEX_POINT('',#3099);
#826=VERTEX_POINT('',#3103);
#827=VERTEX_POINT('',#3109);
#828=VERTEX_POINT('',#3114);
#829=VERTEX_POINT('',#3123);
#830=VERTEX_POINT('',#3134);
#831=VERTEX_POINT('',#3137);
#832=VERTEX_POINT('',#3140);
#833=VERTEX_POINT('',#3142);
#834=VERTEX_POINT('',#3145);
#835=VERTEX_POINT('',#3147);
#836=VERTEX_POINT('',#3149);
#837=VERTEX_POINT('',#3151);
#838=VERTEX_POINT('',#3156);
#839=VERTEX_POINT('',#3158);
#840=VERTEX_POINT('',#3170);
#841=VERTEX_POINT('',#3176);
#842=VERTEX_POINT('',#3177);
#843=VERTEX_POINT('',#3181);
#844=VERTEX_POINT('',#3186);
#845=VERTEX_POINT('',#3188);
#846=VERTEX_POINT('',#3190);
#847=VERTEX_POINT('',#3195);
#848=VERTEX_POINT('',#3199);
#849=VERTEX_POINT('',#3203);
#850=VERTEX_POINT('',#3223);
#851=VERTEX_POINT('',#3224);
#852=VERTEX_POINT('',#3226);
#853=VERTEX_POINT('',#3228);
#854=VERTEX_POINT('',#3232);
#855=VERTEX_POINT('',#3237);
#856=VERTEX_POINT('',#3243);
#857=VERTEX_POINT('',#3247);
#858=VERTEX_POINT('',#3267);
#859=VERTEX_POINT('',#3269);
#860=VERTEX_POINT('',#3271);
#861=VERTEX_POINT('',#3291);
#862=VERTEX_POINT('',#3298);
#863=VERTEX_POINT('',#3300);
#864=VERTEX_POINT('',#3325);
#865=VERTEX_POINT('',#3330);
#866=VERTEX_POINT('',#3339);
#867=VERTEX_POINT('',#3351);
#868=VERTEX_POINT('',#3352);
#869=VERTEX_POINT('',#3363);
#870=VERTEX_POINT('',#3365);
#871=VERTEX_POINT('',#3371);
#872=VERTEX_POINT('',#3376);
#873=VERTEX_POINT('',#3380);
#874=VERTEX_POINT('',#3385);
#875=VERTEX_POINT('',#3394);
#876=VERTEX_POINT('',#3395);
#877=VERTEX_POINT('',#3403);
#878=VERTEX_POINT('',#3405);
#879=VERTEX_POINT('',#3416);
#880=VERTEX_POINT('',#3424);
#881=VERTEX_POINT('',#3435);
#882=VERTEX_POINT('',#3443);
#883=VERTEX_POINT('',#3449);
#884=VERTEX_POINT('',#3454);
#885=VERTEX_POINT('',#3458);
#886=VERTEX_POINT('',#3463);
#887=VERTEX_POINT('',#3467);
#888=VERTEX_POINT('',#3472);
#889=VERTEX_POINT('',#3476);
#890=VERTEX_POINT('',#3478);
#891=VERTEX_POINT('',#3482);
#892=VERTEX_POINT('',#3486);
#893=VERTEX_POINT('',#3490);
#894=VERTEX_POINT('',#3493);
#895=VERTEX_POINT('',#3497);
#896=VERTEX_POINT('',#3499);
#897=VERTEX_POINT('',#3505);
#898=VERTEX_POINT('',#3517);
#899=VERTEX_POINT('',#3542);
#900=VERTEX_POINT('',#3565);
#901=VERTEX_POINT('',#3572);
#902=VERTEX_POINT('',#3584);
#903=VERTEX_POINT('',#3602);
#904=VERTEX_POINT('',#3617);
#905=VERTEX_POINT('',#3659);
#906=VERTEX_POINT('',#3660);
#907=VERTEX_POINT('',#3666);
#908=VERTEX_POINT('',#3677);
#909=VERTEX_POINT('',#3679);
#910=VERTEX_POINT('',#3691);
#911=VERTEX_POINT('',#3718);
#912=VERTEX_POINT('',#3719);
#913=VERTEX_POINT('',#3742);
#914=VERTEX_POINT('',#3747);
#915=VERTEX_POINT('',#3752);
#916=VERTEX_POINT('',#3765);
#917=VERTEX_POINT('',#3802);
#918=VERTEX_POINT('',#3817);
#919=VERTEX_POINT('',#3846);
#920=VERTEX_POINT('',#3851);
#921=VERTEX_POINT('',#3856);
#922=VERTEX_POINT('',#3862);
#923=VERTEX_POINT('',#3864);
#924=VERTEX_POINT('',#3894);
#925=VERTEX_POINT('',#3896);
#926=VERTEX_POINT('',#3939);
#927=VERTEX_POINT('',#3944);
#928=VERTEX_POINT('',#3949);
#929=VERTEX_POINT('',#3975);
#930=VERTEX_POINT('',#4014);
#931=VERTEX_POINT('',#4019);
#932=VERTEX_POINT('',#4024);
#933=VERTEX_POINT('',#4030);
#934=VERTEX_POINT('',#4032);
#935=VERTEX_POINT('',#4038);
#936=VERTEX_POINT('',#4043);
#937=VERTEX_POINT('',#4074);
#938=VERTEX_POINT('',#4075);
#939=VERTEX_POINT('',#4077);
#940=VERTEX_POINT('',#4079);
#941=VERTEX_POINT('',#4086);
#942=VERTEX_POINT('',#4088);
#943=VERTEX_POINT('',#4116);
#944=VERTEX_POINT('',#4201);
#945=VERTEX_POINT('',#4233);
#946=VERTEX_POINT('',#4244);
#947=VERTEX_POINT('',#4246);
#948=VERTEX_POINT('',#4271);
#949=VERTEX_POINT('',#4272);
#950=VERTEX_POINT('',#4312);
#951=VERTEX_POINT('',#4319);
#952=VERTEX_POINT('',#4438);
#953=VERTEX_POINT('',#4440);
#954=VERTEX_POINT('',#4476);
#955=VERTEX_POINT('',#4503);
#956=VERTEX_POINT('',#4558);
#957=VERTEX_POINT('',#4622);
#958=VERTEX_POINT('',#4624);
#959=VERTEX_POINT('',#4638);
#960=VERTEX_POINT('',#4655);
#961=VERTEX_POINT('',#4657);
#962=VERTEX_POINT('',#4670);
#963=VERTEX_POINT('',#4768);
#964=VERTEX_POINT('',#4917);
#965=EDGE_CURVE('',#757,#758,#626,.T.);
#966=EDGE_CURVE('',#758,#757,#402,.T.);
#967=EDGE_CURVE('',#759,#760,#403,.T.);
#968=EDGE_CURVE('',#761,#759,#404,.T.);
#969=EDGE_CURVE('',#762,#761,#405,.T.);
#970=EDGE_CURVE('',#763,#762,#406,.T.);
#971=EDGE_CURVE('',#764,#763,#407,.T.);
#972=EDGE_CURVE('',#760,#764,#408,.T.);
#973=EDGE_CURVE('',#758,#765,#86,.T.);
#974=EDGE_CURVE('',#765,#766,#87,.T.);
#975=EDGE_CURVE('',#767,#766,#88,.T.);
#976=EDGE_CURVE('',#767,#768,#89,.T.);
#977=EDGE_CURVE('',#768,#769,#90,.T.);
#978=EDGE_CURVE('',#769,#757,#91,.T.);
#979=EDGE_CURVE('',#760,#770,#409,.T.);
#980=EDGE_CURVE('',#771,#770,#92,.T.);
#981=EDGE_CURVE('',#772,#771,#93,.T.);
#982=EDGE_CURVE('',#773,#772,#94,.T.);
#983=EDGE_CURVE('',#774,#773,#410,.T.);
#984=EDGE_CURVE('',#759,#774,#95,.T.);
#985=EDGE_CURVE('',#762,#775,#96,.T.);
#986=EDGE_CURVE('',#775,#776,#411,.T.);
#987=EDGE_CURVE('',#777,#776,#97,.T.);
#988=EDGE_CURVE('',#777,#778,#412,.T.);
#989=EDGE_CURVE('',#778,#763,#98,.T.);
#990=EDGE_CURVE('',#779,#774,#413,.T.);
#991=EDGE_CURVE('',#780,#779,#99,.T.);
#992=EDGE_CURVE('',#780,#781,#414,.T.);
#993=EDGE_CURVE('',#781,#761,#100,.T.);
#994=EDGE_CURVE('',#764,#782,#415,.T.);
#995=EDGE_CURVE('',#770,#782,#416,.T.);
#996=EDGE_CURVE('',#783,#784,#66,.T.);
#997=EDGE_CURVE('',#785,#783,#627,.T.);
#998=EDGE_CURVE('',#786,#785,#67,.T.);
#999=EDGE_CURVE('',#784,#786,#417,.T.);
#1000=EDGE_CURVE('',#786,#787,#101,.T.);
#1001=EDGE_CURVE('',#787,#788,#628,.T.);
#1002=EDGE_CURVE('',#789,#788,#418,.T.);
#1003=EDGE_CURVE('',#789,#790,#629,.T.);
#1004=EDGE_CURVE('',#790,#784,#102,.T.);
#1005=EDGE_CURVE('',#791,#790,#630,.T.);
#1006=EDGE_CURVE('',#783,#791,#631,.T.);
#1007=EDGE_CURVE('',#792,#785,#632,.T.);
#1008=EDGE_CURVE('',#787,#792,#633,.T.);
#1009=EDGE_CURVE('',#793,#794,#634,.T.);
#1010=EDGE_CURVE('',#794,#795,#635,.T.);
#1011=EDGE_CURVE('',#795,#796,#636,.T.);
#1012=EDGE_CURVE('',#796,#797,#637,.T.);
#1013=EDGE_CURVE('',#797,#793,#638,.T.);
#1014=EDGE_CURVE('',#794,#798,#103,.T.);
#1015=EDGE_CURVE('',#798,#799,#104,.T.);
#1016=EDGE_CURVE('',#800,#799,#639,.T.);
#1017=EDGE_CURVE('',#800,#795,#105,.T.);
#1018=EDGE_CURVE('',#801,#802,#640,.T.);
#1019=EDGE_CURVE('',#802,#803,#641,.T.);
#1020=EDGE_CURVE('',#803,#804,#642,.T.);
#1021=EDGE_CURVE('',#804,#801,#643,.T.);
#1022=EDGE_CURVE('',#804,#805,#419,.T.);
#1023=EDGE_CURVE('',#801,#805,#420,.T.);
#1024=EDGE_CURVE('',#799,#806,#644,.T.);
#1025=EDGE_CURVE('',#806,#807,#645,.T.);
#1026=EDGE_CURVE('',#807,#800,#646,.T.);
#1027=EDGE_CURVE('',#808,#809,#421,.T.);
#1028=EDGE_CURVE('',#807,#808,#422,.T.);
#1029=EDGE_CURVE('',#806,#809,#423,.T.);
#1030=EDGE_CURVE('',#810,#811,#647,.T.);
#1031=EDGE_CURVE('',#811,#812,#648,.T.);
#1032=EDGE_CURVE('',#812,#813,#649,.T.);
#1033=EDGE_CURVE('',#813,#810,#650,.T.);
#1034=EDGE_CURVE('',#811,#814,#424,.T.);
#1035=EDGE_CURVE('',#814,#815,#425,.T.);
#1036=EDGE_CURVE('',#816,#815,#426,.T.);
#1037=EDGE_CURVE('',#812,#816,#427,.T.);
#1038=EDGE_CURVE('',#802,#817,#106,.T.);
#1039=EDGE_CURVE('',#817,#810,#107,.T.);
#1040=EDGE_CURVE('',#813,#803,#108,.T.);
#1041=EDGE_CURVE('',#818,#819,#109,.T.);
#1042=EDGE_CURVE('',#819,#820,#428,.T.);
#1043=EDGE_CURVE('',#820,#821,#110,.T.);
#1044=EDGE_CURVE('',#821,#822,#651,.T.);
#1045=EDGE_CURVE('',#822,#823,#429,.T.);
#1046=EDGE_CURVE('',#823,#769,#430,.T.);
#1047=EDGE_CURVE('',#768,#824,#431,.T.);
#1048=EDGE_CURVE('',#824,#825,#68,.T.);
#1049=EDGE_CURVE('',#825,#818,#432,.T.);
#1050=EDGE_CURVE('',#826,#793,#433,.T.);
#1051=EDGE_CURVE('',#798,#826,#434,.T.);
#1052=EDGE_CURVE('',#809,#798,#435,.T.);
#1053=EDGE_CURVE('',#772,#827,#652,.T.);
#1054=EDGE_CURVE('',#828,#771,#653,.T.);
#1055=EDGE_CURVE('',#828,#829,#111,.T.);
#1056=EDGE_CURVE('',#829,#827,#654,.F.);
#1057=EDGE_CURVE('',#830,#816,#112,.T.);
#1058=EDGE_CURVE('',#830,#797,#436,.T.);
#1059=EDGE_CURVE('',#796,#831,#437,.T.);
#1060=EDGE_CURVE('',#831,#828,#113,.T.);
#1061=EDGE_CURVE('',#832,#828,#438,.T.);
#1062=EDGE_CURVE('',#833,#832,#114,.T.);
#1063=EDGE_CURVE('',#829,#833,#439,.T.);
#1064=EDGE_CURVE('',#829,#834,#115,.T.);
#1065=EDGE_CURVE('',#835,#834,#440,.T.);
#1066=EDGE_CURVE('',#836,#835,#116,.T.);
#1067=EDGE_CURVE('',#837,#836,#441,.T.);
#1068=EDGE_CURVE('',#837,#831,#117,.T.);
#1069=EDGE_CURVE('',#805,#808,#118,.T.);
#1070=EDGE_CURVE('',#838,#836,#119,.T.);
#1071=EDGE_CURVE('',#838,#839,#442,.T.);
#1072=EDGE_CURVE('',#839,#832,#120,.T.);
#1073=EDGE_CURVE('',#782,#837,#121,.T.);
#1074=EDGE_CURVE('',#815,#824,#443,.T.);
#1075=EDGE_CURVE('',#814,#817,#444,.T.);
#1076=EDGE_CURVE('',#817,#825,#445,.T.);
#1077=EDGE_CURVE('',#826,#830,#446,.T.);
#1078=EDGE_CURVE('',#840,#767,#655,.T.);
#1079=EDGE_CURVE('',#840,#820,#447,.T.);
#1080=EDGE_CURVE('',#841,#842,#122,.T.);
#1081=EDGE_CURVE('',#842,#841,#448,.T.);
#1082=EDGE_CURVE('',#843,#823,#123,.T.);
#1083=EDGE_CURVE('',#833,#843,#124,.T.);
#1084=EDGE_CURVE('',#765,#839,#449,.T.);
#1085=EDGE_CURVE('',#844,#835,#125,.T.);
#1086=EDGE_CURVE('',#844,#845,#126,.T.);
#1087=EDGE_CURVE('',#846,#845,#656,.T.);
#1088=EDGE_CURVE('',#847,#846,#127,.T.);
#1089=EDGE_CURVE('',#847,#838,#450,.T.);
#1090=EDGE_CURVE('',#834,#848,#128,.T.);
#1091=EDGE_CURVE('',#844,#848,#451,.T.);
#1092=EDGE_CURVE('',#845,#849,#657,.T.);
#1093=EDGE_CURVE('',#848,#849,#129,.T.);
#1094=EDGE_CURVE('',#849,#778,#658,.T.);
#1095=EDGE_CURVE('',#846,#766,#452,.T.);
#1096=EDGE_CURVE('',#765,#847,#453,.T.);
#1097=EDGE_CURVE('',#827,#843,#454,.T.);
#1098=EDGE_CURVE('',#773,#823,#455,.T.);
#1099=EDGE_CURVE('',#850,#851,#130,.T.);
#1100=EDGE_CURVE('',#852,#850,#456,.T.);
#1101=EDGE_CURVE('',#853,#852,#131,.T.);
#1102=EDGE_CURVE('',#853,#851,#457,.T.);
#1103=EDGE_CURVE('',#851,#854,#458,.T.);
#1104=EDGE_CURVE('',#853,#781,#459,.T.);
#1105=EDGE_CURVE('',#854,#780,#132,.T.);
#1106=EDGE_CURVE('',#855,#850,#460,.T.);
#1107=EDGE_CURVE('',#776,#855,#133,.T.);
#1108=EDGE_CURVE('',#852,#775,#461,.T.);
#1109=EDGE_CURVE('',#855,#856,#134,.T.);
#1110=EDGE_CURVE('',#856,#777,#135,.T.);
#1111=EDGE_CURVE('',#857,#821,#659,.T.);
#1112=EDGE_CURVE('',#858,#857,#136,.T.);
#1113=EDGE_CURVE('',#859,#858,#137,.T.);
#1114=EDGE_CURVE('',#860,#859,#660,.T.);
#1115=EDGE_CURVE('',#861,#860,#661,.T.);
#1116=EDGE_CURVE('',#862,#861,#138,.T.);
#1117=EDGE_CURVE('',#862,#863,#462,.T.);
#1118=EDGE_CURVE('',#863,#863,#139,.T.);
#1119=EDGE_CURVE('',#822,#862,#140,.T.);
#1120=EDGE_CURVE('',#820,#864,#662,.T.);
#1121=EDGE_CURVE('',#864,#865,#141,.T.);
#1122=EDGE_CURVE('',#865,#857,#663,.T.);
#1123=EDGE_CURVE('',#779,#861,#463,.T.);
#1124=EDGE_CURVE('',#866,#858,#464,.T.);
#1125=EDGE_CURVE('',#859,#866,#664,.T.);
#1126=EDGE_CURVE('',#867,#868,#665,.T.);
#1127=EDGE_CURVE('',#869,#867,#465,.T.);
#1128=EDGE_CURVE('',#869,#870,#666,.T.);
#1129=EDGE_CURVE('',#870,#868,#466,.T.);
#1130=EDGE_CURVE('',#868,#871,#667,.T.);
#1131=EDGE_CURVE('',#870,#872,#467,.T.);
#1132=EDGE_CURVE('',#872,#871,#468,.T.);
#1133=EDGE_CURVE('',#871,#873,#668,.T.);
#1134=EDGE_CURVE('',#872,#874,#469,.T.);
#1135=EDGE_CURVE('',#873,#874,#470,.T.);
#1136=EDGE_CURVE('',#875,#876,#669,.T.);
#1137=EDGE_CURVE('',#877,#875,#471,.T.);
#1138=EDGE_CURVE('',#877,#878,#670,.T.);
#1139=EDGE_CURVE('',#878,#876,#472,.T.);
#1140=EDGE_CURVE('',#876,#879,#671,.T.);
#1141=EDGE_CURVE('',#878,#880,#672,.T.);
#1142=EDGE_CURVE('',#880,#879,#473,.T.);
#1143=EDGE_CURVE('',#879,#881,#673,.T.);
#1144=EDGE_CURVE('',#880,#882,#674,.T.);
#1145=EDGE_CURVE('',#882,#881,#474,.T.);
#1146=EDGE_CURVE('',#881,#883,#675,.T.);
#1147=EDGE_CURVE('',#882,#884,#475,.T.);
#1148=EDGE_CURVE('',#884,#883,#476,.T.);
#1149=EDGE_CURVE('',#883,#885,#676,.T.);
#1150=EDGE_CURVE('',#884,#886,#477,.T.);
#1151=EDGE_CURVE('',#886,#885,#478,.T.);
#1152=EDGE_CURVE('',#885,#887,#677,.T.);
#1153=EDGE_CURVE('',#886,#888,#479,.T.);
#1154=EDGE_CURVE('',#887,#888,#480,.T.);
#1155=EDGE_CURVE('',#889,#877,#481,.T.);
#1156=EDGE_CURVE('',#890,#889,#678,.T.);
#1157=EDGE_CURVE('',#891,#890,#679,.T.);
#1158=EDGE_CURVE('',#892,#891,#680,.T.);
#1159=EDGE_CURVE('',#893,#892,#482,.T.);
#1160=EDGE_CURVE('',#888,#893,#483,.T.);
#1161=EDGE_CURVE('',#894,#869,#681,.T.);
#1162=EDGE_CURVE('',#895,#894,#484,.T.);
#1163=EDGE_CURVE('',#896,#895,#682,.T.);
#1164=EDGE_CURVE('',#874,#896,#485,.T.);
#1165=EDGE_CURVE('',#873,#897,#683,.T.);
#1166=EDGE_CURVE('',#896,#897,#486,.T.);
#1167=EDGE_CURVE('',#897,#898,#684,.T.);
#1168=EDGE_CURVE('',#895,#898,#487,.T.);
#1169=EDGE_CURVE('',#898,#899,#685,.T.);
#1170=EDGE_CURVE('',#894,#899,#488,.T.);
#1171=EDGE_CURVE('',#899,#867,#686,.T.);
#1172=EDGE_CURVE('',#887,#900,#687,.T.);
#1173=EDGE_CURVE('',#893,#900,#489,.T.);
#1174=EDGE_CURVE('',#900,#901,#688,.T.);
#1175=EDGE_CURVE('',#892,#901,#490,.T.);
#1176=EDGE_CURVE('',#901,#902,#689,.T.);
#1177=EDGE_CURVE('',#891,#902,#491,.T.);
#1178=EDGE_CURVE('',#902,#903,#690,.T.);
#1179=EDGE_CURVE('',#890,#903,#492,.T.);
#1180=EDGE_CURVE('',#903,#904,#691,.T.);
#1181=EDGE_CURVE('',#889,#904,#493,.T.);
#1182=EDGE_CURVE('',#904,#875,#692,.T.);
#1183=EDGE_CURVE('',#905,#906,#693,.T.);
#1184=EDGE_CURVE('',#907,#905,#694,.T.);
#1185=EDGE_CURVE('',#907,#908,#494,.T.);
#1186=EDGE_CURVE('',#909,#908,#695,.T.);
#1187=EDGE_CURVE('',#910,#909,#696,.T.);
#1188=EDGE_CURVE('',#906,#910,#495,.T.);
#1189=EDGE_CURVE('',#911,#912,#697,.F.);
#1190=EDGE_CURVE('',#912,#913,#698,.T.);
#1191=EDGE_CURVE('',#914,#913,#699,.T.);
#1192=EDGE_CURVE('',#914,#915,#700,.T.);
#1193=EDGE_CURVE('',#915,#916,#701,.T.);
#1194=EDGE_CURVE('',#916,#911,#702,.F.);
#1195=EDGE_CURVE('',#916,#917,#703,.T.);
#1196=EDGE_CURVE('',#791,#915,#704,.T.);
#1197=EDGE_CURVE('',#918,#789,#705,.T.);
#1198=EDGE_CURVE('',#919,#918,#706,.T.);
#1199=EDGE_CURVE('',#920,#919,#707,.T.);
#1200=EDGE_CURVE('',#921,#920,#708,.T.);
#1201=EDGE_CURVE('',#921,#922,#496,.T.);
#1202=EDGE_CURVE('',#923,#922,#709,.T.);
#1203=EDGE_CURVE('',#917,#923,#710,.T.);
#1204=EDGE_CURVE('',#914,#924,#142,.T.);
#1205=EDGE_CURVE('',#925,#924,#711,.T.);
#1206=EDGE_CURVE('',#925,#792,#712,.T.);
#1207=EDGE_CURVE('',#926,#924,#713,.T.);
#1208=EDGE_CURVE('',#926,#927,#714,.T.);
#1209=EDGE_CURVE('',#928,#927,#715,.T.);
#1210=EDGE_CURVE('',#929,#928,#716,.T.);
#1211=EDGE_CURVE('',#929,#925,#717,.T.);
#1212=EDGE_CURVE('',#913,#926,#497,.T.);
#1213=EDGE_CURVE('',#930,#929,#718,.T.);
#1214=EDGE_CURVE('',#931,#930,#719,.T.);
#1215=EDGE_CURVE('',#932,#931,#720,.T.);
#1216=EDGE_CURVE('',#932,#933,#498,.T.);
#1217=EDGE_CURVE('',#934,#933,#721,.T.);
#1218=EDGE_CURVE('',#935,#934,#722,.T.);
#1219=EDGE_CURVE('',#936,#935,#723,.T.);
#1220=EDGE_CURVE('',#788,#936,#724,.T.);
#1221=EDGE_CURVE('',#937,#938,#499,.T.);
#1222=EDGE_CURVE('',#937,#939,#500,.T.);
#1223=EDGE_CURVE('',#940,#939,#501,.T.);
#1224=EDGE_CURVE('',#940,#938,#502,.T.);
#1225=EDGE_CURVE('',#938,#937,#143,.T.);
#1226=EDGE_CURVE('',#939,#940,#144,.T.);
#1227=EDGE_CURVE('',#941,#841,#503,.T.);
#1228=EDGE_CURVE('',#942,#941,#145,.T.);
#1229=EDGE_CURVE('',#842,#942,#504,.T.);
#1230=EDGE_CURVE('',#941,#942,#505,.T.);
#1231=EDGE_CURVE('',#923,#906,#146,.T.);
#1232=EDGE_CURVE('',#906,#943,#725,.T.);
#1233=EDGE_CURVE('',#911,#943,#726,.T.);
#1234=EDGE_CURVE('',#922,#905,#147,.T.);
#1235=EDGE_CURVE('',#944,#907,#148,.T.);
#1236=EDGE_CURVE('',#922,#944,#727,.T.);
#1237=EDGE_CURVE('',#945,#866,#149,.T.);
#1238=EDGE_CURVE('',#866,#907,#728,.T.);
#1239=EDGE_CURVE('',#944,#945,#729,.T.);
#1240=EDGE_CURVE('',#860,#946,#150,.T.);
#1241=EDGE_CURVE('',#946,#947,#506,.T.);
#1242=EDGE_CURVE('',#947,#779,#151,.T.);
#1243=EDGE_CURVE('',#947,#854,#152,.T.);
#1244=EDGE_CURVE('',#948,#949,#153,.T.);
#1245=EDGE_CURVE('',#949,#777,#730,.T.);
#1246=EDGE_CURVE('',#856,#948,#731,.T.);
#1247=EDGE_CURVE('',#950,#949,#732,.T.);
#1248=EDGE_CURVE('',#948,#951,#733,.T.);
#1249=EDGE_CURVE('',#951,#950,#734,.T.);
#1250=EDGE_CURVE('',#945,#946,#735,.T.);
#1251=EDGE_CURVE('',#951,#921,#736,.T.);
#1252=EDGE_CURVE('',#921,#952,#154,.T.);
#1253=EDGE_CURVE('',#952,#953,#737,.T.);
#1254=EDGE_CURVE('',#953,#950,#738,.T.);
#1255=EDGE_CURVE('',#920,#954,#155,.T.);
#1256=EDGE_CURVE('',#954,#952,#739,.T.);
#1257=EDGE_CURVE('',#919,#955,#740,.T.);
#1258=EDGE_CURVE('',#955,#954,#741,.T.);
#1259=EDGE_CURVE('',#956,#910,#742,.T.);
#1260=EDGE_CURVE('',#928,#956,#743,.F.);
#1261=EDGE_CURVE('',#912,#927,#507,.T.);
#1262=EDGE_CURVE('',#858,#865,#508,.T.);
#1263=EDGE_CURVE('',#908,#865,#744,.T.);
#1264=EDGE_CURVE('',#953,#957,#509,.T.);
#1265=EDGE_CURVE('',#958,#957,#745,.T.);
#1266=EDGE_CURVE('',#959,#958,#746,.T.);
#1267=EDGE_CURVE('',#766,#959,#747,.T.);
#1268=EDGE_CURVE('',#954,#960,#510,.T.);
#1269=EDGE_CURVE('',#961,#960,#748,.T.);
#1270=EDGE_CURVE('',#957,#961,#749,.T.);
#1271=EDGE_CURVE('',#955,#962,#511,.T.);
#1272=EDGE_CURVE('',#960,#962,#750,.T.);
#1273=EDGE_CURVE('',#918,#936,#512,.T.);
#1274=EDGE_CURVE('',#962,#935,#751,.T.);
#1275=EDGE_CURVE('',#959,#840,#156,.T.);
#1276=EDGE_CURVE('',#963,#908,#157,.T.);
#1277=EDGE_CURVE('',#864,#963,#752,.T.);
#1278=EDGE_CURVE('',#932,#909,#158,.T.);
#1279=EDGE_CURVE('',#963,#932,#753,.T.);
#1280=EDGE_CURVE('',#931,#910,#159,.T.);
#1281=EDGE_CURVE('',#964,#840,#754,.T.);
#1282=EDGE_CURVE('',#958,#964,#755,.T.);
#1283=EDGE_CURVE('',#934,#960,#160,.T.);
#1284=EDGE_CURVE('',#933,#961,#161,.T.);
#1285=EDGE_CURVE('',#933,#964,#756,.T.);
#1286=EDGE_CURVE('',#946,#948,#513,.T.);
#1287=ORIENTED_EDGE('',*,*,#965,.F.);
#1288=ORIENTED_EDGE('',*,*,#966,.F.);
#1289=ORIENTED_EDGE('',*,*,#967,.F.);
#1290=ORIENTED_EDGE('',*,*,#968,.F.);
#1291=ORIENTED_EDGE('',*,*,#969,.F.);
#1292=ORIENTED_EDGE('',*,*,#970,.F.);
#1293=ORIENTED_EDGE('',*,*,#971,.F.);
#1294=ORIENTED_EDGE('',*,*,#972,.F.);
#1295=ORIENTED_EDGE('',*,*,#965,.T.);
#1296=ORIENTED_EDGE('',*,*,#973,.T.);
#1297=ORIENTED_EDGE('',*,*,#974,.T.);
#1298=ORIENTED_EDGE('',*,*,#975,.F.);
#1299=ORIENTED_EDGE('',*,*,#976,.T.);
#1300=ORIENTED_EDGE('',*,*,#977,.T.);
#1301=ORIENTED_EDGE('',*,*,#978,.T.);
#1302=ORIENTED_EDGE('',*,*,#967,.T.);
#1303=ORIENTED_EDGE('',*,*,#979,.T.);
#1304=ORIENTED_EDGE('',*,*,#980,.F.);
#1305=ORIENTED_EDGE('',*,*,#981,.F.);
#1306=ORIENTED_EDGE('',*,*,#982,.F.);
#1307=ORIENTED_EDGE('',*,*,#983,.F.);
#1308=ORIENTED_EDGE('',*,*,#984,.F.);
#1309=ORIENTED_EDGE('',*,*,#970,.T.);
#1310=ORIENTED_EDGE('',*,*,#985,.T.);
#1311=ORIENTED_EDGE('',*,*,#986,.T.);
#1312=ORIENTED_EDGE('',*,*,#987,.F.);
#1313=ORIENTED_EDGE('',*,*,#988,.T.);
#1314=ORIENTED_EDGE('',*,*,#989,.T.);
#1315=ORIENTED_EDGE('',*,*,#968,.T.);
#1316=ORIENTED_EDGE('',*,*,#984,.T.);
#1317=ORIENTED_EDGE('',*,*,#990,.F.);
#1318=ORIENTED_EDGE('',*,*,#991,.F.);
#1319=ORIENTED_EDGE('',*,*,#992,.T.);
#1320=ORIENTED_EDGE('',*,*,#993,.T.);
#1321=ORIENTED_EDGE('',*,*,#972,.T.);
#1322=ORIENTED_EDGE('',*,*,#994,.T.);
#1323=ORIENTED_EDGE('',*,*,#995,.F.);
#1324=ORIENTED_EDGE('',*,*,#979,.F.);
#1325=ORIENTED_EDGE('',*,*,#996,.F.);
#1326=ORIENTED_EDGE('',*,*,#997,.F.);
#1327=ORIENTED_EDGE('',*,*,#998,.F.);
#1328=ORIENTED_EDGE('',*,*,#999,.F.);
#1329=ORIENTED_EDGE('',*,*,#999,.T.);
#1330=ORIENTED_EDGE('',*,*,#1000,.T.);
#1331=ORIENTED_EDGE('',*,*,#1001,.T.);
#1332=ORIENTED_EDGE('',*,*,#1002,.F.);
#1333=ORIENTED_EDGE('',*,*,#1003,.T.);
#1334=ORIENTED_EDGE('',*,*,#1004,.T.);
#1335=ORIENTED_EDGE('',*,*,#996,.T.);
#1336=ORIENTED_EDGE('',*,*,#1004,.F.);
#1337=ORIENTED_EDGE('',*,*,#1005,.F.);
#1338=ORIENTED_EDGE('',*,*,#1006,.F.);
#1339=ORIENTED_EDGE('',*,*,#998,.T.);
#1340=ORIENTED_EDGE('',*,*,#1007,.F.);
#1341=ORIENTED_EDGE('',*,*,#1008,.F.);
#1342=ORIENTED_EDGE('',*,*,#1000,.F.);
#1343=ORIENTED_EDGE('',*,*,#1009,.T.);
#1344=ORIENTED_EDGE('',*,*,#1010,.T.);
#1345=ORIENTED_EDGE('',*,*,#1011,.T.);
#1346=ORIENTED_EDGE('',*,*,#1012,.T.);
#1347=ORIENTED_EDGE('',*,*,#1013,.T.);
#1348=ORIENTED_EDGE('',*,*,#1010,.F.);
#1349=ORIENTED_EDGE('',*,*,#1014,.T.);
#1350=ORIENTED_EDGE('',*,*,#1015,.T.);
#1351=ORIENTED_EDGE('',*,*,#1016,.F.);
#1352=ORIENTED_EDGE('',*,*,#1017,.T.);
#1353=ORIENTED_EDGE('',*,*,#1018,.T.);
#1354=ORIENTED_EDGE('',*,*,#1019,.T.);
#1355=ORIENTED_EDGE('',*,*,#1020,.T.);
#1356=ORIENTED_EDGE('',*,*,#1021,.T.);
#1357=ORIENTED_EDGE('',*,*,#1021,.F.);
#1358=ORIENTED_EDGE('',*,*,#1022,.T.);
#1359=ORIENTED_EDGE('',*,*,#1023,.F.);
#1360=ORIENTED_EDGE('',*,*,#1024,.T.);
#1361=ORIENTED_EDGE('',*,*,#1025,.T.);
#1362=ORIENTED_EDGE('',*,*,#1026,.T.);
#1363=ORIENTED_EDGE('',*,*,#1016,.T.);
#1364=ORIENTED_EDGE('',*,*,#1027,.F.);
#1365=ORIENTED_EDGE('',*,*,#1028,.F.);
#1366=ORIENTED_EDGE('',*,*,#1025,.F.);
#1367=ORIENTED_EDGE('',*,*,#1029,.T.);
#1368=ORIENTED_EDGE('',*,*,#1030,.T.);
#1369=ORIENTED_EDGE('',*,*,#1031,.T.);
#1370=ORIENTED_EDGE('',*,*,#1032,.T.);
#1371=ORIENTED_EDGE('',*,*,#1033,.T.);
#1372=ORIENTED_EDGE('',*,*,#1031,.F.);
#1373=ORIENTED_EDGE('',*,*,#1034,.T.);
#1374=ORIENTED_EDGE('',*,*,#1035,.T.);
#1375=ORIENTED_EDGE('',*,*,#1036,.F.);
#1376=ORIENTED_EDGE('',*,*,#1037,.F.);
#1377=ORIENTED_EDGE('',*,*,#1019,.F.);
#1378=ORIENTED_EDGE('',*,*,#1038,.T.);
#1379=ORIENTED_EDGE('',*,*,#1039,.T.);
#1380=ORIENTED_EDGE('',*,*,#1033,.F.);
#1381=ORIENTED_EDGE('',*,*,#1040,.T.);
#1382=ORIENTED_EDGE('',*,*,#1041,.T.);
#1383=ORIENTED_EDGE('',*,*,#1042,.T.);
#1384=ORIENTED_EDGE('',*,*,#1043,.T.);
#1385=ORIENTED_EDGE('',*,*,#1044,.T.);
#1386=ORIENTED_EDGE('',*,*,#1045,.T.);
#1387=ORIENTED_EDGE('',*,*,#1046,.T.);
#1388=ORIENTED_EDGE('',*,*,#977,.F.);
#1389=ORIENTED_EDGE('',*,*,#1047,.T.);
#1390=ORIENTED_EDGE('',*,*,#1048,.T.);
#1391=ORIENTED_EDGE('',*,*,#1049,.T.);
#1392=ORIENTED_EDGE('',*,*,#1050,.F.);
#1393=ORIENTED_EDGE('',*,*,#1051,.F.);
#1394=ORIENTED_EDGE('',*,*,#1014,.F.);
#1395=ORIENTED_EDGE('',*,*,#1009,.F.);
#1396=ORIENTED_EDGE('',*,*,#1015,.F.);
#1397=ORIENTED_EDGE('',*,*,#1052,.F.);
#1398=ORIENTED_EDGE('',*,*,#1029,.F.);
#1399=ORIENTED_EDGE('',*,*,#1024,.F.);
#1400=ORIENTED_EDGE('',*,*,#1053,.F.);
#1401=ORIENTED_EDGE('',*,*,#981,.T.);
#1402=ORIENTED_EDGE('',*,*,#1054,.F.);
#1403=ORIENTED_EDGE('',*,*,#1055,.T.);
#1404=ORIENTED_EDGE('',*,*,#1056,.T.);
#1405=ORIENTED_EDGE('',*,*,#1037,.T.);
#1406=ORIENTED_EDGE('',*,*,#1057,.F.);
#1407=ORIENTED_EDGE('',*,*,#1058,.T.);
#1408=ORIENTED_EDGE('',*,*,#1012,.F.);
#1409=ORIENTED_EDGE('',*,*,#1059,.T.);
#1410=ORIENTED_EDGE('',*,*,#1060,.T.);
#1411=ORIENTED_EDGE('',*,*,#1061,.F.);
#1412=ORIENTED_EDGE('',*,*,#1062,.F.);
#1413=ORIENTED_EDGE('',*,*,#1063,.F.);
#1414=ORIENTED_EDGE('',*,*,#1064,.T.);
#1415=ORIENTED_EDGE('',*,*,#1065,.F.);
#1416=ORIENTED_EDGE('',*,*,#1066,.F.);
#1417=ORIENTED_EDGE('',*,*,#1067,.F.);
#1418=ORIENTED_EDGE('',*,*,#1068,.T.);
#1419=ORIENTED_EDGE('',*,*,#1059,.F.);
#1420=ORIENTED_EDGE('',*,*,#1011,.F.);
#1421=ORIENTED_EDGE('',*,*,#1017,.F.);
#1422=ORIENTED_EDGE('',*,*,#1026,.F.);
#1423=ORIENTED_EDGE('',*,*,#1028,.T.);
#1424=ORIENTED_EDGE('',*,*,#1069,.F.);
#1425=ORIENTED_EDGE('',*,*,#1022,.F.);
#1426=ORIENTED_EDGE('',*,*,#1020,.F.);
#1427=ORIENTED_EDGE('',*,*,#1040,.F.);
#1428=ORIENTED_EDGE('',*,*,#1032,.F.);
#1429=ORIENTED_EDGE('',*,*,#1067,.T.);
#1430=ORIENTED_EDGE('',*,*,#1070,.F.);
#1431=ORIENTED_EDGE('',*,*,#1071,.T.);
#1432=ORIENTED_EDGE('',*,*,#1072,.T.);
#1433=ORIENTED_EDGE('',*,*,#1061,.T.);
#1434=ORIENTED_EDGE('',*,*,#1054,.T.);
#1435=ORIENTED_EDGE('',*,*,#980,.T.);
#1436=ORIENTED_EDGE('',*,*,#995,.T.);
#1437=ORIENTED_EDGE('',*,*,#1073,.T.);
#1438=ORIENTED_EDGE('',*,*,#1074,.F.);
#1439=ORIENTED_EDGE('',*,*,#1035,.F.);
#1440=ORIENTED_EDGE('',*,*,#1075,.T.);
#1441=ORIENTED_EDGE('',*,*,#1076,.T.);
#1442=ORIENTED_EDGE('',*,*,#1048,.F.);
#1443=ORIENTED_EDGE('',*,*,#1050,.T.);
#1444=ORIENTED_EDGE('',*,*,#1013,.F.);
#1445=ORIENTED_EDGE('',*,*,#1058,.F.);
#1446=ORIENTED_EDGE('',*,*,#1077,.F.);
#1447=ORIENTED_EDGE('',*,*,#1039,.F.);
#1448=ORIENTED_EDGE('',*,*,#1075,.F.);
#1449=ORIENTED_EDGE('',*,*,#1034,.F.);
#1450=ORIENTED_EDGE('',*,*,#1030,.F.);
#1451=ORIENTED_EDGE('',*,*,#1036,.T.);
#1452=ORIENTED_EDGE('',*,*,#1074,.T.);
#1453=ORIENTED_EDGE('',*,*,#1047,.F.);
#1454=ORIENTED_EDGE('',*,*,#976,.F.);
#1455=ORIENTED_EDGE('',*,*,#1078,.F.);
#1456=ORIENTED_EDGE('',*,*,#1079,.T.);
#1457=ORIENTED_EDGE('',*,*,#1042,.F.);
#1458=ORIENTED_EDGE('',*,*,#1041,.F.);
#1459=ORIENTED_EDGE('',*,*,#1049,.F.);
#1460=ORIENTED_EDGE('',*,*,#1076,.F.);
#1461=ORIENTED_EDGE('',*,*,#1038,.F.);
#1462=ORIENTED_EDGE('',*,*,#1018,.F.);
#1463=ORIENTED_EDGE('',*,*,#1023,.T.);
#1464=ORIENTED_EDGE('',*,*,#1069,.T.);
#1465=ORIENTED_EDGE('',*,*,#1027,.T.);
#1466=ORIENTED_EDGE('',*,*,#1052,.T.);
#1467=ORIENTED_EDGE('',*,*,#1051,.T.);
#1468=ORIENTED_EDGE('',*,*,#1077,.T.);
#1469=ORIENTED_EDGE('',*,*,#1057,.T.);
#1470=ORIENTED_EDGE('',*,*,#1080,.T.);
#1471=ORIENTED_EDGE('',*,*,#1081,.T.);
#1472=ORIENTED_EDGE('',*,*,#966,.T.);
#1473=ORIENTED_EDGE('',*,*,#978,.F.);
#1474=ORIENTED_EDGE('',*,*,#1046,.F.);
#1475=ORIENTED_EDGE('',*,*,#1082,.F.);
#1476=ORIENTED_EDGE('',*,*,#1083,.F.);
#1477=ORIENTED_EDGE('',*,*,#1062,.T.);
#1478=ORIENTED_EDGE('',*,*,#1072,.F.);
#1479=ORIENTED_EDGE('',*,*,#1084,.F.);
#1480=ORIENTED_EDGE('',*,*,#973,.F.);
#1481=ORIENTED_EDGE('',*,*,#1066,.T.);
#1482=ORIENTED_EDGE('',*,*,#1085,.F.);
#1483=ORIENTED_EDGE('',*,*,#1086,.T.);
#1484=ORIENTED_EDGE('',*,*,#1087,.F.);
#1485=ORIENTED_EDGE('',*,*,#1088,.F.);
#1486=ORIENTED_EDGE('',*,*,#1089,.T.);
#1487=ORIENTED_EDGE('',*,*,#1070,.T.);
#1488=ORIENTED_EDGE('',*,*,#1065,.T.);
#1489=ORIENTED_EDGE('',*,*,#1090,.T.);
#1490=ORIENTED_EDGE('',*,*,#1091,.F.);
#1491=ORIENTED_EDGE('',*,*,#1085,.T.);
#1492=ORIENTED_EDGE('',*,*,#1092,.F.);
#1493=ORIENTED_EDGE('',*,*,#1086,.F.);
#1494=ORIENTED_EDGE('',*,*,#1091,.T.);
#1495=ORIENTED_EDGE('',*,*,#1093,.T.);
#1496=ORIENTED_EDGE('',*,*,#971,.T.);
#1497=ORIENTED_EDGE('',*,*,#989,.F.);
#1498=ORIENTED_EDGE('',*,*,#1094,.F.);
#1499=ORIENTED_EDGE('',*,*,#1093,.F.);
#1500=ORIENTED_EDGE('',*,*,#1090,.F.);
#1501=ORIENTED_EDGE('',*,*,#1064,.F.);
#1502=ORIENTED_EDGE('',*,*,#1055,.F.);
#1503=ORIENTED_EDGE('',*,*,#1060,.F.);
#1504=ORIENTED_EDGE('',*,*,#1068,.F.);
#1505=ORIENTED_EDGE('',*,*,#1073,.F.);
#1506=ORIENTED_EDGE('',*,*,#994,.F.);
#1507=ORIENTED_EDGE('',*,*,#1088,.T.);
#1508=ORIENTED_EDGE('',*,*,#1095,.T.);
#1509=ORIENTED_EDGE('',*,*,#974,.F.);
#1510=ORIENTED_EDGE('',*,*,#1096,.T.);
#1511=ORIENTED_EDGE('',*,*,#1089,.F.);
#1512=ORIENTED_EDGE('',*,*,#1096,.F.);
#1513=ORIENTED_EDGE('',*,*,#1084,.T.);
#1514=ORIENTED_EDGE('',*,*,#1071,.F.);
#1515=ORIENTED_EDGE('',*,*,#982,.T.);
#1516=ORIENTED_EDGE('',*,*,#1053,.T.);
#1517=ORIENTED_EDGE('',*,*,#1097,.T.);
#1518=ORIENTED_EDGE('',*,*,#1082,.T.);
#1519=ORIENTED_EDGE('',*,*,#1098,.F.);
#1520=ORIENTED_EDGE('',*,*,#1063,.T.);
#1521=ORIENTED_EDGE('',*,*,#1083,.T.);
#1522=ORIENTED_EDGE('',*,*,#1097,.F.);
#1523=ORIENTED_EDGE('',*,*,#1056,.F.);
#1524=ORIENTED_EDGE('',*,*,#1099,.F.);
#1525=ORIENTED_EDGE('',*,*,#1100,.F.);
#1526=ORIENTED_EDGE('',*,*,#1101,.F.);
#1527=ORIENTED_EDGE('',*,*,#1102,.T.);
#1528=ORIENTED_EDGE('',*,*,#1103,.F.);
#1529=ORIENTED_EDGE('',*,*,#1102,.F.);
#1530=ORIENTED_EDGE('',*,*,#1104,.T.);
#1531=ORIENTED_EDGE('',*,*,#992,.F.);
#1532=ORIENTED_EDGE('',*,*,#1105,.F.);
#1533=ORIENTED_EDGE('',*,*,#1106,.F.);
#1534=ORIENTED_EDGE('',*,*,#1107,.F.);
#1535=ORIENTED_EDGE('',*,*,#986,.F.);
#1536=ORIENTED_EDGE('',*,*,#1108,.F.);
#1537=ORIENTED_EDGE('',*,*,#1100,.T.);
#1538=ORIENTED_EDGE('',*,*,#969,.T.);
#1539=ORIENTED_EDGE('',*,*,#993,.F.);
#1540=ORIENTED_EDGE('',*,*,#1104,.F.);
#1541=ORIENTED_EDGE('',*,*,#1101,.T.);
#1542=ORIENTED_EDGE('',*,*,#1108,.T.);
#1543=ORIENTED_EDGE('',*,*,#985,.F.);
#1544=ORIENTED_EDGE('',*,*,#1107,.T.);
#1545=ORIENTED_EDGE('',*,*,#1109,.T.);
#1546=ORIENTED_EDGE('',*,*,#1110,.T.);
#1547=ORIENTED_EDGE('',*,*,#987,.T.);
#1548=ORIENTED_EDGE('',*,*,#1111,.F.);
#1549=ORIENTED_EDGE('',*,*,#1112,.F.);
#1550=ORIENTED_EDGE('',*,*,#1113,.F.);
#1551=ORIENTED_EDGE('',*,*,#1114,.F.);
#1552=ORIENTED_EDGE('',*,*,#1115,.F.);
#1553=ORIENTED_EDGE('',*,*,#1116,.F.);
#1554=ORIENTED_EDGE('',*,*,#1117,.T.);
#1555=ORIENTED_EDGE('',*,*,#1118,.T.);
#1556=ORIENTED_EDGE('',*,*,#1117,.F.);
#1557=ORIENTED_EDGE('',*,*,#1119,.F.);
#1558=ORIENTED_EDGE('',*,*,#1044,.F.);
#1559=ORIENTED_EDGE('',*,*,#1118,.F.);
#1560=ORIENTED_EDGE('',*,*,#1111,.T.);
#1561=ORIENTED_EDGE('',*,*,#1043,.F.);
#1562=ORIENTED_EDGE('',*,*,#1120,.T.);
#1563=ORIENTED_EDGE('',*,*,#1121,.T.);
#1564=ORIENTED_EDGE('',*,*,#1122,.T.);
#1565=ORIENTED_EDGE('',*,*,#1098,.T.);
#1566=ORIENTED_EDGE('',*,*,#1045,.F.);
#1567=ORIENTED_EDGE('',*,*,#1119,.T.);
#1568=ORIENTED_EDGE('',*,*,#1116,.T.);
#1569=ORIENTED_EDGE('',*,*,#1123,.F.);
#1570=ORIENTED_EDGE('',*,*,#990,.T.);
#1571=ORIENTED_EDGE('',*,*,#983,.T.);
#1572=ORIENTED_EDGE('',*,*,#1113,.T.);
#1573=ORIENTED_EDGE('',*,*,#1124,.F.);
#1574=ORIENTED_EDGE('',*,*,#1125,.F.);
#1575=ORIENTED_EDGE('',*,*,#1126,.F.);
#1576=ORIENTED_EDGE('',*,*,#1127,.F.);
#1577=ORIENTED_EDGE('',*,*,#1128,.T.);
#1578=ORIENTED_EDGE('',*,*,#1129,.T.);
#1579=ORIENTED_EDGE('',*,*,#1130,.F.);
#1580=ORIENTED_EDGE('',*,*,#1129,.F.);
#1581=ORIENTED_EDGE('',*,*,#1131,.T.);
#1582=ORIENTED_EDGE('',*,*,#1132,.T.);
#1583=ORIENTED_EDGE('',*,*,#1133,.F.);
#1584=ORIENTED_EDGE('',*,*,#1132,.F.);
#1585=ORIENTED_EDGE('',*,*,#1134,.T.);
#1586=ORIENTED_EDGE('',*,*,#1135,.F.);
#1587=ORIENTED_EDGE('',*,*,#1136,.F.);
#1588=ORIENTED_EDGE('',*,*,#1137,.F.);
#1589=ORIENTED_EDGE('',*,*,#1138,.T.);
#1590=ORIENTED_EDGE('',*,*,#1139,.T.);
#1591=ORIENTED_EDGE('',*,*,#1140,.F.);
#1592=ORIENTED_EDGE('',*,*,#1139,.F.);
#1593=ORIENTED_EDGE('',*,*,#1141,.T.);
#1594=ORIENTED_EDGE('',*,*,#1142,.T.);
#1595=ORIENTED_EDGE('',*,*,#1143,.F.);
#1596=ORIENTED_EDGE('',*,*,#1142,.F.);
#1597=ORIENTED_EDGE('',*,*,#1144,.T.);
#1598=ORIENTED_EDGE('',*,*,#1145,.T.);
#1599=ORIENTED_EDGE('',*,*,#1146,.F.);
#1600=ORIENTED_EDGE('',*,*,#1145,.F.);
#1601=ORIENTED_EDGE('',*,*,#1147,.T.);
#1602=ORIENTED_EDGE('',*,*,#1148,.T.);
#1603=ORIENTED_EDGE('',*,*,#1149,.F.);
#1604=ORIENTED_EDGE('',*,*,#1148,.F.);
#1605=ORIENTED_EDGE('',*,*,#1150,.T.);
#1606=ORIENTED_EDGE('',*,*,#1151,.T.);
#1607=ORIENTED_EDGE('',*,*,#1152,.F.);
#1608=ORIENTED_EDGE('',*,*,#1151,.F.);
#1609=ORIENTED_EDGE('',*,*,#1153,.T.);
#1610=ORIENTED_EDGE('',*,*,#1154,.F.);
#1611=ORIENTED_EDGE('',*,*,#1153,.F.);
#1612=ORIENTED_EDGE('',*,*,#1150,.F.);
#1613=ORIENTED_EDGE('',*,*,#1147,.F.);
#1614=ORIENTED_EDGE('',*,*,#1144,.F.);
#1615=ORIENTED_EDGE('',*,*,#1141,.F.);
#1616=ORIENTED_EDGE('',*,*,#1138,.F.);
#1617=ORIENTED_EDGE('',*,*,#1155,.F.);
#1618=ORIENTED_EDGE('',*,*,#1156,.F.);
#1619=ORIENTED_EDGE('',*,*,#1157,.F.);
#1620=ORIENTED_EDGE('',*,*,#1158,.F.);
#1621=ORIENTED_EDGE('',*,*,#1159,.F.);
#1622=ORIENTED_EDGE('',*,*,#1160,.F.);
#1623=ORIENTED_EDGE('',*,*,#1134,.F.);
#1624=ORIENTED_EDGE('',*,*,#1131,.F.);
#1625=ORIENTED_EDGE('',*,*,#1128,.F.);
#1626=ORIENTED_EDGE('',*,*,#1161,.F.);
#1627=ORIENTED_EDGE('',*,*,#1162,.F.);
#1628=ORIENTED_EDGE('',*,*,#1163,.F.);
#1629=ORIENTED_EDGE('',*,*,#1164,.F.);
#1630=ORIENTED_EDGE('',*,*,#1165,.F.);
#1631=ORIENTED_EDGE('',*,*,#1135,.T.);
#1632=ORIENTED_EDGE('',*,*,#1164,.T.);
#1633=ORIENTED_EDGE('',*,*,#1166,.T.);
#1634=ORIENTED_EDGE('',*,*,#1167,.F.);
#1635=ORIENTED_EDGE('',*,*,#1166,.F.);
#1636=ORIENTED_EDGE('',*,*,#1163,.T.);
#1637=ORIENTED_EDGE('',*,*,#1168,.T.);
#1638=ORIENTED_EDGE('',*,*,#1169,.F.);
#1639=ORIENTED_EDGE('',*,*,#1168,.F.);
#1640=ORIENTED_EDGE('',*,*,#1162,.T.);
#1641=ORIENTED_EDGE('',*,*,#1170,.T.);
#1642=ORIENTED_EDGE('',*,*,#1171,.F.);
#1643=ORIENTED_EDGE('',*,*,#1170,.F.);
#1644=ORIENTED_EDGE('',*,*,#1161,.T.);
#1645=ORIENTED_EDGE('',*,*,#1127,.T.);
#1646=ORIENTED_EDGE('',*,*,#1172,.F.);
#1647=ORIENTED_EDGE('',*,*,#1154,.T.);
#1648=ORIENTED_EDGE('',*,*,#1160,.T.);
#1649=ORIENTED_EDGE('',*,*,#1173,.T.);
#1650=ORIENTED_EDGE('',*,*,#1174,.F.);
#1651=ORIENTED_EDGE('',*,*,#1173,.F.);
#1652=ORIENTED_EDGE('',*,*,#1159,.T.);
#1653=ORIENTED_EDGE('',*,*,#1175,.T.);
#1654=ORIENTED_EDGE('',*,*,#1176,.F.);
#1655=ORIENTED_EDGE('',*,*,#1175,.F.);
#1656=ORIENTED_EDGE('',*,*,#1158,.T.);
#1657=ORIENTED_EDGE('',*,*,#1177,.T.);
#1658=ORIENTED_EDGE('',*,*,#1178,.F.);
#1659=ORIENTED_EDGE('',*,*,#1177,.F.);
#1660=ORIENTED_EDGE('',*,*,#1157,.T.);
#1661=ORIENTED_EDGE('',*,*,#1179,.T.);
#1662=ORIENTED_EDGE('',*,*,#1180,.F.);
#1663=ORIENTED_EDGE('',*,*,#1179,.F.);
#1664=ORIENTED_EDGE('',*,*,#1156,.T.);
#1665=ORIENTED_EDGE('',*,*,#1181,.T.);
#1666=ORIENTED_EDGE('',*,*,#1182,.F.);
#1667=ORIENTED_EDGE('',*,*,#1181,.F.);
#1668=ORIENTED_EDGE('',*,*,#1155,.T.);
#1669=ORIENTED_EDGE('',*,*,#1137,.T.);
#1670=ORIENTED_EDGE('',*,*,#1183,.F.);
#1671=ORIENTED_EDGE('',*,*,#1184,.F.);
#1672=ORIENTED_EDGE('',*,*,#1185,.T.);
#1673=ORIENTED_EDGE('',*,*,#1186,.F.);
#1674=ORIENTED_EDGE('',*,*,#1187,.F.);
#1675=ORIENTED_EDGE('',*,*,#1188,.F.);
#1676=ORIENTED_EDGE('',*,*,#1172,.T.);
#1677=ORIENTED_EDGE('',*,*,#1174,.T.);
#1678=ORIENTED_EDGE('',*,*,#1176,.T.);
#1679=ORIENTED_EDGE('',*,*,#1178,.T.);
#1680=ORIENTED_EDGE('',*,*,#1180,.T.);
#1681=ORIENTED_EDGE('',*,*,#1182,.T.);
#1682=ORIENTED_EDGE('',*,*,#1136,.T.);
#1683=ORIENTED_EDGE('',*,*,#1140,.T.);
#1684=ORIENTED_EDGE('',*,*,#1143,.T.);
#1685=ORIENTED_EDGE('',*,*,#1146,.T.);
#1686=ORIENTED_EDGE('',*,*,#1149,.T.);
#1687=ORIENTED_EDGE('',*,*,#1152,.T.);
#1688=ORIENTED_EDGE('',*,*,#1189,.T.);
#1689=ORIENTED_EDGE('',*,*,#1190,.T.);
#1690=ORIENTED_EDGE('',*,*,#1191,.F.);
#1691=ORIENTED_EDGE('',*,*,#1192,.T.);
#1692=ORIENTED_EDGE('',*,*,#1193,.T.);
#1693=ORIENTED_EDGE('',*,*,#1194,.T.);
#1694=ORIENTED_EDGE('',*,*,#1195,.F.);
#1695=ORIENTED_EDGE('',*,*,#1193,.F.);
#1696=ORIENTED_EDGE('',*,*,#1196,.F.);
#1697=ORIENTED_EDGE('',*,*,#1005,.T.);
#1698=ORIENTED_EDGE('',*,*,#1003,.F.);
#1699=ORIENTED_EDGE('',*,*,#1197,.F.);
#1700=ORIENTED_EDGE('',*,*,#1198,.F.);
#1701=ORIENTED_EDGE('',*,*,#1199,.F.);
#1702=ORIENTED_EDGE('',*,*,#1200,.F.);
#1703=ORIENTED_EDGE('',*,*,#1201,.T.);
#1704=ORIENTED_EDGE('',*,*,#1202,.F.);
#1705=ORIENTED_EDGE('',*,*,#1203,.F.);
#1706=ORIENTED_EDGE('',*,*,#997,.T.);
#1707=ORIENTED_EDGE('',*,*,#1006,.T.);
#1708=ORIENTED_EDGE('',*,*,#1196,.T.);
#1709=ORIENTED_EDGE('',*,*,#1192,.F.);
#1710=ORIENTED_EDGE('',*,*,#1204,.T.);
#1711=ORIENTED_EDGE('',*,*,#1205,.F.);
#1712=ORIENTED_EDGE('',*,*,#1206,.T.);
#1713=ORIENTED_EDGE('',*,*,#1007,.T.);
#1714=ORIENTED_EDGE('',*,*,#1207,.F.);
#1715=ORIENTED_EDGE('',*,*,#1208,.T.);
#1716=ORIENTED_EDGE('',*,*,#1209,.F.);
#1717=ORIENTED_EDGE('',*,*,#1210,.F.);
#1718=ORIENTED_EDGE('',*,*,#1211,.T.);
#1719=ORIENTED_EDGE('',*,*,#1205,.T.);
#1720=ORIENTED_EDGE('',*,*,#1191,.T.);
#1721=ORIENTED_EDGE('',*,*,#1212,.T.);
#1722=ORIENTED_EDGE('',*,*,#1207,.T.);
#1723=ORIENTED_EDGE('',*,*,#1204,.F.);
#1724=ORIENTED_EDGE('',*,*,#1211,.F.);
#1725=ORIENTED_EDGE('',*,*,#1213,.F.);
#1726=ORIENTED_EDGE('',*,*,#1214,.F.);
#1727=ORIENTED_EDGE('',*,*,#1215,.F.);
#1728=ORIENTED_EDGE('',*,*,#1216,.T.);
#1729=ORIENTED_EDGE('',*,*,#1217,.F.);
#1730=ORIENTED_EDGE('',*,*,#1218,.F.);
#1731=ORIENTED_EDGE('',*,*,#1219,.F.);
#1732=ORIENTED_EDGE('',*,*,#1220,.F.);
#1733=ORIENTED_EDGE('',*,*,#1001,.F.);
#1734=ORIENTED_EDGE('',*,*,#1008,.T.);
#1735=ORIENTED_EDGE('',*,*,#1206,.F.);
#1736=ORIENTED_EDGE('',*,*,#1221,.F.);
#1737=ORIENTED_EDGE('',*,*,#1222,.T.);
#1738=ORIENTED_EDGE('',*,*,#1223,.F.);
#1739=ORIENTED_EDGE('',*,*,#1224,.T.);
#1740=ORIENTED_EDGE('',*,*,#1225,.F.);
#1741=ORIENTED_EDGE('',*,*,#1224,.F.);
#1742=ORIENTED_EDGE('',*,*,#1226,.F.);
#1743=ORIENTED_EDGE('',*,*,#1222,.F.);
#1744=ORIENTED_EDGE('',*,*,#1080,.F.);
#1745=ORIENTED_EDGE('',*,*,#1227,.F.);
#1746=ORIENTED_EDGE('',*,*,#1228,.F.);
#1747=ORIENTED_EDGE('',*,*,#1229,.F.);
#1748=ORIENTED_EDGE('',*,*,#1223,.T.);
#1749=ORIENTED_EDGE('',*,*,#1226,.T.);
#1750=ORIENTED_EDGE('',*,*,#1081,.F.);
#1751=ORIENTED_EDGE('',*,*,#1229,.T.);
#1752=ORIENTED_EDGE('',*,*,#1230,.F.);
#1753=ORIENTED_EDGE('',*,*,#1227,.T.);
#1754=ORIENTED_EDGE('',*,*,#1230,.T.);
#1755=ORIENTED_EDGE('',*,*,#1228,.T.);
#1756=ORIENTED_EDGE('',*,*,#1203,.T.);
#1757=ORIENTED_EDGE('',*,*,#1231,.T.);
#1758=ORIENTED_EDGE('',*,*,#1232,.T.);
#1759=ORIENTED_EDGE('',*,*,#1233,.F.);
#1760=ORIENTED_EDGE('',*,*,#1194,.F.);
#1761=ORIENTED_EDGE('',*,*,#1195,.T.);
#1762=ORIENTED_EDGE('',*,*,#1234,.T.);
#1763=ORIENTED_EDGE('',*,*,#1183,.T.);
#1764=ORIENTED_EDGE('',*,*,#1231,.F.);
#1765=ORIENTED_EDGE('',*,*,#1202,.T.);
#1766=ORIENTED_EDGE('',*,*,#1235,.T.);
#1767=ORIENTED_EDGE('',*,*,#1184,.T.);
#1768=ORIENTED_EDGE('',*,*,#1234,.F.);
#1769=ORIENTED_EDGE('',*,*,#1236,.T.);
#1770=ORIENTED_EDGE('',*,*,#1237,.T.);
#1771=ORIENTED_EDGE('',*,*,#1238,.T.);
#1772=ORIENTED_EDGE('',*,*,#1235,.F.);
#1773=ORIENTED_EDGE('',*,*,#1239,.T.);
#1774=ORIENTED_EDGE('',*,*,#1115,.T.);
#1775=ORIENTED_EDGE('',*,*,#1240,.T.);
#1776=ORIENTED_EDGE('',*,*,#1241,.T.);
#1777=ORIENTED_EDGE('',*,*,#1242,.T.);
#1778=ORIENTED_EDGE('',*,*,#1123,.T.);
#1779=ORIENTED_EDGE('',*,*,#1105,.T.);
#1780=ORIENTED_EDGE('',*,*,#991,.T.);
#1781=ORIENTED_EDGE('',*,*,#1242,.F.);
#1782=ORIENTED_EDGE('',*,*,#1243,.T.);
#1783=ORIENTED_EDGE('',*,*,#1244,.T.);
#1784=ORIENTED_EDGE('',*,*,#1245,.T.);
#1785=ORIENTED_EDGE('',*,*,#1110,.F.);
#1786=ORIENTED_EDGE('',*,*,#1246,.T.);
#1787=ORIENTED_EDGE('',*,*,#1247,.T.);
#1788=ORIENTED_EDGE('',*,*,#1244,.F.);
#1789=ORIENTED_EDGE('',*,*,#1248,.T.);
#1790=ORIENTED_EDGE('',*,*,#1249,.T.);
#1791=ORIENTED_EDGE('',*,*,#1114,.T.);
#1792=ORIENTED_EDGE('',*,*,#1125,.T.);
#1793=ORIENTED_EDGE('',*,*,#1237,.F.);
#1794=ORIENTED_EDGE('',*,*,#1250,.T.);
#1795=ORIENTED_EDGE('',*,*,#1240,.F.);
#1796=ORIENTED_EDGE('',*,*,#1251,.T.);
#1797=ORIENTED_EDGE('',*,*,#1252,.T.);
#1798=ORIENTED_EDGE('',*,*,#1253,.T.);
#1799=ORIENTED_EDGE('',*,*,#1254,.T.);
#1800=ORIENTED_EDGE('',*,*,#1249,.F.);
#1801=ORIENTED_EDGE('',*,*,#1255,.T.);
#1802=ORIENTED_EDGE('',*,*,#1256,.T.);
#1803=ORIENTED_EDGE('',*,*,#1252,.F.);
#1804=ORIENTED_EDGE('',*,*,#1200,.T.);
#1805=ORIENTED_EDGE('',*,*,#1257,.T.);
#1806=ORIENTED_EDGE('',*,*,#1258,.T.);
#1807=ORIENTED_EDGE('',*,*,#1255,.F.);
#1808=ORIENTED_EDGE('',*,*,#1199,.T.);
#1809=ORIENTED_EDGE('',*,*,#1232,.F.);
#1810=ORIENTED_EDGE('',*,*,#1188,.T.);
#1811=ORIENTED_EDGE('',*,*,#1259,.F.);
#1812=ORIENTED_EDGE('',*,*,#1260,.F.);
#1813=ORIENTED_EDGE('',*,*,#1209,.T.);
#1814=ORIENTED_EDGE('',*,*,#1261,.F.);
#1815=ORIENTED_EDGE('',*,*,#1189,.F.);
#1816=ORIENTED_EDGE('',*,*,#1233,.T.);
#1817=ORIENTED_EDGE('',*,*,#1165,.T.);
#1818=ORIENTED_EDGE('',*,*,#1167,.T.);
#1819=ORIENTED_EDGE('',*,*,#1169,.T.);
#1820=ORIENTED_EDGE('',*,*,#1171,.T.);
#1821=ORIENTED_EDGE('',*,*,#1126,.T.);
#1822=ORIENTED_EDGE('',*,*,#1130,.T.);
#1823=ORIENTED_EDGE('',*,*,#1133,.T.);
#1824=ORIENTED_EDGE('',*,*,#1238,.F.);
#1825=ORIENTED_EDGE('',*,*,#1124,.T.);
#1826=ORIENTED_EDGE('',*,*,#1262,.T.);
#1827=ORIENTED_EDGE('',*,*,#1263,.F.);
#1828=ORIENTED_EDGE('',*,*,#1185,.F.);
#1829=ORIENTED_EDGE('',*,*,#1112,.T.);
#1830=ORIENTED_EDGE('',*,*,#1122,.F.);
#1831=ORIENTED_EDGE('',*,*,#1262,.F.);
#1832=ORIENTED_EDGE('',*,*,#1094,.T.);
#1833=ORIENTED_EDGE('',*,*,#988,.F.);
#1834=ORIENTED_EDGE('',*,*,#1245,.F.);
#1835=ORIENTED_EDGE('',*,*,#1247,.F.);
#1836=ORIENTED_EDGE('',*,*,#1254,.F.);
#1837=ORIENTED_EDGE('',*,*,#1264,.T.);
#1838=ORIENTED_EDGE('',*,*,#1265,.F.);
#1839=ORIENTED_EDGE('',*,*,#1266,.F.);
#1840=ORIENTED_EDGE('',*,*,#1267,.F.);
#1841=ORIENTED_EDGE('',*,*,#1095,.F.);
#1842=ORIENTED_EDGE('',*,*,#1087,.T.);
#1843=ORIENTED_EDGE('',*,*,#1092,.T.);
#1844=ORIENTED_EDGE('',*,*,#1253,.F.);
#1845=ORIENTED_EDGE('',*,*,#1256,.F.);
#1846=ORIENTED_EDGE('',*,*,#1268,.T.);
#1847=ORIENTED_EDGE('',*,*,#1269,.F.);
#1848=ORIENTED_EDGE('',*,*,#1270,.F.);
#1849=ORIENTED_EDGE('',*,*,#1264,.F.);
#1850=ORIENTED_EDGE('',*,*,#1258,.F.);
#1851=ORIENTED_EDGE('',*,*,#1271,.T.);
#1852=ORIENTED_EDGE('',*,*,#1272,.F.);
#1853=ORIENTED_EDGE('',*,*,#1268,.F.);
#1854=ORIENTED_EDGE('',*,*,#1257,.F.);
#1855=ORIENTED_EDGE('',*,*,#1198,.T.);
#1856=ORIENTED_EDGE('',*,*,#1273,.T.);
#1857=ORIENTED_EDGE('',*,*,#1219,.T.);
#1858=ORIENTED_EDGE('',*,*,#1274,.F.);
#1859=ORIENTED_EDGE('',*,*,#1271,.F.);
#1860=ORIENTED_EDGE('',*,*,#975,.T.);
#1861=ORIENTED_EDGE('',*,*,#1267,.T.);
#1862=ORIENTED_EDGE('',*,*,#1275,.T.);
#1863=ORIENTED_EDGE('',*,*,#1078,.T.);
#1864=ORIENTED_EDGE('',*,*,#1276,.T.);
#1865=ORIENTED_EDGE('',*,*,#1263,.T.);
#1866=ORIENTED_EDGE('',*,*,#1121,.F.);
#1867=ORIENTED_EDGE('',*,*,#1277,.T.);
#1868=ORIENTED_EDGE('',*,*,#1278,.T.);
#1869=ORIENTED_EDGE('',*,*,#1186,.T.);
#1870=ORIENTED_EDGE('',*,*,#1276,.F.);
#1871=ORIENTED_EDGE('',*,*,#1279,.T.);
#1872=ORIENTED_EDGE('',*,*,#1280,.T.);
#1873=ORIENTED_EDGE('',*,*,#1187,.T.);
#1874=ORIENTED_EDGE('',*,*,#1278,.F.);
#1875=ORIENTED_EDGE('',*,*,#1215,.T.);
#1876=ORIENTED_EDGE('',*,*,#1259,.T.);
#1877=ORIENTED_EDGE('',*,*,#1280,.F.);
#1878=ORIENTED_EDGE('',*,*,#1214,.T.);
#1879=ORIENTED_EDGE('',*,*,#1213,.T.);
#1880=ORIENTED_EDGE('',*,*,#1210,.T.);
#1881=ORIENTED_EDGE('',*,*,#1260,.T.);
#1882=ORIENTED_EDGE('',*,*,#1281,.T.);
#1883=ORIENTED_EDGE('',*,*,#1275,.F.);
#1884=ORIENTED_EDGE('',*,*,#1266,.T.);
#1885=ORIENTED_EDGE('',*,*,#1282,.T.);
#1886=ORIENTED_EDGE('',*,*,#1274,.T.);
#1887=ORIENTED_EDGE('',*,*,#1218,.T.);
#1888=ORIENTED_EDGE('',*,*,#1283,.T.);
#1889=ORIENTED_EDGE('',*,*,#1272,.T.);
#1890=ORIENTED_EDGE('',*,*,#1284,.T.);
#1891=ORIENTED_EDGE('',*,*,#1269,.T.);
#1892=ORIENTED_EDGE('',*,*,#1283,.F.);
#1893=ORIENTED_EDGE('',*,*,#1217,.T.);
#1894=ORIENTED_EDGE('',*,*,#1270,.T.);
#1895=ORIENTED_EDGE('',*,*,#1284,.F.);
#1896=ORIENTED_EDGE('',*,*,#1285,.T.);
#1897=ORIENTED_EDGE('',*,*,#1282,.F.);
#1898=ORIENTED_EDGE('',*,*,#1265,.T.);
#1899=ORIENTED_EDGE('',*,*,#1279,.F.);
#1900=ORIENTED_EDGE('',*,*,#1277,.F.);
#1901=ORIENTED_EDGE('',*,*,#1120,.F.);
#1902=ORIENTED_EDGE('',*,*,#1079,.F.);
#1903=ORIENTED_EDGE('',*,*,#1281,.F.);
#1904=ORIENTED_EDGE('',*,*,#1285,.F.);
#1905=ORIENTED_EDGE('',*,*,#1216,.F.);
#1906=ORIENTED_EDGE('',*,*,#1103,.T.);
#1907=ORIENTED_EDGE('',*,*,#1243,.F.);
#1908=ORIENTED_EDGE('',*,*,#1241,.F.);
#1909=ORIENTED_EDGE('',*,*,#1286,.T.);
#1910=ORIENTED_EDGE('',*,*,#1246,.F.);
#1911=ORIENTED_EDGE('',*,*,#1109,.F.);
#1912=ORIENTED_EDGE('',*,*,#1106,.T.);
#1913=ORIENTED_EDGE('',*,*,#1099,.T.);
#1914=ORIENTED_EDGE('',*,*,#1225,.T.);
#1915=ORIENTED_EDGE('',*,*,#1221,.T.);
#1916=ORIENTED_EDGE('',*,*,#1236,.F.);
#1917=ORIENTED_EDGE('',*,*,#1201,.F.);
#1918=ORIENTED_EDGE('',*,*,#1251,.F.);
#1919=ORIENTED_EDGE('',*,*,#1248,.F.);
#1920=ORIENTED_EDGE('',*,*,#1286,.F.);
#1921=ORIENTED_EDGE('',*,*,#1250,.F.);
#1922=ORIENTED_EDGE('',*,*,#1239,.F.);
#1923=ORIENTED_EDGE('',*,*,#1197,.T.);
#1924=ORIENTED_EDGE('',*,*,#1002,.T.);
#1925=ORIENTED_EDGE('',*,*,#1220,.T.);
#1926=ORIENTED_EDGE('',*,*,#1273,.F.);
#1927=ORIENTED_EDGE('',*,*,#1190,.F.);
#1928=ORIENTED_EDGE('',*,*,#1261,.T.);
#1929=ORIENTED_EDGE('',*,*,#1208,.F.);
#1930=ORIENTED_EDGE('',*,*,#1212,.F.);
#1931=PLANE('',#2109);
#1932=PLANE('',#2110);
#1933=PLANE('',#2118);
#1934=PLANE('',#2130);
#1935=PLANE('',#2131);
#1936=PLANE('',#2134);
#1937=PLANE('',#2143);
#1938=PLANE('',#2144);
#1939=PLANE('',#2145);
#1940=PLANE('',#2154);
#1941=PLANE('',#2155);
#1942=PLANE('',#2170);
#1943=PLANE('',#2171);
#1944=PLANE('',#2172);
#1945=PLANE('',#2173);
#1946=PLANE('',#2175);
#1947=PLANE('',#2178);
#1948=PLANE('',#2186);
#1949=PLANE('',#2188);
#1950=PLANE('',#2194);
#1951=PLANE('',#2196);
#1952=PLANE('',#2198);
#1953=PLANE('',#2208);
#1954=PLANE('',#2210);
#1955=PLANE('',#2211);
#1956=PLANE('',#2212);
#1957=PLANE('',#2213);
#1958=PLANE('',#2214);
#1959=PLANE('',#2215);
#1960=PLANE('',#2216);
#1961=PLANE('',#2217);
#1962=PLANE('',#2218);
#1963=PLANE('',#2219);
#1964=PLANE('',#2220);
#1965=PLANE('',#2221);
#1966=PLANE('',#2222);
#1967=PLANE('',#2224);
#1968=PLANE('',#2225);
#1969=PLANE('',#2231);
#1970=PLANE('',#2232);
#1971=PLANE('',#2233);
#1972=PLANE('',#2246);
#1973=PLANE('',#2247);
#1974=PLANE('',#2248);
#1975=PLANE('',#2249);
#1976=PLANE('',#2256);
#1977=PLANE('',#2257);
#1978=PLANE('',#2258);
#1979=ADVANCED_FACE('',(#166),#1931,.F.);
#1980=ADVANCED_FACE('',(#167),#1932,.F.);
#1981=ADVANCED_FACE('',(#168),#162,.T.);
#1982=ADVANCED_FACE('',(#169),#1933,.T.);
#1983=ADVANCED_FACE('',(#170),#69,.T.);
#1984=ADVANCED_FACE('',(#171),#70,.T.);
#1985=ADVANCED_FACE('',(#172),#1934,.F.);
#1986=ADVANCED_FACE('',(#173),#1935,.F.);
#1987=ADVANCED_FACE('',(#174),#1936,.T.);
#1988=ADVANCED_FACE('',(#175),#71,.T.);
#1989=ADVANCED_FACE('',(#176),#72,.T.);
#1990=ADVANCED_FACE('',(#177),#30,.T.);
#1991=ADVANCED_FACE('',(#178),#28,.F.);
#1992=ADVANCED_FACE('',(#179),#31,.T.);
#1993=ADVANCED_FACE('',(#180),#1937,.F.);
#1994=ADVANCED_FACE('',(#181),#32,.T.);
#1995=ADVANCED_FACE('',(#182),#1938,.F.);
#1996=ADVANCED_FACE('',(#183),#33,.T.);
#1997=ADVANCED_FACE('',(#184),#1939,.F.);
#1998=ADVANCED_FACE('',(#185),#29,.F.);
#1999=ADVANCED_FACE('',(#186),#73,.T.);
#2000=ADVANCED_FACE('',(#187),#1940,.F.);
#2001=ADVANCED_FACE('',(#188),#1941,.F.);
#2002=ADVANCED_FACE('',(#189),#163,.T.);
#2003=ADVANCED_FACE('',(#190),#74,.F.);
#2004=ADVANCED_FACE('',(#191),#75,.T.);
#2005=ADVANCED_FACE('',(#192),#1942,.F.);
#2006=ADVANCED_FACE('',(#193),#1943,.F.);
#2007=ADVANCED_FACE('',(#194),#1944,.F.);
#2008=ADVANCED_FACE('',(#195,#24),#1945,.F.);
#2009=ADVANCED_FACE('',(#196),#1946,.F.);
#2010=ADVANCED_FACE('',(#197),#1947,.F.);
#2011=ADVANCED_FACE('',(#198),#76,.F.);
#2012=ADVANCED_FACE('',(#199),#77,.T.);
#2013=ADVANCED_FACE('',(#200),#1948,.T.);
#2014=ADVANCED_FACE('',(#201),#78,.T.);
#2015=ADVANCED_FACE('',(#202),#1949,.F.);
#2016=ADVANCED_FACE('',(#203),#79,.T.);
#2017=ADVANCED_FACE('',(#204),#80,.F.);
#2018=ADVANCED_FACE('',(#205),#81,.T.);
#2019=ADVANCED_FACE('',(#206),#1950,.F.);
#2020=ADVANCED_FACE('',(#207),#1951,.F.);
#2021=ADVANCED_FACE('',(#208),#1952,.F.);
#2022=ADVANCED_FACE('',(#209),#164,.T.);
#2023=ADVANCED_FACE('',(#210),#82,.F.);
#2024=ADVANCED_FACE('',(#211),#1953,.F.);
#2025=ADVANCED_FACE('',(#212),#34,.F.);
#2026=ADVANCED_FACE('',(#213),#1954,.T.);
#2027=ADVANCED_FACE('',(#214),#1955,.T.);
#2028=ADVANCED_FACE('',(#215),#35,.F.);
#2029=ADVANCED_FACE('',(#216),#1956,.F.);
#2030=ADVANCED_FACE('',(#217),#1957,.F.);
#2031=ADVANCED_FACE('',(#218),#36,.F.);
#2032=ADVANCED_FACE('',(#219),#37,.F.);
#2033=ADVANCED_FACE('',(#220),#38,.F.);
#2034=ADVANCED_FACE('',(#221),#1958,.F.);
#2035=ADVANCED_FACE('',(#222),#1959,.F.);
#2036=ADVANCED_FACE('',(#223),#1960,.F.);
#2037=ADVANCED_FACE('',(#224,#25),#1961,.T.);
#2038=ADVANCED_FACE('',(#225),#1962,.F.);
#2039=ADVANCED_FACE('',(#226),#39,.F.);
#2040=ADVANCED_FACE('',(#227),#1963,.F.);
#2041=ADVANCED_FACE('',(#228),#40,.F.);
#2042=ADVANCED_FACE('',(#229),#1964,.F.);
#2043=ADVANCED_FACE('',(#230),#1965,.F.);
#2044=ADVANCED_FACE('',(#231),#41,.F.);
#2045=ADVANCED_FACE('',(#232),#42,.F.);
#2046=ADVANCED_FACE('',(#233),#43,.F.);
#2047=ADVANCED_FACE('',(#234),#1966,.F.);
#2048=ADVANCED_FACE('',(#235,#26),#15,.T.);
#2049=ADVANCED_FACE('',(#236),#44,.F.);
#2050=ADVANCED_FACE('',(#237),#16,.F.);
#2051=ADVANCED_FACE('',(#238),#45,.T.);
#2052=ADVANCED_FACE('',(#239),#46,.F.);
#2053=ADVANCED_FACE('',(#240),#1967,.F.);
#2054=ADVANCED_FACE('',(#241),#17,.F.);
#2055=ADVANCED_FACE('',(#242),#1968,.T.);
#2056=ADVANCED_FACE('',(#243),#83,.T.);
#2057=ADVANCED_FACE('',(#244),#84,.T.);
#2058=ADVANCED_FACE('',(#245),#1969,.F.);
#2059=ADVANCED_FACE('',(#246),#1970,.T.);
#2060=ADVANCED_FACE('',(#247),#1971,.T.);
#2061=ADVANCED_FACE('',(#248),#47,.F.);
#2062=ADVANCED_FACE('',(#249),#48,.F.);
#2063=ADVANCED_FACE('',(#250),#49,.F.);
#2064=ADVANCED_FACE('',(#251),#50,.F.);
#2065=ADVANCED_FACE('',(#252),#85,.T.);
#2066=ADVANCED_FACE('',(#253),#165,.T.);
#2067=ADVANCED_FACE('',(#254),#51,.F.);
#2068=ADVANCED_FACE('',(#255),#52,.F.);
#2069=ADVANCED_FACE('',(#256),#53,.F.);
#2070=ADVANCED_FACE('',(#257),#54,.F.);
#2071=ADVANCED_FACE('',(#258),#55,.F.);
#2072=ADVANCED_FACE('',(#259),#56,.F.);
#2073=ADVANCED_FACE('',(#260),#1972,.T.);
#2074=ADVANCED_FACE('',(#261),#18,.T.);
#2075=ADVANCED_FACE('',(#262),#19,.T.);
#2076=ADVANCED_FACE('',(#263),#1973,.T.);
#2077=ADVANCED_FACE('',(#264),#20,.T.);
#2078=ADVANCED_FACE('',(#265),#21,.T.);
#2079=ADVANCED_FACE('',(#266),#1974,.T.);
#2080=ADVANCED_FACE('',(#267),#1975,.T.);
#2081=ADVANCED_FACE('',(#268),#57,.F.);
#2082=ADVANCED_FACE('',(#269),#58,.F.);
#2083=ADVANCED_FACE('',(#270),#59,.F.);
#2084=ADVANCED_FACE('',(#271),#60,.F.);
#2085=ADVANCED_FACE('',(#272),#61,.F.);
#2086=ADVANCED_FACE('',(#273),#62,.F.);
#2087=ADVANCED_FACE('',(#274),#63,.F.);
#2088=ADVANCED_FACE('',(#275),#64,.F.);
#2089=ADVANCED_FACE('',(#276),#65,.F.);
#2090=ADVANCED_FACE('',(#277),#22,.F.);
#2091=ADVANCED_FACE('',(#278,#27),#1976,.F.);
#2092=ADVANCED_FACE('',(#279),#23,.F.);
#2093=ADVANCED_FACE('',(#280),#1977,.T.);
#2094=ADVANCED_FACE('',(#281),#1978,.T.);
#2095=CLOSED_SHELL('',(#1979,#1980,#1981,#1982,#1983,#1984,#1985,#1986,
#1987,#1988,#1989,#1990,#1991,#1992,#1993,#1994,#1995,#1996,#1997,#1998,
#1999,#2000,#2001,#2002,#2003,#2004,#2005,#2006,#2007,#2008,#2009,#2010,
#2011,#2012,#2013,#2014,#2015,#2016,#2017,#2018,#2019,#2020,#2021,#2022,
#2023,#2024,#2025,#2026,#2027,#2028,#2029,#2030,#2031,#2032,#2033,#2034,
#2035,#2036,#2037,#2038,#2039,#2040,#2041,#2042,#2043,#2044,#2045,#2046,
#2047,#2048,#2049,#2050,#2051,#2052,#2053,#2054,#2055,#2056,#2057,#2058,
#2059,#2060,#2061,#2062,#2063,#2064,#2065,#2066,#2067,#2068,#2069,#2070,
#2071,#2072,#2073,#2074,#2075,#2076,#2077,#2078,#2079,#2080,#2081,#2082,
#2083,#2084,#2085,#2086,#2087,#2088,#2089,#2090,#2091,#2092,#2093,#2094));
#2096=DERIVED_UNIT_ELEMENT(#2098,1.);
#2097=DERIVED_UNIT_ELEMENT(#5084,-3.);
#2098=(
MASS_UNIT()
NAMED_UNIT(*)
SI_UNIT(.KILO.,.GRAM.)
);
#2099=DERIVED_UNIT((#2096,#2097));
#2100=MEASURE_REPRESENTATION_ITEM('density measure',
POSITIVE_RATIO_MEASURE(7850.),#2099);
#2101=PROPERTY_DEFINITION_REPRESENTATION(#2106,#2103);
#2102=PROPERTY_DEFINITION_REPRESENTATION(#2107,#2104);
#2103=REPRESENTATION('material name',(#2105),#5081);
#2104=REPRESENTATION('density',(#2100),#5081);
#2105=DESCRIPTIVE_REPRESENTATION_ITEM('Steel','Steel');
#2106=PROPERTY_DEFINITION('material property','material name',#5091);
#2107=PROPERTY_DEFINITION('material property','density of part',#5091);
#2108=AXIS2_PLACEMENT_3D('',#2673,#2259,#2260);
#2109=AXIS2_PLACEMENT_3D('',#2674,#2261,#2262);
#2110=AXIS2_PLACEMENT_3D('',#2697,#2264,#2265);
#2111=AXIS2_PLACEMENT_3D('',#2710,#2272,#2273);
#2112=AXIS2_PLACEMENT_3D('',#2712,#2274,#2275);
#2113=AXIS2_PLACEMENT_3D('',#2714,#2276,#2277);
#2114=AXIS2_PLACEMENT_3D('',#2716,#2278,#2279);
#2115=AXIS2_PLACEMENT_3D('',#2718,#2280,#2281);
#2116=AXIS2_PLACEMENT_3D('',#2720,#2282,#2283);
#2117=AXIS2_PLACEMENT_3D('',#2721,#2284,#2285);
#2118=AXIS2_PLACEMENT_3D('',#2722,#2286,#2287);
#2119=AXIS2_PLACEMENT_3D('',#2726,#2289,#2290);
#2120=AXIS2_PLACEMENT_3D('',#2728,#2291,#2292);
#2121=AXIS2_PLACEMENT_3D('',#2730,#2293,#2294);
#2122=AXIS2_PLACEMENT_3D('',#2733,#2296,#2297);
#2123=AXIS2_PLACEMENT_3D('',#2734,#2298,#2299);
#2124=AXIS2_PLACEMENT_3D('',#2736,#2300,#2301);
#2125=AXIS2_PLACEMENT_3D('',#2740,#2303,#2304);
#2126=AXIS2_PLACEMENT_3D('',#2743,#2306,#2307);
#2127=AXIS2_PLACEMENT_3D('',#2744,#2308,#2309);
#2128=AXIS2_PLACEMENT_3D('',#2748,#2311,#2312);
#2129=AXIS2_PLACEMENT_3D('',#2751,#2314,#2315);
#2130=AXIS2_PLACEMENT_3D('',#2752,#2316,#2317);
#2131=AXIS2_PLACEMENT_3D('',#2756,#2320,#2321);
#2132=AXIS2_PLACEMENT_3D('',#2759,#2322,#2323);
#2133=AXIS2_PLACEMENT_3D('',#2778,#2324,#2325);
#2134=AXIS2_PLACEMENT_3D('',#2780,#2327,#2328);
#2135=AXIS2_PLACEMENT_3D('',#2782,#2329,#2330);
#2136=AXIS2_PLACEMENT_3D('',#2795,#2332,#2333);
#2137=AXIS2_PLACEMENT_3D('',#2796,#2334,#2335);
#2138=AXIS2_PLACEMENT_3D('',#2808,#2336,#2337);
#2139=AXIS2_PLACEMENT_3D('',#2883,#2338,#2339);
#2140=AXIS2_PLACEMENT_3D('',#2885,#2340,#2341);
#2141=AXIS2_PLACEMENT_3D('',#2887,#2342,#2343);
#2142=AXIS2_PLACEMENT_3D('',#2893,#2344,#2345);
#2143=AXIS2_PLACEMENT_3D('',#2950,#2346,#2347);
#2144=AXIS2_PLACEMENT_3D('',#3004,#2350,#2351);
#2145=AXIS2_PLACEMENT_3D('',#3066,#2355,#2356);
#2146=AXIS2_PLACEMENT_3D('',#3074,#2361,#2362);
#2147=AXIS2_PLACEMENT_3D('',#3076,#2363,#2364);
#2148=AXIS2_PLACEMENT_3D('',#3077,#2365,#2366);
#2149=AXIS2_PLACEMENT_3D('',#3078,#2367,#2368);
#2150=AXIS2_PLACEMENT_3D('',#3079,#2369,#2370);
#2151=AXIS2_PLACEMENT_3D('',#3082,#2371,#2372);
#2152=AXIS2_PLACEMENT_3D('',#3086,#2374,#2375);
#2153=AXIS2_PLACEMENT_3D('',#3100,#2379,#2380);
#2154=AXIS2_PLACEMENT_3D('',#3102,#2382,#2383);
#2155=AXIS2_PLACEMENT_3D('',#3106,#2386,#2387);
#2156=AXIS2_PLACEMENT_3D('',#3108,#2389,#2390);
#2157=AXIS2_PLACEMENT_3D('',#3124,#2391,#2392);
#2158=AXIS2_PLACEMENT_3D('',#3133,#2393,#2394);
#2159=AXIS2_PLACEMENT_3D('',#3135,#2395,#2396);
#2160=AXIS2_PLACEMENT_3D('',#3139,#2399,#2400);
#2161=AXIS2_PLACEMENT_3D('',#3143,#2402,#2403);
#2162=AXIS2_PLACEMENT_3D('',#3146,#2405,#2406);
#2163=AXIS2_PLACEMENT_3D('',#3150,#2408,#2409);
#2164=AXIS2_PLACEMENT_3D('',#3153,#2411,#2412);
#2165=AXIS2_PLACEMENT_3D('',#3154,#2413,#2414);
#2166=AXIS2_PLACEMENT_3D('',#3155,#2415,#2416);
#2167=AXIS2_PLACEMENT_3D('',#3157,#2417,#2418);
#2168=AXIS2_PLACEMENT_3D('',#3160,#2420,#2421);
#2169=AXIS2_PLACEMENT_3D('',#3161,#2422,#2423);
#2170=AXIS2_PLACEMENT_3D('',#3162,#2424,#2425);
#2171=AXIS2_PLACEMENT_3D('',#3166,#2429,#2430);
#2172=AXIS2_PLACEMENT_3D('',#3168,#2432,#2433);
#2173=AXIS2_PLACEMENT_3D('',#3169,#2434,#2435);
#2174=AXIS2_PLACEMENT_3D('',#3178,#2437,#2438);
#2175=AXIS2_PLACEMENT_3D('',#3180,#2440,#2441);
#2176=AXIS2_PLACEMENT_3D('',#3182,#2442,#2443);
#2177=AXIS2_PLACEMENT_3D('',#3183,#2444,#2445);
#2178=AXIS2_PLACEMENT_3D('',#3185,#2447,#2448);
#2179=AXIS2_PLACEMENT_3D('',#3187,#2449,#2450);
#2180=AXIS2_PLACEMENT_3D('',#3189,#2451,#2452);
#2181=AXIS2_PLACEMENT_3D('',#3196,#2453,#2454);
#2182=AXIS2_PLACEMENT_3D('',#3198,#2456,#2457);
#2183=AXIS2_PLACEMENT_3D('',#3200,#2458,#2459);
#2184=AXIS2_PLACEMENT_3D('',#3202,#2461,#2462);
#2185=AXIS2_PLACEMENT_3D('',#3208,#2463,#2464);
#2186=AXIS2_PLACEMENT_3D('',#3209,#2465,#2466);
#2187=AXIS2_PLACEMENT_3D('',#3214,#2467,#2468);
#2188=AXIS2_PLACEMENT_3D('',#3217,#2471,#2472);
#2189=AXIS2_PLACEMENT_3D('',#3218,#2473,#2474);
#2190=AXIS2_PLACEMENT_3D('',#3221,#2477,#2478);
#2191=AXIS2_PLACEMENT_3D('',#3222,#2479,#2480);
#2192=AXIS2_PLACEMENT_3D('',#3225,#2481,#2482);
#2193=AXIS2_PLACEMENT_3D('',#3229,#2484,#2485);
#2194=AXIS2_PLACEMENT_3D('',#3231,#2487,#2488);
#2195=AXIS2_PLACEMENT_3D('',#3235,#2491,#2492);
#2196=AXIS2_PLACEMENT_3D('',#3236,#2493,#2494);
#2197=AXIS2_PLACEMENT_3D('',#3239,#2496,#2497);
#2198=AXIS2_PLACEMENT_3D('',#3241,#2499,#2500);
#2199=AXIS2_PLACEMENT_3D('',#3242,#2501,#2502);
#2200=AXIS2_PLACEMENT_3D('',#3244,#2503,#2504);
#2201=AXIS2_PLACEMENT_3D('',#3245,#2505,#2506);
#2202=AXIS2_PLACEMENT_3D('',#3246,#2507,#2508);
#2203=AXIS2_PLACEMENT_3D('',#3268,#2509,#2510);
#2204=AXIS2_PLACEMENT_3D('',#3270,#2511,#2512);
#2205=AXIS2_PLACEMENT_3D('',#3299,#2513,#2514);
#2206=AXIS2_PLACEMENT_3D('',#3302,#2516,#2517);
#2207=AXIS2_PLACEMENT_3D('',#3303,#2518,#2519);
#2208=AXIS2_PLACEMENT_3D('',#3304,#2520,#2521);
#2209=AXIS2_PLACEMENT_3D('',#3331,#2522,#2523);
#2210=AXIS2_PLACEMENT_3D('',#3336,#2524,#2525);
#2211=AXIS2_PLACEMENT_3D('',#3338,#2527,#2528);
#2212=AXIS2_PLACEMENT_3D('',#3370,#2532,#2533);
#2213=AXIS2_PLACEMENT_3D('',#3379,#2536,#2537);
#2214=AXIS2_PLACEMENT_3D('',#3448,#2544,#2545);
#2215=AXIS2_PLACEMENT_3D('',#3457,#2548,#2549);
#2216=AXIS2_PLACEMENT_3D('',#3466,#2552,#2553);
#2217=AXIS2_PLACEMENT_3D('',#3475,#2556,#2557);
#2218=AXIS2_PLACEMENT_3D('',#3504,#2563,#2564);
#2219=AXIS2_PLACEMENT_3D('',#3541,#2567,#2568);
#2220=AXIS2_PLACEMENT_3D('',#3564,#2570,#2571);
#2221=AXIS2_PLACEMENT_3D('',#3571,#2573,#2574);
#2222=AXIS2_PLACEMENT_3D('',#3626,#2579,#2580);
#2223=AXIS2_PLACEMENT_3D('',#3895,#2584,#2585);
#2224=AXIS2_PLACEMENT_3D('',#3992,#2586,#2587);
#2225=AXIS2_PLACEMENT_3D('',#4073,#2590,#2591);
#2226=AXIS2_PLACEMENT_3D('',#4082,#2596,#2597);
#2227=AXIS2_PLACEMENT_3D('',#4083,#2598,#2599);
#2228=AXIS2_PLACEMENT_3D('',#4084,#2600,#2601);
#2229=AXIS2_PLACEMENT_3D('',#4085,#2602,#2603);
#2230=AXIS2_PLACEMENT_3D('',#4089,#2605,#2606);
#2231=AXIS2_PLACEMENT_3D('',#4091,#2608,#2609);
#2232=AXIS2_PLACEMENT_3D('',#4092,#2610,#2611);
#2233=AXIS2_PLACEMENT_3D('',#4094,#2613,#2614);
#2234=AXIS2_PLACEMENT_3D('',#4115,#2615,#2616);
#2235=AXIS2_PLACEMENT_3D('',#4150,#2617,#2618);
#2236=AXIS2_PLACEMENT_3D('',#4202,#2619,#2620);
#2237=AXIS2_PLACEMENT_3D('',#4234,#2621,#2622);
#2238=AXIS2_PLACEMENT_3D('',#4243,#2623,#2624);
#2239=AXIS2_PLACEMENT_3D('',#4245,#2625,#2626);
#2240=AXIS2_PLACEMENT_3D('',#4248,#2628,#2629);
#2241=AXIS2_PLACEMENT_3D('',#4249,#2630,#2631);
#2242=AXIS2_PLACEMENT_3D('',#4250,#2632,#2633);
#2243=AXIS2_PLACEMENT_3D('',#4273,#2634,#2635);
#2244=AXIS2_PLACEMENT_3D('',#4439,#2636,#2637);
#2245=AXIS2_PLACEMENT_3D('',#4477,#2638,#2639);
#2246=AXIS2_PLACEMENT_3D('',#4557,#2640,#2641);
#2247=AXIS2_PLACEMENT_3D('',#4615,#2644,#2645);
#2248=AXIS2_PLACEMENT_3D('',#4669,#2648,#2649);
#2249=AXIS2_PLACEMENT_3D('',#4676,#2651,#2652);
#2250=AXIS2_PLACEMENT_3D('',#4747,#2654,#2655);
#2251=AXIS2_PLACEMENT_3D('',#4769,#2656,#2657);
#2252=AXIS2_PLACEMENT_3D('',#4829,#2658,#2659);
#2253=AXIS2_PLACEMENT_3D('',#4866,#2660,#2661);
#2254=AXIS2_PLACEMENT_3D('',#4996,#2662,#2663);
#2255=AXIS2_PLACEMENT_3D('',#5022,#2664,#2665);
#2256=AXIS2_PLACEMENT_3D('',#5067,#2666,#2667);
#2257=AXIS2_PLACEMENT_3D('',#5077,#2669,#2670);
#2258=AXIS2_PLACEMENT_3D('',#5078,#2671,#2672);
#2259=DIRECTION('axis',(0.,0.,1.));
#2260=DIRECTION('refdir',(1.,0.,0.));
#2261=DIRECTION('center_axis',(2.82608569405904E-12,0.,1.));
#2262=DIRECTION('ref_axis',(1.,0.,-2.82608569405904E-12));
#2263=DIRECTION('',(1.,0.,-2.82608569405904E-12));
#2264=DIRECTION('center_axis',(2.82608569405904E-12,0.,1.));
#2265=DIRECTION('ref_axis',(1.,0.,-2.82608569405904E-12));
#2266=DIRECTION('',(-1.,0.,2.82608569405904E-12));
#2267=DIRECTION('',(0.,1.,0.));
#2268=DIRECTION('',(1.,0.,-2.82608569405904E-12));
#2269=DIRECTION('',(0.,-1.,0.));
#2270=DIRECTION('',(-1.,0.,2.82608569405904E-12));
#2271=DIRECTION('',(0.,-1.,0.));
#2272=DIRECTION('center_axis',(0.,-1.,0.));
#2273=DIRECTION('ref_axis',(0.,0.,-1.));
#2274=DIRECTION('center_axis',(0.,1.,0.));
#2275=DIRECTION('ref_axis',(-0.366920422625265,0.,-0.930252333219593));
#2276=DIRECTION('center_axis',(0.,1.,0.));
#2277=DIRECTION('ref_axis',(-0.366920422625265,0.,-0.930252333219593));
#2278=DIRECTION('center_axis',(0.68265715850614,0.,0.730738806920997));
#2279=DIRECTION('ref_axis',(0.,1.,0.));
#2280=DIRECTION('center_axis',(0.,-1.,0.));
#2281=DIRECTION('ref_axis',(-0.366920422625265,0.,-0.930252333219593));
#2282=DIRECTION('center_axis',(1.85037170770859E-16,0.,-1.));
#2283=DIRECTION('ref_axis',(0.,1.,0.));
#2284=DIRECTION('center_axis',(0.,1.,0.));
#2285=DIRECTION('ref_axis',(-0.366920422625265,0.,-0.930252333219593));
#2286=DIRECTION('center_axis',(0.,1.,0.));
#2287=DIRECTION('ref_axis',(1.,0.,0.));
#2288=DIRECTION('',(1.02798428206033E-16,0.,1.));
#2289=DIRECTION('center_axis',(0.,1.,0.));
#2290=DIRECTION('ref_axis',(1.,0.,0.));
#2291=DIRECTION('center_axis',(0.,1.,0.));
#2292=DIRECTION('ref_axis',(-0.769615254233537,0.,0.638507917297075));
#2293=DIRECTION('center_axis',(0.,1.,0.));
#2294=DIRECTION('ref_axis',(0.,0.,-1.));
#2295=DIRECTION('',(-3.14748227480854E-12,0.,1.));
#2296=DIRECTION('center_axis',(0.,-1.,0.));
#2297=DIRECTION('ref_axis',(1.,0.,0.));
#2298=DIRECTION('center_axis',(0.,1.,0.));
#2299=DIRECTION('ref_axis',(-0.974548598503221,0.,-0.224176334958462));
#2300=DIRECTION('center_axis',(0.,1.,0.));
#2301=DIRECTION('ref_axis',(1.,0.,0.));
#2302=DIRECTION('',(0.,-1.,0.));
#2303=DIRECTION('center_axis',(0.,-1.,0.));
#2304=DIRECTION('ref_axis',(-0.366920422625265,0.,-0.930252333219593));
#2305=DIRECTION('',(0.,1.,0.));
#2306=DIRECTION('center_axis',(0.,-1.,0.));
#2307=DIRECTION('ref_axis',(1.,0.,0.));
#2308=DIRECTION('center_axis',(0.,1.,0.));
#2309=DIRECTION('ref_axis',(1.,0.,0.));
#2310=DIRECTION('',(0.,1.,0.));
#2311=DIRECTION('center_axis',(0.,-1.,0.));
#2312=DIRECTION('ref_axis',(-0.366920422625265,0.,-0.930252333219593));
#2313=DIRECTION('',(0.,1.,0.));
#2314=DIRECTION('center_axis',(0.,1.,0.));
#2315=DIRECTION('ref_axis',(1.,0.,0.));
#2316=DIRECTION('center_axis',(1.,0.,-1.02798428206033E-16));
#2317=DIRECTION('ref_axis',(1.02798428206033E-16,0.,1.));
#2318=DIRECTION('',(1.02798428206033E-16,0.,1.));
#2319=DIRECTION('',(0.,-1.,0.));
#2320=DIRECTION('center_axis',(0.500000000002791,0.,-0.866025403782828));
#2321=DIRECTION('ref_axis',(-0.866025403782828,0.,-0.50000000000279));
#2322=DIRECTION('center_axis',(0.500000000002791,0.,-0.866025403782828));
#2323=DIRECTION('ref_axis',(0.866025403782828,4.95611843623973E-16,0.50000000000279));
#2324=DIRECTION('center_axis',(0.500000000002791,0.,-0.866025403782828));
#2325=DIRECTION('ref_axis',(0.866025403782828,4.95611843623973E-16,0.50000000000279));
#2326=DIRECTION('',(0.,1.,0.));
#2327=DIRECTION('center_axis',(-0.906307787037937,0.,-0.42261826173794));
#2328=DIRECTION('ref_axis',(-0.42261826173794,0.,0.906307787037937));
#2329=DIRECTION('center_axis',(-0.906307787037937,0.,-0.42261826173794));
#2330=DIRECTION('ref_axis',(-0.0927698623331362,-0.975609756098022,0.19894561178636));
#2331=DIRECTION('',(0.,1.,0.));
#2332=DIRECTION('center_axis',(-0.906307787037937,0.,-0.42261826173794));
#2333=DIRECTION('ref_axis',(-0.0927698623331362,-0.975609756098022,0.19894561178636));
#2334=DIRECTION('center_axis',(0.906307787035209,4.93432455388958E-16,0.42261826174379));
#2335=DIRECTION('ref_axis',(-0.0927698623331362,-0.975609756098022,0.19894561178636));
#2336=DIRECTION('center_axis',(0.906307787035209,4.93432455388958E-16,0.42261826174379));
#2337=DIRECTION('ref_axis',(-0.0927698623331362,-0.975609756098022,0.19894561178636));
#2338=DIRECTION('center_axis',(0.,1.,0.));
#2339=DIRECTION('ref_axis',(-1.,0.,0.));
#2340=DIRECTION('center_axis',(0.,1.,0.));
#2341=DIRECTION('ref_axis',(-1.,0.,0.));
#2342=DIRECTION('center_axis',(0.,1.,0.));
#2343=DIRECTION('ref_axis',(-1.,0.,0.));
#2344=DIRECTION('center_axis',(0.,-1.,0.));
#2345=DIRECTION('ref_axis',(-1.,0.,0.));
#2346=DIRECTION('center_axis',(0.422618261740291,0.,0.906307787036841));
#2347=DIRECTION('ref_axis',(0.906307787036841,0.,-0.422618261740291));
#2348=DIRECTION('',(0.,1.,0.));
#2349=DIRECTION('',(-0.906307787036841,0.,0.422618261740291));
#2350=DIRECTION('center_axis',(0.422618261740291,0.,0.906307787036841));
#2351=DIRECTION('ref_axis',(0.906307787036841,0.,-0.422618261740291));
#2352=DIRECTION('',(-0.906307787036841,0.,0.422618261740291));
#2353=DIRECTION('',(0.,1.,0.));
#2354=DIRECTION('',(-0.90630778703684,0.,0.422618261740291));
#2355=DIRECTION('center_axis',(-0.422618261740294,0.,-0.906307787036839));
#2356=DIRECTION('ref_axis',(-0.906307787036839,0.,0.422618261740294));
#2357=DIRECTION('',(0.906307787036839,0.,-0.422618261740294));
#2358=DIRECTION('',(0.,1.,0.));
#2359=DIRECTION('',(0.906307787036839,0.,-0.422618261740294));
#2360=DIRECTION('',(0.,1.,0.));
#2361=DIRECTION('center_axis',(0.,1.,0.));
#2362=DIRECTION('ref_axis',(1.,0.,0.));
#2363=DIRECTION('center_axis',(0.,1.,0.));
#2364=DIRECTION('ref_axis',(1.,0.,0.));
#2365=DIRECTION('center_axis',(0.,1.,0.));
#2366=DIRECTION('ref_axis',(1.,0.,0.));
#2367=DIRECTION('center_axis',(0.,-1.,0.));
#2368=DIRECTION('ref_axis',(1.,0.,0.));
#2369=DIRECTION('center_axis',(-3.14748227480854E-12,0.,1.));
#2370=DIRECTION('ref_axis',(0.707106781186548,0.707106781186547,2.2253443781078E-12));
#2371=DIRECTION('center_axis',(0.,1.,0.));
#2372=DIRECTION('ref_axis',(1.,0.,0.));
#2373=DIRECTION('',(-3.14748227480854E-12,0.,1.));
#2374=DIRECTION('center_axis',(3.14711220047078E-12,0.,-1.));
#2375=DIRECTION('ref_axis',(0.,1.,0.));
#2376=DIRECTION('',(3.14748227480854E-12,0.,-1.));
#2377=DIRECTION('',(3.14748227480854E-12,0.,-1.));
#2378=DIRECTION('',(-3.14748227480854E-12,0.,1.));
#2379=DIRECTION('center_axis',(0.906307787036814,0.,-0.422618261740347));
#2380=DIRECTION('ref_axis',(0.422618261740347,0.,0.906307787036814));
#2381=DIRECTION('',(-3.14748227480854E-12,0.,1.));
#2382=DIRECTION('center_axis',(0.,-1.,0.));
#2383=DIRECTION('ref_axis',(0.,0.,-1.));
#2384=DIRECTION('',(0.906307787036839,0.,-0.422618261740294));
#2385=DIRECTION('',(-0.422618261740354,0.,-0.906307787036811));
#2386=DIRECTION('center_axis',(0.,-1.,0.));
#2387=DIRECTION('ref_axis',(0.,0.,-1.));
#2388=DIRECTION('',(-0.422618261740354,0.,-0.906307787036811));
#2389=DIRECTION('center_axis',(0.,1.,0.));
#2390=DIRECTION('ref_axis',(0.659808573362526,0.,-0.751433727295567));
#2391=DIRECTION('center_axis',(0.,-1.,0.));
#2392=DIRECTION('ref_axis',(1.,0.,0.));
#2393=DIRECTION('center_axis',(0.,-1.,0.));
#2394=DIRECTION('ref_axis',(1.,0.,0.));
#2395=DIRECTION('center_axis',(0.,-1.,0.));
#2396=DIRECTION('ref_axis',(1.,0.,0.));
#2397=DIRECTION('',(0.,-1.,0.));
#2398=DIRECTION('',(0.,-1.,0.));
#2399=DIRECTION('center_axis',(0.,-1.,0.));
#2400=DIRECTION('ref_axis',(1.,0.,0.));
#2401=DIRECTION('',(0.,-1.,0.));
#2402=DIRECTION('center_axis',(0.,1.,0.));
#2403=DIRECTION('ref_axis',(1.,0.,0.));
#2404=DIRECTION('',(0.,1.,0.));
#2405=DIRECTION('center_axis',(0.,-1.,0.));
#2406=DIRECTION('ref_axis',(1.,0.,0.));
#2407=DIRECTION('',(0.,-1.,0.));
#2408=DIRECTION('center_axis',(0.,1.,0.));
#2409=DIRECTION('ref_axis',(1.,0.,0.));
#2410=DIRECTION('',(0.,1.,0.));
#2411=DIRECTION('center_axis',(0.,-1.,0.));
#2412=DIRECTION('ref_axis',(1.,0.,0.));
#2413=DIRECTION('center_axis',(0.,-1.,0.));
#2414=DIRECTION('ref_axis',(1.,0.,0.));
#2415=DIRECTION('center_axis',(0.,1.,0.));
#2416=DIRECTION('ref_axis',(-0.422618261740311,0.,-0.906307787036831));
#2417=DIRECTION('center_axis',(0.,1.,0.));
#2418=DIRECTION('ref_axis',(1.,0.,0.));
#2419=DIRECTION('',(0.,1.,0.));
#2420=DIRECTION('center_axis',(0.,-1.,0.));
#2421=DIRECTION('ref_axis',(1.,0.,0.));
#2422=DIRECTION('center_axis',(0.,1.,0.));
#2423=DIRECTION('ref_axis',(1.,0.,0.));
#2424=DIRECTION('center_axis',(0.906307787036814,0.,-0.422618261740347));
#2425=DIRECTION('ref_axis',(-0.422618261740347,0.,-0.906307787036814));
#2426=DIRECTION('',(0.422618261740347,0.,0.906307787036814));
#2427=DIRECTION('',(0.422618261740347,0.,0.906307787036814));
#2428=DIRECTION('',(0.422618261740347,0.,0.906307787036814));
#2429=DIRECTION('center_axis',(-0.422618261740294,0.,-0.906307787036839));
#2430=DIRECTION('ref_axis',(-0.906307787036839,0.,0.422618261740294));
#2431=DIRECTION('',(0.906307787036839,0.,-0.422618261740294));
#2432=DIRECTION('center_axis',(0.,-1.,0.));
#2433=DIRECTION('ref_axis',(0.,0.,-1.));
#2434=DIRECTION('center_axis',(0.,-1.,0.));
#2435=DIRECTION('ref_axis',(0.,0.,-1.));
#2436=DIRECTION('',(1.,0.,0.));
#2437=DIRECTION('center_axis',(0.,-1.,0.));
#2438=DIRECTION('ref_axis',(1.,0.,0.));
#2439=DIRECTION('',(1.,0.,5.26888530445746E-16));
#2440=DIRECTION('center_axis',(0.,1.,0.));
#2441=DIRECTION('ref_axis',(1.,0.,0.));
#2442=DIRECTION('center_axis',(0.,-1.,0.));
#2443=DIRECTION('ref_axis',(0.,0.,-1.));
#2444=DIRECTION('center_axis',(0.,1.,0.));
#2445=DIRECTION('ref_axis',(0.422618261740311,0.,0.906307787036831));
#2446=DIRECTION('',(1.,0.,0.));
#2447=DIRECTION('center_axis',(0.,1.,0.));
#2448=DIRECTION('ref_axis',(1.,0.,0.));
#2449=DIRECTION('center_axis',(0.,1.,0.));
#2450=DIRECTION('ref_axis',(0.,0.,1.));
#2451=DIRECTION('center_axis',(0.,1.,0.));
#2452=DIRECTION('ref_axis',(0.,0.,-1.));
#2453=DIRECTION('center_axis',(0.,1.,0.));
#2454=DIRECTION('ref_axis',(1.,0.,0.));
#2455=DIRECTION('',(1.,0.,0.));
#2456=DIRECTION('center_axis',(0.,-1.,0.));
#2457=DIRECTION('ref_axis',(0.,0.,1.));
#2458=DIRECTION('center_axis',(0.,-1.,0.));
#2459=DIRECTION('ref_axis',(0.,0.,1.));
#2460=DIRECTION('',(0.,-1.,0.));
#2461=DIRECTION('center_axis',(0.,-1.,0.));
#2462=DIRECTION('ref_axis',(0.,0.,-1.));
#2463=DIRECTION('center_axis',(0.,1.,0.));
#2464=DIRECTION('ref_axis',(0.,0.,-1.));
#2465=DIRECTION('center_axis',(0.,1.,0.));
#2466=DIRECTION('ref_axis',(1.,0.,0.));
#2467=DIRECTION('center_axis',(0.,1.,0.));
#2468=DIRECTION('ref_axis',(1.,0.,0.));
#2469=DIRECTION('',(0.,1.,0.));
#2470=DIRECTION('',(0.,-1.,0.));
#2471=DIRECTION('center_axis',(0.,0.,1.));
#2472=DIRECTION('ref_axis',(1.,0.,0.));
#2473=DIRECTION('center_axis',(0.,1.,0.));
#2474=DIRECTION('ref_axis',(0.,0.,-1.));
#2475=DIRECTION('',(0.,1.,0.));
#2476=DIRECTION('',(0.,1.,0.));
#2477=DIRECTION('center_axis',(0.,1.,0.));
#2478=DIRECTION('ref_axis',(0.422618261740311,0.,0.906307787036831));
#2479=DIRECTION('center_axis',(0.,-1.,0.));
#2480=DIRECTION('ref_axis',(-0.275637355816985,0.,-0.961261695938323));
#2481=DIRECTION('center_axis',(0.,-1.,0.));
#2482=DIRECTION('ref_axis',(1.,0.,0.));
#2483=DIRECTION('',(0.,-1.,0.));
#2484=DIRECTION('center_axis',(0.,1.,0.));
#2485=DIRECTION('ref_axis',(1.,0.,0.));
#2486=DIRECTION('',(0.,-1.,0.));
#2487=DIRECTION('center_axis',(0.499999999999974,0.,0.866025403784454));
#2488=DIRECTION('ref_axis',(-0.866025403784454,0.,0.499999999999974));
#2489=DIRECTION('',(0.866025403784454,0.,-0.499999999999974));
#2490=DIRECTION('',(0.866025403784454,0.,-0.499999999999974));
#2491=DIRECTION('center_axis',(0.499999999999974,0.,0.866025403784454));
#2492=DIRECTION('ref_axis',(0.866025403784454,0.,-0.499999999999974));
#2493=DIRECTION('center_axis',(0.034899496702501,0.,0.999390827019096));
#2494=DIRECTION('ref_axis',(-0.999390827019096,0.,0.034899496702501));
#2495=DIRECTION('',(0.999390827019096,0.,-0.034899496702501));
#2496=DIRECTION('center_axis',(0.034899496702501,0.,0.999390827019096));
#2497=DIRECTION('ref_axis',(-0.999390827019096,0.,0.034899496702501));
#2498=DIRECTION('',(-0.999390827019096,0.,0.034899496702501));
#2499=DIRECTION('center_axis',(0.,1.,0.));
#2500=DIRECTION('ref_axis',(1.,0.,0.));
#2501=DIRECTION('center_axis',(0.,1.,0.));
#2502=DIRECTION('ref_axis',(0.,0.,1.));
#2503=DIRECTION('center_axis',(0.,1.,0.));
#2504=DIRECTION('ref_axis',(-0.366920422625265,0.,-0.930252333219593));
#2505=DIRECTION('center_axis',(-0.682657158506145,0.,-0.730738806920993));
#2506=DIRECTION('ref_axis',(0.,-1.,0.));
#2507=DIRECTION('center_axis',(-1.,0.,3.55271367883879E-14));
#2508=DIRECTION('ref_axis',(3.53288555489083E-14,0.,1.));
#2509=DIRECTION('center_axis',(-1.,0.,-3.14748227480854E-12));
#2510=DIRECTION('ref_axis',(3.53288555489083E-14,0.,1.));
#2511=DIRECTION('center_axis',(-1.,0.,-3.14748227480854E-12));
#2512=DIRECTION('ref_axis',(3.53288555489083E-14,0.,1.));
#2513=DIRECTION('center_axis',(-1.,0.,-3.14748227480854E-12));
#2514=DIRECTION('ref_axis',(3.53288555489083E-14,0.,1.));
#2515=DIRECTION('',(-1.,0.,3.55271367883879E-14));
#2516=DIRECTION('center_axis',(-1.,0.,3.55271367883879E-14));
#2517=DIRECTION('ref_axis',(3.55271367883879E-14,0.,1.));
#2518=DIRECTION('center_axis',(-1.,0.,-3.14748227480854E-12));
#2519=DIRECTION('ref_axis',(3.53288555489083E-14,0.,1.));
#2520=DIRECTION('center_axis',(-1.,0.,3.55271367883879E-14));
#2521=DIRECTION('ref_axis',(3.55271367883879E-14,0.,1.));
#2522=DIRECTION('center_axis',(3.12731242173294E-12,-0.11199661457767,-0.993708588230544));
#2523=DIRECTION('ref_axis',(0.,0.993708588230544,-0.11199661457767));
#2524=DIRECTION('center_axis',(1.,0.,3.14748227480854E-12));
#2525=DIRECTION('ref_axis',(3.14748227480854E-12,0.,-1.));
#2526=DIRECTION('',(-3.14748227480854E-12,0.,1.));
#2527=DIRECTION('center_axis',(1.,0.,3.14748227480854E-12));
#2528=DIRECTION('ref_axis',(3.14748227480854E-12,0.,-1.));
#2529=DIRECTION('',(0.,1.,0.));
#2530=DIRECTION('',(0.906307787037834,0.,0.422618261738161));
#2531=DIRECTION('',(0.906307787037834,0.,0.422618261738161));
#2532=DIRECTION('center_axis',(0.422618261738161,0.,-0.906307787037834));
#2533=DIRECTION('ref_axis',(0.,1.,0.));
#2534=DIRECTION('',(0.,-1.,0.));
#2535=DIRECTION('',(0.906307787037834,0.,0.422618261738161));
#2536=DIRECTION('center_axis',(-4.0092810543421E-17,1.,8.59793096736737E-17));
#2537=DIRECTION('ref_axis',(-0.422618261738161,-9.48676717814458E-17,0.906307787037834));
#2538=DIRECTION('',(0.422618261738161,9.48676717814458E-17,-0.906307787037834));
#2539=DIRECTION('',(-0.906307787037833,0.,-0.422618261738162));
#2540=DIRECTION('',(0.906307787037834,0.,0.422618261738161));
#2541=DIRECTION('',(0.906307787037834,0.,0.422618261738161));
#2542=DIRECTION('',(0.906307787037834,0.,0.422618261738161));
#2543=DIRECTION('',(0.906307787037834,0.,0.422618261738161));
#2544=DIRECTION('center_axis',(0.422618261738161,0.,-0.906307787037834));
#2545=DIRECTION('ref_axis',(0.,1.,0.));
#2546=DIRECTION('',(0.,-1.,0.));
#2547=DIRECTION('',(0.906307787037834,0.,0.422618261738161));
#2548=DIRECTION('center_axis',(-3.56380530096603E-17,1.,7.64260513132619E-17));
#2549=DIRECTION('ref_axis',(-0.422618261738161,-8.43268174524374E-17,0.906307787037834));
#2550=DIRECTION('',(0.422618261738161,8.43268174524374E-17,-0.906307787037834));
#2551=DIRECTION('',(0.906307787037834,0.,0.422618261738161));
#2552=DIRECTION('center_axis',(0.422618261738161,0.,-0.906307787037834));
#2553=DIRECTION('ref_axis',(0.,1.,0.));
#2554=DIRECTION('',(0.,-1.,0.));
#2555=DIRECTION('',(-0.906307787037833,0.,-0.422618261738162));
#2556=DIRECTION('center_axis',(0.906307787037834,0.,0.422618261738161));
#2557=DIRECTION('ref_axis',(0.,1.,0.));
#2558=DIRECTION('',(0.422618261738161,0.,-0.906307787037834));
#2559=DIRECTION('',(0.,1.,0.));
#2560=DIRECTION('',(-0.422618261738161,-6.93889328352182E-17,0.906307787037834));
#2561=DIRECTION('',(-0.422618261738161,0.,0.906307787037834));
#2562=DIRECTION('',(0.,1.,0.));
#2563=DIRECTION('center_axis',(-0.422618261738161,0.,0.906307787037834));
#2564=DIRECTION('ref_axis',(0.,-1.,0.));
#2565=DIRECTION('',(0.906307787037834,0.,0.422618261738161));
#2566=DIRECTION('',(0.906307787037834,0.,0.422618261738161));
#2567=DIRECTION('center_axis',(0.,-1.,0.));
#2568=DIRECTION('ref_axis',(0.422618261738161,0.,-0.906307787037834));
#2569=DIRECTION('',(0.906307787037834,0.,0.422618261738161));
#2570=DIRECTION('center_axis',(2.93250301786859E-17,-1.,-6.28877301628035E-17));
#2571=DIRECTION('ref_axis',(0.422618261738161,6.93889328352182E-17,-0.906307787037834));
#2572=DIRECTION('',(0.906307787037834,0.,0.422618261738161));
#2573=DIRECTION('center_axis',(-0.422618261738161,0.,0.906307787037834));
#2574=DIRECTION('ref_axis',(0.,-1.,0.));
#2575=DIRECTION('',(0.906307787037834,0.,0.422618261738161));
#2576=DIRECTION('',(0.906307787037834,0.,0.422618261738161));
#2577=DIRECTION('',(0.906307787037834,0.,0.422618261738161));
#2578=DIRECTION('',(0.906307787037834,0.,0.422618261738161));
#2579=DIRECTION('center_axis',(0.,1.,0.));
#2580=DIRECTION('ref_axis',(-0.422618261738161,0.,0.906307787037834));
#2581=DIRECTION('',(0.,1.,0.));
#2582=DIRECTION('',(0.,1.,0.));
#2583=DIRECTION('',(1.,0.,0.));
#2584=DIRECTION('center_axis',(-0.422618261735362,4.04242782396522E-11,
0.906307787039139));
#2585=DIRECTION('ref_axis',(0.747740676082347,0.565073525360197,0.34867720354063));
#2586=DIRECTION('center_axis',(-0.422618261846839,2.64863441588111E-11,
0.906307786987156));
#2587=DIRECTION('ref_axis',(0.906307786987156,0.,0.422618261846839));
#2588=DIRECTION('',(0.,1.,0.));
#2589=DIRECTION('',(-1.,0.,0.));
#2590=DIRECTION('center_axis',(5.26888530445746E-16,0.,-1.));
#2591=DIRECTION('ref_axis',(-1.,0.,-5.26888530445746E-16));
#2592=DIRECTION('',(-1.,0.,-5.26888530445746E-16));
#2593=DIRECTION('',(0.,-1.,0.));
#2594=DIRECTION('',(1.,0.,5.26888530445746E-16));
#2595=DIRECTION('',(0.,1.,0.));
#2596=DIRECTION('center_axis',(0.,1.,0.));
#2597=DIRECTION('ref_axis',(-1.83697019872103E-16,0.,1.));
#2598=DIRECTION('center_axis',(0.,1.,0.));
#2599=DIRECTION('ref_axis',(1.,0.,0.));
#2600=DIRECTION('center_axis',(0.,-1.,0.));
#2601=DIRECTION('ref_axis',(1.,0.,0.));
#2602=DIRECTION('center_axis',(0.,1.,0.));
#2603=DIRECTION('ref_axis',(-1.83697019872103E-16,0.,1.));
#2604=DIRECTION('',(0.,-1.,0.));
#2605=DIRECTION('center_axis',(0.,1.,0.));
#2606=DIRECTION('ref_axis',(1.,0.,0.));
#2607=DIRECTION('',(0.,1.,0.));
#2608=DIRECTION('center_axis',(0.,1.,0.));
#2609=DIRECTION('ref_axis',(1.,0.,0.));
#2610=DIRECTION('center_axis',(5.26888530445746E-16,0.,-1.));
#2611=DIRECTION('ref_axis',(-1.,0.,-5.26888530445746E-16));
#2612=DIRECTION('',(-1.,0.,-5.26888530445746E-16));
#2613=DIRECTION('center_axis',(0.,1.,0.));
#2614=DIRECTION('ref_axis',(1.,0.,0.));
#2615=DIRECTION('center_axis',(-0.422602898172563,0.00852673868045321,0.906274839760889));
#2616=DIRECTION('ref_axis',(0.,-0.999955742463854,0.00940814081328512));
#2617=DIRECTION('center_axis',(-0.619532758291351,2.07908292240208E-15,
0.784970802899006));
#2618=DIRECTION('ref_axis',(-1.48029736616688E-15,-1.,1.48029736616688E-15));
#2619=DIRECTION('center_axis',(-0.0270598512480183,-0.260041372550392,0.9652182390592));
#2620=DIRECTION('ref_axis',(0.,-0.965571816801561,-0.260136630635772));
#2621=DIRECTION('center_axis',(2.0723536697424E-17,-0.111996614577981,0.993708588230509));
#2622=DIRECTION('ref_axis',(-7.40148683083438E-16,-0.993708588230509,-0.111996614577981));
#2623=DIRECTION('center_axis',(3.14748227480854E-12,0.,-1.));
#2624=DIRECTION('ref_axis',(0.707106781186547,-0.707106781186548,2.22560606018425E-12));
#2625=DIRECTION('center_axis',(3.14785234915386E-12,-7.40148683083438E-16,
-1.));
#2626=DIRECTION('ref_axis',(1.,0.,3.14785234915386E-12));
#2627=DIRECTION('',(3.14748227480854E-12,0.,-1.));
#2628=DIRECTION('center_axis',(-3.14748227487284E-12,0.,1.));
#2629=DIRECTION('ref_axis',(0.,-1.,0.));
#2630=DIRECTION('center_axis',(0.,1.,0.));
#2631=DIRECTION('ref_axis',(0.,0.,1.));
#2632=DIRECTION('center_axis',(0.,1.,0.));
#2633=DIRECTION('ref_axis',(-0.366920422625265,0.,-0.930252333219593));
#2634=DIRECTION('center_axis',(-0.401895454569234,1.46703531852711E-15,
-0.915685559346978));
#2635=DIRECTION('ref_axis',(-2.77555756156289E-16,-1.,-1.48029736616688E-15));
#2636=DIRECTION('center_axis',(0.323665134478084,5.21028955367148E-13,-0.946171697274487));
#2637=DIRECTION('ref_axis',(0.,-1.,-5.50670620214078E-13));
#2638=DIRECTION('center_axis',(0.422610190173081,-0.0061804156604967,-0.906290477509356));
#2639=DIRECTION('ref_axis',(0.,-0.99997674826354,0.00681930585002396));
#2640=DIRECTION('center_axis',(0.906307787037085,0.,0.422618261739765));
#2641=DIRECTION('ref_axis',(0.422618261739765,0.,-0.906307787037085));
#2642=DIRECTION('',(0.,1.,0.));
#2643=DIRECTION('',(0.,1.,0.));
#2644=DIRECTION('center_axis',(1.,0.,3.14748227480854E-12));
#2645=DIRECTION('ref_axis',(3.14748227480854E-12,0.,-1.));
#2646=DIRECTION('',(0.,1.,0.));
#2647=DIRECTION('',(0.,1.,0.));
#2648=DIRECTION('center_axis',(-0.906307787021404,0.,-0.422618261773394));
#2649=DIRECTION('ref_axis',(-0.422618261773394,0.,0.906307787021404));
#2650=DIRECTION('',(0.,1.,0.));
#2651=DIRECTION('center_axis',(-0.422618261739082,0.,0.906307787037404));
#2652=DIRECTION('ref_axis',(0.906307787037404,0.,0.422618261739082));
#2653=DIRECTION('',(0.,1.,0.));
#2654=DIRECTION('center_axis',(-0.401895454569235,-3.71827989295798E-17,
-0.915685559346978));
#2655=DIRECTION('ref_axis',(-0.915685559346978,0.,0.401895454569235));
#2656=DIRECTION('center_axis',(0.0270598512494255,-0.260041372550222,-0.965218239059207));
#2657=DIRECTION('ref_axis',(-7.40148683083437E-16,0.965571816801605,-0.260136630635612));
#2658=DIRECTION('center_axis',(0.619532758291351,2.07908292240208E-15,-0.784970802899006));
#2659=DIRECTION('ref_axis',(-1.48029736616687E-15,1.,1.48029736616687E-15));
#2660=DIRECTION('center_axis',(0.422602898172187,0.00852673868045486,-0.906274839761065));
#2661=DIRECTION('ref_axis',(0.,0.999955742463854,0.00940814081328512));
#2662=DIRECTION('center_axis',(-0.422610190208034,-0.00618041566030774,
0.906290477493058));
#2663=DIRECTION('ref_axis',(0.,0.999976748263541,0.0068193058499381));
#2664=DIRECTION('center_axis',(-0.323665134478085,5.55595166546865E-13,
0.946171697274487));
#2665=DIRECTION('ref_axis',(-1.38777878078144E-15,1.,-5.87678054368247E-13));
#2666=DIRECTION('center_axis',(0.,1.,0.));
#2667=DIRECTION('ref_axis',(0.,0.,1.));
#2668=DIRECTION('',(-1.,0.,0.));
#2669=DIRECTION('center_axis',(-0.999979026728136,0.,0.00647658118538957));
#2670=DIRECTION('ref_axis',(0.00647658118538957,0.,0.999979026728136));
#2671=DIRECTION('center_axis',(0.422618261738652,0.,-0.906307787037605));
#2672=DIRECTION('ref_axis',(-0.906307787037605,0.,-0.422618261738652));
#2673=CARTESIAN_POINT('',(0.,0.,0.));
#2674=CARTESIAN_POINT('Origin',(-2.69258240358149,0.,-6.99999999999453));
#2675=CARTESIAN_POINT('',(2.69258240354192,1.85,-7.00000000000975));
#2676=CARTESIAN_POINT('',(-2.69258240358149,1.85,-6.99999999999453));
#2677=CARTESIAN_POINT('Ctrl Pts',(2.69258240354192,1.85,-7.00000000000975));
#2678=CARTESIAN_POINT('Ctrl Pts',(2.69258240354192,1.92618384863516,-7.00000000000975));
#2679=CARTESIAN_POINT('Ctrl Pts',(2.67186980822455,2.01522719682549,-7.00000000000969));
#2680=CARTESIAN_POINT('Ctrl Pts',(2.59948808150078,2.17647457948848,-7.00000000000948));
#2681=CARTESIAN_POINT('Ctrl Pts',(2.52552106092062,2.2718254848062,-7.00000000000927));
#2682=CARTESIAN_POINT('Ctrl Pts',(2.33181600799458,2.45662882267065,-7.00000000000873));
#2683=CARTESIAN_POINT('Ctrl Pts',(2.15958055098896,2.55943962383944,-7.00000000000824));
#2684=CARTESIAN_POINT('Ctrl Pts',(1.41876197619485,2.89574791010426,-7.00000000000615));
#2685=CARTESIAN_POINT('Ctrl Pts',(0.646426079688221,2.96803398874798,-7.00000000000396));
#2686=CARTESIAN_POINT('Ctrl Pts',(-1.97825998584193E-11,2.96803398874798,
-7.00000000000214));
#2687=CARTESIAN_POINT('Ctrl Pts',(-0.646426079727787,2.96803398874798,-7.00000000000031));
#2688=CARTESIAN_POINT('Ctrl Pts',(-1.41876197623442,2.89574791010426,-6.99999999999813));
#2689=CARTESIAN_POINT('Ctrl Pts',(-2.15958055102853,2.55943962383944,-6.99999999999603));
#2690=CARTESIAN_POINT('Ctrl Pts',(-2.33181600803415,2.45662882267065,-6.99999999999554));
#2691=CARTESIAN_POINT('Ctrl Pts',(-2.52552106096018,2.2718254848062,-6.999999999995));
#2692=CARTESIAN_POINT('Ctrl Pts',(-2.59948808154035,2.17647457948848,-6.99999999999479));
#2693=CARTESIAN_POINT('Ctrl Pts',(-2.67186980826412,2.01522719682549,-6.99999999999458));
#2694=CARTESIAN_POINT('Ctrl Pts',(-2.69258240358148,1.92618384863516,-6.99999999999453));
#2695=CARTESIAN_POINT('Ctrl Pts',(-2.69258240358148,1.85,-6.99999999999453));
#2696=CARTESIAN_POINT('',(-1.34629120180028,1.85,-6.99999999999833));
#2697=CARTESIAN_POINT('Origin',(-2.69258240358149,0.,-6.99999999999453));
#2698=CARTESIAN_POINT('',(2.69258240354192,0.95,-7.00000000000975));
#2699=CARTESIAN_POINT('',(-1.08836384053957E-15,0.95,-7.00000000000214));
#2700=CARTESIAN_POINT('',(-1.34629120180028,0.95,-6.99999999999833));
#2701=CARTESIAN_POINT('',(2.69258240354192,-0.65,-7.00000000000975));
#2702=CARTESIAN_POINT('',(2.69258240354192,0.,-7.00000000000975));
#2703=CARTESIAN_POINT('',(-2.69258240358149,-0.65,-6.99999999999453));
#2704=CARTESIAN_POINT('',(-1.59749356969967,-0.65,-6.99999999999762));
#2705=CARTESIAN_POINT('',(-2.69258240358149,-0.0200000000000003,-6.99999999999453));
#2706=CARTESIAN_POINT('',(-2.69258240358148,0.,-6.99999999999453));
#2707=CARTESIAN_POINT('',(-1.08836384053957E-15,-0.0200000000000003,-7.00000000000214));
#2708=CARTESIAN_POINT('',(-1.34629120180134,-0.0200000000000003,-6.99999999999833));
#2709=CARTESIAN_POINT('',(-1.11022302462516E-15,0.475,-7.00000000000214));
#2710=CARTESIAN_POINT('Origin',(0.,1.85,0.));
#2711=CARTESIAN_POINT('',(-7.5,1.85,0.));
#2712=CARTESIAN_POINT('Origin',(0.,1.85,0.));
#2713=CARTESIAN_POINT('',(-5.48054105190745,1.85,5.11992868879608));
#2714=CARTESIAN_POINT('Origin',(0.,1.85,0.));
#2715=CARTESIAN_POINT('',(-4.38443284152596,3.35,4.09594295103687));
#2716=CARTESIAN_POINT('Origin',(-4.38443284152596,1.85,4.09594295103687));
#2717=CARTESIAN_POINT('',(6.,3.35,-2.77555756156289E-16));
#2718=CARTESIAN_POINT('Origin',(0.,3.35,0.));
#2719=CARTESIAN_POINT('',(7.5,1.85,0.));
#2720=CARTESIAN_POINT('Origin',(6.,1.85,-2.77555756156289E-16));
#2721=CARTESIAN_POINT('Origin',(0.,1.85,0.));
#2722=CARTESIAN_POINT('Origin',(2.22044604925031E-15,0.95,-0.249386172570247));
#2723=CARTESIAN_POINT('',(-1.0703741156033E-15,0.95,-6.825));
#2724=CARTESIAN_POINT('',(-7.67087202148016E-16,0.95,-3.87469308628512));
#2725=CARTESIAN_POINT('',(5.50279570423249,0.95,4.03730905895009));
#2726=CARTESIAN_POINT('Origin',(-1.38777878078145E-16,0.95,5.55111512312578E-16));
#2727=CARTESIAN_POINT('',(6.09663036659015,0.95,4.77763852220604));
#2728=CARTESIAN_POINT('Origin',(3.07454785416076,0.95,6.59338915069295));
#2729=CARTESIAN_POINT('',(7.5,0.95,4.22769256383751));
#2730=CARTESIAN_POINT('Origin',(7.5,0.95,6.2932472338296));
#2731=CARTESIAN_POINT('',(7.5,0.95,2.22044604925031E-15));
#2732=CARTESIAN_POINT('',(7.50000000001167,0.95,5.45751391521585));
#2733=CARTESIAN_POINT('Origin',(0.,0.95,0.));
#2734=CARTESIAN_POINT('Origin',(0.,0.,0.));
#2735=CARTESIAN_POINT('',(-7.49543120264322,-0.65,0.261746225268757));
#2736=CARTESIAN_POINT('Origin',(0.,-0.65,0.));
#2737=CARTESIAN_POINT('',(-7.49543120264322,-1.85,0.261746225268757));
#2738=CARTESIAN_POINT('',(-7.49543120264322,0.,0.261746225268757));
#2739=CARTESIAN_POINT('',(-5.48054105190745,-1.85,5.11992868879608));
#2740=CARTESIAN_POINT('Origin',(0.,-1.85,0.));
#2741=CARTESIAN_POINT('',(-5.48054105190745,-0.0200000000000003,5.11992868879608));
#2742=CARTESIAN_POINT('',(-5.48054105190745,0.,5.11992868879608));
#2743=CARTESIAN_POINT('Origin',(0.,-0.0200000000000003,0.));
#2744=CARTESIAN_POINT('Origin',(0.,0.,0.));
#2745=CARTESIAN_POINT('',(7.5,-1.85,0.));
#2746=CARTESIAN_POINT('',(7.5,0.,0.));
#2747=CARTESIAN_POINT('',(6.4951905283834,-1.85,-3.7499999999998));
#2748=CARTESIAN_POINT('Origin',(0.,-1.85,0.));
#2749=CARTESIAN_POINT('',(6.4951905283834,-0.65,-3.7499999999998));
#2750=CARTESIAN_POINT('',(6.4951905283834,0.,-3.7499999999998));
#2751=CARTESIAN_POINT('Origin',(0.,-0.65,0.));
#2752=CARTESIAN_POINT('Origin',(-1.13976305464237E-15,0.95,-7.5));
#2753=CARTESIAN_POINT('',(-1.0703741156033E-15,-0.0200000000000003,-6.825));
#2754=CARTESIAN_POINT('',(-1.13976305464237E-15,-0.0200000000000003,-7.5));
#2755=CARTESIAN_POINT('',(-1.0703741156033E-15,0.95,-6.825));
#2756=CARTESIAN_POINT('Origin',(-4.87718654382694,0.,38.1542179252524));
#2757=CARTESIAN_POINT('',(-5.19939950157744,-2.28117144652718,37.9681881873046));
#2758=CARTESIAN_POINT('',(-6.38291630015775,-2.50655216455004,37.2848844451015));
#2759=CARTESIAN_POINT('Origin',(-50.8013279981965,-2.52118277386138E-14,
11.6399024940724));
#2760=CARTESIAN_POINT('',(-5.19939950158881,2.28117144634163,37.9681881873508));
#2761=CARTESIAN_POINT('Ctrl Pts',(-5.19998464624778,2.28105436568297,37.9679153300949));
#2762=CARTESIAN_POINT('Ctrl Pts',(-5.15937927520578,1.90246292021427,37.9913598712509));
#2763=CARTESIAN_POINT('Ctrl Pts',(-5.12887157587915,1.52241223398973,38.0089678880739));
#2764=CARTESIAN_POINT('Ctrl Pts',(-5.10848249233469,1.1416107796343,38.020728873717));
#2765=CARTESIAN_POINT('Ctrl Pts',(-5.08809340879023,0.760809325278872,38.0324898593601));
#2766=CARTESIAN_POINT('Ctrl Pts',(-5.0778227789393,0.379256108581394,38.0384038894065));
#2767=CARTESIAN_POINT('Ctrl Pts',(-5.07774317573526,-0.00235376891886963,
38.038436382064));
#2768=CARTESIAN_POINT('Ctrl Pts',(-5.07769252341324,-0.245175984868421,
38.0384570574698));
#2769=CARTESIAN_POINT('Ctrl Pts',(-5.08176917942319,-0.487973738035493,
38.036095861126));
#2770=CARTESIAN_POINT('Ctrl Pts',(-5.08999822706628,-0.730568215229191,
38.0313412871977));
#2771=CARTESIAN_POINT('Ctrl Pts',(-5.10253094147621,-1.10003591452621,38.0241001434143));
#2772=CARTESIAN_POINT('Ctrl Pts',(-5.12469295381101,-1.46903299760077,38.0113085822138));
#2773=CARTESIAN_POINT('Ctrl Pts',(-5.15640493912638,-1.83692112290517,37.993004267082));
#2774=CARTESIAN_POINT('Ctrl Pts',(-5.16918346625839,-1.98516376189464,37.9856284378737));
#2775=CARTESIAN_POINT('Ctrl Pts',(-5.18351317259401,-2.13322618478139,37.9773572427547));
#2776=CARTESIAN_POINT('Ctrl Pts',(-5.19939091181586,-2.28106582103588,37.9681921929539));
#2777=CARTESIAN_POINT('',(-6.38291630015775,2.50655216455004,37.2848844451015));
#2778=CARTESIAN_POINT('Origin',(-50.8013279981965,-2.52118277386138E-14,
11.6399024940724));
#2779=CARTESIAN_POINT('',(-6.38291630015775,0.,37.2848844451015));
#2780=CARTESIAN_POINT('Origin',(-4.75785826338483,0.,33.7999362389846));
#2781=CARTESIAN_POINT('',(-5.52897564883564,4.50166534560471,35.4536028080958));
#2782=CARTESIAN_POINT('Origin',(-4.4937218497958,1.03966080958608E-25,33.2334938720894));
#2783=CARTESIAN_POINT('',(-4.75785826338742,4.50393194246502,33.7999362389834));
#2784=CARTESIAN_POINT('Ctrl Pts',(-5.52897564863411,4.50166534560461,35.45360280819));
#2785=CARTESIAN_POINT('Ctrl Pts',(-5.2705577013087,4.50223552959813,34.8994237317624));
#2786=CARTESIAN_POINT('Ctrl Pts',(-5.01238785949834,4.50297860721952,34.3457767193288));
#2787=CARTESIAN_POINT('Ctrl Pts',(-4.75785826338483,4.50393194246502,33.7999362389846));
#2788=CARTESIAN_POINT('',(-4.75785826338742,-4.50393194246502,33.7999362389834));
#2789=CARTESIAN_POINT('',(-4.75785826338742,0.,33.7999362389834));
#2790=CARTESIAN_POINT('',(-5.52897564883564,-4.50166534560471,35.4536028080958));
#2791=CARTESIAN_POINT('Ctrl Pts',(-4.75785826338483,-4.50393194246502,33.7999362389846));
#2792=CARTESIAN_POINT('Ctrl Pts',(-5.01238786094862,-4.50297860721409,34.345776722439));
#2793=CARTESIAN_POINT('Ctrl Pts',(-5.27055770286827,-4.50223552959469,34.8994237351069));
#2794=CARTESIAN_POINT('Ctrl Pts',(-5.5289756486341,-4.50166534560461,35.45360280819));
#2795=CARTESIAN_POINT('Origin',(-4.4937218497958,1.03966080958608E-25,33.2334938720894));
#2796=CARTESIAN_POINT('Origin',(-4.49372184998675,0.,33.2334938720003));
#2797=CARTESIAN_POINT('',(-4.41232197193338,-4.50117833779276,35.9752942303196));
#2798=CARTESIAN_POINT('Ctrl Pts',(-4.41232197193338,-4.5011783378013,35.9752942303239));
#2799=CARTESIAN_POINT('Ctrl Pts',(-4.78518043851469,-4.5013247728825,35.8011289983529));
#2800=CARTESIAN_POINT('Ctrl Pts',(-5.15754769343563,-4.50148677239653,35.6271635125395));
#2801=CARTESIAN_POINT('Ctrl Pts',(-5.52897564883564,-4.50166534560471,35.453602808096));
#2802=CARTESIAN_POINT('Ctrl Pts',(-5.19939950155458,-2.28117144652718,37.968188187265));
#2803=CARTESIAN_POINT('Ctrl Pts',(-5.13250303749034,-2.65772260337123,37.7928646609733));
#2804=CARTESIAN_POINT('Ctrl Pts',(-5.04916438136993,-3.01059950257447,37.5744269114959));
#2805=CARTESIAN_POINT('Ctrl Pts',(-4.80309911294804,-3.8065996356755,36.9378414463354));
#2806=CARTESIAN_POINT('Ctrl Pts',(-4.62486114134366,-4.20280898553595,36.4808961339708));
#2807=CARTESIAN_POINT('Ctrl Pts',(-4.4123219719254,-4.50117833778432,35.9752942303179));
#2808=CARTESIAN_POINT('Origin',(-4.49372184998675,0.,33.2334938720003));
#2809=CARTESIAN_POINT('',(-4.41232197193928,4.50117833779415,35.9752942303103));
#2810=CARTESIAN_POINT('Ctrl Pts',(-4.41232197193259,4.50117833778708,35.975294230309));
#2811=CARTESIAN_POINT('Ctrl Pts',(-4.53293787844443,4.33185383164792,36.26222313904));
#2812=CARTESIAN_POINT('Ctrl Pts',(-4.64264130713488,4.13049194418674,36.5344656047506));
#2813=CARTESIAN_POINT('Ctrl Pts',(-4.92681260942996,3.47328133632073,37.2525587879858));
#2814=CARTESIAN_POINT('Ctrl Pts',(-5.07437590676366,2.95378823816644,37.6406292326206));
#2815=CARTESIAN_POINT('Ctrl Pts',(-5.1887315844577,2.340491322585,37.9402316039203));
#2816=CARTESIAN_POINT('Ctrl Pts',(-5.19411861962826,2.31089681732251,37.9543479513949));
#2817=CARTESIAN_POINT('Ctrl Pts',(-5.1993995015888,2.28117144634163,37.9681881873508));
#2818=CARTESIAN_POINT('Ctrl Pts',(-5.52897564883564,4.50166534560471,35.4536028080972));
#2819=CARTESIAN_POINT('Ctrl Pts',(-5.15754763189293,4.50148677451325,35.6271614552402));
#2820=CARTESIAN_POINT('Ctrl Pts',(-4.78518044595429,4.50132477262503,35.801129304573));
#2821=CARTESIAN_POINT('Ctrl Pts',(-4.41232197193928,4.50117833780131,35.9752942303117));
#2822=CARTESIAN_POINT('Ctrl Pts',(1.66198568799356,2.30872926702153,6.86396934976775));
#2823=CARTESIAN_POINT('Ctrl Pts',(1.19365234190345,2.64981414182263,7.13854559567345));
#2824=CARTESIAN_POINT('Ctrl Pts',(0.719598730478632,3.00095629411852,7.36226787285441));
#2825=CARTESIAN_POINT('Ctrl Pts',(0.245714619691541,3.34990000000005,7.5922397559202));
#2826=CARTESIAN_POINT('Ctrl Pts',(1.58984721524612,2.33208026851504,6.67355104014921));
#2827=CARTESIAN_POINT('Ctrl Pts',(1.11050028888071,2.662094460563,6.94036960252617));
#2828=CARTESIAN_POINT('Ctrl Pts',(0.635845324093396,3.01260189000929,7.16439773866567));
#2829=CARTESIAN_POINT('Ctrl Pts',(0.160081318500189,3.35959176852302,7.39338181961364));
#2830=CARTESIAN_POINT('Ctrl Pts',(1.54915027701762,2.50195129214968,6.32644754059459));
#2831=CARTESIAN_POINT('Ctrl Pts',(1.05800063603143,2.82653163137649,6.56790451313735));
#2832=CARTESIAN_POINT('Ctrl Pts',(0.581086866799726,3.17587865190543,6.79110695947888));
#2833=CARTESIAN_POINT('Ctrl Pts',(0.102975215632265,3.5218503368251,7.01616050723555));
#2834=CARTESIAN_POINT('Ctrl Pts',(1.6779867448962,2.80367113492186,6.14123837206142));
#2835=CARTESIAN_POINT('Ctrl Pts',(1.19444948886527,3.13984001188891,6.3666143982646));
#2836=CARTESIAN_POINT('Ctrl Pts',(0.716895685813123,3.49043693248234,6.58942264852015));
#2837=CARTESIAN_POINT('Ctrl Pts',(0.239588495514018,3.8384954423124,6.81197449122429));
#2838=CARTESIAN_POINT('Ctrl Pts',(1.75361846329338,2.93276698777491,6.10597072257343));
#2839=CARTESIAN_POINT('Ctrl Pts',(1.275404550141,3.27385186257601,6.3289655325124));
#2840=CARTESIAN_POINT('Ctrl Pts',(0.797651036184607,3.6249940148719,6.55174565478046));
#2841=CARTESIAN_POINT('Ctrl Pts',(0.321039510948443,3.97393772075343,6.77399325896276));
#2842=CARTESIAN_POINT('',(1.17569507559476,3.34990000000009,6.37546082408387));
#2843=CARTESIAN_POINT('',(0.24571461969156,3.34990000000007,7.5922397559202));
#2844=CARTESIAN_POINT('Ctrl Pts',(1.17569507559488,3.3499,6.37546082408381));
#2845=CARTESIAN_POINT('Ctrl Pts',(0.990725586652118,3.3499,6.46171351330274));
#2846=CARTESIAN_POINT('Ctrl Pts',(0.811836844547848,3.3499,6.57295947562836));
#2847=CARTESIAN_POINT('Ctrl Pts',(0.502918946693818,3.3499,6.83625954206696));
#2848=CARTESIAN_POINT('Ctrl Pts',(0.383623276281481,3.3499,6.97918878331557));
#2849=CARTESIAN_POINT('Ctrl Pts',(0.268466052325072,3.3499,7.19871665297368));
#2850=CARTESIAN_POINT('Ctrl Pts',(0.237497688369535,3.3499,7.28267128805709));
#2851=CARTESIAN_POINT('Ctrl Pts',(0.220566902635129,3.3499,7.40733204992732));
#2852=CARTESIAN_POINT('Ctrl Pts',(0.219204563728349,3.34989999999995,7.44623664906586));
#2853=CARTESIAN_POINT('Ctrl Pts',(0.225916085879954,3.34989999999995,7.52159320602669));
#2854=CARTESIAN_POINT('Ctrl Pts',(0.233458056615977,3.3499,7.55752808553896));
#2855=CARTESIAN_POINT('Ctrl Pts',(0.245714619691609,3.3499,7.59223975592017));
#2856=CARTESIAN_POINT('',(1.60553168907563,2.34990000000613,6.89669016739475));
#2857=CARTESIAN_POINT('Ctrl Pts',(0.245714619691541,3.34990000000005,7.5922397559202));
#2858=CARTESIAN_POINT('Ctrl Pts',(0.700573626826042,3.01496539470281,7.37150059202122));
#2859=CARTESIAN_POINT('Ctrl Pts',(1.15558879785834,2.67800532232906,7.15651929917073));
#2860=CARTESIAN_POINT('Ctrl Pts',(1.6055516408745,2.34985787715605,6.89679752004813));
#2861=CARTESIAN_POINT('',(1.57454785416076,2.40366831986683,6.59338915069295));
#2862=CARTESIAN_POINT('Ctrl Pts',(1.60553168907952,2.3499,6.89669016739087));
#2863=CARTESIAN_POINT('Ctrl Pts',(1.58518484312293,2.3499,6.79814171561162));
#2864=CARTESIAN_POINT('Ctrl Pts',(1.57523403811502,2.36639018356432,6.69823445472492));
#2865=CARTESIAN_POINT('Ctrl Pts',(1.57455963653397,2.40115211269631,6.60026349248809));
#2866=CARTESIAN_POINT('Ctrl Pts',(1.57454785416076,2.40239899774489,6.59682159513367));
#2867=CARTESIAN_POINT('Ctrl Pts',(1.57454785416076,2.40366831986683,6.59338915069296));
#2868=CARTESIAN_POINT('',(1.63864668224428,3.01505043469241,6.15958294454829));
#2869=CARTESIAN_POINT('Ctrl Pts',(1.57454785416076,2.40366831986683,6.59338915069296));
#2870=CARTESIAN_POINT('Ctrl Pts',(1.57454785416076,2.43445251513577,6.51014389869099));
#2871=CARTESIAN_POINT('Ctrl Pts',(1.58170652961814,2.47832589711134,6.43241871827254));
#2872=CARTESIAN_POINT('Ctrl Pts',(1.60096543205863,2.58800973090736,6.30672528091937));
#2873=CARTESIAN_POINT('Ctrl Pts',(1.61200506719268,2.64970286936903,6.25833455471042));
#2874=CARTESIAN_POINT('Ctrl Pts',(1.62632093228805,2.76446060599389,6.20207476235428));
#2875=CARTESIAN_POINT('Ctrl Pts',(1.63077639565043,2.81035746427601,6.18639647217108));
#2876=CARTESIAN_POINT('Ctrl Pts',(1.63708920047271,2.90960847778336,6.16461046216421));
#2877=CARTESIAN_POINT('Ctrl Pts',(1.63864668224459,2.96221402471178,6.15958294454814));
#2878=CARTESIAN_POINT('Ctrl Pts',(1.63864668224459,3.01505043469197,6.15958294454814));
#2879=CARTESIAN_POINT('Ctrl Pts',(1.63861106402589,3.01498992010519,6.15959955359629));
#2880=CARTESIAN_POINT('Ctrl Pts',(1.48415546418629,3.12566849219087,6.23162338264633));
#2881=CARTESIAN_POINT('Ctrl Pts',(1.32975361061956,3.23729403899844,6.30362214939774));
#2882=CARTESIAN_POINT('Ctrl Pts',(1.17542847963864,3.3494534213323,6.37558513981984));
#2883=CARTESIAN_POINT('Origin',(3.07454785416076,2.8499,6.59338915069295));
#2884=CARTESIAN_POINT('',(0.3556244930503,3.35,7.86124393591403));
#2885=CARTESIAN_POINT('Origin',(3.07454785416076,3.3499,6.59338915069295));
#2886=CARTESIAN_POINT('',(0.491044945532646,3.34990000000018,8.11835233749808));
#2887=CARTESIAN_POINT('Origin',(3.07454785416076,3.3499,6.59338915069295));
#2888=CARTESIAN_POINT('',(1.89794040638173,2.34990000000106,7.52376268526565));
#2889=CARTESIAN_POINT('Ctrl Pts',(1.89786650260744,2.34985507159322,7.52367306138171));
#2890=CARTESIAN_POINT('Ctrl Pts',(1.41025127037751,2.67757915075645,7.70116581453791));
#2891=CARTESIAN_POINT('Ctrl Pts',(0.952183513111939,3.01520866341482,7.91194854576359));
#2892=CARTESIAN_POINT('Ctrl Pts',(0.491044945532613,3.34990000000012,8.11835233749811));
#2893=CARTESIAN_POINT('Origin',(3.07454785416076,2.3499,6.59338915069295));
#2894=CARTESIAN_POINT('Ctrl Pts',(4.48711002366448,2.30872926945149,6.32280894966199));
#2895=CARTESIAN_POINT('Ctrl Pts',(4.95600420001111,2.6502225942327,6.04790389846313));
#2896=CARTESIAN_POINT('Ctrl Pts',(5.42937273059594,3.00086481448664,5.82456968750265));
#2897=CARTESIAN_POINT('Ctrl Pts',(5.90351586983666,3.34999924589588,5.59447313745279));
#2898=CARTESIAN_POINT('Ctrl Pts',(4.5592484964888,2.33208027086813,6.5132272593359));
#2899=CARTESIAN_POINT('Ctrl Pts',(5.03916944182709,2.66248965579917,6.24608918144605));
#2900=CARTESIAN_POINT('Ctrl Pts',(5.51312584645505,3.01251072037256,6.02243968803973));
#2901=CARTESIAN_POINT('Ctrl Pts',(5.98914969457551,3.35969047425125,5.7933313566936));
#2902=CARTESIAN_POINT('Ctrl Pts',(4.59989994643978,2.50198716206586,6.86028807076343));
#2903=CARTESIAN_POINT('Ctrl Pts',(5.09163774011212,2.82695618715743,6.61854195308793));
#2904=CARTESIAN_POINT('Ctrl Pts',(5.56782672063595,3.1758337868056,6.39567963698156));
#2905=CARTESIAN_POINT('Ctrl Pts',(6.04619924353674,3.52199490174669,6.1705035295615));
#2906=CARTESIAN_POINT('Ctrl Pts',(4.47110896687007,2.80367113731653,7.04553992771816));
#2907=CARTESIAN_POINT('Ctrl Pts',(4.95522525980703,3.14024257737594,6.81989401323739));
#2908=CARTESIAN_POINT('Ctrl Pts',(5.43207523575368,3.49034558482875,6.59741383302758));
#2909=CARTESIAN_POINT('Ctrl Pts',(5.90964296671422,3.83859443432795,6.37474050707528));
#2910=CARTESIAN_POINT('Ctrl Pts',(4.39547724843505,2.93276699020488,7.08080757722379));
#2911=CARTESIAN_POINT('Ctrl Pts',(4.87426382382108,3.27426031498608,6.85754573049974));
#2912=CARTESIAN_POINT('Ctrl Pts',(5.3513199824491,3.62490253524002,6.63509079036175));
#2913=CARTESIAN_POINT('Ctrl Pts',(5.82819175426697,3.97403696664926,6.4127218312054));
#2914=CARTESIAN_POINT('',(4.97353951319267,3.35000048805545,6.81125271627721));
#2915=CARTESIAN_POINT('',(5.90338108825326,3.34989999942128,5.59453854570262));
#2916=CARTESIAN_POINT('Ctrl Pts',(4.97353951319256,3.35,6.81125271627677));
#2917=CARTESIAN_POINT('Ctrl Pts',(5.15848717044856,3.35,6.72501007270057));
#2918=CARTESIAN_POINT('Ctrl Pts',(5.33735361758483,3.35,6.61378111142652));
#2919=CARTESIAN_POINT('Ctrl Pts',(5.62928965373836,3.35,6.36497373361544));
#2920=CARTESIAN_POINT('Ctrl Pts',(5.75742047037734,3.35,6.22309595257306));
#2921=CARTESIAN_POINT('Ctrl Pts',(5.88073560279741,3.35,5.98807613794237));
#2922=CARTESIAN_POINT('Ctrl Pts',(5.91171982453528,3.34999999992105,5.90410460076827));
#2923=CARTESIAN_POINT('Ctrl Pts',(5.92866354379512,3.34999999992105,5.77941767458375));
#2924=CARTESIAN_POINT('Ctrl Pts',(5.9300285824839,3.35,5.74050498707));
#2925=CARTESIAN_POINT('Ctrl Pts',(5.92331873266273,3.35,5.6651329851642));
#2926=CARTESIAN_POINT('Ctrl Pts',(5.91578026943763,3.35,5.62920745289224));
#2927=CARTESIAN_POINT('Ctrl Pts',(5.90352253177396,3.35,5.59448860801833));
#2928=CARTESIAN_POINT('',(4.54356451576564,2.34990000000331,6.29009053888063));
#2929=CARTESIAN_POINT('Ctrl Pts',(5.90338108795792,3.34989999945057,5.59453854547244));
#2930=CARTESIAN_POINT('Ctrl Pts',(5.44829614412839,3.01479865736147,5.81538519778049));
#2931=CARTESIAN_POINT('Ctrl Pts',(4.99392511300939,2.67830923097201,6.03000729834859));
#2932=CARTESIAN_POINT('Ctrl Pts',(4.54353930122936,2.34985433631605,6.28998291165395));
#2933=CARTESIAN_POINT('',(4.51044902906154,3.015050438977,7.027195355446));
#2934=CARTESIAN_POINT('Ctrl Pts',(4.54356451576564,2.34990000000331,6.29009053888063));
#2935=CARTESIAN_POINT('Ctrl Pts',(4.56391119504609,2.34990027153702,6.3886389980797));
#2936=CARTESIAN_POINT('Ctrl Pts',(4.57386166520188,2.36639017500839,6.48854379437089));
#2937=CARTESIAN_POINT('Ctrl Pts',(4.57511219881125,2.43084826444841,6.67020871017361));
#2938=CARTESIAN_POINT('Ctrl Pts',(4.5678074847047,2.47594354839556,6.75162949036367));
#2939=CARTESIAN_POINT('Ctrl Pts',(4.54813028523054,2.58800968056983,6.88005297410453));
#2940=CARTESIAN_POINT('Ctrl Pts',(4.53709065119613,2.64970280707153,6.92844370343307));
#2941=CARTESIAN_POINT('Ctrl Pts',(4.52277479644231,2.7644604310864,6.98470346108771));
#2942=CARTESIAN_POINT('Ctrl Pts',(4.5183193389732,2.81035718131566,7.00038173607106));
#2943=CARTESIAN_POINT('Ctrl Pts',(4.51200651609357,2.90960820722897,7.02216781331234));
#2944=CARTESIAN_POINT('Ctrl Pts',(4.51044902607694,2.96221388824875,7.02719535683774));
#2945=CARTESIAN_POINT('Ctrl Pts',(4.51044902607694,3.01505043469197,7.02719535683774));
#2946=CARTESIAN_POINT('Ctrl Pts',(4.51048482331522,3.01498962482851,7.02717866431139));
#2947=CARTESIAN_POINT('Ctrl Pts',(4.66507598297614,3.12576432732513,6.95509162267853));
#2948=CARTESIAN_POINT('Ctrl Pts',(4.81949946457156,3.23740480873522,6.88308277061171));
#2949=CARTESIAN_POINT('Ctrl Pts',(4.97380739638984,3.34955175214261,6.81112780029087));
#2950=CARTESIAN_POINT('Origin',(0.778242754790565,3.35,8.76755172295064));
#2951=CARTESIAN_POINT('',(4.51044902607694,3.35,7.02719535683774));
#2952=CARTESIAN_POINT('',(4.51044902607694,3.35,7.02719535683774));
#2953=CARTESIAN_POINT('',(0.41410443832934,3.35,8.93735220854398));
#2954=CARTESIAN_POINT('Ctrl Pts',(0.491044945532613,3.34990000000012,8.11835233749811));
#2955=CARTESIAN_POINT('Ctrl Pts',(0.972138307577927,3.00072560495765,7.90301685899819));
#2956=CARTESIAN_POINT('Ctrl Pts',(1.44988934346745,2.64835324529479,7.68291526260087));
#2957=CARTESIAN_POINT('Ctrl Pts',(1.96133668045503,2.30736706188021,7.50082125589647));
#2958=CARTESIAN_POINT('Ctrl Pts',(0.58833493762783,3.35959176852309,8.31177466956746));
#2959=CARTESIAN_POINT('Ctrl Pts',(1.06988027104285,3.01237249253756,8.09436278931849));
#2960=CARTESIAN_POINT('Ctrl Pts',(1.54825761367753,2.66063901241861,7.87399647074393));
#2961=CARTESIAN_POINT('Ctrl Pts',(2.06083976875098,2.3307612398168,7.67842798494731));
#2962=CARTESIAN_POINT('Ctrl Pts',(0.84059518380931,3.52187599309223,8.59795135163226));
#2963=CARTESIAN_POINT('Ctrl Pts',(1.32063759866801,3.17567558383577,8.37621171328054));
#2964=CARTESIAN_POINT('Ctrl Pts',(1.79984044329007,2.82510193250465,8.15358102240944));
#2965=CARTESIAN_POINT('Ctrl Pts',(2.30052844343477,2.50067544817559,7.93258046988485));
#2966=CARTESIAN_POINT('Ctrl Pts',(1.08482501899451,3.83849544231247,8.62459006529802));
#2967=CARTESIAN_POINT('Ctrl Pts',(1.56243231030688,3.49020682853086,8.40185795901924));
#2968=CARTESIAN_POINT('Ctrl Pts',(2.04174922455185,3.13838250801863,8.17847038040583));
#2969=CARTESIAN_POINT('Ctrl Pts',(2.52515451393509,2.80232875527036,7.95295339154149));
#2970=CARTESIAN_POINT('Ctrl Pts',(1.16627603442893,3.9739377207535,8.58660883303649));
#2971=CARTESIAN_POINT('Ctrl Pts',(1.64320265092767,3.62476332571103,8.36421429938544));
#2972=CARTESIAN_POINT('Ctrl Pts',(2.12262843863308,3.27239096604817,8.14065438306167));
#2973=CARTESIAN_POINT('Ctrl Pts',(2.60076497166865,2.93140478263359,7.91769565606377));
#2974=CARTESIAN_POINT('',(2.02093159907548,3.34989999999999,8.18807639815749));
#2975=CARTESIAN_POINT('Ctrl Pts',(0.491044945532779,3.3499,8.11835233749804));
#2976=CARTESIAN_POINT('Ctrl Pts',(0.519702892785098,3.3499,8.16690294561914));
#2977=CARTESIAN_POINT('Ctrl Pts',(0.557469831199498,3.34990000000007,8.20851266215853));
#2978=CARTESIAN_POINT('Ctrl Pts',(0.658353567884296,3.34990000000007,8.28834351172708));
#2979=CARTESIAN_POINT('Ctrl Pts',(0.724102908130072,3.3499000000434,8.32121859665116));
#2980=CARTESIAN_POINT('Ctrl Pts',(0.891028843319517,3.3499000000434,8.37859627901388));
#2981=CARTESIAN_POINT('Ctrl Pts',(1.00578592466568,3.3499,8.39688618930466));
#2982=CARTESIAN_POINT('Ctrl Pts',(1.27982926913009,3.3499,8.40017877822071));
#2983=CARTESIAN_POINT('Ctrl Pts',(1.42971089597033,3.3499,8.37977269895939));
#2984=CARTESIAN_POINT('Ctrl Pts',(1.72610596524165,3.3499,8.30887537871341));
#2985=CARTESIAN_POINT('Ctrl Pts',(1.87772691556743,3.3499,8.25485383876087));
#2986=CARTESIAN_POINT('Ctrl Pts',(2.02093159907546,3.3499,8.1880763981575));
#2987=CARTESIAN_POINT('',(2.48388320572516,3.01505043469197,7.97219851862183));
#2988=CARTESIAN_POINT('Ctrl Pts',(2.02066411809086,3.3494519531431,8.18820112658902));
#2989=CARTESIAN_POINT('Ctrl Pts',(2.17507548459118,3.23722892750232,8.11619792388383));
#2990=CARTESIAN_POINT('Ctrl Pts',(2.32951202913671,3.1255776623812,8.04418298046334));
#2991=CARTESIAN_POINT('Ctrl Pts',(2.48384649292669,3.01498806053559,7.97221563808092));
#2992=CARTESIAN_POINT('Ctrl Pts',(2.48388320572516,3.01505043469197,7.97219851862183));
#2993=CARTESIAN_POINT('Ctrl Pts',(2.48388320572516,2.92723745083043,7.97219851862183));
#2994=CARTESIAN_POINT('Ctrl Pts',(2.47039919072962,2.84122020771782,7.96675627614044));
#2995=CARTESIAN_POINT('Ctrl Pts',(2.41388018381943,2.69115309710867,7.94036465730767));
#2996=CARTESIAN_POINT('Ctrl Pts',(2.37689238496126,2.62948204356593,7.9222870609463));
#2997=CARTESIAN_POINT('Ctrl Pts',(2.28332612314,2.51816433835004,7.86896047231608));
#2998=CARTESIAN_POINT('Ctrl Pts',(2.22739688318475,2.47181515073807,7.83336396297718));
#2999=CARTESIAN_POINT('Ctrl Pts',(2.12310571492361,2.40745675844279,7.7545068459792));
#3000=CARTESIAN_POINT('Ctrl Pts',(2.07567321063354,2.38600088710996,7.71424829996166));
#3001=CARTESIAN_POINT('Ctrl Pts',(1.98350289166146,2.35710110896257,7.62479314006815));
#3002=CARTESIAN_POINT('Ctrl Pts',(1.93904117663634,2.3499,7.57574124075198));
#3003=CARTESIAN_POINT('Ctrl Pts',(1.89794040638268,2.3499,7.52376268526556));
#3004=CARTESIAN_POINT('Origin',(0.778242754790565,3.35,8.76755172295064));
#3005=CARTESIAN_POINT('',(2.48388320572517,3.35,7.97219851862183));
#3006=CARTESIAN_POINT('',(0.778242754790566,3.35,8.76755172295064));
#3007=CARTESIAN_POINT('',(0.41410443832934,3.35,8.93735220854398));
#3008=CARTESIAN_POINT('',(2.48388320572517,3.35,7.97219851862183));
#3009=CARTESIAN_POINT('',(0.778242754790565,3.3499,8.76755172295064));
#3010=CARTESIAN_POINT('Ctrl Pts',(5.65805076278891,3.34990000000013,5.06842596388776));
#3011=CARTESIAN_POINT('Ctrl Pts',(5.17703147709335,3.00077936908464,5.28372828610768));
#3012=CARTESIAN_POINT('Ctrl Pts',(4.69918598767365,2.64833965973319,5.50387029370695));
#3013=CARTESIAN_POINT('Ctrl Pts',(4.18775902889481,2.3073670625658,5.68595704512328));
#3014=CARTESIAN_POINT('Ctrl Pts',(5.56076077069369,3.35959176852309,4.87500363181841));
#3015=CARTESIAN_POINT('Ctrl Pts',(5.07928958322071,3.0124259556251,5.09238203607342));
#3016=CARTESIAN_POINT('Ctrl Pts',(4.60081767225064,2.66062586945921,5.31278962244175));
#3017=CARTESIAN_POINT('Ctrl Pts',(4.08825594060082,2.33076124048063,5.50835031604568));
#3018=CARTESIAN_POINT('Ctrl Pts',(5.30850064012441,3.52187911989172,4.58883210697056));
#3019=CARTESIAN_POINT('Ctrl Pts',(4.82853213979587,3.1757320168428,4.81053760296178));
#3020=CARTESIAN_POINT('Ctrl Pts',(4.34923555133406,2.82509143376889,5.03321029939315));
#3021=CARTESIAN_POINT('Ctrl Pts',(3.84856750067417,2.50067787585242,5.25420204636186));
#3022=CARTESIAN_POINT('Ctrl Pts',(5.06427068932702,3.83849544231248,4.56218823608786));
#3023=CARTESIAN_POINT('Ctrl Pts',(4.58673693759665,3.49026045626968,4.78488604719088));
#3024=CARTESIAN_POINT('Ctrl Pts',(4.10732722390722,3.13836911898372,5.00831690604176));
#3025=CARTESIAN_POINT('Ctrl Pts',(3.6239411953585,2.80232875594596,5.23382490939111));
#3026=CARTESIAN_POINT('Ctrl Pts',(4.98281967389259,3.97393772075351,4.60016946834939));
#3027=CARTESIAN_POINT('Ctrl Pts',(4.50596649216896,3.62481708983803,4.82252975880243));
#3028=CARTESIAN_POINT('Ctrl Pts',(4.02644821975581,3.27237738048657,5.04613280145368));
#3029=CARTESIAN_POINT('Ctrl Pts',(3.54833073761421,2.93140478331918,5.26908264487383));
#3030=CARTESIAN_POINT('',(5.65805076278888,3.34990000000019,5.06842596388779));
#3031=CARTESIAN_POINT('',(4.12816410924603,3.34989999999999,4.99870190322839));
#3032=CARTESIAN_POINT('Ctrl Pts',(5.65805076278874,3.3499,5.06842596388783));
#3033=CARTESIAN_POINT('Ctrl Pts',(5.62939282506269,3.3499,5.01987537190559));
#3034=CARTESIAN_POINT('Ctrl Pts',(5.5916259020627,3.34990000000007,4.97826566663373));
#3035=CARTESIAN_POINT('Ctrl Pts',(5.49074220221759,3.34990000000007,4.89843482872926));
#3036=CARTESIAN_POINT('Ctrl Pts',(5.42499288289313,3.34990000004277,4.8655597434063));
#3037=CARTESIAN_POINT('Ctrl Pts',(5.2580670255205,3.34990000004277,4.80818206280975));
#3038=CARTESIAN_POINT('Ctrl Pts',(5.14331001405325,3.3499,4.7898921417967));
#3039=CARTESIAN_POINT('Ctrl Pts',(4.86926667155811,3.3499,4.78659949508019));
#3040=CARTESIAN_POINT('Ctrl Pts',(4.71938496303541,3.3499,4.8070055720239));
#3041=CARTESIAN_POINT('Ctrl Pts',(4.4229897944143,3.3499,4.87790290433943));
#3042=CARTESIAN_POINT('Ctrl Pts',(4.27136881681234,3.3499,4.93192445140646));
#3043=CARTESIAN_POINT('Ctrl Pts',(4.12816410924605,3.3499,4.99870190322839));
#3044=CARTESIAN_POINT('',(3.66521250259634,3.01505043469197,5.21457978276405));
#3045=CARTESIAN_POINT('Ctrl Pts',(4.12843149584752,3.34945211108053,4.99857721880844));
#3046=CARTESIAN_POINT('Ctrl Pts',(3.97401711069492,3.23722689572967,5.0705818291343));
#3047=CARTESIAN_POINT('Ctrl Pts',(3.81957749086709,3.12557334068248,5.14259820658248));
#3048=CARTESIAN_POINT('Ctrl Pts',(3.66524920122051,3.01498808467956,5.21456266991456));
#3049=CARTESIAN_POINT('',(4.25115530193981,2.34990000000109,5.66301561612023));
#3050=CARTESIAN_POINT('Ctrl Pts',(3.66521250259634,3.01505043469196,5.21457978276405));
#3051=CARTESIAN_POINT('Ctrl Pts',(3.66521250259634,2.92723745480694,5.21457978276405));
#3052=CARTESIAN_POINT('Ctrl Pts',(3.67869651635929,2.84122021534579,5.22002202477912));
#3053=CARTESIAN_POINT('Ctrl Pts',(3.73521552465684,2.6911530929816,5.24641364405728));
#3054=CARTESIAN_POINT('Ctrl Pts',(3.77220333220264,2.6294820278151,5.26449124455758));
#3055=CARTESIAN_POINT('Ctrl Pts',(3.86576960922039,2.5181643153756,5.31781784376143));
#3056=CARTESIAN_POINT('Ctrl Pts',(3.92169885263229,2.47181512961786,5.35341435693221));
#3057=CARTESIAN_POINT('Ctrl Pts',(4.02599001972441,2.40745674557167,5.43227147715494));
#3058=CARTESIAN_POINT('Ctrl Pts',(4.0734225196128,2.38600087854002,5.47253002125487));
#3059=CARTESIAN_POINT('Ctrl Pts',(4.1655928279123,2.35710110714803,5.56198517370691));
#3060=CARTESIAN_POINT('Ctrl Pts',(4.21005453688894,2.3499,5.61103706721491));
#3061=CARTESIAN_POINT('Ctrl Pts',(4.25115530193883,2.3499,5.66301561612031));
#3062=CARTESIAN_POINT('Ctrl Pts',(4.25122917785553,2.34985508510404,5.6631052009474));
#3063=CARTESIAN_POINT('Ctrl Pts',(4.73883281801232,2.67757183699809,5.48561595841949));
#3064=CARTESIAN_POINT('Ctrl Pts',(5.19698380872749,3.01526064003467,5.27479770169604));
#3065=CARTESIAN_POINT('Ctrl Pts',(5.65805076278891,3.34990000000013,5.06842596388776));
#3066=CARTESIAN_POINT('Origin',(5.37085295353091,3.35,4.41922657843525));
#3067=CARTESIAN_POINT('',(5.37085295353091,3.3499,4.41922657843525));
#3068=CARTESIAN_POINT('',(-0.0669937686901437,3.3499,6.95493614887702));
#3069=CARTESIAN_POINT('',(5.37085295353091,3.35,4.41922657843525));
#3070=CARTESIAN_POINT('',(5.37085295353091,3.35,4.41922657843525));
#3071=CARTESIAN_POINT('',(3.66521250259634,3.35,5.21457978276405));
#3072=CARTESIAN_POINT('',(2.28779127595922,3.35,5.85688184924945));
#3073=CARTESIAN_POINT('',(3.66521250259634,3.35,5.21457978276405));
#3074=CARTESIAN_POINT('Origin',(3.07454785416076,2.8499,6.59338915069295));
#3075=CARTESIAN_POINT('',(5.79347121527118,3.3499,5.32553436547192));
#3076=CARTESIAN_POINT('Origin',(3.07454785416076,3.3499,6.59338915069295));
#3077=CARTESIAN_POINT('Origin',(3.07454785416076,3.3499,6.59338915069295));
#3078=CARTESIAN_POINT('Origin',(3.07454785416076,2.3499,6.59338915069295));
#3079=CARTESIAN_POINT('Origin',(5.99999999999711,1.85,10.0822070014963));
#3080=CARTESIAN_POINT('',(6.01732021940808,3.3499,6.01021610061543));
#3081=CARTESIAN_POINT('',(6.00000000001019,3.35,5.92808488582986));
#3082=CARTESIAN_POINT('Origin',(3.07454785416076,3.3499,6.59338915069295));
#3083=CARTESIAN_POINT('',(6.00000000000052,3.35,9.));
#3084=CARTESIAN_POINT('',(5.99999999999711,3.35,10.0822070014963));
#3085=CARTESIAN_POINT('',(7.4931035145527,1.99324281828315,9.0000000000047));
#3086=CARTESIAN_POINT('Origin',(6.00000000000052,1.85,9.));
#3087=CARTESIAN_POINT('',(7.50000000000239,1.85,8.40447979528943));
#3088=CARTESIAN_POINT('Ctrl Pts',(7.4931460105483,1.9932305525551,9.0000000000047));
#3089=CARTESIAN_POINT('Ctrl Pts',(7.49462058450266,1.97785845367635,8.81364034335566));
#3090=CARTESIAN_POINT('Ctrl Pts',(7.49922269812649,1.93484152852064,8.62245840450256));
#3091=CARTESIAN_POINT('Ctrl Pts',(7.49997344178357,1.86018267307888,8.42963198647093));
#3092=CARTESIAN_POINT('Ctrl Pts',(7.50000000000235,1.85515435767663,8.41702767325745));
#3093=CARTESIAN_POINT('Ctrl Pts',(7.50000000000239,1.85,8.40447979528943));
#3094=CARTESIAN_POINT('',(7.5,1.85,4.22769256383751));
#3095=CARTESIAN_POINT('',(7.49999999999711,1.85,10.082207001501));
#3096=CARTESIAN_POINT('',(7.49999999999711,1.85,10.082207001501));
#3097=CARTESIAN_POINT('',(6.00000000001069,3.35,5.76843677363066));
#3098=CARTESIAN_POINT('',(5.99999999999711,3.35,10.0822070014963));
#3099=CARTESIAN_POINT('',(6.01732021940872,3.3499,5.80558010399453));
#3100=CARTESIAN_POINT('Origin',(6.00000000001069,1.85,5.76843677363066));
#3101=CARTESIAN_POINT('',(6.01732021939526,3.3499,10.0822070014963));
#3102=CARTESIAN_POINT('Origin',(3.07454785416073,3.3499,6.59338915069295));
#3103=CARTESIAN_POINT('',(-0.0669937686901435,3.35,6.95493614887702));
#3104=CARTESIAN_POINT('',(-0.0669937686901437,3.3499,6.95493614887702));
#3105=CARTESIAN_POINT('',(0.330641432116138,3.35,7.80766758884515));
#3106=CARTESIAN_POINT('Origin',(3.07454785416073,3.3499,6.59338915069295));
#3107=CARTESIAN_POINT('',(0.330641432116138,3.35,7.80766758884515));
#3108=CARTESIAN_POINT('Origin',(3.07454785416076,-1.65,6.59338915069295));
#3109=CARTESIAN_POINT('',(5.91769332325531,0.938008234273402,4.9655342846364));
#3110=CARTESIAN_POINT('Ctrl Pts',(6.09663036659015,0.95,4.77763852220604));
#3111=CARTESIAN_POINT('Ctrl Pts',(6.03285097326069,0.95,4.8366947041542));
#3112=CARTESIAN_POINT('Ctrl Pts',(5.97316753084229,0.945813949501586,4.89942269846457));
#3113=CARTESIAN_POINT('Ctrl Pts',(5.91769332325505,0.938008234273365,4.96553428463671));
#3114=CARTESIAN_POINT('',(4.07450163250445,-0.0200000000000009,5.47531382175657));
#3115=CARTESIAN_POINT('Ctrl Pts',(4.07450163250445,-0.0200000000000008,
5.47531382175657));
#3116=CARTESIAN_POINT('Ctrl Pts',(4.25044485933718,0.247036271332876,5.34438416396975));
#3117=CARTESIAN_POINT('Ctrl Pts',(4.45890283235421,0.469967656585541,5.17601404164592));
#3118=CARTESIAN_POINT('Ctrl Pts',(4.81831508442089,0.737938491804547,4.8374115792833));
#3119=CARTESIAN_POINT('Ctrl Pts',(4.95946930799419,0.81684197944581,4.69341825279047));
#3120=CARTESIAN_POINT('Ctrl Pts',(5.23851551601324,0.923328156350809,4.37981745263757));
#3121=CARTESIAN_POINT('Ctrl Pts',(5.37445764088104,0.95,4.21223204190437));
#3122=CARTESIAN_POINT('Ctrl Pts',(5.50279570423249,0.95,4.03730905895009));
#3123=CARTESIAN_POINT('',(4.53550533598356,-0.0200000000000009,6.25338439145273));
#3124=CARTESIAN_POINT('Origin',(3.07454785416076,-0.0200000000000003,6.59338915069295));
#3125=CARTESIAN_POINT('Ctrl Pts',(5.91769332325531,0.938008234273402,4.9655342846364));
#3126=CARTESIAN_POINT('Ctrl Pts',(5.74592170223647,0.91383843687662,5.17024373110483));
#3127=CARTESIAN_POINT('Ctrl Pts',(5.5662873580016,0.853284891697661,5.3623956638513));
#3128=CARTESIAN_POINT('Ctrl Pts',(5.23230545069246,0.67379772957964,5.68723145551188));
#3129=CARTESIAN_POINT('Ctrl Pts',(5.08022461779769,0.565807386242884,5.8225783153674));
#3130=CARTESIAN_POINT('Ctrl Pts',(4.79180632901161,0.303801048152866,6.06209703545663));
#3131=CARTESIAN_POINT('Ctrl Pts',(4.65662087830192,0.151337630325649,6.16554072887439));
#3132=CARTESIAN_POINT('Ctrl Pts',(4.53550533598356,-0.0200000000000008,
6.25338439145273));
#3133=CARTESIAN_POINT('Origin',(3.07454785416076,3.35,6.59338915069295));
#3134=CARTESIAN_POINT('',(1.63864668224459,3.35,6.15958294454814));
#3135=CARTESIAN_POINT('Origin',(3.07454785416076,3.35,6.59338915069295));
#3136=CARTESIAN_POINT('',(1.63864668224459,3.35,6.15958294454814));
#3137=CARTESIAN_POINT('',(1.57454785416076,-0.0200000000000006,6.59338915069295));
#3138=CARTESIAN_POINT('',(1.57454785416076,3.35,6.59338915069295));
#3139=CARTESIAN_POINT('Origin',(3.07454785416076,-0.0200000000000003,6.59338915069295));
#3140=CARTESIAN_POINT('',(4.07450163250445,1.85,5.47531382175657));
#3141=CARTESIAN_POINT('',(4.07450163250445,0.95,5.47531382175657));
#3142=CARTESIAN_POINT('',(4.53550533598356,1.85,6.25338439145273));
#3143=CARTESIAN_POINT('Origin',(3.07454785416076,1.85,6.59338915069295));
#3144=CARTESIAN_POINT('',(4.53550533598356,3.35,6.25338439145273));
#3145=CARTESIAN_POINT('',(1.92263679234928,-0.0200000000000003,7.55417055438285));
#3146=CARTESIAN_POINT('Origin',(3.07454785416076,-0.0200000000000003,6.59338915069295));
#3147=CARTESIAN_POINT('',(1.92263679234928,0.95,7.55417055438285));
#3148=CARTESIAN_POINT('',(1.92263679234928,0.95,7.55417055438285));
#3149=CARTESIAN_POINT('',(1.57529456246202,0.95,6.64071321783117));
#3150=CARTESIAN_POINT('Origin',(3.07454785416076,0.95,6.59338915069295));
#3151=CARTESIAN_POINT('',(1.57529456246203,-0.0200000000000003,6.64071321783117));
#3152=CARTESIAN_POINT('',(1.57529456246203,0.95,6.64071321783117));
#3153=CARTESIAN_POINT('Origin',(3.07454785416076,-0.0200000000000003,6.59338915069295));
#3154=CARTESIAN_POINT('Origin',(3.07454785416076,3.35,6.59338915069295));
#3155=CARTESIAN_POINT('Origin',(-1.38777878078145E-16,0.95,5.55111512312578E-16));
#3156=CARTESIAN_POINT('',(-6.825,0.95,0.));
#3157=CARTESIAN_POINT('Origin',(-1.38777878078145E-16,0.95,5.55111512312578E-16));
#3158=CARTESIAN_POINT('',(-6.825,1.85,0.));
#3159=CARTESIAN_POINT('',(-6.825,0.95,0.));
#3160=CARTESIAN_POINT('Origin',(-1.38777878078145E-16,1.85,5.55111512312578E-16));
#3161=CARTESIAN_POINT('Origin',(-1.38777878078145E-16,-0.0200000000000003,
5.55111512312578E-16));
#3162=CARTESIAN_POINT('Origin',(6.21608947701161,3.35,6.2318421525089));
#3163=CARTESIAN_POINT('',(6.19110641607746,3.35,6.17826580544005));
#3164=CARTESIAN_POINT('',(6.21608947701161,3.3499,6.2318421525089));
#3165=CARTESIAN_POINT('',(6.21608947701161,3.3499,6.2318421525089));
#3166=CARTESIAN_POINT('Origin',(5.37085295353091,3.35,4.41922657843525));
#3167=CARTESIAN_POINT('',(2.28779127595922,3.35,5.85688184924945));
#3168=CARTESIAN_POINT('Origin',(3.07454785416073,3.3499,6.59338915069295));
#3169=CARTESIAN_POINT('Origin',(0.,3.35,9.));
#3170=CARTESIAN_POINT('',(-1.04011464646611,3.35,9.));
#3171=CARTESIAN_POINT('Ctrl Pts',(-1.04011464646611,3.35,9.));
#3172=CARTESIAN_POINT('Ctrl Pts',(-1.83913273003752,3.35,7.17950336968193));
#3173=CARTESIAN_POINT('Ctrl Pts',(-3.02722561680001,3.35,5.54874246508734));
#3174=CARTESIAN_POINT('Ctrl Pts',(-4.38443284152596,3.35,4.09594295103687));
#3175=CARTESIAN_POINT('',(0.,3.35,9.));
#3176=CARTESIAN_POINT('',(1.05356537528527,3.35,-1.7));
#3177=CARTESIAN_POINT('',(-1.05356537528527,3.35,-1.7));
#3178=CARTESIAN_POINT('Origin',(0.,3.35,0.));
#3179=CARTESIAN_POINT('',(0.52678268764264,3.35,-1.7));
#3180=CARTESIAN_POINT('Origin',(2.22044604925031E-15,1.85,-0.249386172570247));
#3181=CARTESIAN_POINT('',(5.91769332309411,1.85,4.96553428482851));
#3182=CARTESIAN_POINT('Origin',(7.5,1.85,6.2932472338296));
#3183=CARTESIAN_POINT('Origin',(0.,1.85,0.));
#3184=CARTESIAN_POINT('',(-7.5,1.85,0.));
#3185=CARTESIAN_POINT('Origin',(0.,0.95,0.500339584527895));
#3186=CARTESIAN_POINT('',(0.,0.95,7.795));
#3187=CARTESIAN_POINT('Origin',(0.,0.95,0.));
#3188=CARTESIAN_POINT('',(-3.01241106101312,0.95,8.41264221461735));
#3189=CARTESIAN_POINT('Origin',(0.,0.95,15.45));
#3190=CARTESIAN_POINT('',(-5.48054105190745,0.95,5.11992868879608));
#3191=CARTESIAN_POINT('Ctrl Pts',(-5.48054105190745,0.95,5.11992868879609));
#3192=CARTESIAN_POINT('Ctrl Pts',(-4.46258868608697,0.95,6.20957857825135));
#3193=CARTESIAN_POINT('Ctrl Pts',(-3.63987868912417,0.95,7.30714975352162));
#3194=CARTESIAN_POINT('Ctrl Pts',(-3.01241106101904,0.95,8.4126422146069));
#3195=CARTESIAN_POINT('',(-7.5,0.95,0.));
#3196=CARTESIAN_POINT('Origin',(0.,0.95,0.));
#3197=CARTESIAN_POINT('',(-7.5,0.95,0.));
#3198=CARTESIAN_POINT('Origin',(0.,0.95,0.));
#3199=CARTESIAN_POINT('',(0.,-0.0200000000000003,7.795));
#3200=CARTESIAN_POINT('Origin',(0.,-0.0200000000000003,0.));
#3201=CARTESIAN_POINT('',(0.,0.95,7.795));
#3202=CARTESIAN_POINT('Origin',(0.,0.95,15.45));
#3203=CARTESIAN_POINT('',(-3.01241106101312,-0.0200000000000003,8.41264221461735));
#3204=CARTESIAN_POINT('Ctrl Pts',(-3.01241106101311,0.95,8.41264221461735));
#3205=CARTESIAN_POINT('Ctrl Pts',(-3.01241106101311,0.626666666666666,8.41264221461735));
#3206=CARTESIAN_POINT('Ctrl Pts',(-3.01241106101311,0.303333333333333,8.41264221461735));
#3207=CARTESIAN_POINT('Ctrl Pts',(-3.01241106101311,-0.0200000000000004,
8.41264221461735));
#3208=CARTESIAN_POINT('Origin',(0.,-0.0200000000000003,15.45));
#3209=CARTESIAN_POINT('Origin',(0.,-0.0200000000000003,0.500339584527895));
#3210=CARTESIAN_POINT('Ctrl Pts',(-3.01241106101416,-0.02,8.4126422146155));
#3211=CARTESIAN_POINT('Ctrl Pts',(-3.63987868911991,-0.02,7.30714975352732));
#3212=CARTESIAN_POINT('Ctrl Pts',(-4.46258868608434,-0.02,6.20957857825418));
#3213=CARTESIAN_POINT('Ctrl Pts',(-5.48054105190745,-0.02,5.11992868879609));
#3214=CARTESIAN_POINT('Origin',(0.,0.,0.));
#3215=CARTESIAN_POINT('',(-5.48054105190745,0.,5.11992868879608));
#3216=CARTESIAN_POINT('',(-7.5,0.,0.));
#3217=CARTESIAN_POINT('Origin',(-7.5,0.95,0.));
#3218=CARTESIAN_POINT('Origin',(7.5,0.95,6.2932472338296));
#3219=CARTESIAN_POINT('',(5.91769332309411,0.95,4.96553428482851));
#3220=CARTESIAN_POINT('',(7.50000000001554,0.95,4.22769256383751));
#3221=CARTESIAN_POINT('Origin',(0.,0.95,0.));
#3222=CARTESIAN_POINT('Origin',(0.,-0.65,0.));
#3223=CARTESIAN_POINT('',(-5.49664954860503,-3.35,0.191947231863756));
#3224=CARTESIAN_POINT('',(4.76313972081449,-3.35,-2.74999999999986));
#3225=CARTESIAN_POINT('Origin',(0.,-3.35,0.));
#3226=CARTESIAN_POINT('',(-5.49664954860503,-0.65,0.191947231863756));
#3227=CARTESIAN_POINT('',(-5.49664954860503,-0.65,0.191947231863756));
#3228=CARTESIAN_POINT('',(4.76313972081449,-0.65,-2.74999999999986));
#3229=CARTESIAN_POINT('Origin',(0.,-0.65,0.));
#3230=CARTESIAN_POINT('',(4.76313972081449,-0.65,-2.74999999999986));
#3231=CARTESIAN_POINT('Origin',(6.4951905283834,-0.65,-3.7499999999998));
#3232=CARTESIAN_POINT('',(5.19615242270672,-3.35,-2.99999999999984));
#3233=CARTESIAN_POINT('',(4.87139289628747,-3.35,-2.8124999999998));
#3234=CARTESIAN_POINT('',(0.,-0.65,0.));
#3235=CARTESIAN_POINT('Origin',(5.19615242270672,-1.85,-2.99999999999984));
#3236=CARTESIAN_POINT('Origin',(-5.49664954860503,-0.65,0.191947231863755));
#3237=CARTESIAN_POINT('',(-5.99634496211458,-3.35,0.209396980215006));
#3238=CARTESIAN_POINT('',(-2.61753138603228,-3.35,0.0914062101690483));
#3239=CARTESIAN_POINT('Origin',(-5.99634496211458,-1.85,0.209396980215006));
#3240=CARTESIAN_POINT('',(0.,-0.65,0.));
#3241=CARTESIAN_POINT('Origin',(-0.502404735808298,-0.65,-3.61912688736562));
#3242=CARTESIAN_POINT('Origin',(0.,-1.85,0.));
#3243=CARTESIAN_POINT('',(-4.38443284152596,-3.35,4.09594295103687));
#3244=CARTESIAN_POINT('Origin',(0.,-3.35,0.));
#3245=CARTESIAN_POINT('Origin',(-4.38443284152596,-1.85,4.09594295103687));
#3246=CARTESIAN_POINT('Origin',(6.49999999999363,0.,9.16441400297597));
#3247=CARTESIAN_POINT('',(7.49999999999686,1.8663103340942,9.88330771218494));
#3248=CARTESIAN_POINT('Ctrl Pts',(7.49999999999774,1.86629480642539,9.88333317339534));
#3249=CARTESIAN_POINT('Ctrl Pts',(7.49999999999789,1.88495089395997,9.83488850573142));
#3250=CARTESIAN_POINT('Ctrl Pts',(7.49956878092335,1.9017161118763,9.78575359928812));
#3251=CARTESIAN_POINT('Ctrl Pts',(7.49894560738792,1.91654859437674,9.73603622907785));
#3252=CARTESIAN_POINT('Ctrl Pts',(7.49832427293744,1.93133730384493,9.68646558279256));
#3253=CARTESIAN_POINT('Ctrl Pts',(7.49751217217962,1.9442051989735,9.63631575758735));
#3254=CARTESIAN_POINT('Ctrl Pts',(7.49669563922737,1.95511857480615,9.58569086958822));
#3255=CARTESIAN_POINT('Ctrl Pts',(7.49602505196641,1.96408131266924,9.54411458673662));
#3256=CARTESIAN_POINT('Ctrl Pts',(7.49535058121684,1.97172601964552,9.50221781420093));
#3257=CARTESIAN_POINT('Ctrl Pts',(7.49474913526744,1.97803452945895,9.46005779295845));
#3258=CARTESIAN_POINT('Ctrl Pts',(7.49403714462779,1.9855025320978,9.41014883518491));
#3259=CARTESIAN_POINT('Ctrl Pts',(7.49343166138469,1.99106963984347,9.36002175740803));
#3260=CARTESIAN_POINT('Ctrl Pts',(7.49301255080217,1.99473708983838,9.30977361508636));
#3261=CARTESIAN_POINT('Ctrl Pts',(7.49258284549516,1.99849724954734,9.25825524660965));
#3262=CARTESIAN_POINT('Ctrl Pts',(7.49234925480404,2.00026066888228,9.2066095558213));
#3263=CARTESIAN_POINT('Ctrl Pts',(7.49234155280878,2.00002145341665,9.15494415747772));
#3264=CARTESIAN_POINT('Ctrl Pts',(7.49233385081351,1.99978223795103,9.10327875913414));
#3265=CARTESIAN_POINT('Ctrl Pts',(7.49255205784698,1.9975403738085,9.05159362160561));
#3266=CARTESIAN_POINT('Ctrl Pts',(7.49296903190586,1.99328163435397,9.0000000000047));
#3267=CARTESIAN_POINT('',(7.4999999999937,0.,11.1644140029783));
#3268=CARTESIAN_POINT('Origin',(7.49999999999363,0.,9.16441400297593));
#3269=CARTESIAN_POINT('',(7.49999999999674,-1.8663122965691,9.8833044942549));
#3270=CARTESIAN_POINT('Origin',(7.49999999999363,0.,9.16441400297593));
#3271=CARTESIAN_POINT('',(7.49310713583145,-1.99324177306419,9.0000000000047));
#3272=CARTESIAN_POINT('Ctrl Pts',(7.49296903190586,-1.99328163435397,9.0000000000047));
#3273=CARTESIAN_POINT('Ctrl Pts',(7.49256256436403,-1.9974330661289,9.05029361443798));
#3274=CARTESIAN_POINT('Ctrl Pts',(7.49234467932703,-1.99966862305839,9.10067619032371));
#3275=CARTESIAN_POINT('Ctrl Pts',(7.49234130580476,-2.00000043905286,9.15104575120875));
#3276=CARTESIAN_POINT('Ctrl Pts',(7.49233793164034,-2.00033231820909,9.20142490002784));
#3277=CARTESIAN_POINT('Ctrl Pts',(7.4925491398105,-1.99875974814338,9.25179105567761));
#3278=CARTESIAN_POINT('Ctrl Pts',(7.49294941702674,-1.99528736934531,9.302045521733));
#3279=CARTESIAN_POINT('Ctrl Pts',(7.49332323207285,-1.99204454815068,9.34897768470421));
#3280=CARTESIAN_POINT('Ctrl Pts',(7.49386148984241,-1.98714464683147,9.39581249638975));
#3281=CARTESIAN_POINT('Ctrl Pts',(7.49450276703617,-1.98058615120055,9.44247181021575));
#3282=CARTESIAN_POINT('Ctrl Pts',(7.49520774200111,-1.97337620318992,9.49376577240296));
#3283=CARTESIAN_POINT('Ctrl Pts',(7.49603482443076,-1.96419105899389,9.54468259527917));
#3284=CARTESIAN_POINT('Ctrl Pts',(7.49684759767437,-1.95306324062124,9.59512049373448));
#3285=CARTESIAN_POINT('Ctrl Pts',(7.49766497365098,-1.94187240543899,9.6458440218916));
#3286=CARTESIAN_POINT('Ctrl Pts',(7.49846780948411,-1.92871640012985,9.69608330146317));
#3287=CARTESIAN_POINT('Ctrl Pts',(7.49906467698627,-1.91362941743123,9.7457339322256));
#3288=CARTESIAN_POINT('Ctrl Pts',(7.49962258528934,-1.89952720398296,9.79214372846119));
#3289=CARTESIAN_POINT('Ctrl Pts',(7.49999999999788,-1.8837375179168,9.83803930565417));
#3290=CARTESIAN_POINT('Ctrl Pts',(7.49999999999774,-1.86629480642539,9.88333317339534));
#3291=CARTESIAN_POINT('',(7.49999999999361,-1.84999999998838,8.40447979526278));
#3292=CARTESIAN_POINT('Ctrl Pts',(7.50000000000239,-1.84999999998895,8.40447979526254));
#3293=CARTESIAN_POINT('Ctrl Pts',(7.50000000000239,-1.85515435766574,8.41702767323041));
#3294=CARTESIAN_POINT('Ctrl Pts',(7.49997344178357,-1.86018267307891,8.42963198647101));
#3295=CARTESIAN_POINT('Ctrl Pts',(7.49922269812649,-1.93484152852064,8.62245840450256));
#3296=CARTESIAN_POINT('Ctrl Pts',(7.49462058450266,-1.97785845367635,8.81364034335566));
#3297=CARTESIAN_POINT('Ctrl Pts',(7.4931460105483,-1.9932305525551,9.0000000000047));
#3298=CARTESIAN_POINT('',(7.50000000000235,-2.44929359829841E-16,7.16441400297291));
#3299=CARTESIAN_POINT('Origin',(7.49999999999363,0.,9.16441400297593));
#3300=CARTESIAN_POINT('',(5.49999999999356,-2.44929359829841E-16,7.16441400297298));
#3301=CARTESIAN_POINT('',(6.49999999999356,-2.44929359829841E-16,7.16441400297294));
#3302=CARTESIAN_POINT('Origin',(5.49999999999363,0.,9.164414002976));
#3303=CARTESIAN_POINT('Origin',(7.49999999999363,0.,9.16441400297593));
#3304=CARTESIAN_POINT('Origin',(5.49999999999196,0.,9.16441400297962));
#3305=CARTESIAN_POINT('Ctrl Pts',(6.00000000000052,3.35,9.));
#3306=CARTESIAN_POINT('Ctrl Pts',(5.99999999999824,3.35,9.68077607157324));
#3307=CARTESIAN_POINT('Ctrl Pts',(5.99999999999597,3.3783779441089,10.3489947517051));
#3308=CARTESIAN_POINT('Ctrl Pts',(5.9999999999937,3.45134635149416,10.9964190811071));
#3309=CARTESIAN_POINT('Ctrl Pts',(6.44879895051334,3.35,9.00000000000141));
#3310=CARTESIAN_POINT('Ctrl Pts',(6.4487989505111,3.35000000000004,9.68063941520077));
#3311=CARTESIAN_POINT('Ctrl Pts',(6.44879895050885,3.3784039031452,10.3492250775725));
#3312=CARTESIAN_POINT('Ctrl Pts',(6.44879895050663,3.45134635149432,10.9964190811085));
#3313=CARTESIAN_POINT('Ctrl Pts',(7.22627776768132,2.97398514902803,9.00000000000386));
#3314=CARTESIAN_POINT('Ctrl Pts',(7.22627776767912,2.9739851490281,9.69136224520987));
#3315=CARTESIAN_POINT('Ctrl Pts',(7.22627776767693,3.00271782400943,10.3732648011521));
#3316=CARTESIAN_POINT('Ctrl Pts',(7.22627776767478,3.07769716478134,11.0385314714507));
#3317=CARTESIAN_POINT('Ctrl Pts',(7.50000000000052,2.18659921288462,9.00000000000472));
#3318=CARTESIAN_POINT('Ctrl Pts',(7.49999999999827,2.18659921288464,9.71339276011293));
#3319=CARTESIAN_POINT('Ctrl Pts',(7.49999999999603,2.21610077402408,10.4243182901004));
#3320=CARTESIAN_POINT('Ctrl Pts',(7.49999999999382,2.29526499778351,11.1267160306657));
#3321=CARTESIAN_POINT('Ctrl Pts',(7.50000000000052,1.85,9.00000000000472));
#3322=CARTESIAN_POINT('Ctrl Pts',(7.49999999999824,1.85,9.7227992858726));
#3323=CARTESIAN_POINT('Ctrl Pts',(7.49999999999597,1.87983239611198,10.4461621450445));
#3324=CARTESIAN_POINT('Ctrl Pts',(7.4999999999937,1.96078346914834,11.1644140029783));
#3325=CARTESIAN_POINT('',(5.9999999999937,3.45134635149416,10.9964190811071));
#3326=CARTESIAN_POINT('Ctrl Pts',(6.00000000000052,3.35,9.));
#3327=CARTESIAN_POINT('Ctrl Pts',(5.99999999999824,3.35,9.68077607157324));
#3328=CARTESIAN_POINT('Ctrl Pts',(5.99999999999597,3.3783779441089,10.3489947517051));
#3329=CARTESIAN_POINT('Ctrl Pts',(5.9999999999937,3.45134635149416,10.9964190811071));
#3330=CARTESIAN_POINT('',(7.4999999999937,1.96078346914834,11.1644140029783));
#3331=CARTESIAN_POINT('Origin',(5.9999999999937,1.96078346914834,11.1644140029736));
#3332=CARTESIAN_POINT('Ctrl Pts',(7.4999999999937,1.96078346914834,11.1644140029783));
#3333=CARTESIAN_POINT('Ctrl Pts',(7.49999999999504,1.91281302034691,10.7387882183507));
#3334=CARTESIAN_POINT('Ctrl Pts',(7.49999999999639,1.88279329466812,10.3113676656731));
#3335=CARTESIAN_POINT('Ctrl Pts',(7.49999999999774,1.86629480642671,9.88333317342951));
#3336=CARTESIAN_POINT('Origin',(7.4999999999937,0.,11.1644140029783));
#3337=CARTESIAN_POINT('',(7.50000000002308,-1.85,1.83220700150097));
#3338=CARTESIAN_POINT('Origin',(7.4999999999937,0.,11.1644140029783));
#3339=CARTESIAN_POINT('',(7.4999999999937,-1.96078346914888,11.1644140029783));
#3340=CARTESIAN_POINT('',(7.4999999999937,0.,11.1644140029783));
#3341=CARTESIAN_POINT('Ctrl Pts',(7.49999999999774,-1.86629480642432,9.88333317336756));
#3342=CARTESIAN_POINT('Ctrl Pts',(7.49999999999639,-1.88279329466526,10.3113676656326));
#3343=CARTESIAN_POINT('Ctrl Pts',(7.49999999999504,-1.91281302034471,10.7387882183318));
#3344=CARTESIAN_POINT('Ctrl Pts',(7.4999999999937,-1.96078346914861,11.1644140029807));
#3345=CARTESIAN_POINT('Ctrl Pts',(1.82033367256797,0.0457141175866127,22.9762914936105));
#3346=CARTESIAN_POINT('Ctrl Pts',(3.94513073361535,0.0457141175866127,23.9671006351949));
#3347=CARTESIAN_POINT('Ctrl Pts',(1.82033367256797,0.451428629457951,22.9762914936105));
#3348=CARTESIAN_POINT('Ctrl Pts',(3.94513073361535,0.451428629457951,23.9671006351949));
#3349=CARTESIAN_POINT('Ctrl Pts',(1.90002743747821,0.645714141428471,22.8053876632378));
#3350=CARTESIAN_POINT('Ctrl Pts',(4.0248244985256,0.645714141428471,23.7961968048222));
#3351=CARTESIAN_POINT('',(2.21019381852027,0.645714141428471,22.9500206220189));
#3352=CARTESIAN_POINT('',(2.13127009217498,0.0457141175866127,23.1212835272715));
#3353=CARTESIAN_POINT('Ctrl Pts',(2.21019381852027,0.645714141428471,22.9500206220189));
#3354=CARTESIAN_POINT('Ctrl Pts',(2.18965279393486,0.595124829844217,22.9946196557745));
#3355=CARTESIAN_POINT('Ctrl Pts',(2.17401391771228,0.535987893938911,23.0285620841975));
#3356=CARTESIAN_POINT('Ctrl Pts',(2.16229564416885,0.471290697638407,23.0539880297344));
#3357=CARTESIAN_POINT('Ctrl Pts',(2.15121561901412,0.410117303810959,23.0780291237649));
#3358=CARTESIAN_POINT('Ctrl Pts',(2.14381488306813,0.344922502163224,23.0940798662957));
#3359=CARTESIAN_POINT('Ctrl Pts',(2.1390282261342,0.279273574554688,23.1044604656362));
#3360=CARTESIAN_POINT('Ctrl Pts',(2.1334436685618,0.202681451731272,23.1165714348269));
#3361=CARTESIAN_POINT('Ctrl Pts',(2.13127009217498,0.123428604621001,23.1212835272715));
#3362=CARTESIAN_POINT('Ctrl Pts',(2.13127009217498,0.0457141175866127,23.1212835272715));
#3363=CARTESIAN_POINT('',(2.03094736704236,0.645714141428471,22.8664366289982));
#3364=CARTESIAN_POINT('',(2.21220892444993,0.645714141428471,22.9509602813458));
#3365=CARTESIAN_POINT('',(1.95125360213212,0.0457141175866127,23.0373404593709));
#3366=CARTESIAN_POINT('Ctrl Pts',(2.03094736704236,0.645714141428471,22.8664366289982));
#3367=CARTESIAN_POINT('Ctrl Pts',(1.95125360213212,0.451428629457951,23.0373404593709));
#3368=CARTESIAN_POINT('Ctrl Pts',(1.95125360213212,0.0457141175866127,23.0373404593709));
#3369=CARTESIAN_POINT('',(2.13251515953969,0.0457141175866127,23.1218641117186));
#3370=CARTESIAN_POINT('Origin',(2.13251515953969,-0.845714472234249,23.1218641117186));
#3371=CARTESIAN_POINT('',(2.13127009217498,-0.845714472234249,23.1212835272715));
#3372=CARTESIAN_POINT('Ctrl Pts',(2.13127009217498,0.0457141175866127,23.1212835272715));
#3373=CARTESIAN_POINT('Ctrl Pts',(2.13127009217498,-0.251428745687008,23.1212835272715));
#3374=CARTESIAN_POINT('Ctrl Pts',(2.13127009217498,-0.548571608960628,23.1212835272715));
#3375=CARTESIAN_POINT('Ctrl Pts',(2.13127009217498,-0.845714472234249,23.1212835272715));
#3376=CARTESIAN_POINT('',(1.95125360213212,-0.845714472234249,23.0373404593709));
#3377=CARTESIAN_POINT('',(1.95125360213212,0.0457141175866127,23.0373404593709));
#3378=CARTESIAN_POINT('',(2.13251515953969,-0.845714472234249,23.1218641117186));
#3379=CARTESIAN_POINT('Origin',(2.75074542175391,-0.845714472234249,21.796065035922));
#3380=CARTESIAN_POINT('',(2.74878870217478,-0.845714472234249,21.7951526025974));
#3381=CARTESIAN_POINT('Ctrl Pts',(2.13127009217498,-0.845714472234249,23.1212835272715));
#3382=CARTESIAN_POINT('Ctrl Pts',(2.35659720789024,-0.845714472234249,22.6327234818301));
#3383=CARTESIAN_POINT('Ctrl Pts',(2.55476910281217,-0.845714472234249,22.1992951119507));
#3384=CARTESIAN_POINT('Ctrl Pts',(2.74878870217478,-0.845714472234249,21.7951526025974));
#3385=CARTESIAN_POINT('',(2.56948386434634,-0.845714472234249,21.7115413835744));
#3386=CARTESIAN_POINT('',(1.95125360213212,-0.845714472234249,23.0373404593709));
#3387=CARTESIAN_POINT('',(2.75074542175391,-0.845714472234249,21.796065035922));
#3388=CARTESIAN_POINT('Ctrl Pts',(2.14670902860997,1.18857178837061,21.6341937996847));
#3389=CARTESIAN_POINT('Ctrl Pts',(4.51747663442516,1.18857178837061,22.739700889974));
#3390=CARTESIAN_POINT('Ctrl Pts',(2.04045075936302,1.32571432739496,21.8620653934478));
#3391=CARTESIAN_POINT('Ctrl Pts',(4.41121836517821,1.32571432739496,22.9675724837371));
#3392=CARTESIAN_POINT('Ctrl Pts',(1.91728772538812,1.32571432739496,22.1261893721598));
#3393=CARTESIAN_POINT('Ctrl Pts',(4.28805533120332,1.32571432739496,23.2316964624492));
#3394=CARTESIAN_POINT('',(2.47122177032041,1.32571432739496,22.3844930594226));
#3395=CARTESIAN_POINT('',(2.70194490319763,1.18857178837061,21.8931045400854));
#3396=CARTESIAN_POINT('Ctrl Pts',(2.47122177032041,1.32571432739496,22.3844930594226));
#3397=CARTESIAN_POINT('Ctrl Pts',(2.51129767115396,1.32571432739496,22.2981584997217));
#3398=CARTESIAN_POINT('Ctrl Pts',(2.55100413883147,1.31474240814344,22.2129979088242));
#3399=CARTESIAN_POINT('Ctrl Pts',(2.59021504816747,1.29142870215766,22.1294585346195));
#3400=CARTESIAN_POINT('Ctrl Pts',(2.62909455167762,1.2683120407729,22.046625225022));
#3401=CARTESIAN_POINT('Ctrl Pts',(2.66630641715011,1.2337639476746,21.9679036113063));
#3402=CARTESIAN_POINT('Ctrl Pts',(2.70194490319763,1.18857178837061,21.8931045400854));
#3403=CARTESIAN_POINT('',(2.29417819972009,1.32571432739496,22.3019362866252));
#3404=CARTESIAN_POINT('',(2.47543975712765,1.32571432739496,22.3864599389728));
#3405=CARTESIAN_POINT('',(2.52359950294193,1.18857178837061,21.80994071415));
#3406=CARTESIAN_POINT('Ctrl Pts',(2.29417819972009,1.32571432739496,22.3019362866252));
#3407=CARTESIAN_POINT('Ctrl Pts',(2.41734123369498,1.32571432739496,22.0378123079132));
#3408=CARTESIAN_POINT('Ctrl Pts',(2.52359950294193,1.18857178837061,21.8099407141501));
#3409=CARTESIAN_POINT('',(2.70486106034949,1.18857178837061,21.8944643664977));
#3410=CARTESIAN_POINT('Ctrl Pts',(2.41338562126848,0.777142979204655,21.3108907032902));
#3411=CARTESIAN_POINT('Ctrl Pts',(4.68893899619417,0.777142979204655,22.3719986685508));
#3412=CARTESIAN_POINT('Ctrl Pts',(2.34818152874642,1.05142865329981,21.4507213309503));
#3413=CARTESIAN_POINT('Ctrl Pts',(4.62373490367211,1.05142865329981,22.5118292962109));
#3414=CARTESIAN_POINT('Ctrl Pts',(2.24192325949947,1.18857178837061,21.6785929247135));
#3415=CARTESIAN_POINT('Ctrl Pts',(4.51747663442516,1.18857178837061,22.739700889974));
#3416=CARTESIAN_POINT('',(2.87865134949823,0.777142979204655,21.5278476754392));
#3417=CARTESIAN_POINT('Ctrl Pts',(2.70194490319763,1.18857178837061,21.8931045400854));
#3418=CARTESIAN_POINT('Ctrl Pts',(2.73815263068344,1.1426575904983,21.8171107286943));
#3419=CARTESIAN_POINT('Ctrl Pts',(2.77093997533865,1.08541433525599,21.7489360621837));
#3420=CARTESIAN_POINT('Ctrl Pts',(2.80029703404288,1.01714395852307,21.6883434869653));
#3421=CARTESIAN_POINT('Ctrl Pts',(2.83102996012704,0.945673977044019,21.6249111399376));
#3422=CARTESIAN_POINT('Ctrl Pts',(2.85691999981122,0.864622365360218,21.5720083866086));
#3423=CARTESIAN_POINT('Ctrl Pts',(2.87865134949823,0.777142979204655,21.5278476754392));
#3424=CARTESIAN_POINT('',(2.69506186471094,0.777142979204655,21.4422384927268));
#3425=CARTESIAN_POINT('Ctrl Pts',(2.52359950294193,1.18857178837061,21.8099407141501));
#3426=CARTESIAN_POINT('Ctrl Pts',(2.62985777218888,1.05142865329981,21.5820691203869));
#3427=CARTESIAN_POINT('Ctrl Pts',(2.69506186471094,0.777142979204655,21.4422384927268));
#3428=CARTESIAN_POINT('',(2.87632342211851,0.777142979204655,21.5267621450744));
#3429=CARTESIAN_POINT('Ctrl Pts',(2.65470195432802,0.10285709053278,21.2594882492087));
#3430=CARTESIAN_POINT('Ctrl Pts',(4.75172787042642,0.10285709053278,22.2373474932277));
#3431=CARTESIAN_POINT('Ctrl Pts',(2.65470195432802,0.508571602404118,21.2594882492087));
#3432=CARTESIAN_POINT('Ctrl Pts',(4.75172787042642,0.508571602404118,22.2373474932277));
#3433=CARTESIAN_POINT('Ctrl Pts',(2.59191308009577,0.777142979204655,21.3941394245317));
#3434=CARTESIAN_POINT('Ctrl Pts',(4.68893899619417,0.777142979204655,22.3719986685508));
#3435=CARTESIAN_POINT('',(2.94464678599171,0.10285709053278,21.3946917446549));
#3436=CARTESIAN_POINT('Ctrl Pts',(2.87865134949823,0.777142979204655,21.5278476754392));
#3437=CARTESIAN_POINT('Ctrl Pts',(2.90178747933792,0.68244112145894,21.4808322823714));
#3438=CARTESIAN_POINT('Ctrl Pts',(2.91770023841511,0.579968900747428,21.448802416305));
#3439=CARTESIAN_POINT('Ctrl Pts',(2.92807413009101,0.474288130894795,21.4279468774994));
#3440=CARTESIAN_POINT('Ctrl Pts',(2.93997618567281,0.353039670238837,21.4040191375723));
#3441=CARTESIAN_POINT('Ctrl Pts',(2.94464678599171,0.226969961570973,21.3946917446549));
#3442=CARTESIAN_POINT('Ctrl Pts',(2.94464678599171,0.10285709053278,21.3946917446549));
#3443=CARTESIAN_POINT('',(2.75785073894318,0.10285709053278,21.3075873174038));
#3444=CARTESIAN_POINT('Ctrl Pts',(2.69506186471094,0.777142979204655,21.4422384927268));
#3445=CARTESIAN_POINT('Ctrl Pts',(2.75785073894318,0.508571602404118,21.3075873174038));
#3446=CARTESIAN_POINT('Ctrl Pts',(2.75785073894318,0.10285709053278,21.3075873174038));
#3447=CARTESIAN_POINT('',(2.93911229635075,0.10285709053278,21.3921109697514));
#3448=CARTESIAN_POINT('Origin',(2.93911229635075,-0.845714472234249,21.3921109697514));
#3449=CARTESIAN_POINT('',(2.94464678599171,-0.845714472234249,21.3946917446549));
#3450=CARTESIAN_POINT('Ctrl Pts',(2.94464678599171,0.10285709053278,21.3946917446549));
#3451=CARTESIAN_POINT('Ctrl Pts',(2.94464678599171,-0.213333430389564,21.3946917446549));
#3452=CARTESIAN_POINT('Ctrl Pts',(2.94464678599171,-0.529523951311906,21.3946917446549));
#3453=CARTESIAN_POINT('Ctrl Pts',(2.94464678599171,-0.845714472234249,21.3946917446549));
#3454=CARTESIAN_POINT('',(2.75785073894318,-0.845714472234249,21.3075873174038));
#3455=CARTESIAN_POINT('',(2.75785073894318,0.10285709053278,21.3075873174038));
#3456=CARTESIAN_POINT('',(2.93911229635075,-0.845714472234249,21.3921109697514));
#3457=CARTESIAN_POINT('Origin',(3.6346213570855,-0.845714472234249,19.9005869757177));
#3458=CARTESIAN_POINT('',(3.74764418215741,-0.845714472234249,19.9532903845947));
#3459=CARTESIAN_POINT('Ctrl Pts',(2.94464678599171,-0.845714472234249,21.3946917446549));
#3460=CARTESIAN_POINT('Ctrl Pts',(3.19353837686948,-0.845714472234249,20.8962002515829));
#3461=CARTESIAN_POINT('Ctrl Pts',(3.45188839259947,-0.845714472234249,20.4212259678202));
#3462=CARTESIAN_POINT('Ctrl Pts',(3.74764418215742,-0.845714472234249,19.9532903845947));
#3463=CARTESIAN_POINT('',(3.45335979967794,-0.845714472234249,19.8160633233701));
#3464=CARTESIAN_POINT('',(2.75785073894318,-0.845714472234249,21.3075873174038));
#3465=CARTESIAN_POINT('',(3.6346213570855,-0.845714472234249,19.9005869757177));
#3466=CARTESIAN_POINT('Origin',(3.6346213570855,-1.32571440190077,19.9005869757177));
#3467=CARTESIAN_POINT('',(3.74764418215742,-1.32571440190077,19.9532903845947));
#3468=CARTESIAN_POINT('Ctrl Pts',(3.74764418215741,-0.845714472234249,19.9532903845947));
#3469=CARTESIAN_POINT('Ctrl Pts',(3.74764418215741,-1.00571444878976,19.9532903845947));
#3470=CARTESIAN_POINT('Ctrl Pts',(3.74764418215742,-1.16571442534526,19.9532903845947));
#3471=CARTESIAN_POINT('Ctrl Pts',(3.74764418215742,-1.32571440190077,19.9532903845947));
#3472=CARTESIAN_POINT('',(3.45335979967794,-1.32571440190077,19.8160633233701));
#3473=CARTESIAN_POINT('',(3.45335979967794,-0.845714472234249,19.8160633233701));
#3474=CARTESIAN_POINT('',(3.6346213570855,-1.32571440190077,19.9005869757177));
#3475=CARTESIAN_POINT('Origin',(2.60812320063158,-3.72529032621749E-8,21.6286790595062));
#3476=CARTESIAN_POINT('',(2.22172933397896,1.32571432739496,22.4573033805912));
#3477=CARTESIAN_POINT('',(2.22172933397896,1.32571432739496,22.4573033805913));
#3478=CARTESIAN_POINT('',(1.99472287119677,1.18857178837061,22.9441203110316));
#3479=CARTESIAN_POINT('Ctrl Pts',(1.99472287119677,1.18857178837061,22.9441203110316));
#3480=CARTESIAN_POINT('Ctrl Pts',(2.09856630000407,1.32571432739496,22.7214273593033));
#3481=CARTESIAN_POINT('Ctrl Pts',(2.22172933397896,1.32571432739496,22.4573033805913));
#3482=CARTESIAN_POINT('',(1.82809056815723,0.782857276499272,23.301464438083));
#3483=CARTESIAN_POINT('Ctrl Pts',(1.82809056815723,0.782857276499271,23.301464438083));
#3484=CARTESIAN_POINT('Ctrl Pts',(1.89087956833953,1.05714295059443,23.1668129926592));
#3485=CARTESIAN_POINT('Ctrl Pts',(1.99472287119677,1.18857178837061,22.9441203110316));
#3486=CARTESIAN_POINT('',(1.76288660158523,0.102857090532779,23.4412947956423));
#3487=CARTESIAN_POINT('Ctrl Pts',(1.76288660158522,0.10285709053278,23.4412947956423));
#3488=CARTESIAN_POINT('Ctrl Pts',(1.76288660158522,0.514285899698734,23.4412947956423));
#3489=CARTESIAN_POINT('Ctrl Pts',(1.82809056815723,0.782857276499271,23.301464438083));
#3490=CARTESIAN_POINT('',(1.76288660158523,-1.32571440190077,23.4412947956423));
#3491=CARTESIAN_POINT('',(1.76288660158523,-1.32571440190077,23.4412947956423));
#3492=CARTESIAN_POINT('',(3.45335979967794,-1.32571440190077,19.8160633233701));
#3493=CARTESIAN_POINT('',(2.23621925826726,0.845714546740055,22.4262296376771));
#3494=CARTESIAN_POINT('Ctrl Pts',(2.23621925826726,0.845714546740055,22.4262296376771));
#3495=CARTESIAN_POINT('Ctrl Pts',(2.10822616556289,0.845714546740055,22.700711710761));
#3496=CARTESIAN_POINT('Ctrl Pts',(2.03094736704236,0.645714141428471,22.8664366289982));
#3497=CARTESIAN_POINT('',(2.27968840138185,0.845714546740055,22.3330097594386));
#3498=CARTESIAN_POINT('',(2.27968840138185,0.845714546740055,22.3330097594386));
#3499=CARTESIAN_POINT('',(2.56948386434634,0.0457141175866127,21.7115413835744));
#3500=CARTESIAN_POINT('Ctrl Pts',(2.56948386434634,0.0457141175866127,21.7115413835744));
#3501=CARTESIAN_POINT('Ctrl Pts',(2.56948386434634,0.845714546740055,21.7115413835744));
#3502=CARTESIAN_POINT('Ctrl Pts',(2.27968840138185,0.845714546740055,22.3330097594386));
#3503=CARTESIAN_POINT('',(2.56948386434634,-0.845714472234249,21.7115413835744));
#3504=CARTESIAN_POINT('Origin',(2.75074542175391,0.0457141175866127,21.796065035922));
#3505=CARTESIAN_POINT('',(2.74878870217478,0.0457141175866127,21.7951526025974));
#3506=CARTESIAN_POINT('Ctrl Pts',(2.74878870217478,-0.845714472234249,21.7951526025974));
#3507=CARTESIAN_POINT('Ctrl Pts',(2.74878870217478,-0.548571608960628,21.7951526025974));
#3508=CARTESIAN_POINT('Ctrl Pts',(2.74878870217477,-0.251428745687008,21.7951526025974));
#3509=CARTESIAN_POINT('Ctrl Pts',(2.74878870217478,0.0457141175866127,21.7951526025974));
#3510=CARTESIAN_POINT('',(2.75074542175391,0.0457141175866127,21.796065035922));
#3511=CARTESIAN_POINT('Ctrl Pts',(1.80361600547917,0.845714546740055,22.1110135553946));
#3512=CARTESIAN_POINT('Ctrl Pts',(4.27356553286509,0.845714546740055,23.2627699352625));
#3513=CARTESIAN_POINT('Ctrl Pts',(2.09341146844366,0.845714546740055,21.4895451795304));
#3514=CARTESIAN_POINT('Ctrl Pts',(4.56336099582958,0.845714546740055,22.6413015593984));
#3515=CARTESIAN_POINT('Ctrl Pts',(2.09341146844366,0.0457141175866127,21.4895451795304));
#3516=CARTESIAN_POINT('Ctrl Pts',(4.56336099582958,0.0457141175866127,22.6413015593984));
#3517=CARTESIAN_POINT('',(2.45679203200008,0.845714546740055,22.4155945386823));
#3518=CARTESIAN_POINT('Ctrl Pts',(2.74878870217478,0.0457141175866127,21.7951526025974));
#3519=CARTESIAN_POINT('Ctrl Pts',(2.74878870217478,0.115340771754009,21.7951526025974));
#3520=CARTESIAN_POINT('Ctrl Pts',(2.74709858720313,0.187228178105349,21.7986579012266));
#3521=CARTESIAN_POINT('Ctrl Pts',(2.74273103040935,0.257935876381661,21.8077650604735));
#3522=CARTESIAN_POINT('Ctrl Pts',(2.7393847649342,0.312109580523744,21.8147426394732));
#3523=CARTESIAN_POINT('Ctrl Pts',(2.7344653847557,0.365586822356508,21.8250116327644));
#3524=CARTESIAN_POINT('Ctrl Pts',(2.7275330703305,0.416831938242683,21.8395058964416));
#3525=CARTESIAN_POINT('Ctrl Pts',(2.72635603845179,0.425532803686213,21.8419668653706));
#3526=CARTESIAN_POINT('Ctrl Pts',(2.72512101053106,0.434169413221492,21.8445495699648));
#3527=CARTESIAN_POINT('Ctrl Pts',(2.72382588198771,0.442734383292617,21.8472584777951));
#3528=CARTESIAN_POINT('Ctrl Pts',(2.71218404522379,0.519724411786513,21.871608696104));
#3529=CARTESIAN_POINT('Ctrl Pts',(2.69559325341665,0.591563594294807,21.9063591562882));
#3530=CARTESIAN_POINT('Ctrl Pts',(2.67237908277234,0.652597216005727,21.955296144932));
#3531=CARTESIAN_POINT('Ctrl Pts',(2.65261361614469,0.704563664929359,21.9969630401538));
#3532=CARTESIAN_POINT('Ctrl Pts',(2.62929042187426,0.745449858401504,22.0463097805257));
#3533=CARTESIAN_POINT('Ctrl Pts',(2.60273674027491,0.775962823700461,22.1028002375184));
#3534=CARTESIAN_POINT('Ctrl Pts',(2.58147467154601,0.800395170788819,22.1480332864503));
#3535=CARTESIAN_POINT('Ctrl Pts',(2.55894088307237,0.817258017484425,22.1961483333205));
#3536=CARTESIAN_POINT('Ctrl Pts',(2.5358811330785,0.828276603160818,22.2455576414979));
#3537=CARTESIAN_POINT('Ctrl Pts',(2.5098844572869,0.840698533129158,22.3012597963834));
#3538=CARTESIAN_POINT('Ctrl Pts',(2.48316839246735,0.845714546740055,22.3587153471103));
#3539=CARTESIAN_POINT('Ctrl Pts',(2.45679203200008,0.845714546740055,22.4155945386823));
#3540=CARTESIAN_POINT('',(2.46094995878942,0.845714546740055,22.4175334117862));
#3541=CARTESIAN_POINT('Origin',(2.41748081567482,0.845714546740055,22.5107532900247));
#3542=CARTESIAN_POINT('',(2.41356868066774,0.845714546740055,22.5089290315112));
#3543=CARTESIAN_POINT('Ctrl Pts',(2.45679203200008,0.845714546740055,22.4155945386823));
#3544=CARTESIAN_POINT('Ctrl Pts',(2.44247294859662,0.845714546740055,22.4464728658515));
#3545=CARTESIAN_POINT('Ctrl Pts',(2.42806867183594,0.845714546740055,22.4775795430405));
#3546=CARTESIAN_POINT('Ctrl Pts',(2.41356868066774,0.845714546740055,22.5089290315112));
#3547=CARTESIAN_POINT('',(2.41748081567482,0.845714546740055,22.5107532900248));
#3548=CARTESIAN_POINT('Ctrl Pts',(1.6937292475203,0.645714141428471,22.7091892373976));
#3549=CARTESIAN_POINT('Ctrl Pts',(4.0248244985256,0.645714141428471,23.7961968048222));
#3550=CARTESIAN_POINT('Ctrl Pts',(1.77100804604084,0.845714546740055,22.5434643191604));
#3551=CARTESIAN_POINT('Ctrl Pts',(4.10210329704613,0.845714546740055,23.630471886585));
#3552=CARTESIAN_POINT('Ctrl Pts',(1.8990011387452,0.845714546740055,22.2689822460765));
#3553=CARTESIAN_POINT('Ctrl Pts',(4.23009638975049,0.845714546740055,23.3559898135011));
#3554=CARTESIAN_POINT('Ctrl Pts',(2.41356868066774,0.845714546740055,22.5089290315112));
#3555=CARTESIAN_POINT('Ctrl Pts',(2.37425989700237,0.845714546740055,22.5939159977803));
#3556=CARTESIAN_POINT('Ctrl Pts',(2.33548011316787,0.831375828029093,22.6780211917814));
#3557=CARTESIAN_POINT('Ctrl Pts',(2.29923938215591,0.795714531436416,22.7566810013027));
#3558=CARTESIAN_POINT('Ctrl Pts',(2.28237449450809,0.77911928780812,22.7932859155231));
#3559=CARTESIAN_POINT('Ctrl Pts',(2.26647946806535,0.758321405090893,22.8278001161287));
#3560=CARTESIAN_POINT('Ctrl Pts',(2.2515762888982,0.733214387493324,22.8601618191758));
#3561=CARTESIAN_POINT('Ctrl Pts',(2.23644229020904,0.707718513951932,22.8930247382886));
#3562=CARTESIAN_POINT('Ctrl Pts',(2.22268778835933,0.67837981088233,22.922893495021));
#3563=CARTESIAN_POINT('Ctrl Pts',(2.21019381852028,0.645714141428471,22.9500206220189));
#3564=CARTESIAN_POINT('Origin',(1.94414815899279,-1.32571440190077,23.52581844799));
#3565=CARTESIAN_POINT('',(1.944066280575,-1.32571440190077,23.5257802674567));
#3566=CARTESIAN_POINT('Ctrl Pts',(3.74764418215742,-1.32571440190077,19.9532903845947));
#3567=CARTESIAN_POINT('Ctrl Pts',(3.0893609273474,-1.32571440190077,20.9948056131808));
#3568=CARTESIAN_POINT('Ctrl Pts',(2.60691860619195,-1.32571440190077,22.099654336056));
#3569=CARTESIAN_POINT('Ctrl Pts',(1.944066280575,-1.32571440190077,23.5257802674567));
#3570=CARTESIAN_POINT('',(1.94414815899279,-1.32571440190077,23.52581844799));
#3571=CARTESIAN_POINT('Origin',(1.94414815899279,0.102857090532779,23.52581844799));
#3572=CARTESIAN_POINT('',(1.944066280575,0.102857090532779,23.5257802674567));
#3573=CARTESIAN_POINT('Ctrl Pts',(1.944066280575,-1.32571440190077,23.5257802674567));
#3574=CARTESIAN_POINT('Ctrl Pts',(1.944066280575,-0.849523904422919,23.5257802674567));
#3575=CARTESIAN_POINT('Ctrl Pts',(1.944066280575,-0.37333340694507,23.5257802674567));
#3576=CARTESIAN_POINT('Ctrl Pts',(1.944066280575,0.102857090532779,23.5257802674567));
#3577=CARTESIAN_POINT('',(1.94414815899279,0.102857090532779,23.52581844799));
#3578=CARTESIAN_POINT('Ctrl Pts',(1.72097429977004,0.782857276499271,23.2515153018214));
#3579=CARTESIAN_POINT('Ctrl Pts',(3.82196769964046,0.782857276499271,24.2312246139069));
#3580=CARTESIAN_POINT('Ctrl Pts',(1.65577033319804,0.514285899698734,23.3913456593808));
#3581=CARTESIAN_POINT('Ctrl Pts',(3.75676373306846,0.514285899698734,24.3710549714663));
#3582=CARTESIAN_POINT('Ctrl Pts',(1.65577033319804,0.10285709053278,23.3913456593808));
#3583=CARTESIAN_POINT('Ctrl Pts',(3.75676373306846,0.10285709053278,24.3710549714663));
#3584=CARTESIAN_POINT('',(2.00900858754835,0.782857276499271,23.3858278960227));
#3585=CARTESIAN_POINT('Ctrl Pts',(1.944066280575,0.10285709053278,23.5257802674567));
#3586=CARTESIAN_POINT('Ctrl Pts',(1.944066280575,0.213688322470013,23.5257802674567));
#3587=CARTESIAN_POINT('Ctrl Pts',(1.94760695977257,0.326149221019133,23.5181674892775));
#3588=CARTESIAN_POINT('Ctrl Pts',(1.956489159843,0.435255328880824,23.4990440960281));
#3589=CARTESIAN_POINT('Ctrl Pts',(1.95766973690298,0.449757160299147,23.4965023114251));
#3590=CARTESIAN_POINT('Ctrl Pts',(1.95894465841109,0.464199770480854,23.4937572207197));
#3591=CARTESIAN_POINT('Ctrl Pts',(1.96031811381806,0.478571541072674,23.4907997552624));
#3592=CARTESIAN_POINT('Ctrl Pts',(1.97049889943316,0.58510278669026,23.4688774404698));
#3593=CARTESIAN_POINT('Ctrl Pts',(1.98613049657438,0.688121646817339,23.4352083747434));
#3594=CARTESIAN_POINT('Ctrl Pts',(2.00900858754835,0.782857276499271,23.3858278960227));
#3595=CARTESIAN_POINT('',(2.0093521255648,0.782857276499271,23.3859880904306));
#3596=CARTESIAN_POINT('Ctrl Pts',(1.72098138838916,1.18857178837061,22.8164725612447));
#3597=CARTESIAN_POINT('Ctrl Pts',(3.98860000268001,1.18857178837061,23.8738804868556));
#3598=CARTESIAN_POINT('Ctrl Pts',(1.61713808553192,1.05714295059443,23.0391652428722));
#3599=CARTESIAN_POINT('Ctrl Pts',(3.88475669982276,1.05714295059443,24.0965731684831));
#3600=CARTESIAN_POINT('Ctrl Pts',(1.55434908534962,0.782857276499271,23.173816688296));
#3601=CARTESIAN_POINT('Ctrl Pts',(3.82196769964046,0.782857276499271,24.2312246139069));
#3602=CARTESIAN_POINT('',(2.17433031856596,1.18857178837061,23.0278726392009));
#3603=CARTESIAN_POINT('Ctrl Pts',(2.00900858754835,0.782857276499271,23.3858278960227));
#3604=CARTESIAN_POINT('Ctrl Pts',(2.02879696391132,0.869760837615769,23.3431163123061));
#3605=CARTESIAN_POINT('Ctrl Pts',(2.05269374598837,0.950545844107929,23.2914793289214));
#3606=CARTESIAN_POINT('Ctrl Pts',(2.08158082201254,1.02142870598806,23.2289421927758));
#3607=CARTESIAN_POINT('Ctrl Pts',(2.10893059626569,1.08853934983503,23.1697331349054));
#3608=CARTESIAN_POINT('Ctrl Pts',(2.13979697922496,1.14443396221318,23.1028183977078));
#3609=CARTESIAN_POINT('Ctrl Pts',(2.17433031856596,1.18857178837061,23.0278726392009));
#3610=CARTESIAN_POINT('',(2.17598442860434,1.18857178837061,23.0286439633792));
#3611=CARTESIAN_POINT('Ctrl Pts',(1.84880592960064,1.32571432739496,22.2834063412257));
#3612=CARTESIAN_POINT('Ctrl Pts',(4.2156064654622,1.32571432739496,23.3870635564152));
#3613=CARTESIAN_POINT('Ctrl Pts',(1.72564289562575,1.32571432739496,22.5475303199377));
#3614=CARTESIAN_POINT('Ctrl Pts',(4.09244343148731,1.32571432739496,23.6511875351272));
#3615=CARTESIAN_POINT('Ctrl Pts',(1.62179946681844,1.18857178837061,22.770223271666));
#3616=CARTESIAN_POINT('Ctrl Pts',(3.98860000268001,1.18857178837061,23.8738804868556));
#3617=CARTESIAN_POINT('',(2.39917972986751,1.32571432739496,22.5400498591361));
#3618=CARTESIAN_POINT('Ctrl Pts',(2.17433031856596,1.18857178837061,23.0278726392009));
#3619=CARTESIAN_POINT('Ctrl Pts',(2.20834817683448,1.23394090490193,22.9540456001898));
#3620=CARTESIAN_POINT('Ctrl Pts',(2.24416900184218,1.26839965652304,22.876234625381));
#3621=CARTESIAN_POINT('Ctrl Pts',(2.28190491438053,1.29142861561622,22.7943099153744));
#3622=CARTESIAN_POINT('Ctrl Pts',(2.32029139630387,1.314854595339,22.7109728184765));
#3623=CARTESIAN_POINT('Ctrl Pts',(2.35945060948883,1.32571432739496,22.6260076496232));
#3624=CARTESIAN_POINT('Ctrl Pts',(2.39917972986751,1.32571432739496,22.5400498591361));
#3625=CARTESIAN_POINT('',(2.40299089138653,1.32571432739496,22.5418270329389));
#3626=CARTESIAN_POINT('Origin',(2.47543975712765,1.32571432739496,22.3864599389728));
#3627=CARTESIAN_POINT('Ctrl Pts',(2.39917972986751,1.32571432739496,22.5400498591361));
#3628=CARTESIAN_POINT('Ctrl Pts',(2.42345200145892,1.32571432739496,22.4875344544099));
#3629=CARTESIAN_POINT('Ctrl Pts',(2.4474498771048,1.32571432739496,22.4357042834087));
#3630=CARTESIAN_POINT('Ctrl Pts',(2.47122177032041,1.32571432739496,22.3844930594226));
#3631=CARTESIAN_POINT('Ctrl Pts',(1.88333201196305,-5.5,23.6562390960885));
#3632=CARTESIAN_POINT('Ctrl Pts',(1.88333201196305,5.5,23.6562390960885));
#3633=CARTESIAN_POINT('Ctrl Pts',(2.0029846568212,-5.5,23.3996431711319));
#3634=CARTESIAN_POINT('Ctrl Pts',(2.0029846568212,5.5,23.3996431711319));
#3635=CARTESIAN_POINT('Ctrl Pts',(2.24291268932482,-5.5,22.8809321055372));
#3636=CARTESIAN_POINT('Ctrl Pts',(2.24291268932482,5.5,22.8809321055372));
#3637=CARTESIAN_POINT('Ctrl Pts',(2.6047865651449,-5.5,22.0863477182554));
#3638=CARTESIAN_POINT('Ctrl Pts',(2.6047865651449,5.5,22.0863477182554));
#3639=CARTESIAN_POINT('Ctrl Pts',(3.10817861889934,-5.5,21.0086140546413));
#3640=CARTESIAN_POINT('Ctrl Pts',(3.10817861889934,5.5,21.0086140546413));
#3641=CARTESIAN_POINT('Ctrl Pts',(3.85173916447228,-5.5,19.7048475202683));
#3642=CARTESIAN_POINT('Ctrl Pts',(3.85173916447228,5.5,19.7048475202683));
#3643=CARTESIAN_POINT('Ctrl Pts',(4.75274287796798,-5.5,18.5118124588291));
#3644=CARTESIAN_POINT('Ctrl Pts',(4.75274287796798,5.5,18.5118124588291));
#3645=CARTESIAN_POINT('Ctrl Pts',(5.79261414339992,-5.5,17.4626241247211));
#3646=CARTESIAN_POINT('Ctrl Pts',(5.79261414339992,5.5,17.4626241247211));
#3647=CARTESIAN_POINT('Ctrl Pts',(6.74701852394244,-5.5,16.4884599490345));
#3648=CARTESIAN_POINT('Ctrl Pts',(6.74701852394244,5.5,16.4884599490345));
#3649=CARTESIAN_POINT('Ctrl Pts',(7.24676846182774,-5.5,15.5394915860456));
#3650=CARTESIAN_POINT('Ctrl Pts',(7.24676846182774,5.5,15.5394915860456));
#3651=CARTESIAN_POINT('Ctrl Pts',(7.42501547429642,-5.5,14.7114824288051));
#3652=CARTESIAN_POINT('Ctrl Pts',(7.42501547429642,5.5,14.7114824288051));
#3653=CARTESIAN_POINT('Ctrl Pts',(7.47987949061797,-5.5,14.0622756412409));
#3654=CARTESIAN_POINT('Ctrl Pts',(7.47987949061797,5.5,14.0622756412409));
#3655=CARTESIAN_POINT('Ctrl Pts',(7.49612130176645,-5.5,13.6511570921822));
#3656=CARTESIAN_POINT('Ctrl Pts',(7.49612130176645,5.5,13.6511570921822));
#3657=CARTESIAN_POINT('Ctrl Pts',(7.5,-5.5,13.5128048801059));
#3658=CARTESIAN_POINT('Ctrl Pts',(7.5,5.5,13.5128048801059));
#3659=CARTESIAN_POINT('',(4.47125603627183,-3.1,18.929299137437));
#3660=CARTESIAN_POINT('',(1.88333201196305,-3.08129130849247,23.6562390960885));
#3661=CARTESIAN_POINT('Ctrl Pts',(4.47125603627183,-3.1,18.929299137437));
#3662=CARTESIAN_POINT('Ctrl Pts',(3.86829267969238,-3.1,19.6932758986308));
#3663=CARTESIAN_POINT('Ctrl Pts',(3.005354231259,-3.09852501337222,21.1571620315884));
#3664=CARTESIAN_POINT('Ctrl Pts',(2.23522947521293,-3.08829747510705,22.9015925508365));
#3665=CARTESIAN_POINT('Ctrl Pts',(1.88333201196317,-3.08129130849247,23.6562390960882));
#3666=CARTESIAN_POINT('',(7.49999999999992,-2.4113137767121,13.5128048801087));
#3667=CARTESIAN_POINT('Ctrl Pts',(7.49999999999984,-2.4113137767121,13.5128048801116));
#3668=CARTESIAN_POINT('Ctrl Pts',(7.49210174332679,-2.47980649177055,13.7945337531642));
#3669=CARTESIAN_POINT('Ctrl Pts',(7.46426541152514,-2.62401494320448,14.3772053919653));
#3670=CARTESIAN_POINT('Ctrl Pts',(7.29178922549081,-2.78680668535617,15.2993713976537));
#3671=CARTESIAN_POINT('Ctrl Pts',(6.91448869915641,-2.88359941061911,16.0963255743777));
#3672=CARTESIAN_POINT('Ctrl Pts',(6.4706774496848,-2.9583753108589,16.7290572112035));
#3673=CARTESIAN_POINT('Ctrl Pts',(5.75136235674203,-3.0455215937522,17.5076796745614));
#3674=CARTESIAN_POINT('Ctrl Pts',(5.07304423621112,-3.09098526539052,18.1978733972677));
#3675=CARTESIAN_POINT('Ctrl Pts',(4.61621884926684,-3.1,18.7456259188956));
#3676=CARTESIAN_POINT('Ctrl Pts',(4.47125603627183,-3.1,18.929299137437));
#3677=CARTESIAN_POINT('',(7.5,2.41131377671078,13.512804880106));
#3678=CARTESIAN_POINT('',(7.5,0.,13.5128048801059));
#3679=CARTESIAN_POINT('',(4.47125603627183,3.1,18.929299137437));
#3680=CARTESIAN_POINT('Ctrl Pts',(4.47125603627183,3.1,18.929299137437));
#3681=CARTESIAN_POINT('Ctrl Pts',(4.616133161303,3.1,18.7457344886991));
#3682=CARTESIAN_POINT('Ctrl Pts',(4.91794932889823,3.09439456447151,18.3857423708507));
#3683=CARTESIAN_POINT('Ctrl Pts',(5.41447803606172,3.06787635630816,17.849761413616));
#3684=CARTESIAN_POINT('Ctrl Pts',(5.96017049788381,3.020546836862,17.2863424920863));
#3685=CARTESIAN_POINT('Ctrl Pts',(6.47239330889882,2.95791195317706,16.7273480639366));
#3686=CARTESIAN_POINT('Ctrl Pts',(6.91597006955295,2.88308586069914,16.0946005367657));
#3687=CARTESIAN_POINT('Ctrl Pts',(7.291993329459,2.78637726872726,15.3034020136145));
#3688=CARTESIAN_POINT('Ctrl Pts',(7.4648447240864,2.62360203175309,14.3682602832217));
#3689=CARTESIAN_POINT('Ctrl Pts',(7.49210641201083,2.479766005515,13.7943672223567));
#3690=CARTESIAN_POINT('Ctrl Pts',(7.5,2.41131377671076,13.5128048801061));
#3691=CARTESIAN_POINT('',(1.88333201196305,3.08129130849247,23.6562390960885));
#3692=CARTESIAN_POINT('Ctrl Pts',(1.88333201196305,3.08129130849247,23.6562390960885));
#3693=CARTESIAN_POINT('Ctrl Pts',(2.35252862962941,3.09063286397857,22.6500437024195));
#3694=CARTESIAN_POINT('Ctrl Pts',(3.10594415386526,3.09884766806595,20.9253848275394));
#3695=CARTESIAN_POINT('Ctrl Pts',(4.01903351883722,3.1,19.5022817083324));
#3696=CARTESIAN_POINT('Ctrl Pts',(4.47125603627183,3.1,18.929299137437));
#3697=CARTESIAN_POINT('',(1.88333201196305,0.,23.6562390960885));
#3698=CARTESIAN_POINT('Ctrl Pts',(-0.346480818142594,-4.50652477287799,
32.5554299438803));
#3699=CARTESIAN_POINT('Ctrl Pts',(-1.32509973191572,-4.50763946348357,32.1001038232055));
#3700=CARTESIAN_POINT('Ctrl Pts',(-2.30371846455622,-4.50894917518975,31.6449133897525));
#3701=CARTESIAN_POINT('Ctrl Pts',(-3.28233686190736,-4.51051888744251,31.1899243397599));
#3702=CARTESIAN_POINT('Ctrl Pts',(0.0967102017272486,-4.50885151138299,
31.6050094307791));
#3703=CARTESIAN_POINT('Ctrl Pts',(-0.88183317993719,-4.51024893945553,31.1495256770486));
#3704=CARTESIAN_POINT('Ctrl Pts',(-1.86037137462621,-4.51185266576721,30.6941572555667));
#3705=CARTESIAN_POINT('Ctrl Pts',(-2.83888893810949,-4.51379971959378,30.2389585171554));
#3706=CARTESIAN_POINT('Ctrl Pts',(0.864248729587264,-3.63231581285376,29.9568718860174));
#3707=CARTESIAN_POINT('Ctrl Pts',(-0.114173872248309,-3.63386986710658,
29.5008725319612));
#3708=CARTESIAN_POINT('Ctrl Pts',(-1.0925677559813,-3.63568448882805,29.0449166476101));
#3709=CARTESIAN_POINT('Ctrl Pts',(-2.0709240979038,-3.63784106084821,28.5890305451856));
#3710=CARTESIAN_POINT('Ctrl Pts',(1.13342059178956,-1.79304237382173,29.3751282122248));
#3711=CARTESIAN_POINT('Ctrl Pts',(0.154889529168746,-1.79428847652441,28.9188291491556));
#3712=CARTESIAN_POINT('Ctrl Pts',(-0.823631883165874,-1.79575423511851,
28.4625430437442));
#3713=CARTESIAN_POINT('Ctrl Pts',(-1.80213303494774,-1.79750041775221,28.0062570751606));
#3714=CARTESIAN_POINT('Ctrl Pts',(1.13268309794269,-1.0065352610463,29.3747843131962));
#3715=CARTESIAN_POINT('Ctrl Pts',(0.154064184169563,-1.00765242760964,28.9184468192911));
#3716=CARTESIAN_POINT('Ctrl Pts',(-0.824554548470935,-1.00896535307883,
28.4621094098496));
#3717=CARTESIAN_POINT('Ctrl Pts',(-1.80317294582207,-1.01053971663237,28.0057721567561));
#3718=CARTESIAN_POINT('',(-0.710647442396311,-3.02302482681616,29.2190459876367));
#3719=CARTESIAN_POINT('',(-0.441068427554261,-1.00851108092538,28.6409319248282));
#3720=CARTESIAN_POINT('Ctrl Pts',(-0.44106842900933,-1.0085106833308,28.6409319241497));
#3721=CARTESIAN_POINT('Ctrl Pts',(-0.44106845342137,-1.12244890378273,28.6409319819283));
#3722=CARTESIAN_POINT('Ctrl Pts',(-0.443502910314558,-1.2361548286642,28.6461528114528));
#3723=CARTESIAN_POINT('Ctrl Pts',(-0.448274502585343,-1.34922503992255,
28.6563857402596));
#3724=CARTESIAN_POINT('Ctrl Pts',(-0.453044570350488,-1.46225912567707,
28.6666153996844));
#3725=CARTESIAN_POINT('Ctrl Pts',(-0.460150406880412,-1.57465875099725,
28.6818542301164));
#3726=CARTESIAN_POINT('Ctrl Pts',(-0.469518041234558,-1.68602375932616,
28.7019435902636));
#3727=CARTESIAN_POINT('Ctrl Pts',(-0.478900031929556,-1.79755943977549,
28.7220637383014));
#3728=CARTESIAN_POINT('Ctrl Pts',(-0.490550869376699,-1.90805817999965,
28.7470495353081));
#3729=CARTESIAN_POINT('Ctrl Pts',(-0.50441777879619,-2.01710813543868,28.7767877657923));
#3730=CARTESIAN_POINT('Ctrl Pts',(-0.518255525048844,-2.12592875051443,
28.8064634545124));
#3731=CARTESIAN_POINT('Ctrl Pts',(-0.534300147279361,-2.23330751474904,
28.8408718581142));
#3732=CARTESIAN_POINT('Ctrl Pts',(-0.552518919373599,-2.33881268801877,
28.8799426891187));
#3733=CARTESIAN_POINT('Ctrl Pts',(-0.570789863740784,-2.44461999167736,
28.9191254054934));
#3734=CARTESIAN_POINT('Ctrl Pts',(-0.591160984457297,-2.54804213176751,
28.9628119278126));
#3735=CARTESIAN_POINT('Ctrl Pts',(-0.61355891080672,-2.64868388207009,29.0108447479743));
#3736=CARTESIAN_POINT('Ctrl Pts',(-0.635896874834621,-2.74905620060046,
29.058748977687));
#3737=CARTESIAN_POINT('Ctrl Pts',(-0.6602509404964,-2.84666382877622,29.1109765539688));
#3738=CARTESIAN_POINT('Ctrl Pts',(-0.686568753472055,-2.94109723824366,
29.167414988048));
#3739=CARTESIAN_POINT('Ctrl Pts',(-0.694441432459428,-2.96934593501447,
29.184297913482));
#3740=CARTESIAN_POINT('Ctrl Pts',(-0.702489967121059,-2.99731042464981,
29.2015579252782));
#3741=CARTESIAN_POINT('Ctrl Pts',(-0.710713285845531,-3.02497926887795,
29.2191927182068));
#3742=CARTESIAN_POINT('',(-0.0785453127278294,-1.00802291399979,28.8099792295289));
#3743=CARTESIAN_POINT('Ctrl Pts',(-0.4410684280034,-1.00851068332941,28.6409319246187));
#3744=CARTESIAN_POINT('Ctrl Pts',(-0.320227393638006,-1.00834448867199,
28.6972810243624));
#3745=CARTESIAN_POINT('Ctrl Pts',(-0.199386355250785,-1.00818181569345,
28.7536301259814));
#3746=CARTESIAN_POINT('Ctrl Pts',(-0.0785453131319832,-1.00802254073342,
28.8099792293405));
#3747=CARTESIAN_POINT('',(1.13268309780303,-1.00653526118272,29.3747843133623));
#3748=CARTESIAN_POINT('Ctrl Pts',(1.13268309794269,-1.0065352610463,29.3747843131962));
#3749=CARTESIAN_POINT('Ctrl Pts',(0.72894025981233,-1.00699616364342,29.1865159358519));
#3750=CARTESIAN_POINT('Ctrl Pts',(0.325197452512371,-1.00749038616298,28.998247572884));
#3751=CARTESIAN_POINT('Ctrl Pts',(-0.0785453131319843,-1.00802254073342,
28.8099792293405));
#3752=CARTESIAN_POINT('',(-1.85365949189858,-4.508404893251,31.8542951773467));
#3753=CARTESIAN_POINT('Ctrl Pts',(1.13268309794269,-1.00653526105134,29.3747843131962));
#3754=CARTESIAN_POINT('Ctrl Pts',(1.08719976660806,-1.40233444789648,29.3535750874772));
#3755=CARTESIAN_POINT('Ctrl Pts',(0.975534500073447,-1.785909066392,29.3751231680439));
#3756=CARTESIAN_POINT('Ctrl Pts',(0.626274279517181,-2.56546583539547,29.5081253167969));
#3757=CARTESIAN_POINT('Ctrl Pts',(0.373541230976613,-2.94714171016863,29.6334692355215));
#3758=CARTESIAN_POINT('Ctrl Pts',(-0.214007087734981,-3.63851085645701,
30.0079164325252));
#3759=CARTESIAN_POINT('Ctrl Pts',(-0.557994880126067,-3.94108910171099,
30.272536049495));
#3760=CARTESIAN_POINT('Ctrl Pts',(-1.06666585263571,-4.2708575360056,30.7838771280316));
#3761=CARTESIAN_POINT('Ctrl Pts',(-1.2390314749202,-4.35997734538765,30.9798049253825));
#3762=CARTESIAN_POINT('Ctrl Pts',(-1.56397029559513,-4.47897195187229,31.4013661668484));
#3763=CARTESIAN_POINT('Ctrl Pts',(-1.71444427709938,-4.50908134851576,31.6231438243444));
#3764=CARTESIAN_POINT('Ctrl Pts',(-1.85365949189858,-4.508404893251,31.8542951773467));
#3765=CARTESIAN_POINT('',(-3.28233686190735,-4.51051888744251,31.1899243397599));
#3766=CARTESIAN_POINT('Ctrl Pts',(-1.85365931075269,-4.50840450043942,31.8542947867318));
#3767=CARTESIAN_POINT('Ctrl Pts',(-2.32988522869405,-4.50905271761871,31.6327953287348));
#3768=CARTESIAN_POINT('Ctrl Pts',(-2.80611108500055,-4.50975501723619,31.4113359894932));
#3769=CARTESIAN_POINT('Ctrl Pts',(-3.28233686190736,-4.51051888744251,31.1899243397599));
#3770=CARTESIAN_POINT('Ctrl Pts',(-0.710647442396622,-3.02302482681721,
29.2190459876373));
#3771=CARTESIAN_POINT('Ctrl Pts',(-0.770694082443781,-3.22488888008271,
29.3478164227722));
#3772=CARTESIAN_POINT('Ctrl Pts',(-0.876178261200033,-3.40996928420817,
29.4780487134281));
#3773=CARTESIAN_POINT('Ctrl Pts',(-1.18454268209115,-3.78798200295028,29.7829799377622));
#3774=CARTESIAN_POINT('Ctrl Pts',(-1.4188864109456,-3.97837788781661,29.9688250813185));
#3775=CARTESIAN_POINT('Ctrl Pts',(-1.93680181062174,-4.25849539927522,30.3365879380627));
#3776=CARTESIAN_POINT('Ctrl Pts',(-2.191470404455,-4.35225837288972,30.5041532265327));
#3777=CARTESIAN_POINT('Ctrl Pts',(-2.72032619073717,-4.47880202854539,30.8419168509534));
#3778=CARTESIAN_POINT('Ctrl Pts',(-2.99777713618685,-4.51047793335408,31.0137619446213));
#3779=CARTESIAN_POINT('Ctrl Pts',(-3.27675632124038,-4.51052757820649,31.1864696331877));
#3780=CARTESIAN_POINT('Ctrl Pts',(-3.27954659252589,-4.5105248467923,31.1881969920278));
#3781=CARTESIAN_POINT('Ctrl Pts',(-3.28233686190736,-4.51051888744251,31.1899243397599));
#3782=CARTESIAN_POINT('Ctrl Pts',(-14.888,-4.6,18.));
#3783=CARTESIAN_POINT('Ctrl Pts',(14.888,-4.6,18.));
#3784=CARTESIAN_POINT('Ctrl Pts',(-14.888,-4.6,18.9580662639172));
#3785=CARTESIAN_POINT('Ctrl Pts',(14.888,-4.6,18.9580662639172));
#3786=CARTESIAN_POINT('Ctrl Pts',(-14.888,-4.59795797111665,20.6791756475278));
#3787=CARTESIAN_POINT('Ctrl Pts',(14.888,-4.59795797111665,20.6791756475278));
#3788=CARTESIAN_POINT('Ctrl Pts',(-14.888,-4.58877518439386,22.6764494112123));
#3789=CARTESIAN_POINT('Ctrl Pts',(14.888,-4.58877518439386,22.6764494112123));
#3790=CARTESIAN_POINT('Ctrl Pts',(-14.888,-4.56670075910105,24.464180547187));
#3791=CARTESIAN_POINT('Ctrl Pts',(14.888,-4.56670075910105,24.464180547187));
#3792=CARTESIAN_POINT('Ctrl Pts',(-14.888,-4.53329924089892,26.6636709416135));
#3793=CARTESIAN_POINT('Ctrl Pts',(14.888,-4.53329924089892,26.6636709416135));
#3794=CARTESIAN_POINT('Ctrl Pts',(-14.888,-4.51122481560609,29.7824219693295));
#3795=CARTESIAN_POINT('Ctrl Pts',(14.888,-4.51122481560609,29.7824219693295));
#3796=CARTESIAN_POINT('Ctrl Pts',(-14.888,-4.50204202888328,33.6662263785777));
#3797=CARTESIAN_POINT('Ctrl Pts',(14.888,-4.50204202888328,33.6662263785777));
#3798=CARTESIAN_POINT('Ctrl Pts',(-14.888,-4.49999999999993,37.0838674721655));
#3799=CARTESIAN_POINT('Ctrl Pts',(14.888,-4.49999999999993,37.0838674721655));
#3800=CARTESIAN_POINT('Ctrl Pts',(-14.888,-4.49999999999993,39.));
#3801=CARTESIAN_POINT('Ctrl Pts',(14.888,-4.49999999999993,39.));
#3802=CARTESIAN_POINT('',(-1.79624470191861,-4.52706848283919,28.009002849946));
#3803=CARTESIAN_POINT('Ctrl Pts',(-3.28233686190736,-4.51051888744251,31.18992433976));
#3804=CARTESIAN_POINT('Ctrl Pts',(-2.78673110608964,-4.51418100031723,30.1284423675613));
#3805=CARTESIAN_POINT('Ctrl Pts',(-2.29113661494657,-4.52184746975064,29.0691260701681));
#3806=CARTESIAN_POINT('Ctrl Pts',(-1.79554694795842,-4.53136363361704,28.0093677186705));
#3807=CARTESIAN_POINT('Ctrl Pts',(-4.4123445512323,-4.50118437926186,35.9752837014247));
#3808=CARTESIAN_POINT('Ctrl Pts',(-3.93123745214317,-4.50181787717798,35.2195404674145));
#3809=CARTESIAN_POINT('Ctrl Pts',(-3.45365125388691,-4.502738401587,34.4606288752408));
#3810=CARTESIAN_POINT('Ctrl Pts',(-2.98736687119835,-4.50408420120682,33.7084329762989));
#3811=CARTESIAN_POINT('Ctrl Pts',(-2.94376524088454,-4.50421004513314,33.6380961416828));
#3812=CARTESIAN_POINT('Ctrl Pts',(-2.90026240768616,-4.50433963677928,33.5678180396415));
#3813=CARTESIAN_POINT('Ctrl Pts',(-2.85686471541275,-4.50447310963455,33.4976067600803));
#3814=CARTESIAN_POINT('Ctrl Pts',(-2.52532942205161,-4.50549277127802,32.9612299172769));
#3815=CARTESIAN_POINT('Ctrl Pts',(-2.18881441209357,-4.50676712555622,32.4107789236889));
#3816=CARTESIAN_POINT('Ctrl Pts',(-1.85366016715883,-4.50840292251207,31.8542948624682));
#3817=CARTESIAN_POINT('',(-4.79011387943143,-4.52157631598894,28.8196945628702));
#3818=CARTESIAN_POINT('Ctrl Pts',(-4.79011387943143,-4.52157631598894,28.8196945628702));
#3819=CARTESIAN_POINT('Ctrl Pts',(-4.78907493291486,-4.52059269918432,28.9801070855763));
#3820=CARTESIAN_POINT('Ctrl Pts',(-4.78802544798281,-4.51965680876056,29.1420997181356));
#3821=CARTESIAN_POINT('Ctrl Pts',(-4.78696790833176,-4.51876686179508,29.305355080675));
#3822=CARTESIAN_POINT('Ctrl Pts',(-4.78580553659519,-4.51778869591857,29.4847936663309));
#3823=CARTESIAN_POINT('Ctrl Pts',(-4.78463343408974,-4.51686603081639,29.6657570657916));
#3824=CARTESIAN_POINT('Ctrl Pts',(-4.78345489876238,-4.51599592516582,29.8477609100193));
#3825=CARTESIAN_POINT('Ctrl Pts',(-4.78204516347738,-4.51495512595614,30.065469480358));
#3826=CARTESIAN_POINT('Ctrl Pts',(-4.7806262238777,-4.51398953091249,30.2846657335403));
#3827=CARTESIAN_POINT('Ctrl Pts',(-4.77920372450343,-4.51309332711328,30.5044469796928));
#3828=CARTESIAN_POINT('Ctrl Pts',(-4.77738531972608,-4.51194769478511,30.7853970280412));
#3829=CARTESIAN_POINT('Ctrl Pts',(-4.77556109794346,-4.51091544168774,31.0672974934475));
#3830=CARTESIAN_POINT('Ctrl Pts',(-4.77374284997533,-4.50998330986691,31.3482024719819));
#3831=CARTESIAN_POINT('Ctrl Pts',(-4.77233161655553,-4.50925983562122,31.5662269111355));
#3832=CARTESIAN_POINT('Ctrl Pts',(-4.77092398181562,-4.50859664342829,31.7836493169224));
#3833=CARTESIAN_POINT('Ctrl Pts',(-4.76952545866969,-4.50798737150678,31.9995835887112));
#3834=CARTESIAN_POINT('Ctrl Pts',(-4.768225062012,-4.50742084876265,32.2003669694745));
#3835=CARTESIAN_POINT('Ctrl Pts',(-4.76693254318661,-4.50690093671581,32.3998629119767));
#3836=CARTESIAN_POINT('Ctrl Pts',(-4.76565233419385,-4.50642258299609,32.5973998996086));
#3837=CARTESIAN_POINT('Ctrl Pts',(-4.76442587782362,-4.50596431409617,32.7866428265112));
#3838=CARTESIAN_POINT('Ctrl Pts',(-4.76321071927226,-4.50554418254101,32.9740874205738));
#3839=CARTESIAN_POINT('Ctrl Pts',(-4.76201075538784,-4.50515789286536,33.1591907058778));
#3840=CARTESIAN_POINT('Ctrl Pts',(-4.76085246877753,-4.50478501984409,33.3378649640582));
#3841=CARTESIAN_POINT('Ctrl Pts',(-4.75970833967817,-4.50444367649562,33.5143575614714));
#3842=CARTESIAN_POINT('Ctrl Pts',(-4.75858187283986,-4.50413018572515,33.6882294755506));
#3843=CARTESIAN_POINT('Ctrl Pts',(-4.75833984274379,-4.50406282981309,33.725587198511));
#3844=CARTESIAN_POINT('Ctrl Pts',(-4.7580986280055,-4.50399676045002,33.7628241315345));
#3845=CARTESIAN_POINT('Ctrl Pts',(-4.75785826338742,-4.50393194246502,33.7999362389834));
#3846=CARTESIAN_POINT('',(-5.36093251419669,-4.5232622343347,28.5535174620664));
#3847=CARTESIAN_POINT('Ctrl Pts',(-5.36093251419669,-4.52326223433464,28.5535174620756));
#3848=CARTESIAN_POINT('Ctrl Pts',(-5.17059351531403,-4.52268173658939,28.6422759648252));
#3849=CARTESIAN_POINT('Ctrl Pts',(-4.98030180337462,-4.52212009041363,28.7310134557157));
#3850=CARTESIAN_POINT('Ctrl Pts',(-4.79011387943143,-4.52157631598891,28.8196945628736));
#3851=CARTESIAN_POINT('',(-5.28016634040359,-4.52441624368652,28.3807327224056));
#3852=CARTESIAN_POINT('Ctrl Pts',(-5.28016634041574,-4.52441624368634,28.3807327224316));
#3853=CARTESIAN_POINT('Ctrl Pts',(-5.30708837745483,-4.52402349685182,28.4383247576209));
#3854=CARTESIAN_POINT('Ctrl Pts',(-5.33401043593569,-4.52363893483377,28.4959196901097));
#3855=CARTESIAN_POINT('Ctrl Pts',(-5.36093251419664,-4.52326223433119,28.553517462078));
#3856=CARTESIAN_POINT('',(-0.903039272684842,-4.6,18.0000000000009));
#3857=CARTESIAN_POINT('Ctrl Pts',(-0.903039272684715,-4.6,18.0000000000014));
#3858=CARTESIAN_POINT('Ctrl Pts',(-1.59731723185417,-4.6,20.0322985303628));
#3859=CARTESIAN_POINT('Ctrl Pts',(-3.05022623265087,-4.58625585518174,23.5193381649476));
#3860=CARTESIAN_POINT('Ctrl Pts',(-4.60027628791759,-4.53433468580066,26.9263014780432));
#3861=CARTESIAN_POINT('Ctrl Pts',(-5.28016634040359,-4.52441624368652,28.3807327224056));
#3862=CARTESIAN_POINT('',(3.29379983192332,-4.6,18.));
#3863=CARTESIAN_POINT('',(0.,-4.6,18.));
#3864=CARTESIAN_POINT('',(0.52387033140742,-4.58122492218826,23.0364239146987));
#3865=CARTESIAN_POINT('Ctrl Pts',(0.523870331407282,-4.58122492218825,23.036423914699));
#3866=CARTESIAN_POINT('Ctrl Pts',(0.871110516354404,-4.58826198866333,22.288480705567));
#3867=CARTESIAN_POINT('Ctrl Pts',(1.64136314472698,-4.59852647134744,20.5269005084759));
#3868=CARTESIAN_POINT('Ctrl Pts',(2.6150644028311,-4.6,18.8611322201364));
#3869=CARTESIAN_POINT('Ctrl Pts',(3.29379983192332,-4.6,18.));
#3870=CARTESIAN_POINT('Ctrl Pts',(-1.79626277069091,-4.53134988989064,28.0108984183879));
#3871=CARTESIAN_POINT('Ctrl Pts',(-1.02288147300373,-4.54619734477884,26.3571170599532));
#3872=CARTESIAN_POINT('Ctrl Pts',(-0.249511930871867,-4.56555178691698,
24.7022622485379));
#3873=CARTESIAN_POINT('Ctrl Pts',(0.52387033140742,-4.58122492218826,23.0364239146987));
#3874=CARTESIAN_POINT('Ctrl Pts',(0.0841794108505556,-4.24761935555335,
28.8858590146847));
#3875=CARTESIAN_POINT('Ctrl Pts',(-1.85402541831915,-4.52916604146953,31.8352694778254));
#3876=CARTESIAN_POINT('Ctrl Pts',(-3.79223024748885,-4.81071272738571,34.7846799409661));
#3877=CARTESIAN_POINT('Ctrl Pts',(-5.73043507665855,-5.0922594133019,37.7340904041068));
#3878=CARTESIAN_POINT('Ctrl Pts',(0.700593993162089,-3.1617663660365,29.1732978549622));
#3879=CARTESIAN_POINT('Ctrl Pts',(-1.31961260754631,-3.33250808603329,32.0844702640696));
#3880=CARTESIAN_POINT('Ctrl Pts',(-3.33951436592342,-3.50450893287862,34.9957848234907));
#3881=CARTESIAN_POINT('Ctrl Pts',(-5.35972096663182,-3.67525065287541,37.9069572325982));
#3882=CARTESIAN_POINT('Ctrl Pts',(1.57958438374348,-0.238884832233216,29.5831778053983));
#3883=CARTESIAN_POINT('Ctrl Pts',(-0.564939428824644,-0.241906431651079,
32.4363801466195));
#3884=CARTESIAN_POINT('Ctrl Pts',(-2.71145761504024,-0.245319695930294,
35.2886524961357));
#3885=CARTESIAN_POINT('Ctrl Pts',(-4.85598142760836,-0.248341295348157,
38.1418548373569));
#3886=CARTESIAN_POINT('Ctrl Pts',(0.901747574311304,2.81286368201116,29.2670973100494));
#3887=CARTESIAN_POINT('Ctrl Pts',(-1.14678502500906,2.94744107668049,32.1650610891646));
#3888=CARTESIAN_POINT('Ctrl Pts',(-3.19010005288516,3.08384309169627,35.0654578618011));
#3889=CARTESIAN_POINT('Ctrl Pts',(-5.23863265220552,3.2184204863656,37.9634216409163));
#3890=CARTESIAN_POINT('Ctrl Pts',(0.0776350014371896,4.25912602048418,28.8828073060778));
#3891=CARTESIAN_POINT('Ctrl Pts',(-1.85970045348349,4.54184447061901,31.8326231652091));
#3892=CARTESIAN_POINT('Ctrl Pts',(-3.79703590840417,4.82456292075384,34.7824390243403));
#3893=CARTESIAN_POINT('Ctrl Pts',(-5.73437136332484,5.10728137088868,37.7322548834716));
#3894=CARTESIAN_POINT('',(1.13268309785337,1.00653526104394,29.374784313296));
#3895=CARTESIAN_POINT('Origin',(-6.06185717742336,0.,26.0199150861264));
#3896=CARTESIAN_POINT('',(-1.85365949192125,4.50840489325103,31.8542951773361));
#3897=CARTESIAN_POINT('Ctrl Pts',(-1.85365949192125,4.50840489325104,31.8542951773361));
#3898=CARTESIAN_POINT('Ctrl Pts',(-1.63460147159685,4.50946930960345,31.4905737417352));
#3899=CARTESIAN_POINT('Ctrl Pts',(-1.38867182194283,4.43470952721504,31.1530214426522));
#3900=CARTESIAN_POINT('Ctrl Pts',(-0.836236007776535,4.14171148491277,30.5315453368675));
#3901=CARTESIAN_POINT('Ctrl Pts',(-0.534741574469741,3.91727489512323,30.2624927329504));
#3902=CARTESIAN_POINT('Ctrl Pts',(0.0842727968540731,3.31956077110497,29.7999432146823));
#3903=CARTESIAN_POINT('Ctrl Pts',(0.399614461483149,2.92636604459292,29.6202860768623));
#3904=CARTESIAN_POINT('Ctrl Pts',(0.772126655046973,2.25434389268289,29.4497515624006));
#3905=CARTESIAN_POINT('Ctrl Pts',(0.880193698344646,2.01368777164692,29.409435014707));
#3906=CARTESIAN_POINT('Ctrl Pts',(1.04552840032562,1.51703277393425,29.3653869477452));
#3907=CARTESIAN_POINT('Ctrl Pts',(1.10309875483759,1.26398032045952,29.3609889074451));
#3908=CARTESIAN_POINT('Ctrl Pts',(1.13268309792895,1.0065352610494,29.3747843131898));
#3909=CARTESIAN_POINT('Ctrl Pts',(-1.8536696802193,4.50840130257749,31.8542904264554));
#3910=CARTESIAN_POINT('Ctrl Pts',(-2.18553201747209,4.5067804780661,32.40528008973));
#3911=CARTESIAN_POINT('Ctrl Pts',(-2.51887633500338,4.50551403742356,32.9506156847958));
#3912=CARTESIAN_POINT('Ctrl Pts',(-2.84760081892992,4.50449960238152,33.4825676764256));
#3913=CARTESIAN_POINT('Ctrl Pts',(-2.86960542573166,4.50443169674833,33.5181762026704));
#3914=CARTESIAN_POINT('Ctrl Pts',(-2.89158934809344,4.50436491241271,33.5537247509404));
#3915=CARTESIAN_POINT('Ctrl Pts',(-2.91355076301926,4.50429921482274,33.5892109994145));
#3916=CARTESIAN_POINT('Ctrl Pts',(-3.40306550995461,4.50283483107351,34.3801910888198));
#3917=CARTESIAN_POINT('Ctrl Pts',(-3.9056434673437,4.50185188801733,35.1793860593584));
#3918=CARTESIAN_POINT('Ctrl Pts',(-4.41231380688497,4.50118536331535,35.975298037742));
#3919=CARTESIAN_POINT('Ctrl Pts',(-3.28233686190735,4.51051888744251,31.1899243397599));
#3920=CARTESIAN_POINT('Ctrl Pts',(-2.3037184664083,4.50894917519273,31.6449133888914));
#3921=CARTESIAN_POINT('Ctrl Pts',(-1.32509973218372,4.50763946348388,32.1001038230808));
#3922=CARTESIAN_POINT('Ctrl Pts',(-0.346480818156336,4.506524772878,32.5554299438739));
#3923=CARTESIAN_POINT('Ctrl Pts',(-2.83888893810949,4.51379971959378,30.2389585171554));
#3924=CARTESIAN_POINT('Ctrl Pts',(-1.8603713764781,4.51185266577089,30.6941572547052));
#3925=CARTESIAN_POINT('Ctrl Pts',(-0.881833180205167,4.51024893945592,31.1495256769238));
#3926=CARTESIAN_POINT('Ctrl Pts',(0.0967102017135079,4.50885151138301,31.6050094307727));
#3927=CARTESIAN_POINT('Ctrl Pts',(-2.07092409790379,3.63784106084821,28.5890305451856));
#3928=CARTESIAN_POINT('Ctrl Pts',(-1.09256775783288,3.63568448883213,29.0449166467473));
#3929=CARTESIAN_POINT('Ctrl Pts',(-0.114173872516248,3.63386986710701,29.5008725318363));
#3930=CARTESIAN_POINT('Ctrl Pts',(0.864248729573525,3.63231581285379,29.956871886011));
#3931=CARTESIAN_POINT('Ctrl Pts',(-1.80213303494773,1.79750041775221,28.0062570751606));
#3932=CARTESIAN_POINT('Ctrl Pts',(-0.823631885017734,1.79575423512182,28.4625430428806));
#3933=CARTESIAN_POINT('Ctrl Pts',(0.154889528900772,1.79428847652475,28.9188291490307));
#3934=CARTESIAN_POINT('Ctrl Pts',(1.13342059177582,1.79304237382174,29.3751282122184));
#3935=CARTESIAN_POINT('Ctrl Pts',(-1.80317294582207,1.01053971663237,28.0057721567561));
#3936=CARTESIAN_POINT('Ctrl Pts',(-0.824554550323013,1.00896535308181,28.462109408986));
#3937=CARTESIAN_POINT('Ctrl Pts',(0.154064183901567,1.00765242760995,28.9184468191662));
#3938=CARTESIAN_POINT('Ctrl Pts',(1.13268309792895,1.00653526104632,29.3747843131898));
#3939=CARTESIAN_POINT('',(-0.0785453127734857,1.00802291399991,28.8099792295076));
#3940=CARTESIAN_POINT('Ctrl Pts',(-0.0785453131776344,1.00802254073362,
28.8099792293192));
#3941=CARTESIAN_POINT('Ctrl Pts',(0.325197452480587,1.00749038616313,28.9982475728692));
#3942=CARTESIAN_POINT('Ctrl Pts',(0.728940259902742,1.00699616364331,29.186515935894));
#3943=CARTESIAN_POINT('Ctrl Pts',(1.13268309792895,1.00653526104632,29.3747843131898));
#3944=CARTESIAN_POINT('',(-0.441068427560371,1.00851108092539,28.6409319248253));
#3945=CARTESIAN_POINT('Ctrl Pts',(-0.0785453131776423,1.00802254073362,
28.8099792293192));
#3946=CARTESIAN_POINT('Ctrl Pts',(-0.199386355295957,1.00818181569366,28.7536301259603));
#3947=CARTESIAN_POINT('Ctrl Pts',(-0.320227393672986,1.00834448867219,28.697281024346));
#3948=CARTESIAN_POINT('Ctrl Pts',(-0.441068428009511,1.00851068332957,28.6409319246159));
#3949=CARTESIAN_POINT('',(-0.710647442396342,3.02302482681626,29.2190459876367));
#3950=CARTESIAN_POINT('Ctrl Pts',(-0.710713285439813,3.02497926887744,29.2191927183959));
#3951=CARTESIAN_POINT('Ctrl Pts',(-0.68323178317809,2.93251278141413,29.1602590187336));
#3952=CARTESIAN_POINT('Ctrl Pts',(-0.657695604496153,2.83672874392139,29.1054965871803));
#3953=CARTESIAN_POINT('Ctrl Pts',(-0.634153626905353,2.73804070470115,29.0550104793127));
#3954=CARTESIAN_POINT('Ctrl Pts',(-0.610536873464788,2.63903920489902,29.0043640135651));
#3955=CARTESIAN_POINT('Ctrl Pts',(-0.588926874966418,2.53711439210759,28.9580207892476));
#3956=CARTESIAN_POINT('Ctrl Pts',(-0.569393217311878,2.43266358062244,28.916130213693));
#3957=CARTESIAN_POINT('Ctrl Pts',(-0.566735322137771,2.41845122404858,28.9104302694954));
#3958=CARTESIAN_POINT('Ctrl Pts',(-0.564115901467857,2.40419208101359,28.9048128326269));
#3959=CARTESIAN_POINT('Ctrl Pts',(-0.561535161637694,2.38988713699349,28.8992783459828));
#3960=CARTESIAN_POINT('Ctrl Pts',(-0.541888181730451,2.28098466474413,28.8571447118121));
#3961=CARTESIAN_POINT('Ctrl Pts',(-0.524554308822755,2.16983561553271,28.8199714828139));
#3962=CARTESIAN_POINT('Ctrl Pts',(-0.509586307364302,2.0569118313541,28.7878719236149));
#3963=CARTESIAN_POINT('Ctrl Pts',(-0.49461830590585,1.94398804717548,28.7557723644158));
#3964=CARTESIAN_POINT('Ctrl Pts',(-0.482016033632726,1.82928849251776,28.7287461668775));
#3965=CARTESIAN_POINT('Ctrl Pts',(-0.471856574510097,1.71326677588433,28.7069586947588));
#3966=CARTESIAN_POINT('Ctrl Pts',(-0.46169711789402,1.5972450878759,28.6851712280155));
#3967=CARTESIAN_POINT('Ctrl Pts',(-0.454006565191622,1.48019890016421,28.6686784375495));
#3968=CARTESIAN_POINT('Ctrl Pts',(-0.448849434771145,1.36258783096258,28.6576187036612));
#3969=CARTESIAN_POINT('Ctrl Pts',(-0.443953550715147,1.25093462238233,28.6471192261625));
#3970=CARTESIAN_POINT('Ctrl Pts',(-0.441340991615006,1.13877140454753,28.6415164557587));
#3971=CARTESIAN_POINT('Ctrl Pts',(-0.441088635964514,1.02648638556609,28.6409752609051));
#3972=CARTESIAN_POINT('Ctrl Pts',(-0.441075170164365,1.02049481128474,28.6409463825276));
#3973=CARTESIAN_POINT('Ctrl Pts',(-0.441068429888075,1.01450289077575,28.6409319273772));
#3974=CARTESIAN_POINT('Ctrl Pts',(-0.441068428604203,1.00851068333039,28.6409319243386));
#3975=CARTESIAN_POINT('',(-3.28233686190735,4.51051888744251,31.1899243397599));
#3976=CARTESIAN_POINT('Ctrl Pts',(-3.28233686190735,4.51051888744251,31.1899243397599));
#3977=CARTESIAN_POINT('Ctrl Pts',(-3.27954073719331,4.51052485929789,31.1881933672181));
#3978=CARTESIAN_POINT('Ctrl Pts',(-3.27674461056451,4.51052758965593,31.1864623835207));
#3979=CARTESIAN_POINT('Ctrl Pts',(-2.99778230146583,4.5104765933579,31.0137651361027));
#3980=CARTESIAN_POINT('Ctrl Pts',(-2.72035455743769,4.47880454996471,30.8419342998885));
#3981=CARTESIAN_POINT('Ctrl Pts',(-2.19164827052362,4.35230507660994,30.5042674729255));
#3982=CARTESIAN_POINT('Ctrl Pts',(-1.93710249865977,4.25860852189726,30.3367862276773));
#3983=CARTESIAN_POINT('Ctrl Pts',(-1.41912560661904,3.97856685740228,29.9690132576137));
#3984=CARTESIAN_POINT('Ctrl Pts',(-1.18465581651579,3.78810845628301,29.7830859940382));
#3985=CARTESIAN_POINT('Ctrl Pts',(-0.876195673162993,3.40999988411582,29.4780703333517));
#3986=CARTESIAN_POINT('Ctrl Pts',(-0.770699065097753,3.22490563070731,29.3478271081081));
#3987=CARTESIAN_POINT('Ctrl Pts',(-0.710647442396629,3.02302482681723,29.2190459876374));
#3988=CARTESIAN_POINT('Ctrl Pts',(-3.28233686190735,4.51051888744251,31.1899243397599));
#3989=CARTESIAN_POINT('Ctrl Pts',(-2.80611108563864,4.50975501723722,31.4113359891965));
#3990=CARTESIAN_POINT('Ctrl Pts',(-2.32988522915653,4.50905271761949,31.6327953285198));
#3991=CARTESIAN_POINT('Ctrl Pts',(-1.85365931077506,4.5084045004396,31.8542947867215));
#3992=CARTESIAN_POINT('Origin',(0.311387056680992,1.13207477840533E-16,
28.991807679638));
#3993=CARTESIAN_POINT('',(-0.0785453127848168,0.,28.8099792294924));
#3994=CARTESIAN_POINT('Ctrl Pts',(-14.888,4.49999999999993,39.));
#3995=CARTESIAN_POINT('Ctrl Pts',(14.888,4.49999999999993,39.));
#3996=CARTESIAN_POINT('Ctrl Pts',(-14.888,4.49999999999993,37.0838674721655));
#3997=CARTESIAN_POINT('Ctrl Pts',(14.888,4.49999999999993,37.0838674721655));
#3998=CARTESIAN_POINT('Ctrl Pts',(-14.888,4.50204202888328,33.6662263785777));
#3999=CARTESIAN_POINT('Ctrl Pts',(14.888,4.50204202888328,33.6662263785777));
#4000=CARTESIAN_POINT('Ctrl Pts',(-14.888,4.51122481560609,29.7824219693295));
#4001=CARTESIAN_POINT('Ctrl Pts',(14.888,4.51122481560609,29.7824219693295));
#4002=CARTESIAN_POINT('Ctrl Pts',(-14.888,4.53329924089892,26.6636709416135));
#4003=CARTESIAN_POINT('Ctrl Pts',(14.888,4.53329924089892,26.6636709416135));
#4004=CARTESIAN_POINT('Ctrl Pts',(-14.888,4.56670075910105,24.464180547187));
#4005=CARTESIAN_POINT('Ctrl Pts',(14.888,4.56670075910105,24.464180547187));
#4006=CARTESIAN_POINT('Ctrl Pts',(-14.888,4.58877518439386,22.6764494112123));
#4007=CARTESIAN_POINT('Ctrl Pts',(14.888,4.58877518439386,22.6764494112123));
#4008=CARTESIAN_POINT('Ctrl Pts',(-14.888,4.59795797111665,20.6791756475278));
#4009=CARTESIAN_POINT('Ctrl Pts',(14.888,4.59795797111665,20.6791756475278));
#4010=CARTESIAN_POINT('Ctrl Pts',(-14.888,4.6,18.9580662639172));
#4011=CARTESIAN_POINT('Ctrl Pts',(14.888,4.6,18.9580662639172));
#4012=CARTESIAN_POINT('Ctrl Pts',(-14.888,4.6,18.));
#4013=CARTESIAN_POINT('Ctrl Pts',(14.888,4.6,18.));
#4014=CARTESIAN_POINT('',(-1.79624470191861,4.52706848283919,28.009002849946));
#4015=CARTESIAN_POINT('Ctrl Pts',(-1.79554694795842,4.53136363361703,28.0093677186705));
#4016=CARTESIAN_POINT('Ctrl Pts',(-2.29113661494657,4.52184746975064,29.0691260701681));
#4017=CARTESIAN_POINT('Ctrl Pts',(-2.78673110608965,4.51418100031723,30.1284423675613));
#4018=CARTESIAN_POINT('Ctrl Pts',(-3.28233686190736,4.51051888744251,31.18992433976));
#4019=CARTESIAN_POINT('',(0.523870331407157,4.58122492218825,23.0364239146993));
#4020=CARTESIAN_POINT('Ctrl Pts',(0.523870331407414,4.58122492218826,23.0364239146987));
#4021=CARTESIAN_POINT('Ctrl Pts',(-0.249511930871859,4.56555178691698,24.7022622485378));
#4022=CARTESIAN_POINT('Ctrl Pts',(-1.02288147300372,4.54619734477883,26.3571170599532));
#4023=CARTESIAN_POINT('Ctrl Pts',(-1.79626277069091,4.53134988989064,28.0108984183878));
#4024=CARTESIAN_POINT('',(3.29379983192332,4.6,18.));
#4025=CARTESIAN_POINT('Ctrl Pts',(3.29379983192332,4.6,18.));
#4026=CARTESIAN_POINT('Ctrl Pts',(2.78474826010413,4.6,18.6458491651023));
#4027=CARTESIAN_POINT('Ctrl Pts',(1.75064668835026,4.59884802925351,20.2715671382851));
#4028=CARTESIAN_POINT('Ctrl Pts',(0.986857244670005,4.59060767748836,22.0391663025233));
#4029=CARTESIAN_POINT('Ctrl Pts',(0.523870331407157,4.58122492218825,23.0364239146993));
#4030=CARTESIAN_POINT('',(-0.903039272684843,4.60000000000001,18.0000000000009));
#4031=CARTESIAN_POINT('',(0.,4.6,18.));
#4032=CARTESIAN_POINT('',(-5.28016634042819,4.52441624368616,28.3807327224582));
#4033=CARTESIAN_POINT('Ctrl Pts',(-5.28016634040359,4.52441624368652,28.3807327224056));
#4034=CARTESIAN_POINT('Ctrl Pts',(-4.37364626699672,4.53764083322201,26.4414910559278));
#4035=CARTESIAN_POINT('Ctrl Pts',(-2.8261756049418,4.59438648461292,23.0259396714355));
#4036=CARTESIAN_POINT('Ctrl Pts',(-1.42374774402959,4.6,19.5242239035326));
#4037=CARTESIAN_POINT('Ctrl Pts',(-0.903039272684841,4.6,18.0000000000018));
#4038=CARTESIAN_POINT('',(-5.36093251419669,4.5232622343347,28.5535174620664));
#4039=CARTESIAN_POINT('Ctrl Pts',(-5.36093251419663,4.52326223433119,28.553517462078));
#4040=CARTESIAN_POINT('Ctrl Pts',(-5.33401043593984,4.52363893483372,28.4959196901185));
#4041=CARTESIAN_POINT('Ctrl Pts',(-5.30708837746312,4.5240234968517,28.4383247576386));
#4042=CARTESIAN_POINT('Ctrl Pts',(-5.28016634042819,4.52441624368616,28.3807327224582));
#4043=CARTESIAN_POINT('',(-4.79011387943143,4.52157631598894,28.8196945628702));
#4044=CARTESIAN_POINT('Ctrl Pts',(-4.79011387943143,4.52157631598891,28.8196945628736));
#4045=CARTESIAN_POINT('Ctrl Pts',(-4.98030180337433,4.52212009041364,28.7310134557152));
#4046=CARTESIAN_POINT('Ctrl Pts',(-5.17059351531291,4.52268173658938,28.6422759648255));
#4047=CARTESIAN_POINT('Ctrl Pts',(-5.36093251419669,4.52326223433464,28.5535174620756));
#4048=CARTESIAN_POINT('Ctrl Pts',(-4.75785826338742,4.50393194246502,33.7999362389834));
#4049=CARTESIAN_POINT('Ctrl Pts',(-4.75897576420861,4.50423329360414,33.6273949936011));
#4050=CARTESIAN_POINT('Ctrl Pts',(-4.76011164019726,4.50456167600711,33.4521514647926));
#4051=CARTESIAN_POINT('Ctrl Pts',(-4.76126239802109,4.50492070968706,33.2746320498316));
#4052=CARTESIAN_POINT('Ctrl Pts',(-4.76247446470481,4.50529887158418,33.0876549429805));
#4053=CARTESIAN_POINT('Ctrl Pts',(-4.76370304118218,4.50571103937072,32.8981529665677));
#4054=CARTESIAN_POINT('Ctrl Pts',(-4.76494404550372,4.50616167301652,32.7066838154656));
#4055=CARTESIAN_POINT('Ctrl Pts',(-4.76625913681913,4.50663920914089,32.5037841047913));
#4056=CARTESIAN_POINT('Ctrl Pts',(-4.7675881841368,4.50715994549636,32.2986756470334));
#4057=CARTESIAN_POINT('Ctrl Pts',(-4.76892632992687,4.50772939505233,32.0920852220549));
#4058=CARTESIAN_POINT('Ctrl Pts',(-4.77041987013736,4.50836497289145,31.8615041380667));
#4059=CARTESIAN_POINT('Ctrl Pts',(-4.77192474466754,4.50906124619355,31.629077668807));
#4060=CARTESIAN_POINT('Ctrl Pts',(-4.77343419959698,4.50982600772403,31.3958857761693));
#4061=CARTESIAN_POINT('Ctrl Pts',(-4.77546951545781,4.51085719536824,31.0814549518723));
#4062=CARTESIAN_POINT('Ctrl Pts',(-4.7775131590493,4.5120129900559,30.765638355807));
#4063=CARTESIAN_POINT('Ctrl Pts',(-4.77954857301724,4.51331199683669,30.4511672527925));
#4064=CARTESIAN_POINT('Ctrl Pts',(-4.78088806407727,4.5141668637076,30.2442161176621));
#4065=CARTESIAN_POINT('Ctrl Pts',(-4.78222399100262,4.51508374556109,30.0378501824937));
#4066=CARTESIAN_POINT('Ctrl Pts',(-4.78355163476971,4.51606747362806,29.8328218325415));
#4067=CARTESIAN_POINT('Ctrl Pts',(-4.78466277966538,4.51689078515742,29.6612274559741));
#4068=CARTESIAN_POINT('Ctrl Pts',(-4.78576812260777,4.51776091844862,29.4905704563467));
#4069=CARTESIAN_POINT('Ctrl Pts',(-4.78686489716773,4.51868034165957,29.3212572466612));
#4070=CARTESIAN_POINT('Ctrl Pts',(-4.78795730267562,4.51959610230573,29.1526185039588));
#4071=CARTESIAN_POINT('Ctrl Pts',(-4.78904120793021,4.5205607702437,28.9853141966068));
#4072=CARTESIAN_POINT('Ctrl Pts',(-4.79011387943143,4.52157631598894,28.8196945628702));
#4073=CARTESIAN_POINT('Origin',(1.05356537528527,0.,-1.7));
#4074=CARTESIAN_POINT('',(1.05356537528527,-3.35,-1.7));
#4075=CARTESIAN_POINT('',(-1.05356537528527,-3.35,-1.7));
#4076=CARTESIAN_POINT('',(0.526782687642636,-3.35,-1.7));
#4077=CARTESIAN_POINT('',(1.05356537528527,-6.5,-1.7));
#4078=CARTESIAN_POINT('',(1.05356537528527,0.,-1.7));
#4079=CARTESIAN_POINT('',(-1.05356537528527,-6.5,-1.7));
#4080=CARTESIAN_POINT('',(1.05356537528527,-6.5,-1.7));
#4081=CARTESIAN_POINT('',(-1.05356537528527,0.,-1.7));
#4082=CARTESIAN_POINT('Origin',(0.,0.,0.));
#4083=CARTESIAN_POINT('Origin',(0.,-3.35,0.));
#4084=CARTESIAN_POINT('Origin',(0.,-6.5,0.));
#4085=CARTESIAN_POINT('Origin',(0.,0.,0.));
#4086=CARTESIAN_POINT('',(1.05356537528527,6.5,-1.7));
#4087=CARTESIAN_POINT('',(1.05356537528527,0.,-1.7));
#4088=CARTESIAN_POINT('',(-1.05356537528527,6.5,-1.7));
#4089=CARTESIAN_POINT('Origin',(0.,6.5,0.));
#4090=CARTESIAN_POINT('',(-1.05356537528527,0.,-1.7));
#4091=CARTESIAN_POINT('Origin',(0.,-6.5,0.15));
#4092=CARTESIAN_POINT('Origin',(1.05356537528527,0.,-1.7));
#4093=CARTESIAN_POINT('',(1.05356537528527,6.5,-1.7));
#4094=CARTESIAN_POINT('Origin',(0.,6.5,0.15));
#4095=CARTESIAN_POINT('Ctrl Pts',(-3.28233686190736,-4.51051888744251,31.18992433976));
#4096=CARTESIAN_POINT('Ctrl Pts',(-2.0135633239159,-4.51989406489766,28.4724816515519));
#4097=CARTESIAN_POINT('Ctrl Pts',(-0.744863612749857,-4.55551313682685,
25.7692324399308));
#4098=CARTESIAN_POINT('Ctrl Pts',(0.52387033140742,-4.58122492218826,23.0364239146987));
#4099=CARTESIAN_POINT('Ctrl Pts',(-2.87596399467216,-4.50986513821995,31.3794168643828));
#4100=CARTESIAN_POINT('Ctrl Pts',(-1.60744723682563,-4.5187912081565,28.6618625597541));
#4101=CARTESIAN_POINT('Ctrl Pts',(-0.340029315236616,-4.55217667611836,
25.9580027253024));
#4102=CARTESIAN_POINT('Ctrl Pts',(0.92959394027004,-4.57944505574377,23.2255991946299));
#4103=CARTESIAN_POINT('Ctrl Pts',(-2.17214657111592,-4.13320590218409,31.7063128445397));
#4104=CARTESIAN_POINT('Ctrl Pts',(-0.904038508711149,-4.14189162930771,
28.987685723154));
#4105=CARTESIAN_POINT('Ctrl Pts',(0.361294573099367,-4.1740436874805,26.2784075913233));
#4106=CARTESIAN_POINT('Ctrl Pts',(1.6323337113182,-4.20212513140185,23.5497420954631));
#4107=CARTESIAN_POINT('Ctrl Pts',(-1.92331955750468,-3.34681294935657,31.8196297308025));
#4108=CARTESIAN_POINT('Ctrl Pts',(-0.654844681559048,-3.35599172068227,
29.0993678733225));
#4109=CARTESIAN_POINT('Ctrl Pts',(0.612352990643234,-3.3906899450735,26.3818323310084));
#4110=CARTESIAN_POINT('Ctrl Pts',(1.88212212830268,-3.41702630244663,23.6588336999711));
#4111=CARTESIAN_POINT('Ctrl Pts',(-1.92287518135173,-3.01052781423816,31.8186767630672));
#4112=CARTESIAN_POINT('Ctrl Pts',(-0.654101643360274,-3.01991489745236,
29.0977831302778));
#4113=CARTESIAN_POINT('Ctrl Pts',(0.614598067805771,-3.05569242395185,26.3770478196264));
#4114=CARTESIAN_POINT('Ctrl Pts',(1.88333201196305,-3.08129130849247,23.6562390960884));
#4115=CARTESIAN_POINT('Origin',(0.52387033140742,-3.08129130849247,23.0223117034788));
#4116=CARTESIAN_POINT('',(-0.441068427610172,-3.0270417355066,28.6409319248021));
#4117=CARTESIAN_POINT('Ctrl Pts',(1.88333201196305,-3.08129130849247,23.6562390960884));
#4118=CARTESIAN_POINT('Ctrl Pts',(1.10852130020857,-3.06565817276502,25.3178260295353));
#4119=CARTESIAN_POINT('Ctrl Pts',(0.333723355633538,-3.04622891686894,26.9793855836775));
#4120=CARTESIAN_POINT('Ctrl Pts',(-0.44108643333648,-3.03133247186837,28.6409705382068));
#4121=CARTESIAN_POINT('Ctrl Pts',(-0.710657954908606,-3.02634560321814,
29.219068531792));
#4122=CARTESIAN_POINT('Ctrl Pts',(-0.620799505596848,-3.02793828599447,
29.0263664653762));
#4123=CARTESIAN_POINT('Ctrl Pts',(-0.530941253983105,-3.02960492717356,
28.8336648229251));
#4124=CARTESIAN_POINT('Ctrl Pts',(-0.441083161676707,-3.03133253476912,
28.6409635221097));
#4125=CARTESIAN_POINT('Ctrl Pts',(0.523870331407282,-4.58122492218825,23.036423914699));
#4126=CARTESIAN_POINT('Ctrl Pts',(0.871110516354404,-4.58826198866333,22.288480705567));
#4127=CARTESIAN_POINT('Ctrl Pts',(1.64136314472698,-4.59852647134744,20.5269005084759));
#4128=CARTESIAN_POINT('Ctrl Pts',(2.6150644028311,-4.6,18.8611322201364));
#4129=CARTESIAN_POINT('Ctrl Pts',(3.29379983192332,-4.6,18.));
#4130=CARTESIAN_POINT('Ctrl Pts',(0.929593940269981,-4.57944505574377,23.22559919463));
#4131=CARTESIAN_POINT('Ctrl Pts',(1.27849007879578,-4.5869369841543,22.4747808802356));
#4132=CARTESIAN_POINT('Ctrl Pts',(2.04922514327671,-4.59798143021169,20.716339874457));
#4133=CARTESIAN_POINT('Ctrl Pts',(2.99002177464816,-4.59978030610907,19.1102425535232));
#4134=CARTESIAN_POINT('Ctrl Pts',(3.64609390444761,-4.6,18.2780456517295));
#4135=CARTESIAN_POINT('Ctrl Pts',(1.632417714658,-4.20223641856462,23.5497823139152));
#4136=CARTESIAN_POINT('Ctrl Pts',(1.98412589890085,-4.20996647484678,22.7948562765368));
#4137=CARTESIAN_POINT('Ctrl Pts',(2.75546318297405,-4.22146787396889,21.0438868899224));
#4138=CARTESIAN_POINT('Ctrl Pts',(3.63916664389453,-4.22350475220688,19.5418562119828));
#4139=CARTESIAN_POINT('Ctrl Pts',(4.25629954593581,-4.223843640126,18.7596462192919));
#4140=CARTESIAN_POINT('Ctrl Pts',(1.88212212830281,-3.41702630244663,23.6588336999709));
#4141=CARTESIAN_POINT('Ctrl Pts',(2.23432149048011,-3.42424750544235,22.9035981620416));
#4142=CARTESIAN_POINT('Ctrl Pts',(3.00502296483702,-3.43485479861548,21.1577690478952));
#4143=CARTESIAN_POINT('Ctrl Pts',(3.86822433598146,-3.43649856854215,19.6933595808062));
#4144=CARTESIAN_POINT('Ctrl Pts',(4.47125603627183,-3.43659921288462,18.929299137437));
#4145=CARTESIAN_POINT('Ctrl Pts',(1.88333201196317,-3.08129130849247,23.6562390960882));
#4146=CARTESIAN_POINT('Ctrl Pts',(2.23522947521293,-3.08829747510705,22.9015925508365));
#4147=CARTESIAN_POINT('Ctrl Pts',(3.005354231259,-3.09852501337222,21.1571620315884));
#4148=CARTESIAN_POINT('Ctrl Pts',(3.86829267969238,-3.1,19.6932758986308));
#4149=CARTESIAN_POINT('Ctrl Pts',(4.47125603627183,-3.1,18.929299137437));
#4150=CARTESIAN_POINT('Origin',(3.29379983192332,-3.1,18.));
#4151=CARTESIAN_POINT('Ctrl Pts',(3.29379983192332,-4.6,18.));
#4152=CARTESIAN_POINT('Ctrl Pts',(3.45697956085203,-4.6,17.7796429943054));
#4153=CARTESIAN_POINT('Ctrl Pts',(3.96591664866996,-4.59032290847312,17.1253176389005));
#4154=CARTESIAN_POINT('Ctrl Pts',(4.69773391448689,-4.54100903963427,16.3114706580399));
#4155=CARTESIAN_POINT('Ctrl Pts',(5.32058188053832,-4.44260308447158,15.5412205018478));
#4156=CARTESIAN_POINT('Ctrl Pts',(5.61656185911824,-4.35740245455483,15.0508525526248));
#4157=CARTESIAN_POINT('Ctrl Pts',(5.84093738924351,-4.24732262043185,14.5159840581775));
#4158=CARTESIAN_POINT('Ctrl Pts',(5.96715493230498,-4.06752521139222,13.8221507961415));
#4159=CARTESIAN_POINT('Ctrl Pts',(5.99346178412708,-3.92474633182603,13.3221079365082));
#4160=CARTESIAN_POINT('Ctrl Pts',(6.00058912183878,-3.85967150191444,13.0805640155609));
#4161=CARTESIAN_POINT('Ctrl Pts',(3.64609390444761,-4.6,18.2780456517295));
#4162=CARTESIAN_POINT('Ctrl Pts',(3.80508688922468,-4.6025997881135,18.0655978112997));
#4163=CARTESIAN_POINT('Ctrl Pts',(4.30265145813546,-4.60166319451767,17.4334999374201));
#4164=CARTESIAN_POINT('Ctrl Pts',(5.02562573401777,-4.57034982556969,16.642290349022));
#4165=CARTESIAN_POINT('Ctrl Pts',(5.68736401162019,-4.48912918126634,15.8442941252511));
#4166=CARTESIAN_POINT('Ctrl Pts',(6.03126549663641,-4.40390120613312,15.2864384955518));
#4167=CARTESIAN_POINT('Ctrl Pts',(6.29644856191135,-4.280238981022,14.6441984796258));
#4168=CARTESIAN_POINT('Ctrl Pts',(6.42315114106171,-4.07942205685352,13.8620397725469));
#4169=CARTESIAN_POINT('Ctrl Pts',(6.44542448408103,-3.93015965105841,13.3415553222713));
#4170=CARTESIAN_POINT('Ctrl Pts',(6.45130585752039,-3.86284537576497,13.0923447599054));
#4171=CARTESIAN_POINT('Ctrl Pts',(4.25632060805602,-4.22387585110599,18.7596628424241));
#4172=CARTESIAN_POINT('Ctrl Pts',(4.40796003526538,-4.22788614370091,18.5642179074454));
#4173=CARTESIAN_POINT('Ctrl Pts',(4.88586386656077,-4.23231723360828,17.9805717755178));
#4174=CARTESIAN_POINT('Ctrl Pts',(5.59315843797535,-4.21241191075903,17.2468497316174));
#4175=CARTESIAN_POINT('Ctrl Pts',(6.32072357150939,-4.14414749547623,16.4274834672681));
#4176=CARTESIAN_POINT('Ctrl Pts',(6.74649619705808,-4.06158286680948,15.7722578447614));
#4177=CARTESIAN_POINT('Ctrl Pts',(7.08262377301112,-3.93320949335624,14.9619512277968));
#4178=CARTESIAN_POINT('Ctrl Pts',(7.21204478924747,-3.72479099997423,14.0394131814147));
#4179=CARTESIAN_POINT('Ctrl Pts',(7.22793511174192,-3.57099978731008,13.4779782944695));
#4180=CARTESIAN_POINT('Ctrl Pts',(7.23186511729986,-3.50158581611026,13.2115553638337));
#4181=CARTESIAN_POINT('Ctrl Pts',(4.47125603627183,-3.43659921288462,18.929299137437));
#4182=CARTESIAN_POINT('Ctrl Pts',(4.61770232310205,-3.43779020624423,18.7437807605291));
#4183=CARTESIAN_POINT('Ctrl Pts',(5.07955069310951,-3.4327800190856,18.1901633687462));
#4184=CARTESIAN_POINT('Ctrl Pts',(5.76624198890219,-3.39491099673065,17.4932084671867));
#4185=CARTESIAN_POINT('Ctrl Pts',(6.49691791219763,-3.31335573295454,16.6993519094155));
#4186=CARTESIAN_POINT('Ctrl Pts',(6.94483687251942,-3.23624899805383,16.0470368920937));
#4187=CARTESIAN_POINT('Ctrl Pts',(7.31651056191408,-3.13004802404099,15.2243449404551));
#4188=CARTESIAN_POINT('Ctrl Pts',(7.47368740294305,-2.95367324001747,14.2839443964122));
#4189=CARTESIAN_POINT('Ctrl Pts',(7.49627931714261,-2.80660214700156,13.7036149979753));
#4190=CARTESIAN_POINT('Ctrl Pts',(7.50246431228328,-2.73784155280927,13.424903467027));
#4191=CARTESIAN_POINT('Ctrl Pts',(4.47125603627183,-3.1,18.929299137437));
#4192=CARTESIAN_POINT('Ctrl Pts',(4.61621884926684,-3.1,18.7456259188956));
#4193=CARTESIAN_POINT('Ctrl Pts',(5.07304423621112,-3.09098526539052,18.1978733972677));
#4194=CARTESIAN_POINT('Ctrl Pts',(5.75136235674203,-3.0455215937522,17.5076796745614));
#4195=CARTESIAN_POINT('Ctrl Pts',(6.4706774496848,-2.9583753108589,16.7290572112035));
#4196=CARTESIAN_POINT('Ctrl Pts',(6.91448869915641,-2.88359941061911,16.0963255743777));
#4197=CARTESIAN_POINT('Ctrl Pts',(7.29178922549081,-2.78680668535617,15.2993713976537));
#4198=CARTESIAN_POINT('Ctrl Pts',(7.46426541152514,-2.62401494320448,14.3772053919653));
#4199=CARTESIAN_POINT('Ctrl Pts',(7.49210174332679,-2.47980649177055,13.7945337531642));
#4200=CARTESIAN_POINT('Ctrl Pts',(7.49999999999984,-2.4113137767121,13.5128048801116));
#4201=CARTESIAN_POINT('',(6.00058912183878,-3.85967150191444,13.0805640155609));
#4202=CARTESIAN_POINT('Origin',(6.00058912183878,-2.4113137767121,13.4707689615146));
#4203=CARTESIAN_POINT('Ctrl Pts',(3.29379983192332,-4.6,18.));
#4204=CARTESIAN_POINT('Ctrl Pts',(3.45697956085203,-4.6,17.7796429943054));
#4205=CARTESIAN_POINT('Ctrl Pts',(3.96591664866996,-4.59032290847312,17.1253176389005));
#4206=CARTESIAN_POINT('Ctrl Pts',(4.69773391448689,-4.54100903963427,16.3114706580399));
#4207=CARTESIAN_POINT('Ctrl Pts',(5.32058188053832,-4.44260308447158,15.5412205018478));
#4208=CARTESIAN_POINT('Ctrl Pts',(5.61656185911824,-4.35740245455483,15.0508525526248));
#4209=CARTESIAN_POINT('Ctrl Pts',(5.84093738924351,-4.24732262043185,14.5159840581775));
#4210=CARTESIAN_POINT('Ctrl Pts',(5.96715493230498,-4.06752521139222,13.8221507961415));
#4211=CARTESIAN_POINT('Ctrl Pts',(5.99346178412708,-3.92474633182603,13.3221079365082));
#4212=CARTESIAN_POINT('Ctrl Pts',(6.00058912183878,-3.85967150191444,13.0805640155609));
#4213=CARTESIAN_POINT('Ctrl Pts',(6.00058912183893,-3.85967150191313,13.080564015556));
#4214=CARTESIAN_POINT('Ctrl Pts',(6.02180831264952,-3.66593363109339,12.3614502657792));
#4215=CARTESIAN_POINT('Ctrl Pts',(5.9999999999937,-3.530509045587,11.6988032494495));
#4216=CARTESIAN_POINT('Ctrl Pts',(5.9999999999937,-3.45134635149464,10.9964190811114));
#4217=CARTESIAN_POINT('Ctrl Pts',(6.45130585752051,-3.86284537576361,13.0923447599003));
#4218=CARTESIAN_POINT('Ctrl Pts',(6.46881561926972,-3.66244032839215,12.3504062284561));
#4219=CARTESIAN_POINT('Ctrl Pts',(6.4485526773071,-3.53009315508504,11.6952031941655));
#4220=CARTESIAN_POINT('Ctrl Pts',(6.44879895050653,-3.45134635149464,10.9964190811114));
#4221=CARTESIAN_POINT('Ctrl Pts',(7.23191242255003,-3.50164065106432,13.2115419168341));
#4222=CARTESIAN_POINT('Ctrl Pts',(7.24361265918722,-3.29498448302417,12.4183594930143));
#4223=CARTESIAN_POINT('Ctrl Pts',(7.22559487004524,-3.15839006143124,11.7511229885566));
#4224=CARTESIAN_POINT('Ctrl Pts',(7.22623304497796,-3.07764381380432,11.0385374844101));
#4225=CARTESIAN_POINT('Ctrl Pts',(7.50246431228341,-2.73784155280788,13.4249034670214));
#4226=CARTESIAN_POINT('Ctrl Pts',(7.52087800297141,-2.53313058954887,12.5951359723968));
#4227=CARTESIAN_POINT('Ctrl Pts',(7.49971369206377,-2.38097184833956,11.8774588593032));
#4228=CARTESIAN_POINT('Ctrl Pts',(7.4999999999937,-2.29526499778395,11.1267160306656));
#4229=CARTESIAN_POINT('Ctrl Pts',(7.5,-2.41131377671072,13.5128048801059));
#4230=CARTESIAN_POINT('Ctrl Pts',(7.52351433623542,-2.20740033121849,12.6740542896267));
#4231=CARTESIAN_POINT('Ctrl Pts',(7.4999999999937,-2.04860647722673,11.9323454593764));
#4232=CARTESIAN_POINT('Ctrl Pts',(7.4999999999937,-1.96078346914888,11.1644140029783));
#4233=CARTESIAN_POINT('',(5.9999999999937,-3.45134635149464,10.9964190811114));
#4234=CARTESIAN_POINT('Origin',(5.9999999999937,-1.96078346914888,11.1644140029783));
#4235=CARTESIAN_POINT('Ctrl Pts',(7.4999999999937,-1.96078346914888,11.1644140029783));
#4236=CARTESIAN_POINT('Ctrl Pts',(7.4999999999937,-2.04860647722673,11.9323454593764));
#4237=CARTESIAN_POINT('Ctrl Pts',(7.52351433623542,-2.20740033121849,12.6740542896267));
#4238=CARTESIAN_POINT('Ctrl Pts',(7.5,-2.41131377671072,13.5128048801059));
#4239=CARTESIAN_POINT('Ctrl Pts',(6.00058912183893,-3.85967150191313,13.080564015556));
#4240=CARTESIAN_POINT('Ctrl Pts',(6.02180831264952,-3.66593363109339,12.3614502657792));
#4241=CARTESIAN_POINT('Ctrl Pts',(5.9999999999937,-3.530509045587,11.6988032494495));
#4242=CARTESIAN_POINT('Ctrl Pts',(5.9999999999937,-3.45134635149464,10.9964190811114));
#4243=CARTESIAN_POINT('Origin',(6.00000000002308,-1.85,1.83220700149625));
#4244=CARTESIAN_POINT('',(6.00000000000052,-3.35,9.));
#4245=CARTESIAN_POINT('Origin',(6.00000000000052,-1.85,9.));
#4246=CARTESIAN_POINT('',(6.00000000002884,-3.35,-4.72122341221848E-12));
#4247=CARTESIAN_POINT('',(6.00000000002308,-3.35,1.83220700149625));
#4248=CARTESIAN_POINT('Origin',(6.00000000002884,-1.85,-4.72122341221848E-12));
#4249=CARTESIAN_POINT('Origin',(0.,-1.85,0.));
#4250=CARTESIAN_POINT('Origin',(0.,-3.35,0.));
#4251=CARTESIAN_POINT('Ctrl Pts',(-4.38443284152596,-3.35,4.09594295103688));
#4252=CARTESIAN_POINT('Ctrl Pts',(-3.02722561680001,-3.35,5.54874246508734));
#4253=CARTESIAN_POINT('Ctrl Pts',(-1.83913273003752,-3.35,7.17950336968193));
#4254=CARTESIAN_POINT('Ctrl Pts',(-1.04011464646611,-3.35,9.));
#4255=CARTESIAN_POINT('Ctrl Pts',(-4.71238765117109,-3.35,4.4023187673345));
#4256=CARTESIAN_POINT('Ctrl Pts',(-3.38064780989777,-3.35,5.82785715159576));
#4257=CARTESIAN_POINT('Ctrl Pts',(-2.22368117343382,-3.35,7.42004725473059));
#4258=CARTESIAN_POINT('Ctrl Pts',(-1.45107336450079,-3.35,9.18037025822655));
#4259=CARTESIAN_POINT('Ctrl Pts',(-5.28063580434788,-2.97417277674049,4.93317694251277));
#4260=CARTESIAN_POINT('Ctrl Pts',(-3.99263762316225,-2.97417277674049,6.31189280670382));
#4261=CARTESIAN_POINT('Ctrl Pts',(-2.89038928634242,-2.97417277674049,7.83592685161154));
#4262=CARTESIAN_POINT('Ctrl Pts',(-2.16314260601546,-2.97417277674049,9.49289827462051));
#4263=CARTESIAN_POINT('Ctrl Pts',(-5.48054105190745,-2.18659921288462,5.11992868879609));
#4264=CARTESIAN_POINT('Ctrl Pts',(-4.20813911891925,-2.18659921288462,6.48194981294343));
#4265=CARTESIAN_POINT('Ctrl Pts',(-3.12471599021829,-2.18659921288462,7.98272214124097));
#4266=CARTESIAN_POINT('Ctrl Pts',(-2.41364298548658,-2.18659921288462,9.60284318185385));
#4267=CARTESIAN_POINT('Ctrl Pts',(-5.48054105190745,-1.85,5.11992868879609));
#4268=CARTESIAN_POINT('Ctrl Pts',(-4.208074031735,-1.85,6.48201948441875));
#4269=CARTESIAN_POINT('Ctrl Pts',(-3.12478348715667,-1.85,7.9825683550484));
#4270=CARTESIAN_POINT('Ctrl Pts',(-2.41364298548658,-1.85,9.60284318185385));
#4271=CARTESIAN_POINT('',(-1.04011464646611,-3.35,9.));
#4272=CARTESIAN_POINT('',(-2.41364298548658,-1.85,9.60284318185385));
#4273=CARTESIAN_POINT('Origin',(-1.04011464646611,-1.85,9.));
#4274=CARTESIAN_POINT('Ctrl Pts',(-2.41364298548658,-1.85,9.60284318185385));
#4275=CARTESIAN_POINT('Ctrl Pts',(-3.12478348715667,-1.85,7.9825683550484));
#4276=CARTESIAN_POINT('Ctrl Pts',(-4.208074031735,-1.85,6.48201948441875));
#4277=CARTESIAN_POINT('Ctrl Pts',(-5.48054105190745,-1.85,5.11992868879609));
#4278=CARTESIAN_POINT('Ctrl Pts',(-4.38443284152596,-3.35,4.09594295103688));
#4279=CARTESIAN_POINT('Ctrl Pts',(-3.02722561680001,-3.35,5.54874246508734));
#4280=CARTESIAN_POINT('Ctrl Pts',(-1.83913273003752,-3.35,7.17950336968193));
#4281=CARTESIAN_POINT('Ctrl Pts',(-1.04011464646611,-3.35,9.));
#4282=CARTESIAN_POINT('Ctrl Pts',(-1.04011464646611,-3.35,9.));
#4283=CARTESIAN_POINT('Ctrl Pts',(-0.752703856660608,-3.35,9.61676952485609));
#4284=CARTESIAN_POINT('Ctrl Pts',(-0.359769682497689,-3.388743850795,10.6654906384875));
#4285=CARTESIAN_POINT('Ctrl Pts',(-0.0562974368845901,-3.60421744398018,
12.1124916238001));
#4286=CARTESIAN_POINT('Ctrl Pts',(-0.000207117070766179,-3.82080842978177,
12.9440100754766));
#4287=CARTESIAN_POINT('Ctrl Pts',(-1.13827226490097E-6,-3.94651079435453,
13.3973756605504));
#4288=CARTESIAN_POINT('Ctrl Pts',(-1.45107336450079,-3.35,9.18037025822655));
#4289=CARTESIAN_POINT('Ctrl Pts',(-1.17589069620736,-3.35472044364826,9.77656863774138));
#4290=CARTESIAN_POINT('Ctrl Pts',(-0.802098111569152,-3.40141848507569,
10.786231675519));
#4291=CARTESIAN_POINT('Ctrl Pts',(-0.511639301112426,-3.61775936881344,
12.1654647733629));
#4292=CARTESIAN_POINT('Ctrl Pts',(-0.452197773631703,-3.82569887597451,
12.9611663456424));
#4293=CARTESIAN_POINT('Ctrl Pts',(-0.448834271539153,-3.94656260381674,
13.397562519622));
#4294=CARTESIAN_POINT('Ctrl Pts',(-2.16305494437922,-2.97405785066893,9.49285979982664));
#4295=CARTESIAN_POINT('Ctrl Pts',(-1.90853038688996,-2.98133935184554,10.0635022537141));
#4296=CARTESIAN_POINT('Ctrl Pts',(-1.56745297347551,-3.03276093613042,11.0243316743527));
#4297=CARTESIAN_POINT('Ctrl Pts',(-1.29919575762907,-3.25628563617792,12.3372410914599));
#4298=CARTESIAN_POINT('Ctrl Pts',(-1.23481751946261,-3.46564802242234,13.0910886336822));
#4299=CARTESIAN_POINT('Ctrl Pts',(-1.22643046789169,-3.58431897332995,13.4983485817533));
#4300=CARTESIAN_POINT('Ctrl Pts',(-2.41364298548658,-2.18659921288462,9.60284318185385));
#4301=CARTESIAN_POINT('Ctrl Pts',(-2.16103819783543,-2.18876170336232,10.1784787471264));
#4302=CARTESIAN_POINT('Ctrl Pts',(-1.82143488858066,-2.23221059342417,11.1574317014047));
#4303=CARTESIAN_POINT('Ctrl Pts',(-1.5589417357277,-2.46855048722501,12.5317235865963));
#4304=CARTESIAN_POINT('Ctrl Pts',(-1.50390019667981,-2.70063476457404,13.3110884775518));
#4305=CARTESIAN_POINT('Ctrl Pts',(-1.50004131055065,-2.82542988697261,13.7088845571379));
#4306=CARTESIAN_POINT('Ctrl Pts',(-2.41364298548658,-1.85,9.60284318185385));
#4307=CARTESIAN_POINT('Ctrl Pts',(-2.15784220018506,-1.85,10.185664118262));
#4308=CARTESIAN_POINT('Ctrl Pts',(-1.81253898980184,-1.89008547881265,11.1819840774281));
#4309=CARTESIAN_POINT('Ctrl Pts',(-1.54877152616567,-2.13190413112926,12.5999851233017));
#4310=CARTESIAN_POINT('Ctrl Pts',(-1.50017968696333,-2.37365667776191,13.4002339310289));
#4311=CARTESIAN_POINT('Ctrl Pts',(-1.50000098752446,-2.50104291591353,13.7988256608416));
#4312=CARTESIAN_POINT('',(-1.50000105025711,-2.50099888545012,13.7986878890824));
#4313=CARTESIAN_POINT('Ctrl Pts',(-1.50000105025167,-2.50099888561213,13.7986878890903));
#4314=CARTESIAN_POINT('Ctrl Pts',(-1.50018528582939,-2.37362882449461,13.4001417300268));
#4315=CARTESIAN_POINT('Ctrl Pts',(-1.54878020904224,-2.13189617077857,12.5999384445799));
#4316=CARTESIAN_POINT('Ctrl Pts',(-1.81253898980184,-1.89008547881265,11.1819840774281));
#4317=CARTESIAN_POINT('Ctrl Pts',(-2.15784220018506,-1.85,10.185664118262));
#4318=CARTESIAN_POINT('Ctrl Pts',(-2.41364298548658,-1.85,9.60284318185385));
#4319=CARTESIAN_POINT('',(-0.00015134889470845,-3.93194637873769,13.3447885822353));
#4320=CARTESIAN_POINT('Ctrl Pts',(-1.04011464646611,-3.35,9.));
#4321=CARTESIAN_POINT('Ctrl Pts',(-0.752703856660608,-3.35,9.61676952485609));
#4322=CARTESIAN_POINT('Ctrl Pts',(-0.359769682497689,-3.388743850795,10.6654906384875));
#4323=CARTESIAN_POINT('Ctrl Pts',(-0.0596608237247506,-3.60182934734796,
12.0964544930837));
#4324=CARTESIAN_POINT('Ctrl Pts',(-0.00242702511062671,-3.81244190597599,
12.9117567744361));
#4325=CARTESIAN_POINT('Ctrl Pts',(-0.000150864797107488,-3.93196152899861,
13.3447843981092));
#4326=CARTESIAN_POINT('Ctrl Pts',(-0.000150836511002519,-3.93196301435317,
13.3447897796473));
#4327=CARTESIAN_POINT('Ctrl Pts',(-0.00336999713991239,-3.93199274781516,
13.3448971247964));
#4328=CARTESIAN_POINT('Ctrl Pts',(-0.00658891528423911,-3.93201183356707,
13.3450074558864));
#4329=CARTESIAN_POINT('Ctrl Pts',(-0.00980754859985532,-3.93202029992049,
13.3451207636161));
#4330=CARTESIAN_POINT('Ctrl Pts',(-0.0688435964043128,-3.93217558944755,
13.3471990496124));
#4331=CARTESIAN_POINT('Ctrl Pts',(-0.12761004803063,-3.92876256798926,13.3502728655363));
#4332=CARTESIAN_POINT('Ctrl Pts',(-0.185849562009465,-3.92199005676604,
13.3542729248472));
#4333=CARTESIAN_POINT('Ctrl Pts',(-0.245283754672079,-3.9150786196789,13.3583550381669));
#4334=CARTESIAN_POINT('Ctrl Pts',(-0.304170065348031,-3.90466817920123,
13.3634018616572));
#4335=CARTESIAN_POINT('Ctrl Pts',(-0.362233622180154,-3.89092813511394,
13.3693553757264));
#4336=CARTESIAN_POINT('Ctrl Pts',(-0.420816447680527,-3.8770652123264,13.3753621327158));
#4337=CARTESIAN_POINT('Ctrl Pts',(-0.478562711651417,-3.85981249071605,
13.3822919762556));
#4338=CARTESIAN_POINT('Ctrl Pts',(-0.535174507492886,-3.83929608672786,
13.3900996199526));
#4339=CARTESIAN_POINT('Ctrl Pts',(-0.552747838414869,-3.83292742183648,
13.3925232545391));
#4340=CARTESIAN_POINT('Ctrl Pts',(-0.570211682008027,-3.82624394778517,
13.3950315701928));
#4341=CARTESIAN_POINT('Ctrl Pts',(-0.587556594664646,-3.81924859764941,
13.3976234645285));
#4342=CARTESIAN_POINT('Ctrl Pts',(-0.643378039533365,-3.79673533628736,
13.4059650047615));
#4343=CARTESIAN_POINT('Ctrl Pts',(-0.697640004946614,-3.77112800484999,
13.4151217642965));
#4344=CARTESIAN_POINT('Ctrl Pts',(-0.750066188158587,-3.7426029301644,13.4250303111867));
#4345=CARTESIAN_POINT('Ctrl Pts',(-0.802508496084601,-3.71406908202547,
13.4349419056474));
#4346=CARTESIAN_POINT('Ctrl Pts',(-0.85311484518358,-3.68261522481415,13.4456058932464));
#4347=CARTESIAN_POINT('Ctrl Pts',(-0.901587769773883,-3.64837237131001,
13.4569724177402));
#4348=CARTESIAN_POINT('Ctrl Pts',(-0.948982552589531,-3.61489115228859,
13.4680861263581));
#4349=CARTESIAN_POINT('Ctrl Pts',(-0.994338532080511,-3.57874307443098,
13.4798716355645));
#4350=CARTESIAN_POINT('Ctrl Pts',(-1.03734511482912,-3.54001489078279,13.4922930091437));
#4351=CARTESIAN_POINT('Ctrl Pts',(-1.04764899068388,-3.53073606947481,13.4952690254446));
#4352=CARTESIAN_POINT('Ctrl Pts',(-1.05781782606233,-3.52130899972538,13.4982815847664));
#4353=CARTESIAN_POINT('Ctrl Pts',(-1.06784698785123,-3.51173461299462,13.5013302705867));
#4354=CARTESIAN_POINT('Ctrl Pts',(-1.10512231359958,-3.47614954698989,13.512661302975));
#4355=CARTESIAN_POINT('Ctrl Pts',(-1.14027986972037,-3.43871201160708,13.5244319448332));
#4356=CARTESIAN_POINT('Ctrl Pts',(-1.17313103642489,-3.39951429816604,13.5366085192601));
#4357=CARTESIAN_POINT('Ctrl Pts',(-1.21021387742408,-3.35526738942942,13.5503536010543));
#4358=CARTESIAN_POINT('Ctrl Pts',(-1.2443592756593,-3.30877792920951,13.564615890701));
#4359=CARTESIAN_POINT('Ctrl Pts',(-1.27549860629657,-3.26037196666827,13.5792935737319));
#4360=CARTESIAN_POINT('Ctrl Pts',(-1.30703121061511,-3.21135466179263,13.5941566283273));
#4361=CARTESIAN_POINT('Ctrl Pts',(-1.33548177947066,-3.16037120134357,13.609445912846));
#4362=CARTESIAN_POINT('Ctrl Pts',(-1.36073335990607,-3.10773463207281,13.6250621910879));
#4363=CARTESIAN_POINT('Ctrl Pts',(-1.36993783809612,-3.08854802491802,13.6307544958866));
#4364=CARTESIAN_POINT('Ctrl Pts',(-1.37871680446902,-3.06914160008369,13.6364902885017));
#4365=CARTESIAN_POINT('Ctrl Pts',(-1.38706292964708,-3.04953007378725,13.6422648592626));
#4366=CARTESIAN_POINT('Ctrl Pts',(-1.40991828956316,-2.99582509303912,13.658078172661));
#4367=CARTESIAN_POINT('Ctrl Pts',(-1.42939732792719,-2.94089764906655,13.6740871369144));
#4368=CARTESIAN_POINT('Ctrl Pts',(-1.44543379826938,-2.88508378832415,13.6901955696855));
#4369=CARTESIAN_POINT('Ctrl Pts',(-1.46150094951339,-2.82916314475824,13.7063348210366));
#4370=CARTESIAN_POINT('Ctrl Pts',(-1.47411268595695,-2.77235166864219,13.7225742167444));
#4371=CARTESIAN_POINT('Ctrl Pts',(-1.48315421584648,-2.71496792870351,13.7388208363652));
#4372=CARTESIAN_POINT('Ctrl Pts',(-1.49199564500217,-2.65885416504232,13.7547078973108));
#4373=CARTESIAN_POINT('Ctrl Pts',(-1.49742328751855,-2.60219222856932,13.7706021410284));
#4374=CARTESIAN_POINT('Ctrl Pts',(-1.49928056136554,-2.54527613180729,13.786416110688));
#4375=CARTESIAN_POINT('Ctrl Pts',(-1.49976167712066,-2.53053235510627,13.7905126255701));
#4376=CARTESIAN_POINT('Ctrl Pts',(-1.50000293905608,-2.51577154410521,13.7946037387939));
#4377=CARTESIAN_POINT('Ctrl Pts',(-1.50000105025167,-2.50099888561212,13.7986878890903));
#4378=CARTESIAN_POINT('Ctrl Pts',(5.9999999999937,-3.4513463514944,10.9964190811093));
#4379=CARTESIAN_POINT('Ctrl Pts',(5.99999999999597,-3.37837794410896,10.3489947517066));
#4380=CARTESIAN_POINT('Ctrl Pts',(5.99999999999824,-3.35,9.68077607157399));
#4381=CARTESIAN_POINT('Ctrl Pts',(6.00000000000052,-3.35,9.));
#4382=CARTESIAN_POINT('Ctrl Pts',(6.44879895050663,-3.45134635149456,10.9964190811107));
#4383=CARTESIAN_POINT('Ctrl Pts',(6.44879895050885,-3.37840390314527,10.349225077574));
#4384=CARTESIAN_POINT('Ctrl Pts',(6.4487989505111,-3.35000000000004,9.68063941520151));
#4385=CARTESIAN_POINT('Ctrl Pts',(6.44879895051334,-3.35,9.00000000000141));
#4386=CARTESIAN_POINT('Ctrl Pts',(7.22627776767478,-3.07769716478159,11.0385314714529));
#4387=CARTESIAN_POINT('Ctrl Pts',(7.22627776767693,-3.0027178240095,10.3732648011537));
#4388=CARTESIAN_POINT('Ctrl Pts',(7.22627776767912,-2.9739851490281,9.69136224521063));
#4389=CARTESIAN_POINT('Ctrl Pts',(7.22627776768132,-2.97398514902803,9.00000000000386));
#4390=CARTESIAN_POINT('Ctrl Pts',(7.49999999999382,-2.29526499778377,11.1267160306681));
#4391=CARTESIAN_POINT('Ctrl Pts',(7.49999999999603,-2.21610077402414,10.424318290102));
#4392=CARTESIAN_POINT('Ctrl Pts',(7.49999999999827,-2.18659921288464,9.71339276011371));
#4393=CARTESIAN_POINT('Ctrl Pts',(7.50000000000052,-2.18659921288462,9.00000000000472));
#4394=CARTESIAN_POINT('Ctrl Pts',(7.4999999999937,-1.96078346914861,11.1644140029807));
#4395=CARTESIAN_POINT('Ctrl Pts',(7.49999999999597,-1.87983239611205,10.4461621450461));
#4396=CARTESIAN_POINT('Ctrl Pts',(7.49999999999824,-1.85,9.7227992858734));
#4397=CARTESIAN_POINT('Ctrl Pts',(7.50000000000052,-1.85,9.00000000000472));
#4398=CARTESIAN_POINT('Ctrl Pts',(5.9999999999937,-3.4513463514944,10.9964190811093));
#4399=CARTESIAN_POINT('Ctrl Pts',(5.99999999999597,-3.37837794410896,10.3489947517066));
#4400=CARTESIAN_POINT('Ctrl Pts',(5.99999999999824,-3.35,9.68077607157399));
#4401=CARTESIAN_POINT('Ctrl Pts',(6.00000000000052,-3.35,9.));
#4402=CARTESIAN_POINT('Ctrl Pts',(-0.00570795286249937,-3.91250335451497,
13.2743425370863));
#4403=CARTESIAN_POINT('Ctrl Pts',(0.0304058952468995,-4.02292827638722,
13.6754318621977));
#4404=CARTESIAN_POINT('Ctrl Pts',(-0.0392689687224788,-4.28266006825163,
14.5645843022623));
#4405=CARTESIAN_POINT('Ctrl Pts',(-0.368697160714294,-4.5652791219116,16.2427472502928));
#4406=CARTESIAN_POINT('Ctrl Pts',(-0.69443948929842,-4.60000000000005,17.3500808805528));
#4407=CARTESIAN_POINT('Ctrl Pts',(-0.903039272684842,-4.6,18.0000000000019));
#4408=CARTESIAN_POINT('Ctrl Pts',(-0.459505782210547,-3.922663732537,13.3112474231812));
#4409=CARTESIAN_POINT('Ctrl Pts',(-0.418741556560724,-4.0185943280762,13.6599926761117));
#4410=CARTESIAN_POINT('Ctrl Pts',(-0.469895219576928,-4.26259511794741,
14.4936228704929));
#4411=CARTESIAN_POINT('Ctrl Pts',(-0.794020432180839,-4.55324976031752,
16.1216640419498));
#4412=CARTESIAN_POINT('Ctrl Pts',(-1.11909072763438,-4.59599408205648,17.2125320474977));
#4413=CARTESIAN_POINT('Ctrl Pts',(-1.32768013742658,-4.60000000000001,17.8547394273305));
#4414=CARTESIAN_POINT('Ctrl Pts',(-1.24511362459418,-3.56625922550402,13.4781018343627));
#4415=CARTESIAN_POINT('Ctrl Pts',(-1.19759476664583,-3.65501908922674,13.7356662450768));
#4416=CARTESIAN_POINT('Ctrl Pts',(-1.21769033084784,-3.88532815274035,14.4536251724953));
#4417=CARTESIAN_POINT('Ctrl Pts',(-1.53198472368792,-4.17022700861987,15.9421336773762));
#4418=CARTESIAN_POINT('Ctrl Pts',(-1.85499646672509,-4.21775190501584,16.9845067297732));
#4419=CARTESIAN_POINT('Ctrl Pts',(-2.06326608274328,-4.22393121746884,17.6031111820586));
#4420=CARTESIAN_POINT('Ctrl Pts',(-1.50787373002229,-2.79570382726903,13.7132339306519));
#4421=CARTESIAN_POINT('Ctrl Pts',(-1.4767768882082,-2.90195265384414,13.941659984364));
#4422=CARTESIAN_POINT('Ctrl Pts',(-1.50616588809207,-3.13890044704424,14.5810136312403));
#4423=CARTESIAN_POINT('Ctrl Pts',(-1.80573357258283,-3.39504396837055,15.9273467454713));
#4424=CARTESIAN_POINT('Ctrl Pts',(-2.11891670424574,-3.43476405499424,16.920061953103));
#4425=CARTESIAN_POINT('Ctrl Pts',(-2.32229681859658,-3.43659921288463,17.5145022982847));
#4426=CARTESIAN_POINT('Ctrl Pts',(-1.5,-2.46631088621478,13.8032310766236));
#4427=CARTESIAN_POINT('Ctrl Pts',(-1.47976295664979,-2.57995527100954,14.0345415405673));
#4428=CARTESIAN_POINT('Ctrl Pts',(-1.5210272394492,-2.81967070573407,14.6546646064922));
#4429=CARTESIAN_POINT('Ctrl Pts',(-1.81395663314108,-3.06357520274824,15.9523505808233));
#4430=CARTESIAN_POINT('Ctrl Pts',(-2.12169179729779,-3.10000000000005,16.9280727658294));
#4431=CARTESIAN_POINT('Ctrl Pts',(-2.32229681859657,-3.1,17.5145022982846));
#4432=CARTESIAN_POINT('Ctrl Pts',(-0.000117265332053382,-3.93196459994913,
13.3447812653374));
#4433=CARTESIAN_POINT('Ctrl Pts',(0.0262521070276629,-4.03795552599877,
13.7272189827624));
#4434=CARTESIAN_POINT('Ctrl Pts',(-0.0447447072606105,-4.28735774768939,
14.5924786408501));
#4435=CARTESIAN_POINT('Ctrl Pts',(-0.368697160714294,-4.5652791219116,16.2427472502928));
#4436=CARTESIAN_POINT('Ctrl Pts',(-0.69443948929842,-4.60000000000005,17.3500808805528));
#4437=CARTESIAN_POINT('Ctrl Pts',(-0.903039272684842,-4.6,18.0000000000019));
#4438=CARTESIAN_POINT('',(-2.32229681859657,-3.1,17.5145022982846));
#4439=CARTESIAN_POINT('Origin',(-0.903039272684842,-3.1,18.0000000000018));
#4440=CARTESIAN_POINT('',(-1.5,-2.46631088621478,13.8032310766236));
#4441=CARTESIAN_POINT('Ctrl Pts',(-2.32229681859657,-3.1,17.5145022982846));
#4442=CARTESIAN_POINT('Ctrl Pts',(-2.12169179729779,-3.10000000000005,16.9280727658294));
#4443=CARTESIAN_POINT('Ctrl Pts',(-1.81395663314108,-3.06357520274824,15.9523505808233));
#4444=CARTESIAN_POINT('Ctrl Pts',(-1.5210272394492,-2.81967070573407,14.6546646064922));
#4445=CARTESIAN_POINT('Ctrl Pts',(-1.47976295664979,-2.57995527100954,14.0345415405673));
#4446=CARTESIAN_POINT('Ctrl Pts',(-1.5,-2.46631088621478,13.8032310766236));
#4447=CARTESIAN_POINT('Ctrl Pts',(-1.5,-2.46631088621478,13.8032310766236));
#4448=CARTESIAN_POINT('Ctrl Pts',(-1.5,-2.47822667017981,13.8032310766236));
#4449=CARTESIAN_POINT('Ctrl Pts',(-1.49999572474753,-2.4897586035183,13.8017964214706));
#4450=CARTESIAN_POINT('Ctrl Pts',(-1.49998858381164,-2.50100172442356,13.7986858955126));
#4451=CARTESIAN_POINT('Ctrl Pts',(-0.903039272684715,-4.6,18.0000000000014));
#4452=CARTESIAN_POINT('Ctrl Pts',(-1.59731723185417,-4.6,20.0322985303628));
#4453=CARTESIAN_POINT('Ctrl Pts',(-3.05022623265087,-4.58625585518174,23.5193381649476));
#4454=CARTESIAN_POINT('Ctrl Pts',(-4.60027628791759,-4.53433468580066,26.9263014780432));
#4455=CARTESIAN_POINT('Ctrl Pts',(-5.28016634040359,-4.52441624368652,28.3807327224056));
#4456=CARTESIAN_POINT('Ctrl Pts',(-1.32768013742645,-4.6,17.8547394273301));
#4457=CARTESIAN_POINT('Ctrl Pts',(-2.01412299502713,-4.60027087397996,19.8636141657788));
#4458=CARTESIAN_POINT('Ctrl Pts',(-3.46340803668785,-4.58919651617716,23.3399633050108));
#4459=CARTESIAN_POINT('Ctrl Pts',(-5.00920399435609,-4.53608358075144,26.7386975537704));
#4460=CARTESIAN_POINT('Ctrl Pts',(-5.68766428757768,-4.52571201405465,28.1907221454169));
#4461=CARTESIAN_POINT('Ctrl Pts',(-2.06311295055817,-4.22373692682796,17.6031635653089));
#4462=CARTESIAN_POINT('Ctrl Pts',(-2.73607816238962,-4.22415476238553,19.5711062631191));
#4463=CARTESIAN_POINT('Ctrl Pts',(-4.17881556789617,-4.21466831610027,23.0230766033548));
#4464=CARTESIAN_POINT('Ctrl Pts',(-5.71731537999127,-4.16086134094903,26.4102717151169));
#4465=CARTESIAN_POINT('Ctrl Pts',(-6.39335315956587,-4.15023711084142,27.859093482395));
#4466=CARTESIAN_POINT('Ctrl Pts',(-2.32229681859645,-3.43659921288462,17.5145022982843));
#4467=CARTESIAN_POINT('Ctrl Pts',(-2.99013361630383,-3.43672330342483,19.4667856456558));
#4468=CARTESIAN_POINT('Ctrl Pts',(-4.42745362633555,-3.42435388990101,22.9021929430083));
#4469=CARTESIAN_POINT('Ctrl Pts',(-5.96481237400261,-3.37180671434988,26.2894508642363));
#4470=CARTESIAN_POINT('Ctrl Pts',(-6.64050881652116,-3.36166145808348,27.738465243199));
#4471=CARTESIAN_POINT('Ctrl Pts',(-2.32229681859645,-3.1,17.5145022982843));
#4472=CARTESIAN_POINT('Ctrl Pts',(-2.98996599123629,-3.1,19.4663024985536));
#4473=CARTESIAN_POINT('Ctrl Pts',(-4.42544383014193,-3.08640821098104,22.897546699047));
#4474=CARTESIAN_POINT('Ctrl Pts',(-5.96362466178519,-3.03439409764509,26.286882488976));
#4475=CARTESIAN_POINT('Ctrl Pts',(-6.63962802095999,-3.02445112129121,27.7365763710226));
#4476=CARTESIAN_POINT('',(-6.63962802095999,-3.02445112129121,27.7365763710226));
#4477=CARTESIAN_POINT('Origin',(-5.28016634040359,-3.02445112129121,28.3705037636305));
#4478=CARTESIAN_POINT('Ctrl Pts',(-6.63962802095999,-3.02445112129121,27.7365763710226));
#4479=CARTESIAN_POINT('Ctrl Pts',(-5.96362466178519,-3.03439409764509,26.286882488976));
#4480=CARTESIAN_POINT('Ctrl Pts',(-4.42544383014193,-3.08640821098104,22.897546699047));
#4481=CARTESIAN_POINT('Ctrl Pts',(-2.98996599123629,-3.1,19.4663024985536));
#4482=CARTESIAN_POINT('Ctrl Pts',(-2.32229681859645,-3.1,17.5145022982843));
#4483=CARTESIAN_POINT('Ctrl Pts',(-5.28016634041574,-4.52441624368634,28.3807327224316));
#4484=CARTESIAN_POINT('Ctrl Pts',(-5.30834086843229,-4.52400522513389,28.4410041055596));
#4485=CARTESIAN_POINT('Ctrl Pts',(-5.3365154199321,-4.52360317067562,28.5012786618396));
#4486=CARTESIAN_POINT('Ctrl Pts',(-5.36468999301058,-4.52320970975599,28.5615563250003));
#4487=CARTESIAN_POINT('Ctrl Pts',(-5.6876642875826,-4.52571201405458,28.1907221454273));
#4488=CARTESIAN_POINT('Ctrl Pts',(-5.71582764493207,-4.52528148871148,28.2509979868442));
#4489=CARTESIAN_POINT('Ctrl Pts',(-5.74399197854673,-4.52486206201872,28.3112780259755));
#4490=CARTESIAN_POINT('Ctrl Pts',(-5.77215584637979,-4.52444990613507,28.3715599724701));
#4491=CARTESIAN_POINT('Ctrl Pts',(-6.39335127496184,-4.15023461496054,27.8590943441595));
#4492=CARTESIAN_POINT('Ctrl Pts',(-6.42149686244713,-4.14979322272862,27.9194163690785));
#4493=CARTESIAN_POINT('Ctrl Pts',(-6.44964274541968,-4.149360868769,27.9797401954935));
#4494=CARTESIAN_POINT('Ctrl Pts',(-6.47778958350278,-4.14893830985214,28.040066414532));
#4495=CARTESIAN_POINT('Ctrl Pts',(-6.64050881650907,-3.36166145808335,27.7384652431729));
#4496=CARTESIAN_POINT('Ctrl Pts',(-6.66867036990015,-3.36124070600423,27.7988582699379));
#4497=CARTESIAN_POINT('Ctrl Pts',(-6.69683255268399,-3.3608288571533,27.8592515204551));
#4498=CARTESIAN_POINT('Ctrl Pts',(-6.72499469122858,-3.36042610040066,27.9196457861772));
#4499=CARTESIAN_POINT('Ctrl Pts',(-6.63962802094785,-3.02445112129103,27.7365763709965));
#4500=CARTESIAN_POINT('Ctrl Pts',(-6.6678025489644,-3.02403908604387,27.7969968413044));
#4501=CARTESIAN_POINT('Ctrl Pts',(-6.6959771004642,-3.0236360583995,27.8574173619723));
#4502=CARTESIAN_POINT('Ctrl Pts',(-6.72415167354269,-3.02324166467905,27.9178379289158));
#4503=CARTESIAN_POINT('',(-6.72415167354268,-3.02324166467587,27.9178379289158));
#4504=CARTESIAN_POINT('Ctrl Pts',(-5.36093251419663,-4.52326223433119,28.553517462078));
#4505=CARTESIAN_POINT('Ctrl Pts',(-5.41441714671152,-4.52342535721422,28.5285771755221));
#4506=CARTESIAN_POINT('Ctrl Pts',(-5.46768468225861,-4.51987394926246,28.503736610955));
#4507=CARTESIAN_POINT('Ctrl Pts',(-5.52050263030837,-4.51282704698596,28.4791052273779));
#4508=CARTESIAN_POINT('Ctrl Pts',(-5.57442862310733,-4.50563231081295,28.4539571127227));
#4509=CARTESIAN_POINT('Ctrl Pts',(-5.62788677640119,-4.49479359988777,28.4290266685679));
#4510=CARTESIAN_POINT('Ctrl Pts',(-5.68062841497532,-4.48048924707234,28.4044306138013));
#4511=CARTESIAN_POINT('Ctrl Pts',(-5.73389062213446,-4.46604370795882,28.3795917919578));
#4512=CARTESIAN_POINT('Ctrl Pts',(-5.78642298573734,-4.44806339062378,28.3550935777519));
#4513=CARTESIAN_POINT('Ctrl Pts',(-5.83795524438615,-4.4266818982661,28.3310624547778));
#4514=CARTESIAN_POINT('Ctrl Pts',(-5.8508338925435,-4.42133835764953,28.3250567335903));
#4515=CARTESIAN_POINT('Ctrl Pts',(-5.86364997138017,-4.41578216319104,28.3190802333771));
#4516=CARTESIAN_POINT('Ctrl Pts',(-5.8763990241276,-4.41001496216757,28.3131350366899));
#4517=CARTESIAN_POINT('Ctrl Pts',(-5.92732603949117,-4.38697745962165,28.2893865175629));
#4518=CARTESIAN_POINT('Ctrl Pts',(-5.97688597909784,-4.36071207892369,28.2662762709882));
#4519=CARTESIAN_POINT('Ctrl Pts',(-6.02482925239875,-4.33140800647594,28.2439207193492));
#4520=CARTESIAN_POINT('Ctrl Pts',(-6.07284759464729,-4.30205805009644,28.2215301636812));
#4521=CARTESIAN_POINT('Ctrl Pts',(-6.11924507183823,-4.26965938914833,28.1998962602894));
#4522=CARTESIAN_POINT('Ctrl Pts',(-6.163752513319,-4.23435413575821,28.1791442503355));
#4523=CARTESIAN_POINT('Ctrl Pts',(-6.20732758346542,-4.1997884801773,28.1588269672175));
#4524=CARTESIAN_POINT('Ctrl Pts',(-6.24909168798805,-4.16243615868923,28.139354679784));
#4525=CARTESIAN_POINT('Ctrl Pts',(-6.28876307166867,-4.12239272065837,28.1208582685497));
#4526=CARTESIAN_POINT('Ctrl Pts',(-6.29820410933862,-4.1128631411023,28.1164564731239));
#4527=CARTESIAN_POINT('Ctrl Pts',(-6.30752646677878,-4.10318099995211,28.1121100196056));
#4528=CARTESIAN_POINT('Ctrl Pts',(-6.31672602806608,-4.09334731393885,28.1078208187242));
#4529=CARTESIAN_POINT('Ctrl Pts',(-6.35587101547964,-4.05150406694086,28.0895698707421));
#4530=CARTESIAN_POINT('Ctrl Pts',(-6.39256702618842,-4.00716365073503,28.0724607311979));
#4531=CARTESIAN_POINT('Ctrl Pts',(-6.42656053405663,-3.96047093981666,28.0566108069336));
#4532=CARTESIAN_POINT('Ctrl Pts',(-6.46028937219486,-3.91414177323266,28.0408842884441));
#4533=CARTESIAN_POINT('Ctrl Pts',(-6.49135836767639,-3.86549626775108,28.0263971043396));
#4534=CARTESIAN_POINT('Ctrl Pts',(-6.51970074847235,-3.81487372764799,28.0131808869009));
#4535=CARTESIAN_POINT('Ctrl Pts',(-6.54837066034128,-3.76366618182517,27.999811939813));
#4536=CARTESIAN_POINT('Ctrl Pts',(-6.57425097117582,-3.71043465388326,27.9877433129429));
#4537=CARTESIAN_POINT('Ctrl Pts',(-6.59723074619229,-3.65550512365268,27.9770270825869));
#4538=CARTESIAN_POINT('Ctrl Pts',(-6.60278144231514,-3.64223705944132,27.9744386091034));
#4539=CARTESIAN_POINT('Ctrl Pts',(-6.60816270147863,-3.62886985016205,27.9719291363778));
#4540=CARTESIAN_POINT('Ctrl Pts',(-6.61337255876774,-3.615407974342,27.9694995847737));
#4541=CARTESIAN_POINT('Ctrl Pts',(-6.63489518839689,-3.55979513289346,27.9594627763858));
#4542=CARTESIAN_POINT('Ctrl Pts',(-6.65340044917188,-3.50281537161908,27.950832904351));
#4543=CARTESIAN_POINT('Ctrl Pts',(-6.66880268744041,-3.44480917882792,27.943650077772));
#4544=CARTESIAN_POINT('Ctrl Pts',(-6.6792584783604,-3.40543174463202,27.9387740245896));
#4545=CARTESIAN_POINT('Ctrl Pts',(-6.68828343249756,-3.36558069861385,27.9345652155251));
#4546=CARTESIAN_POINT('Ctrl Pts',(-6.69583884060642,-3.32535868897522,27.9310417274176));
#4547=CARTESIAN_POINT('Ctrl Pts',(-6.70689924057999,-3.26647748653927,27.9258836754356));
#4548=CARTESIAN_POINT('Ctrl Pts',(-6.7147787674004,-3.20698062870286,27.9222090199279));
#4549=CARTESIAN_POINT('Ctrl Pts',(-6.71937530400117,-3.14719444597438,27.920065406729));
#4550=CARTESIAN_POINT('Ctrl Pts',(-6.72254403318652,-3.10597945335137,27.9185876572198));
#4551=CARTESIAN_POINT('Ctrl Pts',(-6.72415167331552,-3.06462658562242,27.9178379284287));
#4552=CARTESIAN_POINT('Ctrl Pts',(-6.72415167331552,-3.02324166468223,27.9178379284287));
#4553=CARTESIAN_POINT('Ctrl Pts',(-6.72415167354269,-3.02324166467905,27.9178379289158));
#4554=CARTESIAN_POINT('Ctrl Pts',(-6.6959771004642,-3.0236360583995,27.8574173619723));
#4555=CARTESIAN_POINT('Ctrl Pts',(-6.6678025489644,-3.02403908604387,27.7969968413044));
#4556=CARTESIAN_POINT('Ctrl Pts',(-6.63962802094785,-3.02445112129103,27.7365763709965));
#4557=CARTESIAN_POINT('Origin',(-0.441068427610171,0.,28.6409319248021));
#4558=CARTESIAN_POINT('',(-0.441068427610171,3.0270417355066,28.6409319248021));
#4559=CARTESIAN_POINT('Ctrl Pts',(-0.44108643333647,3.03133247186837,28.6409705382067));
#4560=CARTESIAN_POINT('Ctrl Pts',(0.333723355633549,3.04622891686894,26.9793855836775));
#4561=CARTESIAN_POINT('Ctrl Pts',(1.10852130020858,3.06565817276502,25.3178260295353));
#4562=CARTESIAN_POINT('Ctrl Pts',(1.88333201196304,3.08129130849247,23.6562390960885));
#4563=CARTESIAN_POINT('Ctrl Pts',(-0.441083161676706,3.03133253476912,28.6409635221097));
#4564=CARTESIAN_POINT('Ctrl Pts',(-0.530941253983113,3.02960492717356,28.8336648229251));
#4565=CARTESIAN_POINT('Ctrl Pts',(-0.620799505596866,3.02793828599447,29.0263664653762));
#4566=CARTESIAN_POINT('Ctrl Pts',(-0.710657954908635,3.02634560321813,29.2190685317921));
#4567=CARTESIAN_POINT('',(-0.441068427610171,0.,28.6409319248021));
#4568=CARTESIAN_POINT('Ctrl Pts',(1.88333201196305,-5.5,23.6562390960885));
#4569=CARTESIAN_POINT('Ctrl Pts',(1.88333201196305,5.5,23.6562390960885));
#4570=CARTESIAN_POINT('Ctrl Pts',(2.0029846568212,-5.5,23.3996431711319));
#4571=CARTESIAN_POINT('Ctrl Pts',(2.0029846568212,5.5,23.3996431711319));
#4572=CARTESIAN_POINT('Ctrl Pts',(2.24291268932482,-5.5,22.8809321055372));
#4573=CARTESIAN_POINT('Ctrl Pts',(2.24291268932482,5.5,22.8809321055372));
#4574=CARTESIAN_POINT('Ctrl Pts',(2.6047865651449,-5.5,22.0863477182554));
#4575=CARTESIAN_POINT('Ctrl Pts',(2.6047865651449,5.5,22.0863477182554));
#4576=CARTESIAN_POINT('Ctrl Pts',(3.10817861889934,-5.5,21.0086140546413));
#4577=CARTESIAN_POINT('Ctrl Pts',(3.10817861889934,5.5,21.0086140546413));
#4578=CARTESIAN_POINT('Ctrl Pts',(3.85173916447228,-5.5,19.7048475202683));
#4579=CARTESIAN_POINT('Ctrl Pts',(3.85173916447228,5.5,19.7048475202683));
#4580=CARTESIAN_POINT('Ctrl Pts',(4.75274287796798,-5.5,18.5118124588291));
#4581=CARTESIAN_POINT('Ctrl Pts',(4.75274287796798,5.5,18.5118124588291));
#4582=CARTESIAN_POINT('Ctrl Pts',(5.79261414339992,-5.5,17.4626241247211));
#4583=CARTESIAN_POINT('Ctrl Pts',(5.79261414339992,5.5,17.4626241247211));
#4584=CARTESIAN_POINT('Ctrl Pts',(6.74701852394244,-5.5,16.4884599490345));
#4585=CARTESIAN_POINT('Ctrl Pts',(6.74701852394244,5.5,16.4884599490345));
#4586=CARTESIAN_POINT('Ctrl Pts',(7.24676846182774,-5.5,15.5394915860456));
#4587=CARTESIAN_POINT('Ctrl Pts',(7.24676846182774,5.5,15.5394915860456));
#4588=CARTESIAN_POINT('Ctrl Pts',(7.42501547429642,-5.5,14.7114824288051));
#4589=CARTESIAN_POINT('Ctrl Pts',(7.42501547429642,5.5,14.7114824288051));
#4590=CARTESIAN_POINT('Ctrl Pts',(7.47987949061797,-5.5,14.0622756412409));
#4591=CARTESIAN_POINT('Ctrl Pts',(7.47987949061797,5.5,14.0622756412409));
#4592=CARTESIAN_POINT('Ctrl Pts',(7.49612130176645,-5.5,13.6511570921822));
#4593=CARTESIAN_POINT('Ctrl Pts',(7.49612130176645,5.5,13.6511570921822));
#4594=CARTESIAN_POINT('Ctrl Pts',(7.5,-5.5,13.5128048801059));
#4595=CARTESIAN_POINT('Ctrl Pts',(7.5,5.5,13.5128048801059));
#4596=CARTESIAN_POINT('Ctrl Pts',(7.5,-5.5,13.5128048801059));
#4597=CARTESIAN_POINT('Ctrl Pts',(7.5,5.5,13.5128048801059));
#4598=CARTESIAN_POINT('Ctrl Pts',(7.50397780721004,-5.5,13.3709174752123));
#4599=CARTESIAN_POINT('Ctrl Pts',(7.50397780721004,5.5,13.3709174752123));
#4600=CARTESIAN_POINT('Ctrl Pts',(7.51115132619027,-5.5,12.9410614873125));
#4601=CARTESIAN_POINT('Ctrl Pts',(7.51115132619027,5.5,12.9410614873125));
#4602=CARTESIAN_POINT('Ctrl Pts',(7.50757295146584,-5.5,12.4878362423882));
#4603=CARTESIAN_POINT('Ctrl Pts',(7.50757295146584,5.5,12.4878362423882));
#4604=CARTESIAN_POINT('Ctrl Pts',(7.50218498443814,-5.5,12.0104236114889));
#4605=CARTESIAN_POINT('Ctrl Pts',(7.50218498443814,5.5,12.0104236114889));
#4606=CARTESIAN_POINT('Ctrl Pts',(7.4999999999937,-5.5,11.5084616778993));
#4607=CARTESIAN_POINT('Ctrl Pts',(7.4999999999937,5.5,11.5084616778993));
#4608=CARTESIAN_POINT('Ctrl Pts',(7.4999999999937,-5.5,11.1644140029783));
#4609=CARTESIAN_POINT('Ctrl Pts',(7.4999999999937,5.5,11.1644140029783));
#4610=CARTESIAN_POINT('',(7.4999999999937,0.,11.1644140029783));
#4611=CARTESIAN_POINT('Ctrl Pts',(7.49999999999999,2.41131377671077,13.5128048801061));
#4612=CARTESIAN_POINT('Ctrl Pts',(7.52351433853589,2.20740031126916,12.6740542075697));
#4613=CARTESIAN_POINT('Ctrl Pts',(7.49999999999371,2.04860648581883,11.9323455345064));
#4614=CARTESIAN_POINT('Ctrl Pts',(7.49999999999371,1.96078346914887,11.1644140029783));
#4615=CARTESIAN_POINT('Origin',(7.4999999999937,0.,11.1644140029783));
#4616=CARTESIAN_POINT('Ctrl Pts',(-5.48054105190745,-5.5,5.11992868879609));
#4617=CARTESIAN_POINT('Ctrl Pts',(-5.48054105190745,5.5,5.11992868879609));
#4618=CARTESIAN_POINT('Ctrl Pts',(-1.49999999998639,-5.5,9.38083151964904));
#4619=CARTESIAN_POINT('Ctrl Pts',(-1.49999999998639,5.5,9.38083151964904));
#4620=CARTESIAN_POINT('Ctrl Pts',(-1.5,-5.5,13.8032310766236));
#4621=CARTESIAN_POINT('Ctrl Pts',(-1.5,5.5,13.8032310766236));
#4622=CARTESIAN_POINT('',(-1.5,2.46631088621478,13.8032310766236));
#4623=CARTESIAN_POINT('',(-1.5,0.,13.8032310766236));
#4624=CARTESIAN_POINT('',(-1.50000105025711,2.50099888545012,13.7986878890824));
#4625=CARTESIAN_POINT('Ctrl Pts',(-1.49998858381164,2.50100172442355,13.7986858955125));
#4626=CARTESIAN_POINT('Ctrl Pts',(-1.49999185351035,2.49592588396604,13.8000895963729));
#4627=CARTESIAN_POINT('Ctrl Pts',(-1.49999459855793,2.49078231595087,13.8011546829761));
#4628=CARTESIAN_POINT('Ctrl Pts',(-1.49999653013705,2.48555967212015,13.8018997702059));
#4629=CARTESIAN_POINT('Ctrl Pts',(-1.49999769269861,2.4824163139698,13.8023482166426));
#4630=CARTESIAN_POINT('Ctrl Pts',(-1.49999856146276,2.47926099845883,13.8026783462587));
#4631=CARTESIAN_POINT('Ctrl Pts',(-1.49999913469714,2.47609362125481,13.8028976914907));
#4632=CARTESIAN_POINT('Ctrl Pts',(-1.49999942712782,2.47447781048054,13.8030095886113));
#4633=CARTESIAN_POINT('Ctrl Pts',(-1.49999964293968,2.47286048000473,13.8030925424781));
#4634=CARTESIAN_POINT('Ctrl Pts',(-1.49999978565085,2.47124178206962,13.8031477163165));
#4635=CARTESIAN_POINT('Ctrl Pts',(-1.49999993328692,2.46956722364414,13.8032047941776));
#4636=CARTESIAN_POINT('Ctrl Pts',(-1.50001575085169,2.46792244557031,13.8030510435649));
#4637=CARTESIAN_POINT('Ctrl Pts',(-1.5,2.46631088621478,13.8032310766236));
#4638=CARTESIAN_POINT('',(-2.41364298548658,1.85,9.60284318185385));
#4639=CARTESIAN_POINT('Ctrl Pts',(-2.41364298548658,1.85,9.60284318185385));
#4640=CARTESIAN_POINT('Ctrl Pts',(-2.15784220018507,1.85,10.185664118262));
#4641=CARTESIAN_POINT('Ctrl Pts',(-1.81253898980184,1.89008547881265,11.1819840774281));
#4642=CARTESIAN_POINT('Ctrl Pts',(-1.54878020904224,2.13189617077857,12.5999384445799));
#4643=CARTESIAN_POINT('Ctrl Pts',(-1.50018528582939,2.37362882449461,13.4001417300268));
#4644=CARTESIAN_POINT('Ctrl Pts',(-1.50000105025167,2.50099888561212,13.7986878890903));
#4645=CARTESIAN_POINT('Ctrl Pts',(-5.48054105190745,1.85,5.11992868879609));
#4646=CARTESIAN_POINT('Ctrl Pts',(-4.208074031735,1.85,6.48201948441875));
#4647=CARTESIAN_POINT('Ctrl Pts',(-3.12478348715666,1.85,7.98256835504842));
#4648=CARTESIAN_POINT('Ctrl Pts',(-2.41364298548658,1.85,9.60284318185385));
#4649=CARTESIAN_POINT('Ctrl Pts',(-1.5,-5.5,13.8032310766236));
#4650=CARTESIAN_POINT('Ctrl Pts',(-1.5,5.5,13.8032310766236));
#4651=CARTESIAN_POINT('Ctrl Pts',(-1.28552692675483,-5.5,16.2546695213243));
#4652=CARTESIAN_POINT('Ctrl Pts',(-1.28552692675483,5.5,16.2546695213243));
#4653=CARTESIAN_POINT('Ctrl Pts',(-6.63962802095999,-5.5,27.7365763710226));
#4654=CARTESIAN_POINT('Ctrl Pts',(-6.63962802095999,5.5,27.7365763710226));
#4655=CARTESIAN_POINT('',(-6.63962802096014,3.02445112129085,27.7365763710229));
#4656=CARTESIAN_POINT('',(-6.63962802095999,0.,27.7365763710226));
#4657=CARTESIAN_POINT('',(-2.32229681859657,3.1,17.5145022982846));
#4658=CARTESIAN_POINT('Ctrl Pts',(-2.32229681859657,3.1,17.5145022982846));
#4659=CARTESIAN_POINT('Ctrl Pts',(-2.82304869996871,3.1,18.9783524540182));
#4660=CARTESIAN_POINT('Ctrl Pts',(-4.2021630502171,3.09448425932181,22.4089510195018));
#4661=CARTESIAN_POINT('Ctrl Pts',(-5.73829020532098,3.03770842314648,25.8036511876564));
#4662=CARTESIAN_POINT('Ctrl Pts',(-6.63962802096,3.02445112129121,27.7365763710226));
#4663=CARTESIAN_POINT('Ctrl Pts',(-1.5,2.46631088621478,13.8032310766236));
#4664=CARTESIAN_POINT('Ctrl Pts',(-1.47976295664989,2.57995527100906,14.0345415405662));
#4665=CARTESIAN_POINT('Ctrl Pts',(-1.52102723944878,2.81967070573276,14.6546646064884));
#4666=CARTESIAN_POINT('Ctrl Pts',(-1.81395663313859,3.0635752027471,15.9523505808139));
#4667=CARTESIAN_POINT('Ctrl Pts',(-2.1216917972936,3.09999999999962,16.9280727658163));
#4668=CARTESIAN_POINT('Ctrl Pts',(-2.32229681859134,3.1,17.5145022982694));
#4669=CARTESIAN_POINT('Origin',(-6.63962802095999,0.,27.7365763710226));
#4670=CARTESIAN_POINT('',(-6.72415167354268,3.02324166467587,27.9178379289158));
#4671=CARTESIAN_POINT('',(-6.72415167331552,0.,27.9178379284287));
#4672=CARTESIAN_POINT('Ctrl Pts',(-6.6396280209603,3.02445112129085,27.7365763710232));
#4673=CARTESIAN_POINT('Ctrl Pts',(-6.6678025489727,3.02403908604375,27.7969968413222));
#4674=CARTESIAN_POINT('Ctrl Pts',(-6.69597710046836,3.02363605839944,27.8574173619812));
#4675=CARTESIAN_POINT('Ctrl Pts',(-6.72415167354269,3.02324166467905,27.9178379289158));
#4676=CARTESIAN_POINT('Origin',(-6.72415167331552,0.,27.9178379284287));
#4677=CARTESIAN_POINT('',(-4.79011387943143,0.,28.8196945628702));
#4678=CARTESIAN_POINT('Ctrl Pts',(-6.72415167331552,3.02324166468223,27.9178379284287));
#4679=CARTESIAN_POINT('Ctrl Pts',(-6.72415167331552,3.08275364705371,27.9178379284287));
#4680=CARTESIAN_POINT('Ctrl Pts',(-6.72082943894489,3.14211751069248,27.9193872732488));
#4681=CARTESIAN_POINT('Ctrl Pts',(-6.71434260564493,3.20102092351311,27.9224124321749));
#4682=CARTESIAN_POINT('Ctrl Pts',(-6.70775440897161,3.2608447621177,27.9254848622885));
#4683=CARTESIAN_POINT('Ctrl Pts',(-6.6979017442139,3.32019467685883,27.9300796873082));
#4684=CARTESIAN_POINT('Ctrl Pts',(-6.6849008426484,3.37874348987545,27.9361426787962));
#4685=CARTESIAN_POINT('Ctrl Pts',(-6.67193804636582,3.43712069794039,27.9421878998237));
#4686=CARTESIAN_POINT('Ctrl Pts',(-6.65584512198841,3.49470253112764,27.9496928491537));
#4687=CARTESIAN_POINT('Ctrl Pts',(-6.63669313775891,3.55114915553526,27.9586242534312));
#4688=CARTESIAN_POINT('Ctrl Pts',(-6.6318910727277,3.56530227711002,27.9608636654758));
#4689=CARTESIAN_POINT('Ctrl Pts',(-6.6268964869889,3.57938391083616,27.9631928500928));
#4690=CARTESIAN_POINT('Ctrl Pts',(-6.62171009937221,3.59338842677511,27.9656114681607));
#4691=CARTESIAN_POINT('Ctrl Pts',(-6.60093634082426,3.64948265925406,27.9752990949783));
#4692=CARTESIAN_POINT('Ctrl Pts',(-6.57721029527508,3.70401309402876,27.9863633474699));
#4693=CARTESIAN_POINT('Ctrl Pts',(-6.55065532699537,3.75665783507283,27.9987463986279));
#4694=CARTESIAN_POINT('Ctrl Pts',(-6.52437115730779,3.80876572283929,28.0110031716152));
#4695=CARTESIAN_POINT('Ctrl Pts',(-6.49531507814046,3.85902716183542,28.0245521710315));
#4696=CARTESIAN_POINT('Ctrl Pts',(-6.46356480038285,3.90711004405332,28.0393567349648));
#4697=CARTESIAN_POINT('Ctrl Pts',(-6.45161139822224,3.92521237476611,28.0449303840477));
#4698=CARTESIAN_POINT('Ctrl Pts',(-6.43927572557001,3.94300564079699,28.0506821790934));
#4699=CARTESIAN_POINT('Ctrl Pts',(-6.42656053391072,3.96047093981881,28.0566108066209));
#4700=CARTESIAN_POINT('Ctrl Pts',(-6.39705129503152,4.0010041613967,28.0703698824276));
#4701=CARTESIAN_POINT('Ctrl Pts',(-6.36549897920537,4.03977250384861,28.0850809161184));
#4702=CARTESIAN_POINT('Ctrl Pts',(-6.33206843639517,4.07668053086096,28.1006675763537));
#4703=CARTESIAN_POINT('Ctrl Pts',(-6.29386319611529,4.1188599249638,28.1184803921023));
#4704=CARTESIAN_POINT('Ctrl Pts',(-6.25342697881513,4.15836649717636,28.1373333040734));
#4705=CARTESIAN_POINT('Ctrl Pts',(-6.21105540698851,4.19511240397595,28.1570890575637));
#4706=CARTESIAN_POINT('Ctrl Pts',(-6.16803500249444,4.23242099806088,28.1771473294096));
#4707=CARTESIAN_POINT('Ctrl Pts',(-6.12301874685691,4.26688428390199,28.1981366678442));
#4708=CARTESIAN_POINT('Ctrl Pts',(-6.07628142838574,4.29837216934179,28.2199293130074));
#4709=CARTESIAN_POINT('Ctrl Pts',(-6.02962488082375,4.3298056377714,28.2416842963658));
#4710=CARTESIAN_POINT('Ctrl Pts',(-5.98125235403559,4.35827445628137,28.2642402163796));
#4711=CARTESIAN_POINT('Ctrl Pts',(-5.93141539633985,4.38360390198872,28.2874798536755));
#4712=CARTESIAN_POINT('Ctrl Pts',(-5.91979131860498,4.38951179563826,28.2929003159779));
#4713=CARTESIAN_POINT('Ctrl Pts',(-5.90808751089732,4.3952486892948,28.2983580014008));
#4714=CARTESIAN_POINT('Ctrl Pts',(-5.89630707140983,4.40081196671929,28.3038514636474));
#4715=CARTESIAN_POINT('Ctrl Pts',(-5.84589951113865,4.42461678676678,28.3273575501216));
#4716=CARTESIAN_POINT('Ctrl Pts',(-5.79431462711485,4.44514064405268,28.3514134439542));
#4717=CARTESIAN_POINT('Ctrl Pts',(-5.74181645545493,4.4622363860201,28.3758957029694));
#4718=CARTESIAN_POINT('Ctrl Pts',(-5.7063313864846,4.4737919043102,28.3924439868855));
#4719=CARTESIAN_POINT('Ctrl Pts',(-5.67042854813887,4.48378027263676,28.4091872988308));
#4720=CARTESIAN_POINT('Ctrl Pts',(-5.63418604615399,4.4921430443301,28.4260890344388));
#4721=CARTESIAN_POINT('Ctrl Pts',(-5.5812635755701,4.50435463334028,28.4507694940246));
#4722=CARTESIAN_POINT('Ctrl Pts',(-5.5277772108654,4.51306520994268,28.4757129858));
#4723=CARTESIAN_POINT('Ctrl Pts',(-5.47397398071839,4.51811415914361,28.5008034715281));
#4724=CARTESIAN_POINT('Ctrl Pts',(-5.43642062018921,4.52163820424496,28.5183160270722));
#4725=CARTESIAN_POINT('Ctrl Pts',(-5.39871255931662,4.52337745976308,28.5359003427844));
#4726=CARTESIAN_POINT('Ctrl Pts',(-5.36093251419664,4.52326223433119,28.553517462078));
#4727=CARTESIAN_POINT('Ctrl Pts',(-1.04011464646611,3.35,9.));
#4728=CARTESIAN_POINT('Ctrl Pts',(-1.83913273003752,3.35,7.17950336968193));
#4729=CARTESIAN_POINT('Ctrl Pts',(-3.02722561680001,3.35,5.54874246508734));
#4730=CARTESIAN_POINT('Ctrl Pts',(-4.38443284152596,3.35,4.09594295103687));
#4731=CARTESIAN_POINT('Ctrl Pts',(-1.45107336450079,3.35,9.18037025822655));
#4732=CARTESIAN_POINT('Ctrl Pts',(-2.22368117343382,3.35,7.4200472547306));
#4733=CARTESIAN_POINT('Ctrl Pts',(-3.38064780989777,3.35,5.82785715159576));
#4734=CARTESIAN_POINT('Ctrl Pts',(-4.71238765117109,3.35,4.4023187673345));
#4735=CARTESIAN_POINT('Ctrl Pts',(-2.16314260601546,2.97417277674049,9.49289827462051));
#4736=CARTESIAN_POINT('Ctrl Pts',(-2.8903892863424,2.97417277674049,7.83592685161155));
#4737=CARTESIAN_POINT('Ctrl Pts',(-3.99263762316225,2.97417277674049,6.31189280670381));
#4738=CARTESIAN_POINT('Ctrl Pts',(-5.28063580434788,2.97417277674049,4.93317694251276));
#4739=CARTESIAN_POINT('Ctrl Pts',(-2.41364298548658,2.18659921288462,9.60284318185385));
#4740=CARTESIAN_POINT('Ctrl Pts',(-3.12471599021828,2.18659921288462,7.982722141241));
#4741=CARTESIAN_POINT('Ctrl Pts',(-4.20813911891925,2.18659921288462,6.48194981294344));
#4742=CARTESIAN_POINT('Ctrl Pts',(-5.48054105190745,2.18659921288462,5.11992868879609));
#4743=CARTESIAN_POINT('Ctrl Pts',(-2.41364298548658,1.85,9.60284318185385));
#4744=CARTESIAN_POINT('Ctrl Pts',(-3.12478348715666,1.85,7.98256835504842));
#4745=CARTESIAN_POINT('Ctrl Pts',(-4.208074031735,1.85,6.48201948441875));
#4746=CARTESIAN_POINT('Ctrl Pts',(-5.48054105190745,1.85,5.11992868879609));
#4747=CARTESIAN_POINT('Origin',(-1.04011464646611,1.85,9.));
#4748=CARTESIAN_POINT('Ctrl Pts',(5.99999999999371,3.45134635149464,10.9964190811114));
#4749=CARTESIAN_POINT('Ctrl Pts',(5.9999999999937,3.53050905333169,11.6988033181656));
#4750=CARTESIAN_POINT('Ctrl Pts',(6.02180831472546,3.66593361213956,12.3614501954266));
#4751=CARTESIAN_POINT('Ctrl Pts',(6.00058912183892,3.85967150191319,13.0805640155562));
#4752=CARTESIAN_POINT('Ctrl Pts',(6.44879895050653,3.45134635149464,10.9964190811114));
#4753=CARTESIAN_POINT('Ctrl Pts',(6.448552677283,3.53009316278909,11.6952032625297));
#4754=CARTESIAN_POINT('Ctrl Pts',(6.46881562098276,3.66244030878605,12.3504061558705));
#4755=CARTESIAN_POINT('Ctrl Pts',(6.45130585752051,3.86284537576367,13.0923447599005));
#4756=CARTESIAN_POINT('Ctrl Pts',(7.22623304497796,3.07764381380432,11.0385374844101));
#4757=CARTESIAN_POINT('Ctrl Pts',(7.2255948699828,3.15839006933097,11.7511230582717));
#4758=CARTESIAN_POINT('Ctrl Pts',(7.24361266033189,3.29498446280651,12.4183594154153));
#4759=CARTESIAN_POINT('Ctrl Pts',(7.23191242255003,3.50164065106438,13.2115419168344));
#4760=CARTESIAN_POINT('Ctrl Pts',(7.49999999999371,2.29526499778395,11.1267160306656));
#4761=CARTESIAN_POINT('Ctrl Pts',(7.49971369203576,2.38097185672462,11.8774589327516));
#4762=CARTESIAN_POINT('Ctrl Pts',(7.52087800477288,2.53313056952151,12.5951358912187));
#4763=CARTESIAN_POINT('Ctrl Pts',(7.50246431228341,2.73784155280794,13.4249034670216));
#4764=CARTESIAN_POINT('Ctrl Pts',(7.49999999999371,1.96078346914887,11.1644140029783));
#4765=CARTESIAN_POINT('Ctrl Pts',(7.49999999999371,2.04860648581883,11.9323455345064));
#4766=CARTESIAN_POINT('Ctrl Pts',(7.52351433853589,2.20740031126916,12.6740542075697));
#4767=CARTESIAN_POINT('Ctrl Pts',(7.49999999999999,2.41131377671077,13.5128048801061));
#4768=CARTESIAN_POINT('',(6.00058912183892,3.85967150191319,13.0805640155562));
#4769=CARTESIAN_POINT('Origin',(6.00058912183892,2.41131377671078,13.4707689615096));
#4770=CARTESIAN_POINT('Ctrl Pts',(5.99999999999371,3.45134635149464,10.9964190811114));
#4771=CARTESIAN_POINT('Ctrl Pts',(5.9999999999937,3.53050905333169,11.6988033181656));
#4772=CARTESIAN_POINT('Ctrl Pts',(6.02180831472546,3.66593361213956,12.3614501954266));
#4773=CARTESIAN_POINT('Ctrl Pts',(6.00058912183892,3.85967150191319,13.0805640155562));
#4774=CARTESIAN_POINT('Ctrl Pts',(6.00058912183892,3.85967150191317,13.0805640155562));
#4775=CARTESIAN_POINT('Ctrl Pts',(5.99346599711852,3.92470786589293,13.3219651591501));
#4776=CARTESIAN_POINT('Ctrl Pts',(5.96756169130686,4.06703060447889,13.818939317101));
#4777=CARTESIAN_POINT('Ctrl Pts',(5.84102857704879,4.24692247189621,14.5158041229025));
#4778=CARTESIAN_POINT('Ctrl Pts',(5.61784126364613,4.35685410819775,15.0485538156338));
#4779=CARTESIAN_POINT('Ctrl Pts',(5.32144066175198,4.44211114854638,15.5393204738086));
#4780=CARTESIAN_POINT('Ctrl Pts',(4.88054603247303,4.51284142676951,16.0884982843597));
#4781=CARTESIAN_POINT('Ctrl Pts',(4.3319410912918,4.56522074079561,16.7160217650965));
#4782=CARTESIAN_POINT('Ctrl Pts',(3.79543212189236,4.59403538538178,17.346938929806));
#4783=CARTESIAN_POINT('Ctrl Pts',(3.45688310481326,4.6,17.7797732480081));
#4784=CARTESIAN_POINT('Ctrl Pts',(3.29379983192332,4.6,18.));
#4785=CARTESIAN_POINT('Ctrl Pts',(6.45130585752051,3.86284537576366,13.0923447599005));
#4786=CARTESIAN_POINT('Ctrl Pts',(6.44542796057913,3.93011986138221,13.3414080131377));
#4787=CARTESIAN_POINT('Ctrl Pts',(6.42325031142068,4.07842193799842,13.8567722303814));
#4788=CARTESIAN_POINT('Ctrl Pts',(6.29686487818827,4.28010467371995,14.645265753853));
#4789=CARTESIAN_POINT('Ctrl Pts',(6.03264814241747,4.40340379527584,15.284277691475));
#4790=CARTESIAN_POINT('Ctrl Pts',(5.68860386072915,4.48866275518606,15.8421609689434));
#4791=CARTESIAN_POINT('Ctrl Pts',(5.21925160470902,4.5474467493677,16.4125965212767));
#4792=CARTESIAN_POINT('Ctrl Pts',(4.66507714003426,4.58558344421984,17.0350431301574));
#4793=CARTESIAN_POINT('Ctrl Pts',(4.13527216909952,4.60246739549297,17.6485372727746));
#4794=CARTESIAN_POINT('Ctrl Pts',(3.80499290798323,4.60259825137076,18.0657233898704));
#4795=CARTESIAN_POINT('Ctrl Pts',(3.64609390444761,4.6,18.2780456517295));
#4796=CARTESIAN_POINT('Ctrl Pts',(7.23186511729994,3.5015858161089,13.2115553638285));
#4797=CARTESIAN_POINT('Ctrl Pts',(7.22793743478043,3.57095875649713,13.4778208110517));
#4798=CARTESIAN_POINT('Ctrl Pts',(7.21165210626878,3.72353814831732,14.0308302491345));
#4799=CARTESIAN_POINT('Ctrl Pts',(7.08351382946114,3.9333915994666,14.9658070758893));
#4800=CARTESIAN_POINT('Ctrl Pts',(6.74806315696731,4.06115135269801,15.7704259878642));
#4801=CARTESIAN_POINT('Ctrl Pts',(6.32245442920032,4.1437229738705,16.4257088005157));
#4802=CARTESIAN_POINT('Ctrl Pts',(5.8049937326559,4.19354544775756,17.0136923783936));
#4803=CARTESIAN_POINT('Ctrl Pts',(5.24177464678004,4.22196297160801,17.6104289514993));
#4804=CARTESIAN_POINT('Ctrl Pts',(4.72394918445045,4.23147621892406,18.1806593514298));
#4805=CARTESIAN_POINT('Ctrl Pts',(4.40787040073438,4.22788377320465,18.5643334355465));
#4806=CARTESIAN_POINT('Ctrl Pts',(4.25632060805602,4.22387585110599,18.7596628424241));
#4807=CARTESIAN_POINT('Ctrl Pts',(7.50246431228341,2.73784155280792,13.4249034670216));
#4808=CARTESIAN_POINT('Ctrl Pts',(7.49628297311245,2.80656150240181,13.703450250728));
#4809=CARTESIAN_POINT('Ctrl Pts',(7.47386164655184,2.95301143339479,14.2746638789161));
#4810=CARTESIAN_POINT('Ctrl Pts',(7.31703694939134,3.12980518097488,15.2285358097443));
#4811=CARTESIAN_POINT('Ctrl Pts',(6.94636905476882,3.23576056624881,16.0453054919752));
#4812=CARTESIAN_POINT('Ctrl Pts',(6.49874778082871,3.31290464376989,16.6975426099613));
#4813=CARTESIAN_POINT('Ctrl Pts',(5.97848008778199,3.37174958354986,17.2677023956833));
#4814=CARTESIAN_POINT('Ctrl Pts',(5.42535627951167,3.41346075782179,17.838486772537));
#4815=CARTESIAN_POINT('Ctrl Pts',(4.92269530370101,3.4349280879806,18.3802064605915));
#4816=CARTESIAN_POINT('Ctrl Pts',(4.61761575825228,3.43778950224439,18.7438904210113));
#4817=CARTESIAN_POINT('Ctrl Pts',(4.47125603627183,3.43659921288462,18.929299137437));
#4818=CARTESIAN_POINT('Ctrl Pts',(7.5,2.41131377671076,13.5128048801061));
#4819=CARTESIAN_POINT('Ctrl Pts',(7.49210641201083,2.479766005515,13.7943672223567));
#4820=CARTESIAN_POINT('Ctrl Pts',(7.4648447240864,2.62360203175309,14.3682602832217));
#4821=CARTESIAN_POINT('Ctrl Pts',(7.291993329459,2.78637726872726,15.3034020136145));
#4822=CARTESIAN_POINT('Ctrl Pts',(6.91597006955295,2.88308586069914,16.0946005367657));
#4823=CARTESIAN_POINT('Ctrl Pts',(6.47239330889882,2.95791195317706,16.7273480639366));
#4824=CARTESIAN_POINT('Ctrl Pts',(5.96017049788381,3.020546836862,17.2863424920863));
#4825=CARTESIAN_POINT('Ctrl Pts',(5.41447803606172,3.06787635630816,17.849761413616));
#4826=CARTESIAN_POINT('Ctrl Pts',(4.91794932889823,3.09439456447151,18.3857423708507));
#4827=CARTESIAN_POINT('Ctrl Pts',(4.616133161303,3.1,18.7457344886991));
#4828=CARTESIAN_POINT('Ctrl Pts',(4.47125603627183,3.1,18.929299137437));
#4829=CARTESIAN_POINT('Origin',(3.29379983192332,3.1,18.));
#4830=CARTESIAN_POINT('Ctrl Pts',(6.00058912183892,3.85967150191317,13.0805640155562));
#4831=CARTESIAN_POINT('Ctrl Pts',(5.99346599711852,3.92470786589293,13.3219651591501));
#4832=CARTESIAN_POINT('Ctrl Pts',(5.96756169130686,4.06703060447889,13.818939317101));
#4833=CARTESIAN_POINT('Ctrl Pts',(5.84102857704879,4.24692247189621,14.5158041229025));
#4834=CARTESIAN_POINT('Ctrl Pts',(5.61784126364613,4.35685410819775,15.0485538156338));
#4835=CARTESIAN_POINT('Ctrl Pts',(5.32144066175198,4.44211114854638,15.5393204738086));
#4836=CARTESIAN_POINT('Ctrl Pts',(4.88054603247303,4.51284142676951,16.0884982843597));
#4837=CARTESIAN_POINT('Ctrl Pts',(4.3319410912918,4.56522074079561,16.7160217650965));
#4838=CARTESIAN_POINT('Ctrl Pts',(3.79543212189236,4.59403538538178,17.346938929806));
#4839=CARTESIAN_POINT('Ctrl Pts',(3.45688310481326,4.6,17.7797732480081));
#4840=CARTESIAN_POINT('Ctrl Pts',(3.29379983192332,4.6,18.));
#4841=CARTESIAN_POINT('Ctrl Pts',(3.29379983192332,4.6,18.));
#4842=CARTESIAN_POINT('Ctrl Pts',(2.78474826010413,4.6,18.6458491651023));
#4843=CARTESIAN_POINT('Ctrl Pts',(1.75064668835026,4.59884802925351,20.2715671382851));
#4844=CARTESIAN_POINT('Ctrl Pts',(0.986857244670005,4.59060767748836,22.0391663025233));
#4845=CARTESIAN_POINT('Ctrl Pts',(0.523870331407157,4.58122492218825,23.0364239146993));
#4846=CARTESIAN_POINT('Ctrl Pts',(3.64609390444761,4.6,18.2780456517295));
#4847=CARTESIAN_POINT('Ctrl Pts',(3.154039807098,4.5998352295818,18.9021933280748));
#4848=CARTESIAN_POINT('Ctrl Pts',(2.15598768631562,4.59833646244235,20.4678112487864));
#4849=CARTESIAN_POINT('Ctrl Pts',(1.39478879163761,4.58943429362448,22.224508108771));
#4850=CARTESIAN_POINT('Ctrl Pts',(0.929593940269857,4.57944505574376,23.2255991946303));
#4851=CARTESIAN_POINT('Ctrl Pts',(4.25629954593582,4.223843640126,18.7596462192919));
#4852=CARTESIAN_POINT('Ctrl Pts',(3.79344986940482,4.22358947418666,19.3463037138101));
#4853=CARTESIAN_POINT('Ctrl Pts',(2.85770043845896,4.22186902439163,20.8075189779403));
#4854=CARTESIAN_POINT('Ctrl Pts',(2.10136196031504,4.21254316027417,22.5432142640775));
#4855=CARTESIAN_POINT('Ctrl Pts',(1.63241771465787,4.20223641856462,23.5497823139155));
#4856=CARTESIAN_POINT('Ctrl Pts',(4.47125603627183,3.43659921288462,18.929299137437));
#4857=CARTESIAN_POINT('Ctrl Pts',(4.01898226105402,3.43652372962777,19.502344469964));
#4858=CARTESIAN_POINT('Ctrl Pts',(3.10567904360412,3.43520162813467,20.9258153781261));
#4859=CARTESIAN_POINT('Ctrl Pts',(2.35172127787244,3.42665457310759,22.6518529827321));
#4860=CARTESIAN_POINT('Ctrl Pts',(1.88212212830268,3.41702630244663,23.6588336999711));
#4861=CARTESIAN_POINT('Ctrl Pts',(4.47125603627183,3.1,18.929299137437));
#4862=CARTESIAN_POINT('Ctrl Pts',(4.01903351883722,3.1,19.5022817083324));
#4863=CARTESIAN_POINT('Ctrl Pts',(3.10594415386526,3.09884766806595,20.9253848275394));
#4864=CARTESIAN_POINT('Ctrl Pts',(2.35252862962941,3.09063286397857,22.6500437024195));
#4865=CARTESIAN_POINT('Ctrl Pts',(1.88333201196305,3.08129130849247,23.6562390960885));
#4866=CARTESIAN_POINT('Origin',(0.523870331407157,3.08129130849247,23.0223117034794));
#4867=CARTESIAN_POINT('Ctrl Pts',(0.523870331407414,4.58122492218826,23.0364239146987));
#4868=CARTESIAN_POINT('Ctrl Pts',(-0.744863612749844,4.55551313682685,25.7692324399308));
#4869=CARTESIAN_POINT('Ctrl Pts',(-2.0135633239159,4.51989406489766,28.4724816515519));
#4870=CARTESIAN_POINT('Ctrl Pts',(-3.28233686190736,4.51051888744251,31.18992433976));
#4871=CARTESIAN_POINT('Ctrl Pts',(0.929593940270035,4.57944505574377,23.2255991946299));
#4872=CARTESIAN_POINT('Ctrl Pts',(-0.340029315236601,4.55217667611836,25.9580027253024));
#4873=CARTESIAN_POINT('Ctrl Pts',(-1.60744723682563,4.5187912081565,28.6618625597541));
#4874=CARTESIAN_POINT('Ctrl Pts',(-2.87596399467216,4.50986513821995,31.3794168643828));
#4875=CARTESIAN_POINT('Ctrl Pts',(1.6323337113182,4.20212513140185,23.5497420954631));
#4876=CARTESIAN_POINT('Ctrl Pts',(0.361294573099382,4.1740436874805,26.2784075913232));
#4877=CARTESIAN_POINT('Ctrl Pts',(-0.904038508711145,4.14189162930771,28.987685723154));
#4878=CARTESIAN_POINT('Ctrl Pts',(-2.17214657111593,4.13320590218409,31.7063128445397));
#4879=CARTESIAN_POINT('Ctrl Pts',(1.88212212830268,3.41702630244663,23.6588336999711));
#4880=CARTESIAN_POINT('Ctrl Pts',(0.61235299064325,3.3906899450735,26.3818323310084));
#4881=CARTESIAN_POINT('Ctrl Pts',(-0.654844681559044,3.35599172068226,29.0993678733225));
#4882=CARTESIAN_POINT('Ctrl Pts',(-1.92331955750469,3.34681294935657,31.8196297308025));
#4883=CARTESIAN_POINT('Ctrl Pts',(1.88333201196304,3.08129130849247,23.6562390960885));
#4884=CARTESIAN_POINT('Ctrl Pts',(0.614598067805785,3.05569242395185,26.3770478196264));
#4885=CARTESIAN_POINT('Ctrl Pts',(-0.65410164336027,3.01991489745236,29.0977831302778));
#4886=CARTESIAN_POINT('Ctrl Pts',(-1.92287518135174,3.01052781423816,31.8186767630672));
#4887=CARTESIAN_POINT('Ctrl Pts',(-1.13827226501807E-6,3.94651079435454,
13.3973756605504));
#4888=CARTESIAN_POINT('Ctrl Pts',(-0.000207117070765548,3.82080842978177,
12.9440100754766));
#4889=CARTESIAN_POINT('Ctrl Pts',(-0.0562974368845875,3.60421744398019,
12.1124916238001));
#4890=CARTESIAN_POINT('Ctrl Pts',(-0.35976968249769,3.38874385079499,10.6654906384875));
#4891=CARTESIAN_POINT('Ctrl Pts',(-0.752703856660607,3.35,9.61676952485609));
#4892=CARTESIAN_POINT('Ctrl Pts',(-1.04011464646611,3.35,9.));
#4893=CARTESIAN_POINT('Ctrl Pts',(-0.448834271539153,3.94656260381675,13.397562519622));
#4894=CARTESIAN_POINT('Ctrl Pts',(-0.452197773631703,3.82569887597451,12.9611663456424));
#4895=CARTESIAN_POINT('Ctrl Pts',(-0.511639301112424,3.61775936881344,12.1654647733629));
#4896=CARTESIAN_POINT('Ctrl Pts',(-0.802098111569153,3.40141848507569,10.786231675519));
#4897=CARTESIAN_POINT('Ctrl Pts',(-1.17589069620736,3.35472044364826,9.77656863774138));
#4898=CARTESIAN_POINT('Ctrl Pts',(-1.45107336450079,3.35,9.18037025822655));
#4899=CARTESIAN_POINT('Ctrl Pts',(-1.22643046789169,3.58431897332995,13.4983485817533));
#4900=CARTESIAN_POINT('Ctrl Pts',(-1.23481751946261,3.46564802242234,13.0910886336822));
#4901=CARTESIAN_POINT('Ctrl Pts',(-1.29919575762907,3.25628563617792,12.3372410914599));
#4902=CARTESIAN_POINT('Ctrl Pts',(-1.56745297347551,3.03276093613042,11.0243316743527));
#4903=CARTESIAN_POINT('Ctrl Pts',(-1.90853038688996,2.98133935184554,10.0635022537141));
#4904=CARTESIAN_POINT('Ctrl Pts',(-2.16305494437922,2.97405785066893,9.49285979982664));
#4905=CARTESIAN_POINT('Ctrl Pts',(-1.50004131055066,2.82542988697261,13.7088845571379));
#4906=CARTESIAN_POINT('Ctrl Pts',(-1.50390019667981,2.70063476457404,13.3110884775518));
#4907=CARTESIAN_POINT('Ctrl Pts',(-1.5589417357277,2.46855048722501,12.5317235865963));
#4908=CARTESIAN_POINT('Ctrl Pts',(-1.82143488858066,2.23221059342417,11.1574317014047));
#4909=CARTESIAN_POINT('Ctrl Pts',(-2.16103819783543,2.18876170336232,10.1784787471264));
#4910=CARTESIAN_POINT('Ctrl Pts',(-2.41364298548658,2.18659921288462,9.60284318185385));
#4911=CARTESIAN_POINT('Ctrl Pts',(-1.50000098752446,2.50104291591354,13.7988256608416));
#4912=CARTESIAN_POINT('Ctrl Pts',(-1.50017968696333,2.37365667776191,13.4002339310289));
#4913=CARTESIAN_POINT('Ctrl Pts',(-1.54877152616567,2.13190413112926,12.5999851233017));
#4914=CARTESIAN_POINT('Ctrl Pts',(-1.81253898980184,1.89008547881265,11.1819840774281));
#4915=CARTESIAN_POINT('Ctrl Pts',(-2.15784220018507,1.85,10.185664118262));
#4916=CARTESIAN_POINT('Ctrl Pts',(-2.41364298548658,1.85,9.60284318185385));
#4917=CARTESIAN_POINT('',(-0.00015134889467887,3.93194637873813,13.3447885822369));
#4918=CARTESIAN_POINT('Ctrl Pts',(-0.000150864797099293,3.93196152899905,
13.3447843981108));
#4919=CARTESIAN_POINT('Ctrl Pts',(-0.00242702511055844,3.81244190597624,
12.911756774437));
#4920=CARTESIAN_POINT('Ctrl Pts',(-0.0596608237246477,3.60182934734804,
12.0964544930842));
#4921=CARTESIAN_POINT('Ctrl Pts',(-0.35976968249769,3.38874385079499,10.6654906384875));
#4922=CARTESIAN_POINT('Ctrl Pts',(-0.752703856660607,3.35,9.61676952485609));
#4923=CARTESIAN_POINT('Ctrl Pts',(-1.04011464646611,3.35,9.));
#4924=CARTESIAN_POINT('Ctrl Pts',(-1.50000105025167,2.50099888561212,13.7986878890903));
#4925=CARTESIAN_POINT('Ctrl Pts',(-1.50000838402698,2.55835758151474,13.78283011136));
#4926=CARTESIAN_POINT('Ctrl Pts',(-1.49635422663936,2.61553704997947,13.7668676790522));
#4927=CARTESIAN_POINT('Ctrl Pts',(-1.48921140236952,2.67223685092113,13.7508903991484));
#4928=CARTESIAN_POINT('Ctrl Pts',(-1.4819582468012,2.72981246266608,13.7346663269434));
#4929=CARTESIAN_POINT('Ctrl Pts',(-1.47110760065557,2.78689446804976,13.71842665625));
#4930=CARTESIAN_POINT('Ctrl Pts',(-1.45678651085176,2.84316793621808,13.7022636986747));
#4931=CARTESIAN_POINT('Ctrl Pts',(-1.44251394161135,2.89925074708185,13.6861555020023));
#4932=CARTESIAN_POINT('Ctrl Pts',(-1.42479405250109,2.95453148816483,13.6701232094713));
#4933=CARTESIAN_POINT('Ctrl Pts',(-1.40370399780766,3.00868309600211,13.6542608598939));
#4934=CARTESIAN_POINT('Ctrl Pts',(-1.39837232773672,3.02237289012526,13.6502507795159));
#4935=CARTESIAN_POINT('Ctrl Pts',(-1.39282504081658,3.03599040210746,13.6462515857935));
#4936=CARTESIAN_POINT('Ctrl Pts',(-1.38706292962146,3.04953007384744,13.6422648592449));
#4937=CARTESIAN_POINT('Ctrl Pts',(-1.36417452675285,3.10331269813211,13.626428683878));
#4938=CARTESIAN_POINT('Ctrl Pts',(-1.33803451636335,3.15555365049338,13.6108839762936));
#4939=CARTESIAN_POINT('Ctrl Pts',(-1.30877781810897,3.20594583739309,13.5957285910889));
#4940=CARTESIAN_POINT('Ctrl Pts',(-1.27981551167098,3.25583095930192,13.5807257050262));
#4941=CARTESIAN_POINT('Ctrl Pts',(-1.24779849454487,3.30390527348157,13.566104066608));
#4942=CARTESIAN_POINT('Ctrl Pts',(-1.21281144510996,3.34985143611158,13.5519633291955));
#4943=CARTESIAN_POINT('Ctrl Pts',(-1.1999834112285,3.36669763893406,13.5467786148065));
#4944=CARTESIAN_POINT('Ctrl Pts',(-1.18675568728208,3.38325748863358,13.5416586161622));
#4945=CARTESIAN_POINT('Ctrl Pts',(-1.17313103642489,3.39951429816604,13.5366085192601));
#4946=CARTESIAN_POINT('Ctrl Pts',(-1.14027986965933,3.43871201167992,13.5244319448105));
#4947=CARTESIAN_POINT('Ctrl Pts',(-1.10512231346898,3.47614954712896,13.5126613029313));
#4948=CARTESIAN_POINT('Ctrl Pts',(-1.06784698764362,3.51173461319281,13.5013302705236));
#4949=CARTESIAN_POINT('Ctrl Pts',(-1.02574306561592,3.55192932145432,13.4885314312265));
#4950=CARTESIAN_POINT('Ctrl Pts',(-0.981180934276731,3.58953009484396,13.4763685754355));
#4951=CARTESIAN_POINT('Ctrl Pts',(-0.934486374054856,3.62445626196582,13.4648760087545));
#4952=CARTESIAN_POINT('Ctrl Pts',(-0.887067802592441,3.65992396834761,13.4532052468529));
#4953=CARTESIAN_POINT('Ctrl Pts',(-0.837449310295236,3.69263400823837,13.4422255602098));
#4954=CARTESIAN_POINT('Ctrl Pts',(-0.785933990606849,3.72246528156092,13.4319837972793));
#4955=CARTESIAN_POINT('Ctrl Pts',(-0.734484917397131,3.75225819315295,13.4217552048142));
#4956=CARTESIAN_POINT('Ctrl Pts',(-0.681142943427931,3.77918018929272,13.4122625015133));
#4957=CARTESIAN_POINT('Ctrl Pts',(-0.626186025082816,3.80306719818626,13.403565370603));
#4958=CARTESIAN_POINT('Ctrl Pts',(-0.613395951943023,3.80862639983073,13.4015412953128));
#4959=CARTESIAN_POINT('Ctrl Pts',(-0.600518341037249,3.81402101559196,13.3995603711969));
#4960=CARTESIAN_POINT('Ctrl Pts',(-0.587556594355872,3.81924859777394,13.3976234644824));
#4961=CARTESIAN_POINT('Ctrl Pts',(-0.531654274805643,3.84179447656606,13.3892698389442));
#4962=CARTESIAN_POINT('Ctrl Pts',(-0.474518695849194,3.86110389770936,13.381783437059));
#4963=CARTESIAN_POINT('Ctrl Pts',(-0.416455998227098,3.87706414803845,13.375205532484));
#4964=CARTESIAN_POINT('Ctrl Pts',(-0.35875909000187,3.8929238503293,13.3686690680736));
#4965=CARTESIAN_POINT('Ctrl Pts',(-0.300145736140197,3.90547683555269,13.3630295802724));
#4966=CARTESIAN_POINT('Ctrl Pts',(-0.240896582899037,3.91456742400866,13.3583410662824));
#4967=CARTESIAN_POINT('Ctrl Pts',(-0.183369199451003,3.92339384159047,13.35378879967));
#4968=CARTESIAN_POINT('Ctrl Pts',(-0.125241566075186,3.92895635332225,13.3501329900342));
#4969=CARTESIAN_POINT('Ctrl Pts',(-0.0667653778770757,3.93106595549913,
13.3474369076183));
#4970=CARTESIAN_POINT('Ctrl Pts',(-0.0478130909661015,3.9317496831318,13.3465631001925));
#4971=CARTESIAN_POINT('Ctrl Pts',(-0.0288242025712272,3.93207032379791,
13.3457902191779));
#4972=CARTESIAN_POINT('Ctrl Pts',(-0.00980738590516516,3.93202029949247,
13.3451207578884));
#4973=CARTESIAN_POINT('Ctrl Pts',(-0.00658880681134578,3.93201183292383,
13.3450074521681));
#4974=CARTESIAN_POINT('Ctrl Pts',(-0.00336994289934653,3.93199274731461,
13.3448971229893));
#4975=CARTESIAN_POINT('Ctrl Pts',(-0.000150836510994283,3.93196301435361,
13.3447897796489));
#4976=CARTESIAN_POINT('Ctrl Pts',(-5.36468999301058,4.523209709756,28.5615563250003));
#4977=CARTESIAN_POINT('Ctrl Pts',(-5.33651541993625,4.52360317067556,28.5012786618485));
#4978=CARTESIAN_POINT('Ctrl Pts',(-5.30834086844059,4.52400522513378,28.4410041055774));
#4979=CARTESIAN_POINT('Ctrl Pts',(-5.28016634042819,4.52441624368616,28.3807327224582));
#4980=CARTESIAN_POINT('Ctrl Pts',(-5.77215584637979,4.52444990613507,28.3715599724701));
#4981=CARTESIAN_POINT('Ctrl Pts',(-5.74399197855089,4.52486206201866,28.3112780259843));
#4982=CARTESIAN_POINT('Ctrl Pts',(-5.71582764494036,4.52528148871136,28.250997986862));
#4983=CARTESIAN_POINT('Ctrl Pts',(-5.68766428759505,4.52571201405439,28.1907221454539));
#4984=CARTESIAN_POINT('Ctrl Pts',(-6.47778958350277,4.14893830985215,28.040066414532));
#4985=CARTESIAN_POINT('Ctrl Pts',(-6.44964274542383,4.14936086876893,27.9797401955024));
#4986=CARTESIAN_POINT('Ctrl Pts',(-6.42149686245542,4.14979322272849,27.9194163690962));
#4987=CARTESIAN_POINT('Ctrl Pts',(-6.39335127497428,4.15023461496035,27.8590943441861));
#4988=CARTESIAN_POINT('Ctrl Pts',(-6.72499469122858,3.36042610040066,27.9196457861772));
#4989=CARTESIAN_POINT('Ctrl Pts',(-6.69683255268814,3.36082885715324,27.859251520464));
#4990=CARTESIAN_POINT('Ctrl Pts',(-6.66867036990844,3.36124070600411,27.7988582699557));
#4991=CARTESIAN_POINT('Ctrl Pts',(-6.64050881652151,3.36166145808317,27.7384652431996));
#4992=CARTESIAN_POINT('Ctrl Pts',(-6.72415167354269,3.02324166467905,27.9178379289158));
#4993=CARTESIAN_POINT('Ctrl Pts',(-6.69597710046836,3.02363605839944,27.8574173619812));
#4994=CARTESIAN_POINT('Ctrl Pts',(-6.6678025489727,3.02403908604375,27.7969968413222));
#4995=CARTESIAN_POINT('Ctrl Pts',(-6.6396280209603,3.02445112129085,27.7365763710232));
#4996=CARTESIAN_POINT('Origin',(-5.28016634042819,3.02445112129085,28.3705037636833));
#4997=CARTESIAN_POINT('Ctrl Pts',(-5.28016634040359,4.52441624368652,28.3807327224056));
#4998=CARTESIAN_POINT('Ctrl Pts',(-4.37364626699672,4.53764083322201,26.4414910559278));
#4999=CARTESIAN_POINT('Ctrl Pts',(-2.8261756049418,4.59438648461292,23.0259396714355));
#5000=CARTESIAN_POINT('Ctrl Pts',(-1.42374774402959,4.6,19.5242239035326));
#5001=CARTESIAN_POINT('Ctrl Pts',(-0.903039272684841,4.6,18.0000000000018));
#5002=CARTESIAN_POINT('Ctrl Pts',(-5.68766428757768,4.52571201405465,28.1907221454169));
#5003=CARTESIAN_POINT('Ctrl Pts',(-4.7830505598639,4.53954076970262,26.2546893492391));
#5004=CARTESIAN_POINT('Ctrl Pts',(-3.23920035104784,4.59668451965784,22.8466186699485));
#5005=CARTESIAN_POINT('Ctrl Pts',(-1.84251228257254,4.60020315548573,19.3613954868603));
#5006=CARTESIAN_POINT('Ctrl Pts',(-1.32768013742657,4.6,17.8547394273304));
#5007=CARTESIAN_POINT('Ctrl Pts',(-6.39335315956588,4.15023711084142,27.859093482395));
#5008=CARTESIAN_POINT('Ctrl Pts',(-5.49196945006028,4.16440275103843,25.9273311187245));
#5009=CARTESIAN_POINT('Ctrl Pts',(-3.95442352337298,4.22176643442646,22.5312307494644));
#5010=CARTESIAN_POINT('Ctrl Pts',(-2.56783686133914,4.22405030349732,19.0791205942442));
#5011=CARTESIAN_POINT('Ctrl Pts',(-2.06311295055829,4.22373692682796,17.6031635653092));
#5012=CARTESIAN_POINT('Ctrl Pts',(-6.64050881652116,3.36166145808348,27.7384652431991));
#5013=CARTESIAN_POINT('Ctrl Pts',(-5.73958022309203,3.37518846648979,25.8064460639481));
#5014=CARTESIAN_POINT('Ctrl Pts',(-4.20372866539082,3.43213868720338,22.4126482689427));
#5015=CARTESIAN_POINT('Ctrl Pts',(-2.82317441876983,3.43669228079012,18.9787148143463));
#5016=CARTESIAN_POINT('Ctrl Pts',(-2.32229681859657,3.43659921288462,17.5145022982846));
#5017=CARTESIAN_POINT('Ctrl Pts',(-6.63962802096,3.02445112129121,27.7365763710226));
#5018=CARTESIAN_POINT('Ctrl Pts',(-5.73829020532098,3.03770842314648,25.8036511876564));
#5019=CARTESIAN_POINT('Ctrl Pts',(-4.2021630502171,3.09448425932181,22.4089510195018));
#5020=CARTESIAN_POINT('Ctrl Pts',(-2.82304869996871,3.1,18.9783524540182));
#5021=CARTESIAN_POINT('Ctrl Pts',(-2.32229681859657,3.1,17.5145022982846));
#5022=CARTESIAN_POINT('Origin',(-0.903039272684841,3.1,18.0000000000018));
#5023=CARTESIAN_POINT('Ctrl Pts',(-0.903039272679405,4.6,17.999999999985));
#5024=CARTESIAN_POINT('Ctrl Pts',(-0.694439489294021,4.5999999999996,17.350080880538));
#5025=CARTESIAN_POINT('Ctrl Pts',(-0.368697160711607,4.56527912191035,16.2427472502813));
#5026=CARTESIAN_POINT('Ctrl Pts',(-0.0392689687218948,4.28266006825013,
14.564584302257));
#5027=CARTESIAN_POINT('Ctrl Pts',(0.0304058952467667,4.02292827638681,13.6754318621962));
#5028=CARTESIAN_POINT('Ctrl Pts',(-0.0057079528624993,3.91250335451497,
13.2743425370863));
#5029=CARTESIAN_POINT('Ctrl Pts',(-1.32768013742114,4.59999999999991,17.8547394273138));
#5030=CARTESIAN_POINT('Ctrl Pts',(-1.11909072762999,4.59599408205593,17.2125320474831));
#5031=CARTESIAN_POINT('Ctrl Pts',(-0.794020432178151,4.55324976031616,16.1216640419386));
#5032=CARTESIAN_POINT('Ctrl Pts',(-0.469895219576415,4.26259511794595,14.4936228704878));
#5033=CARTESIAN_POINT('Ctrl Pts',(-0.41874155656088,4.01859432807583,13.6599926761103));
#5034=CARTESIAN_POINT('Ctrl Pts',(-0.459505782210547,3.922663732537,13.3112474231812));
#5035=CARTESIAN_POINT('Ctrl Pts',(-2.06326608273785,4.22393121746868,17.6031111820425));
#5036=CARTESIAN_POINT('Ctrl Pts',(-1.85499646672071,4.21775190501524,16.9845067297592));
#5037=CARTESIAN_POINT('Ctrl Pts',(-1.53198472368524,4.17022700861848,15.9421336773657));
#5038=CARTESIAN_POINT('Ctrl Pts',(-1.21769033084744,3.88532815273895,14.4536251724908));
#5039=CARTESIAN_POINT('Ctrl Pts',(-1.19759476664603,3.65501908922636,13.7356662450757));
#5040=CARTESIAN_POINT('Ctrl Pts',(-1.24511362459418,3.56625922550402,13.4781018343627));
#5041=CARTESIAN_POINT('Ctrl Pts',(-2.32229681859128,3.43659921288458,17.5145022982692));
#5042=CARTESIAN_POINT('Ctrl Pts',(-2.11891670424149,3.43476405499377,16.9200619530897));
#5043=CARTESIAN_POINT('Ctrl Pts',(-1.80573357258027,3.39504396836934,15.9273467454616));
#5044=CARTESIAN_POINT('Ctrl Pts',(-1.50616588809167,3.13890044704291,14.5810136312364));
#5045=CARTESIAN_POINT('Ctrl Pts',(-1.47677688820833,2.90195265384369,13.9416599843629));
#5046=CARTESIAN_POINT('Ctrl Pts',(-1.50787373002229,2.79570382726903,13.7132339306519));
#5047=CARTESIAN_POINT('Ctrl Pts',(-2.32229681859134,3.1,17.5145022982694));
#5048=CARTESIAN_POINT('Ctrl Pts',(-2.1216917972936,3.09999999999962,16.9280727658163));
#5049=CARTESIAN_POINT('Ctrl Pts',(-1.81395663313859,3.0635752027471,15.9523505808139));
#5050=CARTESIAN_POINT('Ctrl Pts',(-1.52102723944878,2.81967070573276,14.6546646064884));
#5051=CARTESIAN_POINT('Ctrl Pts',(-1.47976295664989,2.57995527100906,14.0345415405662));
#5052=CARTESIAN_POINT('Ctrl Pts',(-1.5,2.46631088621478,13.8032310766236));
#5053=CARTESIAN_POINT('Ctrl Pts',(-0.903039272679405,4.6,17.999999999985));
#5054=CARTESIAN_POINT('Ctrl Pts',(-0.694439489294021,4.5999999999996,17.350080880538));
#5055=CARTESIAN_POINT('Ctrl Pts',(-0.368697160711607,4.56527912191035,16.2427472502813));
#5056=CARTESIAN_POINT('Ctrl Pts',(-0.0447447072601325,4.28735774768801,
14.5924786408454));
#5057=CARTESIAN_POINT('Ctrl Pts',(0.0262521070274626,4.03795552599869,13.7272189827621));
#5058=CARTESIAN_POINT('Ctrl Pts',(-0.000117265331945781,3.93196459994956,
13.344781265339));
#5059=CARTESIAN_POINT('Ctrl Pts',(-2.69777913776017,4.6,18.));
#5060=CARTESIAN_POINT('Ctrl Pts',(7.50991947133684,4.6,18.));
#5061=CARTESIAN_POINT('Ctrl Pts',(-2.69777913776017,4.6,13.5));
#5062=CARTESIAN_POINT('Ctrl Pts',(7.50991947133684,4.6,13.5));
#5063=CARTESIAN_POINT('Ctrl Pts',(-2.69777913776017,3.35,13.5));
#5064=CARTESIAN_POINT('Ctrl Pts',(7.50991947133684,3.35,13.5));
#5065=CARTESIAN_POINT('Ctrl Pts',(-2.69777913776017,3.35,9.));
#5066=CARTESIAN_POINT('Ctrl Pts',(7.50991947133684,3.35,9.));
#5067=CARTESIAN_POINT('Origin',(0.,-3.35,-7.5));
#5068=CARTESIAN_POINT('',(0.,-3.35,9.));
#5069=CARTESIAN_POINT('Ctrl Pts',(-2.69777913776017,-3.35,9.));
#5070=CARTESIAN_POINT('Ctrl Pts',(7.50996188807369,-3.35,9.));
#5071=CARTESIAN_POINT('Ctrl Pts',(-2.69777913776017,-3.35,13.5));
#5072=CARTESIAN_POINT('Ctrl Pts',(7.50996188807369,-3.35,13.5));
#5073=CARTESIAN_POINT('Ctrl Pts',(-2.69777913776017,-4.6,13.5));
#5074=CARTESIAN_POINT('Ctrl Pts',(7.50996188807369,-4.6,13.5));
#5075=CARTESIAN_POINT('Ctrl Pts',(-2.69777913776017,-4.6,18.));
#5076=CARTESIAN_POINT('Ctrl Pts',(7.50996188807369,-4.6,18.));
#5077=CARTESIAN_POINT('Origin',(-4.79011387943143,0.,28.8196945628702));
#5078=CARTESIAN_POINT('Origin',(-0.0785453127886232,0.,28.8099792295006));
#5079=UNCERTAINTY_MEASURE_WITH_UNIT(LENGTH_MEASURE(0.01),#5083,
'DISTANCE_ACCURACY_VALUE',
'Maximum model space distance between geometric entities at asserted c
onnectivities');
#5080=UNCERTAINTY_MEASURE_WITH_UNIT(LENGTH_MEASURE(0.01),#5083,
'DISTANCE_ACCURACY_VALUE',
'Maximum model space distance between geometric entities at asserted c
onnectivities');
#5081=(
GEOMETRIC_REPRESENTATION_CONTEXT(3)
GLOBAL_UNCERTAINTY_ASSIGNED_CONTEXT((#5079))
GLOBAL_UNIT_ASSIGNED_CONTEXT((#5083,#5085,#5086))
REPRESENTATION_CONTEXT('','3D')
);
#5082=(
GEOMETRIC_REPRESENTATION_CONTEXT(3)
GLOBAL_UNCERTAINTY_ASSIGNED_CONTEXT((#5080))
GLOBAL_UNIT_ASSIGNED_CONTEXT((#5083,#5085,#5086))
REPRESENTATION_CONTEXT('','3D')
);
#5083=(
LENGTH_UNIT()
NAMED_UNIT(*)
SI_UNIT(.MILLI.,.METRE.)
);
#5084=(
LENGTH_UNIT()
NAMED_UNIT(*)
SI_UNIT($,.METRE.)
);
#5085=(
NAMED_UNIT(*)
PLANE_ANGLE_UNIT()
SI_UNIT($,.RADIAN.)
);
#5086=(
NAMED_UNIT(*)
SI_UNIT($,.STERADIAN.)
SOLID_ANGLE_UNIT()
);
#5087=SHAPE_DEFINITION_REPRESENTATION(#5088,#5089);
#5088=PRODUCT_DEFINITION_SHAPE('',$,#5091);
#5089=SHAPE_REPRESENTATION('',(#2108),#5081);
#5090=PRODUCT_DEFINITION_CONTEXT('part definition',#5095,'design');
#5091=PRODUCT_DEFINITION('2026-10-04-20-08-10-636','(Unsaved)',#5092,#5090);
#5092=PRODUCT_DEFINITION_FORMATION('',$,#5097);
#5093=PRODUCT_RELATED_PRODUCT_CATEGORY('(Unsaved)','(Unsaved)',(#5097));
#5094=APPLICATION_PROTOCOL_DEFINITION('international standard',
'automotive_design',2009,#5095);
#5095=APPLICATION_CONTEXT(
'Core Data for Automotive Mechanical Design Process');
#5096=PRODUCT_CONTEXT('part definition',#5095,'mechanical');
#5097=PRODUCT('2026-10-04-20-08-10-636','(Unsaved)',$,(#5096));
#5098=PRESENTATION_STYLE_ASSIGNMENT((#5099));
#5099=SURFACE_STYLE_USAGE(.BOTH.,#5100);
#5100=SURFACE_SIDE_STYLE('',(#5101));
#5101=SURFACE_STYLE_FILL_AREA(#5102);
#5102=FILL_AREA_STYLE('Steel - Satin',(#5103));
#5103=FILL_AREA_STYLE_COLOUR('Steel - Satin',#5104);
#5104=COLOUR_RGB('Steel - Satin',0.627450980392157,0.627450980392157,0.627450980392157);
ENDSEC;
END-ISO-10303-21;
