ISO-10303-21;
HEADER;
/* Generated by software containing ST-Developer
 * from STEP Tools, Inc. (www.steptools.com) 
 */

FILE_DESCRIPTION(
/* description */ (''),
/* implementation_level */ '2;1');

FILE_NAME(
/* name */ 'T-TP-R.step',
/* time_stamp */ '2026-08-20T18:05:34+02:00',
/* author */ (''),
/* organization */ (''),
/* preprocessor_version */ 'ST-DEVELOPER v20.1',
/* originating_system */ 'Autodesk Translation Framework v15.8.0.0',
/* authorisation */ '');

FILE_SCHEMA (('AUTOMOTIVE_DESIGN { 1 0 10303 214 3 1 1 }'));
ENDSEC;

DATA;
#10=MECHANICAL_DESIGN_GEOMETRIC_PRESENTATION_REPRESENTATION('',(#13),#10475);
#11=SHAPE_REPRESENTATION_RELATIONSHIP('SRR','None',#10481,#12);
#12=ADVANCED_BREP_SHAPE_REPRESENTATION('',(#14),#10474);
#13=STYLED_ITEM('',(#10491),#14);
#14=MANIFOLD_SOLID_BREP('T-TP',#4865);
#15=ELLIPSE('',#4984,0.952627944162883,0.55);
#16=ELLIPSE('',#4985,0.952627944162884,0.55);
#17=ELLIPSE('',#4987,1.66015394199186,0.55);
#18=ELLIPSE('',#4988,1.66015394199186,0.55);
#19=ELLIPSE('',#4999,2.00043847517651,2.);
#20=ELLIPSE('',#5011,2.00043847517651,2.);
#21=ELLIPSE('',#5069,0.952627944162883,0.55);
#22=ELLIPSE('',#5070,0.952627944162883,0.55);
#23=ELLIPSE('',#5071,0.952627944162884,0.55);
#24=ELLIPSE('',#5074,0.952627944162882,0.55);
#25=ELLIPSE('',#5075,0.952627944162884,0.55);
#26=ELLIPSE('',#5076,0.952627944162884,0.55);
#27=ELLIPSE('',#5078,0.952627944162884,0.55);
#28=ELLIPSE('',#5079,0.952627944162882,0.55);
#29=ELLIPSE('',#5082,0.952627944162884,0.55);
#30=ELLIPSE('',#5083,0.952627944162883,0.55);
#31=ELLIPSE('',#5085,0.622557728246948,0.55);
#32=ELLIPSE('',#5089,1.66015394199186,0.55);
#33=ELLIPSE('',#5090,0.622557728246948,0.55);
#34=ELLIPSE('',#5091,1.66015394199186,0.55);
#35=ELLIPSE('',#5092,1.66015394199186,0.55);
#36=ELLIPSE('',#5095,1.66015394199186,0.55);
#37=ELLIPSE('',#5096,1.66015394199185,0.55);
#38=ELLIPSE('',#5097,0.622557728246948,0.55);
#39=ELLIPSE('',#5100,1.66015394199186,0.55);
#40=ELLIPSE('',#5101,0.622557728246948,0.55);
#41=ELLIPSE('',#5162,4.32177946889679,4.1);
#42=ELLIPSE('',#5163,3.68932393694592,3.50000000007856);
#43=ELLIPSE('',#5164,3.68932393694592,3.50000000007856);
#44=ELLIPSE('',#5170,3.68932393694592,3.50000000007856);
#45=ELLIPSE('',#5172,4.32177946889679,4.1);
#46=ELLIPSE('',#5173,3.68932393694592,3.50000000007856);
#47=ELLIPSE('',#5187,4.32177946889679,4.1);
#48=ELLIPSE('',#5189,4.32177946889679,4.1);
#49=ELLIPSE('',#5197,3.68932393694592,3.50000000007856);
#50=ELLIPSE('',#5200,3.68932393694592,3.50000000007856);
#51=ELLIPSE('',#5205,3.68932393694592,3.50000000007856);
#52=ELLIPSE('',#5208,3.68932393694592,3.50000000007856);
#53=(
BOUNDED_CURVE()
B_SPLINE_CURVE(2,(#9268,#9269,#9270),.UNSPECIFIED.,.F.,.F.)
B_SPLINE_CURVE_WITH_KNOTS((3,3),(8.17552880659251,8.53932528336043),
 .UNSPECIFIED.)
CURVE()
GEOMETRIC_REPRESENTATION_ITEM()
RATIONAL_B_SPLINE_CURVE((4.55738437102223,4.14628911747581,3.69156390338558))
REPRESENTATION_ITEM('')
);
#54=(
BOUNDED_CURVE()
B_SPLINE_CURVE(2,(#9289,#9290,#9291),.UNSPECIFIED.,.F.,.F.)
B_SPLINE_CURVE_WITH_KNOTS((3,3),(1.30688862824341,1.3199184419637),
 .UNSPECIFIED.)
CURVE()
GEOMETRIC_REPRESENTATION_ITEM()
RATIONAL_B_SPLINE_CURVE((4.52788064845786,4.54266049402838,4.557384371023))
REPRESENTATION_ITEM('')
);
#55=(
BOUNDED_CURVE()
B_SPLINE_CURVE(2,(#9314,#9315,#9316),.UNSPECIFIED.,.F.,.F.)
B_SPLINE_CURVE_WITH_KNOTS((3,3),(0.940445923598528,1.31991844196439),
 .UNSPECIFIED.)
CURVE()
GEOMETRIC_REPRESENTATION_ITEM()
RATIONAL_B_SPLINE_CURVE((3.65229454552853,4.12857496490216,4.55738437102247))
REPRESENTATION_ITEM('')
);
#56=(
BOUNDED_CURVE()
B_SPLINE_CURVE(2,(#9321,#9322,#9323),.UNSPECIFIED.,.F.,.F.)
B_SPLINE_CURVE_WITH_KNOTS((3,3),(8.17552880659319,8.19974950488707),
 .UNSPECIFIED.)
CURVE()
GEOMETRIC_REPRESENTATION_ITEM()
RATIONAL_B_SPLINE_CURVE((4.55738437102274,4.53001463343027,4.5024515026543))
REPRESENTATION_ITEM('')
);
#57=CONICAL_SURFACE('',#4967,9.5,1.40564764938027);
#58=CONICAL_SURFACE('',#4970,9.5,1.40564764938027);
#59=CONICAL_SURFACE('',#4976,9.5,1.40564764938027);
#60=CONICAL_SURFACE('',#4979,9.5,1.40564764938027);
#61=TOROIDAL_SURFACE('',#4924,7.50000000000001,1.);
#62=TOROIDAL_SURFACE('',#4940,7.50000000000001,1.);
#63=TOROIDAL_SURFACE('',#5136,2.9,1.);
#64=TOROIDAL_SURFACE('',#5139,2.9,1.);
#65=TOROIDAL_SURFACE('',#5141,2.9,1.);
#66=TOROIDAL_SURFACE('',#5143,2.9,1.);
#67=(
BOUNDED_SURFACE()
B_SPLINE_SURFACE(5,1,((#7146,#7147),(#7148,#7149),(#7150,#7151),(#7152,
#7153),(#7154,#7155),(#7156,#7157),(#7158,#7159),(#7160,#7161),(#7162,#7163),
(#7164,#7165),(#7166,#7167),(#7168,#7169),(#7170,#7171)),.UNSPECIFIED.,
 .F.,.F.,.F.)
B_SPLINE_SURFACE_WITH_KNOTS((6,1,1,1,1,1,1,1,6),(2,2),(0.476536548328277,
0.533333333333333,0.6,0.666666666666667,0.733333333333333,0.8,0.866666666666667,
0.933333333333333,0.969137526277521),(-3.1,3.1),.UNSPECIFIED.)
GEOMETRIC_REPRESENTATION_ITEM()
RATIONAL_B_SPLINE_SURFACE(((1.,1.),(1.,1.),(1.,1.),(1.,1.),(1.,1.),(1.,
1.),(1.,1.),(1.,1.),(1.,1.),(1.,1.),(1.,1.),(1.,1.),(1.,1.)))
REPRESENTATION_ITEM('')
SURFACE()
);
#68=(
BOUNDED_SURFACE()
B_SPLINE_SURFACE(5,1,((#7195,#7196),(#7197,#7198),(#7199,#7200),(#7201,
#7202),(#7203,#7204),(#7205,#7206),(#7207,#7208),(#7209,#7210),(#7211,#7212),
(#7213,#7214),(#7215,#7216),(#7217,#7218),(#7219,#7220)),.UNSPECIFIED.,
 .F.,.F.,.F.)
B_SPLINE_SURFACE_WITH_KNOTS((6,1,1,1,1,1,1,1,6),(2,2),(0.,0.0666666666666667,
0.133333333333333,0.2,0.266666666666667,0.333333333333333,0.4,0.466666666666667,
0.476536548328277),(-3.1,3.1),.UNSPECIFIED.)
GEOMETRIC_REPRESENTATION_ITEM()
RATIONAL_B_SPLINE_SURFACE(((1.,1.),(1.,1.),(1.,1.),(1.,1.),(1.,1.),(1.,
1.),(1.,1.),(1.,1.),(1.,1.),(1.,1.),(1.,1.),(1.,1.),(1.,1.)))
REPRESENTATION_ITEM('')
SURFACE()
);
#69=(
BOUNDED_SURFACE()
B_SPLINE_SURFACE(5,1,((#8819,#8820),(#8821,#8822),(#8823,#8824),(#8825,
#8826),(#8827,#8828),(#8829,#8830),(#8831,#8832),(#8833,#8834),(#8835,#8836),
(#8837,#8838),(#8839,#8840),(#8841,#8842),(#8843,#8844),(#8845,#8846),(#8847,
#8848),(#8849,#8850),(#8851,#8852),(#8853,#8854),(#8855,#8856),(#8857,#8858),
(#8859,#8860),(#8861,#8862),(#8863,#8864),(#8865,#8866),(#8867,#8868)),
 .UNSPECIFIED.,.F.,.F.,.F.)
B_SPLINE_SURFACE_WITH_KNOTS((6,5,1,1,1,1,1,1,1,1,1,5,6),(2,2),(-1.05641088051419,
-1.,-0.9,-0.8,-0.7,-0.6,-0.5,-0.4,-0.3,-0.2,-0.1,0.,0.63421759895764),(-1.59529869310593,
1.01871539336679),.UNSPECIFIED.)
GEOMETRIC_REPRESENTATION_ITEM()
RATIONAL_B_SPLINE_SURFACE(((1.,1.),(1.,1.),(1.,1.),(1.,1.),(1.,1.),(1.,
1.),(1.,1.),(1.,1.),(1.,1.),(1.,1.),(1.,1.),(1.,1.),(1.,1.),(1.,1.),(1.,
1.),(1.,1.),(1.,1.),(1.,1.),(1.,1.),(1.,1.),(1.,1.),(1.,1.),(1.,1.),(1.,
1.),(1.,1.)))
REPRESENTATION_ITEM('')
SURFACE()
);
#70=(
BOUNDED_SURFACE()
B_SPLINE_SURFACE(5,1,((#8928,#8929),(#8930,#8931),(#8932,#8933),(#8934,
#8935),(#8936,#8937),(#8938,#8939),(#8940,#8941),(#8942,#8943),(#8944,#8945),
(#8946,#8947),(#8948,#8949),(#8950,#8951),(#8952,#8953),(#8954,#8955),(#8956,
#8957),(#8958,#8959),(#8960,#8961),(#8962,#8963),(#8964,#8965),(#8966,#8967),
(#8968,#8969),(#8970,#8971),(#8972,#8973),(#8974,#8975),(#8976,#8977),(#8978,
#8979),(#8980,#8981),(#8982,#8983),(#8984,#8985),(#8986,#8987)),
 .UNSPECIFIED.,.F.,.F.,.F.)
B_SPLINE_SURFACE_WITH_KNOTS((6,1,1,1,1,1,1,1,1,1,1,1,1,1,1,1,1,1,1,1,5,
6),(2,2),(0.,0.05,0.1,0.15,0.2,0.25,0.3,0.35,0.4,0.45,0.5,0.55,0.6,0.65,
0.7,0.75,0.8,0.85,0.9,0.95,1.,1.06264137601661),(-0.65,0.65),
 .UNSPECIFIED.)
GEOMETRIC_REPRESENTATION_ITEM()
RATIONAL_B_SPLINE_SURFACE(((1.,1.),(1.,1.),(1.,1.),(1.,1.),(1.,1.),(1.,
1.),(1.,1.),(1.,1.),(1.,1.),(1.,1.),(1.,1.),(1.,1.),(1.,1.),(1.,1.),(1.,
1.),(1.,1.),(1.,1.),(1.,1.),(1.,1.),(1.,1.),(1.,1.),(1.,1.),(1.,1.),(1.,
1.),(1.,1.),(1.,1.),(1.,1.),(1.,1.),(1.,1.),(1.,1.)))
REPRESENTATION_ITEM('')
SURFACE()
);
#71=(
BOUNDED_SURFACE()
B_SPLINE_SURFACE(5,1,((#9139,#9140),(#9141,#9142),(#9143,#9144),(#9145,
#9146),(#9147,#9148),(#9149,#9150),(#9151,#9152),(#9153,#9154),(#9155,#9156),
(#9157,#9158),(#9159,#9160),(#9161,#9162),(#9163,#9164),(#9165,#9166),(#9167,
#9168),(#9169,#9170),(#9171,#9172),(#9173,#9174),(#9175,#9176),(#9177,#9178)),
 .UNSPECIFIED.,.F.,.F.,.F.)
B_SPLINE_SURFACE_WITH_KNOTS((6,5,1,1,1,1,1,1,1,1,1,6),(2,2),(-3.00100139216625,
0.,0.1,0.2,0.3,0.4,0.5,0.6,0.7,0.8,0.9,1.),(-2.75261004272607,0.754983443527075),
 .UNSPECIFIED.)
GEOMETRIC_REPRESENTATION_ITEM()
RATIONAL_B_SPLINE_SURFACE(((1.,1.),(1.,1.),(1.,1.),(1.,1.),(1.,1.),(1.,
1.),(1.,1.),(1.,1.),(1.,1.),(1.,1.),(1.,1.),(1.,1.),(1.,1.),(1.,1.),(1.,
1.),(1.,1.),(1.,1.),(1.,1.),(1.,1.),(1.,1.)))
REPRESENTATION_ITEM('')
SURFACE()
);
#72=(
BOUNDED_SURFACE()
B_SPLINE_SURFACE(5,1,((#10130,#10131),(#10132,#10133),(#10134,#10135),(#10136,
#10137),(#10138,#10139),(#10140,#10141)),.UNSPECIFIED.,.F.,.F.,.F.)
B_SPLINE_SURFACE_WITH_KNOTS((6,6),(2,2),(0.,0.0174100808323804),(-0.65,
0.65),.UNSPECIFIED.)
GEOMETRIC_REPRESENTATION_ITEM()
RATIONAL_B_SPLINE_SURFACE(((1.,1.),(1.,1.),(1.,1.),(1.,1.),(1.,1.),(1.,
1.)))
REPRESENTATION_ITEM('')
SURFACE()
);
#73=(
BOUNDED_SURFACE()
B_SPLINE_SURFACE(5,1,((#10144,#10145),(#10146,#10147),(#10148,#10149),(#10150,
#10151),(#10152,#10153),(#10154,#10155),(#10156,#10157),(#10158,#10159),
(#10160,#10161),(#10162,#10163),(#10164,#10165),(#10166,#10167),(#10168,
#10169),(#10170,#10171),(#10172,#10173)),.UNSPECIFIED.,.F.,.F.,.F.)
B_SPLINE_SURFACE_WITH_KNOTS((6,1,1,1,1,5,6),(2,2),(0.,0.2,0.4,0.6,0.8,1.,
1.2341342305407),(-0.800858263609085,0.709030339335725),.UNSPECIFIED.)
GEOMETRIC_REPRESENTATION_ITEM()
RATIONAL_B_SPLINE_SURFACE(((1.,1.),(1.,1.),(1.,1.),(1.,1.),(1.,1.),(1.,
1.),(1.,1.),(1.,1.),(1.,1.),(1.,1.),(1.,1.),(1.,1.),(1.,1.),(1.,1.),(1.,
1.)))
REPRESENTATION_ITEM('')
SURFACE()
);
#74=(
BOUNDED_SURFACE()
B_SPLINE_SURFACE(5,1,((#10191,#10192),(#10193,#10194),(#10195,#10196),(#10197,
#10198),(#10199,#10200),(#10201,#10202),(#10203,#10204),(#10205,#10206)),
 .UNSPECIFIED.,.F.,.F.,.F.)
B_SPLINE_SURFACE_WITH_KNOTS((6,1,1,6),(2,2),(0.,0.1,0.2,0.20493810290389),
(-0.65,0.65),.UNSPECIFIED.)
GEOMETRIC_REPRESENTATION_ITEM()
RATIONAL_B_SPLINE_SURFACE(((1.,1.),(1.,1.),(1.,1.),(1.,1.),(1.,1.),(1.,
1.),(1.,1.),(1.,1.)))
REPRESENTATION_ITEM('')
SURFACE()
);
#75=CYLINDRICAL_SURFACE('',#4908,16.);
#76=CYLINDRICAL_SURFACE('',#4909,11.);
#77=CYLINDRICAL_SURFACE('',#4933,8.50000000000001);
#78=CYLINDRICAL_SURFACE('',#4959,11.);
#79=CYLINDRICAL_SURFACE('',#4974,11.);
#80=CYLINDRICAL_SURFACE('',#4990,8.50000000000001);
#81=CYLINDRICAL_SURFACE('',#4992,11.);
#82=CYLINDRICAL_SURFACE('',#4994,11.);
#83=CYLINDRICAL_SURFACE('',#4998,2.);
#84=CYLINDRICAL_SURFACE('',#5010,2.);
#85=CYLINDRICAL_SURFACE('',#5018,11.);
#86=CYLINDRICAL_SURFACE('',#5024,9.5);
#87=CYLINDRICAL_SURFACE('',#5027,5.);
#88=CYLINDRICAL_SURFACE('',#5029,9.5);
#89=CYLINDRICAL_SURFACE('',#5042,9.5);
#90=CYLINDRICAL_SURFACE('',#5045,5.);
#91=CYLINDRICAL_SURFACE('',#5048,9.5);
#92=CYLINDRICAL_SURFACE('',#5053,0.625);
#93=CYLINDRICAL_SURFACE('',#5054,0.625);
#94=CYLINDRICAL_SURFACE('',#5055,0.625);
#95=CYLINDRICAL_SURFACE('',#5056,0.625);
#96=CYLINDRICAL_SURFACE('',#5057,0.625);
#97=CYLINDRICAL_SURFACE('',#5058,0.625);
#98=CYLINDRICAL_SURFACE('',#5064,8.25);
#99=CYLINDRICAL_SURFACE('',#5065,11.);
#100=CYLINDRICAL_SURFACE('',#5067,11.);
#101=CYLINDRICAL_SURFACE('',#5068,0.55);
#102=CYLINDRICAL_SURFACE('',#5073,0.55);
#103=CYLINDRICAL_SURFACE('',#5077,0.55);
#104=CYLINDRICAL_SURFACE('',#5081,0.55);
#105=CYLINDRICAL_SURFACE('',#5084,0.55);
#106=CYLINDRICAL_SURFACE('',#5088,0.55);
#107=CYLINDRICAL_SURFACE('',#5094,0.55);
#108=CYLINDRICAL_SURFACE('',#5099,0.55);
#109=CYLINDRICAL_SURFACE('',#5125,6.);
#110=CYLINDRICAL_SURFACE('',#5126,5.);
#111=CYLINDRICAL_SURFACE('',#5127,6.);
#112=CYLINDRICAL_SURFACE('',#5138,1.);
#113=CYLINDRICAL_SURFACE('',#5145,1.);
#114=CYLINDRICAL_SURFACE('',#5146,1.9);
#115=CYLINDRICAL_SURFACE('',#5149,1.9);
#116=CYLINDRICAL_SURFACE('',#5153,1.9);
#117=CYLINDRICAL_SURFACE('',#5156,1.9);
#118=CYLINDRICAL_SURFACE('',#5168,3.50000000007856);
#119=CYLINDRICAL_SURFACE('',#5177,3.50000000007856);
#120=CYLINDRICAL_SURFACE('',#5178,3.50000000007856);
#121=CYLINDRICAL_SURFACE('',#5185,4.1);
#122=CYLINDRICAL_SURFACE('',#5186,4.1);
#123=CYLINDRICAL_SURFACE('',#5196,3.50000000007856);
#124=CYLINDRICAL_SURFACE('',#5199,3.50000000007856);
#125=CYLINDRICAL_SURFACE('',#5206,3.50000000007856);
#126=CIRCLE('',#4903,2.9);
#127=CIRCLE('',#4904,2.9);
#128=CIRCLE('',#4905,11.);
#129=CIRCLE('',#4906,11.);
#130=CIRCLE('',#4910,11.);
#131=CIRCLE('',#4911,11.);
#132=CIRCLE('',#4913,7.50000000000001);
#133=CIRCLE('',#4915,11.);
#134=CIRCLE('',#4918,11.);
#135=CIRCLE('',#4919,8.25);
#136=CIRCLE('',#4920,1.);
#137=CIRCLE('',#4921,1.);
#138=CIRCLE('',#4922,1.);
#139=CIRCLE('',#4923,1.);
#140=CIRCLE('',#4925,0.999999999999999);
#141=CIRCLE('',#4926,7.50000000000001);
#142=CIRCLE('',#4927,8.50000000000001);
#143=CIRCLE('',#4928,1.);
#144=CIRCLE('',#4929,1.);
#145=CIRCLE('',#4930,1.);
#146=CIRCLE('',#4931,1.);
#147=CIRCLE('',#4932,1.5);
#148=CIRCLE('',#4934,8.50000000000001);
#149=CIRCLE('',#4935,8.50000000000001);
#150=CIRCLE('',#4936,0.999999999999999);
#151=CIRCLE('',#4937,0.999999999999999);
#152=CIRCLE('',#4938,0.999999999999998);
#153=CIRCLE('',#4939,0.999999999999999);
#154=CIRCLE('',#4941,1.);
#155=CIRCLE('',#4942,8.50000000000001);
#156=CIRCLE('',#4943,1.);
#157=CIRCLE('',#4944,1.);
#158=CIRCLE('',#4945,1.);
#159=CIRCLE('',#4946,0.999999999999999);
#160=CIRCLE('',#4948,8.50000000000001);
#161=CIRCLE('',#4949,4.1);
#162=CIRCLE('',#4950,9.5);
#163=CIRCLE('',#4951,5.);
#164=CIRCLE('',#4952,9.5);
#165=CIRCLE('',#4953,1.5);
#166=CIRCLE('',#4955,11.);
#167=CIRCLE('',#4956,11.);
#168=CIRCLE('',#4957,2.9);
#169=CIRCLE('',#4958,2.9);
#170=CIRCLE('',#4960,11.);
#171=CIRCLE('',#4962,11.);
#172=CIRCLE('',#4964,0.55);
#173=CIRCLE('',#4968,8.);
#174=CIRCLE('',#4971,8.);
#175=CIRCLE('',#4972,11.);
#176=CIRCLE('',#4977,8.);
#177=CIRCLE('',#4978,11.);
#178=CIRCLE('',#4980,11.);
#179=CIRCLE('',#4981,8.);
#180=CIRCLE('',#4983,6.);
#181=CIRCLE('',#4986,5.);
#182=CIRCLE('',#4989,6.);
#183=CIRCLE('',#4991,8.50000000000001);
#184=CIRCLE('',#4993,11.);
#185=CIRCLE('',#4995,11.);
#186=CIRCLE('',#4996,9.5);
#187=CIRCLE('',#4997,9.5);
#188=CIRCLE('',#5000,2.);
#189=CIRCLE('',#5002,9.5);
#190=CIRCLE('',#5004,0.625);
#191=CIRCLE('',#5005,0.625);
#192=CIRCLE('',#5006,0.625);
#193=CIRCLE('',#5007,0.625);
#194=CIRCLE('',#5008,0.625);
#195=CIRCLE('',#5009,0.625);
#196=CIRCLE('',#5012,2.);
#197=CIRCLE('',#5019,11.);
#198=CIRCLE('',#5021,5.);
#199=CIRCLE('',#5023,9.5);
#200=CIRCLE('',#5032,0.625);
#201=CIRCLE('',#5033,0.625);
#202=CIRCLE('',#5034,0.625);
#203=CIRCLE('',#5035,0.625);
#204=CIRCLE('',#5036,0.625);
#205=CIRCLE('',#5037,0.625);
#206=CIRCLE('',#5041,5.);
#207=CIRCLE('',#5043,9.5);
#208=CIRCLE('',#5046,5.);
#209=CIRCLE('',#5049,9.5);
#210=CIRCLE('',#5052,4.1);
#211=CIRCLE('',#5060,11.);
#212=CIRCLE('',#5061,8.25);
#213=CIRCLE('',#5062,11.);
#214=CIRCLE('',#5086,0.55);
#215=CIRCLE('',#5104,5.);
#216=CIRCLE('',#5105,6.);
#217=CIRCLE('',#5106,6.);
#218=CIRCLE('',#5109,1.);
#219=CIRCLE('',#5110,1.);
#220=CIRCLE('',#5115,1.);
#221=CIRCLE('',#5116,1.);
#222=CIRCLE('',#5117,0.500000000000001);
#223=CIRCLE('',#5118,0.500000000000002);
#224=CIRCLE('',#5119,0.499999999999998);
#225=CIRCLE('',#5120,0.499999999999997);
#226=CIRCLE('',#5137,1.9);
#227=CIRCLE('',#5140,1.9);
#228=CIRCLE('',#5142,1.9);
#229=CIRCLE('',#5144,1.9);
#230=CIRCLE('',#5147,1.9);
#231=CIRCLE('',#5150,1.9);
#232=CIRCLE('',#5154,1.9);
#233=CIRCLE('',#5157,1.9);
#234=CIRCLE('',#5166,3.50000000007856);
#235=CIRCLE('',#5167,4.1);
#236=CIRCLE('',#5169,3.50000000007856);
#237=CIRCLE('',#5175,3.50000000007856);
#238=CIRCLE('',#5176,3.50000000007856);
#239=CIRCLE('',#5188,4.1);
#240=CIRCLE('',#5198,3.50000000007856);
#241=CIRCLE('',#5201,3.50000000007856);
#242=CIRCLE('',#5203,3.50000000007856);
#243=CIRCLE('',#5207,3.50000000007856);
#244=FACE_BOUND('',#824,.T.);
#245=FACE_BOUND('',#858,.T.);
#246=FACE_BOUND('',#869,.T.);
#247=FACE_BOUND('',#870,.T.);
#248=FACE_BOUND('',#871,.T.);
#249=FACE_BOUND('',#872,.T.);
#250=FACE_BOUND('',#919,.T.);
#251=FACE_BOUND('',#949,.T.);
#252=FACE_BOUND('',#950,.T.);
#253=FACE_BOUND('',#951,.T.);
#254=FACE_BOUND('',#952,.T.);
#255=FACE_BOUND('',#953,.T.);
#256=FACE_BOUND('',#954,.T.);
#257=FACE_BOUND('',#972,.T.);
#258=FACE_BOUND('',#973,.T.);
#259=FACE_BOUND('',#974,.T.);
#260=FACE_BOUND('',#975,.T.);
#261=FACE_BOUND('',#976,.T.);
#262=FACE_BOUND('',#977,.T.);
#263=FACE_BOUND('',#1018,.T.);
#264=FACE_BOUND('',#1023,.T.);
#265=B_SPLINE_CURVE_WITH_KNOTS('',3,(#6289,#6290,#6291,#6292,#6293),
 .UNSPECIFIED.,.F.,.F.,(4,1,4),(0.,0.0144122982898889,0.0371880642766542),
 .UNSPECIFIED.);
#266=B_SPLINE_CURVE_WITH_KNOTS('',3,(#6296,#6297,#6298,#6299,#6300),
 .UNSPECIFIED.,.F.,.F.,(4,1,4),(0.,0.0144122982898889,0.0371880642766542),
 .UNSPECIFIED.);
#267=B_SPLINE_CURVE_WITH_KNOTS('',3,(#6312,#6313,#6314,#6315,#6316),
 .UNSPECIFIED.,.F.,.F.,(4,1,4),(0.,0.0156640749728477,0.0311699464037411),
 .UNSPECIFIED.);
#268=B_SPLINE_CURVE_WITH_KNOTS('',3,(#6319,#6320,#6321,#6322,#6323),
 .UNSPECIFIED.,.F.,.F.,(4,1,4),(0.,0.0156640749728477,0.0311699464037411),
 .UNSPECIFIED.);
#269=B_SPLINE_CURVE_WITH_KNOTS('',3,(#6335,#6336,#6337,#6338,#6339),
 .UNSPECIFIED.,.F.,.F.,(4,1,4),(0.,0.0176322357988088,0.0340266681266824),
 .UNSPECIFIED.);
#270=B_SPLINE_CURVE_WITH_KNOTS('',3,(#6342,#6343,#6344,#6345,#6346),
 .UNSPECIFIED.,.F.,.F.,(4,1,4),(0.,0.0176322357988088,0.0340266681266824),
 .UNSPECIFIED.);
#271=B_SPLINE_CURVE_WITH_KNOTS('',3,(#6358,#6359,#6360,#6361,#6362),
 .UNSPECIFIED.,.F.,.F.,(4,1,4),(0.,0.0210773951257533,0.0445016858202368),
 .UNSPECIFIED.);
#272=B_SPLINE_CURVE_WITH_KNOTS('',3,(#6365,#6366,#6367,#6368,#6369),
 .UNSPECIFIED.,.F.,.F.,(4,1,4),(0.,0.0210773951257533,0.0445016858202368),
 .UNSPECIFIED.);
#273=B_SPLINE_CURVE_WITH_KNOTS('',3,(#6381,#6382,#6383,#6384,#6385),
 .UNSPECIFIED.,.F.,.F.,(4,1,4),(0.,0.0330899814465474,0.0573422733093096),
 .UNSPECIFIED.);
#274=B_SPLINE_CURVE_WITH_KNOTS('',3,(#6388,#6389,#6390,#6391,#6392),
 .UNSPECIFIED.,.F.,.F.,(4,1,4),(0.,0.0330899814465474,0.0573422733093096),
 .UNSPECIFIED.);
#275=B_SPLINE_CURVE_WITH_KNOTS('',3,(#6428,#6429,#6430,#6431,#6432),
 .UNSPECIFIED.,.F.,.F.,(4,1,4),(0.,0.0395340521384104,0.0937602195604397),
 .UNSPECIFIED.);
#276=B_SPLINE_CURVE_WITH_KNOTS('',3,(#6435,#6436,#6437,#6438,#6439),
 .UNSPECIFIED.,.F.,.F.,(4,1,4),(0.,0.0395340521384104,0.0937602195604397),
 .UNSPECIFIED.);
#277=B_SPLINE_CURVE_WITH_KNOTS('',3,(#6451,#6452,#6453,#6454,#6455),
 .UNSPECIFIED.,.F.,.F.,(4,1,4),(0.,0.0358464708584904,0.0704936137036794),
 .UNSPECIFIED.);
#278=B_SPLINE_CURVE_WITH_KNOTS('',3,(#6458,#6459,#6460,#6461,#6462),
 .UNSPECIFIED.,.F.,.F.,(4,1,4),(0.,0.0358464708584904,0.0704936137036794),
 .UNSPECIFIED.);
#279=B_SPLINE_CURVE_WITH_KNOTS('',3,(#6474,#6475,#6476,#6477,#6478),
 .UNSPECIFIED.,.F.,.F.,(4,1,4),(0.,0.0207020454196046,0.0422076024854633),
 .UNSPECIFIED.);
#280=B_SPLINE_CURVE_WITH_KNOTS('',3,(#6481,#6482,#6483,#6484,#6485),
 .UNSPECIFIED.,.F.,.F.,(4,1,4),(0.,0.0207020454196046,0.0422076024854633),
 .UNSPECIFIED.);
#281=B_SPLINE_CURVE_WITH_KNOTS('',3,(#6497,#6498,#6499,#6500,#6501),
 .UNSPECIFIED.,.F.,.F.,(4,1,4),(0.,0.0183204394572652,0.0379549655839111),
 .UNSPECIFIED.);
#282=B_SPLINE_CURVE_WITH_KNOTS('',3,(#6504,#6505,#6506,#6507,#6508),
 .UNSPECIFIED.,.F.,.F.,(4,1,4),(0.,0.0183204394572652,0.0379549655839111),
 .UNSPECIFIED.);
#283=B_SPLINE_CURVE_WITH_KNOTS('',3,(#6520,#6521,#6522,#6523,#6524),
 .UNSPECIFIED.,.F.,.F.,(4,1,4),(0.,0.0210022393091946,0.0398453319789575),
 .UNSPECIFIED.);
#284=B_SPLINE_CURVE_WITH_KNOTS('',3,(#6527,#6528,#6529,#6530,#6531),
 .UNSPECIFIED.,.F.,.F.,(4,1,4),(0.,0.0210022393091946,0.0398453319789575),
 .UNSPECIFIED.);
#285=B_SPLINE_CURVE_WITH_KNOTS('',3,(#6543,#6544,#6545,#6546,#6547),
 .UNSPECIFIED.,.F.,.F.,(4,1,4),(0.,0.0263569237008669,0.0457634142324824),
 .UNSPECIFIED.);
#286=B_SPLINE_CURVE_WITH_KNOTS('',3,(#6550,#6551,#6552,#6553,#6554),
 .UNSPECIFIED.,.F.,.F.,(4,1,4),(0.,0.0263569237008669,0.0457634142324824),
 .UNSPECIFIED.);
#287=B_SPLINE_CURVE_WITH_KNOTS('',3,(#6616,#6617,#6618,#6619,#6620),
 .UNSPECIFIED.,.F.,.F.,(4,1,4),(0.,0.0224235044111401,0.0515057324307644),
 .UNSPECIFIED.);
#288=B_SPLINE_CURVE_WITH_KNOTS('',3,(#6623,#6624,#6625,#6626,#6627),
 .UNSPECIFIED.,.F.,.F.,(4,1,4),(0.,0.0224235044111401,0.0515057324307644),
 .UNSPECIFIED.);
#289=B_SPLINE_CURVE_WITH_KNOTS('',3,(#6639,#6640,#6641,#6642,#6643),
 .UNSPECIFIED.,.F.,.F.,(4,1,4),(0.,0.0197705066366443,0.0392062498850677),
 .UNSPECIFIED.);
#290=B_SPLINE_CURVE_WITH_KNOTS('',3,(#6646,#6647,#6648,#6649,#6650),
 .UNSPECIFIED.,.F.,.F.,(4,1,4),(0.,0.0197705066366443,0.0392062498850677),
 .UNSPECIFIED.);
#291=B_SPLINE_CURVE_WITH_KNOTS('',3,(#6662,#6663,#6664,#6665,#6666),
 .UNSPECIFIED.,.F.,.F.,(4,1,4),(0.,0.0142372410360317,0.0283709089818986),
 .UNSPECIFIED.);
#292=B_SPLINE_CURVE_WITH_KNOTS('',3,(#6669,#6670,#6671,#6672,#6673),
 .UNSPECIFIED.,.F.,.F.,(4,1,4),(0.,0.0142372410360317,0.0283709089818986),
 .UNSPECIFIED.);
#293=B_SPLINE_CURVE_WITH_KNOTS('',3,(#6685,#6686,#6687,#6688,#6689),
 .UNSPECIFIED.,.F.,.F.,(4,1,4),(0.,0.0153602695356897,0.0298795714828645),
 .UNSPECIFIED.);
#294=B_SPLINE_CURVE_WITH_KNOTS('',3,(#6692,#6693,#6694,#6695,#6696),
 .UNSPECIFIED.,.F.,.F.,(4,1,4),(0.,0.0153602695356897,0.0298795714828645),
 .UNSPECIFIED.);
#295=B_SPLINE_CURVE_WITH_KNOTS('',3,(#6708,#6709,#6710,#6711,#6712),
 .UNSPECIFIED.,.F.,.F.,(4,1,4),(0.,0.0242903918184725,0.0430855569249063),
 .UNSPECIFIED.);
#296=B_SPLINE_CURVE_WITH_KNOTS('',3,(#6715,#6716,#6717,#6718,#6719),
 .UNSPECIFIED.,.F.,.F.,(4,1,4),(0.,0.0242903918184725,0.0430855569249063),
 .UNSPECIFIED.);
#297=B_SPLINE_CURVE_WITH_KNOTS('',3,(#6755,#6756,#6757,#6758,#6759),
 .UNSPECIFIED.,.F.,.F.,(4,1,4),(0.,0.00896637111268175,0.0221703794393915),
 .UNSPECIFIED.);
#298=B_SPLINE_CURVE_WITH_KNOTS('',3,(#6762,#6763,#6764,#6765,#6766),
 .UNSPECIFIED.,.F.,.F.,(4,1,4),(0.,0.00896637111268175,0.0221703794393915),
 .UNSPECIFIED.);
#299=B_SPLINE_CURVE_WITH_KNOTS('',3,(#6778,#6779,#6780,#6781,#6782),
 .UNSPECIFIED.,.F.,.F.,(4,1,4),(0.,0.0102095912636842,0.0198600697841769),
 .UNSPECIFIED.);
#300=B_SPLINE_CURVE_WITH_KNOTS('',3,(#6785,#6786,#6787,#6788,#6789),
 .UNSPECIFIED.,.F.,.F.,(4,1,4),(0.,0.0102095912636842,0.0198600697841769),
 .UNSPECIFIED.);
#301=B_SPLINE_CURVE_WITH_KNOTS('',3,(#6801,#6802,#6803,#6804,#6805),
 .UNSPECIFIED.,.F.,.F.,(4,1,4),(0.,0.0161874883700472,0.0285217241861629),
 .UNSPECIFIED.);
#302=B_SPLINE_CURVE_WITH_KNOTS('',3,(#6808,#6809,#6810,#6811,#6812),
 .UNSPECIFIED.,.F.,.F.,(4,1,4),(0.,0.0161874883700472,0.0285217241861629),
 .UNSPECIFIED.);
#303=B_SPLINE_CURVE_WITH_KNOTS('',3,(#6824,#6825,#6826,#6827,#6828),
 .UNSPECIFIED.,.F.,.F.,(4,1,4),(0.,0.0286336831656569,0.0503065628237794),
 .UNSPECIFIED.);
#304=B_SPLINE_CURVE_WITH_KNOTS('',3,(#6831,#6832,#6833,#6834,#6835),
 .UNSPECIFIED.,.F.,.F.,(4,1,4),(0.,0.0286336831656569,0.0503065628237794),
 .UNSPECIFIED.);
#305=B_SPLINE_CURVE_WITH_KNOTS('',3,(#6865,#6866,#6867,#6868,#6869),
 .UNSPECIFIED.,.F.,.F.,(4,1,4),(0.,0.0246821909191176,0.0518503338859441),
 .UNSPECIFIED.);
#306=B_SPLINE_CURVE_WITH_KNOTS('',3,(#6872,#6873,#6874,#6875,#6876),
 .UNSPECIFIED.,.F.,.F.,(4,1,4),(0.,0.0246821909191176,0.0518503338859441),
 .UNSPECIFIED.);
#307=B_SPLINE_CURVE_WITH_KNOTS('',3,(#6888,#6889,#6890,#6891,#6892),
 .UNSPECIFIED.,.F.,.F.,(4,1,4),(0.,0.0157726234660886,0.0282867493324553),
 .UNSPECIFIED.);
#308=B_SPLINE_CURVE_WITH_KNOTS('',3,(#6895,#6896,#6897,#6898,#6899),
 .UNSPECIFIED.,.F.,.F.,(4,1,4),(0.,0.0157726234660886,0.0282867493324553),
 .UNSPECIFIED.);
#309=B_SPLINE_CURVE_WITH_KNOTS('',3,(#6911,#6912,#6913,#6914,#6915),
 .UNSPECIFIED.,.F.,.F.,(4,1,4),(0.,0.0318135763828084,0.0706542719218286),
 .UNSPECIFIED.);
#310=B_SPLINE_CURVE_WITH_KNOTS('',3,(#6918,#6919,#6920,#6921,#6922),
 .UNSPECIFIED.,.F.,.F.,(4,1,4),(0.,0.0318135763828084,0.0706542719218286),
 .UNSPECIFIED.);
#311=B_SPLINE_CURVE_WITH_KNOTS('',3,(#6934,#6935,#6936,#6937,#6938),
 .UNSPECIFIED.,.F.,.F.,(4,1,4),(0.,0.029867121120381,0.0587773865128167),
 .UNSPECIFIED.);
#312=B_SPLINE_CURVE_WITH_KNOTS('',3,(#6941,#6942,#6943,#6944,#6945),
 .UNSPECIFIED.,.F.,.F.,(4,1,4),(0.,0.029867121120381,0.0587773865128167),
 .UNSPECIFIED.);
#313=B_SPLINE_CURVE_WITH_KNOTS('',3,(#6957,#6958,#6959,#6960,#6961),
 .UNSPECIFIED.,.F.,.F.,(4,1,4),(0.,0.0234849508912081,0.0473765653218637),
 .UNSPECIFIED.);
#314=B_SPLINE_CURVE_WITH_KNOTS('',3,(#6964,#6965,#6966,#6967,#6968),
 .UNSPECIFIED.,.F.,.F.,(4,1,4),(0.,0.0234849508912081,0.0473765653218637),
 .UNSPECIFIED.);
#315=B_SPLINE_CURVE_WITH_KNOTS('',3,(#6980,#6981,#6982,#6983,#6984),
 .UNSPECIFIED.,.F.,.F.,(4,1,4),(0.,0.0218512824106546,0.0445286393495414),
 .UNSPECIFIED.);
#316=B_SPLINE_CURVE_WITH_KNOTS('',3,(#6987,#6988,#6989,#6990,#6991),
 .UNSPECIFIED.,.F.,.F.,(4,1,4),(0.,0.0218512824106546,0.0445286393495414),
 .UNSPECIFIED.);
#317=B_SPLINE_CURVE_WITH_KNOTS('',3,(#7003,#7004,#7005,#7006,#7007),
 .UNSPECIFIED.,.F.,.F.,(4,1,4),(0.,0.0353578707411629,0.0617458568523375),
 .UNSPECIFIED.);
#318=B_SPLINE_CURVE_WITH_KNOTS('',3,(#7010,#7011,#7012,#7013,#7014),
 .UNSPECIFIED.,.F.,.F.,(4,1,4),(0.,0.0353578707411629,0.0617458568523375),
 .UNSPECIFIED.);
#319=B_SPLINE_CURVE_WITH_KNOTS('',3,(#7083,#7084,#7085,#7086),
 .UNSPECIFIED.,.F.,.F.,(4,4),(-0.607879070297983,-0.305066817567106),
 .UNSPECIFIED.);
#320=B_SPLINE_CURVE_WITH_KNOTS('',3,(#7102,#7103,#7104,#7105),
 .UNSPECIFIED.,.F.,.F.,(4,4),(-0.0475965357596296,4.52185779845818E-16),
 .UNSPECIFIED.);
#321=B_SPLINE_CURVE_WITH_KNOTS('',3,(#7107,#7108,#7109,#7110),
 .UNSPECIFIED.,.F.,.F.,(4,4),(-2.47334528547572,-1.21759916637801),
 .UNSPECIFIED.);
#322=B_SPLINE_CURVE_WITH_KNOTS('',3,(#7117,#7118,#7119,#7120),
 .UNSPECIFIED.,.F.,.F.,(4,4),(-1.17116086910368,-0.187144049074836),
 .UNSPECIFIED.);
#323=B_SPLINE_CURVE_WITH_KNOTS('',3,(#7125,#7126,#7127,#7128),
 .UNSPECIFIED.,.F.,.F.,(4,4),(-0.0189610549125915,0.),.UNSPECIFIED.);
#324=B_SPLINE_CURVE_WITH_KNOTS('',3,(#7132,#7133,#7134,#7135),
 .UNSPECIFIED.,.F.,.F.,(4,4),(-0.640219283245315,-0.613225421059834),
 .UNSPECIFIED.);
#325=B_SPLINE_CURVE_WITH_KNOTS('',3,(#7173,#7174,#7175,#7176,#7177,#7178,
#7179,#7180),.UNSPECIFIED.,.F.,.F.,(4,2,2,4),(0.,0.218395018816564,0.412444541128924,
0.750601297506431),.UNSPECIFIED.);
#326=B_SPLINE_CURVE_WITH_KNOTS('',3,(#7183,#7184,#7185,#7186,#7187,#7188,
#7189,#7190,#7191,#7192,#7193,#7194),.UNSPECIFIED.,.F.,.F.,(4,2,2,2,2,4),
(0.,0.561075548035005,0.804253255515145,1.12547550376999,1.24543943683936,
1.35607962955682),.UNSPECIFIED.);
#327=B_SPLINE_CURVE_WITH_KNOTS('',3,(#7222,#7223,#7224,#7225,#7226,#7227),
 .UNSPECIFIED.,.F.,.F.,(4,2,4),(0.107682172396821,0.232415043100937,0.332707589601617),
 .UNSPECIFIED.);
#328=B_SPLINE_CURVE_WITH_KNOTS('',3,(#7229,#7230,#7231,#7232),
 .UNSPECIFIED.,.F.,.F.,(4,4),(0.0325562505571819,0.577072970923604),
 .UNSPECIFIED.);
#329=B_SPLINE_CURVE_WITH_KNOTS('',3,(#7234,#7235,#7236,#7237),
 .UNSPECIFIED.,.F.,.F.,(4,4),(0.0500000000000002,1.94999999999999),
 .UNSPECIFIED.);
#330=B_SPLINE_CURVE_WITH_KNOTS('',3,(#7238,#7239,#7240,#7241),
 .UNSPECIFIED.,.F.,.F.,(4,4),(0.,0.0326398853809153),.UNSPECIFIED.);
#331=B_SPLINE_CURVE_WITH_KNOTS('',3,(#7243,#7244,#7245,#7246,#7247,#7248,
#7249,#7250,#7251,#7252,#7253,#7254,#7255,#7256,#7257,#7258,#7259,#7260,
#7261,#7262,#7263,#7264,#7265,#7266,#7267),.UNSPECIFIED.,.F.,.F.,(4,3,3,
3,3,3,3,3,4),(0.204233111171588,0.250576096759741,0.285225136167131,0.316307477733312,
0.345363466404371,0.372865581244065,0.399715154296582,0.425674023440035,
0.449320002496323),.UNSPECIFIED.);
#332=B_SPLINE_CURVE_WITH_KNOTS('',3,(#7269,#7270,#7271,#7272),
 .UNSPECIFIED.,.F.,.F.,(4,4),(0.0500938443457207,0.700093844345722),
 .UNSPECIFIED.);
#333=B_SPLINE_CURVE_WITH_KNOTS('',3,(#7274,#7275,#7276,#7277,#7278,#7279,
#7280,#7281,#7282,#7283,#7284,#7285,#7286),.UNSPECIFIED.,.F.,.F.,(4,3,3,
3,4),(0.13188292797391,0.168455158797571,0.213280389632796,0.265601529082837,
0.293996742328698),.UNSPECIFIED.);
#334=B_SPLINE_CURVE_WITH_KNOTS('',3,(#7287,#7288,#7289,#7290,#7291,#7292,
#7293,#7294),.UNSPECIFIED.,.F.,.F.,(4,2,2,4),(0.,0.368865869176527,0.654223483291803,
0.675851817919865),.UNSPECIFIED.);
#335=B_SPLINE_CURVE_WITH_KNOTS('',3,(#7328,#7329,#7330,#7331),
 .UNSPECIFIED.,.F.,.F.,(4,4),(1.82000087639231,1.95720089730108),
 .UNSPECIFIED.);
#336=B_SPLINE_CURVE_WITH_KNOTS('',3,(#7333,#7334,#7335,#7336),
 .UNSPECIFIED.,.F.,.F.,(4,4),(0.899305931661914,0.960028510187112),
 .UNSPECIFIED.);
#337=B_SPLINE_CURVE_WITH_KNOTS('',3,(#7338,#7339,#7340,#7341),
 .UNSPECIFIED.,.F.,.F.,(4,4),(1.59325046989188,1.77471784935483),
 .UNSPECIFIED.);
#338=B_SPLINE_CURVE_WITH_KNOTS('',3,(#7343,#7344,#7345,#7346),
 .UNSPECIFIED.,.F.,.F.,(4,4),(2.2053001139812,2.44533708965226),
 .UNSPECIFIED.);
#339=B_SPLINE_CURVE_WITH_KNOTS('',3,(#7348,#7349,#7350,#7351),
 .UNSPECIFIED.,.F.,.F.,(4,4),(0.476295779871549,0.761155581309618),
 .UNSPECIFIED.);
#340=B_SPLINE_CURVE_WITH_KNOTS('',3,(#7353,#7354,#7355,#7356),
 .UNSPECIFIED.,.F.,.F.,(4,4),(1.1523609303454,1.19915328468747),
 .UNSPECIFIED.);
#341=B_SPLINE_CURVE_WITH_KNOTS('',3,(#7358,#7359,#7360,#7361),
 .UNSPECIFIED.,.F.,.F.,(4,4),(-0.979926485205548,-0.251111946575591),
 .UNSPECIFIED.);
#342=B_SPLINE_CURVE_WITH_KNOTS('',3,(#7363,#7364,#7365,#7366,#7367,#7368,
#7369),.UNSPECIFIED.,.F.,.F.,(4,1,1,1,4),(0.,0.136823096296849,0.410469288890547,
0.684115481484245,0.957761674077943),.UNSPECIFIED.);
#343=B_SPLINE_CURVE_WITH_KNOTS('',3,(#7371,#7372,#7373,#7374,#7375,#7376,
#7377),.UNSPECIFIED.,.F.,.F.,(4,1,1,1,4),(-0.922788838591732,-0.790961861650056,
-0.65913488470838,-0.395480930825028,0.),.UNSPECIFIED.);
#344=B_SPLINE_CURVE_WITH_KNOTS('',3,(#7378,#7379,#7380,#7381),
 .UNSPECIFIED.,.F.,.F.,(4,4),(-0.0688676707852553,0.),.UNSPECIFIED.);
#345=B_SPLINE_CURVE_WITH_KNOTS('',3,(#7435,#7436,#7437,#7438,#7439,#7440,
#7441,#7442),.UNSPECIFIED.,.F.,.F.,(4,1,1,2,4),(-0.0691834340511015,-0.0553467472408812,
-0.0415100604306609,0.,0.000446668379499814),.UNSPECIFIED.);
#346=B_SPLINE_CURVE_WITH_KNOTS('',3,(#7443,#7444,#7445,#7446,#7447,#7448,
#7449,#7450),.UNSPECIFIED.,.F.,.F.,(4,2,1,1,4),(-0.000446668379499814,0.,
0.0415100604306609,0.0553467472408812,0.0691834340511015),.UNSPECIFIED.);
#347=B_SPLINE_CURVE_WITH_KNOTS('',3,(#7474,#7475,#7476,#7477),
 .UNSPECIFIED.,.F.,.F.,(4,4),(-0.0183276734165711,0.),.UNSPECIFIED.);
#348=B_SPLINE_CURVE_WITH_KNOTS('',3,(#7478,#7479,#7480,#7481),
 .UNSPECIFIED.,.F.,.F.,(4,4),(0.,0.0183276734165711),.UNSPECIFIED.);
#349=B_SPLINE_CURVE_WITH_KNOTS('',3,(#7523,#7524,#7525,#7526,#7527,#7528,
#7529,#7530),.UNSPECIFIED.,.F.,.F.,(4,1,1,1,1,4),(-0.788438643132167,-0.563170459380119,
-0.337902275628072,-0.225268183752048,-0.112634091876024,0.),
 .UNSPECIFIED.);
#350=B_SPLINE_CURVE_WITH_KNOTS('',3,(#7533,#7534,#7535,#7536,#7537,#7538,
#7539,#7540),.UNSPECIFIED.,.F.,.F.,(4,1,1,1,1,4),(0.,0.112634091876024,
0.225268183752048,0.337902275628072,0.563170459380119,0.788438643132167),
 .UNSPECIFIED.);
#351=B_SPLINE_CURVE_WITH_KNOTS('',3,(#7572,#7573,#7574,#7575,#7576,#7577),
 .UNSPECIFIED.,.F.,.F.,(4,1,1,4),(-0.607550817767677,-0.260379382838552,
-0.173586255225701,0.),.UNSPECIFIED.);
#352=B_SPLINE_CURVE_WITH_KNOTS('',3,(#7580,#7581,#7582,#7583,#7584,#7585),
 .UNSPECIFIED.,.F.,.F.,(4,1,1,4),(0.,0.173586255225701,0.260379382838552,
0.607551893289954),.UNSPECIFIED.);
#353=B_SPLINE_CURVE_WITH_KNOTS('',3,(#7613,#7614,#7615,#7616),
 .UNSPECIFIED.,.F.,.F.,(4,4),(-0.0688677985640999,0.),.UNSPECIFIED.);
#354=B_SPLINE_CURVE_WITH_KNOTS('',3,(#7619,#7620,#7621,#7622),
 .UNSPECIFIED.,.F.,.F.,(4,4),(0.,0.0688677985640999),.UNSPECIFIED.);
#355=B_SPLINE_CURVE_WITH_KNOTS('',3,(#7666,#7667,#7668,#7669,#7670,#7671,
#7672,#7673),.UNSPECIFIED.,.F.,.F.,(4,1,1,1,1,4),(-0.926735769928091,-0.79434494565265,
-0.529563297101767,-0.264781648550883,-0.132390824275442,0.),
 .UNSPECIFIED.);
#356=B_SPLINE_CURVE_WITH_KNOTS('',3,(#7674,#7675,#7676,#7677,#7678,#7679,
#7680,#7681),.UNSPECIFIED.,.F.,.F.,(4,1,1,1,1,4),(0.,0.132390824275442,
0.264781648550883,0.529563297101767,0.79434494565265,0.926735769928091),
 .UNSPECIFIED.);
#357=B_SPLINE_CURVE_WITH_KNOTS('',3,(#7720,#7721,#7722,#7723,#7724,#7725,
#7726),.UNSPECIFIED.,.F.,.F.,(4,1,1,1,4),(-0.953520148245619,-0.681085820175442,
-0.408651492105265,-0.204325746052633,0.),.UNSPECIFIED.);
#358=B_SPLINE_CURVE_WITH_KNOTS('',3,(#7727,#7728,#7729,#7730,#7731,#7732,
#7733),.UNSPECIFIED.,.F.,.F.,(4,1,1,1,4),(0.,0.204325746052633,0.408651492105265,
0.681085820175442,0.953520148245619),.UNSPECIFIED.);
#359=B_SPLINE_CURVE_WITH_KNOTS('',3,(#7757,#7758,#7759,#7760),
 .UNSPECIFIED.,.F.,.F.,(4,4),(-0.0128343067068713,-2.3197838729472E-11),
 .UNSPECIFIED.);
#360=B_SPLINE_CURVE_WITH_KNOTS('',3,(#7761,#7762,#7763,#7764),
 .UNSPECIFIED.,.F.,.F.,(4,4),(2.3197838729472E-11,0.0128343067068713),
 .UNSPECIFIED.);
#361=B_SPLINE_CURVE_WITH_KNOTS('',3,(#7806,#7807,#7808,#7809,#7810,#7811,
#7812,#7813),.UNSPECIFIED.,.F.,.F.,(4,1,1,2,4),(3.38324550435043E-16,0.0322322476084831,
0.0483483714127245,0.0805806190212072,0.0810271585747494),.UNSPECIFIED.);
#362=B_SPLINE_CURVE_WITH_KNOTS('',3,(#7814,#7815,#7816,#7817,#7818,#7819,
#7820,#7821),.UNSPECIFIED.,.F.,.F.,(4,2,1,1,4),(-0.0810271585747494,-0.0805806190212072,
-0.0483483714127245,-0.0322322476084831,-3.38324550435043E-16),
 .UNSPECIFIED.);
#363=B_SPLINE_CURVE_WITH_KNOTS('',3,(#7843,#7844,#7845,#7846),
 .UNSPECIFIED.,.F.,.F.,(4,4),(0.246102515844499,0.33170031153616),
 .UNSPECIFIED.);
#364=B_SPLINE_CURVE_WITH_KNOTS('',3,(#7849,#7850,#7851,#7852),
 .UNSPECIFIED.,.F.,.F.,(4,4),(-0.33170031153616,-0.294153745033754),
 .UNSPECIFIED.);
#365=B_SPLINE_CURVE_WITH_KNOTS('',3,(#7874,#7875,#7876,#7877),
 .UNSPECIFIED.,.F.,.F.,(4,4),(0.775252283845102,0.830321281211623),
 .UNSPECIFIED.);
#366=B_SPLINE_CURVE_WITH_KNOTS('',3,(#7879,#7880,#7881,#7882),
 .UNSPECIFIED.,.F.,.F.,(4,4),(0.393130373983203,0.775252283845102),
 .UNSPECIFIED.);
#367=B_SPLINE_CURVE_WITH_KNOTS('',3,(#7884,#7885,#7886,#7887,#7888,#7889,
#7890),.UNSPECIFIED.,.F.,.F.,(4,3,4),(0.144062988850332,0.247261871457752,
0.393130373983203),.UNSPECIFIED.);
#368=B_SPLINE_CURVE_WITH_KNOTS('',3,(#7891,#7892,#7893,#7894),
 .UNSPECIFIED.,.F.,.F.,(4,4),(0.109835682103016,0.144062988850332),
 .UNSPECIFIED.);
#369=B_SPLINE_CURVE_WITH_KNOTS('',3,(#7911,#7912,#7913,#7914,#7915,#7916),
 .UNSPECIFIED.,.F.,.F.,(4,2,4),(0.,0.555436793720629,1.06977691921038),
 .UNSPECIFIED.);
#370=B_SPLINE_CURVE_WITH_KNOTS('',1,(#7956,#7957),.UNSPECIFIED.,.F.,.F.,
(2,2),(-1.66533453693773E-16,0.0916256559558763),.UNSPECIFIED.);
#371=B_SPLINE_CURVE_WITH_KNOTS('',3,(#7958,#7959,#7960,#7961,#7962,#7963,
#7964,#7965,#7966,#7967),.UNSPECIFIED.,.F.,.F.,(4,2,2,2,4),(0.,0.272289372114042,
0.633754147231128,0.832237917155048,0.859802763655219),.UNSPECIFIED.);
#372=B_SPLINE_CURVE_WITH_KNOTS('',3,(#7988,#7989,#7990,#7991,#7992,#7993,
#7994),.UNSPECIFIED.,.F.,.F.,(4,3,4),(0.,0.081000388757322,0.162000777514644),
 .UNSPECIFIED.);
#373=B_SPLINE_CURVE_WITH_KNOTS('',3,(#8030,#8031,#8032,#8033,#8034,#8035,
#8036,#8037),.UNSPECIFIED.,.F.,.F.,(4,1,1,2,4),(0.,0.0276776232442779,0.0415164348664168,
0.0691940581106947,0.0696300047287017),.UNSPECIFIED.);
#374=B_SPLINE_CURVE_WITH_KNOTS('',3,(#8038,#8039,#8040,#8041,#8042,#8043,
#8044,#8045),.UNSPECIFIED.,.F.,.F.,(4,2,1,1,4),(-0.0696300047287017,-0.0691940581106947,
-0.0415164348664168,-0.0276776232442779,0.),.UNSPECIFIED.);
#375=B_SPLINE_CURVE_WITH_KNOTS('',3,(#8067,#8068,#8069,#8070),
 .UNSPECIFIED.,.F.,.F.,(4,4),(-0.0142910949371857,0.),.UNSPECIFIED.);
#376=B_SPLINE_CURVE_WITH_KNOTS('',3,(#8073,#8074,#8075,#8076),
 .UNSPECIFIED.,.F.,.F.,(4,4),(0.,0.0142910949371857),.UNSPECIFIED.);
#377=B_SPLINE_CURVE_WITH_KNOTS('',3,(#8113,#8114,#8115,#8116,#8117,#8118,
#8119),.UNSPECIFIED.,.F.,.F.,(4,1,1,1,4),(-0.798716669698383,-0.570511906927416,
-0.34230714415645,-0.114102381385483,0.),.UNSPECIFIED.);
#378=B_SPLINE_CURVE_WITH_KNOTS('',3,(#8122,#8123,#8124,#8125,#8126,#8127,
#8128),.UNSPECIFIED.,.F.,.F.,(4,1,1,1,4),(0.,0.114102381385483,0.34230714415645,
0.570511906927416,0.798716669698383),.UNSPECIFIED.);
#379=B_SPLINE_CURVE_WITH_KNOTS('',3,(#8154,#8155,#8156,#8157,#8158),
 .UNSPECIFIED.,.F.,.F.,(4,1,4),(-1.1016042017931E-6,0.343741410681744,0.601548294896203),
 .UNSPECIFIED.);
#380=B_SPLINE_CURVE_WITH_KNOTS('',3,(#8161,#8162,#8163,#8164,#8165),
 .UNSPECIFIED.,.F.,.F.,(4,1,4),(-0.601548294896203,-0.343741410681744,2.33084297228715E-8),
 .UNSPECIFIED.);
#381=B_SPLINE_CURVE_WITH_KNOTS('',3,(#8192,#8193,#8194,#8195),
 .UNSPECIFIED.,.F.,.F.,(4,4),(0.,0.0688676707852553),.UNSPECIFIED.);
#382=B_SPLINE_CURVE_WITH_KNOTS('',3,(#8233,#8234,#8235,#8236,#8237,#8238,
#8239),.UNSPECIFIED.,.F.,.F.,(4,1,1,1,4),(0.,0.395480930825028,0.65913488470838,
0.790961861650056,0.922788838591732),.UNSPECIFIED.);
#383=B_SPLINE_CURVE_WITH_KNOTS('',3,(#8277,#8278,#8279,#8280,#8281,#8282,
#8283),.UNSPECIFIED.,.F.,.F.,(4,1,1,1,4),(-0.957761674077943,-0.684115481484245,
-0.410469288890547,-0.136823096296849,0.),.UNSPECIFIED.);
#384=B_SPLINE_CURVE_WITH_KNOTS('',3,(#8305,#8306,#8307,#8308),
 .UNSPECIFIED.,.F.,.F.,(4,4),(-0.0127165802833256,0.),.UNSPECIFIED.);
#385=B_SPLINE_CURVE_WITH_KNOTS('',3,(#8311,#8312,#8313,#8314),
 .UNSPECIFIED.,.F.,.F.,(4,4),(0.,0.0127165802833256),.UNSPECIFIED.);
#386=B_SPLINE_CURVE_WITH_KNOTS('',3,(#8356,#8357,#8358,#8359,#8360,#8361,
#8362,#8363),.UNSPECIFIED.,.F.,.F.,(4,1,1,2,4),(-0.0805809689768452,-0.0483485813861071,
-0.0322323875907381,0.,0.000446206393766147),.UNSPECIFIED.);
#387=B_SPLINE_CURVE_WITH_KNOTS('',3,(#8364,#8365,#8366,#8367,#8368,#8369,
#8370,#8371),.UNSPECIFIED.,.F.,.F.,(4,2,1,1,4),(-0.000446206393766147,0.,
0.0322323875907381,0.0483485813861071,0.0805809689768452),.UNSPECIFIED.);
#388=B_SPLINE_CURVE_WITH_KNOTS('',3,(#8393,#8394,#8395,#8396,#8397,#8398,
#8399,#8400,#8401,#8402,#8403,#8404),.UNSPECIFIED.,.F.,.F.,(4,2,2,2,2,4),
(0.,0.0182162265006533,0.0449759325384898,0.0949143624112997,0.189453766518302,
0.275623751597192),.UNSPECIFIED.);
#389=B_SPLINE_CURVE_WITH_KNOTS('',3,(#8405,#8406,#8407,#8408),
 .UNSPECIFIED.,.F.,.F.,(4,4),(-0.0580639512263523,0.928315649082431),
 .UNSPECIFIED.);
#390=B_SPLINE_CURVE_WITH_KNOTS('',3,(#8448,#8449,#8450,#8451),
 .UNSPECIFIED.,.F.,.F.,(4,4),(0.51246158717816,1.22179131963978),
 .UNSPECIFIED.);
#391=B_SPLINE_CURVE_WITH_KNOTS('',3,(#8453,#8454,#8455,#8456,#8457,#8458,
#8459,#8460),.UNSPECIFIED.,.F.,.F.,(4,2,2,4),(0.279449126275589,0.293762600164621,
0.403418052889088,0.441227978716316),.UNSPECIFIED.);
#392=B_SPLINE_CURVE_WITH_KNOTS('',3,(#8461,#8462,#8463,#8464),
 .UNSPECIFIED.,.F.,.F.,(4,4),(1.72599265327626,1.92501359616001),
 .UNSPECIFIED.);
#393=B_SPLINE_CURVE_WITH_KNOTS('',3,(#8485,#8486,#8487,#8488,#8489,#8490,
#8491,#8492,#8493,#8494),.UNSPECIFIED.,.F.,.F.,(4,2,2,2,4),(0.,0.126968446181152,
0.273648306689964,0.352561960053984,0.416351586297116),.UNSPECIFIED.);
#394=B_SPLINE_CURVE_WITH_KNOTS('',3,(#8516,#8517,#8518,#8519),
 .UNSPECIFIED.,.F.,.F.,(4,4),(0.261037697370859,0.607879070297983),
 .UNSPECIFIED.);
#395=B_SPLINE_CURVE_WITH_KNOTS('',3,(#8520,#8521,#8522,#8523,#8524,#8525,
#8526),.UNSPECIFIED.,.F.,.F.,(4,3,4),(0.,0.081000388757322,0.162000777514644),
 .UNSPECIFIED.);
#396=B_SPLINE_CURVE_WITH_KNOTS('',3,(#8529,#8530,#8531,#8532,#8533,#8534,
#8535,#8536,#8537,#8538),.UNSPECIFIED.,.F.,.F.,(4,3,3,4),(0.,0.284306720582235,
0.483616079846982,0.56861344116447),.UNSPECIFIED.);
#397=B_SPLINE_CURVE_WITH_KNOTS('',3,(#8552,#8553,#8554,#8555,#8556,#8557),
 .UNSPECIFIED.,.F.,.F.,(4,2,4),(0.,0.555436793720629,1.06977691921038),
 .UNSPECIFIED.);
#398=B_SPLINE_CURVE_WITH_KNOTS('',3,(#8559,#8560,#8561,#8562),
 .UNSPECIFIED.,.F.,.F.,(4,4),(0.775252283845102,0.830321281211623),
 .UNSPECIFIED.);
#399=B_SPLINE_CURVE_WITH_KNOTS('',3,(#8566,#8567,#8568,#8569),
 .UNSPECIFIED.,.F.,.F.,(4,4),(0.,0.0236925376042089),.UNSPECIFIED.);
#400=B_SPLINE_CURVE_WITH_KNOTS('',3,(#8590,#8591,#8592,#8593,#8594,#8595,
#8596,#8597,#8598,#8599,#8600,#8601,#8602,#8603,#8604,#8605,#8606,#8607,
#8608,#8609,#8610,#8611,#8612,#8613,#8614,#8615,#8616,#8617,#8618,#8619,
#8620),.UNSPECIFIED.,.F.,.F.,(4,3,3,3,3,3,3,3,3,3,4),(0.,0.0363706447157435,
0.0699701330027759,0.102280029697293,0.133552751493326,0.163908379236397,
0.193346636768122,0.221663146269476,0.249436189327003,0.276495903882452,
0.290965157725948),.UNSPECIFIED.);
#401=B_SPLINE_CURVE_WITH_KNOTS('',3,(#8679,#8680,#8681,#8682),
 .UNSPECIFIED.,.F.,.F.,(4,4),(-1.11275469474777,0.130567366404946),
 .UNSPECIFIED.);
#402=B_SPLINE_CURVE_WITH_KNOTS('',3,(#8684,#8685,#8686,#8687,#8688,#8689,
#8690,#8691,#8692,#8693,#8694,#8695),.UNSPECIFIED.,.F.,.F.,(4,2,2,2,2,4),
(0.,0.0894105930730358,0.176344172542874,0.232917708539568,0.259444983883434,
0.285251809904613),.UNSPECIFIED.);
#403=B_SPLINE_CURVE_WITH_KNOTS('',3,(#8696,#8697,#8698,#8699),
 .UNSPECIFIED.,.F.,.F.,(4,4),(0.00260696154142566,1.1643997944649),
 .UNSPECIFIED.);
#404=B_SPLINE_CURVE_WITH_KNOTS('',3,(#8721,#8722,#8723,#8724),
 .UNSPECIFIED.,.F.,.F.,(4,4),(0.314873468496683,0.60257153226136),
 .UNSPECIFIED.);
#405=B_SPLINE_CURVE_WITH_KNOTS('',3,(#8727,#8728,#8729,#8730),
 .UNSPECIFIED.,.F.,.F.,(4,4),(-0.60257153226136,-0.266822239307429),
 .UNSPECIFIED.);
#406=B_SPLINE_CURVE_WITH_KNOTS('',3,(#8751,#8752,#8753,#8754),
 .UNSPECIFIED.,.F.,.F.,(4,4),(-1.23,0.),.UNSPECIFIED.);
#407=B_SPLINE_CURVE_WITH_KNOTS('',3,(#8755,#8756,#8757,#8758),
 .UNSPECIFIED.,.F.,.F.,(4,4),(0.,1.23),.UNSPECIFIED.);
#408=B_SPLINE_CURVE_WITH_KNOTS('',3,(#8769,#8770,#8771,#8772),
 .UNSPECIFIED.,.F.,.F.,(4,4),(-0.842376340018042,-0.675827625302982),
 .UNSPECIFIED.);
#409=B_SPLINE_CURVE_WITH_KNOTS('',3,(#8812,#8813,#8814,#8815,#8816,#8817),
 .UNSPECIFIED.,.F.,.F.,(4,2,4),(0.,0.0131450930554428,0.0230351405745349),
 .UNSPECIFIED.);
#410=B_SPLINE_CURVE_WITH_KNOTS('',3,(#8870,#8871,#8872,#8873),
 .UNSPECIFIED.,.F.,.F.,(4,4),(-0.408853685985431,-0.353452894265648),
 .UNSPECIFIED.);
#411=B_SPLINE_CURVE_WITH_KNOTS('',3,(#8875,#8876,#8877,#8878),
 .UNSPECIFIED.,.F.,.F.,(4,4),(-2.21610932323462,-1.18179388807519),
 .UNSPECIFIED.);
#412=B_SPLINE_CURVE_WITH_KNOTS('',3,(#8880,#8881,#8882,#8883,#8884,#8885,
#8886,#8887,#8888,#8889),.UNSPECIFIED.,.F.,.F.,(4,3,3,4),(-0.131081892249414,
-0.129894523421137,-0.0501288914095847,-0.0479016353735698),
 .UNSPECIFIED.);
#413=B_SPLINE_CURVE_WITH_KNOTS('',3,(#8891,#8892,#8893,#8894,#8895,#8896),
 .UNSPECIFIED.,.F.,.F.,(4,2,4),(-3.17424501697519,-2.55774095809632,-2.06474105126705),
 .UNSPECIFIED.);
#414=B_SPLINE_CURVE_WITH_KNOTS('',3,(#8898,#8899,#8900,#8901),
 .UNSPECIFIED.,.F.,.F.,(4,4),(-2.7043774314214,-2.62837503661038),
 .UNSPECIFIED.);
#415=B_SPLINE_CURVE_WITH_KNOTS('',3,(#8903,#8904,#8905,#8906),
 .UNSPECIFIED.,.F.,.F.,(4,4),(-0.429886378794176,-0.322380066822595),
 .UNSPECIFIED.);
#416=B_SPLINE_CURVE_WITH_KNOTS('',3,(#8908,#8909,#8910,#8911,#8912,#8913,
#8914,#8915,#8916,#8917),.UNSPECIFIED.,.F.,.F.,(4,3,3,4),(-0.360756525034345,
-0.302840244926356,-0.219465436022269,-0.167104847370788),.UNSPECIFIED.);
#417=B_SPLINE_CURVE_WITH_KNOTS('',3,(#8919,#8920,#8921,#8922,#8923,#8924,
#8925,#8926),.UNSPECIFIED.,.F.,.F.,(4,2,2,4),(-2.14615686197867,-1.67363917370859,
0.,0.00321690868610793),.UNSPECIFIED.);
#418=B_SPLINE_CURVE_WITH_KNOTS('',3,(#8989,#8990,#8991,#8992),
 .UNSPECIFIED.,.F.,.F.,(4,4),(-0.0949474907778027,-6.87096837978127E-17),
 .UNSPECIFIED.);
#419=B_SPLINE_CURVE_WITH_KNOTS('',3,(#8994,#8995,#8996,#8997),
 .UNSPECIFIED.,.F.,.F.,(4,4),(-0.29,-0.0900000000000002),.UNSPECIFIED.);
#420=B_SPLINE_CURVE_WITH_KNOTS('',3,(#8999,#9000,#9001,#9002,#9003,#9004,
#9005,#9006,#9007,#9008,#9009,#9010,#9011,#9012,#9013,#9014,#9015,#9016,
#9017,#9018,#9019,#9020,#9021,#9022,#9023),.UNSPECIFIED.,.F.,.F.,(4,3,3,
3,3,3,3,3,4),(-0.437764489477946,-0.402174209527146,-0.364379480016839,
-0.32389535002828,-0.27887468237192,-0.224978376448022,-0.176603907770923,
-0.135209198272025,-0.122686755603883),.UNSPECIFIED.);
#421=B_SPLINE_CURVE_WITH_KNOTS('',3,(#9024,#9025,#9026,#9027),
 .UNSPECIFIED.,.F.,.F.,(4,4),(-0.29,0.),.UNSPECIFIED.);
#422=B_SPLINE_CURVE_WITH_KNOTS('',3,(#9030,#9031,#9032,#9033,#9034,#9035,
#9036,#9037,#9038,#9039,#9040,#9041,#9042,#9043,#9044,#9045,#9046,#9047,
#9048,#9049,#9050,#9051,#9052,#9053,#9054,#9055,#9056,#9057,#9058,#9059,
#9060,#9061,#9062,#9063,#9064,#9065,#9066),.UNSPECIFIED.,.F.,.F.,(4,3,3,
3,3,3,3,3,3,3,3,3,4),(0.393130373983203,0.42115351303885,0.450488602644151,
0.48199394868791,0.516671628754193,0.557951012153361,0.604337094799296,
0.640399105870219,0.67411240036394,0.703324195454916,0.731485506764759,
0.758497861938443,0.775252283845101),.UNSPECIFIED.);
#423=B_SPLINE_CURVE_WITH_KNOTS('',3,(#9068,#9069,#9070,#9071),
 .UNSPECIFIED.,.F.,.F.,(4,4),(-0.34,-0.0500000000000006),.UNSPECIFIED.);
#424=B_SPLINE_CURVE_WITH_KNOTS('',3,(#9073,#9074,#9075,#9076,#9077,#9078,
#9079,#9080,#9081,#9082,#9083,#9084,#9085,#9086,#9087,#9088,#9089,#9090,
#9091,#9092,#9093,#9094,#9095,#9096,#9097),.UNSPECIFIED.,.F.,.F.,(4,3,3,
3,3,3,3,3,4),(-0.267487833525563,-0.236909757205909,-0.20443768547609,-0.169654963389234,
-0.130974587357978,-0.0846685353076543,-0.043106676362518,-0.00754161230466024,
0.00321728614034911),.UNSPECIFIED.);
#425=B_SPLINE_CURVE_WITH_KNOTS('',3,(#9099,#9100,#9101,#9102),
 .UNSPECIFIED.,.F.,.F.,(4,4),(-1.14,-0.94),.UNSPECIFIED.);
#426=B_SPLINE_CURVE_WITH_KNOTS('',3,(#9104,#9105,#9106,#9107),
 .UNSPECIFIED.,.F.,.F.,(4,4),(-0.745279875565522,-0.650332385114494),
 .UNSPECIFIED.);
#427=B_SPLINE_CURVE_WITH_KNOTS('',3,(#9108,#9109,#9110,#9111),
 .UNSPECIFIED.,.F.,.F.,(4,4),(0.109835682103017,0.144062988850331),
 .UNSPECIFIED.);
#428=B_SPLINE_CURVE_WITH_KNOTS('',3,(#9130,#9131,#9132,#9133,#9134,#9135,
#9136),.UNSPECIFIED.,.F.,.F.,(4,3,4),(0.144062988850331,0.247261871457752,
0.393130373983203),.UNSPECIFIED.);
#429=B_SPLINE_CURVE_WITH_KNOTS('',3,(#9182,#9183,#9184,#9185,#9186,#9187,
#9188,#9189,#9190,#9191),.UNSPECIFIED.,.F.,.F.,(4,2,2,2,4),(-1.15151813455085,
-1.15026354182614,-0.766656781440596,-0.416833249325237,-0.305596914957432),
 .UNSPECIFIED.);
#430=B_SPLINE_CURVE_WITH_KNOTS('',3,(#9193,#9194,#9195,#9196),
 .UNSPECIFIED.,.F.,.F.,(4,4),(-0.147804881756864,-0.0531595032748743),
 .UNSPECIFIED.);
#431=B_SPLINE_CURVE_WITH_KNOTS('',3,(#9198,#9199,#9200,#9201),
 .UNSPECIFIED.,.F.,.F.,(4,4),(-0.0908329114439574,-0.0303764827578464),
 .UNSPECIFIED.);
#432=B_SPLINE_CURVE_WITH_KNOTS('',3,(#9203,#9204,#9205,#9206,#9207,#9208),
 .UNSPECIFIED.,.F.,.F.,(4,2,4),(-0.209467154462715,-0.204008522078481,-0.128469851339277),
 .UNSPECIFIED.);
#433=B_SPLINE_CURVE_WITH_KNOTS('',3,(#9209,#9210,#9211,#9212),
 .UNSPECIFIED.,.F.,.F.,(4,4),(1.16495536036802,2.33907860971),
 .UNSPECIFIED.);
#434=B_SPLINE_CURVE_WITH_KNOTS('',3,(#9233,#9234,#9235,#9236,#9237,#9238,
#9239,#9240,#9241,#9242),.UNSPECIFIED.,.F.,.F.,(4,2,2,2,4),(0.,0.0434344301118604,
0.101179521377478,0.17498456755381,0.249784555190121),.UNSPECIFIED.);
#435=B_SPLINE_CURVE_WITH_KNOTS('',3,(#9273,#9274,#9275,#9276),
 .UNSPECIFIED.,.F.,.F.,(4,4),(0.,0.318807069707188),.UNSPECIFIED.);
#436=B_SPLINE_CURVE_WITH_KNOTS('',3,(#9281,#9282,#9283,#9284),
 .UNSPECIFIED.,.F.,.F.,(4,4),(0.,0.318807069707189),.UNSPECIFIED.);
#437=B_SPLINE_CURVE_WITH_KNOTS('',3,(#9301,#9302,#9303,#9304),
 .UNSPECIFIED.,.F.,.F.,(4,4),(0.,0.318807069707194),.UNSPECIFIED.);
#438=B_SPLINE_CURVE_WITH_KNOTS('',3,(#9307,#9308,#9309,#9310),
 .UNSPECIFIED.,.F.,.F.,(4,4),(0.,0.318691912186933),.UNSPECIFIED.);
#439=B_SPLINE_CURVE_WITH_KNOTS('',3,(#9397,#9398,#9399,#9400,#9401,#9402,
#9403,#9404,#9405,#9406,#9407,#9408,#9409,#9410,#9411,#9412,#9413,#9414,
#9415,#9416),.UNSPECIFIED.,.F.,.F.,(4,2,2,2,2,2,2,2,2,4),(0.,0.0743725695023719,
0.135669957160706,0.168954359134367,0.186164005875796,0.194160353194967,
0.197711052097386,0.199934299623975,0.200340786217595,0.200508138950278),
 .UNSPECIFIED.);
#440=B_SPLINE_CURVE_WITH_KNOTS('',3,(#9418,#9419,#9420,#9421,#9422),
 .UNSPECIFIED.,.F.,.F.,(4,1,4),(0.618640380648323,0.620215228915404,0.642409922526493),
 .UNSPECIFIED.);
#441=B_SPLINE_CURVE_WITH_KNOTS('',3,(#9424,#9425,#9426,#9427,#9428,#9429),
 .UNSPECIFIED.,.F.,.F.,(4,2,4),(0.,0.0627092640401134,0.0913112663425367),
 .UNSPECIFIED.);
#442=B_SPLINE_CURVE_WITH_KNOTS('',3,(#9431,#9432,#9433,#9434,#9435,#9436,
#9437,#9438),.UNSPECIFIED.,.F.,.F.,(4,2,2,4),(0.,0.0411918026015611,0.0750706036032163,
0.0924370309471882),.UNSPECIFIED.);
#443=B_SPLINE_CURVE_WITH_KNOTS('',3,(#9472,#9473,#9474,#9475,#9476,#9477),
 .UNSPECIFIED.,.F.,.F.,(4,2,4),(0.207408361897265,0.243962202695531,0.295542231785272),
 .UNSPECIFIED.);
#444=B_SPLINE_CURVE_WITH_KNOTS('',3,(#9479,#9480,#9481,#9482,#9483),
 .UNSPECIFIED.,.F.,.F.,(4,1,4),(0.303624186008624,0.325818879619713,0.327393727886794),
 .UNSPECIFIED.);
#445=B_SPLINE_CURVE_WITH_KNOTS('',3,(#9485,#9486,#9487,#9488,#9489,#9490,
#9491,#9492,#9493,#9494,#9495,#9496,#9497,#9498,#9499,#9500,#9501,#9502,
#9503,#9504),.UNSPECIFIED.,.F.,.F.,(4,2,2,2,2,2,2,2,2,4),(-3.28561166992892E-5,
0.,9.6327286157505E-5,0.000623182063572212,0.00146461004337175,0.00335954694340264,
0.00743780834761972,0.0153253898865945,0.0298513574451142,0.0474758202991762),
 .UNSPECIFIED.);
#446=B_SPLINE_CURVE_WITH_KNOTS('',3,(#9507,#9508,#9509,#9510,#9511,#9512),
 .UNSPECIFIED.,.F.,.F.,(4,2,4),(0.039473659274698,0.0672024387285901,0.218658822286956),
 .UNSPECIFIED.);
#447=B_SPLINE_CURVE_WITH_KNOTS('',3,(#9524,#9525,#9526,#9527,#9528,#9529,
#9530,#9531,#9532,#9533,#9534,#9535,#9536,#9537,#9538,#9539),
 .UNSPECIFIED.,.F.,.F.,(4,2,2,2,2,2,2,4),(0.244486782069806,0.277414652369789,
0.416121978554683,0.554829304739577,0.611323806247355,0.667818307755133,
0.707722814225863,0.747627320696594),.UNSPECIFIED.);
#448=B_SPLINE_CURVE_WITH_KNOTS('',3,(#9574,#9575,#9576,#9577,#9578,#9579,
#9580,#9581,#9582,#9583,#9584,#9585,#9586,#9587,#9588,#9589),
 .UNSPECIFIED.,.F.,.F.,(4,2,2,2,2,2,2,4),(0.747627320696594,0.787531827167324,
0.827436333638054,0.883930835145832,0.94042533665361,1.0791326628385,1.2178399890234,
1.25076785932338),.UNSPECIFIED.);
#449=B_SPLINE_CURVE_WITH_KNOTS('',3,(#9705,#9706,#9707,#9708,#9709,#9710,
#9711,#9712,#9713,#9714,#9715,#9716,#9717,#9718,#9719,#9720,#9721,#9722,
#9723,#9724,#9725,#9726,#9727,#9728,#9729,#9730,#9731,#9732,#9733,#9734,
#9735),.UNSPECIFIED.,.F.,.F.,(4,3,3,3,3,3,3,3,3,3,4),(0.,0.0239283837924516,
0.0483577202671412,0.074540360932087,0.10059065715204,0.127422122371809,
0.155046010776194,0.184062137640518,0.214086562455244,0.246085431405216,
0.257818845586707),.UNSPECIFIED.);
#450=B_SPLINE_CURVE_WITH_KNOTS('',3,(#9739,#9740,#9741,#9742),
 .UNSPECIFIED.,.F.,.F.,(4,4),(0.,0.0236922615105694),.UNSPECIFIED.);
#451=B_SPLINE_CURVE_WITH_KNOTS('',3,(#9850,#9851,#9852,#9853,#9854,#9855),
 .UNSPECIFIED.,.F.,.F.,(4,2,4),(0.,0.0147280271003872,0.0317003669158387),
 .UNSPECIFIED.);
#452=B_SPLINE_CURVE_WITH_KNOTS('',3,(#9987,#9988,#9989,#9990,#9991,#9992,
#9993),.UNSPECIFIED.,.F.,.F.,(4,3,4),(0.,0.0324057042190232,0.0567099823832906),
 .UNSPECIFIED.);
#453=B_SPLINE_CURVE_WITH_KNOTS('',3,(#10014,#10015,#10016,#10017,#10018,
#10019,#10020,#10021,#10022,#10023,#10024,#10025),.UNSPECIFIED.,.F.,.F.,
(4,2,2,2,2,4),(0.,0.026379756587993,0.0576565620283333,0.0842271918766171,
0.0955296129181431,0.10594440503358),.UNSPECIFIED.);
#454=B_SPLINE_CURVE_WITH_KNOTS('',3,(#10068,#10069,#10070,#10071,#10072,
#10073,#10074,#10075,#10076,#10077,#10078,#10079),.UNSPECIFIED.,.F.,.F.,
(4,2,2,2,2,4),(0.,0.00971130568643744,0.0218070907675527,0.0414869481387092,
0.0638032273091114,0.0838019128935618),.UNSPECIFIED.);
#455=B_SPLINE_CURVE_WITH_KNOTS('',3,(#10100,#10101,#10102,#10103,#10104,
#10105,#10106),.UNSPECIFIED.,.F.,.F.,(4,3,4),(0.,0.0243042781642678,0.0567099823832916),
 .UNSPECIFIED.);
#456=B_SPLINE_CURVE_WITH_KNOTS('',3,(#10176,#10177,#10178,#10179,#10180,
#10181,#10182,#10183,#10184,#10185,#10186,#10187,#10188,#10189,#10190),
 .UNSPECIFIED.,.F.,.F.,(4,2,3,2,2,2,4),(-0.076014676540504,-0.0753486219819021,
0.,0.0426861855361285,0.108666015058795,0.136919396495883,0.154053100707136),
 .UNSPECIFIED.);
#457=B_SPLINE_CURVE_WITH_KNOTS('',3,(#10210,#10211,#10212,#10213,#10214,
#10215,#10216,#10217,#10218,#10219,#10220,#10221),.UNSPECIFIED.,.F.,.F.,
(4,2,2,2,2,4),(0.162832000337611,0.216072333208186,0.276977084860818,0.328500609167029,
0.344875889442821,0.35729284448516),.UNSPECIFIED.);
#458=B_SPLINE_CURVE_WITH_KNOTS('',3,(#10224,#10225,#10226,#10227,#10228,
#10229,#10230,#10231,#10232,#10233,#10234,#10235,#10236,#10237),
 .UNSPECIFIED.,.F.,.F.,(4,2,2,2,2,2,4),(0.,0.0385759237722157,0.077441620110496,
0.11682555751851,0.137239673079904,0.157659269937853,0.158269759777628),
 .UNSPECIFIED.);
#459=B_SPLINE_CURVE_WITH_KNOTS('',3,(#10241,#10242,#10243,#10244,#10245,
#10246,#10247,#10248,#10249,#10250,#10251,#10252,#10253,#10254),
 .UNSPECIFIED.,.F.,.F.,(4,2,2,2,2,2,4),(-0.157713623020786,-0.119124400186707,
-0.0802453048873805,-0.040847789854551,-0.0204266365203878,0.,0.000610700306341388),
 .UNSPECIFIED.);
#460=B_SPLINE_CURVE_WITH_KNOTS('',3,(#10258,#10259,#10260,#10261,#10262,
#10263,#10264,#10265,#10266,#10267,#10268,#10269),.UNSPECIFIED.,.F.,.F.,
(4,2,2,2,2,4),(0.358084790303085,0.370501745345424,0.386877025621215,0.438400549927427,
0.499305301580059,0.552545634450634),.UNSPECIFIED.);
#461=B_SPLINE_CURVE_WITH_KNOTS('',3,(#10273,#10274,#10275,#10276,#10277,
#10278,#10279,#10280,#10281,#10282,#10283,#10284,#10285,#10286),
 .UNSPECIFIED.,.F.,.F.,(4,2,2,2,2,2,4),(0.,0.0385759237722163,0.0774416201104963,
0.116825557518507,0.137239673079941,0.157659269925675,0.158269759766356),
 .UNSPECIFIED.);
#462=B_SPLINE_CURVE_WITH_KNOTS('',3,(#10291,#10292,#10293,#10294,#10295,
#10296,#10297,#10298,#10299,#10300,#10301,#10302),.UNSPECIFIED.,.F.,.F.,
(4,2,2,2,2,4),(0.35729284448516,0.3697097995275,0.386085079803291,0.437608604109503,
0.498513355762134,0.551753688632709),.UNSPECIFIED.);
#463=B_SPLINE_CURVE_WITH_KNOTS('',3,(#10303,#10304,#10305,#10306,#10307,
#10308,#10309,#10310,#10311,#10312,#10313,#10314,#10315,#10316),
 .UNSPECIFIED.,.F.,.F.,(4,2,2,2,2,2,4),(-0.000610700307995423,0.,0.0204266365332409,
0.040847789892502,0.08024530497368,0.11912440032072,0.157713623202156),
 .UNSPECIFIED.);
#464=B_SPLINE_SURFACE_WITH_KNOTS('',3,1,((#6278,#6279),(#6280,#6281),(#6282,
#6283),(#6284,#6285),(#6286,#6287)),.UNSPECIFIED.,.F.,.F.,.F.,(4,1,4),(2,
2),(0.,0.0144122982898889,0.0371880642766542),(0.,0.05),.UNSPECIFIED.);
#465=B_SPLINE_SURFACE_WITH_KNOTS('',3,1,((#6301,#6302),(#6303,#6304),(#6305,
#6306),(#6307,#6308),(#6309,#6310)),.UNSPECIFIED.,.F.,.F.,.F.,(4,1,4),(2,
2),(0.,0.0156640749728477,0.0311699464037411),(0.,0.05),.UNSPECIFIED.);
#466=B_SPLINE_SURFACE_WITH_KNOTS('',3,1,((#6324,#6325),(#6326,#6327),(#6328,
#6329),(#6330,#6331),(#6332,#6333)),.UNSPECIFIED.,.F.,.F.,.F.,(4,1,4),(2,
2),(0.,0.0176322357988088,0.0340266681266824),(0.,0.05),.UNSPECIFIED.);
#467=B_SPLINE_SURFACE_WITH_KNOTS('',3,1,((#6347,#6348),(#6349,#6350),(#6351,
#6352),(#6353,#6354),(#6355,#6356)),.UNSPECIFIED.,.F.,.F.,.F.,(4,1,4),(2,
2),(0.,0.0210773951257533,0.0445016858202368),(0.,0.05),.UNSPECIFIED.);
#468=B_SPLINE_SURFACE_WITH_KNOTS('',3,1,((#6370,#6371),(#6372,#6373),(#6374,
#6375),(#6376,#6377),(#6378,#6379)),.UNSPECIFIED.,.F.,.F.,.F.,(4,1,4),(2,
2),(0.,0.0330899814465474,0.0573422733093096),(0.,0.05),.UNSPECIFIED.);
#469=B_SPLINE_SURFACE_WITH_KNOTS('',3,1,((#6417,#6418),(#6419,#6420),(#6421,
#6422),(#6423,#6424),(#6425,#6426)),.UNSPECIFIED.,.F.,.F.,.F.,(4,1,4),(2,
2),(0.,0.0395340521384104,0.0937602195604397),(0.,0.05),.UNSPECIFIED.);
#470=B_SPLINE_SURFACE_WITH_KNOTS('',3,1,((#6440,#6441),(#6442,#6443),(#6444,
#6445),(#6446,#6447),(#6448,#6449)),.UNSPECIFIED.,.F.,.F.,.F.,(4,1,4),(2,
2),(0.,0.0358464708584904,0.0704936137036794),(0.,0.05),.UNSPECIFIED.);
#471=B_SPLINE_SURFACE_WITH_KNOTS('',3,1,((#6463,#6464),(#6465,#6466),(#6467,
#6468),(#6469,#6470),(#6471,#6472)),.UNSPECIFIED.,.F.,.F.,.F.,(4,1,4),(2,
2),(0.,0.0207020454196046,0.0422076024854633),(0.,0.05),.UNSPECIFIED.);
#472=B_SPLINE_SURFACE_WITH_KNOTS('',3,1,((#6486,#6487),(#6488,#6489),(#6490,
#6491),(#6492,#6493),(#6494,#6495)),.UNSPECIFIED.,.F.,.F.,.F.,(4,1,4),(2,
2),(0.,0.0183204394572652,0.0379549655839111),(0.,0.05),.UNSPECIFIED.);
#473=B_SPLINE_SURFACE_WITH_KNOTS('',3,1,((#6509,#6510),(#6511,#6512),(#6513,
#6514),(#6515,#6516),(#6517,#6518)),.UNSPECIFIED.,.F.,.F.,.F.,(4,1,4),(2,
2),(0.,0.0210022393091946,0.0398453319789575),(0.,0.05),.UNSPECIFIED.);
#474=B_SPLINE_SURFACE_WITH_KNOTS('',3,1,((#6532,#6533),(#6534,#6535),(#6536,
#6537),(#6538,#6539),(#6540,#6541)),.UNSPECIFIED.,.F.,.F.,.F.,(4,1,4),(2,
2),(0.,0.0263569237008669,0.0457634142324824),(0.,0.05),.UNSPECIFIED.);
#475=B_SPLINE_SURFACE_WITH_KNOTS('',3,1,((#6605,#6606),(#6607,#6608),(#6609,
#6610),(#6611,#6612),(#6613,#6614)),.UNSPECIFIED.,.F.,.F.,.F.,(4,1,4),(2,
2),(0.,0.0224235044111401,0.0515057324307644),(0.,0.05),.UNSPECIFIED.);
#476=B_SPLINE_SURFACE_WITH_KNOTS('',3,1,((#6628,#6629),(#6630,#6631),(#6632,
#6633),(#6634,#6635),(#6636,#6637)),.UNSPECIFIED.,.F.,.F.,.F.,(4,1,4),(2,
2),(0.,0.0197705066366443,0.0392062498850677),(0.,0.05),.UNSPECIFIED.);
#477=B_SPLINE_SURFACE_WITH_KNOTS('',3,1,((#6651,#6652),(#6653,#6654),(#6655,
#6656),(#6657,#6658),(#6659,#6660)),.UNSPECIFIED.,.F.,.F.,.F.,(4,1,4),(2,
2),(0.,0.0142372410360317,0.0283709089818986),(0.,0.05),.UNSPECIFIED.);
#478=B_SPLINE_SURFACE_WITH_KNOTS('',3,1,((#6674,#6675),(#6676,#6677),(#6678,
#6679),(#6680,#6681),(#6682,#6683)),.UNSPECIFIED.,.F.,.F.,.F.,(4,1,4),(2,
2),(0.,0.0153602695356897,0.0298795714828645),(0.,0.05),.UNSPECIFIED.);
#479=B_SPLINE_SURFACE_WITH_KNOTS('',3,1,((#6697,#6698),(#6699,#6700),(#6701,
#6702),(#6703,#6704),(#6705,#6706)),.UNSPECIFIED.,.F.,.F.,.F.,(4,1,4),(2,
2),(0.,0.0242903918184725,0.0430855569249063),(0.,0.05),.UNSPECIFIED.);
#480=B_SPLINE_SURFACE_WITH_KNOTS('',3,1,((#6744,#6745),(#6746,#6747),(#6748,
#6749),(#6750,#6751),(#6752,#6753)),.UNSPECIFIED.,.F.,.F.,.F.,(4,1,4),(2,
2),(0.,0.00896637111268175,0.0221703794393915),(0.,0.05),.UNSPECIFIED.);
#481=B_SPLINE_SURFACE_WITH_KNOTS('',3,1,((#6767,#6768),(#6769,#6770),(#6771,
#6772),(#6773,#6774),(#6775,#6776)),.UNSPECIFIED.,.F.,.F.,.F.,(4,1,4),(2,
2),(0.,0.0102095912636842,0.0198600697841769),(0.,0.05),.UNSPECIFIED.);
#482=B_SPLINE_SURFACE_WITH_KNOTS('',3,1,((#6790,#6791),(#6792,#6793),(#6794,
#6795),(#6796,#6797),(#6798,#6799)),.UNSPECIFIED.,.F.,.F.,.F.,(4,1,4),(2,
2),(0.,0.0161874883700472,0.0285217241861629),(0.,0.05),.UNSPECIFIED.);
#483=B_SPLINE_SURFACE_WITH_KNOTS('',3,1,((#6813,#6814),(#6815,#6816),(#6817,
#6818),(#6819,#6820),(#6821,#6822)),.UNSPECIFIED.,.F.,.F.,.F.,(4,1,4),(2,
2),(0.,0.0286336831656569,0.0503065628237794),(0.,0.05),.UNSPECIFIED.);
#484=B_SPLINE_SURFACE_WITH_KNOTS('',3,1,((#6854,#6855),(#6856,#6857),(#6858,
#6859),(#6860,#6861),(#6862,#6863)),.UNSPECIFIED.,.F.,.F.,.F.,(4,1,4),(2,
2),(0.,0.0246821909191176,0.0518503338859441),(0.,0.05),.UNSPECIFIED.);
#485=B_SPLINE_SURFACE_WITH_KNOTS('',3,1,((#6877,#6878),(#6879,#6880),(#6881,
#6882),(#6883,#6884),(#6885,#6886)),.UNSPECIFIED.,.F.,.F.,.F.,(4,1,4),(2,
2),(0.,0.0157726234660886,0.0282867493324553),(0.,0.05),.UNSPECIFIED.);
#486=B_SPLINE_SURFACE_WITH_KNOTS('',3,1,((#6900,#6901),(#6902,#6903),(#6904,
#6905),(#6906,#6907),(#6908,#6909)),.UNSPECIFIED.,.F.,.F.,.F.,(4,1,4),(2,
2),(0.,0.0318135763828084,0.0706542719218286),(0.,0.05),.UNSPECIFIED.);
#487=B_SPLINE_SURFACE_WITH_KNOTS('',3,1,((#6923,#6924),(#6925,#6926),(#6927,
#6928),(#6929,#6930),(#6931,#6932)),.UNSPECIFIED.,.F.,.F.,.F.,(4,1,4),(2,
2),(0.,0.029867121120381,0.0587773865128167),(0.,0.05),.UNSPECIFIED.);
#488=B_SPLINE_SURFACE_WITH_KNOTS('',3,1,((#6946,#6947),(#6948,#6949),(#6950,
#6951),(#6952,#6953),(#6954,#6955)),.UNSPECIFIED.,.F.,.F.,.F.,(4,1,4),(2,
2),(0.,0.0234849508912081,0.0473765653218637),(0.,0.05),.UNSPECIFIED.);
#489=B_SPLINE_SURFACE_WITH_KNOTS('',3,1,((#6969,#6970),(#6971,#6972),(#6973,
#6974),(#6975,#6976),(#6977,#6978)),.UNSPECIFIED.,.F.,.F.,.F.,(4,1,4),(2,
2),(0.,0.0218512824106546,0.0445286393495414),(0.,0.05),.UNSPECIFIED.);
#490=B_SPLINE_SURFACE_WITH_KNOTS('',3,1,((#6992,#6993),(#6994,#6995),(#6996,
#6997),(#6998,#6999),(#7000,#7001)),.UNSPECIFIED.,.F.,.F.,.F.,(4,1,4),(2,
2),(0.,0.0353578707411629,0.0617458568523375),(0.,0.05),.UNSPECIFIED.);
#491=B_SPLINE_SURFACE_WITH_KNOTS('',3,1,((#7301,#7302),(#7303,#7304),(#7305,
#7306),(#7307,#7308),(#7309,#7310),(#7311,#7312),(#7313,#7314),(#7315,#7316),
(#7317,#7318),(#7319,#7320),(#7321,#7322),(#7323,#7324),(#7325,#7326)),
 .UNSPECIFIED.,.F.,.F.,.F.,(4,3,3,3,4),(2,2),(-0.996534558907817,-0.753690967412213,
-0.497074930085386,-0.195408245961951,0.),(-1.59529868602934,0.754973699015467),
 .UNSPECIFIED.);
#492=B_SPLINE_SURFACE_WITH_KNOTS('',3,3,((#7400,#7401,#7402,#7403,#7404,
#7405,#7406,#7407),(#7408,#7409,#7410,#7411,#7412,#7413,#7414,#7415),(#7416,
#7417,#7418,#7419,#7420,#7421,#7422,#7423),(#7424,#7425,#7426,#7427,#7428,
#7429,#7430,#7431)),.UNSPECIFIED.,.F.,.F.,.F.,(4,4),(4,2,1,1,4),(0.,1.),
(-0.000446668379499814,0.,0.0415100604306609,0.0553467472408812,0.0691834340511015),
 .UNSPECIFIED.);
#493=B_SPLINE_SURFACE_WITH_KNOTS('',3,3,((#7451,#7452,#7453,#7454),(#7455,
#7456,#7457,#7458),(#7459,#7460,#7461,#7462),(#7463,#7464,#7465,#7466),
(#7467,#7468,#7469,#7470)),.UNSPECIFIED.,.F.,.F.,.F.,(4,1,4),(4,4),(0.,
0.571428571428571,1.),(0.,0.0183276734165711),.UNSPECIFIED.);
#494=B_SPLINE_SURFACE_WITH_KNOTS('',3,3,((#7482,#7483,#7484,#7485,#7486,
#7487,#7488,#7489),(#7490,#7491,#7492,#7493,#7494,#7495,#7496,#7497),(#7498,
#7499,#7500,#7501,#7502,#7503,#7504,#7505),(#7506,#7507,#7508,#7509,#7510,
#7511,#7512,#7513),(#7514,#7515,#7516,#7517,#7518,#7519,#7520,#7521)),
 .UNSPECIFIED.,.F.,.F.,.F.,(4,1,4),(4,1,1,1,1,4),(0.,0.571428571428571,
1.),(0.,0.112634091876024,0.225268183752048,0.337902275628072,0.563170459380119,
0.788438643132167),.UNSPECIFIED.);
#495=B_SPLINE_SURFACE_WITH_KNOTS('',3,3,((#7541,#7542,#7543,#7544,#7545,
#7546),(#7547,#7548,#7549,#7550,#7551,#7552),(#7553,#7554,#7555,#7556,#7557,
#7558),(#7559,#7560,#7561,#7562,#7563,#7564),(#7565,#7566,#7567,#7568,#7569,
#7570)),.UNSPECIFIED.,.F.,.F.,.F.,(4,1,4),(4,1,1,4),(0.,0.571428571428571,
1.),(0.,0.173586255225701,0.260379382838552,0.607551893289954),
 .UNSPECIFIED.);
#496=B_SPLINE_SURFACE_WITH_KNOTS('',3,3,((#7592,#7593,#7594,#7595),(#7596,
#7597,#7598,#7599),(#7600,#7601,#7602,#7603),(#7604,#7605,#7606,#7607),
(#7608,#7609,#7610,#7611)),.UNSPECIFIED.,.F.,.F.,.F.,(4,1,4),(4,4),(0.,
0.571428571428571,1.),(0.,0.0688677985640999),.UNSPECIFIED.);
#497=B_SPLINE_SURFACE_WITH_KNOTS('',3,3,((#7623,#7624,#7625,#7626,#7627,
#7628,#7629,#7630),(#7631,#7632,#7633,#7634,#7635,#7636,#7637,#7638),(#7639,
#7640,#7641,#7642,#7643,#7644,#7645,#7646),(#7647,#7648,#7649,#7650,#7651,
#7652,#7653,#7654),(#7655,#7656,#7657,#7658,#7659,#7660,#7661,#7662)),
 .UNSPECIFIED.,.F.,.F.,.F.,(4,1,4),(4,1,1,1,1,4),(0.,0.571428571428571,
1.),(0.,0.132390824275442,0.264781648550883,0.529563297101767,0.79434494565265,
0.926735769928091),.UNSPECIFIED.);
#498=B_SPLINE_SURFACE_WITH_KNOTS('',3,3,((#7682,#7683,#7684,#7685,#7686,
#7687,#7688),(#7689,#7690,#7691,#7692,#7693,#7694,#7695),(#7696,#7697,#7698,
#7699,#7700,#7701,#7702),(#7703,#7704,#7705,#7706,#7707,#7708,#7709),(#7710,
#7711,#7712,#7713,#7714,#7715,#7716)),.UNSPECIFIED.,.F.,.F.,.F.,(4,1,4),
(4,1,1,1,4),(0.,0.571428571428571,1.),(0.,0.204325746052633,0.408651492105265,
0.681085820175442,0.953520148245619),.UNSPECIFIED.);
#499=B_SPLINE_SURFACE_WITH_KNOTS('',3,3,((#7734,#7735,#7736,#7737),(#7738,
#7739,#7740,#7741),(#7742,#7743,#7744,#7745),(#7746,#7747,#7748,#7749),
(#7750,#7751,#7752,#7753)),.UNSPECIFIED.,.F.,.F.,.F.,(4,1,4),(4,4),(0.,
0.571428571428571,1.),(2.3197838729472E-11,0.0128343067068713),
 .UNSPECIFIED.);
#500=B_SPLINE_SURFACE_WITH_KNOTS('',3,3,((#7765,#7766,#7767,#7768,#7769,
#7770,#7771,#7772),(#7773,#7774,#7775,#7776,#7777,#7778,#7779,#7780),(#7781,
#7782,#7783,#7784,#7785,#7786,#7787,#7788),(#7789,#7790,#7791,#7792,#7793,
#7794,#7795,#7796),(#7797,#7798,#7799,#7800,#7801,#7802,#7803,#7804)),
 .UNSPECIFIED.,.F.,.F.,.F.,(4,1,4),(4,1,1,2,4),(0.,0.571428571428571,1.),
(3.38324550435043E-16,0.0322322476084831,0.0483483714127245,0.0805806190212072,
0.0810271585747494),.UNSPECIFIED.);
#501=B_SPLINE_SURFACE_WITH_KNOTS('',3,3,((#7822,#7823,#7824,#7825),(#7826,
#7827,#7828,#7829),(#7830,#7831,#7832,#7833),(#7834,#7835,#7836,#7837),
(#7838,#7839,#7840,#7841)),.UNSPECIFIED.,.F.,.F.,.F.,(4,1,4),(4,4),(0.,
0.571428571428571,1.),(0.246102515844499,0.33170031153616),
 .UNSPECIFIED.);
#502=B_SPLINE_SURFACE_WITH_KNOTS('',3,1,((#7853,#7854),(#7855,#7856),(#7857,
#7858),(#7859,#7860),(#7861,#7862),(#7863,#7864),(#7865,#7866),(#7867,#7868),
(#7869,#7870)),.UNSPECIFIED.,.F.,.F.,.F.,(4,3,2,4),(2,2),(-0.219026205839699,
0.,0.247262070593367,0.830321281211623),(-0.00574669061850433,0.612504407201891),
 .UNSPECIFIED.);
#503=B_SPLINE_SURFACE_WITH_KNOTS('',3,1,((#7895,#7896),(#7897,#7898),(#7899,
#7900),(#7901,#7902),(#7903,#7904),(#7905,#7906)),.UNSPECIFIED.,.F.,.F.,
 .F.,(4,2,4),(2,2),(0.,0.555436793720629,1.06977691921038),(-0.404105581856516,
0.583431635829399),.UNSPECIFIED.);
#504=B_SPLINE_SURFACE_WITH_KNOTS('',3,1,((#7925,#7926),(#7927,#7928),(#7929,
#7930),(#7931,#7932),(#7933,#7934),(#7935,#7936),(#7937,#7938),(#7939,#7940),
(#7941,#7942),(#7943,#7944),(#7945,#7946),(#7947,#7948),(#7949,#7950),(#7951,
#7952),(#7953,#7954)),.UNSPECIFIED.,.F.,.F.,.F.,(4,2,3,2,2,2,4),(2,2),(-1.06458927972309,
-0.687692924357824,0.,0.272289372114042,0.633754147231128,0.832237917155048,
0.97814724358432),(-0.0521058959908818,0.61735393015221),.UNSPECIFIED.);
#505=B_SPLINE_SURFACE_WITH_KNOTS('',3,3,((#7968,#7969,#7970,#7971),(#7972,
#7973,#7974,#7975),(#7976,#7977,#7978,#7979),(#7980,#7981,#7982,#7983),
(#7984,#7985,#7986,#7987)),.UNSPECIFIED.,.F.,.F.,.F.,(4,1,4),(4,4),(0.,
0.5,1.),(-4.52185779845818E-16,0.0916256559558763),.UNSPECIFIED.);
#506=B_SPLINE_SURFACE_WITH_KNOTS('',3,3,((#7995,#7996,#7997,#7998,#7999,
#8000,#8001,#8002),(#8003,#8004,#8005,#8006,#8007,#8008,#8009,#8010),(#8011,
#8012,#8013,#8014,#8015,#8016,#8017,#8018),(#8019,#8020,#8021,#8022,#8023,
#8024,#8025,#8026)),.UNSPECIFIED.,.F.,.F.,.F.,(4,4),(4,2,1,1,4),(0.,1.),
(-0.0696300047287017,-0.0691940581106947,-0.0415164348664168,-0.0276776232442779,
0.),.UNSPECIFIED.);
#507=B_SPLINE_SURFACE_WITH_KNOTS('',3,3,((#8046,#8047,#8048,#8049),(#8050,
#8051,#8052,#8053),(#8054,#8055,#8056,#8057),(#8058,#8059,#8060,#8061),
(#8062,#8063,#8064,#8065)),.UNSPECIFIED.,.F.,.F.,.F.,(4,1,4),(4,4),(0.,
0.571428571428571,1.),(0.,0.0142910949371857),.UNSPECIFIED.);
#508=B_SPLINE_SURFACE_WITH_KNOTS('',3,3,((#8077,#8078,#8079,#8080,#8081,
#8082,#8083),(#8084,#8085,#8086,#8087,#8088,#8089,#8090),(#8091,#8092,#8093,
#8094,#8095,#8096,#8097),(#8098,#8099,#8100,#8101,#8102,#8103,#8104),(#8105,
#8106,#8107,#8108,#8109,#8110,#8111)),.UNSPECIFIED.,.F.,.F.,.F.,(4,1,4),
(4,1,1,1,4),(0.,0.571428571428571,1.),(0.,0.114102381385483,0.34230714415645,
0.570511906927416,0.798716669698383),.UNSPECIFIED.);
#509=B_SPLINE_SURFACE_WITH_KNOTS('',3,3,((#8129,#8130,#8131,#8132,#8133),
(#8134,#8135,#8136,#8137,#8138),(#8139,#8140,#8141,#8142,#8143),(#8144,
#8145,#8146,#8147,#8148),(#8149,#8150,#8151,#8152,#8153)),.UNSPECIFIED.,
 .F.,.F.,.F.,(4,1,4),(4,1,4),(0.,0.571428571428571,1.),(-1.1016042017931E-6,
0.343741410681744,0.601548294896203),.UNSPECIFIED.);
#510=B_SPLINE_SURFACE_WITH_KNOTS('',3,3,((#8170,#8171,#8172,#8173),(#8174,
#8175,#8176,#8177),(#8178,#8179,#8180,#8181),(#8182,#8183,#8184,#8185),
(#8186,#8187,#8188,#8189)),.UNSPECIFIED.,.F.,.F.,.F.,(4,1,4),(4,4),(0.,
0.571428571428571,1.),(0.,0.0688676707852553),.UNSPECIFIED.);
#511=B_SPLINE_SURFACE_WITH_KNOTS('',3,3,((#8196,#8197,#8198,#8199,#8200,
#8201,#8202),(#8203,#8204,#8205,#8206,#8207,#8208,#8209),(#8210,#8211,#8212,
#8213,#8214,#8215,#8216),(#8217,#8218,#8219,#8220,#8221,#8222,#8223),(#8224,
#8225,#8226,#8227,#8228,#8229,#8230)),.UNSPECIFIED.,.F.,.F.,.F.,(4,1,4),
(4,1,1,1,4),(0.,0.571428571428571,1.),(0.,0.395480930825028,0.65913488470838,
0.790961861650056,0.922788838591732),.UNSPECIFIED.);
#512=B_SPLINE_SURFACE_WITH_KNOTS('',3,3,((#8240,#8241,#8242,#8243,#8244,
#8245,#8246),(#8247,#8248,#8249,#8250,#8251,#8252,#8253),(#8254,#8255,#8256,
#8257,#8258,#8259,#8260),(#8261,#8262,#8263,#8264,#8265,#8266,#8267),(#8268,
#8269,#8270,#8271,#8272,#8273,#8274)),.UNSPECIFIED.,.F.,.F.,.F.,(4,1,4),
(4,1,1,1,4),(0.,0.571428571428571,1.),(0.,0.136823096296849,0.410469288890547,
0.684115481484245,0.957761674077943),.UNSPECIFIED.);
#513=B_SPLINE_SURFACE_WITH_KNOTS('',3,3,((#8284,#8285,#8286,#8287),(#8288,
#8289,#8290,#8291),(#8292,#8293,#8294,#8295),(#8296,#8297,#8298,#8299),
(#8300,#8301,#8302,#8303)),.UNSPECIFIED.,.F.,.F.,.F.,(4,1,4),(4,4),(0.,
0.571428571428571,1.),(0.,0.0127165802833256),.UNSPECIFIED.);
#514=B_SPLINE_SURFACE_WITH_KNOTS('',3,3,((#8315,#8316,#8317,#8318,#8319,
#8320,#8321,#8322),(#8323,#8324,#8325,#8326,#8327,#8328,#8329,#8330),(#8331,
#8332,#8333,#8334,#8335,#8336,#8337,#8338),(#8339,#8340,#8341,#8342,#8343,
#8344,#8345,#8346),(#8347,#8348,#8349,#8350,#8351,#8352,#8353,#8354)),
 .UNSPECIFIED.,.F.,.F.,.F.,(4,1,4),(4,1,1,2,4),(0.,0.571428571428571,1.),
(-0.0805809689768452,-0.0483485813861071,-0.0322323875907381,0.,0.000446206393766147),
 .UNSPECIFIED.);
#515=B_SPLINE_SURFACE_WITH_KNOTS('',3,3,((#8372,#8373,#8374,#8375),(#8376,
#8377,#8378,#8379),(#8380,#8381,#8382,#8383),(#8384,#8385,#8386,#8387),
(#8388,#8389,#8390,#8391)),.UNSPECIFIED.,.F.,.F.,.F.,(4,1,4),(4,4),(0.,
0.571428571428571,1.),(-0.0580639512263523,0.979926485205548),
 .UNSPECIFIED.);
#516=B_SPLINE_SURFACE_WITH_KNOTS('',3,1,((#8409,#8410),(#8411,#8412),(#8413,
#8414),(#8415,#8416),(#8417,#8418),(#8419,#8420),(#8421,#8422),(#8423,#8424),
(#8425,#8426),(#8427,#8428),(#8429,#8430),(#8431,#8432),(#8433,#8434),(#8435,
#8436),(#8437,#8438),(#8439,#8440),(#8441,#8442),(#8443,#8444),(#8445,#8446)),
 .UNSPECIFIED.,.F.,.F.,.F.,(4,3,3,3,3,3,4),(2,2),(-0.0113673716097812,0.,
0.295781346262997,0.672964572128559,0.999999999999995,1.13673716097812,
1.1481045325879),(-1.59529868602934,1.24912451703627),.UNSPECIFIED.);
#517=B_SPLINE_SURFACE_WITH_KNOTS('',3,3,((#8465,#8466,#8467,#8468),(#8469,
#8470,#8471,#8472),(#8473,#8474,#8475,#8476),(#8477,#8478,#8479,#8480),
(#8481,#8482,#8483,#8484)),.UNSPECIFIED.,.F.,.F.,.F.,(4,1,4),(4,4),(0.,
0.571428571428571,1.),(0.187144049074836,1.22179131963978),
 .UNSPECIFIED.);
#518=B_SPLINE_SURFACE_WITH_KNOTS('',3,3,((#8495,#8496,#8497,#8498),(#8499,
#8500,#8501,#8502),(#8503,#8504,#8505,#8506),(#8507,#8508,#8509,#8510),
(#8511,#8512,#8513,#8514)),.UNSPECIFIED.,.F.,.F.,.F.,(4,1,4),(4,4),(0.,
0.5,1.),(0.261037697370859,0.607879070297983),.UNSPECIFIED.);
#519=B_SPLINE_SURFACE_WITH_KNOTS('',3,1,((#8621,#8622),(#8623,#8624),(#8625,
#8626),(#8627,#8628),(#8629,#8630),(#8631,#8632),(#8633,#8634),(#8635,#8636),
(#8637,#8638),(#8639,#8640),(#8641,#8642),(#8643,#8644),(#8645,#8646),(#8647,
#8648),(#8649,#8650),(#8651,#8652),(#8653,#8654),(#8655,#8656)),
 .UNSPECIFIED.,.F.,.F.,.F.,(4,2,3,2,2,2,3,4),(2,2),(-1.0645892797219,-0.687692924357229,
0.,0.272289372114042,0.633754147231128,0.832237917155048,0.97814724358432,
1.16333074987416),(-0.0359367792696741,1.03445177151466),.UNSPECIFIED.);
#520=B_SPLINE_SURFACE_WITH_KNOTS('',3,3,((#8658,#8659,#8660,#8661),(#8662,
#8663,#8664,#8665),(#8666,#8667,#8668,#8669),(#8670,#8671,#8672,#8673),
(#8674,#8675,#8676,#8677)),.UNSPECIFIED.,.F.,.F.,.F.,(4,1,4),(4,4),(0.,
0.571428571428571,1.),(-0.130567366404946,1.1643997944649),
 .UNSPECIFIED.);
#521=B_SPLINE_SURFACE_WITH_KNOTS('',3,3,((#8700,#8701,#8702,#8703),(#8704,
#8705,#8706,#8707),(#8708,#8709,#8710,#8711),(#8712,#8713,#8714,#8715),
(#8716,#8717,#8718,#8719)),.UNSPECIFIED.,.F.,.F.,.F.,(4,1,4),(4,4),(0.,
0.571428571428571,1.),(0.266822239307429,0.60257153226136),
 .UNSPECIFIED.);
#522=B_SPLINE_SURFACE_WITH_KNOTS('',3,3,((#8731,#8732,#8733,#8734),(#8735,
#8736,#8737,#8738),(#8739,#8740,#8741,#8742),(#8743,#8744,#8745,#8746),
(#8747,#8748,#8749,#8750)),.UNSPECIFIED.,.F.,.F.,.F.,(4,1,4),(4,4),(0.,
0.571428571428571,1.),(0.,1.23),.UNSPECIFIED.);
#523=B_SPLINE_SURFACE_WITH_KNOTS('',3,3,((#8792,#8793,#8794,#8795),(#8796,
#8797,#8798,#8799),(#8800,#8801,#8802,#8803),(#8804,#8805,#8806,#8807)),
 .UNSPECIFIED.,.F.,.F.,.F.,(4,4),(4,4),(0.,0.391858402809908),(0.187872510401227,
0.229462595340465),.UNSPECIFIED.);
#524=B_SPLINE_SURFACE_WITH_KNOTS('',3,1,((#9112,#9113),(#9114,#9115),(#9116,
#9117),(#9118,#9119),(#9120,#9121),(#9122,#9123),(#9124,#9125),(#9126,#9127),
(#9128,#9129)),.UNSPECIFIED.,.F.,.F.,.F.,(4,3,2,4),(2,2),(-0.219026205839701,
0.,0.247262070593367,0.830321281211623),(-0.00574669061850833,1.01113982301511),
 .UNSPECIFIED.);
#525=B_SPLINE_SURFACE_WITH_KNOTS('',3,3,((#9213,#9214,#9215,#9216),(#9217,
#9218,#9219,#9220),(#9221,#9222,#9223,#9224),(#9225,#9226,#9227,#9228),
(#9229,#9230,#9231,#9232)),.UNSPECIFIED.,.F.,.F.,.F.,(4,1,4),(4,4),(0.,
0.571428571428571,1.),(1.16495536036802,2.47334528547572),.UNSPECIFIED.);
#526=B_SPLINE_SURFACE_WITH_KNOTS('',3,1,((#9245,#9246),(#9247,#9248),(#9249,
#9250),(#9251,#9252),(#9253,#9254),(#9255,#9256),(#9257,#9258),(#9259,#9260),
(#9261,#9262)),.UNSPECIFIED.,.F.,.F.,.F.,(4,3,2,4),(2,2),(-0.300205222205495,
0.,0.555436793720629,1.06977691921038),(-0.404105581856626,1.10896297183676),
 .UNSPECIFIED.);
#527=B_SPLINE_SURFACE_WITH_KNOTS('',3,3,((#9365,#9366,#9367,#9368,#9369,
#9370),(#9371,#9372,#9373,#9374,#9375,#9376),(#9377,#9378,#9379,#9380,#9381,
#9382),(#9383,#9384,#9385,#9386,#9387,#9388),(#9389,#9390,#9391,#9392,#9393,
#9394)),.UNSPECIFIED.,.F.,.F.,.F.,(4,1,4),(4,1,1,4),(0.,0.5,1.),(-0.730621906436658,
-0.620215228915404,-0.546610777234568,-0.473006325553732),.UNSPECIFIED.);
#528=B_SPLINE_SURFACE_WITH_KNOTS('',3,3,((#9440,#9441,#9442,#9443,#9444,
#9445),(#9446,#9447,#9448,#9449,#9450,#9451),(#9452,#9453,#9454,#9455,#9456,
#9457),(#9458,#9459,#9460,#9461,#9462,#9463),(#9464,#9465,#9466,#9467,#9468,
#9469)),.UNSPECIFIED.,.F.,.F.,.F.,(4,1,4),(4,1,1,4),(0.,0.5,1.),(-0.473027782981385,
-0.399423331300549,-0.325818879619713,-0.215412202098459),.UNSPECIFIED.);
#529=B_SPLINE_SURFACE_WITH_KNOTS('',3,3,((#9833,#9834,#9835,#9836),(#9837,
#9838,#9839,#9840),(#9841,#9842,#9843,#9844),(#9845,#9846,#9847,#9848)),
 .UNSPECIFIED.,.F.,.F.,.F.,(4,4),(4,4),(0.608141597190089,1.),(0.187872510401227,
0.229462595340464),.UNSPECIFIED.);
#530=B_SPLINE_SURFACE_WITH_KNOTS('',3,3,((#9945,#9946,#9947,#9948),(#9949,
#9950,#9951,#9952),(#9953,#9954,#9955,#9956),(#9957,#9958,#9959,#9960),
(#9961,#9962,#9963,#9964)),.UNSPECIFIED.,.F.,.F.,.F.,(4,1,4),(4,4),(0.,
0.5,1.),(0.650332385114494,0.745279875565522),.UNSPECIFIED.);
#531=B_SPLINE_SURFACE_WITH_KNOTS('',3,3,((#9967,#9968,#9969,#9970),(#9971,
#9972,#9973,#9974),(#9975,#9976,#9977,#9978),(#9979,#9980,#9981,#9982),
(#9983,#9984,#9985,#9986)),.UNSPECIFIED.,.F.,.F.,.F.,(4,1,4),(4,4),(0.,
0.571428571428571,1.),(0.94,1.14),.UNSPECIFIED.);
#532=B_SPLINE_SURFACE_WITH_KNOTS('',3,3,((#9994,#9995,#9996,#9997),(#9998,
#9999,#10000,#10001),(#10002,#10003,#10004,#10005),(#10006,#10007,#10008,
#10009),(#10010,#10011,#10012,#10013)),.UNSPECIFIED.,.F.,.F.,.F.,(4,1,4),
(4,4),(0.,0.5,1.),(0.,0.0669117159199471),.UNSPECIFIED.);
#533=B_SPLINE_SURFACE_WITH_KNOTS('',3,3,((#10026,#10027,#10028,#10029),
(#10030,#10031,#10032,#10033),(#10034,#10035,#10036,#10037),(#10038,#10039,
#10040,#10041),(#10042,#10043,#10044,#10045)),.UNSPECIFIED.,.F.,.F.,.F.,
(4,1,4),(4,4),(0.,0.5,1.),(6.87096837978127E-17,0.0949474907778027),
 .UNSPECIFIED.);
#534=B_SPLINE_SURFACE_WITH_KNOTS('',3,3,((#10048,#10049,#10050,#10051),
(#10052,#10053,#10054,#10055),(#10056,#10057,#10058,#10059),(#10060,#10061,
#10062,#10063),(#10064,#10065,#10066,#10067)),.UNSPECIFIED.,.F.,.F.,.F.,
(4,1,4),(4,4),(0.,0.5,1.),(0.15954400821869,0.226488987086784),
 .UNSPECIFIED.);
#535=B_SPLINE_SURFACE_WITH_KNOTS('',3,3,((#10080,#10081,#10082,#10083),
(#10084,#10085,#10086,#10087),(#10088,#10089,#10090,#10091),(#10092,#10093,
#10094,#10095),(#10096,#10097,#10098,#10099)),.UNSPECIFIED.,.F.,.F.,.F.,
(4,1,4),(4,4),(0.,0.571428571428571,1.),(0.0900000000000002,0.29),
 .UNSPECIFIED.);
#536=FACE_OUTER_BOUND('',#804,.T.);
#537=FACE_OUTER_BOUND('',#805,.T.);
#538=FACE_OUTER_BOUND('',#806,.T.);
#539=FACE_OUTER_BOUND('',#807,.T.);
#540=FACE_OUTER_BOUND('',#808,.T.);
#541=FACE_OUTER_BOUND('',#809,.T.);
#542=FACE_OUTER_BOUND('',#810,.T.);
#543=FACE_OUTER_BOUND('',#811,.T.);
#544=FACE_OUTER_BOUND('',#812,.T.);
#545=FACE_OUTER_BOUND('',#813,.T.);
#546=FACE_OUTER_BOUND('',#814,.T.);
#547=FACE_OUTER_BOUND('',#815,.T.);
#548=FACE_OUTER_BOUND('',#816,.T.);
#549=FACE_OUTER_BOUND('',#817,.T.);
#550=FACE_OUTER_BOUND('',#818,.T.);
#551=FACE_OUTER_BOUND('',#819,.T.);
#552=FACE_OUTER_BOUND('',#820,.T.);
#553=FACE_OUTER_BOUND('',#821,.T.);
#554=FACE_OUTER_BOUND('',#822,.T.);
#555=FACE_OUTER_BOUND('',#823,.T.);
#556=FACE_OUTER_BOUND('',#825,.T.);
#557=FACE_OUTER_BOUND('',#826,.T.);
#558=FACE_OUTER_BOUND('',#827,.T.);
#559=FACE_OUTER_BOUND('',#828,.T.);
#560=FACE_OUTER_BOUND('',#829,.T.);
#561=FACE_OUTER_BOUND('',#830,.T.);
#562=FACE_OUTER_BOUND('',#831,.T.);
#563=FACE_OUTER_BOUND('',#832,.T.);
#564=FACE_OUTER_BOUND('',#833,.T.);
#565=FACE_OUTER_BOUND('',#834,.T.);
#566=FACE_OUTER_BOUND('',#835,.T.);
#567=FACE_OUTER_BOUND('',#836,.T.);
#568=FACE_OUTER_BOUND('',#837,.T.);
#569=FACE_OUTER_BOUND('',#838,.T.);
#570=FACE_OUTER_BOUND('',#839,.T.);
#571=FACE_OUTER_BOUND('',#840,.T.);
#572=FACE_OUTER_BOUND('',#841,.T.);
#573=FACE_OUTER_BOUND('',#842,.T.);
#574=FACE_OUTER_BOUND('',#843,.T.);
#575=FACE_OUTER_BOUND('',#844,.T.);
#576=FACE_OUTER_BOUND('',#845,.T.);
#577=FACE_OUTER_BOUND('',#846,.T.);
#578=FACE_OUTER_BOUND('',#847,.T.);
#579=FACE_OUTER_BOUND('',#848,.T.);
#580=FACE_OUTER_BOUND('',#849,.T.);
#581=FACE_OUTER_BOUND('',#850,.T.);
#582=FACE_OUTER_BOUND('',#851,.T.);
#583=FACE_OUTER_BOUND('',#852,.T.);
#584=FACE_OUTER_BOUND('',#853,.T.);
#585=FACE_OUTER_BOUND('',#854,.T.);
#586=FACE_OUTER_BOUND('',#855,.T.);
#587=FACE_OUTER_BOUND('',#856,.T.);
#588=FACE_OUTER_BOUND('',#857,.T.);
#589=FACE_OUTER_BOUND('',#859,.T.);
#590=FACE_OUTER_BOUND('',#860,.T.);
#591=FACE_OUTER_BOUND('',#861,.T.);
#592=FACE_OUTER_BOUND('',#862,.T.);
#593=FACE_OUTER_BOUND('',#863,.T.);
#594=FACE_OUTER_BOUND('',#864,.T.);
#595=FACE_OUTER_BOUND('',#865,.T.);
#596=FACE_OUTER_BOUND('',#866,.T.);
#597=FACE_OUTER_BOUND('',#867,.T.);
#598=FACE_OUTER_BOUND('',#868,.T.);
#599=FACE_OUTER_BOUND('',#873,.T.);
#600=FACE_OUTER_BOUND('',#874,.T.);
#601=FACE_OUTER_BOUND('',#875,.T.);
#602=FACE_OUTER_BOUND('',#876,.T.);
#603=FACE_OUTER_BOUND('',#877,.T.);
#604=FACE_OUTER_BOUND('',#878,.T.);
#605=FACE_OUTER_BOUND('',#879,.T.);
#606=FACE_OUTER_BOUND('',#880,.T.);
#607=FACE_OUTER_BOUND('',#881,.T.);
#608=FACE_OUTER_BOUND('',#882,.T.);
#609=FACE_OUTER_BOUND('',#883,.T.);
#610=FACE_OUTER_BOUND('',#884,.T.);
#611=FACE_OUTER_BOUND('',#885,.T.);
#612=FACE_OUTER_BOUND('',#886,.T.);
#613=FACE_OUTER_BOUND('',#887,.T.);
#614=FACE_OUTER_BOUND('',#888,.T.);
#615=FACE_OUTER_BOUND('',#889,.T.);
#616=FACE_OUTER_BOUND('',#890,.T.);
#617=FACE_OUTER_BOUND('',#891,.T.);
#618=FACE_OUTER_BOUND('',#892,.T.);
#619=FACE_OUTER_BOUND('',#893,.T.);
#620=FACE_OUTER_BOUND('',#894,.T.);
#621=FACE_OUTER_BOUND('',#895,.T.);
#622=FACE_OUTER_BOUND('',#896,.T.);
#623=FACE_OUTER_BOUND('',#897,.T.);
#624=FACE_OUTER_BOUND('',#898,.T.);
#625=FACE_OUTER_BOUND('',#899,.T.);
#626=FACE_OUTER_BOUND('',#900,.T.);
#627=FACE_OUTER_BOUND('',#901,.T.);
#628=FACE_OUTER_BOUND('',#902,.T.);
#629=FACE_OUTER_BOUND('',#903,.T.);
#630=FACE_OUTER_BOUND('',#904,.T.);
#631=FACE_OUTER_BOUND('',#905,.T.);
#632=FACE_OUTER_BOUND('',#906,.T.);
#633=FACE_OUTER_BOUND('',#907,.T.);
#634=FACE_OUTER_BOUND('',#908,.T.);
#635=FACE_OUTER_BOUND('',#909,.T.);
#636=FACE_OUTER_BOUND('',#910,.T.);
#637=FACE_OUTER_BOUND('',#911,.T.);
#638=FACE_OUTER_BOUND('',#912,.T.);
#639=FACE_OUTER_BOUND('',#913,.T.);
#640=FACE_OUTER_BOUND('',#914,.T.);
#641=FACE_OUTER_BOUND('',#915,.T.);
#642=FACE_OUTER_BOUND('',#916,.T.);
#643=FACE_OUTER_BOUND('',#917,.T.);
#644=FACE_OUTER_BOUND('',#918,.T.);
#645=FACE_OUTER_BOUND('',#920,.T.);
#646=FACE_OUTER_BOUND('',#921,.T.);
#647=FACE_OUTER_BOUND('',#922,.T.);
#648=FACE_OUTER_BOUND('',#923,.T.);
#649=FACE_OUTER_BOUND('',#924,.T.);
#650=FACE_OUTER_BOUND('',#925,.T.);
#651=FACE_OUTER_BOUND('',#926,.T.);
#652=FACE_OUTER_BOUND('',#927,.T.);
#653=FACE_OUTER_BOUND('',#928,.T.);
#654=FACE_OUTER_BOUND('',#929,.T.);
#655=FACE_OUTER_BOUND('',#930,.T.);
#656=FACE_OUTER_BOUND('',#931,.T.);
#657=FACE_OUTER_BOUND('',#932,.T.);
#658=FACE_OUTER_BOUND('',#933,.T.);
#659=FACE_OUTER_BOUND('',#934,.T.);
#660=FACE_OUTER_BOUND('',#935,.T.);
#661=FACE_OUTER_BOUND('',#936,.T.);
#662=FACE_OUTER_BOUND('',#937,.T.);
#663=FACE_OUTER_BOUND('',#938,.T.);
#664=FACE_OUTER_BOUND('',#939,.T.);
#665=FACE_OUTER_BOUND('',#940,.T.);
#666=FACE_OUTER_BOUND('',#941,.T.);
#667=FACE_OUTER_BOUND('',#942,.T.);
#668=FACE_OUTER_BOUND('',#943,.T.);
#669=FACE_OUTER_BOUND('',#944,.T.);
#670=FACE_OUTER_BOUND('',#945,.T.);
#671=FACE_OUTER_BOUND('',#946,.T.);
#672=FACE_OUTER_BOUND('',#947,.T.);
#673=FACE_OUTER_BOUND('',#948,.T.);
#674=FACE_OUTER_BOUND('',#955,.T.);
#675=FACE_OUTER_BOUND('',#956,.T.);
#676=FACE_OUTER_BOUND('',#957,.T.);
#677=FACE_OUTER_BOUND('',#958,.T.);
#678=FACE_OUTER_BOUND('',#959,.T.);
#679=FACE_OUTER_BOUND('',#960,.T.);
#680=FACE_OUTER_BOUND('',#961,.T.);
#681=FACE_OUTER_BOUND('',#962,.T.);
#682=FACE_OUTER_BOUND('',#963,.T.);
#683=FACE_OUTER_BOUND('',#964,.T.);
#684=FACE_OUTER_BOUND('',#965,.T.);
#685=FACE_OUTER_BOUND('',#966,.T.);
#686=FACE_OUTER_BOUND('',#967,.T.);
#687=FACE_OUTER_BOUND('',#968,.T.);
#688=FACE_OUTER_BOUND('',#969,.T.);
#689=FACE_OUTER_BOUND('',#970,.T.);
#690=FACE_OUTER_BOUND('',#971,.T.);
#691=FACE_OUTER_BOUND('',#978,.T.);
#692=FACE_OUTER_BOUND('',#979,.T.);
#693=FACE_OUTER_BOUND('',#980,.T.);
#694=FACE_OUTER_BOUND('',#981,.T.);
#695=FACE_OUTER_BOUND('',#982,.T.);
#696=FACE_OUTER_BOUND('',#983,.T.);
#697=FACE_OUTER_BOUND('',#984,.T.);
#698=FACE_OUTER_BOUND('',#985,.T.);
#699=FACE_OUTER_BOUND('',#986,.T.);
#700=FACE_OUTER_BOUND('',#987,.T.);
#701=FACE_OUTER_BOUND('',#988,.T.);
#702=FACE_OUTER_BOUND('',#989,.T.);
#703=FACE_OUTER_BOUND('',#990,.T.);
#704=FACE_OUTER_BOUND('',#991,.T.);
#705=FACE_OUTER_BOUND('',#992,.T.);
#706=FACE_OUTER_BOUND('',#993,.T.);
#707=FACE_OUTER_BOUND('',#994,.T.);
#708=FACE_OUTER_BOUND('',#995,.T.);
#709=FACE_OUTER_BOUND('',#996,.T.);
#710=FACE_OUTER_BOUND('',#997,.T.);
#711=FACE_OUTER_BOUND('',#998,.T.);
#712=FACE_OUTER_BOUND('',#999,.T.);
#713=FACE_OUTER_BOUND('',#1000,.T.);
#714=FACE_OUTER_BOUND('',#1001,.T.);
#715=FACE_OUTER_BOUND('',#1002,.T.);
#716=FACE_OUTER_BOUND('',#1003,.T.);
#717=FACE_OUTER_BOUND('',#1004,.T.);
#718=FACE_OUTER_BOUND('',#1005,.T.);
#719=FACE_OUTER_BOUND('',#1006,.T.);
#720=FACE_OUTER_BOUND('',#1007,.T.);
#721=FACE_OUTER_BOUND('',#1008,.T.);
#722=FACE_OUTER_BOUND('',#1009,.T.);
#723=FACE_OUTER_BOUND('',#1010,.T.);
#724=FACE_OUTER_BOUND('',#1011,.T.);
#725=FACE_OUTER_BOUND('',#1012,.T.);
#726=FACE_OUTER_BOUND('',#1013,.T.);
#727=FACE_OUTER_BOUND('',#1014,.T.);
#728=FACE_OUTER_BOUND('',#1015,.T.);
#729=FACE_OUTER_BOUND('',#1016,.T.);
#730=FACE_OUTER_BOUND('',#1017,.T.);
#731=FACE_OUTER_BOUND('',#1019,.T.);
#732=FACE_OUTER_BOUND('',#1020,.T.);
#733=FACE_OUTER_BOUND('',#1021,.T.);
#734=FACE_OUTER_BOUND('',#1022,.T.);
#735=FACE_OUTER_BOUND('',#1024,.T.);
#736=FACE_OUTER_BOUND('',#1025,.T.);
#737=FACE_OUTER_BOUND('',#1026,.T.);
#738=FACE_OUTER_BOUND('',#1027,.T.);
#739=FACE_OUTER_BOUND('',#1028,.T.);
#740=FACE_OUTER_BOUND('',#1029,.T.);
#741=FACE_OUTER_BOUND('',#1030,.T.);
#742=FACE_OUTER_BOUND('',#1031,.T.);
#743=FACE_OUTER_BOUND('',#1032,.T.);
#744=FACE_OUTER_BOUND('',#1033,.T.);
#745=FACE_OUTER_BOUND('',#1034,.T.);
#746=FACE_OUTER_BOUND('',#1035,.T.);
#747=FACE_OUTER_BOUND('',#1036,.T.);
#748=FACE_OUTER_BOUND('',#1037,.T.);
#749=FACE_OUTER_BOUND('',#1038,.T.);
#750=FACE_OUTER_BOUND('',#1039,.T.);
#751=FACE_OUTER_BOUND('',#1040,.T.);
#752=FACE_OUTER_BOUND('',#1041,.T.);
#753=FACE_OUTER_BOUND('',#1042,.T.);
#754=FACE_OUTER_BOUND('',#1043,.T.);
#755=FACE_OUTER_BOUND('',#1044,.T.);
#756=FACE_OUTER_BOUND('',#1045,.T.);
#757=FACE_OUTER_BOUND('',#1046,.T.);
#758=FACE_OUTER_BOUND('',#1047,.T.);
#759=FACE_OUTER_BOUND('',#1048,.T.);
#760=FACE_OUTER_BOUND('',#1049,.T.);
#761=FACE_OUTER_BOUND('',#1050,.T.);
#762=FACE_OUTER_BOUND('',#1051,.T.);
#763=FACE_OUTER_BOUND('',#1052,.T.);
#764=FACE_OUTER_BOUND('',#1053,.T.);
#765=FACE_OUTER_BOUND('',#1054,.T.);
#766=FACE_OUTER_BOUND('',#1055,.T.);
#767=FACE_OUTER_BOUND('',#1056,.T.);
#768=FACE_OUTER_BOUND('',#1057,.T.);
#769=FACE_OUTER_BOUND('',#1058,.T.);
#770=FACE_OUTER_BOUND('',#1059,.T.);
#771=FACE_OUTER_BOUND('',#1060,.T.);
#772=FACE_OUTER_BOUND('',#1061,.T.);
#773=FACE_OUTER_BOUND('',#1062,.T.);
#774=FACE_OUTER_BOUND('',#1063,.T.);
#775=FACE_OUTER_BOUND('',#1064,.T.);
#776=FACE_OUTER_BOUND('',#1065,.T.);
#777=FACE_OUTER_BOUND('',#1066,.T.);
#778=FACE_OUTER_BOUND('',#1067,.T.);
#779=FACE_OUTER_BOUND('',#1068,.T.);
#780=FACE_OUTER_BOUND('',#1069,.T.);
#781=FACE_OUTER_BOUND('',#1070,.T.);
#782=FACE_OUTER_BOUND('',#1071,.T.);
#783=FACE_OUTER_BOUND('',#1072,.T.);
#784=FACE_OUTER_BOUND('',#1073,.T.);
#785=FACE_OUTER_BOUND('',#1074,.T.);
#786=FACE_OUTER_BOUND('',#1075,.T.);
#787=FACE_OUTER_BOUND('',#1076,.T.);
#788=FACE_OUTER_BOUND('',#1077,.T.);
#789=FACE_OUTER_BOUND('',#1078,.T.);
#790=FACE_OUTER_BOUND('',#1079,.T.);
#791=FACE_OUTER_BOUND('',#1080,.T.);
#792=FACE_OUTER_BOUND('',#1081,.T.);
#793=FACE_OUTER_BOUND('',#1082,.T.);
#794=FACE_OUTER_BOUND('',#1083,.T.);
#795=FACE_OUTER_BOUND('',#1084,.T.);
#796=FACE_OUTER_BOUND('',#1085,.T.);
#797=FACE_OUTER_BOUND('',#1086,.T.);
#798=FACE_OUTER_BOUND('',#1087,.T.);
#799=FACE_OUTER_BOUND('',#1088,.T.);
#800=FACE_OUTER_BOUND('',#1089,.T.);
#801=FACE_OUTER_BOUND('',#1090,.T.);
#802=FACE_OUTER_BOUND('',#1091,.T.);
#803=FACE_OUTER_BOUND('',#1092,.T.);
#804=EDGE_LOOP('',(#3018,#3019,#3020,#3021));
#805=EDGE_LOOP('',(#3022,#3023,#3024,#3025));
#806=EDGE_LOOP('',(#3026,#3027,#3028,#3029));
#807=EDGE_LOOP('',(#3030,#3031,#3032,#3033));
#808=EDGE_LOOP('',(#3034,#3035,#3036,#3037));
#809=EDGE_LOOP('',(#3038,#3039,#3040,#3041));
#810=EDGE_LOOP('',(#3042,#3043,#3044,#3045));
#811=EDGE_LOOP('',(#3046,#3047,#3048,#3049));
#812=EDGE_LOOP('',(#3050,#3051,#3052,#3053));
#813=EDGE_LOOP('',(#3054,#3055,#3056,#3057));
#814=EDGE_LOOP('',(#3058,#3059,#3060,#3061));
#815=EDGE_LOOP('',(#3062,#3063,#3064,#3065));
#816=EDGE_LOOP('',(#3066,#3067,#3068,#3069));
#817=EDGE_LOOP('',(#3070,#3071,#3072,#3073));
#818=EDGE_LOOP('',(#3074,#3075,#3076,#3077));
#819=EDGE_LOOP('',(#3078,#3079,#3080,#3081));
#820=EDGE_LOOP('',(#3082,#3083,#3084,#3085));
#821=EDGE_LOOP('',(#3086,#3087,#3088,#3089));
#822=EDGE_LOOP('',(#3090,#3091,#3092,#3093));
#823=EDGE_LOOP('',(#3094,#3095,#3096,#3097,#3098,#3099,#3100,#3101,#3102,
#3103,#3104));
#824=EDGE_LOOP('',(#3105,#3106,#3107,#3108,#3109,#3110,#3111,#3112));
#825=EDGE_LOOP('',(#3113,#3114,#3115,#3116));
#826=EDGE_LOOP('',(#3117,#3118,#3119,#3120));
#827=EDGE_LOOP('',(#3121,#3122,#3123,#3124));
#828=EDGE_LOOP('',(#3125,#3126,#3127,#3128));
#829=EDGE_LOOP('',(#3129,#3130,#3131,#3132));
#830=EDGE_LOOP('',(#3133,#3134,#3135,#3136));
#831=EDGE_LOOP('',(#3137,#3138,#3139,#3140));
#832=EDGE_LOOP('',(#3141,#3142,#3143,#3144));
#833=EDGE_LOOP('',(#3145,#3146,#3147,#3148));
#834=EDGE_LOOP('',(#3149,#3150,#3151,#3152));
#835=EDGE_LOOP('',(#3153,#3154,#3155,#3156));
#836=EDGE_LOOP('',(#3157,#3158,#3159,#3160));
#837=EDGE_LOOP('',(#3161,#3162,#3163,#3164));
#838=EDGE_LOOP('',(#3165,#3166,#3167,#3168));
#839=EDGE_LOOP('',(#3169,#3170,#3171,#3172));
#840=EDGE_LOOP('',(#3173,#3174,#3175,#3176));
#841=EDGE_LOOP('',(#3177,#3178,#3179,#3180));
#842=EDGE_LOOP('',(#3181,#3182,#3183,#3184));
#843=EDGE_LOOP('',(#3185,#3186,#3187,#3188));
#844=EDGE_LOOP('',(#3189,#3190,#3191,#3192));
#845=EDGE_LOOP('',(#3193,#3194,#3195,#3196));
#846=EDGE_LOOP('',(#3197,#3198,#3199,#3200));
#847=EDGE_LOOP('',(#3201,#3202,#3203,#3204));
#848=EDGE_LOOP('',(#3205,#3206,#3207,#3208));
#849=EDGE_LOOP('',(#3209,#3210,#3211,#3212));
#850=EDGE_LOOP('',(#3213,#3214,#3215,#3216));
#851=EDGE_LOOP('',(#3217,#3218,#3219,#3220));
#852=EDGE_LOOP('',(#3221,#3222,#3223,#3224));
#853=EDGE_LOOP('',(#3225,#3226,#3227,#3228));
#854=EDGE_LOOP('',(#3229,#3230,#3231,#3232));
#855=EDGE_LOOP('',(#3233,#3234,#3235,#3236));
#856=EDGE_LOOP('',(#3237,#3238,#3239,#3240));
#857=EDGE_LOOP('',(#3241,#3242,#3243,#3244,#3245,#3246,#3247,#3248,#3249,
#3250,#3251,#3252,#3253,#3254,#3255,#3256,#3257,#3258,#3259));
#858=EDGE_LOOP('',(#3260,#3261,#3262,#3263,#3264,#3265,#3266,#3267));
#859=EDGE_LOOP('',(#3268,#3269,#3270,#3271));
#860=EDGE_LOOP('',(#3272,#3273,#3274,#3275));
#861=EDGE_LOOP('',(#3276,#3277,#3278,#3279));
#862=EDGE_LOOP('',(#3280,#3281,#3282,#3283));
#863=EDGE_LOOP('',(#3284,#3285,#3286,#3287));
#864=EDGE_LOOP('',(#3288,#3289,#3290,#3291));
#865=EDGE_LOOP('',(#3292,#3293,#3294,#3295));
#866=EDGE_LOOP('',(#3296,#3297,#3298,#3299));
#867=EDGE_LOOP('',(#3300,#3301,#3302,#3303,#3304,#3305,#3306,#3307));
#868=EDGE_LOOP('',(#3308,#3309,#3310,#3311,#3312,#3313,#3314,#3315,#3316,
#3317,#3318,#3319,#3320,#3321));
#869=EDGE_LOOP('',(#3322,#3323,#3324,#3325,#3326,#3327,#3328,#3329,#3330,
#3331,#3332));
#870=EDGE_LOOP('',(#3333,#3334,#3335,#3336));
#871=EDGE_LOOP('',(#3337,#3338,#3339,#3340,#3341,#3342,#3343,#3344,#3345,
#3346,#3347,#3348,#3349,#3350,#3351,#3352,#3353,#3354,#3355));
#872=EDGE_LOOP('',(#3356,#3357,#3358,#3359,#3360,#3361,#3362,#3363));
#873=EDGE_LOOP('',(#3364,#3365,#3366,#3367,#3368,#3369,#3370,#3371));
#874=EDGE_LOOP('',(#3372,#3373,#3374,#3375));
#875=EDGE_LOOP('',(#3376,#3377,#3378,#3379));
#876=EDGE_LOOP('',(#3380,#3381,#3382,#3383));
#877=EDGE_LOOP('',(#3384,#3385,#3386,#3387,#3388,#3389,#3390,#3391,#3392,
#3393));
#878=EDGE_LOOP('',(#3394,#3395,#3396,#3397));
#879=EDGE_LOOP('',(#3398,#3399,#3400,#3401,#3402,#3403,#3404,#3405,#3406,
#3407,#3408,#3409,#3410,#3411));
#880=EDGE_LOOP('',(#3412,#3413,#3414,#3415));
#881=EDGE_LOOP('',(#3416,#3417,#3418,#3419,#3420));
#882=EDGE_LOOP('',(#3421,#3422,#3423,#3424,#3425,#3426,#3427));
#883=EDGE_LOOP('',(#3428,#3429,#3430));
#884=EDGE_LOOP('',(#3431,#3432,#3433,#3434));
#885=EDGE_LOOP('',(#3435,#3436,#3437,#3438));
#886=EDGE_LOOP('',(#3439,#3440,#3441,#3442));
#887=EDGE_LOOP('',(#3443,#3444,#3445,#3446));
#888=EDGE_LOOP('',(#3447,#3448,#3449,#3450));
#889=EDGE_LOOP('',(#3451,#3452,#3453,#3454));
#890=EDGE_LOOP('',(#3455,#3456,#3457,#3458));
#891=EDGE_LOOP('',(#3459,#3460,#3461,#3462));
#892=EDGE_LOOP('',(#3463,#3464,#3465));
#893=EDGE_LOOP('',(#3466,#3467,#3468,#3469));
#894=EDGE_LOOP('',(#3470,#3471,#3472,#3473,#3474,#3475,#3476,#3477));
#895=EDGE_LOOP('',(#3478,#3479,#3480,#3481,#3482));
#896=EDGE_LOOP('',(#3483,#3484,#3485,#3486,#3487,#3488,#3489,#3490));
#897=EDGE_LOOP('',(#3491,#3492,#3493,#3494,#3495));
#898=EDGE_LOOP('',(#3496,#3497,#3498,#3499));
#899=EDGE_LOOP('',(#3500,#3501,#3502));
#900=EDGE_LOOP('',(#3503,#3504,#3505,#3506));
#901=EDGE_LOOP('',(#3507,#3508,#3509,#3510));
#902=EDGE_LOOP('',(#3511,#3512,#3513,#3514));
#903=EDGE_LOOP('',(#3515,#3516,#3517,#3518));
#904=EDGE_LOOP('',(#3519,#3520,#3521,#3522));
#905=EDGE_LOOP('',(#3523,#3524,#3525,#3526));
#906=EDGE_LOOP('',(#3527,#3528,#3529,#3530));
#907=EDGE_LOOP('',(#3531,#3532,#3533,#3534));
#908=EDGE_LOOP('',(#3535,#3536,#3537));
#909=EDGE_LOOP('',(#3538,#3539,#3540,#3541,#3542));
#910=EDGE_LOOP('',(#3543,#3544,#3545,#3546,#3547,#3548,#3549,#3550,#3551));
#911=EDGE_LOOP('',(#3552,#3553,#3554,#3555,#3556));
#912=EDGE_LOOP('',(#3557,#3558,#3559,#3560));
#913=EDGE_LOOP('',(#3561,#3562,#3563,#3564,#3565,#3566,#3567,#3568,#3569,
#3570,#3571,#3572,#3573,#3574,#3575,#3576,#3577,#3578,#3579,#3580,#3581,
#3582,#3583,#3584));
#914=EDGE_LOOP('',(#3585,#3586,#3587,#3588,#3589));
#915=EDGE_LOOP('',(#3590,#3591,#3592,#3593,#3594));
#916=EDGE_LOOP('',(#3595,#3596,#3597,#3598));
#917=EDGE_LOOP('',(#3599,#3600,#3601,#3602));
#918=EDGE_LOOP('',(#3603,#3604,#3605,#3606,#3607,#3608,#3609,#3610));
#919=EDGE_LOOP('',(#3611,#3612,#3613,#3614,#3615));
#920=EDGE_LOOP('',(#3616,#3617,#3618,#3619,#3620));
#921=EDGE_LOOP('',(#3621,#3622,#3623,#3624));
#922=EDGE_LOOP('',(#3625,#3626,#3627,#3628,#3629));
#923=EDGE_LOOP('',(#3630,#3631,#3632));
#924=EDGE_LOOP('',(#3633,#3634,#3635,#3636,#3637,#3638,#3639,#3640,#3641,
#3642,#3643,#3644,#3645));
#925=EDGE_LOOP('',(#3646,#3647,#3648,#3649,#3650,#3651,#3652,#3653,#3654,
#3655,#3656,#3657,#3658,#3659));
#926=EDGE_LOOP('',(#3660,#3661,#3662,#3663,#3664,#3665,#3666,#3667));
#927=EDGE_LOOP('',(#3668,#3669,#3670,#3671,#3672,#3673,#3674,#3675));
#928=EDGE_LOOP('',(#3676,#3677,#3678,#3679,#3680,#3681,#3682,#3683));
#929=EDGE_LOOP('',(#3684,#3685,#3686,#3687,#3688));
#930=EDGE_LOOP('',(#3689,#3690,#3691,#3692));
#931=EDGE_LOOP('',(#3693,#3694,#3695,#3696,#3697));
#932=EDGE_LOOP('',(#3698,#3699,#3700,#3701,#3702));
#933=EDGE_LOOP('',(#3703,#3704,#3705,#3706));
#934=EDGE_LOOP('',(#3707,#3708,#3709,#3710,#3711));
#935=EDGE_LOOP('',(#3712,#3713,#3714,#3715));
#936=EDGE_LOOP('',(#3716,#3717,#3718,#3719,#3720));
#937=EDGE_LOOP('',(#3721,#3722,#3723,#3724));
#938=EDGE_LOOP('',(#3725,#3726,#3727,#3728,#3729));
#939=EDGE_LOOP('',(#3730,#3731,#3732,#3733,#3734));
#940=EDGE_LOOP('',(#3735,#3736,#3737,#3738,#3739,#3740,#3741,#3742,#3743,
#3744,#3745,#3746,#3747,#3748,#3749,#3750,#3751));
#941=EDGE_LOOP('',(#3752,#3753,#3754,#3755,#3756,#3757,#3758,#3759));
#942=EDGE_LOOP('',(#3760,#3761,#3762,#3763,#3764));
#943=EDGE_LOOP('',(#3765,#3766,#3767,#3768,#3769,#3770));
#944=EDGE_LOOP('',(#3771,#3772,#3773,#3774,#3775));
#945=EDGE_LOOP('',(#3776,#3777,#3778,#3779,#3780));
#946=EDGE_LOOP('',(#3781,#3782,#3783,#3784,#3785,#3786));
#947=EDGE_LOOP('',(#3787,#3788,#3789));
#948=EDGE_LOOP('',(#3790,#3791,#3792,#3793,#3794,#3795,#3796,#3797));
#949=EDGE_LOOP('',(#3798));
#950=EDGE_LOOP('',(#3799));
#951=EDGE_LOOP('',(#3800));
#952=EDGE_LOOP('',(#3801));
#953=EDGE_LOOP('',(#3802));
#954=EDGE_LOOP('',(#3803));
#955=EDGE_LOOP('',(#3804,#3805,#3806,#3807,#3808,#3809));
#956=EDGE_LOOP('',(#3810,#3811,#3812,#3813,#3814));
#957=EDGE_LOOP('',(#3815,#3816,#3817,#3818,#3819));
#958=EDGE_LOOP('',(#3820,#3821,#3822,#3823));
#959=EDGE_LOOP('',(#3824,#3825,#3826,#3827));
#960=EDGE_LOOP('',(#3828,#3829,#3830,#3831,#3832));
#961=EDGE_LOOP('',(#3833,#3834,#3835,#3836,#3837,#3838,#3839,#3840));
#962=EDGE_LOOP('',(#3841,#3842,#3843,#3844,#3845,#3846,#3847));
#963=EDGE_LOOP('',(#3848,#3849,#3850));
#964=EDGE_LOOP('',(#3851,#3852,#3853,#3854,#3855));
#965=EDGE_LOOP('',(#3856,#3857,#3858,#3859,#3860,#3861));
#966=EDGE_LOOP('',(#3862,#3863,#3864,#3865));
#967=EDGE_LOOP('',(#3866,#3867,#3868,#3869));
#968=EDGE_LOOP('',(#3870,#3871,#3872,#3873,#3874));
#969=EDGE_LOOP('',(#3875,#3876,#3877,#3878,#3879));
#970=EDGE_LOOP('',(#3880,#3881,#3882,#3883,#3884,#3885,#3886,#3887,#3888));
#971=EDGE_LOOP('',(#3889,#3890,#3891,#3892));
#972=EDGE_LOOP('',(#3893));
#973=EDGE_LOOP('',(#3894));
#974=EDGE_LOOP('',(#3895));
#975=EDGE_LOOP('',(#3896));
#976=EDGE_LOOP('',(#3897));
#977=EDGE_LOOP('',(#3898));
#978=EDGE_LOOP('',(#3899,#3900,#3901,#3902,#3903,#3904,#3905,#3906,#3907,
#3908));
#979=EDGE_LOOP('',(#3909,#3910,#3911,#3912));
#980=EDGE_LOOP('',(#3913,#3914,#3915,#3916,#3917,#3918,#3919));
#981=EDGE_LOOP('',(#3920,#3921,#3922,#3923,#3924));
#982=EDGE_LOOP('',(#3925,#3926,#3927,#3928,#3929,#3930));
#983=EDGE_LOOP('',(#3931,#3932,#3933,#3934));
#984=EDGE_LOOP('',(#3935,#3936,#3937,#3938,#3939));
#985=EDGE_LOOP('',(#3940,#3941,#3942,#3943,#3944));
#986=EDGE_LOOP('',(#3945,#3946,#3947,#3948));
#987=EDGE_LOOP('',(#3949,#3950,#3951,#3952,#3953,#3954,#3955,#3956,#3957,
#3958,#3959,#3960,#3961,#3962,#3963,#3964,#3965,#3966,#3967,#3968,#3969,
#3970,#3971,#3972));
#988=EDGE_LOOP('',(#3973,#3974,#3975,#3976));
#989=EDGE_LOOP('',(#3977,#3978,#3979,#3980));
#990=EDGE_LOOP('',(#3981,#3982,#3983,#3984));
#991=EDGE_LOOP('',(#3985,#3986,#3987,#3988));
#992=EDGE_LOOP('',(#3989,#3990,#3991,#3992));
#993=EDGE_LOOP('',(#3993,#3994,#3995,#3996));
#994=EDGE_LOOP('',(#3997,#3998,#3999,#4000,#4001,#4002,#4003));
#995=EDGE_LOOP('',(#4004,#4005,#4006,#4007,#4008));
#996=EDGE_LOOP('',(#4009,#4010,#4011,#4012));
#997=EDGE_LOOP('',(#4013,#4014,#4015,#4016,#4017));
#998=EDGE_LOOP('',(#4018,#4019,#4020,#4021));
#999=EDGE_LOOP('',(#4022,#4023,#4024,#4025));
#1000=EDGE_LOOP('',(#4026,#4027,#4028,#4029,#4030));
#1001=EDGE_LOOP('',(#4031,#4032,#4033,#4034));
#1002=EDGE_LOOP('',(#4035,#4036,#4037,#4038,#4039));
#1003=EDGE_LOOP('',(#4040,#4041,#4042,#4043,#4044));
#1004=EDGE_LOOP('',(#4045,#4046,#4047,#4048));
#1005=EDGE_LOOP('',(#4049,#4050,#4051,#4052,#4053));
#1006=EDGE_LOOP('',(#4054,#4055,#4056,#4057,#4058));
#1007=EDGE_LOOP('',(#4059,#4060,#4061));
#1008=EDGE_LOOP('',(#4062,#4063,#4064));
#1009=EDGE_LOOP('',(#4065,#4066,#4067,#4068,#4069,#4070,#4071));
#1010=EDGE_LOOP('',(#4072,#4073,#4074));
#1011=EDGE_LOOP('',(#4075,#4076,#4077,#4078,#4079,#4080,#4081));
#1012=EDGE_LOOP('',(#4082,#4083,#4084));
#1013=EDGE_LOOP('',(#4085,#4086,#4087,#4088,#4089,#4090,#4091));
#1014=EDGE_LOOP('',(#4092,#4093,#4094));
#1015=EDGE_LOOP('',(#4095,#4096,#4097,#4098,#4099,#4100,#4101,#4102,#4103,
#4104,#4105,#4106,#4107,#4108,#4109,#4110,#4111));
#1016=EDGE_LOOP('',(#4112,#4113,#4114,#4115,#4116));
#1017=EDGE_LOOP('',(#4117,#4118,#4119,#4120,#4121,#4122));
#1018=EDGE_LOOP('',(#4123,#4124,#4125,#4126,#4127,#4128,#4129,#4130));
#1019=EDGE_LOOP('',(#4131,#4132,#4133,#4134));
#1020=EDGE_LOOP('',(#4135,#4136,#4137,#4138));
#1021=EDGE_LOOP('',(#4139,#4140,#4141,#4142,#4143,#4144));
#1022=EDGE_LOOP('',(#4145,#4146,#4147,#4148,#4149,#4150));
#1023=EDGE_LOOP('',(#4151,#4152,#4153,#4154,#4155,#4156,#4157,#4158));
#1024=EDGE_LOOP('',(#4159,#4160,#4161,#4162));
#1025=EDGE_LOOP('',(#4163,#4164,#4165,#4166));
#1026=EDGE_LOOP('',(#4167,#4168,#4169));
#1027=EDGE_LOOP('',(#4170,#4171,#4172,#4173));
#1028=EDGE_LOOP('',(#4174,#4175,#4176));
#1029=EDGE_LOOP('',(#4177,#4178,#4179,#4180));
#1030=EDGE_LOOP('',(#4181,#4182,#4183,#4184,#4185,#4186));
#1031=EDGE_LOOP('',(#4187,#4188,#4189,#4190,#4191));
#1032=EDGE_LOOP('',(#4192,#4193,#4194,#4195,#4196,#4197));
#1033=EDGE_LOOP('',(#4198,#4199,#4200,#4201,#4202,#4203));
#1034=EDGE_LOOP('',(#4204,#4205,#4206,#4207));
#1035=EDGE_LOOP('',(#4208,#4209,#4210,#4211));
#1036=EDGE_LOOP('',(#4212,#4213,#4214,#4215));
#1037=EDGE_LOOP('',(#4216,#4217,#4218,#4219));
#1038=EDGE_LOOP('',(#4220,#4221,#4222,#4223));
#1039=EDGE_LOOP('',(#4224,#4225,#4226,#4227));
#1040=EDGE_LOOP('',(#4228,#4229,#4230,#4231));
#1041=EDGE_LOOP('',(#4232,#4233,#4234,#4235));
#1042=EDGE_LOOP('',(#4236,#4237,#4238,#4239));
#1043=EDGE_LOOP('',(#4240,#4241,#4242,#4243));
#1044=EDGE_LOOP('',(#4244,#4245,#4246,#4247));
#1045=EDGE_LOOP('',(#4248,#4249,#4250,#4251));
#1046=EDGE_LOOP('',(#4252,#4253,#4254));
#1047=EDGE_LOOP('',(#4255,#4256,#4257,#4258,#4259,#4260));
#1048=EDGE_LOOP('',(#4261,#4262,#4263,#4264));
#1049=EDGE_LOOP('',(#4265,#4266,#4267,#4268));
#1050=EDGE_LOOP('',(#4269,#4270,#4271,#4272));
#1051=EDGE_LOOP('',(#4273,#4274,#4275,#4276));
#1052=EDGE_LOOP('',(#4277,#4278,#4279,#4280));
#1053=EDGE_LOOP('',(#4281,#4282,#4283,#4284));
#1054=EDGE_LOOP('',(#4285,#4286,#4287,#4288));
#1055=EDGE_LOOP('',(#4289,#4290,#4291,#4292,#4293,#4294));
#1056=EDGE_LOOP('',(#4295,#4296,#4297,#4298));
#1057=EDGE_LOOP('',(#4299,#4300,#4301,#4302));
#1058=EDGE_LOOP('',(#4303,#4304,#4305,#4306));
#1059=EDGE_LOOP('',(#4307,#4308,#4309,#4310));
#1060=EDGE_LOOP('',(#4311,#4312,#4313,#4314));
#1061=EDGE_LOOP('',(#4315,#4316,#4317,#4318));
#1062=EDGE_LOOP('',(#4319,#4320,#4321,#4322,#4323,#4324));
#1063=EDGE_LOOP('',(#4325,#4326,#4327,#4328));
#1064=EDGE_LOOP('',(#4329,#4330,#4331,#4332,#4333,#4334,#4335,#4336,#4337));
#1065=EDGE_LOOP('',(#4338,#4339,#4340,#4341,#4342));
#1066=EDGE_LOOP('',(#4343,#4344,#4345,#4346));
#1067=EDGE_LOOP('',(#4347,#4348,#4349,#4350));
#1068=EDGE_LOOP('',(#4351,#4352,#4353,#4354,#4355));
#1069=EDGE_LOOP('',(#4356,#4357,#4358,#4359,#4360,#4361,#4362,#4363,#4364,
#4365));
#1070=EDGE_LOOP('',(#4366,#4367,#4368));
#1071=EDGE_LOOP('',(#4369,#4370,#4371));
#1072=EDGE_LOOP('',(#4372,#4373,#4374,#4375));
#1073=EDGE_LOOP('',(#4376,#4377,#4378,#4379));
#1074=EDGE_LOOP('',(#4380,#4381,#4382,#4383));
#1075=EDGE_LOOP('',(#4384,#4385,#4386,#4387));
#1076=EDGE_LOOP('',(#4388,#4389,#4390,#4391));
#1077=EDGE_LOOP('',(#4392,#4393,#4394,#4395));
#1078=EDGE_LOOP('',(#4396,#4397,#4398,#4399,#4400,#4401,#4402,#4403));
#1079=EDGE_LOOP('',(#4404,#4405,#4406,#4407,#4408,#4409,#4410,#4411));
#1080=EDGE_LOOP('',(#4412,#4413,#4414,#4415));
#1081=EDGE_LOOP('',(#4416,#4417,#4418,#4419));
#1082=EDGE_LOOP('',(#4420,#4421,#4422,#4423));
#1083=EDGE_LOOP('',(#4424,#4425,#4426,#4427));
#1084=EDGE_LOOP('',(#4428,#4429,#4430,#4431));
#1085=EDGE_LOOP('',(#4432,#4433,#4434,#4435));
#1086=EDGE_LOOP('',(#4436,#4437,#4438));
#1087=EDGE_LOOP('',(#4439,#4440,#4441));
#1088=EDGE_LOOP('',(#4442,#4443,#4444,#4445,#4446,#4447,#4448,#4449,#4450,
#4451));
#1089=EDGE_LOOP('',(#4452,#4453,#4454,#4455,#4456));
#1090=EDGE_LOOP('',(#4457,#4458,#4459,#4460));
#1091=EDGE_LOOP('',(#4461,#4462,#4463,#4464));
#1092=EDGE_LOOP('',(#4465,#4466,#4467,#4468,#4469));
#1093=LINE('',#6272,#1460);
#1094=LINE('',#6274,#1461);
#1095=LINE('',#6276,#1462);
#1096=LINE('',#6277,#1463);
#1097=LINE('',#6295,#1464);
#1098=LINE('',#6318,#1465);
#1099=LINE('',#6341,#1466);
#1100=LINE('',#6364,#1467);
#1101=LINE('',#6387,#1468);
#1102=LINE('',#6395,#1469);
#1103=LINE('',#6397,#1470);
#1104=LINE('',#6398,#1471);
#1105=LINE('',#6400,#1472);
#1106=LINE('',#6401,#1473);
#1107=LINE('',#6405,#1474);
#1108=LINE('',#6407,#1475);
#1109=LINE('',#6409,#1476);
#1110=LINE('',#6410,#1477);
#1111=LINE('',#6413,#1478);
#1112=LINE('',#6415,#1479);
#1113=LINE('',#6416,#1480);
#1114=LINE('',#6434,#1481);
#1115=LINE('',#6457,#1482);
#1116=LINE('',#6480,#1483);
#1117=LINE('',#6503,#1484);
#1118=LINE('',#6526,#1485);
#1119=LINE('',#6549,#1486);
#1120=LINE('',#6557,#1487);
#1121=LINE('',#6559,#1488);
#1122=LINE('',#6560,#1489);
#1123=LINE('',#6563,#1490);
#1124=LINE('',#6565,#1491);
#1125=LINE('',#6566,#1492);
#1126=LINE('',#6568,#1493);
#1127=LINE('',#6569,#1494);
#1128=LINE('',#6574,#1495);
#1129=LINE('',#6576,#1496);
#1130=LINE('',#6578,#1497);
#1131=LINE('',#6579,#1498);
#1132=LINE('',#6582,#1499);
#1133=LINE('',#6584,#1500);
#1134=LINE('',#6585,#1501);
#1135=LINE('',#6588,#1502);
#1136=LINE('',#6590,#1503);
#1137=LINE('',#6591,#1504);
#1138=LINE('',#6593,#1505);
#1139=LINE('',#6594,#1506);
#1140=LINE('',#6599,#1507);
#1141=LINE('',#6601,#1508);
#1142=LINE('',#6603,#1509);
#1143=LINE('',#6604,#1510);
#1144=LINE('',#6622,#1511);
#1145=LINE('',#6645,#1512);
#1146=LINE('',#6668,#1513);
#1147=LINE('',#6691,#1514);
#1148=LINE('',#6714,#1515);
#1149=LINE('',#6722,#1516);
#1150=LINE('',#6724,#1517);
#1151=LINE('',#6725,#1518);
#1152=LINE('',#6727,#1519);
#1153=LINE('',#6728,#1520);
#1154=LINE('',#6732,#1521);
#1155=LINE('',#6734,#1522);
#1156=LINE('',#6736,#1523);
#1157=LINE('',#6737,#1524);
#1158=LINE('',#6740,#1525);
#1159=LINE('',#6742,#1526);
#1160=LINE('',#6743,#1527);
#1161=LINE('',#6761,#1528);
#1162=LINE('',#6784,#1529);
#1163=LINE('',#6807,#1530);
#1164=LINE('',#6830,#1531);
#1165=LINE('',#6838,#1532);
#1166=LINE('',#6840,#1533);
#1167=LINE('',#6841,#1534);
#1168=LINE('',#6844,#1535);
#1169=LINE('',#6846,#1536);
#1170=LINE('',#6847,#1537);
#1171=LINE('',#6850,#1538);
#1172=LINE('',#6852,#1539);
#1173=LINE('',#6853,#1540);
#1174=LINE('',#6871,#1541);
#1175=LINE('',#6894,#1542);
#1176=LINE('',#6917,#1543);
#1177=LINE('',#6940,#1544);
#1178=LINE('',#6963,#1545);
#1179=LINE('',#6986,#1546);
#1180=LINE('',#7009,#1547);
#1181=LINE('',#7017,#1548);
#1182=LINE('',#7019,#1549);
#1183=LINE('',#7020,#1550);
#1184=LINE('',#7023,#1551);
#1185=LINE('',#7025,#1552);
#1186=LINE('',#7026,#1553);
#1187=LINE('',#7028,#1554);
#1188=LINE('',#7029,#1555);
#1189=LINE('',#7034,#1556);
#1190=LINE('',#7036,#1557);
#1191=LINE('',#7038,#1558);
#1192=LINE('',#7039,#1559);
#1193=LINE('',#7042,#1560);
#1194=LINE('',#7044,#1561);
#1195=LINE('',#7045,#1562);
#1196=LINE('',#7048,#1563);
#1197=LINE('',#7050,#1564);
#1198=LINE('',#7051,#1565);
#1199=LINE('',#7054,#1566);
#1200=LINE('',#7056,#1567);
#1201=LINE('',#7057,#1568);
#1202=LINE('',#7060,#1569);
#1203=LINE('',#7062,#1570);
#1204=LINE('',#7063,#1571);
#1205=LINE('',#7066,#1572);
#1206=LINE('',#7068,#1573);
#1207=LINE('',#7069,#1574);
#1208=LINE('',#7072,#1575);
#1209=LINE('',#7074,#1576);
#1210=LINE('',#7075,#1577);
#1211=LINE('',#7077,#1578);
#1212=LINE('',#7078,#1579);
#1213=LINE('',#7088,#1580);
#1214=LINE('',#7090,#1581);
#1215=LINE('',#7094,#1582);
#1216=LINE('',#7098,#1583);
#1217=LINE('',#7100,#1584);
#1218=LINE('',#7114,#1585);
#1219=LINE('',#7130,#1586);
#1220=LINE('',#7136,#1587);
#1221=LINE('',#7142,#1588);
#1222=LINE('',#7145,#1589);
#1223=LINE('',#7182,#1590);
#1224=LINE('',#7297,#1591);
#1225=LINE('',#7300,#1592);
#1226=LINE('',#7384,#1593);
#1227=LINE('',#7388,#1594);
#1228=LINE('',#7390,#1595);
#1229=LINE('',#7391,#1596);
#1230=LINE('',#7394,#1597);
#1231=LINE('',#7398,#1598);
#1232=LINE('',#7872,#1599);
#1233=LINE('',#7908,#1600);
#1234=LINE('',#7910,#1601);
#1235=LINE('',#7919,#1602);
#1236=LINE('',#7923,#1603);
#1237=LINE('',#8542,#1604);
#1238=LINE('',#8544,#1605);
#1239=LINE('',#8548,#1606);
#1240=LINE('',#8550,#1607);
#1241=LINE('',#8564,#1608);
#1242=LINE('',#8571,#1609);
#1243=LINE('',#8573,#1610);
#1244=LINE('',#8575,#1611);
#1245=LINE('',#8579,#1612);
#1246=LINE('',#8583,#1613);
#1247=LINE('',#8587,#1614);
#1248=LINE('',#8589,#1615);
#1249=LINE('',#8657,#1616);
#1250=LINE('',#8763,#1617);
#1251=LINE('',#8767,#1618);
#1252=LINE('',#8776,#1619);
#1253=LINE('',#8781,#1620);
#1254=LINE('',#8785,#1621);
#1255=LINE('',#8788,#1622);
#1256=LINE('',#8790,#1623);
#1257=LINE('',#8791,#1624);
#1258=LINE('',#8818,#1625);
#1259=LINE('',#8927,#1626);
#1260=LINE('',#9028,#1627);
#1261=LINE('',#9137,#1628);
#1262=LINE('',#9180,#1629);
#1263=LINE('',#9244,#1630);
#1264=LINE('',#9264,#1631);
#1265=LINE('',#9265,#1632);
#1266=LINE('',#9279,#1633);
#1267=LINE('',#9285,#1634);
#1268=LINE('',#9294,#1635);
#1269=LINE('',#9299,#1636);
#1270=LINE('',#9306,#1637);
#1271=LINE('',#9327,#1638);
#1272=LINE('',#9331,#1639);
#1273=LINE('',#9335,#1640);
#1274=LINE('',#9339,#1641);
#1275=LINE('',#9343,#1642);
#1276=LINE('',#9349,#1643);
#1277=LINE('',#9352,#1644);
#1278=LINE('',#9356,#1645);
#1279=LINE('',#9360,#1646);
#1280=LINE('',#9363,#1647);
#1281=LINE('',#9518,#1648);
#1282=LINE('',#9522,#1649);
#1283=LINE('',#9540,#1650);
#1284=LINE('',#9544,#1651);
#1285=LINE('',#9547,#1652);
#1286=LINE('',#9549,#1653);
#1287=LINE('',#9550,#1654);
#1288=LINE('',#9552,#1655);
#1289=LINE('',#9554,#1656);
#1290=LINE('',#9555,#1657);
#1291=LINE('',#9573,#1658);
#1292=LINE('',#9592,#1659);
#1293=LINE('',#9595,#1660);
#1294=LINE('',#9597,#1661);
#1295=LINE('',#9599,#1662);
#1296=LINE('',#9600,#1663);
#1297=LINE('',#9603,#1664);
#1298=LINE('',#9604,#1665);
#1299=LINE('',#9605,#1666);
#1300=LINE('',#9608,#1667);
#1301=LINE('',#9609,#1668);
#1302=LINE('',#9611,#1669);
#1303=LINE('',#9615,#1670);
#1304=LINE('',#9616,#1671);
#1305=LINE('',#9618,#1672);
#1306=LINE('',#9619,#1673);
#1307=LINE('',#9622,#1674);
#1308=LINE('',#9625,#1675);
#1309=LINE('',#9628,#1676);
#1310=LINE('',#9629,#1677);
#1311=LINE('',#9632,#1678);
#1312=LINE('',#9635,#1679);
#1313=LINE('',#9637,#1680);
#1314=LINE('',#9640,#1681);
#1315=LINE('',#9642,#1682);
#1316=LINE('',#9643,#1683);
#1317=LINE('',#9645,#1684);
#1318=LINE('',#9647,#1685);
#1319=LINE('',#9651,#1686);
#1320=LINE('',#9652,#1687);
#1321=LINE('',#9655,#1688);
#1322=LINE('',#9656,#1689);
#1323=LINE('',#9670,#1690);
#1324=LINE('',#9672,#1691);
#1325=LINE('',#9673,#1692);
#1326=LINE('',#9675,#1693);
#1327=LINE('',#9678,#1694);
#1328=LINE('',#9681,#1695);
#1329=LINE('',#9685,#1696);
#1330=LINE('',#9688,#1697);
#1331=LINE('',#9689,#1698);
#1332=LINE('',#9693,#1699);
#1333=LINE('',#9696,#1700);
#1334=LINE('',#9697,#1701);
#1335=LINE('',#9702,#1702);
#1336=LINE('',#9703,#1703);
#1337=LINE('',#9737,#1704);
#1338=LINE('',#9743,#1705);
#1339=LINE('',#9745,#1706);
#1340=LINE('',#9747,#1707);
#1341=LINE('',#9751,#1708);
#1342=LINE('',#9752,#1709);
#1343=LINE('',#9754,#1710);
#1344=LINE('',#9756,#1711);
#1345=LINE('',#9758,#1712);
#1346=LINE('',#9760,#1713);
#1347=LINE('',#9762,#1714);
#1348=LINE('',#9764,#1715);
#1349=LINE('',#9770,#1716);
#1350=LINE('',#9773,#1717);
#1351=LINE('',#9775,#1718);
#1352=LINE('',#9778,#1719);
#1353=LINE('',#9780,#1720);
#1354=LINE('',#9787,#1721);
#1355=LINE('',#9791,#1722);
#1356=LINE('',#9795,#1723);
#1357=LINE('',#9797,#1724);
#1358=LINE('',#9798,#1725);
#1359=LINE('',#9804,#1726);
#1360=LINE('',#9809,#1727);
#1361=LINE('',#9813,#1728);
#1362=LINE('',#9817,#1729);
#1363=LINE('',#9818,#1730);
#1364=LINE('',#9823,#1731);
#1365=LINE('',#9827,#1732);
#1366=LINE('',#9831,#1733);
#1367=LINE('',#9856,#1734);
#1368=LINE('',#9859,#1735);
#1369=LINE('',#9860,#1736);
#1370=LINE('',#9866,#1737);
#1371=LINE('',#9869,#1738);
#1372=LINE('',#9874,#1739);
#1373=LINE('',#9880,#1740);
#1374=LINE('',#9883,#1741);
#1375=LINE('',#9886,#1742);
#1376=LINE('',#9887,#1743);
#1377=LINE('',#9892,#1744);
#1378=LINE('',#9895,#1745);
#1379=LINE('',#9898,#1746);
#1380=LINE('',#9900,#1747);
#1381=LINE('',#9903,#1748);
#1382=LINE('',#9905,#1749);
#1383=LINE('',#9908,#1750);
#1384=LINE('',#9910,#1751);
#1385=LINE('',#9914,#1752);
#1386=LINE('',#9916,#1753);
#1387=LINE('',#9922,#1754);
#1388=LINE('',#9923,#1755);
#1389=LINE('',#9925,#1756);
#1390=LINE('',#9926,#1757);
#1391=LINE('',#9928,#1758);
#1392=LINE('',#9929,#1759);
#1393=LINE('',#9931,#1760);
#1394=LINE('',#9935,#1761);
#1395=LINE('',#9937,#1762);
#1396=LINE('',#9943,#1763);
#1397=LINE('',#9944,#1764);
#1398=LINE('',#10108,#1765);
#1399=LINE('',#10110,#1766);
#1400=LINE('',#10112,#1767);
#1401=LINE('',#10114,#1768);
#1402=LINE('',#10119,#1769);
#1403=LINE('',#10121,#1770);
#1404=LINE('',#10124,#1771);
#1405=LINE('',#10126,#1772);
#1406=LINE('',#10129,#1773);
#1407=LINE('',#10142,#1774);
#1408=LINE('',#10175,#1775);
#1409=LINE('',#10207,#1776);
#1410=LINE('',#10240,#1777);
#1411=LINE('',#10318,#1778);
#1412=LINE('',#10321,#1779);
#1413=LINE('',#10324,#1780);
#1414=LINE('',#10327,#1781);
#1415=LINE('',#10328,#1782);
#1416=LINE('',#10332,#1783);
#1417=LINE('',#10334,#1784);
#1418=LINE('',#10338,#1785);
#1419=LINE('',#10341,#1786);
#1420=LINE('',#10344,#1787);
#1421=LINE('',#10345,#1788);
#1422=LINE('',#10349,#1789);
#1423=LINE('',#10351,#1790);
#1424=LINE('',#10359,#1791);
#1425=LINE('',#10364,#1792);
#1426=LINE('',#10368,#1793);
#1427=LINE('',#10379,#1794);
#1428=LINE('',#10384,#1795);
#1429=LINE('',#10389,#1796);
#1430=LINE('',#10391,#1797);
#1431=LINE('',#10392,#1798);
#1432=LINE('',#10394,#1799);
#1433=LINE('',#10395,#1800);
#1434=LINE('',#10397,#1801);
#1435=LINE('',#10399,#1802);
#1436=LINE('',#10401,#1803);
#1437=LINE('',#10403,#1804);
#1438=LINE('',#10405,#1805);
#1439=LINE('',#10407,#1806);
#1440=LINE('',#10409,#1807);
#1441=LINE('',#10411,#1808);
#1442=LINE('',#10415,#1809);
#1443=LINE('',#10417,#1810);
#1444=LINE('',#10425,#1811);
#1445=LINE('',#10426,#1812);
#1446=LINE('',#10429,#1813);
#1447=LINE('',#10430,#1814);
#1448=LINE('',#10433,#1815);
#1449=LINE('',#10434,#1816);
#1450=LINE('',#10436,#1817);
#1451=LINE('',#10438,#1818);
#1452=LINE('',#10441,#1819);
#1453=LINE('',#10443,#1820);
#1454=LINE('',#10444,#1821);
#1455=LINE('',#10447,#1822);
#1456=LINE('',#10449,#1823);
#1457=LINE('',#10450,#1824);
#1458=LINE('',#10463,#1825);
#1459=LINE('',#10470,#1826);
#1460=VECTOR('',#5215,10.);
#1461=VECTOR('',#5216,10.);
#1462=VECTOR('',#5217,10.);
#1463=VECTOR('',#5218,10.);
#1464=VECTOR('',#5219,10.);
#1465=VECTOR('',#5220,10.);
#1466=VECTOR('',#5221,10.);
#1467=VECTOR('',#5222,10.);
#1468=VECTOR('',#5223,10.);
#1469=VECTOR('',#5226,10.);
#1470=VECTOR('',#5227,10.);
#1471=VECTOR('',#5228,10.);
#1472=VECTOR('',#5231,10.);
#1473=VECTOR('',#5232,10.);
#1474=VECTOR('',#5235,10.);
#1475=VECTOR('',#5236,10.);
#1476=VECTOR('',#5237,10.);
#1477=VECTOR('',#5238,10.);
#1478=VECTOR('',#5241,10.);
#1479=VECTOR('',#5242,10.);
#1480=VECTOR('',#5243,10.);
#1481=VECTOR('',#5244,10.);
#1482=VECTOR('',#5245,10.);
#1483=VECTOR('',#5246,10.);
#1484=VECTOR('',#5247,10.);
#1485=VECTOR('',#5248,10.);
#1486=VECTOR('',#5249,10.);
#1487=VECTOR('',#5252,10.);
#1488=VECTOR('',#5253,10.);
#1489=VECTOR('',#5254,10.);
#1490=VECTOR('',#5257,10.);
#1491=VECTOR('',#5258,10.);
#1492=VECTOR('',#5259,10.);
#1493=VECTOR('',#5262,10.);
#1494=VECTOR('',#5263,10.);
#1495=VECTOR('',#5268,10.);
#1496=VECTOR('',#5269,10.);
#1497=VECTOR('',#5270,10.);
#1498=VECTOR('',#5271,10.);
#1499=VECTOR('',#5274,10.);
#1500=VECTOR('',#5275,10.);
#1501=VECTOR('',#5276,10.);
#1502=VECTOR('',#5279,10.);
#1503=VECTOR('',#5280,10.);
#1504=VECTOR('',#5281,10.);
#1505=VECTOR('',#5284,10.);
#1506=VECTOR('',#5285,10.);
#1507=VECTOR('',#5290,10.);
#1508=VECTOR('',#5291,10.);
#1509=VECTOR('',#5292,10.);
#1510=VECTOR('',#5293,10.);
#1511=VECTOR('',#5294,10.);
#1512=VECTOR('',#5295,10.);
#1513=VECTOR('',#5296,10.);
#1514=VECTOR('',#5297,10.);
#1515=VECTOR('',#5298,10.);
#1516=VECTOR('',#5301,10.);
#1517=VECTOR('',#5302,10.);
#1518=VECTOR('',#5303,10.);
#1519=VECTOR('',#5306,10.);
#1520=VECTOR('',#5307,10.);
#1521=VECTOR('',#5310,10.);
#1522=VECTOR('',#5311,10.);
#1523=VECTOR('',#5312,10.);
#1524=VECTOR('',#5313,10.);
#1525=VECTOR('',#5316,10.);
#1526=VECTOR('',#5317,10.);
#1527=VECTOR('',#5318,10.);
#1528=VECTOR('',#5319,10.);
#1529=VECTOR('',#5320,10.);
#1530=VECTOR('',#5321,10.);
#1531=VECTOR('',#5322,10.);
#1532=VECTOR('',#5325,10.);
#1533=VECTOR('',#5326,10.);
#1534=VECTOR('',#5327,10.);
#1535=VECTOR('',#5330,10.);
#1536=VECTOR('',#5331,10.);
#1537=VECTOR('',#5332,10.);
#1538=VECTOR('',#5335,10.);
#1539=VECTOR('',#5336,10.);
#1540=VECTOR('',#5337,10.);
#1541=VECTOR('',#5338,10.);
#1542=VECTOR('',#5339,10.);
#1543=VECTOR('',#5340,10.);
#1544=VECTOR('',#5341,10.);
#1545=VECTOR('',#5342,10.);
#1546=VECTOR('',#5343,10.);
#1547=VECTOR('',#5344,10.);
#1548=VECTOR('',#5347,10.);
#1549=VECTOR('',#5348,10.);
#1550=VECTOR('',#5349,10.);
#1551=VECTOR('',#5352,10.);
#1552=VECTOR('',#5353,10.);
#1553=VECTOR('',#5354,10.);
#1554=VECTOR('',#5357,10.);
#1555=VECTOR('',#5358,10.);
#1556=VECTOR('',#5363,10.);
#1557=VECTOR('',#5364,10.);
#1558=VECTOR('',#5365,10.);
#1559=VECTOR('',#5366,10.);
#1560=VECTOR('',#5369,10.);
#1561=VECTOR('',#5370,10.);
#1562=VECTOR('',#5371,10.);
#1563=VECTOR('',#5374,10.);
#1564=VECTOR('',#5375,10.);
#1565=VECTOR('',#5376,10.);
#1566=VECTOR('',#5379,10.);
#1567=VECTOR('',#5380,10.);
#1568=VECTOR('',#5381,10.);
#1569=VECTOR('',#5384,10.);
#1570=VECTOR('',#5385,10.);
#1571=VECTOR('',#5386,10.);
#1572=VECTOR('',#5389,10.);
#1573=VECTOR('',#5390,10.);
#1574=VECTOR('',#5391,10.);
#1575=VECTOR('',#5394,10.);
#1576=VECTOR('',#5395,10.);
#1577=VECTOR('',#5396,10.);
#1578=VECTOR('',#5399,10.);
#1579=VECTOR('',#5400,10.);
#1580=VECTOR('',#5405,10.);
#1581=VECTOR('',#5406,10.);
#1582=VECTOR('',#5409,10.);
#1583=VECTOR('',#5412,10.);
#1584=VECTOR('',#5413,10.);
#1585=VECTOR('',#5416,10.);
#1586=VECTOR('',#5423,10.);
#1587=VECTOR('',#5424,10.);
#1588=VECTOR('',#5429,10.);
#1589=VECTOR('',#5432,10.);
#1590=VECTOR('',#5433,10.);
#1591=VECTOR('',#5436,10.);
#1592=VECTOR('',#5439,10.);
#1593=VECTOR('',#5442,10.);
#1594=VECTOR('',#5447,10.);
#1595=VECTOR('',#5448,10.);
#1596=VECTOR('',#5449,10.);
#1597=VECTOR('',#5452,10.);
#1598=VECTOR('',#5455,10.);
#1599=VECTOR('',#5484,10.);
#1600=VECTOR('',#5485,8.50000000000001);
#1601=VECTOR('',#5486,10.);
#1602=VECTOR('',#5489,8.50000000000001);
#1603=VECTOR('',#5492,10.);
#1604=VECTOR('',#5521,10.);
#1605=VECTOR('',#5522,10.);
#1606=VECTOR('',#5525,10.);
#1607=VECTOR('',#5526,10.);
#1608=VECTOR('',#5527,10.);
#1609=VECTOR('',#5528,10.);
#1610=VECTOR('',#5529,10.);
#1611=VECTOR('',#5530,10.);
#1612=VECTOR('',#5533,10.);
#1613=VECTOR('',#5536,10.);
#1614=VECTOR('',#5539,10.);
#1615=VECTOR('',#5540,10.);
#1616=VECTOR('',#5541,8.50000000000001);
#1617=VECTOR('',#5548,10.);
#1618=VECTOR('',#5551,10.);
#1619=VECTOR('',#5554,10.);
#1620=VECTOR('',#5561,10.);
#1621=VECTOR('',#5566,10.);
#1622=VECTOR('',#5569,10.);
#1623=VECTOR('',#5570,10.);
#1624=VECTOR('',#5571,10.);
#1625=VECTOR('',#5574,10.);
#1626=VECTOR('',#5575,10.);
#1627=VECTOR('',#5576,10.);
#1628=VECTOR('',#5577,10.);
#1629=VECTOR('',#5580,10.);
#1630=VECTOR('',#5583,10.);
#1631=VECTOR('',#5584,10.);
#1632=VECTOR('',#5585,8.50000000000001);
#1633=VECTOR('',#5592,10.);
#1634=VECTOR('',#5593,10.);
#1635=VECTOR('',#5602,10.);
#1636=VECTOR('',#5607,10.);
#1637=VECTOR('',#5608,10.);
#1638=VECTOR('',#5623,10.);
#1639=VECTOR('',#5626,10.);
#1640=VECTOR('',#5629,10.);
#1641=VECTOR('',#5632,10.);
#1642=VECTOR('',#5635,10.);
#1643=VECTOR('',#5640,10.);
#1644=VECTOR('',#5643,10.);
#1645=VECTOR('',#5648,10.);
#1646=VECTOR('',#5653,10.);
#1647=VECTOR('',#5656,10.);
#1648=VECTOR('',#5667,10.);
#1649=VECTOR('',#5670,10.);
#1650=VECTOR('',#5671,10.);
#1651=VECTOR('',#5676,10.);
#1652=VECTOR('',#5679,10.);
#1653=VECTOR('',#5680,10.);
#1654=VECTOR('',#5681,10.);
#1655=VECTOR('',#5682,10.);
#1656=VECTOR('',#5683,10.);
#1657=VECTOR('',#5684,10.);
#1658=VECTOR('',#5701,10.);
#1659=VECTOR('',#5704,10.);
#1660=VECTOR('',#5707,10.);
#1661=VECTOR('',#5708,10.);
#1662=VECTOR('',#5709,10.);
#1663=VECTOR('',#5710,10.);
#1664=VECTOR('',#5713,10.);
#1665=VECTOR('',#5714,10.);
#1666=VECTOR('',#5715,10.);
#1667=VECTOR('',#5718,10.);
#1668=VECTOR('',#5719,10.);
#1669=VECTOR('',#5722,10.);
#1670=VECTOR('',#5725,10.);
#1671=VECTOR('',#5726,10.);
#1672=VECTOR('',#5727,10.);
#1673=VECTOR('',#5728,10.);
#1674=VECTOR('',#5733,10.);
#1675=VECTOR('',#5736,10.);
#1676=VECTOR('',#5739,10.);
#1677=VECTOR('',#5740,10.);
#1678=VECTOR('',#5743,10.);
#1679=VECTOR('',#5748,10.);
#1680=VECTOR('',#5751,10.);
#1681=VECTOR('',#5754,10.);
#1682=VECTOR('',#5755,10.);
#1683=VECTOR('',#5756,10.);
#1684=VECTOR('',#5759,10.);
#1685=VECTOR('',#5762,10.);
#1686=VECTOR('',#5767,10.);
#1687=VECTOR('',#5768,10.);
#1688=VECTOR('',#5771,10.);
#1689=VECTOR('',#5772,10.);
#1690=VECTOR('',#5787,10.);
#1691=VECTOR('',#5788,10.);
#1692=VECTOR('',#5789,10.);
#1693=VECTOR('',#5792,10.);
#1694=VECTOR('',#5795,10.);
#1695=VECTOR('',#5798,10.);
#1696=VECTOR('',#5803,10.);
#1697=VECTOR('',#5806,10.);
#1698=VECTOR('',#5807,10.);
#1699=VECTOR('',#5812,10.);
#1700=VECTOR('',#5815,10.);
#1701=VECTOR('',#5816,10.);
#1702=VECTOR('',#5823,10.);
#1703=VECTOR('',#5824,10.);
#1704=VECTOR('',#5827,10.);
#1705=VECTOR('',#5828,10.);
#1706=VECTOR('',#5829,10.);
#1707=VECTOR('',#5830,10.);
#1708=VECTOR('',#5833,10.);
#1709=VECTOR('',#5834,10.);
#1710=VECTOR('',#5837,0.625);
#1711=VECTOR('',#5840,0.625);
#1712=VECTOR('',#5843,0.625);
#1713=VECTOR('',#5846,0.625);
#1714=VECTOR('',#5849,0.625);
#1715=VECTOR('',#5852,0.625);
#1716=VECTOR('',#5859,10.);
#1717=VECTOR('',#5862,10.);
#1718=VECTOR('',#5865,10.);
#1719=VECTOR('',#5870,10.);
#1720=VECTOR('',#5873,10.);
#1721=VECTOR('',#5880,10.);
#1722=VECTOR('',#5883,10.);
#1723=VECTOR('',#5888,10.);
#1724=VECTOR('',#5889,10.);
#1725=VECTOR('',#5890,10.);
#1726=VECTOR('',#5895,10.);
#1727=VECTOR('',#5902,10.);
#1728=VECTOR('',#5905,10.);
#1729=VECTOR('',#5910,10.);
#1730=VECTOR('',#5911,10.);
#1731=VECTOR('',#5916,10.);
#1732=VECTOR('',#5921,10.);
#1733=VECTOR('',#5924,10.);
#1734=VECTOR('',#5927,10.);
#1735=VECTOR('',#5930,10.);
#1736=VECTOR('',#5931,10.);
#1737=VECTOR('',#5936,10.);
#1738=VECTOR('',#5939,10.);
#1739=VECTOR('',#5946,10.);
#1740=VECTOR('',#5953,10.);
#1741=VECTOR('',#5956,10.);
#1742=VECTOR('',#5959,10.);
#1743=VECTOR('',#5960,10.);
#1744=VECTOR('',#5969,10.);
#1745=VECTOR('',#5972,10.);
#1746=VECTOR('',#5975,10.);
#1747=VECTOR('',#5976,10.);
#1748=VECTOR('',#5979,10.);
#1749=VECTOR('',#5980,10.);
#1750=VECTOR('',#5983,10.);
#1751=VECTOR('',#5986,10.);
#1752=VECTOR('',#5989,10.);
#1753=VECTOR('',#5990,10.);
#1754=VECTOR('',#5995,10.);
#1755=VECTOR('',#5996,10.);
#1756=VECTOR('',#5999,10.);
#1757=VECTOR('',#6000,10.);
#1758=VECTOR('',#6003,10.);
#1759=VECTOR('',#6004,10.);
#1760=VECTOR('',#6007,10.);
#1761=VECTOR('',#6010,10.);
#1762=VECTOR('',#6011,10.);
#1763=VECTOR('',#6016,10.);
#1764=VECTOR('',#6017,10.);
#1765=VECTOR('',#6028,10.);
#1766=VECTOR('',#6031,10.);
#1767=VECTOR('',#6034,10.);
#1768=VECTOR('',#6037,10.);
#1769=VECTOR('',#6046,10.);
#1770=VECTOR('',#6049,10.);
#1771=VECTOR('',#6054,10.);
#1772=VECTOR('',#6057,10.);
#1773=VECTOR('',#6062,10.);
#1774=VECTOR('',#6063,10.);
#1775=VECTOR('',#6066,10.);
#1776=VECTOR('',#6067,10.);
#1777=VECTOR('',#6074,10.);
#1778=VECTOR('',#6089,10.);
#1779=VECTOR('',#6092,10.);
#1780=VECTOR('',#6095,10.);
#1781=VECTOR('',#6098,10.);
#1782=VECTOR('',#6099,10.);
#1783=VECTOR('',#6104,10.);
#1784=VECTOR('',#6107,10.);
#1785=VECTOR('',#6112,10.);
#1786=VECTOR('',#6115,10.);
#1787=VECTOR('',#6118,10.);
#1788=VECTOR('',#6119,10.);
#1789=VECTOR('',#6124,10.);
#1790=VECTOR('',#6127,10.);
#1791=VECTOR('',#6136,10.);
#1792=VECTOR('',#6141,10.);
#1793=VECTOR('',#6144,10.);
#1794=VECTOR('',#6159,10.);
#1795=VECTOR('',#6164,10.);
#1796=VECTOR('',#6169,10.);
#1797=VECTOR('',#6170,10.);
#1798=VECTOR('',#6171,10.);
#1799=VECTOR('',#6172,10.);
#1800=VECTOR('',#6173,10.);
#1801=VECTOR('',#6176,10.);
#1802=VECTOR('',#6179,10.);
#1803=VECTOR('',#6182,10.);
#1804=VECTOR('',#6185,10.);
#1805=VECTOR('',#6188,10.);
#1806=VECTOR('',#6191,10.);
#1807=VECTOR('',#6194,10.);
#1808=VECTOR('',#6197,10.);
#1809=VECTOR('',#6202,10.);
#1810=VECTOR('',#6203,10.);
#1811=VECTOR('',#6210,10.);
#1812=VECTOR('',#6211,10.);
#1813=VECTOR('',#6214,10.);
#1814=VECTOR('',#6215,10.);
#1815=VECTOR('',#6218,10.);
#1816=VECTOR('',#6219,10.);
#1817=VECTOR('',#6222,10.);
#1818=VECTOR('',#6225,10.);
#1819=VECTOR('',#6228,10.);
#1820=VECTOR('',#6229,10.);
#1821=VECTOR('',#6230,10.);
#1822=VECTOR('',#6233,10.);
#1823=VECTOR('',#6234,10.);
#1824=VECTOR('',#6235,10.);
#1825=VECTOR('',#6254,10.);
#1826=VECTOR('',#6265,10.);
#1827=VERTEX_POINT('',#6270);
#1828=VERTEX_POINT('',#6271);
#1829=VERTEX_POINT('',#6273);
#1830=VERTEX_POINT('',#6275);
#1831=VERTEX_POINT('',#6288);
#1832=VERTEX_POINT('',#6294);
#1833=VERTEX_POINT('',#6311);
#1834=VERTEX_POINT('',#6317);
#1835=VERTEX_POINT('',#6334);
#1836=VERTEX_POINT('',#6340);
#1837=VERTEX_POINT('',#6357);
#1838=VERTEX_POINT('',#6363);
#1839=VERTEX_POINT('',#6380);
#1840=VERTEX_POINT('',#6386);
#1841=VERTEX_POINT('',#6394);
#1842=VERTEX_POINT('',#6396);
#1843=VERTEX_POINT('',#6403);
#1844=VERTEX_POINT('',#6404);
#1845=VERTEX_POINT('',#6406);
#1846=VERTEX_POINT('',#6408);
#1847=VERTEX_POINT('',#6412);
#1848=VERTEX_POINT('',#6414);
#1849=VERTEX_POINT('',#6427);
#1850=VERTEX_POINT('',#6433);
#1851=VERTEX_POINT('',#6450);
#1852=VERTEX_POINT('',#6456);
#1853=VERTEX_POINT('',#6473);
#1854=VERTEX_POINT('',#6479);
#1855=VERTEX_POINT('',#6496);
#1856=VERTEX_POINT('',#6502);
#1857=VERTEX_POINT('',#6519);
#1858=VERTEX_POINT('',#6525);
#1859=VERTEX_POINT('',#6542);
#1860=VERTEX_POINT('',#6548);
#1861=VERTEX_POINT('',#6556);
#1862=VERTEX_POINT('',#6558);
#1863=VERTEX_POINT('',#6562);
#1864=VERTEX_POINT('',#6564);
#1865=VERTEX_POINT('',#6572);
#1866=VERTEX_POINT('',#6573);
#1867=VERTEX_POINT('',#6575);
#1868=VERTEX_POINT('',#6577);
#1869=VERTEX_POINT('',#6581);
#1870=VERTEX_POINT('',#6583);
#1871=VERTEX_POINT('',#6587);
#1872=VERTEX_POINT('',#6589);
#1873=VERTEX_POINT('',#6597);
#1874=VERTEX_POINT('',#6598);
#1875=VERTEX_POINT('',#6600);
#1876=VERTEX_POINT('',#6602);
#1877=VERTEX_POINT('',#6615);
#1878=VERTEX_POINT('',#6621);
#1879=VERTEX_POINT('',#6638);
#1880=VERTEX_POINT('',#6644);
#1881=VERTEX_POINT('',#6661);
#1882=VERTEX_POINT('',#6667);
#1883=VERTEX_POINT('',#6684);
#1884=VERTEX_POINT('',#6690);
#1885=VERTEX_POINT('',#6707);
#1886=VERTEX_POINT('',#6713);
#1887=VERTEX_POINT('',#6721);
#1888=VERTEX_POINT('',#6723);
#1889=VERTEX_POINT('',#6730);
#1890=VERTEX_POINT('',#6731);
#1891=VERTEX_POINT('',#6733);
#1892=VERTEX_POINT('',#6735);
#1893=VERTEX_POINT('',#6739);
#1894=VERTEX_POINT('',#6741);
#1895=VERTEX_POINT('',#6754);
#1896=VERTEX_POINT('',#6760);
#1897=VERTEX_POINT('',#6777);
#1898=VERTEX_POINT('',#6783);
#1899=VERTEX_POINT('',#6800);
#1900=VERTEX_POINT('',#6806);
#1901=VERTEX_POINT('',#6823);
#1902=VERTEX_POINT('',#6829);
#1903=VERTEX_POINT('',#6837);
#1904=VERTEX_POINT('',#6839);
#1905=VERTEX_POINT('',#6843);
#1906=VERTEX_POINT('',#6845);
#1907=VERTEX_POINT('',#6849);
#1908=VERTEX_POINT('',#6851);
#1909=VERTEX_POINT('',#6864);
#1910=VERTEX_POINT('',#6870);
#1911=VERTEX_POINT('',#6887);
#1912=VERTEX_POINT('',#6893);
#1913=VERTEX_POINT('',#6910);
#1914=VERTEX_POINT('',#6916);
#1915=VERTEX_POINT('',#6933);
#1916=VERTEX_POINT('',#6939);
#1917=VERTEX_POINT('',#6956);
#1918=VERTEX_POINT('',#6962);
#1919=VERTEX_POINT('',#6979);
#1920=VERTEX_POINT('',#6985);
#1921=VERTEX_POINT('',#7002);
#1922=VERTEX_POINT('',#7008);
#1923=VERTEX_POINT('',#7016);
#1924=VERTEX_POINT('',#7018);
#1925=VERTEX_POINT('',#7022);
#1926=VERTEX_POINT('',#7024);
#1927=VERTEX_POINT('',#7032);
#1928=VERTEX_POINT('',#7033);
#1929=VERTEX_POINT('',#7035);
#1930=VERTEX_POINT('',#7037);
#1931=VERTEX_POINT('',#7041);
#1932=VERTEX_POINT('',#7043);
#1933=VERTEX_POINT('',#7047);
#1934=VERTEX_POINT('',#7049);
#1935=VERTEX_POINT('',#7053);
#1936=VERTEX_POINT('',#7055);
#1937=VERTEX_POINT('',#7059);
#1938=VERTEX_POINT('',#7061);
#1939=VERTEX_POINT('',#7065);
#1940=VERTEX_POINT('',#7067);
#1941=VERTEX_POINT('',#7071);
#1942=VERTEX_POINT('',#7073);
#1943=VERTEX_POINT('',#7081);
#1944=VERTEX_POINT('',#7082);
#1945=VERTEX_POINT('',#7087);
#1946=VERTEX_POINT('',#7089);
#1947=VERTEX_POINT('',#7091);
#1948=VERTEX_POINT('',#7093);
#1949=VERTEX_POINT('',#7095);
#1950=VERTEX_POINT('',#7097);
#1951=VERTEX_POINT('',#7099);
#1952=VERTEX_POINT('',#7101);
#1953=VERTEX_POINT('',#7106);
#1954=VERTEX_POINT('',#7111);
#1955=VERTEX_POINT('',#7113);
#1956=VERTEX_POINT('',#7115);
#1957=VERTEX_POINT('',#7123);
#1958=VERTEX_POINT('',#7124);
#1959=VERTEX_POINT('',#7129);
#1960=VERTEX_POINT('',#7131);
#1961=VERTEX_POINT('',#7138);
#1962=VERTEX_POINT('',#7139);
#1963=VERTEX_POINT('',#7141);
#1964=VERTEX_POINT('',#7143);
#1965=VERTEX_POINT('',#7172);
#1966=VERTEX_POINT('',#7181);
#1967=VERTEX_POINT('',#7221);
#1968=VERTEX_POINT('',#7228);
#1969=VERTEX_POINT('',#7233);
#1970=VERTEX_POINT('',#7242);
#1971=VERTEX_POINT('',#7268);
#1972=VERTEX_POINT('',#7273);
#1973=VERTEX_POINT('',#7296);
#1974=VERTEX_POINT('',#7298);
#1975=VERTEX_POINT('',#7327);
#1976=VERTEX_POINT('',#7332);
#1977=VERTEX_POINT('',#7337);
#1978=VERTEX_POINT('',#7342);
#1979=VERTEX_POINT('',#7347);
#1980=VERTEX_POINT('',#7352);
#1981=VERTEX_POINT('',#7357);
#1982=VERTEX_POINT('',#7362);
#1983=VERTEX_POINT('',#7370);
#1984=VERTEX_POINT('',#7383);
#1985=VERTEX_POINT('',#7387);
#1986=VERTEX_POINT('',#7389);
#1987=VERTEX_POINT('',#7393);
#1988=VERTEX_POINT('',#7395);
#1989=VERTEX_POINT('',#7397);
#1990=VERTEX_POINT('',#7432);
#1991=VERTEX_POINT('',#7433);
#1992=VERTEX_POINT('',#7471);
#1993=VERTEX_POINT('',#7472);
#1994=VERTEX_POINT('',#7522);
#1995=VERTEX_POINT('',#7531);
#1996=VERTEX_POINT('',#7571);
#1997=VERTEX_POINT('',#7578);
#1998=VERTEX_POINT('',#7587);
#1999=VERTEX_POINT('',#7588);
#2000=VERTEX_POINT('',#7612);
#2001=VERTEX_POINT('',#7617);
#2002=VERTEX_POINT('',#7663);
#2003=VERTEX_POINT('',#7664);
#2004=VERTEX_POINT('',#7717);
#2005=VERTEX_POINT('',#7718);
#2006=VERTEX_POINT('',#7754);
#2007=VERTEX_POINT('',#7755);
#2008=VERTEX_POINT('',#7805);
#2009=VERTEX_POINT('',#7842);
#2010=VERTEX_POINT('',#7847);
#2011=VERTEX_POINT('',#7871);
#2012=VERTEX_POINT('',#7873);
#2013=VERTEX_POINT('',#7878);
#2014=VERTEX_POINT('',#7883);
#2015=VERTEX_POINT('',#7907);
#2016=VERTEX_POINT('',#7909);
#2017=VERTEX_POINT('',#7918);
#2018=VERTEX_POINT('',#7920);
#2019=VERTEX_POINT('',#7922);
#2020=VERTEX_POINT('',#7955);
#2021=VERTEX_POINT('',#8027);
#2022=VERTEX_POINT('',#8028);
#2023=VERTEX_POINT('',#8066);
#2024=VERTEX_POINT('',#8071);
#2025=VERTEX_POINT('',#8112);
#2026=VERTEX_POINT('',#8120);
#2027=VERTEX_POINT('',#8159);
#2028=VERTEX_POINT('',#8167);
#2029=VERTEX_POINT('',#8190);
#2030=VERTEX_POINT('',#8231);
#2031=VERTEX_POINT('',#8275);
#2032=VERTEX_POINT('',#8304);
#2033=VERTEX_POINT('',#8309);
#2034=VERTEX_POINT('',#8355);
#2035=VERTEX_POINT('',#8392);
#2036=VERTEX_POINT('',#8447);
#2037=VERTEX_POINT('',#8452);
#2038=VERTEX_POINT('',#8515);
#2039=VERTEX_POINT('',#8528);
#2040=VERTEX_POINT('',#8539);
#2041=VERTEX_POINT('',#8541);
#2042=VERTEX_POINT('',#8543);
#2043=VERTEX_POINT('',#8545);
#2044=VERTEX_POINT('',#8547);
#2045=VERTEX_POINT('',#8549);
#2046=VERTEX_POINT('',#8551);
#2047=VERTEX_POINT('',#8558);
#2048=VERTEX_POINT('',#8563);
#2049=VERTEX_POINT('',#8565);
#2050=VERTEX_POINT('',#8570);
#2051=VERTEX_POINT('',#8572);
#2052=VERTEX_POINT('',#8574);
#2053=VERTEX_POINT('',#8576);
#2054=VERTEX_POINT('',#8578);
#2055=VERTEX_POINT('',#8580);
#2056=VERTEX_POINT('',#8582);
#2057=VERTEX_POINT('',#8584);
#2058=VERTEX_POINT('',#8586);
#2059=VERTEX_POINT('',#8588);
#2060=VERTEX_POINT('',#8678);
#2061=VERTEX_POINT('',#8683);
#2062=VERTEX_POINT('',#8720);
#2063=VERTEX_POINT('',#8725);
#2064=VERTEX_POINT('',#8760);
#2065=VERTEX_POINT('',#8762);
#2066=VERTEX_POINT('',#8765);
#2067=VERTEX_POINT('',#8766);
#2068=VERTEX_POINT('',#8768);
#2069=VERTEX_POINT('',#8773);
#2070=VERTEX_POINT('',#8775);
#2071=VERTEX_POINT('',#8779);
#2072=VERTEX_POINT('',#8783);
#2073=VERTEX_POINT('',#8787);
#2074=VERTEX_POINT('',#8789);
#2075=VERTEX_POINT('',#8808);
#2076=VERTEX_POINT('',#8809);
#2077=VERTEX_POINT('',#8811);
#2078=VERTEX_POINT('',#8869);
#2079=VERTEX_POINT('',#8874);
#2080=VERTEX_POINT('',#8879);
#2081=VERTEX_POINT('',#8890);
#2082=VERTEX_POINT('',#8897);
#2083=VERTEX_POINT('',#8902);
#2084=VERTEX_POINT('',#8907);
#2085=VERTEX_POINT('',#8918);
#2086=VERTEX_POINT('',#8988);
#2087=VERTEX_POINT('',#8993);
#2088=VERTEX_POINT('',#8998);
#2089=VERTEX_POINT('',#9029);
#2090=VERTEX_POINT('',#9067);
#2091=VERTEX_POINT('',#9072);
#2092=VERTEX_POINT('',#9098);
#2093=VERTEX_POINT('',#9103);
#2094=VERTEX_POINT('',#9179);
#2095=VERTEX_POINT('',#9181);
#2096=VERTEX_POINT('',#9192);
#2097=VERTEX_POINT('',#9197);
#2098=VERTEX_POINT('',#9202);
#2099=VERTEX_POINT('',#9263);
#2100=VERTEX_POINT('',#9267);
#2101=VERTEX_POINT('',#9271);
#2102=VERTEX_POINT('',#9278);
#2103=VERTEX_POINT('',#9280);
#2104=VERTEX_POINT('',#9287);
#2105=VERTEX_POINT('',#9297);
#2106=VERTEX_POINT('',#9298);
#2107=VERTEX_POINT('',#9300);
#2108=VERTEX_POINT('',#9305);
#2109=VERTEX_POINT('',#9312);
#2110=VERTEX_POINT('',#9320);
#2111=VERTEX_POINT('',#9326);
#2112=VERTEX_POINT('',#9328);
#2113=VERTEX_POINT('',#9330);
#2114=VERTEX_POINT('',#9332);
#2115=VERTEX_POINT('',#9334);
#2116=VERTEX_POINT('',#9336);
#2117=VERTEX_POINT('',#9338);
#2118=VERTEX_POINT('',#9340);
#2119=VERTEX_POINT('',#9342);
#2120=VERTEX_POINT('',#9344);
#2121=VERTEX_POINT('',#9346);
#2122=VERTEX_POINT('',#9348);
#2123=VERTEX_POINT('',#9350);
#2124=VERTEX_POINT('',#9354);
#2125=VERTEX_POINT('',#9358);
#2126=VERTEX_POINT('',#9362);
#2127=VERTEX_POINT('',#9395);
#2128=VERTEX_POINT('',#9396);
#2129=VERTEX_POINT('',#9417);
#2130=VERTEX_POINT('',#9423);
#2131=VERTEX_POINT('',#9430);
#2132=VERTEX_POINT('',#9470);
#2133=VERTEX_POINT('',#9471);
#2134=VERTEX_POINT('',#9478);
#2135=VERTEX_POINT('',#9484);
#2136=VERTEX_POINT('',#9505);
#2137=VERTEX_POINT('',#9514);
#2138=VERTEX_POINT('',#9515);
#2139=VERTEX_POINT('',#9517);
#2140=VERTEX_POINT('',#9519);
#2141=VERTEX_POINT('',#9521);
#2142=VERTEX_POINT('',#9523);
#2143=VERTEX_POINT('',#9542);
#2144=VERTEX_POINT('',#9546);
#2145=VERTEX_POINT('',#9548);
#2146=VERTEX_POINT('',#9551);
#2147=VERTEX_POINT('',#9553);
#2148=VERTEX_POINT('',#9556);
#2149=VERTEX_POINT('',#9558);
#2150=VERTEX_POINT('',#9560);
#2151=VERTEX_POINT('',#9562);
#2152=VERTEX_POINT('',#9564);
#2153=VERTEX_POINT('',#9566);
#2154=VERTEX_POINT('',#9569);
#2155=VERTEX_POINT('',#9570);
#2156=VERTEX_POINT('',#9572);
#2157=VERTEX_POINT('',#9590);
#2158=VERTEX_POINT('',#9594);
#2159=VERTEX_POINT('',#9596);
#2160=VERTEX_POINT('',#9598);
#2161=VERTEX_POINT('',#9602);
#2162=VERTEX_POINT('',#9607);
#2163=VERTEX_POINT('',#9613);
#2164=VERTEX_POINT('',#9614);
#2165=VERTEX_POINT('',#9617);
#2166=VERTEX_POINT('',#9624);
#2167=VERTEX_POINT('',#9626);
#2168=VERTEX_POINT('',#9631);
#2169=VERTEX_POINT('',#9639);
#2170=VERTEX_POINT('',#9641);
#2171=VERTEX_POINT('',#9650);
#2172=VERTEX_POINT('',#9654);
#2173=VERTEX_POINT('',#9657);
#2174=VERTEX_POINT('',#9659);
#2175=VERTEX_POINT('',#9661);
#2176=VERTEX_POINT('',#9663);
#2177=VERTEX_POINT('',#9665);
#2178=VERTEX_POINT('',#9667);
#2179=VERTEX_POINT('',#9671);
#2180=VERTEX_POINT('',#9677);
#2181=VERTEX_POINT('',#9679);
#2182=VERTEX_POINT('',#9683);
#2183=VERTEX_POINT('',#9687);
#2184=VERTEX_POINT('',#9691);
#2185=VERTEX_POINT('',#9695);
#2186=VERTEX_POINT('',#9701);
#2187=VERTEX_POINT('',#9736);
#2188=VERTEX_POINT('',#9738);
#2189=VERTEX_POINT('',#9744);
#2190=VERTEX_POINT('',#9746);
#2191=VERTEX_POINT('',#9748);
#2192=VERTEX_POINT('',#9750);
#2193=VERTEX_POINT('',#9766);
#2194=VERTEX_POINT('',#9768);
#2195=VERTEX_POINT('',#9771);
#2196=VERTEX_POINT('',#9783);
#2197=VERTEX_POINT('',#9784);
#2198=VERTEX_POINT('',#9786);
#2199=VERTEX_POINT('',#9788);
#2200=VERTEX_POINT('',#9790);
#2201=VERTEX_POINT('',#9794);
#2202=VERTEX_POINT('',#9796);
#2203=VERTEX_POINT('',#9800);
#2204=VERTEX_POINT('',#9801);
#2205=VERTEX_POINT('',#9803);
#2206=VERTEX_POINT('',#9808);
#2207=VERTEX_POINT('',#9810);
#2208=VERTEX_POINT('',#9812);
#2209=VERTEX_POINT('',#9816);
#2210=VERTEX_POINT('',#9820);
#2211=VERTEX_POINT('',#9822);
#2212=VERTEX_POINT('',#9826);
#2213=VERTEX_POINT('',#9828);
#2214=VERTEX_POINT('',#9830);
#2215=VERTEX_POINT('',#9849);
#2216=VERTEX_POINT('',#9858);
#2217=VERTEX_POINT('',#9862);
#2218=VERTEX_POINT('',#9863);
#2219=VERTEX_POINT('',#9865);
#2220=VERTEX_POINT('',#9867);
#2221=VERTEX_POINT('',#9870);
#2222=VERTEX_POINT('',#9877);
#2223=VERTEX_POINT('',#9879);
#2224=VERTEX_POINT('',#9881);
#2225=VERTEX_POINT('',#9885);
#2226=VERTEX_POINT('',#9894);
#2227=VERTEX_POINT('',#9896);
#2228=VERTEX_POINT('',#9899);
#2229=VERTEX_POINT('',#9901);
#2230=VERTEX_POINT('',#9904);
#2231=VERTEX_POINT('',#9906);
#2232=VERTEX_POINT('',#9912);
#2233=VERTEX_POINT('',#9913);
#2234=VERTEX_POINT('',#9915);
#2235=VERTEX_POINT('',#9917);
#2236=VERTEX_POINT('',#9919);
#2237=VERTEX_POINT('',#9921);
#2238=VERTEX_POINT('',#9933);
#2239=VERTEX_POINT('',#9934);
#2240=VERTEX_POINT('',#9936);
#2241=VERTEX_POINT('',#9938);
#2242=VERTEX_POINT('',#9940);
#2243=VERTEX_POINT('',#9942);
#2244=VERTEX_POINT('',#10174);
#2245=VERTEX_POINT('',#10209);
#2246=VERTEX_POINT('',#10222);
#2247=VERTEX_POINT('',#10239);
#2248=VERTEX_POINT('',#10256);
#2249=VERTEX_POINT('',#10271);
#2250=VERTEX_POINT('',#10288);
#2251=VERTEX_POINT('',#10289);
#2252=VERTEX_POINT('',#10320);
#2253=VERTEX_POINT('',#10322);
#2254=VERTEX_POINT('',#10326);
#2255=VERTEX_POINT('',#10330);
#2256=VERTEX_POINT('',#10337);
#2257=VERTEX_POINT('',#10339);
#2258=VERTEX_POINT('',#10343);
#2259=VERTEX_POINT('',#10347);
#2260=VERTEX_POINT('',#10355);
#2261=VERTEX_POINT('',#10356);
#2262=VERTEX_POINT('',#10358);
#2263=VERTEX_POINT('',#10360);
#2264=VERTEX_POINT('',#10362);
#2265=VERTEX_POINT('',#10366);
#2266=VERTEX_POINT('',#10367);
#2267=VERTEX_POINT('',#10372);
#2268=VERTEX_POINT('',#10376);
#2269=VERTEX_POINT('',#10378);
#2270=VERTEX_POINT('',#10382);
#2271=VERTEX_POINT('',#10383);
#2272=VERTEX_POINT('',#10386);
#2273=VERTEX_POINT('',#10388);
#2274=VERTEX_POINT('',#10390);
#2275=VERTEX_POINT('',#10393);
#2276=VERTEX_POINT('',#10414);
#2277=VERTEX_POINT('',#10416);
#2278=VERTEX_POINT('',#10418);
#2279=VERTEX_POINT('',#10420);
#2280=VERTEX_POINT('',#10422);
#2281=VERTEX_POINT('',#10424);
#2282=VERTEX_POINT('',#10428);
#2283=VERTEX_POINT('',#10432);
#2284=VERTEX_POINT('',#10440);
#2285=VERTEX_POINT('',#10442);
#2286=VERTEX_POINT('',#10446);
#2287=VERTEX_POINT('',#10448);
#2288=VERTEX_POINT('',#10452);
#2289=VERTEX_POINT('',#10456);
#2290=VERTEX_POINT('',#10462);
#2291=VERTEX_POINT('',#10466);
#2292=EDGE_CURVE('',#1827,#1828,#1093,.T.);
#2293=EDGE_CURVE('',#1827,#1829,#1094,.T.);
#2294=EDGE_CURVE('',#1829,#1830,#1095,.T.);
#2295=EDGE_CURVE('',#1828,#1830,#1096,.T.);
#2296=EDGE_CURVE('',#1831,#1827,#265,.T.);
#2297=EDGE_CURVE('',#1831,#1832,#1097,.T.);
#2298=EDGE_CURVE('',#1832,#1829,#266,.T.);
#2299=EDGE_CURVE('',#1833,#1831,#267,.T.);
#2300=EDGE_CURVE('',#1833,#1834,#1098,.T.);
#2301=EDGE_CURVE('',#1834,#1832,#268,.T.);
#2302=EDGE_CURVE('',#1835,#1833,#269,.T.);
#2303=EDGE_CURVE('',#1835,#1836,#1099,.T.);
#2304=EDGE_CURVE('',#1836,#1834,#270,.T.);
#2305=EDGE_CURVE('',#1837,#1835,#271,.T.);
#2306=EDGE_CURVE('',#1837,#1838,#1100,.T.);
#2307=EDGE_CURVE('',#1838,#1836,#272,.T.);
#2308=EDGE_CURVE('',#1839,#1837,#273,.T.);
#2309=EDGE_CURVE('',#1839,#1840,#1101,.T.);
#2310=EDGE_CURVE('',#1840,#1838,#274,.T.);
#2311=EDGE_CURVE('',#1841,#1839,#1102,.T.);
#2312=EDGE_CURVE('',#1841,#1842,#1103,.T.);
#2313=EDGE_CURVE('',#1842,#1840,#1104,.T.);
#2314=EDGE_CURVE('',#1828,#1841,#1105,.T.);
#2315=EDGE_CURVE('',#1830,#1842,#1106,.T.);
#2316=EDGE_CURVE('',#1843,#1844,#1107,.T.);
#2317=EDGE_CURVE('',#1843,#1845,#1108,.T.);
#2318=EDGE_CURVE('',#1845,#1846,#1109,.T.);
#2319=EDGE_CURVE('',#1844,#1846,#1110,.T.);
#2320=EDGE_CURVE('',#1847,#1843,#1111,.T.);
#2321=EDGE_CURVE('',#1847,#1848,#1112,.T.);
#2322=EDGE_CURVE('',#1848,#1845,#1113,.T.);
#2323=EDGE_CURVE('',#1849,#1847,#275,.T.);
#2324=EDGE_CURVE('',#1849,#1850,#1114,.T.);
#2325=EDGE_CURVE('',#1850,#1848,#276,.T.);
#2326=EDGE_CURVE('',#1851,#1849,#277,.T.);
#2327=EDGE_CURVE('',#1851,#1852,#1115,.T.);
#2328=EDGE_CURVE('',#1852,#1850,#278,.T.);
#2329=EDGE_CURVE('',#1853,#1851,#279,.T.);
#2330=EDGE_CURVE('',#1853,#1854,#1116,.T.);
#2331=EDGE_CURVE('',#1854,#1852,#280,.T.);
#2332=EDGE_CURVE('',#1855,#1853,#281,.T.);
#2333=EDGE_CURVE('',#1855,#1856,#1117,.T.);
#2334=EDGE_CURVE('',#1856,#1854,#282,.T.);
#2335=EDGE_CURVE('',#1857,#1855,#283,.T.);
#2336=EDGE_CURVE('',#1857,#1858,#1118,.T.);
#2337=EDGE_CURVE('',#1858,#1856,#284,.T.);
#2338=EDGE_CURVE('',#1859,#1857,#285,.T.);
#2339=EDGE_CURVE('',#1859,#1860,#1119,.T.);
#2340=EDGE_CURVE('',#1860,#1858,#286,.T.);
#2341=EDGE_CURVE('',#1861,#1859,#1120,.T.);
#2342=EDGE_CURVE('',#1861,#1862,#1121,.T.);
#2343=EDGE_CURVE('',#1862,#1860,#1122,.T.);
#2344=EDGE_CURVE('',#1863,#1861,#1123,.T.);
#2345=EDGE_CURVE('',#1863,#1864,#1124,.T.);
#2346=EDGE_CURVE('',#1864,#1862,#1125,.T.);
#2347=EDGE_CURVE('',#1844,#1863,#1126,.T.);
#2348=EDGE_CURVE('',#1846,#1864,#1127,.T.);
#2349=EDGE_CURVE('',#1865,#1866,#1128,.T.);
#2350=EDGE_CURVE('',#1865,#1867,#1129,.T.);
#2351=EDGE_CURVE('',#1867,#1868,#1130,.T.);
#2352=EDGE_CURVE('',#1866,#1868,#1131,.T.);
#2353=EDGE_CURVE('',#1869,#1865,#1132,.T.);
#2354=EDGE_CURVE('',#1869,#1870,#1133,.T.);
#2355=EDGE_CURVE('',#1870,#1867,#1134,.T.);
#2356=EDGE_CURVE('',#1871,#1869,#1135,.T.);
#2357=EDGE_CURVE('',#1871,#1872,#1136,.T.);
#2358=EDGE_CURVE('',#1872,#1870,#1137,.T.);
#2359=EDGE_CURVE('',#1866,#1871,#1138,.T.);
#2360=EDGE_CURVE('',#1868,#1872,#1139,.T.);
#2361=EDGE_CURVE('',#1873,#1874,#1140,.T.);
#2362=EDGE_CURVE('',#1873,#1875,#1141,.T.);
#2363=EDGE_CURVE('',#1875,#1876,#1142,.T.);
#2364=EDGE_CURVE('',#1874,#1876,#1143,.T.);
#2365=EDGE_CURVE('',#1877,#1873,#287,.T.);
#2366=EDGE_CURVE('',#1877,#1878,#1144,.T.);
#2367=EDGE_CURVE('',#1878,#1875,#288,.T.);
#2368=EDGE_CURVE('',#1879,#1877,#289,.T.);
#2369=EDGE_CURVE('',#1879,#1880,#1145,.T.);
#2370=EDGE_CURVE('',#1880,#1878,#290,.T.);
#2371=EDGE_CURVE('',#1881,#1879,#291,.T.);
#2372=EDGE_CURVE('',#1881,#1882,#1146,.T.);
#2373=EDGE_CURVE('',#1882,#1880,#292,.T.);
#2374=EDGE_CURVE('',#1883,#1881,#293,.T.);
#2375=EDGE_CURVE('',#1883,#1884,#1147,.T.);
#2376=EDGE_CURVE('',#1884,#1882,#294,.T.);
#2377=EDGE_CURVE('',#1885,#1883,#295,.T.);
#2378=EDGE_CURVE('',#1885,#1886,#1148,.T.);
#2379=EDGE_CURVE('',#1886,#1884,#296,.T.);
#2380=EDGE_CURVE('',#1887,#1885,#1149,.T.);
#2381=EDGE_CURVE('',#1887,#1888,#1150,.T.);
#2382=EDGE_CURVE('',#1888,#1886,#1151,.T.);
#2383=EDGE_CURVE('',#1874,#1887,#1152,.T.);
#2384=EDGE_CURVE('',#1876,#1888,#1153,.T.);
#2385=EDGE_CURVE('',#1889,#1890,#1154,.T.);
#2386=EDGE_CURVE('',#1889,#1891,#1155,.T.);
#2387=EDGE_CURVE('',#1891,#1892,#1156,.T.);
#2388=EDGE_CURVE('',#1890,#1892,#1157,.T.);
#2389=EDGE_CURVE('',#1893,#1889,#1158,.T.);
#2390=EDGE_CURVE('',#1893,#1894,#1159,.T.);
#2391=EDGE_CURVE('',#1894,#1891,#1160,.T.);
#2392=EDGE_CURVE('',#1895,#1893,#297,.T.);
#2393=EDGE_CURVE('',#1895,#1896,#1161,.T.);
#2394=EDGE_CURVE('',#1896,#1894,#298,.T.);
#2395=EDGE_CURVE('',#1897,#1895,#299,.T.);
#2396=EDGE_CURVE('',#1897,#1898,#1162,.T.);
#2397=EDGE_CURVE('',#1898,#1896,#300,.T.);
#2398=EDGE_CURVE('',#1899,#1897,#301,.T.);
#2399=EDGE_CURVE('',#1899,#1900,#1163,.T.);
#2400=EDGE_CURVE('',#1900,#1898,#302,.T.);
#2401=EDGE_CURVE('',#1901,#1899,#303,.T.);
#2402=EDGE_CURVE('',#1901,#1902,#1164,.T.);
#2403=EDGE_CURVE('',#1902,#1900,#304,.T.);
#2404=EDGE_CURVE('',#1903,#1901,#1165,.T.);
#2405=EDGE_CURVE('',#1903,#1904,#1166,.T.);
#2406=EDGE_CURVE('',#1904,#1902,#1167,.T.);
#2407=EDGE_CURVE('',#1905,#1903,#1168,.T.);
#2408=EDGE_CURVE('',#1905,#1906,#1169,.T.);
#2409=EDGE_CURVE('',#1906,#1904,#1170,.T.);
#2410=EDGE_CURVE('',#1907,#1905,#1171,.T.);
#2411=EDGE_CURVE('',#1907,#1908,#1172,.T.);
#2412=EDGE_CURVE('',#1908,#1906,#1173,.T.);
#2413=EDGE_CURVE('',#1909,#1907,#305,.T.);
#2414=EDGE_CURVE('',#1909,#1910,#1174,.T.);
#2415=EDGE_CURVE('',#1910,#1908,#306,.T.);
#2416=EDGE_CURVE('',#1911,#1909,#307,.T.);
#2417=EDGE_CURVE('',#1911,#1912,#1175,.T.);
#2418=EDGE_CURVE('',#1912,#1910,#308,.T.);
#2419=EDGE_CURVE('',#1913,#1911,#309,.T.);
#2420=EDGE_CURVE('',#1913,#1914,#1176,.T.);
#2421=EDGE_CURVE('',#1914,#1912,#310,.T.);
#2422=EDGE_CURVE('',#1915,#1913,#311,.T.);
#2423=EDGE_CURVE('',#1915,#1916,#1177,.T.);
#2424=EDGE_CURVE('',#1916,#1914,#312,.T.);
#2425=EDGE_CURVE('',#1917,#1915,#313,.T.);
#2426=EDGE_CURVE('',#1917,#1918,#1178,.T.);
#2427=EDGE_CURVE('',#1918,#1916,#314,.T.);
#2428=EDGE_CURVE('',#1919,#1917,#315,.T.);
#2429=EDGE_CURVE('',#1919,#1920,#1179,.T.);
#2430=EDGE_CURVE('',#1920,#1918,#316,.T.);
#2431=EDGE_CURVE('',#1921,#1919,#317,.T.);
#2432=EDGE_CURVE('',#1921,#1922,#1180,.T.);
#2433=EDGE_CURVE('',#1922,#1920,#318,.T.);
#2434=EDGE_CURVE('',#1923,#1921,#1181,.T.);
#2435=EDGE_CURVE('',#1923,#1924,#1182,.T.);
#2436=EDGE_CURVE('',#1924,#1922,#1183,.T.);
#2437=EDGE_CURVE('',#1925,#1923,#1184,.T.);
#2438=EDGE_CURVE('',#1925,#1926,#1185,.T.);
#2439=EDGE_CURVE('',#1926,#1924,#1186,.T.);
#2440=EDGE_CURVE('',#1890,#1925,#1187,.T.);
#2441=EDGE_CURVE('',#1892,#1926,#1188,.T.);
#2442=EDGE_CURVE('',#1927,#1928,#1189,.T.);
#2443=EDGE_CURVE('',#1927,#1929,#1190,.T.);
#2444=EDGE_CURVE('',#1929,#1930,#1191,.T.);
#2445=EDGE_CURVE('',#1928,#1930,#1192,.T.);
#2446=EDGE_CURVE('',#1931,#1927,#1193,.T.);
#2447=EDGE_CURVE('',#1931,#1932,#1194,.T.);
#2448=EDGE_CURVE('',#1932,#1929,#1195,.T.);
#2449=EDGE_CURVE('',#1933,#1931,#1196,.T.);
#2450=EDGE_CURVE('',#1933,#1934,#1197,.T.);
#2451=EDGE_CURVE('',#1934,#1932,#1198,.T.);
#2452=EDGE_CURVE('',#1935,#1933,#1199,.T.);
#2453=EDGE_CURVE('',#1935,#1936,#1200,.T.);
#2454=EDGE_CURVE('',#1936,#1934,#1201,.T.);
#2455=EDGE_CURVE('',#1937,#1935,#1202,.T.);
#2456=EDGE_CURVE('',#1937,#1938,#1203,.T.);
#2457=EDGE_CURVE('',#1938,#1936,#1204,.T.);
#2458=EDGE_CURVE('',#1939,#1937,#1205,.T.);
#2459=EDGE_CURVE('',#1939,#1940,#1206,.T.);
#2460=EDGE_CURVE('',#1940,#1938,#1207,.T.);
#2461=EDGE_CURVE('',#1941,#1939,#1208,.T.);
#2462=EDGE_CURVE('',#1941,#1942,#1209,.T.);
#2463=EDGE_CURVE('',#1942,#1940,#1210,.T.);
#2464=EDGE_CURVE('',#1928,#1941,#1211,.T.);
#2465=EDGE_CURVE('',#1930,#1942,#1212,.T.);
#2466=EDGE_CURVE('',#1943,#1944,#319,.T.);
#2467=EDGE_CURVE('',#1943,#1945,#1213,.T.);
#2468=EDGE_CURVE('',#1945,#1946,#1214,.T.);
#2469=EDGE_CURVE('',#1947,#1946,#126,.T.);
#2470=EDGE_CURVE('',#1948,#1947,#1215,.T.);
#2471=EDGE_CURVE('',#1949,#1948,#127,.T.);
#2472=EDGE_CURVE('',#1949,#1950,#1216,.T.);
#2473=EDGE_CURVE('',#1951,#1950,#1217,.T.);
#2474=EDGE_CURVE('',#1952,#1951,#320,.T.);
#2475=EDGE_CURVE('',#1953,#1952,#321,.T.);
#2476=EDGE_CURVE('',#1953,#1954,#128,.T.);
#2477=EDGE_CURVE('',#1954,#1955,#1218,.T.);
#2478=EDGE_CURVE('',#1955,#1956,#129,.T.);
#2479=EDGE_CURVE('',#1944,#1956,#322,.T.);
#2480=EDGE_CURVE('',#1957,#1958,#323,.T.);
#2481=EDGE_CURVE('',#1959,#1957,#1219,.T.);
#2482=EDGE_CURVE('',#1960,#1959,#324,.T.);
#2483=EDGE_CURVE('',#1958,#1960,#1220,.T.);
#2484=EDGE_CURVE('',#1961,#1962,#130,.T.);
#2485=EDGE_CURVE('',#1963,#1961,#1221,.T.);
#2486=EDGE_CURVE('',#1964,#1963,#131,.T.);
#2487=EDGE_CURVE('',#1962,#1964,#1222,.T.);
#2488=EDGE_CURVE('',#1965,#1957,#325,.T.);
#2489=EDGE_CURVE('',#1966,#1965,#1223,.T.);
#2490=EDGE_CURVE('',#1959,#1966,#326,.T.);
#2491=EDGE_CURVE('',#1967,#1965,#327,.T.);
#2492=EDGE_CURVE('',#1968,#1967,#328,.T.);
#2493=EDGE_CURVE('',#1969,#1968,#329,.T.);
#2494=EDGE_CURVE('',#1962,#1969,#330,.T.);
#2495=EDGE_CURVE('',#1970,#1964,#331,.T.);
#2496=EDGE_CURVE('',#1971,#1970,#332,.T.);
#2497=EDGE_CURVE('',#1972,#1971,#333,.T.);
#2498=EDGE_CURVE('',#1966,#1972,#334,.T.);
#2499=EDGE_CURVE('',#1973,#1960,#1224,.T.);
#2500=EDGE_CURVE('',#1974,#1973,#132,.T.);
#2501=EDGE_CURVE('',#1974,#1958,#1225,.T.);
#2502=EDGE_CURVE('',#1972,#1975,#335,.F.);
#2503=EDGE_CURVE('',#1975,#1976,#336,.T.);
#2504=EDGE_CURVE('',#1977,#1976,#337,.T.);
#2505=EDGE_CURVE('',#1977,#1978,#338,.T.);
#2506=EDGE_CURVE('',#1979,#1978,#339,.T.);
#2507=EDGE_CURVE('',#1979,#1980,#340,.T.);
#2508=EDGE_CURVE('',#1981,#1980,#341,.T.);
#2509=EDGE_CURVE('',#1982,#1981,#342,.T.);
#2510=EDGE_CURVE('',#1983,#1982,#343,.T.);
#2511=EDGE_CURVE('',#1973,#1983,#344,.T.);
#2512=EDGE_CURVE('',#1984,#1971,#1226,.T.);
#2513=EDGE_CURVE('',#1975,#1984,#133,.T.);
#2514=EDGE_CURVE('',#1970,#1985,#1227,.T.);
#2515=EDGE_CURVE('',#1986,#1985,#1228,.T.);
#2516=EDGE_CURVE('',#1986,#1984,#1229,.T.);
#2517=EDGE_CURVE('',#1987,#1963,#1230,.T.);
#2518=EDGE_CURVE('',#1988,#1987,#134,.T.);
#2519=EDGE_CURVE('',#1989,#1988,#1231,.T.);
#2520=EDGE_CURVE('',#1985,#1989,#135,.T.);
#2521=EDGE_CURVE('',#1990,#1991,#136,.T.);
#2522=EDGE_CURVE('',#1991,#1952,#345,.T.);
#2523=EDGE_CURVE('',#1952,#1990,#346,.T.);
#2524=EDGE_CURVE('',#1992,#1993,#137,.T.);
#2525=EDGE_CURVE('',#1993,#1991,#347,.T.);
#2526=EDGE_CURVE('',#1990,#1992,#348,.T.);
#2527=EDGE_CURVE('',#1992,#1994,#349,.T.);
#2528=EDGE_CURVE('',#1994,#1995,#138,.T.);
#2529=EDGE_CURVE('',#1995,#1993,#350,.T.);
#2530=EDGE_CURVE('',#1994,#1996,#351,.T.);
#2531=EDGE_CURVE('',#1996,#1997,#139,.T.);
#2532=EDGE_CURVE('',#1997,#1995,#352,.T.);
#2533=EDGE_CURVE('',#1998,#1999,#140,.T.);
#2534=EDGE_CURVE('',#1999,#1997,#141,.T.);
#2535=EDGE_CURVE('',#1996,#1998,#142,.T.);
#2536=EDGE_CURVE('',#1998,#2000,#353,.T.);
#2537=EDGE_CURVE('',#2000,#2001,#143,.T.);
#2538=EDGE_CURVE('',#2001,#1999,#354,.T.);
#2539=EDGE_CURVE('',#2002,#2003,#144,.T.);
#2540=EDGE_CURVE('',#2003,#2001,#355,.T.);
#2541=EDGE_CURVE('',#2000,#2002,#356,.T.);
#2542=EDGE_CURVE('',#2004,#2005,#145,.T.);
#2543=EDGE_CURVE('',#2005,#2003,#357,.T.);
#2544=EDGE_CURVE('',#2002,#2004,#358,.T.);
#2545=EDGE_CURVE('',#2006,#2007,#146,.T.);
#2546=EDGE_CURVE('',#2007,#2005,#359,.T.);
#2547=EDGE_CURVE('',#2004,#2006,#360,.T.);
#2548=EDGE_CURVE('',#2006,#2008,#361,.T.);
#2549=EDGE_CURVE('',#2008,#2007,#362,.T.);
#2550=EDGE_CURVE('',#2006,#2009,#363,.T.);
#2551=EDGE_CURVE('',#2010,#2009,#147,.T.);
#2552=EDGE_CURVE('',#2010,#2008,#364,.T.);
#2553=EDGE_CURVE('',#2011,#2002,#1232,.T.);
#2554=EDGE_CURVE('',#2012,#2011,#365,.T.);
#2555=EDGE_CURVE('',#2013,#2012,#366,.T.);
#2556=EDGE_CURVE('',#2014,#2013,#367,.T.);
#2557=EDGE_CURVE('',#2009,#2014,#368,.T.);
#2558=EDGE_CURVE('',#2015,#2000,#1233,.T.);
#2559=EDGE_CURVE('',#2016,#2015,#1234,.T.);
#2560=EDGE_CURVE('',#2011,#2016,#369,.T.);
#2561=EDGE_CURVE('',#2017,#1994,#1235,.T.);
#2562=EDGE_CURVE('',#2017,#2018,#148,.T.);
#2563=EDGE_CURVE('',#2018,#2019,#1236,.T.);
#2564=EDGE_CURVE('',#2019,#2015,#149,.T.);
#2565=EDGE_CURVE('',#2020,#1990,#370,.T.);
#2566=EDGE_CURVE('',#2017,#2020,#371,.T.);
#2567=EDGE_CURVE('',#1951,#2020,#372,.T.);
#2568=EDGE_CURVE('',#2021,#2022,#150,.T.);
#2569=EDGE_CURVE('',#2022,#1944,#373,.T.);
#2570=EDGE_CURVE('',#1944,#2021,#374,.T.);
#2571=EDGE_CURVE('',#2021,#2023,#375,.T.);
#2572=EDGE_CURVE('',#2023,#2024,#151,.T.);
#2573=EDGE_CURVE('',#2024,#2022,#376,.T.);
#2574=EDGE_CURVE('',#2023,#2025,#377,.T.);
#2575=EDGE_CURVE('',#2025,#2026,#152,.T.);
#2576=EDGE_CURVE('',#2026,#2024,#378,.T.);
#2577=EDGE_CURVE('',#2025,#1974,#379,.T.);
#2578=EDGE_CURVE('',#1974,#2027,#153,.T.);
#2579=EDGE_CURVE('',#2027,#2026,#380,.T.);
#2580=EDGE_CURVE('',#1973,#2028,#154,.T.);
#2581=EDGE_CURVE('',#2028,#2027,#155,.T.);
#2582=EDGE_CURVE('',#1983,#2029,#156,.T.);
#2583=EDGE_CURVE('',#2029,#2028,#381,.T.);
#2584=EDGE_CURVE('',#1982,#2030,#157,.T.);
#2585=EDGE_CURVE('',#2030,#2029,#382,.T.);
#2586=EDGE_CURVE('',#1981,#2031,#158,.T.);
#2587=EDGE_CURVE('',#2031,#2030,#383,.T.);
#2588=EDGE_CURVE('',#1981,#2032,#384,.T.);
#2589=EDGE_CURVE('',#2032,#2033,#159,.T.);
#2590=EDGE_CURVE('',#2033,#2031,#385,.T.);
#2591=EDGE_CURVE('',#2032,#2034,#386,.T.);
#2592=EDGE_CURVE('',#2034,#2033,#387,.T.);
#2593=EDGE_CURVE('',#1980,#2035,#388,.T.);
#2594=EDGE_CURVE('',#2035,#2034,#389,.T.);
#2595=EDGE_CURVE('',#2036,#2023,#390,.T.);
#2596=EDGE_CURVE('',#2036,#2037,#391,.T.);
#2597=EDGE_CURVE('',#2037,#1967,#392,.T.);
#2598=EDGE_CURVE('',#1956,#2036,#393,.T.);
#2599=EDGE_CURVE('',#2022,#2038,#394,.T.);
#2600=EDGE_CURVE('',#2038,#1943,#395,.T.);
#2601=EDGE_CURVE('',#2039,#2038,#396,.T.);
#2602=EDGE_CURVE('',#2040,#2039,#160,.T.);
#2603=EDGE_CURVE('',#2041,#2040,#1237,.T.);
#2604=EDGE_CURVE('',#2042,#2041,#1238,.T.);
#2605=EDGE_CURVE('',#2043,#2042,#161,.T.);
#2606=EDGE_CURVE('',#2044,#2043,#1239,.T.);
#2607=EDGE_CURVE('',#2045,#2044,#1240,.T.);
#2608=EDGE_CURVE('',#2046,#2045,#397,.T.);
#2609=EDGE_CURVE('',#2047,#2046,#398,.T.);
#2610=EDGE_CURVE('',#2047,#2048,#1241,.T.);
#2611=EDGE_CURVE('',#2048,#2049,#399,.T.);
#2612=EDGE_CURVE('',#2049,#2050,#1242,.T.);
#2613=EDGE_CURVE('',#2050,#2051,#1243,.T.);
#2614=EDGE_CURVE('',#2051,#2052,#1244,.T.);
#2615=EDGE_CURVE('',#2052,#2053,#162,.T.);
#2616=EDGE_CURVE('',#2053,#2054,#1245,.T.);
#2617=EDGE_CURVE('',#2054,#2055,#163,.T.);
#2618=EDGE_CURVE('',#2055,#2056,#1246,.T.);
#2619=EDGE_CURVE('',#2056,#2057,#164,.T.);
#2620=EDGE_CURVE('',#2057,#2058,#1247,.T.);
#2621=EDGE_CURVE('',#2058,#2059,#1248,.T.);
#2622=EDGE_CURVE('',#2059,#1945,#400,.T.);
#2623=EDGE_CURVE('',#2026,#2039,#1249,.T.);
#2624=EDGE_CURVE('',#2008,#2060,#401,.T.);
#2625=EDGE_CURVE('',#2060,#2061,#402,.T.);
#2626=EDGE_CURVE('',#2061,#2005,#403,.T.);
#2627=EDGE_CURVE('',#2034,#2062,#404,.T.);
#2628=EDGE_CURVE('',#2062,#2063,#165,.T.);
#2629=EDGE_CURVE('',#2063,#2033,#405,.T.);
#2630=EDGE_CURVE('',#2062,#2010,#406,.T.);
#2631=EDGE_CURVE('',#2009,#2063,#407,.T.);
#2632=EDGE_CURVE('',#2035,#2064,#166,.T.);
#2633=EDGE_CURVE('',#2065,#2064,#1250,.T.);
#2634=EDGE_CURVE('',#2065,#2060,#167,.T.);
#2635=EDGE_CURVE('',#2066,#2067,#1251,.T.);
#2636=EDGE_CURVE('',#2068,#2067,#408,.T.);
#2637=EDGE_CURVE('',#2069,#2068,#168,.T.);
#2638=EDGE_CURVE('',#2070,#2069,#1252,.T.);
#2639=EDGE_CURVE('',#2066,#2070,#169,.T.);
#2640=EDGE_CURVE('',#2071,#1979,#170,.T.);
#2641=EDGE_CURVE('',#2064,#2071,#1253,.T.);
#2642=EDGE_CURVE('',#2072,#2037,#171,.T.);
#2643=EDGE_CURVE('',#2072,#1968,#1254,.T.);
#2644=EDGE_CURVE('',#2073,#2072,#1255,.T.);
#2645=EDGE_CURVE('',#2074,#2073,#1256,.T.);
#2646=EDGE_CURVE('',#1969,#2074,#1257,.T.);
#2647=EDGE_CURVE('',#2075,#2076,#172,.T.);
#2648=EDGE_CURVE('',#2077,#2075,#409,.F.);
#2649=EDGE_CURVE('',#2076,#2077,#1258,.T.);
#2650=EDGE_CURVE('',#2061,#2078,#410,.F.);
#2651=EDGE_CURVE('',#2079,#2078,#411,.T.);
#2652=EDGE_CURVE('',#2079,#2080,#412,.T.);
#2653=EDGE_CURVE('',#2081,#2080,#413,.T.);
#2654=EDGE_CURVE('',#2081,#2082,#414,.T.);
#2655=EDGE_CURVE('',#2082,#2083,#415,.T.);
#2656=EDGE_CURVE('',#2083,#2084,#416,.T.);
#2657=EDGE_CURVE('',#2084,#2085,#417,.T.);
#2658=EDGE_CURVE('',#1999,#2085,#1259,.T.);
#2659=EDGE_CURVE('',#2086,#2014,#418,.T.);
#2660=EDGE_CURVE('',#2087,#2086,#419,.T.);
#2661=EDGE_CURVE('',#2088,#2087,#420,.T.);
#2662=EDGE_CURVE('',#2088,#2013,#421,.T.);
#2663=EDGE_CURVE('',#2047,#2012,#1260,.T.);
#2664=EDGE_CURVE('',#2089,#2047,#422,.T.);
#2665=EDGE_CURVE('',#2089,#2090,#423,.T.);
#2666=EDGE_CURVE('',#2090,#2091,#424,.T.);
#2667=EDGE_CURVE('',#2092,#2091,#425,.T.);
#2668=EDGE_CURVE('',#2093,#2092,#426,.T.);
#2669=EDGE_CURVE('',#2063,#2093,#427,.T.);
#2670=EDGE_CURVE('',#2093,#2089,#428,.T.);
#2671=EDGE_CURVE('',#2046,#2030,#1261,.T.);
#2672=EDGE_CURVE('',#1997,#2094,#1262,.T.);
#2673=EDGE_CURVE('',#2094,#2095,#429,.T.);
#2674=EDGE_CURVE('',#2095,#2096,#430,.T.);
#2675=EDGE_CURVE('',#2096,#2097,#431,.T.);
#2676=EDGE_CURVE('',#2097,#2098,#432,.T.);
#2677=EDGE_CURVE('',#1993,#2098,#433,.T.);
#2678=EDGE_CURVE('',#2098,#1953,#434,.T.);
#2679=EDGE_CURVE('',#2085,#2094,#1263,.T.);
#2680=EDGE_CURVE('',#2099,#2045,#1264,.T.);
#2681=EDGE_CURVE('',#2029,#2099,#1265,.T.);
#2682=EDGE_CURVE('',#2100,#1978,#53,.T.);
#2683=EDGE_CURVE('',#2100,#2101,#173,.T.);
#2684=EDGE_CURVE('',#2101,#2071,#435,.T.);
#2685=EDGE_CURVE('',#2101,#2102,#1266,.T.);
#2686=EDGE_CURVE('',#2102,#2103,#436,.T.);
#2687=EDGE_CURVE('',#2103,#2071,#1267,.T.);
#2688=EDGE_CURVE('',#2102,#2104,#174,.T.);
#2689=EDGE_CURVE('',#2104,#2079,#54,.F.);
#2690=EDGE_CURVE('',#2078,#2103,#175,.T.);
#2691=EDGE_CURVE('',#2103,#2065,#1268,.T.);
#2692=EDGE_CURVE('',#2105,#2106,#1269,.T.);
#2693=EDGE_CURVE('',#2106,#2107,#437,.T.);
#2694=EDGE_CURVE('',#2107,#2108,#1270,.T.);
#2695=EDGE_CURVE('',#2108,#2105,#438,.T.);
#2696=EDGE_CURVE('',#2106,#2109,#176,.T.);
#2697=EDGE_CURVE('',#2109,#1977,#55,.F.);
#2698=EDGE_CURVE('',#1976,#2107,#177,.T.);
#2699=EDGE_CURVE('',#2108,#2081,#178,.T.);
#2700=EDGE_CURVE('',#2110,#2080,#56,.T.);
#2701=EDGE_CURVE('',#2110,#2105,#179,.T.);
#2702=EDGE_CURVE('',#2111,#2110,#1271,.T.);
#2703=EDGE_CURVE('',#2111,#2112,#180,.T.);
#2704=EDGE_CURVE('',#2112,#2113,#1272,.T.);
#2705=EDGE_CURVE('',#2114,#2113,#15,.T.);
#2706=EDGE_CURVE('',#2115,#2114,#1273,.T.);
#2707=EDGE_CURVE('',#2115,#2116,#16,.F.);
#2708=EDGE_CURVE('',#2116,#2117,#1274,.T.);
#2709=EDGE_CURVE('',#2118,#2117,#181,.T.);
#2710=EDGE_CURVE('',#2119,#2118,#1275,.T.);
#2711=EDGE_CURVE('',#2120,#2119,#17,.T.);
#2712=EDGE_CURVE('',#2121,#2120,#18,.T.);
#2713=EDGE_CURVE('',#2122,#2121,#1276,.T.);
#2714=EDGE_CURVE('',#2122,#2123,#182,.T.);
#2715=EDGE_CURVE('',#2123,#2109,#1277,.T.);
#2716=EDGE_CURVE('',#2124,#2099,#183,.T.);
#2717=EDGE_CURVE('',#2124,#2040,#1278,.T.);
#2718=EDGE_CURVE('',#2097,#2125,#184,.T.);
#2719=EDGE_CURVE('',#1954,#2125,#1279,.T.);
#2720=EDGE_CURVE('',#2126,#1955,#1280,.T.);
#2721=EDGE_CURVE('',#2126,#2072,#185,.T.);
#2722=EDGE_CURVE('',#2127,#2128,#439,.T.);
#2723=EDGE_CURVE('',#2127,#2129,#440,.T.);
#2724=EDGE_CURVE('',#2129,#2130,#441,.T.);
#2725=EDGE_CURVE('',#2131,#2130,#442,.T.);
#2726=EDGE_CURVE('',#2131,#2128,#186,.T.);
#2727=EDGE_CURVE('',#2132,#2133,#443,.T.);
#2728=EDGE_CURVE('',#2133,#2134,#444,.T.);
#2729=EDGE_CURVE('',#2134,#2135,#445,.F.);
#2730=EDGE_CURVE('',#2136,#2135,#187,.T.);
#2731=EDGE_CURVE('',#2136,#2132,#446,.F.);
#2732=EDGE_CURVE('',#2137,#2138,#19,.T.);
#2733=EDGE_CURVE('',#2137,#2139,#1281,.F.);
#2734=EDGE_CURVE('',#2140,#2139,#188,.T.);
#2735=EDGE_CURVE('',#2140,#2141,#1282,.T.);
#2736=EDGE_CURVE('',#2141,#2142,#447,.F.);
#2737=EDGE_CURVE('',#2142,#2138,#1283,.T.);
#2738=EDGE_CURVE('',#2142,#2143,#189,.T.);
#2739=EDGE_CURVE('',#2143,#2138,#1284,.T.);
#2740=EDGE_CURVE('',#2144,#2140,#1285,.T.);
#2741=EDGE_CURVE('',#2145,#2144,#1286,.T.);
#2742=EDGE_CURVE('',#2052,#2145,#1287,.T.);
#2743=EDGE_CURVE('',#2146,#2051,#1288,.T.);
#2744=EDGE_CURVE('',#2147,#2146,#1289,.T.);
#2745=EDGE_CURVE('',#2147,#2141,#1290,.T.);
#2746=EDGE_CURVE('',#2148,#2148,#190,.T.);
#2747=EDGE_CURVE('',#2149,#2149,#191,.T.);
#2748=EDGE_CURVE('',#2150,#2150,#192,.T.);
#2749=EDGE_CURVE('',#2151,#2151,#193,.T.);
#2750=EDGE_CURVE('',#2152,#2152,#194,.T.);
#2751=EDGE_CURVE('',#2153,#2153,#195,.T.);
#2752=EDGE_CURVE('',#2154,#2155,#20,.F.);
#2753=EDGE_CURVE('',#2155,#2156,#1291,.T.);
#2754=EDGE_CURVE('',#2156,#2145,#448,.F.);
#2755=EDGE_CURVE('',#2144,#2157,#196,.F.);
#2756=EDGE_CURVE('',#2154,#2157,#1292,.T.);
#2757=EDGE_CURVE('',#2158,#2127,#1293,.T.);
#2758=EDGE_CURVE('',#2159,#2158,#1294,.T.);
#2759=EDGE_CURVE('',#2160,#2159,#1295,.T.);
#2760=EDGE_CURVE('',#2129,#2160,#1296,.T.);
#2761=EDGE_CURVE('',#2161,#2133,#1297,.T.);
#2762=EDGE_CURVE('',#2058,#2161,#1298,.T.);
#2763=EDGE_CURVE('',#2134,#2057,#1299,.T.);
#2764=EDGE_CURVE('',#1961,#2162,#1300,.T.);
#2765=EDGE_CURVE('',#2162,#1987,#1301,.T.);
#2766=EDGE_CURVE('',#2126,#2125,#1302,.T.);
#2767=EDGE_CURVE('',#2163,#2164,#1303,.T.);
#2768=EDGE_CURVE('',#2163,#2096,#1304,.T.);
#2769=EDGE_CURVE('',#2165,#2095,#1305,.T.);
#2770=EDGE_CURVE('',#2165,#2164,#1306,.T.);
#2771=EDGE_CURVE('',#2162,#2165,#197,.T.);
#2772=EDGE_CURVE('',#2084,#1988,#1307,.T.);
#2773=EDGE_CURVE('',#2132,#2166,#1308,.T.);
#2774=EDGE_CURVE('',#2166,#2167,#198,.T.);
#2775=EDGE_CURVE('',#2167,#2154,#1309,.T.);
#2776=EDGE_CURVE('',#2157,#2161,#1310,.F.);
#2777=EDGE_CURVE('',#2168,#2155,#1311,.T.);
#2778=EDGE_CURVE('',#2156,#2168,#199,.T.);
#2779=EDGE_CURVE('',#2053,#2168,#1312,.T.);
#2780=EDGE_CURVE('',#2054,#2167,#1313,.T.);
#2781=EDGE_CURVE('',#2169,#2073,#1314,.T.);
#2782=EDGE_CURVE('',#2170,#2169,#1315,.T.);
#2783=EDGE_CURVE('',#2074,#2170,#1316,.T.);
#2784=EDGE_CURVE('',#2055,#2166,#1317,.T.);
#2785=EDGE_CURVE('',#2056,#2136,#1318,.T.);
#2786=EDGE_CURVE('',#2170,#2171,#1319,.T.);
#2787=EDGE_CURVE('',#2171,#2164,#1320,.T.);
#2788=EDGE_CURVE('',#2172,#2169,#1321,.T.);
#2789=EDGE_CURVE('',#2172,#2171,#1322,.T.);
#2790=EDGE_CURVE('',#2173,#2173,#200,.T.);
#2791=EDGE_CURVE('',#2174,#2174,#201,.T.);
#2792=EDGE_CURVE('',#2175,#2175,#202,.T.);
#2793=EDGE_CURVE('',#2176,#2176,#203,.T.);
#2794=EDGE_CURVE('',#2177,#2177,#204,.T.);
#2795=EDGE_CURVE('',#2178,#2178,#205,.T.);
#2796=EDGE_CURVE('',#2139,#2160,#1323,.T.);
#2797=EDGE_CURVE('',#2179,#2159,#1324,.T.);
#2798=EDGE_CURVE('',#2059,#2179,#1325,.T.);
#2799=EDGE_CURVE('',#2163,#2172,#1326,.T.);
#2800=EDGE_CURVE('',#2180,#2137,#1327,.T.);
#2801=EDGE_CURVE('',#2181,#2180,#206,.T.);
#2802=EDGE_CURVE('',#2130,#2181,#1328,.T.);
#2803=EDGE_CURVE('',#2182,#2147,#207,.T.);
#2804=EDGE_CURVE('',#2182,#2143,#1329,.T.);
#2805=EDGE_CURVE('',#2183,#2182,#1330,.T.);
#2806=EDGE_CURVE('',#2183,#2180,#1331,.T.);
#2807=EDGE_CURVE('',#2184,#2183,#208,.T.);
#2808=EDGE_CURVE('',#2184,#2181,#1332,.T.);
#2809=EDGE_CURVE('',#2185,#2184,#1333,.T.);
#2810=EDGE_CURVE('',#2185,#2131,#1334,.T.);
#2811=EDGE_CURVE('',#2158,#2185,#209,.T.);
#2812=EDGE_CURVE('',#2050,#2186,#1335,.T.);
#2813=EDGE_CURVE('',#2186,#2146,#1336,.T.);
#2814=EDGE_CURVE('',#1950,#2179,#449,.T.);
#2815=EDGE_CURVE('',#2186,#2187,#1337,.T.);
#2816=EDGE_CURVE('',#2187,#2188,#450,.T.);
#2817=EDGE_CURVE('',#2188,#2012,#1338,.T.);
#2818=EDGE_CURVE('',#2189,#2016,#1339,.T.);
#2819=EDGE_CURVE('',#2190,#2189,#1340,.T.);
#2820=EDGE_CURVE('',#2191,#2190,#210,.T.);
#2821=EDGE_CURVE('',#2192,#2191,#1341,.T.);
#2822=EDGE_CURVE('',#2018,#2192,#1342,.T.);
#2823=EDGE_CURVE('',#2153,#2173,#1343,.T.);
#2824=EDGE_CURVE('',#2152,#2174,#1344,.T.);
#2825=EDGE_CURVE('',#2151,#2175,#1345,.T.);
#2826=EDGE_CURVE('',#2150,#2176,#1346,.T.);
#2827=EDGE_CURVE('',#2149,#2177,#1347,.T.);
#2828=EDGE_CURVE('',#2148,#2178,#1348,.T.);
#2829=EDGE_CURVE('',#1984,#2193,#211,.T.);
#2830=EDGE_CURVE('',#1986,#2194,#212,.T.);
#2831=EDGE_CURVE('',#2194,#2083,#1349,.T.);
#2832=EDGE_CURVE('',#2195,#2082,#213,.T.);
#2833=EDGE_CURVE('',#2193,#2195,#1350,.T.);
#2834=EDGE_CURVE('',#2194,#1989,#1351,.T.);
#2835=EDGE_CURVE('',#2107,#2193,#1352,.T.);
#2836=EDGE_CURVE('',#2195,#2108,#1353,.T.);
#2837=EDGE_CURVE('',#2196,#2197,#21,.F.);
#2838=EDGE_CURVE('',#2196,#2198,#1354,.T.);
#2839=EDGE_CURVE('',#2198,#2199,#22,.T.);
#2840=EDGE_CURVE('',#2199,#2200,#1355,.T.);
#2841=EDGE_CURVE('',#2200,#2197,#23,.T.);
#2842=EDGE_CURVE('',#2196,#2201,#1356,.T.);
#2843=EDGE_CURVE('',#2202,#2201,#1357,.T.);
#2844=EDGE_CURVE('',#2202,#2198,#1358,.T.);
#2845=EDGE_CURVE('',#2203,#2204,#24,.T.);
#2846=EDGE_CURVE('',#2204,#2205,#1359,.T.);
#2847=EDGE_CURVE('',#2205,#2202,#25,.T.);
#2848=EDGE_CURVE('',#2201,#2203,#26,.T.);
#2849=EDGE_CURVE('',#2115,#2206,#1360,.T.);
#2850=EDGE_CURVE('',#2206,#2207,#27,.T.);
#2851=EDGE_CURVE('',#2207,#2208,#1361,.T.);
#2852=EDGE_CURVE('',#2208,#2116,#28,.T.);
#2853=EDGE_CURVE('',#2209,#2114,#1362,.T.);
#2854=EDGE_CURVE('',#2209,#2206,#1363,.T.);
#2855=EDGE_CURVE('',#2113,#2210,#29,.T.);
#2856=EDGE_CURVE('',#2210,#2211,#1364,.T.);
#2857=EDGE_CURVE('',#2211,#2209,#30,.T.);
#2858=EDGE_CURVE('',#2076,#2212,#1365,.T.);
#2859=EDGE_CURVE('',#2212,#2213,#31,.T.);
#2860=EDGE_CURVE('',#2213,#2214,#1366,.T.);
#2861=EDGE_CURVE('',#2214,#2075,#214,.T.);
#2862=EDGE_CURVE('',#2215,#2075,#451,.T.);
#2863=EDGE_CURVE('',#2215,#2214,#1367,.T.);
#2864=EDGE_CURVE('',#2213,#2216,#1368,.T.);
#2865=EDGE_CURVE('',#2214,#2216,#1369,.T.);
#2866=EDGE_CURVE('',#2217,#2218,#32,.T.);
#2867=EDGE_CURVE('',#2217,#2219,#1370,.T.);
#2868=EDGE_CURVE('',#2219,#2220,#33,.T.);
#2869=EDGE_CURVE('',#2220,#2076,#1371,.T.);
#2870=EDGE_CURVE('',#2221,#2077,#34,.F.);
#2871=EDGE_CURVE('',#2221,#2218,#35,.T.);
#2872=EDGE_CURVE('',#2220,#2212,#1372,.T.);
#2873=EDGE_CURVE('',#2218,#2121,#36,.T.);
#2874=EDGE_CURVE('',#2222,#2120,#37,.T.);
#2875=EDGE_CURVE('',#2222,#2223,#1373,.T.);
#2876=EDGE_CURVE('',#2223,#2224,#38,.T.);
#2877=EDGE_CURVE('',#2224,#2217,#1374,.T.);
#2878=EDGE_CURVE('',#2225,#2222,#1375,.T.);
#2879=EDGE_CURVE('',#2225,#2223,#1376,.T.);
#2880=EDGE_CURVE('',#2119,#2215,#39,.T.);
#2881=EDGE_CURVE('',#2216,#2225,#40,.T.);
#2882=EDGE_CURVE('',#2224,#2219,#1377,.T.);
#2883=EDGE_CURVE('',#2226,#2075,#1378,.T.);
#2884=EDGE_CURVE('',#2227,#2226,#215,.T.);
#2885=EDGE_CURVE('',#2203,#2227,#1379,.T.);
#2886=EDGE_CURVE('',#2197,#2228,#1380,.F.);
#2887=EDGE_CURVE('',#2229,#2228,#216,.T.);
#2888=EDGE_CURVE('',#2104,#2229,#1381,.T.);
#2889=EDGE_CURVE('',#2230,#2100,#1382,.T.);
#2890=EDGE_CURVE('',#2231,#2230,#217,.T.);
#2891=EDGE_CURVE('',#2221,#2231,#1383,.T.);
#2892=EDGE_CURVE('',#2118,#2226,#1384,.T.);
#2893=EDGE_CURVE('',#2232,#2233,#1385,.T.);
#2894=EDGE_CURVE('',#2234,#2232,#1386,.T.);
#2895=EDGE_CURVE('',#2235,#2234,#218,.T.);
#2896=EDGE_CURVE('',#2236,#2235,#219,.T.);
#2897=EDGE_CURVE('',#2237,#2236,#1387,.T.);
#2898=EDGE_CURVE('',#2237,#2233,#1388,.T.);
#2899=EDGE_CURVE('',#2204,#2208,#1389,.T.);
#2900=EDGE_CURVE('',#2207,#2205,#1390,.T.);
#2901=EDGE_CURVE('',#2199,#2211,#1391,.T.);
#2902=EDGE_CURVE('',#2210,#2200,#1392,.T.);
#2903=EDGE_CURVE('',#2112,#2228,#1393,.T.);
#2904=EDGE_CURVE('',#2238,#2239,#1394,.T.);
#2905=EDGE_CURVE('',#2238,#2240,#1395,.T.);
#2906=EDGE_CURVE('',#2241,#2240,#220,.T.);
#2907=EDGE_CURVE('',#2242,#2241,#221,.T.);
#2908=EDGE_CURVE('',#2243,#2242,#1396,.T.);
#2909=EDGE_CURVE('',#2243,#2239,#1397,.T.);
#2910=EDGE_CURVE('',#2092,#2236,#222,.T.);
#2911=EDGE_CURVE('',#2235,#2093,#223,.T.);
#2912=EDGE_CURVE('',#2091,#2237,#452,.F.);
#2913=EDGE_CURVE('',#2093,#2234,#453,.T.);
#2914=EDGE_CURVE('',#2014,#2241,#224,.T.);
#2915=EDGE_CURVE('',#2240,#2086,#225,.T.);
#2916=EDGE_CURVE('',#2014,#2242,#454,.F.);
#2917=EDGE_CURVE('',#2087,#2238,#455,.T.);
#2918=EDGE_CURVE('',#2111,#2229,#1398,.T.);
#2919=EDGE_CURVE('',#2122,#2231,#1399,.T.);
#2920=EDGE_CURVE('',#2117,#2227,#1400,.T.);
#2921=EDGE_CURVE('',#2123,#2230,#1401,.T.);
#2922=EDGE_CURVE('',#2239,#2088,#1402,.T.);
#2923=EDGE_CURVE('',#2243,#2013,#1403,.T.);
#2924=EDGE_CURVE('',#2232,#2089,#1404,.T.);
#2925=EDGE_CURVE('',#2233,#2090,#1405,.T.);
#2926=EDGE_CURVE('',#2049,#2187,#1406,.T.);
#2927=EDGE_CURVE('',#2048,#2188,#1407,.T.);
#2928=EDGE_CURVE('',#2067,#2244,#1408,.T.);
#2929=EDGE_CURVE('',#2244,#2068,#456,.F.);
#2930=EDGE_CURVE('',#1946,#1949,#1409,.T.);
#2931=EDGE_CURVE('',#2245,#1946,#457,.F.);
#2932=EDGE_CURVE('',#2245,#2246,#226,.T.);
#2933=EDGE_CURVE('',#2246,#1947,#458,.T.);
#2934=EDGE_CURVE('',#2246,#2247,#1410,.T.);
#2935=EDGE_CURVE('',#2247,#1948,#459,.T.);
#2936=EDGE_CURVE('',#2247,#2248,#227,.T.);
#2937=EDGE_CURVE('',#1949,#2248,#460,.F.);
#2938=EDGE_CURVE('',#2244,#2249,#228,.T.);
#2939=EDGE_CURVE('',#2249,#2069,#461,.T.);
#2940=EDGE_CURVE('',#2250,#2251,#229,.T.);
#2941=EDGE_CURVE('',#2066,#2251,#462,.F.);
#2942=EDGE_CURVE('',#2070,#2250,#463,.T.);
#2943=EDGE_CURVE('',#2249,#2250,#1411,.T.);
#2944=EDGE_CURVE('',#2250,#2252,#1412,.T.);
#2945=EDGE_CURVE('',#2253,#2252,#230,.T.);
#2946=EDGE_CURVE('',#2251,#2253,#1413,.T.);
#2947=EDGE_CURVE('',#2254,#2253,#1414,.T.);
#2948=EDGE_CURVE('',#2244,#2254,#1415,.T.);
#2949=EDGE_CURVE('',#2255,#2254,#231,.T.);
#2950=EDGE_CURVE('',#2249,#2255,#1416,.T.);
#2951=EDGE_CURVE('',#2252,#2255,#1417,.T.);
#2952=EDGE_CURVE('',#2245,#2256,#1418,.T.);
#2953=EDGE_CURVE('',#2257,#2256,#232,.T.);
#2954=EDGE_CURVE('',#2246,#2257,#1419,.T.);
#2955=EDGE_CURVE('',#2258,#2257,#1420,.T.);
#2956=EDGE_CURVE('',#2247,#2258,#1421,.T.);
#2957=EDGE_CURVE('',#2259,#2258,#233,.T.);
#2958=EDGE_CURVE('',#2248,#2259,#1422,.T.);
#2959=EDGE_CURVE('',#2256,#2259,#1423,.T.);
#2960=EDGE_CURVE('',#2260,#2261,#41,.T.);
#2961=EDGE_CURVE('',#2262,#2260,#1424,.T.);
#2962=EDGE_CURVE('',#2263,#2262,#42,.T.);
#2963=EDGE_CURVE('',#2264,#2263,#43,.T.);
#2964=EDGE_CURVE('',#2261,#2264,#1425,.T.);
#2965=EDGE_CURVE('',#2265,#2266,#1426,.T.);
#2966=EDGE_CURVE('',#2262,#2266,#234,.T.);
#2967=EDGE_CURVE('',#2265,#2260,#235,.T.);
#2968=EDGE_CURVE('',#2263,#2267,#236,.T.);
#2969=EDGE_CURVE('',#2266,#2267,#44,.T.);
#2970=EDGE_CURVE('',#2268,#2265,#45,.T.);
#2971=EDGE_CURVE('',#2269,#2268,#1427,.T.);
#2972=EDGE_CURVE('',#2267,#2269,#46,.T.);
#2973=EDGE_CURVE('',#2270,#2271,#1428,.T.);
#2974=EDGE_CURVE('',#2263,#2270,#237,.T.);
#2975=EDGE_CURVE('',#2272,#2267,#238,.T.);
#2976=EDGE_CURVE('',#2273,#2272,#1429,.T.);
#2977=EDGE_CURVE('',#2274,#2273,#1430,.T.);
#2978=EDGE_CURVE('',#2015,#2274,#1431,.T.);
#2979=EDGE_CURVE('',#2275,#2019,#1432,.T.);
#2980=EDGE_CURVE('',#2271,#2275,#1433,.T.);
#2981=EDGE_CURVE('',#2269,#2272,#1434,.T.);
#2982=EDGE_CURVE('',#2264,#2270,#1435,.T.);
#2983=EDGE_CURVE('',#2268,#2273,#1436,.T.);
#2984=EDGE_CURVE('',#2271,#2261,#1437,.T.);
#2985=EDGE_CURVE('',#2192,#2275,#1438,.T.);
#2986=EDGE_CURVE('',#2191,#2271,#1439,.T.);
#2987=EDGE_CURVE('',#2189,#2274,#1440,.T.);
#2988=EDGE_CURVE('',#2273,#2190,#1441,.T.);
#2989=EDGE_CURVE('',#2276,#2042,#1442,.T.);
#2990=EDGE_CURVE('',#2277,#2276,#1443,.T.);
#2991=EDGE_CURVE('',#2277,#2278,#47,.T.);
#2992=EDGE_CURVE('',#2278,#2279,#239,.T.);
#2993=EDGE_CURVE('',#2279,#2280,#48,.T.);
#2994=EDGE_CURVE('',#2281,#2280,#1444,.T.);
#2995=EDGE_CURVE('',#2043,#2281,#1445,.T.);
#2996=EDGE_CURVE('',#2281,#2282,#1446,.T.);
#2997=EDGE_CURVE('',#2282,#2044,#1447,.T.);
#2998=EDGE_CURVE('',#2283,#2041,#1448,.T.);
#2999=EDGE_CURVE('',#2283,#2276,#1449,.T.);
#3000=EDGE_CURVE('',#2124,#2283,#1450,.T.);
#3001=EDGE_CURVE('',#2282,#2099,#1451,.T.);
#3002=EDGE_CURVE('',#2284,#2280,#1452,.T.);
#3003=EDGE_CURVE('',#2284,#2285,#1453,.T.);
#3004=EDGE_CURVE('',#2281,#2285,#1454,.T.);
#3005=EDGE_CURVE('',#2286,#2276,#1455,.T.);
#3006=EDGE_CURVE('',#2287,#2286,#1456,.T.);
#3007=EDGE_CURVE('',#2277,#2287,#1457,.T.);
#3008=EDGE_CURVE('',#2287,#2288,#49,.T.);
#3009=EDGE_CURVE('',#2288,#2286,#240,.T.);
#3010=EDGE_CURVE('',#2289,#2284,#50,.T.);
#3011=EDGE_CURVE('',#2285,#2289,#241,.T.);
#3012=EDGE_CURVE('',#2288,#2289,#242,.T.);
#3013=EDGE_CURVE('',#2279,#2290,#1458,.T.);
#3014=EDGE_CURVE('',#2290,#2289,#51,.T.);
#3015=EDGE_CURVE('',#2291,#2290,#243,.T.);
#3016=EDGE_CURVE('',#2288,#2291,#52,.T.);
#3017=EDGE_CURVE('',#2291,#2278,#1459,.T.);
#3018=ORIENTED_EDGE('',*,*,#2292,.F.);
#3019=ORIENTED_EDGE('',*,*,#2293,.T.);
#3020=ORIENTED_EDGE('',*,*,#2294,.T.);
#3021=ORIENTED_EDGE('',*,*,#2295,.F.);
#3022=ORIENTED_EDGE('',*,*,#2296,.F.);
#3023=ORIENTED_EDGE('',*,*,#2297,.T.);
#3024=ORIENTED_EDGE('',*,*,#2298,.T.);
#3025=ORIENTED_EDGE('',*,*,#2293,.F.);
#3026=ORIENTED_EDGE('',*,*,#2299,.F.);
#3027=ORIENTED_EDGE('',*,*,#2300,.T.);
#3028=ORIENTED_EDGE('',*,*,#2301,.T.);
#3029=ORIENTED_EDGE('',*,*,#2297,.F.);
#3030=ORIENTED_EDGE('',*,*,#2302,.F.);
#3031=ORIENTED_EDGE('',*,*,#2303,.T.);
#3032=ORIENTED_EDGE('',*,*,#2304,.T.);
#3033=ORIENTED_EDGE('',*,*,#2300,.F.);
#3034=ORIENTED_EDGE('',*,*,#2305,.F.);
#3035=ORIENTED_EDGE('',*,*,#2306,.T.);
#3036=ORIENTED_EDGE('',*,*,#2307,.T.);
#3037=ORIENTED_EDGE('',*,*,#2303,.F.);
#3038=ORIENTED_EDGE('',*,*,#2308,.F.);
#3039=ORIENTED_EDGE('',*,*,#2309,.T.);
#3040=ORIENTED_EDGE('',*,*,#2310,.T.);
#3041=ORIENTED_EDGE('',*,*,#2306,.F.);
#3042=ORIENTED_EDGE('',*,*,#2311,.F.);
#3043=ORIENTED_EDGE('',*,*,#2312,.T.);
#3044=ORIENTED_EDGE('',*,*,#2313,.T.);
#3045=ORIENTED_EDGE('',*,*,#2309,.F.);
#3046=ORIENTED_EDGE('',*,*,#2314,.F.);
#3047=ORIENTED_EDGE('',*,*,#2295,.T.);
#3048=ORIENTED_EDGE('',*,*,#2315,.T.);
#3049=ORIENTED_EDGE('',*,*,#2312,.F.);
#3050=ORIENTED_EDGE('',*,*,#2316,.F.);
#3051=ORIENTED_EDGE('',*,*,#2317,.T.);
#3052=ORIENTED_EDGE('',*,*,#2318,.T.);
#3053=ORIENTED_EDGE('',*,*,#2319,.F.);
#3054=ORIENTED_EDGE('',*,*,#2320,.F.);
#3055=ORIENTED_EDGE('',*,*,#2321,.T.);
#3056=ORIENTED_EDGE('',*,*,#2322,.T.);
#3057=ORIENTED_EDGE('',*,*,#2317,.F.);
#3058=ORIENTED_EDGE('',*,*,#2323,.F.);
#3059=ORIENTED_EDGE('',*,*,#2324,.T.);
#3060=ORIENTED_EDGE('',*,*,#2325,.T.);
#3061=ORIENTED_EDGE('',*,*,#2321,.F.);
#3062=ORIENTED_EDGE('',*,*,#2326,.F.);
#3063=ORIENTED_EDGE('',*,*,#2327,.T.);
#3064=ORIENTED_EDGE('',*,*,#2328,.T.);
#3065=ORIENTED_EDGE('',*,*,#2324,.F.);
#3066=ORIENTED_EDGE('',*,*,#2329,.F.);
#3067=ORIENTED_EDGE('',*,*,#2330,.T.);
#3068=ORIENTED_EDGE('',*,*,#2331,.T.);
#3069=ORIENTED_EDGE('',*,*,#2327,.F.);
#3070=ORIENTED_EDGE('',*,*,#2332,.F.);
#3071=ORIENTED_EDGE('',*,*,#2333,.T.);
#3072=ORIENTED_EDGE('',*,*,#2334,.T.);
#3073=ORIENTED_EDGE('',*,*,#2330,.F.);
#3074=ORIENTED_EDGE('',*,*,#2335,.F.);
#3075=ORIENTED_EDGE('',*,*,#2336,.T.);
#3076=ORIENTED_EDGE('',*,*,#2337,.T.);
#3077=ORIENTED_EDGE('',*,*,#2333,.F.);
#3078=ORIENTED_EDGE('',*,*,#2338,.F.);
#3079=ORIENTED_EDGE('',*,*,#2339,.T.);
#3080=ORIENTED_EDGE('',*,*,#2340,.T.);
#3081=ORIENTED_EDGE('',*,*,#2336,.F.);
#3082=ORIENTED_EDGE('',*,*,#2341,.F.);
#3083=ORIENTED_EDGE('',*,*,#2342,.T.);
#3084=ORIENTED_EDGE('',*,*,#2343,.T.);
#3085=ORIENTED_EDGE('',*,*,#2339,.F.);
#3086=ORIENTED_EDGE('',*,*,#2344,.F.);
#3087=ORIENTED_EDGE('',*,*,#2345,.T.);
#3088=ORIENTED_EDGE('',*,*,#2346,.T.);
#3089=ORIENTED_EDGE('',*,*,#2342,.F.);
#3090=ORIENTED_EDGE('',*,*,#2347,.F.);
#3091=ORIENTED_EDGE('',*,*,#2319,.T.);
#3092=ORIENTED_EDGE('',*,*,#2348,.T.);
#3093=ORIENTED_EDGE('',*,*,#2345,.F.);
#3094=ORIENTED_EDGE('',*,*,#2348,.F.);
#3095=ORIENTED_EDGE('',*,*,#2318,.F.);
#3096=ORIENTED_EDGE('',*,*,#2322,.F.);
#3097=ORIENTED_EDGE('',*,*,#2325,.F.);
#3098=ORIENTED_EDGE('',*,*,#2328,.F.);
#3099=ORIENTED_EDGE('',*,*,#2331,.F.);
#3100=ORIENTED_EDGE('',*,*,#2334,.F.);
#3101=ORIENTED_EDGE('',*,*,#2337,.F.);
#3102=ORIENTED_EDGE('',*,*,#2340,.F.);
#3103=ORIENTED_EDGE('',*,*,#2343,.F.);
#3104=ORIENTED_EDGE('',*,*,#2346,.F.);
#3105=ORIENTED_EDGE('',*,*,#2315,.F.);
#3106=ORIENTED_EDGE('',*,*,#2294,.F.);
#3107=ORIENTED_EDGE('',*,*,#2298,.F.);
#3108=ORIENTED_EDGE('',*,*,#2301,.F.);
#3109=ORIENTED_EDGE('',*,*,#2304,.F.);
#3110=ORIENTED_EDGE('',*,*,#2307,.F.);
#3111=ORIENTED_EDGE('',*,*,#2310,.F.);
#3112=ORIENTED_EDGE('',*,*,#2313,.F.);
#3113=ORIENTED_EDGE('',*,*,#2349,.F.);
#3114=ORIENTED_EDGE('',*,*,#2350,.T.);
#3115=ORIENTED_EDGE('',*,*,#2351,.T.);
#3116=ORIENTED_EDGE('',*,*,#2352,.F.);
#3117=ORIENTED_EDGE('',*,*,#2353,.F.);
#3118=ORIENTED_EDGE('',*,*,#2354,.T.);
#3119=ORIENTED_EDGE('',*,*,#2355,.T.);
#3120=ORIENTED_EDGE('',*,*,#2350,.F.);
#3121=ORIENTED_EDGE('',*,*,#2356,.F.);
#3122=ORIENTED_EDGE('',*,*,#2357,.T.);
#3123=ORIENTED_EDGE('',*,*,#2358,.T.);
#3124=ORIENTED_EDGE('',*,*,#2354,.F.);
#3125=ORIENTED_EDGE('',*,*,#2359,.F.);
#3126=ORIENTED_EDGE('',*,*,#2352,.T.);
#3127=ORIENTED_EDGE('',*,*,#2360,.T.);
#3128=ORIENTED_EDGE('',*,*,#2357,.F.);
#3129=ORIENTED_EDGE('',*,*,#2360,.F.);
#3130=ORIENTED_EDGE('',*,*,#2351,.F.);
#3131=ORIENTED_EDGE('',*,*,#2355,.F.);
#3132=ORIENTED_EDGE('',*,*,#2358,.F.);
#3133=ORIENTED_EDGE('',*,*,#2361,.F.);
#3134=ORIENTED_EDGE('',*,*,#2362,.T.);
#3135=ORIENTED_EDGE('',*,*,#2363,.T.);
#3136=ORIENTED_EDGE('',*,*,#2364,.F.);
#3137=ORIENTED_EDGE('',*,*,#2365,.F.);
#3138=ORIENTED_EDGE('',*,*,#2366,.T.);
#3139=ORIENTED_EDGE('',*,*,#2367,.T.);
#3140=ORIENTED_EDGE('',*,*,#2362,.F.);
#3141=ORIENTED_EDGE('',*,*,#2368,.F.);
#3142=ORIENTED_EDGE('',*,*,#2369,.T.);
#3143=ORIENTED_EDGE('',*,*,#2370,.T.);
#3144=ORIENTED_EDGE('',*,*,#2366,.F.);
#3145=ORIENTED_EDGE('',*,*,#2371,.F.);
#3146=ORIENTED_EDGE('',*,*,#2372,.T.);
#3147=ORIENTED_EDGE('',*,*,#2373,.T.);
#3148=ORIENTED_EDGE('',*,*,#2369,.F.);
#3149=ORIENTED_EDGE('',*,*,#2374,.F.);
#3150=ORIENTED_EDGE('',*,*,#2375,.T.);
#3151=ORIENTED_EDGE('',*,*,#2376,.T.);
#3152=ORIENTED_EDGE('',*,*,#2372,.F.);
#3153=ORIENTED_EDGE('',*,*,#2377,.F.);
#3154=ORIENTED_EDGE('',*,*,#2378,.T.);
#3155=ORIENTED_EDGE('',*,*,#2379,.T.);
#3156=ORIENTED_EDGE('',*,*,#2375,.F.);
#3157=ORIENTED_EDGE('',*,*,#2380,.F.);
#3158=ORIENTED_EDGE('',*,*,#2381,.T.);
#3159=ORIENTED_EDGE('',*,*,#2382,.T.);
#3160=ORIENTED_EDGE('',*,*,#2378,.F.);
#3161=ORIENTED_EDGE('',*,*,#2383,.F.);
#3162=ORIENTED_EDGE('',*,*,#2364,.T.);
#3163=ORIENTED_EDGE('',*,*,#2384,.T.);
#3164=ORIENTED_EDGE('',*,*,#2381,.F.);
#3165=ORIENTED_EDGE('',*,*,#2385,.F.);
#3166=ORIENTED_EDGE('',*,*,#2386,.T.);
#3167=ORIENTED_EDGE('',*,*,#2387,.T.);
#3168=ORIENTED_EDGE('',*,*,#2388,.F.);
#3169=ORIENTED_EDGE('',*,*,#2389,.F.);
#3170=ORIENTED_EDGE('',*,*,#2390,.T.);
#3171=ORIENTED_EDGE('',*,*,#2391,.T.);
#3172=ORIENTED_EDGE('',*,*,#2386,.F.);
#3173=ORIENTED_EDGE('',*,*,#2392,.F.);
#3174=ORIENTED_EDGE('',*,*,#2393,.T.);
#3175=ORIENTED_EDGE('',*,*,#2394,.T.);
#3176=ORIENTED_EDGE('',*,*,#2390,.F.);
#3177=ORIENTED_EDGE('',*,*,#2395,.F.);
#3178=ORIENTED_EDGE('',*,*,#2396,.T.);
#3179=ORIENTED_EDGE('',*,*,#2397,.T.);
#3180=ORIENTED_EDGE('',*,*,#2393,.F.);
#3181=ORIENTED_EDGE('',*,*,#2398,.F.);
#3182=ORIENTED_EDGE('',*,*,#2399,.T.);
#3183=ORIENTED_EDGE('',*,*,#2400,.T.);
#3184=ORIENTED_EDGE('',*,*,#2396,.F.);
#3185=ORIENTED_EDGE('',*,*,#2401,.F.);
#3186=ORIENTED_EDGE('',*,*,#2402,.T.);
#3187=ORIENTED_EDGE('',*,*,#2403,.T.);
#3188=ORIENTED_EDGE('',*,*,#2399,.F.);
#3189=ORIENTED_EDGE('',*,*,#2404,.F.);
#3190=ORIENTED_EDGE('',*,*,#2405,.T.);
#3191=ORIENTED_EDGE('',*,*,#2406,.T.);
#3192=ORIENTED_EDGE('',*,*,#2402,.F.);
#3193=ORIENTED_EDGE('',*,*,#2407,.F.);
#3194=ORIENTED_EDGE('',*,*,#2408,.T.);
#3195=ORIENTED_EDGE('',*,*,#2409,.T.);
#3196=ORIENTED_EDGE('',*,*,#2405,.F.);
#3197=ORIENTED_EDGE('',*,*,#2410,.F.);
#3198=ORIENTED_EDGE('',*,*,#2411,.T.);
#3199=ORIENTED_EDGE('',*,*,#2412,.T.);
#3200=ORIENTED_EDGE('',*,*,#2408,.F.);
#3201=ORIENTED_EDGE('',*,*,#2413,.F.);
#3202=ORIENTED_EDGE('',*,*,#2414,.T.);
#3203=ORIENTED_EDGE('',*,*,#2415,.T.);
#3204=ORIENTED_EDGE('',*,*,#2411,.F.);
#3205=ORIENTED_EDGE('',*,*,#2416,.F.);
#3206=ORIENTED_EDGE('',*,*,#2417,.T.);
#3207=ORIENTED_EDGE('',*,*,#2418,.T.);
#3208=ORIENTED_EDGE('',*,*,#2414,.F.);
#3209=ORIENTED_EDGE('',*,*,#2419,.F.);
#3210=ORIENTED_EDGE('',*,*,#2420,.T.);
#3211=ORIENTED_EDGE('',*,*,#2421,.T.);
#3212=ORIENTED_EDGE('',*,*,#2417,.F.);
#3213=ORIENTED_EDGE('',*,*,#2422,.F.);
#3214=ORIENTED_EDGE('',*,*,#2423,.T.);
#3215=ORIENTED_EDGE('',*,*,#2424,.T.);
#3216=ORIENTED_EDGE('',*,*,#2420,.F.);
#3217=ORIENTED_EDGE('',*,*,#2425,.F.);
#3218=ORIENTED_EDGE('',*,*,#2426,.T.);
#3219=ORIENTED_EDGE('',*,*,#2427,.T.);
#3220=ORIENTED_EDGE('',*,*,#2423,.F.);
#3221=ORIENTED_EDGE('',*,*,#2428,.F.);
#3222=ORIENTED_EDGE('',*,*,#2429,.T.);
#3223=ORIENTED_EDGE('',*,*,#2430,.T.);
#3224=ORIENTED_EDGE('',*,*,#2426,.F.);
#3225=ORIENTED_EDGE('',*,*,#2431,.F.);
#3226=ORIENTED_EDGE('',*,*,#2432,.T.);
#3227=ORIENTED_EDGE('',*,*,#2433,.T.);
#3228=ORIENTED_EDGE('',*,*,#2429,.F.);
#3229=ORIENTED_EDGE('',*,*,#2434,.F.);
#3230=ORIENTED_EDGE('',*,*,#2435,.T.);
#3231=ORIENTED_EDGE('',*,*,#2436,.T.);
#3232=ORIENTED_EDGE('',*,*,#2432,.F.);
#3233=ORIENTED_EDGE('',*,*,#2437,.F.);
#3234=ORIENTED_EDGE('',*,*,#2438,.T.);
#3235=ORIENTED_EDGE('',*,*,#2439,.T.);
#3236=ORIENTED_EDGE('',*,*,#2435,.F.);
#3237=ORIENTED_EDGE('',*,*,#2440,.F.);
#3238=ORIENTED_EDGE('',*,*,#2388,.T.);
#3239=ORIENTED_EDGE('',*,*,#2441,.T.);
#3240=ORIENTED_EDGE('',*,*,#2438,.F.);
#3241=ORIENTED_EDGE('',*,*,#2441,.F.);
#3242=ORIENTED_EDGE('',*,*,#2387,.F.);
#3243=ORIENTED_EDGE('',*,*,#2391,.F.);
#3244=ORIENTED_EDGE('',*,*,#2394,.F.);
#3245=ORIENTED_EDGE('',*,*,#2397,.F.);
#3246=ORIENTED_EDGE('',*,*,#2400,.F.);
#3247=ORIENTED_EDGE('',*,*,#2403,.F.);
#3248=ORIENTED_EDGE('',*,*,#2406,.F.);
#3249=ORIENTED_EDGE('',*,*,#2409,.F.);
#3250=ORIENTED_EDGE('',*,*,#2412,.F.);
#3251=ORIENTED_EDGE('',*,*,#2415,.F.);
#3252=ORIENTED_EDGE('',*,*,#2418,.F.);
#3253=ORIENTED_EDGE('',*,*,#2421,.F.);
#3254=ORIENTED_EDGE('',*,*,#2424,.F.);
#3255=ORIENTED_EDGE('',*,*,#2427,.F.);
#3256=ORIENTED_EDGE('',*,*,#2430,.F.);
#3257=ORIENTED_EDGE('',*,*,#2433,.F.);
#3258=ORIENTED_EDGE('',*,*,#2436,.F.);
#3259=ORIENTED_EDGE('',*,*,#2439,.F.);
#3260=ORIENTED_EDGE('',*,*,#2384,.F.);
#3261=ORIENTED_EDGE('',*,*,#2363,.F.);
#3262=ORIENTED_EDGE('',*,*,#2367,.F.);
#3263=ORIENTED_EDGE('',*,*,#2370,.F.);
#3264=ORIENTED_EDGE('',*,*,#2373,.F.);
#3265=ORIENTED_EDGE('',*,*,#2376,.F.);
#3266=ORIENTED_EDGE('',*,*,#2379,.F.);
#3267=ORIENTED_EDGE('',*,*,#2382,.F.);
#3268=ORIENTED_EDGE('',*,*,#2442,.F.);
#3269=ORIENTED_EDGE('',*,*,#2443,.T.);
#3270=ORIENTED_EDGE('',*,*,#2444,.T.);
#3271=ORIENTED_EDGE('',*,*,#2445,.F.);
#3272=ORIENTED_EDGE('',*,*,#2446,.F.);
#3273=ORIENTED_EDGE('',*,*,#2447,.T.);
#3274=ORIENTED_EDGE('',*,*,#2448,.T.);
#3275=ORIENTED_EDGE('',*,*,#2443,.F.);
#3276=ORIENTED_EDGE('',*,*,#2449,.F.);
#3277=ORIENTED_EDGE('',*,*,#2450,.T.);
#3278=ORIENTED_EDGE('',*,*,#2451,.T.);
#3279=ORIENTED_EDGE('',*,*,#2447,.F.);
#3280=ORIENTED_EDGE('',*,*,#2452,.F.);
#3281=ORIENTED_EDGE('',*,*,#2453,.T.);
#3282=ORIENTED_EDGE('',*,*,#2454,.T.);
#3283=ORIENTED_EDGE('',*,*,#2450,.F.);
#3284=ORIENTED_EDGE('',*,*,#2455,.F.);
#3285=ORIENTED_EDGE('',*,*,#2456,.T.);
#3286=ORIENTED_EDGE('',*,*,#2457,.T.);
#3287=ORIENTED_EDGE('',*,*,#2453,.F.);
#3288=ORIENTED_EDGE('',*,*,#2458,.F.);
#3289=ORIENTED_EDGE('',*,*,#2459,.T.);
#3290=ORIENTED_EDGE('',*,*,#2460,.T.);
#3291=ORIENTED_EDGE('',*,*,#2456,.F.);
#3292=ORIENTED_EDGE('',*,*,#2461,.F.);
#3293=ORIENTED_EDGE('',*,*,#2462,.T.);
#3294=ORIENTED_EDGE('',*,*,#2463,.T.);
#3295=ORIENTED_EDGE('',*,*,#2459,.F.);
#3296=ORIENTED_EDGE('',*,*,#2464,.F.);
#3297=ORIENTED_EDGE('',*,*,#2445,.T.);
#3298=ORIENTED_EDGE('',*,*,#2465,.T.);
#3299=ORIENTED_EDGE('',*,*,#2462,.F.);
#3300=ORIENTED_EDGE('',*,*,#2465,.F.);
#3301=ORIENTED_EDGE('',*,*,#2444,.F.);
#3302=ORIENTED_EDGE('',*,*,#2448,.F.);
#3303=ORIENTED_EDGE('',*,*,#2451,.F.);
#3304=ORIENTED_EDGE('',*,*,#2454,.F.);
#3305=ORIENTED_EDGE('',*,*,#2457,.F.);
#3306=ORIENTED_EDGE('',*,*,#2460,.F.);
#3307=ORIENTED_EDGE('',*,*,#2463,.F.);
#3308=ORIENTED_EDGE('',*,*,#2466,.F.);
#3309=ORIENTED_EDGE('',*,*,#2467,.T.);
#3310=ORIENTED_EDGE('',*,*,#2468,.T.);
#3311=ORIENTED_EDGE('',*,*,#2469,.F.);
#3312=ORIENTED_EDGE('',*,*,#2470,.F.);
#3313=ORIENTED_EDGE('',*,*,#2471,.F.);
#3314=ORIENTED_EDGE('',*,*,#2472,.T.);
#3315=ORIENTED_EDGE('',*,*,#2473,.F.);
#3316=ORIENTED_EDGE('',*,*,#2474,.F.);
#3317=ORIENTED_EDGE('',*,*,#2475,.F.);
#3318=ORIENTED_EDGE('',*,*,#2476,.T.);
#3319=ORIENTED_EDGE('',*,*,#2477,.T.);
#3320=ORIENTED_EDGE('',*,*,#2478,.T.);
#3321=ORIENTED_EDGE('',*,*,#2479,.F.);
#3322=ORIENTED_EDGE('',*,*,#2316,.T.);
#3323=ORIENTED_EDGE('',*,*,#2347,.T.);
#3324=ORIENTED_EDGE('',*,*,#2344,.T.);
#3325=ORIENTED_EDGE('',*,*,#2341,.T.);
#3326=ORIENTED_EDGE('',*,*,#2338,.T.);
#3327=ORIENTED_EDGE('',*,*,#2335,.T.);
#3328=ORIENTED_EDGE('',*,*,#2332,.T.);
#3329=ORIENTED_EDGE('',*,*,#2329,.T.);
#3330=ORIENTED_EDGE('',*,*,#2326,.T.);
#3331=ORIENTED_EDGE('',*,*,#2323,.T.);
#3332=ORIENTED_EDGE('',*,*,#2320,.T.);
#3333=ORIENTED_EDGE('',*,*,#2349,.T.);
#3334=ORIENTED_EDGE('',*,*,#2359,.T.);
#3335=ORIENTED_EDGE('',*,*,#2356,.T.);
#3336=ORIENTED_EDGE('',*,*,#2353,.T.);
#3337=ORIENTED_EDGE('',*,*,#2385,.T.);
#3338=ORIENTED_EDGE('',*,*,#2440,.T.);
#3339=ORIENTED_EDGE('',*,*,#2437,.T.);
#3340=ORIENTED_EDGE('',*,*,#2434,.T.);
#3341=ORIENTED_EDGE('',*,*,#2431,.T.);
#3342=ORIENTED_EDGE('',*,*,#2428,.T.);
#3343=ORIENTED_EDGE('',*,*,#2425,.T.);
#3344=ORIENTED_EDGE('',*,*,#2422,.T.);
#3345=ORIENTED_EDGE('',*,*,#2419,.T.);
#3346=ORIENTED_EDGE('',*,*,#2416,.T.);
#3347=ORIENTED_EDGE('',*,*,#2413,.T.);
#3348=ORIENTED_EDGE('',*,*,#2410,.T.);
#3349=ORIENTED_EDGE('',*,*,#2407,.T.);
#3350=ORIENTED_EDGE('',*,*,#2404,.T.);
#3351=ORIENTED_EDGE('',*,*,#2401,.T.);
#3352=ORIENTED_EDGE('',*,*,#2398,.T.);
#3353=ORIENTED_EDGE('',*,*,#2395,.T.);
#3354=ORIENTED_EDGE('',*,*,#2392,.T.);
#3355=ORIENTED_EDGE('',*,*,#2389,.T.);
#3356=ORIENTED_EDGE('',*,*,#2442,.T.);
#3357=ORIENTED_EDGE('',*,*,#2464,.T.);
#3358=ORIENTED_EDGE('',*,*,#2461,.T.);
#3359=ORIENTED_EDGE('',*,*,#2458,.T.);
#3360=ORIENTED_EDGE('',*,*,#2455,.T.);
#3361=ORIENTED_EDGE('',*,*,#2452,.T.);
#3362=ORIENTED_EDGE('',*,*,#2449,.T.);
#3363=ORIENTED_EDGE('',*,*,#2446,.T.);
#3364=ORIENTED_EDGE('',*,*,#2361,.T.);
#3365=ORIENTED_EDGE('',*,*,#2383,.T.);
#3366=ORIENTED_EDGE('',*,*,#2380,.T.);
#3367=ORIENTED_EDGE('',*,*,#2377,.T.);
#3368=ORIENTED_EDGE('',*,*,#2374,.T.);
#3369=ORIENTED_EDGE('',*,*,#2371,.T.);
#3370=ORIENTED_EDGE('',*,*,#2368,.T.);
#3371=ORIENTED_EDGE('',*,*,#2365,.T.);
#3372=ORIENTED_EDGE('',*,*,#2480,.F.);
#3373=ORIENTED_EDGE('',*,*,#2481,.F.);
#3374=ORIENTED_EDGE('',*,*,#2482,.F.);
#3375=ORIENTED_EDGE('',*,*,#2483,.F.);
#3376=ORIENTED_EDGE('',*,*,#2484,.F.);
#3377=ORIENTED_EDGE('',*,*,#2485,.F.);
#3378=ORIENTED_EDGE('',*,*,#2486,.F.);
#3379=ORIENTED_EDGE('',*,*,#2487,.F.);
#3380=ORIENTED_EDGE('',*,*,#2488,.F.);
#3381=ORIENTED_EDGE('',*,*,#2489,.F.);
#3382=ORIENTED_EDGE('',*,*,#2490,.F.);
#3383=ORIENTED_EDGE('',*,*,#2481,.T.);
#3384=ORIENTED_EDGE('',*,*,#2491,.F.);
#3385=ORIENTED_EDGE('',*,*,#2492,.F.);
#3386=ORIENTED_EDGE('',*,*,#2493,.F.);
#3387=ORIENTED_EDGE('',*,*,#2494,.F.);
#3388=ORIENTED_EDGE('',*,*,#2487,.T.);
#3389=ORIENTED_EDGE('',*,*,#2495,.F.);
#3390=ORIENTED_EDGE('',*,*,#2496,.F.);
#3391=ORIENTED_EDGE('',*,*,#2497,.F.);
#3392=ORIENTED_EDGE('',*,*,#2498,.F.);
#3393=ORIENTED_EDGE('',*,*,#2489,.T.);
#3394=ORIENTED_EDGE('',*,*,#2483,.T.);
#3395=ORIENTED_EDGE('',*,*,#2499,.F.);
#3396=ORIENTED_EDGE('',*,*,#2500,.F.);
#3397=ORIENTED_EDGE('',*,*,#2501,.T.);
#3398=ORIENTED_EDGE('',*,*,#2482,.T.);
#3399=ORIENTED_EDGE('',*,*,#2490,.T.);
#3400=ORIENTED_EDGE('',*,*,#2498,.T.);
#3401=ORIENTED_EDGE('',*,*,#2502,.T.);
#3402=ORIENTED_EDGE('',*,*,#2503,.T.);
#3403=ORIENTED_EDGE('',*,*,#2504,.F.);
#3404=ORIENTED_EDGE('',*,*,#2505,.T.);
#3405=ORIENTED_EDGE('',*,*,#2506,.F.);
#3406=ORIENTED_EDGE('',*,*,#2507,.T.);
#3407=ORIENTED_EDGE('',*,*,#2508,.F.);
#3408=ORIENTED_EDGE('',*,*,#2509,.F.);
#3409=ORIENTED_EDGE('',*,*,#2510,.F.);
#3410=ORIENTED_EDGE('',*,*,#2511,.F.);
#3411=ORIENTED_EDGE('',*,*,#2499,.T.);
#3412=ORIENTED_EDGE('',*,*,#2497,.T.);
#3413=ORIENTED_EDGE('',*,*,#2512,.F.);
#3414=ORIENTED_EDGE('',*,*,#2513,.F.);
#3415=ORIENTED_EDGE('',*,*,#2502,.F.);
#3416=ORIENTED_EDGE('',*,*,#2496,.T.);
#3417=ORIENTED_EDGE('',*,*,#2514,.T.);
#3418=ORIENTED_EDGE('',*,*,#2515,.F.);
#3419=ORIENTED_EDGE('',*,*,#2516,.T.);
#3420=ORIENTED_EDGE('',*,*,#2512,.T.);
#3421=ORIENTED_EDGE('',*,*,#2495,.T.);
#3422=ORIENTED_EDGE('',*,*,#2486,.T.);
#3423=ORIENTED_EDGE('',*,*,#2517,.F.);
#3424=ORIENTED_EDGE('',*,*,#2518,.F.);
#3425=ORIENTED_EDGE('',*,*,#2519,.F.);
#3426=ORIENTED_EDGE('',*,*,#2520,.F.);
#3427=ORIENTED_EDGE('',*,*,#2514,.F.);
#3428=ORIENTED_EDGE('',*,*,#2521,.T.);
#3429=ORIENTED_EDGE('',*,*,#2522,.T.);
#3430=ORIENTED_EDGE('',*,*,#2523,.T.);
#3431=ORIENTED_EDGE('',*,*,#2524,.T.);
#3432=ORIENTED_EDGE('',*,*,#2525,.T.);
#3433=ORIENTED_EDGE('',*,*,#2521,.F.);
#3434=ORIENTED_EDGE('',*,*,#2526,.T.);
#3435=ORIENTED_EDGE('',*,*,#2524,.F.);
#3436=ORIENTED_EDGE('',*,*,#2527,.T.);
#3437=ORIENTED_EDGE('',*,*,#2528,.T.);
#3438=ORIENTED_EDGE('',*,*,#2529,.T.);
#3439=ORIENTED_EDGE('',*,*,#2528,.F.);
#3440=ORIENTED_EDGE('',*,*,#2530,.T.);
#3441=ORIENTED_EDGE('',*,*,#2531,.T.);
#3442=ORIENTED_EDGE('',*,*,#2532,.T.);
#3443=ORIENTED_EDGE('',*,*,#2533,.T.);
#3444=ORIENTED_EDGE('',*,*,#2534,.T.);
#3445=ORIENTED_EDGE('',*,*,#2531,.F.);
#3446=ORIENTED_EDGE('',*,*,#2535,.T.);
#3447=ORIENTED_EDGE('',*,*,#2533,.F.);
#3448=ORIENTED_EDGE('',*,*,#2536,.T.);
#3449=ORIENTED_EDGE('',*,*,#2537,.T.);
#3450=ORIENTED_EDGE('',*,*,#2538,.T.);
#3451=ORIENTED_EDGE('',*,*,#2539,.T.);
#3452=ORIENTED_EDGE('',*,*,#2540,.T.);
#3453=ORIENTED_EDGE('',*,*,#2537,.F.);
#3454=ORIENTED_EDGE('',*,*,#2541,.T.);
#3455=ORIENTED_EDGE('',*,*,#2542,.T.);
#3456=ORIENTED_EDGE('',*,*,#2543,.T.);
#3457=ORIENTED_EDGE('',*,*,#2539,.F.);
#3458=ORIENTED_EDGE('',*,*,#2544,.T.);
#3459=ORIENTED_EDGE('',*,*,#2545,.T.);
#3460=ORIENTED_EDGE('',*,*,#2546,.T.);
#3461=ORIENTED_EDGE('',*,*,#2542,.F.);
#3462=ORIENTED_EDGE('',*,*,#2547,.T.);
#3463=ORIENTED_EDGE('',*,*,#2548,.T.);
#3464=ORIENTED_EDGE('',*,*,#2549,.T.);
#3465=ORIENTED_EDGE('',*,*,#2545,.F.);
#3466=ORIENTED_EDGE('',*,*,#2548,.F.);
#3467=ORIENTED_EDGE('',*,*,#2550,.T.);
#3468=ORIENTED_EDGE('',*,*,#2551,.F.);
#3469=ORIENTED_EDGE('',*,*,#2552,.T.);
#3470=ORIENTED_EDGE('',*,*,#2547,.F.);
#3471=ORIENTED_EDGE('',*,*,#2544,.F.);
#3472=ORIENTED_EDGE('',*,*,#2553,.F.);
#3473=ORIENTED_EDGE('',*,*,#2554,.F.);
#3474=ORIENTED_EDGE('',*,*,#2555,.F.);
#3475=ORIENTED_EDGE('',*,*,#2556,.F.);
#3476=ORIENTED_EDGE('',*,*,#2557,.F.);
#3477=ORIENTED_EDGE('',*,*,#2550,.F.);
#3478=ORIENTED_EDGE('',*,*,#2541,.F.);
#3479=ORIENTED_EDGE('',*,*,#2558,.F.);
#3480=ORIENTED_EDGE('',*,*,#2559,.F.);
#3481=ORIENTED_EDGE('',*,*,#2560,.F.);
#3482=ORIENTED_EDGE('',*,*,#2553,.T.);
#3483=ORIENTED_EDGE('',*,*,#2536,.F.);
#3484=ORIENTED_EDGE('',*,*,#2535,.F.);
#3485=ORIENTED_EDGE('',*,*,#2530,.F.);
#3486=ORIENTED_EDGE('',*,*,#2561,.F.);
#3487=ORIENTED_EDGE('',*,*,#2562,.T.);
#3488=ORIENTED_EDGE('',*,*,#2563,.T.);
#3489=ORIENTED_EDGE('',*,*,#2564,.T.);
#3490=ORIENTED_EDGE('',*,*,#2558,.T.);
#3491=ORIENTED_EDGE('',*,*,#2527,.F.);
#3492=ORIENTED_EDGE('',*,*,#2526,.F.);
#3493=ORIENTED_EDGE('',*,*,#2565,.F.);
#3494=ORIENTED_EDGE('',*,*,#2566,.F.);
#3495=ORIENTED_EDGE('',*,*,#2561,.T.);
#3496=ORIENTED_EDGE('',*,*,#2523,.F.);
#3497=ORIENTED_EDGE('',*,*,#2474,.T.);
#3498=ORIENTED_EDGE('',*,*,#2567,.T.);
#3499=ORIENTED_EDGE('',*,*,#2565,.T.);
#3500=ORIENTED_EDGE('',*,*,#2568,.T.);
#3501=ORIENTED_EDGE('',*,*,#2569,.T.);
#3502=ORIENTED_EDGE('',*,*,#2570,.T.);
#3503=ORIENTED_EDGE('',*,*,#2568,.F.);
#3504=ORIENTED_EDGE('',*,*,#2571,.T.);
#3505=ORIENTED_EDGE('',*,*,#2572,.T.);
#3506=ORIENTED_EDGE('',*,*,#2573,.T.);
#3507=ORIENTED_EDGE('',*,*,#2572,.F.);
#3508=ORIENTED_EDGE('',*,*,#2574,.T.);
#3509=ORIENTED_EDGE('',*,*,#2575,.T.);
#3510=ORIENTED_EDGE('',*,*,#2576,.T.);
#3511=ORIENTED_EDGE('',*,*,#2575,.F.);
#3512=ORIENTED_EDGE('',*,*,#2577,.T.);
#3513=ORIENTED_EDGE('',*,*,#2578,.T.);
#3514=ORIENTED_EDGE('',*,*,#2579,.T.);
#3515=ORIENTED_EDGE('',*,*,#2580,.T.);
#3516=ORIENTED_EDGE('',*,*,#2581,.T.);
#3517=ORIENTED_EDGE('',*,*,#2578,.F.);
#3518=ORIENTED_EDGE('',*,*,#2500,.T.);
#3519=ORIENTED_EDGE('',*,*,#2580,.F.);
#3520=ORIENTED_EDGE('',*,*,#2511,.T.);
#3521=ORIENTED_EDGE('',*,*,#2582,.T.);
#3522=ORIENTED_EDGE('',*,*,#2583,.T.);
#3523=ORIENTED_EDGE('',*,*,#2582,.F.);
#3524=ORIENTED_EDGE('',*,*,#2510,.T.);
#3525=ORIENTED_EDGE('',*,*,#2584,.T.);
#3526=ORIENTED_EDGE('',*,*,#2585,.T.);
#3527=ORIENTED_EDGE('',*,*,#2586,.T.);
#3528=ORIENTED_EDGE('',*,*,#2587,.T.);
#3529=ORIENTED_EDGE('',*,*,#2584,.F.);
#3530=ORIENTED_EDGE('',*,*,#2509,.T.);
#3531=ORIENTED_EDGE('',*,*,#2586,.F.);
#3532=ORIENTED_EDGE('',*,*,#2588,.T.);
#3533=ORIENTED_EDGE('',*,*,#2589,.T.);
#3534=ORIENTED_EDGE('',*,*,#2590,.T.);
#3535=ORIENTED_EDGE('',*,*,#2591,.T.);
#3536=ORIENTED_EDGE('',*,*,#2592,.T.);
#3537=ORIENTED_EDGE('',*,*,#2589,.F.);
#3538=ORIENTED_EDGE('',*,*,#2591,.F.);
#3539=ORIENTED_EDGE('',*,*,#2588,.F.);
#3540=ORIENTED_EDGE('',*,*,#2508,.T.);
#3541=ORIENTED_EDGE('',*,*,#2593,.T.);
#3542=ORIENTED_EDGE('',*,*,#2594,.T.);
#3543=ORIENTED_EDGE('',*,*,#2480,.T.);
#3544=ORIENTED_EDGE('',*,*,#2501,.F.);
#3545=ORIENTED_EDGE('',*,*,#2577,.F.);
#3546=ORIENTED_EDGE('',*,*,#2574,.F.);
#3547=ORIENTED_EDGE('',*,*,#2595,.F.);
#3548=ORIENTED_EDGE('',*,*,#2596,.T.);
#3549=ORIENTED_EDGE('',*,*,#2597,.T.);
#3550=ORIENTED_EDGE('',*,*,#2491,.T.);
#3551=ORIENTED_EDGE('',*,*,#2488,.T.);
#3552=ORIENTED_EDGE('',*,*,#2571,.F.);
#3553=ORIENTED_EDGE('',*,*,#2570,.F.);
#3554=ORIENTED_EDGE('',*,*,#2479,.T.);
#3555=ORIENTED_EDGE('',*,*,#2598,.T.);
#3556=ORIENTED_EDGE('',*,*,#2595,.T.);
#3557=ORIENTED_EDGE('',*,*,#2569,.F.);
#3558=ORIENTED_EDGE('',*,*,#2599,.T.);
#3559=ORIENTED_EDGE('',*,*,#2600,.T.);
#3560=ORIENTED_EDGE('',*,*,#2466,.T.);
#3561=ORIENTED_EDGE('',*,*,#2600,.F.);
#3562=ORIENTED_EDGE('',*,*,#2601,.F.);
#3563=ORIENTED_EDGE('',*,*,#2602,.F.);
#3564=ORIENTED_EDGE('',*,*,#2603,.F.);
#3565=ORIENTED_EDGE('',*,*,#2604,.F.);
#3566=ORIENTED_EDGE('',*,*,#2605,.F.);
#3567=ORIENTED_EDGE('',*,*,#2606,.F.);
#3568=ORIENTED_EDGE('',*,*,#2607,.F.);
#3569=ORIENTED_EDGE('',*,*,#2608,.F.);
#3570=ORIENTED_EDGE('',*,*,#2609,.F.);
#3571=ORIENTED_EDGE('',*,*,#2610,.T.);
#3572=ORIENTED_EDGE('',*,*,#2611,.T.);
#3573=ORIENTED_EDGE('',*,*,#2612,.T.);
#3574=ORIENTED_EDGE('',*,*,#2613,.T.);
#3575=ORIENTED_EDGE('',*,*,#2614,.T.);
#3576=ORIENTED_EDGE('',*,*,#2615,.T.);
#3577=ORIENTED_EDGE('',*,*,#2616,.T.);
#3578=ORIENTED_EDGE('',*,*,#2617,.T.);
#3579=ORIENTED_EDGE('',*,*,#2618,.T.);
#3580=ORIENTED_EDGE('',*,*,#2619,.T.);
#3581=ORIENTED_EDGE('',*,*,#2620,.T.);
#3582=ORIENTED_EDGE('',*,*,#2621,.T.);
#3583=ORIENTED_EDGE('',*,*,#2622,.T.);
#3584=ORIENTED_EDGE('',*,*,#2467,.F.);
#3585=ORIENTED_EDGE('',*,*,#2576,.F.);
#3586=ORIENTED_EDGE('',*,*,#2623,.T.);
#3587=ORIENTED_EDGE('',*,*,#2601,.T.);
#3588=ORIENTED_EDGE('',*,*,#2599,.F.);
#3589=ORIENTED_EDGE('',*,*,#2573,.F.);
#3590=ORIENTED_EDGE('',*,*,#2549,.F.);
#3591=ORIENTED_EDGE('',*,*,#2624,.T.);
#3592=ORIENTED_EDGE('',*,*,#2625,.T.);
#3593=ORIENTED_EDGE('',*,*,#2626,.T.);
#3594=ORIENTED_EDGE('',*,*,#2546,.F.);
#3595=ORIENTED_EDGE('',*,*,#2592,.F.);
#3596=ORIENTED_EDGE('',*,*,#2627,.T.);
#3597=ORIENTED_EDGE('',*,*,#2628,.T.);
#3598=ORIENTED_EDGE('',*,*,#2629,.T.);
#3599=ORIENTED_EDGE('',*,*,#2628,.F.);
#3600=ORIENTED_EDGE('',*,*,#2630,.T.);
#3601=ORIENTED_EDGE('',*,*,#2551,.T.);
#3602=ORIENTED_EDGE('',*,*,#2631,.T.);
#3603=ORIENTED_EDGE('',*,*,#2624,.F.);
#3604=ORIENTED_EDGE('',*,*,#2552,.F.);
#3605=ORIENTED_EDGE('',*,*,#2630,.F.);
#3606=ORIENTED_EDGE('',*,*,#2627,.F.);
#3607=ORIENTED_EDGE('',*,*,#2594,.F.);
#3608=ORIENTED_EDGE('',*,*,#2632,.T.);
#3609=ORIENTED_EDGE('',*,*,#2633,.F.);
#3610=ORIENTED_EDGE('',*,*,#2634,.T.);
#3611=ORIENTED_EDGE('',*,*,#2635,.T.);
#3612=ORIENTED_EDGE('',*,*,#2636,.F.);
#3613=ORIENTED_EDGE('',*,*,#2637,.F.);
#3614=ORIENTED_EDGE('',*,*,#2638,.F.);
#3615=ORIENTED_EDGE('',*,*,#2639,.F.);
#3616=ORIENTED_EDGE('',*,*,#2632,.F.);
#3617=ORIENTED_EDGE('',*,*,#2593,.F.);
#3618=ORIENTED_EDGE('',*,*,#2507,.F.);
#3619=ORIENTED_EDGE('',*,*,#2640,.F.);
#3620=ORIENTED_EDGE('',*,*,#2641,.F.);
#3621=ORIENTED_EDGE('',*,*,#2492,.T.);
#3622=ORIENTED_EDGE('',*,*,#2597,.F.);
#3623=ORIENTED_EDGE('',*,*,#2642,.F.);
#3624=ORIENTED_EDGE('',*,*,#2643,.T.);
#3625=ORIENTED_EDGE('',*,*,#2493,.T.);
#3626=ORIENTED_EDGE('',*,*,#2643,.F.);
#3627=ORIENTED_EDGE('',*,*,#2644,.F.);
#3628=ORIENTED_EDGE('',*,*,#2645,.F.);
#3629=ORIENTED_EDGE('',*,*,#2646,.F.);
#3630=ORIENTED_EDGE('',*,*,#2647,.F.);
#3631=ORIENTED_EDGE('',*,*,#2648,.F.);
#3632=ORIENTED_EDGE('',*,*,#2649,.F.);
#3633=ORIENTED_EDGE('',*,*,#2543,.F.);
#3634=ORIENTED_EDGE('',*,*,#2626,.F.);
#3635=ORIENTED_EDGE('',*,*,#2650,.T.);
#3636=ORIENTED_EDGE('',*,*,#2651,.F.);
#3637=ORIENTED_EDGE('',*,*,#2652,.T.);
#3638=ORIENTED_EDGE('',*,*,#2653,.F.);
#3639=ORIENTED_EDGE('',*,*,#2654,.T.);
#3640=ORIENTED_EDGE('',*,*,#2655,.T.);
#3641=ORIENTED_EDGE('',*,*,#2656,.T.);
#3642=ORIENTED_EDGE('',*,*,#2657,.T.);
#3643=ORIENTED_EDGE('',*,*,#2658,.F.);
#3644=ORIENTED_EDGE('',*,*,#2538,.F.);
#3645=ORIENTED_EDGE('',*,*,#2540,.F.);
#3646=ORIENTED_EDGE('',*,*,#2631,.F.);
#3647=ORIENTED_EDGE('',*,*,#2557,.T.);
#3648=ORIENTED_EDGE('',*,*,#2659,.F.);
#3649=ORIENTED_EDGE('',*,*,#2660,.F.);
#3650=ORIENTED_EDGE('',*,*,#2661,.F.);
#3651=ORIENTED_EDGE('',*,*,#2662,.T.);
#3652=ORIENTED_EDGE('',*,*,#2555,.T.);
#3653=ORIENTED_EDGE('',*,*,#2663,.F.);
#3654=ORIENTED_EDGE('',*,*,#2664,.F.);
#3655=ORIENTED_EDGE('',*,*,#2665,.T.);
#3656=ORIENTED_EDGE('',*,*,#2666,.T.);
#3657=ORIENTED_EDGE('',*,*,#2667,.F.);
#3658=ORIENTED_EDGE('',*,*,#2668,.F.);
#3659=ORIENTED_EDGE('',*,*,#2669,.F.);
#3660=ORIENTED_EDGE('',*,*,#2590,.F.);
#3661=ORIENTED_EDGE('',*,*,#2629,.F.);
#3662=ORIENTED_EDGE('',*,*,#2669,.T.);
#3663=ORIENTED_EDGE('',*,*,#2670,.T.);
#3664=ORIENTED_EDGE('',*,*,#2664,.T.);
#3665=ORIENTED_EDGE('',*,*,#2609,.T.);
#3666=ORIENTED_EDGE('',*,*,#2671,.T.);
#3667=ORIENTED_EDGE('',*,*,#2587,.F.);
#3668=ORIENTED_EDGE('',*,*,#2292,.T.);
#3669=ORIENTED_EDGE('',*,*,#2314,.T.);
#3670=ORIENTED_EDGE('',*,*,#2311,.T.);
#3671=ORIENTED_EDGE('',*,*,#2308,.T.);
#3672=ORIENTED_EDGE('',*,*,#2305,.T.);
#3673=ORIENTED_EDGE('',*,*,#2302,.T.);
#3674=ORIENTED_EDGE('',*,*,#2299,.T.);
#3675=ORIENTED_EDGE('',*,*,#2296,.T.);
#3676=ORIENTED_EDGE('',*,*,#2532,.F.);
#3677=ORIENTED_EDGE('',*,*,#2672,.T.);
#3678=ORIENTED_EDGE('',*,*,#2673,.T.);
#3679=ORIENTED_EDGE('',*,*,#2674,.T.);
#3680=ORIENTED_EDGE('',*,*,#2675,.T.);
#3681=ORIENTED_EDGE('',*,*,#2676,.T.);
#3682=ORIENTED_EDGE('',*,*,#2677,.F.);
#3683=ORIENTED_EDGE('',*,*,#2529,.F.);
#3684=ORIENTED_EDGE('',*,*,#2525,.F.);
#3685=ORIENTED_EDGE('',*,*,#2677,.T.);
#3686=ORIENTED_EDGE('',*,*,#2678,.T.);
#3687=ORIENTED_EDGE('',*,*,#2475,.T.);
#3688=ORIENTED_EDGE('',*,*,#2522,.F.);
#3689=ORIENTED_EDGE('',*,*,#2534,.F.);
#3690=ORIENTED_EDGE('',*,*,#2658,.T.);
#3691=ORIENTED_EDGE('',*,*,#2679,.T.);
#3692=ORIENTED_EDGE('',*,*,#2672,.F.);
#3693=ORIENTED_EDGE('',*,*,#2585,.F.);
#3694=ORIENTED_EDGE('',*,*,#2671,.F.);
#3695=ORIENTED_EDGE('',*,*,#2608,.T.);
#3696=ORIENTED_EDGE('',*,*,#2680,.F.);
#3697=ORIENTED_EDGE('',*,*,#2681,.F.);
#3698=ORIENTED_EDGE('',*,*,#2640,.T.);
#3699=ORIENTED_EDGE('',*,*,#2506,.T.);
#3700=ORIENTED_EDGE('',*,*,#2682,.F.);
#3701=ORIENTED_EDGE('',*,*,#2683,.T.);
#3702=ORIENTED_EDGE('',*,*,#2684,.T.);
#3703=ORIENTED_EDGE('',*,*,#2685,.T.);
#3704=ORIENTED_EDGE('',*,*,#2686,.T.);
#3705=ORIENTED_EDGE('',*,*,#2687,.T.);
#3706=ORIENTED_EDGE('',*,*,#2684,.F.);
#3707=ORIENTED_EDGE('',*,*,#2688,.T.);
#3708=ORIENTED_EDGE('',*,*,#2689,.T.);
#3709=ORIENTED_EDGE('',*,*,#2651,.T.);
#3710=ORIENTED_EDGE('',*,*,#2690,.T.);
#3711=ORIENTED_EDGE('',*,*,#2686,.F.);
#3712=ORIENTED_EDGE('',*,*,#2687,.F.);
#3713=ORIENTED_EDGE('',*,*,#2691,.T.);
#3714=ORIENTED_EDGE('',*,*,#2633,.T.);
#3715=ORIENTED_EDGE('',*,*,#2641,.T.);
#3716=ORIENTED_EDGE('',*,*,#2625,.F.);
#3717=ORIENTED_EDGE('',*,*,#2634,.F.);
#3718=ORIENTED_EDGE('',*,*,#2691,.F.);
#3719=ORIENTED_EDGE('',*,*,#2690,.F.);
#3720=ORIENTED_EDGE('',*,*,#2650,.F.);
#3721=ORIENTED_EDGE('',*,*,#2692,.T.);
#3722=ORIENTED_EDGE('',*,*,#2693,.T.);
#3723=ORIENTED_EDGE('',*,*,#2694,.T.);
#3724=ORIENTED_EDGE('',*,*,#2695,.T.);
#3725=ORIENTED_EDGE('',*,*,#2696,.T.);
#3726=ORIENTED_EDGE('',*,*,#2697,.T.);
#3727=ORIENTED_EDGE('',*,*,#2504,.T.);
#3728=ORIENTED_EDGE('',*,*,#2698,.T.);
#3729=ORIENTED_EDGE('',*,*,#2693,.F.);
#3730=ORIENTED_EDGE('',*,*,#2699,.T.);
#3731=ORIENTED_EDGE('',*,*,#2653,.T.);
#3732=ORIENTED_EDGE('',*,*,#2700,.F.);
#3733=ORIENTED_EDGE('',*,*,#2701,.T.);
#3734=ORIENTED_EDGE('',*,*,#2695,.F.);
#3735=ORIENTED_EDGE('',*,*,#2696,.F.);
#3736=ORIENTED_EDGE('',*,*,#2692,.F.);
#3737=ORIENTED_EDGE('',*,*,#2701,.F.);
#3738=ORIENTED_EDGE('',*,*,#2702,.F.);
#3739=ORIENTED_EDGE('',*,*,#2703,.T.);
#3740=ORIENTED_EDGE('',*,*,#2704,.T.);
#3741=ORIENTED_EDGE('',*,*,#2705,.F.);
#3742=ORIENTED_EDGE('',*,*,#2706,.F.);
#3743=ORIENTED_EDGE('',*,*,#2707,.T.);
#3744=ORIENTED_EDGE('',*,*,#2708,.T.);
#3745=ORIENTED_EDGE('',*,*,#2709,.F.);
#3746=ORIENTED_EDGE('',*,*,#2710,.F.);
#3747=ORIENTED_EDGE('',*,*,#2711,.F.);
#3748=ORIENTED_EDGE('',*,*,#2712,.F.);
#3749=ORIENTED_EDGE('',*,*,#2713,.F.);
#3750=ORIENTED_EDGE('',*,*,#2714,.T.);
#3751=ORIENTED_EDGE('',*,*,#2715,.T.);
#3752=ORIENTED_EDGE('',*,*,#2583,.F.);
#3753=ORIENTED_EDGE('',*,*,#2681,.T.);
#3754=ORIENTED_EDGE('',*,*,#2716,.F.);
#3755=ORIENTED_EDGE('',*,*,#2717,.T.);
#3756=ORIENTED_EDGE('',*,*,#2602,.T.);
#3757=ORIENTED_EDGE('',*,*,#2623,.F.);
#3758=ORIENTED_EDGE('',*,*,#2579,.F.);
#3759=ORIENTED_EDGE('',*,*,#2581,.F.);
#3760=ORIENTED_EDGE('',*,*,#2678,.F.);
#3761=ORIENTED_EDGE('',*,*,#2676,.F.);
#3762=ORIENTED_EDGE('',*,*,#2718,.T.);
#3763=ORIENTED_EDGE('',*,*,#2719,.F.);
#3764=ORIENTED_EDGE('',*,*,#2476,.F.);
#3765=ORIENTED_EDGE('',*,*,#2478,.F.);
#3766=ORIENTED_EDGE('',*,*,#2720,.F.);
#3767=ORIENTED_EDGE('',*,*,#2721,.T.);
#3768=ORIENTED_EDGE('',*,*,#2642,.T.);
#3769=ORIENTED_EDGE('',*,*,#2596,.F.);
#3770=ORIENTED_EDGE('',*,*,#2598,.F.);
#3771=ORIENTED_EDGE('',*,*,#2722,.F.);
#3772=ORIENTED_EDGE('',*,*,#2723,.T.);
#3773=ORIENTED_EDGE('',*,*,#2724,.T.);
#3774=ORIENTED_EDGE('',*,*,#2725,.F.);
#3775=ORIENTED_EDGE('',*,*,#2726,.T.);
#3776=ORIENTED_EDGE('',*,*,#2727,.T.);
#3777=ORIENTED_EDGE('',*,*,#2728,.T.);
#3778=ORIENTED_EDGE('',*,*,#2729,.T.);
#3779=ORIENTED_EDGE('',*,*,#2730,.F.);
#3780=ORIENTED_EDGE('',*,*,#2731,.T.);
#3781=ORIENTED_EDGE('',*,*,#2732,.F.);
#3782=ORIENTED_EDGE('',*,*,#2733,.T.);
#3783=ORIENTED_EDGE('',*,*,#2734,.F.);
#3784=ORIENTED_EDGE('',*,*,#2735,.T.);
#3785=ORIENTED_EDGE('',*,*,#2736,.T.);
#3786=ORIENTED_EDGE('',*,*,#2737,.T.);
#3787=ORIENTED_EDGE('',*,*,#2737,.F.);
#3788=ORIENTED_EDGE('',*,*,#2738,.T.);
#3789=ORIENTED_EDGE('',*,*,#2739,.T.);
#3790=ORIENTED_EDGE('',*,*,#2735,.F.);
#3791=ORIENTED_EDGE('',*,*,#2740,.F.);
#3792=ORIENTED_EDGE('',*,*,#2741,.F.);
#3793=ORIENTED_EDGE('',*,*,#2742,.F.);
#3794=ORIENTED_EDGE('',*,*,#2614,.F.);
#3795=ORIENTED_EDGE('',*,*,#2743,.F.);
#3796=ORIENTED_EDGE('',*,*,#2744,.F.);
#3797=ORIENTED_EDGE('',*,*,#2745,.T.);
#3798=ORIENTED_EDGE('',*,*,#2746,.T.);
#3799=ORIENTED_EDGE('',*,*,#2747,.T.);
#3800=ORIENTED_EDGE('',*,*,#2748,.T.);
#3801=ORIENTED_EDGE('',*,*,#2749,.T.);
#3802=ORIENTED_EDGE('',*,*,#2750,.T.);
#3803=ORIENTED_EDGE('',*,*,#2751,.T.);
#3804=ORIENTED_EDGE('',*,*,#2752,.T.);
#3805=ORIENTED_EDGE('',*,*,#2753,.T.);
#3806=ORIENTED_EDGE('',*,*,#2754,.T.);
#3807=ORIENTED_EDGE('',*,*,#2741,.T.);
#3808=ORIENTED_EDGE('',*,*,#2755,.T.);
#3809=ORIENTED_EDGE('',*,*,#2756,.F.);
#3810=ORIENTED_EDGE('',*,*,#2757,.F.);
#3811=ORIENTED_EDGE('',*,*,#2758,.F.);
#3812=ORIENTED_EDGE('',*,*,#2759,.F.);
#3813=ORIENTED_EDGE('',*,*,#2760,.F.);
#3814=ORIENTED_EDGE('',*,*,#2723,.F.);
#3815=ORIENTED_EDGE('',*,*,#2728,.F.);
#3816=ORIENTED_EDGE('',*,*,#2761,.F.);
#3817=ORIENTED_EDGE('',*,*,#2762,.F.);
#3818=ORIENTED_EDGE('',*,*,#2620,.F.);
#3819=ORIENTED_EDGE('',*,*,#2763,.F.);
#3820=ORIENTED_EDGE('',*,*,#2485,.T.);
#3821=ORIENTED_EDGE('',*,*,#2764,.T.);
#3822=ORIENTED_EDGE('',*,*,#2765,.T.);
#3823=ORIENTED_EDGE('',*,*,#2517,.T.);
#3824=ORIENTED_EDGE('',*,*,#2766,.F.);
#3825=ORIENTED_EDGE('',*,*,#2720,.T.);
#3826=ORIENTED_EDGE('',*,*,#2477,.F.);
#3827=ORIENTED_EDGE('',*,*,#2719,.T.);
#3828=ORIENTED_EDGE('',*,*,#2767,.F.);
#3829=ORIENTED_EDGE('',*,*,#2768,.T.);
#3830=ORIENTED_EDGE('',*,*,#2674,.F.);
#3831=ORIENTED_EDGE('',*,*,#2769,.F.);
#3832=ORIENTED_EDGE('',*,*,#2770,.T.);
#3833=ORIENTED_EDGE('',*,*,#2771,.T.);
#3834=ORIENTED_EDGE('',*,*,#2769,.T.);
#3835=ORIENTED_EDGE('',*,*,#2673,.F.);
#3836=ORIENTED_EDGE('',*,*,#2679,.F.);
#3837=ORIENTED_EDGE('',*,*,#2657,.F.);
#3838=ORIENTED_EDGE('',*,*,#2772,.T.);
#3839=ORIENTED_EDGE('',*,*,#2518,.T.);
#3840=ORIENTED_EDGE('',*,*,#2765,.F.);
#3841=ORIENTED_EDGE('',*,*,#2773,.T.);
#3842=ORIENTED_EDGE('',*,*,#2774,.T.);
#3843=ORIENTED_EDGE('',*,*,#2775,.T.);
#3844=ORIENTED_EDGE('',*,*,#2756,.T.);
#3845=ORIENTED_EDGE('',*,*,#2776,.T.);
#3846=ORIENTED_EDGE('',*,*,#2761,.T.);
#3847=ORIENTED_EDGE('',*,*,#2727,.F.);
#3848=ORIENTED_EDGE('',*,*,#2753,.F.);
#3849=ORIENTED_EDGE('',*,*,#2777,.F.);
#3850=ORIENTED_EDGE('',*,*,#2778,.F.);
#3851=ORIENTED_EDGE('',*,*,#2778,.T.);
#3852=ORIENTED_EDGE('',*,*,#2779,.F.);
#3853=ORIENTED_EDGE('',*,*,#2615,.F.);
#3854=ORIENTED_EDGE('',*,*,#2742,.T.);
#3855=ORIENTED_EDGE('',*,*,#2754,.F.);
#3856=ORIENTED_EDGE('',*,*,#2777,.T.);
#3857=ORIENTED_EDGE('',*,*,#2752,.F.);
#3858=ORIENTED_EDGE('',*,*,#2775,.F.);
#3859=ORIENTED_EDGE('',*,*,#2780,.F.);
#3860=ORIENTED_EDGE('',*,*,#2616,.F.);
#3861=ORIENTED_EDGE('',*,*,#2779,.T.);
#3862=ORIENTED_EDGE('',*,*,#2645,.T.);
#3863=ORIENTED_EDGE('',*,*,#2781,.F.);
#3864=ORIENTED_EDGE('',*,*,#2782,.F.);
#3865=ORIENTED_EDGE('',*,*,#2783,.F.);
#3866=ORIENTED_EDGE('',*,*,#2617,.F.);
#3867=ORIENTED_EDGE('',*,*,#2780,.T.);
#3868=ORIENTED_EDGE('',*,*,#2774,.F.);
#3869=ORIENTED_EDGE('',*,*,#2784,.F.);
#3870=ORIENTED_EDGE('',*,*,#2785,.F.);
#3871=ORIENTED_EDGE('',*,*,#2618,.F.);
#3872=ORIENTED_EDGE('',*,*,#2784,.T.);
#3873=ORIENTED_EDGE('',*,*,#2773,.F.);
#3874=ORIENTED_EDGE('',*,*,#2731,.F.);
#3875=ORIENTED_EDGE('',*,*,#2730,.T.);
#3876=ORIENTED_EDGE('',*,*,#2729,.F.);
#3877=ORIENTED_EDGE('',*,*,#2763,.T.);
#3878=ORIENTED_EDGE('',*,*,#2619,.F.);
#3879=ORIENTED_EDGE('',*,*,#2785,.T.);
#3880=ORIENTED_EDGE('',*,*,#2494,.T.);
#3881=ORIENTED_EDGE('',*,*,#2646,.T.);
#3882=ORIENTED_EDGE('',*,*,#2783,.T.);
#3883=ORIENTED_EDGE('',*,*,#2786,.T.);
#3884=ORIENTED_EDGE('',*,*,#2787,.T.);
#3885=ORIENTED_EDGE('',*,*,#2770,.F.);
#3886=ORIENTED_EDGE('',*,*,#2771,.F.);
#3887=ORIENTED_EDGE('',*,*,#2764,.F.);
#3888=ORIENTED_EDGE('',*,*,#2484,.T.);
#3889=ORIENTED_EDGE('',*,*,#2782,.T.);
#3890=ORIENTED_EDGE('',*,*,#2788,.F.);
#3891=ORIENTED_EDGE('',*,*,#2789,.T.);
#3892=ORIENTED_EDGE('',*,*,#2786,.F.);
#3893=ORIENTED_EDGE('',*,*,#2790,.T.);
#3894=ORIENTED_EDGE('',*,*,#2791,.T.);
#3895=ORIENTED_EDGE('',*,*,#2792,.T.);
#3896=ORIENTED_EDGE('',*,*,#2793,.T.);
#3897=ORIENTED_EDGE('',*,*,#2794,.T.);
#3898=ORIENTED_EDGE('',*,*,#2795,.T.);
#3899=ORIENTED_EDGE('',*,*,#2762,.T.);
#3900=ORIENTED_EDGE('',*,*,#2776,.F.);
#3901=ORIENTED_EDGE('',*,*,#2755,.F.);
#3902=ORIENTED_EDGE('',*,*,#2740,.T.);
#3903=ORIENTED_EDGE('',*,*,#2734,.T.);
#3904=ORIENTED_EDGE('',*,*,#2796,.T.);
#3905=ORIENTED_EDGE('',*,*,#2759,.T.);
#3906=ORIENTED_EDGE('',*,*,#2797,.F.);
#3907=ORIENTED_EDGE('',*,*,#2798,.F.);
#3908=ORIENTED_EDGE('',*,*,#2621,.F.);
#3909=ORIENTED_EDGE('',*,*,#2767,.T.);
#3910=ORIENTED_EDGE('',*,*,#2787,.F.);
#3911=ORIENTED_EDGE('',*,*,#2789,.F.);
#3912=ORIENTED_EDGE('',*,*,#2799,.F.);
#3913=ORIENTED_EDGE('',*,*,#2724,.F.);
#3914=ORIENTED_EDGE('',*,*,#2760,.T.);
#3915=ORIENTED_EDGE('',*,*,#2796,.F.);
#3916=ORIENTED_EDGE('',*,*,#2733,.F.);
#3917=ORIENTED_EDGE('',*,*,#2800,.F.);
#3918=ORIENTED_EDGE('',*,*,#2801,.F.);
#3919=ORIENTED_EDGE('',*,*,#2802,.F.);
#3920=ORIENTED_EDGE('',*,*,#2745,.F.);
#3921=ORIENTED_EDGE('',*,*,#2803,.F.);
#3922=ORIENTED_EDGE('',*,*,#2804,.T.);
#3923=ORIENTED_EDGE('',*,*,#2738,.F.);
#3924=ORIENTED_EDGE('',*,*,#2736,.F.);
#3925=ORIENTED_EDGE('',*,*,#2739,.F.);
#3926=ORIENTED_EDGE('',*,*,#2804,.F.);
#3927=ORIENTED_EDGE('',*,*,#2805,.F.);
#3928=ORIENTED_EDGE('',*,*,#2806,.T.);
#3929=ORIENTED_EDGE('',*,*,#2800,.T.);
#3930=ORIENTED_EDGE('',*,*,#2732,.T.);
#3931=ORIENTED_EDGE('',*,*,#2807,.F.);
#3932=ORIENTED_EDGE('',*,*,#2808,.T.);
#3933=ORIENTED_EDGE('',*,*,#2801,.T.);
#3934=ORIENTED_EDGE('',*,*,#2806,.F.);
#3935=ORIENTED_EDGE('',*,*,#2725,.T.);
#3936=ORIENTED_EDGE('',*,*,#2802,.T.);
#3937=ORIENTED_EDGE('',*,*,#2808,.F.);
#3938=ORIENTED_EDGE('',*,*,#2809,.F.);
#3939=ORIENTED_EDGE('',*,*,#2810,.T.);
#3940=ORIENTED_EDGE('',*,*,#2726,.F.);
#3941=ORIENTED_EDGE('',*,*,#2810,.F.);
#3942=ORIENTED_EDGE('',*,*,#2811,.F.);
#3943=ORIENTED_EDGE('',*,*,#2757,.T.);
#3944=ORIENTED_EDGE('',*,*,#2722,.T.);
#3945=ORIENTED_EDGE('',*,*,#2743,.T.);
#3946=ORIENTED_EDGE('',*,*,#2613,.F.);
#3947=ORIENTED_EDGE('',*,*,#2812,.T.);
#3948=ORIENTED_EDGE('',*,*,#2813,.T.);
#3949=ORIENTED_EDGE('',*,*,#2567,.F.);
#3950=ORIENTED_EDGE('',*,*,#2473,.T.);
#3951=ORIENTED_EDGE('',*,*,#2814,.T.);
#3952=ORIENTED_EDGE('',*,*,#2797,.T.);
#3953=ORIENTED_EDGE('',*,*,#2758,.T.);
#3954=ORIENTED_EDGE('',*,*,#2811,.T.);
#3955=ORIENTED_EDGE('',*,*,#2809,.T.);
#3956=ORIENTED_EDGE('',*,*,#2807,.T.);
#3957=ORIENTED_EDGE('',*,*,#2805,.T.);
#3958=ORIENTED_EDGE('',*,*,#2803,.T.);
#3959=ORIENTED_EDGE('',*,*,#2744,.T.);
#3960=ORIENTED_EDGE('',*,*,#2813,.F.);
#3961=ORIENTED_EDGE('',*,*,#2815,.T.);
#3962=ORIENTED_EDGE('',*,*,#2816,.T.);
#3963=ORIENTED_EDGE('',*,*,#2817,.T.);
#3964=ORIENTED_EDGE('',*,*,#2554,.T.);
#3965=ORIENTED_EDGE('',*,*,#2560,.T.);
#3966=ORIENTED_EDGE('',*,*,#2818,.F.);
#3967=ORIENTED_EDGE('',*,*,#2819,.F.);
#3968=ORIENTED_EDGE('',*,*,#2820,.F.);
#3969=ORIENTED_EDGE('',*,*,#2821,.F.);
#3970=ORIENTED_EDGE('',*,*,#2822,.F.);
#3971=ORIENTED_EDGE('',*,*,#2562,.F.);
#3972=ORIENTED_EDGE('',*,*,#2566,.T.);
#3973=ORIENTED_EDGE('',*,*,#2751,.F.);
#3974=ORIENTED_EDGE('',*,*,#2823,.T.);
#3975=ORIENTED_EDGE('',*,*,#2790,.F.);
#3976=ORIENTED_EDGE('',*,*,#2823,.F.);
#3977=ORIENTED_EDGE('',*,*,#2750,.F.);
#3978=ORIENTED_EDGE('',*,*,#2824,.T.);
#3979=ORIENTED_EDGE('',*,*,#2791,.F.);
#3980=ORIENTED_EDGE('',*,*,#2824,.F.);
#3981=ORIENTED_EDGE('',*,*,#2749,.F.);
#3982=ORIENTED_EDGE('',*,*,#2825,.T.);
#3983=ORIENTED_EDGE('',*,*,#2792,.F.);
#3984=ORIENTED_EDGE('',*,*,#2825,.F.);
#3985=ORIENTED_EDGE('',*,*,#2748,.F.);
#3986=ORIENTED_EDGE('',*,*,#2826,.T.);
#3987=ORIENTED_EDGE('',*,*,#2793,.F.);
#3988=ORIENTED_EDGE('',*,*,#2826,.F.);
#3989=ORIENTED_EDGE('',*,*,#2747,.F.);
#3990=ORIENTED_EDGE('',*,*,#2827,.T.);
#3991=ORIENTED_EDGE('',*,*,#2794,.F.);
#3992=ORIENTED_EDGE('',*,*,#2827,.F.);
#3993=ORIENTED_EDGE('',*,*,#2746,.F.);
#3994=ORIENTED_EDGE('',*,*,#2828,.T.);
#3995=ORIENTED_EDGE('',*,*,#2795,.F.);
#3996=ORIENTED_EDGE('',*,*,#2828,.F.);
#3997=ORIENTED_EDGE('',*,*,#2829,.F.);
#3998=ORIENTED_EDGE('',*,*,#2516,.F.);
#3999=ORIENTED_EDGE('',*,*,#2830,.T.);
#4000=ORIENTED_EDGE('',*,*,#2831,.T.);
#4001=ORIENTED_EDGE('',*,*,#2655,.F.);
#4002=ORIENTED_EDGE('',*,*,#2832,.F.);
#4003=ORIENTED_EDGE('',*,*,#2833,.F.);
#4004=ORIENTED_EDGE('',*,*,#2772,.F.);
#4005=ORIENTED_EDGE('',*,*,#2656,.F.);
#4006=ORIENTED_EDGE('',*,*,#2831,.F.);
#4007=ORIENTED_EDGE('',*,*,#2834,.T.);
#4008=ORIENTED_EDGE('',*,*,#2519,.T.);
#4009=ORIENTED_EDGE('',*,*,#2830,.F.);
#4010=ORIENTED_EDGE('',*,*,#2515,.T.);
#4011=ORIENTED_EDGE('',*,*,#2520,.T.);
#4012=ORIENTED_EDGE('',*,*,#2834,.F.);
#4013=ORIENTED_EDGE('',*,*,#2698,.F.);
#4014=ORIENTED_EDGE('',*,*,#2503,.F.);
#4015=ORIENTED_EDGE('',*,*,#2513,.T.);
#4016=ORIENTED_EDGE('',*,*,#2829,.T.);
#4017=ORIENTED_EDGE('',*,*,#2835,.F.);
#4018=ORIENTED_EDGE('',*,*,#2694,.F.);
#4019=ORIENTED_EDGE('',*,*,#2835,.T.);
#4020=ORIENTED_EDGE('',*,*,#2833,.T.);
#4021=ORIENTED_EDGE('',*,*,#2836,.T.);
#4022=ORIENTED_EDGE('',*,*,#2699,.F.);
#4023=ORIENTED_EDGE('',*,*,#2836,.F.);
#4024=ORIENTED_EDGE('',*,*,#2832,.T.);
#4025=ORIENTED_EDGE('',*,*,#2654,.F.);
#4026=ORIENTED_EDGE('',*,*,#2837,.F.);
#4027=ORIENTED_EDGE('',*,*,#2838,.T.);
#4028=ORIENTED_EDGE('',*,*,#2839,.T.);
#4029=ORIENTED_EDGE('',*,*,#2840,.T.);
#4030=ORIENTED_EDGE('',*,*,#2841,.T.);
#4031=ORIENTED_EDGE('',*,*,#2838,.F.);
#4032=ORIENTED_EDGE('',*,*,#2842,.T.);
#4033=ORIENTED_EDGE('',*,*,#2843,.F.);
#4034=ORIENTED_EDGE('',*,*,#2844,.T.);
#4035=ORIENTED_EDGE('',*,*,#2845,.T.);
#4036=ORIENTED_EDGE('',*,*,#2846,.T.);
#4037=ORIENTED_EDGE('',*,*,#2847,.T.);
#4038=ORIENTED_EDGE('',*,*,#2843,.T.);
#4039=ORIENTED_EDGE('',*,*,#2848,.T.);
#4040=ORIENTED_EDGE('',*,*,#2707,.F.);
#4041=ORIENTED_EDGE('',*,*,#2849,.T.);
#4042=ORIENTED_EDGE('',*,*,#2850,.T.);
#4043=ORIENTED_EDGE('',*,*,#2851,.T.);
#4044=ORIENTED_EDGE('',*,*,#2852,.T.);
#4045=ORIENTED_EDGE('',*,*,#2849,.F.);
#4046=ORIENTED_EDGE('',*,*,#2706,.T.);
#4047=ORIENTED_EDGE('',*,*,#2853,.F.);
#4048=ORIENTED_EDGE('',*,*,#2854,.T.);
#4049=ORIENTED_EDGE('',*,*,#2855,.T.);
#4050=ORIENTED_EDGE('',*,*,#2856,.T.);
#4051=ORIENTED_EDGE('',*,*,#2857,.T.);
#4052=ORIENTED_EDGE('',*,*,#2853,.T.);
#4053=ORIENTED_EDGE('',*,*,#2705,.T.);
#4054=ORIENTED_EDGE('',*,*,#2647,.T.);
#4055=ORIENTED_EDGE('',*,*,#2858,.T.);
#4056=ORIENTED_EDGE('',*,*,#2859,.T.);
#4057=ORIENTED_EDGE('',*,*,#2860,.T.);
#4058=ORIENTED_EDGE('',*,*,#2861,.T.);
#4059=ORIENTED_EDGE('',*,*,#2862,.T.);
#4060=ORIENTED_EDGE('',*,*,#2861,.F.);
#4061=ORIENTED_EDGE('',*,*,#2863,.F.);
#4062=ORIENTED_EDGE('',*,*,#2860,.F.);
#4063=ORIENTED_EDGE('',*,*,#2864,.T.);
#4064=ORIENTED_EDGE('',*,*,#2865,.F.);
#4065=ORIENTED_EDGE('',*,*,#2866,.F.);
#4066=ORIENTED_EDGE('',*,*,#2867,.T.);
#4067=ORIENTED_EDGE('',*,*,#2868,.T.);
#4068=ORIENTED_EDGE('',*,*,#2869,.T.);
#4069=ORIENTED_EDGE('',*,*,#2649,.T.);
#4070=ORIENTED_EDGE('',*,*,#2870,.F.);
#4071=ORIENTED_EDGE('',*,*,#2871,.T.);
#4072=ORIENTED_EDGE('',*,*,#2858,.F.);
#4073=ORIENTED_EDGE('',*,*,#2869,.F.);
#4074=ORIENTED_EDGE('',*,*,#2872,.T.);
#4075=ORIENTED_EDGE('',*,*,#2866,.T.);
#4076=ORIENTED_EDGE('',*,*,#2873,.T.);
#4077=ORIENTED_EDGE('',*,*,#2712,.T.);
#4078=ORIENTED_EDGE('',*,*,#2874,.F.);
#4079=ORIENTED_EDGE('',*,*,#2875,.T.);
#4080=ORIENTED_EDGE('',*,*,#2876,.T.);
#4081=ORIENTED_EDGE('',*,*,#2877,.T.);
#4082=ORIENTED_EDGE('',*,*,#2875,.F.);
#4083=ORIENTED_EDGE('',*,*,#2878,.F.);
#4084=ORIENTED_EDGE('',*,*,#2879,.T.);
#4085=ORIENTED_EDGE('',*,*,#2874,.T.);
#4086=ORIENTED_EDGE('',*,*,#2711,.T.);
#4087=ORIENTED_EDGE('',*,*,#2880,.T.);
#4088=ORIENTED_EDGE('',*,*,#2863,.T.);
#4089=ORIENTED_EDGE('',*,*,#2865,.T.);
#4090=ORIENTED_EDGE('',*,*,#2881,.T.);
#4091=ORIENTED_EDGE('',*,*,#2878,.T.);
#4092=ORIENTED_EDGE('',*,*,#2867,.F.);
#4093=ORIENTED_EDGE('',*,*,#2877,.F.);
#4094=ORIENTED_EDGE('',*,*,#2882,.T.);
#4095=ORIENTED_EDGE('',*,*,#2883,.F.);
#4096=ORIENTED_EDGE('',*,*,#2884,.F.);
#4097=ORIENTED_EDGE('',*,*,#2885,.F.);
#4098=ORIENTED_EDGE('',*,*,#2848,.F.);
#4099=ORIENTED_EDGE('',*,*,#2842,.F.);
#4100=ORIENTED_EDGE('',*,*,#2837,.T.);
#4101=ORIENTED_EDGE('',*,*,#2886,.T.);
#4102=ORIENTED_EDGE('',*,*,#2887,.F.);
#4103=ORIENTED_EDGE('',*,*,#2888,.F.);
#4104=ORIENTED_EDGE('',*,*,#2688,.F.);
#4105=ORIENTED_EDGE('',*,*,#2685,.F.);
#4106=ORIENTED_EDGE('',*,*,#2683,.F.);
#4107=ORIENTED_EDGE('',*,*,#2889,.F.);
#4108=ORIENTED_EDGE('',*,*,#2890,.F.);
#4109=ORIENTED_EDGE('',*,*,#2891,.F.);
#4110=ORIENTED_EDGE('',*,*,#2870,.T.);
#4111=ORIENTED_EDGE('',*,*,#2648,.T.);
#4112=ORIENTED_EDGE('',*,*,#2862,.F.);
#4113=ORIENTED_EDGE('',*,*,#2880,.F.);
#4114=ORIENTED_EDGE('',*,*,#2710,.T.);
#4115=ORIENTED_EDGE('',*,*,#2892,.T.);
#4116=ORIENTED_EDGE('',*,*,#2883,.T.);
#4117=ORIENTED_EDGE('',*,*,#2893,.F.);
#4118=ORIENTED_EDGE('',*,*,#2894,.F.);
#4119=ORIENTED_EDGE('',*,*,#2895,.F.);
#4120=ORIENTED_EDGE('',*,*,#2896,.F.);
#4121=ORIENTED_EDGE('',*,*,#2897,.F.);
#4122=ORIENTED_EDGE('',*,*,#2898,.T.);
#4123=ORIENTED_EDGE('',*,*,#2859,.F.);
#4124=ORIENTED_EDGE('',*,*,#2872,.F.);
#4125=ORIENTED_EDGE('',*,*,#2868,.F.);
#4126=ORIENTED_EDGE('',*,*,#2882,.F.);
#4127=ORIENTED_EDGE('',*,*,#2876,.F.);
#4128=ORIENTED_EDGE('',*,*,#2879,.F.);
#4129=ORIENTED_EDGE('',*,*,#2881,.F.);
#4130=ORIENTED_EDGE('',*,*,#2864,.F.);
#4131=ORIENTED_EDGE('',*,*,#2846,.F.);
#4132=ORIENTED_EDGE('',*,*,#2899,.T.);
#4133=ORIENTED_EDGE('',*,*,#2851,.F.);
#4134=ORIENTED_EDGE('',*,*,#2900,.T.);
#4135=ORIENTED_EDGE('',*,*,#2840,.F.);
#4136=ORIENTED_EDGE('',*,*,#2901,.T.);
#4137=ORIENTED_EDGE('',*,*,#2856,.F.);
#4138=ORIENTED_EDGE('',*,*,#2902,.T.);
#4139=ORIENTED_EDGE('',*,*,#2704,.F.);
#4140=ORIENTED_EDGE('',*,*,#2903,.T.);
#4141=ORIENTED_EDGE('',*,*,#2886,.F.);
#4142=ORIENTED_EDGE('',*,*,#2841,.F.);
#4143=ORIENTED_EDGE('',*,*,#2902,.F.);
#4144=ORIENTED_EDGE('',*,*,#2855,.F.);
#4145=ORIENTED_EDGE('',*,*,#2904,.F.);
#4146=ORIENTED_EDGE('',*,*,#2905,.T.);
#4147=ORIENTED_EDGE('',*,*,#2906,.F.);
#4148=ORIENTED_EDGE('',*,*,#2907,.F.);
#4149=ORIENTED_EDGE('',*,*,#2908,.F.);
#4150=ORIENTED_EDGE('',*,*,#2909,.T.);
#4151=ORIENTED_EDGE('',*,*,#2844,.F.);
#4152=ORIENTED_EDGE('',*,*,#2847,.F.);
#4153=ORIENTED_EDGE('',*,*,#2900,.F.);
#4154=ORIENTED_EDGE('',*,*,#2850,.F.);
#4155=ORIENTED_EDGE('',*,*,#2854,.F.);
#4156=ORIENTED_EDGE('',*,*,#2857,.F.);
#4157=ORIENTED_EDGE('',*,*,#2901,.F.);
#4158=ORIENTED_EDGE('',*,*,#2839,.F.);
#4159=ORIENTED_EDGE('',*,*,#2910,.T.);
#4160=ORIENTED_EDGE('',*,*,#2896,.T.);
#4161=ORIENTED_EDGE('',*,*,#2911,.T.);
#4162=ORIENTED_EDGE('',*,*,#2668,.T.);
#4163=ORIENTED_EDGE('',*,*,#2912,.T.);
#4164=ORIENTED_EDGE('',*,*,#2897,.T.);
#4165=ORIENTED_EDGE('',*,*,#2910,.F.);
#4166=ORIENTED_EDGE('',*,*,#2667,.T.);
#4167=ORIENTED_EDGE('',*,*,#2913,.F.);
#4168=ORIENTED_EDGE('',*,*,#2911,.F.);
#4169=ORIENTED_EDGE('',*,*,#2895,.T.);
#4170=ORIENTED_EDGE('',*,*,#2914,.T.);
#4171=ORIENTED_EDGE('',*,*,#2906,.T.);
#4172=ORIENTED_EDGE('',*,*,#2915,.T.);
#4173=ORIENTED_EDGE('',*,*,#2659,.T.);
#4174=ORIENTED_EDGE('',*,*,#2916,.T.);
#4175=ORIENTED_EDGE('',*,*,#2907,.T.);
#4176=ORIENTED_EDGE('',*,*,#2914,.F.);
#4177=ORIENTED_EDGE('',*,*,#2917,.F.);
#4178=ORIENTED_EDGE('',*,*,#2660,.T.);
#4179=ORIENTED_EDGE('',*,*,#2915,.F.);
#4180=ORIENTED_EDGE('',*,*,#2905,.F.);
#4181=ORIENTED_EDGE('',*,*,#2652,.F.);
#4182=ORIENTED_EDGE('',*,*,#2689,.F.);
#4183=ORIENTED_EDGE('',*,*,#2888,.T.);
#4184=ORIENTED_EDGE('',*,*,#2918,.F.);
#4185=ORIENTED_EDGE('',*,*,#2702,.T.);
#4186=ORIENTED_EDGE('',*,*,#2700,.T.);
#4187=ORIENTED_EDGE('',*,*,#2891,.T.);
#4188=ORIENTED_EDGE('',*,*,#2919,.F.);
#4189=ORIENTED_EDGE('',*,*,#2713,.T.);
#4190=ORIENTED_EDGE('',*,*,#2873,.F.);
#4191=ORIENTED_EDGE('',*,*,#2871,.F.);
#4192=ORIENTED_EDGE('',*,*,#2885,.T.);
#4193=ORIENTED_EDGE('',*,*,#2920,.F.);
#4194=ORIENTED_EDGE('',*,*,#2708,.F.);
#4195=ORIENTED_EDGE('',*,*,#2852,.F.);
#4196=ORIENTED_EDGE('',*,*,#2899,.F.);
#4197=ORIENTED_EDGE('',*,*,#2845,.F.);
#4198=ORIENTED_EDGE('',*,*,#2505,.F.);
#4199=ORIENTED_EDGE('',*,*,#2697,.F.);
#4200=ORIENTED_EDGE('',*,*,#2715,.F.);
#4201=ORIENTED_EDGE('',*,*,#2921,.T.);
#4202=ORIENTED_EDGE('',*,*,#2889,.T.);
#4203=ORIENTED_EDGE('',*,*,#2682,.T.);
#4204=ORIENTED_EDGE('',*,*,#2714,.F.);
#4205=ORIENTED_EDGE('',*,*,#2919,.T.);
#4206=ORIENTED_EDGE('',*,*,#2890,.T.);
#4207=ORIENTED_EDGE('',*,*,#2921,.F.);
#4208=ORIENTED_EDGE('',*,*,#2709,.T.);
#4209=ORIENTED_EDGE('',*,*,#2920,.T.);
#4210=ORIENTED_EDGE('',*,*,#2884,.T.);
#4211=ORIENTED_EDGE('',*,*,#2892,.F.);
#4212=ORIENTED_EDGE('',*,*,#2703,.F.);
#4213=ORIENTED_EDGE('',*,*,#2918,.T.);
#4214=ORIENTED_EDGE('',*,*,#2887,.T.);
#4215=ORIENTED_EDGE('',*,*,#2903,.F.);
#4216=ORIENTED_EDGE('',*,*,#2661,.T.);
#4217=ORIENTED_EDGE('',*,*,#2917,.T.);
#4218=ORIENTED_EDGE('',*,*,#2904,.T.);
#4219=ORIENTED_EDGE('',*,*,#2922,.T.);
#4220=ORIENTED_EDGE('',*,*,#2662,.F.);
#4221=ORIENTED_EDGE('',*,*,#2922,.F.);
#4222=ORIENTED_EDGE('',*,*,#2909,.F.);
#4223=ORIENTED_EDGE('',*,*,#2923,.T.);
#4224=ORIENTED_EDGE('',*,*,#2556,.T.);
#4225=ORIENTED_EDGE('',*,*,#2923,.F.);
#4226=ORIENTED_EDGE('',*,*,#2908,.T.);
#4227=ORIENTED_EDGE('',*,*,#2916,.F.);
#4228=ORIENTED_EDGE('',*,*,#2670,.F.);
#4229=ORIENTED_EDGE('',*,*,#2913,.T.);
#4230=ORIENTED_EDGE('',*,*,#2894,.T.);
#4231=ORIENTED_EDGE('',*,*,#2924,.T.);
#4232=ORIENTED_EDGE('',*,*,#2665,.F.);
#4233=ORIENTED_EDGE('',*,*,#2924,.F.);
#4234=ORIENTED_EDGE('',*,*,#2893,.T.);
#4235=ORIENTED_EDGE('',*,*,#2925,.T.);
#4236=ORIENTED_EDGE('',*,*,#2666,.F.);
#4237=ORIENTED_EDGE('',*,*,#2925,.F.);
#4238=ORIENTED_EDGE('',*,*,#2898,.F.);
#4239=ORIENTED_EDGE('',*,*,#2912,.F.);
#4240=ORIENTED_EDGE('',*,*,#2815,.F.);
#4241=ORIENTED_EDGE('',*,*,#2812,.F.);
#4242=ORIENTED_EDGE('',*,*,#2612,.F.);
#4243=ORIENTED_EDGE('',*,*,#2926,.T.);
#4244=ORIENTED_EDGE('',*,*,#2816,.F.);
#4245=ORIENTED_EDGE('',*,*,#2926,.F.);
#4246=ORIENTED_EDGE('',*,*,#2611,.F.);
#4247=ORIENTED_EDGE('',*,*,#2927,.T.);
#4248=ORIENTED_EDGE('',*,*,#2817,.F.);
#4249=ORIENTED_EDGE('',*,*,#2927,.F.);
#4250=ORIENTED_EDGE('',*,*,#2610,.F.);
#4251=ORIENTED_EDGE('',*,*,#2663,.T.);
#4252=ORIENTED_EDGE('',*,*,#2636,.T.);
#4253=ORIENTED_EDGE('',*,*,#2928,.T.);
#4254=ORIENTED_EDGE('',*,*,#2929,.T.);
#4255=ORIENTED_EDGE('',*,*,#2622,.F.);
#4256=ORIENTED_EDGE('',*,*,#2798,.T.);
#4257=ORIENTED_EDGE('',*,*,#2814,.F.);
#4258=ORIENTED_EDGE('',*,*,#2472,.F.);
#4259=ORIENTED_EDGE('',*,*,#2930,.F.);
#4260=ORIENTED_EDGE('',*,*,#2468,.F.);
#4261=ORIENTED_EDGE('',*,*,#2469,.T.);
#4262=ORIENTED_EDGE('',*,*,#2931,.F.);
#4263=ORIENTED_EDGE('',*,*,#2932,.T.);
#4264=ORIENTED_EDGE('',*,*,#2933,.T.);
#4265=ORIENTED_EDGE('',*,*,#2470,.T.);
#4266=ORIENTED_EDGE('',*,*,#2933,.F.);
#4267=ORIENTED_EDGE('',*,*,#2934,.T.);
#4268=ORIENTED_EDGE('',*,*,#2935,.T.);
#4269=ORIENTED_EDGE('',*,*,#2936,.T.);
#4270=ORIENTED_EDGE('',*,*,#2937,.F.);
#4271=ORIENTED_EDGE('',*,*,#2471,.T.);
#4272=ORIENTED_EDGE('',*,*,#2935,.F.);
#4273=ORIENTED_EDGE('',*,*,#2637,.T.);
#4274=ORIENTED_EDGE('',*,*,#2929,.F.);
#4275=ORIENTED_EDGE('',*,*,#2938,.T.);
#4276=ORIENTED_EDGE('',*,*,#2939,.T.);
#4277=ORIENTED_EDGE('',*,*,#2940,.T.);
#4278=ORIENTED_EDGE('',*,*,#2941,.F.);
#4279=ORIENTED_EDGE('',*,*,#2639,.T.);
#4280=ORIENTED_EDGE('',*,*,#2942,.T.);
#4281=ORIENTED_EDGE('',*,*,#2943,.T.);
#4282=ORIENTED_EDGE('',*,*,#2942,.F.);
#4283=ORIENTED_EDGE('',*,*,#2638,.T.);
#4284=ORIENTED_EDGE('',*,*,#2939,.F.);
#4285=ORIENTED_EDGE('',*,*,#2940,.F.);
#4286=ORIENTED_EDGE('',*,*,#2944,.T.);
#4287=ORIENTED_EDGE('',*,*,#2945,.F.);
#4288=ORIENTED_EDGE('',*,*,#2946,.F.);
#4289=ORIENTED_EDGE('',*,*,#2635,.F.);
#4290=ORIENTED_EDGE('',*,*,#2941,.T.);
#4291=ORIENTED_EDGE('',*,*,#2946,.T.);
#4292=ORIENTED_EDGE('',*,*,#2947,.F.);
#4293=ORIENTED_EDGE('',*,*,#2948,.F.);
#4294=ORIENTED_EDGE('',*,*,#2928,.F.);
#4295=ORIENTED_EDGE('',*,*,#2938,.F.);
#4296=ORIENTED_EDGE('',*,*,#2948,.T.);
#4297=ORIENTED_EDGE('',*,*,#2949,.F.);
#4298=ORIENTED_EDGE('',*,*,#2950,.F.);
#4299=ORIENTED_EDGE('',*,*,#2943,.F.);
#4300=ORIENTED_EDGE('',*,*,#2950,.T.);
#4301=ORIENTED_EDGE('',*,*,#2951,.F.);
#4302=ORIENTED_EDGE('',*,*,#2944,.F.);
#4303=ORIENTED_EDGE('',*,*,#2951,.T.);
#4304=ORIENTED_EDGE('',*,*,#2949,.T.);
#4305=ORIENTED_EDGE('',*,*,#2947,.T.);
#4306=ORIENTED_EDGE('',*,*,#2945,.T.);
#4307=ORIENTED_EDGE('',*,*,#2932,.F.);
#4308=ORIENTED_EDGE('',*,*,#2952,.T.);
#4309=ORIENTED_EDGE('',*,*,#2953,.F.);
#4310=ORIENTED_EDGE('',*,*,#2954,.F.);
#4311=ORIENTED_EDGE('',*,*,#2934,.F.);
#4312=ORIENTED_EDGE('',*,*,#2954,.T.);
#4313=ORIENTED_EDGE('',*,*,#2955,.F.);
#4314=ORIENTED_EDGE('',*,*,#2956,.F.);
#4315=ORIENTED_EDGE('',*,*,#2936,.F.);
#4316=ORIENTED_EDGE('',*,*,#2956,.T.);
#4317=ORIENTED_EDGE('',*,*,#2957,.F.);
#4318=ORIENTED_EDGE('',*,*,#2958,.F.);
#4319=ORIENTED_EDGE('',*,*,#2930,.T.);
#4320=ORIENTED_EDGE('',*,*,#2937,.T.);
#4321=ORIENTED_EDGE('',*,*,#2958,.T.);
#4322=ORIENTED_EDGE('',*,*,#2959,.F.);
#4323=ORIENTED_EDGE('',*,*,#2952,.F.);
#4324=ORIENTED_EDGE('',*,*,#2931,.T.);
#4325=ORIENTED_EDGE('',*,*,#2959,.T.);
#4326=ORIENTED_EDGE('',*,*,#2957,.T.);
#4327=ORIENTED_EDGE('',*,*,#2955,.T.);
#4328=ORIENTED_EDGE('',*,*,#2953,.T.);
#4329=ORIENTED_EDGE('',*,*,#2644,.T.);
#4330=ORIENTED_EDGE('',*,*,#2721,.F.);
#4331=ORIENTED_EDGE('',*,*,#2766,.T.);
#4332=ORIENTED_EDGE('',*,*,#2718,.F.);
#4333=ORIENTED_EDGE('',*,*,#2675,.F.);
#4334=ORIENTED_EDGE('',*,*,#2768,.F.);
#4335=ORIENTED_EDGE('',*,*,#2799,.T.);
#4336=ORIENTED_EDGE('',*,*,#2788,.T.);
#4337=ORIENTED_EDGE('',*,*,#2781,.T.);
#4338=ORIENTED_EDGE('',*,*,#2960,.F.);
#4339=ORIENTED_EDGE('',*,*,#2961,.F.);
#4340=ORIENTED_EDGE('',*,*,#2962,.F.);
#4341=ORIENTED_EDGE('',*,*,#2963,.F.);
#4342=ORIENTED_EDGE('',*,*,#2964,.F.);
#4343=ORIENTED_EDGE('',*,*,#2965,.T.);
#4344=ORIENTED_EDGE('',*,*,#2966,.F.);
#4345=ORIENTED_EDGE('',*,*,#2961,.T.);
#4346=ORIENTED_EDGE('',*,*,#2967,.F.);
#4347=ORIENTED_EDGE('',*,*,#2968,.F.);
#4348=ORIENTED_EDGE('',*,*,#2962,.T.);
#4349=ORIENTED_EDGE('',*,*,#2966,.T.);
#4350=ORIENTED_EDGE('',*,*,#2969,.T.);
#4351=ORIENTED_EDGE('',*,*,#2970,.F.);
#4352=ORIENTED_EDGE('',*,*,#2971,.F.);
#4353=ORIENTED_EDGE('',*,*,#2972,.F.);
#4354=ORIENTED_EDGE('',*,*,#2969,.F.);
#4355=ORIENTED_EDGE('',*,*,#2965,.F.);
#4356=ORIENTED_EDGE('',*,*,#2973,.F.);
#4357=ORIENTED_EDGE('',*,*,#2974,.F.);
#4358=ORIENTED_EDGE('',*,*,#2968,.T.);
#4359=ORIENTED_EDGE('',*,*,#2975,.F.);
#4360=ORIENTED_EDGE('',*,*,#2976,.F.);
#4361=ORIENTED_EDGE('',*,*,#2977,.F.);
#4362=ORIENTED_EDGE('',*,*,#2978,.F.);
#4363=ORIENTED_EDGE('',*,*,#2564,.F.);
#4364=ORIENTED_EDGE('',*,*,#2979,.F.);
#4365=ORIENTED_EDGE('',*,*,#2980,.F.);
#4366=ORIENTED_EDGE('',*,*,#2972,.T.);
#4367=ORIENTED_EDGE('',*,*,#2981,.T.);
#4368=ORIENTED_EDGE('',*,*,#2975,.T.);
#4369=ORIENTED_EDGE('',*,*,#2963,.T.);
#4370=ORIENTED_EDGE('',*,*,#2974,.T.);
#4371=ORIENTED_EDGE('',*,*,#2982,.F.);
#4372=ORIENTED_EDGE('',*,*,#2983,.T.);
#4373=ORIENTED_EDGE('',*,*,#2976,.T.);
#4374=ORIENTED_EDGE('',*,*,#2981,.F.);
#4375=ORIENTED_EDGE('',*,*,#2971,.T.);
#4376=ORIENTED_EDGE('',*,*,#2984,.T.);
#4377=ORIENTED_EDGE('',*,*,#2964,.T.);
#4378=ORIENTED_EDGE('',*,*,#2982,.T.);
#4379=ORIENTED_EDGE('',*,*,#2973,.T.);
#4380=ORIENTED_EDGE('',*,*,#2822,.T.);
#4381=ORIENTED_EDGE('',*,*,#2985,.T.);
#4382=ORIENTED_EDGE('',*,*,#2979,.T.);
#4383=ORIENTED_EDGE('',*,*,#2563,.F.);
#4384=ORIENTED_EDGE('',*,*,#2821,.T.);
#4385=ORIENTED_EDGE('',*,*,#2986,.T.);
#4386=ORIENTED_EDGE('',*,*,#2980,.T.);
#4387=ORIENTED_EDGE('',*,*,#2985,.F.);
#4388=ORIENTED_EDGE('',*,*,#2818,.T.);
#4389=ORIENTED_EDGE('',*,*,#2559,.T.);
#4390=ORIENTED_EDGE('',*,*,#2978,.T.);
#4391=ORIENTED_EDGE('',*,*,#2987,.F.);
#4392=ORIENTED_EDGE('',*,*,#2819,.T.);
#4393=ORIENTED_EDGE('',*,*,#2987,.T.);
#4394=ORIENTED_EDGE('',*,*,#2977,.T.);
#4395=ORIENTED_EDGE('',*,*,#2988,.T.);
#4396=ORIENTED_EDGE('',*,*,#2820,.T.);
#4397=ORIENTED_EDGE('',*,*,#2988,.F.);
#4398=ORIENTED_EDGE('',*,*,#2983,.F.);
#4399=ORIENTED_EDGE('',*,*,#2970,.T.);
#4400=ORIENTED_EDGE('',*,*,#2967,.T.);
#4401=ORIENTED_EDGE('',*,*,#2960,.T.);
#4402=ORIENTED_EDGE('',*,*,#2984,.F.);
#4403=ORIENTED_EDGE('',*,*,#2986,.F.);
#4404=ORIENTED_EDGE('',*,*,#2605,.T.);
#4405=ORIENTED_EDGE('',*,*,#2989,.F.);
#4406=ORIENTED_EDGE('',*,*,#2990,.F.);
#4407=ORIENTED_EDGE('',*,*,#2991,.T.);
#4408=ORIENTED_EDGE('',*,*,#2992,.T.);
#4409=ORIENTED_EDGE('',*,*,#2993,.T.);
#4410=ORIENTED_EDGE('',*,*,#2994,.F.);
#4411=ORIENTED_EDGE('',*,*,#2995,.F.);
#4412=ORIENTED_EDGE('',*,*,#2606,.T.);
#4413=ORIENTED_EDGE('',*,*,#2995,.T.);
#4414=ORIENTED_EDGE('',*,*,#2996,.T.);
#4415=ORIENTED_EDGE('',*,*,#2997,.T.);
#4416=ORIENTED_EDGE('',*,*,#2604,.T.);
#4417=ORIENTED_EDGE('',*,*,#2998,.F.);
#4418=ORIENTED_EDGE('',*,*,#2999,.T.);
#4419=ORIENTED_EDGE('',*,*,#2989,.T.);
#4420=ORIENTED_EDGE('',*,*,#2603,.T.);
#4421=ORIENTED_EDGE('',*,*,#2717,.F.);
#4422=ORIENTED_EDGE('',*,*,#3000,.T.);
#4423=ORIENTED_EDGE('',*,*,#2998,.T.);
#4424=ORIENTED_EDGE('',*,*,#2607,.T.);
#4425=ORIENTED_EDGE('',*,*,#2997,.F.);
#4426=ORIENTED_EDGE('',*,*,#3001,.T.);
#4427=ORIENTED_EDGE('',*,*,#2680,.T.);
#4428=ORIENTED_EDGE('',*,*,#2994,.T.);
#4429=ORIENTED_EDGE('',*,*,#3002,.F.);
#4430=ORIENTED_EDGE('',*,*,#3003,.T.);
#4431=ORIENTED_EDGE('',*,*,#3004,.F.);
#4432=ORIENTED_EDGE('',*,*,#2990,.T.);
#4433=ORIENTED_EDGE('',*,*,#3005,.F.);
#4434=ORIENTED_EDGE('',*,*,#3006,.F.);
#4435=ORIENTED_EDGE('',*,*,#3007,.F.);
#4436=ORIENTED_EDGE('',*,*,#3008,.F.);
#4437=ORIENTED_EDGE('',*,*,#3006,.T.);
#4438=ORIENTED_EDGE('',*,*,#3009,.F.);
#4439=ORIENTED_EDGE('',*,*,#3010,.F.);
#4440=ORIENTED_EDGE('',*,*,#3011,.F.);
#4441=ORIENTED_EDGE('',*,*,#3003,.F.);
#4442=ORIENTED_EDGE('',*,*,#3005,.T.);
#4443=ORIENTED_EDGE('',*,*,#2999,.F.);
#4444=ORIENTED_EDGE('',*,*,#3000,.F.);
#4445=ORIENTED_EDGE('',*,*,#2716,.T.);
#4446=ORIENTED_EDGE('',*,*,#3001,.F.);
#4447=ORIENTED_EDGE('',*,*,#2996,.F.);
#4448=ORIENTED_EDGE('',*,*,#3004,.T.);
#4449=ORIENTED_EDGE('',*,*,#3011,.T.);
#4450=ORIENTED_EDGE('',*,*,#3012,.F.);
#4451=ORIENTED_EDGE('',*,*,#3009,.T.);
#4452=ORIENTED_EDGE('',*,*,#2993,.F.);
#4453=ORIENTED_EDGE('',*,*,#3013,.T.);
#4454=ORIENTED_EDGE('',*,*,#3014,.T.);
#4455=ORIENTED_EDGE('',*,*,#3010,.T.);
#4456=ORIENTED_EDGE('',*,*,#3002,.T.);
#4457=ORIENTED_EDGE('',*,*,#3012,.T.);
#4458=ORIENTED_EDGE('',*,*,#3014,.F.);
#4459=ORIENTED_EDGE('',*,*,#3015,.F.);
#4460=ORIENTED_EDGE('',*,*,#3016,.F.);
#4461=ORIENTED_EDGE('',*,*,#3013,.F.);
#4462=ORIENTED_EDGE('',*,*,#2992,.F.);
#4463=ORIENTED_EDGE('',*,*,#3017,.F.);
#4464=ORIENTED_EDGE('',*,*,#3015,.T.);
#4465=ORIENTED_EDGE('',*,*,#2991,.F.);
#4466=ORIENTED_EDGE('',*,*,#3007,.T.);
#4467=ORIENTED_EDGE('',*,*,#3008,.T.);
#4468=ORIENTED_EDGE('',*,*,#3016,.T.);
#4469=ORIENTED_EDGE('',*,*,#3017,.T.);
#4470=PLANE('',#4867);
#4471=PLANE('',#4868);
#4472=PLANE('',#4869);
#4473=PLANE('',#4870);
#4474=PLANE('',#4871);
#4475=PLANE('',#4872);
#4476=PLANE('',#4873);
#4477=PLANE('',#4874);
#4478=PLANE('',#4875);
#4479=PLANE('',#4876);
#4480=PLANE('',#4877);
#4481=PLANE('',#4878);
#4482=PLANE('',#4879);
#4483=PLANE('',#4880);
#4484=PLANE('',#4881);
#4485=PLANE('',#4882);
#4486=PLANE('',#4883);
#4487=PLANE('',#4884);
#4488=PLANE('',#4885);
#4489=PLANE('',#4886);
#4490=PLANE('',#4887);
#4491=PLANE('',#4888);
#4492=PLANE('',#4889);
#4493=PLANE('',#4890);
#4494=PLANE('',#4891);
#4495=PLANE('',#4892);
#4496=PLANE('',#4893);
#4497=PLANE('',#4894);
#4498=PLANE('',#4895);
#4499=PLANE('',#4896);
#4500=PLANE('',#4897);
#4501=PLANE('',#4898);
#4502=PLANE('',#4899);
#4503=PLANE('',#4900);
#4504=PLANE('',#4901);
#4505=PLANE('',#4902);
#4506=PLANE('',#4907);
#4507=PLANE('',#4912);
#4508=PLANE('',#4914);
#4509=PLANE('',#4916);
#4510=PLANE('',#4917);
#4511=PLANE('',#4947);
#4512=PLANE('',#4954);
#4513=PLANE('',#4961);
#4514=PLANE('',#4963);
#4515=PLANE('',#4965);
#4516=PLANE('',#4966);
#4517=PLANE('',#4969);
#4518=PLANE('',#4973);
#4519=PLANE('',#4975);
#4520=PLANE('',#4982);
#4521=PLANE('',#5001);
#4522=PLANE('',#5003);
#4523=PLANE('',#5013);
#4524=PLANE('',#5014);
#4525=PLANE('',#5015);
#4526=PLANE('',#5016);
#4527=PLANE('',#5017);
#4528=PLANE('',#5020);
#4529=PLANE('',#5022);
#4530=PLANE('',#5025);
#4531=PLANE('',#5026);
#4532=PLANE('',#5028);
#4533=PLANE('',#5030);
#4534=PLANE('',#5031);
#4535=PLANE('',#5038);
#4536=PLANE('',#5039);
#4537=PLANE('',#5040);
#4538=PLANE('',#5044);
#4539=PLANE('',#5047);
#4540=PLANE('',#5050);
#4541=PLANE('',#5051);
#4542=PLANE('',#5059);
#4543=PLANE('',#5063);
#4544=PLANE('',#5066);
#4545=PLANE('',#5072);
#4546=PLANE('',#5080);
#4547=PLANE('',#5087);
#4548=PLANE('',#5093);
#4549=PLANE('',#5098);
#4550=PLANE('',#5102);
#4551=PLANE('',#5103);
#4552=PLANE('',#5107);
#4553=PLANE('',#5108);
#4554=PLANE('',#5111);
#4555=PLANE('',#5112);
#4556=PLANE('',#5113);
#4557=PLANE('',#5114);
#4558=PLANE('',#5121);
#4559=PLANE('',#5122);
#4560=PLANE('',#5123);
#4561=PLANE('',#5124);
#4562=PLANE('',#5128);
#4563=PLANE('',#5129);
#4564=PLANE('',#5130);
#4565=PLANE('',#5131);
#4566=PLANE('',#5132);
#4567=PLANE('',#5133);
#4568=PLANE('',#5134);
#4569=PLANE('',#5135);
#4570=PLANE('',#5148);
#4571=PLANE('',#5151);
#4572=PLANE('',#5152);
#4573=PLANE('',#5155);
#4574=PLANE('',#5158);
#4575=PLANE('',#5159);
#4576=PLANE('',#5160);
#4577=PLANE('',#5161);
#4578=PLANE('',#5165);
#4579=PLANE('',#5171);
#4580=PLANE('',#5174);
#4581=PLANE('',#5179);
#4582=PLANE('',#5180);
#4583=PLANE('',#5181);
#4584=PLANE('',#5182);
#4585=PLANE('',#5183);
#4586=PLANE('',#5184);
#4587=PLANE('',#5190);
#4588=PLANE('',#5191);
#4589=PLANE('',#5192);
#4590=PLANE('',#5193);
#4591=PLANE('',#5194);
#4592=PLANE('',#5195);
#4593=PLANE('',#5202);
#4594=PLANE('',#5204);
#4595=PLANE('',#5209);
#4596=PLANE('',#5210);
#4597=ADVANCED_FACE('',(#536),#4470,.F.);
#4598=ADVANCED_FACE('',(#537),#464,.F.);
#4599=ADVANCED_FACE('',(#538),#465,.F.);
#4600=ADVANCED_FACE('',(#539),#466,.F.);
#4601=ADVANCED_FACE('',(#540),#467,.F.);
#4602=ADVANCED_FACE('',(#541),#468,.F.);
#4603=ADVANCED_FACE('',(#542),#4471,.F.);
#4604=ADVANCED_FACE('',(#543),#4472,.F.);
#4605=ADVANCED_FACE('',(#544),#4473,.F.);
#4606=ADVANCED_FACE('',(#545),#4474,.F.);
#4607=ADVANCED_FACE('',(#546),#469,.F.);
#4608=ADVANCED_FACE('',(#547),#470,.F.);
#4609=ADVANCED_FACE('',(#548),#471,.F.);
#4610=ADVANCED_FACE('',(#549),#472,.F.);
#4611=ADVANCED_FACE('',(#550),#473,.F.);
#4612=ADVANCED_FACE('',(#551),#474,.F.);
#4613=ADVANCED_FACE('',(#552),#4475,.F.);
#4614=ADVANCED_FACE('',(#553),#4476,.F.);
#4615=ADVANCED_FACE('',(#554),#4477,.F.);
#4616=ADVANCED_FACE('',(#555,#244),#4478,.T.);
#4617=ADVANCED_FACE('',(#556),#4479,.F.);
#4618=ADVANCED_FACE('',(#557),#4480,.F.);
#4619=ADVANCED_FACE('',(#558),#4481,.F.);
#4620=ADVANCED_FACE('',(#559),#4482,.F.);
#4621=ADVANCED_FACE('',(#560),#4483,.F.);
#4622=ADVANCED_FACE('',(#561),#4484,.F.);
#4623=ADVANCED_FACE('',(#562),#475,.F.);
#4624=ADVANCED_FACE('',(#563),#476,.F.);
#4625=ADVANCED_FACE('',(#564),#477,.F.);
#4626=ADVANCED_FACE('',(#565),#478,.F.);
#4627=ADVANCED_FACE('',(#566),#479,.F.);
#4628=ADVANCED_FACE('',(#567),#4485,.F.);
#4629=ADVANCED_FACE('',(#568),#4486,.F.);
#4630=ADVANCED_FACE('',(#569),#4487,.F.);
#4631=ADVANCED_FACE('',(#570),#4488,.F.);
#4632=ADVANCED_FACE('',(#571),#480,.F.);
#4633=ADVANCED_FACE('',(#572),#481,.F.);
#4634=ADVANCED_FACE('',(#573),#482,.F.);
#4635=ADVANCED_FACE('',(#574),#483,.F.);
#4636=ADVANCED_FACE('',(#575),#4489,.F.);
#4637=ADVANCED_FACE('',(#576),#4490,.F.);
#4638=ADVANCED_FACE('',(#577),#4491,.F.);
#4639=ADVANCED_FACE('',(#578),#484,.F.);
#4640=ADVANCED_FACE('',(#579),#485,.F.);
#4641=ADVANCED_FACE('',(#580),#486,.F.);
#4642=ADVANCED_FACE('',(#581),#487,.F.);
#4643=ADVANCED_FACE('',(#582),#488,.F.);
#4644=ADVANCED_FACE('',(#583),#489,.F.);
#4645=ADVANCED_FACE('',(#584),#490,.F.);
#4646=ADVANCED_FACE('',(#585),#4492,.F.);
#4647=ADVANCED_FACE('',(#586),#4493,.F.);
#4648=ADVANCED_FACE('',(#587),#4494,.F.);
#4649=ADVANCED_FACE('',(#588,#245),#4495,.T.);
#4650=ADVANCED_FACE('',(#589),#4496,.F.);
#4651=ADVANCED_FACE('',(#590),#4497,.F.);
#4652=ADVANCED_FACE('',(#591),#4498,.F.);
#4653=ADVANCED_FACE('',(#592),#4499,.F.);
#4654=ADVANCED_FACE('',(#593),#4500,.F.);
#4655=ADVANCED_FACE('',(#594),#4501,.F.);
#4656=ADVANCED_FACE('',(#595),#4502,.F.);
#4657=ADVANCED_FACE('',(#596),#4503,.F.);
#4658=ADVANCED_FACE('',(#597),#4504,.F.);
#4659=ADVANCED_FACE('',(#598,#246,#247,#248,#249),#4505,.T.);
#4660=ADVANCED_FACE('',(#599),#4506,.T.);
#4661=ADVANCED_FACE('',(#600),#75,.F.);
#4662=ADVANCED_FACE('',(#601),#76,.T.);
#4663=ADVANCED_FACE('',(#602),#67,.F.);
#4664=ADVANCED_FACE('',(#603),#68,.F.);
#4665=ADVANCED_FACE('',(#604),#4507,.F.);
#4666=ADVANCED_FACE('',(#605),#491,.T.);
#4667=ADVANCED_FACE('',(#606),#4508,.T.);
#4668=ADVANCED_FACE('',(#607),#4509,.F.);
#4669=ADVANCED_FACE('',(#608),#4510,.T.);
#4670=ADVANCED_FACE('',(#609),#492,.F.);
#4671=ADVANCED_FACE('',(#610),#493,.F.);
#4672=ADVANCED_FACE('',(#611),#494,.F.);
#4673=ADVANCED_FACE('',(#612),#495,.F.);
#4674=ADVANCED_FACE('',(#613),#61,.T.);
#4675=ADVANCED_FACE('',(#614),#496,.F.);
#4676=ADVANCED_FACE('',(#615),#497,.F.);
#4677=ADVANCED_FACE('',(#616),#498,.F.);
#4678=ADVANCED_FACE('',(#617),#499,.F.);
#4679=ADVANCED_FACE('',(#618),#500,.F.);
#4680=ADVANCED_FACE('',(#619),#501,.F.);
#4681=ADVANCED_FACE('',(#620),#502,.F.);
#4682=ADVANCED_FACE('',(#621),#503,.F.);
#4683=ADVANCED_FACE('',(#622),#77,.T.);
#4684=ADVANCED_FACE('',(#623),#504,.F.);
#4685=ADVANCED_FACE('',(#624),#505,.F.);
#4686=ADVANCED_FACE('',(#625),#506,.F.);
#4687=ADVANCED_FACE('',(#626),#507,.F.);
#4688=ADVANCED_FACE('',(#627),#508,.F.);
#4689=ADVANCED_FACE('',(#628),#509,.F.);
#4690=ADVANCED_FACE('',(#629),#62,.T.);
#4691=ADVANCED_FACE('',(#630),#510,.F.);
#4692=ADVANCED_FACE('',(#631),#511,.F.);
#4693=ADVANCED_FACE('',(#632),#512,.F.);
#4694=ADVANCED_FACE('',(#633),#513,.F.);
#4695=ADVANCED_FACE('',(#634),#514,.F.);
#4696=ADVANCED_FACE('',(#635),#515,.F.);
#4697=ADVANCED_FACE('',(#636),#516,.T.);
#4698=ADVANCED_FACE('',(#637),#517,.F.);
#4699=ADVANCED_FACE('',(#638),#518,.F.);
#4700=ADVANCED_FACE('',(#639),#4511,.T.);
#4701=ADVANCED_FACE('',(#640),#519,.T.);
#4702=ADVANCED_FACE('',(#641),#520,.F.);
#4703=ADVANCED_FACE('',(#642),#521,.F.);
#4704=ADVANCED_FACE('',(#643),#522,.F.);
#4705=ADVANCED_FACE('',(#644,#250),#4512,.T.);
#4706=ADVANCED_FACE('',(#645),#78,.T.);
#4707=ADVANCED_FACE('',(#646),#4513,.F.);
#4708=ADVANCED_FACE('',(#647),#4514,.T.);
#4709=ADVANCED_FACE('',(#648),#523,.T.);
#4710=ADVANCED_FACE('',(#649),#69,.F.);
#4711=ADVANCED_FACE('',(#650),#70,.T.);
#4712=ADVANCED_FACE('',(#651),#524,.T.);
#4713=ADVANCED_FACE('',(#652),#4515,.T.);
#4714=ADVANCED_FACE('',(#653),#71,.F.);
#4715=ADVANCED_FACE('',(#654),#525,.F.);
#4716=ADVANCED_FACE('',(#655),#4516,.T.);
#4717=ADVANCED_FACE('',(#656),#526,.T.);
#4718=ADVANCED_FACE('',(#657),#57,.T.);
#4719=ADVANCED_FACE('',(#658),#4517,.T.);
#4720=ADVANCED_FACE('',(#659),#58,.T.);
#4721=ADVANCED_FACE('',(#660),#4518,.T.);
#4722=ADVANCED_FACE('',(#661),#79,.T.);
#4723=ADVANCED_FACE('',(#662),#4519,.T.);
#4724=ADVANCED_FACE('',(#663),#59,.T.);
#4725=ADVANCED_FACE('',(#664),#60,.T.);
#4726=ADVANCED_FACE('',(#665),#4520,.T.);
#4727=ADVANCED_FACE('',(#666),#80,.T.);
#4728=ADVANCED_FACE('',(#667),#81,.T.);
#4729=ADVANCED_FACE('',(#668),#82,.T.);
#4730=ADVANCED_FACE('',(#669),#527,.F.);
#4731=ADVANCED_FACE('',(#670),#528,.F.);
#4732=ADVANCED_FACE('',(#671),#83,.T.);
#4733=ADVANCED_FACE('',(#672),#4521,.F.);
#4734=ADVANCED_FACE('',(#673,#251,#252,#253,#254,#255,#256),#4522,.F.);
#4735=ADVANCED_FACE('',(#674),#84,.T.);
#4736=ADVANCED_FACE('',(#675),#4523,.F.);
#4737=ADVANCED_FACE('',(#676),#4524,.F.);
#4738=ADVANCED_FACE('',(#677),#4525,.T.);
#4739=ADVANCED_FACE('',(#678),#4526,.T.);
#4740=ADVANCED_FACE('',(#679),#4527,.F.);
#4741=ADVANCED_FACE('',(#680),#85,.T.);
#4742=ADVANCED_FACE('',(#681),#4528,.T.);
#4743=ADVANCED_FACE('',(#682),#4529,.T.);
#4744=ADVANCED_FACE('',(#683),#86,.F.);
#4745=ADVANCED_FACE('',(#684),#4530,.T.);
#4746=ADVANCED_FACE('',(#685),#4531,.T.);
#4747=ADVANCED_FACE('',(#686),#87,.F.);
#4748=ADVANCED_FACE('',(#687),#4532,.T.);
#4749=ADVANCED_FACE('',(#688),#88,.F.);
#4750=ADVANCED_FACE('',(#689),#4533,.T.);
#4751=ADVANCED_FACE('',(#690,#257,#258,#259,#260,#261,#262),#4534,.T.);
#4752=ADVANCED_FACE('',(#691),#4535,.T.);
#4753=ADVANCED_FACE('',(#692),#4536,.F.);
#4754=ADVANCED_FACE('',(#693),#4537,.F.);
#4755=ADVANCED_FACE('',(#694),#89,.F.);
#4756=ADVANCED_FACE('',(#695),#4538,.F.);
#4757=ADVANCED_FACE('',(#696),#90,.F.);
#4758=ADVANCED_FACE('',(#697),#4539,.F.);
#4759=ADVANCED_FACE('',(#698),#91,.F.);
#4760=ADVANCED_FACE('',(#699),#4540,.T.);
#4761=ADVANCED_FACE('',(#700),#4541,.F.);
#4762=ADVANCED_FACE('',(#701),#92,.F.);
#4763=ADVANCED_FACE('',(#702),#93,.F.);
#4764=ADVANCED_FACE('',(#703),#94,.F.);
#4765=ADVANCED_FACE('',(#704),#95,.F.);
#4766=ADVANCED_FACE('',(#705),#96,.F.);
#4767=ADVANCED_FACE('',(#706),#97,.F.);
#4768=ADVANCED_FACE('',(#707),#4542,.F.);
#4769=ADVANCED_FACE('',(#708),#4543,.F.);
#4770=ADVANCED_FACE('',(#709),#98,.T.);
#4771=ADVANCED_FACE('',(#710),#99,.T.);
#4772=ADVANCED_FACE('',(#711),#4544,.T.);
#4773=ADVANCED_FACE('',(#712),#100,.T.);
#4774=ADVANCED_FACE('',(#713),#101,.F.);
#4775=ADVANCED_FACE('',(#714),#4545,.T.);
#4776=ADVANCED_FACE('',(#715),#102,.F.);
#4777=ADVANCED_FACE('',(#716),#103,.F.);
#4778=ADVANCED_FACE('',(#717),#4546,.T.);
#4779=ADVANCED_FACE('',(#718),#104,.F.);
#4780=ADVANCED_FACE('',(#719),#105,.F.);
#4781=ADVANCED_FACE('',(#720),#529,.T.);
#4782=ADVANCED_FACE('',(#721),#4547,.T.);
#4783=ADVANCED_FACE('',(#722),#106,.F.);
#4784=ADVANCED_FACE('',(#723),#4548,.T.);
#4785=ADVANCED_FACE('',(#724),#107,.F.);
#4786=ADVANCED_FACE('',(#725),#4549,.T.);
#4787=ADVANCED_FACE('',(#726),#108,.F.);
#4788=ADVANCED_FACE('',(#727),#4550,.T.);
#4789=ADVANCED_FACE('',(#728),#4551,.F.);
#4790=ADVANCED_FACE('',(#729),#4552,.F.);
#4791=ADVANCED_FACE('',(#730,#263),#4553,.F.);
#4792=ADVANCED_FACE('',(#731),#4554,.T.);
#4793=ADVANCED_FACE('',(#732),#4555,.T.);
#4794=ADVANCED_FACE('',(#733),#4556,.F.);
#4795=ADVANCED_FACE('',(#734,#264),#4557,.F.);
#4796=ADVANCED_FACE('',(#735),#530,.F.);
#4797=ADVANCED_FACE('',(#736),#531,.F.);
#4798=ADVANCED_FACE('',(#737),#532,.F.);
#4799=ADVANCED_FACE('',(#738),#533,.F.);
#4800=ADVANCED_FACE('',(#739),#534,.F.);
#4801=ADVANCED_FACE('',(#740),#535,.F.);
#4802=ADVANCED_FACE('',(#741),#4558,.F.);
#4803=ADVANCED_FACE('',(#742),#4559,.F.);
#4804=ADVANCED_FACE('',(#743),#4560,.F.);
#4805=ADVANCED_FACE('',(#744),#4561,.F.);
#4806=ADVANCED_FACE('',(#745),#109,.F.);
#4807=ADVANCED_FACE('',(#746),#110,.T.);
#4808=ADVANCED_FACE('',(#747),#111,.F.);
#4809=ADVANCED_FACE('',(#748),#4562,.F.);
#4810=ADVANCED_FACE('',(#749),#4563,.F.);
#4811=ADVANCED_FACE('',(#750),#4564,.F.);
#4812=ADVANCED_FACE('',(#751),#4565,.F.);
#4813=ADVANCED_FACE('',(#752),#4566,.F.);
#4814=ADVANCED_FACE('',(#753),#4567,.F.);
#4815=ADVANCED_FACE('',(#754),#4568,.T.);
#4816=ADVANCED_FACE('',(#755),#72,.T.);
#4817=ADVANCED_FACE('',(#756),#4569,.T.);
#4818=ADVANCED_FACE('',(#757),#73,.T.);
#4819=ADVANCED_FACE('',(#758),#74,.T.);
#4820=ADVANCED_FACE('',(#759),#63,.F.);
#4821=ADVANCED_FACE('',(#760),#112,.F.);
#4822=ADVANCED_FACE('',(#761),#64,.F.);
#4823=ADVANCED_FACE('',(#762),#65,.F.);
#4824=ADVANCED_FACE('',(#763),#66,.F.);
#4825=ADVANCED_FACE('',(#764),#113,.F.);
#4826=ADVANCED_FACE('',(#765),#114,.T.);
#4827=ADVANCED_FACE('',(#766),#4570,.T.);
#4828=ADVANCED_FACE('',(#767),#115,.T.);
#4829=ADVANCED_FACE('',(#768),#4571,.T.);
#4830=ADVANCED_FACE('',(#769),#4572,.T.);
#4831=ADVANCED_FACE('',(#770),#116,.T.);
#4832=ADVANCED_FACE('',(#771),#4573,.T.);
#4833=ADVANCED_FACE('',(#772),#117,.T.);
#4834=ADVANCED_FACE('',(#773),#4574,.T.);
#4835=ADVANCED_FACE('',(#774),#4575,.T.);
#4836=ADVANCED_FACE('',(#775),#4576,.T.);
#4837=ADVANCED_FACE('',(#776),#4577,.F.);
#4838=ADVANCED_FACE('',(#777),#4578,.T.);
#4839=ADVANCED_FACE('',(#778),#118,.F.);
#4840=ADVANCED_FACE('',(#779),#4579,.F.);
#4841=ADVANCED_FACE('',(#780),#4580,.T.);
#4842=ADVANCED_FACE('',(#781),#119,.T.);
#4843=ADVANCED_FACE('',(#782),#120,.T.);
#4844=ADVANCED_FACE('',(#783),#4581,.F.);
#4845=ADVANCED_FACE('',(#784),#4582,.F.);
#4846=ADVANCED_FACE('',(#785),#4583,.T.);
#4847=ADVANCED_FACE('',(#786),#4584,.T.);
#4848=ADVANCED_FACE('',(#787),#4585,.T.);
#4849=ADVANCED_FACE('',(#788),#4586,.T.);
#4850=ADVANCED_FACE('',(#789),#121,.F.);
#4851=ADVANCED_FACE('',(#790),#122,.F.);
#4852=ADVANCED_FACE('',(#791),#4587,.T.);
#4853=ADVANCED_FACE('',(#792),#4588,.T.);
#4854=ADVANCED_FACE('',(#793),#4589,.T.);
#4855=ADVANCED_FACE('',(#794),#4590,.T.);
#4856=ADVANCED_FACE('',(#795),#4591,.T.);
#4857=ADVANCED_FACE('',(#796),#4592,.T.);
#4858=ADVANCED_FACE('',(#797),#123,.T.);
#4859=ADVANCED_FACE('',(#798),#124,.T.);
#4860=ADVANCED_FACE('',(#799),#4593,.F.);
#4861=ADVANCED_FACE('',(#800),#4594,.T.);
#4862=ADVANCED_FACE('',(#801),#125,.F.);
#4863=ADVANCED_FACE('',(#802),#4595,.F.);
#4864=ADVANCED_FACE('',(#803),#4596,.T.);
#4865=CLOSED_SHELL('',(#4597,#4598,#4599,#4600,#4601,#4602,#4603,#4604,
#4605,#4606,#4607,#4608,#4609,#4610,#4611,#4612,#4613,#4614,#4615,#4616,
#4617,#4618,#4619,#4620,#4621,#4622,#4623,#4624,#4625,#4626,#4627,#4628,
#4629,#4630,#4631,#4632,#4633,#4634,#4635,#4636,#4637,#4638,#4639,#4640,
#4641,#4642,#4643,#4644,#4645,#4646,#4647,#4648,#4649,#4650,#4651,#4652,
#4653,#4654,#4655,#4656,#4657,#4658,#4659,#4660,#4661,#4662,#4663,#4664,
#4665,#4666,#4667,#4668,#4669,#4670,#4671,#4672,#4673,#4674,#4675,#4676,
#4677,#4678,#4679,#4680,#4681,#4682,#4683,#4684,#4685,#4686,#4687,#4688,
#4689,#4690,#4691,#4692,#4693,#4694,#4695,#4696,#4697,#4698,#4699,#4700,
#4701,#4702,#4703,#4704,#4705,#4706,#4707,#4708,#4709,#4710,#4711,#4712,
#4713,#4714,#4715,#4716,#4717,#4718,#4719,#4720,#4721,#4722,#4723,#4724,
#4725,#4726,#4727,#4728,#4729,#4730,#4731,#4732,#4733,#4734,#4735,#4736,
#4737,#4738,#4739,#4740,#4741,#4742,#4743,#4744,#4745,#4746,#4747,#4748,
#4749,#4750,#4751,#4752,#4753,#4754,#4755,#4756,#4757,#4758,#4759,#4760,
#4761,#4762,#4763,#4764,#4765,#4766,#4767,#4768,#4769,#4770,#4771,#4772,
#4773,#4774,#4775,#4776,#4777,#4778,#4779,#4780,#4781,#4782,#4783,#4784,
#4785,#4786,#4787,#4788,#4789,#4790,#4791,#4792,#4793,#4794,#4795,#4796,
#4797,#4798,#4799,#4800,#4801,#4802,#4803,#4804,#4805,#4806,#4807,#4808,
#4809,#4810,#4811,#4812,#4813,#4814,#4815,#4816,#4817,#4818,#4819,#4820,
#4821,#4822,#4823,#4824,#4825,#4826,#4827,#4828,#4829,#4830,#4831,#4832,
#4833,#4834,#4835,#4836,#4837,#4838,#4839,#4840,#4841,#4842,#4843,#4844,
#4845,#4846,#4847,#4848,#4849,#4850,#4851,#4852,#4853,#4854,#4855,#4856,
#4857,#4858,#4859,#4860,#4861,#4862,#4863,#4864));
#4866=AXIS2_PLACEMENT_3D('',#6268,#5211,#5212);
#4867=AXIS2_PLACEMENT_3D('',#6269,#5213,#5214);
#4868=AXIS2_PLACEMENT_3D('',#6393,#5224,#5225);
#4869=AXIS2_PLACEMENT_3D('',#6399,#5229,#5230);
#4870=AXIS2_PLACEMENT_3D('',#6402,#5233,#5234);
#4871=AXIS2_PLACEMENT_3D('',#6411,#5239,#5240);
#4872=AXIS2_PLACEMENT_3D('',#6555,#5250,#5251);
#4873=AXIS2_PLACEMENT_3D('',#6561,#5255,#5256);
#4874=AXIS2_PLACEMENT_3D('',#6567,#5260,#5261);
#4875=AXIS2_PLACEMENT_3D('',#6570,#5264,#5265);
#4876=AXIS2_PLACEMENT_3D('',#6571,#5266,#5267);
#4877=AXIS2_PLACEMENT_3D('',#6580,#5272,#5273);
#4878=AXIS2_PLACEMENT_3D('',#6586,#5277,#5278);
#4879=AXIS2_PLACEMENT_3D('',#6592,#5282,#5283);
#4880=AXIS2_PLACEMENT_3D('',#6595,#5286,#5287);
#4881=AXIS2_PLACEMENT_3D('',#6596,#5288,#5289);
#4882=AXIS2_PLACEMENT_3D('',#6720,#5299,#5300);
#4883=AXIS2_PLACEMENT_3D('',#6726,#5304,#5305);
#4884=AXIS2_PLACEMENT_3D('',#6729,#5308,#5309);
#4885=AXIS2_PLACEMENT_3D('',#6738,#5314,#5315);
#4886=AXIS2_PLACEMENT_3D('',#6836,#5323,#5324);
#4887=AXIS2_PLACEMENT_3D('',#6842,#5328,#5329);
#4888=AXIS2_PLACEMENT_3D('',#6848,#5333,#5334);
#4889=AXIS2_PLACEMENT_3D('',#7015,#5345,#5346);
#4890=AXIS2_PLACEMENT_3D('',#7021,#5350,#5351);
#4891=AXIS2_PLACEMENT_3D('',#7027,#5355,#5356);
#4892=AXIS2_PLACEMENT_3D('',#7030,#5359,#5360);
#4893=AXIS2_PLACEMENT_3D('',#7031,#5361,#5362);
#4894=AXIS2_PLACEMENT_3D('',#7040,#5367,#5368);
#4895=AXIS2_PLACEMENT_3D('',#7046,#5372,#5373);
#4896=AXIS2_PLACEMENT_3D('',#7052,#5377,#5378);
#4897=AXIS2_PLACEMENT_3D('',#7058,#5382,#5383);
#4898=AXIS2_PLACEMENT_3D('',#7064,#5387,#5388);
#4899=AXIS2_PLACEMENT_3D('',#7070,#5392,#5393);
#4900=AXIS2_PLACEMENT_3D('',#7076,#5397,#5398);
#4901=AXIS2_PLACEMENT_3D('',#7079,#5401,#5402);
#4902=AXIS2_PLACEMENT_3D('',#7080,#5403,#5404);
#4903=AXIS2_PLACEMENT_3D('',#7092,#5407,#5408);
#4904=AXIS2_PLACEMENT_3D('',#7096,#5410,#5411);
#4905=AXIS2_PLACEMENT_3D('',#7112,#5414,#5415);
#4906=AXIS2_PLACEMENT_3D('',#7116,#5417,#5418);
#4907=AXIS2_PLACEMENT_3D('',#7121,#5419,#5420);
#4908=AXIS2_PLACEMENT_3D('',#7122,#5421,#5422);
#4909=AXIS2_PLACEMENT_3D('',#7137,#5425,#5426);
#4910=AXIS2_PLACEMENT_3D('',#7140,#5427,#5428);
#4911=AXIS2_PLACEMENT_3D('',#7144,#5430,#5431);
#4912=AXIS2_PLACEMENT_3D('',#7295,#5434,#5435);
#4913=AXIS2_PLACEMENT_3D('',#7299,#5437,#5438);
#4914=AXIS2_PLACEMENT_3D('',#7382,#5440,#5441);
#4915=AXIS2_PLACEMENT_3D('',#7385,#5443,#5444);
#4916=AXIS2_PLACEMENT_3D('',#7386,#5445,#5446);
#4917=AXIS2_PLACEMENT_3D('',#7392,#5450,#5451);
#4918=AXIS2_PLACEMENT_3D('',#7396,#5453,#5454);
#4919=AXIS2_PLACEMENT_3D('',#7399,#5456,#5457);
#4920=AXIS2_PLACEMENT_3D('',#7434,#5458,#5459);
#4921=AXIS2_PLACEMENT_3D('',#7473,#5460,#5461);
#4922=AXIS2_PLACEMENT_3D('',#7532,#5462,#5463);
#4923=AXIS2_PLACEMENT_3D('',#7579,#5464,#5465);
#4924=AXIS2_PLACEMENT_3D('',#7586,#5466,#5467);
#4925=AXIS2_PLACEMENT_3D('',#7589,#5468,#5469);
#4926=AXIS2_PLACEMENT_3D('',#7590,#5470,#5471);
#4927=AXIS2_PLACEMENT_3D('',#7591,#5472,#5473);
#4928=AXIS2_PLACEMENT_3D('',#7618,#5474,#5475);
#4929=AXIS2_PLACEMENT_3D('',#7665,#5476,#5477);
#4930=AXIS2_PLACEMENT_3D('',#7719,#5478,#5479);
#4931=AXIS2_PLACEMENT_3D('',#7756,#5480,#5481);
#4932=AXIS2_PLACEMENT_3D('',#7848,#5482,#5483);
#4933=AXIS2_PLACEMENT_3D('',#7917,#5487,#5488);
#4934=AXIS2_PLACEMENT_3D('',#7921,#5490,#5491);
#4935=AXIS2_PLACEMENT_3D('',#7924,#5493,#5494);
#4936=AXIS2_PLACEMENT_3D('',#8029,#5495,#5496);
#4937=AXIS2_PLACEMENT_3D('',#8072,#5497,#5498);
#4938=AXIS2_PLACEMENT_3D('',#8121,#5499,#5500);
#4939=AXIS2_PLACEMENT_3D('',#8160,#5501,#5502);
#4940=AXIS2_PLACEMENT_3D('',#8166,#5503,#5504);
#4941=AXIS2_PLACEMENT_3D('',#8168,#5505,#5506);
#4942=AXIS2_PLACEMENT_3D('',#8169,#5507,#5508);
#4943=AXIS2_PLACEMENT_3D('',#8191,#5509,#5510);
#4944=AXIS2_PLACEMENT_3D('',#8232,#5511,#5512);
#4945=AXIS2_PLACEMENT_3D('',#8276,#5513,#5514);
#4946=AXIS2_PLACEMENT_3D('',#8310,#5515,#5516);
#4947=AXIS2_PLACEMENT_3D('',#8527,#5517,#5518);
#4948=AXIS2_PLACEMENT_3D('',#8540,#5519,#5520);
#4949=AXIS2_PLACEMENT_3D('',#8546,#5523,#5524);
#4950=AXIS2_PLACEMENT_3D('',#8577,#5531,#5532);
#4951=AXIS2_PLACEMENT_3D('',#8581,#5534,#5535);
#4952=AXIS2_PLACEMENT_3D('',#8585,#5537,#5538);
#4953=AXIS2_PLACEMENT_3D('',#8726,#5542,#5543);
#4954=AXIS2_PLACEMENT_3D('',#8759,#5544,#5545);
#4955=AXIS2_PLACEMENT_3D('',#8761,#5546,#5547);
#4956=AXIS2_PLACEMENT_3D('',#8764,#5549,#5550);
#4957=AXIS2_PLACEMENT_3D('',#8774,#5552,#5553);
#4958=AXIS2_PLACEMENT_3D('',#8777,#5555,#5556);
#4959=AXIS2_PLACEMENT_3D('',#8778,#5557,#5558);
#4960=AXIS2_PLACEMENT_3D('',#8780,#5559,#5560);
#4961=AXIS2_PLACEMENT_3D('',#8782,#5562,#5563);
#4962=AXIS2_PLACEMENT_3D('',#8784,#5564,#5565);
#4963=AXIS2_PLACEMENT_3D('',#8786,#5567,#5568);
#4964=AXIS2_PLACEMENT_3D('',#8810,#5572,#5573);
#4965=AXIS2_PLACEMENT_3D('',#9138,#5578,#5579);
#4966=AXIS2_PLACEMENT_3D('',#9243,#5581,#5582);
#4967=AXIS2_PLACEMENT_3D('',#9266,#5586,#5587);
#4968=AXIS2_PLACEMENT_3D('',#9272,#5588,#5589);
#4969=AXIS2_PLACEMENT_3D('',#9277,#5590,#5591);
#4970=AXIS2_PLACEMENT_3D('',#9286,#5594,#5595);
#4971=AXIS2_PLACEMENT_3D('',#9288,#5596,#5597);
#4972=AXIS2_PLACEMENT_3D('',#9292,#5598,#5599);
#4973=AXIS2_PLACEMENT_3D('',#9293,#5600,#5601);
#4974=AXIS2_PLACEMENT_3D('',#9295,#5603,#5604);
#4975=AXIS2_PLACEMENT_3D('',#9296,#5605,#5606);
#4976=AXIS2_PLACEMENT_3D('',#9311,#5609,#5610);
#4977=AXIS2_PLACEMENT_3D('',#9313,#5611,#5612);
#4978=AXIS2_PLACEMENT_3D('',#9317,#5613,#5614);
#4979=AXIS2_PLACEMENT_3D('',#9318,#5615,#5616);
#4980=AXIS2_PLACEMENT_3D('',#9319,#5617,#5618);
#4981=AXIS2_PLACEMENT_3D('',#9324,#5619,#5620);
#4982=AXIS2_PLACEMENT_3D('',#9325,#5621,#5622);
#4983=AXIS2_PLACEMENT_3D('',#9329,#5624,#5625);
#4984=AXIS2_PLACEMENT_3D('',#9333,#5627,#5628);
#4985=AXIS2_PLACEMENT_3D('',#9337,#5630,#5631);
#4986=AXIS2_PLACEMENT_3D('',#9341,#5633,#5634);
#4987=AXIS2_PLACEMENT_3D('',#9345,#5636,#5637);
#4988=AXIS2_PLACEMENT_3D('',#9347,#5638,#5639);
#4989=AXIS2_PLACEMENT_3D('',#9351,#5641,#5642);
#4990=AXIS2_PLACEMENT_3D('',#9353,#5644,#5645);
#4991=AXIS2_PLACEMENT_3D('',#9355,#5646,#5647);
#4992=AXIS2_PLACEMENT_3D('',#9357,#5649,#5650);
#4993=AXIS2_PLACEMENT_3D('',#9359,#5651,#5652);
#4994=AXIS2_PLACEMENT_3D('',#9361,#5654,#5655);
#4995=AXIS2_PLACEMENT_3D('',#9364,#5657,#5658);
#4996=AXIS2_PLACEMENT_3D('',#9439,#5659,#5660);
#4997=AXIS2_PLACEMENT_3D('',#9506,#5661,#5662);
#4998=AXIS2_PLACEMENT_3D('',#9513,#5663,#5664);
#4999=AXIS2_PLACEMENT_3D('',#9516,#5665,#5666);
#5000=AXIS2_PLACEMENT_3D('',#9520,#5668,#5669);
#5001=AXIS2_PLACEMENT_3D('',#9541,#5672,#5673);
#5002=AXIS2_PLACEMENT_3D('',#9543,#5674,#5675);
#5003=AXIS2_PLACEMENT_3D('',#9545,#5677,#5678);
#5004=AXIS2_PLACEMENT_3D('',#9557,#5685,#5686);
#5005=AXIS2_PLACEMENT_3D('',#9559,#5687,#5688);
#5006=AXIS2_PLACEMENT_3D('',#9561,#5689,#5690);
#5007=AXIS2_PLACEMENT_3D('',#9563,#5691,#5692);
#5008=AXIS2_PLACEMENT_3D('',#9565,#5693,#5694);
#5009=AXIS2_PLACEMENT_3D('',#9567,#5695,#5696);
#5010=AXIS2_PLACEMENT_3D('',#9568,#5697,#5698);
#5011=AXIS2_PLACEMENT_3D('',#9571,#5699,#5700);
#5012=AXIS2_PLACEMENT_3D('',#9591,#5702,#5703);
#5013=AXIS2_PLACEMENT_3D('',#9593,#5705,#5706);
#5014=AXIS2_PLACEMENT_3D('',#9601,#5711,#5712);
#5015=AXIS2_PLACEMENT_3D('',#9606,#5716,#5717);
#5016=AXIS2_PLACEMENT_3D('',#9610,#5720,#5721);
#5017=AXIS2_PLACEMENT_3D('',#9612,#5723,#5724);
#5018=AXIS2_PLACEMENT_3D('',#9620,#5729,#5730);
#5019=AXIS2_PLACEMENT_3D('',#9621,#5731,#5732);
#5020=AXIS2_PLACEMENT_3D('',#9623,#5734,#5735);
#5021=AXIS2_PLACEMENT_3D('',#9627,#5737,#5738);
#5022=AXIS2_PLACEMENT_3D('',#9630,#5741,#5742);
#5023=AXIS2_PLACEMENT_3D('',#9633,#5744,#5745);
#5024=AXIS2_PLACEMENT_3D('',#9634,#5746,#5747);
#5025=AXIS2_PLACEMENT_3D('',#9636,#5749,#5750);
#5026=AXIS2_PLACEMENT_3D('',#9638,#5752,#5753);
#5027=AXIS2_PLACEMENT_3D('',#9644,#5757,#5758);
#5028=AXIS2_PLACEMENT_3D('',#9646,#5760,#5761);
#5029=AXIS2_PLACEMENT_3D('',#9648,#5763,#5764);
#5030=AXIS2_PLACEMENT_3D('',#9649,#5765,#5766);
#5031=AXIS2_PLACEMENT_3D('',#9653,#5769,#5770);
#5032=AXIS2_PLACEMENT_3D('',#9658,#5773,#5774);
#5033=AXIS2_PLACEMENT_3D('',#9660,#5775,#5776);
#5034=AXIS2_PLACEMENT_3D('',#9662,#5777,#5778);
#5035=AXIS2_PLACEMENT_3D('',#9664,#5779,#5780);
#5036=AXIS2_PLACEMENT_3D('',#9666,#5781,#5782);
#5037=AXIS2_PLACEMENT_3D('',#9668,#5783,#5784);
#5038=AXIS2_PLACEMENT_3D('',#9669,#5785,#5786);
#5039=AXIS2_PLACEMENT_3D('',#9674,#5790,#5791);
#5040=AXIS2_PLACEMENT_3D('',#9676,#5793,#5794);
#5041=AXIS2_PLACEMENT_3D('',#9680,#5796,#5797);
#5042=AXIS2_PLACEMENT_3D('',#9682,#5799,#5800);
#5043=AXIS2_PLACEMENT_3D('',#9684,#5801,#5802);
#5044=AXIS2_PLACEMENT_3D('',#9686,#5804,#5805);
#5045=AXIS2_PLACEMENT_3D('',#9690,#5808,#5809);
#5046=AXIS2_PLACEMENT_3D('',#9692,#5810,#5811);
#5047=AXIS2_PLACEMENT_3D('',#9694,#5813,#5814);
#5048=AXIS2_PLACEMENT_3D('',#9698,#5817,#5818);
#5049=AXIS2_PLACEMENT_3D('',#9699,#5819,#5820);
#5050=AXIS2_PLACEMENT_3D('',#9700,#5821,#5822);
#5051=AXIS2_PLACEMENT_3D('',#9704,#5825,#5826);
#5052=AXIS2_PLACEMENT_3D('',#9749,#5831,#5832);
#5053=AXIS2_PLACEMENT_3D('',#9753,#5835,#5836);
#5054=AXIS2_PLACEMENT_3D('',#9755,#5838,#5839);
#5055=AXIS2_PLACEMENT_3D('',#9757,#5841,#5842);
#5056=AXIS2_PLACEMENT_3D('',#9759,#5844,#5845);
#5057=AXIS2_PLACEMENT_3D('',#9761,#5847,#5848);
#5058=AXIS2_PLACEMENT_3D('',#9763,#5850,#5851);
#5059=AXIS2_PLACEMENT_3D('',#9765,#5853,#5854);
#5060=AXIS2_PLACEMENT_3D('',#9767,#5855,#5856);
#5061=AXIS2_PLACEMENT_3D('',#9769,#5857,#5858);
#5062=AXIS2_PLACEMENT_3D('',#9772,#5860,#5861);
#5063=AXIS2_PLACEMENT_3D('',#9774,#5863,#5864);
#5064=AXIS2_PLACEMENT_3D('',#9776,#5866,#5867);
#5065=AXIS2_PLACEMENT_3D('',#9777,#5868,#5869);
#5066=AXIS2_PLACEMENT_3D('',#9779,#5871,#5872);
#5067=AXIS2_PLACEMENT_3D('',#9781,#5874,#5875);
#5068=AXIS2_PLACEMENT_3D('',#9782,#5876,#5877);
#5069=AXIS2_PLACEMENT_3D('',#9785,#5878,#5879);
#5070=AXIS2_PLACEMENT_3D('',#9789,#5881,#5882);
#5071=AXIS2_PLACEMENT_3D('',#9792,#5884,#5885);
#5072=AXIS2_PLACEMENT_3D('',#9793,#5886,#5887);
#5073=AXIS2_PLACEMENT_3D('',#9799,#5891,#5892);
#5074=AXIS2_PLACEMENT_3D('',#9802,#5893,#5894);
#5075=AXIS2_PLACEMENT_3D('',#9805,#5896,#5897);
#5076=AXIS2_PLACEMENT_3D('',#9806,#5898,#5899);
#5077=AXIS2_PLACEMENT_3D('',#9807,#5900,#5901);
#5078=AXIS2_PLACEMENT_3D('',#9811,#5903,#5904);
#5079=AXIS2_PLACEMENT_3D('',#9814,#5906,#5907);
#5080=AXIS2_PLACEMENT_3D('',#9815,#5908,#5909);
#5081=AXIS2_PLACEMENT_3D('',#9819,#5912,#5913);
#5082=AXIS2_PLACEMENT_3D('',#9821,#5914,#5915);
#5083=AXIS2_PLACEMENT_3D('',#9824,#5917,#5918);
#5084=AXIS2_PLACEMENT_3D('',#9825,#5919,#5920);
#5085=AXIS2_PLACEMENT_3D('',#9829,#5922,#5923);
#5086=AXIS2_PLACEMENT_3D('',#9832,#5925,#5926);
#5087=AXIS2_PLACEMENT_3D('',#9857,#5928,#5929);
#5088=AXIS2_PLACEMENT_3D('',#9861,#5932,#5933);
#5089=AXIS2_PLACEMENT_3D('',#9864,#5934,#5935);
#5090=AXIS2_PLACEMENT_3D('',#9868,#5937,#5938);
#5091=AXIS2_PLACEMENT_3D('',#9871,#5940,#5941);
#5092=AXIS2_PLACEMENT_3D('',#9872,#5942,#5943);
#5093=AXIS2_PLACEMENT_3D('',#9873,#5944,#5945);
#5094=AXIS2_PLACEMENT_3D('',#9875,#5947,#5948);
#5095=AXIS2_PLACEMENT_3D('',#9876,#5949,#5950);
#5096=AXIS2_PLACEMENT_3D('',#9878,#5951,#5952);
#5097=AXIS2_PLACEMENT_3D('',#9882,#5954,#5955);
#5098=AXIS2_PLACEMENT_3D('',#9884,#5957,#5958);
#5099=AXIS2_PLACEMENT_3D('',#9888,#5961,#5962);
#5100=AXIS2_PLACEMENT_3D('',#9889,#5963,#5964);
#5101=AXIS2_PLACEMENT_3D('',#9890,#5965,#5966);
#5102=AXIS2_PLACEMENT_3D('',#9891,#5967,#5968);
#5103=AXIS2_PLACEMENT_3D('',#9893,#5970,#5971);
#5104=AXIS2_PLACEMENT_3D('',#9897,#5973,#5974);
#5105=AXIS2_PLACEMENT_3D('',#9902,#5977,#5978);
#5106=AXIS2_PLACEMENT_3D('',#9907,#5981,#5982);
#5107=AXIS2_PLACEMENT_3D('',#9909,#5984,#5985);
#5108=AXIS2_PLACEMENT_3D('',#9911,#5987,#5988);
#5109=AXIS2_PLACEMENT_3D('',#9918,#5991,#5992);
#5110=AXIS2_PLACEMENT_3D('',#9920,#5993,#5994);
#5111=AXIS2_PLACEMENT_3D('',#9924,#5997,#5998);
#5112=AXIS2_PLACEMENT_3D('',#9927,#6001,#6002);
#5113=AXIS2_PLACEMENT_3D('',#9930,#6005,#6006);
#5114=AXIS2_PLACEMENT_3D('',#9932,#6008,#6009);
#5115=AXIS2_PLACEMENT_3D('',#9939,#6012,#6013);
#5116=AXIS2_PLACEMENT_3D('',#9941,#6014,#6015);
#5117=AXIS2_PLACEMENT_3D('',#9965,#6018,#6019);
#5118=AXIS2_PLACEMENT_3D('',#9966,#6020,#6021);
#5119=AXIS2_PLACEMENT_3D('',#10046,#6022,#6023);
#5120=AXIS2_PLACEMENT_3D('',#10047,#6024,#6025);
#5121=AXIS2_PLACEMENT_3D('',#10107,#6026,#6027);
#5122=AXIS2_PLACEMENT_3D('',#10109,#6029,#6030);
#5123=AXIS2_PLACEMENT_3D('',#10111,#6032,#6033);
#5124=AXIS2_PLACEMENT_3D('',#10113,#6035,#6036);
#5125=AXIS2_PLACEMENT_3D('',#10115,#6038,#6039);
#5126=AXIS2_PLACEMENT_3D('',#10116,#6040,#6041);
#5127=AXIS2_PLACEMENT_3D('',#10117,#6042,#6043);
#5128=AXIS2_PLACEMENT_3D('',#10118,#6044,#6045);
#5129=AXIS2_PLACEMENT_3D('',#10120,#6047,#6048);
#5130=AXIS2_PLACEMENT_3D('',#10122,#6050,#6051);
#5131=AXIS2_PLACEMENT_3D('',#10123,#6052,#6053);
#5132=AXIS2_PLACEMENT_3D('',#10125,#6055,#6056);
#5133=AXIS2_PLACEMENT_3D('',#10127,#6058,#6059);
#5134=AXIS2_PLACEMENT_3D('',#10128,#6060,#6061);
#5135=AXIS2_PLACEMENT_3D('',#10143,#6064,#6065);
#5136=AXIS2_PLACEMENT_3D('',#10208,#6068,#6069);
#5137=AXIS2_PLACEMENT_3D('',#10223,#6070,#6071);
#5138=AXIS2_PLACEMENT_3D('',#10238,#6072,#6073);
#5139=AXIS2_PLACEMENT_3D('',#10255,#6075,#6076);
#5140=AXIS2_PLACEMENT_3D('',#10257,#6077,#6078);
#5141=AXIS2_PLACEMENT_3D('',#10270,#6079,#6080);
#5142=AXIS2_PLACEMENT_3D('',#10272,#6081,#6082);
#5143=AXIS2_PLACEMENT_3D('',#10287,#6083,#6084);
#5144=AXIS2_PLACEMENT_3D('',#10290,#6085,#6086);
#5145=AXIS2_PLACEMENT_3D('',#10317,#6087,#6088);
#5146=AXIS2_PLACEMENT_3D('',#10319,#6090,#6091);
#5147=AXIS2_PLACEMENT_3D('',#10323,#6093,#6094);
#5148=AXIS2_PLACEMENT_3D('',#10325,#6096,#6097);
#5149=AXIS2_PLACEMENT_3D('',#10329,#6100,#6101);
#5150=AXIS2_PLACEMENT_3D('',#10331,#6102,#6103);
#5151=AXIS2_PLACEMENT_3D('',#10333,#6105,#6106);
#5152=AXIS2_PLACEMENT_3D('',#10335,#6108,#6109);
#5153=AXIS2_PLACEMENT_3D('',#10336,#6110,#6111);
#5154=AXIS2_PLACEMENT_3D('',#10340,#6113,#6114);
#5155=AXIS2_PLACEMENT_3D('',#10342,#6116,#6117);
#5156=AXIS2_PLACEMENT_3D('',#10346,#6120,#6121);
#5157=AXIS2_PLACEMENT_3D('',#10348,#6122,#6123);
#5158=AXIS2_PLACEMENT_3D('',#10350,#6125,#6126);
#5159=AXIS2_PLACEMENT_3D('',#10352,#6128,#6129);
#5160=AXIS2_PLACEMENT_3D('',#10353,#6130,#6131);
#5161=AXIS2_PLACEMENT_3D('',#10354,#6132,#6133);
#5162=AXIS2_PLACEMENT_3D('',#10357,#6134,#6135);
#5163=AXIS2_PLACEMENT_3D('',#10361,#6137,#6138);
#5164=AXIS2_PLACEMENT_3D('',#10363,#6139,#6140);
#5165=AXIS2_PLACEMENT_3D('',#10365,#6142,#6143);
#5166=AXIS2_PLACEMENT_3D('',#10369,#6145,#6146);
#5167=AXIS2_PLACEMENT_3D('',#10370,#6147,#6148);
#5168=AXIS2_PLACEMENT_3D('',#10371,#6149,#6150);
#5169=AXIS2_PLACEMENT_3D('',#10373,#6151,#6152);
#5170=AXIS2_PLACEMENT_3D('',#10374,#6153,#6154);
#5171=AXIS2_PLACEMENT_3D('',#10375,#6155,#6156);
#5172=AXIS2_PLACEMENT_3D('',#10377,#6157,#6158);
#5173=AXIS2_PLACEMENT_3D('',#10380,#6160,#6161);
#5174=AXIS2_PLACEMENT_3D('',#10381,#6162,#6163);
#5175=AXIS2_PLACEMENT_3D('',#10385,#6165,#6166);
#5176=AXIS2_PLACEMENT_3D('',#10387,#6167,#6168);
#5177=AXIS2_PLACEMENT_3D('',#10396,#6174,#6175);
#5178=AXIS2_PLACEMENT_3D('',#10398,#6177,#6178);
#5179=AXIS2_PLACEMENT_3D('',#10400,#6180,#6181);
#5180=AXIS2_PLACEMENT_3D('',#10402,#6183,#6184);
#5181=AXIS2_PLACEMENT_3D('',#10404,#6186,#6187);
#5182=AXIS2_PLACEMENT_3D('',#10406,#6189,#6190);
#5183=AXIS2_PLACEMENT_3D('',#10408,#6192,#6193);
#5184=AXIS2_PLACEMENT_3D('',#10410,#6195,#6196);
#5185=AXIS2_PLACEMENT_3D('',#10412,#6198,#6199);
#5186=AXIS2_PLACEMENT_3D('',#10413,#6200,#6201);
#5187=AXIS2_PLACEMENT_3D('',#10419,#6204,#6205);
#5188=AXIS2_PLACEMENT_3D('',#10421,#6206,#6207);
#5189=AXIS2_PLACEMENT_3D('',#10423,#6208,#6209);
#5190=AXIS2_PLACEMENT_3D('',#10427,#6212,#6213);
#5191=AXIS2_PLACEMENT_3D('',#10431,#6216,#6217);
#5192=AXIS2_PLACEMENT_3D('',#10435,#6220,#6221);
#5193=AXIS2_PLACEMENT_3D('',#10437,#6223,#6224);
#5194=AXIS2_PLACEMENT_3D('',#10439,#6226,#6227);
#5195=AXIS2_PLACEMENT_3D('',#10445,#6231,#6232);
#5196=AXIS2_PLACEMENT_3D('',#10451,#6236,#6237);
#5197=AXIS2_PLACEMENT_3D('',#10453,#6238,#6239);
#5198=AXIS2_PLACEMENT_3D('',#10454,#6240,#6241);
#5199=AXIS2_PLACEMENT_3D('',#10455,#6242,#6243);
#5200=AXIS2_PLACEMENT_3D('',#10457,#6244,#6245);
#5201=AXIS2_PLACEMENT_3D('',#10458,#6246,#6247);
#5202=AXIS2_PLACEMENT_3D('',#10459,#6248,#6249);
#5203=AXIS2_PLACEMENT_3D('',#10460,#6250,#6251);
#5204=AXIS2_PLACEMENT_3D('',#10461,#6252,#6253);
#5205=AXIS2_PLACEMENT_3D('',#10464,#6255,#6256);
#5206=AXIS2_PLACEMENT_3D('',#10465,#6257,#6258);
#5207=AXIS2_PLACEMENT_3D('',#10467,#6259,#6260);
#5208=AXIS2_PLACEMENT_3D('',#10468,#6261,#6262);
#5209=AXIS2_PLACEMENT_3D('',#10469,#6263,#6264);
#5210=AXIS2_PLACEMENT_3D('',#10471,#6266,#6267);
#5211=DIRECTION('axis',(0.,0.,1.));
#5212=DIRECTION('refdir',(1.,0.,0.));
#5213=DIRECTION('center_axis',(1.,0.,0.));
#5214=DIRECTION('ref_axis',(0.,1.,0.));
#5215=DIRECTION('',(0.,1.,0.));
#5216=DIRECTION('',(0.,0.,1.));
#5217=DIRECTION('',(0.,1.,0.));
#5218=DIRECTION('',(0.,0.,1.));
#5219=DIRECTION('',(0.,0.,1.));
#5220=DIRECTION('',(0.,0.,1.));
#5221=DIRECTION('',(0.,0.,1.));
#5222=DIRECTION('',(0.,0.,1.));
#5223=DIRECTION('',(0.,0.,1.));
#5224=DIRECTION('center_axis',(-1.,0.,0.));
#5225=DIRECTION('ref_axis',(0.,-1.,0.));
#5226=DIRECTION('',(0.,-1.,0.));
#5227=DIRECTION('',(0.,0.,1.));
#5228=DIRECTION('',(0.,-1.,0.));
#5229=DIRECTION('center_axis',(0.,-1.,0.));
#5230=DIRECTION('ref_axis',(1.,0.,0.));
#5231=DIRECTION('',(1.,0.,-8.22387425648258E-16));
#5232=DIRECTION('',(1.,0.,0.));
#5233=DIRECTION('center_axis',(0.,-1.,0.));
#5234=DIRECTION('ref_axis',(1.,0.,0.));
#5235=DIRECTION('',(1.,0.,-8.22387425648258E-16));
#5236=DIRECTION('',(0.,0.,1.));
#5237=DIRECTION('',(1.,0.,0.));
#5238=DIRECTION('',(0.,0.,1.));
#5239=DIRECTION('center_axis',(1.,0.,0.));
#5240=DIRECTION('ref_axis',(0.,1.,0.));
#5241=DIRECTION('',(0.,1.,0.));
#5242=DIRECTION('',(0.,0.,1.));
#5243=DIRECTION('',(0.,1.,0.));
#5244=DIRECTION('',(0.,0.,1.));
#5245=DIRECTION('',(0.,0.,1.));
#5246=DIRECTION('',(0.,0.,1.));
#5247=DIRECTION('',(0.,0.,1.));
#5248=DIRECTION('',(0.,0.,1.));
#5249=DIRECTION('',(0.,0.,1.));
#5250=DIRECTION('center_axis',(-1.,0.,0.));
#5251=DIRECTION('ref_axis',(0.,-1.,0.));
#5252=DIRECTION('',(0.,-1.,0.));
#5253=DIRECTION('',(0.,0.,1.));
#5254=DIRECTION('',(0.,-1.,0.));
#5255=DIRECTION('center_axis',(0.,1.,0.));
#5256=DIRECTION('ref_axis',(-1.,0.,0.));
#5257=DIRECTION('',(-1.,0.,8.22387425648258E-16));
#5258=DIRECTION('',(0.,0.,1.));
#5259=DIRECTION('',(-1.,0.,0.));
#5260=DIRECTION('center_axis',(1.,0.,0.));
#5261=DIRECTION('ref_axis',(0.,1.,0.));
#5262=DIRECTION('',(0.,1.,0.));
#5263=DIRECTION('',(0.,1.,0.));
#5264=DIRECTION('center_axis',(0.,0.,-1.));
#5265=DIRECTION('ref_axis',(1.,0.,0.));
#5266=DIRECTION('center_axis',(0.,-1.,0.));
#5267=DIRECTION('ref_axis',(1.,0.,0.));
#5268=DIRECTION('',(1.,0.,-8.22387425648258E-16));
#5269=DIRECTION('',(0.,0.,1.));
#5270=DIRECTION('',(1.,0.,0.));
#5271=DIRECTION('',(0.,0.,1.));
#5272=DIRECTION('center_axis',(-1.,0.,0.));
#5273=DIRECTION('ref_axis',(0.,-1.,0.));
#5274=DIRECTION('',(0.,-1.,0.));
#5275=DIRECTION('',(0.,0.,1.));
#5276=DIRECTION('',(0.,-1.,0.));
#5277=DIRECTION('center_axis',(0.,1.,0.));
#5278=DIRECTION('ref_axis',(-1.,0.,0.));
#5279=DIRECTION('',(-1.,0.,8.22387425648258E-16));
#5280=DIRECTION('',(0.,0.,1.));
#5281=DIRECTION('',(-1.,0.,0.));
#5282=DIRECTION('center_axis',(1.,0.,0.));
#5283=DIRECTION('ref_axis',(0.,1.,0.));
#5284=DIRECTION('',(0.,1.,0.));
#5285=DIRECTION('',(0.,1.,0.));
#5286=DIRECTION('center_axis',(0.,0.,1.));
#5287=DIRECTION('ref_axis',(1.,0.,0.));
#5288=DIRECTION('center_axis',(1.,0.,0.));
#5289=DIRECTION('ref_axis',(0.,1.,0.));
#5290=DIRECTION('',(0.,1.,0.));
#5291=DIRECTION('',(0.,0.,1.));
#5292=DIRECTION('',(0.,1.,0.));
#5293=DIRECTION('',(0.,0.,1.));
#5294=DIRECTION('',(0.,0.,1.));
#5295=DIRECTION('',(0.,0.,1.));
#5296=DIRECTION('',(0.,0.,1.));
#5297=DIRECTION('',(0.,0.,1.));
#5298=DIRECTION('',(0.,0.,1.));
#5299=DIRECTION('center_axis',(-1.,0.,0.));
#5300=DIRECTION('ref_axis',(0.,-1.,0.));
#5301=DIRECTION('',(0.,-1.,0.));
#5302=DIRECTION('',(0.,0.,1.));
#5303=DIRECTION('',(0.,-1.,0.));
#5304=DIRECTION('center_axis',(0.,-1.,0.));
#5305=DIRECTION('ref_axis',(1.,0.,0.));
#5306=DIRECTION('',(1.,0.,-8.22387425648258E-16));
#5307=DIRECTION('',(1.,0.,0.));
#5308=DIRECTION('center_axis',(0.,-1.,0.));
#5309=DIRECTION('ref_axis',(1.,0.,0.));
#5310=DIRECTION('',(1.,0.,-8.22387425648258E-16));
#5311=DIRECTION('',(0.,0.,1.));
#5312=DIRECTION('',(1.,0.,0.));
#5313=DIRECTION('',(0.,0.,1.));
#5314=DIRECTION('center_axis',(1.,0.,0.));
#5315=DIRECTION('ref_axis',(0.,1.,0.));
#5316=DIRECTION('',(0.,1.,0.));
#5317=DIRECTION('',(0.,0.,1.));
#5318=DIRECTION('',(0.,1.,0.));
#5319=DIRECTION('',(0.,0.,1.));
#5320=DIRECTION('',(0.,0.,1.));
#5321=DIRECTION('',(0.,0.,1.));
#5322=DIRECTION('',(0.,0.,1.));
#5323=DIRECTION('center_axis',(0.536695782491042,0.843775821564193,0.));
#5324=DIRECTION('ref_axis',(-0.843775821564193,0.536695782491042,0.));
#5325=DIRECTION('',(-0.843775821564193,0.536695782491042,6.9391062572042E-16));
#5326=DIRECTION('',(0.,0.,1.));
#5327=DIRECTION('',(-0.843775821564193,0.536695782491042,0.));
#5328=DIRECTION('center_axis',(1.,0.,0.));
#5329=DIRECTION('ref_axis',(0.,1.,0.));
#5330=DIRECTION('',(0.,1.,0.));
#5331=DIRECTION('',(0.,0.,1.));
#5332=DIRECTION('',(0.,1.,0.));
#5333=DIRECTION('center_axis',(-0.538514198701552,-0.84261643575047,0.));
#5334=DIRECTION('ref_axis',(0.84261643575047,-0.538514198701552,0.));
#5335=DIRECTION('',(0.84261643575047,-0.538514198701552,-6.9295716140574E-16));
#5336=DIRECTION('',(0.,0.,1.));
#5337=DIRECTION('',(0.84261643575047,-0.538514198701552,0.));
#5338=DIRECTION('',(0.,0.,1.));
#5339=DIRECTION('',(0.,0.,1.));
#5340=DIRECTION('',(0.,0.,1.));
#5341=DIRECTION('',(0.,0.,1.));
#5342=DIRECTION('',(0.,0.,1.));
#5343=DIRECTION('',(0.,0.,1.));
#5344=DIRECTION('',(0.,0.,1.));
#5345=DIRECTION('center_axis',(-1.,0.,0.));
#5346=DIRECTION('ref_axis',(0.,-1.,0.));
#5347=DIRECTION('',(0.,-1.,0.));
#5348=DIRECTION('',(0.,0.,1.));
#5349=DIRECTION('',(0.,-1.,0.));
#5350=DIRECTION('center_axis',(0.,1.,0.));
#5351=DIRECTION('ref_axis',(-1.,0.,0.));
#5352=DIRECTION('',(-1.,0.,8.22387425648258E-16));
#5353=DIRECTION('',(0.,0.,1.));
#5354=DIRECTION('',(-1.,0.,0.));
#5355=DIRECTION('center_axis',(1.,0.,0.));
#5356=DIRECTION('ref_axis',(0.,1.,0.));
#5357=DIRECTION('',(0.,1.,0.));
#5358=DIRECTION('',(0.,1.,0.));
#5359=DIRECTION('center_axis',(0.,0.,-1.));
#5360=DIRECTION('ref_axis',(1.,0.,0.));
#5361=DIRECTION('center_axis',(0.,-1.,0.));
#5362=DIRECTION('ref_axis',(1.,0.,0.));
#5363=DIRECTION('',(1.,0.,-8.22387425648258E-16));
#5364=DIRECTION('',(0.,0.,1.));
#5365=DIRECTION('',(1.,0.,0.));
#5366=DIRECTION('',(0.,0.,1.));
#5367=DIRECTION('center_axis',(1.,0.,0.));
#5368=DIRECTION('ref_axis',(0.,1.,0.));
#5369=DIRECTION('',(0.,1.,0.));
#5370=DIRECTION('',(0.,0.,1.));
#5371=DIRECTION('',(0.,1.,0.));
#5372=DIRECTION('center_axis',(0.,-1.,0.));
#5373=DIRECTION('ref_axis',(1.,0.,0.));
#5374=DIRECTION('',(1.,0.,-8.22387425648258E-16));
#5375=DIRECTION('',(0.,0.,1.));
#5376=DIRECTION('',(1.,0.,0.));
#5377=DIRECTION('center_axis',(-1.,0.,0.));
#5378=DIRECTION('ref_axis',(0.,-1.,0.));
#5379=DIRECTION('',(0.,-1.,0.));
#5380=DIRECTION('',(0.,0.,1.));
#5381=DIRECTION('',(0.,-1.,0.));
#5382=DIRECTION('center_axis',(0.,1.,0.));
#5383=DIRECTION('ref_axis',(-1.,0.,0.));
#5384=DIRECTION('',(-1.,0.,8.22387425648258E-16));
#5385=DIRECTION('',(0.,0.,1.));
#5386=DIRECTION('',(-1.,0.,0.));
#5387=DIRECTION('center_axis',(1.,0.,0.));
#5388=DIRECTION('ref_axis',(0.,1.,0.));
#5389=DIRECTION('',(0.,1.,0.));
#5390=DIRECTION('',(0.,0.,1.));
#5391=DIRECTION('',(0.,1.,0.));
#5392=DIRECTION('center_axis',(0.,1.,0.));
#5393=DIRECTION('ref_axis',(-1.,0.,0.));
#5394=DIRECTION('',(-1.,0.,8.22387425648258E-16));
#5395=DIRECTION('',(0.,0.,1.));
#5396=DIRECTION('',(-1.,0.,0.));
#5397=DIRECTION('center_axis',(1.,0.,0.));
#5398=DIRECTION('ref_axis',(0.,1.,0.));
#5399=DIRECTION('',(0.,1.,0.));
#5400=DIRECTION('',(0.,1.,0.));
#5401=DIRECTION('center_axis',(0.,0.,1.));
#5402=DIRECTION('ref_axis',(1.,0.,0.));
#5403=DIRECTION('center_axis',(-8.22387425648258E-16,0.,-1.));
#5404=DIRECTION('ref_axis',(1.,0.,-8.22387425648258E-16));
#5405=DIRECTION('',(1.,0.,-8.22387425648258E-16));
#5406=DIRECTION('',(0.,1.,0.));
#5407=DIRECTION('center_axis',(-8.22387425648258E-16,0.,-1.));
#5408=DIRECTION('ref_axis',(-3.71603147225926E-16,-1.,3.0560175560992E-31));
#5409=DIRECTION('',(0.,-1.,0.));
#5410=DIRECTION('center_axis',(-8.22387425648258E-16,0.,-1.));
#5411=DIRECTION('ref_axis',(-3.71603147225926E-16,1.,3.0560175560992E-31));
#5412=DIRECTION('',(0.,1.,0.));
#5413=DIRECTION('',(1.,0.,-8.22387425648258E-16));
#5414=DIRECTION('center_axis',(-8.22387425648258E-16,0.,-1.));
#5415=DIRECTION('ref_axis',(1.,0.,0.));
#5416=DIRECTION('',(0.,-1.,0.));
#5417=DIRECTION('center_axis',(-8.22387425648258E-16,0.,-1.));
#5418=DIRECTION('ref_axis',(1.,0.,0.));
#5419=DIRECTION('center_axis',(-8.22387425648258E-16,0.,-1.));
#5420=DIRECTION('ref_axis',(1.,0.,-8.22387425648258E-16));
#5421=DIRECTION('center_axis',(0.,0.,1.));
#5422=DIRECTION('ref_axis',(1.,0.,0.));
#5423=DIRECTION('',(0.,0.,-1.));
#5424=DIRECTION('',(0.,0.,1.));
#5425=DIRECTION('center_axis',(0.,0.,1.));
#5426=DIRECTION('ref_axis',(1.,0.,0.));
#5427=DIRECTION('center_axis',(1.23358113847239E-16,0.,-1.));
#5428=DIRECTION('ref_axis',(1.,0.,0.));
#5429=DIRECTION('',(0.,0.,-1.));
#5430=DIRECTION('center_axis',(0.,0.,1.));
#5431=DIRECTION('ref_axis',(1.,0.,0.));
#5432=DIRECTION('',(0.,0.,1.));
#5433=DIRECTION('',(0.,0.,-1.));
#5434=DIRECTION('center_axis',(0.,1.,0.));
#5435=DIRECTION('ref_axis',(1.,0.,0.));
#5436=DIRECTION('',(1.,0.,0.));
#5437=DIRECTION('center_axis',(0.,1.,0.));
#5438=DIRECTION('ref_axis',(-1.,0.,-6.12323399573677E-17));
#5439=DIRECTION('',(1.,0.,0.));
#5440=DIRECTION('center_axis',(0.,0.,1.));
#5441=DIRECTION('ref_axis',(-1.,0.,0.));
#5442=DIRECTION('',(0.422618261740839,-0.906307787036585,0.));
#5443=DIRECTION('center_axis',(0.,0.,1.));
#5444=DIRECTION('ref_axis',(1.,0.,0.));
#5445=DIRECTION('center_axis',(-0.906307787036585,-0.422618261740839,0.));
#5446=DIRECTION('ref_axis',(-0.422618261740839,0.906307787036585,0.));
#5447=DIRECTION('',(-0.422618261740839,0.906307787036585,0.));
#5448=DIRECTION('',(0.,0.,-1.));
#5449=DIRECTION('',(0.422618261740839,-0.906307787036585,0.));
#5450=DIRECTION('center_axis',(0.,0.,1.));
#5451=DIRECTION('ref_axis',(-1.,0.,0.));
#5452=DIRECTION('',(0.,-1.,0.));
#5453=DIRECTION('center_axis',(0.,0.,-1.));
#5454=DIRECTION('ref_axis',(1.,0.,0.));
#5455=DIRECTION('',(0.601815023151926,0.798635510047385,0.));
#5456=DIRECTION('center_axis',(0.,0.,1.));
#5457=DIRECTION('ref_axis',(-1.,0.,0.));
#5458=DIRECTION('center_axis',(0.428240480296976,-0.428240480296973,-0.795751331805378));
#5459=DIRECTION('ref_axis',(-0.880582403924934,0.,-0.473893057448391));
#5460=DIRECTION('center_axis',(0.505475221456949,-0.146230517793696,-0.850359592266022));
#5461=DIRECTION('ref_axis',(-0.859599824116559,0.,-0.510967848674239));
#5462=DIRECTION('center_axis',(0.916141592064959,-0.188817999120756,-0.353599132488638));
#5463=DIRECTION('ref_axis',(-0.360076146448715,-1.11022302462516E-15,-0.932922916836457));
#5464=DIRECTION('center_axis',(0.400000000000343,7.85537953907536E-13,-0.916515138991018));
#5465=DIRECTION('ref_axis',(-0.916515138991018,0.,-0.400000000000343));
#5466=DIRECTION('center_axis',(0.,-1.,0.));
#5467=DIRECTION('ref_axis',(0.,0.,-1.));
#5468=DIRECTION('center_axis',(-0.4,5.0876810486276E-16,-0.916515138991168));
#5469=DIRECTION('ref_axis',(-0.916515138991168,0.,0.4));
#5470=DIRECTION('center_axis',(0.,-1.,0.));
#5471=DIRECTION('ref_axis',(-1.,0.,-6.12323399573677E-17));
#5472=DIRECTION('center_axis',(0.,1.,0.));
#5473=DIRECTION('ref_axis',(-1.,0.,-6.12323399573677E-17));
#5474=DIRECTION('center_axis',(-0.482324846024245,0.0107929976970106,-0.875925940995242));
#5475=DIRECTION('ref_axis',(-0.875976963233491,0.,0.482352941199939));
#5476=DIRECTION('center_axis',(-0.63127997056667,0.303346235602377,-0.713769332562847));
#5477=DIRECTION('ref_axis',(-0.749064972622388,-2.22044604925031E-15,0.662496540964722));
#5478=DIRECTION('center_axis',(-0.291114446601993,0.0322346022712567,-0.956145025294819));
#5479=DIRECTION('ref_axis',(-0.956642163355802,0.,0.291265808652392));
#5480=DIRECTION('center_axis',(-0.266467133763072,0.266467133763077,-0.926277784062742));
#5481=DIRECTION('ref_axis',(-0.961024583785076,9.99200722162641E-15,0.276462925834044));
#5482=DIRECTION('center_axis',(0.,-1.,0.));
#5483=DIRECTION('ref_axis',(-3.7007434154172E-16,0.,1.));
#5484=DIRECTION('',(0.,1.,0.));
#5485=DIRECTION('',(0.,1.,0.));
#5486=DIRECTION('',(0.,1.,0.));
#5487=DIRECTION('center_axis',(0.,1.,0.));
#5488=DIRECTION('ref_axis',(0.,0.,-1.));
#5489=DIRECTION('',(0.,1.,0.));
#5490=DIRECTION('center_axis',(0.,1.,0.));
#5491=DIRECTION('ref_axis',(0.,0.,-1.));
#5492=DIRECTION('',(0.,1.,0.));
#5493=DIRECTION('center_axis',(0.,1.,0.));
#5494=DIRECTION('ref_axis',(0.,0.,-1.));
#5495=DIRECTION('center_axis',(0.428240480296982,0.428240480296972,-0.795751331805375));
#5496=DIRECTION('ref_axis',(-5.55111512312579E-16,-0.880582403924935,-0.473893057448389));
#5497=DIRECTION('center_axis',(0.491737571556118,0.207208265366155,-0.845729800517896));
#5498=DIRECTION('ref_axis',(0.,-0.971273223735468,-0.237967066743512));
#5499=DIRECTION('center_axis',(0.920283378775904,0.164052072842518,-0.355197719791217));
#5500=DIRECTION('ref_axis',(0.,-0.907847843432969,-0.419299765292217));
#5501=DIRECTION('center_axis',(0.400000000000748,-2.28704198914732E-12,
-0.916515138990842));
#5502=DIRECTION('ref_axis',(2.22044604925032E-15,-1.,2.49633647086967E-12));
#5503=DIRECTION('center_axis',(0.,1.,0.));
#5504=DIRECTION('ref_axis',(0.,0.,1.));
#5505=DIRECTION('center_axis',(-0.4,-5.0876810486276E-16,-0.916515138991168));
#5506=DIRECTION('ref_axis',(0.,-1.,5.55111512312578E-16));
#5507=DIRECTION('center_axis',(0.,-1.,0.));
#5508=DIRECTION('ref_axis',(-1.,0.,-6.12323399573677E-17));
#5509=DIRECTION('center_axis',(-0.482327615894179,-0.0102471665465044,-0.875930971323429));
#5510=DIRECTION('ref_axis',(0.,-0.999931578395452,0.0116978001171097));
#5511=DIRECTION('center_axis',(-0.637368065347441,-0.272802606827587,-0.720652958769568));
#5512=DIRECTION('ref_axis',(0.,-0.935233366126602,0.354031850097567));
#5513=DIRECTION('center_axis',(-0.290957386925857,-0.0343901143020362,-0.956117732829786));
#5514=DIRECTION('ref_axis',(0.,-0.999353760721573,0.0359452490831513));
#5515=DIRECTION('center_axis',(-0.266467133763071,-0.26646713376307,-0.926277784062744));
#5516=DIRECTION('ref_axis',(-1.66533453693774E-15,-0.961024583785078,0.27646292583404));
#5517=DIRECTION('center_axis',(0.,1.,0.));
#5518=DIRECTION('ref_axis',(1.,0.,0.));
#5519=DIRECTION('center_axis',(0.,-1.,0.));
#5520=DIRECTION('ref_axis',(0.,0.,-1.));
#5521=DIRECTION('',(-1.,0.,0.));
#5522=DIRECTION('',(-0.360066009547516,0.,-0.93292682926826));
#5523=DIRECTION('center_axis',(0.,1.,0.));
#5524=DIRECTION('ref_axis',(-0.360066009547422,0.,0.932926829268296));
#5525=DIRECTION('',(0.360066009547956,0.,-0.93292682926809));
#5526=DIRECTION('',(1.,0.,3.16406226906866E-11));
#5527=DIRECTION('',(1.,0.,0.));
#5528=DIRECTION('',(-5.68989300120405E-15,0.,-1.));
#5529=DIRECTION('',(1.,0.,1.23358113847239E-16));
#5530=DIRECTION('',(0.,0.,-1.));
#5531=DIRECTION('center_axis',(0.,1.,0.));
#5532=DIRECTION('ref_axis',(0.753999999980389,0.,0.656874417243946));
#5533=DIRECTION('',(-0.999780810466331,0.,-0.0209363564950231));
#5534=DIRECTION('center_axis',(0.,1.,0.));
#5535=DIRECTION('ref_axis',(0.999780810466331,0.,0.0209363564950231));
#5536=DIRECTION('',(0.814616209118989,0.,-0.580000372276267));
#5537=DIRECTION('center_axis',(0.,1.,0.));
#5538=DIRECTION('ref_axis',(0.753999999980389,0.,0.656874417243946));
#5539=DIRECTION('',(0.,0.,-1.));
#5540=DIRECTION('',(-1.,0.,-2.52323414687533E-16));
#5541=DIRECTION('',(0.,1.,0.));
#5542=DIRECTION('center_axis',(-7.70166232551822E-16,-1.,-5.70037522778565E-31));
#5543=DIRECTION('ref_axis',(-7.40148683083439E-16,0.,1.));
#5544=DIRECTION('center_axis',(0.,0.,1.));
#5545=DIRECTION('ref_axis',(-1.,0.,0.));
#5546=DIRECTION('center_axis',(0.,0.,1.));
#5547=DIRECTION('ref_axis',(1.,0.,0.));
#5548=DIRECTION('',(0.,-1.,0.));
#5549=DIRECTION('center_axis',(0.,0.,1.));
#5550=DIRECTION('ref_axis',(1.,0.,0.));
#5551=DIRECTION('',(0.,1.,0.));
#5552=DIRECTION('center_axis',(0.,0.,1.));
#5553=DIRECTION('ref_axis',(6.12323399573676E-17,1.,0.));
#5554=DIRECTION('',(0.,1.,0.));
#5555=DIRECTION('center_axis',(0.,0.,1.));
#5556=DIRECTION('ref_axis',(6.12323399573676E-17,-1.,0.));
#5557=DIRECTION('center_axis',(0.,0.,1.));
#5558=DIRECTION('ref_axis',(1.,0.,0.));
#5559=DIRECTION('center_axis',(0.,0.,-1.));
#5560=DIRECTION('ref_axis',(1.,0.,0.));
#5561=DIRECTION('',(0.,0.,-1.));
#5562=DIRECTION('center_axis',(-2.52323414687533E-16,0.,1.));
#5563=DIRECTION('ref_axis',(1.,0.,2.52323414687533E-16));
#5564=DIRECTION('center_axis',(2.52323414687533E-16,0.,-1.));
#5565=DIRECTION('ref_axis',(1.,0.,0.));
#5566=DIRECTION('',(0.669130606358858,-0.743144825477394,1.68837319468407E-16));
#5567=DIRECTION('center_axis',(0.743144825477394,0.669130606358858,-1.18429162087471E-16));
#5568=DIRECTION('ref_axis',(0.669130606358858,-0.743144825477394,-1.06126315094428E-16));
#5569=DIRECTION('',(0.669130606358858,-0.743144825477394,1.68837319468407E-16));
#5570=DIRECTION('',(-1.5936215664476E-16,0.,-1.));
#5571=DIRECTION('',(-0.669130606358858,0.743144825477394,1.06126315094428E-16));
#5572=DIRECTION('center_axis',(0.883452208598775,-0.331294578224541,-0.331294578224532));
#5573=DIRECTION('ref_axis',(0.351123441588393,0.936329177569044,0.));
#5574=DIRECTION('',(0.883452208598772,0.331294578224541,-0.33129457822454));
#5575=DIRECTION('',(1.,0.,0.));
#5576=DIRECTION('',(0.,1.,0.));
#5577=DIRECTION('',(0.,-1.,0.));
#5578=DIRECTION('center_axis',(-8.22387425648258E-16,0.,-1.));
#5579=DIRECTION('ref_axis',(1.,0.,-8.22387425648258E-16));
#5580=DIRECTION('',(1.,0.,0.));
#5581=DIRECTION('center_axis',(0.,1.,0.));
#5582=DIRECTION('ref_axis',(1.,0.,0.));
#5583=DIRECTION('',(0.,0.,-1.));
#5584=DIRECTION('',(0.,1.,0.));
#5585=DIRECTION('',(0.,1.,0.));
#5586=DIRECTION('center_axis',(0.,0.,1.));
#5587=DIRECTION('ref_axis',(1.,0.,0.));
#5588=DIRECTION('center_axis',(0.,0.,1.));
#5589=DIRECTION('ref_axis',(1.,0.,0.));
#5590=DIRECTION('center_axis',(0.164398987305357,0.,-0.986393923832144));
#5591=DIRECTION('ref_axis',(-0.986393923832144,0.,-0.164398987305357));
#5592=DIRECTION('',(0.,1.,0.));
#5593=DIRECTION('',(0.,-1.,0.));
#5594=DIRECTION('center_axis',(0.,0.,1.));
#5595=DIRECTION('ref_axis',(1.,0.,0.));
#5596=DIRECTION('center_axis',(0.,0.,1.));
#5597=DIRECTION('ref_axis',(1.,0.,0.));
#5598=DIRECTION('center_axis',(0.,0.,-1.));
#5599=DIRECTION('ref_axis',(1.,0.,0.));
#5600=DIRECTION('center_axis',(1.,0.,1.30614473485312E-16));
#5601=DIRECTION('ref_axis',(1.30614473485312E-16,0.,-1.));
#5602=DIRECTION('',(0.,0.,1.));
#5603=DIRECTION('center_axis',(0.,0.,1.));
#5604=DIRECTION('ref_axis',(1.,0.,0.));
#5605=DIRECTION('center_axis',(0.164398987305357,0.,0.986393923832144));
#5606=DIRECTION('ref_axis',(0.986393923832144,0.,-0.164398987305357));
#5607=DIRECTION('',(0.,-1.,0.));
#5608=DIRECTION('',(0.,1.,0.));
#5609=DIRECTION('center_axis',(0.,0.,-1.));
#5610=DIRECTION('ref_axis',(1.,0.,0.));
#5611=DIRECTION('center_axis',(0.,0.,-1.));
#5612=DIRECTION('ref_axis',(1.,0.,0.));
#5613=DIRECTION('center_axis',(0.,0.,1.));
#5614=DIRECTION('ref_axis',(1.,0.,0.));
#5615=DIRECTION('center_axis',(0.,0.,-1.));
#5616=DIRECTION('ref_axis',(1.,0.,0.));
#5617=DIRECTION('center_axis',(0.,0.,1.));
#5618=DIRECTION('ref_axis',(1.,0.,0.));
#5619=DIRECTION('center_axis',(0.,0.,-1.));
#5620=DIRECTION('ref_axis',(1.,0.,0.));
#5621=DIRECTION('center_axis',(0.,0.,1.));
#5622=DIRECTION('ref_axis',(1.,0.,0.));
#5623=DIRECTION('',(0.342020143325344,0.939692620786027,0.));
#5624=DIRECTION('center_axis',(0.,0.,1.));
#5625=DIRECTION('ref_axis',(-0.166666666666667,0.986013297183269,0.));
#5626=DIRECTION('',(-1.,1.38777878078145E-15,0.));
#5627=DIRECTION('center_axis',(0.,0.,1.));
#5628=DIRECTION('ref_axis',(0.707106781186547,-0.707106781186547,0.));
#5629=DIRECTION('',(0.,1.,0.));
#5630=DIRECTION('center_axis',(0.,0.,1.));
#5631=DIRECTION('ref_axis',(0.707106781186546,0.707106781186549,0.));
#5632=DIRECTION('',(1.,1.49076819294549E-15,0.));
#5633=DIRECTION('center_axis',(0.,0.,1.));
#5634=DIRECTION('ref_axis',(1.,0.,0.));
#5635=DIRECTION('',(1.,-1.4907681929455E-15,0.));
#5636=DIRECTION('center_axis',(0.,0.,1.));
#5637=DIRECTION('ref_axis',(0.936329177569044,-0.351123441588393,0.));
#5638=DIRECTION('center_axis',(0.,0.,1.));
#5639=DIRECTION('ref_axis',(0.936329177569044,0.351123441588393,0.));
#5640=DIRECTION('',(-1.,-1.38777878078145E-15,0.));
#5641=DIRECTION('center_axis',(0.,0.,1.));
#5642=DIRECTION('ref_axis',(-0.166666666666667,0.986013297183269,0.));
#5643=DIRECTION('',(0.342020143325621,-0.939692620785926,0.));
#5644=DIRECTION('center_axis',(0.,1.,0.));
#5645=DIRECTION('ref_axis',(0.,0.,-1.));
#5646=DIRECTION('center_axis',(0.,1.,0.));
#5647=DIRECTION('ref_axis',(0.,0.,-1.));
#5648=DIRECTION('',(0.,1.,0.));
#5649=DIRECTION('center_axis',(0.,0.,1.));
#5650=DIRECTION('ref_axis',(1.,0.,0.));
#5651=DIRECTION('center_axis',(2.52323414687533E-16,0.,-1.));
#5652=DIRECTION('ref_axis',(1.,0.,0.));
#5653=DIRECTION('',(0.,0.,1.));
#5654=DIRECTION('center_axis',(0.,0.,1.));
#5655=DIRECTION('ref_axis',(1.,0.,0.));
#5656=DIRECTION('',(0.,0.,-1.));
#5657=DIRECTION('center_axis',(2.52323414687533E-16,0.,-1.));
#5658=DIRECTION('ref_axis',(1.,0.,0.));
#5659=DIRECTION('center_axis',(0.,1.,0.));
#5660=DIRECTION('ref_axis',(0.753999999980389,0.,0.656874417243946));
#5661=DIRECTION('center_axis',(0.,1.,0.));
#5662=DIRECTION('ref_axis',(0.753999999980389,0.,0.656874417243946));
#5663=DIRECTION('center_axis',(0.,0.,-1.));
#5664=DIRECTION('ref_axis',(-0.707106781186548,0.707106781186548,0.));
#5665=DIRECTION('center_axis',(0.0209363564950231,0.,-0.999780810466331));
#5666=DIRECTION('ref_axis',(-0.999780810466331,0.,-0.0209363564950231));
#5667=DIRECTION('',(0.,0.,1.));
#5668=DIRECTION('center_axis',(2.52323414687533E-16,0.,-1.));
#5669=DIRECTION('ref_axis',(-0.707106781186548,0.707106781186548,0.));
#5670=DIRECTION('',(0.,0.,1.));
#5671=DIRECTION('',(0.,0.,-1.));
#5672=DIRECTION('center_axis',(0.,-1.,0.));
#5673=DIRECTION('ref_axis',(0.,0.,-1.));
#5674=DIRECTION('center_axis',(0.,1.,0.));
#5675=DIRECTION('ref_axis',(0.753999999980389,0.,0.656874417243946));
#5676=DIRECTION('',(-0.999780810466331,0.,-0.0209363564950231));
#5677=DIRECTION('center_axis',(1.,0.,0.));
#5678=DIRECTION('ref_axis',(0.,1.,0.));
#5679=DIRECTION('',(0.,1.,0.));
#5680=DIRECTION('',(0.,0.,-1.));
#5681=DIRECTION('',(0.,1.,0.));
#5682=DIRECTION('',(0.,-1.,0.));
#5683=DIRECTION('',(0.,0.,1.));
#5684=DIRECTION('',(0.,-1.,0.));
#5685=DIRECTION('center_axis',(1.,0.,0.));
#5686=DIRECTION('ref_axis',(0.,1.,0.));
#5687=DIRECTION('center_axis',(1.,0.,0.));
#5688=DIRECTION('ref_axis',(0.,1.,0.));
#5689=DIRECTION('center_axis',(1.,0.,0.));
#5690=DIRECTION('ref_axis',(0.,1.,0.));
#5691=DIRECTION('center_axis',(1.,0.,0.));
#5692=DIRECTION('ref_axis',(0.,1.,0.));
#5693=DIRECTION('center_axis',(1.,0.,0.));
#5694=DIRECTION('ref_axis',(0.,1.,0.));
#5695=DIRECTION('center_axis',(1.,0.,0.));
#5696=DIRECTION('ref_axis',(0.,1.,0.));
#5697=DIRECTION('center_axis',(0.,0.,-1.));
#5698=DIRECTION('ref_axis',(-0.707106781186548,-0.707106781186548,0.));
#5699=DIRECTION('center_axis',(0.0209363564950231,0.,-0.999780810466331));
#5700=DIRECTION('ref_axis',(-0.999780810466331,0.,-0.0209363564950231));
#5701=DIRECTION('',(0.,0.,1.));
#5702=DIRECTION('center_axis',(2.52323414687533E-16,0.,-1.));
#5703=DIRECTION('ref_axis',(-0.707106781186548,-0.707106781186548,0.));
#5704=DIRECTION('',(0.,0.,-1.));
#5705=DIRECTION('center_axis',(1.,0.,0.));
#5706=DIRECTION('ref_axis',(0.,1.,0.));
#5707=DIRECTION('',(0.,-1.,0.));
#5708=DIRECTION('',(0.,0.,1.));
#5709=DIRECTION('',(0.,1.,0.));
#5710=DIRECTION('',(0.,0.,-1.));
#5711=DIRECTION('center_axis',(1.,0.,0.));
#5712=DIRECTION('ref_axis',(0.,1.,0.));
#5713=DIRECTION('',(0.,0.,1.));
#5714=DIRECTION('',(0.,1.,0.));
#5715=DIRECTION('',(0.,-1.,0.));
#5716=DIRECTION('center_axis',(1.,0.,1.30614473485312E-16));
#5717=DIRECTION('ref_axis',(1.30614473485312E-16,0.,-1.));
#5718=DIRECTION('',(0.,1.,0.));
#5719=DIRECTION('',(0.,0.,1.));
#5720=DIRECTION('center_axis',(1.,0.,1.30614473485312E-16));
#5721=DIRECTION('ref_axis',(1.30614473485312E-16,0.,-1.));
#5722=DIRECTION('',(0.,1.,0.));
#5723=DIRECTION('center_axis',(-0.743144825477394,0.669130606358858,1.18429162087471E-16));
#5724=DIRECTION('ref_axis',(0.669130606358858,0.743144825477394,-1.06126315094428E-16));
#5725=DIRECTION('',(1.5936215664476E-16,0.,1.));
#5726=DIRECTION('',(0.669130606358858,0.743144825477394,1.68837319468407E-16));
#5727=DIRECTION('',(0.,0.,-1.));
#5728=DIRECTION('',(-0.669130606358858,-0.743144825477394,1.06126315094428E-16));
#5729=DIRECTION('center_axis',(0.,0.,1.));
#5730=DIRECTION('ref_axis',(1.,0.,0.));
#5731=DIRECTION('center_axis',(1.58603289232166E-16,0.,1.));
#5732=DIRECTION('ref_axis',(1.,0.,0.));
#5733=DIRECTION('',(0.,0.,-1.));
#5734=DIRECTION('center_axis',(0.,1.,0.));
#5735=DIRECTION('ref_axis',(-1.,0.,0.));
#5736=DIRECTION('',(-0.814616209118989,0.,0.580000372276267));
#5737=DIRECTION('center_axis',(0.,-1.,0.));
#5738=DIRECTION('ref_axis',(0.999780810466331,0.,0.0209363564950231));
#5739=DIRECTION('',(0.999780810466331,0.,0.0209363564950231));
#5740=DIRECTION('',(1.,0.,2.52323414687533E-16));
#5741=DIRECTION('center_axis',(0.,-1.,0.));
#5742=DIRECTION('ref_axis',(0.,0.,-1.));
#5743=DIRECTION('',(-0.999780810466331,0.,-0.0209363564950231));
#5744=DIRECTION('center_axis',(0.,1.,0.));
#5745=DIRECTION('ref_axis',(0.753999999980389,0.,0.656874417243946));
#5746=DIRECTION('center_axis',(0.,1.,0.));
#5747=DIRECTION('ref_axis',(0.753999999980389,0.,0.656874417243946));
#5748=DIRECTION('',(0.,1.,0.));
#5749=DIRECTION('center_axis',(-0.0209363564950231,0.,0.999780810466331));
#5750=DIRECTION('ref_axis',(0.999780810466331,0.,0.0209363564950231));
#5751=DIRECTION('',(0.,1.,0.));
#5752=DIRECTION('center_axis',(0.,1.,0.));
#5753=DIRECTION('ref_axis',(-1.,0.,0.));
#5754=DIRECTION('',(1.,0.,2.52323414687533E-16));
#5755=DIRECTION('',(0.,0.,-1.));
#5756=DIRECTION('',(-1.,0.,-1.23358113847239E-16));
#5757=DIRECTION('center_axis',(0.,1.,0.));
#5758=DIRECTION('ref_axis',(0.999780810466331,0.,0.0209363564950231));
#5759=DIRECTION('',(0.,1.,0.));
#5760=DIRECTION('center_axis',(-0.580000372276267,0.,-0.814616209118989));
#5761=DIRECTION('ref_axis',(-0.814616209118989,0.,0.580000372276267));
#5762=DIRECTION('',(0.,1.,0.));
#5763=DIRECTION('center_axis',(0.,1.,0.));
#5764=DIRECTION('ref_axis',(0.753999999980389,0.,0.656874417243946));
#5765=DIRECTION('center_axis',(1.23358113847239E-16,0.,-1.));
#5766=DIRECTION('ref_axis',(-1.,0.,-1.23358113847239E-16));
#5767=DIRECTION('',(0.,1.,0.));
#5768=DIRECTION('',(1.,0.,1.23358113847239E-16));
#5769=DIRECTION('center_axis',(1.,0.,0.));
#5770=DIRECTION('ref_axis',(0.,1.,0.));
#5771=DIRECTION('',(0.,-1.,0.));
#5772=DIRECTION('',(0.,0.,1.));
#5773=DIRECTION('center_axis',(-1.,0.,0.));
#5774=DIRECTION('ref_axis',(0.,1.,0.));
#5775=DIRECTION('center_axis',(-1.,0.,0.));
#5776=DIRECTION('ref_axis',(0.,1.,0.));
#5777=DIRECTION('center_axis',(-1.,0.,0.));
#5778=DIRECTION('ref_axis',(0.,1.,0.));
#5779=DIRECTION('center_axis',(-1.,0.,0.));
#5780=DIRECTION('ref_axis',(0.,1.,0.));
#5781=DIRECTION('center_axis',(-1.,0.,0.));
#5782=DIRECTION('ref_axis',(0.,1.,0.));
#5783=DIRECTION('center_axis',(-1.,0.,0.));
#5784=DIRECTION('ref_axis',(0.,1.,0.));
#5785=DIRECTION('center_axis',(-2.52323414687533E-16,0.,1.));
#5786=DIRECTION('ref_axis',(1.,0.,2.52323414687533E-16));
#5787=DIRECTION('',(-1.,0.,-2.52323414687533E-16));
#5788=DIRECTION('',(1.,0.,1.67603768816756E-14));
#5789=DIRECTION('',(0.,1.,0.));
#5790=DIRECTION('center_axis',(0.,1.,0.));
#5791=DIRECTION('ref_axis',(-1.,0.,0.));
#5792=DIRECTION('',(-1.,0.,-2.52323414687533E-16));
#5793=DIRECTION('center_axis',(0.,1.,0.));
#5794=DIRECTION('ref_axis',(-1.,0.,0.));
#5795=DIRECTION('',(0.999780810466331,0.,0.0209363564950231));
#5796=DIRECTION('center_axis',(0.,-1.,0.));
#5797=DIRECTION('ref_axis',(0.999780810466331,0.,0.0209363564950231));
#5798=DIRECTION('',(-0.814616209118989,0.,0.580000372276267));
#5799=DIRECTION('center_axis',(0.,1.,0.));
#5800=DIRECTION('ref_axis',(0.753999999980389,0.,0.656874417243946));
#5801=DIRECTION('center_axis',(0.,-1.,0.));
#5802=DIRECTION('ref_axis',(0.753999999980389,0.,0.656874417243946));
#5803=DIRECTION('',(0.,-1.,0.));
#5804=DIRECTION('center_axis',(0.0209363564950231,0.,-0.999780810466331));
#5805=DIRECTION('ref_axis',(0.999780810466331,0.,0.0209363564950231));
#5806=DIRECTION('',(0.999780810466331,0.,0.0209363564950231));
#5807=DIRECTION('',(0.,-1.,0.));
#5808=DIRECTION('center_axis',(0.,1.,0.));
#5809=DIRECTION('ref_axis',(0.999780810466331,0.,0.0209363564950231));
#5810=DIRECTION('center_axis',(0.,-1.,0.));
#5811=DIRECTION('ref_axis',(0.999780810466331,0.,0.0209363564950231));
#5812=DIRECTION('',(0.,-1.,0.));
#5813=DIRECTION('center_axis',(0.580000372276267,0.,0.814616209118989));
#5814=DIRECTION('ref_axis',(-0.814616209118989,0.,0.580000372276267));
#5815=DIRECTION('',(-0.814616209118989,0.,0.580000372276267));
#5816=DIRECTION('',(0.,-1.,0.));
#5817=DIRECTION('center_axis',(0.,1.,0.));
#5818=DIRECTION('ref_axis',(0.753999999980389,0.,0.656874417243946));
#5819=DIRECTION('center_axis',(0.,-1.,0.));
#5820=DIRECTION('ref_axis',(0.753999999980389,0.,0.656874417243946));
#5821=DIRECTION('center_axis',(1.23358113847239E-16,0.,-1.));
#5822=DIRECTION('ref_axis',(-1.,0.,-1.23358113847239E-16));
#5823=DIRECTION('',(0.,1.,0.));
#5824=DIRECTION('',(1.,0.,-6.53072367426563E-17));
#5825=DIRECTION('center_axis',(0.,1.,0.));
#5826=DIRECTION('ref_axis',(1.,0.,0.));
#5827=DIRECTION('',(5.68989300120405E-15,0.,1.));
#5828=DIRECTION('',(-1.,0.,0.));
#5829=DIRECTION('',(-1.,0.,-3.16406226906866E-11));
#5830=DIRECTION('',(-0.360066009547956,0.,0.93292682926809));
#5831=DIRECTION('center_axis',(0.,-1.,0.));
#5832=DIRECTION('ref_axis',(-0.360066009547422,0.,0.932926829268296));
#5833=DIRECTION('',(0.360066009547516,0.,0.93292682926826));
#5834=DIRECTION('',(1.,0.,0.));
#5835=DIRECTION('center_axis',(-1.,0.,0.));
#5836=DIRECTION('ref_axis',(0.,1.,0.));
#5837=DIRECTION('',(1.,0.,0.));
#5838=DIRECTION('center_axis',(-1.,0.,0.));
#5839=DIRECTION('ref_axis',(0.,1.,0.));
#5840=DIRECTION('',(1.,0.,0.));
#5841=DIRECTION('center_axis',(-1.,0.,0.));
#5842=DIRECTION('ref_axis',(0.,1.,0.));
#5843=DIRECTION('',(1.,0.,0.));
#5844=DIRECTION('center_axis',(-1.,0.,0.));
#5845=DIRECTION('ref_axis',(0.,1.,0.));
#5846=DIRECTION('',(1.,0.,0.));
#5847=DIRECTION('center_axis',(-1.,0.,0.));
#5848=DIRECTION('ref_axis',(0.,1.,0.));
#5849=DIRECTION('',(1.,0.,0.));
#5850=DIRECTION('center_axis',(-1.,0.,0.));
#5851=DIRECTION('ref_axis',(0.,1.,0.));
#5852=DIRECTION('',(1.,0.,0.));
#5853=DIRECTION('center_axis',(0.,0.,1.));
#5854=DIRECTION('ref_axis',(-1.,0.,0.));
#5855=DIRECTION('center_axis',(0.,0.,1.));
#5856=DIRECTION('ref_axis',(1.,0.,0.));
#5857=DIRECTION('center_axis',(0.,0.,1.));
#5858=DIRECTION('ref_axis',(-1.,0.,0.));
#5859=DIRECTION('',(0.601815023151926,0.798635510047385,0.));
#5860=DIRECTION('center_axis',(0.,0.,1.));
#5861=DIRECTION('ref_axis',(1.,0.,0.));
#5862=DIRECTION('',(0.,1.,0.));
#5863=DIRECTION('center_axis',(-0.798635510047385,0.601815023151926,0.));
#5864=DIRECTION('ref_axis',(0.601815023151926,0.798635510047385,0.));
#5865=DIRECTION('',(0.,0.,-1.));
#5866=DIRECTION('center_axis',(0.,0.,-1.));
#5867=DIRECTION('ref_axis',(0.994521895368289,-0.1045284632675,0.));
#5868=DIRECTION('center_axis',(0.,0.,1.));
#5869=DIRECTION('ref_axis',(1.,0.,0.));
#5870=DIRECTION('',(0.,0.,-1.));
#5871=DIRECTION('center_axis',(1.,0.,1.30614473485312E-16));
#5872=DIRECTION('ref_axis',(1.30614473485312E-16,0.,-1.));
#5873=DIRECTION('',(0.,0.,1.));
#5874=DIRECTION('center_axis',(0.,0.,1.));
#5875=DIRECTION('ref_axis',(1.,0.,0.));
#5876=DIRECTION('center_axis',(-0.577350269189626,0.577350269189626,0.577350269189626));
#5877=DIRECTION('ref_axis',(0.816496580927727,0.408248290463863,0.408248290463861));
#5878=DIRECTION('center_axis',(0.,0.,-1.));
#5879=DIRECTION('ref_axis',(0.707106781186548,-0.707106781186547,0.));
#5880=DIRECTION('',(-0.577350269189626,0.577350269189626,0.577350269189626));
#5881=DIRECTION('center_axis',(-1.,0.,0.));
#5882=DIRECTION('ref_axis',(0.,0.707106781186548,0.707106781186547));
#5883=DIRECTION('',(0.577350269189626,-0.577350269189626,-0.577350269189626));
#5884=DIRECTION('center_axis',(-1.38777878078145E-15,-1.,0.));
#5885=DIRECTION('ref_axis',(0.707106781186548,-9.78103551401328E-16,-0.707106781186547));
#5886=DIRECTION('center_axis',(-0.707106781186548,0.,-0.707106781186548));
#5887=DIRECTION('ref_axis',(-0.707106781186548,0.,0.707106781186548));
#5888=DIRECTION('',(0.,-1.,0.));
#5889=DIRECTION('',(0.577350269189625,0.577350269189627,-0.577350269189625));
#5890=DIRECTION('',(0.,1.,0.));
#5891=DIRECTION('center_axis',(0.577350269189625,0.577350269189627,-0.577350269189625));
#5892=DIRECTION('ref_axis',(0.816496580927728,-0.408248290463861,0.408248290463861));
#5893=DIRECTION('center_axis',(-1.49076819294549E-15,1.,0.));
#5894=DIRECTION('ref_axis',(0.707106781186548,1.09581402684547E-15,-0.707106781186547));
#5895=DIRECTION('',(-0.577350269189625,-0.577350269189627,0.577350269189625));
#5896=DIRECTION('center_axis',(-1.,0.,0.));
#5897=DIRECTION('ref_axis',(0.,-0.707106781186548,0.707106781186547));
#5898=DIRECTION('center_axis',(0.,0.,-1.));
#5899=DIRECTION('ref_axis',(0.707106781186546,0.707106781186549,0.));
#5900=DIRECTION('center_axis',(-0.577350269189625,-0.577350269189627,-0.577350269189625));
#5901=DIRECTION('ref_axis',(0.816496580927725,-0.408248290463863,-0.408248290463865));
#5902=DIRECTION('',(-0.577350269189625,-0.577350269189627,-0.577350269189625));
#5903=DIRECTION('center_axis',(-1.,0.,0.));
#5904=DIRECTION('ref_axis',(0.,-0.707106781186548,-0.707106781186547));
#5905=DIRECTION('',(0.577350269189625,0.577350269189627,0.577350269189625));
#5906=DIRECTION('center_axis',(-1.49076819294549E-15,1.,0.));
#5907=DIRECTION('ref_axis',(0.707106781186548,1.09581402684547E-15,0.707106781186547));
#5908=DIRECTION('center_axis',(-0.707106781186548,0.,0.707106781186548));
#5909=DIRECTION('ref_axis',(0.707106781186548,0.,0.707106781186548));
#5910=DIRECTION('',(0.577350269189626,-0.577350269189626,0.577350269189626));
#5911=DIRECTION('',(0.,-1.,0.));
#5912=DIRECTION('center_axis',(0.577350269189626,-0.577350269189626,0.577350269189626));
#5913=DIRECTION('ref_axis',(0.816496580927727,0.408248290463863,-0.408248290463861));
#5914=DIRECTION('center_axis',(-1.38777878078145E-15,-1.,0.));
#5915=DIRECTION('ref_axis',(0.707106781186548,-9.96313425325414E-16,0.707106781186547));
#5916=DIRECTION('',(-0.577350269189626,0.577350269189626,-0.577350269189626));
#5917=DIRECTION('center_axis',(-1.,0.,0.));
#5918=DIRECTION('ref_axis',(0.,0.707106781186548,-0.707106781186547));
#5919=DIRECTION('center_axis',(-0.883452208598772,0.331294578224541,0.33129457822454));
#5920=DIRECTION('ref_axis',(0.468521285665819,0.624695047554424,0.624695047554424));
#5921=DIRECTION('',(-0.883452208598772,0.331294578224541,0.33129457822454));
#5922=DIRECTION('center_axis',(-1.,0.,0.));
#5923=DIRECTION('ref_axis',(0.,0.707106781186548,0.707106781186547));
#5924=DIRECTION('',(0.883452208598772,-0.331294578224541,-0.33129457822454));
#5925=DIRECTION('center_axis',(0.883452208598775,-0.331294578224541,-0.331294578224532));
#5926=DIRECTION('ref_axis',(0.351123441588393,0.936329177569044,0.));
#5927=DIRECTION('',(-0.883452208598772,0.331294578224541,-0.33129457822454));
#5928=DIRECTION('center_axis',(-0.351123441588393,-0.936329177569044,0.));
#5929=DIRECTION('ref_axis',(0.,0.,-1.));
#5930=DIRECTION('',(0.,0.,-1.));
#5931=DIRECTION('',(-0.883452208598772,0.331294578224541,-0.33129457822454));
#5932=DIRECTION('center_axis',(0.883452208598772,0.331294578224541,-0.33129457822454));
#5933=DIRECTION('ref_axis',(0.468521285665821,-0.624695047554423,0.624695047554424));
#5934=DIRECTION('center_axis',(0.,0.,1.));
#5935=DIRECTION('ref_axis',(0.936329177569044,0.351123441588393,0.));
#5936=DIRECTION('',(-0.883452208598772,-0.331294578224541,0.33129457822454));
#5937=DIRECTION('center_axis',(-1.,0.,0.));
#5938=DIRECTION('ref_axis',(0.,-0.707106781186547,0.707106781186548));
#5939=DIRECTION('',(0.883452208598772,0.331294578224541,-0.33129457822454));
#5940=DIRECTION('center_axis',(0.,0.,-1.));
#5941=DIRECTION('ref_axis',(0.936329177569044,0.351123441588393,0.));
#5942=DIRECTION('center_axis',(-1.38777878078145E-15,1.,0.));
#5943=DIRECTION('ref_axis',(0.936329177569044,1.29427451384203E-15,-0.351123441588392));
#5944=DIRECTION('center_axis',(-0.351123441588392,0.,-0.936329177569044));
#5945=DIRECTION('ref_axis',(-0.936329177569044,0.,0.351123441588392));
#5946=DIRECTION('',(0.,1.,0.));
#5947=DIRECTION('center_axis',(-0.883452208598772,-0.331294578224541,-0.33129457822454));
#5948=DIRECTION('ref_axis',(0.46852128566582,-0.624695047554423,-0.624695047554424));
#5949=DIRECTION('center_axis',(-1.38777878078145E-15,1.,0.));
#5950=DIRECTION('ref_axis',(0.936329177569044,1.29427451384203E-15,0.351123441588392));
#5951=DIRECTION('center_axis',(0.,-1.,0.));
#5952=DIRECTION('ref_axis',(0.936329177569044,0.,0.351123441588392));
#5953=DIRECTION('',(-0.883452208598772,-0.331294578224541,-0.33129457822454));
#5954=DIRECTION('center_axis',(-1.,0.,0.));
#5955=DIRECTION('ref_axis',(0.,-0.707106781186547,-0.707106781186548));
#5956=DIRECTION('',(0.883452208598772,0.331294578224541,0.33129457822454));
#5957=DIRECTION('center_axis',(-0.351123441588392,0.,0.936329177569044));
#5958=DIRECTION('ref_axis',(0.936329177569044,0.,0.351123441588392));
#5959=DIRECTION('',(0.883452208598772,-0.331294578224541,0.33129457822454));
#5960=DIRECTION('',(0.,-1.,0.));
#5961=DIRECTION('center_axis',(0.883452208598772,-0.331294578224541,0.33129457822454));
#5962=DIRECTION('ref_axis',(0.468521285665818,0.624695047554424,-0.624695047554424));
#5963=DIRECTION('center_axis',(-1.4907681929455E-15,-1.,0.));
#5964=DIRECTION('ref_axis',(0.936329177569044,-1.40861701290986E-15,0.351123441588392));
#5965=DIRECTION('center_axis',(-1.,0.,0.));
#5966=DIRECTION('ref_axis',(0.,0.707106781186548,-0.707106781186547));
#5967=DIRECTION('center_axis',(-0.351123441588393,0.936329177569044,0.));
#5968=DIRECTION('ref_axis',(0.,0.,1.));
#5969=DIRECTION('',(0.,0.,1.));
#5970=DIRECTION('center_axis',(0.,0.,1.));
#5971=DIRECTION('ref_axis',(1.,0.,0.));
#5972=DIRECTION('',(-1.,1.4907681929455E-15,0.));
#5973=DIRECTION('center_axis',(0.,0.,-1.));
#5974=DIRECTION('ref_axis',(1.,0.,0.));
#5975=DIRECTION('',(1.,1.49076819294549E-15,0.));
#5976=DIRECTION('',(-1.,1.38777878078145E-15,0.));
#5977=DIRECTION('center_axis',(0.,0.,1.));
#5978=DIRECTION('ref_axis',(-0.166666666666667,0.986013297183269,0.));
#5979=DIRECTION('',(-0.342020143325344,-0.939692620786027,0.));
#5980=DIRECTION('',(0.342020143325621,-0.939692620785926,0.));
#5981=DIRECTION('center_axis',(0.,0.,1.));
#5982=DIRECTION('ref_axis',(-0.166666666666667,0.986013297183269,0.));
#5983=DIRECTION('',(1.,1.38777878078145E-15,0.));
#5984=DIRECTION('center_axis',(1.4907681929455E-15,1.,0.));
#5985=DIRECTION('ref_axis',(-1.,1.4907681929455E-15,0.));
#5986=DIRECTION('',(0.,0.,1.));
#5987=DIRECTION('center_axis',(1.,0.,0.));
#5988=DIRECTION('ref_axis',(0.,0.,-1.));
#5989=DIRECTION('',(0.,1.,1.44419255235793E-15));
#5990=DIRECTION('',(1.04016734370377E-16,2.08033468740755E-16,-1.));
#5991=DIRECTION('center_axis',(1.,0.,0.));
#5992=DIRECTION('ref_axis',(0.,0.,-1.));
#5993=DIRECTION('center_axis',(1.,0.,0.));
#5994=DIRECTION('ref_axis',(0.,0.,-1.));
#5995=DIRECTION('',(0.,-1.,1.11022302462516E-15));
#5996=DIRECTION('',(0.,1.85037170770896E-15,-1.));
#5997=DIRECTION('center_axis',(-0.707106781186549,0.707106781186546,0.));
#5998=DIRECTION('ref_axis',(0.,0.,1.));
#5999=DIRECTION('',(0.,0.,-1.));
#6000=DIRECTION('',(0.,0.,1.));
#6001=DIRECTION('center_axis',(-0.707106781186548,-0.707106781186548,0.));
#6002=DIRECTION('ref_axis',(0.,0.,1.));
#6003=DIRECTION('',(0.,0.,-1.));
#6004=DIRECTION('',(0.,0.,1.));
#6005=DIRECTION('center_axis',(1.38777878078145E-15,1.,0.));
#6006=DIRECTION('ref_axis',(-1.,1.38777878078145E-15,0.));
#6007=DIRECTION('',(0.,0.,1.));
#6008=DIRECTION('center_axis',(1.,0.,0.));
#6009=DIRECTION('ref_axis',(0.,0.,-1.));
#6010=DIRECTION('',(0.,-1.85037165205424E-15,-1.));
#6011=DIRECTION('',(0.,1.,0.));
#6012=DIRECTION('center_axis',(1.,0.,0.));
#6013=DIRECTION('ref_axis',(0.,0.,-1.));
#6014=DIRECTION('center_axis',(1.,0.,0.));
#6015=DIRECTION('ref_axis',(0.,0.,-1.));
#6016=DIRECTION('',(0.,0.,1.));
#6017=DIRECTION('',(0.,-1.,1.44419255235793E-15));
#6018=DIRECTION('center_axis',(1.82165401677819E-15,-1.,-1.64451944311044E-15));
#6019=DIRECTION('ref_axis',(-0.956981144967829,-2.22044604925031E-15,0.29015011317603));
#6020=DIRECTION('center_axis',(0.181429372869522,0.826967979077857,0.532172288117351));
#6021=DIRECTION('ref_axis',(-0.504180577766389,0.542840412593422,-0.671659312046333));
#6022=DIRECTION('center_axis',(0.181429372869511,-0.826967979077863,0.532172288117346));
#6023=DIRECTION('ref_axis',(-0.946506384663485,1.11022302462516E-14,0.322685084550339));
#6024=DIRECTION('center_axis',(7.12072806654697E-16,1.,2.34857826644874E-15));
#6025=DIRECTION('ref_axis',(-0.670096509906559,2.22044604925033E-15,-0.742273984059154));
#6026=DIRECTION('center_axis',(-0.939692620786027,0.342020143325344,0.));
#6027=DIRECTION('ref_axis',(-0.342020143325344,-0.939692620786027,0.));
#6028=DIRECTION('',(0.,0.,1.));
#6029=DIRECTION('center_axis',(1.38777878078145E-15,-1.,0.));
#6030=DIRECTION('ref_axis',(1.,1.38777878078145E-15,0.));
#6031=DIRECTION('',(0.,0.,1.));
#6032=DIRECTION('center_axis',(1.49076819294549E-15,-1.,0.));
#6033=DIRECTION('ref_axis',(1.,1.49076819294549E-15,0.));
#6034=DIRECTION('',(0.,0.,1.));
#6035=DIRECTION('center_axis',(-0.939692620785926,-0.342020143325621,0.));
#6036=DIRECTION('ref_axis',(0.342020143325621,-0.939692620785926,0.));
#6037=DIRECTION('',(0.,0.,1.));
#6038=DIRECTION('center_axis',(0.,0.,1.));
#6039=DIRECTION('ref_axis',(-0.166666666666667,0.986013297183269,0.));
#6040=DIRECTION('center_axis',(0.,0.,1.));
#6041=DIRECTION('ref_axis',(1.,0.,0.));
#6042=DIRECTION('center_axis',(0.,0.,1.));
#6043=DIRECTION('ref_axis',(-0.166666666666667,0.986013297183269,0.));
#6044=DIRECTION('center_axis',(0.,-1.,1.85037165205424E-15));
#6045=DIRECTION('ref_axis',(0.,1.85037165205424E-15,1.));
#6046=DIRECTION('',(-1.,0.,0.));
#6047=DIRECTION('center_axis',(0.,-1.44419255235793E-15,-1.));
#6048=DIRECTION('ref_axis',(0.,-1.,1.44419255235793E-15));
#6049=DIRECTION('',(-1.,0.,0.));
#6050=DIRECTION('center_axis',(0.,1.,0.));
#6051=DIRECTION('ref_axis',(0.,0.,-1.));
#6052=DIRECTION('center_axis',(0.,-1.,-2.08033468740755E-16));
#6053=DIRECTION('ref_axis',(-1.04016734370377E-16,-2.08033468740755E-16,
1.));
#6054=DIRECTION('',(-1.,0.,0.));
#6055=DIRECTION('center_axis',(0.,1.44419255235793E-15,-1.));
#6056=DIRECTION('ref_axis',(0.,-1.,-1.44419255235793E-15));
#6057=DIRECTION('',(-1.,0.,0.));
#6058=DIRECTION('center_axis',(0.,1.,1.85037170770896E-15));
#6059=DIRECTION('ref_axis',(0.,1.85037170770896E-15,-1.));
#6060=DIRECTION('center_axis',(-1.,0.,5.68989300120405E-15));
#6061=DIRECTION('ref_axis',(5.68989300120405E-15,0.,1.));
#6062=DIRECTION('',(0.,1.,0.));
#6063=DIRECTION('',(0.,1.,0.));
#6064=DIRECTION('center_axis',(0.,0.,-1.));
#6065=DIRECTION('ref_axis',(-1.,0.,0.));
#6066=DIRECTION('',(0.,0.,1.));
#6067=DIRECTION('',(0.,1.,0.));
#6068=DIRECTION('center_axis',(8.22387425648258E-16,0.,1.));
#6069=DIRECTION('ref_axis',(1.,0.,-4.55476112666731E-16));
#6070=DIRECTION('center_axis',(8.22387425648258E-16,0.,1.));
#6071=DIRECTION('ref_axis',(-3.71603147225926E-16,-1.,0.));
#6072=DIRECTION('center_axis',(0.,1.,0.));
#6073=DIRECTION('ref_axis',(-0.707106781186549,0.,0.707106781186546));
#6074=DIRECTION('',(0.,1.,0.));
#6075=DIRECTION('center_axis',(8.22387425648258E-16,0.,1.));
#6076=DIRECTION('ref_axis',(1.,0.,-4.55476112666731E-16));
#6077=DIRECTION('center_axis',(8.22387425648258E-16,0.,1.));
#6078=DIRECTION('ref_axis',(-3.71603147225926E-16,1.,0.));
#6079=DIRECTION('center_axis',(0.,0.,-1.));
#6080=DIRECTION('ref_axis',(-1.,0.,0.));
#6081=DIRECTION('center_axis',(0.,0.,-1.));
#6082=DIRECTION('ref_axis',(6.12323399573677E-17,1.,0.));
#6083=DIRECTION('center_axis',(0.,0.,-1.));
#6084=DIRECTION('ref_axis',(-1.,0.,0.));
#6085=DIRECTION('center_axis',(0.,0.,-1.));
#6086=DIRECTION('ref_axis',(6.12323399573677E-17,-1.,0.));
#6087=DIRECTION('center_axis',(0.,-1.,0.));
#6088=DIRECTION('ref_axis',(-0.707106781186549,0.,-0.707106781186546));
#6089=DIRECTION('',(0.,-1.,0.));
#6090=DIRECTION('center_axis',(0.,0.,1.));
#6091=DIRECTION('ref_axis',(1.,0.,0.));
#6092=DIRECTION('',(0.,0.,1.));
#6093=DIRECTION('center_axis',(0.,0.,1.));
#6094=DIRECTION('ref_axis',(1.,0.,0.));
#6095=DIRECTION('',(0.,0.,1.));
#6096=DIRECTION('center_axis',(-1.,0.,0.));
#6097=DIRECTION('ref_axis',(0.,-1.,0.));
#6098=DIRECTION('',(0.,-1.,0.));
#6099=DIRECTION('',(0.,0.,1.));
#6100=DIRECTION('center_axis',(0.,0.,1.));
#6101=DIRECTION('ref_axis',(1.,0.,0.));
#6102=DIRECTION('center_axis',(0.,0.,1.));
#6103=DIRECTION('ref_axis',(1.,0.,0.));
#6104=DIRECTION('',(0.,0.,1.));
#6105=DIRECTION('center_axis',(1.,0.,0.));
#6106=DIRECTION('ref_axis',(0.,1.,0.));
#6107=DIRECTION('',(0.,1.,0.));
#6108=DIRECTION('center_axis',(0.,0.,1.));
#6109=DIRECTION('ref_axis',(1.,0.,0.));
#6110=DIRECTION('center_axis',(0.,0.,-1.));
#6111=DIRECTION('ref_axis',(1.,0.,0.));
#6112=DIRECTION('',(0.,0.,-1.));
#6113=DIRECTION('center_axis',(-8.22387425648258E-16,0.,-1.));
#6114=DIRECTION('ref_axis',(1.,0.,0.));
#6115=DIRECTION('',(0.,0.,-1.));
#6116=DIRECTION('center_axis',(1.,0.,0.));
#6117=DIRECTION('ref_axis',(0.,-1.,0.));
#6118=DIRECTION('',(0.,-1.,0.));
#6119=DIRECTION('',(0.,0.,-1.));
#6120=DIRECTION('center_axis',(0.,0.,-1.));
#6121=DIRECTION('ref_axis',(1.,0.,0.));
#6122=DIRECTION('center_axis',(-8.22387425648258E-16,0.,-1.));
#6123=DIRECTION('ref_axis',(1.,0.,0.));
#6124=DIRECTION('',(0.,0.,-1.));
#6125=DIRECTION('center_axis',(-1.,0.,0.));
#6126=DIRECTION('ref_axis',(0.,1.,0.));
#6127=DIRECTION('',(0.,1.,0.));
#6128=DIRECTION('center_axis',(-8.22387425648258E-16,0.,-1.));
#6129=DIRECTION('ref_axis',(-1.,0.,8.22387425648258E-16));
#6130=DIRECTION('center_axis',(-2.52323414687533E-16,0.,1.));
#6131=DIRECTION('ref_axis',(1.,0.,2.52323414687533E-16));
#6132=DIRECTION('center_axis',(0.295017367076675,0.948683298050513,-0.113862869817809));
#6133=DIRECTION('ref_axis',(0.,0.119166756861512,0.99287425390082));
#6134=DIRECTION('center_axis',(0.295017367076675,0.948683298050513,-0.113862869817809));
#6135=DIRECTION('ref_axis',(-0.885052101230021,0.316227766016839,0.341588609453424));
#6136=DIRECTION('',(-0.360066009547516,0.,-0.93292682926826));
#6137=DIRECTION('center_axis',(-0.295017367076675,-0.948683298050513,0.113862869817809));
#6138=DIRECTION('ref_axis',(0.885052101230021,-0.316227766016839,-0.341588609453425));
#6139=DIRECTION('center_axis',(-0.295017367076675,-0.948683298050513,0.113862869817809));
#6140=DIRECTION('ref_axis',(0.885052101230021,-0.316227766016839,-0.341588609453425));
#6141=DIRECTION('',(0.360066009547516,0.,0.93292682926826));
#6142=DIRECTION('center_axis',(0.,-1.,0.));
#6143=DIRECTION('ref_axis',(0.,0.,-1.));
#6144=DIRECTION('',(0.360066009547956,0.,-0.93292682926809));
#6145=DIRECTION('center_axis',(0.,-1.,0.));
#6146=DIRECTION('ref_axis',(1.,0.,0.));
#6147=DIRECTION('center_axis',(0.,1.,0.));
#6148=DIRECTION('ref_axis',(-0.360066009547422,0.,0.932926829268296));
#6149=DIRECTION('center_axis',(0.,1.,0.));
#6150=DIRECTION('ref_axis',(1.,0.,0.));
#6151=DIRECTION('center_axis',(0.,-1.,0.));
#6152=DIRECTION('ref_axis',(1.,0.,0.));
#6153=DIRECTION('center_axis',(-0.295017367076621,-0.948683298050513,-0.113862869817948));
#6154=DIRECTION('ref_axis',(0.885052101229859,-0.316227766016839,0.341588609453843));
#6155=DIRECTION('center_axis',(0.295017367076621,0.948683298050513,0.113862869817948));
#6156=DIRECTION('ref_axis',(0.,-0.119166756861656,0.992874253900802));
#6157=DIRECTION('center_axis',(0.295017367076621,0.948683298050513,0.113862869817948));
#6158=DIRECTION('ref_axis',(0.885052101230055,-0.316227766016839,0.341588609453336));
#6159=DIRECTION('',(-0.360066009547956,0.,0.93292682926809));
#6160=DIRECTION('center_axis',(-0.295017367076621,-0.948683298050513,-0.113862869817948));
#6161=DIRECTION('ref_axis',(0.885052101229859,-0.316227766016839,0.341588609453843));
#6162=DIRECTION('center_axis',(0.,-1.,0.));
#6163=DIRECTION('ref_axis',(0.,0.,-1.));
#6164=DIRECTION('',(-0.360066009547516,0.,-0.93292682926826));
#6165=DIRECTION('center_axis',(0.,1.,0.));
#6166=DIRECTION('ref_axis',(1.,0.,0.));
#6167=DIRECTION('center_axis',(0.,1.,0.));
#6168=DIRECTION('ref_axis',(1.,0.,0.));
#6169=DIRECTION('',(0.360066009547956,0.,-0.93292682926809));
#6170=DIRECTION('',(0.360066009547956,0.,-0.93292682926809));
#6171=DIRECTION('',(1.,0.,3.16406226906866E-11));
#6172=DIRECTION('',(-1.,0.,0.));
#6173=DIRECTION('',(-0.360066009547516,0.,-0.93292682926826));
#6174=DIRECTION('center_axis',(0.,1.,0.));
#6175=DIRECTION('ref_axis',(1.,0.,0.));
#6176=DIRECTION('',(0.,-1.,0.));
#6177=DIRECTION('center_axis',(0.,1.,0.));
#6178=DIRECTION('ref_axis',(1.,0.,0.));
#6179=DIRECTION('',(0.,-1.,0.));
#6180=DIRECTION('center_axis',(-0.93292682926809,0.,-0.360066009547956));
#6181=DIRECTION('ref_axis',(0.360066009547956,0.,-0.93292682926809));
#6182=DIRECTION('',(0.,-1.,0.));
#6183=DIRECTION('center_axis',(-0.93292682926826,0.,0.360066009547516));
#6184=DIRECTION('ref_axis',(-0.360066009547516,0.,-0.93292682926826));
#6185=DIRECTION('',(0.,1.,0.));
#6186=DIRECTION('center_axis',(0.,0.,1.));
#6187=DIRECTION('ref_axis',(1.,0.,0.));
#6188=DIRECTION('',(0.,1.,0.));
#6189=DIRECTION('center_axis',(-0.93292682926826,0.,0.360066009547516));
#6190=DIRECTION('ref_axis',(0.360066009547516,0.,0.93292682926826));
#6191=DIRECTION('',(0.,1.,0.));
#6192=DIRECTION('center_axis',(3.16406226906866E-11,0.,-1.));
#6193=DIRECTION('ref_axis',(-1.,0.,-3.16406226906866E-11));
#6194=DIRECTION('',(0.,1.,0.));
#6195=DIRECTION('center_axis',(-0.93292682926809,0.,-0.360066009547956));
#6196=DIRECTION('ref_axis',(-0.360066009547956,0.,0.93292682926809));
#6197=DIRECTION('',(0.,-1.,0.));
#6198=DIRECTION('center_axis',(0.,1.,0.));
#6199=DIRECTION('ref_axis',(1.,0.,-8.05588658112156E-15));
#6200=DIRECTION('center_axis',(0.,1.,0.));
#6201=DIRECTION('ref_axis',(1.,0.,-8.05588658112156E-15));
#6202=DIRECTION('',(0.,1.,0.));
#6203=DIRECTION('',(0.,1.,0.));
#6204=DIRECTION('center_axis',(0.295017367076675,-0.948683298050513,-0.113862869817809));
#6205=DIRECTION('ref_axis',(-0.885052101230021,-0.316227766016839,0.341588609453424));
#6206=DIRECTION('center_axis',(0.,-1.,0.));
#6207=DIRECTION('ref_axis',(-0.360066009547422,0.,0.932926829268296));
#6208=DIRECTION('center_axis',(0.295017367076621,-0.948683298050513,0.113862869817948));
#6209=DIRECTION('ref_axis',(0.885052101230055,0.316227766016839,0.341588609453336));
#6210=DIRECTION('',(0.,-1.,0.));
#6211=DIRECTION('',(0.,-1.,0.));
#6212=DIRECTION('center_axis',(-0.93292682926809,0.,-0.360066009547956));
#6213=DIRECTION('ref_axis',(-0.360066009547956,0.,0.93292682926809));
#6214=DIRECTION('',(-0.360066009547956,0.,0.93292682926809));
#6215=DIRECTION('',(0.,1.,0.));
#6216=DIRECTION('center_axis',(-0.93292682926826,0.,0.360066009547516));
#6217=DIRECTION('ref_axis',(0.360066009547516,0.,0.93292682926826));
#6218=DIRECTION('',(0.,1.,0.));
#6219=DIRECTION('',(0.360066009547516,0.,0.93292682926826));
#6220=DIRECTION('center_axis',(0.,0.,1.));
#6221=DIRECTION('ref_axis',(1.,0.,0.));
#6222=DIRECTION('',(1.,0.,0.));
#6223=DIRECTION('center_axis',(3.16406226906866E-11,0.,-1.));
#6224=DIRECTION('ref_axis',(-1.,0.,-3.16406226906866E-11));
#6225=DIRECTION('',(-1.,0.,-3.16406226906866E-11));
#6226=DIRECTION('center_axis',(0.93292682926809,0.,0.360066009547956));
#6227=DIRECTION('ref_axis',(0.360066009547956,0.,-0.93292682926809));
#6228=DIRECTION('',(-0.360066009547956,0.,0.93292682926809));
#6229=DIRECTION('',(0.,1.,0.));
#6230=DIRECTION('',(0.360066009547956,0.,-0.93292682926809));
#6231=DIRECTION('center_axis',(0.93292682926826,0.,-0.360066009547516));
#6232=DIRECTION('ref_axis',(-0.360066009547516,0.,-0.93292682926826));
#6233=DIRECTION('',(-0.360066009547516,0.,-0.93292682926826));
#6234=DIRECTION('',(0.,1.,0.));
#6235=DIRECTION('',(0.360066009547516,0.,0.93292682926826));
#6236=DIRECTION('center_axis',(0.,1.,0.));
#6237=DIRECTION('ref_axis',(1.,0.,0.));
#6238=DIRECTION('center_axis',(0.295017367076675,-0.948683298050513,-0.113862869817809));
#6239=DIRECTION('ref_axis',(0.885052101230021,0.316227766016839,-0.341588609453425));
#6240=DIRECTION('center_axis',(0.,1.,0.));
#6241=DIRECTION('ref_axis',(1.,0.,0.));
#6242=DIRECTION('center_axis',(0.,1.,0.));
#6243=DIRECTION('ref_axis',(1.,0.,0.));
#6244=DIRECTION('center_axis',(0.295017367076621,-0.948683298050513,0.113862869817948));
#6245=DIRECTION('ref_axis',(0.885052101229859,0.316227766016839,0.341588609453843));
#6246=DIRECTION('center_axis',(0.,1.,0.));
#6247=DIRECTION('ref_axis',(1.,0.,0.));
#6248=DIRECTION('center_axis',(0.,-1.,0.));
#6249=DIRECTION('ref_axis',(0.,0.,-1.));
#6250=DIRECTION('center_axis',(0.,-1.,0.));
#6251=DIRECTION('ref_axis',(1.,0.,0.));
#6252=DIRECTION('center_axis',(-0.295017367076621,0.948683298050513,-0.113862869817948));
#6253=DIRECTION('ref_axis',(0.,0.119166756861656,0.992874253900802));
#6254=DIRECTION('',(0.360066009547956,0.,-0.93292682926809));
#6255=DIRECTION('center_axis',(0.295017367076621,-0.948683298050513,0.113862869817948));
#6256=DIRECTION('ref_axis',(0.885052101229859,0.316227766016839,0.341588609453843));
#6257=DIRECTION('center_axis',(0.,1.,0.));
#6258=DIRECTION('ref_axis',(1.,0.,0.));
#6259=DIRECTION('center_axis',(0.,-1.,0.));
#6260=DIRECTION('ref_axis',(1.,0.,0.));
#6261=DIRECTION('center_axis',(0.295017367076675,-0.948683298050513,-0.113862869817809));
#6262=DIRECTION('ref_axis',(0.885052101230021,0.316227766016839,-0.341588609453425));
#6263=DIRECTION('center_axis',(0.,-1.,0.));
#6264=DIRECTION('ref_axis',(0.,0.,-1.));
#6265=DIRECTION('',(-0.360066009547516,0.,-0.93292682926826));
#6266=DIRECTION('center_axis',(-0.295017367076675,0.948683298050513,0.113862869817809));
#6267=DIRECTION('ref_axis',(0.,-0.119166756861512,0.99287425390082));
#6268=CARTESIAN_POINT('',(0.,0.,0.));
#6269=CARTESIAN_POINT('Origin',(4.35402475297451,0.863574622198939,-12.5));
#6270=CARTESIAN_POINT('',(4.35402475297451,0.863574622198939,-12.5));
#6271=CARTESIAN_POINT('',(4.35402475297451,1.63096892647445,-12.5));
#6272=CARTESIAN_POINT('',(4.35402475297451,-2.64321268890053,-12.4999999999999));
#6273=CARTESIAN_POINT('',(4.35402475297451,0.863574622198939,-12.));
#6274=CARTESIAN_POINT('',(4.35402475297451,0.863574622198939,-12.5));
#6275=CARTESIAN_POINT('',(4.35402475297451,1.63096892647445,-12.));
#6276=CARTESIAN_POINT('',(4.35402475297451,0.863574622198939,-12.));
#6277=CARTESIAN_POINT('',(4.35402475297451,1.63096892647445,-12.5));
#6278=CARTESIAN_POINT('Ctrl Pts',(4.38062749803066,0.493178842589259,-12.5));
#6279=CARTESIAN_POINT('Ctrl Pts',(4.38062749803066,0.493178842589259,-12.));
#6280=CARTESIAN_POINT('Ctrl Pts',(4.37295990416249,0.540671589761699,-12.5));
#6281=CARTESIAN_POINT('Ctrl Pts',(4.37295990416249,0.540671589761699,-12.));
#6282=CARTESIAN_POINT('Ctrl Pts',(4.35317520585264,0.66321716153651,-12.5));
#6283=CARTESIAN_POINT('Ctrl Pts',(4.35317520585264,0.66321716153651,-12.));
#6284=CARTESIAN_POINT('Ctrl Pts',(4.35370207368005,0.787473835813152,-12.5));
#6285=CARTESIAN_POINT('Ctrl Pts',(4.35370207368005,0.787473835813152,-12.));
#6286=CARTESIAN_POINT('Ctrl Pts',(4.35402475297451,0.863574622198939,-12.5));
#6287=CARTESIAN_POINT('Ctrl Pts',(4.35402475297451,0.863574622198939,-12.));
#6288=CARTESIAN_POINT('',(4.38062749803066,0.493178842589259,-12.5));
#6289=CARTESIAN_POINT('Ctrl Pts',(4.38062749803066,0.493178842589259,-12.5));
#6290=CARTESIAN_POINT('Ctrl Pts',(4.37295990416249,0.540671589761699,-12.5));
#6291=CARTESIAN_POINT('Ctrl Pts',(4.35317520585264,0.66321716153651,-12.5));
#6292=CARTESIAN_POINT('Ctrl Pts',(4.35370207368005,0.787473835813152,-12.5));
#6293=CARTESIAN_POINT('Ctrl Pts',(4.35402475297451,0.863574622198939,-12.5));
#6294=CARTESIAN_POINT('',(4.38062749803066,0.493178842589259,-12.));
#6295=CARTESIAN_POINT('',(4.38062749803066,0.493178842589259,-12.5));
#6296=CARTESIAN_POINT('Ctrl Pts',(4.38062749803066,0.493178842589259,-12.));
#6297=CARTESIAN_POINT('Ctrl Pts',(4.37295990416249,0.540671589761699,-12.));
#6298=CARTESIAN_POINT('Ctrl Pts',(4.35317520585264,0.66321716153651,-12.));
#6299=CARTESIAN_POINT('Ctrl Pts',(4.35370207368005,0.787473835813152,-12.));
#6300=CARTESIAN_POINT('Ctrl Pts',(4.35402475297451,0.863574622198939,-12.));
#6301=CARTESIAN_POINT('Ctrl Pts',(4.5576398819685,0.242496905848384,-12.5));
#6302=CARTESIAN_POINT('Ctrl Pts',(4.5576398819685,0.242496905848384,-12.));
#6303=CARTESIAN_POINT('Ctrl Pts',(4.51679174103591,0.276598432423462,-12.5));
#6304=CARTESIAN_POINT('Ctrl Pts',(4.51679174103591,0.276598432423462,-12.));
#6305=CARTESIAN_POINT('Ctrl Pts',(4.43550801596639,0.344457068025849,-12.5));
#6306=CARTESIAN_POINT('Ctrl Pts',(4.43550801596639,0.344457068025849,-12.));
#6307=CARTESIAN_POINT('Ctrl Pts',(4.39885899979432,0.443772944153273,-12.5));
#6308=CARTESIAN_POINT('Ctrl Pts',(4.39885899979432,0.443772944153273,-12.));
#6309=CARTESIAN_POINT('Ctrl Pts',(4.38062749803066,0.493178842589259,-12.5));
#6310=CARTESIAN_POINT('Ctrl Pts',(4.38062749803066,0.493178842589259,-12.));
#6311=CARTESIAN_POINT('',(4.5576398819685,0.242496905848384,-12.5));
#6312=CARTESIAN_POINT('Ctrl Pts',(4.5576398819685,0.242496905848384,-12.5));
#6313=CARTESIAN_POINT('Ctrl Pts',(4.51679174103591,0.276598432423462,-12.5));
#6314=CARTESIAN_POINT('Ctrl Pts',(4.43550801596639,0.344457068025849,-12.5));
#6315=CARTESIAN_POINT('Ctrl Pts',(4.39885899979432,0.443772944153273,-12.5));
#6316=CARTESIAN_POINT('Ctrl Pts',(4.38062749803066,0.493178842589259,-12.5));
#6317=CARTESIAN_POINT('',(4.5576398819685,0.242496905848384,-12.));
#6318=CARTESIAN_POINT('',(4.5576398819685,0.242496905848384,-12.5));
#6319=CARTESIAN_POINT('Ctrl Pts',(4.5576398819685,0.242496905848384,-12.));
#6320=CARTESIAN_POINT('Ctrl Pts',(4.51679174103591,0.276598432423462,-12.));
#6321=CARTESIAN_POINT('Ctrl Pts',(4.43550801596639,0.344457068025849,-12.));
#6322=CARTESIAN_POINT('Ctrl Pts',(4.39885899979432,0.443772944153273,-12.));
#6323=CARTESIAN_POINT('Ctrl Pts',(4.38062749803066,0.493178842589259,-12.));
#6324=CARTESIAN_POINT('Ctrl Pts',(4.8799454420805,0.147339878603816,-12.5));
#6325=CARTESIAN_POINT('Ctrl Pts',(4.8799454420805,0.147339878603816,-12.));
#6326=CARTESIAN_POINT('Ctrl Pts',(4.82032938485839,0.150695233564775,-12.5));
#6327=CARTESIAN_POINT('Ctrl Pts',(4.82032938485839,0.150695233564775,-12.));
#6328=CARTESIAN_POINT('Ctrl Pts',(4.70528238700376,0.157170393663955,-12.5));
#6329=CARTESIAN_POINT('Ctrl Pts',(4.70528238700376,0.157170393663955,-12.));
#6330=CARTESIAN_POINT('Ctrl Pts',(4.60564587619903,0.214752970924911,-12.5));
#6331=CARTESIAN_POINT('Ctrl Pts',(4.60564587619903,0.214752970924911,-12.));
#6332=CARTESIAN_POINT('Ctrl Pts',(4.5576398819685,0.242496905848384,-12.5));
#6333=CARTESIAN_POINT('Ctrl Pts',(4.5576398819685,0.242496905848384,-12.));
#6334=CARTESIAN_POINT('',(4.8799454420805,0.147339878603816,-12.5));
#6335=CARTESIAN_POINT('Ctrl Pts',(4.8799454420805,0.147339878603816,-12.5));
#6336=CARTESIAN_POINT('Ctrl Pts',(4.82032938485839,0.150695233564775,-12.5));
#6337=CARTESIAN_POINT('Ctrl Pts',(4.70528238700376,0.157170393663955,-12.5));
#6338=CARTESIAN_POINT('Ctrl Pts',(4.60564587619903,0.214752970924911,-12.5));
#6339=CARTESIAN_POINT('Ctrl Pts',(4.5576398819685,0.242496905848384,-12.5));
#6340=CARTESIAN_POINT('',(4.8799454420805,0.147339878603816,-12.));
#6341=CARTESIAN_POINT('',(4.8799454420805,0.147339878603816,-12.5));
#6342=CARTESIAN_POINT('Ctrl Pts',(4.8799454420805,0.147339878603816,-12.));
#6343=CARTESIAN_POINT('Ctrl Pts',(4.82032938485839,0.150695233564775,-12.));
#6344=CARTESIAN_POINT('Ctrl Pts',(4.70528238700376,0.157170393663955,-12.));
#6345=CARTESIAN_POINT('Ctrl Pts',(4.60564587619903,0.214752970924911,-12.));
#6346=CARTESIAN_POINT('Ctrl Pts',(4.5576398819685,0.242496905848384,-12.));
#6347=CARTESIAN_POINT('Ctrl Pts',(5.2830832451582,0.309004364535213,-12.5));
#6348=CARTESIAN_POINT('Ctrl Pts',(5.2830832451582,0.309004364535213,-12.));
#6349=CARTESIAN_POINT('Ctrl Pts',(5.22839296656125,0.261887814445347,-12.5));
#6350=CARTESIAN_POINT('Ctrl Pts',(5.22839296656125,0.261887814445347,-12.));
#6351=CARTESIAN_POINT('Ctrl Pts',(5.11292283464875,0.162408448208544,-12.5));
#6352=CARTESIAN_POINT('Ctrl Pts',(5.11292283464875,0.162408448208544,-12.));
#6353=CARTESIAN_POINT('Ctrl Pts',(4.96028775659369,0.152536278757072,-12.5));
#6354=CARTESIAN_POINT('Ctrl Pts',(4.96028775659369,0.152536278757072,-12.));
#6355=CARTESIAN_POINT('Ctrl Pts',(4.8799454420805,0.147339878603816,-12.5));
#6356=CARTESIAN_POINT('Ctrl Pts',(4.8799454420805,0.147339878603816,-12.));
#6357=CARTESIAN_POINT('',(5.2830832451582,0.309004364535213,-12.5));
#6358=CARTESIAN_POINT('Ctrl Pts',(5.2830832451582,0.309004364535213,-12.5));
#6359=CARTESIAN_POINT('Ctrl Pts',(5.22839296656125,0.261887814445347,-12.5));
#6360=CARTESIAN_POINT('Ctrl Pts',(5.11292283464875,0.162408448208544,-12.5));
#6361=CARTESIAN_POINT('Ctrl Pts',(4.96028775659369,0.152536278757072,-12.5));
#6362=CARTESIAN_POINT('Ctrl Pts',(4.8799454420805,0.147339878603816,-12.5));
#6363=CARTESIAN_POINT('',(5.2830832451582,0.309004364535213,-12.));
#6364=CARTESIAN_POINT('',(5.2830832451582,0.309004364535213,-12.5));
#6365=CARTESIAN_POINT('Ctrl Pts',(5.2830832451582,0.309004364535213,-12.));
#6366=CARTESIAN_POINT('Ctrl Pts',(5.22839296656125,0.261887814445347,-12.));
#6367=CARTESIAN_POINT('Ctrl Pts',(5.11292283464875,0.162408448208544,-12.));
#6368=CARTESIAN_POINT('Ctrl Pts',(4.96028775659369,0.152536278757072,-12.));
#6369=CARTESIAN_POINT('Ctrl Pts',(4.8799454420805,0.147339878603816,-12.));
#6370=CARTESIAN_POINT('Ctrl Pts',(5.42633019387722,0.855388818308711,-12.5));
#6371=CARTESIAN_POINT('Ctrl Pts',(5.42633019387722,0.855388818308711,-12.));
#6372=CARTESIAN_POINT('Ctrl Pts',(5.42504683652325,0.742630627662129,-12.5));
#6373=CARTESIAN_POINT('Ctrl Pts',(5.42504683652325,0.742630627662129,-12.));
#6374=CARTESIAN_POINT('Ctrl Pts',(5.42282288156989,0.547229763011774,-12.5));
#6375=CARTESIAN_POINT('Ctrl Pts',(5.42282288156989,0.547229763011774,-12.));
#6376=CARTESIAN_POINT('Ctrl Pts',(5.32461795325923,0.379811922376748,-12.5));
#6377=CARTESIAN_POINT('Ctrl Pts',(5.32461795325923,0.379811922376748,-12.));
#6378=CARTESIAN_POINT('Ctrl Pts',(5.2830832451582,0.309004364535213,-12.5));
#6379=CARTESIAN_POINT('Ctrl Pts',(5.2830832451582,0.309004364535213,-12.));
#6380=CARTESIAN_POINT('',(5.42633019387722,0.855388818308711,-12.5));
#6381=CARTESIAN_POINT('Ctrl Pts',(5.42633019387722,0.855388818308711,-12.5));
#6382=CARTESIAN_POINT('Ctrl Pts',(5.42504683652325,0.742630627662129,-12.5));
#6383=CARTESIAN_POINT('Ctrl Pts',(5.42282288156989,0.547229763011774,-12.5));
#6384=CARTESIAN_POINT('Ctrl Pts',(5.32461795325923,0.379811922376748,-12.5));
#6385=CARTESIAN_POINT('Ctrl Pts',(5.2830832451582,0.309004364535213,-12.5));
#6386=CARTESIAN_POINT('',(5.42633019387722,0.855388818308711,-12.));
#6387=CARTESIAN_POINT('',(5.42633019387722,0.855388818308711,-12.5));
#6388=CARTESIAN_POINT('Ctrl Pts',(5.42633019387722,0.855388818308711,-12.));
#6389=CARTESIAN_POINT('Ctrl Pts',(5.42504683652325,0.742630627662129,-12.));
#6390=CARTESIAN_POINT('Ctrl Pts',(5.42282288156989,0.547229763011774,-12.));
#6391=CARTESIAN_POINT('Ctrl Pts',(5.32461795325923,0.379811922376748,-12.));
#6392=CARTESIAN_POINT('Ctrl Pts',(5.2830832451582,0.309004364535213,-12.));
#6393=CARTESIAN_POINT('Origin',(5.42633019387722,1.63096892647445,-12.5));
#6394=CARTESIAN_POINT('',(5.42633019387722,1.63096892647445,-12.5));
#6395=CARTESIAN_POINT('',(5.42633019387722,-2.25951553676277,-12.4999999999999));
#6396=CARTESIAN_POINT('',(5.42633019387722,1.63096892647445,-12.));
#6397=CARTESIAN_POINT('',(5.42633019387722,1.63096892647445,-12.5));
#6398=CARTESIAN_POINT('',(5.42633019387722,1.63096892647445,-12.));
#6399=CARTESIAN_POINT('Origin',(4.35402475297451,1.63096892647445,-12.5));
#6400=CARTESIAN_POINT('',(-0.222987623512745,1.63096892647445,-12.4999999999999));
#6401=CARTESIAN_POINT('',(4.35402475297451,1.63096892647445,-12.));
#6402=CARTESIAN_POINT('Origin',(5.78035496175289,1.63096892647445,-12.5));
#6403=CARTESIAN_POINT('',(5.78035496175289,1.63096892647445,-12.5));
#6404=CARTESIAN_POINT('',(7.00000010430813,1.63096892647445,-12.5));
#6405=CARTESIAN_POINT('',(0.490177480876446,1.63096892647445,-12.4999999999999));
#6406=CARTESIAN_POINT('',(5.78035496175289,1.63096892647445,-12.));
#6407=CARTESIAN_POINT('',(5.78035496175289,1.63096892647445,-12.5));
#6408=CARTESIAN_POINT('',(7.00000010430813,1.63096892647445,-12.));
#6409=CARTESIAN_POINT('',(5.78035496175289,1.63096892647445,-12.));
#6410=CARTESIAN_POINT('',(7.00000010430813,1.63096892647445,-12.5));
#6411=CARTESIAN_POINT('Origin',(5.78035496175289,0.861528096720576,-12.5));
#6412=CARTESIAN_POINT('',(5.78035496175289,0.861528096720576,-12.5));
#6413=CARTESIAN_POINT('',(5.78035496175289,-2.64423595163971,-12.4999999999999));
#6414=CARTESIAN_POINT('',(5.78035496175289,0.861528096720576,-12.));
#6415=CARTESIAN_POINT('',(5.78035496175289,0.861528096720576,-12.5));
#6416=CARTESIAN_POINT('',(5.78035496175289,0.861528096720576,-12.));
#6417=CARTESIAN_POINT('Ctrl Pts',(5.51534794270992,-0.0184173602610826,
-12.5));
#6418=CARTESIAN_POINT('Ctrl Pts',(5.51534794270992,-0.0184173602610826,
-12.));
#6419=CARTESIAN_POINT('Ctrl Pts',(5.59217285696361,0.0919398351159195,-12.5));
#6420=CARTESIAN_POINT('Ctrl Pts',(5.59217285696361,0.0919398351159195,-12.));
#6421=CARTESIAN_POINT('Ctrl Pts',(5.77437327504673,0.353666481106984,-12.5));
#6422=CARTESIAN_POINT('Ctrl Pts',(5.77437327504673,0.353666481106984,-12.));
#6423=CARTESIAN_POINT('Ctrl Pts',(5.77816311187123,0.675434027144113,-12.5));
#6424=CARTESIAN_POINT('Ctrl Pts',(5.77816311187123,0.675434027144113,-12.));
#6425=CARTESIAN_POINT('Ctrl Pts',(5.78035496175289,0.861528096720576,-12.5));
#6426=CARTESIAN_POINT('Ctrl Pts',(5.78035496175289,0.861528096720576,-12.));
#6427=CARTESIAN_POINT('',(5.51534794270992,-0.0184173602610826,-12.5));
#6428=CARTESIAN_POINT('Ctrl Pts',(5.51534794270992,-0.0184173602610826,
-12.5));
#6429=CARTESIAN_POINT('Ctrl Pts',(5.59217285696361,0.0919398351159195,-12.5));
#6430=CARTESIAN_POINT('Ctrl Pts',(5.77437327504673,0.353666481106984,-12.5));
#6431=CARTESIAN_POINT('Ctrl Pts',(5.77816311187123,0.675434027144113,-12.5));
#6432=CARTESIAN_POINT('Ctrl Pts',(5.78035496175289,0.861528096720576,-12.5));
#6433=CARTESIAN_POINT('',(5.51534794270992,-0.0184173602610826,-12.));
#6434=CARTESIAN_POINT('',(5.51534794270992,-0.0184173602610826,-12.5));
#6435=CARTESIAN_POINT('Ctrl Pts',(5.51534794270992,-0.0184173602610826,
-12.));
#6436=CARTESIAN_POINT('Ctrl Pts',(5.59217285696361,0.0919398351159195,-12.));
#6437=CARTESIAN_POINT('Ctrl Pts',(5.77437327504673,0.353666481106984,-12.));
#6438=CARTESIAN_POINT('Ctrl Pts',(5.77816311187123,0.675434027144113,-12.));
#6439=CARTESIAN_POINT('Ctrl Pts',(5.78035496175289,0.861528096720576,-12.));
#6440=CARTESIAN_POINT('Ctrl Pts',(4.86766718327999,-0.261936904862523,-12.5));
#6441=CARTESIAN_POINT('Ctrl Pts',(4.86766718327999,-0.261936904862523,-12.));
#6442=CARTESIAN_POINT('Ctrl Pts',(4.98954197781982,-0.252498544510017,-12.5));
#6443=CARTESIAN_POINT('Ctrl Pts',(4.98954197781982,-0.252498544510017,-12.));
#6444=CARTESIAN_POINT('Ctrl Pts',(5.22921395893121,-0.233937606354844,-12.5));
#6445=CARTESIAN_POINT('Ctrl Pts',(5.22921395893121,-0.233937606354844,-12.));
#6446=CARTESIAN_POINT('Ctrl Pts',(5.42105791347434,-0.089437971083588,-12.5));
#6447=CARTESIAN_POINT('Ctrl Pts',(5.42105791347434,-0.089437971083588,-12.));
#6448=CARTESIAN_POINT('Ctrl Pts',(5.51534794270992,-0.0184173602610826,
-12.5));
#6449=CARTESIAN_POINT('Ctrl Pts',(5.51534794270992,-0.0184173602610826,
-12.));
#6450=CARTESIAN_POINT('',(4.86766718327999,-0.261936904862523,-12.5));
#6451=CARTESIAN_POINT('Ctrl Pts',(4.86766718327999,-0.261936904862523,-12.5));
#6452=CARTESIAN_POINT('Ctrl Pts',(4.98954197781982,-0.252498544510017,-12.5));
#6453=CARTESIAN_POINT('Ctrl Pts',(5.22921395893121,-0.233937606354844,-12.5));
#6454=CARTESIAN_POINT('Ctrl Pts',(5.42105791347434,-0.089437971083588,-12.5));
#6455=CARTESIAN_POINT('Ctrl Pts',(5.51534794270992,-0.0184173602610826,
-12.5));
#6456=CARTESIAN_POINT('',(4.86766718327999,-0.261936904862523,-12.));
#6457=CARTESIAN_POINT('',(4.86766718327999,-0.261936904862523,-12.5));
#6458=CARTESIAN_POINT('Ctrl Pts',(4.86766718327999,-0.261936904862523,-12.));
#6459=CARTESIAN_POINT('Ctrl Pts',(4.98954197781982,-0.252498544510017,-12.));
#6460=CARTESIAN_POINT('Ctrl Pts',(5.22921395893121,-0.233937606354844,-12.));
#6461=CARTESIAN_POINT('Ctrl Pts',(5.42105791347434,-0.089437971083588,-12.));
#6462=CARTESIAN_POINT('Ctrl Pts',(5.51534794270992,-0.0184173602610826,
-12.));
#6463=CARTESIAN_POINT('Ctrl Pts',(4.45839010179043,-0.170872928574681,-12.5));
#6464=CARTESIAN_POINT('Ctrl Pts',(4.45839010179043,-0.170872928574681,-12.));
#6465=CARTESIAN_POINT('Ctrl Pts',(4.52268101157517,-0.197430556144503,-12.5));
#6466=CARTESIAN_POINT('Ctrl Pts',(4.52268101157517,-0.197430556144503,-12.));
#6467=CARTESIAN_POINT('Ctrl Pts',(4.6537581640315,-0.251576596533466,-12.5));
#6468=CARTESIAN_POINT('Ctrl Pts',(4.6537581640315,-0.251576596533466,-12.));
#6469=CARTESIAN_POINT('Ctrl Pts',(4.79546494668168,-0.258439916115467,-12.5));
#6470=CARTESIAN_POINT('Ctrl Pts',(4.79546494668168,-0.258439916115467,-12.));
#6471=CARTESIAN_POINT('Ctrl Pts',(4.86766718327999,-0.261936904862523,-12.5));
#6472=CARTESIAN_POINT('Ctrl Pts',(4.86766718327999,-0.261936904862523,-12.));
#6473=CARTESIAN_POINT('',(4.45839010179043,-0.170872928574681,-12.5));
#6474=CARTESIAN_POINT('Ctrl Pts',(4.45839010179043,-0.170872928574681,-12.5));
#6475=CARTESIAN_POINT('Ctrl Pts',(4.52268101157517,-0.197430556144503,-12.5));
#6476=CARTESIAN_POINT('Ctrl Pts',(4.6537581640315,-0.251576596533466,-12.5));
#6477=CARTESIAN_POINT('Ctrl Pts',(4.79546494668168,-0.258439916115467,-12.5));
#6478=CARTESIAN_POINT('Ctrl Pts',(4.86766718327999,-0.261936904862523,-12.5));
#6479=CARTESIAN_POINT('',(4.45839010179043,-0.170872928574681,-12.));
#6480=CARTESIAN_POINT('',(4.45839010179043,-0.170872928574681,-12.5));
#6481=CARTESIAN_POINT('Ctrl Pts',(4.45839010179043,-0.170872928574681,-12.));
#6482=CARTESIAN_POINT('Ctrl Pts',(4.52268101157517,-0.197430556144503,-12.));
#6483=CARTESIAN_POINT('Ctrl Pts',(4.6537581640315,-0.251576596533466,-12.));
#6484=CARTESIAN_POINT('Ctrl Pts',(4.79546494668168,-0.258439916115467,-12.));
#6485=CARTESIAN_POINT('Ctrl Pts',(4.86766718327999,-0.261936904862523,-12.));
#6486=CARTESIAN_POINT('Ctrl Pts',(4.16882686316967,0.0695769768208265,-12.5));
#6487=CARTESIAN_POINT('Ctrl Pts',(4.16882686316967,0.0695769768208265,-12.));
#6488=CARTESIAN_POINT('Ctrl Pts',(4.20773816984162,0.0217270745156939,-12.5));
#6489=CARTESIAN_POINT('Ctrl Pts',(4.20773816984162,0.0217270745156939,-12.));
#6490=CARTESIAN_POINT('Ctrl Pts',(4.28835180954192,-0.077404903154451,-12.5));
#6491=CARTESIAN_POINT('Ctrl Pts',(4.28835180954192,-0.077404903154451,-12.));
#6492=CARTESIAN_POINT('Ctrl Pts',(4.40041735029501,-0.139005997080596,-12.5));
#6493=CARTESIAN_POINT('Ctrl Pts',(4.40041735029501,-0.139005997080596,-12.));
#6494=CARTESIAN_POINT('Ctrl Pts',(4.45839010179043,-0.170872928574681,-12.5));
#6495=CARTESIAN_POINT('Ctrl Pts',(4.45839010179043,-0.170872928574681,-12.));
#6496=CARTESIAN_POINT('',(4.16882686316967,0.0695769768208265,-12.5));
#6497=CARTESIAN_POINT('Ctrl Pts',(4.16882686316967,0.0695769768208265,-12.5));
#6498=CARTESIAN_POINT('Ctrl Pts',(4.20773816984162,0.0217270745156939,-12.5));
#6499=CARTESIAN_POINT('Ctrl Pts',(4.28835180954192,-0.077404903154451,-12.5));
#6500=CARTESIAN_POINT('Ctrl Pts',(4.40041735029501,-0.139005997080596,-12.5));
#6501=CARTESIAN_POINT('Ctrl Pts',(4.45839010179043,-0.170872928574681,-12.5));
#6502=CARTESIAN_POINT('',(4.16882686316967,0.0695769768208265,-12.));
#6503=CARTESIAN_POINT('',(4.16882686316967,0.0695769768208265,-12.5));
#6504=CARTESIAN_POINT('Ctrl Pts',(4.16882686316967,0.0695769768208265,-12.));
#6505=CARTESIAN_POINT('Ctrl Pts',(4.20773816984162,0.0217270745156939,-12.));
#6506=CARTESIAN_POINT('Ctrl Pts',(4.28835180954192,-0.077404903154451,-12.));
#6507=CARTESIAN_POINT('Ctrl Pts',(4.40041735029501,-0.139005997080596,-12.));
#6508=CARTESIAN_POINT('Ctrl Pts',(4.45839010179043,-0.170872928574681,-12.));
#6509=CARTESIAN_POINT('Ctrl Pts',(4.02864955365658,0.439973054453731,-12.5));
#6510=CARTESIAN_POINT('Ctrl Pts',(4.02864955365658,0.439973054453731,-12.));
#6511=CARTESIAN_POINT('Ctrl Pts',(4.04267594456104,0.370809669582795,-12.5));
#6512=CARTESIAN_POINT('Ctrl Pts',(4.04267594456104,0.370809669582795,-12.));
#6513=CARTESIAN_POINT('Ctrl Pts',(4.06928673562131,0.239593279254152,-12.5));
#6514=CARTESIAN_POINT('Ctrl Pts',(4.06928673562131,0.239593279254152,-12.));
#6515=CARTESIAN_POINT('Ctrl Pts',(4.13686751413312,0.124164111529195,-12.5));
#6516=CARTESIAN_POINT('Ctrl Pts',(4.13686751413312,0.124164111529195,-12.));
#6517=CARTESIAN_POINT('Ctrl Pts',(4.16882686316967,0.0695769768208265,-12.5));
#6518=CARTESIAN_POINT('Ctrl Pts',(4.16882686316967,0.0695769768208265,-12.));
#6519=CARTESIAN_POINT('',(4.02864955365658,0.439973054453731,-12.5));
#6520=CARTESIAN_POINT('Ctrl Pts',(4.02864955365658,0.439973054453731,-12.5));
#6521=CARTESIAN_POINT('Ctrl Pts',(4.04267594456104,0.370809669582795,-12.5));
#6522=CARTESIAN_POINT('Ctrl Pts',(4.06928673562131,0.239593279254152,-12.5));
#6523=CARTESIAN_POINT('Ctrl Pts',(4.13686751413312,0.124164111529195,-12.5));
#6524=CARTESIAN_POINT('Ctrl Pts',(4.16882686316967,0.0695769768208265,-12.5));
#6525=CARTESIAN_POINT('',(4.02864955365658,0.439973054453731,-12.));
#6526=CARTESIAN_POINT('',(4.02864955365658,0.439973054453731,-12.5));
#6527=CARTESIAN_POINT('Ctrl Pts',(4.02864955365658,0.439973054453731,-12.));
#6528=CARTESIAN_POINT('Ctrl Pts',(4.04267594456104,0.370809669582795,-12.));
#6529=CARTESIAN_POINT('Ctrl Pts',(4.06928673562131,0.239593279254152,-12.));
#6530=CARTESIAN_POINT('Ctrl Pts',(4.13686751413312,0.124164111529195,-12.));
#6531=CARTESIAN_POINT('Ctrl Pts',(4.16882686316967,0.0695769768208265,-12.));
#6532=CARTESIAN_POINT('Ctrl Pts',(3.99999998509884,0.896316645666957,-12.5));
#6533=CARTESIAN_POINT('Ctrl Pts',(3.99999998509884,0.896316645666957,-12.));
#6534=CARTESIAN_POINT('Ctrl Pts',(4.00027371409318,0.808346463999042,-12.5));
#6535=CARTESIAN_POINT('Ctrl Pts',(4.00027371409318,0.808346463999042,-12.));
#6536=CARTESIAN_POINT('Ctrl Pts',(4.00074898857883,0.65560421268528,-12.5));
#6537=CARTESIAN_POINT('Ctrl Pts',(4.00074898857883,0.65560421268528,-12.));
#6538=CARTESIAN_POINT('Ctrl Pts',(4.02034123935156,0.504184350230355,-12.5));
#6539=CARTESIAN_POINT('Ctrl Pts',(4.02034123935156,0.504184350230355,-12.));
#6540=CARTESIAN_POINT('Ctrl Pts',(4.02864955365658,0.439973054453731,-12.5));
#6541=CARTESIAN_POINT('Ctrl Pts',(4.02864955365658,0.439973054453731,-12.));
#6542=CARTESIAN_POINT('',(3.99999998509884,0.896316645666957,-12.5));
#6543=CARTESIAN_POINT('Ctrl Pts',(3.99999998509884,0.896316645666957,-12.5));
#6544=CARTESIAN_POINT('Ctrl Pts',(4.00027371409318,0.808346463999042,-12.5));
#6545=CARTESIAN_POINT('Ctrl Pts',(4.00074898857883,0.65560421268528,-12.5));
#6546=CARTESIAN_POINT('Ctrl Pts',(4.02034123935156,0.504184350230355,-12.5));
#6547=CARTESIAN_POINT('Ctrl Pts',(4.02864955365658,0.439973054453731,-12.5));
#6548=CARTESIAN_POINT('',(3.99999998509884,0.896316645666957,-12.));
#6549=CARTESIAN_POINT('',(3.99999998509884,0.896316645666957,-12.5));
#6550=CARTESIAN_POINT('Ctrl Pts',(3.99999998509884,0.896316645666957,-12.));
#6551=CARTESIAN_POINT('Ctrl Pts',(4.00027371409318,0.808346463999042,-12.));
#6552=CARTESIAN_POINT('Ctrl Pts',(4.00074898857883,0.65560421268528,-12.));
#6553=CARTESIAN_POINT('Ctrl Pts',(4.02034123935156,0.504184350230355,-12.));
#6554=CARTESIAN_POINT('Ctrl Pts',(4.02864955365658,0.439973054453731,-12.));
#6555=CARTESIAN_POINT('Origin',(3.99999998509884,2.02796745114028,-12.5));
#6556=CARTESIAN_POINT('',(3.99999998509884,2.02796745114028,-12.5));
#6557=CARTESIAN_POINT('',(3.99999998509884,-2.06101627442986,-12.4999999999999));
#6558=CARTESIAN_POINT('',(3.99999998509884,2.02796745114028,-12.));
#6559=CARTESIAN_POINT('',(3.99999998509884,2.02796745114028,-12.5));
#6560=CARTESIAN_POINT('',(3.99999998509884,2.02796745114028,-12.));
#6561=CARTESIAN_POINT('Origin',(7.00000010430813,2.02796745114028,-12.5));
#6562=CARTESIAN_POINT('',(7.00000010430813,2.02796745114028,-12.5));
#6563=CARTESIAN_POINT('',(1.10000005215406,2.02796745114028,-12.4999999999999));
#6564=CARTESIAN_POINT('',(7.00000010430813,2.02796745114028,-12.));
#6565=CARTESIAN_POINT('',(7.00000010430813,2.02796745114028,-12.5));
#6566=CARTESIAN_POINT('',(7.00000010430813,2.02796745114028,-12.));
#6567=CARTESIAN_POINT('Origin',(7.00000010430813,1.63096892647445,-12.5));
#6568=CARTESIAN_POINT('',(7.00000010430813,-2.25951553676277,-12.4999999999999));
#6569=CARTESIAN_POINT('',(7.00000010430813,1.63096892647445,-12.));
#6570=CARTESIAN_POINT('Origin',(5.50000004470348,-1.76951289176941E-7,-12.));
#6571=CARTESIAN_POINT('Origin',(5.72919510304928,-1.70873117633164,-12.5));
#6572=CARTESIAN_POINT('',(5.72919510304928,-1.70873117633164,-12.5));
#6573=CARTESIAN_POINT('',(6.09959088265896,-1.70873117633164,-12.5));
#6574=CARTESIAN_POINT('',(0.464597551524639,-1.70873117633164,-12.4999999999999));
#6575=CARTESIAN_POINT('',(5.72919510304928,-1.70873117633164,-12.));
#6576=CARTESIAN_POINT('',(5.72919510304928,-1.70873117633164,-12.5));
#6577=CARTESIAN_POINT('',(6.09959088265896,-1.70873117633164,-12.));
#6578=CARTESIAN_POINT('',(5.72919510304928,-1.70873117633164,-12.));
#6579=CARTESIAN_POINT('',(6.09959088265896,-1.70873117633164,-12.5));
#6580=CARTESIAN_POINT('Origin',(5.72919510304928,-0.577080966904759,-12.5));
#6581=CARTESIAN_POINT('',(5.72919510304928,-0.577080966904759,-12.5));
#6582=CARTESIAN_POINT('',(5.72919510304928,-3.36354048345238,-12.4999999999999));
#6583=CARTESIAN_POINT('',(5.72919510304928,-0.577080966904759,-12.));
#6584=CARTESIAN_POINT('',(5.72919510304928,-0.577080966904759,-12.5));
#6585=CARTESIAN_POINT('',(5.72919510304928,-0.577080966904759,-12.));
#6586=CARTESIAN_POINT('Origin',(6.09959088265896,-0.577080966904759,-12.5));
#6587=CARTESIAN_POINT('',(6.09959088265896,-0.577080966904759,-12.5));
#6588=CARTESIAN_POINT('',(0.649795441329479,-0.577080966904759,-12.4999999999999));
#6589=CARTESIAN_POINT('',(6.09959088265896,-0.577080966904759,-12.));
#6590=CARTESIAN_POINT('',(6.09959088265896,-0.577080966904759,-12.5));
#6591=CARTESIAN_POINT('',(6.09959088265896,-0.577080966904759,-12.));
#6592=CARTESIAN_POINT('Origin',(6.09959088265896,-1.70873117633164,-12.5));
#6593=CARTESIAN_POINT('',(6.09959088265896,-3.92936558816582,-12.4999999999999));
#6594=CARTESIAN_POINT('',(6.09959088265896,-1.70873117633164,-12.));
#6595=CARTESIAN_POINT('Origin',(5.50000004470348,-1.76951289176941E-7,-12.));
#6596=CARTESIAN_POINT('Origin',(4.33151446282864,-3.51569009013474,-12.5));
#6597=CARTESIAN_POINT('',(4.33151446282864,-3.51569009013474,-12.5));
#6598=CARTESIAN_POINT('',(4.33151446282864,-2.56616664119065,-12.5));
#6599=CARTESIAN_POINT('',(4.33151446282864,-4.83284504506737,-12.4999999999999));
#6600=CARTESIAN_POINT('',(4.33151446282864,-3.51569009013474,-12.));
#6601=CARTESIAN_POINT('',(4.33151446282864,-3.51569009013474,-12.5));
#6602=CARTESIAN_POINT('',(4.33151446282864,-2.56616664119065,-12.));
#6603=CARTESIAN_POINT('',(4.33151446282864,-3.51569009013474,-12.));
#6604=CARTESIAN_POINT('',(4.33151446282864,-2.56616664119065,-12.5));
#6605=CARTESIAN_POINT('Ctrl Pts',(4.4686221331358,-4.00375199504197,-12.5));
#6606=CARTESIAN_POINT('Ctrl Pts',(4.4686221331358,-4.00375199504197,-12.));
#6607=CARTESIAN_POINT('Ctrl Pts',(4.42880153256733,-3.93902806744907,-12.5));
#6608=CARTESIAN_POINT('Ctrl Pts',(4.42880153256733,-3.93902806744907,-12.));
#6609=CARTESIAN_POINT('Ctrl Pts',(4.33733549048458,-3.79036025730912,-12.5));
#6610=CARTESIAN_POINT('Ctrl Pts',(4.33733549048458,-3.79036025730912,-12.));
#6611=CARTESIAN_POINT('Ctrl Pts',(4.33361512963609,-3.61481184960489,-12.5));
#6612=CARTESIAN_POINT('Ctrl Pts',(4.33361512963609,-3.61481184960489,-12.));
#6613=CARTESIAN_POINT('Ctrl Pts',(4.33151446282864,-3.51569009013474,-12.5));
#6614=CARTESIAN_POINT('Ctrl Pts',(4.33151446282864,-3.51569009013474,-12.));
#6615=CARTESIAN_POINT('',(4.4686221331358,-4.00375199504197,-12.5));
#6616=CARTESIAN_POINT('Ctrl Pts',(4.4686221331358,-4.00375199504197,-12.5));
#6617=CARTESIAN_POINT('Ctrl Pts',(4.42880153256733,-3.93902806744907,-12.5));
#6618=CARTESIAN_POINT('Ctrl Pts',(4.33733549048458,-3.79036025730912,-12.5));
#6619=CARTESIAN_POINT('Ctrl Pts',(4.33361512963609,-3.61481184960489,-12.5));
#6620=CARTESIAN_POINT('Ctrl Pts',(4.33151446282864,-3.51569009013474,-12.5));
#6621=CARTESIAN_POINT('',(4.4686221331358,-4.00375199504197,-12.));
#6622=CARTESIAN_POINT('',(4.4686221331358,-4.00375199504197,-12.5));
#6623=CARTESIAN_POINT('Ctrl Pts',(4.4686221331358,-4.00375199504197,-12.));
#6624=CARTESIAN_POINT('Ctrl Pts',(4.42880153256733,-3.93902806744907,-12.));
#6625=CARTESIAN_POINT('Ctrl Pts',(4.33733549048458,-3.79036025730912,-12.));
#6626=CARTESIAN_POINT('Ctrl Pts',(4.33361512963609,-3.61481184960489,-12.));
#6627=CARTESIAN_POINT('Ctrl Pts',(4.33151446282864,-3.51569009013474,-12.));
#6628=CARTESIAN_POINT('Ctrl Pts',(4.81855414807796,-4.15825438685715,-12.5));
#6629=CARTESIAN_POINT('Ctrl Pts',(4.81855414807796,-4.15825438685715,-12.));
#6630=CARTESIAN_POINT('Ctrl Pts',(4.75096653956604,-4.15203919808657,-12.5));
#6631=CARTESIAN_POINT('Ctrl Pts',(4.75096653956604,-4.15203919808657,-12.));
#6632=CARTESIAN_POINT('Ctrl Pts',(4.61693574727762,-4.13971405900438,-12.5));
#6633=CARTESIAN_POINT('Ctrl Pts',(4.61693574727762,-4.13971405900438,-12.));
#6634=CARTESIAN_POINT('Ctrl Pts',(4.51777778373151,-4.04881396557704,-12.5));
#6635=CARTESIAN_POINT('Ctrl Pts',(4.51777778373151,-4.04881396557704,-12.));
#6636=CARTESIAN_POINT('Ctrl Pts',(4.4686221331358,-4.00375199504197,-12.5));
#6637=CARTESIAN_POINT('Ctrl Pts',(4.4686221331358,-4.00375199504197,-12.));
#6638=CARTESIAN_POINT('',(4.81855414807796,-4.15825438685715,-12.5));
#6639=CARTESIAN_POINT('Ctrl Pts',(4.81855414807796,-4.15825438685715,-12.5));
#6640=CARTESIAN_POINT('Ctrl Pts',(4.75096653956604,-4.15203919808657,-12.5));
#6641=CARTESIAN_POINT('Ctrl Pts',(4.61693574727762,-4.13971405900438,-12.5));
#6642=CARTESIAN_POINT('Ctrl Pts',(4.51777778373151,-4.04881396557704,-12.5));
#6643=CARTESIAN_POINT('Ctrl Pts',(4.4686221331358,-4.00375199504197,-12.5));
#6644=CARTESIAN_POINT('',(4.81855414807796,-4.15825438685715,-12.));
#6645=CARTESIAN_POINT('',(4.81855414807796,-4.15825438685715,-12.5));
#6646=CARTESIAN_POINT('Ctrl Pts',(4.81855414807796,-4.15825438685715,-12.));
#6647=CARTESIAN_POINT('Ctrl Pts',(4.75096653956604,-4.15203919808657,-12.));
#6648=CARTESIAN_POINT('Ctrl Pts',(4.61693574727762,-4.13971405900438,-12.));
#6649=CARTESIAN_POINT('Ctrl Pts',(4.51777778373151,-4.04881396557704,-12.));
#6650=CARTESIAN_POINT('Ctrl Pts',(4.4686221331358,-4.00375199504197,-12.));
#6651=CARTESIAN_POINT('Ctrl Pts',(5.08765362203121,-4.0784449595958,-12.5));
#6652=CARTESIAN_POINT('Ctrl Pts',(5.08765362203121,-4.0784449595958,-12.));
#6653=CARTESIAN_POINT('Ctrl Pts',(5.0455785218258,-4.10172276962645,-12.5));
#6654=CARTESIAN_POINT('Ctrl Pts',(5.0455785218258,-4.10172276962645,-12.));
#6655=CARTESIAN_POINT('Ctrl Pts',(4.96173440938079,-4.14810904826049,-12.5));
#6656=CARTESIAN_POINT('Ctrl Pts',(4.96173440938079,-4.14810904826049,-12.));
#6657=CARTESIAN_POINT('Ctrl Pts',(4.86616460360833,-4.15488084788117,-12.5));
#6658=CARTESIAN_POINT('Ctrl Pts',(4.86616460360833,-4.15488084788117,-12.));
#6659=CARTESIAN_POINT('Ctrl Pts',(4.81855414807796,-4.15825438685715,-12.5));
#6660=CARTESIAN_POINT('Ctrl Pts',(4.81855414807796,-4.15825438685715,-12.));
#6661=CARTESIAN_POINT('',(5.08765362203121,-4.0784449595958,-12.5));
#6662=CARTESIAN_POINT('Ctrl Pts',(5.08765362203121,-4.0784449595958,-12.5));
#6663=CARTESIAN_POINT('Ctrl Pts',(5.0455785218258,-4.10172276962645,-12.5));
#6664=CARTESIAN_POINT('Ctrl Pts',(4.96173440938079,-4.14810904826049,-12.5));
#6665=CARTESIAN_POINT('Ctrl Pts',(4.86616460360833,-4.15488084788117,-12.5));
#6666=CARTESIAN_POINT('Ctrl Pts',(4.81855414807796,-4.15825438685715,-12.5));
#6667=CARTESIAN_POINT('',(5.08765362203121,-4.0784449595958,-12.));
#6668=CARTESIAN_POINT('',(5.08765362203121,-4.0784449595958,-12.5));
#6669=CARTESIAN_POINT('Ctrl Pts',(5.08765362203121,-4.0784449595958,-12.));
#6670=CARTESIAN_POINT('Ctrl Pts',(5.0455785218258,-4.10172276962645,-12.));
#6671=CARTESIAN_POINT('Ctrl Pts',(4.96173440938079,-4.14810904826049,-12.));
#6672=CARTESIAN_POINT('Ctrl Pts',(4.86616460360833,-4.15488084788117,-12.));
#6673=CARTESIAN_POINT('Ctrl Pts',(4.81855414807796,-4.15825438685715,-12.));
#6674=CARTESIAN_POINT('Ctrl Pts',(5.26773534715176,-3.8451571483165,-12.5));
#6675=CARTESIAN_POINT('Ctrl Pts',(5.26773534715176,-3.8451571483165,-12.));
#6676=CARTESIAN_POINT('Ctrl Pts',(5.24677289565077,-3.89284630967507,-12.5));
#6677=CARTESIAN_POINT('Ctrl Pts',(5.24677289565077,-3.89284630967507,-12.));
#6678=CARTESIAN_POINT('Ctrl Pts',(5.2059956770854,-3.98561367306413,-12.5));
#6679=CARTESIAN_POINT('Ctrl Pts',(5.2059956770854,-3.98561367306413,-12.));
#6680=CARTESIAN_POINT('Ctrl Pts',(5.12635379385175,-4.04808730916078,-12.5));
#6681=CARTESIAN_POINT('Ctrl Pts',(5.12635379385175,-4.04808730916078,-12.));
#6682=CARTESIAN_POINT('Ctrl Pts',(5.08765362203121,-4.0784449595958,-12.5));
#6683=CARTESIAN_POINT('Ctrl Pts',(5.08765362203121,-4.0784449595958,-12.));
#6684=CARTESIAN_POINT('',(5.26773534715176,-3.8451571483165,-12.5));
#6685=CARTESIAN_POINT('Ctrl Pts',(5.26773534715176,-3.8451571483165,-12.5));
#6686=CARTESIAN_POINT('Ctrl Pts',(5.24677289565077,-3.89284630967507,-12.5));
#6687=CARTESIAN_POINT('Ctrl Pts',(5.2059956770854,-3.98561367306413,-12.5));
#6688=CARTESIAN_POINT('Ctrl Pts',(5.12635379385175,-4.04808730916078,-12.5));
#6689=CARTESIAN_POINT('Ctrl Pts',(5.08765362203121,-4.0784449595958,-12.5));
#6690=CARTESIAN_POINT('',(5.26773534715176,-3.8451571483165,-12.));
#6691=CARTESIAN_POINT('',(5.26773534715176,-3.8451571483165,-12.5));
#6692=CARTESIAN_POINT('Ctrl Pts',(5.26773534715176,-3.8451571483165,-12.));
#6693=CARTESIAN_POINT('Ctrl Pts',(5.24677289565077,-3.89284630967507,-12.));
#6694=CARTESIAN_POINT('Ctrl Pts',(5.2059956770854,-3.98561367306413,-12.));
#6695=CARTESIAN_POINT('Ctrl Pts',(5.12635379385175,-4.04808730916078,-12.));
#6696=CARTESIAN_POINT('Ctrl Pts',(5.08765362203121,-4.0784449595958,-12.));
#6697=CARTESIAN_POINT('Ctrl Pts',(5.32401107251644,-3.41950965113938,-12.5));
#6698=CARTESIAN_POINT('Ctrl Pts',(5.32401107251644,-3.41950965113938,-12.));
#6699=CARTESIAN_POINT('Ctrl Pts',(5.32312473965025,-3.50088629668602,-12.5));
#6700=CARTESIAN_POINT('Ctrl Pts',(5.32312473965025,-3.50088629668602,-12.));
#6701=CARTESIAN_POINT('Ctrl Pts',(5.32155258941709,-3.64522971116283,-12.5));
#6702=CARTESIAN_POINT('Ctrl Pts',(5.32155258941709,-3.64522971116283,-12.));
#6703=CARTESIAN_POINT('Ctrl Pts',(5.28408137416543,-3.78443275682174,-12.5));
#6704=CARTESIAN_POINT('Ctrl Pts',(5.28408137416543,-3.78443275682174,-12.));
#6705=CARTESIAN_POINT('Ctrl Pts',(5.26773534715176,-3.8451571483165,-12.5));
#6706=CARTESIAN_POINT('Ctrl Pts',(5.26773534715176,-3.8451571483165,-12.));
#6707=CARTESIAN_POINT('',(5.32401107251644,-3.41950965113938,-12.5));
#6708=CARTESIAN_POINT('Ctrl Pts',(5.32401107251644,-3.41950965113938,-12.5));
#6709=CARTESIAN_POINT('Ctrl Pts',(5.32312473965025,-3.50088629668602,-12.5));
#6710=CARTESIAN_POINT('Ctrl Pts',(5.32155258941709,-3.64522971116283,-12.5));
#6711=CARTESIAN_POINT('Ctrl Pts',(5.28408137416543,-3.78443275682174,-12.5));
#6712=CARTESIAN_POINT('Ctrl Pts',(5.26773534715176,-3.8451571483165,-12.5));
#6713=CARTESIAN_POINT('',(5.32401107251644,-3.41950965113938,-12.));
#6714=CARTESIAN_POINT('',(5.32401107251644,-3.41950965113938,-12.5));
#6715=CARTESIAN_POINT('Ctrl Pts',(5.32401107251644,-3.41950965113938,-12.));
#6716=CARTESIAN_POINT('Ctrl Pts',(5.32312473965025,-3.50088629668602,-12.));
#6717=CARTESIAN_POINT('Ctrl Pts',(5.32155258941709,-3.64522971116283,-12.));
#6718=CARTESIAN_POINT('Ctrl Pts',(5.28408137416543,-3.78443275682174,-12.));
#6719=CARTESIAN_POINT('Ctrl Pts',(5.26773534715176,-3.8451571483165,-12.));
#6720=CARTESIAN_POINT('Origin',(5.32401107251644,-2.56616664119065,-12.5));
#6721=CARTESIAN_POINT('',(5.32401107251644,-2.56616664119065,-12.5));
#6722=CARTESIAN_POINT('',(5.32401107251644,-4.35808332059532,-12.4999999999999));
#6723=CARTESIAN_POINT('',(5.32401107251644,-2.56616664119065,-12.));
#6724=CARTESIAN_POINT('',(5.32401107251644,-2.56616664119065,-12.5));
#6725=CARTESIAN_POINT('',(5.32401107251644,-2.56616664119065,-12.));
#6726=CARTESIAN_POINT('Origin',(4.33151446282864,-2.56616664119065,-12.5));
#6727=CARTESIAN_POINT('',(-0.234242768585682,-2.56616664119065,-12.4999999999999));
#6728=CARTESIAN_POINT('',(4.33151446282864,-2.56616664119065,-12.));
#6729=CARTESIAN_POINT('Origin',(5.66780351102352,-2.56616664119065,-12.5));
#6730=CARTESIAN_POINT('',(5.66780351102352,-2.56616664119065,-12.5));
#6731=CARTESIAN_POINT('',(7.00000010430813,-2.56616664119065,-12.5));
#6732=CARTESIAN_POINT('',(0.433901755511761,-2.56616664119065,-12.4999999999999));
#6733=CARTESIAN_POINT('',(5.66780351102352,-2.56616664119065,-12.));
#6734=CARTESIAN_POINT('',(5.66780351102352,-2.56616664119065,-12.5));
#6735=CARTESIAN_POINT('',(7.00000010430813,-2.56616664119065,-12.));
#6736=CARTESIAN_POINT('',(5.66780351102352,-2.56616664119065,-12.));
#6737=CARTESIAN_POINT('',(7.00000010430813,-2.56616664119065,-12.5));
#6738=CARTESIAN_POINT('Origin',(5.66780351102352,-3.02660417743027,-12.5));
#6739=CARTESIAN_POINT('',(5.66780351102352,-3.02660417743027,-12.5));
#6740=CARTESIAN_POINT('',(5.66780351102352,-4.58830208871514,-12.4999999999999));
#6741=CARTESIAN_POINT('',(5.66780351102352,-3.02660417743027,-12.));
#6742=CARTESIAN_POINT('',(5.66780351102352,-3.02660417743027,-12.5));
#6743=CARTESIAN_POINT('',(5.66780351102352,-3.02660417743027,-12.));
#6744=CARTESIAN_POINT('Ctrl Pts',(5.68212829530239,-3.24761343188584,-12.5));
#6745=CARTESIAN_POINT('Ctrl Pts',(5.68212829530239,-3.24761343188584,-12.));
#6746=CARTESIAN_POINT('Ctrl Pts',(5.67798691361333,-3.217982166539,-12.5));
#6747=CARTESIAN_POINT('Ctrl Pts',(5.67798691361333,-3.217982166539,-12.));
#6748=CARTESIAN_POINT('Ctrl Pts',(5.66774687310017,-3.14471546948255,-12.5));
#6749=CARTESIAN_POINT('Ctrl Pts',(5.66774687310017,-3.14471546948255,-12.));
#6750=CARTESIAN_POINT('Ctrl Pts',(5.66778237008911,-3.07069094704586,-12.5));
#6751=CARTESIAN_POINT('Ctrl Pts',(5.66778237008911,-3.07069094704586,-12.));
#6752=CARTESIAN_POINT('Ctrl Pts',(5.66780351102352,-3.02660417743027,-12.5));
#6753=CARTESIAN_POINT('Ctrl Pts',(5.66780351102352,-3.02660417743027,-12.));
#6754=CARTESIAN_POINT('',(5.68212829530239,-3.24761343188584,-12.5));
#6755=CARTESIAN_POINT('Ctrl Pts',(5.68212829530239,-3.24761343188584,-12.5));
#6756=CARTESIAN_POINT('Ctrl Pts',(5.67798691361333,-3.217982166539,-12.5));
#6757=CARTESIAN_POINT('Ctrl Pts',(5.66774687310017,-3.14471546948255,-12.5));
#6758=CARTESIAN_POINT('Ctrl Pts',(5.66778237008911,-3.07069094704586,-12.5));
#6759=CARTESIAN_POINT('Ctrl Pts',(5.66780351102352,-3.02660417743027,-12.5));
#6760=CARTESIAN_POINT('',(5.68212829530239,-3.24761343188584,-12.));
#6761=CARTESIAN_POINT('',(5.68212829530239,-3.24761343188584,-12.5));
#6762=CARTESIAN_POINT('Ctrl Pts',(5.68212829530239,-3.24761343188584,-12.));
#6763=CARTESIAN_POINT('Ctrl Pts',(5.67798691361333,-3.217982166539,-12.));
#6764=CARTESIAN_POINT('Ctrl Pts',(5.66774687310017,-3.14471546948255,-12.));
#6765=CARTESIAN_POINT('Ctrl Pts',(5.66778237008911,-3.07069094704586,-12.));
#6766=CARTESIAN_POINT('Ctrl Pts',(5.66780351102352,-3.02660417743027,-12.));
#6767=CARTESIAN_POINT('Ctrl Pts',(5.76193742454052,-3.42871856875718,-12.5));
#6768=CARTESIAN_POINT('Ctrl Pts',(5.76193742454052,-3.42871856875718,-12.));
#6769=CARTESIAN_POINT('Ctrl Pts',(5.74440132454082,-3.39937484031665,-12.5));
#6770=CARTESIAN_POINT('Ctrl Pts',(5.74440132454082,-3.39937484031665,-12.));
#6771=CARTESIAN_POINT('Ctrl Pts',(5.71028946239652,-3.34229434811029,-12.5));
#6772=CARTESIAN_POINT('Ctrl Pts',(5.71028946239652,-3.34229434811029,-12.));
#6773=CARTESIAN_POINT('Ctrl Pts',(5.69133750196803,-3.27857578944326,-12.5));
#6774=CARTESIAN_POINT('Ctrl Pts',(5.69133750196803,-3.27857578944326,-12.));
#6775=CARTESIAN_POINT('Ctrl Pts',(5.68212829530239,-3.24761343188584,-12.5));
#6776=CARTESIAN_POINT('Ctrl Pts',(5.68212829530239,-3.24761343188584,-12.));
#6777=CARTESIAN_POINT('',(5.76193742454052,-3.42871856875718,-12.5));
#6778=CARTESIAN_POINT('Ctrl Pts',(5.76193742454052,-3.42871856875718,-12.5));
#6779=CARTESIAN_POINT('Ctrl Pts',(5.74440132454082,-3.39937484031665,-12.5));
#6780=CARTESIAN_POINT('Ctrl Pts',(5.71028946239652,-3.34229434811029,-12.5));
#6781=CARTESIAN_POINT('Ctrl Pts',(5.69133750196803,-3.27857578944326,-12.5));
#6782=CARTESIAN_POINT('Ctrl Pts',(5.68212829530239,-3.24761343188584,-12.5));
#6783=CARTESIAN_POINT('',(5.76193742454052,-3.42871856875718,-12.));
#6784=CARTESIAN_POINT('',(5.76193742454052,-3.42871856875718,-12.5));
#6785=CARTESIAN_POINT('Ctrl Pts',(5.76193742454052,-3.42871856875718,-12.));
#6786=CARTESIAN_POINT('Ctrl Pts',(5.74440132454082,-3.39937484031665,-12.));
#6787=CARTESIAN_POINT('Ctrl Pts',(5.71028946239652,-3.34229434811029,-12.));
#6788=CARTESIAN_POINT('Ctrl Pts',(5.69133750196803,-3.27857578944326,-12.));
#6789=CARTESIAN_POINT('Ctrl Pts',(5.68212829530239,-3.24761343188584,-12.));
#6790=CARTESIAN_POINT('Ctrl Pts',(5.96248291432858,-3.6302871722728,-12.5));
#6791=CARTESIAN_POINT('Ctrl Pts',(5.96248291432858,-3.6302871722728,-12.));
#6792=CARTESIAN_POINT('Ctrl Pts',(5.92015951271353,-3.5964225226668,-12.5));
#6793=CARTESIAN_POINT('Ctrl Pts',(5.92015951271353,-3.5964225226668,-12.));
#6794=CARTESIAN_POINT('Ctrl Pts',(5.84558732709158,-3.53675432871088,-12.5));
#6795=CARTESIAN_POINT('Ctrl Pts',(5.84558732709158,-3.53675432871088,-12.));
#6796=CARTESIAN_POINT('Ctrl Pts',(5.78719096463607,-3.46133409265547,-12.5));
#6797=CARTESIAN_POINT('Ctrl Pts',(5.78719096463607,-3.46133409265547,-12.));
#6798=CARTESIAN_POINT('Ctrl Pts',(5.76193742454052,-3.42871856875718,-12.5));
#6799=CARTESIAN_POINT('Ctrl Pts',(5.76193742454052,-3.42871856875718,-12.));
#6800=CARTESIAN_POINT('',(5.96248291432858,-3.6302871722728,-12.5));
#6801=CARTESIAN_POINT('Ctrl Pts',(5.96248291432858,-3.6302871722728,-12.5));
#6802=CARTESIAN_POINT('Ctrl Pts',(5.92015951271353,-3.5964225226668,-12.5));
#6803=CARTESIAN_POINT('Ctrl Pts',(5.84558732709158,-3.53675432871088,-12.5));
#6804=CARTESIAN_POINT('Ctrl Pts',(5.78719096463607,-3.46133409265547,-12.5));
#6805=CARTESIAN_POINT('Ctrl Pts',(5.76193742454052,-3.42871856875718,-12.5));
#6806=CARTESIAN_POINT('',(5.96248291432858,-3.6302871722728,-12.));
#6807=CARTESIAN_POINT('',(5.96248291432858,-3.6302871722728,-12.5));
#6808=CARTESIAN_POINT('Ctrl Pts',(5.96248291432858,-3.6302871722728,-12.));
#6809=CARTESIAN_POINT('Ctrl Pts',(5.92015951271353,-3.5964225226668,-12.));
#6810=CARTESIAN_POINT('Ctrl Pts',(5.84558732709158,-3.53675432871088,-12.));
#6811=CARTESIAN_POINT('Ctrl Pts',(5.78719096463607,-3.46133409265547,-12.));
#6812=CARTESIAN_POINT('Ctrl Pts',(5.76193742454052,-3.42871856875718,-12.));
#6813=CARTESIAN_POINT('Ctrl Pts',(6.37585274875164,-3.9167816657573,-12.5));
#6814=CARTESIAN_POINT('Ctrl Pts',(6.37585274875164,-3.9167816657573,-12.));
#6815=CARTESIAN_POINT('Ctrl Pts',(6.295697626099,-3.86490169574199,-12.5));
#6816=CARTESIAN_POINT('Ctrl Pts',(6.295697626099,-3.86490169574199,-12.));
#6817=CARTESIAN_POINT('Ctrl Pts',(6.15487296550455,-3.77375369512426,-12.5));
#6818=CARTESIAN_POINT('Ctrl Pts',(6.15487296550455,-3.77375369512426,-12.));
#6819=CARTESIAN_POINT('Ctrl Pts',(6.02041121000279,-3.6734846822495,-12.5));
#6820=CARTESIAN_POINT('Ctrl Pts',(6.02041121000279,-3.6734846822495,-12.));
#6821=CARTESIAN_POINT('Ctrl Pts',(5.96248291432858,-3.6302871722728,-12.5));
#6822=CARTESIAN_POINT('Ctrl Pts',(5.96248291432858,-3.6302871722728,-12.));
#6823=CARTESIAN_POINT('',(6.37585274875164,-3.9167816657573,-12.5));
#6824=CARTESIAN_POINT('Ctrl Pts',(6.37585274875164,-3.9167816657573,-12.5));
#6825=CARTESIAN_POINT('Ctrl Pts',(6.295697626099,-3.86490169574199,-12.5));
#6826=CARTESIAN_POINT('Ctrl Pts',(6.15487296550455,-3.77375369512426,-12.5));
#6827=CARTESIAN_POINT('Ctrl Pts',(6.02041121000279,-3.6734846822495,-12.5));
#6828=CARTESIAN_POINT('Ctrl Pts',(5.96248291432858,-3.6302871722728,-12.5));
#6829=CARTESIAN_POINT('',(6.37585274875164,-3.9167816657573,-12.));
#6830=CARTESIAN_POINT('',(6.37585274875164,-3.9167816657573,-12.5));
#6831=CARTESIAN_POINT('Ctrl Pts',(6.37585274875164,-3.9167816657573,-12.));
#6832=CARTESIAN_POINT('Ctrl Pts',(6.295697626099,-3.86490169574199,-12.));
#6833=CARTESIAN_POINT('Ctrl Pts',(6.15487296550455,-3.77375369512426,-12.));
#6834=CARTESIAN_POINT('Ctrl Pts',(6.02041121000279,-3.6734846822495,-12.));
#6835=CARTESIAN_POINT('Ctrl Pts',(5.96248291432858,-3.6302871722728,-12.));
#6836=CARTESIAN_POINT('Origin',(7.00000010430813,-4.31377959437668,-12.5));
#6837=CARTESIAN_POINT('',(7.00000010430813,-4.31377959437668,-12.5));
#6838=CARTESIAN_POINT('',(3.21521706295718,-1.90641374669088,-12.4999999999999));
#6839=CARTESIAN_POINT('',(7.00000010430813,-4.31377959437668,-12.));
#6840=CARTESIAN_POINT('',(7.00000010430813,-4.31377959437668,-12.5));
#6841=CARTESIAN_POINT('',(7.00000010430813,-4.31377959437668,-12.));
#6842=CARTESIAN_POINT('Origin',(7.00000010430813,-4.81309724040329,-12.5));
#6843=CARTESIAN_POINT('',(7.00000010430813,-4.81309724040329,-12.5));
#6844=CARTESIAN_POINT('',(7.00000010430813,-5.48154862020165,-12.4999999999999));
#6845=CARTESIAN_POINT('',(7.00000010430813,-4.81309724040329,-12.));
#6846=CARTESIAN_POINT('',(7.00000010430813,-4.81309724040329,-12.5));
#6847=CARTESIAN_POINT('',(7.00000010430813,-4.81309724040329,-12.));
#6848=CARTESIAN_POINT('Origin',(6.18349276483059,-4.29126930423081,-12.5));
#6849=CARTESIAN_POINT('',(6.18349276483059,-4.29126930423081,-12.5));
#6850=CARTESIAN_POINT('',(2.70604900607565,-2.06884310908098,-12.4999999999999));
#6851=CARTESIAN_POINT('',(6.18349276483059,-4.29126930423081,-12.));
#6852=CARTESIAN_POINT('',(6.18349276483059,-4.29126930423081,-12.5));
#6853=CARTESIAN_POINT('',(6.18349276483059,-4.29126930423081,-12.));
#6854=CARTESIAN_POINT('Ctrl Pts',(5.78444741666317,-3.96180105395615,-12.5));
#6855=CARTESIAN_POINT('Ctrl Pts',(5.78444741666317,-3.96180105395615,-12.));
#6856=CARTESIAN_POINT('Ctrl Pts',(5.84273153606417,-4.02014034512869,-12.5));
#6857=CARTESIAN_POINT('Ctrl Pts',(5.84273153606417,-4.02014034512869,-12.));
#6858=CARTESIAN_POINT('Ctrl Pts',(5.96517006111624,-4.14269477053922,-12.5));
#6859=CARTESIAN_POINT('Ctrl Pts',(5.96517006111624,-4.14269477053922,-12.));
#6860=CARTESIAN_POINT('Ctrl Pts',(6.1084290245048,-4.24018638877442,-12.5));
#6861=CARTESIAN_POINT('Ctrl Pts',(6.1084290245048,-4.24018638877442,-12.));
#6862=CARTESIAN_POINT('Ctrl Pts',(6.18349276483059,-4.29126930423081,-12.5));
#6863=CARTESIAN_POINT('Ctrl Pts',(6.18349276483059,-4.29126930423081,-12.));
#6864=CARTESIAN_POINT('',(5.78444741666317,-3.96180105395615,-12.5));
#6865=CARTESIAN_POINT('Ctrl Pts',(5.78444741666317,-3.96180105395615,-12.5));
#6866=CARTESIAN_POINT('Ctrl Pts',(5.84273153606417,-4.02014034512869,-12.5));
#6867=CARTESIAN_POINT('Ctrl Pts',(5.96517006111624,-4.14269477053922,-12.5));
#6868=CARTESIAN_POINT('Ctrl Pts',(6.1084290245048,-4.24018638877442,-12.5));
#6869=CARTESIAN_POINT('Ctrl Pts',(6.18349276483059,-4.29126930423081,-12.5));
#6870=CARTESIAN_POINT('',(5.78444741666317,-3.96180105395615,-12.));
#6871=CARTESIAN_POINT('',(5.78444741666317,-3.96180105395615,-12.5));
#6872=CARTESIAN_POINT('Ctrl Pts',(5.78444741666317,-3.96180105395615,-12.));
#6873=CARTESIAN_POINT('Ctrl Pts',(5.84273153606417,-4.02014034512869,-12.));
#6874=CARTESIAN_POINT('Ctrl Pts',(5.96517006111624,-4.14269477053922,-12.));
#6875=CARTESIAN_POINT('Ctrl Pts',(6.1084290245048,-4.24018638877442,-12.));
#6876=CARTESIAN_POINT('Ctrl Pts',(6.18349276483059,-4.29126930423081,-12.));
#6877=CARTESIAN_POINT('Ctrl Pts',(5.6350614875555,-3.72237396426499,-12.5));
#6878=CARTESIAN_POINT('Ctrl Pts',(5.6350614875555,-3.72237396426499,-12.));
#6879=CARTESIAN_POINT('Ctrl Pts',(5.65842975241881,-3.76966770889837,-12.5));
#6880=CARTESIAN_POINT('Ctrl Pts',(5.65842975241881,-3.76966770889837,-12.));
#6881=CARTESIAN_POINT('Ctrl Pts',(5.70033858590767,-3.85448468955564,-12.5));
#6882=CARTESIAN_POINT('Ctrl Pts',(5.70033858590767,-3.85448468955564,-12.));
#6883=CARTESIAN_POINT('Ctrl Pts',(5.75865021281844,-3.92888581659703,-12.5));
#6884=CARTESIAN_POINT('Ctrl Pts',(5.75865021281844,-3.92888581659703,-12.));
#6885=CARTESIAN_POINT('Ctrl Pts',(5.78444741666317,-3.96180105395615,-12.5));
#6886=CARTESIAN_POINT('Ctrl Pts',(5.78444741666317,-3.96180105395615,-12.));
#6887=CARTESIAN_POINT('',(5.6350614875555,-3.72237396426499,-12.5));
#6888=CARTESIAN_POINT('Ctrl Pts',(5.6350614875555,-3.72237396426499,-12.5));
#6889=CARTESIAN_POINT('Ctrl Pts',(5.65842975241881,-3.76966770889837,-12.5));
#6890=CARTESIAN_POINT('Ctrl Pts',(5.70033858590767,-3.85448468955564,-12.5));
#6891=CARTESIAN_POINT('Ctrl Pts',(5.75865021281844,-3.92888581659703,-12.5));
#6892=CARTESIAN_POINT('Ctrl Pts',(5.78444741666317,-3.96180105395615,-12.5));
#6893=CARTESIAN_POINT('',(5.6350614875555,-3.72237396426499,-12.));
#6894=CARTESIAN_POINT('',(5.6350614875555,-3.72237396426499,-12.5));
#6895=CARTESIAN_POINT('Ctrl Pts',(5.6350614875555,-3.72237396426499,-12.));
#6896=CARTESIAN_POINT('Ctrl Pts',(5.65842975241881,-3.76966770889837,-12.));
#6897=CARTESIAN_POINT('Ctrl Pts',(5.70033858590767,-3.85448468955564,-12.));
#6898=CARTESIAN_POINT('Ctrl Pts',(5.75865021281844,-3.92888581659703,-12.));
#6899=CARTESIAN_POINT('Ctrl Pts',(5.78444741666317,-3.96180105395615,-12.));
#6900=CARTESIAN_POINT('Ctrl Pts',(5.35675309598446,-4.36084699817002,-12.5));
#6901=CARTESIAN_POINT('Ctrl Pts',(5.35675309598446,-4.36084699817002,-12.));
#6902=CARTESIAN_POINT('Ctrl Pts',(5.42377611126711,-4.27654140601549,-12.5));
#6903=CARTESIAN_POINT('Ctrl Pts',(5.42377611126711,-4.27654140601549,-12.));
#6904=CARTESIAN_POINT('Ctrl Pts',(5.57262647281781,-4.08930844104032,-12.5));
#6905=CARTESIAN_POINT('Ctrl Pts',(5.57262647281781,-4.08930844104032,-12.));
#6906=CARTESIAN_POINT('Ctrl Pts',(5.61291417380551,-3.85253510888834,-12.5));
#6907=CARTESIAN_POINT('Ctrl Pts',(5.61291417380551,-3.85253510888834,-12.));
#6908=CARTESIAN_POINT('Ctrl Pts',(5.6350614875555,-3.72237396426499,-12.5));
#6909=CARTESIAN_POINT('Ctrl Pts',(5.6350614875555,-3.72237396426499,-12.));
#6910=CARTESIAN_POINT('',(5.35675309598446,-4.36084699817002,-12.5));
#6911=CARTESIAN_POINT('Ctrl Pts',(5.35675309598446,-4.36084699817002,-12.5));
#6912=CARTESIAN_POINT('Ctrl Pts',(5.42377611126711,-4.27654140601549,-12.5));
#6913=CARTESIAN_POINT('Ctrl Pts',(5.57262647281781,-4.08930844104032,-12.5));
#6914=CARTESIAN_POINT('Ctrl Pts',(5.61291417380551,-3.85253510888834,-12.5));
#6915=CARTESIAN_POINT('Ctrl Pts',(5.6350614875555,-3.72237396426499,-12.5));
#6916=CARTESIAN_POINT('',(5.35675309598446,-4.36084699817002,-12.));
#6917=CARTESIAN_POINT('',(5.35675309598446,-4.36084699817002,-12.5));
#6918=CARTESIAN_POINT('Ctrl Pts',(5.35675309598446,-4.36084699817002,-12.));
#6919=CARTESIAN_POINT('Ctrl Pts',(5.42377611126711,-4.27654140601549,-12.));
#6920=CARTESIAN_POINT('Ctrl Pts',(5.57262647281781,-4.08930844104032,-12.));
#6921=CARTESIAN_POINT('Ctrl Pts',(5.61291417380551,-3.85253510888834,-12.));
#6922=CARTESIAN_POINT('Ctrl Pts',(5.6350614875555,-3.72237396426499,-12.));
#6923=CARTESIAN_POINT('Ctrl Pts',(4.81855414807796,-4.56753087230027,-12.5));
#6924=CARTESIAN_POINT('Ctrl Pts',(4.81855414807796,-4.56753087230027,-12.));
#6925=CARTESIAN_POINT('Ctrl Pts',(4.920172075543,-4.5594938938513,-12.5));
#6926=CARTESIAN_POINT('Ctrl Pts',(4.920172075543,-4.5594938938513,-12.));
#6927=CARTESIAN_POINT('Ctrl Pts',(5.12015238751113,-4.54367741837696,-12.5));
#6928=CARTESIAN_POINT('Ctrl Pts',(5.12015238751113,-4.54367741837696,-12.));
#6929=CARTESIAN_POINT('Ctrl Pts',(5.27874679606217,-4.42112545078162,-12.5));
#6930=CARTESIAN_POINT('Ctrl Pts',(5.27874679606217,-4.42112545078162,-12.));
#6931=CARTESIAN_POINT('Ctrl Pts',(5.35675309598446,-4.36084699817002,-12.5));
#6932=CARTESIAN_POINT('Ctrl Pts',(5.35675309598446,-4.36084699817002,-12.));
#6933=CARTESIAN_POINT('',(4.81855414807796,-4.56753087230027,-12.5));
#6934=CARTESIAN_POINT('Ctrl Pts',(4.81855414807796,-4.56753087230027,-12.5));
#6935=CARTESIAN_POINT('Ctrl Pts',(4.920172075543,-4.5594938938513,-12.5));
#6936=CARTESIAN_POINT('Ctrl Pts',(5.12015238751113,-4.54367741837696,-12.5));
#6937=CARTESIAN_POINT('Ctrl Pts',(5.27874679606217,-4.42112545078162,-12.5));
#6938=CARTESIAN_POINT('Ctrl Pts',(5.35675309598446,-4.36084699817002,-12.5));
#6939=CARTESIAN_POINT('',(4.81855414807796,-4.56753087230027,-12.));
#6940=CARTESIAN_POINT('',(4.81855414807796,-4.56753087230027,-12.5));
#6941=CARTESIAN_POINT('Ctrl Pts',(4.81855414807796,-4.56753087230027,-12.));
#6942=CARTESIAN_POINT('Ctrl Pts',(4.920172075543,-4.5594938938513,-12.));
#6943=CARTESIAN_POINT('Ctrl Pts',(5.12015238751113,-4.54367741837696,-12.));
#6944=CARTESIAN_POINT('Ctrl Pts',(5.27874679606217,-4.42112545078162,-12.));
#6945=CARTESIAN_POINT('Ctrl Pts',(5.35675309598446,-4.36084699817002,-12.));
#6946=CARTESIAN_POINT('Ctrl Pts',(4.36630301177502,-4.44270205684006,-12.5));
#6947=CARTESIAN_POINT('Ctrl Pts',(4.36630301177502,-4.44270205684006,-12.));
#6948=CARTESIAN_POINT('Ctrl Pts',(4.43665487572275,-4.47910940510198,-12.5));
#6949=CARTESIAN_POINT('Ctrl Pts',(4.43665487572275,-4.47910940510198,-12.));
#6950=CARTESIAN_POINT('Ctrl Pts',(4.57857681089198,-4.55255452836908,-12.5));
#6951=CARTESIAN_POINT('Ctrl Pts',(4.57857681089198,-4.55255452836908,-12.));
#6952=CARTESIAN_POINT('Ctrl Pts',(4.73810525725386,-4.56251027213863,-12.5));
#6953=CARTESIAN_POINT('Ctrl Pts',(4.73810525725386,-4.56251027213863,-12.));
#6954=CARTESIAN_POINT('Ctrl Pts',(4.81855414807796,-4.56753087230027,-12.5));
#6955=CARTESIAN_POINT('Ctrl Pts',(4.81855414807796,-4.56753087230027,-12.));
#6956=CARTESIAN_POINT('',(4.36630301177502,-4.44270205684006,-12.5));
#6957=CARTESIAN_POINT('Ctrl Pts',(4.36630301177502,-4.44270205684006,-12.5));
#6958=CARTESIAN_POINT('Ctrl Pts',(4.43665487572275,-4.47910940510198,-12.5));
#6959=CARTESIAN_POINT('Ctrl Pts',(4.57857681089198,-4.55255452836908,-12.5));
#6960=CARTESIAN_POINT('Ctrl Pts',(4.73810525725386,-4.56251027213863,-12.5));
#6961=CARTESIAN_POINT('Ctrl Pts',(4.81855414807796,-4.56753087230027,-12.5));
#6962=CARTESIAN_POINT('',(4.36630301177502,-4.44270205684006,-12.));
#6963=CARTESIAN_POINT('',(4.36630301177502,-4.44270205684006,-12.5));
#6964=CARTESIAN_POINT('Ctrl Pts',(4.36630301177502,-4.44270205684006,-12.));
#6965=CARTESIAN_POINT('Ctrl Pts',(4.43665487572275,-4.47910940510198,-12.));
#6966=CARTESIAN_POINT('Ctrl Pts',(4.57857681089198,-4.55255452836908,-12.));
#6967=CARTESIAN_POINT('Ctrl Pts',(4.73810525725386,-4.56251027213863,-12.));
#6968=CARTESIAN_POINT('Ctrl Pts',(4.81855414807796,-4.56753087230027,-12.));
#6969=CARTESIAN_POINT('Ctrl Pts',(4.08083222806454,-4.10914135165513,-12.5));
#6970=CARTESIAN_POINT('Ctrl Pts',(4.08083222806454,-4.10914135165513,-12.));
#6971=CARTESIAN_POINT('Ctrl Pts',(4.11354803201805,-4.17559207856621,-12.5));
#6972=CARTESIAN_POINT('Ctrl Pts',(4.11354803201805,-4.17559207856621,-12.));
#6973=CARTESIAN_POINT('Ctrl Pts',(4.18021644112551,-4.3110056619674,-12.5));
#6974=CARTESIAN_POINT('Ctrl Pts',(4.18021644112551,-4.3110056619674,-12.));
#6975=CARTESIAN_POINT('Ctrl Pts',(4.30351171609894,-4.39826366861538,-12.5));
#6976=CARTESIAN_POINT('Ctrl Pts',(4.30351171609894,-4.39826366861538,-12.));
#6977=CARTESIAN_POINT('Ctrl Pts',(4.36630301177502,-4.44270205684006,-12.5));
#6978=CARTESIAN_POINT('Ctrl Pts',(4.36630301177502,-4.44270205684006,-12.));
#6979=CARTESIAN_POINT('',(4.08083222806454,-4.10914135165513,-12.5));
#6980=CARTESIAN_POINT('Ctrl Pts',(4.08083222806454,-4.10914135165513,-12.5));
#6981=CARTESIAN_POINT('Ctrl Pts',(4.11354803201805,-4.17559207856621,-12.5));
#6982=CARTESIAN_POINT('Ctrl Pts',(4.18021644112551,-4.3110056619674,-12.5));
#6983=CARTESIAN_POINT('Ctrl Pts',(4.30351171609894,-4.39826366861538,-12.5));
#6984=CARTESIAN_POINT('Ctrl Pts',(4.36630301177502,-4.44270205684006,-12.5));
#6985=CARTESIAN_POINT('',(4.08083222806454,-4.10914135165513,-12.));
#6986=CARTESIAN_POINT('',(4.08083222806454,-4.10914135165513,-12.5));
#6987=CARTESIAN_POINT('Ctrl Pts',(4.08083222806454,-4.10914135165513,-12.));
#6988=CARTESIAN_POINT('Ctrl Pts',(4.11354803201805,-4.17559207856621,-12.));
#6989=CARTESIAN_POINT('Ctrl Pts',(4.18021644112551,-4.3110056619674,-12.));
#6990=CARTESIAN_POINT('Ctrl Pts',(4.30351171609894,-4.39826366861538,-12.));
#6991=CARTESIAN_POINT('Ctrl Pts',(4.36630301177502,-4.44270205684006,-12.));
#6992=CARTESIAN_POINT('Ctrl Pts',(3.99999998509884,-3.49931907840073,-12.5));
#6993=CARTESIAN_POINT('Ctrl Pts',(3.99999998509884,-3.49931907840073,-12.));
#6994=CARTESIAN_POINT('Ctrl Pts',(4.00091195108062,-3.61783346995524,-12.5));
#6995=CARTESIAN_POINT('Ctrl Pts',(4.00091195108062,-3.61783346995524,-12.));
#6996=CARTESIAN_POINT('Ctrl Pts',(4.0025045277767,-3.82479651672455,-12.5));
#6997=CARTESIAN_POINT('Ctrl Pts',(4.0025045277767,-3.82479651672455,-12.));
#6998=CARTESIAN_POINT('Ctrl Pts',(4.05738028046058,-4.02400620603304,-12.5));
#6999=CARTESIAN_POINT('Ctrl Pts',(4.05738028046058,-4.02400620603304,-12.));
#7000=CARTESIAN_POINT('Ctrl Pts',(4.08083222806454,-4.10914135165513,-12.5));
#7001=CARTESIAN_POINT('Ctrl Pts',(4.08083222806454,-4.10914135165513,-12.));
#7002=CARTESIAN_POINT('',(3.99999998509884,-3.49931907840073,-12.5));
#7003=CARTESIAN_POINT('Ctrl Pts',(3.99999998509884,-3.49931907840073,-12.5));
#7004=CARTESIAN_POINT('Ctrl Pts',(4.00091195108062,-3.61783346995524,-12.5));
#7005=CARTESIAN_POINT('Ctrl Pts',(4.0025045277767,-3.82479651672455,-12.5));
#7006=CARTESIAN_POINT('Ctrl Pts',(4.05738028046058,-4.02400620603304,-12.5));
#7007=CARTESIAN_POINT('Ctrl Pts',(4.08083222806454,-4.10914135165513,-12.5));
#7008=CARTESIAN_POINT('',(3.99999998509884,-3.49931907840073,-12.));
#7009=CARTESIAN_POINT('',(3.99999998509884,-3.49931907840073,-12.5));
#7010=CARTESIAN_POINT('Ctrl Pts',(3.99999998509884,-3.49931907840073,-12.));
#7011=CARTESIAN_POINT('Ctrl Pts',(4.00091195108062,-3.61783346995524,-12.));
#7012=CARTESIAN_POINT('Ctrl Pts',(4.0025045277767,-3.82479651672455,-12.));
#7013=CARTESIAN_POINT('Ctrl Pts',(4.05738028046058,-4.02400620603304,-12.));
#7014=CARTESIAN_POINT('Ctrl Pts',(4.08083222806454,-4.10914135165513,-12.));
#7015=CARTESIAN_POINT('Origin',(3.99999998509884,-2.16916871257126,-12.5));
#7016=CARTESIAN_POINT('',(3.99999998509884,-2.16916871257126,-12.5));
#7017=CARTESIAN_POINT('',(3.99999998509884,-4.15958435628563,-12.4999999999999));
#7018=CARTESIAN_POINT('',(3.99999998509884,-2.16916871257126,-12.));
#7019=CARTESIAN_POINT('',(3.99999998509884,-2.16916871257126,-12.5));
#7020=CARTESIAN_POINT('',(3.99999998509884,-2.16916871257126,-12.));
#7021=CARTESIAN_POINT('Origin',(7.00000010430813,-2.16916871257126,-12.5));
#7022=CARTESIAN_POINT('',(7.00000010430813,-2.16916871257126,-12.5));
#7023=CARTESIAN_POINT('',(1.10000005215406,-2.16916871257126,-12.4999999999999));
#7024=CARTESIAN_POINT('',(7.00000010430813,-2.16916871257126,-12.));
#7025=CARTESIAN_POINT('',(7.00000010430813,-2.16916871257126,-12.5));
#7026=CARTESIAN_POINT('',(7.00000010430813,-2.16916871257126,-12.));
#7027=CARTESIAN_POINT('Origin',(7.00000010430813,-2.56616664119065,-12.5));
#7028=CARTESIAN_POINT('',(7.00000010430813,-4.35808332059532,-12.4999999999999));
#7029=CARTESIAN_POINT('',(7.00000010430813,-2.56616664119065,-12.));
#7030=CARTESIAN_POINT('Origin',(5.50000004470348,-1.76951289176941E-7,-12.));
#7031=CARTESIAN_POINT('Origin',(4.35402475297451,3.42769431881607,-12.5));
#7032=CARTESIAN_POINT('',(4.35402475297451,3.42769431881607,-12.5));
#7033=CARTESIAN_POINT('',(7.00000010430813,3.42769431881607,-12.5));
#7034=CARTESIAN_POINT('',(-0.222987623512745,3.42769431881607,-12.4999999999999));
#7035=CARTESIAN_POINT('',(4.35402475297451,3.42769431881607,-12.));
#7036=CARTESIAN_POINT('',(4.35402475297451,3.42769431881607,-12.5));
#7037=CARTESIAN_POINT('',(7.00000010430813,3.42769431881607,-12.));
#7038=CARTESIAN_POINT('',(4.35402475297451,3.42769431881607,-12.));
#7039=CARTESIAN_POINT('',(7.00000010430813,3.42769431881607,-12.5));
#7040=CARTESIAN_POINT('Origin',(4.35402475297451,2.43519770912826,-12.5));
#7041=CARTESIAN_POINT('',(4.35402475297451,2.43519770912826,-12.5));
#7042=CARTESIAN_POINT('',(4.35402475297451,-1.85740114543587,-12.4999999999999));
#7043=CARTESIAN_POINT('',(4.35402475297451,2.43519770912826,-12.));
#7044=CARTESIAN_POINT('',(4.35402475297451,2.43519770912826,-12.5));
#7045=CARTESIAN_POINT('',(4.35402475297451,2.43519770912826,-12.));
#7046=CARTESIAN_POINT('Origin',(3.99999998509884,2.43519770912826,-12.5));
#7047=CARTESIAN_POINT('',(3.99999998509884,2.43519770912826,-12.5));
#7048=CARTESIAN_POINT('',(-0.400000007450581,2.43519770912826,-12.4999999999999));
#7049=CARTESIAN_POINT('',(3.99999998509884,2.43519770912826,-12.));
#7050=CARTESIAN_POINT('',(3.99999998509884,2.43519770912826,-12.5));
#7051=CARTESIAN_POINT('',(3.99999998509884,2.43519770912826,-12.));
#7052=CARTESIAN_POINT('Origin',(3.99999998509884,4.81309688650072,-12.5));
#7053=CARTESIAN_POINT('',(3.99999998509884,4.81309688650072,-12.5));
#7054=CARTESIAN_POINT('',(3.99999998509884,-0.668451556749642,-12.4999999999999));
#7055=CARTESIAN_POINT('',(3.99999998509884,4.81309688650072,-12.));
#7056=CARTESIAN_POINT('',(3.99999998509884,4.81309688650072,-12.5));
#7057=CARTESIAN_POINT('',(3.99999998509884,4.81309688650072,-12.));
#7058=CARTESIAN_POINT('Origin',(4.35402475297451,4.81309688650072,-12.5));
#7059=CARTESIAN_POINT('',(4.35402475297451,4.81309688650072,-12.5));
#7060=CARTESIAN_POINT('',(-0.222987623512745,4.81309688650072,-12.4999999999999));
#7061=CARTESIAN_POINT('',(4.35402475297451,4.81309688650072,-12.));
#7062=CARTESIAN_POINT('',(4.35402475297451,4.81309688650072,-12.5));
#7063=CARTESIAN_POINT('',(4.35402475297451,4.81309688650072,-12.));
#7064=CARTESIAN_POINT('Origin',(4.35402475297451,3.82469314150512,-12.5));
#7065=CARTESIAN_POINT('',(4.35402475297451,3.82469314150512,-12.5));
#7066=CARTESIAN_POINT('',(4.35402475297451,-1.16265342924744,-12.4999999999999));
#7067=CARTESIAN_POINT('',(4.35402475297451,3.82469314150512,-12.));
#7068=CARTESIAN_POINT('',(4.35402475297451,3.82469314150512,-12.5));
#7069=CARTESIAN_POINT('',(4.35402475297451,3.82469314150512,-12.));
#7070=CARTESIAN_POINT('Origin',(7.00000010430813,3.82469314150512,-12.5));
#7071=CARTESIAN_POINT('',(7.00000010430813,3.82469314150512,-12.5));
#7072=CARTESIAN_POINT('',(1.10000005215406,3.82469314150512,-12.4999999999999));
#7073=CARTESIAN_POINT('',(7.00000010430813,3.82469314150512,-12.));
#7074=CARTESIAN_POINT('',(7.00000010430813,3.82469314150512,-12.5));
#7075=CARTESIAN_POINT('',(7.00000010430813,3.82469314150512,-12.));
#7076=CARTESIAN_POINT('Origin',(7.00000010430813,3.42769431881607,-12.5));
#7077=CARTESIAN_POINT('',(7.00000010430813,-1.36115284059197,-12.4999999999999));
#7078=CARTESIAN_POINT('',(7.00000010430813,3.42769431881607,-12.));
#7079=CARTESIAN_POINT('Origin',(5.50000004470348,-1.76951289176941E-7,-12.));
#7080=CARTESIAN_POINT('Origin',(-4.8,-6.15,-12.4999999999999));
#7081=CARTESIAN_POINT('',(-3.77699519651337,-6.15,-12.4999999999999));
#7082=CARTESIAN_POINT('',(-3.77699519651337,-9.17812252730877,-12.4999999999999));
#7083=CARTESIAN_POINT('Ctrl Pts',(-3.77699519651337,-6.15,-12.4999999999999));
#7084=CARTESIAN_POINT('Ctrl Pts',(-3.77699519651337,-7.15937417576959,-12.4999999999999));
#7085=CARTESIAN_POINT('Ctrl Pts',(-3.77699519651337,-8.16874835153919,-12.4999999999999));
#7086=CARTESIAN_POINT('Ctrl Pts',(-3.77699519651337,-9.17812252730877,-12.4999999999999));
#7087=CARTESIAN_POINT('',(-1.8,-6.15,-12.4999999999999));
#7088=CARTESIAN_POINT('',(-4.011451046931,-6.15,-12.4999999999999));
#7089=CARTESIAN_POINT('',(-1.8,-2.27376340018041,-12.4999999999999));
#7090=CARTESIAN_POINT('',(-1.8,0.,-12.4999999999999));
#7091=CARTESIAN_POINT('',(2.8,-0.754983443527073,-12.4999999999999));
#7092=CARTESIAN_POINT('Origin',(8.22387425648256E-16,0.,-12.4999999999999));
#7093=CARTESIAN_POINT('',(2.8,0.754983443527074,-12.4999999999999));
#7094=CARTESIAN_POINT('',(2.8,-2.77086187348509,-12.4999999999999));
#7095=CARTESIAN_POINT('',(-1.8,2.27376340018041,-12.4999999999999));
#7096=CARTESIAN_POINT('Origin',(8.22387425648256E-16,0.,-12.4999999999999));
#7097=CARTESIAN_POINT('',(-1.8,6.15,-12.4999999999999));
#7098=CARTESIAN_POINT('',(-1.8,0.,-12.4999999999999));
#7099=CARTESIAN_POINT('',(-3.77699519651337,6.15,-12.4999999999999));
#7100=CARTESIAN_POINT('',(-4.011451046931,6.15,-12.4999999999999));
#7101=CARTESIAN_POINT('',(-3.77699519651337,6.62596535759629,-12.4999999999999));
#7102=CARTESIAN_POINT('Ctrl Pts',(-3.77699519651337,6.6259653575963,-12.4999999999999));
#7103=CARTESIAN_POINT('Ctrl Pts',(-3.77699519651337,6.46731023839753,-12.4999999999999));
#7104=CARTESIAN_POINT('Ctrl Pts',(-3.77699519651337,6.30865511919876,-12.4999999999999));
#7105=CARTESIAN_POINT('Ctrl Pts',(-3.77699519651337,6.15,-12.4999999999999));
#7106=CARTESIAN_POINT('',(8.78046599446372,6.62596535759629,-12.4999999999999));
#7107=CARTESIAN_POINT('Ctrl Pts',(8.78046599446373,6.62596535759629,-12.4999999999999));
#7108=CARTESIAN_POINT('Ctrl Pts',(4.59464559747136,6.62596535759629,-12.4999999999999));
#7109=CARTESIAN_POINT('Ctrl Pts',(0.408825200479,6.62596535759629,-12.4999999999999));
#7110=CARTESIAN_POINT('Ctrl Pts',(-3.77699519651337,6.62596535759629,-12.4999999999999));
#7111=CARTESIAN_POINT('',(9.00000000000008,6.32455532033664,-12.4999999999999));
#7112=CARTESIAN_POINT('Origin',(0.,0.,-12.4999999999999));
#7113=CARTESIAN_POINT('',(9.00000000000008,-6.32455532033664,-12.4999999999999));
#7114=CARTESIAN_POINT('',(9.00000000000008,-6.15,-12.4999999999999));
#7115=CARTESIAN_POINT('',(6.0631730037751,-9.17812252730877,-12.4999999999999));
#7116=CARTESIAN_POINT('Origin',(0.,0.,-12.4999999999999));
#7117=CARTESIAN_POINT('Ctrl Pts',(-3.77699519651336,-9.17812252730878,-12.4999999999999));
#7118=CARTESIAN_POINT('Ctrl Pts',(-0.496939129750542,-9.17812252730877,
-12.4999999999999));
#7119=CARTESIAN_POINT('Ctrl Pts',(2.78311693701228,-9.17812252730877,-12.4999999999999));
#7120=CARTESIAN_POINT('Ctrl Pts',(6.06317300377511,-9.17812252730877,-12.4999999999999));
#7121=CARTESIAN_POINT('Origin',(-4.8,-6.15,-12.4999999999999));
#7122=CARTESIAN_POINT('Origin',(0.,0.,0.));
#7123=CARTESIAN_POINT('',(-8.59047296484423,-13.4982878262497,-3.18867067882419));
#7124=CARTESIAN_POINT('',(-8.58778201865884,-13.5,-3.));
#7125=CARTESIAN_POINT('Ctrl Pts',(-8.59047296484423,-13.4980475850656,-3.188544182453));
#7126=CARTESIAN_POINT('Ctrl Pts',(-8.58867579136751,-13.4993386560684,-3.12604767287487));
#7127=CARTESIAN_POINT('Ctrl Pts',(-8.58778201865883,-13.5,-3.06321046342271));
#7128=CARTESIAN_POINT('Ctrl Pts',(-8.58778201865884,-13.5,-2.99999999999975));
#7129=CARTESIAN_POINT('',(-8.59047296484423,-13.4982878262497,3.43650819534354));
#7130=CARTESIAN_POINT('',(-8.59047296484423,-13.4982878262497,0.));
#7131=CARTESIAN_POINT('',(-8.58778201865884,-13.5,3.));
#7132=CARTESIAN_POINT('Ctrl Pts',(-8.58778201865884,-13.5,3.));
#7133=CARTESIAN_POINT('Ctrl Pts',(-8.58778201865884,-13.5,3.14692312785664));
#7134=CARTESIAN_POINT('Ctrl Pts',(-8.58867097966012,-13.4994346313265,3.29240990483024));
#7135=CARTESIAN_POINT('Ctrl Pts',(-8.59047296484423,-13.4982878262497,3.43650819534353));
#7136=CARTESIAN_POINT('',(-8.58778201865884,-13.5,0.));
#7137=CARTESIAN_POINT('Origin',(0.,0.,0.));
#7138=CARTESIAN_POINT('',(9.,-6.32455532033676,8.5));
#7139=CARTESIAN_POINT('',(7.14714866060072,-8.36171429930803,8.5));
#7140=CARTESIAN_POINT('Origin',(0.,0.,8.5));
#7141=CARTESIAN_POINT('',(9.,-6.32455532033676,9.5));
#7142=CARTESIAN_POINT('',(9.,-6.32455532033676,0.));
#7143=CARTESIAN_POINT('',(7.14714866060072,-8.36171429930803,9.5));
#7144=CARTESIAN_POINT('Origin',(0.,0.,9.5));
#7145=CARTESIAN_POINT('',(7.14714866060072,-8.36171429930803,0.));
#7146=CARTESIAN_POINT('Ctrl Pts',(-1.56125112837913E-16,-12.271433231651,
-31.));
#7147=CARTESIAN_POINT('Ctrl Pts',(-1.56125112837913E-16,-12.271433231651,
31.));
#7148=CARTESIAN_POINT('Ctrl Pts',(-0.165818338678269,-12.325291880371,-31.));
#7149=CARTESIAN_POINT('Ctrl Pts',(-0.165818338678269,-12.325291880371,31.));
#7150=CARTESIAN_POINT('Ctrl Pts',(-0.531386611714213,-12.4387126819688,
-31.));
#7151=CARTESIAN_POINT('Ctrl Pts',(-0.531386611714213,-12.4387126819688,
31.));
#7152=CARTESIAN_POINT('Ctrl Pts',(-1.11799568275134,-12.6024925187791,-31.));
#7153=CARTESIAN_POINT('Ctrl Pts',(-1.11799568275134,-12.6024925187791,31.));
#7154=CARTESIAN_POINT('Ctrl Pts',(-1.98424155642393,-12.8069638789397,-31.));
#7155=CARTESIAN_POINT('Ctrl Pts',(-1.98424155642393,-12.8069638789397,31.));
#7156=CARTESIAN_POINT('Ctrl Pts',(-3.24307482908616,-13.0544136080593,-31.));
#7157=CARTESIAN_POINT('Ctrl Pts',(-3.24307482908616,-13.0544136080593,31.));
#7158=CARTESIAN_POINT('Ctrl Pts',(-4.48180205317938,-13.2611695145189,-31.));
#7159=CARTESIAN_POINT('Ctrl Pts',(-4.48180205317938,-13.2611695145189,31.));
#7160=CARTESIAN_POINT('Ctrl Pts',(-5.55847306442363,-13.3959547397457,-31.));
#7161=CARTESIAN_POINT('Ctrl Pts',(-5.55847306442363,-13.3959547397457,31.));
#7162=CARTESIAN_POINT('Ctrl Pts',(-6.49408341363204,-13.4617682901771,-31.));
#7163=CARTESIAN_POINT('Ctrl Pts',(-6.49408341363204,-13.4617682901771,31.));
#7164=CARTESIAN_POINT('Ctrl Pts',(-7.30561239195544,-13.4856252631371,-31.));
#7165=CARTESIAN_POINT('Ctrl Pts',(-7.30561239195544,-13.4856252631371,31.));
#7166=CARTESIAN_POINT('Ctrl Pts',(-7.97972594028667,-13.4944205419127,-31.));
#7167=CARTESIAN_POINT('Ctrl Pts',(-7.97972594028667,-13.4944205419127,31.));
#7168=CARTESIAN_POINT('Ctrl Pts',(-8.42853501463521,-13.4974757157712,-31.));
#7169=CARTESIAN_POINT('Ctrl Pts',(-8.42853501463521,-13.4974757157712,31.));
#7170=CARTESIAN_POINT('Ctrl Pts',(-8.59047296484423,-13.4982878262497,-31.));
#7171=CARTESIAN_POINT('Ctrl Pts',(-8.59047296484423,-13.4982878262497,31.));
#7172=CARTESIAN_POINT('',(-1.56125112837913E-16,-12.271433231651,-7.84430949601635));
#7173=CARTESIAN_POINT('Ctrl Pts',(1.44192381065879E-15,-12.271433231651,
-7.84430949601636));
#7174=CARTESIAN_POINT('Ctrl Pts',(-0.587515259444639,-12.4622612077864,
-7.4591208041057));
#7175=CARTESIAN_POINT('Ctrl Pts',(-1.19470777136531,-12.6239129795514,-7.10821368955458));
#7176=CARTESIAN_POINT('Ctrl Pts',(-2.65874230227489,-12.9418021563113,-6.29580788035389));
#7177=CARTESIAN_POINT('Ctrl Pts',(-3.40251148313888,-13.084364227803,-5.88553340782443));
#7178=CARTESIAN_POINT('Ctrl Pts',(-5.73485379665881,-13.4423137986191,-4.44166916348155));
#7179=CARTESIAN_POINT('Ctrl Pts',(-6.57582650879078,-13.4881844780518,-3.74344000892452));
#7180=CARTESIAN_POINT('Ctrl Pts',(-8.59047296484423,-13.4982878262497,-3.1886706788241));
#7181=CARTESIAN_POINT('',(-1.56125112837913E-16,-12.271433231651,11.4820875966988));
#7182=CARTESIAN_POINT('',(-1.56125112837913E-16,-12.271433231651,0.));
#7183=CARTESIAN_POINT('Ctrl Pts',(-8.59047296484435,-13.4982878262497,3.43650819534339));
#7184=CARTESIAN_POINT('Ctrl Pts',(-7.00818151547591,-13.4903527161387,4.4335702289549));
#7185=CARTESIAN_POINT('Ctrl Pts',(-6.25655093292115,-13.4619797672517,5.44692555251186));
#7186=CARTESIAN_POINT('Ctrl Pts',(-4.83669539657468,-13.3026170456772,7.14200410896977));
#7187=CARTESIAN_POINT('Ctrl Pts',(-4.4277796405116,-13.2445810846982,7.61313810358109));
#7188=CARTESIAN_POINT('Ctrl Pts',(-3.34908595589463,-13.0692795062326,8.72146952079175));
#7189=CARTESIAN_POINT('Ctrl Pts',(-2.69020563418119,-12.9523036543068,9.30454906858852));
#7190=CARTESIAN_POINT('Ctrl Pts',(-1.52064840925007,-12.6928987032337,10.2462812871386));
#7191=CARTESIAN_POINT('Ctrl Pts',(-1.19528328457851,-12.615120305801,10.5030572306888));
#7192=CARTESIAN_POINT('Ctrl Pts',(-0.575908363109041,-12.4496071577187,
11.0015492928248));
#7193=CARTESIAN_POINT('Ctrl Pts',(-0.289028434212582,-12.3653111527087,
11.2367574248905));
#7194=CARTESIAN_POINT('Ctrl Pts',(-3.36536354339501E-15,-12.271433231651,
11.4820875966988));
#7195=CARTESIAN_POINT('Ctrl Pts',(7.14714866060072,-8.36171429930803,-31.));
#7196=CARTESIAN_POINT('Ctrl Pts',(7.14714866060072,-8.36171429930803,31.));
#7197=CARTESIAN_POINT('Ctrl Pts',(6.87781584336529,-8.59192547380215,-31.));
#7198=CARTESIAN_POINT('Ctrl Pts',(6.87781584336529,-8.59192547380215,31.));
#7199=CARTESIAN_POINT('Ctrl Pts',(6.36279902407372,-9.02030462881519,-31.));
#7200=CARTESIAN_POINT('Ctrl Pts',(6.36279902407372,-9.02030462881519,31.));
#7201=CARTESIAN_POINT('Ctrl Pts',(5.66112794492837,-9.56679775548189,-31.));
#7202=CARTESIAN_POINT('Ctrl Pts',(5.66112794492837,-9.56679775548189,31.));
#7203=CARTESIAN_POINT('Ctrl Pts',(4.84874392692559,-10.1219311143728,-31.));
#7204=CARTESIAN_POINT('Ctrl Pts',(4.84874392692559,-10.1219311143728,31.));
#7205=CARTESIAN_POINT('Ctrl Pts',(3.93777713590905,-10.6275876176971,-31.));
#7206=CARTESIAN_POINT('Ctrl Pts',(3.93777713590905,-10.6275876176971,31.));
#7207=CARTESIAN_POINT('Ctrl Pts',(3.03500176216738,-11.0506227531159,-31.));
#7208=CARTESIAN_POINT('Ctrl Pts',(3.03500176216738,-11.0506227531159,31.));
#7209=CARTESIAN_POINT('Ctrl Pts',(2.06525959209465,-11.4762742335751,-31.));
#7210=CARTESIAN_POINT('Ctrl Pts',(2.06525959209465,-11.4762742335751,31.));
#7211=CARTESIAN_POINT('Ctrl Pts',(1.25263068172726,-11.8198008559559,-31.));
#7212=CARTESIAN_POINT('Ctrl Pts',(1.25263068172726,-11.8198008559559,31.));
#7213=CARTESIAN_POINT('Ctrl Pts',(0.661295165748172,-12.0467469553506,-31.));
#7214=CARTESIAN_POINT('Ctrl Pts',(0.661295165748172,-12.0467469553506,31.));
#7215=CARTESIAN_POINT('Ctrl Pts',(0.251712589518516,-12.1891028418041,-31.));
#7216=CARTESIAN_POINT('Ctrl Pts',(0.251712589518516,-12.1891028418041,31.));
#7217=CARTESIAN_POINT('Ctrl Pts',(0.0288151412079688,-12.2620739256749,
-31.));
#7218=CARTESIAN_POINT('Ctrl Pts',(0.0288151412079688,-12.2620739256749,
31.));
#7219=CARTESIAN_POINT('Ctrl Pts',(-1.56125112837913E-16,-12.271433231651,
-31.));
#7220=CARTESIAN_POINT('Ctrl Pts',(-1.56125112837913E-16,-12.271433231651,
31.));
#7221=CARTESIAN_POINT('',(3.29714910130668,-10.9220835325741,-10.4999999999999));
#7222=CARTESIAN_POINT('Ctrl Pts',(3.29714910130668,-10.9220835325741,-10.4999999999999));
#7223=CARTESIAN_POINT('Ctrl Pts',(3.02162043105041,-11.0512623094943,-10.1892067901411));
#7224=CARTESIAN_POINT('Ctrl Pts',(2.67053444192926,-11.2098553904602,-9.86406951806848));
#7225=CARTESIAN_POINT('Ctrl Pts',(1.84981162971289,-11.5656535919928,-9.18433243368566));
#7226=CARTESIAN_POINT('Ctrl Pts',(0.998010367889581,-11.9472743343203,-8.49862834466048));
#7227=CARTESIAN_POINT('Ctrl Pts',(1.44192381065878E-15,-12.271433231651,
-7.84430949601636));
#7228=CARTESIAN_POINT('',(6.90394070654395,-8.56760295032642,-10.4999999999999));
#7229=CARTESIAN_POINT('Ctrl Pts',(6.90394070654395,-8.56760295032642,-10.4999999999999));
#7230=CARTESIAN_POINT('Ctrl Pts',(5.57104163823075,-9.68469822640911,-10.4999999999999));
#7231=CARTESIAN_POINT('Ctrl Pts',(4.61176082868395,-10.3057413751151,-10.4999999999999));
#7232=CARTESIAN_POINT('Ctrl Pts',(3.29714910130668,-10.9220835325741,-10.4999999999999));
#7233=CARTESIAN_POINT('',(6.90394070654395,-8.56760295032642,8.5));
#7234=CARTESIAN_POINT('Ctrl Pts',(6.90394070654395,-8.56760295032642,8.5));
#7235=CARTESIAN_POINT('Ctrl Pts',(6.90394070654395,-8.56760295032642,2.16666666666669));
#7236=CARTESIAN_POINT('Ctrl Pts',(6.90394070654395,-8.56760295032642,-4.1666666666666));
#7237=CARTESIAN_POINT('Ctrl Pts',(6.90394070654395,-8.56760295032642,-10.4999999999999));
#7238=CARTESIAN_POINT('Ctrl Pts',(7.14714866060072,-8.36171429930803,8.5));
#7239=CARTESIAN_POINT('Ctrl Pts',(7.06444396576932,-8.43240581447037,8.5));
#7240=CARTESIAN_POINT('Ctrl Pts',(6.98341046564724,-8.50099978839454,8.5));
#7241=CARTESIAN_POINT('Ctrl Pts',(6.90394070654396,-8.56760295032642,8.5));
#7242=CARTESIAN_POINT('',(4.73755333124643,-10.159715905137,9.5));
#7243=CARTESIAN_POINT('Ctrl Pts',(4.73755333124685,-10.1597159051368,9.5));
#7244=CARTESIAN_POINT('Ctrl Pts',(4.86684307316757,-10.0810246830707,9.5));
#7245=CARTESIAN_POINT('Ctrl Pts',(4.99862846302137,-9.9976065570671,9.50000000000001));
#7246=CARTESIAN_POINT('Ctrl Pts',(5.13400089931702,-9.90832319607526,9.50000000000001));
#7247=CARTESIAN_POINT('Ctrl Pts',(5.23521416428806,-9.84156913061813,9.50000000000001));
#7248=CARTESIAN_POINT('Ctrl Pts',(5.33843437199498,-9.77153565341053,9.5));
#7249=CARTESIAN_POINT('Ctrl Pts',(5.44410246872522,-9.69777365399107,9.5));
#7250=CARTESIAN_POINT('Ctrl Pts',(5.53889331809338,-9.631604556672,9.5));
#7251=CARTESIAN_POINT('Ctrl Pts',(5.63565465993622,-9.56243466847078,9.5));
#7252=CARTESIAN_POINT('Ctrl Pts',(5.73467761668433,-9.48997083414941,9.5));
#7253=CARTESIAN_POINT('Ctrl Pts',(5.82724496407422,-9.42223113877863,9.5));
#7254=CARTESIAN_POINT('Ctrl Pts',(5.92178904623465,-9.35161272195512,9.50000000000001));
#7255=CARTESIAN_POINT('Ctrl Pts',(6.01851571011703,-9.27790914140954,9.50000000000001));
#7256=CARTESIAN_POINT('Ctrl Pts',(6.11006956664793,-9.2081471257642,9.50000000000001));
#7257=CARTESIAN_POINT('Ctrl Pts',(6.20357887694545,-9.13562103243087,9.50000000000001));
#7258=CARTESIAN_POINT('Ctrl Pts',(6.29918531331926,-9.06018875609366,9.50000000000001));
#7259=CARTESIAN_POINT('Ctrl Pts',(6.3925232988768,-8.98654625893159,9.50000000000001));
#7260=CARTESIAN_POINT('Ctrl Pts',(6.48786023476552,-8.91013368185808,9.5));
#7261=CARTESIAN_POINT('Ctrl Pts',(6.58529392905491,-8.83085299843535,9.5));
#7262=CARTESIAN_POINT('Ctrl Pts',(6.67949537185902,-8.7542023611031,9.5));
#7263=CARTESIAN_POINT('Ctrl Pts',(6.77565682850043,-8.67487068269769,9.5));
#7264=CARTESIAN_POINT('Ctrl Pts',(6.87383299724277,-8.59280336891915,9.5));
#7265=CARTESIAN_POINT('Ctrl Pts',(6.96326184012028,-8.5180481100483,9.5));
#7266=CARTESIAN_POINT('Ctrl Pts',(7.0543621178966,-8.44102323459642,9.5));
#7267=CARTESIAN_POINT('Ctrl Pts',(7.14714866060072,-8.36171429930803,9.5));
#7268=CARTESIAN_POINT('',(4.73755333124643,-10.159715905137,16.));
#7269=CARTESIAN_POINT('Ctrl Pts',(4.73755333124643,-10.159715905137,16.));
#7270=CARTESIAN_POINT('Ctrl Pts',(4.73755333124643,-10.159715905137,13.8333333333333));
#7271=CARTESIAN_POINT('Ctrl Pts',(4.73755333124643,-10.159715905137,11.6666666666667));
#7272=CARTESIAN_POINT('Ctrl Pts',(4.73755333124643,-10.159715905137,9.5));
#7273=CARTESIAN_POINT('',(3.61902211271734,-10.7680496174845,16.));
#7274=CARTESIAN_POINT('Ctrl Pts',(3.61902211271734,-10.7680496174845,16.));
#7275=CARTESIAN_POINT('Ctrl Pts',(3.70219703440583,-10.7273450770658,16.));
#7276=CARTESIAN_POINT('Ctrl Pts',(3.78516629915353,-10.6859702078821,16.));
#7277=CARTESIAN_POINT('Ctrl Pts',(3.86819498762352,-10.6436238779991,16.));
#7278=CARTESIAN_POINT('Ctrl Pts',(3.96996018057985,-10.5917215474799,16.));
#7279=CARTESIAN_POINT('Ctrl Pts',(4.07181587242477,-10.5383591349447,16.));
#7280=CARTESIAN_POINT('Ctrl Pts',(4.17430664979314,-10.482932440566,16.));
#7281=CARTESIAN_POINT('Ctrl Pts',(4.29393646887306,-10.4182370056109,16.));
#7282=CARTESIAN_POINT('Ctrl Pts',(4.41443147759607,-10.350728296092,16.));
#7283=CARTESIAN_POINT('Ctrl Pts',(4.53671733475354,-10.2793968131086,16.));
#7284=CARTESIAN_POINT('Ctrl Pts',(4.6030831101827,-10.2406844935425,16.));
#7285=CARTESIAN_POINT('Ctrl Pts',(4.66997733233283,-10.2008455249958,16.));
#7286=CARTESIAN_POINT('Ctrl Pts',(4.73755333124645,-10.159715905137,16.));
#7287=CARTESIAN_POINT('Ctrl Pts',(-1.56125112837913E-16,-12.271433231651,
11.4820875966988));
#7288=CARTESIAN_POINT('Ctrl Pts',(0.90991249271531,-11.9758889770059,12.2544302514158));
#7289=CARTESIAN_POINT('Ctrl Pts',(1.79636659283462,-11.591111364258,13.0700551272806));
#7290=CARTESIAN_POINT('Ctrl Pts',(2.88015919222679,-11.1164566710946,14.3740170453472));
#7291=CARTESIAN_POINT('Ctrl Pts',(3.26732870496433,-10.9387006467802,14.9928038948934));
#7292=CARTESIAN_POINT('Ctrl Pts',(3.57776033601417,-10.7881968454583,15.8746466160444));
#7293=CARTESIAN_POINT('Ctrl Pts',(3.59879415422324,-10.777948872421,15.93715505964));
#7294=CARTESIAN_POINT('Ctrl Pts',(3.61902211271734,-10.7680496174845,16.));
#7295=CARTESIAN_POINT('Origin',(-3.22290209386212,-13.5,0.));
#7296=CARTESIAN_POINT('',(-14.8738635424338,-13.5,3.));
#7297=CARTESIAN_POINT('',(0.,-13.5,3.));
#7298=CARTESIAN_POINT('',(-14.8738635424313,-13.5,-3.0000000000031));
#7299=CARTESIAN_POINT('Origin',(-8.,-13.5,0.));
#7300=CARTESIAN_POINT('',(0.,-13.5,-3.));
#7301=CARTESIAN_POINT('Ctrl Pts',(-15.9529868602934,-10.5000877020269,20.2046144658526));
#7302=CARTESIAN_POINT('Ctrl Pts',(7.54973699015467,-10.5000877020269,20.2046144658526));
#7303=CARTESIAN_POINT('Ctrl Pts',(-15.9529868602934,-10.5041834119574,17.9856557181731));
#7304=CARTESIAN_POINT('Ctrl Pts',(7.54973699015467,-10.5041834119574,17.9856557181731));
#7305=CARTESIAN_POINT('Ctrl Pts',(-15.9529868602934,-10.6598986199385,16.4464987335793));
#7306=CARTESIAN_POINT('Ctrl Pts',(7.54973699015467,-10.6598986199385,16.4464987335793));
#7307=CARTESIAN_POINT('Ctrl Pts',(-15.9529868602934,-10.8834421441377,15.3621382652232));
#7308=CARTESIAN_POINT('Ctrl Pts',(7.54973699015467,-10.8834421441377,15.3621382652232));
#7309=CARTESIAN_POINT('Ctrl Pts',(-15.9529868602934,-11.1196635449034,14.2162802060928));
#7310=CARTESIAN_POINT('Ctrl Pts',(7.54973699015467,-11.1196635449034,14.2162802060928));
#7311=CARTESIAN_POINT('Ctrl Pts',(-15.9529868602934,-11.4133702377486,13.536125397638));
#7312=CARTESIAN_POINT('Ctrl Pts',(7.54973699015467,-11.4133702377486,13.536125397638));
#7313=CARTESIAN_POINT('Ctrl Pts',(-15.9529868602934,-11.8131048738671,12.5990788396648));
#7314=CARTESIAN_POINT('Ctrl Pts',(7.54973699015467,-11.8131048738671,12.5990788396648));
#7315=CARTESIAN_POINT('Ctrl Pts',(-15.9529868602934,-12.2830155757207,11.4975275455302));
#7316=CARTESIAN_POINT('Ctrl Pts',(7.54973699015467,-12.2830155757207,11.4975275455302));
#7317=CARTESIAN_POINT('Ctrl Pts',(-15.9529868602934,-12.8774336474548,10.0294211550411));
#7318=CARTESIAN_POINT('Ctrl Pts',(7.54973699015467,-12.8774336474548,10.0294211550411));
#7319=CARTESIAN_POINT('Ctrl Pts',(-15.9529868602934,-13.1919174349645,7.94258561775617));
#7320=CARTESIAN_POINT('Ctrl Pts',(7.54973699015467,-13.1919174349645,7.94258561775617));
#7321=CARTESIAN_POINT('Ctrl Pts',(-15.9529868602934,-13.3956281147808,6.59081263978602));
#7322=CARTESIAN_POINT('Ctrl Pts',(7.54973699015467,-13.3956281147808,6.59081263978602));
#7323=CARTESIAN_POINT('Ctrl Pts',(-15.9529868602934,-13.5,4.97242512025062));
#7324=CARTESIAN_POINT('Ctrl Pts',(7.54973699015467,-13.5,4.97242512025062));
#7325=CARTESIAN_POINT('Ctrl Pts',(-15.9529868602934,-13.5,3.));
#7326=CARTESIAN_POINT('Ctrl Pts',(7.54973699015467,-13.5,3.));
#7327=CARTESIAN_POINT('',(2.24702190362962,-10.7680496174845,16.));
#7328=CARTESIAN_POINT('Ctrl Pts',(2.24702190362963,-10.7680496174845,16.));
#7329=CARTESIAN_POINT('Ctrl Pts',(2.70435530665886,-10.7680496174845,16.));
#7330=CARTESIAN_POINT('Ctrl Pts',(3.1616887096881,-10.7680496174845,16.));
#7331=CARTESIAN_POINT('Ctrl Pts',(3.61902211271734,-10.7680496174845,16.));
#7332=CARTESIAN_POINT('',(2.56286925074259,-10.6972754102901,16.5));
#7333=CARTESIAN_POINT('Ctrl Pts',(2.24702190362961,-10.7680496174845,16.));
#7334=CARTESIAN_POINT('Ctrl Pts',(2.36594118067495,-10.7432341467376,16.157539813765));
#7335=CARTESIAN_POINT('Ctrl Pts',(2.47057564874425,-10.7193872495697,16.3252079422828));
#7336=CARTESIAN_POINT('Ctrl Pts',(2.56286925074259,-10.6972754102901,16.5));
#7337=CARTESIAN_POINT('',(0.738062581408633,-10.6913674791196,16.5471978794394));
#7338=CARTESIAN_POINT('Ctrl Pts',(0.738062581408633,-10.6913674791196,16.5471978794394));
#7339=CARTESIAN_POINT('Ctrl Pts',(1.33992636530322,-10.6922410749286,16.5401442730558));
#7340=CARTESIAN_POINT('Ctrl Pts',(1.94614575708235,-10.6941824568267,16.5244495129264));
#7341=CARTESIAN_POINT('Ctrl Pts',(2.56286925074259,-10.6972754102901,16.5));
#7342=CARTESIAN_POINT('',(0.686242788141102,-10.5489937672362,18.2285485414549));
#7343=CARTESIAN_POINT('Ctrl Pts',(0.738062581408632,-10.6913674791196,16.5471978794394));
#7344=CARTESIAN_POINT('Ctrl Pts',(0.714117139248923,-10.6255779174869,17.0783973965842));
#7345=CARTESIAN_POINT('Ctrl Pts',(0.697351117142062,-10.5795136503342,17.6406246696045));
#7346=CARTESIAN_POINT('Ctrl Pts',(0.6862427881411,-10.5489937672362,18.2285485414549));
#7347=CARTESIAN_POINT('',(3.1297326509541,-10.5453673968315,18.3));
#7348=CARTESIAN_POINT('Ctrl Pts',(3.12973265095375,-10.5453673968574,18.3000000000087));
#7349=CARTESIAN_POINT('Ctrl Pts',(2.2986137683741,-10.5473069468486,18.2608980812757));
#7350=CARTESIAN_POINT('Ctrl Pts',(1.48910079990175,-10.5485467074804,18.2371605371743));
#7351=CARTESIAN_POINT('Ctrl Pts',(0.686242788141103,-10.5489937672362,18.2285485414549));
#7352=CARTESIAN_POINT('',(3.19422706774542,-10.5260112787172,18.7539178739553));
#7353=CARTESIAN_POINT('Ctrl Pts',(3.12973265077413,-10.5453673968562,18.3000000000313));
#7354=CARTESIAN_POINT('Ctrl Pts',(3.15510471860549,-10.5378372856594,18.4518093359058));
#7355=CARTESIAN_POINT('Ctrl Pts',(3.17639939609261,-10.5314212701984,18.6035086978646));
#7356=CARTESIAN_POINT('Ctrl Pts',(3.19422706774542,-10.5260112787172,18.7539178739553));
#7357=CARTESIAN_POINT('',(-4.09391831844483,-10.5260112787097,18.7539178741638));
#7358=CARTESIAN_POINT('Ctrl Pts',(-4.09391831844483,-10.5260112787172,18.7539178739553));
#7359=CARTESIAN_POINT('Ctrl Pts',(-1.66453652312096,-10.5260112787172,18.7539178739553));
#7360=CARTESIAN_POINT('Ctrl Pts',(0.764845272312232,-10.5260112787172,18.7539178739553));
#7361=CARTESIAN_POINT('Ctrl Pts',(3.19422706774542,-10.5260112787172,18.7539178739553));
#7362=CARTESIAN_POINT('',(-9.35378745531083,-12.2954857154462,11.4188934423928));
#7363=CARTESIAN_POINT('Ctrl Pts',(-9.35378745531082,-12.2954857154462,11.4188934423928));
#7364=CARTESIAN_POINT('Ctrl Pts',(-9.06309854803893,-12.1639888710364,11.7662639865922));
#7365=CARTESIAN_POINT('Ctrl Pts',(-8.19875411231802,-11.7300802434787,12.7955471638745));
#7366=CARTESIAN_POINT('Ctrl Pts',(-6.7886625178611,-11.0759956830403,14.3201983635725));
#7367=CARTESIAN_POINT('Ctrl Pts',(-5.18202466650834,-10.6768557034611,16.3193140902218));
#7368=CARTESIAN_POINT('Ctrl Pts',(-4.35931625557391,-10.55652166827,17.9056646794113));
#7369=CARTESIAN_POINT('Ctrl Pts',(-4.09391831844483,-10.5260112787022,18.7539178743724));
#7370=CARTESIAN_POINT('',(-14.5698272244705,-13.4963948244686,3.62934485871844));
#7371=CARTESIAN_POINT('Ctrl Pts',(-14.5698271587542,-13.4963948230442,3.62934498046883));
#7372=CARTESIAN_POINT('Ctrl Pts',(-14.35788123954,-13.491801182955,4.02201067777507));
#7373=CARTESIAN_POINT('Ctrl Pts',(-13.9609540984143,-13.4736277538918,4.82301788297438));
#7374=CARTESIAN_POINT('Ctrl Pts',(-13.1337433087142,-13.3856805206606,6.4204283290192));
#7375=CARTESIAN_POINT('Ctrl Pts',(-11.6273850798665,-13.1390215914093,8.668021636506));
#7376=CARTESIAN_POINT('Ctrl Pts',(-10.19401050785,-12.6755713576749,10.414834698808));
#7377=CARTESIAN_POINT('Ctrl Pts',(-9.35378745531083,-12.2954857154462,11.4188934423928));
#7378=CARTESIAN_POINT('Ctrl Pts',(-14.8738635424338,-13.5,3.));
#7379=CARTESIAN_POINT('Ctrl Pts',(-14.7820399813867,-13.5,3.21413392275056));
#7380=CARTESIAN_POINT('Ctrl Pts',(-14.6805498226754,-13.4987945852136,3.42421256670162));
#7381=CARTESIAN_POINT('Ctrl Pts',(-14.5698272244705,-13.4963948244686,3.62934485871844));
#7382=CARTESIAN_POINT('Origin',(7.36830032968096,-0.605656558064247,16.));
#7383=CARTESIAN_POINT('',(4.64880087914923,-9.96938565740243,16.));
#7384=CARTESIAN_POINT('',(0.,0.,16.));
#7385=CARTESIAN_POINT('Origin',(0.,0.,16.));
#7386=CARTESIAN_POINT('Origin',(4.75445544458444,-10.1959626041616,16.));
#7387=CARTESIAN_POINT('',(3.48660065936192,-7.47703924305183,9.5));
#7388=CARTESIAN_POINT('',(0.,0.,9.5));
#7389=CARTESIAN_POINT('',(3.48660065936192,-7.47703924305183,16.));
#7390=CARTESIAN_POINT('',(3.48660065936192,-7.47703924305183,16.));
#7391=CARTESIAN_POINT('',(0.,0.,16.));
#7392=CARTESIAN_POINT('Origin',(7.36830032968096,-0.605656558064247,9.5));
#7393=CARTESIAN_POINT('',(9.,6.32455532033676,9.5));
#7394=CARTESIAN_POINT('',(9.,-0.302828279032124,9.5));
#7395=CARTESIAN_POINT('',(6.61996525467118,8.78499061052124,9.5));
#7396=CARTESIAN_POINT('Origin',(0.,0.,9.5));
#7397=CARTESIAN_POINT('',(4.96497394100339,6.58874295789093,9.5));
#7398=CARTESIAN_POINT('',(0.,0.,9.5));
#7399=CARTESIAN_POINT('Origin',(0.,0.,9.5));
#7400=CARTESIAN_POINT('Ctrl Pts',(-3.77699519651337,6.62596535759629,-12.4999999999999));
#7401=CARTESIAN_POINT('Ctrl Pts',(-3.78015360315903,6.62701815981192,-12.4999999999999));
#7402=CARTESIAN_POINT('Ctrl Pts',(-3.78331359267843,6.62807148965177,-12.4999910782852));
#7403=CARTESIAN_POINT('Ctrl Pts',(-4.0797761190916,6.72689233179134,-12.4979740004908));
#7404=CARTESIAN_POINT('Ctrl Pts',(-4.47661479535563,6.85917189054373,-12.3831376417063));
#7405=CARTESIAN_POINT('Ctrl Pts',(-4.89669189974504,6.99919759200729,-12.0185160451706));
#7406=CARTESIAN_POINT('Ctrl Pts',(-5.03861450834749,7.04650512820767,-11.8209452057426));
#7407=CARTESIAN_POINT('Ctrl Pts',(-5.09786880240077,7.06625655955876,-11.7108395861725));
#7408=CARTESIAN_POINT('Ctrl Pts',(-3.77699519651337,6.62596535759629,-12.4999999999999));
#7409=CARTESIAN_POINT('Ctrl Pts',(-3.7794536741521,6.62771647288068,-12.4999520266023));
#7410=CARTESIAN_POINT('Ctrl Pts',(-3.78190823778202,6.62947797238993,-12.500048776846));
#7411=CARTESIAN_POINT('Ctrl Pts',(-4.01239773677564,6.79438864574663,-12.496021204094));
#7412=CARTESIAN_POINT('Ctrl Pts',(-4.32203255502352,7.01404275789711,-12.4459273048804));
#7413=CARTESIAN_POINT('Ctrl Pts',(-4.75203460396554,7.303035361276,-12.1765192604542));
#7414=CARTESIAN_POINT('Ctrl Pts',(-4.926673904853,7.41822132061814,-11.9943917593296));
#7415=CARTESIAN_POINT('Ctrl Pts',(-5.00693199080339,7.4711856988777,-11.8798172804077));
#7416=CARTESIAN_POINT('Ctrl Pts',(-3.77699519651337,6.62596535759629,-12.4999999999999));
#7417=CARTESIAN_POINT('Ctrl Pts',(-3.77874631179682,6.6284238352357,-12.4999520266023));
#7418=CARTESIAN_POINT('Ctrl Pts',(-3.78050781130607,6.63087839886581,-12.500048776846));
#7419=CARTESIAN_POINT('Ctrl Pts',(-3.94541848466092,6.86136789786516,-12.4960212040939));
#7420=CARTESIAN_POINT('Ctrl Pts',(-4.16507259681404,7.17100271610633,-12.4459273048804));
#7421=CARTESIAN_POINT('Ctrl Pts',(-4.45406520019253,7.60100476504971,-12.1765192604542));
#7422=CARTESIAN_POINT('Ctrl Pts',(-4.56925115953521,7.77564406593594,-11.9943917593296));
#7423=CARTESIAN_POINT('Ctrl Pts',(-4.62221553779477,7.85590215188632,-11.8798172804077));
#7424=CARTESIAN_POINT('Ctrl Pts',(-3.77699519651337,6.62596535759629,-12.4999999999999));
#7425=CARTESIAN_POINT('Ctrl Pts',(-3.77804799872778,6.62912376424236,-12.4999999999999));
#7426=CARTESIAN_POINT('Ctrl Pts',(-3.77910132856785,6.63228375376217,-12.4999910782853));
#7427=CARTESIAN_POINT('Ctrl Pts',(-3.87792217070568,6.92874628018117,-12.4979740004907));
#7428=CARTESIAN_POINT('Ctrl Pts',(-4.01020172946064,7.32558495643843,-12.3831376417063));
#7429=CARTESIAN_POINT('Ctrl Pts',(-4.15022743092383,7.74566206082921,-12.0185160451706));
#7430=CARTESIAN_POINT('Ctrl Pts',(-4.19753496712474,7.88758466943043,-11.8209452057426));
#7431=CARTESIAN_POINT('Ctrl Pts',(-4.21728639847583,7.9468389634837,-11.7108395861725));
#7432=CARTESIAN_POINT('',(-5.09786880240077,7.06625655955876,-11.7108395861725));
#7433=CARTESIAN_POINT('',(-4.21728639847583,7.9468389634837,-11.7108395861725));
#7434=CARTESIAN_POINT('Origin',(-4.21728639847583,7.06625655955876,-11.2369465287241));
#7435=CARTESIAN_POINT('Ctrl Pts',(-4.21728639847583,7.9468389634837,-11.7108395861725));
#7436=CARTESIAN_POINT('Ctrl Pts',(-4.19753496712474,7.88758466943043,-11.8209452057426));
#7437=CARTESIAN_POINT('Ctrl Pts',(-4.15022743092383,7.74566206082921,-12.0185160451706));
#7438=CARTESIAN_POINT('Ctrl Pts',(-4.01020172946064,7.32558495643843,-12.3831376417063));
#7439=CARTESIAN_POINT('Ctrl Pts',(-3.87792217070568,6.92874628018117,-12.4979740004907));
#7440=CARTESIAN_POINT('Ctrl Pts',(-3.77910132856785,6.63228375376217,-12.4999910782853));
#7441=CARTESIAN_POINT('Ctrl Pts',(-3.77804799872778,6.62912376424236,-12.4999999999999));
#7442=CARTESIAN_POINT('Ctrl Pts',(-3.77699519651337,6.62596535759629,-12.4999999999999));
#7443=CARTESIAN_POINT('Ctrl Pts',(-3.77699519651337,6.62596535759629,-12.4999999999999));
#7444=CARTESIAN_POINT('Ctrl Pts',(-3.78015360315903,6.62701815981192,-12.4999999999999));
#7445=CARTESIAN_POINT('Ctrl Pts',(-3.78331359267843,6.62807148965177,-12.4999910782852));
#7446=CARTESIAN_POINT('Ctrl Pts',(-4.0797761190916,6.72689233179134,-12.4979740004908));
#7447=CARTESIAN_POINT('Ctrl Pts',(-4.47661479535563,6.85917189054373,-12.3831376417063));
#7448=CARTESIAN_POINT('Ctrl Pts',(-4.89669189974504,6.99919759200729,-12.0185160451706));
#7449=CARTESIAN_POINT('Ctrl Pts',(-5.03861450834749,7.04650512820767,-11.8209452057426));
#7450=CARTESIAN_POINT('Ctrl Pts',(-5.09786880240077,7.06625655955876,-11.7108395861725));
#7451=CARTESIAN_POINT('Ctrl Pts',(-5.09786880240077,7.06625655955876,-11.7108395861725));
#7452=CARTESIAN_POINT('Ctrl Pts',(-5.11764555820371,7.09241873178089,-11.6740906553894));
#7453=CARTESIAN_POINT('Ctrl Pts',(-5.13964824465057,7.1097989986468,-11.6350458955195));
#7454=CARTESIAN_POINT('Ctrl Pts',(-5.16303308072979,7.11873254922566,-11.595705649293));
#7455=CARTESIAN_POINT('Ctrl Pts',(-5.04590491005941,7.29764463916958,-11.8073982685926));
#7456=CARTESIAN_POINT('Ctrl Pts',(-5.07449047717952,7.34259760184884,-11.7515997833941));
#7457=CARTESIAN_POINT('Ctrl Pts',(-5.106241558004,7.37580091892892,-11.6917660707905));
#7458=CARTESIAN_POINT('Ctrl Pts',(-5.14191118654548,7.39837787701555,-11.6312389545155));
#7459=CARTESIAN_POINT('Ctrl Pts',(-4.79622585299077,7.7002878117593,-11.8897172339286));
#7460=CARTESIAN_POINT('Ctrl Pts',(-4.83051799202376,7.77730195479857,-11.7926550214274));
#7461=CARTESIAN_POINT('Ctrl Pts',(-4.87002536434942,7.83854141576701,-11.6880274334012));
#7462=CARTESIAN_POINT('Ctrl Pts',(-4.91387350011859,7.88365258246332,-11.5791369626049));
#7463=CARTESIAN_POINT('Ctrl Pts',(-4.39082745818395,7.90786604422768,-11.7832585979876));
#7464=CARTESIAN_POINT('Ctrl Pts',(-4.41940456702768,7.99029653953122,-11.6493453784772));
#7465=CARTESIAN_POINT('Ctrl Pts',(-4.45163267472876,8.0493909858158,-11.5061581830568));
#7466=CARTESIAN_POINT('Ctrl Pts',(-4.48636680921165,8.0861046850285,-11.3598304890023));
#7467=CARTESIAN_POINT('Ctrl Pts',(-4.21728639847583,7.9468389634837,-11.7108395861725));
#7468=CARTESIAN_POINT('Ctrl Pts',(-4.24344857069796,8.02532548015008,-11.5649968808712));
#7469=CARTESIAN_POINT('Ctrl Pts',(-4.27255264068313,8.0774662807478,-11.4100645307933));
#7470=CARTESIAN_POINT('Ctrl Pts',(-4.30343325661323,8.10426693248439,-11.2542134018563));
#7471=CARTESIAN_POINT('',(-5.16303308072979,7.11873254922566,-11.595705649293));
#7472=CARTESIAN_POINT('',(-4.30343325661323,8.10426693248439,-11.2542134018563));
#7473=CARTESIAN_POINT('Origin',(-4.30343325661323,7.11873254922566,-11.0847378006187));
#7474=CARTESIAN_POINT('Ctrl Pts',(-4.30343325661323,8.10426693248439,-11.2542134018563));
#7475=CARTESIAN_POINT('Ctrl Pts',(-4.27255264068313,8.0774662807478,-11.4100645307933));
#7476=CARTESIAN_POINT('Ctrl Pts',(-4.24344857069796,8.02532548015008,-11.5649968808712));
#7477=CARTESIAN_POINT('Ctrl Pts',(-4.21728639847583,7.9468389634837,-11.7108395861725));
#7478=CARTESIAN_POINT('Ctrl Pts',(-5.09786880240077,7.06625655955876,-11.7108395861725));
#7479=CARTESIAN_POINT('Ctrl Pts',(-5.11764555820371,7.09241873178089,-11.6740906553894));
#7480=CARTESIAN_POINT('Ctrl Pts',(-5.13964824465057,7.1097989986468,-11.6350458955195));
#7481=CARTESIAN_POINT('Ctrl Pts',(-5.16303308072979,7.11873254922566,-11.595705649293));
#7482=CARTESIAN_POINT('Ctrl Pts',(-10.7004849344682,9.65121510986923,-7.46799350232393));
#7483=CARTESIAN_POINT('Ctrl Pts',(-10.3565223469612,9.57915704912823,-7.60293650503276));
#7484=CARTESIAN_POINT('Ctrl Pts',(-9.68862744755898,9.41533247112404,-7.90716781051075));
#7485=CARTESIAN_POINT('Ctrl Pts',(-8.69399728442215,9.17451398265554,-8.35785424398567));
#7486=CARTESIAN_POINT('Ctrl Pts',(-7.38896090740596,8.85752859057439,-8.98047684931743));
#7487=CARTESIAN_POINT('Ctrl Pts',(-5.78255137542955,8.48316562469125,-9.79980688522917));
#7488=CARTESIAN_POINT('Ctrl Pts',(-4.68299154017746,8.2005068017881,-10.6945593894408));
#7489=CARTESIAN_POINT('Ctrl Pts',(-4.30343325661323,8.10426693248439,-11.2542134018563));
#7490=CARTESIAN_POINT('Ctrl Pts',(-10.7856813491843,9.55949742169009,-7.63975305451187));
#7491=CARTESIAN_POINT('Ctrl Pts',(-10.4495082346679,9.4882096045562,-7.77225527004825));
#7492=CARTESIAN_POINT('Ctrl Pts',(-9.78717244096233,9.32509063238659,-8.07435503079432));
#7493=CARTESIAN_POINT('Ctrl Pts',(-8.79549272361962,9.08544501915196,-8.52732277735721));
#7494=CARTESIAN_POINT('Ctrl Pts',(-7.50296334248067,8.77357443623963,-9.15388734087518));
#7495=CARTESIAN_POINT('Ctrl Pts',(-5.91696532237776,8.40906673602789,-9.98688433720003));
#7496=CARTESIAN_POINT('Ctrl Pts',(-4.89092008549332,8.15843647649436,-10.8688532701619));
#7497=CARTESIAN_POINT('Ctrl Pts',(-4.54734466007779,8.0800506025432,-11.3950361847176));
#7498=CARTESIAN_POINT('Ctrl Pts',(-10.9343729434313,9.29111127125221,-7.88168356310963));
#7499=CARTESIAN_POINT('Ctrl Pts',(-10.61175614952,9.22043441000419,-8.00916452897369));
#7500=CARTESIAN_POINT('Ctrl Pts',(-9.95929423498131,9.05809007753049,-8.30706170292694));
#7501=CARTESIAN_POINT('Ctrl Pts',(-8.97274601405855,8.81747993172452,-8.76374367886543));
#7502=CARTESIAN_POINT('Ctrl Pts',(-7.70226190941758,8.50436380398737,-9.39689788848251));
#7503=CARTESIAN_POINT('Ctrl Pts',(-6.15189372462436,8.13556175340334,-10.2537603199309));
#7504=CARTESIAN_POINT('Ctrl Pts',(-5.25324784852844,7.8913754938486,-11.1194756792797));
#7505=CARTESIAN_POINT('Ctrl Pts',(-4.97058660126748,7.81858276497218,-11.6016590514159));
#7506=CARTESIAN_POINT('Ctrl Pts',(-11.032481887428,8.92563769748023,-7.94071565142641));
#7507=CARTESIAN_POINT('Ctrl Pts',(-10.7184626261297,8.8548093924219,-8.06303401331534));
#7508=CARTESIAN_POINT('Ctrl Pts',(-10.0714971624974,8.69191837135814,-8.35644026522929));
#7509=CARTESIAN_POINT('Ctrl Pts',(-9.08764879989519,8.44744040585055,-8.81359739689454));
#7510=CARTESIAN_POINT('Ctrl Pts',(-7.82500149874169,8.12088641620277,-9.44468194550926));
#7511=CARTESIAN_POINT('Ctrl Pts',(-6.29019630022364,7.72542253963207,-10.3049176878724));
#7512=CARTESIAN_POINT('Ctrl Pts',(-5.42459806379269,7.42723082677364,-11.1444865295951));
#7513=CARTESIAN_POINT('Ctrl Pts',(-5.14719166009156,7.32846654506808,-11.6223556282099));
#7514=CARTESIAN_POINT('Ctrl Pts',(-11.0605610809169,8.76910238820846,-7.92987804887168));
#7515=CARTESIAN_POINT('Ctrl Pts',(-10.7488537173992,8.69821124200575,-8.05018636615016));
#7516=CARTESIAN_POINT('Ctrl Pts',(-10.1032059153852,8.5350759623711,-8.34187718459601));
#7517=CARTESIAN_POINT('Ctrl Pts',(-9.11984099182783,8.28894623340468,-8.79854216801144));
#7518=CARTESIAN_POINT('Ctrl Pts',(-7.85723211005991,7.95663403614403,-9.4272013073516));
#7519=CARTESIAN_POINT('Ctrl Pts',(-6.32390430884766,7.5497786676945,-10.284416848979));
#7520=CARTESIAN_POINT('Ctrl Pts',(-5.45045960951889,7.22853615973402,-11.1121687805162));
#7521=CARTESIAN_POINT('Ctrl Pts',(-5.16303308072979,7.11873254922566,-11.595705649293));
#7522=CARTESIAN_POINT('',(-11.0605610809169,8.76910238820846,-7.92987804887168));
#7523=CARTESIAN_POINT('Ctrl Pts',(-5.16303308072979,7.11873254922566,-11.595705649293));
#7524=CARTESIAN_POINT('Ctrl Pts',(-5.45045960951889,7.22853615973402,-11.1121687805162));
#7525=CARTESIAN_POINT('Ctrl Pts',(-6.32390430884766,7.5497786676945,-10.284416848979));
#7526=CARTESIAN_POINT('Ctrl Pts',(-7.85723211005991,7.95663403614403,-9.4272013073516));
#7527=CARTESIAN_POINT('Ctrl Pts',(-9.11984099182783,8.28894623340468,-8.79854216801144));
#7528=CARTESIAN_POINT('Ctrl Pts',(-10.1032059153852,8.5350759623711,-8.34187718459601));
#7529=CARTESIAN_POINT('Ctrl Pts',(-10.7488537173992,8.69821124200575,-8.05018636615016));
#7530=CARTESIAN_POINT('Ctrl Pts',(-11.0605610809169,8.76910238820846,-7.92987804887168));
#7531=CARTESIAN_POINT('',(-10.7004849344682,9.65121510986923,-7.46799350232393));
#7532=CARTESIAN_POINT('Origin',(-10.7004849344682,8.76910238820846,-6.99695513203522));
#7533=CARTESIAN_POINT('Ctrl Pts',(-10.7004849344682,9.65121510986923,-7.46799350232393));
#7534=CARTESIAN_POINT('Ctrl Pts',(-10.3565223469612,9.57915704912823,-7.60293650503276));
#7535=CARTESIAN_POINT('Ctrl Pts',(-9.68862744755898,9.41533247112404,-7.90716781051075));
#7536=CARTESIAN_POINT('Ctrl Pts',(-8.69399728442215,9.17451398265554,-8.35785424398567));
#7537=CARTESIAN_POINT('Ctrl Pts',(-7.38896090740596,8.85752859057439,-8.98047684931743));
#7538=CARTESIAN_POINT('Ctrl Pts',(-5.78255137542955,8.48316562469125,-9.79980688522917));
#7539=CARTESIAN_POINT('Ctrl Pts',(-4.68299154017746,8.2005068017881,-10.6945593894408));
#7540=CARTESIAN_POINT('Ctrl Pts',(-4.30343325661323,8.10426693248439,-11.2542134018563));
#7541=CARTESIAN_POINT('Ctrl Pts',(-14.8738635424326,11.,-3.00000000000293));
#7542=CARTESIAN_POINT('Ctrl Pts',(-14.6424152021315,10.9999999999998,-3.60642629077604));
#7543=CARTESIAN_POINT('Ctrl Pts',(-14.2019166253846,10.8882994549351,-4.49139688849361));
#7544=CARTESIAN_POINT('Ctrl Pts',(-12.9322792158068,10.3461015146489,-6.22642303178893));
#7545=CARTESIAN_POINT('Ctrl Pts',(-11.7606884140326,9.87331311977619,-7.05207095258575));
#7546=CARTESIAN_POINT('Ctrl Pts',(-10.7004849344375,9.65121510990173,-7.46799350226306));
#7547=CARTESIAN_POINT('Ctrl Pts',(-15.1480842307715,11.,-3.11967972013977));
#7548=CARTESIAN_POINT('Ctrl Pts',(-14.9019326202139,10.9906125649954,-3.7452270260631));
#7549=CARTESIAN_POINT('Ctrl Pts',(-14.4318739049591,10.856217888912,-4.6479220110701));
#7550=CARTESIAN_POINT('Ctrl Pts',(-13.0934469558404,10.2689781904778,-6.38943916240789));
#7551=CARTESIAN_POINT('Ctrl Pts',(-11.8806135585457,9.78665606946813,-7.21773760836139));
#7552=CARTESIAN_POINT('Ctrl Pts',(-10.7856785502713,9.5594970725926,-7.6397537082666));
#7553=CARTESIAN_POINT('Ctrl Pts',(-15.6228730022853,10.7489011493192,-3.32689452819487));
#7554=CARTESIAN_POINT('Ctrl Pts',(-15.3521490088582,10.734426004217,-3.96573887619882));
#7555=CARTESIAN_POINT('Ctrl Pts',(-14.8315160396055,10.5905560096724,-4.87116396070769));
#7556=CARTESIAN_POINT('Ctrl Pts',(-13.3763869378442,10.0012007185721,-6.60233841375563));
#7557=CARTESIAN_POINT('Ctrl Pts',(-12.089701653909,9.51929982853781,-7.4457482559224));
#7558=CARTESIAN_POINT('Ctrl Pts',(-10.9343639742384,9.29110819368704,-7.88168089576747));
#7559=CARTESIAN_POINT('Ctrl Pts',(-15.7903786814236,10.2243994752564,-3.40000000000299));
#7560=CARTESIAN_POINT('Ctrl Pts',(-15.5217249338765,10.2200879288979,-4.01536680877055));
#7561=CARTESIAN_POINT('Ctrl Pts',(-15.0081457988562,10.1098501290716,-4.88710004002773));
#7562=CARTESIAN_POINT('Ctrl Pts',(-13.5466726127132,9.60501740870587,-6.60411065316065));
#7563=CARTESIAN_POINT('Ctrl Pts',(-12.2246862295494,9.14703228887578,-7.48549245276623));
#7564=CARTESIAN_POINT('Ctrl Pts',(-11.0324711878812,8.9256375493788,-7.94071938365075));
#7565=CARTESIAN_POINT('Ctrl Pts',(-15.7903786814237,10.,-3.40000000000292));
#7566=CARTESIAN_POINT('Ctrl Pts',(-15.5280705624156,9.99999999999985,-4.00102340538021));
#7567=CARTESIAN_POINT('Ctrl Pts',(-15.0288388421026,9.90411878061161,-4.85493794620221));
#7568=CARTESIAN_POINT('Ctrl Pts',(-13.589916444581,9.43526568543279,-6.56640318178325));
#7569=CARTESIAN_POINT('Ctrl Pts',(-12.2621135359037,8.98760372351617,-7.46613714424116));
#7570=CARTESIAN_POINT('Ctrl Pts',(-11.0605495923625,8.76910238824043,-7.9298824829054));
#7571=CARTESIAN_POINT('',(-15.7903786814237,10.,-3.40000000000292));
#7572=CARTESIAN_POINT('Ctrl Pts',(-11.0605607595052,8.76910441896158,-7.92987817292162));
#7573=CARTESIAN_POINT('Ctrl Pts',(-12.2621201174442,8.98760594244882,-7.46613268451318));
#7574=CARTESIAN_POINT('Ctrl Pts',(-13.5899189918417,9.43526651542271,-6.56640015205195));
#7575=CARTESIAN_POINT('Ctrl Pts',(-15.0288388421026,9.90411878061161,-4.85493794620221));
#7576=CARTESIAN_POINT('Ctrl Pts',(-15.5280705624156,9.99999999999985,-4.00102340538021));
#7577=CARTESIAN_POINT('Ctrl Pts',(-15.7903786814237,10.,-3.40000000000292));
#7578=CARTESIAN_POINT('',(-14.8738635424326,11.0000000000006,-3.00000000000172));
#7579=CARTESIAN_POINT('Origin',(-14.8738635424326,10.,-3.00000000000258));
#7580=CARTESIAN_POINT('Ctrl Pts',(-14.8738635424326,11.,-3.00000000000293));
#7581=CARTESIAN_POINT('Ctrl Pts',(-14.6424152021315,10.9999999999998,-3.60642629077604));
#7582=CARTESIAN_POINT('Ctrl Pts',(-14.2019166253846,10.8882994549351,-4.49139688849361));
#7583=CARTESIAN_POINT('Ctrl Pts',(-12.9322792158068,10.3461015146489,-6.22642303178893));
#7584=CARTESIAN_POINT('Ctrl Pts',(-11.7606884140326,9.87331311977619,-7.05207095258575));
#7585=CARTESIAN_POINT('Ctrl Pts',(-10.7004849344375,9.65121510990173,-7.46799350226306));
#7586=CARTESIAN_POINT('Origin',(-8.,10.,0.));
#7587=CARTESIAN_POINT('',(-15.7903786814249,10.,3.4));
#7588=CARTESIAN_POINT('',(-14.8738635424338,11.,3.));
#7589=CARTESIAN_POINT('Origin',(-14.8738635424338,10.,3.));
#7590=CARTESIAN_POINT('Origin',(-8.,11.,0.));
#7591=CARTESIAN_POINT('Origin',(-8.,10.,0.));
#7592=CARTESIAN_POINT('Ctrl Pts',(-14.5698272245276,10.9962071728629,3.62996793855172));
#7593=CARTESIAN_POINT('Ctrl Pts',(-14.6805493923071,10.9987377717874,3.4245924435878));
#7594=CARTESIAN_POINT('Ctrl Pts',(-14.782039811015,11.,3.21430822995545));
#7595=CARTESIAN_POINT('Ctrl Pts',(-14.8738635424338,11.,3.));
#7596=CARTESIAN_POINT('Ctrl Pts',(-14.830931916241,10.9944358583343,3.77372228639922));
#7597=CARTESIAN_POINT('Ctrl Pts',(-14.9464791947118,10.9977019344954,3.56054796185837));
#7598=CARTESIAN_POINT('Ctrl Pts',(-15.0523022706336,10.9995173010992,3.3423082885168));
#7599=CARTESIAN_POINT('Ctrl Pts',(-15.1480842307727,11.,3.11967972013675));
#7600=CARTESIAN_POINT('Ctrl Pts',(-15.2830856299449,10.7422999165437,4.01959200846531));
#7601=CARTESIAN_POINT('Ctrl Pts',(-15.4068725390763,10.7459492600184,3.79409075102076));
#7602=CARTESIAN_POINT('Ctrl Pts',(-15.5203283601161,10.7481579732002,3.56281041909967));
#7603=CARTESIAN_POINT('Ctrl Pts',(-15.6228742462606,10.7489022805245,3.32689507110652));
#7604=CARTESIAN_POINT('Ctrl Pts',(-15.4446403764176,10.2198205252842,4.10211353905743));
#7605=CARTESIAN_POINT('Ctrl Pts',(-15.5705910580514,10.2226472208468,3.87354626686301));
#7606=CARTESIAN_POINT('Ctrl Pts',(-15.6859768347284,10.2241777769238,3.63920459105796));
#7607=CARTESIAN_POINT('Ctrl Pts',(-15.7903786814249,10.2243994752564,3.4));
#7608=CARTESIAN_POINT('Ctrl Pts',(-15.445804187798,9.99628307778635,4.09999999963054));
#7609=CARTESIAN_POINT('Ctrl Pts',(-15.5712893112814,9.99876071109079,3.87211276596627));
#7610=CARTESIAN_POINT('Ctrl Pts',(-15.686311785817,10.,3.63844721323129));
#7611=CARTESIAN_POINT('Ctrl Pts',(-15.7903786814249,10.,3.4));
#7612=CARTESIAN_POINT('',(-15.4458041877611,9.99628307778635,4.09999999969748));
#7613=CARTESIAN_POINT('Ctrl Pts',(-15.7903786814249,10.,3.4));
#7614=CARTESIAN_POINT('Ctrl Pts',(-15.686311785817,10.,3.63844721323129));
#7615=CARTESIAN_POINT('Ctrl Pts',(-15.5712893112814,9.99876071109079,3.87211276596627));
#7616=CARTESIAN_POINT('Ctrl Pts',(-15.445804187798,9.99628307778635,4.09999999963054));
#7617=CARTESIAN_POINT('',(-14.5698272245276,10.9962071728629,3.62996793855172));
#7618=CARTESIAN_POINT('Origin',(-14.5698272245276,9.99628307778635,3.61764705849754));
#7619=CARTESIAN_POINT('Ctrl Pts',(-14.5698272245276,10.9962071728629,3.62996793855172));
#7620=CARTESIAN_POINT('Ctrl Pts',(-14.6805493923071,10.9987377717874,3.4245924435878));
#7621=CARTESIAN_POINT('Ctrl Pts',(-14.782039811015,11.,3.21430822995545));
#7622=CARTESIAN_POINT('Ctrl Pts',(-14.8738635424338,11.,3.));
#7623=CARTESIAN_POINT('Ctrl Pts',(-15.4458041877434,9.99628307631481,4.09999999972969));
#7624=CARTESIAN_POINT('Ctrl Pts',(-15.2431474866375,9.99152009543204,4.46803478031236));
#7625=CARTESIAN_POINT('Ctrl Pts',(-14.8536807815748,9.97278463995315,5.237287479997));
#7626=CARTESIAN_POINT('Ctrl Pts',(-13.97981211191,9.88073838898501,6.87465183082416));
#7627=CARTESIAN_POINT('Ctrl Pts',(-12.6493791608865,9.65852164554493,8.77768877699474));
#7628=CARTESIAN_POINT('Ctrl Pts',(-11.2234732316747,9.19419249566388,10.4563308392369));
#7629=CARTESIAN_POINT('Ctrl Pts',(-10.3818215393729,8.79619635679283,11.4119361243854));
#7630=CARTESIAN_POINT('Ctrl Pts',(-10.1028524279352,8.66232882955188,11.7273581332577));
#7631=CARTESIAN_POINT('Ctrl Pts',(-15.444252439182,10.2943330063476,4.10281805330599));
#7632=CARTESIAN_POINT('Ctrl Pts',(-15.2406025488758,10.2888152108568,4.47273756604478));
#7633=CARTESIAN_POINT('Ctrl Pts',(-14.8492776274767,10.2686820340526,5.24663768406834));
#7634=CARTESIAN_POINT('Ctrl Pts',(-13.9682713911437,10.1704113234368,6.89464773432978));
#7635=CARTESIAN_POINT('Ctrl Pts',(-12.6245790299309,9.93495114960602,8.8105543460587));
#7636=CARTESIAN_POINT('Ctrl Pts',(-11.1792518559774,9.44266140951503,10.507255953613));
#7637=CARTESIAN_POINT('Ctrl Pts',(-10.3322063061885,9.0345492853926,11.4681224317036));
#7638=CARTESIAN_POINT('Ctrl Pts',(-10.0527571966793,8.8998555956267,11.783999309036));
#7639=CARTESIAN_POINT('Ctrl Pts',(-15.2233629375928,10.8104544115131,3.98754579402269));
#7640=CARTESIAN_POINT('Ctrl Pts',(-15.0165573120916,10.8037303811032,4.36614593992764));
#7641=CARTESIAN_POINT('Ctrl Pts',(-14.6215862110907,10.7810590589696,5.15346021351533));
#7642=CARTESIAN_POINT('Ctrl Pts',(-13.7472831836467,10.6724913737529,6.80422116258351));
#7643=CARTESIAN_POINT('Ctrl Pts',(-12.413422235802,10.4147541744116,8.73139790687372));
#7644=CARTESIAN_POINT('Ctrl Pts',(-10.9653698132372,9.87527467587446,10.4767736547753));
#7645=CARTESIAN_POINT('Ctrl Pts',(-10.1170075203282,9.44948755513026,11.4521410294156));
#7646=CARTESIAN_POINT('Ctrl Pts',(-9.83744289720653,9.3133955618333,11.7693197590251));
#7647=CARTESIAN_POINT('Ctrl Pts',(-14.7656556922701,10.9948786855167,3.73778379475355));
#7648=CARTESIAN_POINT('Ctrl Pts',(-14.5546170230331,10.9891692215073,4.12819621924817));
#7649=CARTESIAN_POINT('Ctrl Pts',(-14.1574038893593,10.9686844889639,4.92888945234028));
#7650=CARTESIAN_POINT('Ctrl Pts',(-13.3128259993154,10.8668367961465,6.55288615910814));
#7651=CARTESIAN_POINT('Ctrl Pts',(-12.0300489698349,10.6241672784289,8.46082626783801));
#7652=CARTESIAN_POINT('Ctrl Pts',(-10.6168535553505,10.0977495315242,10.2534228575738));
#7653=CARTESIAN_POINT('Ctrl Pts',(-9.77765850717794,9.67252128048834,11.2459429903328));
#7654=CARTESIAN_POINT('Ctrl Pts',(-9.49878079091117,9.5365005343508,11.5646141990205));
#7655=CARTESIAN_POINT('Ctrl Pts',(-14.5698271587664,10.9962071713599,3.62996806053031));
#7656=CARTESIAN_POINT('Ctrl Pts',(-14.3569759316801,10.9913423698236,4.02478005808763));
#7657=CARTESIAN_POINT('Ctrl Pts',(-13.9588131048958,10.9725159671843,4.82975722008522));
#7658=CARTESIAN_POINT('Ctrl Pts',(-13.1269264974354,10.8767016789795,6.43861978305807));
#7659=CARTESIAN_POINT('Ctrl Pts',(-11.865978161858,10.6473073483344,8.33233888778414));
#7660=CARTESIAN_POINT('Ctrl Pts',(-10.4676417012476,10.1392945737207,10.1382453501509));
#7661=CARTESIAN_POINT('Ctrl Pts',(-9.63237304081815,9.71831303891247,11.1368119888666));
#7662=CARTESIAN_POINT('Ctrl Pts',(-9.35378745531217,9.58266240794724,11.4559959739044));
#7663=CARTESIAN_POINT('',(-10.1028524279346,8.66232882955188,11.7273581332584));
#7664=CARTESIAN_POINT('',(-9.35378745531216,9.58266240794723,11.4559959739044));
#7665=CARTESIAN_POINT('Origin',(-9.35378745531217,8.66232882955189,11.0648615922937));
#7666=CARTESIAN_POINT('Ctrl Pts',(-9.35378745531217,9.58266240794724,11.4559959739044));
#7667=CARTESIAN_POINT('Ctrl Pts',(-9.63237304081815,9.71831303891247,11.1368119888666));
#7668=CARTESIAN_POINT('Ctrl Pts',(-10.4676417012476,10.1392945737207,10.1382453501509));
#7669=CARTESIAN_POINT('Ctrl Pts',(-11.865978161858,10.6473073483344,8.33233888778414));
#7670=CARTESIAN_POINT('Ctrl Pts',(-13.1269264974354,10.8767016789795,6.43861978305807));
#7671=CARTESIAN_POINT('Ctrl Pts',(-13.9588131048958,10.9725159671843,4.82975722008522));
#7672=CARTESIAN_POINT('Ctrl Pts',(-14.3569759316801,10.9913423698236,4.02478005808763));
#7673=CARTESIAN_POINT('Ctrl Pts',(-14.5698271587664,10.9962071713599,3.62996806053031));
#7674=CARTESIAN_POINT('Ctrl Pts',(-15.4458041877434,9.99628307631481,4.09999999972969));
#7675=CARTESIAN_POINT('Ctrl Pts',(-15.2431474866375,9.99152009543204,4.46803478031236));
#7676=CARTESIAN_POINT('Ctrl Pts',(-14.8536807815748,9.97278463995315,5.237287479997));
#7677=CARTESIAN_POINT('Ctrl Pts',(-13.97981211191,9.88073838898501,6.87465183082416));
#7678=CARTESIAN_POINT('Ctrl Pts',(-12.6493791608865,9.65852164554493,8.77768877699474));
#7679=CARTESIAN_POINT('Ctrl Pts',(-11.2234732316747,9.19419249566388,10.4563308392369));
#7680=CARTESIAN_POINT('Ctrl Pts',(-10.3818215393729,8.79619635679283,11.4119361243854));
#7681=CARTESIAN_POINT('Ctrl Pts',(-10.1028524279352,8.66232882955188,11.7273581332577));
#7682=CARTESIAN_POINT('Ctrl Pts',(-10.1028524279346,8.66232882955157,11.7273581332584));
#7683=CARTESIAN_POINT('Ctrl Pts',(-9.67230467561029,8.45572400987903,12.2141655660013));
#7684=CARTESIAN_POINT('Ctrl Pts',(-8.81671186252846,8.03639093730725,13.1782223987035));
#7685=CARTESIAN_POINT('Ctrl Pts',(-7.42974021027727,7.50996872606428,14.8357917885185));
#7686=CARTESIAN_POINT('Ctrl Pts',(-6.01961971216552,7.16621535357317,16.7613057682149));
#7687=CARTESIAN_POINT('Ctrl Pts',(-5.28328010848384,7.05445447127295,18.2448868199216));
#7688=CARTESIAN_POINT('Ctrl Pts',(-5.0509031177387,7.02518176390036,19.0081127823821));
#7689=CARTESIAN_POINT('Ctrl Pts',(-10.0527571966786,8.89985559562638,11.7839993090367));
#7690=CARTESIAN_POINT('Ctrl Pts',(-9.62146863799864,8.69197571572819,12.2715087642799));
#7691=CARTESIAN_POINT('Ctrl Pts',(-8.77023218617424,8.28110048947708,13.2315150457852));
#7692=CARTESIAN_POINT('Ctrl Pts',(-7.39946488612771,7.77915275730841,14.8750840480676));
#7693=CARTESIAN_POINT('Ctrl Pts',(-6.00526078640798,7.45388830038855,16.7856860895063));
#7694=CARTESIAN_POINT('Ctrl Pts',(-5.27760114954309,7.34951590438122,18.2596477946539));
#7695=CARTESIAN_POINT('Ctrl Pts',(-5.04811153508822,7.32235720757298,19.0172815402198));
#7696=CARTESIAN_POINT('Ctrl Pts',(-9.83744261535934,9.31339514133168,11.7693193310423));
#7697=CARTESIAN_POINT('Ctrl Pts',(-9.40597577842496,9.10335718579833,12.2588380036102));
#7698=CARTESIAN_POINT('Ctrl Pts',(-8.55580278544705,8.70731821492528,13.2068781441114));
#7699=CARTESIAN_POINT('Ctrl Pts',(-7.18498735323343,8.24672038171158,14.8141847294296));
#7700=CARTESIAN_POINT('Ctrl Pts',(-5.78541844407935,7.9527369209702,16.6987666513196));
#7701=CARTESIAN_POINT('Ctrl Pts',(-5.04238453863966,7.86077904382866,18.1869844061077));
#7702=CARTESIAN_POINT('Ctrl Pts',(-4.80622830590117,7.8370169616205,18.9609868898229));
#7703=CARTESIAN_POINT('Ctrl Pts',(-9.49878079091053,9.53650053435047,11.5646141990213));
#7704=CARTESIAN_POINT('Ctrl Pts',(-9.06837409357695,9.32657253831832,12.0564362933164));
#7705=CARTESIAN_POINT('Ctrl Pts',(-8.21057296008198,8.93011896279106,12.98956070943));
#7706=CARTESIAN_POINT('Ctrl Pts',(-6.80627160312712,8.46002634693387,14.5630075832834));
#7707=CARTESIAN_POINT('Ctrl Pts',(-5.35912753614152,8.14968199411344,16.4421622434767));
#7708=CARTESIAN_POINT('Ctrl Pts',(-4.56352587815455,8.04875298848633,17.9918221783189));
#7709=CARTESIAN_POINT('Ctrl Pts',(-4.30760000826917,8.02242662532253,18.8154218442749));
#7710=CARTESIAN_POINT('Ctrl Pts',(-9.35378745531153,9.58266240794691,11.4559959739052));
#7711=CARTESIAN_POINT('Ctrl Pts',(-8.92383161879833,9.37330563019307,11.9486094630033));
#7712=CARTESIAN_POINT('Ctrl Pts',(-8.06275897087771,8.97334542887367,12.8763717536931));
#7713=CARTESIAN_POINT('Ctrl Pts',(-6.64417743673132,8.48818193662432,14.4406042972174));
#7714=CARTESIAN_POINT('Ctrl Pts',(-5.17670254542747,8.16171027168873,16.3242423017315));
#7715=CARTESIAN_POINT('Ctrl Pts',(-4.3586261832213,8.05315127248522,17.9040652130793));
#7716=CARTESIAN_POINT('Ctrl Pts',(-4.09426095438289,8.02461396168287,18.7505409203021));
#7717=CARTESIAN_POINT('',(-5.0509031177387,7.02518176390036,19.0081127823821));
#7718=CARTESIAN_POINT('',(-4.09426095369859,8.02461396169006,18.7505409200886));
#7719=CARTESIAN_POINT('Origin',(-4.09426095438289,7.02518176390036,18.7168469737297));
#7720=CARTESIAN_POINT('Ctrl Pts',(-4.09426095438289,8.02461396168287,18.7505409203021));
#7721=CARTESIAN_POINT('Ctrl Pts',(-4.3586261832213,8.05315127248522,17.9040652130793));
#7722=CARTESIAN_POINT('Ctrl Pts',(-5.17670254542747,8.16171027168873,16.3242423017315));
#7723=CARTESIAN_POINT('Ctrl Pts',(-6.64417743673132,8.48818193662432,14.4406042972174));
#7724=CARTESIAN_POINT('Ctrl Pts',(-8.06275897087771,8.97334542887367,12.8763717536931));
#7725=CARTESIAN_POINT('Ctrl Pts',(-8.92383161879833,9.37330563019307,11.9486094630033));
#7726=CARTESIAN_POINT('Ctrl Pts',(-9.35378745531153,9.58266240794691,11.4559959739052));
#7727=CARTESIAN_POINT('Ctrl Pts',(-10.1028524279346,8.66232882955157,11.7273581332584));
#7728=CARTESIAN_POINT('Ctrl Pts',(-9.67230467561029,8.45572400987903,12.2141655660013));
#7729=CARTESIAN_POINT('Ctrl Pts',(-8.81671186252846,8.03639093730725,13.1782223987035));
#7730=CARTESIAN_POINT('Ctrl Pts',(-7.42974021027727,7.50996872606428,14.8357917885185));
#7731=CARTESIAN_POINT('Ctrl Pts',(-6.01961971216552,7.16621535357317,16.7613057682149));
#7732=CARTESIAN_POINT('Ctrl Pts',(-5.28328010848384,7.05445447127295,18.2448868199216));
#7733=CARTESIAN_POINT('Ctrl Pts',(-5.0509031177387,7.02518176390036,19.0081127823821));
#7734=CARTESIAN_POINT('Ctrl Pts',(-5.0509031177773,7.02518176390522,19.0081127822553));
#7735=CARTESIAN_POINT('Ctrl Pts',(-5.03995590129872,7.0238027346426,19.0440681486011));
#7736=CARTESIAN_POINT('Ctrl Pts',(-5.02934587303829,7.01737769330271,19.079936298633));
#7737=CARTESIAN_POINT('Ctrl Pts',(-5.0193468330006,7.00597795691659,19.1146943887511));
#7738=CARTESIAN_POINT('Ctrl Pts',(-5.04811153507741,7.32235720753907,19.0172815402547));
#7739=CARTESIAN_POINT('Ctrl Pts',(-5.03027351472532,7.31562385675715,19.0754135567114));
#7740=CARTESIAN_POINT('Ctrl Pts',(-5.01394065599673,7.30166334619851,19.1326017337245));
#7741=CARTESIAN_POINT('Ctrl Pts',(-4.99837887554496,7.28031365681899,19.1875820011709));
#7742=CARTESIAN_POINT('Ctrl Pts',(-4.80622754820749,7.83701601130131,18.9609866274352));
#7743=CARTESIAN_POINT('Ctrl Pts',(-4.78429436180359,7.82164643293934,19.0609978668533));
#7744=CARTESIAN_POINT('Ctrl Pts',(-4.76365415963264,7.79431440053539,19.1585464039418));
#7745=CARTESIAN_POINT('Ctrl Pts',(-4.74488098443409,7.75621555657217,19.251562115711));
#7746=CARTESIAN_POINT('Ctrl Pts',(-4.30760000828837,8.02242662526853,18.8154218447231));
#7747=CARTESIAN_POINT('Ctrl Pts',(-4.29232422269896,8.01300315238476,18.9357810695353));
#7748=CARTESIAN_POINT('Ctrl Pts',(-4.27766824469024,7.989192769313,19.0546534675884));
#7749=CARTESIAN_POINT('Ctrl Pts',(-4.26407402414232,7.95127657260994,19.169360098066));
#7750=CARTESIAN_POINT('Ctrl Pts',(-4.09426095442681,8.02461396166756,18.7505409207562));
#7751=CARTESIAN_POINT('Ctrl Pts',(-4.08180678080051,8.02047687387969,18.8732555056403));
#7752=CARTESIAN_POINT('Ctrl Pts',(-4.06972198560164,8.00120174986002,18.9958130572018));
#7753=CARTESIAN_POINT('Ctrl Pts',(-4.05832224921552,7.96700254070167,19.1146943887511));
#7754=CARTESIAN_POINT('',(-5.0193468330006,7.0059779569166,19.1146943887511));
#7755=CARTESIAN_POINT('',(-4.05832224921552,7.96700254070167,19.1146943887511));
#7756=CARTESIAN_POINT('Origin',(-4.05832224921552,7.00597795691659,18.8382314629171));
#7757=CARTESIAN_POINT('Ctrl Pts',(-4.05832224921552,7.96700254070167,19.1146943887511));
#7758=CARTESIAN_POINT('Ctrl Pts',(-4.06972198560164,8.00120174986002,18.9958130572018));
#7759=CARTESIAN_POINT('Ctrl Pts',(-4.08180678080051,8.02047687387969,18.8732555056403));
#7760=CARTESIAN_POINT('Ctrl Pts',(-4.09426095442681,8.02461396166756,18.7505409207562));
#7761=CARTESIAN_POINT('Ctrl Pts',(-5.0509031177773,7.02518176390522,19.0081127822553));
#7762=CARTESIAN_POINT('Ctrl Pts',(-5.03995590129872,7.0238027346426,19.0440681486011));
#7763=CARTESIAN_POINT('Ctrl Pts',(-5.02934587303829,7.01737769330271,19.079936298633));
#7764=CARTESIAN_POINT('Ctrl Pts',(-5.0193468330006,7.00597795691659,19.1146943887511));
#7765=CARTESIAN_POINT('Ctrl Pts',(-5.0193468330006,7.00597795691659,19.1146943887511));
#7766=CARTESIAN_POINT('Ctrl Pts',(-4.93345848665086,6.97734850813334,19.4132545376526));
#7767=CARTESIAN_POINT('Ctrl Pts',(-4.67926739677306,6.89261814484751,19.7723550137659));
#7768=CARTESIAN_POINT('Ctrl Pts',(-4.15990484655795,6.71949729477333,20.1175500030391));
#7769=CARTESIAN_POINT('Ctrl Pts',(-3.81533767546755,6.60464157109007,20.1981901857756));
#7770=CARTESIAN_POINT('Ctrl Pts',(-3.58412368485419,6.5275702408667,20.1999931420405));
#7771=CARTESIAN_POINT('Ctrl Pts',(-3.58096745304956,6.52651816359791,20.2000000000001));
#7772=CARTESIAN_POINT('Ctrl Pts',(-3.57780995732298,6.52546566502406,20.2000000000001));
#7773=CARTESIAN_POINT('Ctrl Pts',(-4.99837887554496,7.28031365681899,19.1875820011709));
#7774=CARTESIAN_POINT('Ctrl Pts',(-4.88396817859597,7.21698660854699,19.5255430832684));
#7775=CARTESIAN_POINT('Ctrl Pts',(-4.58564619996796,7.0566315673444,19.8597404456258));
#7776=CARTESIAN_POINT('Ctrl Pts',(-4.08770480543027,6.79463466773889,20.1394236272212));
#7777=CARTESIAN_POINT('Ctrl Pts',(-3.78517983205463,6.63486463129997,20.1983365528731));
#7778=CARTESIAN_POINT('Ctrl Pts',(-3.58332195620896,6.52837145910435,20.199997759923));
#7779=CARTESIAN_POINT('Ctrl Pts',(-3.5805665012119,6.52691911543621,20.2000000000001));
#7780=CARTESIAN_POINT('Ctrl Pts',(-3.57780995732298,6.52546566502406,20.2000000000001));
#7781=CARTESIAN_POINT('Ctrl Pts',(-4.74488079981957,7.75621533421519,19.2515619986355));
#7782=CARTESIAN_POINT('Ctrl Pts',(-4.63057974976169,7.63522560235035,19.6218113737137));
#7783=CARTESIAN_POINT('Ctrl Pts',(-4.35660281619526,7.34480618660531,19.9295941420911));
#7784=CARTESIAN_POINT('Ctrl Pts',(-3.96110682286949,6.92740212824466,20.1567463666125));
#7785=CARTESIAN_POINT('Ctrl Pts',(-3.73280353284318,6.68799229701906,20.1986399339208));
#7786=CARTESIAN_POINT('Ctrl Pts',(-3.58191520100255,6.52977141912386,20.1999994563701));
#7787=CARTESIAN_POINT('Ctrl Pts',(-3.57986483549599,6.52762078115323,20.2000000000001));
#7788=CARTESIAN_POINT('Ctrl Pts',(-3.57780995732298,6.52546566502406,20.2000000000001));
#7789=CARTESIAN_POINT('Ctrl Pts',(-4.26407402414232,7.95127657260994,19.169360098066));
#7790=CARTESIAN_POINT('Ctrl Pts',(-4.20986086099361,7.84447964786186,19.4972219752595));
#7791=CARTESIAN_POINT('Ctrl Pts',(-4.06849201805767,7.55728207664081,19.8379873550891));
#7792=CARTESIAN_POINT('Ctrl Pts',(-3.82868236316215,7.0539525815124,20.1342737813163));
#7793=CARTESIAN_POINT('Ctrl Pts',(-3.67974190480249,6.74047353371956,20.1983552352923));
#7794=CARTESIAN_POINT('Ctrl Pts',(-3.58051463524772,6.53117719497509,20.1999960999108));
#7795=CARTESIAN_POINT('Ctrl Pts',(-3.57916316978009,6.52832244687024,20.2000000000001));
#7796=CARTESIAN_POINT('Ctrl Pts',(-3.57780995732298,6.52546566502406,20.2000000000001));
#7797=CARTESIAN_POINT('Ctrl Pts',(-4.05832224921552,7.96700254070167,19.1146943887511));
#7798=CARTESIAN_POINT('Ctrl Pts',(-4.02969280043228,7.88111419435192,19.4132545376526));
#7799=CARTESIAN_POINT('Ctrl Pts',(-3.94496243713968,7.6269231044944,19.772355013766));
#7800=CARTESIAN_POINT('Ctrl Pts',(-3.77184158706798,7.10756055427187,20.1175500030392));
#7801=CARTESIAN_POINT('Ctrl Pts',(-3.65698586337119,6.76299338322204,20.1981901857757));
#7802=CARTESIAN_POINT('Ctrl Pts',(-3.57991453316671,6.53177939255198,20.1999931420405));
#7803=CARTESIAN_POINT('Ctrl Pts',(-3.57886245590184,6.52862316074897,20.2000000000001));
#7804=CARTESIAN_POINT('Ctrl Pts',(-3.57780995732298,6.52546566502406,20.2000000000001));
#7805=CARTESIAN_POINT('',(-3.57780995732298,6.52546566502406,20.2000000000001));
#7806=CARTESIAN_POINT('Ctrl Pts',(-5.0193468330006,7.00597795691659,19.1146943887511));
#7807=CARTESIAN_POINT('Ctrl Pts',(-4.93345848665086,6.97734850813334,19.4132545376526));
#7808=CARTESIAN_POINT('Ctrl Pts',(-4.67926739677306,6.89261814484751,19.7723550137659));
#7809=CARTESIAN_POINT('Ctrl Pts',(-4.15990484655795,6.71949729477333,20.1175500030391));
#7810=CARTESIAN_POINT('Ctrl Pts',(-3.81533767546755,6.60464157109007,20.1981901857756));
#7811=CARTESIAN_POINT('Ctrl Pts',(-3.58412368485419,6.5275702408667,20.1999931420405));
#7812=CARTESIAN_POINT('Ctrl Pts',(-3.58096745304956,6.52651816359791,20.2000000000001));
#7813=CARTESIAN_POINT('Ctrl Pts',(-3.57780995732298,6.52546566502406,20.2000000000001));
#7814=CARTESIAN_POINT('Ctrl Pts',(-3.57780995732298,6.52546566502406,20.2000000000001));
#7815=CARTESIAN_POINT('Ctrl Pts',(-3.57886245590184,6.52862316074897,20.2000000000001));
#7816=CARTESIAN_POINT('Ctrl Pts',(-3.57991453316671,6.53177939255198,20.1999931420405));
#7817=CARTESIAN_POINT('Ctrl Pts',(-3.65698586337119,6.76299338322204,20.1981901857757));
#7818=CARTESIAN_POINT('Ctrl Pts',(-3.77184158706798,7.10756055427187,20.1175500030392));
#7819=CARTESIAN_POINT('Ctrl Pts',(-3.94496243713968,7.6269231044944,19.772355013766));
#7820=CARTESIAN_POINT('Ctrl Pts',(-4.02969280043228,7.88111419435192,19.4132545376526));
#7821=CARTESIAN_POINT('Ctrl Pts',(-4.05832224921552,7.96700254070167,19.1146943887511));
#7822=CARTESIAN_POINT('Ctrl Pts',(-5.0193468330006,7.0059779569166,19.1146943887511));
#7823=CARTESIAN_POINT('Ctrl Pts',(-5.0193468330006,6.72065197127774,19.1146943887511));
#7824=CARTESIAN_POINT('Ctrl Pts',(-5.0193468330006,6.43532598563887,19.1146943887511));
#7825=CARTESIAN_POINT('Ctrl Pts',(-5.0193468330006,6.15,19.1146943887511));
#7826=CARTESIAN_POINT('Ctrl Pts',(-4.91739641338677,7.0059779569166,19.4690885965116));
#7827=CARTESIAN_POINT('Ctrl Pts',(-4.91739641338677,6.72065197127774,19.4690885965116));
#7828=CARTESIAN_POINT('Ctrl Pts',(-4.91739641338677,6.43532598563887,19.4690885965116));
#7829=CARTESIAN_POINT('Ctrl Pts',(-4.91739641338677,6.15,19.4690885965116));
#7830=CARTESIAN_POINT('Ctrl Pts',(-4.50035616579549,7.0059779569166,20.017372420857));
#7831=CARTESIAN_POINT('Ctrl Pts',(-4.50035616579549,6.72065197127773,20.017372420857));
#7832=CARTESIAN_POINT('Ctrl Pts',(-4.50035616579549,6.43532598563887,20.017372420857));
#7833=CARTESIAN_POINT('Ctrl Pts',(-4.50035616579549,6.15,20.017372420857));
#7834=CARTESIAN_POINT('Ctrl Pts',(-3.85438525030195,7.0059779569166,20.2000000000001));
#7835=CARTESIAN_POINT('Ctrl Pts',(-3.85438525030195,6.72065197127774,20.2000000000001));
#7836=CARTESIAN_POINT('Ctrl Pts',(-3.85438525030195,6.43532598563887,20.2000000000001));
#7837=CARTESIAN_POINT('Ctrl Pts',(-3.85438525030195,6.15,20.2000000000001));
#7838=CARTESIAN_POINT('Ctrl Pts',(-3.57780995732298,7.0059779569166,20.2000000000001));
#7839=CARTESIAN_POINT('Ctrl Pts',(-3.57780995732298,6.72065197127774,20.2000000000001));
#7840=CARTESIAN_POINT('Ctrl Pts',(-3.57780995732298,6.43532598563887,20.2000000000001));
#7841=CARTESIAN_POINT('Ctrl Pts',(-3.57780995732298,6.15,20.2000000000001));
#7842=CARTESIAN_POINT('',(-5.0193468330006,6.15,19.1146943887511));
#7843=CARTESIAN_POINT('Ctrl Pts',(-5.0193468330006,7.0059779569166,19.1146943887511));
#7844=CARTESIAN_POINT('Ctrl Pts',(-5.0193468330006,6.72065197127774,19.1146943887511));
#7845=CARTESIAN_POINT('Ctrl Pts',(-5.0193468330006,6.43532598563887,19.1146943887511));
#7846=CARTESIAN_POINT('Ctrl Pts',(-5.0193468330006,6.15,19.1146943887511));
#7847=CARTESIAN_POINT('',(-3.57780995732298,6.15,20.2000000000001));
#7848=CARTESIAN_POINT('Origin',(-3.57780995732298,6.15,18.7000000000001));
#7849=CARTESIAN_POINT('Ctrl Pts',(-3.57780995732298,6.15,20.2000000000001));
#7850=CARTESIAN_POINT('Ctrl Pts',(-3.57780995732298,6.27515522167469,20.2000000000001));
#7851=CARTESIAN_POINT('Ctrl Pts',(-3.57780995732298,6.40031044334937,20.2000000000001));
#7852=CARTESIAN_POINT('Ctrl Pts',(-3.57780995732298,6.52546566502406,20.2000000000001));
#7853=CARTESIAN_POINT('Ctrl Pts',(-4.54406392403368,6.09253309381496,22.375257366261));
#7854=CARTESIAN_POINT('Ctrl Pts',(-4.54406392403368,12.2750440720189,22.375257366261));
#7855=CARTESIAN_POINT('Ctrl Pts',(-4.62937594935578,6.09253309381496,21.6501715775073));
#7856=CARTESIAN_POINT('Ctrl Pts',(-4.62937594935578,12.2750440720189,21.6501715775073));
#7857=CARTESIAN_POINT('Ctrl Pts',(-4.71468797467789,6.09253309381496,20.9250857887537));
#7858=CARTESIAN_POINT('Ctrl Pts',(-4.71468797467789,12.2750440720189,20.9250857887537));
#7859=CARTESIAN_POINT('Ctrl Pts',(-4.8,6.09253309381496,20.2000000000001));
#7860=CARTESIAN_POINT('Ctrl Pts',(-4.8,12.2750440720189,20.2000000000001));
#7861=CARTESIAN_POINT('Ctrl Pts',(-4.89631006457326,6.09253309381496,19.3814394410126));
#7862=CARTESIAN_POINT('Ctrl Pts',(-4.89631006457326,12.2750440720189,19.3814394410126));
#7863=CARTESIAN_POINT('Ctrl Pts',(-5.14157443803173,6.09253309381496,18.584021312325));
#7864=CARTESIAN_POINT('Ctrl Pts',(-5.14157443803173,12.2750440720189,18.584021312325));
#7865=CARTESIAN_POINT('Ctrl Pts',(-6.5662811507332,6.09253309381496,15.7069876816219));
#7866=CARTESIAN_POINT('Ctrl Pts',(-6.5662811507332,12.2750440720189,15.7069876816219));
#7867=CARTESIAN_POINT('Ctrl Pts',(-8.44847929824853,6.09253309381496,13.5979082214045));
#7868=CARTESIAN_POINT('Ctrl Pts',(-8.44847929824853,12.2750440720189,13.5979082214045));
#7869=CARTESIAN_POINT('Ctrl Pts',(-10.1028524279339,6.09253309381496,11.7273581332592));
#7870=CARTESIAN_POINT('Ctrl Pts',(-10.1028524279339,12.2750440720189,11.7273581332592));
#7871=CARTESIAN_POINT('',(-10.1028524279359,6.15,11.7273581332569));
#7872=CARTESIAN_POINT('',(-10.1028524279339,6.15,11.7273581332592));
#7873=CARTESIAN_POINT('',(-9.62890749365285,6.15,12.2634556119097));
#7874=CARTESIAN_POINT('Ctrl Pts',(-9.62893176097964,6.15,12.2634770222906));
#7875=CARTESIAN_POINT('Ctrl Pts',(-9.78831439462648,6.15,12.082826781373));
#7876=CARTESIAN_POINT('Ctrl Pts',(-9.94659956739631,6.15,11.9040285571237));
#7877=CARTESIAN_POINT('Ctrl Pts',(-10.1028524279339,6.15,11.7273581332592));
#7878=CARTESIAN_POINT('',(-6.46574839055492,6.15,16.2000000000001));
#7879=CARTESIAN_POINT('Ctrl Pts',(-6.46489675755275,6.15,16.1994283465979));
#7880=CARTESIAN_POINT('Ctrl Pts',(-7.36419134944974,6.15,14.859698682633));
#7881=CARTESIAN_POINT('Ctrl Pts',(-8.52298244866405,6.15,13.5170013564107));
#7882=CARTESIAN_POINT('Ctrl Pts',(-9.62893176097964,6.15,12.2634770222906));
#7883=CARTESIAN_POINT('',(-5.12616290344855,6.15,18.7749172998245));
#7884=CARTESIAN_POINT('Ctrl Pts',(-5.12597523812708,6.15,18.7748532975335));
#7885=CARTESIAN_POINT('Ctrl Pts',(-5.24287178600016,6.15,18.4320932511731));
#7886=CARTESIAN_POINT('Ctrl Pts',(-5.38876490744545,6.15,18.0848481931473));
#7887=CARTESIAN_POINT('Ctrl Pts',(-5.5658390446871,6.15,17.7272670549171));
#7888=CARTESIAN_POINT('Ctrl Pts',(-5.8161279875789,6.15,17.2218369199475));
#7889=CARTESIAN_POINT('Ctrl Pts',(-6.1216053362061,6.15,16.7108488585267));
#7890=CARTESIAN_POINT('Ctrl Pts',(-6.46489675755275,6.15,16.1994283465979));
#7891=CARTESIAN_POINT('Ctrl Pts',(-5.01915109818616,6.15,19.1146380983495));
#7892=CARTESIAN_POINT('Ctrl Pts',(-5.05162247801382,6.15,19.0017275557868));
#7893=CARTESIAN_POINT('Ctrl Pts',(-5.08720395752795,6.15,18.8885371160671));
#7894=CARTESIAN_POINT('Ctrl Pts',(-5.12597523812708,6.15,18.7748532975335));
#7895=CARTESIAN_POINT('Ctrl Pts',(-10.1028524279359,2.10894418143484,11.7273581332569));
#7896=CARTESIAN_POINT('Ctrl Pts',(-10.1028524279359,11.984316358294,11.7273581332569));
#7897=CARTESIAN_POINT('Ctrl Pts',(-11.329435609816,2.10894418143484,10.3404973109829));
#7898=CARTESIAN_POINT('Ctrl Pts',(-11.329435609816,11.984316358294,10.3404973109829));
#7899=CARTESIAN_POINT('Ctrl Pts',(-12.5355471106749,2.10894418143484,8.96613886965692));
#7900=CARTESIAN_POINT('Ctrl Pts',(-12.5355471106749,11.984316358294,8.96613886965692));
#7901=CARTESIAN_POINT('Ctrl Pts',(-14.4536686847289,2.10894418143484,6.11954914863819));
#7902=CARTESIAN_POINT('Ctrl Pts',(-14.4536686847289,11.984316358294,6.11954914863819));
#7903=CARTESIAN_POINT('Ctrl Pts',(-14.869233739571,2.10894418143484,5.14708098558707));
#7904=CARTESIAN_POINT('Ctrl Pts',(-14.869233739571,11.984316358294,5.14708098558707));
#7905=CARTESIAN_POINT('Ctrl Pts',(-15.4458041877242,2.10894418143484,4.09999999976441));
#7906=CARTESIAN_POINT('Ctrl Pts',(-15.4458041877242,11.984316358294,4.09999999976441));
#7907=CARTESIAN_POINT('',(-15.4458041877242,9.8,4.09999999976441));
#7908=CARTESIAN_POINT('',(-15.4458041877242,0.,4.09999999976441));
#7909=CARTESIAN_POINT('',(-15.4458041877242,6.15,4.09999999976441));
#7910=CARTESIAN_POINT('',(-15.4458041877242,0.,4.09999999976441));
#7911=CARTESIAN_POINT('Ctrl Pts',(-10.1028524279359,6.15,11.7273581332569));
#7912=CARTESIAN_POINT('Ctrl Pts',(-11.329435609816,6.15,10.3404973109829));
#7913=CARTESIAN_POINT('Ctrl Pts',(-12.5355471106749,6.15,8.96613886965692));
#7914=CARTESIAN_POINT('Ctrl Pts',(-14.4536686847289,6.15,6.11954914863819));
#7915=CARTESIAN_POINT('Ctrl Pts',(-14.869233739571,6.15,5.14708098558707));
#7916=CARTESIAN_POINT('Ctrl Pts',(-15.4458041877242,6.15,4.09999999976441));
#7917=CARTESIAN_POINT('Origin',(-8.,0.,0.));
#7918=CARTESIAN_POINT('',(-11.0605610809169,6.15,-7.92987804887167));
#7919=CARTESIAN_POINT('',(-11.0605610809169,0.,-7.92987804887167));
#7920=CARTESIAN_POINT('',(-15.4458041875945,6.15,-4.1));
#7921=CARTESIAN_POINT('Origin',(-8.,6.15,0.));
#7922=CARTESIAN_POINT('',(-15.4458041875945,9.8,-4.1));
#7923=CARTESIAN_POINT('',(-15.4458041875945,0.,-4.1));
#7924=CARTESIAN_POINT('Origin',(-8.,9.8,0.));
#7925=CARTESIAN_POINT('Ctrl Pts',(-20.9923584416378,5.62894104009118,-4.09654599493867));
#7926=CARTESIAN_POINT('Ctrl Pts',(-20.9923584416378,12.3235393015221,-4.09654599493867));
#7927=CARTESIAN_POINT('Ctrl Pts',(-19.8203076176632,5.62894104009118,-4.54891728577364));
#7928=CARTESIAN_POINT('Ctrl Pts',(-19.8203076176632,12.3235393015221,-4.54891728577364));
#7929=CARTESIAN_POINT('Ctrl Pts',(-18.6482567936885,5.62894104009118,-5.0012885766086));
#7930=CARTESIAN_POINT('Ctrl Pts',(-18.6482567936885,12.3235393015221,-5.0012885766086));
#7931=CARTESIAN_POINT('Ctrl Pts',(-15.3376576734482,5.62894104009118,-6.2790659279196));
#7932=CARTESIAN_POINT('Ctrl Pts',(-15.3376576734482,12.3235393015221,-6.2790659279196));
#7933=CARTESIAN_POINT('Ctrl Pts',(-13.1991093771826,5.62894104009118,-7.10447198839563));
#7934=CARTESIAN_POINT('Ctrl Pts',(-13.1991093771826,12.3235393015221,-7.10447198839563));
#7935=CARTESIAN_POINT('Ctrl Pts',(-11.0605610809169,5.62894104009118,-7.92987804887167));
#7936=CARTESIAN_POINT('Ctrl Pts',(-11.0605610809169,12.3235393015221,-7.92987804887167));
#7937=CARTESIAN_POINT('Ctrl Pts',(-10.2138110967296,5.62894104009118,-8.25669440830421));
#7938=CARTESIAN_POINT('Ctrl Pts',(-10.2138110967296,12.3235393015221,-8.25669440830421));
#7939=CARTESIAN_POINT('Ctrl Pts',(-8.83842402865757,5.62894104009118,-8.92629661399057));
#7940=CARTESIAN_POINT('Ctrl Pts',(-8.83842402865757,12.3235393015221,-8.92629661399057));
#7941=CARTESIAN_POINT('Ctrl Pts',(-6.99952784974415,5.62894104009118,-9.89126358332694));
#7942=CARTESIAN_POINT('Ctrl Pts',(-6.99952784974415,12.3235393015221,-9.89126358332694));
#7943=CARTESIAN_POINT('Ctrl Pts',(-6.31990672055715,5.62894104009118,-10.3397757196046));
#7944=CARTESIAN_POINT('Ctrl Pts',(-6.31990672055715,12.3235393015221,-10.3397757196046));
#7945=CARTESIAN_POINT('Ctrl Pts',(-5.58698522005618,5.62894104009118,-11.0109492609441));
#7946=CARTESIAN_POINT('Ctrl Pts',(-5.58698522005618,12.3235393015221,-11.0109492609441));
#7947=CARTESIAN_POINT('Ctrl Pts',(-5.35782109295282,5.62894104009118,-11.273227455849));
#7948=CARTESIAN_POINT('Ctrl Pts',(-5.35782109295282,12.3235393015221,-11.273227455849));
#7949=CARTESIAN_POINT('Ctrl Pts',(-5.04015373505183,5.62894104009118,-11.7988749532653));
#7950=CARTESIAN_POINT('Ctrl Pts',(-5.04015373505183,12.3235393015221,-11.7988749532653));
#7951=CARTESIAN_POINT('Ctrl Pts',(-4.89604299899906,5.62894104009118,-12.0987866531514));
#7952=CARTESIAN_POINT('Ctrl Pts',(-4.89604299899906,12.3235393015221,-12.0987866531514));
#7953=CARTESIAN_POINT('Ctrl Pts',(-4.8,5.62894104009118,-12.4999999999999));
#7954=CARTESIAN_POINT('Ctrl Pts',(-4.8,12.3235393015221,-12.4999999999999));
#7955=CARTESIAN_POINT('',(-5.09786880240077,6.15,-11.7108395861725));
#7956=CARTESIAN_POINT('Ctrl Pts',(-5.09783144671518,6.15,-11.7108194653649));
#7957=CARTESIAN_POINT('Ctrl Pts',(-5.09783144671518,7.06625655955876,-11.7108194653649));
#7958=CARTESIAN_POINT('Ctrl Pts',(-11.0605610809169,6.15,-7.92987804887167));
#7959=CARTESIAN_POINT('Ctrl Pts',(-10.2138110967296,6.15,-8.25669440830421));
#7960=CARTESIAN_POINT('Ctrl Pts',(-8.83842402865757,6.15,-8.92629661399057));
#7961=CARTESIAN_POINT('Ctrl Pts',(-6.99952784974415,6.15,-9.89126358332694));
#7962=CARTESIAN_POINT('Ctrl Pts',(-6.31990672055715,6.15,-10.3397757196046));
#7963=CARTESIAN_POINT('Ctrl Pts',(-5.58698522005618,6.15,-11.0109492609441));
#7964=CARTESIAN_POINT('Ctrl Pts',(-5.35782109295282,6.15,-11.273227455849));
#7965=CARTESIAN_POINT('Ctrl Pts',(-5.14931439668916,6.15,-11.6182456654936));
#7966=CARTESIAN_POINT('Ctrl Pts',(-5.12354872699269,6.15,-11.6630735370527));
#7967=CARTESIAN_POINT('Ctrl Pts',(-5.09783144671518,6.15,-11.7108194653649));
#7968=CARTESIAN_POINT('Ctrl Pts',(-5.09786880240077,6.15,-11.7108395861725));
#7969=CARTESIAN_POINT('Ctrl Pts',(-5.09786880240077,6.45541885318625,-11.7108395861725));
#7970=CARTESIAN_POINT('Ctrl Pts',(-5.09786880240077,6.76083770637251,-11.7108395861725));
#7971=CARTESIAN_POINT('Ctrl Pts',(-5.09786880240077,7.06625655955876,-11.7108395861725));
#7972=CARTESIAN_POINT('Ctrl Pts',(-4.9702624603653,6.15,-11.9479561627071));
#7973=CARTESIAN_POINT('Ctrl Pts',(-4.9702624603653,6.45541885318625,-11.9479561627071));
#7974=CARTESIAN_POINT('Ctrl Pts',(-4.9702624603653,6.76083770637251,-11.9479561627071));
#7975=CARTESIAN_POINT('Ctrl Pts',(-4.9702624603653,7.06625655955876,-11.9479561627071));
#7976=CARTESIAN_POINT('Ctrl Pts',(-4.58439451822685,6.14999999999999,-12.3514013561455));
#7977=CARTESIAN_POINT('Ctrl Pts',(-4.58439451822685,6.45541885318625,-12.3514013561455));
#7978=CARTESIAN_POINT('Ctrl Pts',(-4.58439451822685,6.7608377063725,-12.3514013561455));
#7979=CARTESIAN_POINT('Ctrl Pts',(-4.58439451822685,7.06625655955876,-12.3514013561455));
#7980=CARTESIAN_POINT('Ctrl Pts',(-4.04626764106561,6.15,-12.4999999999999));
#7981=CARTESIAN_POINT('Ctrl Pts',(-4.04626764106561,6.45541885318625,-12.4999999999999));
#7982=CARTESIAN_POINT('Ctrl Pts',(-4.04626764106561,6.76083770637251,-12.4999999999999));
#7983=CARTESIAN_POINT('Ctrl Pts',(-4.04626764106561,7.06625655955876,-12.4999999999999));
#7984=CARTESIAN_POINT('Ctrl Pts',(-3.77699519651337,6.15,-12.4999999999999));
#7985=CARTESIAN_POINT('Ctrl Pts',(-3.77699519651337,6.45541885318625,-12.4999999999999));
#7986=CARTESIAN_POINT('Ctrl Pts',(-3.77699519651337,6.76083770637251,-12.4999999999999));
#7987=CARTESIAN_POINT('Ctrl Pts',(-3.77699519651337,7.06625655955876,-12.4999999999999));
#7988=CARTESIAN_POINT('Ctrl Pts',(-3.77699519651337,6.15,-12.4999999999999));
#7989=CARTESIAN_POINT('Ctrl Pts',(-4.04626764106561,6.15,-12.4999999999999));
#7990=CARTESIAN_POINT('Ctrl Pts',(-4.31533107964623,6.15,-12.4257006780727));
#7991=CARTESIAN_POINT('Ctrl Pts',(-4.54632978447116,6.15,-12.2876897187495));
#7992=CARTESIAN_POINT('Ctrl Pts',(-4.77732848929608,6.15,-12.1496787594263));
#7993=CARTESIAN_POINT('Ctrl Pts',(-4.9702624603653,6.15,-11.9479561627071));
#7994=CARTESIAN_POINT('Ctrl Pts',(-5.09786880240077,6.15,-11.7108395861725));
#7995=CARTESIAN_POINT('Ctrl Pts',(-3.77699519651337,-9.17812252730877,-12.4999999999999));
#7996=CARTESIAN_POINT('Ctrl Pts',(-3.77802272766387,-9.1812051207601,-12.4999999999999));
#7997=CARTESIAN_POINT('Ctrl Pts',(-3.77904988234634,-9.18428658480755,-12.4999914990103));
#7998=CARTESIAN_POINT('Ctrl Pts',(-3.84535057255803,-9.38318865544453,-12.4986678556878));
#7999=CARTESIAN_POINT('Ctrl Pts',(-3.94397605913253,-9.67906511516662,-12.4392499936951));
#8000=CARTESIAN_POINT('Ctrl Pts',(-4.09672404821535,-10.1373090824151,-12.1872237449195));
#8001=CARTESIAN_POINT('Ctrl Pts',(-4.17777746957047,-10.3804693464801,-11.9310846417509));
#8002=CARTESIAN_POINT('Ctrl Pts',(-4.21728639847583,-10.4989961331962,-11.7108395861725));
#8003=CARTESIAN_POINT('Ctrl Pts',(-3.77699519651337,-9.17812252730877,-12.4999999999999));
#8004=CARTESIAN_POINT('Ctrl Pts',(-3.77870385046342,-9.18051007426221,-12.499987701357));
#8005=CARTESIAN_POINT('Ctrl Pts',(-3.78042415782592,-9.18292868943519,-12.5000116637313));
#8006=CARTESIAN_POINT('Ctrl Pts',(-3.89076421179212,-9.33703570839601,-12.4982501217751));
#8007=CARTESIAN_POINT('Ctrl Pts',(-4.05554033011742,-9.56881757293682,-12.4686876556919));
#8008=CARTESIAN_POINT('Ctrl Pts',(-4.33632871339996,-9.97580373302666,-12.3064214953221));
#8009=CARTESIAN_POINT('Ctrl Pts',(-4.51467109457628,-10.2455571980368,-12.1083002433382));
#8010=CARTESIAN_POINT('Ctrl Pts',(-4.62221553779477,-10.4080593215988,-11.8798172804077));
#8011=CARTESIAN_POINT('Ctrl Pts',(-3.77699519651337,-9.17812252730877,-12.4999999999999));
#8012=CARTESIAN_POINT('Ctrl Pts',(-3.77938274346691,-9.17983118125868,-12.499987701357));
#8013=CARTESIAN_POINT('Ctrl Pts',(-3.78180135863988,-9.18155148862125,-12.5000116637313));
#8014=CARTESIAN_POINT('Ctrl Pts',(-3.9359083775988,-9.29189154258811,-12.4982501217751));
#8015=CARTESIAN_POINT('Ctrl Pts',(-4.16769024214105,-9.45666766091292,-12.4686876556919));
#8016=CARTESIAN_POINT('Ctrl Pts',(-4.57467640223081,-9.73745604419551,-12.3064214953221));
#8017=CARTESIAN_POINT('Ctrl Pts',(-4.84442986724143,-9.91579842537169,-12.1083002433382));
#8018=CARTESIAN_POINT('Ctrl Pts',(-5.00693199080339,-10.0233428685902,-11.8798172804077));
#8019=CARTESIAN_POINT('Ctrl Pts',(-3.77699519651337,-9.17812252730877,-12.4999999999999));
#8020=CARTESIAN_POINT('Ctrl Pts',(-3.78007778996476,-9.17915005845909,-12.4999999999999));
#8021=CARTESIAN_POINT('Ctrl Pts',(-3.78315925401227,-9.18017721314169,-12.4999914990103));
#8022=CARTESIAN_POINT('Ctrl Pts',(-3.9820613246473,-9.24647790335399,-12.4986678556878));
#8023=CARTESIAN_POINT('Ctrl Pts',(-4.27793778437085,-9.34510338992805,-12.4392499936951));
#8024=CARTESIAN_POINT('Ctrl Pts',(-4.73618175161929,-9.49785137901089,-12.1872237449195));
#8025=CARTESIAN_POINT('Ctrl Pts',(-4.97934201568468,-9.57890480036588,-11.9310846417509));
#8026=CARTESIAN_POINT('Ctrl Pts',(-5.09786880240076,-9.61841372927124,-11.7108395861725));
#8027=CARTESIAN_POINT('',(-4.21728639847583,-10.4989961331962,-11.7108395861725));
#8028=CARTESIAN_POINT('',(-5.09786880240077,-9.61841372927123,-11.7108395861725));
#8029=CARTESIAN_POINT('Origin',(-4.21728639847583,-9.61841372927124,-11.2369465287241));
#8030=CARTESIAN_POINT('Ctrl Pts',(-5.09786880240076,-9.61841372927124,-11.7108395861725));
#8031=CARTESIAN_POINT('Ctrl Pts',(-4.97934201568468,-9.57890480036588,-11.9310846417509));
#8032=CARTESIAN_POINT('Ctrl Pts',(-4.73618175161929,-9.49785137901089,-12.1872237449195));
#8033=CARTESIAN_POINT('Ctrl Pts',(-4.27793778437085,-9.34510338992805,-12.4392499936951));
#8034=CARTESIAN_POINT('Ctrl Pts',(-3.9820613246473,-9.24647790335399,-12.4986678556878));
#8035=CARTESIAN_POINT('Ctrl Pts',(-3.78315925401227,-9.18017721314169,-12.4999914990103));
#8036=CARTESIAN_POINT('Ctrl Pts',(-3.78007778996476,-9.17915005845909,-12.4999999999999));
#8037=CARTESIAN_POINT('Ctrl Pts',(-3.77699519651337,-9.17812252730877,-12.4999999999999));
#8038=CARTESIAN_POINT('Ctrl Pts',(-3.77699519651337,-9.17812252730877,-12.4999999999999));
#8039=CARTESIAN_POINT('Ctrl Pts',(-3.77802272766387,-9.1812051207601,-12.4999999999999));
#8040=CARTESIAN_POINT('Ctrl Pts',(-3.77904988234634,-9.18428658480755,-12.4999914990103));
#8041=CARTESIAN_POINT('Ctrl Pts',(-3.84535057255803,-9.38318865544453,-12.4986678556878));
#8042=CARTESIAN_POINT('Ctrl Pts',(-3.94397605913253,-9.67906511516662,-12.4392499936951));
#8043=CARTESIAN_POINT('Ctrl Pts',(-4.09672404821535,-10.1373090824151,-12.1872237449195));
#8044=CARTESIAN_POINT('Ctrl Pts',(-4.17777746957047,-10.3804693464801,-11.9310846417509));
#8045=CARTESIAN_POINT('Ctrl Pts',(-4.21728639847583,-10.4989961331962,-11.7108395861725));
#8046=CARTESIAN_POINT('Ctrl Pts',(-5.14779169831058,-9.66375913917651,-11.6216301170642));
#8047=CARTESIAN_POINT('Ctrl Pts',(-5.13006423258695,-9.65388836253612,-11.6521192375165));
#8048=CARTESIAN_POINT('Ctrl Pts',(-5.11328982657036,-9.63881381380414,-11.6821844237454));
#8049=CARTESIAN_POINT('Ctrl Pts',(-5.09786880240077,-9.61841372927124,-11.7108395861725));
#8050=CARTESIAN_POINT('Ctrl Pts',(-5.11900798865614,-9.93412236028134,-11.6711346545092));
#8051=CARTESIAN_POINT('Ctrl Pts',(-5.09232157061738,-9.91271819465927,-11.7178465373892));
#8052=CARTESIAN_POINT('Ctrl Pts',(-5.06819464887467,-9.8848541061789,-11.7638891209121));
#8053=CARTESIAN_POINT('Ctrl Pts',(-5.04590491005941,-9.84980180888206,-11.8073982685926));
#8054=CARTESIAN_POINT('Ctrl Pts',(-4.88549922270633,-10.403616679867,-11.6503928881272));
#8055=CARTESIAN_POINT('Ctrl Pts',(-4.8528957900782,-10.3629737349081,-11.7337071206766));
#8056=CARTESIAN_POINT('Ctrl Pts',(-4.8229565833159,-10.312486551026,-11.8140220861689));
#8057=CARTESIAN_POINT('Ctrl Pts',(-4.79621711653359,-10.2524343881211,-11.8897068314249));
#8058=CARTESIAN_POINT('Ctrl Pts',(-4.46377943332181,-10.6107780783879,-11.4559455469432));
#8059=CARTESIAN_POINT('Ctrl Pts',(-4.4376273388893,-10.5743760285692,-11.5687446634061));
#8060=CARTESIAN_POINT('Ctrl Pts',(-4.41311060161594,-10.5242988045908,-11.6788390958572));
#8061=CARTESIAN_POINT('Ctrl Pts',(-4.39082745818395,-10.4600232139402,-11.7832585979876));
#8062=CARTESIAN_POINT('Ctrl Pts',(-4.28329970187436,-10.635032362912,-11.3569506001152));
#8063=CARTESIAN_POINT('Ctrl Pts',(-4.25987480747673,-10.6054200329908,-11.4778146488193));
#8064=CARTESIAN_POINT('Ctrl Pts',(-4.23768648300873,-10.5601963867949,-11.5971180078803));
#8065=CARTESIAN_POINT('Ctrl Pts',(-4.21728639847583,-10.4989961331962,-11.7108395861725));
#8066=CARTESIAN_POINT('',(-4.28329970187436,-10.635032362912,-11.3569506001152));
#8067=CARTESIAN_POINT('Ctrl Pts',(-4.21728639847583,-10.4989961331962,-11.7108395861725));
#8068=CARTESIAN_POINT('Ctrl Pts',(-4.23768648300873,-10.5601963867949,-11.5971180078803));
#8069=CARTESIAN_POINT('Ctrl Pts',(-4.25987480747673,-10.6054200329908,-11.4778146488193));
#8070=CARTESIAN_POINT('Ctrl Pts',(-4.28329970187436,-10.635032362912,-11.3569506001152));
#8071=CARTESIAN_POINT('',(-5.14779169831058,-9.66375913917651,-11.6216301170642));
#8072=CARTESIAN_POINT('Origin',(-4.28329970187436,-9.66375913917651,-11.1189835333717));
#8073=CARTESIAN_POINT('Ctrl Pts',(-5.14779169831058,-9.66375913917651,-11.6216301170642));
#8074=CARTESIAN_POINT('Ctrl Pts',(-5.13006423258695,-9.65388836253612,-11.6521192375165));
#8075=CARTESIAN_POINT('Ctrl Pts',(-5.11328982657036,-9.63881381380414,-11.6821844237454));
#8076=CARTESIAN_POINT('Ctrl Pts',(-5.09786880240077,-9.61841372927124,-11.7108395861725));
#8077=CARTESIAN_POINT('Ctrl Pts',(-11.0605610807087,-11.5687175794585,-7.92987804895201));
#8078=CARTESIAN_POINT('Ctrl Pts',(-10.7433627547717,-11.5063218055338,-8.0523056888031));
#8079=CARTESIAN_POINT('Ctrl Pts',(-9.75006392538045,-11.2847137002286,-8.50049758842516));
#8080=CARTESIAN_POINT('Ctrl Pts',(-8.11627418655161,-10.8619231015974,-9.27725136807901));
#8081=CARTESIAN_POINT('Ctrl Pts',(-6.28886385811845,-10.2753202500198,-10.3101966527059));
#8082=CARTESIAN_POINT('Ctrl Pts',(-5.43086952599073,-9.82137884931674,-11.1347701157481));
#8083=CARTESIAN_POINT('Ctrl Pts',(-5.14779169831058,-9.66375913917651,-11.6216301170642));
#8084=CARTESIAN_POINT('Ctrl Pts',(-11.0264856411484,-11.7883466381016,-7.943029996176));
#8085=CARTESIAN_POINT('Ctrl Pts',(-10.7059663846041,-11.724560329096,-8.06810541165989));
#8086=CARTESIAN_POINT('Ctrl Pts',(-9.70802542433364,-11.4974271696089,-8.51960898540915));
#8087=CARTESIAN_POINT('Ctrl Pts',(-8.07131541096186,-11.0708337473653,-9.30090051824766));
#8088=CARTESIAN_POINT('Ctrl Pts',(-6.23493879687832,-10.490013024818,-10.3426545108174));
#8089=CARTESIAN_POINT('Ctrl Pts',(-5.383605892833,-10.0696006056794,-11.1942057143909));
#8090=CARTESIAN_POINT('Ctrl Pts',(-5.11900798865614,-9.93412236028134,-11.6711346545092));
#8091=CARTESIAN_POINT('Ctrl Pts',(-10.9183693936757,-12.1714436338279,-7.83984878957912));
#8092=CARTESIAN_POINT('Ctrl Pts',(-10.5878577846386,-12.105265090374,-7.97213802889133));
#8093=CARTESIAN_POINT('Ctrl Pts',(-9.58108572013698,-11.8688168086377,-8.43616350712442));
#8094=CARTESIAN_POINT('Ctrl Pts',(-7.93615795637327,-11.435989392295,-9.23091932428214));
#8095=CARTESIAN_POINT('Ctrl Pts',(-6.0701096981654,-10.8653061838406,-10.284152992058));
#8096=CARTESIAN_POINT('Ctrl Pts',(-5.1643418074146,-10.5024797221378,-11.1718927652407));
#8097=CARTESIAN_POINT('Ctrl Pts',(-4.88548318014153,-10.4035949265376,-11.6503782307254));
#8098=CARTESIAN_POINT('Ctrl Pts',(-10.7658178964147,-12.4121304805421,-7.55576635984862));
#8099=CARTESIAN_POINT('Ctrl Pts',(-10.421645077542,-12.3452868108539,-7.69673399433182));
#8100=CARTESIAN_POINT('Ctrl Pts',(-9.40513628801191,-12.1080342277353,-8.17865188200275));
#8101=CARTESIAN_POINT('Ctrl Pts',(-7.74763066352948,-11.672697392809,-8.98980057803258));
#8102=CARTESIAN_POINT('Ctrl Pts',(-5.83855053038501,-11.1006524477146,-10.0468433326171));
#8103=CARTESIAN_POINT('Ctrl Pts',(-4.80937491233891,-10.7244312828473,-10.9428406629169));
#8104=CARTESIAN_POINT('Ctrl Pts',(-4.46377943332181,-10.6107780783879,-11.4559455469432));
#8105=CARTESIAN_POINT('Ctrl Pts',(-10.7004849342384,-12.4765654228914,-7.41625489741614));
#8106=CARTESIAN_POINT('Ctrl Pts',(-10.3504631839949,-12.4098736488238,-7.56065274419244));
#8107=CARTESIAN_POINT('Ctrl Pts',(-9.32976724106121,-12.174453655298,-8.04974516642686));
#8108=CARTESIAN_POINT('Ctrl Pts',(-7.66685166226155,-11.7392815480623,-8.86748933621674));
#8109=CARTESIAN_POINT('Ctrl Pts',(-5.73932993629142,-11.1638191491144,-9.92536878004055));
#8110=CARTESIAN_POINT('Ctrl Pts',(-4.65735588808281,-10.7656668992722,-10.8237598985695));
#8111=CARTESIAN_POINT('Ctrl Pts',(-4.28329970187436,-10.635032362912,-11.3569506001152));
#8112=CARTESIAN_POINT('',(-10.7004849342384,-12.4765654228914,-7.41625489741614));
#8113=CARTESIAN_POINT('Ctrl Pts',(-4.28329970187436,-10.635032362912,-11.3569506001152));
#8114=CARTESIAN_POINT('Ctrl Pts',(-4.65735588808281,-10.7656668992722,-10.8237598985695));
#8115=CARTESIAN_POINT('Ctrl Pts',(-5.73932993629142,-11.1638191491144,-9.92536878004055));
#8116=CARTESIAN_POINT('Ctrl Pts',(-7.66685166226155,-11.7392815480623,-8.86748933621674));
#8117=CARTESIAN_POINT('Ctrl Pts',(-9.32976724106121,-12.174453655298,-8.04974516642686));
#8118=CARTESIAN_POINT('Ctrl Pts',(-10.3504631839949,-12.4098736488238,-7.56065274419244));
#8119=CARTESIAN_POINT('Ctrl Pts',(-10.7004849342384,-12.4765654228914,-7.41625489741614));
#8120=CARTESIAN_POINT('',(-11.0605610808053,-11.5687175794585,-7.92987804889828));
#8121=CARTESIAN_POINT('Origin',(-10.7004849342384,-11.5687175794585,-6.99695513212392));
#8122=CARTESIAN_POINT('Ctrl Pts',(-11.0605610807087,-11.5687175794585,-7.92987804895201));
#8123=CARTESIAN_POINT('Ctrl Pts',(-10.7433627547717,-11.5063218055338,-8.0523056888031));
#8124=CARTESIAN_POINT('Ctrl Pts',(-9.75006392538045,-11.2847137002286,-8.50049758842516));
#8125=CARTESIAN_POINT('Ctrl Pts',(-8.11627418655161,-10.8619231015974,-9.27725136807901));
#8126=CARTESIAN_POINT('Ctrl Pts',(-6.28886385811845,-10.2753202500198,-10.3101966527059));
#8127=CARTESIAN_POINT('Ctrl Pts',(-5.43086952599073,-9.82137884931674,-11.1347701157481));
#8128=CARTESIAN_POINT('Ctrl Pts',(-5.14779169831058,-9.66375913917651,-11.6216301170642));
#8129=CARTESIAN_POINT('Ctrl Pts',(-10.7004849342065,-12.4765654229208,-7.4162548973526));
#8130=CARTESIAN_POINT('Ctrl Pts',(-11.7549592479182,-12.6774734654213,-6.98125839076613));
#8131=CARTESIAN_POINT('Ctrl Pts',(-13.4105175186798,-13.2179342452049,-5.76580797930118));
#8132=CARTESIAN_POINT('Ctrl Pts',(-14.5301210301447,-13.4999999999995,-3.87080338446732));
#8133=CARTESIAN_POINT('Ctrl Pts',(-14.8738635424313,-13.5,-3.0000000000062));
#8134=CARTESIAN_POINT('Ctrl Pts',(-10.7875926953418,-12.3906518328297,-7.60227090294794));
#8135=CARTESIAN_POINT('Ctrl Pts',(-11.8781414313546,-12.5992748997873,-7.16610293633432));
#8136=CARTESIAN_POINT('Ctrl Pts',(-13.5983321571119,-13.1643399312834,-5.95381905598696));
#8137=CARTESIAN_POINT('Ctrl Pts',(-14.784634234047,-13.4897394779644,-4.01971526657845));
#8138=CARTESIAN_POINT('Ctrl Pts',(-15.1480842307701,-13.4999999999999,-3.11967972014316));
#8139=CARTESIAN_POINT('Ctrl Pts',(-10.9395327785215,-12.1180593475226,-7.87004766983288));
#8140=CARTESIAN_POINT('Ctrl Pts',(-12.0926946635558,-12.3264119006638,-7.42980922475456));
#8141=CARTESIAN_POINT('Ctrl Pts',(-13.9264026050077,-12.8915500212056,-6.21787455725248));
#8142=CARTESIAN_POINT('Ctrl Pts',(-15.2263020015921,-13.2330647944568,-4.25576991381204));
#8143=CARTESIAN_POINT('Ctrl Pts',(-15.6228565778031,-13.2488862137492,-3.32688735996735));
#8144=CARTESIAN_POINT('Ctrl Pts',(-11.0349937285976,-11.7334392302212,-7.93974580541858));
#8145=CARTESIAN_POINT('Ctrl Pts',(-12.2227459466871,-11.9274964278836,-7.48579761637828));
#8146=CARTESIAN_POINT('Ctrl Pts',(-14.098486927063,-12.4420210538805,-6.24029110391137));
#8147=CARTESIAN_POINT('Ctrl Pts',(-15.3938581884326,-12.7196869295611,-4.30832807553012));
#8148=CARTESIAN_POINT('Ctrl Pts',(-15.7903786814221,-12.7243994752564,-3.40000000000646));
#8149=CARTESIAN_POINT('Ctrl Pts',(-11.0605495921008,-11.5687175794859,-7.92988248300642));
#8150=CARTESIAN_POINT('Ctrl Pts',(-12.2556204809742,-11.756683981261,-7.46864314821032));
#8151=CARTESIAN_POINT('Ctrl Pts',(-14.1319198545037,-12.2495417024603,-6.20418473660807));
#8152=CARTESIAN_POINT('Ctrl Pts',(-15.400803834164,-12.4999999999996,-4.29262811321013));
#8153=CARTESIAN_POINT('Ctrl Pts',(-15.7903786814222,-12.5,-3.40000000000635));
#8154=CARTESIAN_POINT('Ctrl Pts',(-10.7004849342065,-12.4765654229208,-7.4162548973526));
#8155=CARTESIAN_POINT('Ctrl Pts',(-11.7549592479182,-12.6774734654213,-6.98125839076613));
#8156=CARTESIAN_POINT('Ctrl Pts',(-13.4105175186798,-13.2179342452049,-5.76580797930118));
#8157=CARTESIAN_POINT('Ctrl Pts',(-14.5301210301447,-13.4999999999995,-3.87080338446732));
#8158=CARTESIAN_POINT('Ctrl Pts',(-14.8738635424313,-13.5,-3.0000000000062));
#8159=CARTESIAN_POINT('',(-15.7903786814222,-12.5,-3.40000000000635));
#8160=CARTESIAN_POINT('Origin',(-14.8738635424313,-12.5,-3.0000000000056));
#8161=CARTESIAN_POINT('Ctrl Pts',(-15.7903786814222,-12.5,-3.40000000000635));
#8162=CARTESIAN_POINT('Ctrl Pts',(-15.400803834164,-12.4999999999996,-4.29262811321013));
#8163=CARTESIAN_POINT('Ctrl Pts',(-14.1319221290172,-12.2495421514145,-6.2041813100841));
#8164=CARTESIAN_POINT('Ctrl Pts',(-12.2556272076208,-11.7566857481854,-7.46863861504715));
#8165=CARTESIAN_POINT('Ctrl Pts',(-11.0605608386539,-11.5687193484003,-7.92987814237391));
#8166=CARTESIAN_POINT('Origin',(-8.,-12.5,0.));
#8167=CARTESIAN_POINT('',(-15.7903786814249,-12.5,3.4));
#8168=CARTESIAN_POINT('Origin',(-14.8738635424338,-12.5,3.));
#8169=CARTESIAN_POINT('Origin',(-8.,-12.5,0.));
#8170=CARTESIAN_POINT('Ctrl Pts',(-15.4458041877332,-12.4964632460731,4.09999999974817));
#8171=CARTESIAN_POINT('Ctrl Pts',(-15.5712897990321,-12.4988155743805,3.87211188019521));
#8172=CARTESIAN_POINT('Ctrl Pts',(-15.686311978905,-12.5,3.63844677081105));
#8173=CARTESIAN_POINT('Ctrl Pts',(-15.7903786814249,-12.5,3.4));
#8174=CARTESIAN_POINT('Ctrl Pts',(-15.4443306323942,-12.7945721322386,4.10267604962969));
#8175=CARTESIAN_POINT('Ctrl Pts',(-15.5704462979486,-12.797376302544,3.87387495130378));
#8176=CARTESIAN_POINT('Ctrl Pts',(-15.6858501106391,-12.7989081942314,3.63947569065744));
#8177=CARTESIAN_POINT('Ctrl Pts',(-15.7903786814249,-12.7991993003419,3.4));
#8178=CARTESIAN_POINT('Ctrl Pts',(-15.2234824537762,-13.3107842331678,3.98710591064877));
#8179=CARTESIAN_POINT('Ctrl Pts',(-15.3461443812219,-13.3143099391951,3.763276633578));
#8180=CARTESIAN_POINT('Ctrl Pts',(-15.4585977247067,-13.3164654867866,3.53370050158041));
#8181=CARTESIAN_POINT('Ctrl Pts',(-15.5602303050989,-13.3172199844778,3.29955501375377));
#8182=CARTESIAN_POINT('Ctrl Pts',(-14.7656930135407,-13.4951332720154,3.73718275328972));
#8183=CARTESIAN_POINT('Ctrl Pts',(-14.8799889569181,-13.498043336705,3.52622936358576));
#8184=CARTESIAN_POINT('Ctrl Pts',(-14.9847696026492,-13.4996611535446,3.31009411696198));
#8185=CARTESIAN_POINT('Ctrl Pts',(-15.0795290586879,-13.5,3.08975979010257));
#8186=CARTESIAN_POINT('Ctrl Pts',(-14.5698272244705,-13.4963948244686,3.62934485871844));
#8187=CARTESIAN_POINT('Ctrl Pts',(-14.6805498226754,-13.4987945852136,3.42421256670162));
#8188=CARTESIAN_POINT('Ctrl Pts',(-14.7820399813867,-13.5,3.21413392275056));
#8189=CARTESIAN_POINT('Ctrl Pts',(-14.8738635424338,-13.5,3.));
#8190=CARTESIAN_POINT('',(-15.4458041877287,-12.4964632460731,4.09999999975629));
#8191=CARTESIAN_POINT('Origin',(-14.5698272244705,-12.4964632460731,3.61764705860133));
#8192=CARTESIAN_POINT('Ctrl Pts',(-15.4458041877332,-12.4964632460731,4.09999999974817));
#8193=CARTESIAN_POINT('Ctrl Pts',(-15.5712897990321,-12.4988155743805,3.87211188019521));
#8194=CARTESIAN_POINT('Ctrl Pts',(-15.686311978905,-12.5,3.63844677081105));
#8195=CARTESIAN_POINT('Ctrl Pts',(-15.7903786814249,-12.5,3.4));
#8196=CARTESIAN_POINT('Ctrl Pts',(-10.1028524279339,-11.3602523493196,11.7273581332592));
#8197=CARTESIAN_POINT('Ctrl Pts',(-10.9442322069724,-11.7198797789185,10.7760352475064));
#8198=CARTESIAN_POINT('Ctrl Pts',(-12.3978724960093,-12.1497539716592,9.13892095561827));
#8199=CARTESIAN_POINT('Ctrl Pts',(-13.9867235680817,-12.3892595280171,6.86382532962543));
#8200=CARTESIAN_POINT('Ctrl Pts',(-14.8558322730242,-12.4740330879917,5.23276767818253));
#8201=CARTESIAN_POINT('Ctrl Pts',(-15.2440094347072,-12.4919604001193,4.46646943918741));
#8202=CARTESIAN_POINT('Ctrl Pts',(-15.4458041877318,-12.4964632446769,4.09999999975074));
#8203=CARTESIAN_POINT('Ctrl Pts',(-10.0569280140211,-11.6047181858802,11.7792834909377));
#8204=CARTESIAN_POINT('Ctrl Pts',(-10.9046098952631,-11.9744135903406,10.8212973450714));
#8205=CARTESIAN_POINT('Ctrl Pts',(-12.3735722842578,-12.4267090391724,9.16972640197731));
#8206=CARTESIAN_POINT('Ctrl Pts',(-13.9761414955143,-12.6797425025763,6.88216821143712));
#8207=CARTESIAN_POINT('Ctrl Pts',(-14.8516566375273,-12.7700737467619,5.24152468176246));
#8208=CARTESIAN_POINT('Ctrl Pts',(-15.2416047827865,-12.7893617297953,4.47091342417883));
#8209=CARTESIAN_POINT('Ctrl Pts',(-15.4443306323435,-12.7945721308784,4.10267605058468));
#8210=CARTESIAN_POINT('Ctrl Pts',(-9.84365808950798,-12.0301565253616,11.7517102313167));
#8211=CARTESIAN_POINT('Ctrl Pts',(-10.6939170332218,-12.4168408062824,10.7750477482668));
#8212=CARTESIAN_POINT('Ctrl Pts',(-12.1664859777964,-12.9077852694094,9.08247866161014));
#8213=CARTESIAN_POINT('Ctrl Pts',(-13.7556087286243,-13.1831075521102,6.78830278445048));
#8214=CARTESIAN_POINT('Ctrl Pts',(-14.6241754917703,-13.2827399071591,5.14724599924582));
#8215=CARTESIAN_POINT('Ctrl Pts',(-15.0176385098106,-13.3044339059707,4.36376103829076));
#8216=CARTESIAN_POINT('Ctrl Pts',(-15.2234755576148,-13.3107748065535,3.98710204448246));
#8217=CARTESIAN_POINT('Ctrl Pts',(-9.50063914105291,-12.2524820584396,11.5324946759737));
#8218=CARTESIAN_POINT('Ctrl Pts',(-10.3438534730414,-12.6375139086741,10.5353128228815));
#8219=CARTESIAN_POINT('Ctrl Pts',(-11.7889727742643,-13.1164209440831,8.80077229231922));
#8220=CARTESIAN_POINT('Ctrl Pts',(-13.3200947119676,-13.3766013987635,6.53499044896903));
#8221=CARTESIAN_POINT('Ctrl Pts',(-14.1596845183893,-13.4700252860365,4.92217996022537));
#8222=CARTESIAN_POINT('Ctrl Pts',(-14.5555783959204,-13.4897463012129,4.12548312011364));
#8223=CARTESIAN_POINT('Ctrl Pts',(-14.7656929625473,-13.4951332706435,3.7371828483694));
#8224=CARTESIAN_POINT('Ctrl Pts',(-9.35378745531083,-12.2954857154462,11.4188934423928));
#8225=CARTESIAN_POINT('Ctrl Pts',(-10.19401050785,-12.6755713576749,10.414834698808));
#8226=CARTESIAN_POINT('Ctrl Pts',(-11.6273850798665,-13.1390215914093,8.668021636506));
#8227=CARTESIAN_POINT('Ctrl Pts',(-13.1337433087142,-13.3856805206606,6.4204283290192));
#8228=CARTESIAN_POINT('Ctrl Pts',(-13.9609540984143,-13.4736277538918,4.82301788297438));
#8229=CARTESIAN_POINT('Ctrl Pts',(-14.35788123954,-13.491801182955,4.02201067777507));
#8230=CARTESIAN_POINT('Ctrl Pts',(-14.5698271587542,-13.4963948230442,3.62934498046883));
#8231=CARTESIAN_POINT('',(-10.1028524279339,-11.3602523493196,11.7273581332592));
#8232=CARTESIAN_POINT('Origin',(-9.35378745531083,-11.3602523493196,11.0648615922952));
#8233=CARTESIAN_POINT('Ctrl Pts',(-10.1028524279339,-11.3602523493196,11.7273581332592));
#8234=CARTESIAN_POINT('Ctrl Pts',(-10.9442322069724,-11.7198797789185,10.7760352475064));
#8235=CARTESIAN_POINT('Ctrl Pts',(-12.3978724960093,-12.1497539716592,9.13892095561827));
#8236=CARTESIAN_POINT('Ctrl Pts',(-13.9867235680817,-12.3892595280171,6.86382532962543));
#8237=CARTESIAN_POINT('Ctrl Pts',(-14.8558322730242,-12.4740330879917,5.23276767818253));
#8238=CARTESIAN_POINT('Ctrl Pts',(-15.2440094347072,-12.4919604001193,4.46646943918741));
#8239=CARTESIAN_POINT('Ctrl Pts',(-15.4458041877318,-12.4964632446769,4.09999999975074));
#8240=CARTESIAN_POINT('Ctrl Pts',(-9.35378745531082,-12.2954857154462,11.4188934423928));
#8241=CARTESIAN_POINT('Ctrl Pts',(-9.06309854803893,-12.1639888710364,11.7662639865922));
#8242=CARTESIAN_POINT('Ctrl Pts',(-8.19875411231802,-11.7300802434787,12.7955471638745));
#8243=CARTESIAN_POINT('Ctrl Pts',(-6.7886625178611,-11.0759956830403,14.3201983635725));
#8244=CARTESIAN_POINT('Ctrl Pts',(-5.18202466650834,-10.6768557034611,16.3193140902218));
#8245=CARTESIAN_POINT('Ctrl Pts',(-4.35931625557391,-10.55652166827,17.9056646794113));
#8246=CARTESIAN_POINT('Ctrl Pts',(-4.09391831844483,-10.5260112787022,18.7539178743724));
#8247=CARTESIAN_POINT('Ctrl Pts',(-9.54958970296693,-12.2381475061041,11.570361753834));
#8248=CARTESIAN_POINT('Ctrl Pts',(-9.25749130815865,-12.1043215243691,11.9145379817033));
#8249=CARTESIAN_POINT('Ctrl Pts',(-8.39047277294357,-11.6644409026408,12.9331418352286));
#8250=CARTESIAN_POINT('Ctrl Pts',(-6.99723626661691,-11.0268722695787,14.475541028261));
#8251=CARTESIAN_POINT('Ctrl Pts',(-5.42489617773433,-10.6605510649596,16.4776027011828));
#8252=CARTESIAN_POINT('Ctrl Pts',(-4.63211020270342,-10.5501473446867,18.0228688732045));
#8253=CARTESIAN_POINT('Ctrl Pts',(-4.37826598557779,-10.5229029392888,18.8403362674448));
#8254=CARTESIAN_POINT('Ctrl Pts',(-9.89033969256928,-11.9718724562966,11.7709335160955));
#8255=CARTESIAN_POINT('Ctrl Pts',(-9.59592599630074,-11.8388194669587,12.1075915081367));
#8256=CARTESIAN_POINT('Ctrl Pts',(-8.72483940830844,-11.4026326969131,13.1023739362465));
#8257=CARTESIAN_POINT('Ctrl Pts',(-7.36049357132697,-10.758484485127,14.6851918123811));
#8258=CARTESIAN_POINT('Ctrl Pts',(-5.84602661479368,-10.3997600969905,16.7236461650048));
#8259=CARTESIAN_POINT('Ctrl Pts',(-5.1049372408827,-10.2958014435791,18.2106155128264));
#8260=CARTESIAN_POINT('Ctrl Pts',(-4.87070342714814,-10.2700929481219,18.9810973286187));
#8261=CARTESIAN_POINT('Ctrl Pts',(-10.0684091174993,-11.54360172674,11.7663021515181));
#8262=CARTESIAN_POINT('Ctrl Pts',(-9.77570936919618,-11.416602536073,12.0971757481004));
#8263=CARTESIAN_POINT('Ctrl Pts',(-8.91016685285055,-10.9983492417758,13.0739894220596));
#8264=CARTESIAN_POINT('Ctrl Pts',(-7.53891700094562,-10.3078493616295,14.6854334505733));
#8265=CARTESIAN_POINT('Ctrl Pts',(-6.01388929251051,-9.89492425915278,16.7725603245034));
#8266=CARTESIAN_POINT('Ctrl Pts',(-5.27940217797518,-9.77911220752963,18.2542480072865));
#8267=CARTESIAN_POINT('Ctrl Pts',(-5.04837022863185,-9.74943015378948,19.0164358795409));
#8268=CARTESIAN_POINT('Ctrl Pts',(-10.1028524279339,-11.3602523493196,11.7273581332592));
#8269=CARTESIAN_POINT('Ctrl Pts',(-9.8117633322107,-11.2358333581729,12.0564838449218));
#8270=CARTESIAN_POINT('Ctrl Pts',(-8.95081038066329,-10.8252145582136,13.0278302229333));
#8271=CARTESIAN_POINT('Ctrl Pts',(-7.56870072464907,-10.1149237950074,14.6476443119732));
#8272=CARTESIAN_POINT('Ctrl Pts',(-6.02486112174005,-9.67891425995025,16.7532904298433));
#8273=CARTESIAN_POINT('Ctrl Pts',(-5.28388186686363,-9.55802659764226,18.2425189290887));
#8274=CARTESIAN_POINT('Ctrl Pts',(-5.05060194391836,-9.52665751798816,19.009102219507));
#8275=CARTESIAN_POINT('',(-5.05060194391836,-9.52665751798816,19.009102219507));
#8276=CARTESIAN_POINT('Origin',(-4.09391831844483,-9.52665751798816,18.7179726250807));
#8277=CARTESIAN_POINT('Ctrl Pts',(-5.05060194391836,-9.52665751798816,19.009102219507));
#8278=CARTESIAN_POINT('Ctrl Pts',(-5.28388186686363,-9.55802659764226,18.2425189290887));
#8279=CARTESIAN_POINT('Ctrl Pts',(-6.02486112174005,-9.67891425995025,16.7532904298433));
#8280=CARTESIAN_POINT('Ctrl Pts',(-7.56870072464907,-10.1149237950074,14.6476443119732));
#8281=CARTESIAN_POINT('Ctrl Pts',(-8.95081038066329,-10.8252145582136,13.0278302229333));
#8282=CARTESIAN_POINT('Ctrl Pts',(-9.8117633322107,-11.2358333581729,12.0564838449218));
#8283=CARTESIAN_POINT('Ctrl Pts',(-10.1028524279339,-11.3602523493196,11.7273581332592));
#8284=CARTESIAN_POINT('Ctrl Pts',(-5.0193468330006,-9.5074929295393,19.1146943887511));
#8285=CARTESIAN_POINT('Ctrl Pts',(-5.02925415394355,-9.51878809853719,19.0802551272953));
#8286=CARTESIAN_POINT('Ctrl Pts',(-5.03976121988738,-9.52519976913327,19.0447260219869));
#8287=CARTESIAN_POINT('Ctrl Pts',(-5.05060194396499,-9.52665751799443,19.0091022193538));
#8288=CARTESIAN_POINT('Ctrl Pts',(-4.99837887554496,-9.7818286294417,19.1875820011709));
#8289=CARTESIAN_POINT('Ctrl Pts',(-5.01379791105221,-9.80298248260341,19.1331060561734));
#8290=CARTESIAN_POINT('Ctrl Pts',(-5.02996978475716,-9.81687987027362,19.0764625902396));
#8291=CARTESIAN_POINT('Ctrl Pts',(-5.04762632353993,-9.82368769902874,19.0188804328729));
#8292=CARTESIAN_POINT('Ctrl Pts',(-4.74487056737588,-10.2577179824809,19.2515555096036));
#8293=CARTESIAN_POINT('Ctrl Pts',(-4.7634715401802,-10.2954673537482,19.1593930114276));
#8294=CARTESIAN_POINT('Ctrl Pts',(-4.78390416987848,-10.322644334666,19.0627824478893));
#8295=CARTESIAN_POINT('Ctrl Pts',(-4.80561007720242,-10.338088066353,18.9637343718448));
#8296=CARTESIAN_POINT('Ctrl Pts',(-4.26407402414232,-10.4527915452327,19.169360098066));
#8297=CARTESIAN_POINT('Ctrl Pts',(-4.27754354775958,-10.4903599446247,19.0557056474244));
#8298=CARTESIAN_POINT('Ctrl Pts',(-4.2920558526594,-10.5140793798111,18.9379627729986));
#8299=CARTESIAN_POINT('Ctrl Pts',(-4.30717906882567,-10.523680024096,18.8187316695193));
#8300=CARTESIAN_POINT('Ctrl Pts',(-4.05832224921552,-10.4685175133244,19.1146943887511));
#8301=CARTESIAN_POINT('Ctrl Pts',(-4.06961741821341,-10.502403020318,18.9969035306942));
#8302=CARTESIAN_POINT('Ctrl Pts',(-4.08158504193105,-10.5216380321063,18.8755033538137));
#8303=CARTESIAN_POINT('Ctrl Pts',(-4.09391831849788,-10.5260112786898,18.753917874719));
#8304=CARTESIAN_POINT('',(-4.05832224921552,-10.4685175133244,19.1146943887511));
#8305=CARTESIAN_POINT('Ctrl Pts',(-4.09391831849788,-10.5260112786898,18.753917874719));
#8306=CARTESIAN_POINT('Ctrl Pts',(-4.08158504193105,-10.5216380321063,18.8755033538137));
#8307=CARTESIAN_POINT('Ctrl Pts',(-4.06961741821341,-10.502403020318,18.9969035306942));
#8308=CARTESIAN_POINT('Ctrl Pts',(-4.05832224921552,-10.4685175133244,19.1146943887511));
#8309=CARTESIAN_POINT('',(-5.0193468330006,-9.5074929295393,19.1146943887511));
#8310=CARTESIAN_POINT('Origin',(-4.05832224921552,-9.5074929295393,18.8382314629171));
#8311=CARTESIAN_POINT('Ctrl Pts',(-5.0193468330006,-9.5074929295393,19.1146943887511));
#8312=CARTESIAN_POINT('Ctrl Pts',(-5.02925415394355,-9.51878809853719,19.0802551272953));
#8313=CARTESIAN_POINT('Ctrl Pts',(-5.03976121988738,-9.52519976913327,19.0447260219869));
#8314=CARTESIAN_POINT('Ctrl Pts',(-5.05060194396499,-9.52665751799443,19.0091022193538));
#8315=CARTESIAN_POINT('Ctrl Pts',(-4.05832224921552,-10.4685175133244,19.1146943887511));
#8316=CARTESIAN_POINT('Ctrl Pts',(-4.02969267609671,-10.3826287939679,19.4132558342771));
#8317=CARTESIAN_POINT('Ctrl Pts',(-3.94496249326243,-10.1284382454546,19.7723537122381));
#8318=CARTESIAN_POINT('Ctrl Pts',(-3.77184048084795,-9.609072208215,20.11754987977));
#8319=CARTESIAN_POINT('Ctrl Pts',(-3.65698391038485,-9.26450249680451,20.1981907708043));
#8320=CARTESIAN_POINT('Ctrl Pts',(-3.57991296228805,-9.03328965254369,20.1999931595603));
#8321=CARTESIAN_POINT('Ctrl Pts',(-3.57886167064297,-9.03013577760933,20.2000000000001));
#8322=CARTESIAN_POINT('Ctrl Pts',(-3.57780995732299,-9.02698063764677,20.2000000000001));
#8323=CARTESIAN_POINT('Ctrl Pts',(-4.33265794911792,-10.4475495558687,19.1875820011709));
#8324=CARTESIAN_POINT('Ctrl Pts',(-4.26933062582126,-10.3331383620426,19.5255445510083));
#8325=CARTESIAN_POINT('Ctrl Pts',(-4.10897713066817,-10.0348182206717,19.85973800672));
#8326=CARTESIAN_POINT('Ctrl Pts',(-3.84697827333321,-9.53687333331666,20.1394222360739));
#8327=CARTESIAN_POINT('Ctrl Pts',(-3.68720648106395,-9.23434566872237,20.1983366704126));
#8328=CARTESIAN_POINT('Ctrl Pts',(-3.58071358009615,-9.03248851976657,20.1999977738878));
#8329=CARTESIAN_POINT('Ctrl Pts',(-3.57926232333662,-9.029735124916,20.2000000000001));
#8330=CARTESIAN_POINT('Ctrl Pts',(-3.57780995732299,-9.02698063764677,20.2000000000001));
#8331=CARTESIAN_POINT('Ctrl Pts',(-4.80854710373248,-10.1940410829553,19.2515554051289));
#8332=CARTESIAN_POINT('Ctrl Pts',(-4.68755684641824,-10.0797395364964,19.6218063881727));
#8333=CARTESIAN_POINT('Ctrl Pts',(-4.39714853809993,-9.80577270590861,19.9295877317658));
#8334=CARTESIAN_POINT('Ctrl Pts',(-3.97974208020716,-9.41027425271398,20.1567418418136));
#8335=CARTESIAN_POINT('Ctrl Pts',(-3.74033258454775,-9.18197056108878,20.1986393405636));
#8336=CARTESIAN_POINT('Ctrl Pts',(-3.5821124973235,-9.03108281537095,20.1999994721925));
#8337=CARTESIAN_POINT('Ctrl Pts',(-3.57996346555053,-9.02903398270268,20.2000000000001));
#8338=CARTESIAN_POINT('Ctrl Pts',(-3.57780995732299,-9.02698063764677,20.2000000000001));
#8339=CARTESIAN_POINT('Ctrl Pts',(-5.00362086490887,-9.7132447044661,19.169360098066));
#8340=CARTESIAN_POINT('Ctrl Pts',(-4.89682347634969,-9.65903130587366,19.4972233991392));
#8341=CARTESIAN_POINT('Ctrl Pts',(-4.6096281720477,-9.51766434837845,19.8379853482855));
#8342=CARTESIAN_POINT('Ctrl Pts',(-4.10629507869084,-9.27785283696242,20.1342729596133));
#8343=CARTESIAN_POINT('Ctrl Pts',(-3.79281288367106,-9.12891040496304,20.1983555215551));
#8344=CARTESIAN_POINT('Ctrl Pts',(-3.58351722075248,-9.02968329365773,20.1999961146447));
#8345=CARTESIAN_POINT('Ctrl Pts',(-3.58066460776443,-9.02833284048936,20.2000000000001));
#8346=CARTESIAN_POINT('Ctrl Pts',(-3.57780995732299,-9.02698063764677,20.2000000000001));
#8347=CARTESIAN_POINT('Ctrl Pts',(-5.0193468330006,-9.5074929295393,19.1146943887511));
#8348=CARTESIAN_POINT('Ctrl Pts',(-4.93345811364416,-9.47886335642049,19.4132558342771));
#8349=CARTESIAN_POINT('Ctrl Pts',(-4.67926756514139,-9.39413317358282,19.7723537122381));
#8350=CARTESIAN_POINT('Ctrl Pts',(-4.15990152789793,-9.2210111611696,20.11754987977));
#8351=CARTESIAN_POINT('Ctrl Pts',(-3.81533181650874,-9.10615459069967,20.1981907708042));
#8352=CARTESIAN_POINT('Ctrl Pts',(-3.58411897221818,-9.02908364261242,20.1999931595603));
#8353=CARTESIAN_POINT('Ctrl Pts',(-3.58096509728467,-9.02803235096937,20.2000000000001));
#8354=CARTESIAN_POINT('Ctrl Pts',(-3.57780995732299,-9.02698063764677,20.2000000000001));
#8355=CARTESIAN_POINT('',(-3.57780995732298,-9.02698063764677,20.2000000000001));
#8356=CARTESIAN_POINT('Ctrl Pts',(-4.05832224921552,-10.4685175133244,19.1146943887511));
#8357=CARTESIAN_POINT('Ctrl Pts',(-4.02969267609671,-10.3826287939679,19.4132558342771));
#8358=CARTESIAN_POINT('Ctrl Pts',(-3.94496249326243,-10.1284382454546,19.7723537122381));
#8359=CARTESIAN_POINT('Ctrl Pts',(-3.77184048084795,-9.609072208215,20.11754987977));
#8360=CARTESIAN_POINT('Ctrl Pts',(-3.65698391038485,-9.26450249680451,20.1981907708043));
#8361=CARTESIAN_POINT('Ctrl Pts',(-3.57991296228805,-9.03328965254369,20.1999931595603));
#8362=CARTESIAN_POINT('Ctrl Pts',(-3.57886167064297,-9.03013577760933,20.2000000000001));
#8363=CARTESIAN_POINT('Ctrl Pts',(-3.57780995732299,-9.02698063764677,20.2000000000001));
#8364=CARTESIAN_POINT('Ctrl Pts',(-3.57780995732299,-9.02698063764677,20.2000000000001));
#8365=CARTESIAN_POINT('Ctrl Pts',(-3.58096509728467,-9.02803235096937,20.2000000000001));
#8366=CARTESIAN_POINT('Ctrl Pts',(-3.58411897221818,-9.02908364261242,20.1999931595603));
#8367=CARTESIAN_POINT('Ctrl Pts',(-3.81533181650874,-9.10615459069967,20.1981907708042));
#8368=CARTESIAN_POINT('Ctrl Pts',(-4.15990152789793,-9.2210111611696,20.11754987977));
#8369=CARTESIAN_POINT('Ctrl Pts',(-4.67926756514139,-9.39413317358282,19.7723537122381));
#8370=CARTESIAN_POINT('Ctrl Pts',(-4.93345811364416,-9.47886335642049,19.4132558342771));
#8371=CARTESIAN_POINT('Ctrl Pts',(-5.0193468330006,-9.5074929295393,19.1146943887511));
#8372=CARTESIAN_POINT('Ctrl Pts',(6.28598604576485,-9.02698063764677,20.2000000000001));
#8373=CARTESIAN_POINT('Ctrl Pts',(2.82601792432519,-9.02698063764677,20.2000000000001));
#8374=CARTESIAN_POINT('Ctrl Pts',(-0.633950197114485,-9.02698063764677,
20.2000000000001));
#8375=CARTESIAN_POINT('Ctrl Pts',(-4.09391831855415,-9.02698063764677,20.2000000000001));
#8376=CARTESIAN_POINT('Ctrl Pts',(6.28598604576485,-9.46550730405017,20.2000000000001));
#8377=CARTESIAN_POINT('Ctrl Pts',(2.82601792432519,-9.46550730405017,20.2000000000001));
#8378=CARTESIAN_POINT('Ctrl Pts',(-0.633950197114489,-9.46550730405017,
20.2000000000001));
#8379=CARTESIAN_POINT('Ctrl Pts',(-4.09391831855415,-9.46550730405017,20.2000000000001));
#8380=CARTESIAN_POINT('Ctrl Pts',(6.28598604576485,-10.2254444118135,19.8413362842679));
#8381=CARTESIAN_POINT('Ctrl Pts',(2.82601792432518,-10.2254444118135,19.8413362842679));
#8382=CARTESIAN_POINT('Ctrl Pts',(-0.63395019711448,-10.2254444118135,19.8413362842679));
#8383=CARTESIAN_POINT('Ctrl Pts',(-4.09391831855415,-10.2254444118135,19.8413362842679));
#8384=CARTESIAN_POINT('Ctrl Pts',(6.28598604576485,-10.5141890659547,19.0826003288879));
#8385=CARTESIAN_POINT('Ctrl Pts',(2.82601792432519,-10.5141890659547,19.0826003288879));
#8386=CARTESIAN_POINT('Ctrl Pts',(-0.633950197114485,-10.5141890659547,
19.0826003288879));
#8387=CARTESIAN_POINT('Ctrl Pts',(-4.09391831855415,-10.5141890659547,19.0826003288879));
#8388=CARTESIAN_POINT('Ctrl Pts',(6.28598604576485,-10.5260112787172,18.7539178739553));
#8389=CARTESIAN_POINT('Ctrl Pts',(2.82601792432519,-10.5260112787172,18.7539178739553));
#8390=CARTESIAN_POINT('Ctrl Pts',(-0.633950197114483,-10.5260112787172,
18.7539178739553));
#8391=CARTESIAN_POINT('Ctrl Pts',(-4.09391831855415,-10.5260112787172,18.7539178739553));
#8392=CARTESIAN_POINT('',(6.28598604576485,-9.02698063764677,20.2000000000001));
#8393=CARTESIAN_POINT('Ctrl Pts',(3.19422706774543,-10.5260112787172,18.7539178739553));
#8394=CARTESIAN_POINT('Ctrl Pts',(3.20136958270113,-10.5238438086282,18.8141781149236));
#8395=CARTESIAN_POINT('Ctrl Pts',(3.22012608253364,-10.5181538295751,18.8714104821137));
#8396=CARTESIAN_POINT('Ctrl Pts',(3.28566964956911,-10.4979064981414,19.0046404471569));
#8397=CARTESIAN_POINT('Ctrl Pts',(3.34147492254009,-10.4803854103135,19.0768079990615));
#8398=CARTESIAN_POINT('Ctrl Pts',(3.51241586258706,-10.4248084877531,19.2579384786011));
#8399=CARTESIAN_POINT('Ctrl Pts',(3.66118675409998,-10.374410483184,19.3702926174407));
#8400=CARTESIAN_POINT('Ctrl Pts',(4.15146591708332,-10.1922743952632,19.6722885400039));
#8401=CARTESIAN_POINT('Ctrl Pts',(4.57880320228693,-10.0151027120445,19.8612874671022));
#8402=CARTESIAN_POINT('Ctrl Pts',(5.45796845977974,-9.56206033081034,20.1233680158313));
#8403=CARTESIAN_POINT('Ctrl Pts',(5.88618924283224,-9.30538127073275,20.2000000000001));
#8404=CARTESIAN_POINT('Ctrl Pts',(6.28598604576485,-9.02698063764676,20.2000000000001));
#8405=CARTESIAN_POINT('Ctrl Pts',(6.28598604576485,-9.02698063764677,20.2000000000001));
#8406=CARTESIAN_POINT('Ctrl Pts',(2.99805404473557,-9.02698063764677,20.2000000000001));
#8407=CARTESIAN_POINT('Ctrl Pts',(-0.289877956293708,-9.02698063764677,
20.2000000000001));
#8408=CARTESIAN_POINT('Ctrl Pts',(-3.57780995732299,-9.02698063764677,20.2000000000001));
#8409=CARTESIAN_POINT('Ctrl Pts',(-15.9529868602934,-13.5,-2.87443022219807));
#8410=CARTESIAN_POINT('Ctrl Pts',(12.4912451703627,-13.5,-2.87443022219807));
#8411=CARTESIAN_POINT('Ctrl Pts',(-15.9529868602934,-13.5,-2.91628681479871));
#8412=CARTESIAN_POINT('Ctrl Pts',(12.4912451703627,-13.5,-2.91628681479871));
#8413=CARTESIAN_POINT('Ctrl Pts',(-15.9529868602934,-13.5,-2.95814340739936));
#8414=CARTESIAN_POINT('Ctrl Pts',(12.4912451703627,-13.5,-2.95814340739936));
#8415=CARTESIAN_POINT('Ctrl Pts',(-15.9529868602934,-13.5,-3.));
#8416=CARTESIAN_POINT('Ctrl Pts',(12.4912451703627,-13.5,-3.));
#8417=CARTESIAN_POINT('Ctrl Pts',(-15.9529868602934,-13.5,-4.43085019624776));
#8418=CARTESIAN_POINT('Ctrl Pts',(12.4912451703627,-13.5,-4.43085019624776));
#8419=CARTESIAN_POINT('Ctrl Pts',(-15.9529868602934,-13.1609277629922,-5.79570709060454));
#8420=CARTESIAN_POINT('Ctrl Pts',(12.4912451703627,-13.1609277629922,-5.79570709060454));
#8421=CARTESIAN_POINT('Ctrl Pts',(-15.9529868602934,-12.6985718734489,-6.91039190473544));
#8422=CARTESIAN_POINT('Ctrl Pts',(12.4912451703627,-12.6985718734489,-6.91039190473544));
#8423=CARTESIAN_POINT('Ctrl Pts',(-15.9529868602934,-12.1089711832119,-8.33184873198043));
#8424=CARTESIAN_POINT('Ctrl Pts',(12.4912451703627,-12.1089711832119,-8.33184873198043));
#8425=CARTESIAN_POINT('Ctrl Pts',(-15.9529868602934,-11.4140603600143,-9.39371344762359));
#8426=CARTESIAN_POINT('Ctrl Pts',(12.4912451703627,-11.4140603600143,-9.39371344762359));
#8427=CARTESIAN_POINT('Ctrl Pts',(-15.9529868602934,-11.0142832019926,-10.2866208156219));
#8428=CARTESIAN_POINT('Ctrl Pts',(12.4912451703627,-11.0142832019926,-10.2866208156219));
#8429=CARTESIAN_POINT('Ctrl Pts',(-15.9529868602934,-10.6676577824055,-11.0608130996843));
#8430=CARTESIAN_POINT('Ctrl Pts',(12.4912451703627,-10.6676577824055,-11.0608130996843));
#8431=CARTESIAN_POINT('Ctrl Pts',(-15.9529868602934,-10.5,-11.6736426934313));
#8432=CARTESIAN_POINT('Ctrl Pts',(12.4912451703627,-10.5,-11.6736426934313));
#8433=CARTESIAN_POINT('Ctrl Pts',(-15.9529868602934,-10.5,-12.4999999999999));
#8434=CARTESIAN_POINT('Ctrl Pts',(12.4912451703627,-10.5,-12.4999999999999));
#8435=CARTESIAN_POINT('Ctrl Pts',(-15.9529868602934,-10.5,-13.0034894465405));
#8436=CARTESIAN_POINT('Ctrl Pts',(12.4912451703627,-10.5,-13.0034894465405));
#8437=CARTESIAN_POINT('Ctrl Pts',(-15.9529868602934,-10.5,-13.5069788930811));
#8438=CARTESIAN_POINT('Ctrl Pts',(12.4912451703627,-10.5,-13.5069788930811));
#8439=CARTESIAN_POINT('Ctrl Pts',(-15.9529868602934,-10.5,-14.0104683396217));
#8440=CARTESIAN_POINT('Ctrl Pts',(12.4912451703627,-10.5,-14.0104683396217));
#8441=CARTESIAN_POINT('Ctrl Pts',(-15.9529868602934,-10.5,-14.0523249322224));
#8442=CARTESIAN_POINT('Ctrl Pts',(12.4912451703627,-10.5,-14.0523249322224));
#8443=CARTESIAN_POINT('Ctrl Pts',(-15.9529868602934,-10.5,-14.094181524823));
#8444=CARTESIAN_POINT('Ctrl Pts',(12.4912451703627,-10.5,-14.094181524823));
#8445=CARTESIAN_POINT('Ctrl Pts',(-15.9529868602934,-10.5,-14.1360381174237));
#8446=CARTESIAN_POINT('Ctrl Pts',(12.4912451703627,-10.5,-14.1360381174237));
#8447=CARTESIAN_POINT('',(2.80999762274187,-10.635032362912,-11.3569506001152));
#8448=CARTESIAN_POINT('Ctrl Pts',(2.80999762274187,-10.635032362912,-11.3569506001152));
#8449=CARTESIAN_POINT('Ctrl Pts',(0.445565181203127,-10.635032362912,-11.3569506001152));
#8450=CARTESIAN_POINT('Ctrl Pts',(-1.91886726033561,-10.635032362912,-11.3569506001152));
#8451=CARTESIAN_POINT('Ctrl Pts',(-4.28329970187436,-10.635032362912,-11.3569506001152));
#8452=CARTESIAN_POINT('',(1.30693967246917,-10.9220835325741,-10.4999999999999));
#8453=CARTESIAN_POINT('Ctrl Pts',(2.80999762274186,-10.635032362912,-11.3569506001152));
#8454=CARTESIAN_POINT('Ctrl Pts',(2.77811830956557,-10.6434555431321,-11.3225710133997));
#8455=CARTESIAN_POINT('Ctrl Pts',(2.74510753027964,-10.6520239304689,-11.2892284538136));
#8456=CARTESIAN_POINT('Ctrl Pts',(2.45082462466668,-10.7268634545596,-11.0093442291335));
#8457=CARTESIAN_POINT('Ctrl Pts',(2.11058977991896,-10.8028501913364,-10.800054051673));
#8458=CARTESIAN_POINT('Ctrl Pts',(1.58569786921246,-10.8859601577392,-10.5878172606666));
#8459=CARTESIAN_POINT('Ctrl Pts',(1.44752204156394,-10.9052614056537,-10.5404726143633));
#8460=CARTESIAN_POINT('Ctrl Pts',(1.30693967246917,-10.9220835325741,-10.4999999999999));
#8461=CARTESIAN_POINT('Ctrl Pts',(1.30693967246917,-10.9220835325741,-10.4999999999999));
#8462=CARTESIAN_POINT('Ctrl Pts',(1.97034281541501,-10.9220835325741,-10.4999999999999));
#8463=CARTESIAN_POINT('Ctrl Pts',(2.63374595836084,-10.9220835325741,-10.4999999999999));
#8464=CARTESIAN_POINT('Ctrl Pts',(3.29714910130668,-10.9220835325741,-10.4999999999999));
#8465=CARTESIAN_POINT('Ctrl Pts',(6.06317300377511,-10.635032362912,-11.3569506001152));
#8466=CARTESIAN_POINT('Ctrl Pts',(2.61434876855861,-10.635032362912,-11.3569506001152));
#8467=CARTESIAN_POINT('Ctrl Pts',(-0.83447546665787,-10.635032362912,-11.3569506001152));
#8468=CARTESIAN_POINT('Ctrl Pts',(-4.28329970187436,-10.635032362912,-11.3569506001152));
#8469=CARTESIAN_POINT('Ctrl Pts',(6.06317300377511,-10.5445692454243,-11.7261798592469));
#8470=CARTESIAN_POINT('Ctrl Pts',(2.61434876855862,-10.5445692454243,-11.7261798592469));
#8471=CARTESIAN_POINT('Ctrl Pts',(-0.834475466657877,-10.5445692454243,
-11.7261798592469));
#8472=CARTESIAN_POINT('Ctrl Pts',(-4.28329970187436,-10.5445692454243,-11.7261798592469));
#8473=CARTESIAN_POINT('Ctrl Pts',(6.06317300377511,-10.1292222910691,-12.3056184166));
#8474=CARTESIAN_POINT('Ctrl Pts',(2.61434876855861,-10.1292222910691,-12.3056184166));
#8475=CARTESIAN_POINT('Ctrl Pts',(-0.834475466657859,-10.1292222910691,
-12.3056184166));
#8476=CARTESIAN_POINT('Ctrl Pts',(-4.28329970187436,-10.1292222910691,-12.3056184166));
#8477=CARTESIAN_POINT('Ctrl Pts',(6.06317300377511,-9.46323482895728,-12.4999999999999));
#8478=CARTESIAN_POINT('Ctrl Pts',(2.61434876855862,-9.46323482895728,-12.4999999999999));
#8479=CARTESIAN_POINT('Ctrl Pts',(-0.834475466657881,-9.46323482895728,
-12.4999999999999));
#8480=CARTESIAN_POINT('Ctrl Pts',(-4.28329970187436,-9.46323482895728,-12.4999999999999));
#8481=CARTESIAN_POINT('Ctrl Pts',(6.06317300377511,-9.17812252730877,-12.4999999999999));
#8482=CARTESIAN_POINT('Ctrl Pts',(2.61434876855862,-9.17812252730877,-12.4999999999999));
#8483=CARTESIAN_POINT('Ctrl Pts',(-0.834475466657872,-9.17812252730877,
-12.4999999999999));
#8484=CARTESIAN_POINT('Ctrl Pts',(-4.28329970187436,-9.17812252730878,-12.4999999999999));
#8485=CARTESIAN_POINT('Ctrl Pts',(6.06317300377511,-9.17812252730877,-12.4999999999999));
#8486=CARTESIAN_POINT('Ctrl Pts',(5.71004210797128,-9.41140484707145,-12.4999999999999));
#8487=CARTESIAN_POINT('Ctrl Pts',(5.33795853419177,-9.6269737706029,-12.4461720093131));
#8488=CARTESIAN_POINT('Ctrl Pts',(4.53946284337472,-10.0311213211689,-12.2568300208332));
#8489=CARTESIAN_POINT('Ctrl Pts',(4.13088669304487,-10.201639059405,-12.1144547311267));
#8490=CARTESIAN_POINT('Ctrl Pts',(3.59503840369691,-10.3978625153884,-11.8795993357048));
#8491=CARTESIAN_POINT('Ctrl Pts',(3.40195572538437,-10.4623509924103,-11.7843038874094));
#8492=CARTESIAN_POINT('Ctrl Pts',(3.08274305421613,-10.5602543154443,-11.5908510194609));
#8493=CARTESIAN_POINT('Ctrl Pts',(2.925211811329,-10.6045903684743,-11.4812009616422));
#8494=CARTESIAN_POINT('Ctrl Pts',(2.80999762274187,-10.635032362912,-11.3569506001152));
#8495=CARTESIAN_POINT('Ctrl Pts',(-5.09786880240077,-9.61841372927124,-11.7108395861725));
#8496=CARTESIAN_POINT('Ctrl Pts',(-5.09786880240077,-8.46227581951417,-11.7108395861725));
#8497=CARTESIAN_POINT('Ctrl Pts',(-5.09786880240077,-7.30613790975708,-11.7108395861725));
#8498=CARTESIAN_POINT('Ctrl Pts',(-5.09786880240077,-6.15,-11.7108395861725));
#8499=CARTESIAN_POINT('Ctrl Pts',(-4.9702624603653,-9.61841372927124,-11.9479561627071));
#8500=CARTESIAN_POINT('Ctrl Pts',(-4.9702624603653,-8.46227581951417,-11.9479561627071));
#8501=CARTESIAN_POINT('Ctrl Pts',(-4.9702624603653,-7.30613790975708,-11.9479561627071));
#8502=CARTESIAN_POINT('Ctrl Pts',(-4.9702624603653,-6.15,-11.9479561627071));
#8503=CARTESIAN_POINT('Ctrl Pts',(-4.58438762015595,-9.61841372927124,-12.3513898103563));
#8504=CARTESIAN_POINT('Ctrl Pts',(-4.58438762015595,-8.46227581951417,-12.3513898103563));
#8505=CARTESIAN_POINT('Ctrl Pts',(-4.58438762015595,-7.30613790975708,-12.3513898103563));
#8506=CARTESIAN_POINT('Ctrl Pts',(-4.58438762015595,-6.15,-12.3513898103563));
#8507=CARTESIAN_POINT('Ctrl Pts',(-4.04626764106561,-9.61841372927124,-12.4999999999999));
#8508=CARTESIAN_POINT('Ctrl Pts',(-4.04626764106561,-8.46227581951417,-12.4999999999999));
#8509=CARTESIAN_POINT('Ctrl Pts',(-4.04626764106561,-7.30613790975708,-12.4999999999999));
#8510=CARTESIAN_POINT('Ctrl Pts',(-4.04626764106561,-6.15,-12.4999999999999));
#8511=CARTESIAN_POINT('Ctrl Pts',(-3.77699519651337,-9.61841372927124,-12.4999999999999));
#8512=CARTESIAN_POINT('Ctrl Pts',(-3.77699519651337,-8.46227581951417,-12.4999999999999));
#8513=CARTESIAN_POINT('Ctrl Pts',(-3.77699519651337,-7.30613790975708,-12.4999999999999));
#8514=CARTESIAN_POINT('Ctrl Pts',(-3.77699519651337,-6.15,-12.4999999999999));
#8515=CARTESIAN_POINT('',(-5.09786880240077,-6.15,-11.7108395861725));
#8516=CARTESIAN_POINT('Ctrl Pts',(-5.09786880240077,-9.61841372927124,-11.7108395861725));
#8517=CARTESIAN_POINT('Ctrl Pts',(-5.09786880240077,-8.46227581951417,-11.7108395861725));
#8518=CARTESIAN_POINT('Ctrl Pts',(-5.09786880240077,-7.30613790975708,-11.7108395861725));
#8519=CARTESIAN_POINT('Ctrl Pts',(-5.09786880240077,-6.15,-11.7108395861725));
#8520=CARTESIAN_POINT('Ctrl Pts',(-5.09786880240077,-6.15,-11.7108395861725));
#8521=CARTESIAN_POINT('Ctrl Pts',(-4.9702624603653,-6.15,-11.9479561627071));
#8522=CARTESIAN_POINT('Ctrl Pts',(-4.77732504026063,-6.15,-12.1496729865317));
#8523=CARTESIAN_POINT('Ctrl Pts',(-4.5463263354357,-6.15,-12.2876839458549));
#8524=CARTESIAN_POINT('Ctrl Pts',(-4.31532763061078,-6.15,-12.4256949051781));
#8525=CARTESIAN_POINT('Ctrl Pts',(-4.04626764106561,-6.15,-12.4999999999999));
#8526=CARTESIAN_POINT('Ctrl Pts',(-3.77699519651337,-6.15,-12.4999999999999));
#8527=CARTESIAN_POINT('Origin',(0.,-6.15,0.));
#8528=CARTESIAN_POINT('',(-11.0605610809169,-6.15,-7.92987804887167));
#8529=CARTESIAN_POINT('Ctrl Pts',(-11.0605610809169,-6.15,-7.92987804887167));
#8530=CARTESIAN_POINT('Ctrl Pts',(-10.1764402307776,-6.15,-8.2711182767273));
#8531=CARTESIAN_POINT('Ctrl Pts',(-8.43084290514918,-6.15,-9.09433500107102));
#8532=CARTESIAN_POINT('Ctrl Pts',(-7.28150482817275,-6.15,-9.763089410732));
#8533=CARTESIAN_POINT('Ctrl Pts',(-6.47577700284515,-6.15,-10.2319105930876));
#8534=CARTESIAN_POINT('Ctrl Pts',(-5.92190737439224,-6.15,-10.6500878993634));
#8535=CARTESIAN_POINT('Ctrl Pts',(-5.53127258973222,-6.15,-11.0931148070941));
#8536=CARTESIAN_POINT('Ctrl Pts',(-5.36468269120757,-6.15,-11.2820478220246));
#8537=CARTESIAN_POINT('Ctrl Pts',(-5.22593787975703,-6.15,-11.4728631604066));
#8538=CARTESIAN_POINT('Ctrl Pts',(-5.09786880240077,-6.15,-11.7108395861725));
#8539=CARTESIAN_POINT('',(-15.4458041875945,-6.15,-4.1));
#8540=CARTESIAN_POINT('Origin',(-8.,-6.15,0.));
#8541=CARTESIAN_POINT('',(-9.58240774364773,-6.15,-4.1));
#8542=CARTESIAN_POINT('',(-7.72290209379726,-6.15,-4.1));
#8543=CARTESIAN_POINT('',(-9.4762706388726,-6.15,-3.82499999999999));
#8544=CARTESIAN_POINT('',(-8.27261374677949,-6.15,-0.706339037587974));
#8545=CARTESIAN_POINT('',(-9.47627063887254,-6.15,3.82500000000001));
#8546=CARTESIAN_POINT('Origin',(-7.99999999972811,-6.15,0.));
#8547=CARTESIAN_POINT('',(-9.58240774362848,-6.15,4.09999999994993));
#8548=CARTESIAN_POINT('',(-8.2195451943897,-6.15,0.568839037586943));
#8549=CARTESIAN_POINT('',(-15.4458041877242,-6.15,4.09999999976441));
#8550=CARTESIAN_POINT('',(-4.7912038718791,-6.15,4.10000000010153));
#8551=CARTESIAN_POINT('',(-10.1028524279359,-6.15,11.7273581332569));
#8552=CARTESIAN_POINT('Ctrl Pts',(-10.1028524279359,-6.15,11.7273581332569));
#8553=CARTESIAN_POINT('Ctrl Pts',(-11.329435609816,-6.15,10.3404973109829));
#8554=CARTESIAN_POINT('Ctrl Pts',(-12.5355471106749,-6.15,8.96613886965692));
#8555=CARTESIAN_POINT('Ctrl Pts',(-14.4536686847289,-6.15,6.11954914863819));
#8556=CARTESIAN_POINT('Ctrl Pts',(-14.869233739571,-6.15,5.14708098558707));
#8557=CARTESIAN_POINT('Ctrl Pts',(-15.4458041877242,-6.15,4.09999999976441));
#8558=CARTESIAN_POINT('',(-9.62890749365285,-6.15,12.2634556119097));
#8559=CARTESIAN_POINT('Ctrl Pts',(-9.62893176097964,-6.15,12.2634770222906));
#8560=CARTESIAN_POINT('Ctrl Pts',(-9.78831439462648,-6.15,12.082826781373));
#8561=CARTESIAN_POINT('Ctrl Pts',(-9.94659956739631,-6.15,11.9040285571237));
#8562=CARTESIAN_POINT('Ctrl Pts',(-10.1028524279339,-6.15,11.7273581332592));
#8563=CARTESIAN_POINT('',(-1.81138059453519,-6.15,12.2634556119097));
#8564=CARTESIAN_POINT('',(-0.905690297267596,-6.15,12.2634556119097));
#8565=CARTESIAN_POINT('',(-1.8,-6.15,12.4999999999999));
#8566=CARTESIAN_POINT('Ctrl Pts',(-1.81138059453519,-6.15,12.2634556119097));
#8567=CARTESIAN_POINT('Ctrl Pts',(-1.80379898033856,-6.15,12.3400462944541));
#8568=CARTESIAN_POINT('Ctrl Pts',(-1.8,-6.15,12.4188913140816));
#8569=CARTESIAN_POINT('Ctrl Pts',(-1.8,-6.15,12.4999999999999));
#8570=CARTESIAN_POINT('',(-1.80000000000002,-6.15,8.5));
#8571=CARTESIAN_POINT('',(-1.80000000000005,-6.15,4.25000000000001));
#8572=CARTESIAN_POINT('',(-0.837,-6.15,8.5));
#8573=CARTESIAN_POINT('',(4.50000000000004,-6.15,8.5));
#8574=CARTESIAN_POINT('',(-0.836999999999999,-6.15,6.24030696381749));
#8575=CARTESIAN_POINT('',(-0.837,-6.15,3.12015348190875));
#8576=CARTESIAN_POINT('',(1.49791769961645,-6.15,0.198895386702719));
#8577=CARTESIAN_POINT('Origin',(-7.99999999981369,-6.15,0.));
#8578=CARTESIAN_POINT('',(-3.00109594748204,-6.15,0.104681782475115));
#8579=CARTESIAN_POINT('',(-1.50230129783413,-6.15,0.136067961094833));
#8580=CARTESIAN_POINT('',(-3.92691895421875,-6.15,-2.90000186138133));
#8581=CARTESIAN_POINT('Origin',(-7.99999999981369,-6.15,0.));
#8582=CARTESIAN_POINT('',(-0.261146013183298,-6.15,-5.51000353662453));
#8583=CARTESIAN_POINT('',(-1.47617473392274,-6.15,-4.64491258647343));
#8584=CARTESIAN_POINT('',(-0.837000000000003,-6.15,-6.2403069638175));
#8585=CARTESIAN_POINT('Origin',(-7.99999999981369,-6.15,0.));
#8586=CARTESIAN_POINT('',(-0.837,-6.15,-10.4999999999999));
#8587=CARTESIAN_POINT('',(-0.837,-6.15,-5.24999999999996));
#8588=CARTESIAN_POINT('',(-3.24452858596677,-6.15,-10.5));
#8589=CARTESIAN_POINT('',(0.100000000000001,-6.15,-10.4999999999999));
#8590=CARTESIAN_POINT('Ctrl Pts',(-3.24452858596677,-6.15,-10.5));
#8591=CARTESIAN_POINT('Ctrl Pts',(-3.13421524854989,-6.15,-10.5529682923896));
#8592=CARTESIAN_POINT('Ctrl Pts',(-3.02847451288219,-6.15,-10.6087980595025));
#8593=CARTESIAN_POINT('Ctrl Pts',(-2.92804205204174,-6.15,-10.6678903641656));
#8594=CARTESIAN_POINT('Ctrl Pts',(-2.83526175303908,-6.15,-10.7224803010198));
#8595=CARTESIAN_POINT('Ctrl Pts',(-2.74701175930004,-6.15,-10.7798546762125));
#8596=CARTESIAN_POINT('Ctrl Pts',(-2.66383236577257,-6.15,-10.8403105725239));
#8597=CARTESIAN_POINT('Ctrl Pts',(-2.58384550439462,-6.15,-10.8984460937469));
#8598=CARTESIAN_POINT('Ctrl Pts',(-2.50854771635731,-6.15,-10.9594312894841));
#8599=CARTESIAN_POINT('Ctrl Pts',(-2.43837845778853,-6.15,-11.0235098262276));
#8600=CARTESIAN_POINT('Ctrl Pts',(-2.3704616915233,-6.15,-11.0855313879685));
#8601=CARTESIAN_POINT('Ctrl Pts',(-2.3073496732179,-6.15,-11.1504510095839));
#8602=CARTESIAN_POINT('Ctrl Pts',(-2.24939860316963,-6.15,-11.2184679603188));
#8603=CARTESIAN_POINT('Ctrl Pts',(-2.19314698806649,-6.15,-11.2844902672415));
#8604=CARTESIAN_POINT('Ctrl Pts',(-2.14175821778305,-6.15,-11.3534310099734));
#8605=CARTESIAN_POINT('Ctrl Pts',(-2.09551506214857,-6.15,-11.4254499976753));
#8606=CARTESIAN_POINT('Ctrl Pts',(-2.05066940992983,-6.15,-11.4952925166667));
#8607=CARTESIAN_POINT('Ctrl Pts',(-2.01066322556233,-6.15,-11.5680301833615));
#8608=CARTESIAN_POINT('Ctrl Pts',(-1.97571106956845,-6.15,-11.6437855085126));
#8609=CARTESIAN_POINT('Ctrl Pts',(-1.94209076931028,-6.15,-11.7166541686944));
#8610=CARTESIAN_POINT('Ctrl Pts',(-1.91314671609358,-6.15,-11.7923149644978));
#8611=CARTESIAN_POINT('Ctrl Pts',(-1.88902772930212,-6.15,-11.8708535802395));
#8612=CARTESIAN_POINT('Ctrl Pts',(-1.86537164772784,-6.15,-11.9478848385083));
#8613=CARTESIAN_POINT('Ctrl Pts',(-1.84635734717668,-6.15,-12.0276846309268));
#8614=CARTESIAN_POINT('Ctrl Pts',(-1.83208228297405,-6.15,-12.1103094014154));
#8615=CARTESIAN_POINT('Ctrl Pts',(-1.81817386243173,-6.15,-12.1908120204478));
#8616=CARTESIAN_POINT('Ctrl Pts',(-1.80876442569165,-6.15,-12.2739964346376));
#8617=CARTESIAN_POINT('Ctrl Pts',(-1.80390144147865,-6.15,-12.359890141435));
#8618=CARTESIAN_POINT('Ctrl Pts',(-1.80130112753702,-6.15,-12.4058188538263));
#8619=CARTESIAN_POINT('Ctrl Pts',(-1.8,-6.15,-12.4525217788861));
#8620=CARTESIAN_POINT('Ctrl Pts',(-1.8,-6.15,-12.4999999999999));
#8621=CARTESIAN_POINT('Ctrl Pts',(-20.9923584416267,-5.79063220730326,-4.09654599494296));
#8622=CARTESIAN_POINT('Ctrl Pts',(-20.9923584416267,-16.4945177151466,-4.09654599494296));
#8623=CARTESIAN_POINT('Ctrl Pts',(-19.8203076176539,-5.79063220730326,-4.54891728577721));
#8624=CARTESIAN_POINT('Ctrl Pts',(-19.8203076176539,-16.4945177151466,-4.54891728577721));
#8625=CARTESIAN_POINT('Ctrl Pts',(-18.6482567936811,-5.79063220730326,-5.00128857661146));
#8626=CARTESIAN_POINT('Ctrl Pts',(-18.6482567936811,-16.4945177151466,-5.00128857661146));
#8627=CARTESIAN_POINT('Ctrl Pts',(-15.3376576734445,-5.79063220730326,-6.27906592792103));
#8628=CARTESIAN_POINT('Ctrl Pts',(-15.3376576734445,-16.4945177151466,-6.27906592792103));
#8629=CARTESIAN_POINT('Ctrl Pts',(-13.1991093771807,-5.79063220730326,-7.10447198839635));
#8630=CARTESIAN_POINT('Ctrl Pts',(-13.1991093771807,-16.4945177151466,-7.10447198839635));
#8631=CARTESIAN_POINT('Ctrl Pts',(-11.0605610809169,-5.79063220730326,-7.92987804887167));
#8632=CARTESIAN_POINT('Ctrl Pts',(-11.0605610809169,-16.4945177151466,-7.92987804887167));
#8633=CARTESIAN_POINT('Ctrl Pts',(-10.2138110967296,-5.79063220730326,-8.25669440830421));
#8634=CARTESIAN_POINT('Ctrl Pts',(-10.2138110967296,-16.4945177151466,-8.25669440830421));
#8635=CARTESIAN_POINT('Ctrl Pts',(-8.83842402865757,-5.79063220730326,-8.92629661399057));
#8636=CARTESIAN_POINT('Ctrl Pts',(-8.83842402865757,-16.4945177151466,-8.92629661399057));
#8637=CARTESIAN_POINT('Ctrl Pts',(-6.99952784974415,-5.79063220730326,-9.89126358332694));
#8638=CARTESIAN_POINT('Ctrl Pts',(-6.99952784974415,-16.4945177151466,-9.89126358332694));
#8639=CARTESIAN_POINT('Ctrl Pts',(-6.31990672055715,-5.79063220730326,-10.3397757196046));
#8640=CARTESIAN_POINT('Ctrl Pts',(-6.31990672055715,-16.4945177151466,-10.3397757196046));
#8641=CARTESIAN_POINT('Ctrl Pts',(-5.58698522005618,-5.79063220730326,-11.0109492609441));
#8642=CARTESIAN_POINT('Ctrl Pts',(-5.58698522005618,-16.4945177151466,-11.0109492609441));
#8643=CARTESIAN_POINT('Ctrl Pts',(-5.35782109295282,-5.79063220730326,-11.273227455849));
#8644=CARTESIAN_POINT('Ctrl Pts',(-5.35782109295282,-16.4945177151466,-11.273227455849));
#8645=CARTESIAN_POINT('Ctrl Pts',(-5.04015373505183,-5.79063220730326,-11.7988749532653));
#8646=CARTESIAN_POINT('Ctrl Pts',(-5.04015373505183,-16.4945177151466,-11.7988749532653));
#8647=CARTESIAN_POINT('Ctrl Pts',(-4.89604299899906,-5.79063220730326,-12.0987866531514));
#8648=CARTESIAN_POINT('Ctrl Pts',(-4.89604299899906,-16.4945177151466,-12.0987866531514));
#8649=CARTESIAN_POINT('Ctrl Pts',(-4.8,-5.79063220730326,-12.4999999999999));
#8650=CARTESIAN_POINT('Ctrl Pts',(-4.8,-16.4945177151466,-12.4999999999999));
#8651=CARTESIAN_POINT('Ctrl Pts',(-4.67810526068147,-5.79063220730326,-13.0092073012598));
#8652=CARTESIAN_POINT('Ctrl Pts',(-4.67810526068147,-16.4945177151466,-13.0092073012598));
#8653=CARTESIAN_POINT('Ctrl Pts',(-4.55621052136294,-5.79063220730326,-13.5184146025196));
#8654=CARTESIAN_POINT('Ctrl Pts',(-4.55621052136294,-16.4945177151466,-13.5184146025196));
#8655=CARTESIAN_POINT('Ctrl Pts',(-4.43431578204441,-5.79063220730326,-14.0276219037795));
#8656=CARTESIAN_POINT('Ctrl Pts',(-4.43431578204441,-16.4945177151466,-14.0276219037795));
#8657=CARTESIAN_POINT('',(-11.0605610809169,0.,-7.92987804887167));
#8658=CARTESIAN_POINT('Ctrl Pts',(8.85541065420414,8.02461396169726,18.7505409198752));
#8659=CARTESIAN_POINT('Ctrl Pts',(4.53885345130464,8.02461396169726,18.7505409198752));
#8660=CARTESIAN_POINT('Ctrl Pts',(0.222296248405154,8.02461396169726,18.7505409198752));
#8661=CARTESIAN_POINT('Ctrl Pts',(-4.09426095449435,8.02461396169726,18.7505409198752));
#8662=CARTESIAN_POINT('Ctrl Pts',(8.85541065420414,8.00981658153402,19.1894618441832));
#8663=CARTESIAN_POINT('Ctrl Pts',(4.53885345130464,8.00981658153402,19.1894618441832));
#8664=CARTESIAN_POINT('Ctrl Pts',(0.222296248405154,8.00981658153402,19.1894618441832));
#8665=CARTESIAN_POINT('Ctrl Pts',(-4.09426095449435,8.00981658153402,19.1894618441832));
#8666=CARTESIAN_POINT('Ctrl Pts',(8.85541065420414,7.62460022243521,19.9379152706428));
#8667=CARTESIAN_POINT('Ctrl Pts',(4.53885345130463,7.62460022243521,19.9379152706428));
#8668=CARTESIAN_POINT('Ctrl Pts',(0.22229624840515,7.62460022243521,19.9379152706428));
#8669=CARTESIAN_POINT('Ctrl Pts',(-4.09426095449435,7.62460022243521,19.9379152706428));
#8670=CARTESIAN_POINT('Ctrl Pts',(8.85541065420414,6.85484337965196,20.2000000000001));
#8671=CARTESIAN_POINT('Ctrl Pts',(4.53885345130464,6.85484337965196,20.2000000000001));
#8672=CARTESIAN_POINT('Ctrl Pts',(0.222296248405157,6.85484337965196,20.2000000000001));
#8673=CARTESIAN_POINT('Ctrl Pts',(-4.09426095449435,6.85484337965196,20.2000000000001));
#8674=CARTESIAN_POINT('Ctrl Pts',(8.85541065420414,6.52546566502406,20.2000000000001));
#8675=CARTESIAN_POINT('Ctrl Pts',(4.53885345130464,6.52546566502406,20.2000000000001));
#8676=CARTESIAN_POINT('Ctrl Pts',(0.222296248405154,6.52546566502406,20.2000000000001));
#8677=CARTESIAN_POINT('Ctrl Pts',(-4.09426095449435,6.52546566502406,20.2000000000001));
#8678=CARTESIAN_POINT('',(8.85541065420414,6.52546566502406,20.2000000000001));
#8679=CARTESIAN_POINT('Ctrl Pts',(-3.57780995732298,6.52546566502406,20.2000000000001));
#8680=CARTESIAN_POINT('Ctrl Pts',(0.566596913186061,6.52546566502406,20.2000000000001));
#8681=CARTESIAN_POINT('Ctrl Pts',(4.71100378369509,6.52546566502406,20.2000000000001));
#8682=CARTESIAN_POINT('Ctrl Pts',(8.85541065420414,6.52546566502406,20.2000000000001));
#8683=CARTESIAN_POINT('',(7.52366737474042,8.02461396169726,18.7505409198752));
#8684=CARTESIAN_POINT('Ctrl Pts',(8.85541065420414,6.52546566502406,20.2000000000001));
#8685=CARTESIAN_POINT('Ctrl Pts',(8.67860891020791,6.76539521608396,20.2000000000001));
#8686=CARTESIAN_POINT('Ctrl Pts',(8.49015162444588,6.99959488472441,20.1424459624162));
#8687=CARTESIAN_POINT('Ctrl Pts',(8.13146106030304,7.41297084307636,19.9307533051114));
#8688=CARTESIAN_POINT('Ctrl Pts',(7.96600122842068,7.58807523876196,19.7822781882399));
#8689=CARTESIAN_POINT('Ctrl Pts',(7.74590275655549,7.81129070173614,19.4861462248947));
#8690=CARTESIAN_POINT('Ctrl Pts',(7.66900299426968,7.88621274919647,19.3511863534017));
#8691=CARTESIAN_POINT('Ctrl Pts',(7.58716279726909,7.96468899269697,19.1292802866344));
#8692=CARTESIAN_POINT('Ctrl Pts',(7.56586604722222,7.98486799559419,19.055295702846));
#8693=CARTESIAN_POINT('Ctrl Pts',(7.53556911075005,8.01346493313516,18.904014862251));
#8694=CARTESIAN_POINT('Ctrl Pts',(7.5264461142123,8.0220086885206,18.8278187148741));
#8695=CARTESIAN_POINT('Ctrl Pts',(7.52366737474042,8.02461396169726,18.7505409198752));
#8696=CARTESIAN_POINT('Ctrl Pts',(7.52366737474042,8.02461396169726,18.7505409198752));
#8697=CARTESIAN_POINT('Ctrl Pts',(3.65102459832883,8.02461396169726,18.7505409198752));
#8698=CARTESIAN_POINT('Ctrl Pts',(-0.221618178082753,8.02461396169726,18.7505409198752));
#8699=CARTESIAN_POINT('Ctrl Pts',(-4.09426095369859,8.02461396169727,18.7505409198752));
#8700=CARTESIAN_POINT('Ctrl Pts',(-3.57780995732298,-9.5074929295393,20.2000000000001));
#8701=CARTESIAN_POINT('Ctrl Pts',(-3.57780995732298,-8.38832861969287,20.2000000000001));
#8702=CARTESIAN_POINT('Ctrl Pts',(-3.57780995732298,-7.26916430984644,20.2000000000001));
#8703=CARTESIAN_POINT('Ctrl Pts',(-3.57780995732298,-6.15,20.2000000000001));
#8704=CARTESIAN_POINT('Ctrl Pts',(-3.94657701462828,-9.5074929295393,20.2000000000001));
#8705=CARTESIAN_POINT('Ctrl Pts',(-3.94657701462828,-8.38832861969287,20.2000000000001));
#8706=CARTESIAN_POINT('Ctrl Pts',(-3.94657701462828,-7.26916430984644,20.2000000000001));
#8707=CARTESIAN_POINT('Ctrl Pts',(-3.94657701462828,-6.15,20.2000000000001));
#8708=CARTESIAN_POINT('Ctrl Pts',(-4.58877743465515,-9.50749292953931,19.950782801764));
#8709=CARTESIAN_POINT('Ctrl Pts',(-4.58877743465515,-8.38832861969287,19.950782801764));
#8710=CARTESIAN_POINT('Ctrl Pts',(-4.58877743465515,-7.26916430984644,19.950782801764));
#8711=CARTESIAN_POINT('Ctrl Pts',(-4.58877743465515,-6.15000000000001,19.950782801764));
#8712=CARTESIAN_POINT('Ctrl Pts',(-4.94288401829022,-9.5074929295393,19.3804900445715));
#8713=CARTESIAN_POINT('Ctrl Pts',(-4.94288401829022,-8.38832861969287,19.3804900445715));
#8714=CARTESIAN_POINT('Ctrl Pts',(-4.94288401829022,-7.26916430984644,19.3804900445715));
#8715=CARTESIAN_POINT('Ctrl Pts',(-4.94288401829022,-6.15,19.3804900445715));
#8716=CARTESIAN_POINT('Ctrl Pts',(-5.0193468330006,-9.5074929295393,19.1146943887511));
#8717=CARTESIAN_POINT('Ctrl Pts',(-5.0193468330006,-8.38832861969287,19.1146943887511));
#8718=CARTESIAN_POINT('Ctrl Pts',(-5.0193468330006,-7.26916430984644,19.1146943887511));
#8719=CARTESIAN_POINT('Ctrl Pts',(-5.0193468330006,-6.15,19.1146943887511));
#8720=CARTESIAN_POINT('',(-3.57780995732298,-6.15,20.2000000000001));
#8721=CARTESIAN_POINT('Ctrl Pts',(-3.57780995732298,-9.02698063764676,20.2000000000001));
#8722=CARTESIAN_POINT('Ctrl Pts',(-3.57780995732298,-8.06798709176451,20.2000000000001));
#8723=CARTESIAN_POINT('Ctrl Pts',(-3.57780995732298,-7.10899354588226,20.2000000000001));
#8724=CARTESIAN_POINT('Ctrl Pts',(-3.57780995732298,-6.15,20.2000000000001));
#8725=CARTESIAN_POINT('',(-5.0193468330006,-6.15,19.1146943887511));
#8726=CARTESIAN_POINT('Origin',(-3.57780995732298,-6.15,18.7000000000001));
#8727=CARTESIAN_POINT('Ctrl Pts',(-5.0193468330006,-6.15,19.1146943887511));
#8728=CARTESIAN_POINT('Ctrl Pts',(-5.0193468330006,-7.26916430984644,19.1146943887511));
#8729=CARTESIAN_POINT('Ctrl Pts',(-5.0193468330006,-8.38832861969287,19.1146943887511));
#8730=CARTESIAN_POINT('Ctrl Pts',(-5.0193468330006,-9.5074929295393,19.1146943887511));
#8731=CARTESIAN_POINT('Ctrl Pts',(-5.0193468330006,6.15,19.1146943887511));
#8732=CARTESIAN_POINT('Ctrl Pts',(-5.0193468330006,2.05,19.1146943887511));
#8733=CARTESIAN_POINT('Ctrl Pts',(-5.0193468330006,-2.05,19.1146943887511));
#8734=CARTESIAN_POINT('Ctrl Pts',(-5.0193468330006,-6.15,19.1146943887511));
#8735=CARTESIAN_POINT('Ctrl Pts',(-4.91739641338677,6.15,19.4690885965116));
#8736=CARTESIAN_POINT('Ctrl Pts',(-4.91739641338677,2.05000000000001,19.4690885965116));
#8737=CARTESIAN_POINT('Ctrl Pts',(-4.91739641338677,-2.05000000000001,19.4690885965116));
#8738=CARTESIAN_POINT('Ctrl Pts',(-4.91739641338677,-6.15,19.4690885965116));
#8739=CARTESIAN_POINT('Ctrl Pts',(-4.50035920264573,6.15,20.0173771344552));
#8740=CARTESIAN_POINT('Ctrl Pts',(-4.50035920264573,2.04999999999999,20.0173771344552));
#8741=CARTESIAN_POINT('Ctrl Pts',(-4.50035920264573,-2.04999999999999,20.0173771344552));
#8742=CARTESIAN_POINT('Ctrl Pts',(-4.50035920264573,-6.15,20.0173771344552));
#8743=CARTESIAN_POINT('Ctrl Pts',(-3.85438525030196,6.15,20.2000000000001));
#8744=CARTESIAN_POINT('Ctrl Pts',(-3.85438525030196,2.05000000000001,20.2000000000001));
#8745=CARTESIAN_POINT('Ctrl Pts',(-3.85438525030196,-2.05000000000001,20.2000000000001));
#8746=CARTESIAN_POINT('Ctrl Pts',(-3.85438525030196,-6.15,20.2000000000001));
#8747=CARTESIAN_POINT('Ctrl Pts',(-3.57780995732298,6.15,20.2000000000001));
#8748=CARTESIAN_POINT('Ctrl Pts',(-3.57780995732298,2.05,20.2000000000001));
#8749=CARTESIAN_POINT('Ctrl Pts',(-3.57780995732299,-2.05,20.2000000000001));
#8750=CARTESIAN_POINT('Ctrl Pts',(-3.57780995732299,-6.15,20.2000000000001));
#8751=CARTESIAN_POINT('Ctrl Pts',(-3.57780995732299,-6.15,20.2000000000001));
#8752=CARTESIAN_POINT('Ctrl Pts',(-3.57780995732299,-2.05,20.2000000000001));
#8753=CARTESIAN_POINT('Ctrl Pts',(-3.57780995732298,2.05,20.2000000000001));
#8754=CARTESIAN_POINT('Ctrl Pts',(-3.57780995732298,6.15,20.2000000000001));
#8755=CARTESIAN_POINT('Ctrl Pts',(-5.0193468330006,6.15,19.1146943887511));
#8756=CARTESIAN_POINT('Ctrl Pts',(-5.0193468330006,2.05,19.1146943887511));
#8757=CARTESIAN_POINT('Ctrl Pts',(-5.0193468330006,-2.05,19.1146943887511));
#8758=CARTESIAN_POINT('Ctrl Pts',(-5.0193468330006,-6.15,19.1146943887511));
#8759=CARTESIAN_POINT('Origin',(9.00000000000029,-6.15,20.2000000000001));
#8760=CARTESIAN_POINT('',(9.00000000000029,-6.32455532033634,20.2000000000001));
#8761=CARTESIAN_POINT('Origin',(0.,0.,20.2000000000001));
#8762=CARTESIAN_POINT('',(9.00000000000029,6.32455532033634,20.2000000000001));
#8763=CARTESIAN_POINT('',(9.00000000000029,-6.15,20.2000000000001));
#8764=CARTESIAN_POINT('Origin',(0.,0.,20.2000000000001));
#8765=CARTESIAN_POINT('',(-1.8,-2.27376340018041,20.2000000000001));
#8766=CARTESIAN_POINT('',(-1.8,0.608276253029824,20.2000000000001));
#8767=CARTESIAN_POINT('',(-1.8,0.,20.2000000000001));
#8768=CARTESIAN_POINT('',(-1.8,2.27376340018041,20.2000000000001));
#8769=CARTESIAN_POINT('Ctrl Pts',(-1.8,2.27376340018041,20.2000000000001));
#8770=CARTESIAN_POINT('Ctrl Pts',(-1.8,1.71860101779688,20.2000000000001));
#8771=CARTESIAN_POINT('Ctrl Pts',(-1.8,1.16343863541336,20.2000000000001));
#8772=CARTESIAN_POINT('Ctrl Pts',(-1.8,0.608276253029824,20.2000000000001));
#8773=CARTESIAN_POINT('',(2.8,0.754983443527075,20.2000000000001));
#8774=CARTESIAN_POINT('Origin',(0.,0.,20.2000000000001));
#8775=CARTESIAN_POINT('',(2.8,-0.754983443527075,20.2000000000001));
#8776=CARTESIAN_POINT('',(2.8,-3.37913812651491,20.2000000000001));
#8777=CARTESIAN_POINT('Origin',(0.,0.,20.2000000000001));
#8778=CARTESIAN_POINT('Origin',(0.,0.,0.));
#8779=CARTESIAN_POINT('',(9.,-6.32455532033676,18.3));
#8780=CARTESIAN_POINT('Origin',(0.,0.,18.3));
#8781=CARTESIAN_POINT('',(9.,-6.32455532033676,0.));
#8782=CARTESIAN_POINT('Origin',(0.199999999999999,0.,-10.4999999999999));
#8783=CARTESIAN_POINT('',(6.90186304381736,-8.56529547210067,-10.4999999999999));
#8784=CARTESIAN_POINT('Origin',(0.,0.,-10.4999999999999));
#8785=CARTESIAN_POINT('',(2.01021989925277,-3.13257537766881,-10.4999999999999));
#8786=CARTESIAN_POINT('Origin',(0.300000000000001,-1.23318375444876,8.5));
#8787=CARTESIAN_POINT('',(0.450202022148915,-1.4,-10.4999999999999));
#8788=CARTESIAN_POINT('',(2.01021989925277,-3.13257537766881,-10.4999999999999));
#8789=CARTESIAN_POINT('',(0.450202022148919,-1.4,8.5));
#8790=CARTESIAN_POINT('',(0.450202022148917,-1.4,3.75000002884152));
#8791=CARTESIAN_POINT('',(8.24139007574521,-10.0529909577117,8.5));
#8792=CARTESIAN_POINT('Ctrl Pts',(-4.41161612710126,-4.07213595499958,17.914981047663));
#8793=CARTESIAN_POINT('Ctrl Pts',(-4.31602496639787,-4.03628926973581,17.8791343623992));
#8794=CARTESIAN_POINT('Ctrl Pts',(-4.21083338720309,-3.99684242753776,17.8396875202012));
#8795=CARTESIAN_POINT('Ctrl Pts',(-4.105,-3.95715490733661,17.8));
#8796=CARTESIAN_POINT('Ctrl Pts',(-4.37936534212285,-3.97403981735692,17.9028870032961));
#8797=CARTESIAN_POINT('Ctrl Pts',(-4.3015141927353,-3.9521492597097,17.8598712657502));
#8798=CARTESIAN_POINT('Ctrl Pts',(-4.20285587683236,-3.93148216116359,17.8164829520869));
#8799=CARTESIAN_POINT('Ctrl Pts',(-4.10087445577637,-3.90802990909958,17.7781936347479));
#8800=CARTESIAN_POINT('Ctrl Pts',(-4.35778889333492,-3.87611020006304,17.86249458277));
#8801=CARTESIAN_POINT('Ctrl Pts',(-4.29295959888607,-3.87190864597874,17.8221727486241));
#8802=CARTESIAN_POINT('Ctrl Pts',(-4.19817151738033,-3.8696971335006,17.7819120660868));
#8803=CARTESIAN_POINT('Ctrl Pts',(-4.09830048098002,-3.86197834468224,17.7491864816766));
#8804=CARTESIAN_POINT('Ctrl Pts',(-4.35019661685222,-3.79336954667251,17.8));
#8805=CARTESIAN_POINT('Ctrl Pts',(-4.2897446407864,-3.80399504402873,17.7689368568331));
#8806=CARTESIAN_POINT('Ctrl Pts',(-4.1963768340536,-3.81597620830617,17.7375957086316));
#8807=CARTESIAN_POINT('Ctrl Pts',(-4.09738791604694,-3.8209653941326,17.7142163766597));
#8808=CARTESIAN_POINT('',(-4.40521168149644,-3.71011267523231,17.7620232797673));
#8809=CARTESIAN_POINT('',(-4.41161612710127,-4.07213595499958,17.914981047663));
#8810=CARTESIAN_POINT('Origin',(-4.60473401997488,-4.07213595499958,17.4));
#8811=CARTESIAN_POINT('',(-4.105,-3.95715490733661,17.8));
#8812=CARTESIAN_POINT('Ctrl Pts',(-4.35019661685222,-3.79336954667251,17.8));
#8813=CARTESIAN_POINT('Ctrl Pts',(-4.31783908274903,-3.82291472304977,17.8));
#8814=CARTESIAN_POINT('Ctrl Pts',(-4.27525442394014,-3.85578637859202,17.8));
#8815=CARTESIAN_POINT('Ctrl Pts',(-4.18611752547786,-3.91344422469946,17.8));
#8816=CARTESIAN_POINT('Ctrl Pts',(-4.14572697532004,-3.9365605497274,17.8));
#8817=CARTESIAN_POINT('Ctrl Pts',(-4.105,-3.95715490733661,17.8));
#8818=CARTESIAN_POINT('',(-4.25004772785228,-4.01154780528121,17.8543928979446));
#8819=CARTESIAN_POINT('Ctrl Pts',(-15.9529869310593,8.,21.9336299140215));
#8820=CARTESIAN_POINT('Ctrl Pts',(10.1871539336679,8.,21.9336299140215));
#8821=CARTESIAN_POINT('Ctrl Pts',(-15.9529869310593,8.,21.6069039312172));
#8822=CARTESIAN_POINT('Ctrl Pts',(10.1871539336679,8.,21.6069039312172));
#8823=CARTESIAN_POINT('Ctrl Pts',(-15.9529869310593,8.,21.2801779484129));
#8824=CARTESIAN_POINT('Ctrl Pts',(10.1871539336679,8.,21.2801779484129));
#8825=CARTESIAN_POINT('Ctrl Pts',(-15.9529869310593,8.,20.9534519656086));
#8826=CARTESIAN_POINT('Ctrl Pts',(10.1871539336679,8.,20.9534519656086));
#8827=CARTESIAN_POINT('Ctrl Pts',(-15.9529869310593,8.,20.6267259828043));
#8828=CARTESIAN_POINT('Ctrl Pts',(10.1871539336679,8.,20.6267259828043));
#8829=CARTESIAN_POINT('Ctrl Pts',(-15.9529869310593,8.,20.3));
#8830=CARTESIAN_POINT('Ctrl Pts',(10.1871539336679,8.,20.3));
#8831=CARTESIAN_POINT('Ctrl Pts',(-15.9529869310593,8.,19.720810347532));
#8832=CARTESIAN_POINT('Ctrl Pts',(10.1871539336679,8.,19.720810347532));
#8833=CARTESIAN_POINT('Ctrl Pts',(-15.9529869310593,8.01531519453303,18.6219534574398));
#8834=CARTESIAN_POINT('Ctrl Pts',(10.1871539336679,8.01531519453303,18.6219534574398));
#8835=CARTESIAN_POINT('Ctrl Pts',(-15.9529869310593,8.08423068561331,17.1522241569469));
#8836=CARTESIAN_POINT('Ctrl Pts',(10.1871539336679,8.08423068561331,17.1522241569469));
#8837=CARTESIAN_POINT('Ctrl Pts',(-15.9529869310593,8.26332636103164,15.5315198522304));
#8838=CARTESIAN_POINT('Ctrl Pts',(10.1871539336679,8.26332636103164,15.5315198522304));
#8839=CARTESIAN_POINT('Ctrl Pts',(-15.9529869310593,8.6059149988417,13.9670403463977));
#8840=CARTESIAN_POINT('Ctrl Pts',(10.1871539336679,8.6059149988417,13.9670403463977));
#8841=CARTESIAN_POINT('Ctrl Pts',(-15.9529869310593,9.0316391651052,12.7256665903615));
#8842=CARTESIAN_POINT('Ctrl Pts',(10.1871539336679,9.0316391651052,12.7256665903615));
#8843=CARTESIAN_POINT('Ctrl Pts',(-15.9529869310593,9.49999999999995,11.6499999999999));
#8844=CARTESIAN_POINT('Ctrl Pts',(10.1871539336679,9.49999999999995,11.6499999999999));
#8845=CARTESIAN_POINT('Ctrl Pts',(-15.9529869310593,9.96836083489487,10.5743334096385));
#8846=CARTESIAN_POINT('Ctrl Pts',(10.1871539336679,9.96836083489487,10.5743334096385));
#8847=CARTESIAN_POINT('Ctrl Pts',(-15.9529869310593,10.3940850011587,9.33295965360244));
#8848=CARTESIAN_POINT('Ctrl Pts',(10.1871539336679,10.3940850011587,9.33295965360244));
#8849=CARTESIAN_POINT('Ctrl Pts',(-15.9529869310593,10.7366736389688,7.76848014776976));
#8850=CARTESIAN_POINT('Ctrl Pts',(10.1871539336679,10.7366736389688,7.76848014776976));
#8851=CARTESIAN_POINT('Ctrl Pts',(-15.9529869310593,10.9157693143869,6.1477758430532));
#8852=CARTESIAN_POINT('Ctrl Pts',(10.1871539336679,10.9157693143869,6.1477758430532));
#8853=CARTESIAN_POINT('Ctrl Pts',(-15.9529869310593,10.984684805467,4.67804654256024));
#8854=CARTESIAN_POINT('Ctrl Pts',(10.1871539336679,10.984684805467,4.67804654256024));
#8855=CARTESIAN_POINT('Ctrl Pts',(-15.9529869310593,11.,3.57918965246805));
#8856=CARTESIAN_POINT('Ctrl Pts',(10.1871539336679,11.,3.57918965246805));
#8857=CARTESIAN_POINT('Ctrl Pts',(-15.9529869310593,11.,3.));
#8858=CARTESIAN_POINT('Ctrl Pts',(10.1871539336679,11.,3.));
#8859=CARTESIAN_POINT('Ctrl Pts',(-15.9529869310593,11.,-0.673322707293952));
#8860=CARTESIAN_POINT('Ctrl Pts',(10.1871539336679,11.,-0.673322707293952));
#8861=CARTESIAN_POINT('Ctrl Pts',(-15.9529869310593,11.,-4.3466454145879));
#8862=CARTESIAN_POINT('Ctrl Pts',(10.1871539336679,11.,-4.3466454145879));
#8863=CARTESIAN_POINT('Ctrl Pts',(-15.9529869310593,11.,-8.01996812188186));
#8864=CARTESIAN_POINT('Ctrl Pts',(10.1871539336679,11.,-8.01996812188186));
#8865=CARTESIAN_POINT('Ctrl Pts',(-15.9529869310593,11.,-11.6932908291758));
#8866=CARTESIAN_POINT('Ctrl Pts',(10.1871539336679,11.,-11.6932908291758));
#8867=CARTESIAN_POINT('Ctrl Pts',(-15.9529869310593,11.,-15.3666135364698));
#8868=CARTESIAN_POINT('Ctrl Pts',(10.1871539336679,11.,-15.3666135364698));
#8869=CARTESIAN_POINT('',(7.50452479761234,8.0425187324632,18.300000002282));
#8870=CARTESIAN_POINT('Ctrl Pts',(7.50452479750034,8.04251873256771,18.3000000022915));
#8871=CARTESIAN_POINT('Ctrl Pts',(7.51185270115209,8.03568101959534,18.4486842889415));
#8872=CARTESIAN_POINT('Ctrl Pts',(7.5182100847255,8.02973057354124,18.598771621857));
#8873=CARTESIAN_POINT('Ctrl Pts',(7.52366737474042,8.02461396169726,18.7505409198752));
#8874=CARTESIAN_POINT('',(-0.216572295984768,8.06852970838849,17.8119059525639));
#8875=CARTESIAN_POINT('Ctrl Pts',(-0.216572295952312,8.06852970869172,17.8119059599134));
#8876=CARTESIAN_POINT('Ctrl Pts',(2.07894142338121,8.06914852666332,17.8017435439553));
#8877=CARTESIAN_POINT('Ctrl Pts',(4.45184068078186,8.05839249791097,17.9548291121491));
#8878=CARTESIAN_POINT('Ctrl Pts',(7.50452479786534,8.0425187326706,18.300000000054));
#8879=CARTESIAN_POINT('',(-0.193670777924844,8.1314511133999,16.9777071395699));
#8880=CARTESIAN_POINT('Ctrl Pts',(-0.216572296174845,8.06852970913673,17.8119059526053));
#8881=CARTESIAN_POINT('Ctrl Pts',(-0.216484336987026,8.06877137501909,17.8079372423825));
#8882=CARTESIAN_POINT('Ctrl Pts',(-0.216396100262261,8.06901380342795,17.8039685897062));
#8883=CARTESIAN_POINT('Ctrl Pts',(-0.216307585311866,8.06925699625545,17.8));
#8884=CARTESIAN_POINT('Ctrl Pts',(-0.210361285566962,8.08559432053383,17.5333961793772));
#8885=CARTESIAN_POINT('Ctrl Pts',(-0.203138364636444,8.10543913269299,17.2661384014797));
#8886=CARTESIAN_POINT('Ctrl Pts',(-0.194405870632481,8.12943146278445,17.));
#8887=CARTESIAN_POINT('Ctrl Pts',(-0.194162037549369,8.13010138867442,16.9925687498969));
#8888=CARTESIAN_POINT('Ctrl Pts',(-0.193917008528149,8.13077460037734,16.9851377843572));
#8889=CARTESIAN_POINT('Ctrl Pts',(-0.193670777924846,8.1314511133999,16.9777071395699));
#8890=CARTESIAN_POINT('',(7.3547243752452,8.17973284185823,16.5000000005974));
#8891=CARTESIAN_POINT('Ctrl Pts',(7.354724375175,8.17973284199248,16.4999999999912));
#8892=CARTESIAN_POINT('Ctrl Pts',(5.83741784506125,8.16061033938949,16.6714513376298));
#8893=CARTESIAN_POINT('Ctrl Pts',(4.38163284327704,8.147537908205,16.8061524398588));
#8894=CARTESIAN_POINT('Ctrl Pts',(1.9340270030083,8.13388224540015,16.9502487279127));
#8895=CARTESIAN_POINT('Ctrl Pts',(0.884051788134256,8.13105573143767,16.9820499132028));
#8896=CARTESIAN_POINT('Ctrl Pts',(-0.193670777924844,8.1314511133999,16.9777071395699));
#8897=CARTESIAN_POINT('',(7.28546444730368,8.24148092196263,16.));
#8898=CARTESIAN_POINT('Ctrl Pts',(7.35472437517309,8.17973284192306,16.5000000006136));
#8899=CARTESIAN_POINT('Ctrl Pts',(7.33331560404337,8.19898232279403,16.3274101825579));
#8900=CARTESIAN_POINT('Ctrl Pts',(7.31021940950246,8.2195975494594,16.1608884630087));
#8901=CARTESIAN_POINT('Ctrl Pts',(7.28546444730368,8.24148092196264,16.0000000000001));
#8902=CARTESIAN_POINT('',(6.21040132758787,8.24148092196264,16.));
#8903=CARTESIAN_POINT('Ctrl Pts',(7.28546444730368,8.24148092196263,16.));
#8904=CARTESIAN_POINT('Ctrl Pts',(6.92711007406508,8.24148092196263,16.));
#8905=CARTESIAN_POINT('Ctrl Pts',(6.56875570082648,8.24148092196264,16.));
#8906=CARTESIAN_POINT('Ctrl Pts',(6.21040132758787,8.24148092196264,16.));
#8907=CARTESIAN_POINT('',(6.61996525420325,8.78499061087385,13.5063035636365));
#8908=CARTESIAN_POINT('Ctrl Pts',(6.21040132758787,8.24148092196264,16.));
#8909=CARTESIAN_POINT('Ctrl Pts',(6.24163915878672,8.28293492409374,15.6952265612878));
#8910=CARTESIAN_POINT('Ctrl Pts',(6.27631516912858,8.32894881425816,15.410606671045));
#8911=CARTESIAN_POINT('Ctrl Pts',(6.31391848578889,8.37884985092869,15.1431421214973));
#8912=CARTESIAN_POINT('Ctrl Pts',(6.36805126736372,8.45068611853366,14.7581069350943));
#8913=CARTESIAN_POINT('Ctrl Pts',(6.42825052591111,8.53057635607222,14.4086176149017));
#8914=CARTESIAN_POINT('Ctrl Pts',(6.49299215471684,8.61649201082395,14.0856457886143));
#8915=CARTESIAN_POINT('Ctrl Pts',(6.53365083614691,8.67044828750164,13.8828147996796));
#8916=CARTESIAN_POINT('Ctrl Pts',(6.57610103843672,8.72678082951284,13.6904416983961));
#8917=CARTESIAN_POINT('Ctrl Pts',(6.61996525513062,8.78499061113093,13.5063035639387));
#8918=CARTESIAN_POINT('',(0.,11.,3.));
#8919=CARTESIAN_POINT('Ctrl Pts',(6.61996525373533,8.78499061122645,13.5063035636365));
#8920=CARTESIAN_POINT('Ctrl Pts',(6.34072926351318,8.99541002254611,12.840672517209));
#8921=CARTESIAN_POINT('Ctrl Pts',(6.00245568249818,9.22929621549516,12.284964479417));
#8922=CARTESIAN_POINT('Ctrl Pts',(4.21460010127297,10.289021131802,9.7990866643036));
#8923=CARTESIAN_POINT('Ctrl Pts',(2.29882670921065,10.9972558931266,8.11843056413044));
#8924=CARTESIAN_POINT('Ctrl Pts',(0.00877512146631574,10.999997377187,3.01956862145666));
#8925=CARTESIAN_POINT('Ctrl Pts',(0.00438565772134765,11.,3.00978516000344));
#8926=CARTESIAN_POINT('Ctrl Pts',(0.,11.,3.));
#8927=CARTESIAN_POINT('',(0.,11.,3.));
#8928=CARTESIAN_POINT('Ctrl Pts',(-15.4458041877242,-6.5,4.09999999976441));
#8929=CARTESIAN_POINT('Ctrl Pts',(-15.4458041877242,6.5,4.09999999976441));
#8930=CARTESIAN_POINT('Ctrl Pts',(-15.3855956890219,-6.5,4.20934166716705));
#8931=CARTESIAN_POINT('Ctrl Pts',(-15.3855956890219,6.5,4.20934166716705));
#8932=CARTESIAN_POINT('Ctrl Pts',(-15.2633119325084,-6.5,4.43547738576973));
#8933=CARTESIAN_POINT('Ctrl Pts',(-15.2633119325084,6.5,4.43547738576973));
#8934=CARTESIAN_POINT('Ctrl Pts',(-15.0742829526525,-6.5,4.79703881078215));
#8935=CARTESIAN_POINT('Ctrl Pts',(-15.0742829526525,6.5,4.79703881078215));
#8936=CARTESIAN_POINT('Ctrl Pts',(-14.8064138862065,-6.5,5.32371260507621));
#8937=CARTESIAN_POINT('Ctrl Pts',(-14.8064138862065,6.5,5.32371260507621));
#8938=CARTESIAN_POINT('Ctrl Pts',(-14.4207678054408,-6.5,6.05429380379452));
#8939=CARTESIAN_POINT('Ctrl Pts',(-14.4207678054408,6.5,6.05429380379452));
#8940=CARTESIAN_POINT('Ctrl Pts',(-13.9578394638519,-6.5,6.85184356600764));
#8941=CARTESIAN_POINT('Ctrl Pts',(-13.9578394638519,6.5,6.85184356600764));
#8942=CARTESIAN_POINT('Ctrl Pts',(-13.3986183255387,-6.5,7.70674388057605));
#8943=CARTESIAN_POINT('Ctrl Pts',(-13.3986183255387,6.5,7.70674388057605));
#8944=CARTESIAN_POINT('Ctrl Pts',(-12.7443641187248,-6.5,8.60291982555939));
#8945=CARTESIAN_POINT('Ctrl Pts',(-12.7443641187248,6.5,8.60291982555939));
#8946=CARTESIAN_POINT('Ctrl Pts',(-12.0152069960202,-6.5,9.51951861963616));
#8947=CARTESIAN_POINT('Ctrl Pts',(-12.0152069960202,6.5,9.51951861963616));
#8948=CARTESIAN_POINT('Ctrl Pts',(-11.2416110672958,-6.5,10.4345138505969));
#8949=CARTESIAN_POINT('Ctrl Pts',(-11.2416110672958,6.5,10.4345138505969));
#8950=CARTESIAN_POINT('Ctrl Pts',(-10.4584182194418,-6.5,11.3276101121521));
#8951=CARTESIAN_POINT('Ctrl Pts',(-10.4584182194418,6.5,11.3276101121521));
#8952=CARTESIAN_POINT('Ctrl Pts',(-9.69782908589891,-6.5,12.1835343066893));
#8953=CARTESIAN_POINT('Ctrl Pts',(-9.69782908589891,6.5,12.1835343066893));
#8954=CARTESIAN_POINT('Ctrl Pts',(-8.98321709996731,-6.5,12.99504583699));
#8955=CARTESIAN_POINT('Ctrl Pts',(-8.98321709996731,6.5,12.99504583699));
#8956=CARTESIAN_POINT('Ctrl Pts',(-8.32147930079019,-6.5,13.7667676518085));
#8957=CARTESIAN_POINT('Ctrl Pts',(-8.32147930079019,6.5,13.7667676518085));
#8958=CARTESIAN_POINT('Ctrl Pts',(-7.70838334357228,-6.5,14.5118265866435));
#8959=CARTESIAN_POINT('Ctrl Pts',(-7.70838334357228,6.5,14.5118265866435));
#8960=CARTESIAN_POINT('Ctrl Pts',(-7.13506159947211,-6.5,15.2478658398391));
#8961=CARTESIAN_POINT('Ctrl Pts',(-7.13506159947211,6.5,15.2478658398391));
#8962=CARTESIAN_POINT('Ctrl Pts',(-6.59418995660424,-6.5,15.9932901629285));
#8963=CARTESIAN_POINT('Ctrl Pts',(-6.59418995660424,6.5,15.9932901629285));
#8964=CARTESIAN_POINT('Ctrl Pts',(-6.08568355407657,-6.5,16.7637194254057));
#8965=CARTESIAN_POINT('Ctrl Pts',(-6.08568355407657,6.5,16.7637194254057));
#8966=CARTESIAN_POINT('Ctrl Pts',(-5.62412538095301,-6.5,17.5676455682067));
#8967=CARTESIAN_POINT('Ctrl Pts',(-5.62412538095301,6.5,17.5676455682067));
#8968=CARTESIAN_POINT('Ctrl Pts',(-5.23384516614556,-6.5,18.4077091574972));
#8969=CARTESIAN_POINT('Ctrl Pts',(-5.23384516614556,6.5,18.4077091574972));
#8970=CARTESIAN_POINT('Ctrl Pts',(-4.9997417756503,-6.5,19.1080962050794));
#8971=CARTESIAN_POINT('Ctrl Pts',(-4.9997417756503,6.5,19.1080962050794));
#8972=CARTESIAN_POINT('Ctrl Pts',(-4.87786119658148,-6.5,19.6483779010772));
#8973=CARTESIAN_POINT('Ctrl Pts',(-4.87786119658148,6.5,19.6483779010772));
#8974=CARTESIAN_POINT('Ctrl Pts',(-4.82176129101537,-6.5,20.0150459703589));
#8975=CARTESIAN_POINT('Ctrl Pts',(-4.82176129101537,6.5,20.0150459703589));
#8976=CARTESIAN_POINT('Ctrl Pts',(-4.8,-6.5,20.2000000000001));
#8977=CARTESIAN_POINT('Ctrl Pts',(-4.8,6.5,20.2000000000001));
#8978=CARTESIAN_POINT('Ctrl Pts',(-4.77273685573799,-6.5,20.4317154983308));
#8979=CARTESIAN_POINT('Ctrl Pts',(-4.77273685573799,6.5,20.4317154983308));
#8980=CARTESIAN_POINT('Ctrl Pts',(-4.74547371147599,-6.5,20.6634309966616));
#8981=CARTESIAN_POINT('Ctrl Pts',(-4.74547371147599,6.5,20.6634309966616));
#8982=CARTESIAN_POINT('Ctrl Pts',(-4.71821056721398,-6.5,20.8951464949924));
#8983=CARTESIAN_POINT('Ctrl Pts',(-4.71821056721398,6.5,20.8951464949924));
#8984=CARTESIAN_POINT('Ctrl Pts',(-4.69094742295198,-6.5,21.1268619933232));
#8985=CARTESIAN_POINT('Ctrl Pts',(-4.69094742295198,6.5,21.1268619933232));
#8986=CARTESIAN_POINT('Ctrl Pts',(-4.66368427868997,-6.5,21.358577491654));
#8987=CARTESIAN_POINT('Ctrl Pts',(-4.66368427868997,6.5,21.358577491654));
#8988=CARTESIAN_POINT('',(-5.04844231753064,5.25,19.0162120486176));
#8989=CARTESIAN_POINT('Ctrl Pts',(-5.04844231753063,5.25,19.0162120486176));
#8990=CARTESIAN_POINT('Ctrl Pts',(-5.04844231753063,5.56765913678214,19.0162120486176));
#8991=CARTESIAN_POINT('Ctrl Pts',(-5.07228875580411,5.888271551443,18.9329420340164));
#8992=CARTESIAN_POINT('Ctrl Pts',(-5.12616290344855,6.15,18.7749172998245));
#8993=CARTESIAN_POINT('',(-5.04844231753063,3.25,19.0162120486176));
#8994=CARTESIAN_POINT('Ctrl Pts',(-5.04844231753064,3.25,19.0162120486176));
#8995=CARTESIAN_POINT('Ctrl Pts',(-5.04844231753064,3.91666666666667,19.0162120486176));
#8996=CARTESIAN_POINT('Ctrl Pts',(-5.04844231753064,4.58333333333333,19.0162120486176));
#8997=CARTESIAN_POINT('Ctrl Pts',(-5.04844231753064,5.25,19.0162120486176));
#8998=CARTESIAN_POINT('',(-6.46575743596466,3.25,16.2000000000001));
#8999=CARTESIAN_POINT('Ctrl Pts',(-6.46575743596466,3.25,16.2000000000001));
#9000=CARTESIAN_POINT('Ctrl Pts',(-6.39936252828226,3.25,16.2987723195582));
#9001=CARTESIAN_POINT('Ctrl Pts',(-6.33389270109895,3.25,16.3982144563706));
#9002=CARTESIAN_POINT('Ctrl Pts',(-6.2694775871437,3.25,16.4984127918691));
#9003=CARTESIAN_POINT('Ctrl Pts',(-6.2010726234379,3.25,16.6048173774127));
#9004=CARTESIAN_POINT('Ctrl Pts',(-6.13385715038466,3.25,16.7120748701569));
#9005=CARTESIAN_POINT('Ctrl Pts',(-6.06803920626742,3.25,16.820259677728));
#9006=CARTESIAN_POINT('Ctrl Pts',(-5.99753778345672,3.25,16.9361427087548));
#9007=CARTESIAN_POINT('Ctrl Pts',(-5.92864038544427,3.25,17.0530897467629));
#9008=CARTESIAN_POINT('Ctrl Pts',(-5.86165786199001,3.25,17.1711581261818));
#9009=CARTESIAN_POINT('Ctrl Pts',(-5.78716946547337,3.25,17.3024569159061));
#9010=CARTESIAN_POINT('Ctrl Pts',(-5.71505031985439,3.25,17.4351424658585));
#9011=CARTESIAN_POINT('Ctrl Pts',(-5.64578039519776,3.25,17.5692521185615));
#9012=CARTESIAN_POINT('Ctrl Pts',(-5.56285419163465,3.25,17.7298009341545));
#9013=CARTESIAN_POINT('Ctrl Pts',(-5.48401465589378,3.25,17.8923910659615));
#9014=CARTESIAN_POINT('Ctrl Pts',(-5.41012096002782,3.25,18.0570260113887));
#9015=CARTESIAN_POINT('Ctrl Pts',(-5.34379789363529,3.25,18.2047936157578));
#9016=CARTESIAN_POINT('Ctrl Pts',(-5.28146227155375,3.25,18.3542068821493));
#9017=CARTESIAN_POINT('Ctrl Pts',(-5.22371203909553,3.25,18.5052378860918));
#9018=CARTESIAN_POINT('Ctrl Pts',(-5.17429435738291,3.25,18.6344772287553));
#9019=CARTESIAN_POINT('Ctrl Pts',(-5.12823507304576,3.25,18.7649003572562));
#9020=CARTESIAN_POINT('Ctrl Pts',(-5.08586945689654,3.25,18.8964807827826));
#9021=CARTESIAN_POINT('Ctrl Pts',(-5.07305330222965,3.25,18.9362855876683));
#9022=CARTESIAN_POINT('Ctrl Pts',(-5.06057482657217,3.25,18.9761962710368));
#9023=CARTESIAN_POINT('Ctrl Pts',(-5.04844231753063,3.25,19.0162120486176));
#9024=CARTESIAN_POINT('Ctrl Pts',(-6.46575743596466,3.25,16.2000000000001));
#9025=CARTESIAN_POINT('Ctrl Pts',(-6.46575743596466,4.21666666666667,16.2000000000001));
#9026=CARTESIAN_POINT('Ctrl Pts',(-6.46575743596466,5.18333333333334,16.2000000000001));
#9027=CARTESIAN_POINT('Ctrl Pts',(-6.46575743596466,6.15,16.2000000000001));
#9028=CARTESIAN_POINT('',(-9.62890749365285,0.,12.2634556119097));
#9029=CARTESIAN_POINT('',(-6.46574839055492,-6.15,16.2000000000001));
#9030=CARTESIAN_POINT('Ctrl Pts',(-6.46575462080007,-6.15,16.2000041879781));
#9031=CARTESIAN_POINT('Ctrl Pts',(-6.53058975516145,-6.15,16.103552207097));
#9032=CARTESIAN_POINT('Ctrl Pts',(-6.59630677454004,-6.15,16.0077389592927));
#9033=CARTESIAN_POINT('Ctrl Pts',(-6.66283091982197,-6.15,15.9124606582411));
#9034=CARTESIAN_POINT('Ctrl Pts',(-6.73246950523834,-6.15,15.8127217427242));
#9035=CARTESIAN_POINT('Ctrl Pts',(-6.80299269911348,-6.15,15.7135688849681));
#9036=CARTESIAN_POINT('Ctrl Pts',(-6.87436896945908,-6.15,15.6148570050645));
#9037=CARTESIAN_POINT('Ctrl Pts',(-6.95102576944869,-6.15,15.5088422637825));
#9038=CARTESIAN_POINT('Ctrl Pts',(-7.0286669170533,-6.15,15.4033358541819));
#9039=CARTESIAN_POINT('Ctrl Pts',(-7.1073100627066,-6.15,15.298132493577));
#9040=CARTESIAN_POINT('Ctrl Pts',(-7.19387193828744,-6.15,15.1823360038038));
#9041=CARTESIAN_POINT('Ctrl Pts',(-7.28164833427999,-6.15,15.0669061415522));
#9042=CARTESIAN_POINT('Ctrl Pts',(-7.37072138788389,-6.15,14.9515459879776));
#9043=CARTESIAN_POINT('Ctrl Pts',(-7.47675156992669,-6.15,14.814224344797));
#9044=CARTESIAN_POINT('Ctrl Pts',(-7.58461985606922,-6.15,14.6770003314389));
#9045=CARTESIAN_POINT('Ctrl Pts',(-7.69453537223595,-6.15,14.5393545516267));
#9046=CARTESIAN_POINT('Ctrl Pts',(-7.81804860807278,-6.15,14.3846805232747));
#9047=CARTESIAN_POINT('Ctrl Pts',(-7.94415153519523,-6.15,14.2294703333247));
#9048=CARTESIAN_POINT('Ctrl Pts',(-8.07317987920781,-6.15,14.0730040966599));
#9049=CARTESIAN_POINT('Ctrl Pts',(-8.17349060399482,-6.15,13.9513622843538));
#9050=CARTESIAN_POINT('Ctrl Pts',(-8.27557131842894,-6.15,13.8289610470257));
#9051=CARTESIAN_POINT('Ctrl Pts',(-8.37956041255161,-6.15,13.7054920102122));
#9052=CARTESIAN_POINT('Ctrl Pts',(-8.47677670332913,-6.15,13.5900645042209));
#9053=CARTESIAN_POINT('Ctrl Pts',(-8.57566197948256,-6.15,13.4737032341083));
#9054=CARTESIAN_POINT('Ctrl Pts',(-8.6762920555895,-6.15,13.3561914425393));
#9055=CARTESIAN_POINT('Ctrl Pts',(-8.76348570448587,-6.15,13.2543701750649));
#9056=CARTESIAN_POINT('Ctrl Pts',(-8.85198929274301,-6.15,13.1516853176549));
#9057=CARTESIAN_POINT('Ctrl Pts',(-8.94181781537266,-6.15,13.0480241619061));
#9058=CARTESIAN_POINT('Ctrl Pts',(-9.0284160193652,-6.15,12.9480907593648));
#9059=CARTESIAN_POINT('Ctrl Pts',(-9.11624592378587,-6.15,12.8472498366304));
#9060=CARTESIAN_POINT('Ctrl Pts',(-9.20528366426441,-6.15,12.7454292228023));
#9061=CARTESIAN_POINT('Ctrl Pts',(-9.29068874512895,-6.15,12.6477627983072));
#9062=CARTESIAN_POINT('Ctrl Pts',(-9.37720525148999,-6.15,12.5491949395673));
#9063=CARTESIAN_POINT('Ctrl Pts',(-9.464774010377,-6.15,12.4496904312931));
#9064=CARTESIAN_POINT('Ctrl Pts',(-9.51908856098919,-6.15,12.3879727283191));
#9065=CARTESIAN_POINT('Ctrl Pts',(-9.57380716459687,-6.15,12.3258952512341));
#9066=CARTESIAN_POINT('Ctrl Pts',(-9.62890749365284,-6.15,12.2634556119098));
#9067=CARTESIAN_POINT('',(-6.46575743596466,-3.25,16.2000000000001));
#9068=CARTESIAN_POINT('Ctrl Pts',(-6.46575743596466,-6.15,16.2000000000001));
#9069=CARTESIAN_POINT('Ctrl Pts',(-6.46575743596466,-5.18333333333334,16.2000000000001));
#9070=CARTESIAN_POINT('Ctrl Pts',(-6.46575743596466,-4.21666666666667,16.2000000000001));
#9071=CARTESIAN_POINT('Ctrl Pts',(-6.46575743596466,-3.25,16.2000000000001));
#9072=CARTESIAN_POINT('',(-5.04844231753064,-3.25,19.0162120486176));
#9073=CARTESIAN_POINT('Ctrl Pts',(-6.46575743596466,-3.25,16.2000000000001));
#9074=CARTESIAN_POINT('Ctrl Pts',(-6.39936252828226,-3.25,16.2987723195582));
#9075=CARTESIAN_POINT('Ctrl Pts',(-6.33389270109894,-3.25,16.3982144563706));
#9076=CARTESIAN_POINT('Ctrl Pts',(-6.2694775871437,-3.25,16.4984127918691));
#9077=CARTESIAN_POINT('Ctrl Pts',(-6.2010726234379,-3.25,16.6048173774127));
#9078=CARTESIAN_POINT('Ctrl Pts',(-6.13385715038466,-3.25,16.7120748701569));
#9079=CARTESIAN_POINT('Ctrl Pts',(-6.06803920626743,-3.25,16.8202596777279));
#9080=CARTESIAN_POINT('Ctrl Pts',(-5.9975377834569,-3.25,16.9361427087545));
#9081=CARTESIAN_POINT('Ctrl Pts',(-5.92864038544461,-3.25,17.0530897467624));
#9082=CARTESIAN_POINT('Ctrl Pts',(-5.86165786199049,-3.25,17.1711581261809));
#9083=CARTESIAN_POINT('Ctrl Pts',(-5.78716946547402,-3.25,17.3024569159049));
#9084=CARTESIAN_POINT('Ctrl Pts',(-5.7150503198552,-3.25,17.435142465857));
#9085=CARTESIAN_POINT('Ctrl Pts',(-5.64578039519871,-3.25,17.5692521185597));
#9086=CARTESIAN_POINT('Ctrl Pts',(-5.56285419163561,-3.25,17.7298009341526));
#9087=CARTESIAN_POINT('Ctrl Pts',(-5.48401465589476,-3.25,17.8923910659594));
#9088=CARTESIAN_POINT('Ctrl Pts',(-5.4101209600288,-3.25,18.0570260113865));
#9089=CARTESIAN_POINT('Ctrl Pts',(-5.34379789363614,-3.25,18.2047936157558));
#9090=CARTESIAN_POINT('Ctrl Pts',(-5.28146227155448,-3.25,18.3542068821475));
#9091=CARTESIAN_POINT('Ctrl Pts',(-5.22371203909614,-3.25,18.5052378860901));
#9092=CARTESIAN_POINT('Ctrl Pts',(-5.17429435738349,-3.25,18.6344772287537));
#9093=CARTESIAN_POINT('Ctrl Pts',(-5.12823507304631,-3.25,18.7649003572546));
#9094=CARTESIAN_POINT('Ctrl Pts',(-5.08586945689706,-3.25,18.896480782781));
#9095=CARTESIAN_POINT('Ctrl Pts',(-5.07305330222999,-3.25,18.9362855876672));
#9096=CARTESIAN_POINT('Ctrl Pts',(-5.06057482657234,-3.25,18.9761962710362));
#9097=CARTESIAN_POINT('Ctrl Pts',(-5.04844231753063,-3.25,19.0162120486176));
#9098=CARTESIAN_POINT('',(-5.04844231753064,-5.25,19.0162120486176));
#9099=CARTESIAN_POINT('Ctrl Pts',(-5.04844231753064,-5.25,19.0162120486176));
#9100=CARTESIAN_POINT('Ctrl Pts',(-5.04844231753064,-4.58333333333333,19.0162120486176));
#9101=CARTESIAN_POINT('Ctrl Pts',(-5.04844231753064,-3.91666666666667,19.0162120486176));
#9102=CARTESIAN_POINT('Ctrl Pts',(-5.04844231753064,-3.25,19.0162120486176));
#9103=CARTESIAN_POINT('',(-5.12616290344854,-6.15,18.7749172998245));
#9104=CARTESIAN_POINT('Ctrl Pts',(-5.12616290344854,-6.15,18.7749172998245));
#9105=CARTESIAN_POINT('Ctrl Pts',(-5.07228875598957,-5.88827155234402,18.9329420334724));
#9106=CARTESIAN_POINT('Ctrl Pts',(-5.04844231753064,-5.56765912897187,19.0162120486176));
#9107=CARTESIAN_POINT('Ctrl Pts',(-5.04844231753064,-5.25,19.0162120486176));
#9108=CARTESIAN_POINT('Ctrl Pts',(-5.01934683300028,-6.15,19.1146943887522));
#9109=CARTESIAN_POINT('Ctrl Pts',(-5.05217261884677,-6.15,19.0005872726339));
#9110=CARTESIAN_POINT('Ctrl Pts',(-5.08784154331519,-6.15,18.887322284659));
#9111=CARTESIAN_POINT('Ctrl Pts',(-5.12616290344854,-6.15,18.7749172998245));
#9112=CARTESIAN_POINT('Ctrl Pts',(-4.54406392403368,-6.09253309381492,22.375257366261));
#9113=CARTESIAN_POINT('Ctrl Pts',(-4.54406392403368,-16.2613982301511,22.375257366261));
#9114=CARTESIAN_POINT('Ctrl Pts',(-4.62937594935578,-6.09253309381492,21.6501715775074));
#9115=CARTESIAN_POINT('Ctrl Pts',(-4.62937594935578,-16.2613982301511,21.6501715775074));
#9116=CARTESIAN_POINT('Ctrl Pts',(-4.71468797467789,-6.09253309381492,20.9250857887537));
#9117=CARTESIAN_POINT('Ctrl Pts',(-4.71468797467789,-16.2613982301511,20.9250857887537));
#9118=CARTESIAN_POINT('Ctrl Pts',(-4.8,-6.09253309381492,20.2000000000001));
#9119=CARTESIAN_POINT('Ctrl Pts',(-4.8,-16.2613982301511,20.2000000000001));
#9120=CARTESIAN_POINT('Ctrl Pts',(-4.89631006457326,-6.09253309381492,19.3814394410126));
#9121=CARTESIAN_POINT('Ctrl Pts',(-4.89631006457326,-16.2613982301511,19.3814394410126));
#9122=CARTESIAN_POINT('Ctrl Pts',(-5.14157443803173,-6.09253309381492,18.584021312325));
#9123=CARTESIAN_POINT('Ctrl Pts',(-5.14157443803173,-16.2613982301511,18.584021312325));
#9124=CARTESIAN_POINT('Ctrl Pts',(-6.5662811507332,-6.09253309381492,15.7069876816219));
#9125=CARTESIAN_POINT('Ctrl Pts',(-6.5662811507332,-16.2613982301511,15.7069876816219));
#9126=CARTESIAN_POINT('Ctrl Pts',(-8.44847929824853,-6.09253309381492,13.5979082214045));
#9127=CARTESIAN_POINT('Ctrl Pts',(-8.44847929824853,-16.2613982301511,13.5979082214045));
#9128=CARTESIAN_POINT('Ctrl Pts',(-10.1028524279339,-6.09253309381492,11.7273581332592));
#9129=CARTESIAN_POINT('Ctrl Pts',(-10.1028524279339,-16.2613982301511,11.7273581332592));
#9130=CARTESIAN_POINT('Ctrl Pts',(-5.12597523812708,-6.15,18.7748532975335));
#9131=CARTESIAN_POINT('Ctrl Pts',(-5.24287178600016,-6.15,18.4320932511731));
#9132=CARTESIAN_POINT('Ctrl Pts',(-5.38876490744545,-6.15,18.0848481931473));
#9133=CARTESIAN_POINT('Ctrl Pts',(-5.5658390446871,-6.15,17.7272670549171));
#9134=CARTESIAN_POINT('Ctrl Pts',(-5.8161279875789,-6.15,17.2218369199475));
#9135=CARTESIAN_POINT('Ctrl Pts',(-6.1216053362061,-6.15,16.7108488585267));
#9136=CARTESIAN_POINT('Ctrl Pts',(-6.46489675755275,-6.15,16.1994283465979));
#9137=CARTESIAN_POINT('',(-10.1028524279339,-6.15,11.7273581332592));
#9138=CARTESIAN_POINT('Origin',(-4.8,-6.15,-12.4999999999999));
#9139=CARTESIAN_POINT('Ctrl Pts',(-27.5261004272607,11.,30.1505902097316));
#9140=CARTESIAN_POINT('Ctrl Pts',(7.54983443527075,11.,30.1505902097316));
#9141=CARTESIAN_POINT('Ctrl Pts',(-27.5261004272607,11.,23.5204721677853));
#9142=CARTESIAN_POINT('Ctrl Pts',(7.54983443527075,11.,23.5204721677853));
#9143=CARTESIAN_POINT('Ctrl Pts',(-27.5261004272607,11.,16.890354125839));
#9144=CARTESIAN_POINT('Ctrl Pts',(7.54983443527075,11.,16.890354125839));
#9145=CARTESIAN_POINT('Ctrl Pts',(-27.5261004272607,11.,10.2602360838927));
#9146=CARTESIAN_POINT('Ctrl Pts',(7.54983443527075,11.,10.2602360838927));
#9147=CARTESIAN_POINT('Ctrl Pts',(-27.5261004272607,11.,3.63011804194633));
#9148=CARTESIAN_POINT('Ctrl Pts',(7.54983443527075,11.,3.63011804194633));
#9149=CARTESIAN_POINT('Ctrl Pts',(-27.5261004272607,11.,-3.));
#9150=CARTESIAN_POINT('Ctrl Pts',(7.54983443527075,11.,-3.));
#9151=CARTESIAN_POINT('Ctrl Pts',(-27.5261004272607,11.,-3.22093018881142));
#9152=CARTESIAN_POINT('Ctrl Pts',(7.54983443527075,11.,-3.22093018881142));
#9153=CARTESIAN_POINT('Ctrl Pts',(-27.5261004272607,10.984684805467,-3.65489553545782));
#9154=CARTESIAN_POINT('Ctrl Pts',(7.54983443527075,10.984684805467,-3.65489553545782));
#9155=CARTESIAN_POINT('Ctrl Pts',(-27.5261004272607,10.9157693143869,-4.28215994937324));
#9156=CARTESIAN_POINT('Ctrl Pts',(7.54983443527075,10.9157693143869,-4.28215994937324));
#9157=CARTESIAN_POINT('Ctrl Pts',(-27.5261004272607,10.7366736389687,-5.07355632035253));
#9158=CARTESIAN_POINT('Ctrl Pts',(7.54983443527075,10.7366736389687,-5.07355632035253));
#9159=CARTESIAN_POINT('Ctrl Pts',(-27.5261004272607,10.3940850011586,-6.00160174354103));
#9160=CARTESIAN_POINT('Ctrl Pts',(7.54983443527075,10.3940850011586,-6.00160174354103));
#9161=CARTESIAN_POINT('Ctrl Pts',(-27.5261004272607,9.96836083489481,-6.88679054019593));
#9162=CARTESIAN_POINT('Ctrl Pts',(7.54983443527075,9.96836083489481,-6.88679054019593));
#9163=CARTESIAN_POINT('Ctrl Pts',(-27.5261004272607,9.49999999999997,-7.74999999999997));
#9164=CARTESIAN_POINT('Ctrl Pts',(7.54983443527075,9.49999999999997,-7.74999999999997));
#9165=CARTESIAN_POINT('Ctrl Pts',(-27.5261004272607,9.03163916510526,-8.61320945980414));
#9166=CARTESIAN_POINT('Ctrl Pts',(7.54983443527075,9.03163916510526,-8.61320945980414));
#9167=CARTESIAN_POINT('Ctrl Pts',(-27.5261004272607,8.60591499884174,-9.49839825645927));
#9168=CARTESIAN_POINT('Ctrl Pts',(7.54983443527075,8.60591499884174,-9.49839825645927));
#9169=CARTESIAN_POINT('Ctrl Pts',(-27.5261004272607,8.26332636103165,-10.4264436796479));
#9170=CARTESIAN_POINT('Ctrl Pts',(7.54983443527075,8.26332636103165,-10.4264436796479));
#9171=CARTESIAN_POINT('Ctrl Pts',(-27.5261004272607,8.08423068561331,-11.217840050627));
#9172=CARTESIAN_POINT('Ctrl Pts',(7.54983443527075,8.08423068561331,-11.217840050627));
#9173=CARTESIAN_POINT('Ctrl Pts',(-27.5261004272607,8.01531519453303,-11.8451044645422));
#9174=CARTESIAN_POINT('Ctrl Pts',(7.54983443527075,8.01531519453303,-11.8451044645422));
#9175=CARTESIAN_POINT('Ctrl Pts',(-27.5261004272607,8.,-12.2790698111886));
#9176=CARTESIAN_POINT('Ctrl Pts',(7.54983443527075,8.,-12.2790698111886));
#9177=CARTESIAN_POINT('Ctrl Pts',(-27.5261004272607,8.,-12.5));
#9178=CARTESIAN_POINT('Ctrl Pts',(7.54983443527075,8.,-12.5));
#9179=CARTESIAN_POINT('',(0.,11.,-3.));
#9180=CARTESIAN_POINT('',(0.,11.,-3.));
#9181=CARTESIAN_POINT('',(6.90186304352972,8.56529547230767,-9.65866816658812));
#9182=CARTESIAN_POINT('Ctrl Pts',(-1.11022302462516E-15,11.,-3.));
#9183=CARTESIAN_POINT('Ctrl Pts',(0.00438556532600719,11.,-3.0037324418576));
#9184=CARTESIAN_POINT('Ctrl Pts',(0.00877179751246913,10.9999973772917,
-3.0074641004327));
#9185=CARTESIAN_POINT('Ctrl Pts',(1.35450370279428,10.9983875516634,-4.1519556271751));
#9186=CARTESIAN_POINT('Ctrl Pts',(2.64741026437971,10.7510064640968,-5.12856959204296));
#9187=CARTESIAN_POINT('Ctrl Pts',(4.90944358465065,9.91070484868147,-7.05349431869095));
#9188=CARTESIAN_POINT('Ctrl Pts',(5.7569597375785,9.40373984513064,-7.88639480091124));
#9189=CARTESIAN_POINT('Ctrl Pts',(6.57000765242643,8.82569693440803,-9.05454284193933));
#9190=CARTESIAN_POINT('Ctrl Pts',(6.74767065708796,8.68954276035272,-9.34871451938357));
#9191=CARTESIAN_POINT('Ctrl Pts',(6.90186304334732,8.56529547247942,-9.65866816674768));
#9192=CARTESIAN_POINT('',(6.64150532083118,8.27613892661978,-10.4999999999999));
#9193=CARTESIAN_POINT('Ctrl Pts',(6.90186304352972,8.56529547251062,-9.65866816666986));
#9194=CARTESIAN_POINT('Ctrl Pts',(6.80372520236024,8.45630880697848,-9.93055188399778));
#9195=CARTESIAN_POINT('Ctrl Pts',(6.71565668897996,8.35849360095351,-10.2097981141144));
#9196=CARTESIAN_POINT('Ctrl Pts',(6.64150532083118,8.27613892661977,-10.5));
#9197=CARTESIAN_POINT('',(7.24606960769229,8.27613890896462,-10.5000000311066));
#9198=CARTESIAN_POINT('Ctrl Pts',(6.64150532083118,8.27613892661978,-10.4999999999999));
#9199=CARTESIAN_POINT('Ctrl Pts',(6.84302674978488,8.27613892661978,-10.4999999999999));
#9200=CARTESIAN_POINT('Ctrl Pts',(7.04454817873858,8.27613890896462,-10.5000000311066));
#9201=CARTESIAN_POINT('Ctrl Pts',(7.24606960769229,8.27613890896462,-10.5000000311066));
#9202=CARTESIAN_POINT('',(7.43779923680655,8.10426693248439,-11.2542134018563));
#9203=CARTESIAN_POINT('Ctrl Pts',(7.24606959918809,8.27613891641037,-10.5000000359759));
#9204=CARTESIAN_POINT('Ctrl Pts',(7.25147698699503,8.27140454585489,-10.5166830391011));
#9205=CARTESIAN_POINT('Ctrl Pts',(7.25681833430368,8.26671863416217,-10.5334115466109));
#9206=CARTESIAN_POINT('Ctrl Pts',(7.33508763916186,8.1979225411991,-10.7823169135945));
#9207=CARTESIAN_POINT('Ctrl Pts',(7.39328317990669,8.14512213836468,-11.0166322406973));
#9208=CARTESIAN_POINT('Ctrl Pts',(7.43779923680655,8.10426693248439,-11.2542134018563));
#9209=CARTESIAN_POINT('Ctrl Pts',(-4.30343325661324,8.10426693248439,-11.2542134018563));
#9210=CARTESIAN_POINT('Ctrl Pts',(-0.389689092139981,8.10426693248439,-11.2542134018563));
#9211=CARTESIAN_POINT('Ctrl Pts',(3.52405507233328,8.10426693248439,-11.2542134018563));
#9212=CARTESIAN_POINT('Ctrl Pts',(7.43779923680654,8.10426693248439,-11.2542134018563));
#9213=CARTESIAN_POINT('Ctrl Pts',(-4.30343325661323,8.10426693248439,-11.2542134018563));
#9214=CARTESIAN_POINT('Ctrl Pts',(0.0578664937457574,8.10426693248439,-11.2542134018563));
#9215=CARTESIAN_POINT('Ctrl Pts',(4.41916624410474,8.10426693248439,-11.2542134018563));
#9216=CARTESIAN_POINT('Ctrl Pts',(8.78046599446373,8.10426693248439,-11.2542134018563));
#9217=CARTESIAN_POINT('Ctrl Pts',(-4.30343325661323,8.03645254036552,-11.6485676016638));
#9218=CARTESIAN_POINT('Ctrl Pts',(0.0578664937457574,8.03645254036552,-11.6485676016638));
#9219=CARTESIAN_POINT('Ctrl Pts',(4.41916624410474,8.03645254036552,-11.6485676016638));
#9220=CARTESIAN_POINT('Ctrl Pts',(8.78046599446373,8.03645254036552,-11.6485676016638));
#9221=CARTESIAN_POINT('Ctrl Pts',(-4.30343325661323,7.6272120719576,-12.2839606659824));
#9222=CARTESIAN_POINT('Ctrl Pts',(0.0578664937457535,7.6272120719576,-12.2839606659824));
#9223=CARTESIAN_POINT('Ctrl Pts',(4.41916624410472,7.6272120719576,-12.2839606659824));
#9224=CARTESIAN_POINT('Ctrl Pts',(8.78046599446373,7.6272120719576,-12.2839606659824));
#9225=CARTESIAN_POINT('Ctrl Pts',(-4.30343325661323,6.92607223857356,-12.4999999999999));
#9226=CARTESIAN_POINT('Ctrl Pts',(0.057866493745759,6.92607223857356,-12.4999999999999));
#9227=CARTESIAN_POINT('Ctrl Pts',(4.41916624410475,6.92607223857356,-12.4999999999999));
#9228=CARTESIAN_POINT('Ctrl Pts',(8.78046599446373,6.92607223857356,-12.4999999999999));
#9229=CARTESIAN_POINT('Ctrl Pts',(-4.30343325661323,6.62596535759629,-12.4999999999999));
#9230=CARTESIAN_POINT('Ctrl Pts',(0.0578664937457563,6.62596535759629,-12.4999999999999));
#9231=CARTESIAN_POINT('Ctrl Pts',(4.41916624410474,6.62596535759629,-12.4999999999999));
#9232=CARTESIAN_POINT('Ctrl Pts',(8.78046599446373,6.62596535759629,-12.4999999999999));
#9233=CARTESIAN_POINT('Ctrl Pts',(7.43779923680655,8.10426693248439,-11.2542134018563));
#9234=CARTESIAN_POINT('Ctrl Pts',(7.46409029681457,8.08013796095722,-11.394528178137));
#9235=CARTESIAN_POINT('Ctrl Pts',(7.51077435573694,8.03710542008467,-11.5254610620441));
#9236=CARTESIAN_POINT('Ctrl Pts',(7.65008436523425,7.90494904207313,-11.8031193337652));
#9237=CARTESIAN_POINT('Ctrl Pts',(7.75205106661761,7.80578047783725,-11.9399034744038));
#9238=CARTESIAN_POINT('Ctrl Pts',(8.00148422534085,7.55091256553902,-12.1983057883627));
#9239=CARTESIAN_POINT('Ctrl Pts',(8.15713302148891,7.38357647498863,-12.3090487963993));
#9240=CARTESIAN_POINT('Ctrl Pts',(8.46927081439139,7.02346019695675,-12.4596579520013));
#9241=CARTESIAN_POINT('Ctrl Pts',(8.62883118972987,6.82690577528447,-12.4999999999999));
#9242=CARTESIAN_POINT('Ctrl Pts',(8.78046599446373,6.62596535759629,-12.4999999999999));
#9243=CARTESIAN_POINT('Origin',(-3.22290209386212,11.,0.));
#9244=CARTESIAN_POINT('',(0.,11.,0.));
#9245=CARTESIAN_POINT('Ctrl Pts',(-8.13537892127263,-2.10894418143374,13.9977536320802));
#9246=CARTESIAN_POINT('Ctrl Pts',(-8.13537892127263,-17.2396297183676,13.9977536320802));
#9247=CARTESIAN_POINT('Ctrl Pts',(-8.7737831269433,-2.10894418143374,13.2271638020306));
#9248=CARTESIAN_POINT('Ctrl Pts',(-8.7737831269433,-17.2396297183676,13.2271638020306));
#9249=CARTESIAN_POINT('Ctrl Pts',(-9.43990269030106,-2.10894418143374,12.4769355217658));
#9250=CARTESIAN_POINT('Ctrl Pts',(-9.43990269030106,-17.2396297183676,12.4769355217658));
#9251=CARTESIAN_POINT('Ctrl Pts',(-10.1028524279359,-2.10894418143374,11.7273581332569));
#9252=CARTESIAN_POINT('Ctrl Pts',(-10.1028524279359,-17.2396297183676,11.7273581332569));
#9253=CARTESIAN_POINT('Ctrl Pts',(-11.329435609816,-2.10894418143374,10.3404973109829));
#9254=CARTESIAN_POINT('Ctrl Pts',(-11.329435609816,-17.2396297183676,10.3404973109829));
#9255=CARTESIAN_POINT('Ctrl Pts',(-12.5355471106749,-2.10894418143374,8.96613886965692));
#9256=CARTESIAN_POINT('Ctrl Pts',(-12.5355471106749,-17.2396297183676,8.96613886965692));
#9257=CARTESIAN_POINT('Ctrl Pts',(-14.4536686847289,-2.10894418143374,6.11954914863819));
#9258=CARTESIAN_POINT('Ctrl Pts',(-14.4536686847289,-17.2396297183676,6.11954914863819));
#9259=CARTESIAN_POINT('Ctrl Pts',(-14.869233739571,-2.10894418143374,5.14708098558707));
#9260=CARTESIAN_POINT('Ctrl Pts',(-14.869233739571,-17.2396297183676,5.14708098558707));
#9261=CARTESIAN_POINT('Ctrl Pts',(-15.4458041877242,-2.10894418143374,4.09999999976441));
#9262=CARTESIAN_POINT('Ctrl Pts',(-15.4458041877242,-17.2396297183676,4.09999999976441));
#9263=CARTESIAN_POINT('',(-15.4458041877242,-9.8,4.09999999976441));
#9264=CARTESIAN_POINT('',(-15.4458041877242,0.,4.09999999976441));
#9265=CARTESIAN_POINT('',(-15.4458041877242,0.,4.09999999976441));
#9266=CARTESIAN_POINT('Origin',(0.,0.,18.05));
#9267=CARTESIAN_POINT('',(-0.242857054729685,-7.9963129285295,17.8));
#9268=CARTESIAN_POINT('Ctrl Pts',(-0.242857054729411,-7.99631292853025,
17.8000000000001));
#9269=CARTESIAN_POINT('Ctrl Pts',(0.157373529308843,-9.09593742075066,17.9811613067255));
#9270=CARTESIAN_POINT('Ctrl Pts',(0.686242788120601,-10.5489937671799,18.2285485414453));
#9271=CARTESIAN_POINT('',(6.,-5.29150262212918,17.8));
#9272=CARTESIAN_POINT('Origin',(0.,0.,17.8));
#9273=CARTESIAN_POINT('Ctrl Pts',(6.,-5.29150262212918,17.8));
#9274=CARTESIAN_POINT('Ctrl Pts',(6.98219100207923,-5.66273592662446,17.9636985003465));
#9275=CARTESIAN_POINT('Ctrl Pts',(7.99968214463741,-6.00822703962869,18.1332803574396));
#9276=CARTESIAN_POINT('Ctrl Pts',(9.,-6.32455532033676,18.3));
#9277=CARTESIAN_POINT('Origin',(7.5,2.44582132324922E-12,18.05));
#9278=CARTESIAN_POINT('',(6.,5.29150262212918,17.8));
#9279=CARTESIAN_POINT('',(6.,2.44582132324922E-12,17.8));
#9280=CARTESIAN_POINT('',(9.,6.32455532033676,18.3));
#9281=CARTESIAN_POINT('Ctrl Pts',(6.,5.29150262212918,17.8));
#9282=CARTESIAN_POINT('Ctrl Pts',(6.98219100207924,5.66273592662446,17.9636985003465));
#9283=CARTESIAN_POINT('Ctrl Pts',(7.99968214463741,6.00822703962869,18.1332803574396));
#9284=CARTESIAN_POINT('Ctrl Pts',(9.,6.32455532033676,18.3));
#9285=CARTESIAN_POINT('',(9.,2.44582132324922E-12,18.3));
#9286=CARTESIAN_POINT('Origin',(0.,0.,18.05));
#9287=CARTESIAN_POINT('',(-0.242857054730389,7.99631292852948,17.8));
#9288=CARTESIAN_POINT('Origin',(0.,0.,17.8));
#9289=CARTESIAN_POINT('Ctrl Pts',(-0.21657229677233,8.06852970749515,17.8119059597177));
#9290=CARTESIAN_POINT('Ctrl Pts',(-0.229773092175494,8.03226082020607,17.8059223553824));
#9291=CARTESIAN_POINT('Ctrl Pts',(-0.242857054730316,7.99631292852967,17.8));
#9292=CARTESIAN_POINT('Origin',(0.,0.,18.3));
#9293=CARTESIAN_POINT('Origin',(9.,0.,8.50000000000001));
#9294=CARTESIAN_POINT('',(9.,6.32455532033676,0.));
#9295=CARTESIAN_POINT('Origin',(0.,0.,0.));
#9296=CARTESIAN_POINT('Origin',(7.5,2.44582132324922E-12,16.75));
#9297=CARTESIAN_POINT('',(6.,5.29150262212918,17.));
#9298=CARTESIAN_POINT('',(6.,-5.29150262212918,17.));
#9299=CARTESIAN_POINT('',(6.,2.44582132324922E-12,17.));
#9300=CARTESIAN_POINT('',(9.,-6.32455532033676,16.5));
#9301=CARTESIAN_POINT('Ctrl Pts',(6.,-5.29150262212918,17.));
#9302=CARTESIAN_POINT('Ctrl Pts',(6.98219100207925,-5.66273592662447,16.8363014996535));
#9303=CARTESIAN_POINT('Ctrl Pts',(7.99968214463746,-6.00822703962871,16.6667196425604));
#9304=CARTESIAN_POINT('Ctrl Pts',(9.,-6.32455532033676,16.5));
#9305=CARTESIAN_POINT('',(9.,6.32455532033676,16.5));
#9306=CARTESIAN_POINT('',(9.,2.44582132324922E-12,16.5));
#9307=CARTESIAN_POINT('Ctrl Pts',(9.,6.32455532033676,16.5));
#9308=CARTESIAN_POINT('Ctrl Pts',(7.99968214463738,6.00822703962869,16.6667196425604));
#9309=CARTESIAN_POINT('Ctrl Pts',(6.98219100207923,5.66273592662447,16.8363014996535));
#9310=CARTESIAN_POINT('Ctrl Pts',(6.,5.29150262212919,17.));
#9311=CARTESIAN_POINT('Origin',(0.,0.,16.75));
#9312=CARTESIAN_POINT('',(-0.242857054729685,-7.9963129285295,17.));
#9313=CARTESIAN_POINT('Origin',(0.,0.,17.));
#9314=CARTESIAN_POINT('Ctrl Pts',(0.738062581408596,-10.6913674791195,16.5471978794394));
#9315=CARTESIAN_POINT('Ctrl Pts',(0.176410755719231,-9.14824177044226,16.8102216386303));
#9316=CARTESIAN_POINT('Ctrl Pts',(-0.242857054729616,-7.99631292852969,
17.));
#9317=CARTESIAN_POINT('Origin',(0.,0.,16.5));
#9318=CARTESIAN_POINT('Origin',(0.,0.,16.75));
#9319=CARTESIAN_POINT('Origin',(0.,0.,16.5));
#9320=CARTESIAN_POINT('',(-0.242857054730388,7.99631292852948,17.));
#9321=CARTESIAN_POINT('Ctrl Pts',(-0.242857054730119,7.99631292853022,16.9999999999999));
#9322=CARTESIAN_POINT('Ctrl Pts',(-0.218467806120537,8.06332183836258,16.9889603935221));
#9323=CARTESIAN_POINT('Ctrl Pts',(-0.193670777924518,8.1314511134008,16.9777071395697));
#9324=CARTESIAN_POINT('Origin',(0.,0.,17.));
#9325=CARTESIAN_POINT('Origin',(1.50000000000001,4.89164264649844E-12,17.));
#9326=CARTESIAN_POINT('',(-1.,5.91607978309962,17.));
#9327=CARTESIAN_POINT('',(-1.,5.91607978309962,17.));
#9328=CARTESIAN_POINT('',(-4.,4.47213595499958,17.));
#9329=CARTESIAN_POINT('Origin',(0.,0.,17.));
#9330=CARTESIAN_POINT('',(-4.70920778003983,4.47213595499958,17.));
#9331=CARTESIAN_POINT('',(-4.,4.47213595499958,17.));
#9332=CARTESIAN_POINT('',(-4.605,4.08322722534698,17.));
#9333=CARTESIAN_POINT('Origin',(-5.3828174593052,4.47213595499958,17.));
#9334=CARTESIAN_POINT('',(-4.605,4.06104468465218,17.));
#9335=CARTESIAN_POINT('',(-4.605,2.37500000000245,17.));
#9336=CARTESIAN_POINT('',(-4.70920778003983,3.67213595499958,17.));
#9337=CARTESIAN_POINT('Origin',(-5.3828174593052,3.67213595499958,17.));
#9338=CARTESIAN_POINT('',(-3.39343742066939,3.67213595499958,17.));
#9339=CARTESIAN_POINT('',(-6.,3.67213595499958,17.));
#9340=CARTESIAN_POINT('',(-3.39343742066939,-3.67213595499958,17.));
#9341=CARTESIAN_POINT('Origin',(0.,0.,17.));
#9342=CARTESIAN_POINT('',(-4.49749457644552,-3.67213595499958,17.));
#9343=CARTESIAN_POINT('',(-6.,-3.67213595499958,17.));
#9344=CARTESIAN_POINT('',(-4.13128479927228,-4.07213595499958,17.));
#9345=CARTESIAN_POINT('Origin',(-5.67140068664154,-3.67213595499958,17.));
#9346=CARTESIAN_POINT('',(-4.49749457644552,-4.47213595499958,17.));
#9347=CARTESIAN_POINT('Origin',(-5.67140068664154,-4.47213595499958,17.));
#9348=CARTESIAN_POINT('',(-4.,-4.47213595499958,17.));
#9349=CARTESIAN_POINT('',(-4.,-4.47213595499958,17.));
#9350=CARTESIAN_POINT('',(-1.,-5.91607978309962,17.));
#9351=CARTESIAN_POINT('Origin',(0.,0.,17.));
#9352=CARTESIAN_POINT('',(-1.,-5.91607978309962,17.));
#9353=CARTESIAN_POINT('Origin',(-8.,0.,0.));
#9354=CARTESIAN_POINT('',(-15.4458041875945,-9.8,-4.1));
#9355=CARTESIAN_POINT('Origin',(-8.,-9.8,0.));
#9356=CARTESIAN_POINT('',(-15.4458041875945,0.,-4.1));
#9357=CARTESIAN_POINT('Origin',(0.,0.,0.));
#9358=CARTESIAN_POINT('',(9.,6.32455532033676,-10.4999999999999));
#9359=CARTESIAN_POINT('Origin',(0.,0.,-10.4999999999999));
#9360=CARTESIAN_POINT('',(9.,6.32455532033676,0.));
#9361=CARTESIAN_POINT('Origin',(0.,0.,0.));
#9362=CARTESIAN_POINT('',(9.,-6.32455532033676,-10.4999999999999));
#9363=CARTESIAN_POINT('',(9.,-6.32455532033676,0.));
#9364=CARTESIAN_POINT('Origin',(0.,0.,-10.4999999999999));
#9365=CARTESIAN_POINT('Ctrl Pts',(0.249902205224606,2.75,-4.71053220000716));
#9366=CARTESIAN_POINT('Ctrl Pts',(0.112794357805252,2.75,-4.95065927795203));
#9367=CARTESIAN_POINT('Ctrl Pts',(-0.114283899968095,2.75,-5.30689015816594));
#9368=CARTESIAN_POINT('Ctrl Pts',(-0.366119350890868,2.75,-5.65678539856547));
#9369=CARTESIAN_POINT('Ctrl Pts',(-0.430565217358901,2.75,-5.74052759545354));
#9370=CARTESIAN_POINT('Ctrl Pts',(-0.430564324894618,2.75000373578517,-5.74052871233164));
#9371=CARTESIAN_POINT('Ctrl Pts',(-0.0753370891195168,2.59042800075927,
-4.75943269328713));
#9372=CARTESIAN_POINT('Ctrl Pts',(-0.176621205533877,2.5812593368167,-5.0160662866126));
#9373=CARTESIAN_POINT('Ctrl Pts',(-0.340614814623927,2.58213246004243,-5.40801004330669));
#9374=CARTESIAN_POINT('Ctrl Pts',(-0.516756394657968,2.64580136263101,-5.81275815542106));
#9375=CARTESIAN_POINT('Ctrl Pts',(-0.561256771510345,2.71488256457188,-5.91285691176072));
#9376=CARTESIAN_POINT('Ctrl Pts',(-0.561256771510345,2.75,-5.91285691176072));
#9377=CARTESIAN_POINT('Ctrl Pts',(-0.631545285639768,2.09674426901648,-4.91072100277368));
#9378=CARTESIAN_POINT('Ctrl Pts',(-0.661340053159796,2.10648312071711,-5.20424806957864));
#9379=CARTESIAN_POINT('Ctrl Pts',(-0.707267904434046,2.16511669533537,-5.66870082897769));
#9380=CARTESIAN_POINT('Ctrl Pts',(-0.754809232918503,2.41138589932357,-6.17203840886599));
#9381=CARTESIAN_POINT('Ctrl Pts',(-0.766233127728474,2.63588941472951,-6.30024995359178));
#9382=CARTESIAN_POINT('Ctrl Pts',(-0.766233127728474,2.75,-6.30024995359178));
#9383=CARTESIAN_POINT('Ctrl Pts',(-0.837,1.39821389796791,-5.12478412085109));
#9384=CARTESIAN_POINT('Ctrl Pts',(-0.836721305387633,1.47353400758309,-5.45841071271498));
#9385=CARTESIAN_POINT('Ctrl Pts',(-0.836922076020379,1.65879721426096,-5.99369592468511));
#9386=CARTESIAN_POINT('Ctrl Pts',(-0.836736946708874,2.14811496081632,-6.58195229306855));
#9387=CARTESIAN_POINT('Ctrl Pts',(-0.836999999999999,2.54772553465208,-6.73277824776047));
#9388=CARTESIAN_POINT('Ctrl Pts',(-0.836999999999999,2.75,-6.73277824776047));
#9389=CARTESIAN_POINT('Ctrl Pts',(-0.837,1.04869602561344,-5.23189311522119));
#9390=CARTESIAN_POINT('Ctrl Pts',(-0.837,1.15707279120648,-5.58554797628591));
#9391=CARTESIAN_POINT('Ctrl Pts',(-0.836999999999999,1.40564239173557,-6.15624948792394));
#9392=CARTESIAN_POINT('Ctrl Pts',(-0.837,2.01660092541423,-6.78690388239179));
#9393=CARTESIAN_POINT('Ctrl Pts',(-0.836999999999999,2.50363318395538,-6.94905972081219));
#9394=CARTESIAN_POINT('Ctrl Pts',(-0.836999999999999,2.75,-6.94905972081219));
#9395=CARTESIAN_POINT('',(-0.837,1.53170961942605,-6.24030696381427));
#9396=CARTESIAN_POINT('',(-0.430565217358901,2.75,-5.74052759545354));
#9397=CARTESIAN_POINT('Ctrl Pts',(-0.837,1.53170961942841,-6.24030696381749));
#9398=CARTESIAN_POINT('Ctrl Pts',(-0.837,1.77961818443632,-6.24030696381749));
#9399=CARTESIAN_POINT('Ctrl Pts',(-0.806851262845291,2.00674005176191,-6.20602410913595));
#9400=CARTESIAN_POINT('Ctrl Pts',(-0.714491614580757,2.3569435738395,-6.09717373604804));
#9401=CARTESIAN_POINT('Ctrl Pts',(-0.66070955622537,2.48478016216001,-6.0326593649443));
#9402=CARTESIAN_POINT('Ctrl Pts',(-0.573213565042754,2.62962411284624,-5.92412442143551));
#9403=CARTESIAN_POINT('Ctrl Pts',(-0.542938238857258,2.66837681021489,-5.88594423314135));
#9404=CARTESIAN_POINT('Ctrl Pts',(-0.500032458987219,2.71106491960805,-5.83104200559231));
#9405=CARTESIAN_POINT('Ctrl Pts',(-0.484466272545863,2.7242205673719,-5.81097387849329));
#9406=CARTESIAN_POINT('Ctrl Pts',(-0.461451086782973,2.73878370267316,-5.781040025238));
#9407=CARTESIAN_POINT('Ctrl Pts',(-0.453812801352436,2.74289612109803,-5.77106678521916));
#9408=CARTESIAN_POINT('Ctrl Pts',(-0.442977997102079,2.74718900892591,-5.756861005124));
#9409=CARTESIAN_POINT('Ctrl Pts',(-0.439502525541798,2.74834950368712,-5.75229592918));
#9410=CARTESIAN_POINT('Ctrl Pts',(-0.434067477564569,2.74961946109427,-5.7451437782259));
#9411=CARTESIAN_POINT('Ctrl Pts',(-0.43248571842783,2.74985231168032,-5.74305935946186));
#9412=CARTESIAN_POINT('Ctrl Pts',(-0.431205839369387,2.74996751192976,-5.74137222830674));
#9413=CARTESIAN_POINT('Ctrl Pts',(-0.43099877482929,2.7499829930353,-5.74109924659007));
#9414=CARTESIAN_POINT('Ctrl Pts',(-0.430724970083485,2.74999615937536,-5.74073824013633));
#9415=CARTESIAN_POINT('Ctrl Pts',(-0.430485336476304,2.75,-5.74042226486831));
#9416=CARTESIAN_POINT('Ctrl Pts',(-0.430565217358901,2.75,-5.74052759545354));
#9417=CARTESIAN_POINT('',(-0.837,1.40000000001297,-6.04185440691391));
#9418=CARTESIAN_POINT('Ctrl Pts',(-0.837,1.53229184731159,-6.23987951686259));
#9419=CARTESIAN_POINT('Ctrl Pts',(-0.836999999999999,1.52917240425646,-6.23563052229453));
#9420=CARTESIAN_POINT('Ctrl Pts',(-0.836999999999999,1.48229824875882,-6.17136207947195));
#9421=CARTESIAN_POINT('Ctrl Pts',(-0.836999999999999,1.43855822251029,-6.10508740511712));
#9422=CARTESIAN_POINT('Ctrl Pts',(-0.837,1.40023061693509,-6.04171493036908));
#9423=CARTESIAN_POINT('',(-0.802959213646688,1.4,-5.1242367737549));
#9424=CARTESIAN_POINT('Ctrl Pts',(-0.837,1.4,-6.04185440687082));
#9425=CARTESIAN_POINT('Ctrl Pts',(-0.837,1.4,-5.83282352673711));
#9426=CARTESIAN_POINT('Ctrl Pts',(-0.827906433672495,1.4,-5.6092187019621));
#9427=CARTESIAN_POINT('Ctrl Pts',(-0.813435635766632,1.4,-5.31705449322724));
#9428=CARTESIAN_POINT('Ctrl Pts',(-0.808342920425743,1.4,-5.22255098174023));
#9429=CARTESIAN_POINT('Ctrl Pts',(-0.802959213646688,1.4,-5.1242367737549));
#9430=CARTESIAN_POINT('',(-0.261146013183298,2.75,-5.51000353662453));
#9431=CARTESIAN_POINT('Ctrl Pts',(-0.261146013183298,2.75,-5.51000353662453));
#9432=CARTESIAN_POINT('Ctrl Pts',(-0.315473335514067,2.62997795609319,-5.47132290785249));
#9433=CARTESIAN_POINT('Ctrl Pts',(-0.412581780265615,2.46026479386876,-5.40218245437688));
#9434=CARTESIAN_POINT('Ctrl Pts',(-0.586287675645945,2.10449583846176,-5.27850521488746));
#9435=CARTESIAN_POINT('Ctrl Pts',(-0.668013055994999,1.91772888877457,-5.22031738300264));
#9436=CARTESIAN_POINT('Ctrl Pts',(-0.762896405244808,1.59868002675632,-5.15276118012862));
#9437=CARTESIAN_POINT('Ctrl Pts',(-0.786353166948085,1.49655362399634,-5.13606014917932));
#9438=CARTESIAN_POINT('Ctrl Pts',(-0.802959213646688,1.4,-5.12423677375491));
#9439=CARTESIAN_POINT('Origin',(-7.99999999981369,2.75,0.));
#9440=CARTESIAN_POINT('Ctrl Pts',(-0.430564324894618,-2.75000373578517,
-5.74052871233164));
#9441=CARTESIAN_POINT('Ctrl Pts',(-0.430565217358901,-2.75,-5.74052759545354));
#9442=CARTESIAN_POINT('Ctrl Pts',(-0.366119350890803,-2.75,-5.65678539856538));
#9443=CARTESIAN_POINT('Ctrl Pts',(-0.114283899968074,-2.75,-5.3068901581659));
#9444=CARTESIAN_POINT('Ctrl Pts',(0.112794357805247,-2.75,-4.95065927795204));
#9445=CARTESIAN_POINT('Ctrl Pts',(0.249902205224606,-2.75,-4.71053220000716));
#9446=CARTESIAN_POINT('Ctrl Pts',(-0.561256771510345,-2.75,-5.91285691176072));
#9447=CARTESIAN_POINT('Ctrl Pts',(-0.561256771510345,-2.71488256457188,
-5.91285691176072));
#9448=CARTESIAN_POINT('Ctrl Pts',(-0.516756394657922,-2.64580136263101,
-5.81275815542098));
#9449=CARTESIAN_POINT('Ctrl Pts',(-0.340614814623912,-2.58213246004243,
-5.40801004330666));
#9450=CARTESIAN_POINT('Ctrl Pts',(-0.176621205533881,-2.5812593368167,-5.01606628661261));
#9451=CARTESIAN_POINT('Ctrl Pts',(-0.0753370891195167,-2.59042800075927,
-4.75943269328713));
#9452=CARTESIAN_POINT('Ctrl Pts',(-0.766233127728474,-2.75,-6.30024995359178));
#9453=CARTESIAN_POINT('Ctrl Pts',(-0.766233127728474,-2.63588941472951,
-6.30024995359178));
#9454=CARTESIAN_POINT('Ctrl Pts',(-0.75480923291849,-2.41138589932357,-6.17203840886593));
#9455=CARTESIAN_POINT('Ctrl Pts',(-0.707267904434042,-2.16511669533538,
-5.66870082897768));
#9456=CARTESIAN_POINT('Ctrl Pts',(-0.661340053159797,-2.10648312071711,
-5.20424806957865));
#9457=CARTESIAN_POINT('Ctrl Pts',(-0.631545285639768,-2.09674426901647,
-4.91072100277368));
#9458=CARTESIAN_POINT('Ctrl Pts',(-0.836999999999999,-2.75,-6.73277824776047));
#9459=CARTESIAN_POINT('Ctrl Pts',(-0.836999999999999,-2.54772553465208,
-6.73277824776047));
#9460=CARTESIAN_POINT('Ctrl Pts',(-0.836736946708873,-2.14811496081632,
-6.58195229306853));
#9461=CARTESIAN_POINT('Ctrl Pts',(-0.83692207602038,-1.65879721426096,-5.99369592468511));
#9462=CARTESIAN_POINT('Ctrl Pts',(-0.836721305387633,-1.47353400758309,
-5.45841071271498));
#9463=CARTESIAN_POINT('Ctrl Pts',(-0.837,-1.39821389796791,-5.12478412085109));
#9464=CARTESIAN_POINT('Ctrl Pts',(-0.836999999999999,-2.75,-6.94905972081218));
#9465=CARTESIAN_POINT('Ctrl Pts',(-0.836999999999999,-2.50363318395538,
-6.94905972081218));
#9466=CARTESIAN_POINT('Ctrl Pts',(-0.836999999999999,-2.01660092541422,
-6.78690388239179));
#9467=CARTESIAN_POINT('Ctrl Pts',(-0.836999999999999,-1.40564239173557,
-6.15624948792395));
#9468=CARTESIAN_POINT('Ctrl Pts',(-0.837,-1.15707279120648,-5.58554797628591));
#9469=CARTESIAN_POINT('Ctrl Pts',(-0.837,-1.04869602561344,-5.23189311522119));
#9470=CARTESIAN_POINT('',(-0.802959213646688,-1.4,-5.1242367737549));
#9471=CARTESIAN_POINT('',(-0.837,-1.40000000001297,-6.04185440691391));
#9472=CARTESIAN_POINT('Ctrl Pts',(-0.802959213646688,-1.4,-5.1242367737549));
#9473=CARTESIAN_POINT('Ctrl Pts',(-0.810083467772558,-1.4,-5.25433587287301));
#9474=CARTESIAN_POINT('Ctrl Pts',(-0.816710413814957,-1.4,-5.37741417148195));
#9475=CARTESIAN_POINT('Ctrl Pts',(-0.830479746217552,-1.4,-5.67698524185186));
#9476=CARTESIAN_POINT('Ctrl Pts',(-0.837,-1.4,-5.8629838344813));
#9477=CARTESIAN_POINT('Ctrl Pts',(-0.837,-1.4,-6.04185440687082));
#9478=CARTESIAN_POINT('',(-0.837,-1.53170961942605,-6.24030696381427));
#9479=CARTESIAN_POINT('Ctrl Pts',(-0.837,-1.40023061693509,-6.04171493036908));
#9480=CARTESIAN_POINT('Ctrl Pts',(-0.836999999999999,-1.43855822251029,
-6.10508740511712));
#9481=CARTESIAN_POINT('Ctrl Pts',(-0.836999999999999,-1.48229824875882,
-6.17136207947195));
#9482=CARTESIAN_POINT('Ctrl Pts',(-0.836999999999999,-1.52917240425646,
-6.23563052229453));
#9483=CARTESIAN_POINT('Ctrl Pts',(-0.837,-1.53229184731159,-6.23987951686259));
#9484=CARTESIAN_POINT('',(-0.430565217358901,-2.75,-5.74052759545354));
#9485=CARTESIAN_POINT('Ctrl Pts',(-0.430565217358901,-2.75,-5.74052759545354));
#9486=CARTESIAN_POINT('Ctrl Pts',(-0.430631396813144,-2.75,-5.74061485939479));
#9487=CARTESIAN_POINT('Ctrl Pts',(-0.430738666484438,-2.74999550076197,
-5.74075629858569));
#9488=CARTESIAN_POINT('Ctrl Pts',(-0.43099877482971,-2.74998299303528,-5.74109924659062));
#9489=CARTESIAN_POINT('Ctrl Pts',(-0.431205839371605,-2.74996751192949,
-5.74137222830967));
#9490=CARTESIAN_POINT('Ctrl Pts',(-0.432485718422861,-2.74985231168083,
-5.74305935945531));
#9491=CARTESIAN_POINT('Ctrl Pts',(-0.434067477559011,-2.74961946109558,
-5.74514377821859));
#9492=CARTESIAN_POINT('Ctrl Pts',(-0.439502525541924,-2.7483495036871,-5.75229592918016));
#9493=CARTESIAN_POINT('Ctrl Pts',(-0.44297799710234,-2.7471890089258,-5.75686100512434));
#9494=CARTESIAN_POINT('Ctrl Pts',(-0.453812801352397,-2.74289612109805,
-5.77106678521911));
#9495=CARTESIAN_POINT('Ctrl Pts',(-0.461451086782891,-2.73878370267322,
-5.78104002523789));
#9496=CARTESIAN_POINT('Ctrl Pts',(-0.484466272545884,-2.72422056737189,
-5.81097387849332));
#9497=CARTESIAN_POINT('Ctrl Pts',(-0.500032458987274,-2.71106491960799,
-5.83104200559238));
#9498=CARTESIAN_POINT('Ctrl Pts',(-0.542938238856793,-2.66837681021535,
-5.88594423314075));
#9499=CARTESIAN_POINT('Ctrl Pts',(-0.573213565042287,-2.62962411284701,
-5.92412442143493));
#9500=CARTESIAN_POINT('Ctrl Pts',(-0.660709556225396,-2.48478016215997,
-6.03265936494434));
#9501=CARTESIAN_POINT('Ctrl Pts',(-0.714491614580771,-2.35694357383944,
-6.09717373604806));
#9502=CARTESIAN_POINT('Ctrl Pts',(-0.806851262845274,-2.00674005176197,
-6.20602410913594));
#9503=CARTESIAN_POINT('Ctrl Pts',(-0.837000000000001,-1.77961818443638,
-6.24030696381749));
#9504=CARTESIAN_POINT('Ctrl Pts',(-0.837000000000001,-1.53170961942841,
-6.24030696381749));
#9505=CARTESIAN_POINT('',(-0.261146013183298,-2.75,-5.51000353662453));
#9506=CARTESIAN_POINT('Origin',(-7.99999999981369,-2.75,0.));
#9507=CARTESIAN_POINT('Ctrl Pts',(-0.802959213646688,-1.4,-5.1242367737549));
#9508=CARTESIAN_POINT('Ctrl Pts',(-0.787490270089998,-1.48994209078787,
-5.13525054063208));
#9509=CARTESIAN_POINT('Ctrl Pts',(-0.767067112187409,-1.57888502376344,
-5.1497916693918));
#9510=CARTESIAN_POINT('Ctrl Pts',(-0.607426135218681,-2.14604343348712,
-5.26345479693078));
#9511=CARTESIAN_POINT('Ctrl Pts',(-0.363998387311964,-2.52277451503258,
-5.43677345033808));
#9512=CARTESIAN_POINT('Ctrl Pts',(-0.261146013183298,-2.75,-5.51000353662453));
#9513=CARTESIAN_POINT('Origin',(1.163,0.75,0.985497473257331));
#9514=CARTESIAN_POINT('',(-0.728428031937773,1.4,0.152273599777992));
#9515=CARTESIAN_POINT('',(1.163,2.75,0.191881893062656));
#9516=CARTESIAN_POINT('Origin',(1.163,0.75,0.191881893062656));
#9517=CARTESIAN_POINT('',(-0.728428031937774,1.4,-10.4999999999999));
#9518=CARTESIAN_POINT('',(-0.728428031937774,1.4,0.985497473257331));
#9519=CARTESIAN_POINT('',(-0.837,0.75,-10.4999999999999));
#9520=CARTESIAN_POINT('Origin',(1.163,0.75,-10.4999999999999));
#9521=CARTESIAN_POINT('',(-0.837,0.75,6.24030696381749));
#9522=CARTESIAN_POINT('',(-0.837,0.75,0.985497473257331));
#9523=CARTESIAN_POINT('',(1.163,2.75,2.50787380133337));
#9524=CARTESIAN_POINT('Ctrl Pts',(1.163,2.75,2.50787380133337));
#9525=CARTESIAN_POINT('Ctrl Pts',(1.13253117018852,2.75,2.61919753995549));
#9526=CARTESIAN_POINT('Ctrl Pts',(1.1000693987742,2.74930575880414,2.72982808573749));
#9527=CARTESIAN_POINT('Ctrl Pts',(0.920905125484777,2.7405794489474,3.30183364640313));
#9528=CARTESIAN_POINT('Ctrl Pts',(0.741803167121695,2.71682226603043,3.74779228485442));
#9529=CARTESIAN_POINT('Ctrl Pts',(0.335200331472016,2.58317875232139,4.58143045930032));
#9530=CARTESIAN_POINT('Ctrl Pts',(0.107392915896744,2.476090089346,4.96940658512044));
#9531=CARTESIAN_POINT('Ctrl Pts',(-0.221866449703603,2.19833955351416,5.457072402338));
#9532=CARTESIAN_POINT('Ctrl Pts',(-0.326036129766839,2.09457772920137,5.60231421079663));
#9533=CARTESIAN_POINT('Ctrl Pts',(-0.519220323758468,1.84327634887157,5.85777950836125));
#9534=CARTESIAN_POINT('Ctrl Pts',(-0.607725216828824,1.69520066403668,5.96786042982347));
#9535=CARTESIAN_POINT('Ctrl Pts',(-0.722115449425163,1.42878172132068,6.10638410159191));
#9536=CARTESIAN_POINT('Ctrl Pts',(-0.765153981347309,1.29923774345786,6.15702473796463));
#9537=CARTESIAN_POINT('Ctrl Pts',(-0.822711385253063,1.02638801445336,6.22402430157589));
#9538=CARTESIAN_POINT('Ctrl Pts',(-0.837,0.883015021569101,6.24030696381749));
#9539=CARTESIAN_POINT('Ctrl Pts',(-0.837,0.750000000000001,6.24030696381749));
#9540=CARTESIAN_POINT('',(1.163,2.75,0.985497473257331));
#9541=CARTESIAN_POINT('Origin',(2.3815,2.75,-0.999999942316943));
#9542=CARTESIAN_POINT('',(1.49791769961645,2.75,0.198895386702719));
#9543=CARTESIAN_POINT('Origin',(-7.99999999981369,2.75,0.));
#9544=CARTESIAN_POINT('',(-0.322539123628803,2.75,0.16077329770455));
#9545=CARTESIAN_POINT('Origin',(-0.837,0.,2.9709948888316));
#9546=CARTESIAN_POINT('',(-0.837,-0.75,-10.4999999999999));
#9547=CARTESIAN_POINT('',(-0.837,-3.075,-10.4999999999999));
#9548=CARTESIAN_POINT('',(-0.837,-0.75,6.24030696381749));
#9549=CARTESIAN_POINT('',(-0.837,-0.75,0.985497473257331));
#9550=CARTESIAN_POINT('',(-0.836999999999999,-6.15,6.24030696381749));
#9551=CARTESIAN_POINT('',(-0.837,6.15,8.5));
#9552=CARTESIAN_POINT('',(-0.837,-3.075,8.5));
#9553=CARTESIAN_POINT('',(-0.836999999999999,6.15,6.24030696381749));
#9554=CARTESIAN_POINT('',(-0.837,6.15,3.12015348190875));
#9555=CARTESIAN_POINT('',(-0.836999999999999,6.15,6.24030696381749));
#9556=CARTESIAN_POINT('',(-0.837,-0.625,-9.85));
#9557=CARTESIAN_POINT('Origin',(-0.837,-4.34294987219085E-18,-9.85));
#9558=CARTESIAN_POINT('',(-0.837,-0.625,5.15));
#9559=CARTESIAN_POINT('Origin',(-0.837,-4.34294987219085E-18,5.15));
#9560=CARTESIAN_POINT('',(-0.837,-0.625,0.149999999999999));
#9561=CARTESIAN_POINT('Origin',(-0.837,1.31237334917017E-17,0.15));
#9562=CARTESIAN_POINT('',(-0.837,-0.625,-3.35));
#9563=CARTESIAN_POINT('Origin',(-0.837,1.31237334917017E-17,-3.35));
#9564=CARTESIAN_POINT('',(-0.837,-0.625,-1.6));
#9565=CARTESIAN_POINT('Origin',(-0.837,1.31237334917017E-17,-1.6));
#9566=CARTESIAN_POINT('',(-0.837,-0.625,-5.1));
#9567=CARTESIAN_POINT('Origin',(-0.837,1.31237334917017E-17,-5.1));
#9568=CARTESIAN_POINT('Origin',(1.163,-0.75,0.985497473257331));
#9569=CARTESIAN_POINT('',(-0.728428031937773,-1.4,0.152273599777992));
#9570=CARTESIAN_POINT('',(1.163,-2.75,0.191881893062656));
#9571=CARTESIAN_POINT('Origin',(1.163,-0.75,0.191881893062656));
#9572=CARTESIAN_POINT('',(1.163,-2.75,2.50787380133337));
#9573=CARTESIAN_POINT('',(1.163,-2.75,0.985497473257331));
#9574=CARTESIAN_POINT('Ctrl Pts',(-0.837,-0.750000000000001,6.24030696381749));
#9575=CARTESIAN_POINT('Ctrl Pts',(-0.837,-0.883015021569101,6.24030696381749));
#9576=CARTESIAN_POINT('Ctrl Pts',(-0.822711385253063,-1.02638801445336,
6.22402430157589));
#9577=CARTESIAN_POINT('Ctrl Pts',(-0.765153981347309,-1.29923774345786,
6.15702473796463));
#9578=CARTESIAN_POINT('Ctrl Pts',(-0.722115449425163,-1.42878172132068,
6.10638410159191));
#9579=CARTESIAN_POINT('Ctrl Pts',(-0.607725216828824,-1.69520066403668,
5.96786042982347));
#9580=CARTESIAN_POINT('Ctrl Pts',(-0.519220323758468,-1.84327634887157,
5.85777950836125));
#9581=CARTESIAN_POINT('Ctrl Pts',(-0.326036129766839,-2.09457772920137,
5.60231421079663));
#9582=CARTESIAN_POINT('Ctrl Pts',(-0.221866449703603,-2.19833955351416,
5.457072402338));
#9583=CARTESIAN_POINT('Ctrl Pts',(0.107392915896744,-2.476090089346,4.96940658512044));
#9584=CARTESIAN_POINT('Ctrl Pts',(0.335200331472015,-2.58317875232139,4.58143045930032));
#9585=CARTESIAN_POINT('Ctrl Pts',(0.741803167121694,-2.71682226603043,3.74779228485442));
#9586=CARTESIAN_POINT('Ctrl Pts',(0.920905125484777,-2.7405794489474,3.30183364640313));
#9587=CARTESIAN_POINT('Ctrl Pts',(1.1000693987742,-2.74930575880414,2.72982808573749));
#9588=CARTESIAN_POINT('Ctrl Pts',(1.13253117018852,-2.75,2.61919753995549));
#9589=CARTESIAN_POINT('Ctrl Pts',(1.163,-2.75,2.50787380133337));
#9590=CARTESIAN_POINT('',(-0.728428031937774,-1.4,-10.4999999999999));
#9591=CARTESIAN_POINT('Origin',(1.163,-0.75,-10.4999999999999));
#9592=CARTESIAN_POINT('',(-0.728428031937774,-1.4,0.985497473257331));
#9593=CARTESIAN_POINT('Origin',(-0.837,0.,2.9709948888316));
#9594=CARTESIAN_POINT('',(-0.837000000000003,6.15,-6.2403069638175));
#9595=CARTESIAN_POINT('',(-0.837000000000003,6.15,-6.2403069638175));
#9596=CARTESIAN_POINT('',(-0.837,6.15,-10.4999999999999));
#9597=CARTESIAN_POINT('',(-0.837,6.15,-5.24999999999996));
#9598=CARTESIAN_POINT('',(-0.837,1.4,-10.4999999999999));
#9599=CARTESIAN_POINT('',(-0.837,-3.075,-10.4999999999999));
#9600=CARTESIAN_POINT('',(-0.837,1.4,0.98549747325732));
#9601=CARTESIAN_POINT('Origin',(-0.837,0.,2.9709948888316));
#9602=CARTESIAN_POINT('',(-0.837,-1.4,-10.4999999999999));
#9603=CARTESIAN_POINT('',(-0.837,-1.4,0.98549747325732));
#9604=CARTESIAN_POINT('',(-0.837,-3.075,-10.4999999999999));
#9605=CARTESIAN_POINT('',(-0.837,-6.15,-6.24030696381749));
#9606=CARTESIAN_POINT('Origin',(9.,0.,8.50000000000001));
#9607=CARTESIAN_POINT('',(9.,6.32455532033676,8.5));
#9608=CARTESIAN_POINT('',(9.,1.86002959141489,8.5));
#9609=CARTESIAN_POINT('',(9.,6.32455532033676,0.));
#9610=CARTESIAN_POINT('Origin',(9.,0.,8.50000000000001));
#9611=CARTESIAN_POINT('',(9.00000000000008,0.,-10.4999999999999));
#9612=CARTESIAN_POINT('Origin',(0.300000000000001,1.23318375444876,8.5));
#9613=CARTESIAN_POINT('',(0.450202022148915,1.4,-10.4999999999999));
#9614=CARTESIAN_POINT('',(0.450202022148918,1.4,8.5));
#9615=CARTESIAN_POINT('',(0.450202022148917,1.4,3.75000002884152));
#9616=CARTESIAN_POINT('',(2.01021989925277,3.13257537766881,-10.4999999999999));
#9617=CARTESIAN_POINT('',(6.90186304381736,8.56529547210067,8.5));
#9618=CARTESIAN_POINT('',(6.90186304381736,8.56529547210067,0.));
#9619=CARTESIAN_POINT('',(8.24139007574521,10.0529909577117,8.5));
#9620=CARTESIAN_POINT('Origin',(0.,0.,0.));
#9621=CARTESIAN_POINT('Origin',(0.,0.,8.5));
#9622=CARTESIAN_POINT('',(6.61996525467118,8.78499061052124,0.));
#9623=CARTESIAN_POINT('Origin',(0.836540522890626,-1.4,-0.999999942316965));
#9624=CARTESIAN_POINT('',(-3.92691895421875,-1.4,-2.90000186138133));
#9625=CARTESIAN_POINT('',(-7.99999999981369,-1.4,0.));
#9626=CARTESIAN_POINT('',(-3.00109594748204,-1.4,0.104681782475116));
#9627=CARTESIAN_POINT('Origin',(-7.99999999981369,-1.4,0.));
#9628=CARTESIAN_POINT('',(-7.99999999981369,-1.4,0.));
#9629=CARTESIAN_POINT('',(0.518270261445314,-1.4,-10.4999999999999));
#9630=CARTESIAN_POINT('Origin',(2.3815,-2.75,-0.999999942316943));
#9631=CARTESIAN_POINT('',(1.49791769961645,-2.75,0.198895386702719));
#9632=CARTESIAN_POINT('',(-0.322539123628803,-2.75,0.16077329770455));
#9633=CARTESIAN_POINT('Origin',(-7.99999999981369,-2.75,0.));
#9634=CARTESIAN_POINT('Origin',(-7.99999999981369,-6.15,0.));
#9635=CARTESIAN_POINT('',(1.49791769961645,-6.15,0.198895386702719));
#9636=CARTESIAN_POINT('Origin',(-3.00109594748204,-6.15,0.104681782475115));
#9637=CARTESIAN_POINT('',(-3.00109594748204,-6.15,0.104681782475115));
#9638=CARTESIAN_POINT('Origin',(0.836540522890626,-1.4,-0.999999942316965));
#9639=CARTESIAN_POINT('',(0.163,-1.4,-10.4999999999999));
#9640=CARTESIAN_POINT('',(0.518270261445314,-1.4,-10.4999999999999));
#9641=CARTESIAN_POINT('',(0.163,-1.4,8.50000010363827));
#9642=CARTESIAN_POINT('',(0.163,-1.4,0.98549747325732));
#9643=CARTESIAN_POINT('',(4.91827026144535,-1.4,8.5));
#9644=CARTESIAN_POINT('Origin',(-7.99999999981369,-6.15,0.));
#9645=CARTESIAN_POINT('',(-3.92691895421875,-6.15,-2.90000186138133));
#9646=CARTESIAN_POINT('Origin',(-0.261146013183299,-6.15,-5.51000353662453));
#9647=CARTESIAN_POINT('',(-0.261146013183298,-6.15,-5.51000353662453));
#9648=CARTESIAN_POINT('Origin',(-7.99999999981369,-6.15,0.));
#9649=CARTESIAN_POINT('Origin',(9.00000000000008,0.,8.5));
#9650=CARTESIAN_POINT('',(0.163,1.4,8.50000010363827));
#9651=CARTESIAN_POINT('',(0.163,0.,8.5));
#9652=CARTESIAN_POINT('',(4.91827026144535,1.4,8.5));
#9653=CARTESIAN_POINT('Origin',(0.163,0.,2.9709948888316));
#9654=CARTESIAN_POINT('',(0.163,1.4,-10.4999999999999));
#9655=CARTESIAN_POINT('',(0.163,0.,-10.4999999999999));
#9656=CARTESIAN_POINT('',(0.163,1.4,0.98549747325732));
#9657=CARTESIAN_POINT('',(0.163,-0.625,-5.1));
#9658=CARTESIAN_POINT('Origin',(0.163,1.31237334917017E-17,-5.1));
#9659=CARTESIAN_POINT('',(0.163,-0.625,-1.6));
#9660=CARTESIAN_POINT('Origin',(0.163,1.31237334917017E-17,-1.6));
#9661=CARTESIAN_POINT('',(0.163,-0.625,-3.35));
#9662=CARTESIAN_POINT('Origin',(0.163,1.31237334917017E-17,-3.35));
#9663=CARTESIAN_POINT('',(0.163,-0.625,0.149999999999999));
#9664=CARTESIAN_POINT('Origin',(0.163,1.31237334917017E-17,0.15));
#9665=CARTESIAN_POINT('',(0.163,-0.625,5.15));
#9666=CARTESIAN_POINT('Origin',(0.163,-4.34294987219085E-18,5.15));
#9667=CARTESIAN_POINT('',(0.163,-0.625,-9.85));
#9668=CARTESIAN_POINT('Origin',(0.163,-4.34294987219085E-18,-9.85));
#9669=CARTESIAN_POINT('Origin',(0.199999999999999,0.,-10.4999999999999));
#9670=CARTESIAN_POINT('',(0.518270261445314,1.4,-10.4999999999999));
#9671=CARTESIAN_POINT('',(-3.24452858596677,6.15,-10.5));
#9672=CARTESIAN_POINT('',(-1.6222642929833,6.15,-10.4999999999999));
#9673=CARTESIAN_POINT('',(-3.24452858596677,0.,-10.5));
#9674=CARTESIAN_POINT('Origin',(0.836540522890626,1.4,-0.999999942316965));
#9675=CARTESIAN_POINT('',(0.518270261445314,1.4,-10.4999999999999));
#9676=CARTESIAN_POINT('Origin',(0.836540522890626,1.4,-0.999999942316965));
#9677=CARTESIAN_POINT('',(-3.00109594748204,1.4,0.104681782475116));
#9678=CARTESIAN_POINT('',(-1.09468026034922,1.4,0.144603931445849));
#9679=CARTESIAN_POINT('',(-3.92691895421875,1.4,-2.90000186138133));
#9680=CARTESIAN_POINT('Origin',(-7.99999999981369,1.4,0.));
#9681=CARTESIAN_POINT('',(-0.962371930405045,1.4,-5.01073616570119));
#9682=CARTESIAN_POINT('Origin',(-7.99999999981369,6.15,0.));
#9683=CARTESIAN_POINT('',(1.49791769961645,6.15,0.198895386702719));
#9684=CARTESIAN_POINT('Origin',(-7.99999999981369,6.15,0.));
#9685=CARTESIAN_POINT('',(1.49791769961645,6.15,0.198895386702719));
#9686=CARTESIAN_POINT('Origin',(-3.00109594748204,6.15,0.104681782475115));
#9687=CARTESIAN_POINT('',(-3.00109594748204,6.15,0.104681782475115));
#9688=CARTESIAN_POINT('',(-1.50230129783413,6.15,0.136067961094833));
#9689=CARTESIAN_POINT('',(-3.00109594748204,6.15,0.104681782475115));
#9690=CARTESIAN_POINT('Origin',(-7.99999999981369,6.15,0.));
#9691=CARTESIAN_POINT('',(-3.92691895421875,6.15,-2.90000186138133));
#9692=CARTESIAN_POINT('Origin',(-7.99999999981369,6.15,0.));
#9693=CARTESIAN_POINT('',(-3.92691895421875,6.15,-2.90000186138133));
#9694=CARTESIAN_POINT('Origin',(-0.261146013183299,6.15,-5.51000353662453));
#9695=CARTESIAN_POINT('',(-0.261146013183298,6.15,-5.51000353662453));
#9696=CARTESIAN_POINT('',(-1.47617473392274,6.15,-4.64491258647343));
#9697=CARTESIAN_POINT('',(-0.261146013183298,6.15,-5.51000353662453));
#9698=CARTESIAN_POINT('Origin',(-7.99999999981369,6.15,0.));
#9699=CARTESIAN_POINT('Origin',(-7.99999999981369,6.15,0.));
#9700=CARTESIAN_POINT('Origin',(9.00000000000008,0.,8.5));
#9701=CARTESIAN_POINT('',(-1.80000000000002,6.15,8.5));
#9702=CARTESIAN_POINT('',(-1.80000000000002,0.,8.5));
#9703=CARTESIAN_POINT('',(-4.,6.15,8.50000000000001));
#9704=CARTESIAN_POINT('Origin',(0.,6.15,0.));
#9705=CARTESIAN_POINT('Ctrl Pts',(-1.8,6.15,-12.4999999999999));
#9706=CARTESIAN_POINT('Ctrl Pts',(-1.8,6.15,-12.4113889269464));
#9707=CARTESIAN_POINT('Ctrl Pts',(-1.80453489207052,6.15,-12.325480016776));
#9708=CARTESIAN_POINT('Ctrl Pts',(-1.81358144281264,6.15,-12.2422599769368));
#9709=CARTESIAN_POINT('Ctrl Pts',(-1.82281738761908,6.15,-12.157297683942));
#9710=CARTESIAN_POINT('Ctrl Pts',(-1.83675577536198,6.15,-12.0751379385382));
#9711=CARTESIAN_POINT('Ctrl Pts',(-1.85532484970939,6.15,-11.9957391227448));
#9712=CARTESIAN_POINT('Ctrl Pts',(-1.87522663466464,6.15,-11.9106418191281));
#9713=CARTESIAN_POINT('Ctrl Pts',(-1.90044792509172,6.15,-11.828716089406));
#9714=CARTESIAN_POINT('Ctrl Pts',(-1.93084501662622,6.15,-11.7498789196532));
#9715=CARTESIAN_POINT('Ctrl Pts',(-1.96108846108364,6.15,-11.6714402452856));
#9716=CARTESIAN_POINT('Ctrl Pts',(-1.99645509719316,6.15,-11.596058703262));
#9717=CARTESIAN_POINT('Ctrl Pts',(-2.03675261596928,6.15,-11.5236240357307));
#9718=CARTESIAN_POINT('Ctrl Pts',(-2.07825853453371,6.15,-11.4490172732525));
#9719=CARTESIAN_POINT('Ctrl Pts',(-2.1249953235342,6.15,-11.3775366174166));
#9720=CARTESIAN_POINT('Ctrl Pts',(-2.17670293554317,6.15,-11.3090343901323));
#9721=CARTESIAN_POINT('Ctrl Pts',(-2.22993764680825,6.15,-11.2385090622588));
#9722=CARTESIAN_POINT('Ctrl Pts',(-2.28844093932265,6.15,-11.1711405429673));
#9723=CARTESIAN_POINT('Ctrl Pts',(-2.35187984645981,6.15,-11.1067417629492));
#9724=CARTESIAN_POINT('Ctrl Pts',(-2.41851606184988,6.15,-11.0390972972765));
#9725=CARTESIAN_POINT('Ctrl Pts',(-2.4905978756157,6.15,-10.9747294002828));
#9726=CARTESIAN_POINT('Ctrl Pts',(-2.56768749140965,6.15,-10.9133944417184));
#9727=CARTESIAN_POINT('Ctrl Pts',(-2.64745593825386,6.15,-10.8499281196781));
#9728=CARTESIAN_POINT('Ctrl Pts',(-2.73258598155287,6.15,-10.7897089941849));
#9729=CARTESIAN_POINT('Ctrl Pts',(-2.82254126715979,6.15,-10.7324411838547));
#9730=CARTESIAN_POINT('Ctrl Pts',(-2.91841212607734,6.15,-10.6714073699143));
#9731=CARTESIAN_POINT('Ctrl Pts',(-3.01976351416383,6.15,-10.6137256266074));
#9732=CARTESIAN_POINT('Ctrl Pts',(-3.12589240834395,6.15,-10.559011461193));
#9733=CARTESIAN_POINT('Ctrl Pts',(-3.16480797982824,6.15,-10.5389487531828));
#9734=CARTESIAN_POINT('Ctrl Pts',(-3.20436543731224,6.15,-10.5192848249453));
#9735=CARTESIAN_POINT('Ctrl Pts',(-3.24452858596677,6.15,-10.5));
#9736=CARTESIAN_POINT('',(-1.8,6.15,12.4999999999999));
#9737=CARTESIAN_POINT('',(-1.80000000000005,6.15,4.25000000000001));
#9738=CARTESIAN_POINT('',(-1.81138059453519,6.15,12.2634556119097));
#9739=CARTESIAN_POINT('Ctrl Pts',(-1.8,6.15,12.4999999999999));
#9740=CARTESIAN_POINT('Ctrl Pts',(-1.8,6.15,12.4188913140816));
#9741=CARTESIAN_POINT('Ctrl Pts',(-1.80379898033856,6.15,12.3400462944541));
#9742=CARTESIAN_POINT('Ctrl Pts',(-1.81138059453519,6.15,12.2634556119097));
#9743=CARTESIAN_POINT('',(-0.905690297267596,6.15,12.2634556119097));
#9744=CARTESIAN_POINT('',(-9.58240774362848,6.15,4.09999999994993));
#9745=CARTESIAN_POINT('',(-4.7912038718791,6.15,4.10000000010153));
#9746=CARTESIAN_POINT('',(-9.47627063887254,6.15,3.82500000000001));
#9747=CARTESIAN_POINT('',(-8.2195451943897,6.15,0.568839037586943));
#9748=CARTESIAN_POINT('',(-9.4762706388726,6.15,-3.82499999999999));
#9749=CARTESIAN_POINT('Origin',(-7.99999999972811,6.15,0.));
#9750=CARTESIAN_POINT('',(-9.58240774364773,6.15,-4.1));
#9751=CARTESIAN_POINT('',(-8.27261374677949,6.15,-0.706339037587974));
#9752=CARTESIAN_POINT('',(-7.72290209379726,6.15,-4.1));
#9753=CARTESIAN_POINT('Origin',(0.,1.31237334917017E-17,-5.1));
#9754=CARTESIAN_POINT('',(0.,-0.625,-5.1));
#9755=CARTESIAN_POINT('Origin',(0.,1.31237334917017E-17,-1.6));
#9756=CARTESIAN_POINT('',(0.,-0.625,-1.6));
#9757=CARTESIAN_POINT('Origin',(0.,1.31237334917017E-17,-3.35));
#9758=CARTESIAN_POINT('',(0.,-0.625,-3.35));
#9759=CARTESIAN_POINT('Origin',(0.,1.31237334917017E-17,0.15));
#9760=CARTESIAN_POINT('',(0.,-0.625,0.15));
#9761=CARTESIAN_POINT('Origin',(0.,-4.34294987219085E-18,5.15));
#9762=CARTESIAN_POINT('',(0.,-0.625,5.15));
#9763=CARTESIAN_POINT('Origin',(0.,-4.34294987219085E-18,-9.85));
#9764=CARTESIAN_POINT('',(0.,-0.625,-9.85));
#9765=CARTESIAN_POINT('Origin',(7.36830032968096,-0.605656558064247,16.));
#9766=CARTESIAN_POINT('',(9.,-6.32455532033676,16.));
#9767=CARTESIAN_POINT('Origin',(0.,0.,16.));
#9768=CARTESIAN_POINT('',(4.96497394100339,6.58874295789093,16.));
#9769=CARTESIAN_POINT('Origin',(0.,0.,16.));
#9770=CARTESIAN_POINT('',(0.,0.,16.));
#9771=CARTESIAN_POINT('',(9.,6.32455532033676,16.));
#9772=CARTESIAN_POINT('Origin',(0.,0.,16.));
#9773=CARTESIAN_POINT('',(9.,-0.302828279032124,16.));
#9774=CARTESIAN_POINT('Origin',(4.96497394100339,6.58874295789093,16.));
#9775=CARTESIAN_POINT('',(4.96497394100339,6.58874295789093,16.));
#9776=CARTESIAN_POINT('Origin',(0.,0.,16.));
#9777=CARTESIAN_POINT('Origin',(0.,0.,0.));
#9778=CARTESIAN_POINT('',(9.,-6.32455532033676,0.));
#9779=CARTESIAN_POINT('Origin',(9.,0.,8.50000000000001));
#9780=CARTESIAN_POINT('',(9.,6.32455532033676,0.));
#9781=CARTESIAN_POINT('Origin',(0.,0.,0.));
#9782=CARTESIAN_POINT('Origin',(-4.78235564703728,3.87167414273166,17.1995381877321));
#9783=CARTESIAN_POINT('',(-4.605,4.08322722534698,17.8));
#9784=CARTESIAN_POINT('',(-4.70920778003983,4.47213595499958,17.8));
#9785=CARTESIAN_POINT('Origin',(-5.3828174593052,4.47213595499958,17.8));
#9786=CARTESIAN_POINT('',(-4.905,4.38322722534698,18.1));
#9787=CARTESIAN_POINT('',(-4.39344691738468,3.87167414273166,17.5884469173847));
#9788=CARTESIAN_POINT('',(-4.905,4.77213595499958,17.7110912703474));
#9789=CARTESIAN_POINT('Origin',(-4.905,3.99431849569438,17.3221825406948));
#9790=CARTESIAN_POINT('',(-4.605,4.47213595499958,17.4110912703474));
#9791=CARTESIAN_POINT('',(-4.39344691738468,4.26058287238426,17.1995381877321));
#9792=CARTESIAN_POINT('Origin',(-5.3828174593052,4.47213595499958,17.8));
#9793=CARTESIAN_POINT('Origin',(-4.755,2.37500000000245,17.95));
#9794=CARTESIAN_POINT('',(-4.605,4.06104468465218,17.8));
#9795=CARTESIAN_POINT('',(-4.605,2.37500000000245,17.8));
#9796=CARTESIAN_POINT('',(-4.905,3.76104468465218,18.1));
#9797=CARTESIAN_POINT('',(-4.95915890238372,3.70688578226846,18.1541589023837));
#9798=CARTESIAN_POINT('',(-4.905,2.37500000000245,18.1));
#9799=CARTESIAN_POINT('Origin',(-5.34806763203632,3.70688578226846,17.7652501727311));
#9800=CARTESIAN_POINT('',(-4.70920778003983,3.67213595499958,17.8));
#9801=CARTESIAN_POINT('',(-4.605,3.67213595499958,17.4110912703474));
#9802=CARTESIAN_POINT('Origin',(-5.3828174593052,3.67213595499958,17.8));
#9803=CARTESIAN_POINT('',(-4.905,3.37213595499958,17.7110912703474));
#9804=CARTESIAN_POINT('',(-4.95915890238372,3.31797705261586,17.7652501727311));
#9805=CARTESIAN_POINT('Origin',(-4.905,4.14995341430478,17.3221825406948));
#9806=CARTESIAN_POINT('Origin',(-5.3828174593052,3.67213595499958,17.8));
#9807=CARTESIAN_POINT('Origin',(-5.39806763203632,3.65688578226846,16.9847498272689));
#9808=CARTESIAN_POINT('',(-4.905,3.76104468465218,16.7));
#9809=CARTESIAN_POINT('',(-5.00915890238372,3.65688578226846,16.5958410976163));
#9810=CARTESIAN_POINT('',(-4.905,3.37213595499958,17.0889087296526));
#9811=CARTESIAN_POINT('Origin',(-4.905,4.14995341430479,17.4778174593052));
#9812=CARTESIAN_POINT('',(-4.605,3.67213595499958,17.3889087296526));
#9813=CARTESIAN_POINT('',(-5.00915890238372,3.26797705261586,16.9847498272689));
#9814=CARTESIAN_POINT('Origin',(-5.3828174593052,3.67213595499958,17.));
#9815=CARTESIAN_POINT('Origin',(-4.755,2.37500000000245,16.85));
#9816=CARTESIAN_POINT('',(-4.905,4.38322722534698,16.7));
#9817=CARTESIAN_POINT('',(-4.44344691738468,3.92167414273166,17.1615530826153));
#9818=CARTESIAN_POINT('',(-4.905,2.37500000000245,16.7));
#9819=CARTESIAN_POINT('Origin',(-4.83235564703728,3.92167414273166,17.5504618122679));
#9820=CARTESIAN_POINT('',(-4.605,4.47213595499958,17.3889087296526));
#9821=CARTESIAN_POINT('Origin',(-5.3828174593052,4.47213595499958,17.));
#9822=CARTESIAN_POINT('',(-4.905,4.77213595499958,17.0889087296526));
#9823=CARTESIAN_POINT('',(-4.44344691738468,4.31058287238426,17.5504618122679));
#9824=CARTESIAN_POINT('Origin',(-4.905,3.99431849569438,17.4778174593052));
#9825=CARTESIAN_POINT('Origin',(-4.86671760755576,-3.97389210965675,17.4982438453428));
#9826=CARTESIAN_POINT('',(-4.905,-3.88711700266256,18.1));
#9827=CARTESIAN_POINT('',(-4.67359971468215,-3.97389210965675,18.0132248930058));
#9828=CARTESIAN_POINT('',(-4.905,-3.37213595499958,17.585018952337));
#9829=CARTESIAN_POINT('Origin',(-4.905,-3.95953621249016,17.5125997425094));
#9830=CARTESIAN_POINT('',(-4.41161612710126,-3.55715490733661,17.4));
#9831=CARTESIAN_POINT('',(-4.67359971468215,-3.45891106199378,17.4982438453428));
#9832=CARTESIAN_POINT('Origin',(-4.60473401997488,-4.07213595499958,17.4));
#9833=CARTESIAN_POINT('Ctrl Pts',(-4.35019661685222,-3.67213595499958,17.6787664083271));
#9834=CARTESIAN_POINT('Ctrl Pts',(-4.2897446407864,-3.70319909816645,17.6681409109709));
#9835=CARTESIAN_POINT('Ctrl Pts',(-4.1963768340536,-3.73454024636798,17.6561597466934));
#9836=CARTESIAN_POINT('Ctrl Pts',(-4.09738791604694,-3.75791957833992,17.651170560867));
#9837=CARTESIAN_POINT('Ctrl Pts',(-4.35778889333492,-3.60964137222956,17.5960257549365));
#9838=CARTESIAN_POINT('Ctrl Pts',(-4.29295959888606,-3.64996320637546,17.6002273090209));
#9839=CARTESIAN_POINT('Ctrl Pts',(-4.19817151738033,-3.69022388891278,17.602438821499));
#9840=CARTESIAN_POINT('Ctrl Pts',(-4.09830048098002,-3.722949473323,17.6101576103173));
#9841=CARTESIAN_POINT('Ctrl Pts',(-4.37936534212285,-3.56924895170351,17.4980961376427));
#9842=CARTESIAN_POINT('Ctrl Pts',(-4.30151419273527,-3.61226468924937,17.5199866952899));
#9843=CARTESIAN_POINT('Ctrl Pts',(-4.20285587683236,-3.65565300291264,17.540653793836));
#9844=CARTESIAN_POINT('Ctrl Pts',(-4.10087445577637,-3.69394232025173,17.5641060459));
#9845=CARTESIAN_POINT('Ctrl Pts',(-4.41161612710126,-3.55715490733661,17.4));
#9846=CARTESIAN_POINT('Ctrl Pts',(-4.31602496639784,-3.59300159260039,17.4358466852638));
#9847=CARTESIAN_POINT('Ctrl Pts',(-4.21083338720308,-3.63244843479843,17.4752935274618));
#9848=CARTESIAN_POINT('Ctrl Pts',(-4.105,-3.67213595499958,17.514981047663));
#9849=CARTESIAN_POINT('',(-4.105,-3.67213595499958,17.514981047663));
#9850=CARTESIAN_POINT('Ctrl Pts',(-4.105,-3.67213595499958,17.514981047663));
#9851=CARTESIAN_POINT('Ctrl Pts',(-4.14881070324362,-3.67213595499958,17.5371347500339));
#9852=CARTESIAN_POINT('Ctrl Pts',(-4.19230714973048,-3.67213595499958,17.5622447376213));
#9853=CARTESIAN_POINT('Ctrl Pts',(-4.28037646440054,-3.67213595499958,17.620298815563));
#9854=CARTESIAN_POINT('Ctrl Pts',(-4.31986040380664,-3.67213595499958,17.6510668697222));
#9855=CARTESIAN_POINT('Ctrl Pts',(-4.35019661685222,-3.67213595499958,17.6787664083271));
#9856=CARTESIAN_POINT('',(-4.73945337321873,-3.43421594004256,17.277061032706));
#9857=CARTESIAN_POINT('Origin',(-4.505,-3.52213595499958,17.175));
#9858=CARTESIAN_POINT('',(-4.905,-3.37213595499958,17.214981047663));
#9859=CARTESIAN_POINT('',(-4.905,-3.37213595499958,17.175));
#9860=CARTESIAN_POINT('',(-4.73945337321873,-3.43421594004256,17.277061032706));
#9861=CARTESIAN_POINT('Origin',(-4.4431656207259,-4.01154780528121,17.3394118502816));
#9862=CARTESIAN_POINT('',(-4.41161612710126,-4.58711700266255,17.4));
#9863=CARTESIAN_POINT('',(-4.13128479927228,-4.47213595499958,17.4));
#9864=CARTESIAN_POINT('Origin',(-4.60473401997488,-4.07213595499958,17.4));
#9865=CARTESIAN_POINT('',(-4.905,-4.77213595499958,17.585018952337));
#9866=CARTESIAN_POINT('',(-4.25004772785228,-4.52652885294419,17.3394118502816));
#9867=CARTESIAN_POINT('',(-4.905,-4.25715490733661,18.1));
#9868=CARTESIAN_POINT('Origin',(-4.905,-4.184735697509,17.5125997425094));
#9869=CARTESIAN_POINT('',(-4.25004772785228,-4.01154780528121,17.8543928979446));
#9870=CARTESIAN_POINT('',(-4.49749457644553,-4.47213595499958,17.8));
#9871=CARTESIAN_POINT('Origin',(-5.67140068664155,-4.47213595499958,17.8));
#9872=CARTESIAN_POINT('Origin',(-5.67140068664155,-4.47213595499958,17.8));
#9873=CARTESIAN_POINT('Origin',(-4.505,-2.62499999999755,17.95));
#9874=CARTESIAN_POINT('',(-4.905,-2.62499999999755,18.1));
#9875=CARTESIAN_POINT('Origin',(-4.50901927926248,-4.03624292723243,17.4358930277672));
#9876=CARTESIAN_POINT('Origin',(-5.67140068664155,-4.47213595499958,17.));
#9877=CARTESIAN_POINT('',(-4.41161612710127,-4.07213595499958,16.885018952337));
#9878=CARTESIAN_POINT('Origin',(-4.60473401997488,-4.07213595499958,17.4));
#9879=CARTESIAN_POINT('',(-4.905,-4.25715490733661,16.7));
#9880=CARTESIAN_POINT('',(-4.31590138638886,-4.03624292723243,16.9209119801042));
#9881=CARTESIAN_POINT('',(-4.905,-4.77213595499958,17.214981047663));
#9882=CARTESIAN_POINT('Origin',(-4.905,-4.184735697509,17.2874002574906));
#9883=CARTESIAN_POINT('',(-4.31590138638886,-4.55122397489541,17.4358930277672));
#9884=CARTESIAN_POINT('Origin',(-4.505,-2.62499999999755,16.85));
#9885=CARTESIAN_POINT('',(-4.905,-3.88711700266256,16.7));
#9886=CARTESIAN_POINT('',(-4.73945337321873,-3.94919698770553,16.762079985043));
#9887=CARTESIAN_POINT('',(-4.905,-2.62499999999755,16.7));
#9888=CARTESIAN_POINT('Origin',(-4.93257126609234,-3.94919698770553,17.277061032706));
#9889=CARTESIAN_POINT('Origin',(-5.67140068664155,-3.67213595499958,17.));
#9890=CARTESIAN_POINT('Origin',(-4.905,-3.95953621249016,17.2874002574906));
#9891=CARTESIAN_POINT('Origin',(-4.505,-4.62213595499958,17.175));
#9892=CARTESIAN_POINT('',(-4.905,-4.77213595499958,17.175));
#9893=CARTESIAN_POINT('Origin',(1.50000000000001,4.89164264649844E-12,17.8));
#9894=CARTESIAN_POINT('',(-3.39343742066939,-3.67213595499958,17.8));
#9895=CARTESIAN_POINT('',(-0.946718710334691,-3.67213595499959,17.8));
#9896=CARTESIAN_POINT('',(-3.39343742066939,3.67213595499958,17.8));
#9897=CARTESIAN_POINT('Origin',(0.,0.,17.8));
#9898=CARTESIAN_POINT('',(-6.,3.67213595499958,17.8));
#9899=CARTESIAN_POINT('',(-4.,4.47213595499958,17.8));
#9900=CARTESIAN_POINT('',(-1.24999999999999,4.47213595499958,17.8));
#9901=CARTESIAN_POINT('',(-1.,5.91607978309962,17.8));
#9902=CARTESIAN_POINT('Origin',(0.,0.,17.8));
#9903=CARTESIAN_POINT('',(-1.,5.91607978309962,17.8));
#9904=CARTESIAN_POINT('',(-1.,-5.91607978309962,17.8));
#9905=CARTESIAN_POINT('',(-1.,-5.91607978309962,17.8));
#9906=CARTESIAN_POINT('',(-4.,-4.47213595499958,17.8));
#9907=CARTESIAN_POINT('Origin',(0.,0.,17.8));
#9908=CARTESIAN_POINT('',(-4.,-4.47213595499958,17.8));
#9909=CARTESIAN_POINT('Origin',(-3.39343742066939,-3.67213595499958,17.));
#9910=CARTESIAN_POINT('',(-3.39343742066939,-3.67213595499958,17.));
#9911=CARTESIAN_POINT('Origin',(-4.905,-5.25,17.35));
#9912=CARTESIAN_POINT('',(-4.905,-6.15,16.2000000000001));
#9913=CARTESIAN_POINT('',(-4.905,-3.25,16.2000000000001));
#9914=CARTESIAN_POINT('',(-4.905,-6.15,16.2000000000001));
#9915=CARTESIAN_POINT('',(-4.905,-6.15,17.9358898943541));
#9916=CARTESIAN_POINT('',(-4.905,-6.15,17.0641101056459));
#9917=CARTESIAN_POINT('',(-4.905,-5.87857979370329,18.2777451015262));
#9918=CARTESIAN_POINT('Origin',(-4.905,-5.25,17.5));
#9919=CARTESIAN_POINT('',(-4.905,-5.25,18.5));
#9920=CARTESIAN_POINT('Origin',(-4.905,-5.25,17.5));
#9921=CARTESIAN_POINT('',(-4.905,-3.25,18.5));
#9922=CARTESIAN_POINT('',(-4.905,-3.25,18.5));
#9923=CARTESIAN_POINT('',(-4.905,-3.25,16.5));
#9924=CARTESIAN_POINT('Origin',(-4.755,3.52213595499958,17.25));
#9925=CARTESIAN_POINT('',(-4.605,3.67213595499958,17.25));
#9926=CARTESIAN_POINT('',(-4.905,3.37213595499958,17.25));
#9927=CARTESIAN_POINT('Origin',(-4.755,4.62213595499958,17.25));
#9928=CARTESIAN_POINT('',(-4.905,4.77213595499958,17.25));
#9929=CARTESIAN_POINT('',(-4.605,4.47213595499958,17.25));
#9930=CARTESIAN_POINT('Origin',(-4.,4.47213595499958,17.));
#9931=CARTESIAN_POINT('',(-4.,4.47213595499958,17.));
#9932=CARTESIAN_POINT('Origin',(-4.905,4.75,17.5));
#9933=CARTESIAN_POINT('',(-4.905,3.25,18.5));
#9934=CARTESIAN_POINT('',(-4.905,3.25,16.2000000000001));
#9935=CARTESIAN_POINT('',(-4.905,3.25,16.5000000090233));
#9936=CARTESIAN_POINT('',(-4.905,5.25,18.5));
#9937=CARTESIAN_POINT('',(-4.905,3.25,18.5));
#9938=CARTESIAN_POINT('',(-4.905,5.87857979370329,18.2777451015262));
#9939=CARTESIAN_POINT('Origin',(-4.905,5.25,17.5));
#9940=CARTESIAN_POINT('',(-4.905,6.15,17.9358898943541));
#9941=CARTESIAN_POINT('Origin',(-4.905,5.25,17.5));
#9942=CARTESIAN_POINT('',(-4.905,6.15,16.2000000000001));
#9943=CARTESIAN_POINT('',(-4.905,6.15,17.0641101056459));
#9944=CARTESIAN_POINT('',(-4.905,6.15,16.2000000000001));
#9945=CARTESIAN_POINT('Ctrl Pts',(-4.905,-5.25,18.5));
#9946=CARTESIAN_POINT('Ctrl Pts',(-4.905,-5.48167570477525,18.5));
#9947=CARTESIAN_POINT('Ctrl Pts',(-4.905,-5.71049999890988,18.4135885321432));
#9948=CARTESIAN_POINT('Ctrl Pts',(-4.905,-5.87857979370329,18.2777451015262));
#9949=CARTESIAN_POINT('Ctrl Pts',(-4.9749495016553,-5.25,18.5631477297272));
#9950=CARTESIAN_POINT('Ctrl Pts',(-4.9749495016553,-5.48926008065925,18.5631477297272));
#9951=CARTESIAN_POINT('Ctrl Pts',(-4.98339439985446,-5.72671289806219,18.4743202022));
#9952=CARTESIAN_POINT('Ctrl Pts',(-4.99698090798699,-5.89453431455355,18.3338959327212));
#9953=CARTESIAN_POINT('Ctrl Pts',(-5.07796001321272,-5.25,18.7299742983156));
#9954=CARTESIAN_POINT('Ctrl Pts',(-5.07796001321272,-5.51398094953554,18.7299742983156));
#9955=CARTESIAN_POINT('Ctrl Pts',(-5.10091012354196,-5.77784421207682,18.6412814464721));
#9956=CARTESIAN_POINT('Ctrl Pts',(-5.14327037828781,-5.96650928575188,18.495614619041));
#9957=CARTESIAN_POINT('Ctrl Pts',(-5.07578512659812,-5.25,18.9260292379283));
#9958=CARTESIAN_POINT('Ctrl Pts',(-5.07578512659812,-5.54974087196999,18.9260292379283));
#9959=CARTESIAN_POINT('Ctrl Pts',(-5.10113997176236,-5.85149312355032,18.8416536262743));
#9960=CARTESIAN_POINT('Ctrl Pts',(-5.15523360009997,-6.08874852349437,18.6896465473026));
#9961=CARTESIAN_POINT('Ctrl Pts',(-5.04844231753064,-5.25,19.0162120486176));
#9962=CARTESIAN_POINT('Ctrl Pts',(-5.04844231753064,-5.56765912897187,19.0162120486176));
#9963=CARTESIAN_POINT('Ctrl Pts',(-5.07228875598957,-5.88827155234402,18.9329420334724));
#9964=CARTESIAN_POINT('Ctrl Pts',(-5.12616290344854,-6.15,18.7749172998245));
#9965=CARTESIAN_POINT('Origin',(-4.56995174504672,-5.25,18.8711369920296));
#9966=CARTESIAN_POINT('Origin',(-4.6529097111168,-6.15,18.6135747575493));
#9967=CARTESIAN_POINT('Ctrl Pts',(-4.905,-3.25,18.5));
#9968=CARTESIAN_POINT('Ctrl Pts',(-4.905,-3.91666666666667,18.5));
#9969=CARTESIAN_POINT('Ctrl Pts',(-4.905,-4.58333333333333,18.5));
#9970=CARTESIAN_POINT('Ctrl Pts',(-4.905,-5.25,18.5));
#9971=CARTESIAN_POINT('Ctrl Pts',(-4.98494228760606,-3.25,18.572168833974));
#9972=CARTESIAN_POINT('Ctrl Pts',(-4.98494228760606,-3.91666666666667,18.572168833974));
#9973=CARTESIAN_POINT('Ctrl Pts',(-4.98494228760606,-4.58333333333334,18.572168833974));
#9974=CARTESIAN_POINT('Ctrl Pts',(-4.98494228760606,-5.25,18.572168833974));
#9975=CARTESIAN_POINT('Ctrl Pts',(-5.08214792968776,-3.25,18.7449542737176));
#9976=CARTESIAN_POINT('Ctrl Pts',(-5.08214792968776,-3.91666666666667,18.7449542737176));
#9977=CARTESIAN_POINT('Ctrl Pts',(-5.08214792968776,-4.58333333333333,18.7449542737177));
#9978=CARTESIAN_POINT('Ctrl Pts',(-5.08214792968776,-5.25,18.7449542737177));
#9979=CARTESIAN_POINT('Ctrl Pts',(-5.07187901101705,-3.25,18.9389124965982));
#9980=CARTESIAN_POINT('Ctrl Pts',(-5.07187901101705,-3.91666666666667,18.9389124965982));
#9981=CARTESIAN_POINT('Ctrl Pts',(-5.07187901101705,-4.58333333333333,18.9389124965982));
#9982=CARTESIAN_POINT('Ctrl Pts',(-5.07187901101705,-5.25,18.9389124965982));
#9983=CARTESIAN_POINT('Ctrl Pts',(-5.04844231753064,-3.25,19.0162120486176));
#9984=CARTESIAN_POINT('Ctrl Pts',(-5.04844231753064,-3.91666666666667,19.0162120486176));
#9985=CARTESIAN_POINT('Ctrl Pts',(-5.04844231753064,-4.58333333333333,19.0162120486176));
#9986=CARTESIAN_POINT('Ctrl Pts',(-5.04844231753064,-5.25,19.0162120486176));
#9987=CARTESIAN_POINT('Ctrl Pts',(-4.905,-3.25000000000001,18.5));
#9988=CARTESIAN_POINT('Ctrl Pts',(-4.98494228760606,-3.25000000000001,18.572168833974));
#9989=CARTESIAN_POINT('Ctrl Pts',(-5.04048836879561,-3.25,18.6709033709704));
#9990=CARTESIAN_POINT('Ctrl Pts',(-5.06094071586191,-3.25000000000001,18.7765514698074));
#9991=CARTESIAN_POINT('Ctrl Pts',(-5.07627997616165,-3.25000000000001,18.8557875439351));
#9992=CARTESIAN_POINT('Ctrl Pts',(-5.07187901101705,-3.25000000000001,18.9389124965982));
#9993=CARTESIAN_POINT('Ctrl Pts',(-5.04844231753064,-3.25000000000001,19.0162120486176));
#9994=CARTESIAN_POINT('Ctrl Pts',(-4.905,-5.87857979370329,18.2777451015262));
#9995=CARTESIAN_POINT('Ctrl Pts',(-4.905,-5.99702955396209,18.182013060628));
#9996=CARTESIAN_POINT('Ctrl Pts',(-4.905,-6.08887903827869,18.062367180822));
#9997=CARTESIAN_POINT('Ctrl Pts',(-4.905,-6.15037493300803,17.9351149043768));
#9998=CARTESIAN_POINT('Ctrl Pts',(-4.996980907987,-5.89453431455355,18.3338959327212));
#9999=CARTESIAN_POINT('Ctrl Pts',(-5.00655870275963,-6.01280114193251,18.2349364410645));
#10000=CARTESIAN_POINT('Ctrl Pts',(-5.01870562516737,-6.10011292423507,
18.1110000037556));
#10001=CARTESIAN_POINT('Ctrl Pts',(-5.02787638359028,-6.14840877623998,
17.9840925453189));
#10002=CARTESIAN_POINT('Ctrl Pts',(-5.14337684817742,-5.96646944520716,
18.4955890068666));
#10003=CARTESIAN_POINT('Ctrl Pts',(-5.17322664786023,-6.09942847915583,
18.3929344342798));
#10004=CARTESIAN_POINT('Ctrl Pts',(-5.2138197537714,-6.19664707494277,18.2617835477145));
#10005=CARTESIAN_POINT('Ctrl Pts',(-5.25519079552565,-6.24301551438606,
18.1292463983363));
#10006=CARTESIAN_POINT('Ctrl Pts',(-5.15523360009997,-6.08874852349437,
18.6896465473026));
#10007=CARTESIAN_POINT('Ctrl Pts',(-5.19335597581374,-6.25594460733491,
18.5825223934405));
#10008=CARTESIAN_POINT('Ctrl Pts',(-5.24631659043314,-6.39375333254713,
18.4402652673158));
#10009=CARTESIAN_POINT('Ctrl Pts',(-5.31233584069171,-6.47732461462111,
18.2826269941819));
#10010=CARTESIAN_POINT('Ctrl Pts',(-5.12616290344855,-6.15,18.7749172998245));
#10011=CARTESIAN_POINT('Ctrl Pts',(-5.16412927447195,-6.33444615496988,
18.6635535761921));
#10012=CARTESIAN_POINT('Ctrl Pts',(-5.2183936562911,-6.49232694974,18.513172933833));
#10013=CARTESIAN_POINT('Ctrl Pts',(-5.28950831713096,-6.59497563914152,
18.3386486089953));
#10014=CARTESIAN_POINT('Ctrl Pts',(-5.12616290344855,-6.15,18.7749172998245));
#10015=CARTESIAN_POINT('Ctrl Pts',(-5.15453741673193,-6.15,18.6916886063698));
#10016=CARTESIAN_POINT('Ctrl Pts',(-5.16797035189866,-6.15,18.6036598642914));
#10017=CARTESIAN_POINT('Ctrl Pts',(-5.16910378874259,-6.15,18.4112236694778));
#10018=CARTESIAN_POINT('Ctrl Pts',(-5.15161503352557,-6.15,18.3123035061501));
#10019=CARTESIAN_POINT('Ctrl Pts',(-5.10177902340756,-6.15,18.1559584745556));
#10020=CARTESIAN_POINT('Ctrl Pts',(-5.06988717871358,-6.15,18.0877832700184));
#10021=CARTESIAN_POINT('Ctrl Pts',(-5.01323986938386,-6.15,18.0124342041783));
#10022=CARTESIAN_POINT('Ctrl Pts',(-4.99392653298701,-6.15,17.9914190475632));
#10023=CARTESIAN_POINT('Ctrl Pts',(-4.95153648898492,-6.15,17.9576804444756));
#10024=CARTESIAN_POINT('Ctrl Pts',(-4.92941183968756,-6.15,17.94484946532));
#10025=CARTESIAN_POINT('Ctrl Pts',(-4.905,-6.15,17.9358898943541));
#10026=CARTESIAN_POINT('Ctrl Pts',(-4.905,5.87857979370329,18.2777451015262));
#10027=CARTESIAN_POINT('Ctrl Pts',(-4.905,5.71049999833125,18.4135885326109));
#10028=CARTESIAN_POINT('Ctrl Pts',(-4.905,5.48167571047145,18.5));
#10029=CARTESIAN_POINT('Ctrl Pts',(-4.905,5.25,18.5));
#10030=CARTESIAN_POINT('Ctrl Pts',(-4.996980907987,5.89453431455355,18.3338959327212));
#10031=CARTESIAN_POINT('Ctrl Pts',(-4.98339439980769,5.72671289748445,18.4743202026834));
#10032=CARTESIAN_POINT('Ctrl Pts',(-4.9749495016553,5.48926008654193,18.5631477297272));
#10033=CARTESIAN_POINT('Ctrl Pts',(-4.9749495016553,5.25,18.5631477297272));
#10034=CARTESIAN_POINT('Ctrl Pts',(-5.14327037828781,5.96650928575188,18.495614619041));
#10035=CARTESIAN_POINT('Ctrl Pts',(-5.10091012339614,5.77784421142733,18.6412814469736));
#10036=CARTESIAN_POINT('Ctrl Pts',(-5.07796001321271,5.51398095602603,18.7299742983156));
#10037=CARTESIAN_POINT('Ctrl Pts',(-5.07796001321271,5.25,18.7299742983156));
#10038=CARTESIAN_POINT('Ctrl Pts',(-5.15523360009997,6.08874852349437,18.6896465473026));
#10039=CARTESIAN_POINT('Ctrl Pts',(-5.10113997157614,5.85149312273356,18.8416536267976));
#10040=CARTESIAN_POINT('Ctrl Pts',(-5.07578512659812,5.5497408793397,18.9260292379283));
#10041=CARTESIAN_POINT('Ctrl Pts',(-5.07578512659812,5.25,18.9260292379283));
#10042=CARTESIAN_POINT('Ctrl Pts',(-5.12616290344855,6.15,18.7749172998245));
#10043=CARTESIAN_POINT('Ctrl Pts',(-5.07228875580411,5.888271551443,18.9329420340164));
#10044=CARTESIAN_POINT('Ctrl Pts',(-5.04844231753063,5.56765913678214,19.0162120486176));
#10045=CARTESIAN_POINT('Ctrl Pts',(-5.04844231753063,5.25,19.0162120486176));
#10046=CARTESIAN_POINT('Origin',(-4.6529097111168,6.14999999999999,18.6135747575493));
#10047=CARTESIAN_POINT('Origin',(-4.56995174504672,5.25,18.8711369920296));
#10048=CARTESIAN_POINT('Ctrl Pts',(-4.905,6.15046662336418,17.93492512023));
#10049=CARTESIAN_POINT('Ctrl Pts',(-4.905,6.08896913803606,18.0622491821962));
#10050=CARTESIAN_POINT('Ctrl Pts',(-4.905,5.99708843734574,18.1819654706077));
#10051=CARTESIAN_POINT('Ctrl Pts',(-4.905,5.87857979370329,18.2777451015262));
#10052=CARTESIAN_POINT('Ctrl Pts',(-5.02789010573725,6.14848134419507,17.9839032398322));
#10053=CARTESIAN_POINT('Ctrl Pts',(-5.01871821959493,6.10019774006805,18.110877143427));
#10054=CARTESIAN_POINT('Ctrl Pts',(-5.00656346404376,6.01285993437712,18.2348872466237));
#10055=CARTESIAN_POINT('Ctrl Pts',(-4.996980907987,5.89453431455355,18.3338959327212));
#10056=CARTESIAN_POINT('Ctrl Pts',(-5.25525263755613,6.24308433829766,18.1290488360273));
#10057=CARTESIAN_POINT('Ctrl Pts',(-5.21386089844628,6.19674178710428,18.261652712257));
#10058=CARTESIAN_POINT('Ctrl Pts',(-5.17324148670484,6.09949457534416,18.392883402951));
#10059=CARTESIAN_POINT('Ctrl Pts',(-5.14337684818063,5.96646944520596,18.4955890068659));
#10060=CARTESIAN_POINT('Ctrl Pts',(-5.31243390557582,6.47744936220071,18.2823916859477));
#10061=CARTESIAN_POINT('Ctrl Pts',(-5.24637006689652,6.39388936009304,18.4401230590436));
#10062=CARTESIAN_POINT('Ctrl Pts',(-5.19337492709291,6.25602772334223,18.5824691402078));
#10063=CARTESIAN_POINT('Ctrl Pts',(-5.15523360009997,6.08874852349437,18.6896465473026));
#10064=CARTESIAN_POINT('Ctrl Pts',(-5.28961438612261,6.59512868372533,18.338388314763));
#10065=CARTESIAN_POINT('Ctrl Pts',(-5.21844816336677,6.49248347874314,18.5130225163297));
#10066=CARTESIAN_POINT('Ctrl Pts',(-5.16414814819853,6.33453784627993,18.6634982153974));
#10067=CARTESIAN_POINT('Ctrl Pts',(-5.12616290344855,6.15,18.7749172998245));
#10068=CARTESIAN_POINT('Ctrl Pts',(-4.905,6.15,17.9358898943541));
#10069=CARTESIAN_POINT('Ctrl Pts',(-4.93538893621631,6.15,17.9470431640008));
#10070=CARTESIAN_POINT('Ctrl Pts',(-4.96207299575852,6.15,17.9641488925369));
#10071=CARTESIAN_POINT('Ctrl Pts',(-5.0157441660188,6.15,18.0129418082708));
#10072=CARTESIAN_POINT('Ctrl Pts',(-5.04049191235505,6.15,18.046594558618));
#10073=CARTESIAN_POINT('Ctrl Pts',(-5.0937337714296,6.15,18.1373748196433));
#10074=CARTESIAN_POINT('Ctrl Pts',(-5.12099080082269,6.15,18.2063338906779));
#10075=CARTESIAN_POINT('Ctrl Pts',(-5.16123481527436,6.15,18.3657339810501));
#10076=CARTESIAN_POINT('Ctrl Pts',(-5.17114313405777,6.15,18.4554407165557));
#10077=CARTESIAN_POINT('Ctrl Pts',(-5.16498826032458,6.15,18.6220596320572));
#10078=CARTESIAN_POINT('Ctrl Pts',(-5.15156245820632,6.15,18.7004148145939));
#10079=CARTESIAN_POINT('Ctrl Pts',(-5.12616290344855,6.15,18.7749172998245));
#10080=CARTESIAN_POINT('Ctrl Pts',(-4.905,5.25,18.5));
#10081=CARTESIAN_POINT('Ctrl Pts',(-4.905,4.58333333333333,18.5));
#10082=CARTESIAN_POINT('Ctrl Pts',(-4.905,3.91666666666667,18.5));
#10083=CARTESIAN_POINT('Ctrl Pts',(-4.905,3.25,18.5));
#10084=CARTESIAN_POINT('Ctrl Pts',(-4.98494228760606,5.25,18.572168833974));
#10085=CARTESIAN_POINT('Ctrl Pts',(-4.98494228760606,4.58333333333333,18.572168833974));
#10086=CARTESIAN_POINT('Ctrl Pts',(-4.98494228760606,3.91666666666667,18.572168833974));
#10087=CARTESIAN_POINT('Ctrl Pts',(-4.98494228760606,3.25,18.572168833974));
#10088=CARTESIAN_POINT('Ctrl Pts',(-5.08214792968777,5.25,18.7449542737177));
#10089=CARTESIAN_POINT('Ctrl Pts',(-5.08214792968777,4.58333333333333,18.7449542737177));
#10090=CARTESIAN_POINT('Ctrl Pts',(-5.08214792968777,3.91666666666667,18.7449542737177));
#10091=CARTESIAN_POINT('Ctrl Pts',(-5.08214792968777,3.25,18.7449542737177));
#10092=CARTESIAN_POINT('Ctrl Pts',(-5.07187901101706,5.25,18.9389124965982));
#10093=CARTESIAN_POINT('Ctrl Pts',(-5.07187901101706,4.58333333333333,18.9389124965982));
#10094=CARTESIAN_POINT('Ctrl Pts',(-5.07187901101706,3.91666666666667,18.9389124965982));
#10095=CARTESIAN_POINT('Ctrl Pts',(-5.07187901101706,3.25,18.9389124965982));
#10096=CARTESIAN_POINT('Ctrl Pts',(-5.04844231753064,5.25,19.0162120486176));
#10097=CARTESIAN_POINT('Ctrl Pts',(-5.04844231753064,4.58333333333333,19.0162120486176));
#10098=CARTESIAN_POINT('Ctrl Pts',(-5.04844231753064,3.91666666666667,19.0162120486176));
#10099=CARTESIAN_POINT('Ctrl Pts',(-5.04844231753064,3.25,19.0162120486176));
#10100=CARTESIAN_POINT('Ctrl Pts',(-5.04844231753064,3.25,19.0162120486176));
#10101=CARTESIAN_POINT('Ctrl Pts',(-5.07187901101706,3.25,18.9389124965982));
#10102=CARTESIAN_POINT('Ctrl Pts',(-5.07627997616165,3.25,18.8557875439351));
#10103=CARTESIAN_POINT('Ctrl Pts',(-5.06094071586192,3.25,18.7765514698074));
#10104=CARTESIAN_POINT('Ctrl Pts',(-5.04048836879561,3.25,18.6709033709704));
#10105=CARTESIAN_POINT('Ctrl Pts',(-4.98494228760606,3.25,18.572168833974));
#10106=CARTESIAN_POINT('Ctrl Pts',(-4.905,3.25,18.5));
#10107=CARTESIAN_POINT('Origin',(2.85223192079945,16.5000000000098,17.));
#10108=CARTESIAN_POINT('',(-1.,5.91607978309962,17.));
#10109=CARTESIAN_POINT('Origin',(-6.,-4.47213595499958,17.));
#10110=CARTESIAN_POINT('',(-4.,-4.47213595499958,17.));
#10111=CARTESIAN_POINT('Origin',(-6.,3.67213595499958,17.));
#10112=CARTESIAN_POINT('',(-3.39343742066939,3.67213595499958,17.));
#10113=CARTESIAN_POINT('Origin',(-1.,-5.91607978309962,17.));
#10114=CARTESIAN_POINT('',(-1.,-5.91607978309962,17.));
#10115=CARTESIAN_POINT('Origin',(0.,0.,17.));
#10116=CARTESIAN_POINT('Origin',(0.,0.,17.));
#10117=CARTESIAN_POINT('Origin',(0.,0.,17.));
#10118=CARTESIAN_POINT('Origin',(-4.905,3.25,16.2000000000001));
#10119=CARTESIAN_POINT('',(-4.905,3.25,16.2000000000001));
#10120=CARTESIAN_POINT('Origin',(-4.905,6.15,16.2000000000001));
#10121=CARTESIAN_POINT('',(-4.905,6.15,16.2000000000001));
#10122=CARTESIAN_POINT('Origin',(-4.905,6.15,17.9358898943541));
#10123=CARTESIAN_POINT('Origin',(-4.905,-6.15,16.2000000000001));
#10124=CARTESIAN_POINT('',(-4.905,-6.15,16.2000000000001));
#10125=CARTESIAN_POINT('Origin',(-4.905,-3.25,16.2000000000001));
#10126=CARTESIAN_POINT('',(-4.905,-3.25,16.2000000000001));
#10127=CARTESIAN_POINT('Origin',(-4.905,-3.25000000000001,18.5));
#10128=CARTESIAN_POINT('Origin',(-1.80000000000002,0.,8.5));
#10129=CARTESIAN_POINT('',(-1.8,0.,12.4999999999999));
#10130=CARTESIAN_POINT('Ctrl Pts',(-1.8,-6.5,12.4999999999999));
#10131=CARTESIAN_POINT('Ctrl Pts',(-1.8,6.5,12.4999999999999));
#10132=CARTESIAN_POINT('Ctrl Pts',(-1.8,-6.5,12.4513347884489));
#10133=CARTESIAN_POINT('Ctrl Pts',(-1.8,6.5,12.4513347884489));
#10134=CARTESIAN_POINT('Ctrl Pts',(-1.80113888549928,-6.5,12.4033482000678));
#10135=CARTESIAN_POINT('Ctrl Pts',(-1.80113888549928,6.5,12.4033482000678));
#10136=CARTESIAN_POINT('Ctrl Pts',(-1.80341665077626,-6.5,12.3560402634745));
#10137=CARTESIAN_POINT('Ctrl Pts',(-1.80341665077626,6.5,12.3560402634745));
#10138=CARTESIAN_POINT('Ctrl Pts',(-1.80683162601721,-6.5,12.3094100214364));
#10139=CARTESIAN_POINT('Ctrl Pts',(-1.80683162601721,6.5,12.3094100214364));
#10140=CARTESIAN_POINT('Ctrl Pts',(-1.81138059453519,-6.5,12.2634556119097));
#10141=CARTESIAN_POINT('Ctrl Pts',(-1.81138059453519,6.5,12.2634556119097));
#10142=CARTESIAN_POINT('',(-1.81138059453519,0.,12.2634556119097));
#10143=CARTESIAN_POINT('Origin',(-1.81138059453519,0.,12.2634556119097));
#10144=CARTESIAN_POINT('Ctrl Pts',(0.845184836360472,-8.00858263609085,
11.2580376376237));
#10145=CARTESIAN_POINT('Ctrl Pts',(0.845184836360472,7.09030339335725,11.2580376376237));
#10146=CARTESIAN_POINT('Ctrl Pts',(0.52521448260858,-8.00858263609085,11.6675810144583));
#10147=CARTESIAN_POINT('Ctrl Pts',(0.52521448260858,7.09030339335725,11.6675810144583));
#10148=CARTESIAN_POINT('Ctrl Pts',(-0.0503974638208971,-8.00858263609085,
12.4312889710465));
#10149=CARTESIAN_POINT('Ctrl Pts',(-0.0503974638208971,7.09030339335725,
12.4312889710465));
#10150=CARTESIAN_POINT('Ctrl Pts',(-0.721004443639691,-8.00858263609085,
13.4109022644664));
#10151=CARTESIAN_POINT('Ctrl Pts',(-0.721004443639691,7.09030339335725,
13.4109022644664));
#10152=CARTESIAN_POINT('Ctrl Pts',(-1.28422309750194,-8.00858263609085,
14.4640856576261));
#10153=CARTESIAN_POINT('Ctrl Pts',(-1.28422309750194,7.09030339335725,14.4640856576261));
#10154=CARTESIAN_POINT('Ctrl Pts',(-1.63174392710575,-8.00858263609085,
15.7344789638307));
#10155=CARTESIAN_POINT('Ctrl Pts',(-1.63174392710575,7.09030339335725,15.7344789638307));
#10156=CARTESIAN_POINT('Ctrl Pts',(-1.75043497191732,-8.00858263609085,
17.0731428134933));
#10157=CARTESIAN_POINT('Ctrl Pts',(-1.75043497191732,7.09030339335725,17.0731428134933));
#10158=CARTESIAN_POINT('Ctrl Pts',(-1.79098753821704,-8.00858263609085,
18.4573838913992));
#10159=CARTESIAN_POINT('Ctrl Pts',(-1.79098753821704,7.09030339335725,18.4573838913992));
#10160=CARTESIAN_POINT('Ctrl Pts',(-1.8,-8.00858263609085,19.5849681882592));
#10161=CARTESIAN_POINT('Ctrl Pts',(-1.8,7.09030339335725,19.5849681882592));
#10162=CARTESIAN_POINT('Ctrl Pts',(-1.8,-8.00858263609085,20.2000000000001));
#10163=CARTESIAN_POINT('Ctrl Pts',(-1.8,7.09030339335725,20.2000000000001));
#10164=CARTESIAN_POINT('Ctrl Pts',(-1.8,-8.00858263609085,20.9200000000001));
#10165=CARTESIAN_POINT('Ctrl Pts',(-1.8,7.09030339335725,20.9200000000001));
#10166=CARTESIAN_POINT('Ctrl Pts',(-1.8,-8.00858263609085,21.6400000000001));
#10167=CARTESIAN_POINT('Ctrl Pts',(-1.8,7.09030339335725,21.6400000000001));
#10168=CARTESIAN_POINT('Ctrl Pts',(-1.8,-8.00858263609085,22.3600000000001));
#10169=CARTESIAN_POINT('Ctrl Pts',(-1.8,7.09030339335725,22.3600000000001));
#10170=CARTESIAN_POINT('Ctrl Pts',(-1.8,-8.00858263609085,23.0800000000001));
#10171=CARTESIAN_POINT('Ctrl Pts',(-1.8,7.09030339335725,23.0800000000001));
#10172=CARTESIAN_POINT('Ctrl Pts',(-1.8,-8.00858263609085,23.8000000000001));
#10173=CARTESIAN_POINT('Ctrl Pts',(-1.8,7.09030339335725,23.8000000000001));
#10174=CARTESIAN_POINT('',(-1.8,0.608276253029824,21.2000000000001));
#10175=CARTESIAN_POINT('',(-1.8,0.608276253029824,20.2000000000001));
#10176=CARTESIAN_POINT('Ctrl Pts',(-1.8,2.27376340018042,20.2000000000001));
#10177=CARTESIAN_POINT('Ctrl Pts',(-1.8,2.27158648123941,20.2000000000001));
#10178=CARTESIAN_POINT('Ctrl Pts',(-1.8,2.26940740890501,20.200004370026));
#10179=CARTESIAN_POINT('Ctrl Pts',(-1.8,2.02047193100975,20.2010031178779));
#10180=CARTESIAN_POINT('Ctrl Pts',(-1.8,1.77266778460603,20.2578983792764));
#10181=CARTESIAN_POINT('Ctrl Pts',(-1.8,1.54007319954073,20.3526725637841));
#10182=CARTESIAN_POINT('Ctrl Pts',(-1.8,1.40830469002266,20.4063636375891));
#10183=CARTESIAN_POINT('Ctrl Pts',(-1.8,1.27952680842946,20.4730357077314));
#10184=CARTESIAN_POINT('Ctrl Pts',(-1.8,0.974582060821587,20.6654165096185));
#10185=CARTESIAN_POINT('Ctrl Pts',(-1.8,0.799603842244797,20.8105510825605));
#10186=CARTESIAN_POINT('Ctrl Pts',(-1.8,0.656715196849207,21.0130158169898));
#10187=CARTESIAN_POINT('Ctrl Pts',(-1.8,0.632698333161875,21.0657932905211));
#10188=CARTESIAN_POINT('Ctrl Pts',(-1.8,0.612393762101815,21.141385802176));
#10189=CARTESIAN_POINT('Ctrl Pts',(-1.8,0.608276253029823,21.1703482365454));
#10190=CARTESIAN_POINT('Ctrl Pts',(-1.8,0.608276253029823,21.2000000000001));
#10191=CARTESIAN_POINT('Ctrl Pts',(-1.8,-6.5,-12.4999999999999));
#10192=CARTESIAN_POINT('Ctrl Pts',(-1.8,6.5,-12.4999999999999));
#10193=CARTESIAN_POINT('Ctrl Pts',(-1.8,-6.5,-12.220476820185));
#10194=CARTESIAN_POINT('Ctrl Pts',(-1.8,6.5,-12.220476820185));
#10195=CARTESIAN_POINT('Ctrl Pts',(-1.87514645263246,-6.5,-11.7062076782155));
#10196=CARTESIAN_POINT('Ctrl Pts',(-1.87514645263246,6.5,-11.7062076782155));
#10197=CARTESIAN_POINT('Ctrl Pts',(-2.10614758034255,-6.5,-11.2710287743447));
#10198=CARTESIAN_POINT('Ctrl Pts',(-2.10614758034255,6.5,-11.2710287743447));
#10199=CARTESIAN_POINT('Ctrl Pts',(-2.47972697450698,-6.5,-10.9209362281569));
#10200=CARTESIAN_POINT('Ctrl Pts',(-2.47972697450698,6.5,-10.9209362281569));
#10201=CARTESIAN_POINT('Ctrl Pts',(-2.96172083868441,-6.5,-10.6369907227504));
#10202=CARTESIAN_POINT('Ctrl Pts',(-2.96172083868441,6.5,-10.6369907227504));
#10203=CARTESIAN_POINT('Ctrl Pts',(-3.23176987833865,-6.5,-10.506126248847));
#10204=CARTESIAN_POINT('Ctrl Pts',(-3.23176987833865,6.5,-10.506126248847));
#10205=CARTESIAN_POINT('Ctrl Pts',(-3.24452858596677,-6.5,-10.5));
#10206=CARTESIAN_POINT('Ctrl Pts',(-3.24452858596677,6.5,-10.5));
#10207=CARTESIAN_POINT('',(-1.8,0.,-12.4999999999999));
#10208=CARTESIAN_POINT('Origin',(0.,0.,-13.4999999999999));
#10209=CARTESIAN_POINT('',(-1.8,-0.608276253029824,-13.4999999999999));
#10210=CARTESIAN_POINT('Ctrl Pts',(-1.8,-2.27376340018042,-12.4999999999999));
#10211=CARTESIAN_POINT('Ctrl Pts',(-1.8,-2.09629562394517,-12.4999999999999));
#10212=CARTESIAN_POINT('Ctrl Pts',(-1.8,-1.88641100578125,-12.5360690416409));
#10213=CARTESIAN_POINT('Ctrl Pts',(-1.8,-1.52324276301359,-12.6495441877628));
#10214=CARTESIAN_POINT('Ctrl Pts',(-1.8,-1.30362011112711,-12.7549771577497));
#10215=CARTESIAN_POINT('Ctrl Pts',(-1.8,-0.989269379612532,-12.9590099116219));
#10216=CARTESIAN_POINT('Ctrl Pts',(-1.8,-0.827339835880168,-13.086499518169));
#10217=CARTESIAN_POINT('Ctrl Pts',(-1.8,-0.688462828427171,-13.2652119991031));
#10218=CARTESIAN_POINT('Ctrl Pts',(-1.8,-0.653548604147623,-13.3206321561647));
#10219=CARTESIAN_POINT('Ctrl Pts',(-1.8,-0.618657663327675,-13.4100393903362));
#10220=CARTESIAN_POINT('Ctrl Pts',(-1.8,-0.608276253029823,-13.4586101498588));
#10221=CARTESIAN_POINT('Ctrl Pts',(-1.8,-0.608276253029823,-13.4999999999999));
#10222=CARTESIAN_POINT('',(1.8,-0.608276253029824,-13.4999999999999));
#10223=CARTESIAN_POINT('Origin',(0.,0.,-13.4999999999999));
#10224=CARTESIAN_POINT('Ctrl Pts',(1.8,-0.608276253029822,-13.4999999999999));
#10225=CARTESIAN_POINT('Ctrl Pts',(1.8,-0.608276253029822,-13.3714135874259));
#10226=CARTESIAN_POINT('Ctrl Pts',(1.8247947898566,-0.612388069629733,-13.244167383824));
#10227=CARTESIAN_POINT('Ctrl Pts',(1.92138072520256,-0.62796277162891,-13.0052756838361));
#10228=CARTESIAN_POINT('Ctrl Pts',(1.99255291396059,-0.639295964115095,
-12.8961538869722));
#10229=CARTESIAN_POINT('Ctrl Pts',(2.17318376891897,-0.66695619634662,-12.7099696160595));
#10230=CARTESIAN_POINT('Ctrl Pts',(2.28144271181933,-0.683066125122592,
-12.6350992092621));
#10231=CARTESIAN_POINT('Ctrl Pts',(2.46271378059655,-0.7089576031366,-12.5561815029911));
#10232=CARTESIAN_POINT('Ctrl Pts',(2.52715123320744,-0.717992100709348,
-12.5355806298439));
#10233=CARTESIAN_POINT('Ctrl Pts',(2.6591757612993,-0.736150532545864,-12.5076683270088));
#10234=CARTESIAN_POINT('Ctrl Pts',(2.72644915886243,-0.745231459742587,
-12.5004269611098));
#10235=CARTESIAN_POINT('Ctrl Pts',(2.79596393775597,-0.754448712069145,
-12.5000061087434));
#10236=CARTESIAN_POINT('Ctrl Pts',(2.79798195747241,-0.754716147264501,
-12.4999999999999));
#10237=CARTESIAN_POINT('Ctrl Pts',(2.8,-0.754983443527074,-12.4999999999999));
#10238=CARTESIAN_POINT('Origin',(2.8,-2.77086187348509,-13.4999999999999));
#10239=CARTESIAN_POINT('',(1.8,0.608276253029824,-13.4999999999999));
#10240=CARTESIAN_POINT('',(1.8,-2.77086187348509,-13.4999999999999));
#10241=CARTESIAN_POINT('Ctrl Pts',(1.8,0.608276253029823,-13.4999999999999));
#10242=CARTESIAN_POINT('Ctrl Pts',(1.8,0.608276253029822,-13.3714135874259));
#10243=CARTESIAN_POINT('Ctrl Pts',(1.8247947898566,0.612388069629734,-13.244167383824));
#10244=CARTESIAN_POINT('Ctrl Pts',(1.92138072520256,0.627962771628912,-13.0052756838361));
#10245=CARTESIAN_POINT('Ctrl Pts',(1.99255291396058,0.6392959641151,-12.8961538869722));
#10246=CARTESIAN_POINT('Ctrl Pts',(2.17318376891896,0.666956196346623,-12.7099696160595));
#10247=CARTESIAN_POINT('Ctrl Pts',(2.28144271181933,0.683066125122602,-12.6350992092621));
#10248=CARTESIAN_POINT('Ctrl Pts',(2.46271378059657,0.708957603136619,-12.5561815029911));
#10249=CARTESIAN_POINT('Ctrl Pts',(2.52715123320747,0.717992100709344,-12.5355806298439));
#10250=CARTESIAN_POINT('Ctrl Pts',(2.65917576129925,0.73615053254584,-12.5076683270089));
#10251=CARTESIAN_POINT('Ctrl Pts',(2.72644915886238,0.745231459742565,-12.5004269611098));
#10252=CARTESIAN_POINT('Ctrl Pts',(2.79596393775598,0.754448712069149,-12.5000061087434));
#10253=CARTESIAN_POINT('Ctrl Pts',(2.79798195747241,0.7547161472645,-12.4999999999999));
#10254=CARTESIAN_POINT('Ctrl Pts',(2.8,0.754983443527074,-12.4999999999999));
#10255=CARTESIAN_POINT('Origin',(0.,0.,-13.4999999999999));
#10256=CARTESIAN_POINT('',(-1.8,0.608276253029824,-13.4999999999999));
#10257=CARTESIAN_POINT('Origin',(0.,0.,-13.4999999999999));
#10258=CARTESIAN_POINT('Ctrl Pts',(-1.8,0.608276253029822,-13.4999999999999));
#10259=CARTESIAN_POINT('Ctrl Pts',(-1.8,0.608276253029822,-13.4586101498588));
#10260=CARTESIAN_POINT('Ctrl Pts',(-1.8,0.618657663327675,-13.4100393903362));
#10261=CARTESIAN_POINT('Ctrl Pts',(-1.8,0.653548604147623,-13.3206321561647));
#10262=CARTESIAN_POINT('Ctrl Pts',(-1.8,0.688462828427171,-13.2652119991031));
#10263=CARTESIAN_POINT('Ctrl Pts',(-1.8,0.827339835880168,-13.086499518169));
#10264=CARTESIAN_POINT('Ctrl Pts',(-1.8,0.989269379612532,-12.9590099116219));
#10265=CARTESIAN_POINT('Ctrl Pts',(-1.8,1.30362011112711,-12.7549771577497));
#10266=CARTESIAN_POINT('Ctrl Pts',(-1.8,1.52324276301359,-12.6495441877628));
#10267=CARTESIAN_POINT('Ctrl Pts',(-1.8,1.88641100578125,-12.5360690416409));
#10268=CARTESIAN_POINT('Ctrl Pts',(-1.8,2.09629562394517,-12.4999999999999));
#10269=CARTESIAN_POINT('Ctrl Pts',(-1.8,2.27376340018042,-12.4999999999999));
#10270=CARTESIAN_POINT('Origin',(0.,0.,21.2000000000001));
#10271=CARTESIAN_POINT('',(1.8,0.608276253029824,21.2000000000001));
#10272=CARTESIAN_POINT('Origin',(0.,0.,21.2000000000001));
#10273=CARTESIAN_POINT('Ctrl Pts',(1.8,0.608276253029822,21.2000000000001));
#10274=CARTESIAN_POINT('Ctrl Pts',(1.8,0.608276253029822,21.071413587426));
#10275=CARTESIAN_POINT('Ctrl Pts',(1.8247947898566,0.612388069629733,20.9441673838241));
#10276=CARTESIAN_POINT('Ctrl Pts',(1.92138072520256,0.627962771628912,20.7052756838362));
#10277=CARTESIAN_POINT('Ctrl Pts',(1.99255291396058,0.639295964115108,20.5961538869723));
#10278=CARTESIAN_POINT('Ctrl Pts',(2.17318376891896,0.666956196346638,20.4099696160597));
#10279=CARTESIAN_POINT('Ctrl Pts',(2.28144271181932,0.683066125122622,20.3350992092623));
#10280=CARTESIAN_POINT('Ctrl Pts',(2.46271378059668,0.708957603136674,20.2561815029912));
#10281=CARTESIAN_POINT('Ctrl Pts',(2.52715123320771,0.717992100709396,20.2355806298439));
#10282=CARTESIAN_POINT('Ctrl Pts',(2.65917576126006,0.736150532540484,20.2076683270173));
#10283=CARTESIAN_POINT('Ctrl Pts',(2.72644915882228,0.745231459722971,20.2004269611102));
#10284=CARTESIAN_POINT('Ctrl Pts',(2.79596393776171,0.754448712071784,20.2000061087435));
#10285=CARTESIAN_POINT('Ctrl Pts',(2.79798195746694,0.754716147263777,20.2000000000001));
#10286=CARTESIAN_POINT('Ctrl Pts',(2.8,0.754983443527075,20.2000000000001));
#10287=CARTESIAN_POINT('Origin',(0.,0.,21.2000000000001));
#10288=CARTESIAN_POINT('',(1.8,-0.608276253029824,21.2000000000001));
#10289=CARTESIAN_POINT('',(-1.8,-0.608276253029824,21.2000000000001));
#10290=CARTESIAN_POINT('Origin',(0.,0.,21.2000000000001));
#10291=CARTESIAN_POINT('Ctrl Pts',(-1.8,-0.608276253029823,21.2000000000001));
#10292=CARTESIAN_POINT('Ctrl Pts',(-1.8,-0.608276253029823,21.1586101498589));
#10293=CARTESIAN_POINT('Ctrl Pts',(-1.8,-0.618657663327675,21.1100393903363));
#10294=CARTESIAN_POINT('Ctrl Pts',(-1.8,-0.653548604147623,21.0206321561648));
#10295=CARTESIAN_POINT('Ctrl Pts',(-1.8,-0.68846282842717,20.9652119991033));
#10296=CARTESIAN_POINT('Ctrl Pts',(-1.8,-0.827339835880168,20.7864995181692));
#10297=CARTESIAN_POINT('Ctrl Pts',(-1.8,-0.989269379612531,20.659009911622));
#10298=CARTESIAN_POINT('Ctrl Pts',(-1.8,-1.30362011112711,20.4549771577498));
#10299=CARTESIAN_POINT('Ctrl Pts',(-1.8,-1.52324276301359,20.3495441877629));
#10300=CARTESIAN_POINT('Ctrl Pts',(-1.8,-1.88641100578125,20.236069041641));
#10301=CARTESIAN_POINT('Ctrl Pts',(-1.8,-2.09629562394517,20.2000000000001));
#10302=CARTESIAN_POINT('Ctrl Pts',(-1.8,-2.27376340018042,20.2000000000001));
#10303=CARTESIAN_POINT('Ctrl Pts',(2.8,-0.754983443527075,20.2000000000001));
#10304=CARTESIAN_POINT('Ctrl Pts',(2.79798195746694,-0.754716147263777,
20.2000000000001));
#10305=CARTESIAN_POINT('Ctrl Pts',(2.79596393776171,-0.754448712071784,
20.2000061087435));
#10306=CARTESIAN_POINT('Ctrl Pts',(2.72644915882228,-0.745231459722971,
20.2004269611102));
#10307=CARTESIAN_POINT('Ctrl Pts',(2.65917576126006,-0.736150532540476,
20.2076683270173));
#10308=CARTESIAN_POINT('Ctrl Pts',(2.52715123320771,-0.717992100709392,
20.2355806298439));
#10309=CARTESIAN_POINT('Ctrl Pts',(2.46271378059668,-0.708957603136672,
20.2561815029912));
#10310=CARTESIAN_POINT('Ctrl Pts',(2.28144271181932,-0.68306612512262,20.3350992092623));
#10311=CARTESIAN_POINT('Ctrl Pts',(2.17318376891896,-0.666956196346638,
20.4099696160597));
#10312=CARTESIAN_POINT('Ctrl Pts',(1.99255291396058,-0.639295964115108,
20.5961538869723));
#10313=CARTESIAN_POINT('Ctrl Pts',(1.92138072520256,-0.627962771628912,
20.7052756838362));
#10314=CARTESIAN_POINT('Ctrl Pts',(1.8247947898566,-0.612388069629733,20.9441673838241));
#10315=CARTESIAN_POINT('Ctrl Pts',(1.8,-0.608276253029822,21.071413587426));
#10316=CARTESIAN_POINT('Ctrl Pts',(1.8,-0.608276253029822,21.2000000000001));
#10317=CARTESIAN_POINT('Origin',(2.8,-3.37913812651491,21.2000000000001));
#10318=CARTESIAN_POINT('',(1.8,-3.37913812651491,21.2000000000001));
#10319=CARTESIAN_POINT('Origin',(0.,0.,20.2000000000001));
#10320=CARTESIAN_POINT('',(1.8,-0.608276253029824,23.3500000000001));
#10321=CARTESIAN_POINT('',(1.8,-0.608276253029824,20.2000000000001));
#10322=CARTESIAN_POINT('',(-1.8,-0.608276253029824,23.3500000000001));
#10323=CARTESIAN_POINT('Origin',(0.,0.,23.3500000000001));
#10324=CARTESIAN_POINT('',(-1.8,-0.608276253029824,20.2000000000001));
#10325=CARTESIAN_POINT('Origin',(-1.8,0.608276253029824,20.2000000000001));
#10326=CARTESIAN_POINT('',(-1.8,0.608276253029824,23.3500000000001));
#10327=CARTESIAN_POINT('',(-1.8,0.304138126514912,23.3500000000001));
#10328=CARTESIAN_POINT('',(-1.8,0.608276253029824,20.2000000000001));
#10329=CARTESIAN_POINT('Origin',(0.,0.,20.2000000000001));
#10330=CARTESIAN_POINT('',(1.8,0.608276253029824,23.3500000000001));
#10331=CARTESIAN_POINT('Origin',(0.,0.,23.3500000000001));
#10332=CARTESIAN_POINT('',(1.8,0.608276253029824,20.2000000000001));
#10333=CARTESIAN_POINT('Origin',(1.8,-0.608276253029824,20.2000000000001));
#10334=CARTESIAN_POINT('',(1.8,-0.304138126514912,23.3500000000001));
#10335=CARTESIAN_POINT('Origin',(0.,0.,23.3500000000001));
#10336=CARTESIAN_POINT('Origin',(0.,0.,-12.4999999999999));
#10337=CARTESIAN_POINT('',(-1.8,-0.608276253029824,-15.6499999999999));
#10338=CARTESIAN_POINT('',(-1.8,-0.608276253029824,-12.4999999999999));
#10339=CARTESIAN_POINT('',(1.8,-0.608276253029824,-15.6499999999999));
#10340=CARTESIAN_POINT('Origin',(0.,0.,-15.6499999999999));
#10341=CARTESIAN_POINT('',(1.8,-0.608276253029824,-12.4999999999999));
#10342=CARTESIAN_POINT('Origin',(1.8,0.608276253029824,-12.4999999999999));
#10343=CARTESIAN_POINT('',(1.8,0.608276253029824,-15.6499999999999));
#10344=CARTESIAN_POINT('',(1.8,0.304138126514912,-15.6499999999999));
#10345=CARTESIAN_POINT('',(1.8,0.608276253029824,-12.4999999999999));
#10346=CARTESIAN_POINT('Origin',(0.,0.,-12.4999999999999));
#10347=CARTESIAN_POINT('',(-1.8,0.608276253029824,-15.6499999999999));
#10348=CARTESIAN_POINT('Origin',(0.,0.,-15.6499999999999));
#10349=CARTESIAN_POINT('',(-1.8,0.608276253029824,-12.4999999999999));
#10350=CARTESIAN_POINT('Origin',(-1.8,-0.608276253029824,-12.4999999999999));
#10351=CARTESIAN_POINT('',(-1.8,-0.304138126514912,-15.6499999999999));
#10352=CARTESIAN_POINT('Origin',(0.,0.,-15.6499999999999));
#10353=CARTESIAN_POINT('Origin',(0.199999999999999,0.,-10.4999999999999));
#10354=CARTESIAN_POINT('Origin',(-7.95340018878539,9.75,-1.96221183727096));
#10355=CARTESIAN_POINT('',(-7.97453408224592,9.5,-4.0999209122917));
#10356=CARTESIAN_POINT('',(-9.4762706388726,10.,-3.82499999999999));
#10357=CARTESIAN_POINT('Origin',(-7.99999999972811,10.0000000000001,0.));
#10358=CARTESIAN_POINT('',(-7.73923845403471,9.5,-3.49027268516906));
#10359=CARTESIAN_POINT('',(-7.25370506683419,9.5,-2.23226134443159));
#10360=CARTESIAN_POINT('',(-8.68181917028935,9.8,-3.43294663797819));
#10361=CARTESIAN_POINT('Origin',(-7.99999999972858,10.0000000000003,0.));
#10362=CARTESIAN_POINT('',(-9.26023103317244,10.,-3.26524390251248));
#10363=CARTESIAN_POINT('Origin',(-7.99999999972858,10.0000000000003,0.));
#10364=CARTESIAN_POINT('',(-8.65309531073658,10.,-1.69216233011032));
#10365=CARTESIAN_POINT('Origin',(-6.68813531930035,9.5,0.));
#10366=CARTESIAN_POINT('',(-7.9745340822457,9.5,4.0999209122917));
#10367=CARTESIAN_POINT('',(-7.73923845403415,9.5,3.49027268516902));
#10368=CARTESIAN_POINT('',(-7.14568526398306,9.5,1.9523832956887));
#10369=CARTESIAN_POINT('Origin',(-7.99999999972858,9.5,0.));
#10370=CARTESIAN_POINT('Origin',(-7.99999999972811,9.5,0.));
#10371=CARTESIAN_POINT('Origin',(-7.99999999972858,11.,0.));
#10372=CARTESIAN_POINT('',(-8.68181917028898,9.8,3.43294663797826));
#10373=CARTESIAN_POINT('Origin',(-7.99999999972858,9.8,0.));
#10374=CARTESIAN_POINT('Origin',(-7.99999999972858,10.0000000000009,0.));
#10375=CARTESIAN_POINT('Origin',(-7.84538038593413,9.75,1.68233378852773));
#10376=CARTESIAN_POINT('',(-9.47627063887254,10.,3.82500000000001));
#10377=CARTESIAN_POINT('Origin',(-7.99999999972811,10.0000000000008,0.));
#10378=CARTESIAN_POINT('',(-9.26023103317211,10.,3.26524390251261));
#10379=CARTESIAN_POINT('',(-8.54507550788519,10.,1.41228428136676));
#10380=CARTESIAN_POINT('Origin',(-7.99999999972858,10.0000000000009,0.));
#10381=CARTESIAN_POINT('Origin',(-10.499999999825,9.8,-2.50341414265165E-11));
#10382=CARTESIAN_POINT('',(-9.26023103317244,9.8,-3.26524390251248));
#10383=CARTESIAN_POINT('',(-9.4762706388726,9.8,-3.82499999999999));
#10384=CARTESIAN_POINT('',(-8.95326328573758,9.8,-2.46989405079528));
#10385=CARTESIAN_POINT('Origin',(-7.99999999972858,9.8,0.));
#10386=CARTESIAN_POINT('',(-9.26023103317211,9.8,3.26524390251261));
#10387=CARTESIAN_POINT('Origin',(-7.99999999972858,9.8,0.));
#10388=CARTESIAN_POINT('',(-9.47627063887254,9.8,3.82500000000001));
#10389=CARTESIAN_POINT('',(-8.79217493049096,9.8,2.05251600203094));
#10390=CARTESIAN_POINT('',(-9.58240774362848,9.8,4.09999999994993));
#10391=CARTESIAN_POINT('',(-8.90019473334104,9.8,2.3323940507743));
#10392=CARTESIAN_POINT('',(-10.0412038717916,9.8,4.09999999993541));
#10393=CARTESIAN_POINT('',(-9.58240774364773,9.8,-4.1));
#10394=CARTESIAN_POINT('',(-12.9729020937098,9.8,-4.1));
#10395=CARTESIAN_POINT('',(-8.95326328573758,9.8,-2.46989405079528));
#10396=CARTESIAN_POINT('Origin',(-7.99999999972858,11.,0.));
#10397=CARTESIAN_POINT('',(-9.26023103317211,11.,3.26524390251261));
#10398=CARTESIAN_POINT('Origin',(-7.99999999972858,11.,0.));
#10399=CARTESIAN_POINT('',(-9.26023103317244,11.,-3.26524390251248));
#10400=CARTESIAN_POINT('Origin',(-9.58240774362848,11.,4.09999999994993));
#10401=CARTESIAN_POINT('',(-9.47627063887254,0.,3.82500000000001));
#10402=CARTESIAN_POINT('Origin',(-9.26023103317244,11.,-3.26524390251248));
#10403=CARTESIAN_POINT('',(-9.4762706388726,0.,-3.82499999999999));
#10404=CARTESIAN_POINT('Origin',(-15.4458041875945,0.,-4.1));
#10405=CARTESIAN_POINT('',(-9.58240774364773,0.,-4.1));
#10406=CARTESIAN_POINT('Origin',(-9.58240774364773,0.,-4.1));
#10407=CARTESIAN_POINT('',(-9.4762706388726,0.,-3.82499999999999));
#10408=CARTESIAN_POINT('Origin',(-9.58240774362848,0.,4.09999999994993));
#10409=CARTESIAN_POINT('',(-9.58240774362848,0.,4.09999999994993));
#10410=CARTESIAN_POINT('Origin',(-9.47627063887253,0.,3.82500000000001));
#10411=CARTESIAN_POINT('',(-9.47627063887254,0.,3.82500000000001));
#10412=CARTESIAN_POINT('Origin',(-7.99999999972811,0.,0.));
#10413=CARTESIAN_POINT('Origin',(-7.99999999972811,0.,0.));
#10414=CARTESIAN_POINT('',(-9.4762706388726,-9.8,-3.82499999999999));
#10415=CARTESIAN_POINT('',(-9.4762706388726,0.,-3.82499999999999));
#10416=CARTESIAN_POINT('',(-9.4762706388726,-10.,-3.82499999999999));
#10417=CARTESIAN_POINT('',(-9.4762706388726,0.,-3.82499999999999));
#10418=CARTESIAN_POINT('',(-7.97453408224592,-9.5,-4.0999209122917));
#10419=CARTESIAN_POINT('Origin',(-7.99999999972811,-10.0000000000001,0.));
#10420=CARTESIAN_POINT('',(-7.9745340822457,-9.5,4.0999209122917));
#10421=CARTESIAN_POINT('Origin',(-7.99999999972811,-9.5,0.));
#10422=CARTESIAN_POINT('',(-9.47627063887254,-10.,3.82500000000001));
#10423=CARTESIAN_POINT('Origin',(-7.99999999972811,-10.0000000000008,0.));
#10424=CARTESIAN_POINT('',(-9.47627063887254,-9.8,3.82500000000001));
#10425=CARTESIAN_POINT('',(-9.47627063887254,0.,3.82500000000001));
#10426=CARTESIAN_POINT('',(-9.47627063887254,0.,3.82500000000001));
#10427=CARTESIAN_POINT('Origin',(-9.47627063887253,0.,3.82500000000001));
#10428=CARTESIAN_POINT('',(-9.58240774362848,-9.8,4.09999999994993));
#10429=CARTESIAN_POINT('',(-8.90019473334104,-9.8,2.3323940507743));
#10430=CARTESIAN_POINT('',(-9.58240774362848,0.,4.09999999994993));
#10431=CARTESIAN_POINT('Origin',(-9.58240774364773,0.,-4.1));
#10432=CARTESIAN_POINT('',(-9.58240774364773,-9.8,-4.1));
#10433=CARTESIAN_POINT('',(-9.58240774364773,0.,-4.1));
#10434=CARTESIAN_POINT('',(-8.95326328573758,-9.8,-2.46989405079528));
#10435=CARTESIAN_POINT('Origin',(-15.4458041875945,0.,-4.1));
#10436=CARTESIAN_POINT('',(-12.9729020937098,-9.8,-4.1));
#10437=CARTESIAN_POINT('Origin',(-9.58240774362848,0.,4.09999999994993));
#10438=CARTESIAN_POINT('',(-10.0412038717916,-9.8,4.09999999993541));
#10439=CARTESIAN_POINT('Origin',(-9.58240774362848,-11.,4.09999999994993));
#10440=CARTESIAN_POINT('',(-9.26023103317211,-10.,3.26524390251261));
#10441=CARTESIAN_POINT('',(-8.54507550788519,-10.,1.41228428136676));
#10442=CARTESIAN_POINT('',(-9.26023103317211,-9.8,3.26524390251261));
#10443=CARTESIAN_POINT('',(-9.26023103317211,-11.,3.26524390251261));
#10444=CARTESIAN_POINT('',(-8.79217493049096,-9.8,2.05251600203094));
#10445=CARTESIAN_POINT('Origin',(-9.26023103317244,-11.,-3.26524390251248));
#10446=CARTESIAN_POINT('',(-9.26023103317244,-9.8,-3.26524390251248));
#10447=CARTESIAN_POINT('',(-8.95326328573758,-9.8,-2.46989405079528));
#10448=CARTESIAN_POINT('',(-9.26023103317244,-10.,-3.26524390251248));
#10449=CARTESIAN_POINT('',(-9.26023103317244,-11.,-3.26524390251248));
#10450=CARTESIAN_POINT('',(-8.65309531073658,-10.,-1.69216233011032));
#10451=CARTESIAN_POINT('Origin',(-7.99999999972858,-11.,0.));
#10452=CARTESIAN_POINT('',(-8.68181917028935,-9.8,-3.43294663797819));
#10453=CARTESIAN_POINT('Origin',(-7.99999999972858,-10.0000000000003,0.));
#10454=CARTESIAN_POINT('Origin',(-7.99999999972858,-9.8,0.));
#10455=CARTESIAN_POINT('Origin',(-7.99999999972858,-11.,0.));
#10456=CARTESIAN_POINT('',(-8.68181917028898,-9.8,3.43294663797826));
#10457=CARTESIAN_POINT('Origin',(-7.99999999972858,-10.0000000000009,0.));
#10458=CARTESIAN_POINT('Origin',(-7.99999999972858,-9.8,0.));
#10459=CARTESIAN_POINT('Origin',(-10.499999999825,-9.8,-2.50341414265165E-11));
#10460=CARTESIAN_POINT('Origin',(-7.99999999972858,-9.8,0.));
#10461=CARTESIAN_POINT('Origin',(-7.84538038593413,-9.75,1.68233378852773));
#10462=CARTESIAN_POINT('',(-7.73923845403415,-9.5,3.49027268516902));
#10463=CARTESIAN_POINT('',(-7.14568526398306,-9.5,1.9523832956887));
#10464=CARTESIAN_POINT('Origin',(-7.99999999972858,-10.0000000000009,0.));
#10465=CARTESIAN_POINT('Origin',(-7.99999999972858,-11.,0.));
#10466=CARTESIAN_POINT('',(-7.73923845403471,-9.5,-3.49027268516906));
#10467=CARTESIAN_POINT('Origin',(-7.99999999972858,-9.5,0.));
#10468=CARTESIAN_POINT('Origin',(-7.99999999972858,-10.0000000000003,0.));
#10469=CARTESIAN_POINT('Origin',(-6.68813531930035,-9.5,0.));
#10470=CARTESIAN_POINT('',(-7.25370506683419,-9.5,-2.23226134443159));
#10471=CARTESIAN_POINT('Origin',(-7.95340018878539,-9.75,-1.96221183727096));
#10472=UNCERTAINTY_MEASURE_WITH_UNIT(LENGTH_MEASURE(0.01),#10476,
'DISTANCE_ACCURACY_VALUE',
'Maximum model space distance between geometric entities at asserted c
onnectivities');
#10473=UNCERTAINTY_MEASURE_WITH_UNIT(LENGTH_MEASURE(0.01),#10476,
'DISTANCE_ACCURACY_VALUE',
'Maximum model space distance between geometric entities at asserted c
onnectivities');
#10474=(
GEOMETRIC_REPRESENTATION_CONTEXT(3)
GLOBAL_UNCERTAINTY_ASSIGNED_CONTEXT((#10472))
GLOBAL_UNIT_ASSIGNED_CONTEXT((#10476,#10477,#10478))
REPRESENTATION_CONTEXT('','3D')
);
#10475=(
GEOMETRIC_REPRESENTATION_CONTEXT(3)
GLOBAL_UNCERTAINTY_ASSIGNED_CONTEXT((#10473))
GLOBAL_UNIT_ASSIGNED_CONTEXT((#10476,#10477,#10478))
REPRESENTATION_CONTEXT('','3D')
);
#10476=(
LENGTH_UNIT()
NAMED_UNIT(*)
SI_UNIT(.MILLI.,.METRE.)
);
#10477=(
NAMED_UNIT(*)
PLANE_ANGLE_UNIT()
SI_UNIT($,.RADIAN.)
);
#10478=(
NAMED_UNIT(*)
SI_UNIT($,.STERADIAN.)
SOLID_ANGLE_UNIT()
);
#10479=SHAPE_DEFINITION_REPRESENTATION(#10480,#10481);
#10480=PRODUCT_DEFINITION_SHAPE('',$,#10483);
#10481=SHAPE_REPRESENTATION('',(#4866),#10474);
#10482=PRODUCT_DEFINITION_CONTEXT('part definition',#10487,'design');
#10483=PRODUCT_DEFINITION('2025-09-02-13-45-55-858','T-TP-new',#10484,#10482);
#10484=PRODUCT_DEFINITION_FORMATION('',$,#10489);
#10485=PRODUCT_RELATED_PRODUCT_CATEGORY('T-TP-new','T-TP-new',(#10489));
#10486=APPLICATION_PROTOCOL_DEFINITION('international standard',
'automotive_design',2009,#10487);
#10487=APPLICATION_CONTEXT(
'Core Data for Automotive Mechanical Design Process');
#10488=PRODUCT_CONTEXT('part definition',#10487,'mechanical');
#10489=PRODUCT('2025-09-02-13-45-55-858','T-TP-new',$,(#10488));
#10490=PRESENTATION_STYLE_ASSIGNMENT((#10492));
#10491=PRESENTATION_STYLE_ASSIGNMENT((#10493));
#10492=SURFACE_STYLE_USAGE(.BOTH.,#10494);
#10493=SURFACE_STYLE_USAGE(.BOTH.,#10495);
#10494=SURFACE_SIDE_STYLE('',(#10496));
#10495=SURFACE_SIDE_STYLE('',(#10497));
#10496=SURFACE_STYLE_FILL_AREA(#10498);
#10497=SURFACE_STYLE_FILL_AREA(#10499);
#10498=FILL_AREA_STYLE('Steel - Satin',(#10500));
#10499=FILL_AREA_STYLE('Nylon 12 (with Formlabs Fuse 1 3D Printer)',(#10501));
#10500=FILL_AREA_STYLE_COLOUR('Steel - Satin',#10502);
#10501=FILL_AREA_STYLE_COLOUR(
'Nylon 12 (with Formlabs Fuse 1 3D Printer)',#10503);
#10502=COLOUR_RGB('Steel - Satin',0.627450980392157,0.627450980392157,0.627450980392157);
#10503=COLOUR_RGB('Nylon 12 (with Formlabs Fuse 1 3D Printer)',0.247058823529412,
0.247058823529412,0.247058823529412);
ENDSEC;
END-ISO-10303-21;
