ISO-10303-21;
HEADER;
/* Generated by software containing ST-Developer
 * from STEP Tools, Inc. (www.steptools.com) 
 */

FILE_DESCRIPTION(
/* description */ (''),
/* implementation_level */ '2;1');

FILE_NAME(
/* name */ 'T-TP-L.step',
/* time_stamp */ '2026-08-27T10:35:59+02:00',
/* author */ (''),
/* organization */ (''),
/* preprocessor_version */ 'ST-DEVELOPER v20.1',
/* originating_system */ 'Autodesk Translation Framework v15.8.0.0',
/* authorisation */ '');

FILE_SCHEMA (('AUTOMOTIVE_DESIGN { 1 0 10303 214 3 1 1 }'));
ENDSEC;

DATA;
#10=MECHANICAL_DESIGN_GEOMETRIC_PRESENTATION_REPRESENTATION('',(#13),#9646);
#11=SHAPE_REPRESENTATION_RELATIONSHIP('SRR','None',#9653,#12);
#12=ADVANCED_BREP_SHAPE_REPRESENTATION('',(#14),#9645);
#13=STYLED_ITEM('',(#9662),#14);
#14=MANIFOLD_SOLID_BREP('T-TP-L_T-TP',#4471);
#15=ELLIPSE('',#4598,1.66015394199186,0.55);
#16=ELLIPSE('',#4599,1.66015394199186,0.55);
#17=ELLIPSE('',#4601,0.952627944162884,0.55);
#18=ELLIPSE('',#4602,0.952627944162883,0.55);
#19=ELLIPSE('',#4613,2.00043847517651,2.);
#20=ELLIPSE('',#4625,2.00043847517651,2.);
#21=ELLIPSE('',#4683,0.952627944162883,0.55);
#22=ELLIPSE('',#4684,0.952627944162884,0.55);
#23=ELLIPSE('',#4685,0.952627944162883,0.55);
#24=ELLIPSE('',#4688,0.952627944162882,0.55);
#25=ELLIPSE('',#4689,0.952627944162884,0.55);
#26=ELLIPSE('',#4690,0.952627944162884,0.55);
#27=ELLIPSE('',#4692,0.952627944162882,0.55);
#28=ELLIPSE('',#4693,0.952627944162884,0.55);
#29=ELLIPSE('',#4696,0.952627944162884,0.55);
#30=ELLIPSE('',#4697,0.952627944162883,0.55);
#31=ELLIPSE('',#4700,0.622557728246948,0.55);
#32=ELLIPSE('',#4703,1.66015394199186,0.55);
#33=ELLIPSE('',#4704,1.66015394199186,0.55);
#34=ELLIPSE('',#4705,1.66015394199186,0.55);
#35=ELLIPSE('',#4706,0.622557728246948,0.55);
#36=ELLIPSE('',#4709,0.622557728246948,0.55);
#37=ELLIPSE('',#4710,1.66015394199185,0.55);
#38=ELLIPSE('',#4711,1.66015394199186,0.55);
#39=ELLIPSE('',#4714,0.622557728246948,0.55);
#40=ELLIPSE('',#4715,1.66015394199186,0.55);
#41=ELLIPSE('',#4772,4.32177946889679,4.1);
#42=ELLIPSE('',#4773,3.68932393694592,3.50000000007856);
#43=ELLIPSE('',#4774,3.68932393694592,3.50000000007856);
#44=ELLIPSE('',#4780,3.68932393694592,3.50000000007856);
#45=ELLIPSE('',#4782,4.32177946889679,4.1);
#46=ELLIPSE('',#4783,3.68932393694592,3.50000000007856);
#47=ELLIPSE('',#4797,4.32177946889679,4.1);
#48=ELLIPSE('',#4799,4.32177946889679,4.1);
#49=ELLIPSE('',#4807,3.68932393694592,3.50000000007856);
#50=ELLIPSE('',#4810,3.68932393694592,3.50000000007856);
#51=ELLIPSE('',#4815,3.68932393694592,3.50000000007856);
#52=ELLIPSE('',#4817,3.68932393694592,3.50000000007856);
#53=(
BOUNDED_CURVE()
B_SPLINE_CURVE(2,(#8477,#8478,#8479),.UNSPECIFIED.,.F.,.F.)
B_SPLINE_CURVE_WITH_KNOTS((3,3),(8.17552880659251,8.53932528336043),
 .UNSPECIFIED.)
CURVE()
GEOMETRIC_REPRESENTATION_ITEM()
RATIONAL_B_SPLINE_CURVE((4.55738437102223,4.14628911747581,3.69156390338558))
REPRESENTATION_ITEM('')
);
#54=(
BOUNDED_CURVE()
B_SPLINE_CURVE(2,(#8493,#8494,#8495),.UNSPECIFIED.,.F.,.F.)
B_SPLINE_CURVE_WITH_KNOTS((3,3),(1.30688862824341,1.3199184419637),
 .UNSPECIFIED.)
CURVE()
GEOMETRIC_REPRESENTATION_ITEM()
RATIONAL_B_SPLINE_CURVE((4.52788064845786,4.54266049402838,4.557384371023))
REPRESENTATION_ITEM('')
);
#55=(
BOUNDED_CURVE()
B_SPLINE_CURVE(2,(#8518,#8519,#8520),.UNSPECIFIED.,.F.,.F.)
B_SPLINE_CURVE_WITH_KNOTS((3,3),(0.940445923598528,1.31991844196439),
 .UNSPECIFIED.)
CURVE()
GEOMETRIC_REPRESENTATION_ITEM()
RATIONAL_B_SPLINE_CURVE((3.65229454552853,4.12857496490216,4.55738437102247))
REPRESENTATION_ITEM('')
);
#56=(
BOUNDED_CURVE()
B_SPLINE_CURVE(2,(#8525,#8526,#8527),.UNSPECIFIED.,.F.,.F.)
B_SPLINE_CURVE_WITH_KNOTS((3,3),(8.17552880659319,8.19974950488707),
 .UNSPECIFIED.)
CURVE()
GEOMETRIC_REPRESENTATION_ITEM()
RATIONAL_B_SPLINE_CURVE((4.55738437102274,4.53001463343027,4.5024515026543))
REPRESENTATION_ITEM('')
);
#57=CONICAL_SURFACE('',#4581,9.5,1.40564764938027);
#58=CONICAL_SURFACE('',#4584,9.5,1.40564764938027);
#59=CONICAL_SURFACE('',#4590,9.5,1.40564764938027);
#60=CONICAL_SURFACE('',#4593,9.5,1.40564764938027);
#61=TOROIDAL_SURFACE('',#4538,7.50000000000001,1.);
#62=TOROIDAL_SURFACE('',#4554,7.50000000000001,1.);
#63=TOROIDAL_SURFACE('',#4746,2.9,1.);
#64=TOROIDAL_SURFACE('',#4749,2.9,1.);
#65=TOROIDAL_SURFACE('',#4751,2.9,1.);
#66=TOROIDAL_SURFACE('',#4753,2.9,1.);
#67=CYLINDRICAL_SURFACE('',#4522,16.);
#68=CYLINDRICAL_SURFACE('',#4523,11.);
#69=CYLINDRICAL_SURFACE('',#4547,8.50000000000001);
#70=CYLINDRICAL_SURFACE('',#4573,11.);
#71=CYLINDRICAL_SURFACE('',#4588,11.);
#72=CYLINDRICAL_SURFACE('',#4604,8.50000000000001);
#73=CYLINDRICAL_SURFACE('',#4606,11.);
#74=CYLINDRICAL_SURFACE('',#4608,11.);
#75=CYLINDRICAL_SURFACE('',#4612,2.);
#76=CYLINDRICAL_SURFACE('',#4624,2.);
#77=CYLINDRICAL_SURFACE('',#4632,11.);
#78=CYLINDRICAL_SURFACE('',#4638,9.5);
#79=CYLINDRICAL_SURFACE('',#4641,5.);
#80=CYLINDRICAL_SURFACE('',#4643,9.5);
#81=CYLINDRICAL_SURFACE('',#4656,9.5);
#82=CYLINDRICAL_SURFACE('',#4659,5.);
#83=CYLINDRICAL_SURFACE('',#4662,9.5);
#84=CYLINDRICAL_SURFACE('',#4667,0.625);
#85=CYLINDRICAL_SURFACE('',#4668,0.625);
#86=CYLINDRICAL_SURFACE('',#4669,0.625);
#87=CYLINDRICAL_SURFACE('',#4670,0.625);
#88=CYLINDRICAL_SURFACE('',#4671,0.625);
#89=CYLINDRICAL_SURFACE('',#4672,0.625);
#90=CYLINDRICAL_SURFACE('',#4678,8.25);
#91=CYLINDRICAL_SURFACE('',#4679,11.);
#92=CYLINDRICAL_SURFACE('',#4681,11.);
#93=CYLINDRICAL_SURFACE('',#4682,0.55);
#94=CYLINDRICAL_SURFACE('',#4687,0.55);
#95=CYLINDRICAL_SURFACE('',#4691,0.55);
#96=CYLINDRICAL_SURFACE('',#4695,0.55);
#97=CYLINDRICAL_SURFACE('',#4698,0.55);
#98=CYLINDRICAL_SURFACE('',#4702,0.55);
#99=CYLINDRICAL_SURFACE('',#4708,0.55);
#100=CYLINDRICAL_SURFACE('',#4713,0.55);
#101=CYLINDRICAL_SURFACE('',#4739,6.);
#102=CYLINDRICAL_SURFACE('',#4740,5.);
#103=CYLINDRICAL_SURFACE('',#4741,6.);
#104=CYLINDRICAL_SURFACE('',#4748,1.);
#105=CYLINDRICAL_SURFACE('',#4755,1.);
#106=CYLINDRICAL_SURFACE('',#4756,1.9);
#107=CYLINDRICAL_SURFACE('',#4759,1.9);
#108=CYLINDRICAL_SURFACE('',#4763,1.9);
#109=CYLINDRICAL_SURFACE('',#4766,1.9);
#110=CYLINDRICAL_SURFACE('',#4778,3.50000000007856);
#111=CYLINDRICAL_SURFACE('',#4787,3.50000000007856);
#112=CYLINDRICAL_SURFACE('',#4788,3.50000000007856);
#113=CYLINDRICAL_SURFACE('',#4795,4.1);
#114=CYLINDRICAL_SURFACE('',#4796,4.1);
#115=CYLINDRICAL_SURFACE('',#4806,3.50000000007856);
#116=CYLINDRICAL_SURFACE('',#4809,3.50000000007856);
#117=CYLINDRICAL_SURFACE('',#4816,3.50000000007856);
#118=CIRCLE('',#4518,11.);
#119=CIRCLE('',#4519,11.);
#120=CIRCLE('',#4520,2.9);
#121=CIRCLE('',#4521,2.9);
#122=CIRCLE('',#4524,11.);
#123=CIRCLE('',#4525,11.);
#124=CIRCLE('',#4527,7.50000000000001);
#125=CIRCLE('',#4529,11.);
#126=CIRCLE('',#4532,8.25);
#127=CIRCLE('',#4533,11.);
#128=CIRCLE('',#4534,1.);
#129=CIRCLE('',#4535,1.);
#130=CIRCLE('',#4536,1.);
#131=CIRCLE('',#4537,1.);
#132=CIRCLE('',#4539,0.999999999999999);
#133=CIRCLE('',#4540,8.50000000000001);
#134=CIRCLE('',#4541,7.50000000000001);
#135=CIRCLE('',#4542,1.);
#136=CIRCLE('',#4543,1.);
#137=CIRCLE('',#4544,1.);
#138=CIRCLE('',#4545,1.);
#139=CIRCLE('',#4546,1.5);
#140=CIRCLE('',#4548,8.50000000000001);
#141=CIRCLE('',#4549,8.50000000000001);
#142=CIRCLE('',#4550,0.999999999999999);
#143=CIRCLE('',#4551,0.999999999999999);
#144=CIRCLE('',#4552,0.999999999999998);
#145=CIRCLE('',#4553,0.999999999999999);
#146=CIRCLE('',#4555,1.);
#147=CIRCLE('',#4556,8.50000000000001);
#148=CIRCLE('',#4557,1.);
#149=CIRCLE('',#4558,1.);
#150=CIRCLE('',#4559,1.);
#151=CIRCLE('',#4560,0.999999999999999);
#152=CIRCLE('',#4562,9.5);
#153=CIRCLE('',#4563,5.);
#154=CIRCLE('',#4564,9.5);
#155=CIRCLE('',#4565,4.1);
#156=CIRCLE('',#4566,8.50000000000001);
#157=CIRCLE('',#4567,1.5);
#158=CIRCLE('',#4569,11.);
#159=CIRCLE('',#4570,11.);
#160=CIRCLE('',#4571,2.9);
#161=CIRCLE('',#4572,2.9);
#162=CIRCLE('',#4574,11.);
#163=CIRCLE('',#4576,11.);
#164=CIRCLE('',#4578,0.55);
#165=CIRCLE('',#4582,8.);
#166=CIRCLE('',#4585,8.);
#167=CIRCLE('',#4586,11.);
#168=CIRCLE('',#4591,8.);
#169=CIRCLE('',#4592,11.);
#170=CIRCLE('',#4594,11.);
#171=CIRCLE('',#4595,8.);
#172=CIRCLE('',#4597,6.);
#173=CIRCLE('',#4600,5.);
#174=CIRCLE('',#4603,6.);
#175=CIRCLE('',#4605,8.50000000000001);
#176=CIRCLE('',#4607,11.);
#177=CIRCLE('',#4609,11.);
#178=CIRCLE('',#4610,9.5);
#179=CIRCLE('',#4611,9.5);
#180=CIRCLE('',#4614,2.);
#181=CIRCLE('',#4616,9.5);
#182=CIRCLE('',#4618,0.625);
#183=CIRCLE('',#4619,0.625);
#184=CIRCLE('',#4620,0.625);
#185=CIRCLE('',#4621,0.625);
#186=CIRCLE('',#4622,0.625);
#187=CIRCLE('',#4623,0.625);
#188=CIRCLE('',#4626,2.);
#189=CIRCLE('',#4633,11.);
#190=CIRCLE('',#4635,5.);
#191=CIRCLE('',#4637,9.5);
#192=CIRCLE('',#4646,0.625);
#193=CIRCLE('',#4647,0.625);
#194=CIRCLE('',#4648,0.625);
#195=CIRCLE('',#4649,0.625);
#196=CIRCLE('',#4650,0.625);
#197=CIRCLE('',#4651,0.625);
#198=CIRCLE('',#4655,5.);
#199=CIRCLE('',#4657,9.5);
#200=CIRCLE('',#4660,5.);
#201=CIRCLE('',#4663,9.5);
#202=CIRCLE('',#4666,4.1);
#203=CIRCLE('',#4674,11.);
#204=CIRCLE('',#4675,11.);
#205=CIRCLE('',#4676,8.25);
#206=CIRCLE('',#4699,0.55);
#207=CIRCLE('',#4718,6.);
#208=CIRCLE('',#4719,6.);
#209=CIRCLE('',#4720,5.);
#210=CIRCLE('',#4723,1.);
#211=CIRCLE('',#4724,1.);
#212=CIRCLE('',#4729,1.);
#213=CIRCLE('',#4730,1.);
#214=CIRCLE('',#4731,0.500000000000001);
#215=CIRCLE('',#4732,0.500000000000002);
#216=CIRCLE('',#4733,0.499999999999998);
#217=CIRCLE('',#4734,0.499999999999997);
#218=CIRCLE('',#4747,1.9);
#219=CIRCLE('',#4750,1.9);
#220=CIRCLE('',#4752,1.9);
#221=CIRCLE('',#4754,1.9);
#222=CIRCLE('',#4757,1.9);
#223=CIRCLE('',#4760,1.9);
#224=CIRCLE('',#4764,1.9);
#225=CIRCLE('',#4767,1.9);
#226=CIRCLE('',#4776,4.1);
#227=CIRCLE('',#4777,3.50000000007856);
#228=CIRCLE('',#4779,3.50000000007856);
#229=CIRCLE('',#4785,3.50000000007856);
#230=CIRCLE('',#4786,3.50000000007856);
#231=CIRCLE('',#4798,4.1);
#232=CIRCLE('',#4808,3.50000000007856);
#233=CIRCLE('',#4811,3.50000000007856);
#234=CIRCLE('',#4813,3.50000000007856);
#235=CIRCLE('',#4818,3.50000000007856);
#236=FACE_BOUND('',#1322,.T.);
#237=FACE_BOUND('',#1345,.T.);
#238=FACE_BOUND('',#1346,.T.);
#239=FACE_BOUND('',#1347,.T.);
#240=FACE_BOUND('',#1348,.T.);
#241=FACE_BOUND('',#1394,.T.);
#242=FACE_BOUND('',#1423,.T.);
#243=FACE_BOUND('',#1424,.T.);
#244=FACE_BOUND('',#1425,.T.);
#245=FACE_BOUND('',#1426,.T.);
#246=FACE_BOUND('',#1427,.T.);
#247=FACE_BOUND('',#1428,.T.);
#248=FACE_BOUND('',#1446,.T.);
#249=FACE_BOUND('',#1447,.T.);
#250=FACE_BOUND('',#1448,.T.);
#251=FACE_BOUND('',#1449,.T.);
#252=FACE_BOUND('',#1450,.T.);
#253=FACE_BOUND('',#1451,.T.);
#254=FACE_BOUND('',#1492,.T.);
#255=FACE_BOUND('',#1497,.T.);
#256=(
BOUNDED_SURFACE()
B_SPLINE_SURFACE(5,1,((#5943,#5944),(#5945,#5946),(#5947,#5948),(#5949,
#5950),(#5951,#5952),(#5953,#5954),(#5955,#5956),(#5957,#5958),(#5959,#5960),
(#5961,#5962),(#5963,#5964),(#5965,#5966),(#5967,#5968),(#5969,#5970),(#5971,
#5972),(#5973,#5974),(#5975,#5976),(#5977,#5978),(#5979,#5980),(#5981,#5982),
(#5983,#5984),(#5985,#5986),(#5987,#5988),(#5989,#5990),(#5991,#5992),(#5993,
#5994),(#5995,#5996),(#5997,#5998),(#5999,#6000),(#6001,#6002)),
 .UNSPECIFIED.,.F.,.F.,.F.)
B_SPLINE_SURFACE_WITH_KNOTS((6,1,1,1,1,1,1,1,1,1,1,1,1,1,1,1,1,1,1,1,5,
6),(2,2),(0.,0.05,0.1,0.15,0.2,0.25,0.3,0.35,0.4,0.45,0.5,0.55,0.6,0.65,
0.7,0.75,0.8,0.85,0.9,0.95,1.,1.06264137601661),(-0.65,0.65),
 .UNSPECIFIED.)
GEOMETRIC_REPRESENTATION_ITEM()
RATIONAL_B_SPLINE_SURFACE(((1.,1.),(1.,1.),(1.,1.),(1.,1.),(1.,1.),(1.,
1.),(1.,1.),(1.,1.),(1.,1.),(1.,1.),(1.,1.),(1.,1.),(1.,1.),(1.,1.),(1.,
1.),(1.,1.),(1.,1.),(1.,1.),(1.,1.),(1.,1.),(1.,1.),(1.,1.),(1.,1.),(1.,
1.),(1.,1.),(1.,1.),(1.,1.),(1.,1.),(1.,1.),(1.,1.)))
REPRESENTATION_ITEM('')
SURFACE()
);
#257=(
BOUNDED_SURFACE()
B_SPLINE_SURFACE(5,1,((#6525,#6526),(#6527,#6528),(#6529,#6530),(#6531,
#6532),(#6533,#6534),(#6535,#6536),(#6537,#6538),(#6539,#6540),(#6541,#6542),
(#6543,#6544),(#6545,#6546),(#6547,#6548),(#6549,#6550)),.UNSPECIFIED.,
 .F.,.F.,.F.)
B_SPLINE_SURFACE_WITH_KNOTS((6,1,1,1,1,1,1,1,6),(2,2),(0.476536548328277,
0.533333333333333,0.6,0.666666666666667,0.733333333333333,0.8,0.866666666666667,
0.933333333333333,0.969137526277521),(-3.1,3.1),.UNSPECIFIED.)
GEOMETRIC_REPRESENTATION_ITEM()
RATIONAL_B_SPLINE_SURFACE(((1.,1.),(1.,1.),(1.,1.),(1.,1.),(1.,1.),(1.,
1.),(1.,1.),(1.,1.),(1.,1.),(1.,1.),(1.,1.),(1.,1.),(1.,1.)))
REPRESENTATION_ITEM('')
SURFACE()
);
#258=(
BOUNDED_SURFACE()
B_SPLINE_SURFACE(5,1,((#6574,#6575),(#6576,#6577),(#6578,#6579),(#6580,
#6581),(#6582,#6583),(#6584,#6585),(#6586,#6587),(#6588,#6589),(#6590,#6591),
(#6592,#6593),(#6594,#6595),(#6596,#6597),(#6598,#6599)),.UNSPECIFIED.,
 .F.,.F.,.F.)
B_SPLINE_SURFACE_WITH_KNOTS((6,1,1,1,1,1,1,1,6),(2,2),(0.,0.0666666666666667,
0.133333333333333,0.2,0.266666666666667,0.333333333333333,0.4,0.466666666666667,
0.476536548328277),(-3.1,3.1),.UNSPECIFIED.)
GEOMETRIC_REPRESENTATION_ITEM()
RATIONAL_B_SPLINE_SURFACE(((1.,1.),(1.,1.),(1.,1.),(1.,1.),(1.,1.),(1.,
1.),(1.,1.),(1.,1.),(1.,1.),(1.,1.),(1.,1.),(1.,1.),(1.,1.)))
REPRESENTATION_ITEM('')
SURFACE()
);
#259=(
BOUNDED_SURFACE()
B_SPLINE_SURFACE(5,1,((#8213,#8214),(#8215,#8216),(#8217,#8218),(#8219,
#8220),(#8221,#8222),(#8223,#8224),(#8225,#8226),(#8227,#8228),(#8229,#8230),
(#8231,#8232),(#8233,#8234),(#8235,#8236),(#8237,#8238),(#8239,#8240),(#8241,
#8242),(#8243,#8244),(#8245,#8246),(#8247,#8248),(#8249,#8250),(#8251,#8252),
(#8253,#8254),(#8255,#8256),(#8257,#8258),(#8259,#8260),(#8261,#8262)),
 .UNSPECIFIED.,.F.,.F.,.F.)
B_SPLINE_SURFACE_WITH_KNOTS((6,5,1,1,1,1,1,1,1,1,1,5,6),(2,2),(-1.05641088051419,
-1.,-0.9,-0.8,-0.7,-0.6,-0.5,-0.4,-0.3,-0.2,-0.1,0.,0.63421759895764),(-1.59529869310593,
1.01871539336679),.UNSPECIFIED.)
GEOMETRIC_REPRESENTATION_ITEM()
RATIONAL_B_SPLINE_SURFACE(((1.,1.),(1.,1.),(1.,1.),(1.,1.),(1.,1.),(1.,
1.),(1.,1.),(1.,1.),(1.,1.),(1.,1.),(1.,1.),(1.,1.),(1.,1.),(1.,1.),(1.,
1.),(1.,1.),(1.,1.),(1.,1.),(1.,1.),(1.,1.),(1.,1.),(1.,1.),(1.,1.),(1.,
1.),(1.,1.)))
REPRESENTATION_ITEM('')
SURFACE()
);
#260=(
BOUNDED_SURFACE()
B_SPLINE_SURFACE(5,1,((#8342,#8343),(#8344,#8345),(#8346,#8347),(#8348,
#8349),(#8350,#8351),(#8352,#8353),(#8354,#8355),(#8356,#8357),(#8358,#8359),
(#8360,#8361),(#8362,#8363),(#8364,#8365),(#8366,#8367),(#8368,#8369),(#8370,
#8371),(#8372,#8373),(#8374,#8375),(#8376,#8377),(#8378,#8379),(#8380,#8381)),
 .UNSPECIFIED.,.F.,.F.,.F.)
B_SPLINE_SURFACE_WITH_KNOTS((6,5,1,1,1,1,1,1,1,1,1,6),(2,2),(-3.00100139216625,
0.,0.1,0.2,0.3,0.4,0.5,0.6,0.7,0.8,0.9,1.),(-2.75261004272607,0.754983443527075),
 .UNSPECIFIED.)
GEOMETRIC_REPRESENTATION_ITEM()
RATIONAL_B_SPLINE_SURFACE(((1.,1.),(1.,1.),(1.,1.),(1.,1.),(1.,1.),(1.,
1.),(1.,1.),(1.,1.),(1.,1.),(1.,1.),(1.,1.),(1.,1.),(1.,1.),(1.,1.),(1.,
1.),(1.,1.),(1.,1.),(1.,1.),(1.,1.),(1.,1.)))
REPRESENTATION_ITEM('')
SURFACE()
);
#261=(
BOUNDED_SURFACE()
B_SPLINE_SURFACE(5,1,((#9301,#9302),(#9303,#9304),(#9305,#9306),(#9307,
#9308),(#9309,#9310),(#9311,#9312)),.UNSPECIFIED.,.F.,.F.,.F.)
B_SPLINE_SURFACE_WITH_KNOTS((6,6),(2,2),(0.,0.0174100808323804),(-0.65,
0.65),.UNSPECIFIED.)
GEOMETRIC_REPRESENTATION_ITEM()
RATIONAL_B_SPLINE_SURFACE(((1.,1.),(1.,1.),(1.,1.),(1.,1.),(1.,1.),(1.,
1.)))
REPRESENTATION_ITEM('')
SURFACE()
);
#262=(
BOUNDED_SURFACE()
B_SPLINE_SURFACE(5,1,((#9315,#9316),(#9317,#9318),(#9319,#9320),(#9321,
#9322),(#9323,#9324),(#9325,#9326),(#9327,#9328),(#9329,#9330),(#9331,#9332),
(#9333,#9334),(#9335,#9336),(#9337,#9338),(#9339,#9340),(#9341,#9342),(#9343,
#9344)),.UNSPECIFIED.,.F.,.F.,.F.)
B_SPLINE_SURFACE_WITH_KNOTS((6,1,1,1,1,5,6),(2,2),(0.,0.2,0.4,0.6,0.8,1.,
1.2341342305407),(-0.800858263609085,0.709030339335725),.UNSPECIFIED.)
GEOMETRIC_REPRESENTATION_ITEM()
RATIONAL_B_SPLINE_SURFACE(((1.,1.),(1.,1.),(1.,1.),(1.,1.),(1.,1.),(1.,
1.),(1.,1.),(1.,1.),(1.,1.),(1.,1.),(1.,1.),(1.,1.),(1.,1.),(1.,1.),(1.,
1.)))
REPRESENTATION_ITEM('')
SURFACE()
);
#263=(
BOUNDED_SURFACE()
B_SPLINE_SURFACE(5,1,((#9362,#9363),(#9364,#9365),(#9366,#9367),(#9368,
#9369),(#9370,#9371),(#9372,#9373),(#9374,#9375),(#9376,#9377)),
 .UNSPECIFIED.,.F.,.F.,.F.)
B_SPLINE_SURFACE_WITH_KNOTS((6,1,1,6),(2,2),(0.,0.1,0.2,0.20493810290389),
(-0.65,0.65),.UNSPECIFIED.)
GEOMETRIC_REPRESENTATION_ITEM()
RATIONAL_B_SPLINE_SURFACE(((1.,1.),(1.,1.),(1.,1.),(1.,1.),(1.,1.),(1.,
1.),(1.,1.),(1.,1.)))
REPRESENTATION_ITEM('')
SURFACE()
);
#264=LINE('',#5909,#599);
#265=LINE('',#5911,#600);
#266=LINE('',#5912,#601);
#267=LINE('',#5942,#602);
#268=LINE('',#6050,#603);
#269=LINE('',#6052,#604);
#270=LINE('',#6054,#605);
#271=LINE('',#6055,#606);
#272=LINE('',#6073,#607);
#273=LINE('',#6096,#608);
#274=LINE('',#6119,#609);
#275=LINE('',#6142,#610);
#276=LINE('',#6165,#611);
#277=LINE('',#6173,#612);
#278=LINE('',#6175,#613);
#279=LINE('',#6176,#614);
#280=LINE('',#6178,#615);
#281=LINE('',#6179,#616);
#282=LINE('',#6183,#617);
#283=LINE('',#6185,#618);
#284=LINE('',#6187,#619);
#285=LINE('',#6188,#620);
#286=LINE('',#6191,#621);
#287=LINE('',#6193,#622);
#288=LINE('',#6194,#623);
#289=LINE('',#6212,#624);
#290=LINE('',#6235,#625);
#291=LINE('',#6258,#626);
#292=LINE('',#6281,#627);
#293=LINE('',#6304,#628);
#294=LINE('',#6327,#629);
#295=LINE('',#6335,#630);
#296=LINE('',#6337,#631);
#297=LINE('',#6338,#632);
#298=LINE('',#6341,#633);
#299=LINE('',#6343,#634);
#300=LINE('',#6344,#635);
#301=LINE('',#6346,#636);
#302=LINE('',#6347,#637);
#303=LINE('',#6352,#638);
#304=LINE('',#6354,#639);
#305=LINE('',#6356,#640);
#306=LINE('',#6357,#641);
#307=LINE('',#6360,#642);
#308=LINE('',#6362,#643);
#309=LINE('',#6363,#644);
#310=LINE('',#6366,#645);
#311=LINE('',#6368,#646);
#312=LINE('',#6369,#647);
#313=LINE('',#6371,#648);
#314=LINE('',#6372,#649);
#315=LINE('',#6377,#650);
#316=LINE('',#6379,#651);
#317=LINE('',#6381,#652);
#318=LINE('',#6382,#653);
#319=LINE('',#6385,#654);
#320=LINE('',#6387,#655);
#321=LINE('',#6388,#656);
#322=LINE('',#6391,#657);
#323=LINE('',#6393,#658);
#324=LINE('',#6394,#659);
#325=LINE('',#6397,#660);
#326=LINE('',#6399,#661);
#327=LINE('',#6400,#662);
#328=LINE('',#6403,#663);
#329=LINE('',#6405,#664);
#330=LINE('',#6406,#665);
#331=LINE('',#6408,#666);
#332=LINE('',#6409,#667);
#333=LINE('',#6414,#668);
#334=LINE('',#6416,#669);
#335=LINE('',#6418,#670);
#336=LINE('',#6419,#671);
#337=LINE('',#6422,#672);
#338=LINE('',#6424,#673);
#339=LINE('',#6425,#674);
#340=LINE('',#6428,#675);
#341=LINE('',#6430,#676);
#342=LINE('',#6431,#677);
#343=LINE('',#6434,#678);
#344=LINE('',#6436,#679);
#345=LINE('',#6437,#680);
#346=LINE('',#6440,#681);
#347=LINE('',#6442,#682);
#348=LINE('',#6443,#683);
#349=LINE('',#6446,#684);
#350=LINE('',#6448,#685);
#351=LINE('',#6449,#686);
#352=LINE('',#6452,#687);
#353=LINE('',#6454,#688);
#354=LINE('',#6455,#689);
#355=LINE('',#6457,#690);
#356=LINE('',#6458,#691);
#357=LINE('',#6475,#692);
#358=LINE('',#6489,#693);
#359=LINE('',#6491,#694);
#360=LINE('',#6495,#695);
#361=LINE('',#6499,#696);
#362=LINE('',#6500,#697);
#363=LINE('',#6509,#698);
#364=LINE('',#6515,#699);
#365=LINE('',#6521,#700);
#366=LINE('',#6524,#701);
#367=LINE('',#6573,#702);
#368=LINE('',#6676,#703);
#369=LINE('',#6679,#704);
#370=LINE('',#6764,#705);
#371=LINE('',#6767,#706);
#372=LINE('',#6769,#707);
#373=LINE('',#6770,#708);
#374=LINE('',#6775,#709);
#375=LINE('',#6778,#710);
#376=LINE('',#7267,#711);
#377=LINE('',#7288,#712);
#378=LINE('',#7289,#713);
#379=LINE('',#7294,#714);
#380=LINE('',#7297,#715);
#381=LINE('',#7934,#716);
#382=LINE('',#7936,#717);
#383=LINE('',#7940,#718);
#384=LINE('',#7944,#719);
#385=LINE('',#7948,#720);
#386=LINE('',#7950,#721);
#387=LINE('',#7952,#722);
#388=LINE('',#7958,#723);
#389=LINE('',#7960,#724);
#390=LINE('',#7999,#725);
#391=LINE('',#8001,#726);
#392=LINE('',#8005,#727);
#393=LINE('',#8007,#728);
#394=LINE('',#8056,#729);
#395=LINE('',#8157,#730);
#396=LINE('',#8161,#731);
#397=LINE('',#8165,#732);
#398=LINE('',#8174,#733);
#399=LINE('',#8178,#734);
#400=LINE('',#8182,#735);
#401=LINE('',#8184,#736);
#402=LINE('',#8185,#737);
#403=LINE('',#8206,#738);
#404=LINE('',#8264,#739);
#405=LINE('',#8340,#740);
#406=LINE('',#8415,#741);
#407=LINE('',#8447,#742);
#408=LINE('',#8467,#743);
#409=LINE('',#8468,#744);
#410=LINE('',#8482,#745);
#411=LINE('',#8484,#746);
#412=LINE('',#8497,#747);
#413=LINE('',#8502,#748);
#414=LINE('',#8509,#749);
#415=LINE('',#8530,#750);
#416=LINE('',#8534,#751);
#417=LINE('',#8540,#752);
#418=LINE('',#8544,#753);
#419=LINE('',#8548,#754);
#420=LINE('',#8552,#755);
#421=LINE('',#8555,#756);
#422=LINE('',#8558,#757);
#423=LINE('',#8562,#758);
#424=LINE('',#8567,#759);
#425=LINE('',#8721,#760);
#426=LINE('',#8740,#761);
#427=LINE('',#8743,#762);
#428=LINE('',#8746,#763);
#429=LINE('',#8750,#764);
#430=LINE('',#8752,#765);
#431=LINE('',#8753,#766);
#432=LINE('',#8755,#767);
#433=LINE('',#8757,#768);
#434=LINE('',#8758,#769);
#435=LINE('',#8776,#770);
#436=LINE('',#8795,#771);
#437=LINE('',#8798,#772);
#438=LINE('',#8800,#773);
#439=LINE('',#8802,#774);
#440=LINE('',#8803,#775);
#441=LINE('',#8805,#776);
#442=LINE('',#8807,#777);
#443=LINE('',#8808,#778);
#444=LINE('',#8811,#779);
#445=LINE('',#8812,#780);
#446=LINE('',#8814,#781);
#447=LINE('',#8818,#782);
#448=LINE('',#8820,#783);
#449=LINE('',#8821,#784);
#450=LINE('',#8822,#785);
#451=LINE('',#8825,#786);
#452=LINE('',#8828,#787);
#453=LINE('',#8829,#788);
#454=LINE('',#8831,#789);
#455=LINE('',#8836,#790);
#456=LINE('',#8838,#791);
#457=LINE('',#8840,#792);
#458=LINE('',#8843,#793);
#459=LINE('',#8845,#794);
#460=LINE('',#8846,#795);
#461=LINE('',#8848,#796);
#462=LINE('',#8850,#797);
#463=LINE('',#8854,#798);
#464=LINE('',#8855,#799);
#465=LINE('',#8858,#800);
#466=LINE('',#8859,#801);
#467=LINE('',#8874,#802);
#468=LINE('',#8875,#803);
#469=LINE('',#8876,#804);
#470=LINE('',#8878,#805);
#471=LINE('',#8881,#806);
#472=LINE('',#8884,#807);
#473=LINE('',#8887,#808);
#474=LINE('',#8891,#809);
#475=LINE('',#8892,#810);
#476=LINE('',#8896,#811);
#477=LINE('',#8899,#812);
#478=LINE('',#8900,#813);
#479=LINE('',#8905,#814);
#480=LINE('',#8906,#815);
#481=LINE('',#8909,#816);
#482=LINE('',#8911,#817);
#483=LINE('',#8915,#818);
#484=LINE('',#8916,#819);
#485=LINE('',#8931,#820);
#486=LINE('',#8932,#821);
#487=LINE('',#8934,#822);
#488=LINE('',#8940,#823);
#489=LINE('',#8973,#824);
#490=LINE('',#8975,#825);
#491=LINE('',#8977,#826);
#492=LINE('',#8979,#827);
#493=LINE('',#8981,#828);
#494=LINE('',#8983,#829);
#495=LINE('',#8988,#830);
#496=LINE('',#8991,#831);
#497=LINE('',#8994,#832);
#498=LINE('',#8997,#833);
#499=LINE('',#8999,#834);
#500=LINE('',#9008,#835);
#501=LINE('',#9011,#836);
#502=LINE('',#9014,#837);
#503=LINE('',#9016,#838);
#504=LINE('',#9017,#839);
#505=LINE('',#9025,#840);
#506=LINE('',#9030,#841);
#507=LINE('',#9033,#842);
#508=LINE('',#9036,#843);
#509=LINE('',#9037,#844);
#510=LINE('',#9043,#845);
#511=LINE('',#9048,#846);
#512=LINE('',#9051,#847);
#513=LINE('',#9075,#848);
#514=LINE('',#9078,#849);
#515=LINE('',#9079,#850);
#516=LINE('',#9088,#851);
#517=LINE('',#9091,#852);
#518=LINE('',#9093,#853);
#519=LINE('',#9096,#854);
#520=LINE('',#9100,#855);
#521=LINE('',#9105,#856);
#522=LINE('',#9106,#857);
#523=LINE('',#9111,#858);
#524=LINE('',#9114,#859);
#525=LINE('',#9116,#860);
#526=LINE('',#9119,#861);
#527=LINE('',#9121,#862);
#528=LINE('',#9124,#863);
#529=LINE('',#9126,#864);
#530=LINE('',#9129,#865);
#531=LINE('',#9132,#866);
#532=LINE('',#9137,#867);
#533=LINE('',#9138,#868);
#534=LINE('',#9140,#869);
#535=LINE('',#9141,#870);
#536=LINE('',#9143,#871);
#537=LINE('',#9147,#872);
#538=LINE('',#9148,#873);
#539=LINE('',#9153,#874);
#540=LINE('',#9286,#875);
#541=LINE('',#9288,#876);
#542=LINE('',#9290,#877);
#543=LINE('',#9292,#878);
#544=LINE('',#9297,#879);
#545=LINE('',#9300,#880);
#546=LINE('',#9313,#881);
#547=LINE('',#9361,#882);
#548=LINE('',#9378,#883);
#549=LINE('',#9425,#884);
#550=LINE('',#9489,#885);
#551=LINE('',#9492,#886);
#552=LINE('',#9495,#887);
#553=LINE('',#9498,#888);
#554=LINE('',#9499,#889);
#555=LINE('',#9502,#890);
#556=LINE('',#9505,#891);
#557=LINE('',#9509,#892);
#558=LINE('',#9512,#893);
#559=LINE('',#9515,#894);
#560=LINE('',#9516,#895);
#561=LINE('',#9519,#896);
#562=LINE('',#9522,#897);
#563=LINE('',#9530,#898);
#564=LINE('',#9535,#899);
#565=LINE('',#9539,#900);
#566=LINE('',#9551,#901);
#567=LINE('',#9555,#902);
#568=LINE('',#9557,#903);
#569=LINE('',#9558,#904);
#570=LINE('',#9560,#905);
#571=LINE('',#9562,#906);
#572=LINE('',#9564,#907);
#573=LINE('',#9568,#908);
#574=LINE('',#9570,#909);
#575=LINE('',#9572,#910);
#576=LINE('',#9574,#911);
#577=LINE('',#9576,#912);
#578=LINE('',#9578,#913);
#579=LINE('',#9580,#914);
#580=LINE('',#9582,#915);
#581=LINE('',#9586,#916);
#582=LINE('',#9588,#917);
#583=LINE('',#9596,#918);
#584=LINE('',#9597,#919);
#585=LINE('',#9600,#920);
#586=LINE('',#9601,#921);
#587=LINE('',#9604,#922);
#588=LINE('',#9605,#923);
#589=LINE('',#9607,#924);
#590=LINE('',#9609,#925);
#591=LINE('',#9612,#926);
#592=LINE('',#9614,#927);
#593=LINE('',#9615,#928);
#594=LINE('',#9618,#929);
#595=LINE('',#9620,#930);
#596=LINE('',#9621,#931);
#597=LINE('',#9635,#932);
#598=LINE('',#9641,#933);
#599=VECTOR('',#4825,10.);
#600=VECTOR('',#4826,10.);
#601=VECTOR('',#4827,10.);
#602=VECTOR('',#4830,10.);
#603=VECTOR('',#4833,10.);
#604=VECTOR('',#4834,10.);
#605=VECTOR('',#4835,10.);
#606=VECTOR('',#4836,10.);
#607=VECTOR('',#4837,10.);
#608=VECTOR('',#4838,10.);
#609=VECTOR('',#4839,10.);
#610=VECTOR('',#4840,10.);
#611=VECTOR('',#4841,10.);
#612=VECTOR('',#4844,10.);
#613=VECTOR('',#4845,10.);
#614=VECTOR('',#4846,10.);
#615=VECTOR('',#4849,10.);
#616=VECTOR('',#4850,10.);
#617=VECTOR('',#4853,10.);
#618=VECTOR('',#4854,10.);
#619=VECTOR('',#4855,10.);
#620=VECTOR('',#4856,10.);
#621=VECTOR('',#4859,10.);
#622=VECTOR('',#4860,10.);
#623=VECTOR('',#4861,10.);
#624=VECTOR('',#4862,10.);
#625=VECTOR('',#4863,10.);
#626=VECTOR('',#4864,10.);
#627=VECTOR('',#4865,10.);
#628=VECTOR('',#4866,10.);
#629=VECTOR('',#4867,10.);
#630=VECTOR('',#4870,10.);
#631=VECTOR('',#4871,10.);
#632=VECTOR('',#4872,10.);
#633=VECTOR('',#4875,10.);
#634=VECTOR('',#4876,10.);
#635=VECTOR('',#4877,10.);
#636=VECTOR('',#4880,10.);
#637=VECTOR('',#4881,10.);
#638=VECTOR('',#4886,10.);
#639=VECTOR('',#4887,10.);
#640=VECTOR('',#4888,10.);
#641=VECTOR('',#4889,10.);
#642=VECTOR('',#4892,10.);
#643=VECTOR('',#4893,10.);
#644=VECTOR('',#4894,10.);
#645=VECTOR('',#4897,10.);
#646=VECTOR('',#4898,10.);
#647=VECTOR('',#4899,10.);
#648=VECTOR('',#4902,10.);
#649=VECTOR('',#4903,10.);
#650=VECTOR('',#4908,10.);
#651=VECTOR('',#4909,10.);
#652=VECTOR('',#4910,10.);
#653=VECTOR('',#4911,10.);
#654=VECTOR('',#4914,10.);
#655=VECTOR('',#4915,10.);
#656=VECTOR('',#4916,10.);
#657=VECTOR('',#4919,10.);
#658=VECTOR('',#4920,10.);
#659=VECTOR('',#4921,10.);
#660=VECTOR('',#4924,10.);
#661=VECTOR('',#4925,10.);
#662=VECTOR('',#4926,10.);
#663=VECTOR('',#4929,10.);
#664=VECTOR('',#4930,10.);
#665=VECTOR('',#4931,10.);
#666=VECTOR('',#4934,10.);
#667=VECTOR('',#4935,10.);
#668=VECTOR('',#4940,10.);
#669=VECTOR('',#4941,10.);
#670=VECTOR('',#4942,10.);
#671=VECTOR('',#4943,10.);
#672=VECTOR('',#4946,10.);
#673=VECTOR('',#4947,10.);
#674=VECTOR('',#4948,10.);
#675=VECTOR('',#4951,10.);
#676=VECTOR('',#4952,10.);
#677=VECTOR('',#4953,10.);
#678=VECTOR('',#4956,10.);
#679=VECTOR('',#4957,10.);
#680=VECTOR('',#4958,10.);
#681=VECTOR('',#4961,10.);
#682=VECTOR('',#4962,10.);
#683=VECTOR('',#4963,10.);
#684=VECTOR('',#4966,10.);
#685=VECTOR('',#4967,10.);
#686=VECTOR('',#4968,10.);
#687=VECTOR('',#4971,10.);
#688=VECTOR('',#4972,10.);
#689=VECTOR('',#4973,10.);
#690=VECTOR('',#4976,10.);
#691=VECTOR('',#4977,10.);
#692=VECTOR('',#4984,10.);
#693=VECTOR('',#4987,10.);
#694=VECTOR('',#4988,10.);
#695=VECTOR('',#4991,10.);
#696=VECTOR('',#4994,10.);
#697=VECTOR('',#4995,10.);
#698=VECTOR('',#4998,10.);
#699=VECTOR('',#4999,10.);
#700=VECTOR('',#5004,10.);
#701=VECTOR('',#5007,10.);
#702=VECTOR('',#5008,10.);
#703=VECTOR('',#5011,10.);
#704=VECTOR('',#5014,10.);
#705=VECTOR('',#5019,10.);
#706=VECTOR('',#5022,10.);
#707=VECTOR('',#5023,10.);
#708=VECTOR('',#5024,10.);
#709=VECTOR('',#5029,10.);
#710=VECTOR('',#5032,10.);
#711=VECTOR('',#5059,10.);
#712=VECTOR('',#5060,10.);
#713=VECTOR('',#5061,8.50000000000001);
#714=VECTOR('',#5066,10.);
#715=VECTOR('',#5069,8.50000000000001);
#716=VECTOR('',#5094,10.);
#717=VECTOR('',#5095,10.);
#718=VECTOR('',#5098,10.);
#719=VECTOR('',#5101,10.);
#720=VECTOR('',#5104,10.);
#721=VECTOR('',#5105,10.);
#722=VECTOR('',#5106,10.);
#723=VECTOR('',#5107,10.);
#724=VECTOR('',#5108,10.);
#725=VECTOR('',#5109,10.);
#726=VECTOR('',#5110,10.);
#727=VECTOR('',#5113,10.);
#728=VECTOR('',#5114,10.);
#729=VECTOR('',#5117,8.50000000000001);
#730=VECTOR('',#5124,10.);
#731=VECTOR('',#5127,10.);
#732=VECTOR('',#5130,10.);
#733=VECTOR('',#5135,10.);
#734=VECTOR('',#5140,10.);
#735=VECTOR('',#5145,10.);
#736=VECTOR('',#5146,10.);
#737=VECTOR('',#5147,10.);
#738=VECTOR('',#5150,10.);
#739=VECTOR('',#5151,10.);
#740=VECTOR('',#5152,10.);
#741=VECTOR('',#5155,10.);
#742=VECTOR('',#5158,10.);
#743=VECTOR('',#5159,8.50000000000001);
#744=VECTOR('',#5160,10.);
#745=VECTOR('',#5167,10.);
#746=VECTOR('',#5168,10.);
#747=VECTOR('',#5177,10.);
#748=VECTOR('',#5182,10.);
#749=VECTOR('',#5183,10.);
#750=VECTOR('',#5198,10.);
#751=VECTOR('',#5201,10.);
#752=VECTOR('',#5206,10.);
#753=VECTOR('',#5209,10.);
#754=VECTOR('',#5212,10.);
#755=VECTOR('',#5215,10.);
#756=VECTOR('',#5218,10.);
#757=VECTOR('',#5221,10.);
#758=VECTOR('',#5226,10.);
#759=VECTOR('',#5233,10.);
#760=VECTOR('',#5242,10.);
#761=VECTOR('',#5243,10.);
#762=VECTOR('',#5246,10.);
#763=VECTOR('',#5249,10.);
#764=VECTOR('',#5254,10.);
#765=VECTOR('',#5255,10.);
#766=VECTOR('',#5256,10.);
#767=VECTOR('',#5257,10.);
#768=VECTOR('',#5258,10.);
#769=VECTOR('',#5259,10.);
#770=VECTOR('',#5276,10.);
#771=VECTOR('',#5279,10.);
#772=VECTOR('',#5282,10.);
#773=VECTOR('',#5283,10.);
#774=VECTOR('',#5284,10.);
#775=VECTOR('',#5285,10.);
#776=VECTOR('',#5288,10.);
#777=VECTOR('',#5289,10.);
#778=VECTOR('',#5290,10.);
#779=VECTOR('',#5293,10.);
#780=VECTOR('',#5294,10.);
#781=VECTOR('',#5297,10.);
#782=VECTOR('',#5300,10.);
#783=VECTOR('',#5301,10.);
#784=VECTOR('',#5302,10.);
#785=VECTOR('',#5303,10.);
#786=VECTOR('',#5308,10.);
#787=VECTOR('',#5311,10.);
#788=VECTOR('',#5312,10.);
#789=VECTOR('',#5313,10.);
#790=VECTOR('',#5320,10.);
#791=VECTOR('',#5323,10.);
#792=VECTOR('',#5326,10.);
#793=VECTOR('',#5329,10.);
#794=VECTOR('',#5330,10.);
#795=VECTOR('',#5331,10.);
#796=VECTOR('',#5334,10.);
#797=VECTOR('',#5337,10.);
#798=VECTOR('',#5342,10.);
#799=VECTOR('',#5343,10.);
#800=VECTOR('',#5346,10.);
#801=VECTOR('',#5347,10.);
#802=VECTOR('',#5362,10.);
#803=VECTOR('',#5363,10.);
#804=VECTOR('',#5364,10.);
#805=VECTOR('',#5367,10.);
#806=VECTOR('',#5370,10.);
#807=VECTOR('',#5373,10.);
#808=VECTOR('',#5376,10.);
#809=VECTOR('',#5381,10.);
#810=VECTOR('',#5382,10.);
#811=VECTOR('',#5387,10.);
#812=VECTOR('',#5390,10.);
#813=VECTOR('',#5391,10.);
#814=VECTOR('',#5398,10.);
#815=VECTOR('',#5399,10.);
#816=VECTOR('',#5402,10.);
#817=VECTOR('',#5403,10.);
#818=VECTOR('',#5406,10.);
#819=VECTOR('',#5407,10.);
#820=VECTOR('',#5408,10.);
#821=VECTOR('',#5409,10.);
#822=VECTOR('',#5410,10.);
#823=VECTOR('',#5411,10.);
#824=VECTOR('',#5414,0.625);
#825=VECTOR('',#5417,0.625);
#826=VECTOR('',#5420,0.625);
#827=VECTOR('',#5423,0.625);
#828=VECTOR('',#5426,0.625);
#829=VECTOR('',#5429,0.625);
#830=VECTOR('',#5434,10.);
#831=VECTOR('',#5437,10.);
#832=VECTOR('',#5442,10.);
#833=VECTOR('',#5447,10.);
#834=VECTOR('',#5450,10.);
#835=VECTOR('',#5459,10.);
#836=VECTOR('',#5462,10.);
#837=VECTOR('',#5465,10.);
#838=VECTOR('',#5466,10.);
#839=VECTOR('',#5467,10.);
#840=VECTOR('',#5476,10.);
#841=VECTOR('',#5481,10.);
#842=VECTOR('',#5484,10.);
#843=VECTOR('',#5487,10.);
#844=VECTOR('',#5488,10.);
#845=VECTOR('',#5495,10.);
#846=VECTOR('',#5500,10.);
#847=VECTOR('',#5503,10.);
#848=VECTOR('',#5504,10.);
#849=VECTOR('',#5507,10.);
#850=VECTOR('',#5508,10.);
#851=VECTOR('',#5517,10.);
#852=VECTOR('',#5520,10.);
#853=VECTOR('',#5523,10.);
#854=VECTOR('',#5526,10.);
#855=VECTOR('',#5529,10.);
#856=VECTOR('',#5536,10.);
#857=VECTOR('',#5537,10.);
#858=VECTOR('',#5546,10.);
#859=VECTOR('',#5549,10.);
#860=VECTOR('',#5550,10.);
#861=VECTOR('',#5553,10.);
#862=VECTOR('',#5554,10.);
#863=VECTOR('',#5557,10.);
#864=VECTOR('',#5558,10.);
#865=VECTOR('',#5563,10.);
#866=VECTOR('',#5566,10.);
#867=VECTOR('',#5573,10.);
#868=VECTOR('',#5574,10.);
#869=VECTOR('',#5577,10.);
#870=VECTOR('',#5578,10.);
#871=VECTOR('',#5581,10.);
#872=VECTOR('',#5584,10.);
#873=VECTOR('',#5585,10.);
#874=VECTOR('',#5590,10.);
#875=VECTOR('',#5601,10.);
#876=VECTOR('',#5604,10.);
#877=VECTOR('',#5607,10.);
#878=VECTOR('',#5610,10.);
#879=VECTOR('',#5619,10.);
#880=VECTOR('',#5624,10.);
#881=VECTOR('',#5625,10.);
#882=VECTOR('',#5628,10.);
#883=VECTOR('',#5629,10.);
#884=VECTOR('',#5636,10.);
#885=VECTOR('',#5651,10.);
#886=VECTOR('',#5654,10.);
#887=VECTOR('',#5657,10.);
#888=VECTOR('',#5660,10.);
#889=VECTOR('',#5661,10.);
#890=VECTOR('',#5664,10.);
#891=VECTOR('',#5669,10.);
#892=VECTOR('',#5674,10.);
#893=VECTOR('',#5677,10.);
#894=VECTOR('',#5680,10.);
#895=VECTOR('',#5681,10.);
#896=VECTOR('',#5684,10.);
#897=VECTOR('',#5689,10.);
#898=VECTOR('',#5698,10.);
#899=VECTOR('',#5703,10.);
#900=VECTOR('',#5706,10.);
#901=VECTOR('',#5723,10.);
#902=VECTOR('',#5726,10.);
#903=VECTOR('',#5727,10.);
#904=VECTOR('',#5728,10.);
#905=VECTOR('',#5729,10.);
#906=VECTOR('',#5730,10.);
#907=VECTOR('',#5731,10.);
#908=VECTOR('',#5738,10.);
#909=VECTOR('',#5741,10.);
#910=VECTOR('',#5744,10.);
#911=VECTOR('',#5747,10.);
#912=VECTOR('',#5750,10.);
#913=VECTOR('',#5753,10.);
#914=VECTOR('',#5756,10.);
#915=VECTOR('',#5759,10.);
#916=VECTOR('',#5764,10.);
#917=VECTOR('',#5765,10.);
#918=VECTOR('',#5772,10.);
#919=VECTOR('',#5773,10.);
#920=VECTOR('',#5776,10.);
#921=VECTOR('',#5777,10.);
#922=VECTOR('',#5780,10.);
#923=VECTOR('',#5781,10.);
#924=VECTOR('',#5784,10.);
#925=VECTOR('',#5787,10.);
#926=VECTOR('',#5790,10.);
#927=VECTOR('',#5791,10.);
#928=VECTOR('',#5792,10.);
#929=VECTOR('',#5795,10.);
#930=VECTOR('',#5796,10.);
#931=VECTOR('',#5797,10.);
#932=VECTOR('',#5818,10.);
#933=VECTOR('',#5827,10.);
#934=PLANE('',#4485);
#935=PLANE('',#4486);
#936=PLANE('',#4487);
#937=PLANE('',#4488);
#938=PLANE('',#4489);
#939=PLANE('',#4490);
#940=PLANE('',#4491);
#941=PLANE('',#4492);
#942=PLANE('',#4493);
#943=PLANE('',#4494);
#944=PLANE('',#4495);
#945=PLANE('',#4496);
#946=PLANE('',#4497);
#947=PLANE('',#4498);
#948=PLANE('',#4499);
#949=PLANE('',#4500);
#950=PLANE('',#4501);
#951=PLANE('',#4502);
#952=PLANE('',#4503);
#953=PLANE('',#4504);
#954=PLANE('',#4505);
#955=PLANE('',#4506);
#956=PLANE('',#4507);
#957=PLANE('',#4508);
#958=PLANE('',#4509);
#959=PLANE('',#4510);
#960=PLANE('',#4511);
#961=PLANE('',#4512);
#962=PLANE('',#4513);
#963=PLANE('',#4514);
#964=PLANE('',#4515);
#965=PLANE('',#4516);
#966=PLANE('',#4517);
#967=PLANE('',#4526);
#968=PLANE('',#4528);
#969=PLANE('',#4530);
#970=PLANE('',#4531);
#971=PLANE('',#4561);
#972=PLANE('',#4568);
#973=PLANE('',#4575);
#974=PLANE('',#4577);
#975=PLANE('',#4579);
#976=PLANE('',#4580);
#977=PLANE('',#4583);
#978=PLANE('',#4587);
#979=PLANE('',#4589);
#980=PLANE('',#4596);
#981=PLANE('',#4615);
#982=PLANE('',#4617);
#983=PLANE('',#4627);
#984=PLANE('',#4628);
#985=PLANE('',#4629);
#986=PLANE('',#4630);
#987=PLANE('',#4631);
#988=PLANE('',#4634);
#989=PLANE('',#4636);
#990=PLANE('',#4639);
#991=PLANE('',#4640);
#992=PLANE('',#4642);
#993=PLANE('',#4644);
#994=PLANE('',#4645);
#995=PLANE('',#4652);
#996=PLANE('',#4653);
#997=PLANE('',#4654);
#998=PLANE('',#4658);
#999=PLANE('',#4661);
#1000=PLANE('',#4664);
#1001=PLANE('',#4665);
#1002=PLANE('',#4673);
#1003=PLANE('',#4677);
#1004=PLANE('',#4680);
#1005=PLANE('',#4686);
#1006=PLANE('',#4694);
#1007=PLANE('',#4701);
#1008=PLANE('',#4707);
#1009=PLANE('',#4712);
#1010=PLANE('',#4716);
#1011=PLANE('',#4717);
#1012=PLANE('',#4721);
#1013=PLANE('',#4722);
#1014=PLANE('',#4725);
#1015=PLANE('',#4726);
#1016=PLANE('',#4727);
#1017=PLANE('',#4728);
#1018=PLANE('',#4735);
#1019=PLANE('',#4736);
#1020=PLANE('',#4737);
#1021=PLANE('',#4738);
#1022=PLANE('',#4742);
#1023=PLANE('',#4743);
#1024=PLANE('',#4744);
#1025=PLANE('',#4745);
#1026=PLANE('',#4758);
#1027=PLANE('',#4761);
#1028=PLANE('',#4762);
#1029=PLANE('',#4765);
#1030=PLANE('',#4768);
#1031=PLANE('',#4769);
#1032=PLANE('',#4770);
#1033=PLANE('',#4771);
#1034=PLANE('',#4775);
#1035=PLANE('',#4781);
#1036=PLANE('',#4784);
#1037=PLANE('',#4789);
#1038=PLANE('',#4790);
#1039=PLANE('',#4791);
#1040=PLANE('',#4792);
#1041=PLANE('',#4793);
#1042=PLANE('',#4794);
#1043=PLANE('',#4800);
#1044=PLANE('',#4801);
#1045=PLANE('',#4802);
#1046=PLANE('',#4803);
#1047=PLANE('',#4804);
#1048=PLANE('',#4805);
#1049=PLANE('',#4812);
#1050=PLANE('',#4814);
#1051=PLANE('',#4819);
#1052=PLANE('',#4820);
#1053=FACE_OUTER_BOUND('',#1298,.T.);
#1054=FACE_OUTER_BOUND('',#1299,.T.);
#1055=FACE_OUTER_BOUND('',#1300,.T.);
#1056=FACE_OUTER_BOUND('',#1301,.T.);
#1057=FACE_OUTER_BOUND('',#1302,.T.);
#1058=FACE_OUTER_BOUND('',#1303,.T.);
#1059=FACE_OUTER_BOUND('',#1304,.T.);
#1060=FACE_OUTER_BOUND('',#1305,.T.);
#1061=FACE_OUTER_BOUND('',#1306,.T.);
#1062=FACE_OUTER_BOUND('',#1307,.T.);
#1063=FACE_OUTER_BOUND('',#1308,.T.);
#1064=FACE_OUTER_BOUND('',#1309,.T.);
#1065=FACE_OUTER_BOUND('',#1310,.T.);
#1066=FACE_OUTER_BOUND('',#1311,.T.);
#1067=FACE_OUTER_BOUND('',#1312,.T.);
#1068=FACE_OUTER_BOUND('',#1313,.T.);
#1069=FACE_OUTER_BOUND('',#1314,.T.);
#1070=FACE_OUTER_BOUND('',#1315,.T.);
#1071=FACE_OUTER_BOUND('',#1316,.T.);
#1072=FACE_OUTER_BOUND('',#1317,.T.);
#1073=FACE_OUTER_BOUND('',#1318,.T.);
#1074=FACE_OUTER_BOUND('',#1319,.T.);
#1075=FACE_OUTER_BOUND('',#1320,.T.);
#1076=FACE_OUTER_BOUND('',#1321,.T.);
#1077=FACE_OUTER_BOUND('',#1323,.T.);
#1078=FACE_OUTER_BOUND('',#1324,.T.);
#1079=FACE_OUTER_BOUND('',#1325,.T.);
#1080=FACE_OUTER_BOUND('',#1326,.T.);
#1081=FACE_OUTER_BOUND('',#1327,.T.);
#1082=FACE_OUTER_BOUND('',#1328,.T.);
#1083=FACE_OUTER_BOUND('',#1329,.T.);
#1084=FACE_OUTER_BOUND('',#1330,.T.);
#1085=FACE_OUTER_BOUND('',#1331,.T.);
#1086=FACE_OUTER_BOUND('',#1332,.T.);
#1087=FACE_OUTER_BOUND('',#1333,.T.);
#1088=FACE_OUTER_BOUND('',#1334,.T.);
#1089=FACE_OUTER_BOUND('',#1335,.T.);
#1090=FACE_OUTER_BOUND('',#1336,.T.);
#1091=FACE_OUTER_BOUND('',#1337,.T.);
#1092=FACE_OUTER_BOUND('',#1338,.T.);
#1093=FACE_OUTER_BOUND('',#1339,.T.);
#1094=FACE_OUTER_BOUND('',#1340,.T.);
#1095=FACE_OUTER_BOUND('',#1341,.T.);
#1096=FACE_OUTER_BOUND('',#1342,.T.);
#1097=FACE_OUTER_BOUND('',#1343,.T.);
#1098=FACE_OUTER_BOUND('',#1344,.T.);
#1099=FACE_OUTER_BOUND('',#1349,.T.);
#1100=FACE_OUTER_BOUND('',#1350,.T.);
#1101=FACE_OUTER_BOUND('',#1351,.T.);
#1102=FACE_OUTER_BOUND('',#1352,.T.);
#1103=FACE_OUTER_BOUND('',#1353,.T.);
#1104=FACE_OUTER_BOUND('',#1354,.T.);
#1105=FACE_OUTER_BOUND('',#1355,.T.);
#1106=FACE_OUTER_BOUND('',#1356,.T.);
#1107=FACE_OUTER_BOUND('',#1357,.T.);
#1108=FACE_OUTER_BOUND('',#1358,.T.);
#1109=FACE_OUTER_BOUND('',#1359,.T.);
#1110=FACE_OUTER_BOUND('',#1360,.T.);
#1111=FACE_OUTER_BOUND('',#1361,.T.);
#1112=FACE_OUTER_BOUND('',#1362,.T.);
#1113=FACE_OUTER_BOUND('',#1363,.T.);
#1114=FACE_OUTER_BOUND('',#1364,.T.);
#1115=FACE_OUTER_BOUND('',#1365,.T.);
#1116=FACE_OUTER_BOUND('',#1366,.T.);
#1117=FACE_OUTER_BOUND('',#1367,.T.);
#1118=FACE_OUTER_BOUND('',#1368,.T.);
#1119=FACE_OUTER_BOUND('',#1369,.T.);
#1120=FACE_OUTER_BOUND('',#1370,.T.);
#1121=FACE_OUTER_BOUND('',#1371,.T.);
#1122=FACE_OUTER_BOUND('',#1372,.T.);
#1123=FACE_OUTER_BOUND('',#1373,.T.);
#1124=FACE_OUTER_BOUND('',#1374,.T.);
#1125=FACE_OUTER_BOUND('',#1375,.T.);
#1126=FACE_OUTER_BOUND('',#1376,.T.);
#1127=FACE_OUTER_BOUND('',#1377,.T.);
#1128=FACE_OUTER_BOUND('',#1378,.T.);
#1129=FACE_OUTER_BOUND('',#1379,.T.);
#1130=FACE_OUTER_BOUND('',#1380,.T.);
#1131=FACE_OUTER_BOUND('',#1381,.T.);
#1132=FACE_OUTER_BOUND('',#1382,.T.);
#1133=FACE_OUTER_BOUND('',#1383,.T.);
#1134=FACE_OUTER_BOUND('',#1384,.T.);
#1135=FACE_OUTER_BOUND('',#1385,.T.);
#1136=FACE_OUTER_BOUND('',#1386,.T.);
#1137=FACE_OUTER_BOUND('',#1387,.T.);
#1138=FACE_OUTER_BOUND('',#1388,.T.);
#1139=FACE_OUTER_BOUND('',#1389,.T.);
#1140=FACE_OUTER_BOUND('',#1390,.T.);
#1141=FACE_OUTER_BOUND('',#1391,.T.);
#1142=FACE_OUTER_BOUND('',#1392,.T.);
#1143=FACE_OUTER_BOUND('',#1393,.T.);
#1144=FACE_OUTER_BOUND('',#1395,.T.);
#1145=FACE_OUTER_BOUND('',#1396,.T.);
#1146=FACE_OUTER_BOUND('',#1397,.T.);
#1147=FACE_OUTER_BOUND('',#1398,.T.);
#1148=FACE_OUTER_BOUND('',#1399,.T.);
#1149=FACE_OUTER_BOUND('',#1400,.T.);
#1150=FACE_OUTER_BOUND('',#1401,.T.);
#1151=FACE_OUTER_BOUND('',#1402,.T.);
#1152=FACE_OUTER_BOUND('',#1403,.T.);
#1153=FACE_OUTER_BOUND('',#1404,.T.);
#1154=FACE_OUTER_BOUND('',#1405,.T.);
#1155=FACE_OUTER_BOUND('',#1406,.T.);
#1156=FACE_OUTER_BOUND('',#1407,.T.);
#1157=FACE_OUTER_BOUND('',#1408,.T.);
#1158=FACE_OUTER_BOUND('',#1409,.T.);
#1159=FACE_OUTER_BOUND('',#1410,.T.);
#1160=FACE_OUTER_BOUND('',#1411,.T.);
#1161=FACE_OUTER_BOUND('',#1412,.T.);
#1162=FACE_OUTER_BOUND('',#1413,.T.);
#1163=FACE_OUTER_BOUND('',#1414,.T.);
#1164=FACE_OUTER_BOUND('',#1415,.T.);
#1165=FACE_OUTER_BOUND('',#1416,.T.);
#1166=FACE_OUTER_BOUND('',#1417,.T.);
#1167=FACE_OUTER_BOUND('',#1418,.T.);
#1168=FACE_OUTER_BOUND('',#1419,.T.);
#1169=FACE_OUTER_BOUND('',#1420,.T.);
#1170=FACE_OUTER_BOUND('',#1421,.T.);
#1171=FACE_OUTER_BOUND('',#1422,.T.);
#1172=FACE_OUTER_BOUND('',#1429,.T.);
#1173=FACE_OUTER_BOUND('',#1430,.T.);
#1174=FACE_OUTER_BOUND('',#1431,.T.);
#1175=FACE_OUTER_BOUND('',#1432,.T.);
#1176=FACE_OUTER_BOUND('',#1433,.T.);
#1177=FACE_OUTER_BOUND('',#1434,.T.);
#1178=FACE_OUTER_BOUND('',#1435,.T.);
#1179=FACE_OUTER_BOUND('',#1436,.T.);
#1180=FACE_OUTER_BOUND('',#1437,.T.);
#1181=FACE_OUTER_BOUND('',#1438,.T.);
#1182=FACE_OUTER_BOUND('',#1439,.T.);
#1183=FACE_OUTER_BOUND('',#1440,.T.);
#1184=FACE_OUTER_BOUND('',#1441,.T.);
#1185=FACE_OUTER_BOUND('',#1442,.T.);
#1186=FACE_OUTER_BOUND('',#1443,.T.);
#1187=FACE_OUTER_BOUND('',#1444,.T.);
#1188=FACE_OUTER_BOUND('',#1445,.T.);
#1189=FACE_OUTER_BOUND('',#1452,.T.);
#1190=FACE_OUTER_BOUND('',#1453,.T.);
#1191=FACE_OUTER_BOUND('',#1454,.T.);
#1192=FACE_OUTER_BOUND('',#1455,.T.);
#1193=FACE_OUTER_BOUND('',#1456,.T.);
#1194=FACE_OUTER_BOUND('',#1457,.T.);
#1195=FACE_OUTER_BOUND('',#1458,.T.);
#1196=FACE_OUTER_BOUND('',#1459,.T.);
#1197=FACE_OUTER_BOUND('',#1460,.T.);
#1198=FACE_OUTER_BOUND('',#1461,.T.);
#1199=FACE_OUTER_BOUND('',#1462,.T.);
#1200=FACE_OUTER_BOUND('',#1463,.T.);
#1201=FACE_OUTER_BOUND('',#1464,.T.);
#1202=FACE_OUTER_BOUND('',#1465,.T.);
#1203=FACE_OUTER_BOUND('',#1466,.T.);
#1204=FACE_OUTER_BOUND('',#1467,.T.);
#1205=FACE_OUTER_BOUND('',#1468,.T.);
#1206=FACE_OUTER_BOUND('',#1469,.T.);
#1207=FACE_OUTER_BOUND('',#1470,.T.);
#1208=FACE_OUTER_BOUND('',#1471,.T.);
#1209=FACE_OUTER_BOUND('',#1472,.T.);
#1210=FACE_OUTER_BOUND('',#1473,.T.);
#1211=FACE_OUTER_BOUND('',#1474,.T.);
#1212=FACE_OUTER_BOUND('',#1475,.T.);
#1213=FACE_OUTER_BOUND('',#1476,.T.);
#1214=FACE_OUTER_BOUND('',#1477,.T.);
#1215=FACE_OUTER_BOUND('',#1478,.T.);
#1216=FACE_OUTER_BOUND('',#1479,.T.);
#1217=FACE_OUTER_BOUND('',#1480,.T.);
#1218=FACE_OUTER_BOUND('',#1481,.T.);
#1219=FACE_OUTER_BOUND('',#1482,.T.);
#1220=FACE_OUTER_BOUND('',#1483,.T.);
#1221=FACE_OUTER_BOUND('',#1484,.T.);
#1222=FACE_OUTER_BOUND('',#1485,.T.);
#1223=FACE_OUTER_BOUND('',#1486,.T.);
#1224=FACE_OUTER_BOUND('',#1487,.T.);
#1225=FACE_OUTER_BOUND('',#1488,.T.);
#1226=FACE_OUTER_BOUND('',#1489,.T.);
#1227=FACE_OUTER_BOUND('',#1490,.T.);
#1228=FACE_OUTER_BOUND('',#1491,.T.);
#1229=FACE_OUTER_BOUND('',#1493,.T.);
#1230=FACE_OUTER_BOUND('',#1494,.T.);
#1231=FACE_OUTER_BOUND('',#1495,.T.);
#1232=FACE_OUTER_BOUND('',#1496,.T.);
#1233=FACE_OUTER_BOUND('',#1498,.T.);
#1234=FACE_OUTER_BOUND('',#1499,.T.);
#1235=FACE_OUTER_BOUND('',#1500,.T.);
#1236=FACE_OUTER_BOUND('',#1501,.T.);
#1237=FACE_OUTER_BOUND('',#1502,.T.);
#1238=FACE_OUTER_BOUND('',#1503,.T.);
#1239=FACE_OUTER_BOUND('',#1504,.T.);
#1240=FACE_OUTER_BOUND('',#1505,.T.);
#1241=FACE_OUTER_BOUND('',#1506,.T.);
#1242=FACE_OUTER_BOUND('',#1507,.T.);
#1243=FACE_OUTER_BOUND('',#1508,.T.);
#1244=FACE_OUTER_BOUND('',#1509,.T.);
#1245=FACE_OUTER_BOUND('',#1510,.T.);
#1246=FACE_OUTER_BOUND('',#1511,.T.);
#1247=FACE_OUTER_BOUND('',#1512,.T.);
#1248=FACE_OUTER_BOUND('',#1513,.T.);
#1249=FACE_OUTER_BOUND('',#1514,.T.);
#1250=FACE_OUTER_BOUND('',#1515,.T.);
#1251=FACE_OUTER_BOUND('',#1516,.T.);
#1252=FACE_OUTER_BOUND('',#1517,.T.);
#1253=FACE_OUTER_BOUND('',#1518,.T.);
#1254=FACE_OUTER_BOUND('',#1519,.T.);
#1255=FACE_OUTER_BOUND('',#1520,.T.);
#1256=FACE_OUTER_BOUND('',#1521,.T.);
#1257=FACE_OUTER_BOUND('',#1522,.T.);
#1258=FACE_OUTER_BOUND('',#1523,.T.);
#1259=FACE_OUTER_BOUND('',#1524,.T.);
#1260=FACE_OUTER_BOUND('',#1525,.T.);
#1261=FACE_OUTER_BOUND('',#1526,.T.);
#1262=FACE_OUTER_BOUND('',#1527,.T.);
#1263=FACE_OUTER_BOUND('',#1528,.T.);
#1264=FACE_OUTER_BOUND('',#1529,.T.);
#1265=FACE_OUTER_BOUND('',#1530,.T.);
#1266=FACE_OUTER_BOUND('',#1531,.T.);
#1267=FACE_OUTER_BOUND('',#1532,.T.);
#1268=FACE_OUTER_BOUND('',#1533,.T.);
#1269=FACE_OUTER_BOUND('',#1534,.T.);
#1270=FACE_OUTER_BOUND('',#1535,.T.);
#1271=FACE_OUTER_BOUND('',#1536,.T.);
#1272=FACE_OUTER_BOUND('',#1537,.T.);
#1273=FACE_OUTER_BOUND('',#1538,.T.);
#1274=FACE_OUTER_BOUND('',#1539,.T.);
#1275=FACE_OUTER_BOUND('',#1540,.T.);
#1276=FACE_OUTER_BOUND('',#1541,.T.);
#1277=FACE_OUTER_BOUND('',#1542,.T.);
#1278=FACE_OUTER_BOUND('',#1543,.T.);
#1279=FACE_OUTER_BOUND('',#1544,.T.);
#1280=FACE_OUTER_BOUND('',#1545,.T.);
#1281=FACE_OUTER_BOUND('',#1546,.T.);
#1282=FACE_OUTER_BOUND('',#1547,.T.);
#1283=FACE_OUTER_BOUND('',#1548,.T.);
#1284=FACE_OUTER_BOUND('',#1549,.T.);
#1285=FACE_OUTER_BOUND('',#1550,.T.);
#1286=FACE_OUTER_BOUND('',#1551,.T.);
#1287=FACE_OUTER_BOUND('',#1552,.T.);
#1288=FACE_OUTER_BOUND('',#1553,.T.);
#1289=FACE_OUTER_BOUND('',#1554,.T.);
#1290=FACE_OUTER_BOUND('',#1555,.T.);
#1291=FACE_OUTER_BOUND('',#1556,.T.);
#1292=FACE_OUTER_BOUND('',#1557,.T.);
#1293=FACE_OUTER_BOUND('',#1558,.T.);
#1294=FACE_OUTER_BOUND('',#1559,.T.);
#1295=FACE_OUTER_BOUND('',#1560,.T.);
#1296=FACE_OUTER_BOUND('',#1561,.T.);
#1297=FACE_OUTER_BOUND('',#1562,.T.);
#1298=EDGE_LOOP('',(#2833,#2834,#2835,#2836,#2837,#2838,#2839,#2840));
#1299=EDGE_LOOP('',(#2841,#2842,#2843,#2844));
#1300=EDGE_LOOP('',(#2845,#2846,#2847,#2848,#2849));
#1301=EDGE_LOOP('',(#2850,#2851,#2852,#2853,#2854,#2855,#2856,#2857,#2858,
#2859));
#1302=EDGE_LOOP('',(#2860,#2861,#2862,#2863));
#1303=EDGE_LOOP('',(#2864,#2865,#2866,#2867));
#1304=EDGE_LOOP('',(#2868,#2869,#2870,#2871));
#1305=EDGE_LOOP('',(#2872,#2873,#2874,#2875));
#1306=EDGE_LOOP('',(#2876,#2877,#2878,#2879));
#1307=EDGE_LOOP('',(#2880,#2881,#2882,#2883));
#1308=EDGE_LOOP('',(#2884,#2885,#2886,#2887));
#1309=EDGE_LOOP('',(#2888,#2889,#2890,#2891));
#1310=EDGE_LOOP('',(#2892,#2893,#2894,#2895));
#1311=EDGE_LOOP('',(#2896,#2897,#2898,#2899));
#1312=EDGE_LOOP('',(#2900,#2901,#2902,#2903));
#1313=EDGE_LOOP('',(#2904,#2905,#2906,#2907));
#1314=EDGE_LOOP('',(#2908,#2909,#2910,#2911));
#1315=EDGE_LOOP('',(#2912,#2913,#2914,#2915));
#1316=EDGE_LOOP('',(#2916,#2917,#2918,#2919));
#1317=EDGE_LOOP('',(#2920,#2921,#2922,#2923));
#1318=EDGE_LOOP('',(#2924,#2925,#2926,#2927));
#1319=EDGE_LOOP('',(#2928,#2929,#2930,#2931));
#1320=EDGE_LOOP('',(#2932,#2933,#2934,#2935));
#1321=EDGE_LOOP('',(#2936,#2937,#2938,#2939,#2940,#2941,#2942,#2943,#2944,
#2945,#2946));
#1322=EDGE_LOOP('',(#2947,#2948,#2949,#2950,#2951,#2952,#2953,#2954));
#1323=EDGE_LOOP('',(#2955,#2956,#2957,#2958));
#1324=EDGE_LOOP('',(#2959,#2960,#2961,#2962));
#1325=EDGE_LOOP('',(#2963,#2964,#2965,#2966));
#1326=EDGE_LOOP('',(#2967,#2968,#2969,#2970));
#1327=EDGE_LOOP('',(#2971,#2972,#2973,#2974));
#1328=EDGE_LOOP('',(#2975,#2976,#2977,#2978));
#1329=EDGE_LOOP('',(#2979,#2980,#2981,#2982));
#1330=EDGE_LOOP('',(#2983,#2984,#2985,#2986));
#1331=EDGE_LOOP('',(#2987,#2988,#2989,#2990));
#1332=EDGE_LOOP('',(#2991,#2992,#2993,#2994));
#1333=EDGE_LOOP('',(#2995,#2996,#2997,#2998));
#1334=EDGE_LOOP('',(#2999,#3000,#3001,#3002,#3003,#3004));
#1335=EDGE_LOOP('',(#3005,#3006,#3007,#3008));
#1336=EDGE_LOOP('',(#3009,#3010,#3011,#3012));
#1337=EDGE_LOOP('',(#3013,#3014,#3015,#3016));
#1338=EDGE_LOOP('',(#3017,#3018,#3019,#3020));
#1339=EDGE_LOOP('',(#3021,#3022,#3023,#3024));
#1340=EDGE_LOOP('',(#3025,#3026,#3027,#3028));
#1341=EDGE_LOOP('',(#3029,#3030,#3031,#3032));
#1342=EDGE_LOOP('',(#3033,#3034,#3035,#3036));
#1343=EDGE_LOOP('',(#3037,#3038,#3039,#3040,#3041,#3042,#3043,#3044));
#1344=EDGE_LOOP('',(#3045,#3046,#3047,#3048,#3049,#3050,#3051,#3052,#3053,
#3054,#3055,#3056,#3057,#3058));
#1345=EDGE_LOOP('',(#3059,#3060,#3061,#3062,#3063,#3064,#3065,#3066));
#1346=EDGE_LOOP('',(#3067,#3068,#3069,#3070,#3071,#3072));
#1347=EDGE_LOOP('',(#3073,#3074,#3075,#3076));
#1348=EDGE_LOOP('',(#3077,#3078,#3079,#3080,#3081,#3082,#3083,#3084,#3085,
#3086,#3087));
#1349=EDGE_LOOP('',(#3088,#3089,#3090,#3091));
#1350=EDGE_LOOP('',(#3092,#3093,#3094,#3095));
#1351=EDGE_LOOP('',(#3096,#3097,#3098,#3099));
#1352=EDGE_LOOP('',(#3100,#3101,#3102,#3103,#3104,#3105,#3106,#3107,#3108,
#3109));
#1353=EDGE_LOOP('',(#3110,#3111,#3112,#3113));
#1354=EDGE_LOOP('',(#3114,#3115,#3116,#3117,#3118,#3119,#3120,#3121,#3122,
#3123,#3124,#3125,#3126,#3127));
#1355=EDGE_LOOP('',(#3128,#3129,#3130,#3131));
#1356=EDGE_LOOP('',(#3132,#3133,#3134,#3135,#3136));
#1357=EDGE_LOOP('',(#3137,#3138,#3139,#3140,#3141,#3142,#3143));
#1358=EDGE_LOOP('',(#3144,#3145,#3146));
#1359=EDGE_LOOP('',(#3147,#3148,#3149,#3150));
#1360=EDGE_LOOP('',(#3151,#3152,#3153,#3154));
#1361=EDGE_LOOP('',(#3155,#3156,#3157,#3158));
#1362=EDGE_LOOP('',(#3159,#3160,#3161,#3162));
#1363=EDGE_LOOP('',(#3163,#3164,#3165,#3166));
#1364=EDGE_LOOP('',(#3167,#3168,#3169,#3170));
#1365=EDGE_LOOP('',(#3171,#3172,#3173,#3174));
#1366=EDGE_LOOP('',(#3175,#3176,#3177,#3178));
#1367=EDGE_LOOP('',(#3179,#3180,#3181));
#1368=EDGE_LOOP('',(#3182,#3183,#3184,#3185));
#1369=EDGE_LOOP('',(#3186,#3187,#3188,#3189,#3190,#3191,#3192,#3193));
#1370=EDGE_LOOP('',(#3194,#3195,#3196,#3197,#3198));
#1371=EDGE_LOOP('',(#3199,#3200,#3201,#3202,#3203,#3204,#3205,#3206));
#1372=EDGE_LOOP('',(#3207,#3208,#3209,#3210,#3211));
#1373=EDGE_LOOP('',(#3212,#3213,#3214,#3215));
#1374=EDGE_LOOP('',(#3216,#3217,#3218));
#1375=EDGE_LOOP('',(#3219,#3220,#3221,#3222));
#1376=EDGE_LOOP('',(#3223,#3224,#3225,#3226));
#1377=EDGE_LOOP('',(#3227,#3228,#3229,#3230));
#1378=EDGE_LOOP('',(#3231,#3232,#3233,#3234));
#1379=EDGE_LOOP('',(#3235,#3236,#3237,#3238));
#1380=EDGE_LOOP('',(#3239,#3240,#3241,#3242));
#1381=EDGE_LOOP('',(#3243,#3244,#3245,#3246));
#1382=EDGE_LOOP('',(#3247,#3248,#3249,#3250));
#1383=EDGE_LOOP('',(#3251,#3252,#3253));
#1384=EDGE_LOOP('',(#3254,#3255,#3256,#3257,#3258));
#1385=EDGE_LOOP('',(#3259,#3260,#3261,#3262,#3263,#3264,#3265,#3266,#3267));
#1386=EDGE_LOOP('',(#3268,#3269,#3270,#3271,#3272));
#1387=EDGE_LOOP('',(#3273,#3274,#3275,#3276));
#1388=EDGE_LOOP('',(#3277,#3278,#3279,#3280,#3281,#3282,#3283,#3284,#3285,
#3286,#3287,#3288,#3289,#3290,#3291,#3292,#3293,#3294,#3295,#3296,#3297,
#3298,#3299,#3300,#3301,#3302,#3303,#3304,#3305,#3306));
#1389=EDGE_LOOP('',(#3307,#3308,#3309,#3310,#3311));
#1390=EDGE_LOOP('',(#3312,#3313,#3314,#3315,#3316));
#1391=EDGE_LOOP('',(#3317,#3318,#3319,#3320));
#1392=EDGE_LOOP('',(#3321,#3322,#3323,#3324));
#1393=EDGE_LOOP('',(#3325,#3326,#3327,#3328,#3329,#3330,#3331,#3332));
#1394=EDGE_LOOP('',(#3333,#3334,#3335,#3336,#3337));
#1395=EDGE_LOOP('',(#3338,#3339,#3340,#3341,#3342));
#1396=EDGE_LOOP('',(#3343,#3344,#3345,#3346));
#1397=EDGE_LOOP('',(#3347,#3348,#3349,#3350,#3351));
#1398=EDGE_LOOP('',(#3352,#3353,#3354));
#1399=EDGE_LOOP('',(#3355,#3356,#3357,#3358,#3359,#3360,#3361,#3362,#3363,
#3364,#3365,#3366,#3367));
#1400=EDGE_LOOP('',(#3368,#3369,#3370,#3371,#3372,#3373,#3374,#3375));
#1401=EDGE_LOOP('',(#3376,#3377,#3378,#3379,#3380,#3381,#3382,#3383));
#1402=EDGE_LOOP('',(#3384,#3385,#3386,#3387,#3388,#3389,#3390,#3391));
#1403=EDGE_LOOP('',(#3392,#3393,#3394,#3395,#3396));
#1404=EDGE_LOOP('',(#3397,#3398,#3399,#3400));
#1405=EDGE_LOOP('',(#3401,#3402,#3403,#3404,#3405));
#1406=EDGE_LOOP('',(#3406,#3407,#3408,#3409,#3410));
#1407=EDGE_LOOP('',(#3411,#3412,#3413,#3414));
#1408=EDGE_LOOP('',(#3415,#3416,#3417,#3418,#3419));
#1409=EDGE_LOOP('',(#3420,#3421,#3422,#3423));
#1410=EDGE_LOOP('',(#3424,#3425,#3426,#3427,#3428));
#1411=EDGE_LOOP('',(#3429,#3430,#3431,#3432));
#1412=EDGE_LOOP('',(#3433,#3434,#3435,#3436,#3437));
#1413=EDGE_LOOP('',(#3438,#3439,#3440,#3441,#3442));
#1414=EDGE_LOOP('',(#3443,#3444,#3445,#3446,#3447,#3448,#3449,#3450,#3451,
#3452,#3453,#3454,#3455,#3456,#3457,#3458,#3459));
#1415=EDGE_LOOP('',(#3460,#3461,#3462,#3463,#3464,#3465,#3466,#3467));
#1416=EDGE_LOOP('',(#3468,#3469,#3470,#3471,#3472));
#1417=EDGE_LOOP('',(#3473,#3474,#3475,#3476,#3477,#3478));
#1418=EDGE_LOOP('',(#3479,#3480,#3481,#3482,#3483));
#1419=EDGE_LOOP('',(#3484,#3485,#3486,#3487,#3488));
#1420=EDGE_LOOP('',(#3489,#3490,#3491,#3492,#3493,#3494));
#1421=EDGE_LOOP('',(#3495,#3496,#3497));
#1422=EDGE_LOOP('',(#3498,#3499,#3500,#3501,#3502,#3503,#3504,#3505));
#1423=EDGE_LOOP('',(#3506));
#1424=EDGE_LOOP('',(#3507));
#1425=EDGE_LOOP('',(#3508));
#1426=EDGE_LOOP('',(#3509));
#1427=EDGE_LOOP('',(#3510));
#1428=EDGE_LOOP('',(#3511));
#1429=EDGE_LOOP('',(#3512,#3513,#3514,#3515,#3516,#3517));
#1430=EDGE_LOOP('',(#3518,#3519,#3520,#3521,#3522));
#1431=EDGE_LOOP('',(#3523,#3524,#3525,#3526,#3527));
#1432=EDGE_LOOP('',(#3528,#3529,#3530,#3531));
#1433=EDGE_LOOP('',(#3532,#3533,#3534,#3535));
#1434=EDGE_LOOP('',(#3536,#3537,#3538,#3539,#3540));
#1435=EDGE_LOOP('',(#3541,#3542,#3543,#3544,#3545,#3546,#3547,#3548));
#1436=EDGE_LOOP('',(#3549,#3550,#3551,#3552,#3553,#3554,#3555));
#1437=EDGE_LOOP('',(#3556,#3557,#3558));
#1438=EDGE_LOOP('',(#3559,#3560,#3561,#3562,#3563));
#1439=EDGE_LOOP('',(#3564,#3565,#3566,#3567,#3568,#3569));
#1440=EDGE_LOOP('',(#3570,#3571,#3572,#3573));
#1441=EDGE_LOOP('',(#3574,#3575,#3576,#3577));
#1442=EDGE_LOOP('',(#3578,#3579,#3580,#3581,#3582));
#1443=EDGE_LOOP('',(#3583,#3584,#3585,#3586,#3587));
#1444=EDGE_LOOP('',(#3588,#3589,#3590,#3591,#3592,#3593,#3594,#3595,#3596));
#1445=EDGE_LOOP('',(#3597,#3598,#3599,#3600));
#1446=EDGE_LOOP('',(#3601));
#1447=EDGE_LOOP('',(#3602));
#1448=EDGE_LOOP('',(#3603));
#1449=EDGE_LOOP('',(#3604));
#1450=EDGE_LOOP('',(#3605));
#1451=EDGE_LOOP('',(#3606));
#1452=EDGE_LOOP('',(#3607,#3608,#3609,#3610,#3611,#3612,#3613,#3614,#3615,
#3616));
#1453=EDGE_LOOP('',(#3617,#3618,#3619,#3620));
#1454=EDGE_LOOP('',(#3621,#3622,#3623,#3624,#3625,#3626,#3627));
#1455=EDGE_LOOP('',(#3628,#3629,#3630,#3631,#3632));
#1456=EDGE_LOOP('',(#3633,#3634,#3635,#3636,#3637,#3638));
#1457=EDGE_LOOP('',(#3639,#3640,#3641,#3642));
#1458=EDGE_LOOP('',(#3643,#3644,#3645,#3646,#3647));
#1459=EDGE_LOOP('',(#3648,#3649,#3650,#3651,#3652));
#1460=EDGE_LOOP('',(#3653,#3654,#3655,#3656));
#1461=EDGE_LOOP('',(#3657,#3658,#3659,#3660,#3661,#3662,#3663,#3664,#3665,
#3666,#3667,#3668,#3669,#3670,#3671,#3672,#3673,#3674,#3675,#3676,#3677,
#3678,#3679,#3680,#3681,#3682,#3683,#3684,#3685,#3686));
#1462=EDGE_LOOP('',(#3687,#3688,#3689,#3690));
#1463=EDGE_LOOP('',(#3691,#3692,#3693,#3694));
#1464=EDGE_LOOP('',(#3695,#3696,#3697,#3698));
#1465=EDGE_LOOP('',(#3699,#3700,#3701,#3702));
#1466=EDGE_LOOP('',(#3703,#3704,#3705,#3706));
#1467=EDGE_LOOP('',(#3707,#3708,#3709,#3710));
#1468=EDGE_LOOP('',(#3711,#3712,#3713,#3714,#3715,#3716,#3717));
#1469=EDGE_LOOP('',(#3718,#3719,#3720,#3721,#3722));
#1470=EDGE_LOOP('',(#3723,#3724,#3725,#3726));
#1471=EDGE_LOOP('',(#3727,#3728,#3729,#3730,#3731));
#1472=EDGE_LOOP('',(#3732,#3733,#3734,#3735));
#1473=EDGE_LOOP('',(#3736,#3737,#3738,#3739));
#1474=EDGE_LOOP('',(#3740,#3741,#3742,#3743,#3744));
#1475=EDGE_LOOP('',(#3745,#3746,#3747,#3748));
#1476=EDGE_LOOP('',(#3749,#3750,#3751,#3752,#3753));
#1477=EDGE_LOOP('',(#3754,#3755,#3756,#3757,#3758));
#1478=EDGE_LOOP('',(#3759,#3760,#3761,#3762));
#1479=EDGE_LOOP('',(#3763,#3764,#3765,#3766,#3767));
#1480=EDGE_LOOP('',(#3768,#3769,#3770,#3771,#3772));
#1481=EDGE_LOOP('',(#3773,#3774,#3775));
#1482=EDGE_LOOP('',(#3776,#3777,#3778));
#1483=EDGE_LOOP('',(#3779,#3780,#3781,#3782,#3783,#3784,#3785));
#1484=EDGE_LOOP('',(#3786,#3787,#3788));
#1485=EDGE_LOOP('',(#3789,#3790,#3791,#3792,#3793,#3794,#3795));
#1486=EDGE_LOOP('',(#3796,#3797,#3798));
#1487=EDGE_LOOP('',(#3799,#3800,#3801,#3802,#3803,#3804,#3805));
#1488=EDGE_LOOP('',(#3806,#3807,#3808));
#1489=EDGE_LOOP('',(#3809,#3810,#3811,#3812,#3813,#3814,#3815,#3816,#3817,
#3818,#3819,#3820,#3821,#3822,#3823,#3824,#3825));
#1490=EDGE_LOOP('',(#3826,#3827,#3828,#3829,#3830));
#1491=EDGE_LOOP('',(#3831,#3832,#3833,#3834,#3835,#3836));
#1492=EDGE_LOOP('',(#3837,#3838,#3839,#3840,#3841,#3842,#3843,#3844));
#1493=EDGE_LOOP('',(#3845,#3846,#3847,#3848));
#1494=EDGE_LOOP('',(#3849,#3850,#3851,#3852));
#1495=EDGE_LOOP('',(#3853,#3854,#3855,#3856,#3857,#3858));
#1496=EDGE_LOOP('',(#3859,#3860,#3861,#3862,#3863,#3864));
#1497=EDGE_LOOP('',(#3865,#3866,#3867,#3868,#3869,#3870,#3871,#3872));
#1498=EDGE_LOOP('',(#3873,#3874,#3875,#3876));
#1499=EDGE_LOOP('',(#3877,#3878,#3879,#3880));
#1500=EDGE_LOOP('',(#3881,#3882,#3883));
#1501=EDGE_LOOP('',(#3884,#3885,#3886,#3887));
#1502=EDGE_LOOP('',(#3888,#3889,#3890));
#1503=EDGE_LOOP('',(#3891,#3892,#3893,#3894));
#1504=EDGE_LOOP('',(#3895,#3896,#3897,#3898,#3899,#3900));
#1505=EDGE_LOOP('',(#3901,#3902,#3903,#3904,#3905));
#1506=EDGE_LOOP('',(#3906,#3907,#3908,#3909,#3910,#3911));
#1507=EDGE_LOOP('',(#3912,#3913,#3914,#3915,#3916,#3917));
#1508=EDGE_LOOP('',(#3918,#3919,#3920,#3921));
#1509=EDGE_LOOP('',(#3922,#3923,#3924,#3925));
#1510=EDGE_LOOP('',(#3926,#3927,#3928,#3929));
#1511=EDGE_LOOP('',(#3930,#3931,#3932,#3933,#3934));
#1512=EDGE_LOOP('',(#3935,#3936,#3937,#3938));
#1513=EDGE_LOOP('',(#3939,#3940,#3941,#3942));
#1514=EDGE_LOOP('',(#3943,#3944,#3945,#3946));
#1515=EDGE_LOOP('',(#3947,#3948,#3949,#3950));
#1516=EDGE_LOOP('',(#3951,#3952,#3953));
#1517=EDGE_LOOP('',(#3954,#3955,#3956,#3957,#3958,#3959));
#1518=EDGE_LOOP('',(#3960,#3961,#3962,#3963));
#1519=EDGE_LOOP('',(#3964,#3965,#3966,#3967));
#1520=EDGE_LOOP('',(#3968,#3969,#3970,#3971));
#1521=EDGE_LOOP('',(#3972,#3973,#3974,#3975));
#1522=EDGE_LOOP('',(#3976,#3977,#3978,#3979));
#1523=EDGE_LOOP('',(#3980,#3981,#3982,#3983));
#1524=EDGE_LOOP('',(#3984,#3985,#3986,#3987));
#1525=EDGE_LOOP('',(#3988,#3989,#3990,#3991,#3992,#3993));
#1526=EDGE_LOOP('',(#3994,#3995,#3996,#3997));
#1527=EDGE_LOOP('',(#3998,#3999,#4000,#4001));
#1528=EDGE_LOOP('',(#4002,#4003,#4004,#4005));
#1529=EDGE_LOOP('',(#4006,#4007,#4008,#4009));
#1530=EDGE_LOOP('',(#4010,#4011,#4012,#4013));
#1531=EDGE_LOOP('',(#4014,#4015,#4016,#4017));
#1532=EDGE_LOOP('',(#4018,#4019,#4020,#4021,#4022,#4023));
#1533=EDGE_LOOP('',(#4024,#4025,#4026,#4027));
#1534=EDGE_LOOP('',(#4028,#4029,#4030,#4031,#4032,#4033,#4034,#4035,#4036));
#1535=EDGE_LOOP('',(#4037,#4038,#4039,#4040,#4041));
#1536=EDGE_LOOP('',(#4042,#4043,#4044,#4045));
#1537=EDGE_LOOP('',(#4046,#4047,#4048,#4049));
#1538=EDGE_LOOP('',(#4050,#4051,#4052,#4053,#4054));
#1539=EDGE_LOOP('',(#4055,#4056,#4057,#4058,#4059,#4060,#4061,#4062,#4063,
#4064));
#1540=EDGE_LOOP('',(#4065,#4066,#4067));
#1541=EDGE_LOOP('',(#4068,#4069,#4070));
#1542=EDGE_LOOP('',(#4071,#4072,#4073,#4074));
#1543=EDGE_LOOP('',(#4075,#4076,#4077,#4078));
#1544=EDGE_LOOP('',(#4079,#4080,#4081,#4082));
#1545=EDGE_LOOP('',(#4083,#4084,#4085,#4086));
#1546=EDGE_LOOP('',(#4087,#4088,#4089,#4090));
#1547=EDGE_LOOP('',(#4091,#4092,#4093,#4094));
#1548=EDGE_LOOP('',(#4095,#4096,#4097,#4098,#4099,#4100,#4101,#4102));
#1549=EDGE_LOOP('',(#4103,#4104,#4105,#4106,#4107,#4108,#4109,#4110));
#1550=EDGE_LOOP('',(#4111,#4112,#4113,#4114));
#1551=EDGE_LOOP('',(#4115,#4116,#4117,#4118));
#1552=EDGE_LOOP('',(#4119,#4120,#4121,#4122));
#1553=EDGE_LOOP('',(#4123,#4124,#4125,#4126));
#1554=EDGE_LOOP('',(#4127,#4128,#4129,#4130));
#1555=EDGE_LOOP('',(#4131,#4132,#4133,#4134));
#1556=EDGE_LOOP('',(#4135,#4136,#4137));
#1557=EDGE_LOOP('',(#4138,#4139,#4140));
#1558=EDGE_LOOP('',(#4141,#4142,#4143,#4144,#4145,#4146,#4147,#4148,#4149,
#4150));
#1559=EDGE_LOOP('',(#4151,#4152,#4153,#4154,#4155));
#1560=EDGE_LOOP('',(#4156,#4157,#4158,#4159));
#1561=EDGE_LOOP('',(#4160,#4161,#4162,#4163));
#1562=EDGE_LOOP('',(#4164,#4165,#4166,#4167,#4168));
#1563=B_SPLINE_CURVE_WITH_KNOTS('',3,(#5857,#5858,#5859,#5860),
 .UNSPECIFIED.,.F.,.F.,(4,4),(0.568105309448664,0.63690223432942),
 .UNSPECIFIED.);
#1564=B_SPLINE_CURVE_WITH_KNOTS('',3,(#5862,#5863,#5864,#5865),
 .UNSPECIFIED.,.F.,.F.,(4,4),(-0.940000000000001,-0.29),.UNSPECIFIED.);
#1565=B_SPLINE_CURVE_WITH_KNOTS('',3,(#5867,#5868,#5869,#5870),
 .UNSPECIFIED.,.F.,.F.,(4,4),(0.,0.0689040131583358),.UNSPECIFIED.);
#1566=B_SPLINE_CURVE_WITH_KNOTS('',3,(#5872,#5873,#5874,#5875),
 .UNSPECIFIED.,.F.,.F.,(4,4),(1.6,1.89),.UNSPECIFIED.);
#1567=B_SPLINE_CURVE_WITH_KNOTS('',3,(#5877,#5878,#5879,#5880,#5881,#5882,
#5883,#5884,#5885,#5886),.UNSPECIFIED.,.F.,.F.,(4,3,3,4),(0.,0.181992549410976,
0.363985098821953,0.568105309448667),.UNSPECIFIED.);
#1568=B_SPLINE_CURVE_WITH_KNOTS('',3,(#5888,#5889,#5890,#5891),
 .UNSPECIFIED.,.F.,.F.,(4,4),(-5.55111512312578E-17,1.23),.UNSPECIFIED.);
#1569=B_SPLINE_CURVE_WITH_KNOTS('',3,(#5893,#5894,#5895,#5896,#5897,#5898,
#5899,#5900,#5901,#5902),.UNSPECIFIED.,.F.,.F.,(4,3,3,4),(0.068904013158353,
0.272985746972026,0.454943990650723,0.636902234329419),.UNSPECIFIED.);
#1570=B_SPLINE_CURVE_WITH_KNOTS('',3,(#5903,#5904,#5905,#5906),
 .UNSPECIFIED.,.F.,.F.,(4,4),(0.66,0.950000000000001),.UNSPECIFIED.);
#1571=B_SPLINE_CURVE_WITH_KNOTS('',3,(#5915,#5916,#5917,#5918,#5919,#5920,
#5921,#5922,#5923,#5924,#5925,#5926,#5927,#5928,#5929,#5930,#5931,#5932,
#5933),.UNSPECIFIED.,.F.,.F.,(4,3,3,3,3,3,4),(-0.213141332550943,-0.176846361546956,
-0.136472925155063,-0.0881794794132122,-0.0448673657512516,-0.00778739139343385,
0.00321728614034908),.UNSPECIFIED.);
#1572=B_SPLINE_CURVE_WITH_KNOTS('',3,(#5935,#5936,#5937,#5938,#5939,#5940,
#5941),.UNSPECIFIED.,.F.,.F.,(4,3,4),(0.,0.0324057042190232,0.0567099823832906),
 .UNSPECIFIED.);
#1573=B_SPLINE_CURVE_WITH_KNOTS('',3,(#6004,#6005,#6006,#6007,#6008,#6009,
#6010,#6011,#6012),.UNSPECIFIED.,.F.,.F.,(4,3,2,4),(-0.364557374565481,
-0.177834623875871,-0.175392553848857,-0.122686755603883),.UNSPECIFIED.);
#1574=B_SPLINE_CURVE_WITH_KNOTS('',3,(#6014,#6015,#6016,#6017),
 .UNSPECIFIED.,.F.,.F.,(4,4),(-0.29,-0.0900000000000002),.UNSPECIFIED.);
#1575=B_SPLINE_CURVE_WITH_KNOTS('',3,(#6019,#6020,#6021,#6022),
 .UNSPECIFIED.,.F.,.F.,(4,4),(-0.0949474907778027,-6.87096837978127E-17),
 .UNSPECIFIED.);
#1576=B_SPLINE_CURVE_WITH_KNOTS('',3,(#6024,#6025,#6026,#6027),
 .UNSPECIFIED.,.F.,.F.,(4,4),(0.109835682103016,0.144062988850332),
 .UNSPECIFIED.);
#1577=B_SPLINE_CURVE_WITH_KNOTS('',3,(#6029,#6030,#6031,#6032),
 .UNSPECIFIED.,.F.,.F.,(4,4),(0.,1.23),.UNSPECIFIED.);
#1578=B_SPLINE_CURVE_WITH_KNOTS('',3,(#6034,#6035,#6036,#6037),
 .UNSPECIFIED.,.F.,.F.,(4,4),(0.109835682103017,0.144062988850331),
 .UNSPECIFIED.);
#1579=B_SPLINE_CURVE_WITH_KNOTS('',3,(#6039,#6040,#6041,#6042),
 .UNSPECIFIED.,.F.,.F.,(4,4),(-0.745279875565522,-0.650332385114494),
 .UNSPECIFIED.);
#1580=B_SPLINE_CURVE_WITH_KNOTS('',3,(#6043,#6044,#6045,#6046),
 .UNSPECIFIED.,.F.,.F.,(4,4),(-1.14,-0.94),.UNSPECIFIED.);
#1581=B_SPLINE_CURVE_WITH_KNOTS('',3,(#6067,#6068,#6069,#6070,#6071),
 .UNSPECIFIED.,.F.,.F.,(4,1,4),(0.,0.0144122982898889,0.0371880642766542),
 .UNSPECIFIED.);
#1582=B_SPLINE_CURVE_WITH_KNOTS('',3,(#6074,#6075,#6076,#6077,#6078),
 .UNSPECIFIED.,.F.,.F.,(4,1,4),(0.,0.0144122982898889,0.0371880642766542),
 .UNSPECIFIED.);
#1583=B_SPLINE_CURVE_WITH_KNOTS('',3,(#6090,#6091,#6092,#6093,#6094),
 .UNSPECIFIED.,.F.,.F.,(4,1,4),(0.,0.0156640749728477,0.0311699733950054),
 .UNSPECIFIED.);
#1584=B_SPLINE_CURVE_WITH_KNOTS('',3,(#6097,#6098,#6099,#6100,#6101),
 .UNSPECIFIED.,.F.,.F.,(4,1,4),(0.,0.0156640749728477,0.0311699733950054),
 .UNSPECIFIED.);
#1585=B_SPLINE_CURVE_WITH_KNOTS('',3,(#6113,#6114,#6115,#6116,#6117),
 .UNSPECIFIED.,.F.,.F.,(4,1,4),(0.,0.0176322357988088,0.0340266421799021),
 .UNSPECIFIED.);
#1586=B_SPLINE_CURVE_WITH_KNOTS('',3,(#6120,#6121,#6122,#6123,#6124),
 .UNSPECIFIED.,.F.,.F.,(4,1,4),(0.,0.0176322357988088,0.0340266421799021),
 .UNSPECIFIED.);
#1587=B_SPLINE_CURVE_WITH_KNOTS('',3,(#6136,#6137,#6138,#6139,#6140),
 .UNSPECIFIED.,.F.,.F.,(4,1,4),(0.,0.0210773951257533,0.0445016858202368),
 .UNSPECIFIED.);
#1588=B_SPLINE_CURVE_WITH_KNOTS('',3,(#6143,#6144,#6145,#6146,#6147),
 .UNSPECIFIED.,.F.,.F.,(4,1,4),(0.,0.0210773951257533,0.0445016858202368),
 .UNSPECIFIED.);
#1589=B_SPLINE_CURVE_WITH_KNOTS('',3,(#6159,#6160,#6161,#6162,#6163),
 .UNSPECIFIED.,.F.,.F.,(4,1,4),(0.,0.0330899518192716,0.0573422436820339),
 .UNSPECIFIED.);
#1590=B_SPLINE_CURVE_WITH_KNOTS('',3,(#6166,#6167,#6168,#6169,#6170),
 .UNSPECIFIED.,.F.,.F.,(4,1,4),(0.,0.0330899518192716,0.0573422436820339),
 .UNSPECIFIED.);
#1591=B_SPLINE_CURVE_WITH_KNOTS('',3,(#6206,#6207,#6208,#6209,#6210),
 .UNSPECIFIED.,.F.,.F.,(4,1,4),(0.,0.039534103662767,0.0937602119266884),
 .UNSPECIFIED.);
#1592=B_SPLINE_CURVE_WITH_KNOTS('',3,(#6213,#6214,#6215,#6216,#6217),
 .UNSPECIFIED.,.F.,.F.,(4,1,4),(0.,0.039534103662767,0.0937602119266884),
 .UNSPECIFIED.);
#1593=B_SPLINE_CURVE_WITH_KNOTS('',3,(#6229,#6230,#6231,#6232,#6233),
 .UNSPECIFIED.,.F.,.F.,(4,1,4),(0.,0.0358464708584904,0.0704936451237797),
 .UNSPECIFIED.);
#1594=B_SPLINE_CURVE_WITH_KNOTS('',3,(#6236,#6237,#6238,#6239,#6240),
 .UNSPECIFIED.,.F.,.F.,(4,1,4),(0.,0.0358464708584904,0.0704936451237797),
 .UNSPECIFIED.);
#1595=B_SPLINE_CURVE_WITH_KNOTS('',3,(#6252,#6253,#6254,#6255,#6256),
 .UNSPECIFIED.,.F.,.F.,(4,1,4),(0.,0.0207020650838103,0.042207628459557),
 .UNSPECIFIED.);
#1596=B_SPLINE_CURVE_WITH_KNOTS('',3,(#6259,#6260,#6261,#6262,#6263),
 .UNSPECIFIED.,.F.,.F.,(4,1,4),(0.,0.0207020650838103,0.042207628459557),
 .UNSPECIFIED.);
#1597=B_SPLINE_CURVE_WITH_KNOTS('',3,(#6275,#6276,#6277,#6278,#6279),
 .UNSPECIFIED.,.F.,.F.,(4,1,4),(0.,0.0183204394572652,0.0379549655839111),
 .UNSPECIFIED.);
#1598=B_SPLINE_CURVE_WITH_KNOTS('',3,(#6282,#6283,#6284,#6285,#6286),
 .UNSPECIFIED.,.F.,.F.,(4,1,4),(0.,0.0183204394572652,0.0379549655839111),
 .UNSPECIFIED.);
#1599=B_SPLINE_CURVE_WITH_KNOTS('',3,(#6298,#6299,#6300,#6301,#6302),
 .UNSPECIFIED.,.F.,.F.,(4,1,4),(0.,0.0210021816679994,0.0398452478787781),
 .UNSPECIFIED.);
#1600=B_SPLINE_CURVE_WITH_KNOTS('',3,(#6305,#6306,#6307,#6308,#6309),
 .UNSPECIFIED.,.F.,.F.,(4,1,4),(0.,0.0210021816679994,0.0398452478787781),
 .UNSPECIFIED.);
#1601=B_SPLINE_CURVE_WITH_KNOTS('',3,(#6321,#6322,#6323,#6324,#6325),
 .UNSPECIFIED.,.F.,.F.,(4,1,4),(0.,0.0263569237008669,0.0457634438515644),
 .UNSPECIFIED.);
#1602=B_SPLINE_CURVE_WITH_KNOTS('',3,(#6328,#6329,#6330,#6331,#6332),
 .UNSPECIFIED.,.F.,.F.,(4,1,4),(0.,0.0263569237008669,0.0457634438515644),
 .UNSPECIFIED.);
#1603=B_SPLINE_CURVE_WITH_KNOTS('',3,(#6463,#6464,#6465,#6466),
 .UNSPECIFIED.,.F.,.F.,(4,4),(-0.607879070297983,-0.305066817567106),
 .UNSPECIFIED.);
#1604=B_SPLINE_CURVE_WITH_KNOTS('',3,(#6468,#6469,#6470,#6471),
 .UNSPECIFIED.,.F.,.F.,(4,4),(-1.17116086910368,-0.187144049074836),
 .UNSPECIFIED.);
#1605=B_SPLINE_CURVE_WITH_KNOTS('',3,(#6479,#6480,#6481,#6482),
 .UNSPECIFIED.,.F.,.F.,(4,4),(-2.47334528547572,-1.21759916637801),
 .UNSPECIFIED.);
#1606=B_SPLINE_CURVE_WITH_KNOTS('',3,(#6484,#6485,#6486,#6487),
 .UNSPECIFIED.,.F.,.F.,(4,4),(-0.0475965357596296,4.52185779845818E-16),
 .UNSPECIFIED.);
#1607=B_SPLINE_CURVE_WITH_KNOTS('',3,(#6504,#6505,#6506,#6507),
 .UNSPECIFIED.,.F.,.F.,(4,4),(-0.0189610549125915,0.),.UNSPECIFIED.);
#1608=B_SPLINE_CURVE_WITH_KNOTS('',3,(#6511,#6512,#6513,#6514),
 .UNSPECIFIED.,.F.,.F.,(4,4),(-0.640219283245315,-0.613225421059834),
 .UNSPECIFIED.);
#1609=B_SPLINE_CURVE_WITH_KNOTS('',3,(#6552,#6553,#6554,#6555,#6556,#6557,
#6558,#6559),.UNSPECIFIED.,.F.,.F.,(4,2,2,4),(0.,0.218395018816564,0.412444541128924,
0.750601297506431),.UNSPECIFIED.);
#1610=B_SPLINE_CURVE_WITH_KNOTS('',3,(#6561,#6562,#6563,#6564,#6565,#6566,
#6567,#6568,#6569,#6570,#6571,#6572),.UNSPECIFIED.,.F.,.F.,(4,2,2,2,2,4),
(0.,0.561075548035005,0.804253255515145,1.12547550376999,1.24543943683936,
1.35607962955682),.UNSPECIFIED.);
#1611=B_SPLINE_CURVE_WITH_KNOTS('',3,(#6601,#6602,#6603,#6604,#6605,#6606),
 .UNSPECIFIED.,.F.,.F.,(4,2,4),(0.107682172396821,0.232415043100937,0.332707589601617),
 .UNSPECIFIED.);
#1612=B_SPLINE_CURVE_WITH_KNOTS('',3,(#6608,#6609,#6610,#6611,#6612,#6613,
#6614,#6615),.UNSPECIFIED.,.F.,.F.,(4,2,2,4),(0.,0.368865869176527,0.654223483291803,
0.675851817919865),.UNSPECIFIED.);
#1613=B_SPLINE_CURVE_WITH_KNOTS('',3,(#6617,#6618,#6619,#6620,#6621,#6622,
#6623,#6624,#6625,#6626,#6627,#6628,#6629),.UNSPECIFIED.,.F.,.F.,(4,3,3,
3,4),(0.13188292797391,0.168455158797571,0.213280389632796,0.265601529082837,
0.293996742328698),.UNSPECIFIED.);
#1614=B_SPLINE_CURVE_WITH_KNOTS('',3,(#6631,#6632,#6633,#6634),
 .UNSPECIFIED.,.F.,.F.,(4,4),(0.0500938443457207,0.700093844345722),
 .UNSPECIFIED.);
#1615=B_SPLINE_CURVE_WITH_KNOTS('',3,(#6635,#6636,#6637,#6638,#6639,#6640,
#6641,#6642,#6643,#6644,#6645,#6646,#6647,#6648,#6649,#6650,#6651,#6652,
#6653,#6654,#6655,#6656,#6657,#6658,#6659),.UNSPECIFIED.,.F.,.F.,(4,3,3,
3,3,3,3,3,4),(0.204233111171588,0.250576096759741,0.285225136167131,0.316307477733312,
0.345363466404371,0.372865581244065,0.399715154296582,0.425674023440035,
0.449320002496323),.UNSPECIFIED.);
#1616=B_SPLINE_CURVE_WITH_KNOTS('',3,(#6661,#6662,#6663,#6664),
 .UNSPECIFIED.,.F.,.F.,(4,4),(0.,0.0326398853809153),.UNSPECIFIED.);
#1617=B_SPLINE_CURVE_WITH_KNOTS('',3,(#6666,#6667,#6668,#6669),
 .UNSPECIFIED.,.F.,.F.,(4,4),(0.0500000000000002,1.94999999999999),
 .UNSPECIFIED.);
#1618=B_SPLINE_CURVE_WITH_KNOTS('',3,(#6670,#6671,#6672,#6673),
 .UNSPECIFIED.,.F.,.F.,(4,4),(0.0325562505571819,0.577072970923604),
 .UNSPECIFIED.);
#1619=B_SPLINE_CURVE_WITH_KNOTS('',3,(#6707,#6708,#6709,#6710),
 .UNSPECIFIED.,.F.,.F.,(4,4),(-0.0688676707852553,0.),.UNSPECIFIED.);
#1620=B_SPLINE_CURVE_WITH_KNOTS('',3,(#6712,#6713,#6714,#6715,#6716,#6717,
#6718),.UNSPECIFIED.,.F.,.F.,(4,1,1,1,4),(-0.922788838591732,-0.790961861650056,
-0.65913488470838,-0.395480930825028,0.),.UNSPECIFIED.);
#1621=B_SPLINE_CURVE_WITH_KNOTS('',3,(#6720,#6721,#6722,#6723,#6724,#6725,
#6726),.UNSPECIFIED.,.F.,.F.,(4,1,1,1,4),(0.,0.136823096296849,0.410469288890547,
0.684115481484245,0.957761674077943),.UNSPECIFIED.);
#1622=B_SPLINE_CURVE_WITH_KNOTS('',3,(#6728,#6729,#6730,#6731),
 .UNSPECIFIED.,.F.,.F.,(4,4),(-0.979926485205548,-0.251111946575591),
 .UNSPECIFIED.);
#1623=B_SPLINE_CURVE_WITH_KNOTS('',3,(#6733,#6734,#6735,#6736),
 .UNSPECIFIED.,.F.,.F.,(4,4),(1.1523609303454,1.19915328468747),
 .UNSPECIFIED.);
#1624=B_SPLINE_CURVE_WITH_KNOTS('',3,(#6738,#6739,#6740,#6741),
 .UNSPECIFIED.,.F.,.F.,(4,4),(0.476295779871549,0.761155581309618),
 .UNSPECIFIED.);
#1625=B_SPLINE_CURVE_WITH_KNOTS('',3,(#6743,#6744,#6745,#6746),
 .UNSPECIFIED.,.F.,.F.,(4,4),(2.2053001139812,2.44533708965226),
 .UNSPECIFIED.);
#1626=B_SPLINE_CURVE_WITH_KNOTS('',3,(#6748,#6749,#6750,#6751),
 .UNSPECIFIED.,.F.,.F.,(4,4),(1.59325046989188,1.77471784935483),
 .UNSPECIFIED.);
#1627=B_SPLINE_CURVE_WITH_KNOTS('',3,(#6753,#6754,#6755,#6756),
 .UNSPECIFIED.,.F.,.F.,(4,4),(0.899305931661914,0.960028510187112),
 .UNSPECIFIED.);
#1628=B_SPLINE_CURVE_WITH_KNOTS('',3,(#6757,#6758,#6759,#6760),
 .UNSPECIFIED.,.F.,.F.,(4,4),(1.82000087639231,1.95720089730108),
 .UNSPECIFIED.);
#1629=B_SPLINE_CURVE_WITH_KNOTS('',3,(#6814,#6815,#6816,#6817,#6818,#6819,
#6820,#6821),.UNSPECIFIED.,.F.,.F.,(4,2,1,1,4),(-0.000446668379499814,0.,
0.0415100604306609,0.0553467472408812,0.0691834340511015),.UNSPECIFIED.);
#1630=B_SPLINE_CURVE_WITH_KNOTS('',3,(#6822,#6823,#6824,#6825,#6826,#6827,
#6828,#6829),.UNSPECIFIED.,.F.,.F.,(4,1,1,2,4),(-0.0691834340511015,-0.0553467472408812,
-0.0415100604306609,0.,0.000446668379499814),.UNSPECIFIED.);
#1631=B_SPLINE_CURVE_WITH_KNOTS('',3,(#6853,#6854,#6855,#6856),
 .UNSPECIFIED.,.F.,.F.,(4,4),(0.,0.0183276734165711),.UNSPECIFIED.);
#1632=B_SPLINE_CURVE_WITH_KNOTS('',3,(#6857,#6858,#6859,#6860),
 .UNSPECIFIED.,.F.,.F.,(4,4),(-0.0183276734165711,0.),.UNSPECIFIED.);
#1633=B_SPLINE_CURVE_WITH_KNOTS('',3,(#6902,#6903,#6904,#6905,#6906,#6907,
#6908,#6909),.UNSPECIFIED.,.F.,.F.,(4,1,1,1,1,4),(0.,0.112634091876024,
0.225268183752048,0.337902275628072,0.563170459380119,0.788438643132167),
 .UNSPECIFIED.);
#1634=B_SPLINE_CURVE_WITH_KNOTS('',3,(#6912,#6913,#6914,#6915,#6916,#6917,
#6918,#6919),.UNSPECIFIED.,.F.,.F.,(4,1,1,1,1,4),(-0.788438643132167,-0.563170459380119,
-0.337902275628072,-0.225268183752048,-0.112634091876024,0.),
 .UNSPECIFIED.);
#1635=B_SPLINE_CURVE_WITH_KNOTS('',3,(#6951,#6952,#6953,#6954,#6955,#6956),
 .UNSPECIFIED.,.F.,.F.,(4,1,1,4),(0.,0.173586255225701,0.260379382838552,
0.607551893289954),.UNSPECIFIED.);
#1636=B_SPLINE_CURVE_WITH_KNOTS('',3,(#6959,#6960,#6961,#6962,#6963,#6964),
 .UNSPECIFIED.,.F.,.F.,(4,1,1,4),(-0.607550817767677,-0.260379382838552,
-0.173586255225701,0.),.UNSPECIFIED.);
#1637=B_SPLINE_CURVE_WITH_KNOTS('',3,(#6992,#6993,#6994,#6995),
 .UNSPECIFIED.,.F.,.F.,(4,4),(0.,0.0688677985640999),.UNSPECIFIED.);
#1638=B_SPLINE_CURVE_WITH_KNOTS('',3,(#6998,#6999,#7000,#7001),
 .UNSPECIFIED.,.F.,.F.,(4,4),(-0.0688677985640999,0.),.UNSPECIFIED.);
#1639=B_SPLINE_CURVE_WITH_KNOTS('',3,(#7045,#7046,#7047,#7048,#7049,#7050,
#7051,#7052),.UNSPECIFIED.,.F.,.F.,(4,1,1,1,1,4),(0.,0.132390824275442,
0.264781648550883,0.529563297101767,0.79434494565265,0.926735769928091),
 .UNSPECIFIED.);
#1640=B_SPLINE_CURVE_WITH_KNOTS('',3,(#7053,#7054,#7055,#7056,#7057,#7058,
#7059,#7060),.UNSPECIFIED.,.F.,.F.,(4,1,1,1,1,4),(-0.926735769928091,-0.79434494565265,
-0.529563297101767,-0.264781648550883,-0.132390824275442,0.),
 .UNSPECIFIED.);
#1641=B_SPLINE_CURVE_WITH_KNOTS('',3,(#7099,#7100,#7101,#7102,#7103,#7104,
#7105),.UNSPECIFIED.,.F.,.F.,(4,1,1,1,4),(0.,0.204325746052633,0.408651492105265,
0.681085820175442,0.953520148245619),.UNSPECIFIED.);
#1642=B_SPLINE_CURVE_WITH_KNOTS('',3,(#7106,#7107,#7108,#7109,#7110,#7111,
#7112),.UNSPECIFIED.,.F.,.F.,(4,1,1,1,4),(-0.953520148245619,-0.681085820175442,
-0.408651492105265,-0.204325746052633,0.),.UNSPECIFIED.);
#1643=B_SPLINE_CURVE_WITH_KNOTS('',3,(#7136,#7137,#7138,#7139),
 .UNSPECIFIED.,.F.,.F.,(4,4),(2.3197838729472E-11,0.0128343067068713),
 .UNSPECIFIED.);
#1644=B_SPLINE_CURVE_WITH_KNOTS('',3,(#7140,#7141,#7142,#7143),
 .UNSPECIFIED.,.F.,.F.,(4,4),(-0.0128343067068713,-2.3197838729472E-11),
 .UNSPECIFIED.);
#1645=B_SPLINE_CURVE_WITH_KNOTS('',3,(#7185,#7186,#7187,#7188,#7189,#7190,
#7191,#7192),.UNSPECIFIED.,.F.,.F.,(4,1,1,2,4),(3.38324550435043E-16,0.0322322476084831,
0.0483483714127245,0.0805806190212072,0.0810271585747494),.UNSPECIFIED.);
#1646=B_SPLINE_CURVE_WITH_KNOTS('',3,(#7193,#7194,#7195,#7196,#7197,#7198,
#7199,#7200),.UNSPECIFIED.,.F.,.F.,(4,2,1,1,4),(-0.0810271585747494,-0.0805806190212072,
-0.0483483714127245,-0.0322322476084831,-3.38324550435043E-16),
 .UNSPECIFIED.);
#1647=B_SPLINE_CURVE_WITH_KNOTS('',3,(#7222,#7223,#7224,#7225),
 .UNSPECIFIED.,.F.,.F.,(4,4),(-0.33170031153616,-0.294153745033754),
 .UNSPECIFIED.);
#1648=B_SPLINE_CURVE_WITH_KNOTS('',3,(#7227,#7228,#7229,#7230),
 .UNSPECIFIED.,.F.,.F.,(4,4),(0.246102515844499,0.33170031153616),
 .UNSPECIFIED.);
#1649=B_SPLINE_CURVE_WITH_KNOTS('',3,(#7250,#7251,#7252,#7253,#7254,#7255,
#7256),.UNSPECIFIED.,.F.,.F.,(4,3,4),(0.144062988850332,0.247261871457752,
0.393130373983203),.UNSPECIFIED.);
#1650=B_SPLINE_CURVE_WITH_KNOTS('',3,(#7258,#7259,#7260,#7261),
 .UNSPECIFIED.,.F.,.F.,(4,4),(0.393130373983203,0.775252283845102),
 .UNSPECIFIED.);
#1651=B_SPLINE_CURVE_WITH_KNOTS('',3,(#7263,#7264,#7265,#7266),
 .UNSPECIFIED.,.F.,.F.,(4,4),(0.775252283845102,0.830321281211623),
 .UNSPECIFIED.);
#1652=B_SPLINE_CURVE_WITH_KNOTS('',3,(#7281,#7282,#7283,#7284,#7285,#7286),
 .UNSPECIFIED.,.F.,.F.,(4,2,4),(0.,0.555436793720629,1.06977691921038),
 .UNSPECIFIED.);
#1653=B_SPLINE_CURVE_WITH_KNOTS('',3,(#7329,#7330,#7331,#7332,#7333,#7334,
#7335,#7336,#7337,#7338),.UNSPECIFIED.,.F.,.F.,(4,2,2,2,4),(0.,0.272289372114042,
0.633754147231128,0.832237917155048,0.859802763655219),.UNSPECIFIED.);
#1654=B_SPLINE_CURVE_WITH_KNOTS('',1,(#7339,#7340),.UNSPECIFIED.,.F.,.F.,
(2,2),(-1.66533453693773E-16,0.0916256559558763),.UNSPECIFIED.);
#1655=B_SPLINE_CURVE_WITH_KNOTS('',3,(#7361,#7362,#7363,#7364,#7365,#7366,
#7367),.UNSPECIFIED.,.F.,.F.,(4,3,4),(0.,0.081000388757322,0.162000777514644),
 .UNSPECIFIED.);
#1656=B_SPLINE_CURVE_WITH_KNOTS('',3,(#7403,#7404,#7405,#7406,#7407,#7408,
#7409,#7410),.UNSPECIFIED.,.F.,.F.,(4,2,1,1,4),(-0.0696300047287017,-0.0691940581106947,
-0.0415164348664168,-0.0276776232442779,0.),.UNSPECIFIED.);
#1657=B_SPLINE_CURVE_WITH_KNOTS('',3,(#7411,#7412,#7413,#7414,#7415,#7416,
#7417,#7418),.UNSPECIFIED.,.F.,.F.,(4,1,1,2,4),(0.,0.0276776232442779,0.0415164348664168,
0.0691940581106947,0.0696300047287017),.UNSPECIFIED.);
#1658=B_SPLINE_CURVE_WITH_KNOTS('',3,(#7440,#7441,#7442,#7443),
 .UNSPECIFIED.,.F.,.F.,(4,4),(0.,0.0142910949371857),.UNSPECIFIED.);
#1659=B_SPLINE_CURVE_WITH_KNOTS('',3,(#7446,#7447,#7448,#7449),
 .UNSPECIFIED.,.F.,.F.,(4,4),(-0.0142910949371857,0.),.UNSPECIFIED.);
#1660=B_SPLINE_CURVE_WITH_KNOTS('',3,(#7486,#7487,#7488,#7489,#7490,#7491,
#7492),.UNSPECIFIED.,.F.,.F.,(4,1,1,1,4),(0.,0.114102381385483,0.34230714415645,
0.570511906927416,0.798716669698383),.UNSPECIFIED.);
#1661=B_SPLINE_CURVE_WITH_KNOTS('',3,(#7495,#7496,#7497,#7498,#7499,#7500,
#7501),.UNSPECIFIED.,.F.,.F.,(4,1,1,1,4),(-0.798716669698383,-0.570511906927416,
-0.34230714415645,-0.114102381385483,0.),.UNSPECIFIED.);
#1662=B_SPLINE_CURVE_WITH_KNOTS('',3,(#7528,#7529,#7530,#7531,#7532),
 .UNSPECIFIED.,.F.,.F.,(4,1,4),(-0.601548294896203,-0.343741410681744,2.33084297228715E-8),
 .UNSPECIFIED.);
#1663=B_SPLINE_CURVE_WITH_KNOTS('',3,(#7534,#7535,#7536,#7537,#7538),
 .UNSPECIFIED.,.F.,.F.,(4,1,4),(-1.1016042017931E-6,0.343741410681744,0.601548294896203),
 .UNSPECIFIED.);
#1664=B_SPLINE_CURVE_WITH_KNOTS('',3,(#7564,#7565,#7566,#7567),
 .UNSPECIFIED.,.F.,.F.,(4,4),(0.,0.0688676707852553),.UNSPECIFIED.);
#1665=B_SPLINE_CURVE_WITH_KNOTS('',3,(#7605,#7606,#7607,#7608,#7609,#7610,
#7611),.UNSPECIFIED.,.F.,.F.,(4,1,1,1,4),(0.,0.395480930825028,0.65913488470838,
0.790961861650056,0.922788838591732),.UNSPECIFIED.);
#1666=B_SPLINE_CURVE_WITH_KNOTS('',3,(#7650,#7651,#7652,#7653,#7654,#7655,
#7656),.UNSPECIFIED.,.F.,.F.,(4,1,1,1,4),(-0.957761674077943,-0.684115481484245,
-0.410469288890547,-0.136823096296849,0.),.UNSPECIFIED.);
#1667=B_SPLINE_CURVE_WITH_KNOTS('',3,(#7678,#7679,#7680,#7681),
 .UNSPECIFIED.,.F.,.F.,(4,4),(0.,0.0127165802833256),.UNSPECIFIED.);
#1668=B_SPLINE_CURVE_WITH_KNOTS('',3,(#7684,#7685,#7686,#7687),
 .UNSPECIFIED.,.F.,.F.,(4,4),(-0.0127165802833256,0.),.UNSPECIFIED.);
#1669=B_SPLINE_CURVE_WITH_KNOTS('',3,(#7729,#7730,#7731,#7732,#7733,#7734,
#7735,#7736),.UNSPECIFIED.,.F.,.F.,(4,1,1,2,4),(-0.0805809689768452,-0.0483485813861071,
-0.0322323875907381,0.,0.000446206393766147),.UNSPECIFIED.);
#1670=B_SPLINE_CURVE_WITH_KNOTS('',3,(#7737,#7738,#7739,#7740,#7741,#7742,
#7743,#7744),.UNSPECIFIED.,.F.,.F.,(4,2,1,1,4),(-0.000446206393766147,0.,
0.0322323875907381,0.0483485813861071,0.0805809689768452),.UNSPECIFIED.);
#1671=B_SPLINE_CURVE_WITH_KNOTS('',3,(#7766,#7767,#7768,#7769),
 .UNSPECIFIED.,.F.,.F.,(4,4),(-0.0580639512263523,0.928315649082431),
 .UNSPECIFIED.);
#1672=B_SPLINE_CURVE_WITH_KNOTS('',3,(#7770,#7771,#7772,#7773,#7774,#7775,
#7776,#7777,#7778,#7779,#7780,#7781),.UNSPECIFIED.,.F.,.F.,(4,2,2,2,2,4),
(0.,0.0182162265006533,0.0449759325384898,0.0949143624112997,0.189453766518302,
0.275623751597192),.UNSPECIFIED.);
#1673=B_SPLINE_CURVE_WITH_KNOTS('',3,(#7821,#7822,#7823,#7824),
 .UNSPECIFIED.,.F.,.F.,(4,4),(1.72599265327626,1.92501359616001),
 .UNSPECIFIED.);
#1674=B_SPLINE_CURVE_WITH_KNOTS('',3,(#7826,#7827,#7828,#7829,#7830,#7831,
#7832,#7833),.UNSPECIFIED.,.F.,.F.,(4,2,2,4),(0.279449126275589,0.293762600164621,
0.403418052889088,0.441227978716316),.UNSPECIFIED.);
#1675=B_SPLINE_CURVE_WITH_KNOTS('',3,(#7834,#7835,#7836,#7837),
 .UNSPECIFIED.,.F.,.F.,(4,4),(0.51246158717816,1.22179131963978),
 .UNSPECIFIED.);
#1676=B_SPLINE_CURVE_WITH_KNOTS('',3,(#7858,#7859,#7860,#7861,#7862,#7863,
#7864,#7865,#7866,#7867),.UNSPECIFIED.,.F.,.F.,(4,2,2,2,4),(0.,0.126968446181152,
0.273648306689964,0.352561960053984,0.416351586297116),.UNSPECIFIED.);
#1677=B_SPLINE_CURVE_WITH_KNOTS('',3,(#7889,#7890,#7891,#7892,#7893,#7894,
#7895),.UNSPECIFIED.,.F.,.F.,(4,3,4),(0.,0.081000388757322,0.162000777514644),
 .UNSPECIFIED.);
#1678=B_SPLINE_CURVE_WITH_KNOTS('',3,(#7896,#7897,#7898,#7899),
 .UNSPECIFIED.,.F.,.F.,(4,4),(0.261037697370859,0.607879070297983),
 .UNSPECIFIED.);
#1679=B_SPLINE_CURVE_WITH_KNOTS('',3,(#7902,#7903,#7904,#7905,#7906,#7907,
#7908,#7909,#7910,#7911,#7912,#7913,#7914,#7915,#7916,#7917,#7918,#7919,
#7920,#7921,#7922,#7923,#7924,#7925,#7926,#7927,#7928,#7929,#7930,#7931,
#7932),.UNSPECIFIED.,.F.,.F.,(4,3,3,3,3,3,3,3,3,3,4),(0.,0.0363706447157435,
0.0699701330027759,0.102280029697293,0.133552751493326,0.163908379236397,
0.193346636768122,0.221663146269476,0.249436189327003,0.276495903882452,
0.290965157725948),.UNSPECIFIED.);
#1680=B_SPLINE_CURVE_WITH_KNOTS('',3,(#7954,#7955,#7956,#7957),
 .UNSPECIFIED.,.F.,.F.,(4,4),(0.,0.0236925376042089),.UNSPECIFIED.);
#1681=B_SPLINE_CURVE_WITH_KNOTS('',3,(#7961,#7962,#7963,#7964,#7965,#7966,
#7967,#7968,#7969,#7970,#7971,#7972),.UNSPECIFIED.,.F.,.F.,(4,2,2,2,2,4),
(0.,0.026379756587993,0.0576565620283333,0.0842271918766171,0.0955296129181431,
0.10594440503358),.UNSPECIFIED.);
#1682=B_SPLINE_CURVE_WITH_KNOTS('',3,(#7974,#7975,#7976,#7977,#7978,#7979,
#7980),.UNSPECIFIED.,.F.,.F.,(4,3,4),(0.144062988850331,0.247261871457752,
0.393130373983203),.UNSPECIFIED.);
#1683=B_SPLINE_CURVE_WITH_KNOTS('',3,(#7982,#7983,#7984,#7985),
 .UNSPECIFIED.,.F.,.F.,(4,4),(0.393130373983203,0.775252283845101),
 .UNSPECIFIED.);
#1684=B_SPLINE_CURVE_WITH_KNOTS('',3,(#7987,#7988,#7989,#7990),
 .UNSPECIFIED.,.F.,.F.,(4,4),(0.775252283845102,0.830321281211623),
 .UNSPECIFIED.);
#1685=B_SPLINE_CURVE_WITH_KNOTS('',3,(#7992,#7993,#7994,#7995,#7996,#7997),
 .UNSPECIFIED.,.F.,.F.,(4,2,4),(0.,0.555436793720629,1.06977691921038),
 .UNSPECIFIED.);
#1686=B_SPLINE_CURVE_WITH_KNOTS('',3,(#8010,#8011,#8012,#8013,#8014,#8015,
#8016,#8017,#8018,#8019),.UNSPECIFIED.,.F.,.F.,(4,3,3,4),(0.,0.284306720582235,
0.483616079846982,0.56861344116447),.UNSPECIFIED.);
#1687=B_SPLINE_CURVE_WITH_KNOTS('',3,(#8078,#8079,#8080,#8081),
 .UNSPECIFIED.,.F.,.F.,(4,4),(0.00260696154142566,1.1643997944649),
 .UNSPECIFIED.);
#1688=B_SPLINE_CURVE_WITH_KNOTS('',3,(#8083,#8084,#8085,#8086,#8087,#8088,
#8089,#8090,#8091,#8092,#8093,#8094),.UNSPECIFIED.,.F.,.F.,(4,2,2,2,2,4),
(0.,0.0894105930730358,0.176344172542874,0.232917708539568,0.259444983883434,
0.285251809904613),.UNSPECIFIED.);
#1689=B_SPLINE_CURVE_WITH_KNOTS('',3,(#8095,#8096,#8097,#8098),
 .UNSPECIFIED.,.F.,.F.,(4,4),(-1.11275469474777,0.130567366404946),
 .UNSPECIFIED.);
#1690=B_SPLINE_CURVE_WITH_KNOTS('',3,(#8119,#8120,#8121,#8122),
 .UNSPECIFIED.,.F.,.F.,(4,4),(-0.60257153226136,-0.266822239307429),
 .UNSPECIFIED.);
#1691=B_SPLINE_CURVE_WITH_KNOTS('',3,(#8125,#8126,#8127,#8128),
 .UNSPECIFIED.,.F.,.F.,(4,4),(0.314873468496683,0.60257153226136),
 .UNSPECIFIED.);
#1692=B_SPLINE_CURVE_WITH_KNOTS('',3,(#8149,#8150,#8151,#8152),
 .UNSPECIFIED.,.F.,.F.,(4,4),(-1.23,0.),.UNSPECIFIED.);
#1693=B_SPLINE_CURVE_WITH_KNOTS('',3,(#8168,#8169,#8170,#8171),
 .UNSPECIFIED.,.F.,.F.,(4,4),(-0.842376340018042,-0.675827625302982),
 .UNSPECIFIED.);
#1694=B_SPLINE_CURVE_WITH_KNOTS('',3,(#8207,#8208,#8209,#8210,#8211,#8212),
 .UNSPECIFIED.,.F.,.F.,(4,2,4),(0.,0.0131450930554428,0.0230351405745349),
 .UNSPECIFIED.);
#1695=B_SPLINE_CURVE_WITH_KNOTS('',3,(#8266,#8267,#8268,#8269,#8270,#8271,
#8272,#8273),.UNSPECIFIED.,.F.,.F.,(4,2,2,4),(-2.14615686197867,-1.67363917370859,
0.,0.00321690868610793),.UNSPECIFIED.);
#1696=B_SPLINE_CURVE_WITH_KNOTS('',3,(#8275,#8276,#8277,#8278,#8279,#8280,
#8281,#8282,#8283,#8284),.UNSPECIFIED.,.F.,.F.,(4,3,3,4),(-0.360756525034345,
-0.302840244926356,-0.219465436022269,-0.167104847370788),.UNSPECIFIED.);
#1697=B_SPLINE_CURVE_WITH_KNOTS('',3,(#8286,#8287,#8288,#8289),
 .UNSPECIFIED.,.F.,.F.,(4,4),(-0.429886378794176,-0.322380066822595),
 .UNSPECIFIED.);
#1698=B_SPLINE_CURVE_WITH_KNOTS('',3,(#8291,#8292,#8293,#8294),
 .UNSPECIFIED.,.F.,.F.,(4,4),(-2.7043774314214,-2.62837503661038),
 .UNSPECIFIED.);
#1699=B_SPLINE_CURVE_WITH_KNOTS('',3,(#8296,#8297,#8298,#8299,#8300,#8301),
 .UNSPECIFIED.,.F.,.F.,(4,2,4),(-3.17424501697519,-2.55774095809632,-2.06474105126705),
 .UNSPECIFIED.);
#1700=B_SPLINE_CURVE_WITH_KNOTS('',3,(#8303,#8304,#8305,#8306,#8307,#8308,
#8309,#8310,#8311,#8312),.UNSPECIFIED.,.F.,.F.,(4,3,3,4),(-0.131081892249414,
-0.129894523421137,-0.0501288914095847,-0.0479016353735698),
 .UNSPECIFIED.);
#1701=B_SPLINE_CURVE_WITH_KNOTS('',3,(#8314,#8315,#8316,#8317),
 .UNSPECIFIED.,.F.,.F.,(4,4),(-2.21610932323462,-1.18179388807519),
 .UNSPECIFIED.);
#1702=B_SPLINE_CURVE_WITH_KNOTS('',3,(#8318,#8319,#8320,#8321),
 .UNSPECIFIED.,.F.,.F.,(4,4),(-0.408853685985431,-0.353452894265648),
 .UNSPECIFIED.);
#1703=B_SPLINE_CURVE_WITH_KNOTS('',3,(#8383,#8384,#8385,#8386),
 .UNSPECIFIED.,.F.,.F.,(4,4),(1.16495536036802,2.33907860971),
 .UNSPECIFIED.);
#1704=B_SPLINE_CURVE_WITH_KNOTS('',3,(#8388,#8389,#8390,#8391,#8392,#8393),
 .UNSPECIFIED.,.F.,.F.,(4,2,4),(-0.209467154462715,-0.204008522078481,-0.128469851339277),
 .UNSPECIFIED.);
#1705=B_SPLINE_CURVE_WITH_KNOTS('',3,(#8395,#8396,#8397,#8398),
 .UNSPECIFIED.,.F.,.F.,(4,4),(-0.0908329114439574,-0.0303764827578464),
 .UNSPECIFIED.);
#1706=B_SPLINE_CURVE_WITH_KNOTS('',3,(#8400,#8401,#8402,#8403),
 .UNSPECIFIED.,.F.,.F.,(4,4),(-0.147804881756864,-0.0531595032748743),
 .UNSPECIFIED.);
#1707=B_SPLINE_CURVE_WITH_KNOTS('',3,(#8405,#8406,#8407,#8408,#8409,#8410,
#8411,#8412,#8413,#8414),.UNSPECIFIED.,.F.,.F.,(4,2,2,2,4),(-1.15151813455085,
-1.15026354182614,-0.766656781440596,-0.416833249325237,-0.305596914957432),
 .UNSPECIFIED.);
#1708=B_SPLINE_CURVE_WITH_KNOTS('',3,(#8436,#8437,#8438,#8439,#8440,#8441,
#8442,#8443,#8444,#8445),.UNSPECIFIED.,.F.,.F.,(4,2,2,2,4),(0.,0.0434344301118604,
0.101179521377478,0.17498456755381,0.249784555190121),.UNSPECIFIED.);
#1709=B_SPLINE_CURVE_WITH_KNOTS('',3,(#8471,#8472,#8473,#8474),
 .UNSPECIFIED.,.F.,.F.,(4,4),(0.,0.318807069707188),.UNSPECIFIED.);
#1710=B_SPLINE_CURVE_WITH_KNOTS('',3,(#8485,#8486,#8487,#8488),
 .UNSPECIFIED.,.F.,.F.,(4,4),(0.,0.318807069707189),.UNSPECIFIED.);
#1711=B_SPLINE_CURVE_WITH_KNOTS('',3,(#8504,#8505,#8506,#8507),
 .UNSPECIFIED.,.F.,.F.,(4,4),(0.,0.318691912186933),.UNSPECIFIED.);
#1712=B_SPLINE_CURVE_WITH_KNOTS('',3,(#8510,#8511,#8512,#8513),
 .UNSPECIFIED.,.F.,.F.,(4,4),(0.,0.318807069707194),.UNSPECIFIED.);
#1713=B_SPLINE_CURVE_WITH_KNOTS('',3,(#8600,#8601,#8602,#8603,#8604,#8605,
#8606,#8607,#8608,#8609,#8610,#8611,#8612,#8613,#8614,#8615,#8616,#8617,
#8618,#8619),.UNSPECIFIED.,.F.,.F.,(4,2,2,2,2,2,2,2,2,4),(0.,0.0743725695023719,
0.135669957160706,0.168954359134367,0.186164005875796,0.194160353194967,
0.197711052097386,0.199934299623975,0.200340786217595,0.200508138950278),
 .UNSPECIFIED.);
#1714=B_SPLINE_CURVE_WITH_KNOTS('',3,(#8623,#8624,#8625,#8626,#8627,#8628,
#8629,#8630),.UNSPECIFIED.,.F.,.F.,(4,2,2,4),(0.,0.0411918026015611,0.0750706036032163,
0.0924370309471882),.UNSPECIFIED.);
#1715=B_SPLINE_CURVE_WITH_KNOTS('',3,(#8632,#8633,#8634,#8635,#8636,#8637),
 .UNSPECIFIED.,.F.,.F.,(4,2,4),(0.,0.0627092640401134,0.0913112663425367),
 .UNSPECIFIED.);
#1716=B_SPLINE_CURVE_WITH_KNOTS('',3,(#8638,#8639,#8640,#8641,#8642),
 .UNSPECIFIED.,.F.,.F.,(4,1,4),(0.618640380648323,0.620215228915404,0.642409922526493),
 .UNSPECIFIED.);
#1717=B_SPLINE_CURVE_WITH_KNOTS('',3,(#8675,#8676,#8677,#8678,#8679,#8680),
 .UNSPECIFIED.,.F.,.F.,(4,2,4),(0.207408361897265,0.243962202695531,0.295542231785272),
 .UNSPECIFIED.);
#1718=B_SPLINE_CURVE_WITH_KNOTS('',3,(#8682,#8683,#8684,#8685,#8686,#8687),
 .UNSPECIFIED.,.F.,.F.,(4,2,4),(0.039473659274698,0.0672024387285901,0.218658822286956),
 .UNSPECIFIED.);
#1719=B_SPLINE_CURVE_WITH_KNOTS('',3,(#8691,#8692,#8693,#8694,#8695,#8696,
#8697,#8698,#8699,#8700,#8701,#8702,#8703,#8704,#8705,#8706,#8707,#8708,
#8709,#8710),.UNSPECIFIED.,.F.,.F.,(4,2,2,2,2,2,2,2,2,4),(-3.28561166992892E-5,
0.,9.6327286157505E-5,0.000623182063572212,0.00146461004337175,0.00335954694340264,
0.00743780834761972,0.0153253898865945,0.0298513574451142,0.0474758202991762),
 .UNSPECIFIED.);
#1720=B_SPLINE_CURVE_WITH_KNOTS('',3,(#8711,#8712,#8713,#8714,#8715),
 .UNSPECIFIED.,.F.,.F.,(4,1,4),(0.303624186008624,0.325818879619713,0.327393727886794),
 .UNSPECIFIED.);
#1721=B_SPLINE_CURVE_WITH_KNOTS('',3,(#8723,#8724,#8725,#8726,#8727,#8728,
#8729,#8730,#8731,#8732,#8733,#8734,#8735,#8736,#8737,#8738),
 .UNSPECIFIED.,.F.,.F.,(4,2,2,2,2,2,2,4),(0.244486782069806,0.277414652369789,
0.416121978554683,0.554829304739577,0.611323806247355,0.667818307755133,
0.707722814225863,0.747627320696594),.UNSPECIFIED.);
#1722=B_SPLINE_CURVE_WITH_KNOTS('',3,(#8779,#8780,#8781,#8782,#8783,#8784,
#8785,#8786,#8787,#8788,#8789,#8790,#8791,#8792,#8793,#8794),
 .UNSPECIFIED.,.F.,.F.,(4,2,2,2,2,2,2,4),(0.747627320696594,0.787531827167324,
0.827436333638054,0.883930835145832,0.94042533665361,1.0791326628385,1.2178399890234,
1.25076785932338),.UNSPECIFIED.);
#1723=B_SPLINE_CURVE_WITH_KNOTS('',3,(#8918,#8919,#8920,#8921,#8922,#8923,
#8924,#8925,#8926,#8927,#8928,#8929),.UNSPECIFIED.,.F.,.F.,(4,2,2,2,2,4),
(0.,0.00971130568643744,0.0218070907675527,0.0414869481387092,0.0638032273091114,
0.0838019128935618),.UNSPECIFIED.);
#1724=B_SPLINE_CURVE_WITH_KNOTS('',3,(#8936,#8937,#8938,#8939),
 .UNSPECIFIED.,.F.,.F.,(4,4),(0.,0.0236922615105694),.UNSPECIFIED.);
#1725=B_SPLINE_CURVE_WITH_KNOTS('',3,(#8941,#8942,#8943,#8944,#8945,#8946,
#8947,#8948,#8949,#8950,#8951,#8952,#8953,#8954,#8955,#8956,#8957,#8958,
#8959,#8960,#8961,#8962,#8963,#8964,#8965,#8966,#8967,#8968,#8969,#8970,
#8971),.UNSPECIFIED.,.F.,.F.,(4,3,3,3,3,3,3,3,3,3,4),(0.,0.0239283837924516,
0.0483577202671412,0.074540360932087,0.10059065715204,0.127422122371809,
0.155046010776194,0.184062137640518,0.214086562455244,0.246085431405216,
0.257818845586707),.UNSPECIFIED.);
#1726=B_SPLINE_CURVE_WITH_KNOTS('',3,(#9069,#9070,#9071,#9072,#9073,#9074),
 .UNSPECIFIED.,.F.,.F.,(4,2,4),(0.,0.0147280271003872,0.0317003669158387),
 .UNSPECIFIED.);
#1727=B_SPLINE_CURVE_WITH_KNOTS('',3,(#9278,#9279,#9280,#9281,#9282,#9283,
#9284),.UNSPECIFIED.,.F.,.F.,(4,3,4),(0.,0.0243042781642678,0.0567099823832916),
 .UNSPECIFIED.);
#1728=B_SPLINE_CURVE_WITH_KNOTS('',3,(#9346,#9347,#9348,#9349,#9350,#9351,
#9352,#9353,#9354,#9355,#9356,#9357,#9358,#9359,#9360),.UNSPECIFIED.,.F.,
 .F.,(4,2,3,2,2,2,4),(-0.076014676540504,-0.0753486219819021,0.,0.0426861855361285,
0.108666015058795,0.136919396495883,0.154053100707136),.UNSPECIFIED.);
#1729=B_SPLINE_CURVE_WITH_KNOTS('',3,(#9381,#9382,#9383,#9384,#9385,#9386,
#9387,#9388,#9389,#9390,#9391,#9392,#9393,#9394),.UNSPECIFIED.,.F.,.F.,
(4,2,2,2,2,2,4),(0.,0.0385759237722157,0.077441620110496,0.11682555751851,
0.137239673079904,0.157659269937853,0.158269759777628),.UNSPECIFIED.);
#1730=B_SPLINE_CURVE_WITH_KNOTS('',3,(#9397,#9398,#9399,#9400,#9401,#9402,
#9403,#9404,#9405,#9406,#9407,#9408),.UNSPECIFIED.,.F.,.F.,(4,2,2,2,2,4),
(0.162832000337611,0.216072333208186,0.276977084860818,0.328500609167029,
0.344875889442821,0.35729284448516),.UNSPECIFIED.);
#1731=B_SPLINE_CURVE_WITH_KNOTS('',3,(#9411,#9412,#9413,#9414,#9415,#9416,
#9417,#9418,#9419,#9420,#9421,#9422,#9423,#9424),.UNSPECIFIED.,.F.,.F.,
(4,2,2,2,2,2,4),(-0.157713623020786,-0.119124400186707,-0.0802453048873805,
-0.040847789854551,-0.0204266365203878,0.,0.000610700306341388),
 .UNSPECIFIED.);
#1732=B_SPLINE_CURVE_WITH_KNOTS('',3,(#9429,#9430,#9431,#9432,#9433,#9434,
#9435,#9436,#9437,#9438,#9439,#9440),.UNSPECIFIED.,.F.,.F.,(4,2,2,2,2,4),
(0.358084790303085,0.370501745345424,0.386877025621215,0.438400549927427,
0.499305301580059,0.552545634450634),.UNSPECIFIED.);
#1733=B_SPLINE_CURVE_WITH_KNOTS('',3,(#9443,#9444,#9445,#9446,#9447,#9448,
#9449,#9450,#9451,#9452,#9453,#9454,#9455,#9456),.UNSPECIFIED.,.F.,.F.,
(4,2,2,2,2,2,4),(0.,0.0385759237722163,0.0774416201104963,0.116825557518507,
0.137239673079941,0.157659269925675,0.158269759766356),.UNSPECIFIED.);
#1734=B_SPLINE_CURVE_WITH_KNOTS('',3,(#9462,#9463,#9464,#9465,#9466,#9467,
#9468,#9469,#9470,#9471,#9472,#9473,#9474,#9475),.UNSPECIFIED.,.F.,.F.,
(4,2,2,2,2,2,4),(-0.000610700307995423,0.,0.0204266365332409,0.040847789892502,
0.08024530497368,0.11912440032072,0.157713623202156),.UNSPECIFIED.);
#1735=B_SPLINE_CURVE_WITH_KNOTS('',3,(#9476,#9477,#9478,#9479,#9480,#9481,
#9482,#9483,#9484,#9485,#9486,#9487),.UNSPECIFIED.,.F.,.F.,(4,2,2,2,2,4),
(0.35729284448516,0.3697097995275,0.386085079803291,0.437608604109503,0.498513355762134,
0.551753688632709),.UNSPECIFIED.);
#1736=VERTEX_POINT('',#5855);
#1737=VERTEX_POINT('',#5856);
#1738=VERTEX_POINT('',#5861);
#1739=VERTEX_POINT('',#5866);
#1740=VERTEX_POINT('',#5871);
#1741=VERTEX_POINT('',#5876);
#1742=VERTEX_POINT('',#5887);
#1743=VERTEX_POINT('',#5892);
#1744=VERTEX_POINT('',#5908);
#1745=VERTEX_POINT('',#5910);
#1746=VERTEX_POINT('',#5914);
#1747=VERTEX_POINT('',#5934);
#1748=VERTEX_POINT('',#6003);
#1749=VERTEX_POINT('',#6013);
#1750=VERTEX_POINT('',#6018);
#1751=VERTEX_POINT('',#6023);
#1752=VERTEX_POINT('',#6028);
#1753=VERTEX_POINT('',#6033);
#1754=VERTEX_POINT('',#6038);
#1755=VERTEX_POINT('',#6048);
#1756=VERTEX_POINT('',#6049);
#1757=VERTEX_POINT('',#6051);
#1758=VERTEX_POINT('',#6053);
#1759=VERTEX_POINT('',#6066);
#1760=VERTEX_POINT('',#6072);
#1761=VERTEX_POINT('',#6089);
#1762=VERTEX_POINT('',#6095);
#1763=VERTEX_POINT('',#6112);
#1764=VERTEX_POINT('',#6118);
#1765=VERTEX_POINT('',#6135);
#1766=VERTEX_POINT('',#6141);
#1767=VERTEX_POINT('',#6158);
#1768=VERTEX_POINT('',#6164);
#1769=VERTEX_POINT('',#6172);
#1770=VERTEX_POINT('',#6174);
#1771=VERTEX_POINT('',#6181);
#1772=VERTEX_POINT('',#6182);
#1773=VERTEX_POINT('',#6184);
#1774=VERTEX_POINT('',#6186);
#1775=VERTEX_POINT('',#6190);
#1776=VERTEX_POINT('',#6192);
#1777=VERTEX_POINT('',#6205);
#1778=VERTEX_POINT('',#6211);
#1779=VERTEX_POINT('',#6228);
#1780=VERTEX_POINT('',#6234);
#1781=VERTEX_POINT('',#6251);
#1782=VERTEX_POINT('',#6257);
#1783=VERTEX_POINT('',#6274);
#1784=VERTEX_POINT('',#6280);
#1785=VERTEX_POINT('',#6297);
#1786=VERTEX_POINT('',#6303);
#1787=VERTEX_POINT('',#6320);
#1788=VERTEX_POINT('',#6326);
#1789=VERTEX_POINT('',#6334);
#1790=VERTEX_POINT('',#6336);
#1791=VERTEX_POINT('',#6340);
#1792=VERTEX_POINT('',#6342);
#1793=VERTEX_POINT('',#6350);
#1794=VERTEX_POINT('',#6351);
#1795=VERTEX_POINT('',#6353);
#1796=VERTEX_POINT('',#6355);
#1797=VERTEX_POINT('',#6359);
#1798=VERTEX_POINT('',#6361);
#1799=VERTEX_POINT('',#6365);
#1800=VERTEX_POINT('',#6367);
#1801=VERTEX_POINT('',#6375);
#1802=VERTEX_POINT('',#6376);
#1803=VERTEX_POINT('',#6378);
#1804=VERTEX_POINT('',#6380);
#1805=VERTEX_POINT('',#6384);
#1806=VERTEX_POINT('',#6386);
#1807=VERTEX_POINT('',#6390);
#1808=VERTEX_POINT('',#6392);
#1809=VERTEX_POINT('',#6396);
#1810=VERTEX_POINT('',#6398);
#1811=VERTEX_POINT('',#6402);
#1812=VERTEX_POINT('',#6404);
#1813=VERTEX_POINT('',#6412);
#1814=VERTEX_POINT('',#6413);
#1815=VERTEX_POINT('',#6415);
#1816=VERTEX_POINT('',#6417);
#1817=VERTEX_POINT('',#6421);
#1818=VERTEX_POINT('',#6423);
#1819=VERTEX_POINT('',#6427);
#1820=VERTEX_POINT('',#6429);
#1821=VERTEX_POINT('',#6433);
#1822=VERTEX_POINT('',#6435);
#1823=VERTEX_POINT('',#6439);
#1824=VERTEX_POINT('',#6441);
#1825=VERTEX_POINT('',#6445);
#1826=VERTEX_POINT('',#6447);
#1827=VERTEX_POINT('',#6451);
#1828=VERTEX_POINT('',#6453);
#1829=VERTEX_POINT('',#6461);
#1830=VERTEX_POINT('',#6462);
#1831=VERTEX_POINT('',#6467);
#1832=VERTEX_POINT('',#6472);
#1833=VERTEX_POINT('',#6474);
#1834=VERTEX_POINT('',#6476);
#1835=VERTEX_POINT('',#6478);
#1836=VERTEX_POINT('',#6483);
#1837=VERTEX_POINT('',#6488);
#1838=VERTEX_POINT('',#6490);
#1839=VERTEX_POINT('',#6492);
#1840=VERTEX_POINT('',#6494);
#1841=VERTEX_POINT('',#6496);
#1842=VERTEX_POINT('',#6498);
#1843=VERTEX_POINT('',#6502);
#1844=VERTEX_POINT('',#6503);
#1845=VERTEX_POINT('',#6508);
#1846=VERTEX_POINT('',#6510);
#1847=VERTEX_POINT('',#6517);
#1848=VERTEX_POINT('',#6518);
#1849=VERTEX_POINT('',#6520);
#1850=VERTEX_POINT('',#6522);
#1851=VERTEX_POINT('',#6551);
#1852=VERTEX_POINT('',#6560);
#1853=VERTEX_POINT('',#6600);
#1854=VERTEX_POINT('',#6607);
#1855=VERTEX_POINT('',#6616);
#1856=VERTEX_POINT('',#6630);
#1857=VERTEX_POINT('',#6660);
#1858=VERTEX_POINT('',#6665);
#1859=VERTEX_POINT('',#6675);
#1860=VERTEX_POINT('',#6677);
#1861=VERTEX_POINT('',#6706);
#1862=VERTEX_POINT('',#6711);
#1863=VERTEX_POINT('',#6719);
#1864=VERTEX_POINT('',#6727);
#1865=VERTEX_POINT('',#6732);
#1866=VERTEX_POINT('',#6737);
#1867=VERTEX_POINT('',#6742);
#1868=VERTEX_POINT('',#6747);
#1869=VERTEX_POINT('',#6752);
#1870=VERTEX_POINT('',#6762);
#1871=VERTEX_POINT('',#6766);
#1872=VERTEX_POINT('',#6768);
#1873=VERTEX_POINT('',#6772);
#1874=VERTEX_POINT('',#6774);
#1875=VERTEX_POINT('',#6776);
#1876=VERTEX_POINT('',#6811);
#1877=VERTEX_POINT('',#6812);
#1878=VERTEX_POINT('',#6850);
#1879=VERTEX_POINT('',#6851);
#1880=VERTEX_POINT('',#6901);
#1881=VERTEX_POINT('',#6910);
#1882=VERTEX_POINT('',#6950);
#1883=VERTEX_POINT('',#6957);
#1884=VERTEX_POINT('',#6966);
#1885=VERTEX_POINT('',#6967);
#1886=VERTEX_POINT('',#6991);
#1887=VERTEX_POINT('',#6996);
#1888=VERTEX_POINT('',#7042);
#1889=VERTEX_POINT('',#7043);
#1890=VERTEX_POINT('',#7096);
#1891=VERTEX_POINT('',#7097);
#1892=VERTEX_POINT('',#7133);
#1893=VERTEX_POINT('',#7134);
#1894=VERTEX_POINT('',#7184);
#1895=VERTEX_POINT('',#7221);
#1896=VERTEX_POINT('',#7249);
#1897=VERTEX_POINT('',#7257);
#1898=VERTEX_POINT('',#7262);
#1899=VERTEX_POINT('',#7280);
#1900=VERTEX_POINT('',#7287);
#1901=VERTEX_POINT('',#7291);
#1902=VERTEX_POINT('',#7293);
#1903=VERTEX_POINT('',#7295);
#1904=VERTEX_POINT('',#7328);
#1905=VERTEX_POINT('',#7400);
#1906=VERTEX_POINT('',#7401);
#1907=VERTEX_POINT('',#7439);
#1908=VERTEX_POINT('',#7444);
#1909=VERTEX_POINT('',#7485);
#1910=VERTEX_POINT('',#7493);
#1911=VERTEX_POINT('',#7527);
#1912=VERTEX_POINT('',#7540);
#1913=VERTEX_POINT('',#7563);
#1914=VERTEX_POINT('',#7604);
#1915=VERTEX_POINT('',#7648);
#1916=VERTEX_POINT('',#7677);
#1917=VERTEX_POINT('',#7682);
#1918=VERTEX_POINT('',#7728);
#1919=VERTEX_POINT('',#7765);
#1920=VERTEX_POINT('',#7820);
#1921=VERTEX_POINT('',#7825);
#1922=VERTEX_POINT('',#7888);
#1923=VERTEX_POINT('',#7901);
#1924=VERTEX_POINT('',#7933);
#1925=VERTEX_POINT('',#7935);
#1926=VERTEX_POINT('',#7937);
#1927=VERTEX_POINT('',#7939);
#1928=VERTEX_POINT('',#7941);
#1929=VERTEX_POINT('',#7943);
#1930=VERTEX_POINT('',#7945);
#1931=VERTEX_POINT('',#7947);
#1932=VERTEX_POINT('',#7949);
#1933=VERTEX_POINT('',#7951);
#1934=VERTEX_POINT('',#7953);
#1935=VERTEX_POINT('',#7959);
#1936=VERTEX_POINT('',#7973);
#1937=VERTEX_POINT('',#7981);
#1938=VERTEX_POINT('',#7986);
#1939=VERTEX_POINT('',#7991);
#1940=VERTEX_POINT('',#7998);
#1941=VERTEX_POINT('',#8000);
#1942=VERTEX_POINT('',#8002);
#1943=VERTEX_POINT('',#8004);
#1944=VERTEX_POINT('',#8006);
#1945=VERTEX_POINT('',#8008);
#1946=VERTEX_POINT('',#8077);
#1947=VERTEX_POINT('',#8082);
#1948=VERTEX_POINT('',#8123);
#1949=VERTEX_POINT('',#8154);
#1950=VERTEX_POINT('',#8156);
#1951=VERTEX_POINT('',#8159);
#1952=VERTEX_POINT('',#8160);
#1953=VERTEX_POINT('',#8162);
#1954=VERTEX_POINT('',#8164);
#1955=VERTEX_POINT('',#8166);
#1956=VERTEX_POINT('',#8173);
#1957=VERTEX_POINT('',#8177);
#1958=VERTEX_POINT('',#8181);
#1959=VERTEX_POINT('',#8183);
#1960=VERTEX_POINT('',#8202);
#1961=VERTEX_POINT('',#8203);
#1962=VERTEX_POINT('',#8205);
#1963=VERTEX_POINT('',#8263);
#1964=VERTEX_POINT('',#8265);
#1965=VERTEX_POINT('',#8274);
#1966=VERTEX_POINT('',#8285);
#1967=VERTEX_POINT('',#8290);
#1968=VERTEX_POINT('',#8295);
#1969=VERTEX_POINT('',#8302);
#1970=VERTEX_POINT('',#8313);
#1971=VERTEX_POINT('',#8382);
#1972=VERTEX_POINT('',#8387);
#1973=VERTEX_POINT('',#8394);
#1974=VERTEX_POINT('',#8399);
#1975=VERTEX_POINT('',#8404);
#1976=VERTEX_POINT('',#8466);
#1977=VERTEX_POINT('',#8470);
#1978=VERTEX_POINT('',#8475);
#1979=VERTEX_POINT('',#8481);
#1980=VERTEX_POINT('',#8483);
#1981=VERTEX_POINT('',#8490);
#1982=VERTEX_POINT('',#8500);
#1983=VERTEX_POINT('',#8501);
#1984=VERTEX_POINT('',#8503);
#1985=VERTEX_POINT('',#8508);
#1986=VERTEX_POINT('',#8515);
#1987=VERTEX_POINT('',#8523);
#1988=VERTEX_POINT('',#8529);
#1989=VERTEX_POINT('',#8531);
#1990=VERTEX_POINT('',#8533);
#1991=VERTEX_POINT('',#8535);
#1992=VERTEX_POINT('',#8537);
#1993=VERTEX_POINT('',#8539);
#1994=VERTEX_POINT('',#8541);
#1995=VERTEX_POINT('',#8543);
#1996=VERTEX_POINT('',#8545);
#1997=VERTEX_POINT('',#8547);
#1998=VERTEX_POINT('',#8549);
#1999=VERTEX_POINT('',#8551);
#2000=VERTEX_POINT('',#8553);
#2001=VERTEX_POINT('',#8557);
#2002=VERTEX_POINT('',#8561);
#2003=VERTEX_POINT('',#8565);
#2004=VERTEX_POINT('',#8598);
#2005=VERTEX_POINT('',#8599);
#2006=VERTEX_POINT('',#8620);
#2007=VERTEX_POINT('',#8622);
#2008=VERTEX_POINT('',#8631);
#2009=VERTEX_POINT('',#8673);
#2010=VERTEX_POINT('',#8674);
#2011=VERTEX_POINT('',#8681);
#2012=VERTEX_POINT('',#8688);
#2013=VERTEX_POINT('',#8690);
#2014=VERTEX_POINT('',#8717);
#2015=VERTEX_POINT('',#8718);
#2016=VERTEX_POINT('',#8720);
#2017=VERTEX_POINT('',#8722);
#2018=VERTEX_POINT('',#8739);
#2019=VERTEX_POINT('',#8741);
#2020=VERTEX_POINT('',#8745);
#2021=VERTEX_POINT('',#8749);
#2022=VERTEX_POINT('',#8751);
#2023=VERTEX_POINT('',#8754);
#2024=VERTEX_POINT('',#8756);
#2025=VERTEX_POINT('',#8759);
#2026=VERTEX_POINT('',#8761);
#2027=VERTEX_POINT('',#8763);
#2028=VERTEX_POINT('',#8765);
#2029=VERTEX_POINT('',#8767);
#2030=VERTEX_POINT('',#8769);
#2031=VERTEX_POINT('',#8772);
#2032=VERTEX_POINT('',#8773);
#2033=VERTEX_POINT('',#8775);
#2034=VERTEX_POINT('',#8778);
#2035=VERTEX_POINT('',#8797);
#2036=VERTEX_POINT('',#8799);
#2037=VERTEX_POINT('',#8801);
#2038=VERTEX_POINT('',#8806);
#2039=VERTEX_POINT('',#8810);
#2040=VERTEX_POINT('',#8816);
#2041=VERTEX_POINT('',#8817);
#2042=VERTEX_POINT('',#8819);
#2043=VERTEX_POINT('',#8827);
#2044=VERTEX_POINT('',#8830);
#2045=VERTEX_POINT('',#8834);
#2046=VERTEX_POINT('',#8842);
#2047=VERTEX_POINT('',#8844);
#2048=VERTEX_POINT('',#8853);
#2049=VERTEX_POINT('',#8857);
#2050=VERTEX_POINT('',#8860);
#2051=VERTEX_POINT('',#8862);
#2052=VERTEX_POINT('',#8864);
#2053=VERTEX_POINT('',#8866);
#2054=VERTEX_POINT('',#8868);
#2055=VERTEX_POINT('',#8870);
#2056=VERTEX_POINT('',#8873);
#2057=VERTEX_POINT('',#8880);
#2058=VERTEX_POINT('',#8882);
#2059=VERTEX_POINT('',#8886);
#2060=VERTEX_POINT('',#8890);
#2061=VERTEX_POINT('',#8894);
#2062=VERTEX_POINT('',#8898);
#2063=VERTEX_POINT('',#8904);
#2064=VERTEX_POINT('',#8908);
#2065=VERTEX_POINT('',#8910);
#2066=VERTEX_POINT('',#8912);
#2067=VERTEX_POINT('',#8914);
#2068=VERTEX_POINT('',#8917);
#2069=VERTEX_POINT('',#8930);
#2070=VERTEX_POINT('',#8933);
#2071=VERTEX_POINT('',#8935);
#2072=VERTEX_POINT('',#8985);
#2073=VERTEX_POINT('',#8987);
#2074=VERTEX_POINT('',#8990);
#2075=VERTEX_POINT('',#9002);
#2076=VERTEX_POINT('',#9003);
#2077=VERTEX_POINT('',#9005);
#2078=VERTEX_POINT('',#9007);
#2079=VERTEX_POINT('',#9009);
#2080=VERTEX_POINT('',#9013);
#2081=VERTEX_POINT('',#9015);
#2082=VERTEX_POINT('',#9019);
#2083=VERTEX_POINT('',#9020);
#2084=VERTEX_POINT('',#9023);
#2085=VERTEX_POINT('',#9027);
#2086=VERTEX_POINT('',#9029);
#2087=VERTEX_POINT('',#9031);
#2088=VERTEX_POINT('',#9035);
#2089=VERTEX_POINT('',#9039);
#2090=VERTEX_POINT('',#9041);
#2091=VERTEX_POINT('',#9045);
#2092=VERTEX_POINT('',#9047);
#2093=VERTEX_POINT('',#9049);
#2094=VERTEX_POINT('',#9068);
#2095=VERTEX_POINT('',#9077);
#2096=VERTEX_POINT('',#9081);
#2097=VERTEX_POINT('',#9082);
#2098=VERTEX_POINT('',#9084);
#2099=VERTEX_POINT('',#9087);
#2100=VERTEX_POINT('',#9089);
#2101=VERTEX_POINT('',#9095);
#2102=VERTEX_POINT('',#9097);
#2103=VERTEX_POINT('',#9099);
#2104=VERTEX_POINT('',#9104);
#2105=VERTEX_POINT('',#9113);
#2106=VERTEX_POINT('',#9115);
#2107=VERTEX_POINT('',#9117);
#2108=VERTEX_POINT('',#9120);
#2109=VERTEX_POINT('',#9122);
#2110=VERTEX_POINT('',#9125);
#2111=VERTEX_POINT('',#9131);
#2112=VERTEX_POINT('',#9133);
#2113=VERTEX_POINT('',#9145);
#2114=VERTEX_POINT('',#9146);
#2115=VERTEX_POINT('',#9149);
#2116=VERTEX_POINT('',#9151);
#2117=VERTEX_POINT('',#9345);
#2118=VERTEX_POINT('',#9380);
#2119=VERTEX_POINT('',#9395);
#2120=VERTEX_POINT('',#9410);
#2121=VERTEX_POINT('',#9427);
#2122=VERTEX_POINT('',#9442);
#2123=VERTEX_POINT('',#9459);
#2124=VERTEX_POINT('',#9460);
#2125=VERTEX_POINT('',#9491);
#2126=VERTEX_POINT('',#9493);
#2127=VERTEX_POINT('',#9497);
#2128=VERTEX_POINT('',#9501);
#2129=VERTEX_POINT('',#9508);
#2130=VERTEX_POINT('',#9510);
#2131=VERTEX_POINT('',#9514);
#2132=VERTEX_POINT('',#9518);
#2133=VERTEX_POINT('',#9526);
#2134=VERTEX_POINT('',#9527);
#2135=VERTEX_POINT('',#9529);
#2136=VERTEX_POINT('',#9531);
#2137=VERTEX_POINT('',#9533);
#2138=VERTEX_POINT('',#9537);
#2139=VERTEX_POINT('',#9538);
#2140=VERTEX_POINT('',#9543);
#2141=VERTEX_POINT('',#9547);
#2142=VERTEX_POINT('',#9549);
#2143=VERTEX_POINT('',#9553);
#2144=VERTEX_POINT('',#9554);
#2145=VERTEX_POINT('',#9556);
#2146=VERTEX_POINT('',#9559);
#2147=VERTEX_POINT('',#9561);
#2148=VERTEX_POINT('',#9563);
#2149=VERTEX_POINT('',#9585);
#2150=VERTEX_POINT('',#9587);
#2151=VERTEX_POINT('',#9589);
#2152=VERTEX_POINT('',#9591);
#2153=VERTEX_POINT('',#9593);
#2154=VERTEX_POINT('',#9595);
#2155=VERTEX_POINT('',#9599);
#2156=VERTEX_POINT('',#9603);
#2157=VERTEX_POINT('',#9611);
#2158=VERTEX_POINT('',#9613);
#2159=VERTEX_POINT('',#9617);
#2160=VERTEX_POINT('',#9619);
#2161=VERTEX_POINT('',#9623);
#2162=VERTEX_POINT('',#9627);
#2163=VERTEX_POINT('',#9633);
#2164=VERTEX_POINT('',#9637);
#2165=EDGE_CURVE('',#1736,#1737,#1563,.T.);
#2166=EDGE_CURVE('',#1737,#1738,#1564,.T.);
#2167=EDGE_CURVE('',#1738,#1739,#1565,.T.);
#2168=EDGE_CURVE('',#1739,#1740,#1566,.T.);
#2169=EDGE_CURVE('',#1741,#1740,#1567,.T.);
#2170=EDGE_CURVE('',#1741,#1742,#1568,.T.);
#2171=EDGE_CURVE('',#1742,#1743,#1569,.F.);
#2172=EDGE_CURVE('',#1743,#1736,#1570,.T.);
#2173=EDGE_CURVE('',#1744,#1739,#264,.T.);
#2174=EDGE_CURVE('',#1745,#1744,#265,.T.);
#2175=EDGE_CURVE('',#1745,#1740,#266,.T.);
#2176=EDGE_CURVE('',#1738,#1746,#1571,.T.);
#2177=EDGE_CURVE('',#1746,#1747,#1572,.F.);
#2178=EDGE_CURVE('',#1747,#1744,#267,.T.);
#2179=EDGE_CURVE('',#1737,#1748,#1573,.T.);
#2180=EDGE_CURVE('',#1748,#1749,#1574,.T.);
#2181=EDGE_CURVE('',#1749,#1750,#1575,.T.);
#2182=EDGE_CURVE('',#1751,#1750,#1576,.T.);
#2183=EDGE_CURVE('',#1751,#1752,#1577,.T.);
#2184=EDGE_CURVE('',#1752,#1753,#1578,.T.);
#2185=EDGE_CURVE('',#1753,#1754,#1579,.T.);
#2186=EDGE_CURVE('',#1754,#1746,#1580,.T.);
#2187=EDGE_CURVE('',#1755,#1756,#268,.T.);
#2188=EDGE_CURVE('',#1755,#1757,#269,.T.);
#2189=EDGE_CURVE('',#1757,#1758,#270,.T.);
#2190=EDGE_CURVE('',#1756,#1758,#271,.T.);
#2191=EDGE_CURVE('',#1759,#1755,#1581,.T.);
#2192=EDGE_CURVE('',#1759,#1760,#272,.T.);
#2193=EDGE_CURVE('',#1760,#1757,#1582,.T.);
#2194=EDGE_CURVE('',#1761,#1759,#1583,.T.);
#2195=EDGE_CURVE('',#1761,#1762,#273,.T.);
#2196=EDGE_CURVE('',#1762,#1760,#1584,.T.);
#2197=EDGE_CURVE('',#1763,#1761,#1585,.T.);
#2198=EDGE_CURVE('',#1763,#1764,#274,.T.);
#2199=EDGE_CURVE('',#1764,#1762,#1586,.T.);
#2200=EDGE_CURVE('',#1765,#1763,#1587,.T.);
#2201=EDGE_CURVE('',#1765,#1766,#275,.T.);
#2202=EDGE_CURVE('',#1766,#1764,#1588,.T.);
#2203=EDGE_CURVE('',#1767,#1765,#1589,.T.);
#2204=EDGE_CURVE('',#1767,#1768,#276,.T.);
#2205=EDGE_CURVE('',#1768,#1766,#1590,.T.);
#2206=EDGE_CURVE('',#1769,#1767,#277,.T.);
#2207=EDGE_CURVE('',#1769,#1770,#278,.T.);
#2208=EDGE_CURVE('',#1770,#1768,#279,.T.);
#2209=EDGE_CURVE('',#1756,#1769,#280,.T.);
#2210=EDGE_CURVE('',#1758,#1770,#281,.T.);
#2211=EDGE_CURVE('',#1771,#1772,#282,.T.);
#2212=EDGE_CURVE('',#1771,#1773,#283,.T.);
#2213=EDGE_CURVE('',#1773,#1774,#284,.T.);
#2214=EDGE_CURVE('',#1772,#1774,#285,.T.);
#2215=EDGE_CURVE('',#1775,#1771,#286,.T.);
#2216=EDGE_CURVE('',#1775,#1776,#287,.T.);
#2217=EDGE_CURVE('',#1776,#1773,#288,.T.);
#2218=EDGE_CURVE('',#1777,#1775,#1591,.T.);
#2219=EDGE_CURVE('',#1777,#1778,#289,.T.);
#2220=EDGE_CURVE('',#1778,#1776,#1592,.T.);
#2221=EDGE_CURVE('',#1779,#1777,#1593,.T.);
#2222=EDGE_CURVE('',#1779,#1780,#290,.T.);
#2223=EDGE_CURVE('',#1780,#1778,#1594,.T.);
#2224=EDGE_CURVE('',#1781,#1779,#1595,.T.);
#2225=EDGE_CURVE('',#1781,#1782,#291,.T.);
#2226=EDGE_CURVE('',#1782,#1780,#1596,.T.);
#2227=EDGE_CURVE('',#1783,#1781,#1597,.T.);
#2228=EDGE_CURVE('',#1783,#1784,#292,.T.);
#2229=EDGE_CURVE('',#1784,#1782,#1598,.T.);
#2230=EDGE_CURVE('',#1785,#1783,#1599,.T.);
#2231=EDGE_CURVE('',#1785,#1786,#293,.T.);
#2232=EDGE_CURVE('',#1786,#1784,#1600,.T.);
#2233=EDGE_CURVE('',#1787,#1785,#1601,.T.);
#2234=EDGE_CURVE('',#1787,#1788,#294,.T.);
#2235=EDGE_CURVE('',#1788,#1786,#1602,.T.);
#2236=EDGE_CURVE('',#1789,#1787,#295,.T.);
#2237=EDGE_CURVE('',#1789,#1790,#296,.T.);
#2238=EDGE_CURVE('',#1790,#1788,#297,.T.);
#2239=EDGE_CURVE('',#1791,#1789,#298,.T.);
#2240=EDGE_CURVE('',#1791,#1792,#299,.T.);
#2241=EDGE_CURVE('',#1792,#1790,#300,.T.);
#2242=EDGE_CURVE('',#1772,#1791,#301,.T.);
#2243=EDGE_CURVE('',#1774,#1792,#302,.T.);
#2244=EDGE_CURVE('',#1793,#1794,#303,.T.);
#2245=EDGE_CURVE('',#1793,#1795,#304,.T.);
#2246=EDGE_CURVE('',#1795,#1796,#305,.T.);
#2247=EDGE_CURVE('',#1794,#1796,#306,.T.);
#2248=EDGE_CURVE('',#1797,#1793,#307,.T.);
#2249=EDGE_CURVE('',#1797,#1798,#308,.T.);
#2250=EDGE_CURVE('',#1798,#1795,#309,.T.);
#2251=EDGE_CURVE('',#1799,#1797,#310,.T.);
#2252=EDGE_CURVE('',#1799,#1800,#311,.T.);
#2253=EDGE_CURVE('',#1800,#1798,#312,.T.);
#2254=EDGE_CURVE('',#1794,#1799,#313,.T.);
#2255=EDGE_CURVE('',#1796,#1800,#314,.T.);
#2256=EDGE_CURVE('',#1801,#1802,#315,.T.);
#2257=EDGE_CURVE('',#1801,#1803,#316,.T.);
#2258=EDGE_CURVE('',#1803,#1804,#317,.T.);
#2259=EDGE_CURVE('',#1802,#1804,#318,.T.);
#2260=EDGE_CURVE('',#1805,#1801,#319,.T.);
#2261=EDGE_CURVE('',#1805,#1806,#320,.T.);
#2262=EDGE_CURVE('',#1806,#1803,#321,.T.);
#2263=EDGE_CURVE('',#1807,#1805,#322,.T.);
#2264=EDGE_CURVE('',#1807,#1808,#323,.T.);
#2265=EDGE_CURVE('',#1808,#1806,#324,.T.);
#2266=EDGE_CURVE('',#1809,#1807,#325,.T.);
#2267=EDGE_CURVE('',#1809,#1810,#326,.T.);
#2268=EDGE_CURVE('',#1810,#1808,#327,.T.);
#2269=EDGE_CURVE('',#1811,#1809,#328,.T.);
#2270=EDGE_CURVE('',#1811,#1812,#329,.T.);
#2271=EDGE_CURVE('',#1812,#1810,#330,.T.);
#2272=EDGE_CURVE('',#1802,#1811,#331,.T.);
#2273=EDGE_CURVE('',#1804,#1812,#332,.T.);
#2274=EDGE_CURVE('',#1813,#1814,#333,.T.);
#2275=EDGE_CURVE('',#1813,#1815,#334,.T.);
#2276=EDGE_CURVE('',#1815,#1816,#335,.T.);
#2277=EDGE_CURVE('',#1814,#1816,#336,.T.);
#2278=EDGE_CURVE('',#1817,#1813,#337,.T.);
#2279=EDGE_CURVE('',#1817,#1818,#338,.T.);
#2280=EDGE_CURVE('',#1818,#1815,#339,.T.);
#2281=EDGE_CURVE('',#1819,#1817,#340,.T.);
#2282=EDGE_CURVE('',#1819,#1820,#341,.T.);
#2283=EDGE_CURVE('',#1820,#1818,#342,.T.);
#2284=EDGE_CURVE('',#1821,#1819,#343,.T.);
#2285=EDGE_CURVE('',#1821,#1822,#344,.T.);
#2286=EDGE_CURVE('',#1822,#1820,#345,.T.);
#2287=EDGE_CURVE('',#1823,#1821,#346,.T.);
#2288=EDGE_CURVE('',#1823,#1824,#347,.T.);
#2289=EDGE_CURVE('',#1824,#1822,#348,.T.);
#2290=EDGE_CURVE('',#1825,#1823,#349,.T.);
#2291=EDGE_CURVE('',#1825,#1826,#350,.T.);
#2292=EDGE_CURVE('',#1826,#1824,#351,.T.);
#2293=EDGE_CURVE('',#1827,#1825,#352,.T.);
#2294=EDGE_CURVE('',#1827,#1828,#353,.T.);
#2295=EDGE_CURVE('',#1828,#1826,#354,.T.);
#2296=EDGE_CURVE('',#1814,#1827,#355,.T.);
#2297=EDGE_CURVE('',#1816,#1828,#356,.T.);
#2298=EDGE_CURVE('',#1829,#1830,#1603,.T.);
#2299=EDGE_CURVE('',#1830,#1831,#1604,.T.);
#2300=EDGE_CURVE('',#1832,#1831,#118,.T.);
#2301=EDGE_CURVE('',#1833,#1832,#357,.T.);
#2302=EDGE_CURVE('',#1834,#1833,#119,.T.);
#2303=EDGE_CURVE('',#1834,#1835,#1605,.T.);
#2304=EDGE_CURVE('',#1835,#1836,#1606,.T.);
#2305=EDGE_CURVE('',#1836,#1837,#358,.T.);
#2306=EDGE_CURVE('',#1838,#1837,#359,.T.);
#2307=EDGE_CURVE('',#1838,#1839,#120,.T.);
#2308=EDGE_CURVE('',#1839,#1840,#360,.T.);
#2309=EDGE_CURVE('',#1840,#1841,#121,.T.);
#2310=EDGE_CURVE('',#1842,#1841,#361,.T.);
#2311=EDGE_CURVE('',#1829,#1842,#362,.T.);
#2312=EDGE_CURVE('',#1843,#1844,#1607,.T.);
#2313=EDGE_CURVE('',#1844,#1845,#363,.T.);
#2314=EDGE_CURVE('',#1845,#1846,#1608,.T.);
#2315=EDGE_CURVE('',#1846,#1843,#364,.T.);
#2316=EDGE_CURVE('',#1847,#1848,#122,.T.);
#2317=EDGE_CURVE('',#1848,#1849,#365,.T.);
#2318=EDGE_CURVE('',#1849,#1850,#123,.T.);
#2319=EDGE_CURVE('',#1850,#1847,#366,.T.);
#2320=EDGE_CURVE('',#1851,#1843,#1609,.T.);
#2321=EDGE_CURVE('',#1846,#1852,#1610,.T.);
#2322=EDGE_CURVE('',#1852,#1851,#367,.T.);
#2323=EDGE_CURVE('',#1853,#1851,#1611,.T.);
#2324=EDGE_CURVE('',#1852,#1854,#1612,.T.);
#2325=EDGE_CURVE('',#1854,#1855,#1613,.T.);
#2326=EDGE_CURVE('',#1855,#1856,#1614,.T.);
#2327=EDGE_CURVE('',#1856,#1849,#1615,.T.);
#2328=EDGE_CURVE('',#1848,#1857,#1616,.T.);
#2329=EDGE_CURVE('',#1857,#1858,#1617,.T.);
#2330=EDGE_CURVE('',#1858,#1853,#1618,.T.);
#2331=EDGE_CURVE('',#1859,#1844,#368,.T.);
#2332=EDGE_CURVE('',#1859,#1860,#124,.T.);
#2333=EDGE_CURVE('',#1860,#1845,#369,.T.);
#2334=EDGE_CURVE('',#1860,#1861,#1619,.T.);
#2335=EDGE_CURVE('',#1861,#1862,#1620,.T.);
#2336=EDGE_CURVE('',#1862,#1863,#1621,.T.);
#2337=EDGE_CURVE('',#1863,#1864,#1622,.T.);
#2338=EDGE_CURVE('',#1865,#1864,#1623,.T.);
#2339=EDGE_CURVE('',#1865,#1866,#1624,.T.);
#2340=EDGE_CURVE('',#1867,#1866,#1625,.T.);
#2341=EDGE_CURVE('',#1867,#1868,#1626,.T.);
#2342=EDGE_CURVE('',#1869,#1868,#1627,.T.);
#2343=EDGE_CURVE('',#1854,#1869,#1628,.F.);
#2344=EDGE_CURVE('',#1869,#1870,#125,.T.);
#2345=EDGE_CURVE('',#1870,#1855,#370,.T.);
#2346=EDGE_CURVE('',#1871,#1870,#371,.T.);
#2347=EDGE_CURVE('',#1871,#1872,#372,.T.);
#2348=EDGE_CURVE('',#1856,#1872,#373,.T.);
#2349=EDGE_CURVE('',#1872,#1873,#126,.T.);
#2350=EDGE_CURVE('',#1873,#1874,#374,.T.);
#2351=EDGE_CURVE('',#1874,#1875,#127,.T.);
#2352=EDGE_CURVE('',#1875,#1850,#375,.T.);
#2353=EDGE_CURVE('',#1876,#1877,#128,.T.);
#2354=EDGE_CURVE('',#1835,#1876,#1629,.T.);
#2355=EDGE_CURVE('',#1877,#1835,#1630,.T.);
#2356=EDGE_CURVE('',#1878,#1879,#129,.T.);
#2357=EDGE_CURVE('',#1876,#1878,#1631,.T.);
#2358=EDGE_CURVE('',#1879,#1877,#1632,.T.);
#2359=EDGE_CURVE('',#1880,#1879,#1633,.T.);
#2360=EDGE_CURVE('',#1881,#1880,#130,.T.);
#2361=EDGE_CURVE('',#1878,#1881,#1634,.T.);
#2362=EDGE_CURVE('',#1882,#1880,#1635,.T.);
#2363=EDGE_CURVE('',#1883,#1882,#131,.T.);
#2364=EDGE_CURVE('',#1881,#1883,#1636,.T.);
#2365=EDGE_CURVE('',#1884,#1885,#132,.T.);
#2366=EDGE_CURVE('',#1883,#1884,#133,.T.);
#2367=EDGE_CURVE('',#1885,#1882,#134,.T.);
#2368=EDGE_CURVE('',#1886,#1885,#1637,.T.);
#2369=EDGE_CURVE('',#1887,#1886,#135,.T.);
#2370=EDGE_CURVE('',#1884,#1887,#1638,.T.);
#2371=EDGE_CURVE('',#1888,#1889,#136,.T.);
#2372=EDGE_CURVE('',#1887,#1888,#1639,.T.);
#2373=EDGE_CURVE('',#1889,#1886,#1640,.T.);
#2374=EDGE_CURVE('',#1890,#1891,#137,.T.);
#2375=EDGE_CURVE('',#1888,#1890,#1641,.T.);
#2376=EDGE_CURVE('',#1891,#1889,#1642,.T.);
#2377=EDGE_CURVE('',#1892,#1893,#138,.T.);
#2378=EDGE_CURVE('',#1890,#1892,#1643,.T.);
#2379=EDGE_CURVE('',#1893,#1891,#1644,.T.);
#2380=EDGE_CURVE('',#1892,#1894,#1645,.T.);
#2381=EDGE_CURVE('',#1894,#1893,#1646,.T.);
#2382=EDGE_CURVE('',#1895,#1894,#1647,.T.);
#2383=EDGE_CURVE('',#1895,#1751,#139,.T.);
#2384=EDGE_CURVE('',#1892,#1751,#1648,.T.);
#2385=EDGE_CURVE('',#1750,#1896,#1649,.T.);
#2386=EDGE_CURVE('',#1896,#1897,#1650,.T.);
#2387=EDGE_CURVE('',#1897,#1898,#1651,.T.);
#2388=EDGE_CURVE('',#1898,#1888,#376,.T.);
#2389=EDGE_CURVE('',#1898,#1899,#1652,.T.);
#2390=EDGE_CURVE('',#1899,#1900,#377,.T.);
#2391=EDGE_CURVE('',#1900,#1887,#378,.T.);
#2392=EDGE_CURVE('',#1901,#1900,#140,.T.);
#2393=EDGE_CURVE('',#1902,#1901,#379,.T.);
#2394=EDGE_CURVE('',#1903,#1902,#141,.T.);
#2395=EDGE_CURVE('',#1903,#1881,#380,.T.);
#2396=EDGE_CURVE('',#1903,#1904,#1653,.T.);
#2397=EDGE_CURVE('',#1904,#1876,#1654,.T.);
#2398=EDGE_CURVE('',#1836,#1904,#1655,.T.);
#2399=EDGE_CURVE('',#1905,#1906,#142,.T.);
#2400=EDGE_CURVE('',#1830,#1905,#1656,.T.);
#2401=EDGE_CURVE('',#1906,#1830,#1657,.T.);
#2402=EDGE_CURVE('',#1907,#1906,#1658,.T.);
#2403=EDGE_CURVE('',#1908,#1907,#143,.T.);
#2404=EDGE_CURVE('',#1905,#1908,#1659,.T.);
#2405=EDGE_CURVE('',#1909,#1907,#1660,.T.);
#2406=EDGE_CURVE('',#1910,#1909,#144,.T.);
#2407=EDGE_CURVE('',#1908,#1910,#1661,.T.);
#2408=EDGE_CURVE('',#1911,#1909,#1662,.T.);
#2409=EDGE_CURVE('',#1859,#1911,#145,.T.);
#2410=EDGE_CURVE('',#1910,#1859,#1663,.T.);
#2411=EDGE_CURVE('',#1860,#1912,#146,.T.);
#2412=EDGE_CURVE('',#1912,#1911,#147,.T.);
#2413=EDGE_CURVE('',#1913,#1912,#1664,.T.);
#2414=EDGE_CURVE('',#1861,#1913,#148,.T.);
#2415=EDGE_CURVE('',#1914,#1913,#1665,.T.);
#2416=EDGE_CURVE('',#1862,#1914,#149,.T.);
#2417=EDGE_CURVE('',#1863,#1915,#150,.T.);
#2418=EDGE_CURVE('',#1915,#1914,#1666,.T.);
#2419=EDGE_CURVE('',#1916,#1915,#1667,.T.);
#2420=EDGE_CURVE('',#1917,#1916,#151,.T.);
#2421=EDGE_CURVE('',#1863,#1917,#1668,.T.);
#2422=EDGE_CURVE('',#1917,#1918,#1669,.T.);
#2423=EDGE_CURVE('',#1918,#1916,#1670,.T.);
#2424=EDGE_CURVE('',#1919,#1918,#1671,.T.);
#2425=EDGE_CURVE('',#1864,#1919,#1672,.T.);
#2426=EDGE_CURVE('',#1920,#1853,#1673,.T.);
#2427=EDGE_CURVE('',#1921,#1920,#1674,.T.);
#2428=EDGE_CURVE('',#1921,#1908,#1675,.T.);
#2429=EDGE_CURVE('',#1831,#1921,#1676,.T.);
#2430=EDGE_CURVE('',#1922,#1829,#1677,.T.);
#2431=EDGE_CURVE('',#1906,#1922,#1678,.T.);
#2432=EDGE_CURVE('',#1923,#1842,#1679,.T.);
#2433=EDGE_CURVE('',#1924,#1923,#381,.T.);
#2434=EDGE_CURVE('',#1925,#1924,#382,.T.);
#2435=EDGE_CURVE('',#1926,#1925,#152,.T.);
#2436=EDGE_CURVE('',#1927,#1926,#383,.T.);
#2437=EDGE_CURVE('',#1928,#1927,#153,.T.);
#2438=EDGE_CURVE('',#1929,#1928,#384,.T.);
#2439=EDGE_CURVE('',#1930,#1929,#154,.T.);
#2440=EDGE_CURVE('',#1931,#1930,#385,.T.);
#2441=EDGE_CURVE('',#1932,#1931,#386,.T.);
#2442=EDGE_CURVE('',#1933,#1932,#387,.T.);
#2443=EDGE_CURVE('',#1934,#1933,#1680,.T.);
#2444=EDGE_CURVE('',#1741,#1934,#388,.T.);
#2445=EDGE_CURVE('',#1935,#1745,#389,.T.);
#2446=EDGE_CURVE('',#1753,#1935,#1681,.T.);
#2447=EDGE_CURVE('',#1753,#1936,#1682,.T.);
#2448=EDGE_CURVE('',#1936,#1937,#1683,.T.);
#2449=EDGE_CURVE('',#1937,#1938,#1684,.T.);
#2450=EDGE_CURVE('',#1938,#1939,#1685,.T.);
#2451=EDGE_CURVE('',#1939,#1940,#390,.T.);
#2452=EDGE_CURVE('',#1940,#1941,#391,.T.);
#2453=EDGE_CURVE('',#1941,#1942,#155,.T.);
#2454=EDGE_CURVE('',#1942,#1943,#392,.T.);
#2455=EDGE_CURVE('',#1943,#1944,#393,.T.);
#2456=EDGE_CURVE('',#1944,#1945,#156,.T.);
#2457=EDGE_CURVE('',#1945,#1922,#1686,.T.);
#2458=EDGE_CURVE('',#1909,#1945,#394,.T.);
#2459=EDGE_CURVE('',#1946,#1891,#1687,.T.);
#2460=EDGE_CURVE('',#1947,#1946,#1688,.T.);
#2461=EDGE_CURVE('',#1894,#1947,#1689,.T.);
#2462=EDGE_CURVE('',#1752,#1916,#1690,.T.);
#2463=EDGE_CURVE('',#1948,#1752,#157,.T.);
#2464=EDGE_CURVE('',#1918,#1948,#1691,.T.);
#2465=EDGE_CURVE('',#1948,#1895,#1692,.T.);
#2466=EDGE_CURVE('',#1949,#1947,#158,.T.);
#2467=EDGE_CURVE('',#1949,#1950,#395,.T.);
#2468=EDGE_CURVE('',#1919,#1950,#159,.T.);
#2469=EDGE_CURVE('',#1951,#1952,#396,.T.);
#2470=EDGE_CURVE('',#1951,#1953,#160,.T.);
#2471=EDGE_CURVE('',#1953,#1954,#397,.T.);
#2472=EDGE_CURVE('',#1954,#1955,#161,.T.);
#2473=EDGE_CURVE('',#1955,#1952,#1693,.T.);
#2474=EDGE_CURVE('',#1950,#1956,#398,.T.);
#2475=EDGE_CURVE('',#1956,#1865,#162,.T.);
#2476=EDGE_CURVE('',#1957,#1858,#399,.T.);
#2477=EDGE_CURVE('',#1957,#1920,#163,.T.);
#2478=EDGE_CURVE('',#1857,#1958,#400,.T.);
#2479=EDGE_CURVE('',#1958,#1959,#401,.T.);
#2480=EDGE_CURVE('',#1959,#1957,#402,.T.);
#2481=EDGE_CURVE('',#1960,#1961,#164,.T.);
#2482=EDGE_CURVE('',#1961,#1962,#403,.T.);
#2483=EDGE_CURVE('',#1962,#1960,#1694,.F.);
#2484=EDGE_CURVE('',#1885,#1963,#404,.T.);
#2485=EDGE_CURVE('',#1964,#1963,#1695,.T.);
#2486=EDGE_CURVE('',#1965,#1964,#1696,.T.);
#2487=EDGE_CURVE('',#1966,#1965,#1697,.T.);
#2488=EDGE_CURVE('',#1967,#1966,#1698,.T.);
#2489=EDGE_CURVE('',#1967,#1968,#1699,.T.);
#2490=EDGE_CURVE('',#1969,#1968,#1700,.T.);
#2491=EDGE_CURVE('',#1969,#1970,#1701,.T.);
#2492=EDGE_CURVE('',#1946,#1970,#1702,.F.);
#2493=EDGE_CURVE('',#1938,#1914,#405,.T.);
#2494=EDGE_CURVE('',#1879,#1971,#1703,.T.);
#2495=EDGE_CURVE('',#1972,#1971,#1704,.T.);
#2496=EDGE_CURVE('',#1973,#1972,#1705,.T.);
#2497=EDGE_CURVE('',#1974,#1973,#1706,.T.);
#2498=EDGE_CURVE('',#1975,#1974,#1707,.T.);
#2499=EDGE_CURVE('',#1882,#1975,#406,.T.);
#2500=EDGE_CURVE('',#1971,#1834,#1708,.T.);
#2501=EDGE_CURVE('',#1963,#1975,#407,.T.);
#2502=EDGE_CURVE('',#1913,#1976,#408,.T.);
#2503=EDGE_CURVE('',#1976,#1939,#409,.T.);
#2504=EDGE_CURVE('',#1977,#1956,#1709,.T.);
#2505=EDGE_CURVE('',#1978,#1977,#165,.T.);
#2506=EDGE_CURVE('',#1978,#1866,#53,.T.);
#2507=EDGE_CURVE('',#1977,#1979,#410,.T.);
#2508=EDGE_CURVE('',#1980,#1956,#411,.T.);
#2509=EDGE_CURVE('',#1979,#1980,#1710,.T.);
#2510=EDGE_CURVE('',#1979,#1981,#166,.T.);
#2511=EDGE_CURVE('',#1970,#1980,#167,.T.);
#2512=EDGE_CURVE('',#1981,#1969,#54,.F.);
#2513=EDGE_CURVE('',#1980,#1949,#412,.T.);
#2514=EDGE_CURVE('',#1982,#1983,#413,.T.);
#2515=EDGE_CURVE('',#1984,#1982,#1711,.T.);
#2516=EDGE_CURVE('',#1985,#1984,#414,.T.);
#2517=EDGE_CURVE('',#1983,#1985,#1712,.T.);
#2518=EDGE_CURVE('',#1983,#1986,#168,.T.);
#2519=EDGE_CURVE('',#1868,#1985,#169,.T.);
#2520=EDGE_CURVE('',#1986,#1867,#55,.F.);
#2521=EDGE_CURVE('',#1984,#1967,#170,.T.);
#2522=EDGE_CURVE('',#1987,#1982,#171,.T.);
#2523=EDGE_CURVE('',#1987,#1968,#56,.T.);
#2524=EDGE_CURVE('',#1988,#1986,#415,.T.);
#2525=EDGE_CURVE('',#1989,#1988,#172,.T.);
#2526=EDGE_CURVE('',#1989,#1990,#416,.T.);
#2527=EDGE_CURVE('',#1990,#1991,#15,.T.);
#2528=EDGE_CURVE('',#1991,#1992,#16,.T.);
#2529=EDGE_CURVE('',#1992,#1993,#417,.T.);
#2530=EDGE_CURVE('',#1993,#1994,#173,.T.);
#2531=EDGE_CURVE('',#1995,#1994,#418,.T.);
#2532=EDGE_CURVE('',#1996,#1995,#17,.F.);
#2533=EDGE_CURVE('',#1996,#1997,#419,.T.);
#2534=EDGE_CURVE('',#1997,#1998,#18,.T.);
#2535=EDGE_CURVE('',#1999,#1998,#420,.T.);
#2536=EDGE_CURVE('',#2000,#1999,#174,.T.);
#2537=EDGE_CURVE('',#2000,#1987,#421,.T.);
#2538=EDGE_CURVE('',#2001,#1944,#422,.T.);
#2539=EDGE_CURVE('',#2001,#1976,#175,.T.);
#2540=EDGE_CURVE('',#1833,#2002,#423,.T.);
#2541=EDGE_CURVE('',#1972,#2002,#176,.T.);
#2542=EDGE_CURVE('',#2003,#1957,#177,.T.);
#2543=EDGE_CURVE('',#2003,#1832,#424,.T.);
#2544=EDGE_CURVE('',#2004,#2005,#1713,.T.);
#2545=EDGE_CURVE('',#2006,#2005,#178,.T.);
#2546=EDGE_CURVE('',#2006,#2007,#1714,.T.);
#2547=EDGE_CURVE('',#2008,#2007,#1715,.T.);
#2548=EDGE_CURVE('',#2004,#2008,#1716,.T.);
#2549=EDGE_CURVE('',#2009,#2010,#1717,.T.);
#2550=EDGE_CURVE('',#2011,#2009,#1718,.F.);
#2551=EDGE_CURVE('',#2011,#2012,#179,.T.);
#2552=EDGE_CURVE('',#2013,#2012,#1719,.F.);
#2553=EDGE_CURVE('',#2010,#2013,#1720,.T.);
#2554=EDGE_CURVE('',#2014,#2015,#19,.T.);
#2555=EDGE_CURVE('',#2016,#2015,#425,.T.);
#2556=EDGE_CURVE('',#2017,#2016,#1721,.F.);
#2557=EDGE_CURVE('',#2018,#2017,#426,.T.);
#2558=EDGE_CURVE('',#2018,#2019,#180,.T.);
#2559=EDGE_CURVE('',#2014,#2019,#427,.F.);
#2560=EDGE_CURVE('',#2020,#2015,#428,.T.);
#2561=EDGE_CURVE('',#2016,#2020,#181,.T.);
#2562=EDGE_CURVE('',#2021,#2017,#429,.T.);
#2563=EDGE_CURVE('',#2021,#2022,#430,.T.);
#2564=EDGE_CURVE('',#2022,#1931,#431,.T.);
#2565=EDGE_CURVE('',#1930,#2023,#432,.T.);
#2566=EDGE_CURVE('',#2023,#2024,#433,.T.);
#2567=EDGE_CURVE('',#2024,#2018,#434,.T.);
#2568=EDGE_CURVE('',#2025,#2025,#182,.T.);
#2569=EDGE_CURVE('',#2026,#2026,#183,.T.);
#2570=EDGE_CURVE('',#2027,#2027,#184,.T.);
#2571=EDGE_CURVE('',#2028,#2028,#185,.T.);
#2572=EDGE_CURVE('',#2029,#2029,#186,.T.);
#2573=EDGE_CURVE('',#2030,#2030,#187,.T.);
#2574=EDGE_CURVE('',#2031,#2032,#20,.F.);
#2575=EDGE_CURVE('',#2031,#2033,#435,.T.);
#2576=EDGE_CURVE('',#2024,#2033,#188,.F.);
#2577=EDGE_CURVE('',#2034,#2023,#1722,.F.);
#2578=EDGE_CURVE('',#2032,#2034,#436,.T.);
#2579=EDGE_CURVE('',#2035,#2004,#437,.T.);
#2580=EDGE_CURVE('',#2008,#2036,#438,.T.);
#2581=EDGE_CURVE('',#2036,#2037,#439,.T.);
#2582=EDGE_CURVE('',#2037,#2035,#440,.T.);
#2583=EDGE_CURVE('',#2013,#1925,#441,.T.);
#2584=EDGE_CURVE('',#1924,#2038,#442,.T.);
#2585=EDGE_CURVE('',#2038,#2010,#443,.T.);
#2586=EDGE_CURVE('',#2039,#1875,#444,.T.);
#2587=EDGE_CURVE('',#1847,#2039,#445,.T.);
#2588=EDGE_CURVE('',#2003,#2002,#446,.T.);
#2589=EDGE_CURVE('',#2040,#2041,#447,.T.);
#2590=EDGE_CURVE('',#2042,#2041,#448,.T.);
#2591=EDGE_CURVE('',#2042,#1974,#449,.T.);
#2592=EDGE_CURVE('',#2040,#1973,#450,.T.);
#2593=EDGE_CURVE('',#2039,#2042,#189,.T.);
#2594=EDGE_CURVE('',#1964,#1874,#451,.T.);
#2595=EDGE_CURVE('',#2009,#2043,#452,.T.);
#2596=EDGE_CURVE('',#2033,#2038,#453,.F.);
#2597=EDGE_CURVE('',#2044,#2031,#454,.T.);
#2598=EDGE_CURVE('',#2043,#2044,#190,.T.);
#2599=EDGE_CURVE('',#2034,#2045,#191,.T.);
#2600=EDGE_CURVE('',#2045,#2032,#455,.T.);
#2601=EDGE_CURVE('',#1929,#2045,#456,.T.);
#2602=EDGE_CURVE('',#1928,#2044,#457,.T.);
#2603=EDGE_CURVE('',#1958,#2046,#458,.T.);
#2604=EDGE_CURVE('',#2046,#2047,#459,.T.);
#2605=EDGE_CURVE('',#2047,#1959,#460,.T.);
#2606=EDGE_CURVE('',#1927,#2043,#461,.T.);
#2607=EDGE_CURVE('',#1926,#2011,#462,.T.);
#2608=EDGE_CURVE('',#2048,#2041,#463,.T.);
#2609=EDGE_CURVE('',#2046,#2048,#464,.T.);
#2610=EDGE_CURVE('',#2049,#2048,#465,.T.);
#2611=EDGE_CURVE('',#2049,#2047,#466,.T.);
#2612=EDGE_CURVE('',#2050,#2050,#192,.T.);
#2613=EDGE_CURVE('',#2051,#2051,#193,.T.);
#2614=EDGE_CURVE('',#2052,#2052,#194,.T.);
#2615=EDGE_CURVE('',#2053,#2053,#195,.T.);
#2616=EDGE_CURVE('',#2054,#2054,#196,.T.);
#2617=EDGE_CURVE('',#2055,#2055,#197,.T.);
#2618=EDGE_CURVE('',#1923,#2056,#467,.T.);
#2619=EDGE_CURVE('',#2056,#2037,#468,.T.);
#2620=EDGE_CURVE('',#2019,#2036,#469,.T.);
#2621=EDGE_CURVE('',#2040,#2049,#470,.T.);
#2622=EDGE_CURVE('',#2007,#2057,#471,.T.);
#2623=EDGE_CURVE('',#2057,#2058,#198,.T.);
#2624=EDGE_CURVE('',#2058,#2014,#472,.T.);
#2625=EDGE_CURVE('',#2059,#2020,#473,.T.);
#2626=EDGE_CURVE('',#2059,#2021,#199,.T.);
#2627=EDGE_CURVE('',#2060,#2058,#474,.T.);
#2628=EDGE_CURVE('',#2060,#2059,#475,.T.);
#2629=EDGE_CURVE('',#2061,#2060,#200,.T.);
#2630=EDGE_CURVE('',#2061,#2057,#476,.T.);
#2631=EDGE_CURVE('',#2062,#2006,#477,.T.);
#2632=EDGE_CURVE('',#2062,#2061,#478,.T.);
#2633=EDGE_CURVE('',#2035,#2062,#201,.T.);
#2634=EDGE_CURVE('',#2063,#2022,#479,.T.);
#2635=EDGE_CURVE('',#1932,#2063,#480,.T.);
#2636=EDGE_CURVE('',#1902,#2064,#481,.T.);
#2637=EDGE_CURVE('',#2064,#2065,#482,.T.);
#2638=EDGE_CURVE('',#2065,#2066,#202,.T.);
#2639=EDGE_CURVE('',#2066,#2067,#483,.T.);
#2640=EDGE_CURVE('',#2067,#1899,#484,.T.);
#2641=EDGE_CURVE('',#1750,#2068,#1723,.F.);
#2642=EDGE_CURVE('',#2069,#2068,#485,.T.);
#2643=EDGE_CURVE('',#2069,#1743,#486,.T.);
#2644=EDGE_CURVE('',#2070,#1742,#487,.T.);
#2645=EDGE_CURVE('',#2071,#2070,#1724,.T.);
#2646=EDGE_CURVE('',#2063,#2071,#488,.T.);
#2647=EDGE_CURVE('',#1837,#2056,#1725,.T.);
#2648=EDGE_CURVE('',#2030,#2050,#489,.T.);
#2649=EDGE_CURVE('',#2029,#2051,#490,.T.);
#2650=EDGE_CURVE('',#2028,#2052,#491,.T.);
#2651=EDGE_CURVE('',#2027,#2053,#492,.T.);
#2652=EDGE_CURVE('',#2026,#2054,#493,.T.);
#2653=EDGE_CURVE('',#2025,#2055,#494,.T.);
#2654=EDGE_CURVE('',#1870,#2072,#203,.T.);
#2655=EDGE_CURVE('',#2072,#2073,#495,.T.);
#2656=EDGE_CURVE('',#2073,#1966,#204,.T.);
#2657=EDGE_CURVE('',#2074,#1965,#496,.T.);
#2658=EDGE_CURVE('',#1871,#2074,#205,.T.);
#2659=EDGE_CURVE('',#2074,#1873,#497,.T.);
#2660=EDGE_CURVE('',#1985,#2072,#498,.T.);
#2661=EDGE_CURVE('',#2073,#1984,#499,.T.);
#2662=EDGE_CURVE('',#2075,#2076,#21,.F.);
#2663=EDGE_CURVE('',#2077,#2076,#22,.T.);
#2664=EDGE_CURVE('',#2078,#2077,#500,.T.);
#2665=EDGE_CURVE('',#2079,#2078,#23,.T.);
#2666=EDGE_CURVE('',#2075,#2079,#501,.T.);
#2667=EDGE_CURVE('',#2080,#2079,#502,.T.);
#2668=EDGE_CURVE('',#2080,#2081,#503,.T.);
#2669=EDGE_CURVE('',#2075,#2081,#504,.T.);
#2670=EDGE_CURVE('',#2082,#2083,#24,.T.);
#2671=EDGE_CURVE('',#2081,#2082,#25,.T.);
#2672=EDGE_CURVE('',#2084,#2080,#26,.T.);
#2673=EDGE_CURVE('',#2083,#2084,#505,.T.);
#2674=EDGE_CURVE('',#2085,#1995,#27,.T.);
#2675=EDGE_CURVE('',#2086,#2085,#506,.T.);
#2676=EDGE_CURVE('',#2087,#2086,#28,.T.);
#2677=EDGE_CURVE('',#1996,#2087,#507,.T.);
#2678=EDGE_CURVE('',#2088,#2087,#508,.T.);
#2679=EDGE_CURVE('',#2088,#1997,#509,.T.);
#2680=EDGE_CURVE('',#1998,#2089,#29,.T.);
#2681=EDGE_CURVE('',#2090,#2088,#30,.T.);
#2682=EDGE_CURVE('',#2089,#2090,#510,.T.);
#2683=EDGE_CURVE('',#2091,#1960,#206,.T.);
#2684=EDGE_CURVE('',#2092,#2091,#511,.T.);
#2685=EDGE_CURVE('',#2093,#2092,#31,.T.);
#2686=EDGE_CURVE('',#1961,#2093,#512,.T.);
#2687=EDGE_CURVE('',#2094,#1960,#1726,.T.);
#2688=EDGE_CURVE('',#2094,#2091,#513,.T.);
#2689=EDGE_CURVE('',#2091,#2095,#514,.T.);
#2690=EDGE_CURVE('',#2092,#2095,#515,.T.);
#2691=EDGE_CURVE('',#2096,#2097,#32,.T.);
#2692=EDGE_CURVE('',#2098,#2097,#33,.T.);
#2693=EDGE_CURVE('',#2098,#1962,#34,.F.);
#2694=EDGE_CURVE('',#2099,#1961,#516,.T.);
#2695=EDGE_CURVE('',#2100,#2099,#35,.T.);
#2696=EDGE_CURVE('',#2096,#2100,#517,.T.);
#2697=EDGE_CURVE('',#2099,#2093,#518,.T.);
#2698=EDGE_CURVE('',#2101,#2096,#519,.T.);
#2699=EDGE_CURVE('',#2102,#2101,#36,.T.);
#2700=EDGE_CURVE('',#2103,#2102,#520,.T.);
#2701=EDGE_CURVE('',#2103,#1991,#37,.T.);
#2702=EDGE_CURVE('',#2097,#1990,#38,.T.);
#2703=EDGE_CURVE('',#2104,#2102,#521,.T.);
#2704=EDGE_CURVE('',#2104,#2103,#522,.T.);
#2705=EDGE_CURVE('',#2095,#2104,#39,.T.);
#2706=EDGE_CURVE('',#1992,#2094,#40,.T.);
#2707=EDGE_CURVE('',#2101,#2100,#523,.T.);
#2708=EDGE_CURVE('',#2105,#1960,#524,.T.);
#2709=EDGE_CURVE('',#2098,#2106,#525,.T.);
#2710=EDGE_CURVE('',#2106,#2107,#207,.T.);
#2711=EDGE_CURVE('',#2107,#1978,#526,.T.);
#2712=EDGE_CURVE('',#1981,#2108,#527,.T.);
#2713=EDGE_CURVE('',#2108,#2109,#208,.T.);
#2714=EDGE_CURVE('',#2076,#2109,#528,.F.);
#2715=EDGE_CURVE('',#2082,#2110,#529,.T.);
#2716=EDGE_CURVE('',#2110,#2105,#209,.T.);
#2717=EDGE_CURVE('',#1993,#2105,#530,.T.);
#2718=EDGE_CURVE('',#1747,#2111,#531,.T.);
#2719=EDGE_CURVE('',#2111,#2112,#210,.T.);
#2720=EDGE_CURVE('',#2112,#1935,#211,.T.);
#2721=EDGE_CURVE('',#2086,#2084,#532,.T.);
#2722=EDGE_CURVE('',#2083,#2085,#533,.T.);
#2723=EDGE_CURVE('',#2089,#2077,#534,.T.);
#2724=EDGE_CURVE('',#2078,#2090,#535,.T.);
#2725=EDGE_CURVE('',#1999,#2109,#536,.T.);
#2726=EDGE_CURVE('',#2113,#2114,#537,.T.);
#2727=EDGE_CURVE('',#2069,#2114,#538,.T.);
#2728=EDGE_CURVE('',#2068,#2115,#212,.T.);
#2729=EDGE_CURVE('',#2115,#2116,#213,.T.);
#2730=EDGE_CURVE('',#2113,#2116,#539,.T.);
#2731=EDGE_CURVE('',#1754,#2111,#214,.T.);
#2732=EDGE_CURVE('',#2112,#1753,#215,.T.);
#2733=EDGE_CURVE('',#1750,#2115,#216,.T.);
#2734=EDGE_CURVE('',#2116,#1749,#217,.T.);
#2735=EDGE_CURVE('',#1748,#2113,#1727,.T.);
#2736=EDGE_CURVE('',#2000,#2108,#540,.T.);
#2737=EDGE_CURVE('',#1989,#2106,#541,.T.);
#2738=EDGE_CURVE('',#1994,#2110,#542,.T.);
#2739=EDGE_CURVE('',#1988,#2107,#543,.T.);
#2740=EDGE_CURVE('',#2114,#1736,#544,.T.);
#2741=EDGE_CURVE('',#1933,#2071,#545,.T.);
#2742=EDGE_CURVE('',#1934,#2070,#546,.T.);
#2743=EDGE_CURVE('',#2117,#1955,#1728,.F.);
#2744=EDGE_CURVE('',#1952,#2117,#547,.T.);
#2745=EDGE_CURVE('',#1841,#1838,#548,.T.);
#2746=EDGE_CURVE('',#2118,#1840,#1729,.T.);
#2747=EDGE_CURVE('',#2119,#2118,#218,.T.);
#2748=EDGE_CURVE('',#2119,#1841,#1730,.F.);
#2749=EDGE_CURVE('',#2120,#1839,#1731,.T.);
#2750=EDGE_CURVE('',#2118,#2120,#549,.T.);
#2751=EDGE_CURVE('',#2120,#2121,#219,.T.);
#2752=EDGE_CURVE('',#1838,#2121,#1732,.F.);
#2753=EDGE_CURVE('',#2122,#1954,#1733,.T.);
#2754=EDGE_CURVE('',#2117,#2122,#220,.T.);
#2755=EDGE_CURVE('',#2123,#2124,#221,.T.);
#2756=EDGE_CURVE('',#1953,#2123,#1734,.T.);
#2757=EDGE_CURVE('',#1951,#2124,#1735,.F.);
#2758=EDGE_CURVE('',#2122,#2123,#550,.T.);
#2759=EDGE_CURVE('',#2124,#2125,#551,.T.);
#2760=EDGE_CURVE('',#2125,#2126,#222,.T.);
#2761=EDGE_CURVE('',#2123,#2126,#552,.T.);
#2762=EDGE_CURVE('',#2117,#2127,#553,.T.);
#2763=EDGE_CURVE('',#2127,#2125,#554,.T.);
#2764=EDGE_CURVE('',#2122,#2128,#555,.T.);
#2765=EDGE_CURVE('',#2128,#2127,#223,.T.);
#2766=EDGE_CURVE('',#2126,#2128,#556,.T.);
#2767=EDGE_CURVE('',#2118,#2129,#557,.T.);
#2768=EDGE_CURVE('',#2129,#2130,#224,.T.);
#2769=EDGE_CURVE('',#2119,#2130,#558,.T.);
#2770=EDGE_CURVE('',#2120,#2131,#559,.T.);
#2771=EDGE_CURVE('',#2131,#2129,#560,.T.);
#2772=EDGE_CURVE('',#2121,#2132,#561,.T.);
#2773=EDGE_CURVE('',#2132,#2131,#225,.T.);
#2774=EDGE_CURVE('',#2130,#2132,#562,.T.);
#2775=EDGE_CURVE('',#2133,#2134,#41,.T.);
#2776=EDGE_CURVE('',#2134,#2135,#563,.T.);
#2777=EDGE_CURVE('',#2135,#2136,#42,.T.);
#2778=EDGE_CURVE('',#2136,#2137,#43,.T.);
#2779=EDGE_CURVE('',#2137,#2133,#564,.T.);
#2780=EDGE_CURVE('',#2138,#2139,#565,.T.);
#2781=EDGE_CURVE('',#2138,#2133,#226,.T.);
#2782=EDGE_CURVE('',#2137,#2139,#227,.T.);
#2783=EDGE_CURVE('',#2136,#2140,#228,.T.);
#2784=EDGE_CURVE('',#2139,#2140,#44,.T.);
#2785=EDGE_CURVE('',#2141,#2138,#45,.T.);
#2786=EDGE_CURVE('',#2140,#2142,#46,.T.);
#2787=EDGE_CURVE('',#2142,#2141,#566,.T.);
#2788=EDGE_CURVE('',#2143,#2144,#567,.T.);
#2789=EDGE_CURVE('',#2144,#2145,#568,.T.);
#2790=EDGE_CURVE('',#2145,#1901,#569,.T.);
#2791=EDGE_CURVE('',#1900,#2146,#570,.T.);
#2792=EDGE_CURVE('',#2146,#2147,#571,.T.);
#2793=EDGE_CURVE('',#2147,#2148,#572,.T.);
#2794=EDGE_CURVE('',#2148,#2140,#229,.T.);
#2795=EDGE_CURVE('',#2136,#2143,#230,.T.);
#2796=EDGE_CURVE('',#2142,#2148,#573,.T.);
#2797=EDGE_CURVE('',#2135,#2143,#574,.T.);
#2798=EDGE_CURVE('',#2141,#2147,#575,.T.);
#2799=EDGE_CURVE('',#2144,#2134,#576,.T.);
#2800=EDGE_CURVE('',#2064,#2145,#577,.T.);
#2801=EDGE_CURVE('',#2065,#2144,#578,.T.);
#2802=EDGE_CURVE('',#2067,#2146,#579,.T.);
#2803=EDGE_CURVE('',#2147,#2066,#580,.T.);
#2804=EDGE_CURVE('',#1941,#2149,#581,.T.);
#2805=EDGE_CURVE('',#2149,#2150,#582,.T.);
#2806=EDGE_CURVE('',#2151,#2150,#47,.T.);
#2807=EDGE_CURVE('',#2152,#2151,#231,.T.);
#2808=EDGE_CURVE('',#2153,#2152,#48,.T.);
#2809=EDGE_CURVE('',#2153,#2154,#583,.T.);
#2810=EDGE_CURVE('',#2154,#1942,#584,.T.);
#2811=EDGE_CURVE('',#2155,#1940,#585,.T.);
#2812=EDGE_CURVE('',#2149,#2155,#586,.T.);
#2813=EDGE_CURVE('',#2156,#2154,#587,.T.);
#2814=EDGE_CURVE('',#2156,#1943,#588,.T.);
#2815=EDGE_CURVE('',#2001,#2156,#589,.T.);
#2816=EDGE_CURVE('',#2155,#1976,#590,.T.);
#2817=EDGE_CURVE('',#2149,#2157,#591,.T.);
#2818=EDGE_CURVE('',#2158,#2157,#592,.T.);
#2819=EDGE_CURVE('',#2158,#2150,#593,.T.);
#2820=EDGE_CURVE('',#2153,#2159,#594,.T.);
#2821=EDGE_CURVE('',#2159,#2160,#595,.T.);
#2822=EDGE_CURVE('',#2160,#2154,#596,.T.);
#2823=EDGE_CURVE('',#2159,#2161,#49,.T.);
#2824=EDGE_CURVE('',#2161,#2160,#232,.T.);
#2825=EDGE_CURVE('',#2162,#2158,#50,.T.);
#2826=EDGE_CURVE('',#2157,#2162,#233,.T.);
#2827=EDGE_CURVE('',#2161,#2162,#234,.T.);
#2828=EDGE_CURVE('',#2163,#2162,#51,.T.);
#2829=EDGE_CURVE('',#2151,#2163,#597,.T.);
#2830=EDGE_CURVE('',#2161,#2164,#52,.T.);
#2831=EDGE_CURVE('',#2164,#2163,#235,.T.);
#2832=EDGE_CURVE('',#2164,#2152,#598,.T.);
#2833=ORIENTED_EDGE('',*,*,#2165,.T.);
#2834=ORIENTED_EDGE('',*,*,#2166,.T.);
#2835=ORIENTED_EDGE('',*,*,#2167,.T.);
#2836=ORIENTED_EDGE('',*,*,#2168,.T.);
#2837=ORIENTED_EDGE('',*,*,#2169,.F.);
#2838=ORIENTED_EDGE('',*,*,#2170,.T.);
#2839=ORIENTED_EDGE('',*,*,#2171,.T.);
#2840=ORIENTED_EDGE('',*,*,#2172,.T.);
#2841=ORIENTED_EDGE('',*,*,#2168,.F.);
#2842=ORIENTED_EDGE('',*,*,#2173,.F.);
#2843=ORIENTED_EDGE('',*,*,#2174,.F.);
#2844=ORIENTED_EDGE('',*,*,#2175,.T.);
#2845=ORIENTED_EDGE('',*,*,#2167,.F.);
#2846=ORIENTED_EDGE('',*,*,#2176,.T.);
#2847=ORIENTED_EDGE('',*,*,#2177,.T.);
#2848=ORIENTED_EDGE('',*,*,#2178,.T.);
#2849=ORIENTED_EDGE('',*,*,#2173,.T.);
#2850=ORIENTED_EDGE('',*,*,#2166,.F.);
#2851=ORIENTED_EDGE('',*,*,#2179,.T.);
#2852=ORIENTED_EDGE('',*,*,#2180,.T.);
#2853=ORIENTED_EDGE('',*,*,#2181,.T.);
#2854=ORIENTED_EDGE('',*,*,#2182,.F.);
#2855=ORIENTED_EDGE('',*,*,#2183,.T.);
#2856=ORIENTED_EDGE('',*,*,#2184,.T.);
#2857=ORIENTED_EDGE('',*,*,#2185,.T.);
#2858=ORIENTED_EDGE('',*,*,#2186,.T.);
#2859=ORIENTED_EDGE('',*,*,#2176,.F.);
#2860=ORIENTED_EDGE('',*,*,#2187,.F.);
#2861=ORIENTED_EDGE('',*,*,#2188,.T.);
#2862=ORIENTED_EDGE('',*,*,#2189,.T.);
#2863=ORIENTED_EDGE('',*,*,#2190,.F.);
#2864=ORIENTED_EDGE('',*,*,#2191,.F.);
#2865=ORIENTED_EDGE('',*,*,#2192,.T.);
#2866=ORIENTED_EDGE('',*,*,#2193,.T.);
#2867=ORIENTED_EDGE('',*,*,#2188,.F.);
#2868=ORIENTED_EDGE('',*,*,#2194,.F.);
#2869=ORIENTED_EDGE('',*,*,#2195,.T.);
#2870=ORIENTED_EDGE('',*,*,#2196,.T.);
#2871=ORIENTED_EDGE('',*,*,#2192,.F.);
#2872=ORIENTED_EDGE('',*,*,#2197,.F.);
#2873=ORIENTED_EDGE('',*,*,#2198,.T.);
#2874=ORIENTED_EDGE('',*,*,#2199,.T.);
#2875=ORIENTED_EDGE('',*,*,#2195,.F.);
#2876=ORIENTED_EDGE('',*,*,#2200,.F.);
#2877=ORIENTED_EDGE('',*,*,#2201,.T.);
#2878=ORIENTED_EDGE('',*,*,#2202,.T.);
#2879=ORIENTED_EDGE('',*,*,#2198,.F.);
#2880=ORIENTED_EDGE('',*,*,#2203,.F.);
#2881=ORIENTED_EDGE('',*,*,#2204,.T.);
#2882=ORIENTED_EDGE('',*,*,#2205,.T.);
#2883=ORIENTED_EDGE('',*,*,#2201,.F.);
#2884=ORIENTED_EDGE('',*,*,#2206,.F.);
#2885=ORIENTED_EDGE('',*,*,#2207,.T.);
#2886=ORIENTED_EDGE('',*,*,#2208,.T.);
#2887=ORIENTED_EDGE('',*,*,#2204,.F.);
#2888=ORIENTED_EDGE('',*,*,#2209,.F.);
#2889=ORIENTED_EDGE('',*,*,#2190,.T.);
#2890=ORIENTED_EDGE('',*,*,#2210,.T.);
#2891=ORIENTED_EDGE('',*,*,#2207,.F.);
#2892=ORIENTED_EDGE('',*,*,#2211,.F.);
#2893=ORIENTED_EDGE('',*,*,#2212,.T.);
#2894=ORIENTED_EDGE('',*,*,#2213,.T.);
#2895=ORIENTED_EDGE('',*,*,#2214,.F.);
#2896=ORIENTED_EDGE('',*,*,#2215,.F.);
#2897=ORIENTED_EDGE('',*,*,#2216,.T.);
#2898=ORIENTED_EDGE('',*,*,#2217,.T.);
#2899=ORIENTED_EDGE('',*,*,#2212,.F.);
#2900=ORIENTED_EDGE('',*,*,#2218,.F.);
#2901=ORIENTED_EDGE('',*,*,#2219,.T.);
#2902=ORIENTED_EDGE('',*,*,#2220,.T.);
#2903=ORIENTED_EDGE('',*,*,#2216,.F.);
#2904=ORIENTED_EDGE('',*,*,#2221,.F.);
#2905=ORIENTED_EDGE('',*,*,#2222,.T.);
#2906=ORIENTED_EDGE('',*,*,#2223,.T.);
#2907=ORIENTED_EDGE('',*,*,#2219,.F.);
#2908=ORIENTED_EDGE('',*,*,#2224,.F.);
#2909=ORIENTED_EDGE('',*,*,#2225,.T.);
#2910=ORIENTED_EDGE('',*,*,#2226,.T.);
#2911=ORIENTED_EDGE('',*,*,#2222,.F.);
#2912=ORIENTED_EDGE('',*,*,#2227,.F.);
#2913=ORIENTED_EDGE('',*,*,#2228,.T.);
#2914=ORIENTED_EDGE('',*,*,#2229,.T.);
#2915=ORIENTED_EDGE('',*,*,#2225,.F.);
#2916=ORIENTED_EDGE('',*,*,#2230,.F.);
#2917=ORIENTED_EDGE('',*,*,#2231,.T.);
#2918=ORIENTED_EDGE('',*,*,#2232,.T.);
#2919=ORIENTED_EDGE('',*,*,#2228,.F.);
#2920=ORIENTED_EDGE('',*,*,#2233,.F.);
#2921=ORIENTED_EDGE('',*,*,#2234,.T.);
#2922=ORIENTED_EDGE('',*,*,#2235,.T.);
#2923=ORIENTED_EDGE('',*,*,#2231,.F.);
#2924=ORIENTED_EDGE('',*,*,#2236,.F.);
#2925=ORIENTED_EDGE('',*,*,#2237,.T.);
#2926=ORIENTED_EDGE('',*,*,#2238,.T.);
#2927=ORIENTED_EDGE('',*,*,#2234,.F.);
#2928=ORIENTED_EDGE('',*,*,#2239,.F.);
#2929=ORIENTED_EDGE('',*,*,#2240,.T.);
#2930=ORIENTED_EDGE('',*,*,#2241,.T.);
#2931=ORIENTED_EDGE('',*,*,#2237,.F.);
#2932=ORIENTED_EDGE('',*,*,#2242,.F.);
#2933=ORIENTED_EDGE('',*,*,#2214,.T.);
#2934=ORIENTED_EDGE('',*,*,#2243,.T.);
#2935=ORIENTED_EDGE('',*,*,#2240,.F.);
#2936=ORIENTED_EDGE('',*,*,#2243,.F.);
#2937=ORIENTED_EDGE('',*,*,#2213,.F.);
#2938=ORIENTED_EDGE('',*,*,#2217,.F.);
#2939=ORIENTED_EDGE('',*,*,#2220,.F.);
#2940=ORIENTED_EDGE('',*,*,#2223,.F.);
#2941=ORIENTED_EDGE('',*,*,#2226,.F.);
#2942=ORIENTED_EDGE('',*,*,#2229,.F.);
#2943=ORIENTED_EDGE('',*,*,#2232,.F.);
#2944=ORIENTED_EDGE('',*,*,#2235,.F.);
#2945=ORIENTED_EDGE('',*,*,#2238,.F.);
#2946=ORIENTED_EDGE('',*,*,#2241,.F.);
#2947=ORIENTED_EDGE('',*,*,#2210,.F.);
#2948=ORIENTED_EDGE('',*,*,#2189,.F.);
#2949=ORIENTED_EDGE('',*,*,#2193,.F.);
#2950=ORIENTED_EDGE('',*,*,#2196,.F.);
#2951=ORIENTED_EDGE('',*,*,#2199,.F.);
#2952=ORIENTED_EDGE('',*,*,#2202,.F.);
#2953=ORIENTED_EDGE('',*,*,#2205,.F.);
#2954=ORIENTED_EDGE('',*,*,#2208,.F.);
#2955=ORIENTED_EDGE('',*,*,#2244,.F.);
#2956=ORIENTED_EDGE('',*,*,#2245,.T.);
#2957=ORIENTED_EDGE('',*,*,#2246,.T.);
#2958=ORIENTED_EDGE('',*,*,#2247,.F.);
#2959=ORIENTED_EDGE('',*,*,#2248,.F.);
#2960=ORIENTED_EDGE('',*,*,#2249,.T.);
#2961=ORIENTED_EDGE('',*,*,#2250,.T.);
#2962=ORIENTED_EDGE('',*,*,#2245,.F.);
#2963=ORIENTED_EDGE('',*,*,#2251,.F.);
#2964=ORIENTED_EDGE('',*,*,#2252,.T.);
#2965=ORIENTED_EDGE('',*,*,#2253,.T.);
#2966=ORIENTED_EDGE('',*,*,#2249,.F.);
#2967=ORIENTED_EDGE('',*,*,#2254,.F.);
#2968=ORIENTED_EDGE('',*,*,#2247,.T.);
#2969=ORIENTED_EDGE('',*,*,#2255,.T.);
#2970=ORIENTED_EDGE('',*,*,#2252,.F.);
#2971=ORIENTED_EDGE('',*,*,#2255,.F.);
#2972=ORIENTED_EDGE('',*,*,#2246,.F.);
#2973=ORIENTED_EDGE('',*,*,#2250,.F.);
#2974=ORIENTED_EDGE('',*,*,#2253,.F.);
#2975=ORIENTED_EDGE('',*,*,#2256,.F.);
#2976=ORIENTED_EDGE('',*,*,#2257,.T.);
#2977=ORIENTED_EDGE('',*,*,#2258,.T.);
#2978=ORIENTED_EDGE('',*,*,#2259,.F.);
#2979=ORIENTED_EDGE('',*,*,#2260,.F.);
#2980=ORIENTED_EDGE('',*,*,#2261,.T.);
#2981=ORIENTED_EDGE('',*,*,#2262,.T.);
#2982=ORIENTED_EDGE('',*,*,#2257,.F.);
#2983=ORIENTED_EDGE('',*,*,#2263,.F.);
#2984=ORIENTED_EDGE('',*,*,#2264,.T.);
#2985=ORIENTED_EDGE('',*,*,#2265,.T.);
#2986=ORIENTED_EDGE('',*,*,#2261,.F.);
#2987=ORIENTED_EDGE('',*,*,#2266,.F.);
#2988=ORIENTED_EDGE('',*,*,#2267,.T.);
#2989=ORIENTED_EDGE('',*,*,#2268,.T.);
#2990=ORIENTED_EDGE('',*,*,#2264,.F.);
#2991=ORIENTED_EDGE('',*,*,#2269,.F.);
#2992=ORIENTED_EDGE('',*,*,#2270,.T.);
#2993=ORIENTED_EDGE('',*,*,#2271,.T.);
#2994=ORIENTED_EDGE('',*,*,#2267,.F.);
#2995=ORIENTED_EDGE('',*,*,#2272,.F.);
#2996=ORIENTED_EDGE('',*,*,#2259,.T.);
#2997=ORIENTED_EDGE('',*,*,#2273,.T.);
#2998=ORIENTED_EDGE('',*,*,#2270,.F.);
#2999=ORIENTED_EDGE('',*,*,#2273,.F.);
#3000=ORIENTED_EDGE('',*,*,#2258,.F.);
#3001=ORIENTED_EDGE('',*,*,#2262,.F.);
#3002=ORIENTED_EDGE('',*,*,#2265,.F.);
#3003=ORIENTED_EDGE('',*,*,#2268,.F.);
#3004=ORIENTED_EDGE('',*,*,#2271,.F.);
#3005=ORIENTED_EDGE('',*,*,#2274,.F.);
#3006=ORIENTED_EDGE('',*,*,#2275,.T.);
#3007=ORIENTED_EDGE('',*,*,#2276,.T.);
#3008=ORIENTED_EDGE('',*,*,#2277,.F.);
#3009=ORIENTED_EDGE('',*,*,#2278,.F.);
#3010=ORIENTED_EDGE('',*,*,#2279,.T.);
#3011=ORIENTED_EDGE('',*,*,#2280,.T.);
#3012=ORIENTED_EDGE('',*,*,#2275,.F.);
#3013=ORIENTED_EDGE('',*,*,#2281,.F.);
#3014=ORIENTED_EDGE('',*,*,#2282,.T.);
#3015=ORIENTED_EDGE('',*,*,#2283,.T.);
#3016=ORIENTED_EDGE('',*,*,#2279,.F.);
#3017=ORIENTED_EDGE('',*,*,#2284,.F.);
#3018=ORIENTED_EDGE('',*,*,#2285,.T.);
#3019=ORIENTED_EDGE('',*,*,#2286,.T.);
#3020=ORIENTED_EDGE('',*,*,#2282,.F.);
#3021=ORIENTED_EDGE('',*,*,#2287,.F.);
#3022=ORIENTED_EDGE('',*,*,#2288,.T.);
#3023=ORIENTED_EDGE('',*,*,#2289,.T.);
#3024=ORIENTED_EDGE('',*,*,#2285,.F.);
#3025=ORIENTED_EDGE('',*,*,#2290,.F.);
#3026=ORIENTED_EDGE('',*,*,#2291,.T.);
#3027=ORIENTED_EDGE('',*,*,#2292,.T.);
#3028=ORIENTED_EDGE('',*,*,#2288,.F.);
#3029=ORIENTED_EDGE('',*,*,#2293,.F.);
#3030=ORIENTED_EDGE('',*,*,#2294,.T.);
#3031=ORIENTED_EDGE('',*,*,#2295,.T.);
#3032=ORIENTED_EDGE('',*,*,#2291,.F.);
#3033=ORIENTED_EDGE('',*,*,#2296,.F.);
#3034=ORIENTED_EDGE('',*,*,#2277,.T.);
#3035=ORIENTED_EDGE('',*,*,#2297,.T.);
#3036=ORIENTED_EDGE('',*,*,#2294,.F.);
#3037=ORIENTED_EDGE('',*,*,#2297,.F.);
#3038=ORIENTED_EDGE('',*,*,#2276,.F.);
#3039=ORIENTED_EDGE('',*,*,#2280,.F.);
#3040=ORIENTED_EDGE('',*,*,#2283,.F.);
#3041=ORIENTED_EDGE('',*,*,#2286,.F.);
#3042=ORIENTED_EDGE('',*,*,#2289,.F.);
#3043=ORIENTED_EDGE('',*,*,#2292,.F.);
#3044=ORIENTED_EDGE('',*,*,#2295,.F.);
#3045=ORIENTED_EDGE('',*,*,#2298,.T.);
#3046=ORIENTED_EDGE('',*,*,#2299,.T.);
#3047=ORIENTED_EDGE('',*,*,#2300,.F.);
#3048=ORIENTED_EDGE('',*,*,#2301,.F.);
#3049=ORIENTED_EDGE('',*,*,#2302,.F.);
#3050=ORIENTED_EDGE('',*,*,#2303,.T.);
#3051=ORIENTED_EDGE('',*,*,#2304,.T.);
#3052=ORIENTED_EDGE('',*,*,#2305,.T.);
#3053=ORIENTED_EDGE('',*,*,#2306,.F.);
#3054=ORIENTED_EDGE('',*,*,#2307,.T.);
#3055=ORIENTED_EDGE('',*,*,#2308,.T.);
#3056=ORIENTED_EDGE('',*,*,#2309,.T.);
#3057=ORIENTED_EDGE('',*,*,#2310,.F.);
#3058=ORIENTED_EDGE('',*,*,#2311,.F.);
#3059=ORIENTED_EDGE('',*,*,#2274,.T.);
#3060=ORIENTED_EDGE('',*,*,#2296,.T.);
#3061=ORIENTED_EDGE('',*,*,#2293,.T.);
#3062=ORIENTED_EDGE('',*,*,#2290,.T.);
#3063=ORIENTED_EDGE('',*,*,#2287,.T.);
#3064=ORIENTED_EDGE('',*,*,#2284,.T.);
#3065=ORIENTED_EDGE('',*,*,#2281,.T.);
#3066=ORIENTED_EDGE('',*,*,#2278,.T.);
#3067=ORIENTED_EDGE('',*,*,#2256,.T.);
#3068=ORIENTED_EDGE('',*,*,#2272,.T.);
#3069=ORIENTED_EDGE('',*,*,#2269,.T.);
#3070=ORIENTED_EDGE('',*,*,#2266,.T.);
#3071=ORIENTED_EDGE('',*,*,#2263,.T.);
#3072=ORIENTED_EDGE('',*,*,#2260,.T.);
#3073=ORIENTED_EDGE('',*,*,#2244,.T.);
#3074=ORIENTED_EDGE('',*,*,#2254,.T.);
#3075=ORIENTED_EDGE('',*,*,#2251,.T.);
#3076=ORIENTED_EDGE('',*,*,#2248,.T.);
#3077=ORIENTED_EDGE('',*,*,#2211,.T.);
#3078=ORIENTED_EDGE('',*,*,#2242,.T.);
#3079=ORIENTED_EDGE('',*,*,#2239,.T.);
#3080=ORIENTED_EDGE('',*,*,#2236,.T.);
#3081=ORIENTED_EDGE('',*,*,#2233,.T.);
#3082=ORIENTED_EDGE('',*,*,#2230,.T.);
#3083=ORIENTED_EDGE('',*,*,#2227,.T.);
#3084=ORIENTED_EDGE('',*,*,#2224,.T.);
#3085=ORIENTED_EDGE('',*,*,#2221,.T.);
#3086=ORIENTED_EDGE('',*,*,#2218,.T.);
#3087=ORIENTED_EDGE('',*,*,#2215,.T.);
#3088=ORIENTED_EDGE('',*,*,#2312,.T.);
#3089=ORIENTED_EDGE('',*,*,#2313,.T.);
#3090=ORIENTED_EDGE('',*,*,#2314,.T.);
#3091=ORIENTED_EDGE('',*,*,#2315,.T.);
#3092=ORIENTED_EDGE('',*,*,#2316,.T.);
#3093=ORIENTED_EDGE('',*,*,#2317,.T.);
#3094=ORIENTED_EDGE('',*,*,#2318,.T.);
#3095=ORIENTED_EDGE('',*,*,#2319,.T.);
#3096=ORIENTED_EDGE('',*,*,#2320,.T.);
#3097=ORIENTED_EDGE('',*,*,#2315,.F.);
#3098=ORIENTED_EDGE('',*,*,#2321,.T.);
#3099=ORIENTED_EDGE('',*,*,#2322,.T.);
#3100=ORIENTED_EDGE('',*,*,#2323,.T.);
#3101=ORIENTED_EDGE('',*,*,#2322,.F.);
#3102=ORIENTED_EDGE('',*,*,#2324,.T.);
#3103=ORIENTED_EDGE('',*,*,#2325,.T.);
#3104=ORIENTED_EDGE('',*,*,#2326,.T.);
#3105=ORIENTED_EDGE('',*,*,#2327,.T.);
#3106=ORIENTED_EDGE('',*,*,#2317,.F.);
#3107=ORIENTED_EDGE('',*,*,#2328,.T.);
#3108=ORIENTED_EDGE('',*,*,#2329,.T.);
#3109=ORIENTED_EDGE('',*,*,#2330,.T.);
#3110=ORIENTED_EDGE('',*,*,#2313,.F.);
#3111=ORIENTED_EDGE('',*,*,#2331,.F.);
#3112=ORIENTED_EDGE('',*,*,#2332,.T.);
#3113=ORIENTED_EDGE('',*,*,#2333,.T.);
#3114=ORIENTED_EDGE('',*,*,#2314,.F.);
#3115=ORIENTED_EDGE('',*,*,#2333,.F.);
#3116=ORIENTED_EDGE('',*,*,#2334,.T.);
#3117=ORIENTED_EDGE('',*,*,#2335,.T.);
#3118=ORIENTED_EDGE('',*,*,#2336,.T.);
#3119=ORIENTED_EDGE('',*,*,#2337,.T.);
#3120=ORIENTED_EDGE('',*,*,#2338,.F.);
#3121=ORIENTED_EDGE('',*,*,#2339,.T.);
#3122=ORIENTED_EDGE('',*,*,#2340,.F.);
#3123=ORIENTED_EDGE('',*,*,#2341,.T.);
#3124=ORIENTED_EDGE('',*,*,#2342,.F.);
#3125=ORIENTED_EDGE('',*,*,#2343,.F.);
#3126=ORIENTED_EDGE('',*,*,#2324,.F.);
#3127=ORIENTED_EDGE('',*,*,#2321,.F.);
#3128=ORIENTED_EDGE('',*,*,#2325,.F.);
#3129=ORIENTED_EDGE('',*,*,#2343,.T.);
#3130=ORIENTED_EDGE('',*,*,#2344,.T.);
#3131=ORIENTED_EDGE('',*,*,#2345,.T.);
#3132=ORIENTED_EDGE('',*,*,#2326,.F.);
#3133=ORIENTED_EDGE('',*,*,#2345,.F.);
#3134=ORIENTED_EDGE('',*,*,#2346,.F.);
#3135=ORIENTED_EDGE('',*,*,#2347,.T.);
#3136=ORIENTED_EDGE('',*,*,#2348,.F.);
#3137=ORIENTED_EDGE('',*,*,#2327,.F.);
#3138=ORIENTED_EDGE('',*,*,#2348,.T.);
#3139=ORIENTED_EDGE('',*,*,#2349,.T.);
#3140=ORIENTED_EDGE('',*,*,#2350,.T.);
#3141=ORIENTED_EDGE('',*,*,#2351,.T.);
#3142=ORIENTED_EDGE('',*,*,#2352,.T.);
#3143=ORIENTED_EDGE('',*,*,#2318,.F.);
#3144=ORIENTED_EDGE('',*,*,#2353,.F.);
#3145=ORIENTED_EDGE('',*,*,#2354,.F.);
#3146=ORIENTED_EDGE('',*,*,#2355,.F.);
#3147=ORIENTED_EDGE('',*,*,#2356,.F.);
#3148=ORIENTED_EDGE('',*,*,#2357,.F.);
#3149=ORIENTED_EDGE('',*,*,#2353,.T.);
#3150=ORIENTED_EDGE('',*,*,#2358,.F.);
#3151=ORIENTED_EDGE('',*,*,#2356,.T.);
#3152=ORIENTED_EDGE('',*,*,#2359,.F.);
#3153=ORIENTED_EDGE('',*,*,#2360,.F.);
#3154=ORIENTED_EDGE('',*,*,#2361,.F.);
#3155=ORIENTED_EDGE('',*,*,#2360,.T.);
#3156=ORIENTED_EDGE('',*,*,#2362,.F.);
#3157=ORIENTED_EDGE('',*,*,#2363,.F.);
#3158=ORIENTED_EDGE('',*,*,#2364,.F.);
#3159=ORIENTED_EDGE('',*,*,#2365,.F.);
#3160=ORIENTED_EDGE('',*,*,#2366,.F.);
#3161=ORIENTED_EDGE('',*,*,#2363,.T.);
#3162=ORIENTED_EDGE('',*,*,#2367,.F.);
#3163=ORIENTED_EDGE('',*,*,#2365,.T.);
#3164=ORIENTED_EDGE('',*,*,#2368,.F.);
#3165=ORIENTED_EDGE('',*,*,#2369,.F.);
#3166=ORIENTED_EDGE('',*,*,#2370,.F.);
#3167=ORIENTED_EDGE('',*,*,#2371,.F.);
#3168=ORIENTED_EDGE('',*,*,#2372,.F.);
#3169=ORIENTED_EDGE('',*,*,#2369,.T.);
#3170=ORIENTED_EDGE('',*,*,#2373,.F.);
#3171=ORIENTED_EDGE('',*,*,#2374,.F.);
#3172=ORIENTED_EDGE('',*,*,#2375,.F.);
#3173=ORIENTED_EDGE('',*,*,#2371,.T.);
#3174=ORIENTED_EDGE('',*,*,#2376,.F.);
#3175=ORIENTED_EDGE('',*,*,#2377,.F.);
#3176=ORIENTED_EDGE('',*,*,#2378,.F.);
#3177=ORIENTED_EDGE('',*,*,#2374,.T.);
#3178=ORIENTED_EDGE('',*,*,#2379,.F.);
#3179=ORIENTED_EDGE('',*,*,#2380,.F.);
#3180=ORIENTED_EDGE('',*,*,#2377,.T.);
#3181=ORIENTED_EDGE('',*,*,#2381,.F.);
#3182=ORIENTED_EDGE('',*,*,#2380,.T.);
#3183=ORIENTED_EDGE('',*,*,#2382,.F.);
#3184=ORIENTED_EDGE('',*,*,#2383,.T.);
#3185=ORIENTED_EDGE('',*,*,#2384,.F.);
#3186=ORIENTED_EDGE('',*,*,#2378,.T.);
#3187=ORIENTED_EDGE('',*,*,#2384,.T.);
#3188=ORIENTED_EDGE('',*,*,#2182,.T.);
#3189=ORIENTED_EDGE('',*,*,#2385,.T.);
#3190=ORIENTED_EDGE('',*,*,#2386,.T.);
#3191=ORIENTED_EDGE('',*,*,#2387,.T.);
#3192=ORIENTED_EDGE('',*,*,#2388,.T.);
#3193=ORIENTED_EDGE('',*,*,#2375,.T.);
#3194=ORIENTED_EDGE('',*,*,#2372,.T.);
#3195=ORIENTED_EDGE('',*,*,#2388,.F.);
#3196=ORIENTED_EDGE('',*,*,#2389,.T.);
#3197=ORIENTED_EDGE('',*,*,#2390,.T.);
#3198=ORIENTED_EDGE('',*,*,#2391,.T.);
#3199=ORIENTED_EDGE('',*,*,#2370,.T.);
#3200=ORIENTED_EDGE('',*,*,#2391,.F.);
#3201=ORIENTED_EDGE('',*,*,#2392,.F.);
#3202=ORIENTED_EDGE('',*,*,#2393,.F.);
#3203=ORIENTED_EDGE('',*,*,#2394,.F.);
#3204=ORIENTED_EDGE('',*,*,#2395,.T.);
#3205=ORIENTED_EDGE('',*,*,#2364,.T.);
#3206=ORIENTED_EDGE('',*,*,#2366,.T.);
#3207=ORIENTED_EDGE('',*,*,#2361,.T.);
#3208=ORIENTED_EDGE('',*,*,#2395,.F.);
#3209=ORIENTED_EDGE('',*,*,#2396,.T.);
#3210=ORIENTED_EDGE('',*,*,#2397,.T.);
#3211=ORIENTED_EDGE('',*,*,#2357,.T.);
#3212=ORIENTED_EDGE('',*,*,#2354,.T.);
#3213=ORIENTED_EDGE('',*,*,#2397,.F.);
#3214=ORIENTED_EDGE('',*,*,#2398,.F.);
#3215=ORIENTED_EDGE('',*,*,#2304,.F.);
#3216=ORIENTED_EDGE('',*,*,#2399,.F.);
#3217=ORIENTED_EDGE('',*,*,#2400,.F.);
#3218=ORIENTED_EDGE('',*,*,#2401,.F.);
#3219=ORIENTED_EDGE('',*,*,#2399,.T.);
#3220=ORIENTED_EDGE('',*,*,#2402,.F.);
#3221=ORIENTED_EDGE('',*,*,#2403,.F.);
#3222=ORIENTED_EDGE('',*,*,#2404,.F.);
#3223=ORIENTED_EDGE('',*,*,#2403,.T.);
#3224=ORIENTED_EDGE('',*,*,#2405,.F.);
#3225=ORIENTED_EDGE('',*,*,#2406,.F.);
#3226=ORIENTED_EDGE('',*,*,#2407,.F.);
#3227=ORIENTED_EDGE('',*,*,#2406,.T.);
#3228=ORIENTED_EDGE('',*,*,#2408,.F.);
#3229=ORIENTED_EDGE('',*,*,#2409,.F.);
#3230=ORIENTED_EDGE('',*,*,#2410,.F.);
#3231=ORIENTED_EDGE('',*,*,#2411,.F.);
#3232=ORIENTED_EDGE('',*,*,#2332,.F.);
#3233=ORIENTED_EDGE('',*,*,#2409,.T.);
#3234=ORIENTED_EDGE('',*,*,#2412,.F.);
#3235=ORIENTED_EDGE('',*,*,#2411,.T.);
#3236=ORIENTED_EDGE('',*,*,#2413,.F.);
#3237=ORIENTED_EDGE('',*,*,#2414,.F.);
#3238=ORIENTED_EDGE('',*,*,#2334,.F.);
#3239=ORIENTED_EDGE('',*,*,#2414,.T.);
#3240=ORIENTED_EDGE('',*,*,#2415,.F.);
#3241=ORIENTED_EDGE('',*,*,#2416,.F.);
#3242=ORIENTED_EDGE('',*,*,#2335,.F.);
#3243=ORIENTED_EDGE('',*,*,#2417,.F.);
#3244=ORIENTED_EDGE('',*,*,#2336,.F.);
#3245=ORIENTED_EDGE('',*,*,#2416,.T.);
#3246=ORIENTED_EDGE('',*,*,#2418,.F.);
#3247=ORIENTED_EDGE('',*,*,#2417,.T.);
#3248=ORIENTED_EDGE('',*,*,#2419,.F.);
#3249=ORIENTED_EDGE('',*,*,#2420,.F.);
#3250=ORIENTED_EDGE('',*,*,#2421,.F.);
#3251=ORIENTED_EDGE('',*,*,#2422,.F.);
#3252=ORIENTED_EDGE('',*,*,#2420,.T.);
#3253=ORIENTED_EDGE('',*,*,#2423,.F.);
#3254=ORIENTED_EDGE('',*,*,#2422,.T.);
#3255=ORIENTED_EDGE('',*,*,#2424,.F.);
#3256=ORIENTED_EDGE('',*,*,#2425,.F.);
#3257=ORIENTED_EDGE('',*,*,#2337,.F.);
#3258=ORIENTED_EDGE('',*,*,#2421,.T.);
#3259=ORIENTED_EDGE('',*,*,#2312,.F.);
#3260=ORIENTED_EDGE('',*,*,#2320,.F.);
#3261=ORIENTED_EDGE('',*,*,#2323,.F.);
#3262=ORIENTED_EDGE('',*,*,#2426,.F.);
#3263=ORIENTED_EDGE('',*,*,#2427,.F.);
#3264=ORIENTED_EDGE('',*,*,#2428,.T.);
#3265=ORIENTED_EDGE('',*,*,#2407,.T.);
#3266=ORIENTED_EDGE('',*,*,#2410,.T.);
#3267=ORIENTED_EDGE('',*,*,#2331,.T.);
#3268=ORIENTED_EDGE('',*,*,#2404,.T.);
#3269=ORIENTED_EDGE('',*,*,#2428,.F.);
#3270=ORIENTED_EDGE('',*,*,#2429,.F.);
#3271=ORIENTED_EDGE('',*,*,#2299,.F.);
#3272=ORIENTED_EDGE('',*,*,#2400,.T.);
#3273=ORIENTED_EDGE('',*,*,#2401,.T.);
#3274=ORIENTED_EDGE('',*,*,#2298,.F.);
#3275=ORIENTED_EDGE('',*,*,#2430,.F.);
#3276=ORIENTED_EDGE('',*,*,#2431,.F.);
#3277=ORIENTED_EDGE('',*,*,#2430,.T.);
#3278=ORIENTED_EDGE('',*,*,#2311,.T.);
#3279=ORIENTED_EDGE('',*,*,#2432,.F.);
#3280=ORIENTED_EDGE('',*,*,#2433,.F.);
#3281=ORIENTED_EDGE('',*,*,#2434,.F.);
#3282=ORIENTED_EDGE('',*,*,#2435,.F.);
#3283=ORIENTED_EDGE('',*,*,#2436,.F.);
#3284=ORIENTED_EDGE('',*,*,#2437,.F.);
#3285=ORIENTED_EDGE('',*,*,#2438,.F.);
#3286=ORIENTED_EDGE('',*,*,#2439,.F.);
#3287=ORIENTED_EDGE('',*,*,#2440,.F.);
#3288=ORIENTED_EDGE('',*,*,#2441,.F.);
#3289=ORIENTED_EDGE('',*,*,#2442,.F.);
#3290=ORIENTED_EDGE('',*,*,#2443,.F.);
#3291=ORIENTED_EDGE('',*,*,#2444,.F.);
#3292=ORIENTED_EDGE('',*,*,#2169,.T.);
#3293=ORIENTED_EDGE('',*,*,#2175,.F.);
#3294=ORIENTED_EDGE('',*,*,#2445,.F.);
#3295=ORIENTED_EDGE('',*,*,#2446,.F.);
#3296=ORIENTED_EDGE('',*,*,#2447,.T.);
#3297=ORIENTED_EDGE('',*,*,#2448,.T.);
#3298=ORIENTED_EDGE('',*,*,#2449,.T.);
#3299=ORIENTED_EDGE('',*,*,#2450,.T.);
#3300=ORIENTED_EDGE('',*,*,#2451,.T.);
#3301=ORIENTED_EDGE('',*,*,#2452,.T.);
#3302=ORIENTED_EDGE('',*,*,#2453,.T.);
#3303=ORIENTED_EDGE('',*,*,#2454,.T.);
#3304=ORIENTED_EDGE('',*,*,#2455,.T.);
#3305=ORIENTED_EDGE('',*,*,#2456,.T.);
#3306=ORIENTED_EDGE('',*,*,#2457,.T.);
#3307=ORIENTED_EDGE('',*,*,#2405,.T.);
#3308=ORIENTED_EDGE('',*,*,#2402,.T.);
#3309=ORIENTED_EDGE('',*,*,#2431,.T.);
#3310=ORIENTED_EDGE('',*,*,#2457,.F.);
#3311=ORIENTED_EDGE('',*,*,#2458,.F.);
#3312=ORIENTED_EDGE('',*,*,#2381,.T.);
#3313=ORIENTED_EDGE('',*,*,#2379,.T.);
#3314=ORIENTED_EDGE('',*,*,#2459,.F.);
#3315=ORIENTED_EDGE('',*,*,#2460,.F.);
#3316=ORIENTED_EDGE('',*,*,#2461,.F.);
#3317=ORIENTED_EDGE('',*,*,#2423,.T.);
#3318=ORIENTED_EDGE('',*,*,#2462,.F.);
#3319=ORIENTED_EDGE('',*,*,#2463,.F.);
#3320=ORIENTED_EDGE('',*,*,#2464,.F.);
#3321=ORIENTED_EDGE('',*,*,#2463,.T.);
#3322=ORIENTED_EDGE('',*,*,#2183,.F.);
#3323=ORIENTED_EDGE('',*,*,#2383,.F.);
#3324=ORIENTED_EDGE('',*,*,#2465,.F.);
#3325=ORIENTED_EDGE('',*,*,#2461,.T.);
#3326=ORIENTED_EDGE('',*,*,#2466,.F.);
#3327=ORIENTED_EDGE('',*,*,#2467,.T.);
#3328=ORIENTED_EDGE('',*,*,#2468,.F.);
#3329=ORIENTED_EDGE('',*,*,#2424,.T.);
#3330=ORIENTED_EDGE('',*,*,#2464,.T.);
#3331=ORIENTED_EDGE('',*,*,#2465,.T.);
#3332=ORIENTED_EDGE('',*,*,#2382,.T.);
#3333=ORIENTED_EDGE('',*,*,#2469,.F.);
#3334=ORIENTED_EDGE('',*,*,#2470,.T.);
#3335=ORIENTED_EDGE('',*,*,#2471,.T.);
#3336=ORIENTED_EDGE('',*,*,#2472,.T.);
#3337=ORIENTED_EDGE('',*,*,#2473,.T.);
#3338=ORIENTED_EDGE('',*,*,#2468,.T.);
#3339=ORIENTED_EDGE('',*,*,#2474,.T.);
#3340=ORIENTED_EDGE('',*,*,#2475,.T.);
#3341=ORIENTED_EDGE('',*,*,#2338,.T.);
#3342=ORIENTED_EDGE('',*,*,#2425,.T.);
#3343=ORIENTED_EDGE('',*,*,#2330,.F.);
#3344=ORIENTED_EDGE('',*,*,#2476,.F.);
#3345=ORIENTED_EDGE('',*,*,#2477,.T.);
#3346=ORIENTED_EDGE('',*,*,#2426,.T.);
#3347=ORIENTED_EDGE('',*,*,#2329,.F.);
#3348=ORIENTED_EDGE('',*,*,#2478,.T.);
#3349=ORIENTED_EDGE('',*,*,#2479,.T.);
#3350=ORIENTED_EDGE('',*,*,#2480,.T.);
#3351=ORIENTED_EDGE('',*,*,#2476,.T.);
#3352=ORIENTED_EDGE('',*,*,#2481,.T.);
#3353=ORIENTED_EDGE('',*,*,#2482,.T.);
#3354=ORIENTED_EDGE('',*,*,#2483,.T.);
#3355=ORIENTED_EDGE('',*,*,#2376,.T.);
#3356=ORIENTED_EDGE('',*,*,#2373,.T.);
#3357=ORIENTED_EDGE('',*,*,#2368,.T.);
#3358=ORIENTED_EDGE('',*,*,#2484,.T.);
#3359=ORIENTED_EDGE('',*,*,#2485,.F.);
#3360=ORIENTED_EDGE('',*,*,#2486,.F.);
#3361=ORIENTED_EDGE('',*,*,#2487,.F.);
#3362=ORIENTED_EDGE('',*,*,#2488,.F.);
#3363=ORIENTED_EDGE('',*,*,#2489,.T.);
#3364=ORIENTED_EDGE('',*,*,#2490,.F.);
#3365=ORIENTED_EDGE('',*,*,#2491,.T.);
#3366=ORIENTED_EDGE('',*,*,#2492,.F.);
#3367=ORIENTED_EDGE('',*,*,#2459,.T.);
#3368=ORIENTED_EDGE('',*,*,#2419,.T.);
#3369=ORIENTED_EDGE('',*,*,#2418,.T.);
#3370=ORIENTED_EDGE('',*,*,#2493,.F.);
#3371=ORIENTED_EDGE('',*,*,#2449,.F.);
#3372=ORIENTED_EDGE('',*,*,#2448,.F.);
#3373=ORIENTED_EDGE('',*,*,#2447,.F.);
#3374=ORIENTED_EDGE('',*,*,#2184,.F.);
#3375=ORIENTED_EDGE('',*,*,#2462,.T.);
#3376=ORIENTED_EDGE('',*,*,#2187,.T.);
#3377=ORIENTED_EDGE('',*,*,#2209,.T.);
#3378=ORIENTED_EDGE('',*,*,#2206,.T.);
#3379=ORIENTED_EDGE('',*,*,#2203,.T.);
#3380=ORIENTED_EDGE('',*,*,#2200,.T.);
#3381=ORIENTED_EDGE('',*,*,#2197,.T.);
#3382=ORIENTED_EDGE('',*,*,#2194,.T.);
#3383=ORIENTED_EDGE('',*,*,#2191,.T.);
#3384=ORIENTED_EDGE('',*,*,#2362,.T.);
#3385=ORIENTED_EDGE('',*,*,#2359,.T.);
#3386=ORIENTED_EDGE('',*,*,#2494,.T.);
#3387=ORIENTED_EDGE('',*,*,#2495,.F.);
#3388=ORIENTED_EDGE('',*,*,#2496,.F.);
#3389=ORIENTED_EDGE('',*,*,#2497,.F.);
#3390=ORIENTED_EDGE('',*,*,#2498,.F.);
#3391=ORIENTED_EDGE('',*,*,#2499,.F.);
#3392=ORIENTED_EDGE('',*,*,#2358,.T.);
#3393=ORIENTED_EDGE('',*,*,#2355,.T.);
#3394=ORIENTED_EDGE('',*,*,#2303,.F.);
#3395=ORIENTED_EDGE('',*,*,#2500,.F.);
#3396=ORIENTED_EDGE('',*,*,#2494,.F.);
#3397=ORIENTED_EDGE('',*,*,#2367,.T.);
#3398=ORIENTED_EDGE('',*,*,#2499,.T.);
#3399=ORIENTED_EDGE('',*,*,#2501,.F.);
#3400=ORIENTED_EDGE('',*,*,#2484,.F.);
#3401=ORIENTED_EDGE('',*,*,#2415,.T.);
#3402=ORIENTED_EDGE('',*,*,#2502,.T.);
#3403=ORIENTED_EDGE('',*,*,#2503,.T.);
#3404=ORIENTED_EDGE('',*,*,#2450,.F.);
#3405=ORIENTED_EDGE('',*,*,#2493,.T.);
#3406=ORIENTED_EDGE('',*,*,#2475,.F.);
#3407=ORIENTED_EDGE('',*,*,#2504,.F.);
#3408=ORIENTED_EDGE('',*,*,#2505,.F.);
#3409=ORIENTED_EDGE('',*,*,#2506,.T.);
#3410=ORIENTED_EDGE('',*,*,#2339,.F.);
#3411=ORIENTED_EDGE('',*,*,#2507,.F.);
#3412=ORIENTED_EDGE('',*,*,#2504,.T.);
#3413=ORIENTED_EDGE('',*,*,#2508,.F.);
#3414=ORIENTED_EDGE('',*,*,#2509,.F.);
#3415=ORIENTED_EDGE('',*,*,#2510,.F.);
#3416=ORIENTED_EDGE('',*,*,#2509,.T.);
#3417=ORIENTED_EDGE('',*,*,#2511,.F.);
#3418=ORIENTED_EDGE('',*,*,#2491,.F.);
#3419=ORIENTED_EDGE('',*,*,#2512,.F.);
#3420=ORIENTED_EDGE('',*,*,#2508,.T.);
#3421=ORIENTED_EDGE('',*,*,#2474,.F.);
#3422=ORIENTED_EDGE('',*,*,#2467,.F.);
#3423=ORIENTED_EDGE('',*,*,#2513,.F.);
#3424=ORIENTED_EDGE('',*,*,#2460,.T.);
#3425=ORIENTED_EDGE('',*,*,#2492,.T.);
#3426=ORIENTED_EDGE('',*,*,#2511,.T.);
#3427=ORIENTED_EDGE('',*,*,#2513,.T.);
#3428=ORIENTED_EDGE('',*,*,#2466,.T.);
#3429=ORIENTED_EDGE('',*,*,#2514,.F.);
#3430=ORIENTED_EDGE('',*,*,#2515,.F.);
#3431=ORIENTED_EDGE('',*,*,#2516,.F.);
#3432=ORIENTED_EDGE('',*,*,#2517,.F.);
#3433=ORIENTED_EDGE('',*,*,#2518,.F.);
#3434=ORIENTED_EDGE('',*,*,#2517,.T.);
#3435=ORIENTED_EDGE('',*,*,#2519,.F.);
#3436=ORIENTED_EDGE('',*,*,#2341,.F.);
#3437=ORIENTED_EDGE('',*,*,#2520,.F.);
#3438=ORIENTED_EDGE('',*,*,#2521,.F.);
#3439=ORIENTED_EDGE('',*,*,#2515,.T.);
#3440=ORIENTED_EDGE('',*,*,#2522,.F.);
#3441=ORIENTED_EDGE('',*,*,#2523,.T.);
#3442=ORIENTED_EDGE('',*,*,#2489,.F.);
#3443=ORIENTED_EDGE('',*,*,#2518,.T.);
#3444=ORIENTED_EDGE('',*,*,#2524,.F.);
#3445=ORIENTED_EDGE('',*,*,#2525,.F.);
#3446=ORIENTED_EDGE('',*,*,#2526,.T.);
#3447=ORIENTED_EDGE('',*,*,#2527,.T.);
#3448=ORIENTED_EDGE('',*,*,#2528,.T.);
#3449=ORIENTED_EDGE('',*,*,#2529,.T.);
#3450=ORIENTED_EDGE('',*,*,#2530,.T.);
#3451=ORIENTED_EDGE('',*,*,#2531,.F.);
#3452=ORIENTED_EDGE('',*,*,#2532,.F.);
#3453=ORIENTED_EDGE('',*,*,#2533,.T.);
#3454=ORIENTED_EDGE('',*,*,#2534,.T.);
#3455=ORIENTED_EDGE('',*,*,#2535,.F.);
#3456=ORIENTED_EDGE('',*,*,#2536,.F.);
#3457=ORIENTED_EDGE('',*,*,#2537,.T.);
#3458=ORIENTED_EDGE('',*,*,#2522,.T.);
#3459=ORIENTED_EDGE('',*,*,#2514,.T.);
#3460=ORIENTED_EDGE('',*,*,#2413,.T.);
#3461=ORIENTED_EDGE('',*,*,#2412,.T.);
#3462=ORIENTED_EDGE('',*,*,#2408,.T.);
#3463=ORIENTED_EDGE('',*,*,#2458,.T.);
#3464=ORIENTED_EDGE('',*,*,#2456,.F.);
#3465=ORIENTED_EDGE('',*,*,#2538,.F.);
#3466=ORIENTED_EDGE('',*,*,#2539,.T.);
#3467=ORIENTED_EDGE('',*,*,#2502,.F.);
#3468=ORIENTED_EDGE('',*,*,#2500,.T.);
#3469=ORIENTED_EDGE('',*,*,#2302,.T.);
#3470=ORIENTED_EDGE('',*,*,#2540,.T.);
#3471=ORIENTED_EDGE('',*,*,#2541,.F.);
#3472=ORIENTED_EDGE('',*,*,#2495,.T.);
#3473=ORIENTED_EDGE('',*,*,#2300,.T.);
#3474=ORIENTED_EDGE('',*,*,#2429,.T.);
#3475=ORIENTED_EDGE('',*,*,#2427,.T.);
#3476=ORIENTED_EDGE('',*,*,#2477,.F.);
#3477=ORIENTED_EDGE('',*,*,#2542,.F.);
#3478=ORIENTED_EDGE('',*,*,#2543,.T.);
#3479=ORIENTED_EDGE('',*,*,#2544,.T.);
#3480=ORIENTED_EDGE('',*,*,#2545,.F.);
#3481=ORIENTED_EDGE('',*,*,#2546,.T.);
#3482=ORIENTED_EDGE('',*,*,#2547,.F.);
#3483=ORIENTED_EDGE('',*,*,#2548,.F.);
#3484=ORIENTED_EDGE('',*,*,#2549,.F.);
#3485=ORIENTED_EDGE('',*,*,#2550,.F.);
#3486=ORIENTED_EDGE('',*,*,#2551,.T.);
#3487=ORIENTED_EDGE('',*,*,#2552,.F.);
#3488=ORIENTED_EDGE('',*,*,#2553,.F.);
#3489=ORIENTED_EDGE('',*,*,#2554,.T.);
#3490=ORIENTED_EDGE('',*,*,#2555,.F.);
#3491=ORIENTED_EDGE('',*,*,#2556,.F.);
#3492=ORIENTED_EDGE('',*,*,#2557,.F.);
#3493=ORIENTED_EDGE('',*,*,#2558,.T.);
#3494=ORIENTED_EDGE('',*,*,#2559,.F.);
#3495=ORIENTED_EDGE('',*,*,#2555,.T.);
#3496=ORIENTED_EDGE('',*,*,#2560,.F.);
#3497=ORIENTED_EDGE('',*,*,#2561,.F.);
#3498=ORIENTED_EDGE('',*,*,#2557,.T.);
#3499=ORIENTED_EDGE('',*,*,#2562,.F.);
#3500=ORIENTED_EDGE('',*,*,#2563,.T.);
#3501=ORIENTED_EDGE('',*,*,#2564,.T.);
#3502=ORIENTED_EDGE('',*,*,#2440,.T.);
#3503=ORIENTED_EDGE('',*,*,#2565,.T.);
#3504=ORIENTED_EDGE('',*,*,#2566,.T.);
#3505=ORIENTED_EDGE('',*,*,#2567,.T.);
#3506=ORIENTED_EDGE('',*,*,#2568,.F.);
#3507=ORIENTED_EDGE('',*,*,#2569,.F.);
#3508=ORIENTED_EDGE('',*,*,#2570,.F.);
#3509=ORIENTED_EDGE('',*,*,#2571,.F.);
#3510=ORIENTED_EDGE('',*,*,#2572,.F.);
#3511=ORIENTED_EDGE('',*,*,#2573,.F.);
#3512=ORIENTED_EDGE('',*,*,#2574,.F.);
#3513=ORIENTED_EDGE('',*,*,#2575,.T.);
#3514=ORIENTED_EDGE('',*,*,#2576,.F.);
#3515=ORIENTED_EDGE('',*,*,#2566,.F.);
#3516=ORIENTED_EDGE('',*,*,#2577,.F.);
#3517=ORIENTED_EDGE('',*,*,#2578,.F.);
#3518=ORIENTED_EDGE('',*,*,#2579,.T.);
#3519=ORIENTED_EDGE('',*,*,#2548,.T.);
#3520=ORIENTED_EDGE('',*,*,#2580,.T.);
#3521=ORIENTED_EDGE('',*,*,#2581,.T.);
#3522=ORIENTED_EDGE('',*,*,#2582,.T.);
#3523=ORIENTED_EDGE('',*,*,#2553,.T.);
#3524=ORIENTED_EDGE('',*,*,#2583,.T.);
#3525=ORIENTED_EDGE('',*,*,#2434,.T.);
#3526=ORIENTED_EDGE('',*,*,#2584,.T.);
#3527=ORIENTED_EDGE('',*,*,#2585,.T.);
#3528=ORIENTED_EDGE('',*,*,#2319,.F.);
#3529=ORIENTED_EDGE('',*,*,#2352,.F.);
#3530=ORIENTED_EDGE('',*,*,#2586,.F.);
#3531=ORIENTED_EDGE('',*,*,#2587,.F.);
#3532=ORIENTED_EDGE('',*,*,#2588,.T.);
#3533=ORIENTED_EDGE('',*,*,#2540,.F.);
#3534=ORIENTED_EDGE('',*,*,#2301,.T.);
#3535=ORIENTED_EDGE('',*,*,#2543,.F.);
#3536=ORIENTED_EDGE('',*,*,#2589,.T.);
#3537=ORIENTED_EDGE('',*,*,#2590,.F.);
#3538=ORIENTED_EDGE('',*,*,#2591,.T.);
#3539=ORIENTED_EDGE('',*,*,#2497,.T.);
#3540=ORIENTED_EDGE('',*,*,#2592,.F.);
#3541=ORIENTED_EDGE('',*,*,#2593,.F.);
#3542=ORIENTED_EDGE('',*,*,#2586,.T.);
#3543=ORIENTED_EDGE('',*,*,#2351,.F.);
#3544=ORIENTED_EDGE('',*,*,#2594,.F.);
#3545=ORIENTED_EDGE('',*,*,#2485,.T.);
#3546=ORIENTED_EDGE('',*,*,#2501,.T.);
#3547=ORIENTED_EDGE('',*,*,#2498,.T.);
#3548=ORIENTED_EDGE('',*,*,#2591,.F.);
#3549=ORIENTED_EDGE('',*,*,#2595,.F.);
#3550=ORIENTED_EDGE('',*,*,#2549,.T.);
#3551=ORIENTED_EDGE('',*,*,#2585,.F.);
#3552=ORIENTED_EDGE('',*,*,#2596,.F.);
#3553=ORIENTED_EDGE('',*,*,#2575,.F.);
#3554=ORIENTED_EDGE('',*,*,#2597,.F.);
#3555=ORIENTED_EDGE('',*,*,#2598,.F.);
#3556=ORIENTED_EDGE('',*,*,#2578,.T.);
#3557=ORIENTED_EDGE('',*,*,#2599,.T.);
#3558=ORIENTED_EDGE('',*,*,#2600,.T.);
#3559=ORIENTED_EDGE('',*,*,#2599,.F.);
#3560=ORIENTED_EDGE('',*,*,#2577,.T.);
#3561=ORIENTED_EDGE('',*,*,#2565,.F.);
#3562=ORIENTED_EDGE('',*,*,#2439,.T.);
#3563=ORIENTED_EDGE('',*,*,#2601,.T.);
#3564=ORIENTED_EDGE('',*,*,#2600,.F.);
#3565=ORIENTED_EDGE('',*,*,#2601,.F.);
#3566=ORIENTED_EDGE('',*,*,#2438,.T.);
#3567=ORIENTED_EDGE('',*,*,#2602,.T.);
#3568=ORIENTED_EDGE('',*,*,#2597,.T.);
#3569=ORIENTED_EDGE('',*,*,#2574,.T.);
#3570=ORIENTED_EDGE('',*,*,#2479,.F.);
#3571=ORIENTED_EDGE('',*,*,#2603,.T.);
#3572=ORIENTED_EDGE('',*,*,#2604,.T.);
#3573=ORIENTED_EDGE('',*,*,#2605,.T.);
#3574=ORIENTED_EDGE('',*,*,#2437,.T.);
#3575=ORIENTED_EDGE('',*,*,#2606,.T.);
#3576=ORIENTED_EDGE('',*,*,#2598,.T.);
#3577=ORIENTED_EDGE('',*,*,#2602,.F.);
#3578=ORIENTED_EDGE('',*,*,#2607,.T.);
#3579=ORIENTED_EDGE('',*,*,#2550,.T.);
#3580=ORIENTED_EDGE('',*,*,#2595,.T.);
#3581=ORIENTED_EDGE('',*,*,#2606,.F.);
#3582=ORIENTED_EDGE('',*,*,#2436,.T.);
#3583=ORIENTED_EDGE('',*,*,#2551,.F.);
#3584=ORIENTED_EDGE('',*,*,#2607,.F.);
#3585=ORIENTED_EDGE('',*,*,#2435,.T.);
#3586=ORIENTED_EDGE('',*,*,#2583,.F.);
#3587=ORIENTED_EDGE('',*,*,#2552,.T.);
#3588=ORIENTED_EDGE('',*,*,#2328,.F.);
#3589=ORIENTED_EDGE('',*,*,#2316,.F.);
#3590=ORIENTED_EDGE('',*,*,#2587,.T.);
#3591=ORIENTED_EDGE('',*,*,#2593,.T.);
#3592=ORIENTED_EDGE('',*,*,#2590,.T.);
#3593=ORIENTED_EDGE('',*,*,#2608,.F.);
#3594=ORIENTED_EDGE('',*,*,#2609,.F.);
#3595=ORIENTED_EDGE('',*,*,#2603,.F.);
#3596=ORIENTED_EDGE('',*,*,#2478,.F.);
#3597=ORIENTED_EDGE('',*,*,#2604,.F.);
#3598=ORIENTED_EDGE('',*,*,#2609,.T.);
#3599=ORIENTED_EDGE('',*,*,#2610,.F.);
#3600=ORIENTED_EDGE('',*,*,#2611,.T.);
#3601=ORIENTED_EDGE('',*,*,#2612,.F.);
#3602=ORIENTED_EDGE('',*,*,#2613,.F.);
#3603=ORIENTED_EDGE('',*,*,#2614,.F.);
#3604=ORIENTED_EDGE('',*,*,#2615,.F.);
#3605=ORIENTED_EDGE('',*,*,#2616,.F.);
#3606=ORIENTED_EDGE('',*,*,#2617,.F.);
#3607=ORIENTED_EDGE('',*,*,#2584,.F.);
#3608=ORIENTED_EDGE('',*,*,#2433,.T.);
#3609=ORIENTED_EDGE('',*,*,#2618,.T.);
#3610=ORIENTED_EDGE('',*,*,#2619,.T.);
#3611=ORIENTED_EDGE('',*,*,#2581,.F.);
#3612=ORIENTED_EDGE('',*,*,#2620,.F.);
#3613=ORIENTED_EDGE('',*,*,#2558,.F.);
#3614=ORIENTED_EDGE('',*,*,#2567,.F.);
#3615=ORIENTED_EDGE('',*,*,#2576,.T.);
#3616=ORIENTED_EDGE('',*,*,#2596,.T.);
#3617=ORIENTED_EDGE('',*,*,#2589,.F.);
#3618=ORIENTED_EDGE('',*,*,#2621,.T.);
#3619=ORIENTED_EDGE('',*,*,#2610,.T.);
#3620=ORIENTED_EDGE('',*,*,#2608,.T.);
#3621=ORIENTED_EDGE('',*,*,#2547,.T.);
#3622=ORIENTED_EDGE('',*,*,#2622,.T.);
#3623=ORIENTED_EDGE('',*,*,#2623,.T.);
#3624=ORIENTED_EDGE('',*,*,#2624,.T.);
#3625=ORIENTED_EDGE('',*,*,#2559,.T.);
#3626=ORIENTED_EDGE('',*,*,#2620,.T.);
#3627=ORIENTED_EDGE('',*,*,#2580,.F.);
#3628=ORIENTED_EDGE('',*,*,#2562,.T.);
#3629=ORIENTED_EDGE('',*,*,#2556,.T.);
#3630=ORIENTED_EDGE('',*,*,#2561,.T.);
#3631=ORIENTED_EDGE('',*,*,#2625,.F.);
#3632=ORIENTED_EDGE('',*,*,#2626,.T.);
#3633=ORIENTED_EDGE('',*,*,#2560,.T.);
#3634=ORIENTED_EDGE('',*,*,#2554,.F.);
#3635=ORIENTED_EDGE('',*,*,#2624,.F.);
#3636=ORIENTED_EDGE('',*,*,#2627,.F.);
#3637=ORIENTED_EDGE('',*,*,#2628,.T.);
#3638=ORIENTED_EDGE('',*,*,#2625,.T.);
#3639=ORIENTED_EDGE('',*,*,#2629,.T.);
#3640=ORIENTED_EDGE('',*,*,#2627,.T.);
#3641=ORIENTED_EDGE('',*,*,#2623,.F.);
#3642=ORIENTED_EDGE('',*,*,#2630,.F.);
#3643=ORIENTED_EDGE('',*,*,#2546,.F.);
#3644=ORIENTED_EDGE('',*,*,#2631,.F.);
#3645=ORIENTED_EDGE('',*,*,#2632,.T.);
#3646=ORIENTED_EDGE('',*,*,#2630,.T.);
#3647=ORIENTED_EDGE('',*,*,#2622,.F.);
#3648=ORIENTED_EDGE('',*,*,#2545,.T.);
#3649=ORIENTED_EDGE('',*,*,#2544,.F.);
#3650=ORIENTED_EDGE('',*,*,#2579,.F.);
#3651=ORIENTED_EDGE('',*,*,#2633,.T.);
#3652=ORIENTED_EDGE('',*,*,#2631,.T.);
#3653=ORIENTED_EDGE('',*,*,#2564,.F.);
#3654=ORIENTED_EDGE('',*,*,#2634,.F.);
#3655=ORIENTED_EDGE('',*,*,#2635,.F.);
#3656=ORIENTED_EDGE('',*,*,#2441,.T.);
#3657=ORIENTED_EDGE('',*,*,#2398,.T.);
#3658=ORIENTED_EDGE('',*,*,#2396,.F.);
#3659=ORIENTED_EDGE('',*,*,#2394,.T.);
#3660=ORIENTED_EDGE('',*,*,#2636,.T.);
#3661=ORIENTED_EDGE('',*,*,#2637,.T.);
#3662=ORIENTED_EDGE('',*,*,#2638,.T.);
#3663=ORIENTED_EDGE('',*,*,#2639,.T.);
#3664=ORIENTED_EDGE('',*,*,#2640,.T.);
#3665=ORIENTED_EDGE('',*,*,#2389,.F.);
#3666=ORIENTED_EDGE('',*,*,#2387,.F.);
#3667=ORIENTED_EDGE('',*,*,#2386,.F.);
#3668=ORIENTED_EDGE('',*,*,#2385,.F.);
#3669=ORIENTED_EDGE('',*,*,#2641,.T.);
#3670=ORIENTED_EDGE('',*,*,#2642,.F.);
#3671=ORIENTED_EDGE('',*,*,#2643,.T.);
#3672=ORIENTED_EDGE('',*,*,#2171,.F.);
#3673=ORIENTED_EDGE('',*,*,#2644,.F.);
#3674=ORIENTED_EDGE('',*,*,#2645,.F.);
#3675=ORIENTED_EDGE('',*,*,#2646,.F.);
#3676=ORIENTED_EDGE('',*,*,#2634,.T.);
#3677=ORIENTED_EDGE('',*,*,#2563,.F.);
#3678=ORIENTED_EDGE('',*,*,#2626,.F.);
#3679=ORIENTED_EDGE('',*,*,#2628,.F.);
#3680=ORIENTED_EDGE('',*,*,#2629,.F.);
#3681=ORIENTED_EDGE('',*,*,#2632,.F.);
#3682=ORIENTED_EDGE('',*,*,#2633,.F.);
#3683=ORIENTED_EDGE('',*,*,#2582,.F.);
#3684=ORIENTED_EDGE('',*,*,#2619,.F.);
#3685=ORIENTED_EDGE('',*,*,#2647,.F.);
#3686=ORIENTED_EDGE('',*,*,#2305,.F.);
#3687=ORIENTED_EDGE('',*,*,#2573,.T.);
#3688=ORIENTED_EDGE('',*,*,#2648,.T.);
#3689=ORIENTED_EDGE('',*,*,#2612,.T.);
#3690=ORIENTED_EDGE('',*,*,#2648,.F.);
#3691=ORIENTED_EDGE('',*,*,#2572,.T.);
#3692=ORIENTED_EDGE('',*,*,#2649,.T.);
#3693=ORIENTED_EDGE('',*,*,#2613,.T.);
#3694=ORIENTED_EDGE('',*,*,#2649,.F.);
#3695=ORIENTED_EDGE('',*,*,#2571,.T.);
#3696=ORIENTED_EDGE('',*,*,#2650,.T.);
#3697=ORIENTED_EDGE('',*,*,#2614,.T.);
#3698=ORIENTED_EDGE('',*,*,#2650,.F.);
#3699=ORIENTED_EDGE('',*,*,#2570,.T.);
#3700=ORIENTED_EDGE('',*,*,#2651,.T.);
#3701=ORIENTED_EDGE('',*,*,#2615,.T.);
#3702=ORIENTED_EDGE('',*,*,#2651,.F.);
#3703=ORIENTED_EDGE('',*,*,#2569,.T.);
#3704=ORIENTED_EDGE('',*,*,#2652,.T.);
#3705=ORIENTED_EDGE('',*,*,#2616,.T.);
#3706=ORIENTED_EDGE('',*,*,#2652,.F.);
#3707=ORIENTED_EDGE('',*,*,#2568,.T.);
#3708=ORIENTED_EDGE('',*,*,#2653,.T.);
#3709=ORIENTED_EDGE('',*,*,#2617,.T.);
#3710=ORIENTED_EDGE('',*,*,#2653,.F.);
#3711=ORIENTED_EDGE('',*,*,#2654,.T.);
#3712=ORIENTED_EDGE('',*,*,#2655,.T.);
#3713=ORIENTED_EDGE('',*,*,#2656,.T.);
#3714=ORIENTED_EDGE('',*,*,#2487,.T.);
#3715=ORIENTED_EDGE('',*,*,#2657,.F.);
#3716=ORIENTED_EDGE('',*,*,#2658,.F.);
#3717=ORIENTED_EDGE('',*,*,#2346,.T.);
#3718=ORIENTED_EDGE('',*,*,#2594,.T.);
#3719=ORIENTED_EDGE('',*,*,#2350,.F.);
#3720=ORIENTED_EDGE('',*,*,#2659,.F.);
#3721=ORIENTED_EDGE('',*,*,#2657,.T.);
#3722=ORIENTED_EDGE('',*,*,#2486,.T.);
#3723=ORIENTED_EDGE('',*,*,#2658,.T.);
#3724=ORIENTED_EDGE('',*,*,#2659,.T.);
#3725=ORIENTED_EDGE('',*,*,#2349,.F.);
#3726=ORIENTED_EDGE('',*,*,#2347,.F.);
#3727=ORIENTED_EDGE('',*,*,#2519,.T.);
#3728=ORIENTED_EDGE('',*,*,#2660,.T.);
#3729=ORIENTED_EDGE('',*,*,#2654,.F.);
#3730=ORIENTED_EDGE('',*,*,#2344,.F.);
#3731=ORIENTED_EDGE('',*,*,#2342,.T.);
#3732=ORIENTED_EDGE('',*,*,#2516,.T.);
#3733=ORIENTED_EDGE('',*,*,#2661,.F.);
#3734=ORIENTED_EDGE('',*,*,#2655,.F.);
#3735=ORIENTED_EDGE('',*,*,#2660,.F.);
#3736=ORIENTED_EDGE('',*,*,#2521,.T.);
#3737=ORIENTED_EDGE('',*,*,#2488,.T.);
#3738=ORIENTED_EDGE('',*,*,#2656,.F.);
#3739=ORIENTED_EDGE('',*,*,#2661,.T.);
#3740=ORIENTED_EDGE('',*,*,#2662,.T.);
#3741=ORIENTED_EDGE('',*,*,#2663,.F.);
#3742=ORIENTED_EDGE('',*,*,#2664,.F.);
#3743=ORIENTED_EDGE('',*,*,#2665,.F.);
#3744=ORIENTED_EDGE('',*,*,#2666,.F.);
#3745=ORIENTED_EDGE('',*,*,#2666,.T.);
#3746=ORIENTED_EDGE('',*,*,#2667,.F.);
#3747=ORIENTED_EDGE('',*,*,#2668,.T.);
#3748=ORIENTED_EDGE('',*,*,#2669,.F.);
#3749=ORIENTED_EDGE('',*,*,#2670,.F.);
#3750=ORIENTED_EDGE('',*,*,#2671,.F.);
#3751=ORIENTED_EDGE('',*,*,#2668,.F.);
#3752=ORIENTED_EDGE('',*,*,#2672,.F.);
#3753=ORIENTED_EDGE('',*,*,#2673,.F.);
#3754=ORIENTED_EDGE('',*,*,#2532,.T.);
#3755=ORIENTED_EDGE('',*,*,#2674,.F.);
#3756=ORIENTED_EDGE('',*,*,#2675,.F.);
#3757=ORIENTED_EDGE('',*,*,#2676,.F.);
#3758=ORIENTED_EDGE('',*,*,#2677,.F.);
#3759=ORIENTED_EDGE('',*,*,#2677,.T.);
#3760=ORIENTED_EDGE('',*,*,#2678,.F.);
#3761=ORIENTED_EDGE('',*,*,#2679,.T.);
#3762=ORIENTED_EDGE('',*,*,#2533,.F.);
#3763=ORIENTED_EDGE('',*,*,#2680,.F.);
#3764=ORIENTED_EDGE('',*,*,#2534,.F.);
#3765=ORIENTED_EDGE('',*,*,#2679,.F.);
#3766=ORIENTED_EDGE('',*,*,#2681,.F.);
#3767=ORIENTED_EDGE('',*,*,#2682,.F.);
#3768=ORIENTED_EDGE('',*,*,#2683,.F.);
#3769=ORIENTED_EDGE('',*,*,#2684,.F.);
#3770=ORIENTED_EDGE('',*,*,#2685,.F.);
#3771=ORIENTED_EDGE('',*,*,#2686,.F.);
#3772=ORIENTED_EDGE('',*,*,#2481,.F.);
#3773=ORIENTED_EDGE('',*,*,#2687,.F.);
#3774=ORIENTED_EDGE('',*,*,#2688,.T.);
#3775=ORIENTED_EDGE('',*,*,#2683,.T.);
#3776=ORIENTED_EDGE('',*,*,#2684,.T.);
#3777=ORIENTED_EDGE('',*,*,#2689,.T.);
#3778=ORIENTED_EDGE('',*,*,#2690,.F.);
#3779=ORIENTED_EDGE('',*,*,#2691,.T.);
#3780=ORIENTED_EDGE('',*,*,#2692,.F.);
#3781=ORIENTED_EDGE('',*,*,#2693,.T.);
#3782=ORIENTED_EDGE('',*,*,#2482,.F.);
#3783=ORIENTED_EDGE('',*,*,#2694,.F.);
#3784=ORIENTED_EDGE('',*,*,#2695,.F.);
#3785=ORIENTED_EDGE('',*,*,#2696,.F.);
#3786=ORIENTED_EDGE('',*,*,#2686,.T.);
#3787=ORIENTED_EDGE('',*,*,#2697,.F.);
#3788=ORIENTED_EDGE('',*,*,#2694,.T.);
#3789=ORIENTED_EDGE('',*,*,#2691,.F.);
#3790=ORIENTED_EDGE('',*,*,#2698,.F.);
#3791=ORIENTED_EDGE('',*,*,#2699,.F.);
#3792=ORIENTED_EDGE('',*,*,#2700,.F.);
#3793=ORIENTED_EDGE('',*,*,#2701,.T.);
#3794=ORIENTED_EDGE('',*,*,#2527,.F.);
#3795=ORIENTED_EDGE('',*,*,#2702,.F.);
#3796=ORIENTED_EDGE('',*,*,#2700,.T.);
#3797=ORIENTED_EDGE('',*,*,#2703,.F.);
#3798=ORIENTED_EDGE('',*,*,#2704,.T.);
#3799=ORIENTED_EDGE('',*,*,#2701,.F.);
#3800=ORIENTED_EDGE('',*,*,#2704,.F.);
#3801=ORIENTED_EDGE('',*,*,#2705,.F.);
#3802=ORIENTED_EDGE('',*,*,#2689,.F.);
#3803=ORIENTED_EDGE('',*,*,#2688,.F.);
#3804=ORIENTED_EDGE('',*,*,#2706,.F.);
#3805=ORIENTED_EDGE('',*,*,#2528,.F.);
#3806=ORIENTED_EDGE('',*,*,#2696,.T.);
#3807=ORIENTED_EDGE('',*,*,#2707,.F.);
#3808=ORIENTED_EDGE('',*,*,#2698,.T.);
#3809=ORIENTED_EDGE('',*,*,#2708,.T.);
#3810=ORIENTED_EDGE('',*,*,#2483,.F.);
#3811=ORIENTED_EDGE('',*,*,#2693,.F.);
#3812=ORIENTED_EDGE('',*,*,#2709,.T.);
#3813=ORIENTED_EDGE('',*,*,#2710,.T.);
#3814=ORIENTED_EDGE('',*,*,#2711,.T.);
#3815=ORIENTED_EDGE('',*,*,#2505,.T.);
#3816=ORIENTED_EDGE('',*,*,#2507,.T.);
#3817=ORIENTED_EDGE('',*,*,#2510,.T.);
#3818=ORIENTED_EDGE('',*,*,#2712,.T.);
#3819=ORIENTED_EDGE('',*,*,#2713,.T.);
#3820=ORIENTED_EDGE('',*,*,#2714,.F.);
#3821=ORIENTED_EDGE('',*,*,#2662,.F.);
#3822=ORIENTED_EDGE('',*,*,#2669,.T.);
#3823=ORIENTED_EDGE('',*,*,#2671,.T.);
#3824=ORIENTED_EDGE('',*,*,#2715,.T.);
#3825=ORIENTED_EDGE('',*,*,#2716,.T.);
#3826=ORIENTED_EDGE('',*,*,#2687,.T.);
#3827=ORIENTED_EDGE('',*,*,#2708,.F.);
#3828=ORIENTED_EDGE('',*,*,#2717,.F.);
#3829=ORIENTED_EDGE('',*,*,#2529,.F.);
#3830=ORIENTED_EDGE('',*,*,#2706,.T.);
#3831=ORIENTED_EDGE('',*,*,#2174,.T.);
#3832=ORIENTED_EDGE('',*,*,#2178,.F.);
#3833=ORIENTED_EDGE('',*,*,#2718,.T.);
#3834=ORIENTED_EDGE('',*,*,#2719,.T.);
#3835=ORIENTED_EDGE('',*,*,#2720,.T.);
#3836=ORIENTED_EDGE('',*,*,#2445,.T.);
#3837=ORIENTED_EDGE('',*,*,#2685,.T.);
#3838=ORIENTED_EDGE('',*,*,#2690,.T.);
#3839=ORIENTED_EDGE('',*,*,#2705,.T.);
#3840=ORIENTED_EDGE('',*,*,#2703,.T.);
#3841=ORIENTED_EDGE('',*,*,#2699,.T.);
#3842=ORIENTED_EDGE('',*,*,#2707,.T.);
#3843=ORIENTED_EDGE('',*,*,#2695,.T.);
#3844=ORIENTED_EDGE('',*,*,#2697,.T.);
#3845=ORIENTED_EDGE('',*,*,#2673,.T.);
#3846=ORIENTED_EDGE('',*,*,#2721,.F.);
#3847=ORIENTED_EDGE('',*,*,#2675,.T.);
#3848=ORIENTED_EDGE('',*,*,#2722,.F.);
#3849=ORIENTED_EDGE('',*,*,#2664,.T.);
#3850=ORIENTED_EDGE('',*,*,#2723,.F.);
#3851=ORIENTED_EDGE('',*,*,#2682,.T.);
#3852=ORIENTED_EDGE('',*,*,#2724,.F.);
#3853=ORIENTED_EDGE('',*,*,#2535,.T.);
#3854=ORIENTED_EDGE('',*,*,#2680,.T.);
#3855=ORIENTED_EDGE('',*,*,#2723,.T.);
#3856=ORIENTED_EDGE('',*,*,#2663,.T.);
#3857=ORIENTED_EDGE('',*,*,#2714,.T.);
#3858=ORIENTED_EDGE('',*,*,#2725,.F.);
#3859=ORIENTED_EDGE('',*,*,#2726,.T.);
#3860=ORIENTED_EDGE('',*,*,#2727,.F.);
#3861=ORIENTED_EDGE('',*,*,#2642,.T.);
#3862=ORIENTED_EDGE('',*,*,#2728,.T.);
#3863=ORIENTED_EDGE('',*,*,#2729,.T.);
#3864=ORIENTED_EDGE('',*,*,#2730,.F.);
#3865=ORIENTED_EDGE('',*,*,#2667,.T.);
#3866=ORIENTED_EDGE('',*,*,#2665,.T.);
#3867=ORIENTED_EDGE('',*,*,#2724,.T.);
#3868=ORIENTED_EDGE('',*,*,#2681,.T.);
#3869=ORIENTED_EDGE('',*,*,#2678,.T.);
#3870=ORIENTED_EDGE('',*,*,#2676,.T.);
#3871=ORIENTED_EDGE('',*,*,#2721,.T.);
#3872=ORIENTED_EDGE('',*,*,#2672,.T.);
#3873=ORIENTED_EDGE('',*,*,#2731,.F.);
#3874=ORIENTED_EDGE('',*,*,#2185,.F.);
#3875=ORIENTED_EDGE('',*,*,#2732,.F.);
#3876=ORIENTED_EDGE('',*,*,#2719,.F.);
#3877=ORIENTED_EDGE('',*,*,#2177,.F.);
#3878=ORIENTED_EDGE('',*,*,#2186,.F.);
#3879=ORIENTED_EDGE('',*,*,#2731,.T.);
#3880=ORIENTED_EDGE('',*,*,#2718,.F.);
#3881=ORIENTED_EDGE('',*,*,#2446,.T.);
#3882=ORIENTED_EDGE('',*,*,#2720,.F.);
#3883=ORIENTED_EDGE('',*,*,#2732,.T.);
#3884=ORIENTED_EDGE('',*,*,#2733,.F.);
#3885=ORIENTED_EDGE('',*,*,#2181,.F.);
#3886=ORIENTED_EDGE('',*,*,#2734,.F.);
#3887=ORIENTED_EDGE('',*,*,#2729,.F.);
#3888=ORIENTED_EDGE('',*,*,#2641,.F.);
#3889=ORIENTED_EDGE('',*,*,#2733,.T.);
#3890=ORIENTED_EDGE('',*,*,#2728,.F.);
#3891=ORIENTED_EDGE('',*,*,#2735,.T.);
#3892=ORIENTED_EDGE('',*,*,#2730,.T.);
#3893=ORIENTED_EDGE('',*,*,#2734,.T.);
#3894=ORIENTED_EDGE('',*,*,#2180,.F.);
#3895=ORIENTED_EDGE('',*,*,#2490,.T.);
#3896=ORIENTED_EDGE('',*,*,#2523,.F.);
#3897=ORIENTED_EDGE('',*,*,#2537,.F.);
#3898=ORIENTED_EDGE('',*,*,#2736,.T.);
#3899=ORIENTED_EDGE('',*,*,#2712,.F.);
#3900=ORIENTED_EDGE('',*,*,#2512,.T.);
#3901=ORIENTED_EDGE('',*,*,#2709,.F.);
#3902=ORIENTED_EDGE('',*,*,#2692,.T.);
#3903=ORIENTED_EDGE('',*,*,#2702,.T.);
#3904=ORIENTED_EDGE('',*,*,#2526,.F.);
#3905=ORIENTED_EDGE('',*,*,#2737,.T.);
#3906=ORIENTED_EDGE('',*,*,#2715,.F.);
#3907=ORIENTED_EDGE('',*,*,#2670,.T.);
#3908=ORIENTED_EDGE('',*,*,#2722,.T.);
#3909=ORIENTED_EDGE('',*,*,#2674,.T.);
#3910=ORIENTED_EDGE('',*,*,#2531,.T.);
#3911=ORIENTED_EDGE('',*,*,#2738,.T.);
#3912=ORIENTED_EDGE('',*,*,#2340,.T.);
#3913=ORIENTED_EDGE('',*,*,#2506,.F.);
#3914=ORIENTED_EDGE('',*,*,#2711,.F.);
#3915=ORIENTED_EDGE('',*,*,#2739,.F.);
#3916=ORIENTED_EDGE('',*,*,#2524,.T.);
#3917=ORIENTED_EDGE('',*,*,#2520,.T.);
#3918=ORIENTED_EDGE('',*,*,#2525,.T.);
#3919=ORIENTED_EDGE('',*,*,#2739,.T.);
#3920=ORIENTED_EDGE('',*,*,#2710,.F.);
#3921=ORIENTED_EDGE('',*,*,#2737,.F.);
#3922=ORIENTED_EDGE('',*,*,#2530,.F.);
#3923=ORIENTED_EDGE('',*,*,#2717,.T.);
#3924=ORIENTED_EDGE('',*,*,#2716,.F.);
#3925=ORIENTED_EDGE('',*,*,#2738,.F.);
#3926=ORIENTED_EDGE('',*,*,#2536,.T.);
#3927=ORIENTED_EDGE('',*,*,#2725,.T.);
#3928=ORIENTED_EDGE('',*,*,#2713,.F.);
#3929=ORIENTED_EDGE('',*,*,#2736,.F.);
#3930=ORIENTED_EDGE('',*,*,#2165,.F.);
#3931=ORIENTED_EDGE('',*,*,#2740,.F.);
#3932=ORIENTED_EDGE('',*,*,#2726,.F.);
#3933=ORIENTED_EDGE('',*,*,#2735,.F.);
#3934=ORIENTED_EDGE('',*,*,#2179,.F.);
#3935=ORIENTED_EDGE('',*,*,#2172,.F.);
#3936=ORIENTED_EDGE('',*,*,#2643,.F.);
#3937=ORIENTED_EDGE('',*,*,#2727,.T.);
#3938=ORIENTED_EDGE('',*,*,#2740,.T.);
#3939=ORIENTED_EDGE('',*,*,#2646,.T.);
#3940=ORIENTED_EDGE('',*,*,#2741,.F.);
#3941=ORIENTED_EDGE('',*,*,#2442,.T.);
#3942=ORIENTED_EDGE('',*,*,#2635,.T.);
#3943=ORIENTED_EDGE('',*,*,#2645,.T.);
#3944=ORIENTED_EDGE('',*,*,#2742,.F.);
#3945=ORIENTED_EDGE('',*,*,#2443,.T.);
#3946=ORIENTED_EDGE('',*,*,#2741,.T.);
#3947=ORIENTED_EDGE('',*,*,#2170,.F.);
#3948=ORIENTED_EDGE('',*,*,#2444,.T.);
#3949=ORIENTED_EDGE('',*,*,#2742,.T.);
#3950=ORIENTED_EDGE('',*,*,#2644,.T.);
#3951=ORIENTED_EDGE('',*,*,#2473,.F.);
#3952=ORIENTED_EDGE('',*,*,#2743,.F.);
#3953=ORIENTED_EDGE('',*,*,#2744,.F.);
#3954=ORIENTED_EDGE('',*,*,#2432,.T.);
#3955=ORIENTED_EDGE('',*,*,#2310,.T.);
#3956=ORIENTED_EDGE('',*,*,#2745,.T.);
#3957=ORIENTED_EDGE('',*,*,#2306,.T.);
#3958=ORIENTED_EDGE('',*,*,#2647,.T.);
#3959=ORIENTED_EDGE('',*,*,#2618,.F.);
#3960=ORIENTED_EDGE('',*,*,#2309,.F.);
#3961=ORIENTED_EDGE('',*,*,#2746,.F.);
#3962=ORIENTED_EDGE('',*,*,#2747,.F.);
#3963=ORIENTED_EDGE('',*,*,#2748,.T.);
#3964=ORIENTED_EDGE('',*,*,#2308,.F.);
#3965=ORIENTED_EDGE('',*,*,#2749,.F.);
#3966=ORIENTED_EDGE('',*,*,#2750,.F.);
#3967=ORIENTED_EDGE('',*,*,#2746,.T.);
#3968=ORIENTED_EDGE('',*,*,#2751,.F.);
#3969=ORIENTED_EDGE('',*,*,#2749,.T.);
#3970=ORIENTED_EDGE('',*,*,#2307,.F.);
#3971=ORIENTED_EDGE('',*,*,#2752,.T.);
#3972=ORIENTED_EDGE('',*,*,#2472,.F.);
#3973=ORIENTED_EDGE('',*,*,#2753,.F.);
#3974=ORIENTED_EDGE('',*,*,#2754,.F.);
#3975=ORIENTED_EDGE('',*,*,#2743,.T.);
#3976=ORIENTED_EDGE('',*,*,#2755,.F.);
#3977=ORIENTED_EDGE('',*,*,#2756,.F.);
#3978=ORIENTED_EDGE('',*,*,#2470,.F.);
#3979=ORIENTED_EDGE('',*,*,#2757,.T.);
#3980=ORIENTED_EDGE('',*,*,#2758,.F.);
#3981=ORIENTED_EDGE('',*,*,#2753,.T.);
#3982=ORIENTED_EDGE('',*,*,#2471,.F.);
#3983=ORIENTED_EDGE('',*,*,#2756,.T.);
#3984=ORIENTED_EDGE('',*,*,#2755,.T.);
#3985=ORIENTED_EDGE('',*,*,#2759,.T.);
#3986=ORIENTED_EDGE('',*,*,#2760,.T.);
#3987=ORIENTED_EDGE('',*,*,#2761,.F.);
#3988=ORIENTED_EDGE('',*,*,#2469,.T.);
#3989=ORIENTED_EDGE('',*,*,#2744,.T.);
#3990=ORIENTED_EDGE('',*,*,#2762,.T.);
#3991=ORIENTED_EDGE('',*,*,#2763,.T.);
#3992=ORIENTED_EDGE('',*,*,#2759,.F.);
#3993=ORIENTED_EDGE('',*,*,#2757,.F.);
#3994=ORIENTED_EDGE('',*,*,#2754,.T.);
#3995=ORIENTED_EDGE('',*,*,#2764,.T.);
#3996=ORIENTED_EDGE('',*,*,#2765,.T.);
#3997=ORIENTED_EDGE('',*,*,#2762,.F.);
#3998=ORIENTED_EDGE('',*,*,#2758,.T.);
#3999=ORIENTED_EDGE('',*,*,#2761,.T.);
#4000=ORIENTED_EDGE('',*,*,#2766,.T.);
#4001=ORIENTED_EDGE('',*,*,#2764,.F.);
#4002=ORIENTED_EDGE('',*,*,#2766,.F.);
#4003=ORIENTED_EDGE('',*,*,#2760,.F.);
#4004=ORIENTED_EDGE('',*,*,#2763,.F.);
#4005=ORIENTED_EDGE('',*,*,#2765,.F.);
#4006=ORIENTED_EDGE('',*,*,#2747,.T.);
#4007=ORIENTED_EDGE('',*,*,#2767,.T.);
#4008=ORIENTED_EDGE('',*,*,#2768,.T.);
#4009=ORIENTED_EDGE('',*,*,#2769,.F.);
#4010=ORIENTED_EDGE('',*,*,#2750,.T.);
#4011=ORIENTED_EDGE('',*,*,#2770,.T.);
#4012=ORIENTED_EDGE('',*,*,#2771,.T.);
#4013=ORIENTED_EDGE('',*,*,#2767,.F.);
#4014=ORIENTED_EDGE('',*,*,#2751,.T.);
#4015=ORIENTED_EDGE('',*,*,#2772,.T.);
#4016=ORIENTED_EDGE('',*,*,#2773,.T.);
#4017=ORIENTED_EDGE('',*,*,#2770,.F.);
#4018=ORIENTED_EDGE('',*,*,#2745,.F.);
#4019=ORIENTED_EDGE('',*,*,#2748,.F.);
#4020=ORIENTED_EDGE('',*,*,#2769,.T.);
#4021=ORIENTED_EDGE('',*,*,#2774,.T.);
#4022=ORIENTED_EDGE('',*,*,#2772,.F.);
#4023=ORIENTED_EDGE('',*,*,#2752,.F.);
#4024=ORIENTED_EDGE('',*,*,#2774,.F.);
#4025=ORIENTED_EDGE('',*,*,#2768,.F.);
#4026=ORIENTED_EDGE('',*,*,#2771,.F.);
#4027=ORIENTED_EDGE('',*,*,#2773,.F.);
#4028=ORIENTED_EDGE('',*,*,#2480,.F.);
#4029=ORIENTED_EDGE('',*,*,#2605,.F.);
#4030=ORIENTED_EDGE('',*,*,#2611,.F.);
#4031=ORIENTED_EDGE('',*,*,#2621,.F.);
#4032=ORIENTED_EDGE('',*,*,#2592,.T.);
#4033=ORIENTED_EDGE('',*,*,#2496,.T.);
#4034=ORIENTED_EDGE('',*,*,#2541,.T.);
#4035=ORIENTED_EDGE('',*,*,#2588,.F.);
#4036=ORIENTED_EDGE('',*,*,#2542,.T.);
#4037=ORIENTED_EDGE('',*,*,#2775,.T.);
#4038=ORIENTED_EDGE('',*,*,#2776,.T.);
#4039=ORIENTED_EDGE('',*,*,#2777,.T.);
#4040=ORIENTED_EDGE('',*,*,#2778,.T.);
#4041=ORIENTED_EDGE('',*,*,#2779,.T.);
#4042=ORIENTED_EDGE('',*,*,#2780,.F.);
#4043=ORIENTED_EDGE('',*,*,#2781,.T.);
#4044=ORIENTED_EDGE('',*,*,#2779,.F.);
#4045=ORIENTED_EDGE('',*,*,#2782,.T.);
#4046=ORIENTED_EDGE('',*,*,#2783,.T.);
#4047=ORIENTED_EDGE('',*,*,#2784,.F.);
#4048=ORIENTED_EDGE('',*,*,#2782,.F.);
#4049=ORIENTED_EDGE('',*,*,#2778,.F.);
#4050=ORIENTED_EDGE('',*,*,#2785,.T.);
#4051=ORIENTED_EDGE('',*,*,#2780,.T.);
#4052=ORIENTED_EDGE('',*,*,#2784,.T.);
#4053=ORIENTED_EDGE('',*,*,#2786,.T.);
#4054=ORIENTED_EDGE('',*,*,#2787,.T.);
#4055=ORIENTED_EDGE('',*,*,#2788,.T.);
#4056=ORIENTED_EDGE('',*,*,#2789,.T.);
#4057=ORIENTED_EDGE('',*,*,#2790,.T.);
#4058=ORIENTED_EDGE('',*,*,#2392,.T.);
#4059=ORIENTED_EDGE('',*,*,#2791,.T.);
#4060=ORIENTED_EDGE('',*,*,#2792,.T.);
#4061=ORIENTED_EDGE('',*,*,#2793,.T.);
#4062=ORIENTED_EDGE('',*,*,#2794,.T.);
#4063=ORIENTED_EDGE('',*,*,#2783,.F.);
#4064=ORIENTED_EDGE('',*,*,#2795,.T.);
#4065=ORIENTED_EDGE('',*,*,#2786,.F.);
#4066=ORIENTED_EDGE('',*,*,#2794,.F.);
#4067=ORIENTED_EDGE('',*,*,#2796,.F.);
#4068=ORIENTED_EDGE('',*,*,#2777,.F.);
#4069=ORIENTED_EDGE('',*,*,#2797,.T.);
#4070=ORIENTED_EDGE('',*,*,#2795,.F.);
#4071=ORIENTED_EDGE('',*,*,#2798,.F.);
#4072=ORIENTED_EDGE('',*,*,#2787,.F.);
#4073=ORIENTED_EDGE('',*,*,#2796,.T.);
#4074=ORIENTED_EDGE('',*,*,#2793,.F.);
#4075=ORIENTED_EDGE('',*,*,#2799,.F.);
#4076=ORIENTED_EDGE('',*,*,#2788,.F.);
#4077=ORIENTED_EDGE('',*,*,#2797,.F.);
#4078=ORIENTED_EDGE('',*,*,#2776,.F.);
#4079=ORIENTED_EDGE('',*,*,#2636,.F.);
#4080=ORIENTED_EDGE('',*,*,#2393,.T.);
#4081=ORIENTED_EDGE('',*,*,#2790,.F.);
#4082=ORIENTED_EDGE('',*,*,#2800,.F.);
#4083=ORIENTED_EDGE('',*,*,#2637,.F.);
#4084=ORIENTED_EDGE('',*,*,#2800,.T.);
#4085=ORIENTED_EDGE('',*,*,#2789,.F.);
#4086=ORIENTED_EDGE('',*,*,#2801,.F.);
#4087=ORIENTED_EDGE('',*,*,#2640,.F.);
#4088=ORIENTED_EDGE('',*,*,#2802,.T.);
#4089=ORIENTED_EDGE('',*,*,#2791,.F.);
#4090=ORIENTED_EDGE('',*,*,#2390,.F.);
#4091=ORIENTED_EDGE('',*,*,#2639,.F.);
#4092=ORIENTED_EDGE('',*,*,#2803,.F.);
#4093=ORIENTED_EDGE('',*,*,#2792,.F.);
#4094=ORIENTED_EDGE('',*,*,#2802,.F.);
#4095=ORIENTED_EDGE('',*,*,#2638,.F.);
#4096=ORIENTED_EDGE('',*,*,#2801,.T.);
#4097=ORIENTED_EDGE('',*,*,#2799,.T.);
#4098=ORIENTED_EDGE('',*,*,#2775,.F.);
#4099=ORIENTED_EDGE('',*,*,#2781,.F.);
#4100=ORIENTED_EDGE('',*,*,#2785,.F.);
#4101=ORIENTED_EDGE('',*,*,#2798,.T.);
#4102=ORIENTED_EDGE('',*,*,#2803,.T.);
#4103=ORIENTED_EDGE('',*,*,#2453,.F.);
#4104=ORIENTED_EDGE('',*,*,#2804,.T.);
#4105=ORIENTED_EDGE('',*,*,#2805,.T.);
#4106=ORIENTED_EDGE('',*,*,#2806,.F.);
#4107=ORIENTED_EDGE('',*,*,#2807,.F.);
#4108=ORIENTED_EDGE('',*,*,#2808,.F.);
#4109=ORIENTED_EDGE('',*,*,#2809,.T.);
#4110=ORIENTED_EDGE('',*,*,#2810,.T.);
#4111=ORIENTED_EDGE('',*,*,#2452,.F.);
#4112=ORIENTED_EDGE('',*,*,#2811,.F.);
#4113=ORIENTED_EDGE('',*,*,#2812,.F.);
#4114=ORIENTED_EDGE('',*,*,#2804,.F.);
#4115=ORIENTED_EDGE('',*,*,#2454,.F.);
#4116=ORIENTED_EDGE('',*,*,#2810,.F.);
#4117=ORIENTED_EDGE('',*,*,#2813,.F.);
#4118=ORIENTED_EDGE('',*,*,#2814,.T.);
#4119=ORIENTED_EDGE('',*,*,#2455,.F.);
#4120=ORIENTED_EDGE('',*,*,#2814,.F.);
#4121=ORIENTED_EDGE('',*,*,#2815,.F.);
#4122=ORIENTED_EDGE('',*,*,#2538,.T.);
#4123=ORIENTED_EDGE('',*,*,#2451,.F.);
#4124=ORIENTED_EDGE('',*,*,#2503,.F.);
#4125=ORIENTED_EDGE('',*,*,#2816,.F.);
#4126=ORIENTED_EDGE('',*,*,#2811,.T.);
#4127=ORIENTED_EDGE('',*,*,#2805,.F.);
#4128=ORIENTED_EDGE('',*,*,#2817,.T.);
#4129=ORIENTED_EDGE('',*,*,#2818,.F.);
#4130=ORIENTED_EDGE('',*,*,#2819,.T.);
#4131=ORIENTED_EDGE('',*,*,#2809,.F.);
#4132=ORIENTED_EDGE('',*,*,#2820,.T.);
#4133=ORIENTED_EDGE('',*,*,#2821,.T.);
#4134=ORIENTED_EDGE('',*,*,#2822,.T.);
#4135=ORIENTED_EDGE('',*,*,#2823,.T.);
#4136=ORIENTED_EDGE('',*,*,#2824,.T.);
#4137=ORIENTED_EDGE('',*,*,#2821,.F.);
#4138=ORIENTED_EDGE('',*,*,#2825,.T.);
#4139=ORIENTED_EDGE('',*,*,#2818,.T.);
#4140=ORIENTED_EDGE('',*,*,#2826,.T.);
#4141=ORIENTED_EDGE('',*,*,#2822,.F.);
#4142=ORIENTED_EDGE('',*,*,#2824,.F.);
#4143=ORIENTED_EDGE('',*,*,#2827,.T.);
#4144=ORIENTED_EDGE('',*,*,#2826,.F.);
#4145=ORIENTED_EDGE('',*,*,#2817,.F.);
#4146=ORIENTED_EDGE('',*,*,#2812,.T.);
#4147=ORIENTED_EDGE('',*,*,#2816,.T.);
#4148=ORIENTED_EDGE('',*,*,#2539,.F.);
#4149=ORIENTED_EDGE('',*,*,#2815,.T.);
#4150=ORIENTED_EDGE('',*,*,#2813,.T.);
#4151=ORIENTED_EDGE('',*,*,#2806,.T.);
#4152=ORIENTED_EDGE('',*,*,#2819,.F.);
#4153=ORIENTED_EDGE('',*,*,#2825,.F.);
#4154=ORIENTED_EDGE('',*,*,#2828,.F.);
#4155=ORIENTED_EDGE('',*,*,#2829,.F.);
#4156=ORIENTED_EDGE('',*,*,#2827,.F.);
#4157=ORIENTED_EDGE('',*,*,#2830,.T.);
#4158=ORIENTED_EDGE('',*,*,#2831,.T.);
#4159=ORIENTED_EDGE('',*,*,#2828,.T.);
#4160=ORIENTED_EDGE('',*,*,#2829,.T.);
#4161=ORIENTED_EDGE('',*,*,#2831,.F.);
#4162=ORIENTED_EDGE('',*,*,#2832,.T.);
#4163=ORIENTED_EDGE('',*,*,#2807,.T.);
#4164=ORIENTED_EDGE('',*,*,#2808,.T.);
#4165=ORIENTED_EDGE('',*,*,#2832,.F.);
#4166=ORIENTED_EDGE('',*,*,#2830,.F.);
#4167=ORIENTED_EDGE('',*,*,#2823,.F.);
#4168=ORIENTED_EDGE('',*,*,#2820,.F.);
#4169=B_SPLINE_SURFACE_WITH_KNOTS('',3,3,((#5831,#5832,#5833,#5834),(#5835,
#5836,#5837,#5838),(#5839,#5840,#5841,#5842),(#5843,#5844,#5845,#5846),
(#5847,#5848,#5849,#5850),(#5851,#5852,#5853,#5854)),.UNSPECIFIED.,.F.,
 .F.,.F.,(4,1,1,4),(4,4),(0.,0.285714285714286,0.571428571428571,1.),(-5.55111512312578E-17,
1.23),.UNSPECIFIED.);
#4170=B_SPLINE_SURFACE_WITH_KNOTS('',3,1,((#6056,#6057),(#6058,#6059),(#6060,
#6061),(#6062,#6063),(#6064,#6065)),.UNSPECIFIED.,.F.,.F.,.F.,(4,1,4),(2,
2),(0.,0.0144122982898889,0.0371880642766542),(0.,0.05),.UNSPECIFIED.);
#4171=B_SPLINE_SURFACE_WITH_KNOTS('',3,1,((#6079,#6080),(#6081,#6082),(#6083,
#6084),(#6085,#6086),(#6087,#6088)),.UNSPECIFIED.,.F.,.F.,.F.,(4,1,4),(2,
2),(0.,0.0156640749728477,0.0311699733950054),(0.,0.05),.UNSPECIFIED.);
#4172=B_SPLINE_SURFACE_WITH_KNOTS('',3,1,((#6102,#6103),(#6104,#6105),(#6106,
#6107),(#6108,#6109),(#6110,#6111)),.UNSPECIFIED.,.F.,.F.,.F.,(4,1,4),(2,
2),(0.,0.0176322357988088,0.0340266421799021),(0.,0.05),.UNSPECIFIED.);
#4173=B_SPLINE_SURFACE_WITH_KNOTS('',3,1,((#6125,#6126),(#6127,#6128),(#6129,
#6130),(#6131,#6132),(#6133,#6134)),.UNSPECIFIED.,.F.,.F.,.F.,(4,1,4),(2,
2),(0.,0.0210773951257533,0.0445016858202368),(0.,0.05),.UNSPECIFIED.);
#4174=B_SPLINE_SURFACE_WITH_KNOTS('',3,1,((#6148,#6149),(#6150,#6151),(#6152,
#6153),(#6154,#6155),(#6156,#6157)),.UNSPECIFIED.,.F.,.F.,.F.,(4,1,4),(2,
2),(0.,0.0330899518192716,0.0573422436820339),(0.,0.05),.UNSPECIFIED.);
#4175=B_SPLINE_SURFACE_WITH_KNOTS('',3,1,((#6195,#6196),(#6197,#6198),(#6199,
#6200),(#6201,#6202),(#6203,#6204)),.UNSPECIFIED.,.F.,.F.,.F.,(4,1,4),(2,
2),(0.,0.039534103662767,0.0937602119266884),(0.,0.05),.UNSPECIFIED.);
#4176=B_SPLINE_SURFACE_WITH_KNOTS('',3,1,((#6218,#6219),(#6220,#6221),(#6222,
#6223),(#6224,#6225),(#6226,#6227)),.UNSPECIFIED.,.F.,.F.,.F.,(4,1,4),(2,
2),(0.,0.0358464708584904,0.0704936451237797),(0.,0.05),.UNSPECIFIED.);
#4177=B_SPLINE_SURFACE_WITH_KNOTS('',3,1,((#6241,#6242),(#6243,#6244),(#6245,
#6246),(#6247,#6248),(#6249,#6250)),.UNSPECIFIED.,.F.,.F.,.F.,(4,1,4),(2,
2),(0.,0.0207020650838103,0.042207628459557),(0.,0.05),.UNSPECIFIED.);
#4178=B_SPLINE_SURFACE_WITH_KNOTS('',3,1,((#6264,#6265),(#6266,#6267),(#6268,
#6269),(#6270,#6271),(#6272,#6273)),.UNSPECIFIED.,.F.,.F.,.F.,(4,1,4),(2,
2),(0.,0.0183204394572652,0.0379549655839111),(0.,0.05),.UNSPECIFIED.);
#4179=B_SPLINE_SURFACE_WITH_KNOTS('',3,1,((#6287,#6288),(#6289,#6290),(#6291,
#6292),(#6293,#6294),(#6295,#6296)),.UNSPECIFIED.,.F.,.F.,.F.,(4,1,4),(2,
2),(0.,0.0210021816679994,0.0398452478787781),(0.,0.05),.UNSPECIFIED.);
#4180=B_SPLINE_SURFACE_WITH_KNOTS('',3,1,((#6310,#6311),(#6312,#6313),(#6314,
#6315),(#6316,#6317),(#6318,#6319)),.UNSPECIFIED.,.F.,.F.,.F.,(4,1,4),(2,
2),(0.,0.0263569237008669,0.0457634438515644),(0.,0.05),.UNSPECIFIED.);
#4181=B_SPLINE_SURFACE_WITH_KNOTS('',3,1,((#6680,#6681),(#6682,#6683),(#6684,
#6685),(#6686,#6687),(#6688,#6689),(#6690,#6691),(#6692,#6693),(#6694,#6695),
(#6696,#6697),(#6698,#6699),(#6700,#6701),(#6702,#6703),(#6704,#6705)),
 .UNSPECIFIED.,.F.,.F.,.F.,(4,3,3,3,4),(2,2),(-0.996534558907817,-0.753690967412213,
-0.497074930085386,-0.195408245961951,0.),(-1.59529868602934,0.754973699015467),
 .UNSPECIFIED.);
#4182=B_SPLINE_SURFACE_WITH_KNOTS('',3,3,((#6779,#6780,#6781,#6782,#6783,
#6784,#6785,#6786),(#6787,#6788,#6789,#6790,#6791,#6792,#6793,#6794),(#6795,
#6796,#6797,#6798,#6799,#6800,#6801,#6802),(#6803,#6804,#6805,#6806,#6807,
#6808,#6809,#6810)),.UNSPECIFIED.,.F.,.F.,.F.,(4,4),(4,2,1,1,4),(0.,1.),
(-0.000446668379499814,0.,0.0415100604306609,0.0553467472408812,0.0691834340511015),
 .UNSPECIFIED.);
#4183=B_SPLINE_SURFACE_WITH_KNOTS('',3,3,((#6830,#6831,#6832,#6833),(#6834,
#6835,#6836,#6837),(#6838,#6839,#6840,#6841),(#6842,#6843,#6844,#6845),
(#6846,#6847,#6848,#6849)),.UNSPECIFIED.,.F.,.F.,.F.,(4,1,4),(4,4),(0.,
0.571428571428571,1.),(0.,0.0183276734165711),.UNSPECIFIED.);
#4184=B_SPLINE_SURFACE_WITH_KNOTS('',3,3,((#6861,#6862,#6863,#6864,#6865,
#6866,#6867,#6868),(#6869,#6870,#6871,#6872,#6873,#6874,#6875,#6876),(#6877,
#6878,#6879,#6880,#6881,#6882,#6883,#6884),(#6885,#6886,#6887,#6888,#6889,
#6890,#6891,#6892),(#6893,#6894,#6895,#6896,#6897,#6898,#6899,#6900)),
 .UNSPECIFIED.,.F.,.F.,.F.,(4,1,4),(4,1,1,1,1,4),(0.,0.571428571428571,
1.),(0.,0.112634091876024,0.225268183752048,0.337902275628072,0.563170459380119,
0.788438643132167),.UNSPECIFIED.);
#4185=B_SPLINE_SURFACE_WITH_KNOTS('',3,3,((#6920,#6921,#6922,#6923,#6924,
#6925),(#6926,#6927,#6928,#6929,#6930,#6931),(#6932,#6933,#6934,#6935,#6936,
#6937),(#6938,#6939,#6940,#6941,#6942,#6943),(#6944,#6945,#6946,#6947,#6948,
#6949)),.UNSPECIFIED.,.F.,.F.,.F.,(4,1,4),(4,1,1,4),(0.,0.571428571428571,
1.),(0.,0.173586255225701,0.260379382838552,0.607551893289954),
 .UNSPECIFIED.);
#4186=B_SPLINE_SURFACE_WITH_KNOTS('',3,3,((#6971,#6972,#6973,#6974),(#6975,
#6976,#6977,#6978),(#6979,#6980,#6981,#6982),(#6983,#6984,#6985,#6986),
(#6987,#6988,#6989,#6990)),.UNSPECIFIED.,.F.,.F.,.F.,(4,1,4),(4,4),(0.,
0.571428571428571,1.),(0.,0.0688677985640999),.UNSPECIFIED.);
#4187=B_SPLINE_SURFACE_WITH_KNOTS('',3,3,((#7002,#7003,#7004,#7005,#7006,
#7007,#7008,#7009),(#7010,#7011,#7012,#7013,#7014,#7015,#7016,#7017),(#7018,
#7019,#7020,#7021,#7022,#7023,#7024,#7025),(#7026,#7027,#7028,#7029,#7030,
#7031,#7032,#7033),(#7034,#7035,#7036,#7037,#7038,#7039,#7040,#7041)),
 .UNSPECIFIED.,.F.,.F.,.F.,(4,1,4),(4,1,1,1,1,4),(0.,0.571428571428571,
1.),(0.,0.132390824275442,0.264781648550883,0.529563297101767,0.79434494565265,
0.926735769928091),.UNSPECIFIED.);
#4188=B_SPLINE_SURFACE_WITH_KNOTS('',3,3,((#7061,#7062,#7063,#7064,#7065,
#7066,#7067),(#7068,#7069,#7070,#7071,#7072,#7073,#7074),(#7075,#7076,#7077,
#7078,#7079,#7080,#7081),(#7082,#7083,#7084,#7085,#7086,#7087,#7088),(#7089,
#7090,#7091,#7092,#7093,#7094,#7095)),.UNSPECIFIED.,.F.,.F.,.F.,(4,1,4),
(4,1,1,1,4),(0.,0.571428571428571,1.),(0.,0.204325746052633,0.408651492105265,
0.681085820175442,0.953520148245619),.UNSPECIFIED.);
#4189=B_SPLINE_SURFACE_WITH_KNOTS('',3,3,((#7113,#7114,#7115,#7116),(#7117,
#7118,#7119,#7120),(#7121,#7122,#7123,#7124),(#7125,#7126,#7127,#7128),
(#7129,#7130,#7131,#7132)),.UNSPECIFIED.,.F.,.F.,.F.,(4,1,4),(4,4),(0.,
0.571428571428571,1.),(2.3197838729472E-11,0.0128343067068713),
 .UNSPECIFIED.);
#4190=B_SPLINE_SURFACE_WITH_KNOTS('',3,3,((#7144,#7145,#7146,#7147,#7148,
#7149,#7150,#7151),(#7152,#7153,#7154,#7155,#7156,#7157,#7158,#7159),(#7160,
#7161,#7162,#7163,#7164,#7165,#7166,#7167),(#7168,#7169,#7170,#7171,#7172,
#7173,#7174,#7175),(#7176,#7177,#7178,#7179,#7180,#7181,#7182,#7183)),
 .UNSPECIFIED.,.F.,.F.,.F.,(4,1,4),(4,1,1,2,4),(0.,0.571428571428571,1.),
(3.38324550435043E-16,0.0322322476084831,0.0483483714127245,0.0805806190212072,
0.0810271585747494),.UNSPECIFIED.);
#4191=B_SPLINE_SURFACE_WITH_KNOTS('',3,3,((#7201,#7202,#7203,#7204),(#7205,
#7206,#7207,#7208),(#7209,#7210,#7211,#7212),(#7213,#7214,#7215,#7216),
(#7217,#7218,#7219,#7220)),.UNSPECIFIED.,.F.,.F.,.F.,(4,1,4),(4,4),(0.,
0.571428571428571,1.),(0.246102515844499,0.33170031153616),
 .UNSPECIFIED.);
#4192=B_SPLINE_SURFACE_WITH_KNOTS('',3,1,((#7231,#7232),(#7233,#7234),(#7235,
#7236),(#7237,#7238),(#7239,#7240),(#7241,#7242),(#7243,#7244),(#7245,#7246),
(#7247,#7248)),.UNSPECIFIED.,.F.,.F.,.F.,(4,3,2,4),(2,2),(-0.219026205839699,
0.,0.247262070593367,0.830321281211623),(-0.00574669061850433,0.612504407201891),
 .UNSPECIFIED.);
#4193=B_SPLINE_SURFACE_WITH_KNOTS('',3,1,((#7268,#7269),(#7270,#7271),(#7272,
#7273),(#7274,#7275),(#7276,#7277),(#7278,#7279)),.UNSPECIFIED.,.F.,.F.,
 .F.,(4,2,4),(2,2),(0.,0.555436793720629,1.06977691921038),(-0.404105581856516,
0.583431635829399),.UNSPECIFIED.);
#4194=B_SPLINE_SURFACE_WITH_KNOTS('',3,1,((#7298,#7299),(#7300,#7301),(#7302,
#7303),(#7304,#7305),(#7306,#7307),(#7308,#7309),(#7310,#7311),(#7312,#7313),
(#7314,#7315),(#7316,#7317),(#7318,#7319),(#7320,#7321),(#7322,#7323),(#7324,
#7325),(#7326,#7327)),.UNSPECIFIED.,.F.,.F.,.F.,(4,2,3,2,2,2,4),(2,2),(-1.06458927972309,
-0.687692924357824,0.,0.272289372114042,0.633754147231128,0.832237917155048,
0.97814724358432),(-0.0521058959908818,0.61735393015221),.UNSPECIFIED.);
#4195=B_SPLINE_SURFACE_WITH_KNOTS('',3,3,((#7341,#7342,#7343,#7344),(#7345,
#7346,#7347,#7348),(#7349,#7350,#7351,#7352),(#7353,#7354,#7355,#7356),
(#7357,#7358,#7359,#7360)),.UNSPECIFIED.,.F.,.F.,.F.,(4,1,4),(4,4),(0.,
0.5,1.),(-4.52185779845818E-16,0.0916256559558763),.UNSPECIFIED.);
#4196=B_SPLINE_SURFACE_WITH_KNOTS('',3,3,((#7368,#7369,#7370,#7371,#7372,
#7373,#7374,#7375),(#7376,#7377,#7378,#7379,#7380,#7381,#7382,#7383),(#7384,
#7385,#7386,#7387,#7388,#7389,#7390,#7391),(#7392,#7393,#7394,#7395,#7396,
#7397,#7398,#7399)),.UNSPECIFIED.,.F.,.F.,.F.,(4,4),(4,2,1,1,4),(0.,1.),
(-0.0696300047287017,-0.0691940581106947,-0.0415164348664168,-0.0276776232442779,
0.),.UNSPECIFIED.);
#4197=B_SPLINE_SURFACE_WITH_KNOTS('',3,3,((#7419,#7420,#7421,#7422),(#7423,
#7424,#7425,#7426),(#7427,#7428,#7429,#7430),(#7431,#7432,#7433,#7434),
(#7435,#7436,#7437,#7438)),.UNSPECIFIED.,.F.,.F.,.F.,(4,1,4),(4,4),(0.,
0.571428571428571,1.),(0.,0.0142910949371857),.UNSPECIFIED.);
#4198=B_SPLINE_SURFACE_WITH_KNOTS('',3,3,((#7450,#7451,#7452,#7453,#7454,
#7455,#7456),(#7457,#7458,#7459,#7460,#7461,#7462,#7463),(#7464,#7465,#7466,
#7467,#7468,#7469,#7470),(#7471,#7472,#7473,#7474,#7475,#7476,#7477),(#7478,
#7479,#7480,#7481,#7482,#7483,#7484)),.UNSPECIFIED.,.F.,.F.,.F.,(4,1,4),
(4,1,1,1,4),(0.,0.571428571428571,1.),(0.,0.114102381385483,0.34230714415645,
0.570511906927416,0.798716669698383),.UNSPECIFIED.);
#4199=B_SPLINE_SURFACE_WITH_KNOTS('',3,3,((#7502,#7503,#7504,#7505,#7506),
(#7507,#7508,#7509,#7510,#7511),(#7512,#7513,#7514,#7515,#7516),(#7517,
#7518,#7519,#7520,#7521),(#7522,#7523,#7524,#7525,#7526)),.UNSPECIFIED.,
 .F.,.F.,.F.,(4,1,4),(4,1,4),(0.,0.571428571428571,1.),(-1.1016042017931E-6,
0.343741410681744,0.601548294896203),.UNSPECIFIED.);
#4200=B_SPLINE_SURFACE_WITH_KNOTS('',3,3,((#7543,#7544,#7545,#7546),(#7547,
#7548,#7549,#7550),(#7551,#7552,#7553,#7554),(#7555,#7556,#7557,#7558),
(#7559,#7560,#7561,#7562)),.UNSPECIFIED.,.F.,.F.,.F.,(4,1,4),(4,4),(0.,
0.571428571428571,1.),(0.,0.0688676707852553),.UNSPECIFIED.);
#4201=B_SPLINE_SURFACE_WITH_KNOTS('',3,3,((#7569,#7570,#7571,#7572,#7573,
#7574,#7575),(#7576,#7577,#7578,#7579,#7580,#7581,#7582),(#7583,#7584,#7585,
#7586,#7587,#7588,#7589),(#7590,#7591,#7592,#7593,#7594,#7595,#7596),(#7597,
#7598,#7599,#7600,#7601,#7602,#7603)),.UNSPECIFIED.,.F.,.F.,.F.,(4,1,4),
(4,1,1,1,4),(0.,0.571428571428571,1.),(0.,0.395480930825028,0.65913488470838,
0.790961861650056,0.922788838591732),.UNSPECIFIED.);
#4202=B_SPLINE_SURFACE_WITH_KNOTS('',3,3,((#7613,#7614,#7615,#7616,#7617,
#7618,#7619),(#7620,#7621,#7622,#7623,#7624,#7625,#7626),(#7627,#7628,#7629,
#7630,#7631,#7632,#7633),(#7634,#7635,#7636,#7637,#7638,#7639,#7640),(#7641,
#7642,#7643,#7644,#7645,#7646,#7647)),.UNSPECIFIED.,.F.,.F.,.F.,(4,1,4),
(4,1,1,1,4),(0.,0.571428571428571,1.),(0.,0.136823096296849,0.410469288890547,
0.684115481484245,0.957761674077943),.UNSPECIFIED.);
#4203=B_SPLINE_SURFACE_WITH_KNOTS('',3,3,((#7657,#7658,#7659,#7660),(#7661,
#7662,#7663,#7664),(#7665,#7666,#7667,#7668),(#7669,#7670,#7671,#7672),
(#7673,#7674,#7675,#7676)),.UNSPECIFIED.,.F.,.F.,.F.,(4,1,4),(4,4),(0.,
0.571428571428571,1.),(0.,0.0127165802833256),.UNSPECIFIED.);
#4204=B_SPLINE_SURFACE_WITH_KNOTS('',3,3,((#7688,#7689,#7690,#7691,#7692,
#7693,#7694,#7695),(#7696,#7697,#7698,#7699,#7700,#7701,#7702,#7703),(#7704,
#7705,#7706,#7707,#7708,#7709,#7710,#7711),(#7712,#7713,#7714,#7715,#7716,
#7717,#7718,#7719),(#7720,#7721,#7722,#7723,#7724,#7725,#7726,#7727)),
 .UNSPECIFIED.,.F.,.F.,.F.,(4,1,4),(4,1,1,2,4),(0.,0.571428571428571,1.),
(-0.0805809689768452,-0.0483485813861071,-0.0322323875907381,0.,0.000446206393766147),
 .UNSPECIFIED.);
#4205=B_SPLINE_SURFACE_WITH_KNOTS('',3,3,((#7745,#7746,#7747,#7748),(#7749,
#7750,#7751,#7752),(#7753,#7754,#7755,#7756),(#7757,#7758,#7759,#7760),
(#7761,#7762,#7763,#7764)),.UNSPECIFIED.,.F.,.F.,.F.,(4,1,4),(4,4),(0.,
0.571428571428571,1.),(-0.0580639512263523,0.979926485205548),
 .UNSPECIFIED.);
#4206=B_SPLINE_SURFACE_WITH_KNOTS('',3,1,((#7782,#7783),(#7784,#7785),(#7786,
#7787),(#7788,#7789),(#7790,#7791),(#7792,#7793),(#7794,#7795),(#7796,#7797),
(#7798,#7799),(#7800,#7801),(#7802,#7803),(#7804,#7805),(#7806,#7807),(#7808,
#7809),(#7810,#7811),(#7812,#7813),(#7814,#7815),(#7816,#7817),(#7818,#7819)),
 .UNSPECIFIED.,.F.,.F.,.F.,(4,3,3,3,3,3,4),(2,2),(-0.0113673716097812,0.,
0.295781346262997,0.672964572128559,0.999999999999995,1.13673716097812,
1.1481045325879),(-1.59529868602934,1.24912451703627),.UNSPECIFIED.);
#4207=B_SPLINE_SURFACE_WITH_KNOTS('',3,3,((#7838,#7839,#7840,#7841),(#7842,
#7843,#7844,#7845),(#7846,#7847,#7848,#7849),(#7850,#7851,#7852,#7853),
(#7854,#7855,#7856,#7857)),.UNSPECIFIED.,.F.,.F.,.F.,(4,1,4),(4,4),(0.,
0.571428571428571,1.),(0.187144049074836,1.22179131963978),
 .UNSPECIFIED.);
#4208=B_SPLINE_SURFACE_WITH_KNOTS('',3,3,((#7868,#7869,#7870,#7871),(#7872,
#7873,#7874,#7875),(#7876,#7877,#7878,#7879),(#7880,#7881,#7882,#7883),
(#7884,#7885,#7886,#7887)),.UNSPECIFIED.,.F.,.F.,.F.,(4,1,4),(4,4),(0.,
0.5,1.),(0.261037697370859,0.607879070297983),.UNSPECIFIED.);
#4209=B_SPLINE_SURFACE_WITH_KNOTS('',3,1,((#8020,#8021),(#8022,#8023),(#8024,
#8025),(#8026,#8027),(#8028,#8029),(#8030,#8031),(#8032,#8033),(#8034,#8035),
(#8036,#8037),(#8038,#8039),(#8040,#8041),(#8042,#8043),(#8044,#8045),(#8046,
#8047),(#8048,#8049),(#8050,#8051),(#8052,#8053),(#8054,#8055)),
 .UNSPECIFIED.,.F.,.F.,.F.,(4,2,3,2,2,2,3,4),(2,2),(-1.0645892797219,-0.687692924357229,
0.,0.272289372114042,0.633754147231128,0.832237917155048,0.97814724358432,
1.16333074987416),(-0.0359367792696741,1.03445177151466),.UNSPECIFIED.);
#4210=B_SPLINE_SURFACE_WITH_KNOTS('',3,3,((#8057,#8058,#8059,#8060),(#8061,
#8062,#8063,#8064),(#8065,#8066,#8067,#8068),(#8069,#8070,#8071,#8072),
(#8073,#8074,#8075,#8076)),.UNSPECIFIED.,.F.,.F.,.F.,(4,1,4),(4,4),(0.,
0.571428571428571,1.),(-0.130567366404946,1.1643997944649),
 .UNSPECIFIED.);
#4211=B_SPLINE_SURFACE_WITH_KNOTS('',3,3,((#8099,#8100,#8101,#8102),(#8103,
#8104,#8105,#8106),(#8107,#8108,#8109,#8110),(#8111,#8112,#8113,#8114),
(#8115,#8116,#8117,#8118)),.UNSPECIFIED.,.F.,.F.,.F.,(4,1,4),(4,4),(0.,
0.571428571428571,1.),(0.266822239307429,0.60257153226136),
 .UNSPECIFIED.);
#4212=B_SPLINE_SURFACE_WITH_KNOTS('',3,3,((#8129,#8130,#8131,#8132),(#8133,
#8134,#8135,#8136),(#8137,#8138,#8139,#8140),(#8141,#8142,#8143,#8144),
(#8145,#8146,#8147,#8148)),.UNSPECIFIED.,.F.,.F.,.F.,(4,1,4),(4,4),(0.,
0.571428571428571,1.),(0.,1.23),.UNSPECIFIED.);
#4213=B_SPLINE_SURFACE_WITH_KNOTS('',3,3,((#8186,#8187,#8188,#8189),(#8190,
#8191,#8192,#8193),(#8194,#8195,#8196,#8197),(#8198,#8199,#8200,#8201)),
 .UNSPECIFIED.,.F.,.F.,.F.,(4,4),(4,4),(0.,0.391858402809908),(0.187872510401227,
0.229462595340465),.UNSPECIFIED.);
#4214=B_SPLINE_SURFACE_WITH_KNOTS('',3,1,((#8322,#8323),(#8324,#8325),(#8326,
#8327),(#8328,#8329),(#8330,#8331),(#8332,#8333),(#8334,#8335),(#8336,#8337),
(#8338,#8339)),.UNSPECIFIED.,.F.,.F.,.F.,(4,3,2,4),(2,2),(-0.219026205839701,
0.,0.247262070593367,0.830321281211623),(-0.00574669061850833,1.01113982301511),
 .UNSPECIFIED.);
#4215=B_SPLINE_SURFACE_WITH_KNOTS('',3,3,((#8416,#8417,#8418,#8419),(#8420,
#8421,#8422,#8423),(#8424,#8425,#8426,#8427),(#8428,#8429,#8430,#8431),
(#8432,#8433,#8434,#8435)),.UNSPECIFIED.,.F.,.F.,.F.,(4,1,4),(4,4),(0.,
0.571428571428571,1.),(1.16495536036802,2.47334528547572),.UNSPECIFIED.);
#4216=B_SPLINE_SURFACE_WITH_KNOTS('',3,1,((#8448,#8449),(#8450,#8451),(#8452,
#8453),(#8454,#8455),(#8456,#8457),(#8458,#8459),(#8460,#8461),(#8462,#8463),
(#8464,#8465)),.UNSPECIFIED.,.F.,.F.,.F.,(4,3,2,4),(2,2),(-0.300205222205495,
0.,0.555436793720629,1.06977691921038),(-0.404105581856626,1.10896297183676),
 .UNSPECIFIED.);
#4217=B_SPLINE_SURFACE_WITH_KNOTS('',3,3,((#8568,#8569,#8570,#8571,#8572,
#8573),(#8574,#8575,#8576,#8577,#8578,#8579),(#8580,#8581,#8582,#8583,#8584,
#8585),(#8586,#8587,#8588,#8589,#8590,#8591),(#8592,#8593,#8594,#8595,#8596,
#8597)),.UNSPECIFIED.,.F.,.F.,.F.,(4,1,4),(4,1,1,4),(0.,0.5,1.),(-0.730621906436658,
-0.620215228915404,-0.546610777234568,-0.473006325553732),.UNSPECIFIED.);
#4218=B_SPLINE_SURFACE_WITH_KNOTS('',3,3,((#8643,#8644,#8645,#8646,#8647,
#8648),(#8649,#8650,#8651,#8652,#8653,#8654),(#8655,#8656,#8657,#8658,#8659,
#8660),(#8661,#8662,#8663,#8664,#8665,#8666),(#8667,#8668,#8669,#8670,#8671,
#8672)),.UNSPECIFIED.,.F.,.F.,.F.,(4,1,4),(4,1,1,4),(0.,0.5,1.),(-0.473027782981385,
-0.399423331300549,-0.325818879619713,-0.215412202098459),.UNSPECIFIED.);
#4219=B_SPLINE_SURFACE_WITH_KNOTS('',3,3,((#9052,#9053,#9054,#9055),(#9056,
#9057,#9058,#9059),(#9060,#9061,#9062,#9063),(#9064,#9065,#9066,#9067)),
 .UNSPECIFIED.,.F.,.F.,.F.,(4,4),(4,4),(0.608141597190089,1.),(0.187872510401227,
0.229462595340464),.UNSPECIFIED.);
#4220=B_SPLINE_SURFACE_WITH_KNOTS('',3,3,((#9154,#9155,#9156,#9157),(#9158,
#9159,#9160,#9161),(#9162,#9163,#9164,#9165),(#9166,#9167,#9168,#9169),
(#9170,#9171,#9172,#9173)),.UNSPECIFIED.,.F.,.F.,.F.,(4,1,4),(4,4),(0.,
0.5,1.),(0.650332385114494,0.745279875565522),.UNSPECIFIED.);
#4221=B_SPLINE_SURFACE_WITH_KNOTS('',3,3,((#9176,#9177,#9178,#9179),(#9180,
#9181,#9182,#9183),(#9184,#9185,#9186,#9187),(#9188,#9189,#9190,#9191),
(#9192,#9193,#9194,#9195)),.UNSPECIFIED.,.F.,.F.,.F.,(4,1,4),(4,4),(0.,
0.571428571428571,1.),(0.94,1.14),.UNSPECIFIED.);
#4222=B_SPLINE_SURFACE_WITH_KNOTS('',3,3,((#9196,#9197,#9198,#9199),(#9200,
#9201,#9202,#9203),(#9204,#9205,#9206,#9207),(#9208,#9209,#9210,#9211),
(#9212,#9213,#9214,#9215)),.UNSPECIFIED.,.F.,.F.,.F.,(4,1,4),(4,4),(0.,
0.5,1.),(0.,0.0669117159199471),.UNSPECIFIED.);
#4223=B_SPLINE_SURFACE_WITH_KNOTS('',3,3,((#9216,#9217,#9218,#9219),(#9220,
#9221,#9222,#9223),(#9224,#9225,#9226,#9227),(#9228,#9229,#9230,#9231),
(#9232,#9233,#9234,#9235)),.UNSPECIFIED.,.F.,.F.,.F.,(4,1,4),(4,4),(0.,
0.5,1.),(6.87096837978127E-17,0.0949474907778027),.UNSPECIFIED.);
#4224=B_SPLINE_SURFACE_WITH_KNOTS('',3,3,((#9238,#9239,#9240,#9241),(#9242,
#9243,#9244,#9245),(#9246,#9247,#9248,#9249),(#9250,#9251,#9252,#9253),
(#9254,#9255,#9256,#9257)),.UNSPECIFIED.,.F.,.F.,.F.,(4,1,4),(4,4),(0.,
0.5,1.),(0.15954400821869,0.226488987086784),.UNSPECIFIED.);
#4225=B_SPLINE_SURFACE_WITH_KNOTS('',3,3,((#9258,#9259,#9260,#9261),(#9262,
#9263,#9264,#9265),(#9266,#9267,#9268,#9269),(#9270,#9271,#9272,#9273),
(#9274,#9275,#9276,#9277)),.UNSPECIFIED.,.F.,.F.,.F.,(4,1,4),(4,4),(0.,
0.571428571428571,1.),(0.0900000000000002,0.29),.UNSPECIFIED.);
#4226=ADVANCED_FACE('',(#1053),#4169,.F.);
#4227=ADVANCED_FACE('',(#1054),#934,.T.);
#4228=ADVANCED_FACE('',(#1055),#935,.T.);
#4229=ADVANCED_FACE('',(#1056),#256,.F.);
#4230=ADVANCED_FACE('',(#1057),#936,.F.);
#4231=ADVANCED_FACE('',(#1058),#4170,.F.);
#4232=ADVANCED_FACE('',(#1059),#4171,.F.);
#4233=ADVANCED_FACE('',(#1060),#4172,.F.);
#4234=ADVANCED_FACE('',(#1061),#4173,.F.);
#4235=ADVANCED_FACE('',(#1062),#4174,.F.);
#4236=ADVANCED_FACE('',(#1063),#937,.F.);
#4237=ADVANCED_FACE('',(#1064),#938,.F.);
#4238=ADVANCED_FACE('',(#1065),#939,.F.);
#4239=ADVANCED_FACE('',(#1066),#940,.F.);
#4240=ADVANCED_FACE('',(#1067),#4175,.F.);
#4241=ADVANCED_FACE('',(#1068),#4176,.F.);
#4242=ADVANCED_FACE('',(#1069),#4177,.F.);
#4243=ADVANCED_FACE('',(#1070),#4178,.F.);
#4244=ADVANCED_FACE('',(#1071),#4179,.F.);
#4245=ADVANCED_FACE('',(#1072),#4180,.F.);
#4246=ADVANCED_FACE('',(#1073),#941,.F.);
#4247=ADVANCED_FACE('',(#1074),#942,.F.);
#4248=ADVANCED_FACE('',(#1075),#943,.F.);
#4249=ADVANCED_FACE('',(#1076,#236),#944,.T.);
#4250=ADVANCED_FACE('',(#1077),#945,.F.);
#4251=ADVANCED_FACE('',(#1078),#946,.F.);
#4252=ADVANCED_FACE('',(#1079),#947,.F.);
#4253=ADVANCED_FACE('',(#1080),#948,.F.);
#4254=ADVANCED_FACE('',(#1081),#949,.F.);
#4255=ADVANCED_FACE('',(#1082),#950,.F.);
#4256=ADVANCED_FACE('',(#1083),#951,.F.);
#4257=ADVANCED_FACE('',(#1084),#952,.F.);
#4258=ADVANCED_FACE('',(#1085),#953,.F.);
#4259=ADVANCED_FACE('',(#1086),#954,.F.);
#4260=ADVANCED_FACE('',(#1087),#955,.F.);
#4261=ADVANCED_FACE('',(#1088),#956,.F.);
#4262=ADVANCED_FACE('',(#1089),#957,.F.);
#4263=ADVANCED_FACE('',(#1090),#958,.F.);
#4264=ADVANCED_FACE('',(#1091),#959,.F.);
#4265=ADVANCED_FACE('',(#1092),#960,.F.);
#4266=ADVANCED_FACE('',(#1093),#961,.F.);
#4267=ADVANCED_FACE('',(#1094),#962,.F.);
#4268=ADVANCED_FACE('',(#1095),#963,.F.);
#4269=ADVANCED_FACE('',(#1096),#964,.F.);
#4270=ADVANCED_FACE('',(#1097),#965,.F.);
#4271=ADVANCED_FACE('',(#1098,#237,#238,#239,#240),#966,.F.);
#4272=ADVANCED_FACE('',(#1099),#67,.F.);
#4273=ADVANCED_FACE('',(#1100),#68,.T.);
#4274=ADVANCED_FACE('',(#1101),#257,.T.);
#4275=ADVANCED_FACE('',(#1102),#258,.T.);
#4276=ADVANCED_FACE('',(#1103),#967,.T.);
#4277=ADVANCED_FACE('',(#1104),#4181,.F.);
#4278=ADVANCED_FACE('',(#1105),#968,.F.);
#4279=ADVANCED_FACE('',(#1106),#969,.T.);
#4280=ADVANCED_FACE('',(#1107),#970,.F.);
#4281=ADVANCED_FACE('',(#1108),#4182,.T.);
#4282=ADVANCED_FACE('',(#1109),#4183,.T.);
#4283=ADVANCED_FACE('',(#1110),#4184,.T.);
#4284=ADVANCED_FACE('',(#1111),#4185,.T.);
#4285=ADVANCED_FACE('',(#1112),#61,.T.);
#4286=ADVANCED_FACE('',(#1113),#4186,.T.);
#4287=ADVANCED_FACE('',(#1114),#4187,.T.);
#4288=ADVANCED_FACE('',(#1115),#4188,.T.);
#4289=ADVANCED_FACE('',(#1116),#4189,.T.);
#4290=ADVANCED_FACE('',(#1117),#4190,.T.);
#4291=ADVANCED_FACE('',(#1118),#4191,.T.);
#4292=ADVANCED_FACE('',(#1119),#4192,.T.);
#4293=ADVANCED_FACE('',(#1120),#4193,.T.);
#4294=ADVANCED_FACE('',(#1121),#69,.T.);
#4295=ADVANCED_FACE('',(#1122),#4194,.T.);
#4296=ADVANCED_FACE('',(#1123),#4195,.T.);
#4297=ADVANCED_FACE('',(#1124),#4196,.T.);
#4298=ADVANCED_FACE('',(#1125),#4197,.T.);
#4299=ADVANCED_FACE('',(#1126),#4198,.T.);
#4300=ADVANCED_FACE('',(#1127),#4199,.T.);
#4301=ADVANCED_FACE('',(#1128),#62,.T.);
#4302=ADVANCED_FACE('',(#1129),#4200,.T.);
#4303=ADVANCED_FACE('',(#1130),#4201,.T.);
#4304=ADVANCED_FACE('',(#1131),#4202,.T.);
#4305=ADVANCED_FACE('',(#1132),#4203,.T.);
#4306=ADVANCED_FACE('',(#1133),#4204,.T.);
#4307=ADVANCED_FACE('',(#1134),#4205,.T.);
#4308=ADVANCED_FACE('',(#1135),#4206,.F.);
#4309=ADVANCED_FACE('',(#1136),#4207,.T.);
#4310=ADVANCED_FACE('',(#1137),#4208,.T.);
#4311=ADVANCED_FACE('',(#1138),#971,.F.);
#4312=ADVANCED_FACE('',(#1139),#4209,.F.);
#4313=ADVANCED_FACE('',(#1140),#4210,.T.);
#4314=ADVANCED_FACE('',(#1141),#4211,.T.);
#4315=ADVANCED_FACE('',(#1142),#4212,.T.);
#4316=ADVANCED_FACE('',(#1143,#241),#972,.F.);
#4317=ADVANCED_FACE('',(#1144),#70,.T.);
#4318=ADVANCED_FACE('',(#1145),#973,.T.);
#4319=ADVANCED_FACE('',(#1146),#974,.F.);
#4320=ADVANCED_FACE('',(#1147),#4213,.F.);
#4321=ADVANCED_FACE('',(#1148),#259,.T.);
#4322=ADVANCED_FACE('',(#1149),#4214,.F.);
#4323=ADVANCED_FACE('',(#1150),#975,.F.);
#4324=ADVANCED_FACE('',(#1151),#260,.T.);
#4325=ADVANCED_FACE('',(#1152),#4215,.T.);
#4326=ADVANCED_FACE('',(#1153),#976,.F.);
#4327=ADVANCED_FACE('',(#1154),#4216,.F.);
#4328=ADVANCED_FACE('',(#1155),#57,.T.);
#4329=ADVANCED_FACE('',(#1156),#977,.F.);
#4330=ADVANCED_FACE('',(#1157),#58,.T.);
#4331=ADVANCED_FACE('',(#1158),#978,.F.);
#4332=ADVANCED_FACE('',(#1159),#71,.T.);
#4333=ADVANCED_FACE('',(#1160),#979,.F.);
#4334=ADVANCED_FACE('',(#1161),#59,.T.);
#4335=ADVANCED_FACE('',(#1162),#60,.T.);
#4336=ADVANCED_FACE('',(#1163),#980,.F.);
#4337=ADVANCED_FACE('',(#1164),#72,.T.);
#4338=ADVANCED_FACE('',(#1165),#73,.T.);
#4339=ADVANCED_FACE('',(#1166),#74,.T.);
#4340=ADVANCED_FACE('',(#1167),#4217,.T.);
#4341=ADVANCED_FACE('',(#1168),#4218,.T.);
#4342=ADVANCED_FACE('',(#1169),#75,.T.);
#4343=ADVANCED_FACE('',(#1170),#981,.T.);
#4344=ADVANCED_FACE('',(#1171,#242,#243,#244,#245,#246,#247),#982,.T.);
#4345=ADVANCED_FACE('',(#1172),#76,.T.);
#4346=ADVANCED_FACE('',(#1173),#983,.T.);
#4347=ADVANCED_FACE('',(#1174),#984,.T.);
#4348=ADVANCED_FACE('',(#1175),#985,.F.);
#4349=ADVANCED_FACE('',(#1176),#986,.F.);
#4350=ADVANCED_FACE('',(#1177),#987,.T.);
#4351=ADVANCED_FACE('',(#1178),#77,.T.);
#4352=ADVANCED_FACE('',(#1179),#988,.F.);
#4353=ADVANCED_FACE('',(#1180),#989,.F.);
#4354=ADVANCED_FACE('',(#1181),#78,.F.);
#4355=ADVANCED_FACE('',(#1182),#990,.F.);
#4356=ADVANCED_FACE('',(#1183),#991,.F.);
#4357=ADVANCED_FACE('',(#1184),#79,.F.);
#4358=ADVANCED_FACE('',(#1185),#992,.F.);
#4359=ADVANCED_FACE('',(#1186),#80,.F.);
#4360=ADVANCED_FACE('',(#1187),#993,.F.);
#4361=ADVANCED_FACE('',(#1188,#248,#249,#250,#251,#252,#253),#994,.F.);
#4362=ADVANCED_FACE('',(#1189),#995,.F.);
#4363=ADVANCED_FACE('',(#1190),#996,.T.);
#4364=ADVANCED_FACE('',(#1191),#997,.T.);
#4365=ADVANCED_FACE('',(#1192),#81,.F.);
#4366=ADVANCED_FACE('',(#1193),#998,.T.);
#4367=ADVANCED_FACE('',(#1194),#82,.F.);
#4368=ADVANCED_FACE('',(#1195),#999,.T.);
#4369=ADVANCED_FACE('',(#1196),#83,.F.);
#4370=ADVANCED_FACE('',(#1197),#1000,.F.);
#4371=ADVANCED_FACE('',(#1198),#1001,.T.);
#4372=ADVANCED_FACE('',(#1199),#84,.F.);
#4373=ADVANCED_FACE('',(#1200),#85,.F.);
#4374=ADVANCED_FACE('',(#1201),#86,.F.);
#4375=ADVANCED_FACE('',(#1202),#87,.F.);
#4376=ADVANCED_FACE('',(#1203),#88,.F.);
#4377=ADVANCED_FACE('',(#1204),#89,.F.);
#4378=ADVANCED_FACE('',(#1205),#1002,.T.);
#4379=ADVANCED_FACE('',(#1206),#1003,.T.);
#4380=ADVANCED_FACE('',(#1207),#90,.T.);
#4381=ADVANCED_FACE('',(#1208),#91,.T.);
#4382=ADVANCED_FACE('',(#1209),#1004,.F.);
#4383=ADVANCED_FACE('',(#1210),#92,.T.);
#4384=ADVANCED_FACE('',(#1211),#93,.F.);
#4385=ADVANCED_FACE('',(#1212),#1005,.F.);
#4386=ADVANCED_FACE('',(#1213),#94,.F.);
#4387=ADVANCED_FACE('',(#1214),#95,.F.);
#4388=ADVANCED_FACE('',(#1215),#1006,.F.);
#4389=ADVANCED_FACE('',(#1216),#96,.F.);
#4390=ADVANCED_FACE('',(#1217),#97,.F.);
#4391=ADVANCED_FACE('',(#1218),#4219,.F.);
#4392=ADVANCED_FACE('',(#1219),#1007,.F.);
#4393=ADVANCED_FACE('',(#1220),#98,.F.);
#4394=ADVANCED_FACE('',(#1221),#1008,.F.);
#4395=ADVANCED_FACE('',(#1222),#99,.F.);
#4396=ADVANCED_FACE('',(#1223),#1009,.F.);
#4397=ADVANCED_FACE('',(#1224),#100,.F.);
#4398=ADVANCED_FACE('',(#1225),#1010,.F.);
#4399=ADVANCED_FACE('',(#1226),#1011,.T.);
#4400=ADVANCED_FACE('',(#1227),#1012,.T.);
#4401=ADVANCED_FACE('',(#1228,#254),#1013,.T.);
#4402=ADVANCED_FACE('',(#1229),#1014,.F.);
#4403=ADVANCED_FACE('',(#1230),#1015,.F.);
#4404=ADVANCED_FACE('',(#1231),#1016,.T.);
#4405=ADVANCED_FACE('',(#1232,#255),#1017,.T.);
#4406=ADVANCED_FACE('',(#1233),#4220,.T.);
#4407=ADVANCED_FACE('',(#1234),#4221,.T.);
#4408=ADVANCED_FACE('',(#1235),#4222,.T.);
#4409=ADVANCED_FACE('',(#1236),#4223,.T.);
#4410=ADVANCED_FACE('',(#1237),#4224,.T.);
#4411=ADVANCED_FACE('',(#1238),#4225,.T.);
#4412=ADVANCED_FACE('',(#1239),#1018,.T.);
#4413=ADVANCED_FACE('',(#1240),#1019,.T.);
#4414=ADVANCED_FACE('',(#1241),#1020,.T.);
#4415=ADVANCED_FACE('',(#1242),#1021,.T.);
#4416=ADVANCED_FACE('',(#1243),#101,.F.);
#4417=ADVANCED_FACE('',(#1244),#102,.T.);
#4418=ADVANCED_FACE('',(#1245),#103,.F.);
#4419=ADVANCED_FACE('',(#1246),#1022,.T.);
#4420=ADVANCED_FACE('',(#1247),#1023,.T.);
#4421=ADVANCED_FACE('',(#1248),#1024,.F.);
#4422=ADVANCED_FACE('',(#1249),#261,.F.);
#4423=ADVANCED_FACE('',(#1250),#1025,.F.);
#4424=ADVANCED_FACE('',(#1251),#262,.F.);
#4425=ADVANCED_FACE('',(#1252),#263,.F.);
#4426=ADVANCED_FACE('',(#1253),#63,.F.);
#4427=ADVANCED_FACE('',(#1254),#104,.F.);
#4428=ADVANCED_FACE('',(#1255),#64,.F.);
#4429=ADVANCED_FACE('',(#1256),#65,.F.);
#4430=ADVANCED_FACE('',(#1257),#66,.F.);
#4431=ADVANCED_FACE('',(#1258),#105,.F.);
#4432=ADVANCED_FACE('',(#1259),#106,.T.);
#4433=ADVANCED_FACE('',(#1260),#1026,.F.);
#4434=ADVANCED_FACE('',(#1261),#107,.T.);
#4435=ADVANCED_FACE('',(#1262),#1027,.F.);
#4436=ADVANCED_FACE('',(#1263),#1028,.F.);
#4437=ADVANCED_FACE('',(#1264),#108,.T.);
#4438=ADVANCED_FACE('',(#1265),#1029,.F.);
#4439=ADVANCED_FACE('',(#1266),#109,.T.);
#4440=ADVANCED_FACE('',(#1267),#1030,.F.);
#4441=ADVANCED_FACE('',(#1268),#1031,.F.);
#4442=ADVANCED_FACE('',(#1269),#1032,.F.);
#4443=ADVANCED_FACE('',(#1270),#1033,.T.);
#4444=ADVANCED_FACE('',(#1271),#1034,.F.);
#4445=ADVANCED_FACE('',(#1272),#110,.F.);
#4446=ADVANCED_FACE('',(#1273),#1035,.T.);
#4447=ADVANCED_FACE('',(#1274),#1036,.F.);
#4448=ADVANCED_FACE('',(#1275),#111,.T.);
#4449=ADVANCED_FACE('',(#1276),#112,.T.);
#4450=ADVANCED_FACE('',(#1277),#1037,.T.);
#4451=ADVANCED_FACE('',(#1278),#1038,.T.);
#4452=ADVANCED_FACE('',(#1279),#1039,.F.);
#4453=ADVANCED_FACE('',(#1280),#1040,.F.);
#4454=ADVANCED_FACE('',(#1281),#1041,.F.);
#4455=ADVANCED_FACE('',(#1282),#1042,.F.);
#4456=ADVANCED_FACE('',(#1283),#113,.F.);
#4457=ADVANCED_FACE('',(#1284),#114,.F.);
#4458=ADVANCED_FACE('',(#1285),#1043,.F.);
#4459=ADVANCED_FACE('',(#1286),#1044,.F.);
#4460=ADVANCED_FACE('',(#1287),#1045,.F.);
#4461=ADVANCED_FACE('',(#1288),#1046,.F.);
#4462=ADVANCED_FACE('',(#1289),#1047,.F.);
#4463=ADVANCED_FACE('',(#1290),#1048,.F.);
#4464=ADVANCED_FACE('',(#1291),#115,.T.);
#4465=ADVANCED_FACE('',(#1292),#116,.T.);
#4466=ADVANCED_FACE('',(#1293),#1049,.T.);
#4467=ADVANCED_FACE('',(#1294),#1050,.F.);
#4468=ADVANCED_FACE('',(#1295),#117,.F.);
#4469=ADVANCED_FACE('',(#1296),#1051,.T.);
#4470=ADVANCED_FACE('',(#1297),#1052,.F.);
#4471=CLOSED_SHELL('',(#4226,#4227,#4228,#4229,#4230,#4231,#4232,#4233,
#4234,#4235,#4236,#4237,#4238,#4239,#4240,#4241,#4242,#4243,#4244,#4245,
#4246,#4247,#4248,#4249,#4250,#4251,#4252,#4253,#4254,#4255,#4256,#4257,
#4258,#4259,#4260,#4261,#4262,#4263,#4264,#4265,#4266,#4267,#4268,#4269,
#4270,#4271,#4272,#4273,#4274,#4275,#4276,#4277,#4278,#4279,#4280,#4281,
#4282,#4283,#4284,#4285,#4286,#4287,#4288,#4289,#4290,#4291,#4292,#4293,
#4294,#4295,#4296,#4297,#4298,#4299,#4300,#4301,#4302,#4303,#4304,#4305,
#4306,#4307,#4308,#4309,#4310,#4311,#4312,#4313,#4314,#4315,#4316,#4317,
#4318,#4319,#4320,#4321,#4322,#4323,#4324,#4325,#4326,#4327,#4328,#4329,
#4330,#4331,#4332,#4333,#4334,#4335,#4336,#4337,#4338,#4339,#4340,#4341,
#4342,#4343,#4344,#4345,#4346,#4347,#4348,#4349,#4350,#4351,#4352,#4353,
#4354,#4355,#4356,#4357,#4358,#4359,#4360,#4361,#4362,#4363,#4364,#4365,
#4366,#4367,#4368,#4369,#4370,#4371,#4372,#4373,#4374,#4375,#4376,#4377,
#4378,#4379,#4380,#4381,#4382,#4383,#4384,#4385,#4386,#4387,#4388,#4389,
#4390,#4391,#4392,#4393,#4394,#4395,#4396,#4397,#4398,#4399,#4400,#4401,
#4402,#4403,#4404,#4405,#4406,#4407,#4408,#4409,#4410,#4411,#4412,#4413,
#4414,#4415,#4416,#4417,#4418,#4419,#4420,#4421,#4422,#4423,#4424,#4425,
#4426,#4427,#4428,#4429,#4430,#4431,#4432,#4433,#4434,#4435,#4436,#4437,
#4438,#4439,#4440,#4441,#4442,#4443,#4444,#4445,#4446,#4447,#4448,#4449,
#4450,#4451,#4452,#4453,#4454,#4455,#4456,#4457,#4458,#4459,#4460,#4461,
#4462,#4463,#4464,#4465,#4466,#4467,#4468,#4469,#4470));
#4472=DERIVED_UNIT_ELEMENT(#4474,1.);
#4473=DERIVED_UNIT_ELEMENT(#9648,-3.);
#4474=(
MASS_UNIT()
NAMED_UNIT(*)
SI_UNIT(.KILO.,.GRAM.)
);
#4475=DERIVED_UNIT((#4472,#4473));
#4476=MEASURE_REPRESENTATION_ITEM('density measure',
POSITIVE_RATIO_MEASURE(7850.),#4475);
#4477=PROPERTY_DEFINITION_REPRESENTATION(#4482,#4479);
#4478=PROPERTY_DEFINITION_REPRESENTATION(#4483,#4480);
#4479=REPRESENTATION('material name',(#4481),#9645);
#4480=REPRESENTATION('density',(#4476),#9645);
#4481=DESCRIPTIVE_REPRESENTATION_ITEM('Steel','Steel');
#4482=PROPERTY_DEFINITION('material property','material name',#9655);
#4483=PROPERTY_DEFINITION('material property','density of part',#9655);
#4484=AXIS2_PLACEMENT_3D('',#5830,#4821,#4822);
#4485=AXIS2_PLACEMENT_3D('',#5907,#4823,#4824);
#4486=AXIS2_PLACEMENT_3D('',#5913,#4828,#4829);
#4487=AXIS2_PLACEMENT_3D('',#6047,#4831,#4832);
#4488=AXIS2_PLACEMENT_3D('',#6171,#4842,#4843);
#4489=AXIS2_PLACEMENT_3D('',#6177,#4847,#4848);
#4490=AXIS2_PLACEMENT_3D('',#6180,#4851,#4852);
#4491=AXIS2_PLACEMENT_3D('',#6189,#4857,#4858);
#4492=AXIS2_PLACEMENT_3D('',#6333,#4868,#4869);
#4493=AXIS2_PLACEMENT_3D('',#6339,#4873,#4874);
#4494=AXIS2_PLACEMENT_3D('',#6345,#4878,#4879);
#4495=AXIS2_PLACEMENT_3D('',#6348,#4882,#4883);
#4496=AXIS2_PLACEMENT_3D('',#6349,#4884,#4885);
#4497=AXIS2_PLACEMENT_3D('',#6358,#4890,#4891);
#4498=AXIS2_PLACEMENT_3D('',#6364,#4895,#4896);
#4499=AXIS2_PLACEMENT_3D('',#6370,#4900,#4901);
#4500=AXIS2_PLACEMENT_3D('',#6373,#4904,#4905);
#4501=AXIS2_PLACEMENT_3D('',#6374,#4906,#4907);
#4502=AXIS2_PLACEMENT_3D('',#6383,#4912,#4913);
#4503=AXIS2_PLACEMENT_3D('',#6389,#4917,#4918);
#4504=AXIS2_PLACEMENT_3D('',#6395,#4922,#4923);
#4505=AXIS2_PLACEMENT_3D('',#6401,#4927,#4928);
#4506=AXIS2_PLACEMENT_3D('',#6407,#4932,#4933);
#4507=AXIS2_PLACEMENT_3D('',#6410,#4936,#4937);
#4508=AXIS2_PLACEMENT_3D('',#6411,#4938,#4939);
#4509=AXIS2_PLACEMENT_3D('',#6420,#4944,#4945);
#4510=AXIS2_PLACEMENT_3D('',#6426,#4949,#4950);
#4511=AXIS2_PLACEMENT_3D('',#6432,#4954,#4955);
#4512=AXIS2_PLACEMENT_3D('',#6438,#4959,#4960);
#4513=AXIS2_PLACEMENT_3D('',#6444,#4964,#4965);
#4514=AXIS2_PLACEMENT_3D('',#6450,#4969,#4970);
#4515=AXIS2_PLACEMENT_3D('',#6456,#4974,#4975);
#4516=AXIS2_PLACEMENT_3D('',#6459,#4978,#4979);
#4517=AXIS2_PLACEMENT_3D('',#6460,#4980,#4981);
#4518=AXIS2_PLACEMENT_3D('',#6473,#4982,#4983);
#4519=AXIS2_PLACEMENT_3D('',#6477,#4985,#4986);
#4520=AXIS2_PLACEMENT_3D('',#6493,#4989,#4990);
#4521=AXIS2_PLACEMENT_3D('',#6497,#4992,#4993);
#4522=AXIS2_PLACEMENT_3D('',#6501,#4996,#4997);
#4523=AXIS2_PLACEMENT_3D('',#6516,#5000,#5001);
#4524=AXIS2_PLACEMENT_3D('',#6519,#5002,#5003);
#4525=AXIS2_PLACEMENT_3D('',#6523,#5005,#5006);
#4526=AXIS2_PLACEMENT_3D('',#6674,#5009,#5010);
#4527=AXIS2_PLACEMENT_3D('',#6678,#5012,#5013);
#4528=AXIS2_PLACEMENT_3D('',#6761,#5015,#5016);
#4529=AXIS2_PLACEMENT_3D('',#6763,#5017,#5018);
#4530=AXIS2_PLACEMENT_3D('',#6765,#5020,#5021);
#4531=AXIS2_PLACEMENT_3D('',#6771,#5025,#5026);
#4532=AXIS2_PLACEMENT_3D('',#6773,#5027,#5028);
#4533=AXIS2_PLACEMENT_3D('',#6777,#5030,#5031);
#4534=AXIS2_PLACEMENT_3D('',#6813,#5033,#5034);
#4535=AXIS2_PLACEMENT_3D('',#6852,#5035,#5036);
#4536=AXIS2_PLACEMENT_3D('',#6911,#5037,#5038);
#4537=AXIS2_PLACEMENT_3D('',#6958,#5039,#5040);
#4538=AXIS2_PLACEMENT_3D('',#6965,#5041,#5042);
#4539=AXIS2_PLACEMENT_3D('',#6968,#5043,#5044);
#4540=AXIS2_PLACEMENT_3D('',#6969,#5045,#5046);
#4541=AXIS2_PLACEMENT_3D('',#6970,#5047,#5048);
#4542=AXIS2_PLACEMENT_3D('',#6997,#5049,#5050);
#4543=AXIS2_PLACEMENT_3D('',#7044,#5051,#5052);
#4544=AXIS2_PLACEMENT_3D('',#7098,#5053,#5054);
#4545=AXIS2_PLACEMENT_3D('',#7135,#5055,#5056);
#4546=AXIS2_PLACEMENT_3D('',#7226,#5057,#5058);
#4547=AXIS2_PLACEMENT_3D('',#7290,#5062,#5063);
#4548=AXIS2_PLACEMENT_3D('',#7292,#5064,#5065);
#4549=AXIS2_PLACEMENT_3D('',#7296,#5067,#5068);
#4550=AXIS2_PLACEMENT_3D('',#7402,#5070,#5071);
#4551=AXIS2_PLACEMENT_3D('',#7445,#5072,#5073);
#4552=AXIS2_PLACEMENT_3D('',#7494,#5074,#5075);
#4553=AXIS2_PLACEMENT_3D('',#7533,#5076,#5077);
#4554=AXIS2_PLACEMENT_3D('',#7539,#5078,#5079);
#4555=AXIS2_PLACEMENT_3D('',#7541,#5080,#5081);
#4556=AXIS2_PLACEMENT_3D('',#7542,#5082,#5083);
#4557=AXIS2_PLACEMENT_3D('',#7568,#5084,#5085);
#4558=AXIS2_PLACEMENT_3D('',#7612,#5086,#5087);
#4559=AXIS2_PLACEMENT_3D('',#7649,#5088,#5089);
#4560=AXIS2_PLACEMENT_3D('',#7683,#5090,#5091);
#4561=AXIS2_PLACEMENT_3D('',#7900,#5092,#5093);
#4562=AXIS2_PLACEMENT_3D('',#7938,#5096,#5097);
#4563=AXIS2_PLACEMENT_3D('',#7942,#5099,#5100);
#4564=AXIS2_PLACEMENT_3D('',#7946,#5102,#5103);
#4565=AXIS2_PLACEMENT_3D('',#8003,#5111,#5112);
#4566=AXIS2_PLACEMENT_3D('',#8009,#5115,#5116);
#4567=AXIS2_PLACEMENT_3D('',#8124,#5118,#5119);
#4568=AXIS2_PLACEMENT_3D('',#8153,#5120,#5121);
#4569=AXIS2_PLACEMENT_3D('',#8155,#5122,#5123);
#4570=AXIS2_PLACEMENT_3D('',#8158,#5125,#5126);
#4571=AXIS2_PLACEMENT_3D('',#8163,#5128,#5129);
#4572=AXIS2_PLACEMENT_3D('',#8167,#5131,#5132);
#4573=AXIS2_PLACEMENT_3D('',#8172,#5133,#5134);
#4574=AXIS2_PLACEMENT_3D('',#8175,#5136,#5137);
#4575=AXIS2_PLACEMENT_3D('',#8176,#5138,#5139);
#4576=AXIS2_PLACEMENT_3D('',#8179,#5141,#5142);
#4577=AXIS2_PLACEMENT_3D('',#8180,#5143,#5144);
#4578=AXIS2_PLACEMENT_3D('',#8204,#5148,#5149);
#4579=AXIS2_PLACEMENT_3D('',#8341,#5153,#5154);
#4580=AXIS2_PLACEMENT_3D('',#8446,#5156,#5157);
#4581=AXIS2_PLACEMENT_3D('',#8469,#5161,#5162);
#4582=AXIS2_PLACEMENT_3D('',#8476,#5163,#5164);
#4583=AXIS2_PLACEMENT_3D('',#8480,#5165,#5166);
#4584=AXIS2_PLACEMENT_3D('',#8489,#5169,#5170);
#4585=AXIS2_PLACEMENT_3D('',#8491,#5171,#5172);
#4586=AXIS2_PLACEMENT_3D('',#8492,#5173,#5174);
#4587=AXIS2_PLACEMENT_3D('',#8496,#5175,#5176);
#4588=AXIS2_PLACEMENT_3D('',#8498,#5178,#5179);
#4589=AXIS2_PLACEMENT_3D('',#8499,#5180,#5181);
#4590=AXIS2_PLACEMENT_3D('',#8514,#5184,#5185);
#4591=AXIS2_PLACEMENT_3D('',#8516,#5186,#5187);
#4592=AXIS2_PLACEMENT_3D('',#8517,#5188,#5189);
#4593=AXIS2_PLACEMENT_3D('',#8521,#5190,#5191);
#4594=AXIS2_PLACEMENT_3D('',#8522,#5192,#5193);
#4595=AXIS2_PLACEMENT_3D('',#8524,#5194,#5195);
#4596=AXIS2_PLACEMENT_3D('',#8528,#5196,#5197);
#4597=AXIS2_PLACEMENT_3D('',#8532,#5199,#5200);
#4598=AXIS2_PLACEMENT_3D('',#8536,#5202,#5203);
#4599=AXIS2_PLACEMENT_3D('',#8538,#5204,#5205);
#4600=AXIS2_PLACEMENT_3D('',#8542,#5207,#5208);
#4601=AXIS2_PLACEMENT_3D('',#8546,#5210,#5211);
#4602=AXIS2_PLACEMENT_3D('',#8550,#5213,#5214);
#4603=AXIS2_PLACEMENT_3D('',#8554,#5216,#5217);
#4604=AXIS2_PLACEMENT_3D('',#8556,#5219,#5220);
#4605=AXIS2_PLACEMENT_3D('',#8559,#5222,#5223);
#4606=AXIS2_PLACEMENT_3D('',#8560,#5224,#5225);
#4607=AXIS2_PLACEMENT_3D('',#8563,#5227,#5228);
#4608=AXIS2_PLACEMENT_3D('',#8564,#5229,#5230);
#4609=AXIS2_PLACEMENT_3D('',#8566,#5231,#5232);
#4610=AXIS2_PLACEMENT_3D('',#8621,#5234,#5235);
#4611=AXIS2_PLACEMENT_3D('',#8689,#5236,#5237);
#4612=AXIS2_PLACEMENT_3D('',#8716,#5238,#5239);
#4613=AXIS2_PLACEMENT_3D('',#8719,#5240,#5241);
#4614=AXIS2_PLACEMENT_3D('',#8742,#5244,#5245);
#4615=AXIS2_PLACEMENT_3D('',#8744,#5247,#5248);
#4616=AXIS2_PLACEMENT_3D('',#8747,#5250,#5251);
#4617=AXIS2_PLACEMENT_3D('',#8748,#5252,#5253);
#4618=AXIS2_PLACEMENT_3D('',#8760,#5260,#5261);
#4619=AXIS2_PLACEMENT_3D('',#8762,#5262,#5263);
#4620=AXIS2_PLACEMENT_3D('',#8764,#5264,#5265);
#4621=AXIS2_PLACEMENT_3D('',#8766,#5266,#5267);
#4622=AXIS2_PLACEMENT_3D('',#8768,#5268,#5269);
#4623=AXIS2_PLACEMENT_3D('',#8770,#5270,#5271);
#4624=AXIS2_PLACEMENT_3D('',#8771,#5272,#5273);
#4625=AXIS2_PLACEMENT_3D('',#8774,#5274,#5275);
#4626=AXIS2_PLACEMENT_3D('',#8777,#5277,#5278);
#4627=AXIS2_PLACEMENT_3D('',#8796,#5280,#5281);
#4628=AXIS2_PLACEMENT_3D('',#8804,#5286,#5287);
#4629=AXIS2_PLACEMENT_3D('',#8809,#5291,#5292);
#4630=AXIS2_PLACEMENT_3D('',#8813,#5295,#5296);
#4631=AXIS2_PLACEMENT_3D('',#8815,#5298,#5299);
#4632=AXIS2_PLACEMENT_3D('',#8823,#5304,#5305);
#4633=AXIS2_PLACEMENT_3D('',#8824,#5306,#5307);
#4634=AXIS2_PLACEMENT_3D('',#8826,#5309,#5310);
#4635=AXIS2_PLACEMENT_3D('',#8832,#5314,#5315);
#4636=AXIS2_PLACEMENT_3D('',#8833,#5316,#5317);
#4637=AXIS2_PLACEMENT_3D('',#8835,#5318,#5319);
#4638=AXIS2_PLACEMENT_3D('',#8837,#5321,#5322);
#4639=AXIS2_PLACEMENT_3D('',#8839,#5324,#5325);
#4640=AXIS2_PLACEMENT_3D('',#8841,#5327,#5328);
#4641=AXIS2_PLACEMENT_3D('',#8847,#5332,#5333);
#4642=AXIS2_PLACEMENT_3D('',#8849,#5335,#5336);
#4643=AXIS2_PLACEMENT_3D('',#8851,#5338,#5339);
#4644=AXIS2_PLACEMENT_3D('',#8852,#5340,#5341);
#4645=AXIS2_PLACEMENT_3D('',#8856,#5344,#5345);
#4646=AXIS2_PLACEMENT_3D('',#8861,#5348,#5349);
#4647=AXIS2_PLACEMENT_3D('',#8863,#5350,#5351);
#4648=AXIS2_PLACEMENT_3D('',#8865,#5352,#5353);
#4649=AXIS2_PLACEMENT_3D('',#8867,#5354,#5355);
#4650=AXIS2_PLACEMENT_3D('',#8869,#5356,#5357);
#4651=AXIS2_PLACEMENT_3D('',#8871,#5358,#5359);
#4652=AXIS2_PLACEMENT_3D('',#8872,#5360,#5361);
#4653=AXIS2_PLACEMENT_3D('',#8877,#5365,#5366);
#4654=AXIS2_PLACEMENT_3D('',#8879,#5368,#5369);
#4655=AXIS2_PLACEMENT_3D('',#8883,#5371,#5372);
#4656=AXIS2_PLACEMENT_3D('',#8885,#5374,#5375);
#4657=AXIS2_PLACEMENT_3D('',#8888,#5377,#5378);
#4658=AXIS2_PLACEMENT_3D('',#8889,#5379,#5380);
#4659=AXIS2_PLACEMENT_3D('',#8893,#5383,#5384);
#4660=AXIS2_PLACEMENT_3D('',#8895,#5385,#5386);
#4661=AXIS2_PLACEMENT_3D('',#8897,#5388,#5389);
#4662=AXIS2_PLACEMENT_3D('',#8901,#5392,#5393);
#4663=AXIS2_PLACEMENT_3D('',#8902,#5394,#5395);
#4664=AXIS2_PLACEMENT_3D('',#8903,#5396,#5397);
#4665=AXIS2_PLACEMENT_3D('',#8907,#5400,#5401);
#4666=AXIS2_PLACEMENT_3D('',#8913,#5404,#5405);
#4667=AXIS2_PLACEMENT_3D('',#8972,#5412,#5413);
#4668=AXIS2_PLACEMENT_3D('',#8974,#5415,#5416);
#4669=AXIS2_PLACEMENT_3D('',#8976,#5418,#5419);
#4670=AXIS2_PLACEMENT_3D('',#8978,#5421,#5422);
#4671=AXIS2_PLACEMENT_3D('',#8980,#5424,#5425);
#4672=AXIS2_PLACEMENT_3D('',#8982,#5427,#5428);
#4673=AXIS2_PLACEMENT_3D('',#8984,#5430,#5431);
#4674=AXIS2_PLACEMENT_3D('',#8986,#5432,#5433);
#4675=AXIS2_PLACEMENT_3D('',#8989,#5435,#5436);
#4676=AXIS2_PLACEMENT_3D('',#8992,#5438,#5439);
#4677=AXIS2_PLACEMENT_3D('',#8993,#5440,#5441);
#4678=AXIS2_PLACEMENT_3D('',#8995,#5443,#5444);
#4679=AXIS2_PLACEMENT_3D('',#8996,#5445,#5446);
#4680=AXIS2_PLACEMENT_3D('',#8998,#5448,#5449);
#4681=AXIS2_PLACEMENT_3D('',#9000,#5451,#5452);
#4682=AXIS2_PLACEMENT_3D('',#9001,#5453,#5454);
#4683=AXIS2_PLACEMENT_3D('',#9004,#5455,#5456);
#4684=AXIS2_PLACEMENT_3D('',#9006,#5457,#5458);
#4685=AXIS2_PLACEMENT_3D('',#9010,#5460,#5461);
#4686=AXIS2_PLACEMENT_3D('',#9012,#5463,#5464);
#4687=AXIS2_PLACEMENT_3D('',#9018,#5468,#5469);
#4688=AXIS2_PLACEMENT_3D('',#9021,#5470,#5471);
#4689=AXIS2_PLACEMENT_3D('',#9022,#5472,#5473);
#4690=AXIS2_PLACEMENT_3D('',#9024,#5474,#5475);
#4691=AXIS2_PLACEMENT_3D('',#9026,#5477,#5478);
#4692=AXIS2_PLACEMENT_3D('',#9028,#5479,#5480);
#4693=AXIS2_PLACEMENT_3D('',#9032,#5482,#5483);
#4694=AXIS2_PLACEMENT_3D('',#9034,#5485,#5486);
#4695=AXIS2_PLACEMENT_3D('',#9038,#5489,#5490);
#4696=AXIS2_PLACEMENT_3D('',#9040,#5491,#5492);
#4697=AXIS2_PLACEMENT_3D('',#9042,#5493,#5494);
#4698=AXIS2_PLACEMENT_3D('',#9044,#5496,#5497);
#4699=AXIS2_PLACEMENT_3D('',#9046,#5498,#5499);
#4700=AXIS2_PLACEMENT_3D('',#9050,#5501,#5502);
#4701=AXIS2_PLACEMENT_3D('',#9076,#5505,#5506);
#4702=AXIS2_PLACEMENT_3D('',#9080,#5509,#5510);
#4703=AXIS2_PLACEMENT_3D('',#9083,#5511,#5512);
#4704=AXIS2_PLACEMENT_3D('',#9085,#5513,#5514);
#4705=AXIS2_PLACEMENT_3D('',#9086,#5515,#5516);
#4706=AXIS2_PLACEMENT_3D('',#9090,#5518,#5519);
#4707=AXIS2_PLACEMENT_3D('',#9092,#5521,#5522);
#4708=AXIS2_PLACEMENT_3D('',#9094,#5524,#5525);
#4709=AXIS2_PLACEMENT_3D('',#9098,#5527,#5528);
#4710=AXIS2_PLACEMENT_3D('',#9101,#5530,#5531);
#4711=AXIS2_PLACEMENT_3D('',#9102,#5532,#5533);
#4712=AXIS2_PLACEMENT_3D('',#9103,#5534,#5535);
#4713=AXIS2_PLACEMENT_3D('',#9107,#5538,#5539);
#4714=AXIS2_PLACEMENT_3D('',#9108,#5540,#5541);
#4715=AXIS2_PLACEMENT_3D('',#9109,#5542,#5543);
#4716=AXIS2_PLACEMENT_3D('',#9110,#5544,#5545);
#4717=AXIS2_PLACEMENT_3D('',#9112,#5547,#5548);
#4718=AXIS2_PLACEMENT_3D('',#9118,#5551,#5552);
#4719=AXIS2_PLACEMENT_3D('',#9123,#5555,#5556);
#4720=AXIS2_PLACEMENT_3D('',#9127,#5559,#5560);
#4721=AXIS2_PLACEMENT_3D('',#9128,#5561,#5562);
#4722=AXIS2_PLACEMENT_3D('',#9130,#5564,#5565);
#4723=AXIS2_PLACEMENT_3D('',#9134,#5567,#5568);
#4724=AXIS2_PLACEMENT_3D('',#9135,#5569,#5570);
#4725=AXIS2_PLACEMENT_3D('',#9136,#5571,#5572);
#4726=AXIS2_PLACEMENT_3D('',#9139,#5575,#5576);
#4727=AXIS2_PLACEMENT_3D('',#9142,#5579,#5580);
#4728=AXIS2_PLACEMENT_3D('',#9144,#5582,#5583);
#4729=AXIS2_PLACEMENT_3D('',#9150,#5586,#5587);
#4730=AXIS2_PLACEMENT_3D('',#9152,#5588,#5589);
#4731=AXIS2_PLACEMENT_3D('',#9174,#5591,#5592);
#4732=AXIS2_PLACEMENT_3D('',#9175,#5593,#5594);
#4733=AXIS2_PLACEMENT_3D('',#9236,#5595,#5596);
#4734=AXIS2_PLACEMENT_3D('',#9237,#5597,#5598);
#4735=AXIS2_PLACEMENT_3D('',#9285,#5599,#5600);
#4736=AXIS2_PLACEMENT_3D('',#9287,#5602,#5603);
#4737=AXIS2_PLACEMENT_3D('',#9289,#5605,#5606);
#4738=AXIS2_PLACEMENT_3D('',#9291,#5608,#5609);
#4739=AXIS2_PLACEMENT_3D('',#9293,#5611,#5612);
#4740=AXIS2_PLACEMENT_3D('',#9294,#5613,#5614);
#4741=AXIS2_PLACEMENT_3D('',#9295,#5615,#5616);
#4742=AXIS2_PLACEMENT_3D('',#9296,#5617,#5618);
#4743=AXIS2_PLACEMENT_3D('',#9298,#5620,#5621);
#4744=AXIS2_PLACEMENT_3D('',#9299,#5622,#5623);
#4745=AXIS2_PLACEMENT_3D('',#9314,#5626,#5627);
#4746=AXIS2_PLACEMENT_3D('',#9379,#5630,#5631);
#4747=AXIS2_PLACEMENT_3D('',#9396,#5632,#5633);
#4748=AXIS2_PLACEMENT_3D('',#9409,#5634,#5635);
#4749=AXIS2_PLACEMENT_3D('',#9426,#5637,#5638);
#4750=AXIS2_PLACEMENT_3D('',#9428,#5639,#5640);
#4751=AXIS2_PLACEMENT_3D('',#9441,#5641,#5642);
#4752=AXIS2_PLACEMENT_3D('',#9457,#5643,#5644);
#4753=AXIS2_PLACEMENT_3D('',#9458,#5645,#5646);
#4754=AXIS2_PLACEMENT_3D('',#9461,#5647,#5648);
#4755=AXIS2_PLACEMENT_3D('',#9488,#5649,#5650);
#4756=AXIS2_PLACEMENT_3D('',#9490,#5652,#5653);
#4757=AXIS2_PLACEMENT_3D('',#9494,#5655,#5656);
#4758=AXIS2_PLACEMENT_3D('',#9496,#5658,#5659);
#4759=AXIS2_PLACEMENT_3D('',#9500,#5662,#5663);
#4760=AXIS2_PLACEMENT_3D('',#9503,#5665,#5666);
#4761=AXIS2_PLACEMENT_3D('',#9504,#5667,#5668);
#4762=AXIS2_PLACEMENT_3D('',#9506,#5670,#5671);
#4763=AXIS2_PLACEMENT_3D('',#9507,#5672,#5673);
#4764=AXIS2_PLACEMENT_3D('',#9511,#5675,#5676);
#4765=AXIS2_PLACEMENT_3D('',#9513,#5678,#5679);
#4766=AXIS2_PLACEMENT_3D('',#9517,#5682,#5683);
#4767=AXIS2_PLACEMENT_3D('',#9520,#5685,#5686);
#4768=AXIS2_PLACEMENT_3D('',#9521,#5687,#5688);
#4769=AXIS2_PLACEMENT_3D('',#9523,#5690,#5691);
#4770=AXIS2_PLACEMENT_3D('',#9524,#5692,#5693);
#4771=AXIS2_PLACEMENT_3D('',#9525,#5694,#5695);
#4772=AXIS2_PLACEMENT_3D('',#9528,#5696,#5697);
#4773=AXIS2_PLACEMENT_3D('',#9532,#5699,#5700);
#4774=AXIS2_PLACEMENT_3D('',#9534,#5701,#5702);
#4775=AXIS2_PLACEMENT_3D('',#9536,#5704,#5705);
#4776=AXIS2_PLACEMENT_3D('',#9540,#5707,#5708);
#4777=AXIS2_PLACEMENT_3D('',#9541,#5709,#5710);
#4778=AXIS2_PLACEMENT_3D('',#9542,#5711,#5712);
#4779=AXIS2_PLACEMENT_3D('',#9544,#5713,#5714);
#4780=AXIS2_PLACEMENT_3D('',#9545,#5715,#5716);
#4781=AXIS2_PLACEMENT_3D('',#9546,#5717,#5718);
#4782=AXIS2_PLACEMENT_3D('',#9548,#5719,#5720);
#4783=AXIS2_PLACEMENT_3D('',#9550,#5721,#5722);
#4784=AXIS2_PLACEMENT_3D('',#9552,#5724,#5725);
#4785=AXIS2_PLACEMENT_3D('',#9565,#5732,#5733);
#4786=AXIS2_PLACEMENT_3D('',#9566,#5734,#5735);
#4787=AXIS2_PLACEMENT_3D('',#9567,#5736,#5737);
#4788=AXIS2_PLACEMENT_3D('',#9569,#5739,#5740);
#4789=AXIS2_PLACEMENT_3D('',#9571,#5742,#5743);
#4790=AXIS2_PLACEMENT_3D('',#9573,#5745,#5746);
#4791=AXIS2_PLACEMENT_3D('',#9575,#5748,#5749);
#4792=AXIS2_PLACEMENT_3D('',#9577,#5751,#5752);
#4793=AXIS2_PLACEMENT_3D('',#9579,#5754,#5755);
#4794=AXIS2_PLACEMENT_3D('',#9581,#5757,#5758);
#4795=AXIS2_PLACEMENT_3D('',#9583,#5760,#5761);
#4796=AXIS2_PLACEMENT_3D('',#9584,#5762,#5763);
#4797=AXIS2_PLACEMENT_3D('',#9590,#5766,#5767);
#4798=AXIS2_PLACEMENT_3D('',#9592,#5768,#5769);
#4799=AXIS2_PLACEMENT_3D('',#9594,#5770,#5771);
#4800=AXIS2_PLACEMENT_3D('',#9598,#5774,#5775);
#4801=AXIS2_PLACEMENT_3D('',#9602,#5778,#5779);
#4802=AXIS2_PLACEMENT_3D('',#9606,#5782,#5783);
#4803=AXIS2_PLACEMENT_3D('',#9608,#5785,#5786);
#4804=AXIS2_PLACEMENT_3D('',#9610,#5788,#5789);
#4805=AXIS2_PLACEMENT_3D('',#9616,#5793,#5794);
#4806=AXIS2_PLACEMENT_3D('',#9622,#5798,#5799);
#4807=AXIS2_PLACEMENT_3D('',#9624,#5800,#5801);
#4808=AXIS2_PLACEMENT_3D('',#9625,#5802,#5803);
#4809=AXIS2_PLACEMENT_3D('',#9626,#5804,#5805);
#4810=AXIS2_PLACEMENT_3D('',#9628,#5806,#5807);
#4811=AXIS2_PLACEMENT_3D('',#9629,#5808,#5809);
#4812=AXIS2_PLACEMENT_3D('',#9630,#5810,#5811);
#4813=AXIS2_PLACEMENT_3D('',#9631,#5812,#5813);
#4814=AXIS2_PLACEMENT_3D('',#9632,#5814,#5815);
#4815=AXIS2_PLACEMENT_3D('',#9634,#5816,#5817);
#4816=AXIS2_PLACEMENT_3D('',#9636,#5819,#5820);
#4817=AXIS2_PLACEMENT_3D('',#9638,#5821,#5822);
#4818=AXIS2_PLACEMENT_3D('',#9639,#5823,#5824);
#4819=AXIS2_PLACEMENT_3D('',#9640,#5825,#5826);
#4820=AXIS2_PLACEMENT_3D('',#9642,#5828,#5829);
#4821=DIRECTION('axis',(0.,0.,1.));
#4822=DIRECTION('refdir',(1.,0.,0.));
#4823=DIRECTION('center_axis',(0.,1.44419255235793E-15,1.));
#4824=DIRECTION('ref_axis',(0.,1.,-1.44419255235793E-15));
#4825=DIRECTION('',(-1.,0.,0.));
#4826=DIRECTION('',(0.,-1.,1.44419255235793E-15));
#4827=DIRECTION('',(-1.,0.,0.));
#4828=DIRECTION('center_axis',(0.,1.,-1.85037170770896E-15));
#4829=DIRECTION('ref_axis',(0.,-1.85037170770896E-15,-1.));
#4830=DIRECTION('',(0.,-1.85037170770896E-15,-1.));
#4831=DIRECTION('center_axis',(1.,0.,0.));
#4832=DIRECTION('ref_axis',(0.,1.,0.));
#4833=DIRECTION('',(0.,1.,0.));
#4834=DIRECTION('',(0.,0.,1.));
#4835=DIRECTION('',(0.,1.,0.));
#4836=DIRECTION('',(0.,0.,1.));
#4837=DIRECTION('',(0.,0.,1.));
#4838=DIRECTION('',(0.,0.,1.));
#4839=DIRECTION('',(0.,0.,1.));
#4840=DIRECTION('',(0.,0.,1.));
#4841=DIRECTION('',(0.,0.,1.));
#4842=DIRECTION('center_axis',(-1.,0.,0.));
#4843=DIRECTION('ref_axis',(0.,-1.,0.));
#4844=DIRECTION('',(0.,-1.,0.));
#4845=DIRECTION('',(0.,0.,1.));
#4846=DIRECTION('',(0.,-1.,0.));
#4847=DIRECTION('center_axis',(0.,-1.,0.));
#4848=DIRECTION('ref_axis',(1.,0.,0.));
#4849=DIRECTION('',(1.,0.,-8.22387425648258E-16));
#4850=DIRECTION('',(1.,0.,0.));
#4851=DIRECTION('center_axis',(0.,-1.,0.));
#4852=DIRECTION('ref_axis',(1.,0.,0.));
#4853=DIRECTION('',(1.,0.,-8.22387425648258E-16));
#4854=DIRECTION('',(0.,0.,1.));
#4855=DIRECTION('',(1.,0.,0.));
#4856=DIRECTION('',(0.,0.,1.));
#4857=DIRECTION('center_axis',(1.,0.,0.));
#4858=DIRECTION('ref_axis',(0.,1.,0.));
#4859=DIRECTION('',(0.,1.,0.));
#4860=DIRECTION('',(0.,0.,1.));
#4861=DIRECTION('',(0.,1.,0.));
#4862=DIRECTION('',(0.,0.,1.));
#4863=DIRECTION('',(0.,0.,1.));
#4864=DIRECTION('',(0.,0.,1.));
#4865=DIRECTION('',(0.,0.,1.));
#4866=DIRECTION('',(0.,0.,1.));
#4867=DIRECTION('',(0.,0.,1.));
#4868=DIRECTION('center_axis',(-1.,0.,0.));
#4869=DIRECTION('ref_axis',(0.,-1.,0.));
#4870=DIRECTION('',(0.,-1.,0.));
#4871=DIRECTION('',(0.,0.,1.));
#4872=DIRECTION('',(0.,-1.,0.));
#4873=DIRECTION('center_axis',(0.,1.,0.));
#4874=DIRECTION('ref_axis',(-1.,0.,0.));
#4875=DIRECTION('',(-1.,0.,8.22387425648258E-16));
#4876=DIRECTION('',(0.,0.,1.));
#4877=DIRECTION('',(-1.,0.,0.));
#4878=DIRECTION('center_axis',(1.,0.,0.));
#4879=DIRECTION('ref_axis',(0.,1.,0.));
#4880=DIRECTION('',(0.,1.,0.));
#4881=DIRECTION('',(0.,1.,0.));
#4882=DIRECTION('center_axis',(0.,0.,-1.));
#4883=DIRECTION('ref_axis',(1.,0.,0.));
#4884=DIRECTION('center_axis',(0.,-1.,0.));
#4885=DIRECTION('ref_axis',(1.,0.,0.));
#4886=DIRECTION('',(1.,0.,-8.22387425648258E-16));
#4887=DIRECTION('',(0.,0.,1.));
#4888=DIRECTION('',(1.,0.,0.));
#4889=DIRECTION('',(0.,0.,1.));
#4890=DIRECTION('center_axis',(-1.,0.,0.));
#4891=DIRECTION('ref_axis',(0.,-1.,0.));
#4892=DIRECTION('',(0.,-1.,0.));
#4893=DIRECTION('',(0.,0.,1.));
#4894=DIRECTION('',(0.,-1.,0.));
#4895=DIRECTION('center_axis',(0.,1.,0.));
#4896=DIRECTION('ref_axis',(-1.,0.,0.));
#4897=DIRECTION('',(-1.,0.,8.22387425648258E-16));
#4898=DIRECTION('',(0.,0.,1.));
#4899=DIRECTION('',(-1.,0.,0.));
#4900=DIRECTION('center_axis',(1.,0.,0.));
#4901=DIRECTION('ref_axis',(0.,1.,0.));
#4902=DIRECTION('',(0.,1.,0.));
#4903=DIRECTION('',(0.,1.,0.));
#4904=DIRECTION('center_axis',(0.,0.,1.));
#4905=DIRECTION('ref_axis',(1.,0.,0.));
#4906=DIRECTION('center_axis',(0.,-1.,0.));
#4907=DIRECTION('ref_axis',(1.,0.,0.));
#4908=DIRECTION('',(1.,0.,-8.22387425648258E-16));
#4909=DIRECTION('',(0.,0.,1.));
#4910=DIRECTION('',(1.,0.,0.));
#4911=DIRECTION('',(0.,0.,1.));
#4912=DIRECTION('center_axis',(-1.,0.,0.));
#4913=DIRECTION('ref_axis',(0.,-1.,0.));
#4914=DIRECTION('',(0.,-1.,0.));
#4915=DIRECTION('',(0.,0.,1.));
#4916=DIRECTION('',(0.,-1.,0.));
#4917=DIRECTION('center_axis',(0.,-1.,0.));
#4918=DIRECTION('ref_axis',(1.,0.,0.));
#4919=DIRECTION('',(1.,0.,-8.22387425648258E-16));
#4920=DIRECTION('',(0.,0.,1.));
#4921=DIRECTION('',(1.,0.,0.));
#4922=DIRECTION('center_axis',(-1.,0.,0.));
#4923=DIRECTION('ref_axis',(0.,-1.,0.));
#4924=DIRECTION('',(0.,-1.,0.));
#4925=DIRECTION('',(0.,0.,1.));
#4926=DIRECTION('',(0.,-1.,0.));
#4927=DIRECTION('center_axis',(0.,1.,0.));
#4928=DIRECTION('ref_axis',(-1.,0.,0.));
#4929=DIRECTION('',(-1.,0.,8.22387425648258E-16));
#4930=DIRECTION('',(0.,0.,1.));
#4931=DIRECTION('',(-1.,0.,0.));
#4932=DIRECTION('center_axis',(1.,0.,0.));
#4933=DIRECTION('ref_axis',(0.,1.,0.));
#4934=DIRECTION('',(0.,1.,0.));
#4935=DIRECTION('',(0.,1.,0.));
#4936=DIRECTION('center_axis',(0.,0.,1.));
#4937=DIRECTION('ref_axis',(1.,0.,0.));
#4938=DIRECTION('center_axis',(0.,-1.,0.));
#4939=DIRECTION('ref_axis',(1.,0.,0.));
#4940=DIRECTION('',(1.,0.,-8.22387425648258E-16));
#4941=DIRECTION('',(0.,0.,1.));
#4942=DIRECTION('',(1.,0.,0.));
#4943=DIRECTION('',(0.,0.,1.));
#4944=DIRECTION('center_axis',(1.,0.,0.));
#4945=DIRECTION('ref_axis',(0.,1.,0.));
#4946=DIRECTION('',(0.,1.,0.));
#4947=DIRECTION('',(0.,0.,1.));
#4948=DIRECTION('',(0.,1.,0.));
#4949=DIRECTION('center_axis',(0.,-1.,0.));
#4950=DIRECTION('ref_axis',(1.,0.,0.));
#4951=DIRECTION('',(1.,0.,-8.22387425648258E-16));
#4952=DIRECTION('',(0.,0.,1.));
#4953=DIRECTION('',(1.,0.,0.));
#4954=DIRECTION('center_axis',(-1.,0.,0.));
#4955=DIRECTION('ref_axis',(0.,-1.,0.));
#4956=DIRECTION('',(0.,-1.,0.));
#4957=DIRECTION('',(0.,0.,1.));
#4958=DIRECTION('',(0.,-1.,0.));
#4959=DIRECTION('center_axis',(0.,1.,0.));
#4960=DIRECTION('ref_axis',(-1.,0.,0.));
#4961=DIRECTION('',(-1.,0.,8.22387425648258E-16));
#4962=DIRECTION('',(0.,0.,1.));
#4963=DIRECTION('',(-1.,0.,0.));
#4964=DIRECTION('center_axis',(1.,0.,0.));
#4965=DIRECTION('ref_axis',(0.,1.,0.));
#4966=DIRECTION('',(0.,1.,0.));
#4967=DIRECTION('',(0.,0.,1.));
#4968=DIRECTION('',(0.,1.,0.));
#4969=DIRECTION('center_axis',(0.,1.,0.));
#4970=DIRECTION('ref_axis',(-1.,0.,0.));
#4971=DIRECTION('',(-1.,0.,8.22387425648258E-16));
#4972=DIRECTION('',(0.,0.,1.));
#4973=DIRECTION('',(-1.,0.,0.));
#4974=DIRECTION('center_axis',(1.,0.,0.));
#4975=DIRECTION('ref_axis',(0.,1.,0.));
#4976=DIRECTION('',(0.,1.,0.));
#4977=DIRECTION('',(0.,1.,0.));
#4978=DIRECTION('center_axis',(0.,0.,1.));
#4979=DIRECTION('ref_axis',(1.,0.,0.));
#4980=DIRECTION('center_axis',(8.22387425648258E-16,0.,1.));
#4981=DIRECTION('ref_axis',(1.,0.,-8.22387425648258E-16));
#4982=DIRECTION('center_axis',(8.22387425648258E-16,0.,1.));
#4983=DIRECTION('ref_axis',(1.,0.,0.));
#4984=DIRECTION('',(0.,1.,0.));
#4985=DIRECTION('center_axis',(8.22387425648258E-16,0.,1.));
#4986=DIRECTION('ref_axis',(1.,0.,0.));
#4987=DIRECTION('',(1.,0.,-8.22387425648258E-16));
#4988=DIRECTION('',(0.,-1.,0.));
#4989=DIRECTION('center_axis',(8.22387425648258E-16,0.,1.));
#4990=DIRECTION('ref_axis',(-3.71603147225926E-16,-1.,3.0560175560992E-31));
#4991=DIRECTION('',(0.,1.,0.));
#4992=DIRECTION('center_axis',(8.22387425648258E-16,0.,1.));
#4993=DIRECTION('ref_axis',(-3.71603147225926E-16,1.,3.0560175560992E-31));
#4994=DIRECTION('',(0.,-1.,0.));
#4995=DIRECTION('',(1.,0.,-8.22387425648258E-16));
#4996=DIRECTION('center_axis',(0.,0.,-1.));
#4997=DIRECTION('ref_axis',(1.,0.,0.));
#4998=DIRECTION('',(0.,0.,1.));
#4999=DIRECTION('',(0.,0.,-1.));
#5000=DIRECTION('center_axis',(0.,0.,-1.));
#5001=DIRECTION('ref_axis',(1.,0.,0.));
#5002=DIRECTION('center_axis',(-1.23358113847239E-16,0.,1.));
#5003=DIRECTION('ref_axis',(1.,0.,0.));
#5004=DIRECTION('',(0.,0.,1.));
#5005=DIRECTION('center_axis',(0.,0.,-1.));
#5006=DIRECTION('ref_axis',(1.,0.,0.));
#5007=DIRECTION('',(0.,0.,-1.));
#5008=DIRECTION('',(0.,0.,-1.));
#5009=DIRECTION('center_axis',(0.,1.,0.));
#5010=DIRECTION('ref_axis',(1.,0.,0.));
#5011=DIRECTION('',(1.,0.,0.));
#5012=DIRECTION('center_axis',(0.,1.,0.));
#5013=DIRECTION('ref_axis',(-1.,0.,-6.12323399573677E-17));
#5014=DIRECTION('',(1.,0.,0.));
#5015=DIRECTION('center_axis',(0.,0.,-1.));
#5016=DIRECTION('ref_axis',(-1.,0.,0.));
#5017=DIRECTION('center_axis',(0.,0.,-1.));
#5018=DIRECTION('ref_axis',(1.,0.,0.));
#5019=DIRECTION('',(0.422618261740839,0.906307787036585,0.));
#5020=DIRECTION('center_axis',(0.906307787036585,-0.422618261740839,0.));
#5021=DIRECTION('ref_axis',(-0.422618261740839,-0.906307787036585,0.));
#5022=DIRECTION('',(0.422618261740839,0.906307787036585,0.));
#5023=DIRECTION('',(0.,0.,-1.));
#5024=DIRECTION('',(-0.422618261740839,-0.906307787036585,0.));
#5025=DIRECTION('center_axis',(0.,0.,-1.));
#5026=DIRECTION('ref_axis',(-1.,0.,0.));
#5027=DIRECTION('center_axis',(0.,0.,-1.));
#5028=DIRECTION('ref_axis',(-1.,0.,0.));
#5029=DIRECTION('',(0.601815023151926,-0.798635510047385,0.));
#5030=DIRECTION('center_axis',(0.,0.,1.));
#5031=DIRECTION('ref_axis',(1.,0.,0.));
#5032=DIRECTION('',(0.,1.,0.));
#5033=DIRECTION('center_axis',(-0.428240480296976,-0.428240480296973,0.795751331805378));
#5034=DIRECTION('ref_axis',(-0.880582403924934,0.,-0.473893057448391));
#5035=DIRECTION('center_axis',(-0.505475221456949,-0.146230517793696,0.850359592266022));
#5036=DIRECTION('ref_axis',(-0.859599824116559,0.,-0.510967848674239));
#5037=DIRECTION('center_axis',(-0.916141592064959,-0.188817999120756,0.353599132488638));
#5038=DIRECTION('ref_axis',(-0.360076146448715,1.11022302462516E-15,-0.932922916836457));
#5039=DIRECTION('center_axis',(-0.400000000000343,7.85537953907536E-13,
0.916515138991018));
#5040=DIRECTION('ref_axis',(-0.916515138991018,0.,-0.400000000000343));
#5041=DIRECTION('center_axis',(0.,1.,0.));
#5042=DIRECTION('ref_axis',(0.,0.,-1.));
#5043=DIRECTION('center_axis',(0.4,5.0876810486276E-16,0.916515138991168));
#5044=DIRECTION('ref_axis',(-0.916515138991168,0.,0.4));
#5045=DIRECTION('center_axis',(0.,1.,0.));
#5046=DIRECTION('ref_axis',(-1.,0.,-6.12323399573677E-17));
#5047=DIRECTION('center_axis',(0.,-1.,0.));
#5048=DIRECTION('ref_axis',(-1.,0.,-6.12323399573677E-17));
#5049=DIRECTION('center_axis',(0.482324846024245,0.0107929976970106,0.875925940995242));
#5050=DIRECTION('ref_axis',(-0.875976963233491,0.,0.482352941199939));
#5051=DIRECTION('center_axis',(0.63127997056667,0.303346235602377,0.713769332562847));
#5052=DIRECTION('ref_axis',(-0.749064972622388,2.22044604925031E-15,0.662496540964722));
#5053=DIRECTION('center_axis',(0.291114446601993,0.0322346022712567,0.956145025294819));
#5054=DIRECTION('ref_axis',(-0.956642163355802,0.,0.291265808652392));
#5055=DIRECTION('center_axis',(0.266467133763072,0.266467133763077,0.926277784062742));
#5056=DIRECTION('ref_axis',(-0.961024583785076,-9.99200722162641E-15,0.276462925834044));
#5057=DIRECTION('center_axis',(0.,-1.,0.));
#5058=DIRECTION('ref_axis',(-3.7007434154172E-16,0.,1.));
#5059=DIRECTION('',(0.,-1.,0.));
#5060=DIRECTION('',(0.,-1.,0.));
#5061=DIRECTION('',(0.,-1.,0.));
#5062=DIRECTION('center_axis',(0.,1.,0.));
#5063=DIRECTION('ref_axis',(0.,0.,-1.));
#5064=DIRECTION('center_axis',(0.,1.,0.));
#5065=DIRECTION('ref_axis',(0.,0.,-1.));
#5066=DIRECTION('',(0.,-1.,0.));
#5067=DIRECTION('center_axis',(0.,1.,0.));
#5068=DIRECTION('ref_axis',(0.,0.,-1.));
#5069=DIRECTION('',(0.,-1.,0.));
#5070=DIRECTION('center_axis',(-0.428240480296982,0.428240480296972,0.795751331805375));
#5071=DIRECTION('ref_axis',(-5.55111512312579E-16,0.880582403924935,-0.473893057448389));
#5072=DIRECTION('center_axis',(-0.491737571556118,0.207208265366155,0.845729800517896));
#5073=DIRECTION('ref_axis',(0.,0.971273223735468,-0.237967066743512));
#5074=DIRECTION('center_axis',(-0.920283378775904,0.164052072842518,0.355197719791217));
#5075=DIRECTION('ref_axis',(0.,0.907847843432969,-0.419299765292217));
#5076=DIRECTION('center_axis',(-0.400000000000748,-2.28704198914732E-12,
0.916515138990842));
#5077=DIRECTION('ref_axis',(2.22044604925032E-15,1.,2.49633647086967E-12));
#5078=DIRECTION('center_axis',(0.,-1.,0.));
#5079=DIRECTION('ref_axis',(0.,0.,1.));
#5080=DIRECTION('center_axis',(0.4,-5.0876810486276E-16,0.916515138991168));
#5081=DIRECTION('ref_axis',(0.,1.,5.55111512312578E-16));
#5082=DIRECTION('center_axis',(0.,-1.,0.));
#5083=DIRECTION('ref_axis',(-1.,0.,-6.12323399573677E-17));
#5084=DIRECTION('center_axis',(0.482327615894179,-0.0102471665465044,0.875930971323429));
#5085=DIRECTION('ref_axis',(0.,0.999931578395452,0.0116978001171097));
#5086=DIRECTION('center_axis',(0.637368065347441,-0.272802606827587,0.720652958769568));
#5087=DIRECTION('ref_axis',(0.,0.935233366126602,0.354031850097567));
#5088=DIRECTION('center_axis',(0.290957386925857,-0.0343901143020362,0.956117732829786));
#5089=DIRECTION('ref_axis',(0.,0.999353760721573,0.0359452490831513));
#5090=DIRECTION('center_axis',(0.266467133763071,-0.26646713376307,0.926277784062744));
#5091=DIRECTION('ref_axis',(-1.66533453693774E-15,0.961024583785078,0.27646292583404));
#5092=DIRECTION('center_axis',(0.,1.,0.));
#5093=DIRECTION('ref_axis',(1.,0.,0.));
#5094=DIRECTION('',(-1.,0.,-2.52323414687533E-16));
#5095=DIRECTION('',(0.,0.,-1.));
#5096=DIRECTION('center_axis',(0.,1.,0.));
#5097=DIRECTION('ref_axis',(0.753999999980389,0.,0.656874417243946));
#5098=DIRECTION('',(0.814616209118989,0.,-0.580000372276267));
#5099=DIRECTION('center_axis',(0.,1.,0.));
#5100=DIRECTION('ref_axis',(0.999780810466331,0.,0.0209363564950231));
#5101=DIRECTION('',(-0.999780810466331,0.,-0.0209363564950231));
#5102=DIRECTION('center_axis',(0.,1.,0.));
#5103=DIRECTION('ref_axis',(0.753999999980389,0.,0.656874417243946));
#5104=DIRECTION('',(0.,0.,-1.));
#5105=DIRECTION('',(1.,0.,1.23358113847239E-16));
#5106=DIRECTION('',(-5.68989300120405E-15,0.,-1.));
#5107=DIRECTION('',(1.,0.,0.));
#5108=DIRECTION('',(1.04016734370377E-16,-2.08033468740755E-16,-1.));
#5109=DIRECTION('',(1.,0.,3.16406226906866E-11));
#5110=DIRECTION('',(0.360066009547956,0.,-0.93292682926809));
#5111=DIRECTION('center_axis',(0.,1.,0.));
#5112=DIRECTION('ref_axis',(-0.360066009547422,0.,0.932926829268296));
#5113=DIRECTION('',(-0.360066009547516,0.,-0.93292682926826));
#5114=DIRECTION('',(-1.,0.,0.));
#5115=DIRECTION('center_axis',(0.,-1.,0.));
#5116=DIRECTION('ref_axis',(0.,0.,-1.));
#5117=DIRECTION('',(0.,-1.,0.));
#5118=DIRECTION('center_axis',(7.70166232551822E-16,-1.,5.70037522778565E-31));
#5119=DIRECTION('ref_axis',(-7.40148683083439E-16,0.,1.));
#5120=DIRECTION('center_axis',(0.,0.,-1.));
#5121=DIRECTION('ref_axis',(-1.,0.,0.));
#5122=DIRECTION('center_axis',(0.,0.,-1.));
#5123=DIRECTION('ref_axis',(1.,0.,0.));
#5124=DIRECTION('',(0.,1.,0.));
#5125=DIRECTION('center_axis',(0.,0.,-1.));
#5126=DIRECTION('ref_axis',(1.,0.,0.));
#5127=DIRECTION('',(0.,-1.,0.));
#5128=DIRECTION('center_axis',(0.,0.,-1.));
#5129=DIRECTION('ref_axis',(6.12323399573676E-17,1.,0.));
#5130=DIRECTION('',(0.,-1.,0.));
#5131=DIRECTION('center_axis',(0.,0.,-1.));
#5132=DIRECTION('ref_axis',(6.12323399573676E-17,-1.,0.));
#5133=DIRECTION('center_axis',(0.,0.,-1.));
#5134=DIRECTION('ref_axis',(1.,0.,0.));
#5135=DIRECTION('',(0.,0.,-1.));
#5136=DIRECTION('center_axis',(0.,0.,1.));
#5137=DIRECTION('ref_axis',(1.,0.,0.));
#5138=DIRECTION('center_axis',(2.52323414687533E-16,0.,-1.));
#5139=DIRECTION('ref_axis',(1.,0.,2.52323414687533E-16));
#5140=DIRECTION('',(0.669130606358858,0.743144825477394,1.68837319468407E-16));
#5141=DIRECTION('center_axis',(-2.52323414687533E-16,0.,1.));
#5142=DIRECTION('ref_axis',(1.,0.,0.));
#5143=DIRECTION('center_axis',(-0.743144825477394,0.669130606358858,1.18429162087471E-16));
#5144=DIRECTION('ref_axis',(0.669130606358858,0.743144825477394,-1.06126315094428E-16));
#5145=DIRECTION('',(-0.669130606358858,-0.743144825477394,1.06126315094428E-16));
#5146=DIRECTION('',(-1.5936215664476E-16,0.,-1.));
#5147=DIRECTION('',(0.669130606358858,0.743144825477394,1.68837319468407E-16));
#5148=DIRECTION('center_axis',(-0.883452208598775,-0.331294578224541,0.331294578224532));
#5149=DIRECTION('ref_axis',(0.351123441588393,-0.936329177569044,0.));
#5150=DIRECTION('',(0.883452208598772,-0.331294578224541,-0.33129457822454));
#5151=DIRECTION('',(1.,0.,0.));
#5152=DIRECTION('',(0.,1.,0.));
#5153=DIRECTION('center_axis',(8.22387425648258E-16,0.,1.));
#5154=DIRECTION('ref_axis',(1.,0.,-8.22387425648258E-16));
#5155=DIRECTION('',(1.,0.,0.));
#5156=DIRECTION('center_axis',(0.,1.,0.));
#5157=DIRECTION('ref_axis',(1.,0.,0.));
#5158=DIRECTION('',(0.,0.,-1.));
#5159=DIRECTION('',(0.,-1.,0.));
#5160=DIRECTION('',(0.,-1.,0.));
#5161=DIRECTION('center_axis',(0.,0.,1.));
#5162=DIRECTION('ref_axis',(1.,0.,0.));
#5163=DIRECTION('center_axis',(0.,0.,-1.));
#5164=DIRECTION('ref_axis',(1.,0.,0.));
#5165=DIRECTION('center_axis',(-0.164398987305357,0.,0.986393923832144));
#5166=DIRECTION('ref_axis',(-0.986393923832144,0.,-0.164398987305357));
#5167=DIRECTION('',(0.,-1.,0.));
#5168=DIRECTION('',(0.,1.,0.));
#5169=DIRECTION('center_axis',(0.,0.,1.));
#5170=DIRECTION('ref_axis',(1.,0.,0.));
#5171=DIRECTION('center_axis',(0.,0.,-1.));
#5172=DIRECTION('ref_axis',(1.,0.,0.));
#5173=DIRECTION('center_axis',(0.,0.,1.));
#5174=DIRECTION('ref_axis',(1.,0.,0.));
#5175=DIRECTION('center_axis',(-1.,0.,-1.30614473485312E-16));
#5176=DIRECTION('ref_axis',(1.30614473485312E-16,0.,-1.));
#5177=DIRECTION('',(0.,0.,1.));
#5178=DIRECTION('center_axis',(0.,0.,-1.));
#5179=DIRECTION('ref_axis',(1.,0.,0.));
#5180=DIRECTION('center_axis',(-0.164398987305357,0.,-0.986393923832144));
#5181=DIRECTION('ref_axis',(0.986393923832144,0.,-0.164398987305357));
#5182=DIRECTION('',(0.,1.,0.));
#5183=DIRECTION('',(0.,-1.,0.));
#5184=DIRECTION('center_axis',(0.,0.,-1.));
#5185=DIRECTION('ref_axis',(1.,0.,0.));
#5186=DIRECTION('center_axis',(0.,0.,1.));
#5187=DIRECTION('ref_axis',(1.,0.,0.));
#5188=DIRECTION('center_axis',(0.,0.,-1.));
#5189=DIRECTION('ref_axis',(1.,0.,0.));
#5190=DIRECTION('center_axis',(0.,0.,-1.));
#5191=DIRECTION('ref_axis',(1.,0.,0.));
#5192=DIRECTION('center_axis',(0.,0.,-1.));
#5193=DIRECTION('ref_axis',(1.,0.,0.));
#5194=DIRECTION('center_axis',(0.,0.,1.));
#5195=DIRECTION('ref_axis',(1.,0.,0.));
#5196=DIRECTION('center_axis',(0.,0.,-1.));
#5197=DIRECTION('ref_axis',(1.,0.,0.));
#5198=DIRECTION('',(0.342020143325621,0.939692620785926,0.));
#5199=DIRECTION('center_axis',(0.,0.,-1.));
#5200=DIRECTION('ref_axis',(-0.166666666666667,-0.986013297183269,0.));
#5201=DIRECTION('',(-1.,1.38777878078145E-15,0.));
#5202=DIRECTION('center_axis',(0.,0.,-1.));
#5203=DIRECTION('ref_axis',(0.936329177569044,-0.351123441588393,0.));
#5204=DIRECTION('center_axis',(0.,0.,-1.));
#5205=DIRECTION('ref_axis',(0.936329177569044,0.351123441588393,0.));
#5206=DIRECTION('',(1.,1.4907681929455E-15,0.));
#5207=DIRECTION('center_axis',(0.,0.,-1.));
#5208=DIRECTION('ref_axis',(1.,0.,0.));
#5209=DIRECTION('',(1.,-1.49076819294549E-15,0.));
#5210=DIRECTION('center_axis',(0.,0.,-1.));
#5211=DIRECTION('ref_axis',(0.707106781186546,-0.707106781186549,0.));
#5212=DIRECTION('',(0.,-1.,0.));
#5213=DIRECTION('center_axis',(0.,0.,-1.));
#5214=DIRECTION('ref_axis',(0.707106781186547,0.707106781186547,0.));
#5215=DIRECTION('',(-1.,-1.38777878078145E-15,0.));
#5216=DIRECTION('center_axis',(0.,0.,-1.));
#5217=DIRECTION('ref_axis',(-0.166666666666667,-0.986013297183269,0.));
#5218=DIRECTION('',(0.342020143325344,-0.939692620786027,0.));
#5219=DIRECTION('center_axis',(0.,1.,0.));
#5220=DIRECTION('ref_axis',(0.,0.,-1.));
#5221=DIRECTION('',(0.,-1.,0.));
#5222=DIRECTION('center_axis',(0.,1.,0.));
#5223=DIRECTION('ref_axis',(0.,0.,-1.));
#5224=DIRECTION('center_axis',(0.,0.,-1.));
#5225=DIRECTION('ref_axis',(1.,0.,0.));
#5226=DIRECTION('',(0.,0.,1.));
#5227=DIRECTION('center_axis',(-2.52323414687533E-16,0.,1.));
#5228=DIRECTION('ref_axis',(1.,0.,0.));
#5229=DIRECTION('center_axis',(0.,0.,-1.));
#5230=DIRECTION('ref_axis',(1.,0.,0.));
#5231=DIRECTION('center_axis',(-2.52323414687533E-16,0.,1.));
#5232=DIRECTION('ref_axis',(1.,0.,0.));
#5233=DIRECTION('',(0.,0.,-1.));
#5234=DIRECTION('center_axis',(0.,1.,0.));
#5235=DIRECTION('ref_axis',(0.753999999980389,0.,0.656874417243946));
#5236=DIRECTION('center_axis',(0.,1.,0.));
#5237=DIRECTION('ref_axis',(0.753999999980389,0.,0.656874417243946));
#5238=DIRECTION('center_axis',(0.,0.,1.));
#5239=DIRECTION('ref_axis',(-0.707106781186548,-0.707106781186548,0.));
#5240=DIRECTION('center_axis',(-0.0209363564950231,0.,0.999780810466331));
#5241=DIRECTION('ref_axis',(-0.999780810466331,0.,-0.0209363564950231));
#5242=DIRECTION('',(0.,0.,-1.));
#5243=DIRECTION('',(0.,0.,1.));
#5244=DIRECTION('center_axis',(-2.52323414687533E-16,0.,1.));
#5245=DIRECTION('ref_axis',(-0.707106781186548,-0.707106781186548,0.));
#5246=DIRECTION('',(0.,0.,1.));
#5247=DIRECTION('center_axis',(0.,-1.,0.));
#5248=DIRECTION('ref_axis',(0.,0.,-1.));
#5249=DIRECTION('',(-0.999780810466331,0.,-0.0209363564950231));
#5250=DIRECTION('center_axis',(0.,1.,0.));
#5251=DIRECTION('ref_axis',(0.753999999980389,0.,0.656874417243946));
#5252=DIRECTION('center_axis',(-1.,0.,0.));
#5253=DIRECTION('ref_axis',(0.,-1.,0.));
#5254=DIRECTION('',(0.,1.,0.));
#5255=DIRECTION('',(0.,0.,1.));
#5256=DIRECTION('',(0.,1.,0.));
#5257=DIRECTION('',(0.,-1.,0.));
#5258=DIRECTION('',(0.,0.,-1.));
#5259=DIRECTION('',(0.,-1.,0.));
#5260=DIRECTION('center_axis',(-1.,0.,0.));
#5261=DIRECTION('ref_axis',(0.,-1.,0.));
#5262=DIRECTION('center_axis',(-1.,0.,0.));
#5263=DIRECTION('ref_axis',(0.,-1.,0.));
#5264=DIRECTION('center_axis',(-1.,0.,0.));
#5265=DIRECTION('ref_axis',(0.,-1.,0.));
#5266=DIRECTION('center_axis',(-1.,0.,0.));
#5267=DIRECTION('ref_axis',(0.,-1.,0.));
#5268=DIRECTION('center_axis',(-1.,0.,0.));
#5269=DIRECTION('ref_axis',(0.,-1.,0.));
#5270=DIRECTION('center_axis',(-1.,0.,0.));
#5271=DIRECTION('ref_axis',(0.,-1.,0.));
#5272=DIRECTION('center_axis',(0.,0.,1.));
#5273=DIRECTION('ref_axis',(-0.707106781186548,0.707106781186548,0.));
#5274=DIRECTION('center_axis',(-0.0209363564950231,0.,0.999780810466331));
#5275=DIRECTION('ref_axis',(-0.999780810466331,0.,-0.0209363564950231));
#5276=DIRECTION('',(0.,0.,-1.));
#5277=DIRECTION('center_axis',(-2.52323414687533E-16,0.,1.));
#5278=DIRECTION('ref_axis',(-0.707106781186548,0.707106781186548,0.));
#5279=DIRECTION('',(0.,0.,1.));
#5280=DIRECTION('center_axis',(-1.,0.,0.));
#5281=DIRECTION('ref_axis',(0.,-1.,0.));
#5282=DIRECTION('',(0.,1.,0.));
#5283=DIRECTION('',(0.,0.,-1.));
#5284=DIRECTION('',(0.,-1.,0.));
#5285=DIRECTION('',(0.,0.,1.));
#5286=DIRECTION('center_axis',(-1.,0.,0.));
#5287=DIRECTION('ref_axis',(0.,-1.,0.));
#5288=DIRECTION('',(0.,1.,0.));
#5289=DIRECTION('',(0.,-1.,0.));
#5290=DIRECTION('',(0.,0.,1.));
#5291=DIRECTION('center_axis',(-1.,0.,-1.30614473485312E-16));
#5292=DIRECTION('ref_axis',(1.30614473485312E-16,0.,-1.));
#5293=DIRECTION('',(0.,0.,1.));
#5294=DIRECTION('',(0.,-1.,0.));
#5295=DIRECTION('center_axis',(-1.,0.,-1.30614473485312E-16));
#5296=DIRECTION('ref_axis',(1.30614473485312E-16,0.,-1.));
#5297=DIRECTION('',(0.,-1.,0.));
#5298=DIRECTION('center_axis',(0.743144825477394,0.669130606358858,-1.18429162087471E-16));
#5299=DIRECTION('ref_axis',(0.669130606358858,-0.743144825477394,-1.06126315094428E-16));
#5300=DIRECTION('',(1.5936215664476E-16,0.,1.));
#5301=DIRECTION('',(-0.669130606358858,0.743144825477394,1.06126315094428E-16));
#5302=DIRECTION('',(0.,0.,-1.));
#5303=DIRECTION('',(0.669130606358858,-0.743144825477394,1.68837319468407E-16));
#5304=DIRECTION('center_axis',(0.,0.,-1.));
#5305=DIRECTION('ref_axis',(1.,0.,0.));
#5306=DIRECTION('center_axis',(-1.58603289232166E-16,0.,-1.));
#5307=DIRECTION('ref_axis',(1.,0.,0.));
#5308=DIRECTION('',(0.,0.,-1.));
#5309=DIRECTION('center_axis',(0.,1.,0.));
#5310=DIRECTION('ref_axis',(-1.,0.,0.));
#5311=DIRECTION('',(-0.814616209118989,0.,0.580000372276267));
#5312=DIRECTION('',(1.,0.,2.52323414687533E-16));
#5313=DIRECTION('',(0.999780810466331,0.,0.0209363564950231));
#5314=DIRECTION('center_axis',(0.,-1.,0.));
#5315=DIRECTION('ref_axis',(0.999780810466331,0.,0.0209363564950231));
#5316=DIRECTION('center_axis',(0.,-1.,0.));
#5317=DIRECTION('ref_axis',(0.,0.,-1.));
#5318=DIRECTION('center_axis',(0.,1.,0.));
#5319=DIRECTION('ref_axis',(0.753999999980389,0.,0.656874417243946));
#5320=DIRECTION('',(-0.999780810466331,0.,-0.0209363564950231));
#5321=DIRECTION('center_axis',(0.,1.,0.));
#5322=DIRECTION('ref_axis',(0.753999999980389,0.,0.656874417243946));
#5323=DIRECTION('',(0.,-1.,0.));
#5324=DIRECTION('center_axis',(0.0209363564950231,0.,-0.999780810466331));
#5325=DIRECTION('ref_axis',(0.999780810466331,0.,0.0209363564950231));
#5326=DIRECTION('',(0.,-1.,0.));
#5327=DIRECTION('center_axis',(0.,1.,0.));
#5328=DIRECTION('ref_axis',(-1.,0.,0.));
#5329=DIRECTION('',(-1.,0.,-1.23358113847239E-16));
#5330=DIRECTION('',(0.,0.,-1.));
#5331=DIRECTION('',(1.,0.,2.52323414687533E-16));
#5332=DIRECTION('center_axis',(0.,1.,0.));
#5333=DIRECTION('ref_axis',(0.999780810466331,0.,0.0209363564950231));
#5334=DIRECTION('',(0.,-1.,0.));
#5335=DIRECTION('center_axis',(0.580000372276267,0.,0.814616209118989));
#5336=DIRECTION('ref_axis',(-0.814616209118989,0.,0.580000372276267));
#5337=DIRECTION('',(0.,-1.,0.));
#5338=DIRECTION('center_axis',(0.,1.,0.));
#5339=DIRECTION('ref_axis',(0.753999999980389,0.,0.656874417243946));
#5340=DIRECTION('center_axis',(-1.23358113847239E-16,0.,1.));
#5341=DIRECTION('ref_axis',(-1.,0.,-1.23358113847239E-16));
#5342=DIRECTION('',(1.,0.,1.23358113847239E-16));
#5343=DIRECTION('',(0.,-1.,0.));
#5344=DIRECTION('center_axis',(-1.,0.,0.));
#5345=DIRECTION('ref_axis',(0.,-1.,0.));
#5346=DIRECTION('',(0.,0.,1.));
#5347=DIRECTION('',(0.,1.,0.));
#5348=DIRECTION('center_axis',(1.,0.,0.));
#5349=DIRECTION('ref_axis',(0.,-1.,0.));
#5350=DIRECTION('center_axis',(1.,0.,0.));
#5351=DIRECTION('ref_axis',(0.,-1.,0.));
#5352=DIRECTION('center_axis',(1.,0.,0.));
#5353=DIRECTION('ref_axis',(0.,-1.,0.));
#5354=DIRECTION('center_axis',(1.,0.,0.));
#5355=DIRECTION('ref_axis',(0.,-1.,0.));
#5356=DIRECTION('center_axis',(1.,0.,0.));
#5357=DIRECTION('ref_axis',(0.,-1.,0.));
#5358=DIRECTION('center_axis',(1.,0.,0.));
#5359=DIRECTION('ref_axis',(0.,-1.,0.));
#5360=DIRECTION('center_axis',(2.52323414687533E-16,0.,-1.));
#5361=DIRECTION('ref_axis',(1.,0.,2.52323414687533E-16));
#5362=DIRECTION('',(0.,-1.,0.));
#5363=DIRECTION('',(1.,0.,1.67603768816756E-14));
#5364=DIRECTION('',(-1.,0.,-2.52323414687533E-16));
#5365=DIRECTION('center_axis',(0.,1.,0.));
#5366=DIRECTION('ref_axis',(-1.,0.,0.));
#5367=DIRECTION('',(-1.,0.,-2.52323414687533E-16));
#5368=DIRECTION('center_axis',(0.,1.,0.));
#5369=DIRECTION('ref_axis',(-1.,0.,0.));
#5370=DIRECTION('',(-0.814616209118989,0.,0.580000372276267));
#5371=DIRECTION('center_axis',(0.,-1.,0.));
#5372=DIRECTION('ref_axis',(0.999780810466331,0.,0.0209363564950231));
#5373=DIRECTION('',(0.999780810466331,0.,0.0209363564950231));
#5374=DIRECTION('center_axis',(0.,1.,0.));
#5375=DIRECTION('ref_axis',(0.753999999980389,0.,0.656874417243946));
#5376=DIRECTION('',(0.,1.,0.));
#5377=DIRECTION('center_axis',(0.,-1.,0.));
#5378=DIRECTION('ref_axis',(0.753999999980389,0.,0.656874417243946));
#5379=DIRECTION('center_axis',(-0.0209363564950231,0.,0.999780810466331));
#5380=DIRECTION('ref_axis',(0.999780810466331,0.,0.0209363564950231));
#5381=DIRECTION('',(0.,1.,0.));
#5382=DIRECTION('',(0.999780810466331,0.,0.0209363564950231));
#5383=DIRECTION('center_axis',(0.,1.,0.));
#5384=DIRECTION('ref_axis',(0.999780810466331,0.,0.0209363564950231));
#5385=DIRECTION('center_axis',(0.,-1.,0.));
#5386=DIRECTION('ref_axis',(0.999780810466331,0.,0.0209363564950231));
#5387=DIRECTION('',(0.,1.,0.));
#5388=DIRECTION('center_axis',(-0.580000372276267,0.,-0.814616209118989));
#5389=DIRECTION('ref_axis',(-0.814616209118989,0.,0.580000372276267));
#5390=DIRECTION('',(0.,1.,0.));
#5391=DIRECTION('',(-0.814616209118989,0.,0.580000372276267));
#5392=DIRECTION('center_axis',(0.,1.,0.));
#5393=DIRECTION('ref_axis',(0.753999999980389,0.,0.656874417243946));
#5394=DIRECTION('center_axis',(0.,-1.,0.));
#5395=DIRECTION('ref_axis',(0.753999999980389,0.,0.656874417243946));
#5396=DIRECTION('center_axis',(-1.23358113847239E-16,0.,1.));
#5397=DIRECTION('ref_axis',(-1.,0.,-1.23358113847239E-16));
#5398=DIRECTION('',(1.,0.,-6.53072367426563E-17));
#5399=DIRECTION('',(0.,-1.,0.));
#5400=DIRECTION('center_axis',(0.,1.,0.));
#5401=DIRECTION('ref_axis',(1.,0.,0.));
#5402=DIRECTION('',(1.,0.,0.));
#5403=DIRECTION('',(0.360066009547516,0.,0.93292682926826));
#5404=DIRECTION('center_axis',(0.,-1.,0.));
#5405=DIRECTION('ref_axis',(-0.360066009547422,0.,0.932926829268296));
#5406=DIRECTION('',(-0.360066009547956,0.,0.93292682926809));
#5407=DIRECTION('',(-1.,0.,-3.16406226906866E-11));
#5408=DIRECTION('',(0.,0.,1.));
#5409=DIRECTION('',(-1.,0.,0.));
#5410=DIRECTION('',(-1.,0.,0.));
#5411=DIRECTION('',(5.68989300120405E-15,0.,1.));
#5412=DIRECTION('center_axis',(1.,0.,0.));
#5413=DIRECTION('ref_axis',(0.,-1.,0.));
#5414=DIRECTION('',(1.,0.,0.));
#5415=DIRECTION('center_axis',(1.,0.,0.));
#5416=DIRECTION('ref_axis',(0.,-1.,0.));
#5417=DIRECTION('',(1.,0.,0.));
#5418=DIRECTION('center_axis',(1.,0.,0.));
#5419=DIRECTION('ref_axis',(0.,-1.,0.));
#5420=DIRECTION('',(1.,0.,0.));
#5421=DIRECTION('center_axis',(1.,0.,0.));
#5422=DIRECTION('ref_axis',(0.,-1.,0.));
#5423=DIRECTION('',(1.,0.,0.));
#5424=DIRECTION('center_axis',(1.,0.,0.));
#5425=DIRECTION('ref_axis',(0.,-1.,0.));
#5426=DIRECTION('',(1.,0.,0.));
#5427=DIRECTION('center_axis',(1.,0.,0.));
#5428=DIRECTION('ref_axis',(0.,-1.,0.));
#5429=DIRECTION('',(1.,0.,0.));
#5430=DIRECTION('center_axis',(0.,0.,-1.));
#5431=DIRECTION('ref_axis',(-1.,0.,0.));
#5432=DIRECTION('center_axis',(0.,0.,-1.));
#5433=DIRECTION('ref_axis',(1.,0.,0.));
#5434=DIRECTION('',(0.,-1.,0.));
#5435=DIRECTION('center_axis',(0.,0.,-1.));
#5436=DIRECTION('ref_axis',(1.,0.,0.));
#5437=DIRECTION('',(0.601815023151926,-0.798635510047385,0.));
#5438=DIRECTION('center_axis',(0.,0.,-1.));
#5439=DIRECTION('ref_axis',(-1.,0.,0.));
#5440=DIRECTION('center_axis',(0.798635510047385,0.601815023151926,0.));
#5441=DIRECTION('ref_axis',(0.601815023151926,-0.798635510047385,0.));
#5442=DIRECTION('',(0.,0.,-1.));
#5443=DIRECTION('center_axis',(0.,0.,1.));
#5444=DIRECTION('ref_axis',(0.994521895368289,0.1045284632675,0.));
#5445=DIRECTION('center_axis',(0.,0.,-1.));
#5446=DIRECTION('ref_axis',(1.,0.,0.));
#5447=DIRECTION('',(0.,0.,-1.));
#5448=DIRECTION('center_axis',(-1.,0.,-1.30614473485312E-16));
#5449=DIRECTION('ref_axis',(1.30614473485312E-16,0.,-1.));
#5450=DIRECTION('',(0.,0.,1.));
#5451=DIRECTION('center_axis',(0.,0.,-1.));
#5452=DIRECTION('ref_axis',(1.,0.,0.));
#5453=DIRECTION('center_axis',(0.577350269189626,0.577350269189626,-0.577350269189626));
#5454=DIRECTION('ref_axis',(0.816496580927727,-0.408248290463863,0.408248290463861));
#5455=DIRECTION('center_axis',(0.,0.,1.));
#5456=DIRECTION('ref_axis',(0.707106781186548,0.707106781186547,0.));
#5457=DIRECTION('center_axis',(1.38777878078145E-15,-1.,0.));
#5458=DIRECTION('ref_axis',(0.707106781186548,9.78103551401328E-16,-0.707106781186547));
#5459=DIRECTION('',(0.577350269189626,0.577350269189626,-0.577350269189626));
#5460=DIRECTION('center_axis',(1.,0.,0.));
#5461=DIRECTION('ref_axis',(0.,-0.707106781186548,0.707106781186547));
#5462=DIRECTION('',(-0.577350269189626,-0.577350269189626,0.577350269189626));
#5463=DIRECTION('center_axis',(0.707106781186548,0.,0.707106781186548));
#5464=DIRECTION('ref_axis',(-0.707106781186548,0.,0.707106781186548));
#5465=DIRECTION('',(0.,-1.,0.));
#5466=DIRECTION('',(0.577350269189625,-0.577350269189627,-0.577350269189625));
#5467=DIRECTION('',(0.,1.,0.));
#5468=DIRECTION('center_axis',(-0.577350269189625,0.577350269189627,0.577350269189625));
#5469=DIRECTION('ref_axis',(0.816496580927728,0.408248290463861,0.408248290463861));
#5470=DIRECTION('center_axis',(1.49076819294549E-15,1.,0.));
#5471=DIRECTION('ref_axis',(0.707106781186548,-1.09581402684547E-15,-0.707106781186547));
#5472=DIRECTION('center_axis',(0.,0.,1.));
#5473=DIRECTION('ref_axis',(0.707106781186546,-0.707106781186549,0.));
#5474=DIRECTION('center_axis',(1.,0.,0.));
#5475=DIRECTION('ref_axis',(0.,0.707106781186548,0.707106781186547));
#5476=DIRECTION('',(-0.577350269189625,0.577350269189627,0.577350269189625));
#5477=DIRECTION('center_axis',(0.577350269189625,-0.577350269189627,0.577350269189625));
#5478=DIRECTION('ref_axis',(0.816496580927725,0.408248290463863,-0.408248290463865));
#5479=DIRECTION('center_axis',(1.49076819294549E-15,1.,0.));
#5480=DIRECTION('ref_axis',(0.707106781186548,-1.09581402684547E-15,0.707106781186547));
#5481=DIRECTION('',(0.577350269189625,-0.577350269189627,0.577350269189625));
#5482=DIRECTION('center_axis',(1.,0.,0.));
#5483=DIRECTION('ref_axis',(0.,0.707106781186548,-0.707106781186547));
#5484=DIRECTION('',(-0.577350269189625,0.577350269189627,-0.577350269189625));
#5485=DIRECTION('center_axis',(0.707106781186548,0.,-0.707106781186548));
#5486=DIRECTION('ref_axis',(0.707106781186548,0.,0.707106781186548));
#5487=DIRECTION('',(0.,1.,0.));
#5488=DIRECTION('',(0.577350269189626,0.577350269189626,0.577350269189626));
#5489=DIRECTION('center_axis',(-0.577350269189626,-0.577350269189626,-0.577350269189626));
#5490=DIRECTION('ref_axis',(0.816496580927727,-0.408248290463863,-0.408248290463861));
#5491=DIRECTION('center_axis',(1.38777878078145E-15,-1.,0.));
#5492=DIRECTION('ref_axis',(0.707106781186548,9.96313425325414E-16,0.707106781186547));
#5493=DIRECTION('center_axis',(1.,0.,0.));
#5494=DIRECTION('ref_axis',(0.,-0.707106781186548,-0.707106781186547));
#5495=DIRECTION('',(-0.577350269189626,-0.577350269189626,-0.577350269189626));
#5496=DIRECTION('center_axis',(0.883452208598772,0.331294578224541,-0.33129457822454));
#5497=DIRECTION('ref_axis',(0.468521285665819,-0.624695047554424,0.624695047554424));
#5498=DIRECTION('center_axis',(-0.883452208598775,-0.331294578224541,0.331294578224532));
#5499=DIRECTION('ref_axis',(0.351123441588393,-0.936329177569044,0.));
#5500=DIRECTION('',(0.883452208598772,0.331294578224541,-0.33129457822454));
#5501=DIRECTION('center_axis',(1.,0.,0.));
#5502=DIRECTION('ref_axis',(0.,-0.707106781186548,0.707106781186547));
#5503=DIRECTION('',(-0.883452208598772,-0.331294578224541,0.33129457822454));
#5504=DIRECTION('',(-0.883452208598772,-0.331294578224541,-0.33129457822454));
#5505=DIRECTION('center_axis',(0.351123441588393,-0.936329177569044,0.));
#5506=DIRECTION('ref_axis',(0.,0.,-1.));
#5507=DIRECTION('',(-0.883452208598772,-0.331294578224541,-0.33129457822454));
#5508=DIRECTION('',(0.,0.,-1.));
#5509=DIRECTION('center_axis',(-0.883452208598772,0.331294578224541,0.33129457822454));
#5510=DIRECTION('ref_axis',(0.468521285665821,0.624695047554423,0.624695047554424));
#5511=DIRECTION('center_axis',(0.,0.,-1.));
#5512=DIRECTION('ref_axis',(0.936329177569044,-0.351123441588393,0.));
#5513=DIRECTION('center_axis',(1.38777878078145E-15,1.,0.));
#5514=DIRECTION('ref_axis',(0.936329177569044,-1.29427451384203E-15,-0.351123441588392));
#5515=DIRECTION('center_axis',(0.,0.,1.));
#5516=DIRECTION('ref_axis',(0.936329177569044,-0.351123441588393,0.));
#5517=DIRECTION('',(0.883452208598772,-0.331294578224541,-0.33129457822454));
#5518=DIRECTION('center_axis',(1.,0.,0.));
#5519=DIRECTION('ref_axis',(0.,0.707106781186547,0.707106781186548));
#5520=DIRECTION('',(-0.883452208598772,0.331294578224541,0.33129457822454));
#5521=DIRECTION('center_axis',(0.351123441588392,0.,0.936329177569044));
#5522=DIRECTION('ref_axis',(-0.936329177569044,0.,0.351123441588392));
#5523=DIRECTION('',(0.,-1.,0.));
#5524=DIRECTION('center_axis',(0.883452208598772,-0.331294578224541,0.33129457822454));
#5525=DIRECTION('ref_axis',(0.46852128566582,0.624695047554423,-0.624695047554424));
#5526=DIRECTION('',(0.883452208598772,-0.331294578224541,0.33129457822454));
#5527=DIRECTION('center_axis',(1.,0.,0.));
#5528=DIRECTION('ref_axis',(0.,0.707106781186547,-0.707106781186548));
#5529=DIRECTION('',(-0.883452208598772,0.331294578224541,-0.33129457822454));
#5530=DIRECTION('center_axis',(0.,-1.,0.));
#5531=DIRECTION('ref_axis',(0.936329177569044,0.,0.351123441588392));
#5532=DIRECTION('center_axis',(1.38777878078145E-15,1.,0.));
#5533=DIRECTION('ref_axis',(0.936329177569044,-1.29427451384203E-15,0.351123441588392));
#5534=DIRECTION('center_axis',(0.351123441588392,0.,-0.936329177569044));
#5535=DIRECTION('ref_axis',(0.936329177569044,0.,0.351123441588392));
#5536=DIRECTION('',(0.,1.,0.));
#5537=DIRECTION('',(0.883452208598772,0.331294578224541,0.33129457822454));
#5538=DIRECTION('center_axis',(-0.883452208598772,-0.331294578224541,-0.33129457822454));
#5539=DIRECTION('ref_axis',(0.468521285665818,-0.624695047554424,-0.624695047554424));
#5540=DIRECTION('center_axis',(1.,0.,0.));
#5541=DIRECTION('ref_axis',(0.,-0.707106781186548,-0.707106781186547));
#5542=DIRECTION('center_axis',(1.4907681929455E-15,-1.,0.));
#5543=DIRECTION('ref_axis',(0.936329177569044,1.40861701290986E-15,0.351123441588392));
#5544=DIRECTION('center_axis',(0.351123441588393,0.936329177569044,0.));
#5545=DIRECTION('ref_axis',(0.,0.,1.));
#5546=DIRECTION('',(0.,0.,1.));
#5547=DIRECTION('center_axis',(0.,0.,-1.));
#5548=DIRECTION('ref_axis',(1.,0.,0.));
#5549=DIRECTION('',(-1.,-1.4907681929455E-15,0.));
#5550=DIRECTION('',(1.,-1.38777878078145E-15,0.));
#5551=DIRECTION('center_axis',(0.,0.,-1.));
#5552=DIRECTION('ref_axis',(-0.166666666666667,-0.986013297183269,0.));
#5553=DIRECTION('',(0.342020143325621,0.939692620785926,0.));
#5554=DIRECTION('',(-0.342020143325344,0.939692620786027,0.));
#5555=DIRECTION('center_axis',(0.,0.,-1.));
#5556=DIRECTION('ref_axis',(-0.166666666666667,-0.986013297183269,0.));
#5557=DIRECTION('',(-1.,-1.38777878078145E-15,0.));
#5558=DIRECTION('',(1.,-1.49076819294549E-15,0.));
#5559=DIRECTION('center_axis',(0.,0.,1.));
#5560=DIRECTION('ref_axis',(1.,0.,0.));
#5561=DIRECTION('center_axis',(-1.4907681929455E-15,1.,0.));
#5562=DIRECTION('ref_axis',(-1.,-1.4907681929455E-15,0.));
#5563=DIRECTION('',(0.,0.,1.));
#5564=DIRECTION('center_axis',(-1.,0.,0.));
#5565=DIRECTION('ref_axis',(0.,0.,-1.));
#5566=DIRECTION('',(0.,1.,1.11022302462516E-15));
#5567=DIRECTION('center_axis',(-1.,0.,0.));
#5568=DIRECTION('ref_axis',(0.,0.,-1.));
#5569=DIRECTION('center_axis',(-1.,0.,0.));
#5570=DIRECTION('ref_axis',(0.,0.,-1.));
#5571=DIRECTION('center_axis',(0.707106781186549,0.707106781186546,0.));
#5572=DIRECTION('ref_axis',(0.,0.,1.));
#5573=DIRECTION('',(0.,0.,1.));
#5574=DIRECTION('',(0.,0.,-1.));
#5575=DIRECTION('center_axis',(0.707106781186548,-0.707106781186548,0.));
#5576=DIRECTION('ref_axis',(0.,0.,1.));
#5577=DIRECTION('',(0.,0.,1.));
#5578=DIRECTION('',(0.,0.,-1.));
#5579=DIRECTION('center_axis',(-1.38777878078145E-15,1.,0.));
#5580=DIRECTION('ref_axis',(-1.,-1.38777878078145E-15,0.));
#5581=DIRECTION('',(0.,0.,1.));
#5582=DIRECTION('center_axis',(-1.,0.,0.));
#5583=DIRECTION('ref_axis',(0.,0.,-1.));
#5584=DIRECTION('',(0.,1.85037165205424E-15,-1.));
#5585=DIRECTION('',(0.,1.,1.44419255235793E-15));
#5586=DIRECTION('center_axis',(-1.,0.,0.));
#5587=DIRECTION('ref_axis',(0.,0.,-1.));
#5588=DIRECTION('center_axis',(-1.,0.,0.));
#5589=DIRECTION('ref_axis',(0.,0.,-1.));
#5590=DIRECTION('',(0.,-1.,0.));
#5591=DIRECTION('center_axis',(-1.82165401677819E-15,-1.,1.64451944311044E-15));
#5592=DIRECTION('ref_axis',(-0.956981144967829,2.22044604925031E-15,0.29015011317603));
#5593=DIRECTION('center_axis',(-0.181429372869522,0.826967979077857,-0.532172288117351));
#5594=DIRECTION('ref_axis',(-0.504180577766389,-0.542840412593422,-0.671659312046333));
#5595=DIRECTION('center_axis',(-0.181429372869511,-0.826967979077863,-0.532172288117346));
#5596=DIRECTION('ref_axis',(-0.946506384663485,-1.11022302462516E-14,0.322685084550339));
#5597=DIRECTION('center_axis',(-7.12072806654697E-16,1.,-2.34857826644874E-15));
#5598=DIRECTION('ref_axis',(-0.670096509906559,-2.22044604925033E-15,-0.742273984059154));
#5599=DIRECTION('center_axis',(0.939692620786027,0.342020143325344,0.));
#5600=DIRECTION('ref_axis',(-0.342020143325344,0.939692620786027,0.));
#5601=DIRECTION('',(0.,0.,1.));
#5602=DIRECTION('center_axis',(-1.38777878078145E-15,-1.,0.));
#5603=DIRECTION('ref_axis',(1.,-1.38777878078145E-15,0.));
#5604=DIRECTION('',(0.,0.,1.));
#5605=DIRECTION('center_axis',(-1.49076819294549E-15,-1.,0.));
#5606=DIRECTION('ref_axis',(1.,-1.49076819294549E-15,0.));
#5607=DIRECTION('',(0.,0.,1.));
#5608=DIRECTION('center_axis',(0.939692620785926,-0.342020143325621,0.));
#5609=DIRECTION('ref_axis',(0.342020143325621,0.939692620785926,0.));
#5610=DIRECTION('',(0.,0.,1.));
#5611=DIRECTION('center_axis',(0.,0.,-1.));
#5612=DIRECTION('ref_axis',(-0.166666666666667,-0.986013297183269,0.));
#5613=DIRECTION('center_axis',(0.,0.,-1.));
#5614=DIRECTION('ref_axis',(1.,0.,0.));
#5615=DIRECTION('center_axis',(0.,0.,-1.));
#5616=DIRECTION('ref_axis',(-0.166666666666667,-0.986013297183269,0.));
#5617=DIRECTION('center_axis',(0.,-1.,-1.85037165205424E-15));
#5618=DIRECTION('ref_axis',(0.,-1.85037165205424E-15,1.));
#5619=DIRECTION('',(-1.,0.,0.));
#5620=DIRECTION('center_axis',(0.,-1.44419255235793E-15,1.));
#5621=DIRECTION('ref_axis',(0.,1.,1.44419255235793E-15));
#5622=DIRECTION('center_axis',(1.,0.,-5.68989300120405E-15));
#5623=DIRECTION('ref_axis',(5.68989300120405E-15,0.,1.));
#5624=DIRECTION('',(0.,-1.,0.));
#5625=DIRECTION('',(0.,-1.,0.));
#5626=DIRECTION('center_axis',(0.,0.,1.));
#5627=DIRECTION('ref_axis',(-1.,0.,0.));
#5628=DIRECTION('',(0.,0.,1.));
#5629=DIRECTION('',(0.,-1.,0.));
#5630=DIRECTION('center_axis',(8.22387425648258E-16,0.,1.));
#5631=DIRECTION('ref_axis',(1.,0.,-4.55476112666731E-16));
#5632=DIRECTION('center_axis',(-8.22387425648258E-16,0.,-1.));
#5633=DIRECTION('ref_axis',(-3.71603147225926E-16,1.,0.));
#5634=DIRECTION('center_axis',(0.,1.,0.));
#5635=DIRECTION('ref_axis',(-0.707106781186549,0.,0.707106781186546));
#5636=DIRECTION('',(0.,-1.,0.));
#5637=DIRECTION('center_axis',(8.22387425648258E-16,0.,1.));
#5638=DIRECTION('ref_axis',(1.,0.,-4.55476112666731E-16));
#5639=DIRECTION('center_axis',(-8.22387425648258E-16,0.,-1.));
#5640=DIRECTION('ref_axis',(-3.71603147225926E-16,-1.,0.));
#5641=DIRECTION('center_axis',(0.,0.,-1.));
#5642=DIRECTION('ref_axis',(-1.,0.,0.));
#5643=DIRECTION('center_axis',(0.,0.,1.));
#5644=DIRECTION('ref_axis',(6.12323399573677E-17,-1.,0.));
#5645=DIRECTION('center_axis',(0.,0.,-1.));
#5646=DIRECTION('ref_axis',(-1.,0.,0.));
#5647=DIRECTION('center_axis',(0.,0.,1.));
#5648=DIRECTION('ref_axis',(6.12323399573677E-17,1.,0.));
#5649=DIRECTION('center_axis',(0.,-1.,0.));
#5650=DIRECTION('ref_axis',(-0.707106781186549,0.,-0.707106781186546));
#5651=DIRECTION('',(0.,1.,0.));
#5652=DIRECTION('center_axis',(0.,0.,-1.));
#5653=DIRECTION('ref_axis',(1.,0.,0.));
#5654=DIRECTION('',(0.,0.,1.));
#5655=DIRECTION('center_axis',(0.,0.,-1.));
#5656=DIRECTION('ref_axis',(1.,0.,0.));
#5657=DIRECTION('',(0.,0.,1.));
#5658=DIRECTION('center_axis',(1.,0.,0.));
#5659=DIRECTION('ref_axis',(0.,1.,0.));
#5660=DIRECTION('',(0.,0.,1.));
#5661=DIRECTION('',(0.,1.,0.));
#5662=DIRECTION('center_axis',(0.,0.,-1.));
#5663=DIRECTION('ref_axis',(1.,0.,0.));
#5664=DIRECTION('',(0.,0.,1.));
#5665=DIRECTION('center_axis',(0.,0.,-1.));
#5666=DIRECTION('ref_axis',(1.,0.,0.));
#5667=DIRECTION('center_axis',(-1.,0.,0.));
#5668=DIRECTION('ref_axis',(0.,-1.,0.));
#5669=DIRECTION('',(0.,-1.,0.));
#5670=DIRECTION('center_axis',(0.,0.,-1.));
#5671=DIRECTION('ref_axis',(1.,0.,0.));
#5672=DIRECTION('center_axis',(0.,0.,1.));
#5673=DIRECTION('ref_axis',(1.,0.,0.));
#5674=DIRECTION('',(0.,0.,-1.));
#5675=DIRECTION('center_axis',(8.22387425648258E-16,0.,1.));
#5676=DIRECTION('ref_axis',(1.,0.,0.));
#5677=DIRECTION('',(0.,0.,-1.));
#5678=DIRECTION('center_axis',(-1.,0.,0.));
#5679=DIRECTION('ref_axis',(0.,1.,0.));
#5680=DIRECTION('',(0.,0.,-1.));
#5681=DIRECTION('',(0.,1.,0.));
#5682=DIRECTION('center_axis',(0.,0.,1.));
#5683=DIRECTION('ref_axis',(1.,0.,0.));
#5684=DIRECTION('',(0.,0.,-1.));
#5685=DIRECTION('center_axis',(8.22387425648258E-16,0.,1.));
#5686=DIRECTION('ref_axis',(1.,0.,0.));
#5687=DIRECTION('center_axis',(1.,0.,0.));
#5688=DIRECTION('ref_axis',(0.,-1.,0.));
#5689=DIRECTION('',(0.,-1.,0.));
#5690=DIRECTION('center_axis',(8.22387425648258E-16,0.,1.));
#5691=DIRECTION('ref_axis',(-1.,0.,8.22387425648258E-16));
#5692=DIRECTION('center_axis',(2.52323414687533E-16,0.,-1.));
#5693=DIRECTION('ref_axis',(1.,0.,2.52323414687533E-16));
#5694=DIRECTION('center_axis',(-0.295017367076675,0.948683298050513,0.113862869817809));
#5695=DIRECTION('ref_axis',(0.,-0.119166756861512,0.99287425390082));
#5696=DIRECTION('center_axis',(-0.295017367076675,0.948683298050513,0.113862869817809));
#5697=DIRECTION('ref_axis',(-0.885052101230021,-0.316227766016839,0.341588609453424));
#5698=DIRECTION('',(0.360066009547516,0.,0.93292682926826));
#5699=DIRECTION('center_axis',(0.295017367076675,-0.948683298050513,-0.113862869817809));
#5700=DIRECTION('ref_axis',(0.885052101230021,0.316227766016839,-0.341588609453425));
#5701=DIRECTION('center_axis',(0.295017367076675,-0.948683298050513,-0.113862869817809));
#5702=DIRECTION('ref_axis',(0.885052101230021,0.316227766016839,-0.341588609453425));
#5703=DIRECTION('',(-0.360066009547516,0.,-0.93292682926826));
#5704=DIRECTION('center_axis',(0.,-1.,0.));
#5705=DIRECTION('ref_axis',(0.,0.,-1.));
#5706=DIRECTION('',(0.360066009547956,0.,-0.93292682926809));
#5707=DIRECTION('center_axis',(0.,1.,0.));
#5708=DIRECTION('ref_axis',(-0.360066009547422,0.,0.932926829268296));
#5709=DIRECTION('center_axis',(0.,-1.,0.));
#5710=DIRECTION('ref_axis',(1.,0.,0.));
#5711=DIRECTION('center_axis',(0.,1.,0.));
#5712=DIRECTION('ref_axis',(1.,0.,0.));
#5713=DIRECTION('center_axis',(0.,-1.,0.));
#5714=DIRECTION('ref_axis',(1.,0.,0.));
#5715=DIRECTION('center_axis',(0.295017367076621,-0.948683298050513,0.113862869817948));
#5716=DIRECTION('ref_axis',(0.885052101229859,0.316227766016839,0.341588609453843));
#5717=DIRECTION('center_axis',(-0.295017367076621,0.948683298050513,-0.113862869817948));
#5718=DIRECTION('ref_axis',(0.,0.119166756861656,0.992874253900802));
#5719=DIRECTION('center_axis',(-0.295017367076621,0.948683298050513,-0.113862869817948));
#5720=DIRECTION('ref_axis',(0.885052101230055,0.316227766016839,0.341588609453336));
#5721=DIRECTION('center_axis',(0.295017367076621,-0.948683298050513,0.113862869817948));
#5722=DIRECTION('ref_axis',(0.885052101229859,0.316227766016839,0.341588609453843));
#5723=DIRECTION('',(-0.360066009547956,0.,0.93292682926809));
#5724=DIRECTION('center_axis',(0.,-1.,0.));
#5725=DIRECTION('ref_axis',(0.,0.,-1.));
#5726=DIRECTION('',(-0.360066009547516,0.,-0.93292682926826));
#5727=DIRECTION('',(-0.360066009547516,0.,-0.93292682926826));
#5728=DIRECTION('',(-1.,0.,0.));
#5729=DIRECTION('',(1.,0.,3.16406226906866E-11));
#5730=DIRECTION('',(0.360066009547956,0.,-0.93292682926809));
#5731=DIRECTION('',(0.360066009547956,0.,-0.93292682926809));
#5732=DIRECTION('center_axis',(0.,1.,0.));
#5733=DIRECTION('ref_axis',(1.,0.,0.));
#5734=DIRECTION('center_axis',(0.,1.,0.));
#5735=DIRECTION('ref_axis',(1.,0.,0.));
#5736=DIRECTION('center_axis',(0.,1.,0.));
#5737=DIRECTION('ref_axis',(1.,0.,0.));
#5738=DIRECTION('',(0.,1.,0.));
#5739=DIRECTION('center_axis',(0.,1.,0.));
#5740=DIRECTION('ref_axis',(1.,0.,0.));
#5741=DIRECTION('',(0.,1.,0.));
#5742=DIRECTION('center_axis',(0.93292682926809,0.,0.360066009547956));
#5743=DIRECTION('ref_axis',(0.360066009547956,0.,-0.93292682926809));
#5744=DIRECTION('',(0.,1.,0.));
#5745=DIRECTION('center_axis',(0.93292682926826,0.,-0.360066009547516));
#5746=DIRECTION('ref_axis',(-0.360066009547516,0.,-0.93292682926826));
#5747=DIRECTION('',(0.,-1.,0.));
#5748=DIRECTION('center_axis',(0.,0.,-1.));
#5749=DIRECTION('ref_axis',(1.,0.,0.));
#5750=DIRECTION('',(0.,-1.,0.));
#5751=DIRECTION('center_axis',(0.93292682926826,0.,-0.360066009547516));
#5752=DIRECTION('ref_axis',(0.360066009547516,0.,0.93292682926826));
#5753=DIRECTION('',(0.,-1.,0.));
#5754=DIRECTION('center_axis',(-3.16406226906866E-11,0.,1.));
#5755=DIRECTION('ref_axis',(-1.,0.,-3.16406226906866E-11));
#5756=DIRECTION('',(0.,-1.,0.));
#5757=DIRECTION('center_axis',(0.93292682926809,0.,0.360066009547956));
#5758=DIRECTION('ref_axis',(-0.360066009547956,0.,0.93292682926809));
#5759=DIRECTION('',(0.,1.,0.));
#5760=DIRECTION('center_axis',(0.,1.,0.));
#5761=DIRECTION('ref_axis',(1.,0.,-8.05588658112156E-15));
#5762=DIRECTION('center_axis',(0.,1.,0.));
#5763=DIRECTION('ref_axis',(1.,0.,-8.05588658112156E-15));
#5764=DIRECTION('',(0.,1.,0.));
#5765=DIRECTION('',(0.,1.,0.));
#5766=DIRECTION('center_axis',(-0.295017367076621,-0.948683298050513,-0.113862869817948));
#5767=DIRECTION('ref_axis',(0.885052101230055,-0.316227766016839,0.341588609453336));
#5768=DIRECTION('center_axis',(0.,-1.,0.));
#5769=DIRECTION('ref_axis',(-0.360066009547422,0.,0.932926829268296));
#5770=DIRECTION('center_axis',(-0.295017367076675,-0.948683298050513,0.113862869817809));
#5771=DIRECTION('ref_axis',(-0.885052101230021,0.316227766016839,0.341588609453424));
#5772=DIRECTION('',(0.,-1.,0.));
#5773=DIRECTION('',(0.,-1.,0.));
#5774=DIRECTION('center_axis',(0.93292682926809,0.,0.360066009547956));
#5775=DIRECTION('ref_axis',(-0.360066009547956,0.,0.93292682926809));
#5776=DIRECTION('',(0.,-1.,0.));
#5777=DIRECTION('',(-0.360066009547956,0.,0.93292682926809));
#5778=DIRECTION('center_axis',(0.93292682926826,0.,-0.360066009547516));
#5779=DIRECTION('ref_axis',(0.360066009547516,0.,0.93292682926826));
#5780=DIRECTION('',(0.360066009547516,0.,0.93292682926826));
#5781=DIRECTION('',(0.,-1.,0.));
#5782=DIRECTION('center_axis',(0.,0.,-1.));
#5783=DIRECTION('ref_axis',(1.,0.,0.));
#5784=DIRECTION('',(1.,0.,0.));
#5785=DIRECTION('center_axis',(-3.16406226906866E-11,0.,1.));
#5786=DIRECTION('ref_axis',(-1.,0.,-3.16406226906866E-11));
#5787=DIRECTION('',(-1.,0.,-3.16406226906866E-11));
#5788=DIRECTION('center_axis',(-0.93292682926809,0.,-0.360066009547956));
#5789=DIRECTION('ref_axis',(0.360066009547956,0.,-0.93292682926809));
#5790=DIRECTION('',(0.360066009547956,0.,-0.93292682926809));
#5791=DIRECTION('',(0.,-1.,0.));
#5792=DIRECTION('',(-0.360066009547956,0.,0.93292682926809));
#5793=DIRECTION('center_axis',(-0.93292682926826,0.,0.360066009547516));
#5794=DIRECTION('ref_axis',(-0.360066009547516,0.,-0.93292682926826));
#5795=DIRECTION('',(0.360066009547516,0.,0.93292682926826));
#5796=DIRECTION('',(0.,-1.,0.));
#5797=DIRECTION('',(-0.360066009547516,0.,-0.93292682926826));
#5798=DIRECTION('center_axis',(0.,1.,0.));
#5799=DIRECTION('ref_axis',(1.,0.,0.));
#5800=DIRECTION('center_axis',(-0.295017367076675,-0.948683298050513,0.113862869817809));
#5801=DIRECTION('ref_axis',(0.885052101230021,-0.316227766016839,-0.341588609453425));
#5802=DIRECTION('center_axis',(0.,1.,0.));
#5803=DIRECTION('ref_axis',(1.,0.,0.));
#5804=DIRECTION('center_axis',(0.,1.,0.));
#5805=DIRECTION('ref_axis',(1.,0.,0.));
#5806=DIRECTION('center_axis',(-0.295017367076621,-0.948683298050513,-0.113862869817948));
#5807=DIRECTION('ref_axis',(0.885052101229859,-0.316227766016839,0.341588609453843));
#5808=DIRECTION('center_axis',(0.,1.,0.));
#5809=DIRECTION('ref_axis',(1.,0.,0.));
#5810=DIRECTION('center_axis',(0.,-1.,0.));
#5811=DIRECTION('ref_axis',(0.,0.,-1.));
#5812=DIRECTION('center_axis',(0.,-1.,0.));
#5813=DIRECTION('ref_axis',(1.,0.,0.));
#5814=DIRECTION('center_axis',(0.295017367076621,0.948683298050513,0.113862869817948));
#5815=DIRECTION('ref_axis',(0.,-0.119166756861656,0.992874253900802));
#5816=DIRECTION('center_axis',(-0.295017367076621,-0.948683298050513,-0.113862869817948));
#5817=DIRECTION('ref_axis',(0.885052101229859,-0.316227766016839,0.341588609453843));
#5818=DIRECTION('',(0.360066009547956,0.,-0.93292682926809));
#5819=DIRECTION('center_axis',(0.,1.,0.));
#5820=DIRECTION('ref_axis',(1.,0.,0.));
#5821=DIRECTION('center_axis',(-0.295017367076675,-0.948683298050513,0.113862869817809));
#5822=DIRECTION('ref_axis',(0.885052101230021,-0.316227766016839,-0.341588609453425));
#5823=DIRECTION('center_axis',(0.,-1.,0.));
#5824=DIRECTION('ref_axis',(1.,0.,0.));
#5825=DIRECTION('center_axis',(0.,-1.,0.));
#5826=DIRECTION('ref_axis',(0.,0.,-1.));
#5827=DIRECTION('',(-0.360066009547516,0.,-0.93292682926826));
#5828=DIRECTION('center_axis',(0.295017367076675,0.948683298050513,-0.113862869817809));
#5829=DIRECTION('ref_axis',(0.,0.119166756861512,0.99287425390082));
#5830=CARTESIAN_POINT('',(0.,0.,0.));
#5831=CARTESIAN_POINT('Ctrl Pts',(-3.50359620126265,6.15,12.2634556119097));
#5832=CARTESIAN_POINT('Ctrl Pts',(-3.50359620126265,2.05,12.2634556119097));
#5833=CARTESIAN_POINT('Ctrl Pts',(-3.50359620126266,-2.05,12.2634556119097));
#5834=CARTESIAN_POINT('Ctrl Pts',(-3.50359620126266,-6.15,12.2634556119097));
#5835=CARTESIAN_POINT('Ctrl Pts',(-4.10850825556449,6.15,12.2634556119097));
#5836=CARTESIAN_POINT('Ctrl Pts',(-4.10850825556449,2.04999999999999,12.2634556119097));
#5837=CARTESIAN_POINT('Ctrl Pts',(-4.10850825556449,-2.05,12.2634556119097));
#5838=CARTESIAN_POINT('Ctrl Pts',(-4.10850825556449,-6.15,12.2634556119097));
#5839=CARTESIAN_POINT('Ctrl Pts',(-5.31065400116365,6.15,12.6397770700294));
#5840=CARTESIAN_POINT('Ctrl Pts',(-5.31065400116365,2.05000000000001,12.6397770700294));
#5841=CARTESIAN_POINT('Ctrl Pts',(-5.31065400116365,-2.05000000000001,12.6397770700294));
#5842=CARTESIAN_POINT('Ctrl Pts',(-5.31065400116365,-6.15,12.6397770700294));
#5843=CARTESIAN_POINT('Ctrl Pts',(-6.68733348939324,6.15,14.3878234346573));
#5844=CARTESIAN_POINT('Ctrl Pts',(-6.68733348939324,2.04999999999999,14.3878234346573));
#5845=CARTESIAN_POINT('Ctrl Pts',(-6.68733348939324,-2.04999999999999,14.3878234346573));
#5846=CARTESIAN_POINT('Ctrl Pts',(-6.68733348939324,-6.15,14.3878234346573));
#5847=CARTESIAN_POINT('Ctrl Pts',(-6.53828329385736,6.15,16.0470314444099));
#5848=CARTESIAN_POINT('Ctrl Pts',(-6.53828329385736,2.05000000000001,16.0470314444099));
#5849=CARTESIAN_POINT('Ctrl Pts',(-6.53828329385736,-2.05000000000001,16.0470314444099));
#5850=CARTESIAN_POINT('Ctrl Pts',(-6.53828329385736,-6.15,16.0470314444099));
#5851=CARTESIAN_POINT('Ctrl Pts',(-6.06680465277075,6.15,16.8222892894127));
#5852=CARTESIAN_POINT('Ctrl Pts',(-6.06680465277075,2.05,16.8222892894127));
#5853=CARTESIAN_POINT('Ctrl Pts',(-6.06680465277075,-2.05,16.8222892894127));
#5854=CARTESIAN_POINT('Ctrl Pts',(-6.06680465277075,-6.15,16.8222892894127));
#5855=CARTESIAN_POINT('',(-6.35366367575103,-3.25,16.2000000000001));
#5856=CARTESIAN_POINT('',(-6.06680465277075,-3.25,16.8222892894127));
#5857=CARTESIAN_POINT('Ctrl Pts',(-6.35027756838418,-3.25,16.199406000419));
#5858=CARTESIAN_POINT('Ctrl Pts',(-6.28037559435751,-3.25,16.4171123865667));
#5859=CARTESIAN_POINT('Ctrl Pts',(-6.18574754505492,-3.25,16.6267101002089));
#5860=CARTESIAN_POINT('Ctrl Pts',(-6.06680465277075,-3.25,16.8222892894127));
#5861=CARTESIAN_POINT('',(-6.06680465277075,3.25,16.8222892894127));
#5862=CARTESIAN_POINT('Ctrl Pts',(-6.06680465277075,-3.25,16.8222892894127));
#5863=CARTESIAN_POINT('Ctrl Pts',(-6.06680465277075,-1.08333333333334,16.8222892894127));
#5864=CARTESIAN_POINT('Ctrl Pts',(-6.06680465277075,1.08333333333333,16.8222892894127));
#5865=CARTESIAN_POINT('Ctrl Pts',(-6.06680465277075,3.25,16.8222892894127));
#5866=CARTESIAN_POINT('',(-6.35366367575103,3.25,16.2000000000001));
#5867=CARTESIAN_POINT('Ctrl Pts',(-6.06680465277075,3.25,16.8222892894127));
#5868=CARTESIAN_POINT('Ctrl Pts',(-6.18574754505492,3.25,16.6267101002089));
#5869=CARTESIAN_POINT('Ctrl Pts',(-6.28037559435752,3.25,16.4171123865667));
#5870=CARTESIAN_POINT('Ctrl Pts',(-6.35027756838419,3.25,16.199406000419));
#5871=CARTESIAN_POINT('',(-6.35366367575103,6.15,16.2000000000001));
#5872=CARTESIAN_POINT('Ctrl Pts',(-6.35366367575103,3.25,16.2000000000001));
#5873=CARTESIAN_POINT('Ctrl Pts',(-6.35366367575103,4.21666666666667,16.2000000000001));
#5874=CARTESIAN_POINT('Ctrl Pts',(-6.35366367575103,5.18333333333334,16.2000000000001));
#5875=CARTESIAN_POINT('Ctrl Pts',(-6.35366367575103,6.15,16.2000000000001));
#5876=CARTESIAN_POINT('',(-3.50359620126265,6.15,12.2634556119097));
#5877=CARTESIAN_POINT('Ctrl Pts',(-3.50359620126265,6.15,12.2634556119097));
#5878=CARTESIAN_POINT('Ctrl Pts',(-4.10850825556449,6.15,12.2634556119097));
#5879=CARTESIAN_POINT('Ctrl Pts',(-4.70958112836407,6.15,12.4516163409696));
#5880=CARTESIAN_POINT('Ctrl Pts',(-5.20678606308237,6.15,12.795417614732));
#5881=CARTESIAN_POINT('Ctrl Pts',(-5.70399099780067,6.15,13.1392188884945));
#5882=CARTESIAN_POINT('Ctrl Pts',(-6.0973279944377,6.15,13.6386607069596));
#5883=CARTESIAN_POINT('Ctrl Pts',(-6.30948216113418,6.15,14.2037990795991));
#5884=CARTESIAN_POINT('Ctrl Pts',(-6.5474312053757,6.15,14.8376501027853));
#5885=CARTESIAN_POINT('Ctrl Pts',(-6.55746056421538,6.15,15.5541443762415));
#5886=CARTESIAN_POINT('Ctrl Pts',(-6.35027756838419,6.15,16.199406000419));
#5887=CARTESIAN_POINT('',(-3.50359620126266,-6.15,12.2634556119097));
#5888=CARTESIAN_POINT('Ctrl Pts',(-3.50359620126265,6.15,12.2634556119097));
#5889=CARTESIAN_POINT('Ctrl Pts',(-3.50359620126265,2.05,12.2634556119097));
#5890=CARTESIAN_POINT('Ctrl Pts',(-3.50359620126266,-2.05,12.2634556119097));
#5891=CARTESIAN_POINT('Ctrl Pts',(-3.50359620126266,-6.15,12.2634556119097));
#5892=CARTESIAN_POINT('',(-6.35366367575103,-6.15,16.2000000000001));
#5893=CARTESIAN_POINT('Ctrl Pts',(-6.35027756838418,-6.15,16.199406000419));
#5894=CARTESIAN_POINT('Ctrl Pts',(-6.55746056421537,-6.15,15.5541443762415));
#5895=CARTESIAN_POINT('Ctrl Pts',(-6.54743120537569,-6.15,14.8376501027853));
#5896=CARTESIAN_POINT('Ctrl Pts',(-6.30948216113417,-6.15,14.2037990795991));
#5897=CARTESIAN_POINT('Ctrl Pts',(-6.0973279944377,-6.15,13.6386607069596));
#5898=CARTESIAN_POINT('Ctrl Pts',(-5.70399099780067,-6.15,13.1392188884945));
#5899=CARTESIAN_POINT('Ctrl Pts',(-5.20678606308237,-6.15,12.795417614732));
#5900=CARTESIAN_POINT('Ctrl Pts',(-4.70958112836407,-6.15,12.4516163409696));
#5901=CARTESIAN_POINT('Ctrl Pts',(-4.10850825556449,-6.15,12.2634556119097));
#5902=CARTESIAN_POINT('Ctrl Pts',(-3.50359620126266,-6.15,12.2634556119097));
#5903=CARTESIAN_POINT('Ctrl Pts',(-6.35366367575103,-6.15,16.2000000000001));
#5904=CARTESIAN_POINT('Ctrl Pts',(-6.35366367575103,-5.18333333333333,16.2000000000001));
#5905=CARTESIAN_POINT('Ctrl Pts',(-6.35366367575103,-4.21666666666667,16.2000000000001));
#5906=CARTESIAN_POINT('Ctrl Pts',(-6.35366367575103,-3.25,16.2000000000001));
#5907=CARTESIAN_POINT('Origin',(-4.905,3.25,16.2000000000001));
#5908=CARTESIAN_POINT('',(-4.905,3.25,16.2000000000001));
#5909=CARTESIAN_POINT('',(-4.905,3.25,16.2000000000001));
#5910=CARTESIAN_POINT('',(-4.905,6.15,16.2000000000001));
#5911=CARTESIAN_POINT('',(-4.905,6.15,16.2000000000001));
#5912=CARTESIAN_POINT('',(-4.905,6.15,16.2000000000001));
#5913=CARTESIAN_POINT('Origin',(-4.905,3.25000000000001,18.5));
#5914=CARTESIAN_POINT('',(-5.04844231753064,3.25,19.0162120486176));
#5915=CARTESIAN_POINT('Ctrl Pts',(-6.06680465275528,3.25,16.8222892894382));
#5916=CARTESIAN_POINT('Ctrl Pts',(-5.99628530551565,3.25,16.9382450770562));
#5917=CARTESIAN_POINT('Ctrl Pts',(-5.92737332726788,3.25,17.0552664123862));
#5918=CARTESIAN_POINT('Ctrl Pts',(-5.8603803426855,3.25,17.1734105228349));
#5919=CARTESIAN_POINT('Ctrl Pts',(-5.78585935735553,3.25,17.3048304853347));
#5920=CARTESIAN_POINT('Ctrl Pts',(-5.71371405803982,3.25,17.4376397627132));
#5921=CARTESIAN_POINT('Ctrl Pts',(-5.64442580366323,3.25,17.5718755537198));
#5922=CARTESIAN_POINT('Ctrl Pts',(-5.56154535423101,3.25,17.7324442213623));
#5923=CARTESIAN_POINT('Ctrl Pts',(-5.48275611982788,3.25,17.8950543157999));
#5924=CARTESIAN_POINT('Ctrl Pts',(-5.40891724772186,3.25,18.0597090352218));
#5925=CARTESIAN_POINT('Ctrl Pts',(-5.34269464603753,3.25,18.207380086915));
#5926=CARTESIAN_POINT('Ctrl Pts',(-5.2804569484164,3.25,18.3566941033831));
#5927=CARTESIAN_POINT('Ctrl Pts',(-5.22280042793053,3.25,18.5076231030995));
#5928=CARTESIAN_POINT('Ctrl Pts',(-5.17344004995723,3.25,18.6368350709801));
#5929=CARTESIAN_POINT('Ctrl Pts',(-5.12743809532493,3.25,18.7672299087301));
#5930=CARTESIAN_POINT('Ctrl Pts',(-5.08512921789381,3.25,18.8987811250198));
#5931=CARTESIAN_POINT('Ctrl Pts',(-5.07257269483765,3.25,18.9378231885465));
#5932=CARTESIAN_POINT('Ctrl Pts',(-5.06034112368762,3.25,18.9769670763678));
#5933=CARTESIAN_POINT('Ctrl Pts',(-5.04844231753063,3.25,19.0162120486176));
#5934=CARTESIAN_POINT('',(-4.905,3.25,18.5));
#5935=CARTESIAN_POINT('Ctrl Pts',(-4.905,3.25000000000001,18.5));
#5936=CARTESIAN_POINT('Ctrl Pts',(-4.98494228760606,3.25000000000001,18.572168833974));
#5937=CARTESIAN_POINT('Ctrl Pts',(-5.04048836879561,3.25,18.6709033709704));
#5938=CARTESIAN_POINT('Ctrl Pts',(-5.06094071586191,3.25000000000001,18.7765514698074));
#5939=CARTESIAN_POINT('Ctrl Pts',(-5.07627997616165,3.25000000000001,18.8557875439351));
#5940=CARTESIAN_POINT('Ctrl Pts',(-5.07187901101705,3.25000000000001,18.9389124965982));
#5941=CARTESIAN_POINT('Ctrl Pts',(-5.04844231753064,3.25000000000001,19.0162120486176));
#5942=CARTESIAN_POINT('',(-4.905,3.25,16.5));
#5943=CARTESIAN_POINT('Ctrl Pts',(-15.4458041877242,6.5,4.09999999976441));
#5944=CARTESIAN_POINT('Ctrl Pts',(-15.4458041877242,-6.5,4.09999999976441));
#5945=CARTESIAN_POINT('Ctrl Pts',(-15.3855956890219,6.5,4.20934166716705));
#5946=CARTESIAN_POINT('Ctrl Pts',(-15.3855956890219,-6.5,4.20934166716705));
#5947=CARTESIAN_POINT('Ctrl Pts',(-15.2633119325084,6.5,4.43547738576973));
#5948=CARTESIAN_POINT('Ctrl Pts',(-15.2633119325084,-6.5,4.43547738576973));
#5949=CARTESIAN_POINT('Ctrl Pts',(-15.0742829526525,6.5,4.79703881078215));
#5950=CARTESIAN_POINT('Ctrl Pts',(-15.0742829526525,-6.5,4.79703881078215));
#5951=CARTESIAN_POINT('Ctrl Pts',(-14.8064138862065,6.5,5.32371260507621));
#5952=CARTESIAN_POINT('Ctrl Pts',(-14.8064138862065,-6.5,5.32371260507621));
#5953=CARTESIAN_POINT('Ctrl Pts',(-14.4207678054408,6.5,6.05429380379452));
#5954=CARTESIAN_POINT('Ctrl Pts',(-14.4207678054408,-6.5,6.05429380379452));
#5955=CARTESIAN_POINT('Ctrl Pts',(-13.9578394638519,6.5,6.85184356600764));
#5956=CARTESIAN_POINT('Ctrl Pts',(-13.9578394638519,-6.5,6.85184356600764));
#5957=CARTESIAN_POINT('Ctrl Pts',(-13.3986183255387,6.5,7.70674388057605));
#5958=CARTESIAN_POINT('Ctrl Pts',(-13.3986183255387,-6.5,7.70674388057605));
#5959=CARTESIAN_POINT('Ctrl Pts',(-12.7443641187248,6.5,8.60291982555939));
#5960=CARTESIAN_POINT('Ctrl Pts',(-12.7443641187248,-6.5,8.60291982555939));
#5961=CARTESIAN_POINT('Ctrl Pts',(-12.0152069960202,6.5,9.51951861963616));
#5962=CARTESIAN_POINT('Ctrl Pts',(-12.0152069960202,-6.5,9.51951861963616));
#5963=CARTESIAN_POINT('Ctrl Pts',(-11.2416110672958,6.5,10.4345138505969));
#5964=CARTESIAN_POINT('Ctrl Pts',(-11.2416110672958,-6.5,10.4345138505969));
#5965=CARTESIAN_POINT('Ctrl Pts',(-10.4584182194418,6.5,11.3276101121521));
#5966=CARTESIAN_POINT('Ctrl Pts',(-10.4584182194418,-6.5,11.3276101121521));
#5967=CARTESIAN_POINT('Ctrl Pts',(-9.69782908589891,6.5,12.1835343066893));
#5968=CARTESIAN_POINT('Ctrl Pts',(-9.69782908589891,-6.5,12.1835343066893));
#5969=CARTESIAN_POINT('Ctrl Pts',(-8.98321709996731,6.5,12.99504583699));
#5970=CARTESIAN_POINT('Ctrl Pts',(-8.98321709996731,-6.5,12.99504583699));
#5971=CARTESIAN_POINT('Ctrl Pts',(-8.32147930079019,6.5,13.7667676518085));
#5972=CARTESIAN_POINT('Ctrl Pts',(-8.32147930079019,-6.5,13.7667676518085));
#5973=CARTESIAN_POINT('Ctrl Pts',(-7.70838334357228,6.5,14.5118265866435));
#5974=CARTESIAN_POINT('Ctrl Pts',(-7.70838334357228,-6.5,14.5118265866435));
#5975=CARTESIAN_POINT('Ctrl Pts',(-7.13506159947211,6.5,15.2478658398391));
#5976=CARTESIAN_POINT('Ctrl Pts',(-7.13506159947211,-6.5,15.2478658398391));
#5977=CARTESIAN_POINT('Ctrl Pts',(-6.59418995660424,6.5,15.9932901629285));
#5978=CARTESIAN_POINT('Ctrl Pts',(-6.59418995660424,-6.5,15.9932901629285));
#5979=CARTESIAN_POINT('Ctrl Pts',(-6.08568355407657,6.5,16.7637194254057));
#5980=CARTESIAN_POINT('Ctrl Pts',(-6.08568355407657,-6.5,16.7637194254057));
#5981=CARTESIAN_POINT('Ctrl Pts',(-5.62412538095301,6.5,17.5676455682067));
#5982=CARTESIAN_POINT('Ctrl Pts',(-5.62412538095301,-6.5,17.5676455682067));
#5983=CARTESIAN_POINT('Ctrl Pts',(-5.23384516614556,6.5,18.4077091574972));
#5984=CARTESIAN_POINT('Ctrl Pts',(-5.23384516614556,-6.5,18.4077091574972));
#5985=CARTESIAN_POINT('Ctrl Pts',(-4.9997417756503,6.5,19.1080962050794));
#5986=CARTESIAN_POINT('Ctrl Pts',(-4.9997417756503,-6.5,19.1080962050794));
#5987=CARTESIAN_POINT('Ctrl Pts',(-4.87786119658148,6.5,19.6483779010772));
#5988=CARTESIAN_POINT('Ctrl Pts',(-4.87786119658148,-6.5,19.6483779010772));
#5989=CARTESIAN_POINT('Ctrl Pts',(-4.82176129101537,6.5,20.0150459703589));
#5990=CARTESIAN_POINT('Ctrl Pts',(-4.82176129101537,-6.5,20.0150459703589));
#5991=CARTESIAN_POINT('Ctrl Pts',(-4.8,6.5,20.2000000000001));
#5992=CARTESIAN_POINT('Ctrl Pts',(-4.8,-6.5,20.2000000000001));
#5993=CARTESIAN_POINT('Ctrl Pts',(-4.77273685573799,6.5,20.4317154983308));
#5994=CARTESIAN_POINT('Ctrl Pts',(-4.77273685573799,-6.5,20.4317154983308));
#5995=CARTESIAN_POINT('Ctrl Pts',(-4.74547371147599,6.5,20.6634309966616));
#5996=CARTESIAN_POINT('Ctrl Pts',(-4.74547371147599,-6.5,20.6634309966616));
#5997=CARTESIAN_POINT('Ctrl Pts',(-4.71821056721398,6.5,20.8951464949924));
#5998=CARTESIAN_POINT('Ctrl Pts',(-4.71821056721398,-6.5,20.8951464949924));
#5999=CARTESIAN_POINT('Ctrl Pts',(-4.69094742295198,6.5,21.1268619933232));
#6000=CARTESIAN_POINT('Ctrl Pts',(-4.69094742295198,-6.5,21.1268619933232));
#6001=CARTESIAN_POINT('Ctrl Pts',(-4.66368427868997,6.5,21.358577491654));
#6002=CARTESIAN_POINT('Ctrl Pts',(-4.66368427868997,-6.5,21.358577491654));
#6003=CARTESIAN_POINT('',(-5.04844231753063,-3.25,19.0162120486176));
#6004=CARTESIAN_POINT('Ctrl Pts',(-6.06680465277075,-3.25,16.8222892894127));
#6005=CARTESIAN_POINT('Ctrl Pts',(-5.73956291874092,-3.25,17.360376700826));
#6006=CARTESIAN_POINT('Ctrl Pts',(-5.44756186563199,-3.25,17.9210260315372));
#6007=CARTESIAN_POINT('Ctrl Pts',(-5.22571695127903,-3.25,18.5));
#6008=CARTESIAN_POINT('Ctrl Pts',(-5.22281553292488,-3.25,18.5075721623079));
#6009=CARTESIAN_POINT('Ctrl Pts',(-5.21992553121658,-3.25,18.5151486195626));
#6010=CARTESIAN_POINT('Ctrl Pts',(-5.15492176993015,-3.25,18.6863402941959));
#6011=CARTESIAN_POINT('Ctrl Pts',(-5.09864044791128,-3.25,18.8506471837238));
#6012=CARTESIAN_POINT('Ctrl Pts',(-5.04844231753063,-3.25,19.0162120486176));
#6013=CARTESIAN_POINT('',(-5.04844231753064,-5.25,19.0162120486176));
#6014=CARTESIAN_POINT('Ctrl Pts',(-5.04844231753064,-3.25,19.0162120486176));
#6015=CARTESIAN_POINT('Ctrl Pts',(-5.04844231753064,-3.91666666666667,19.0162120486176));
#6016=CARTESIAN_POINT('Ctrl Pts',(-5.04844231753064,-4.58333333333333,19.0162120486176));
#6017=CARTESIAN_POINT('Ctrl Pts',(-5.04844231753064,-5.25,19.0162120486176));
#6018=CARTESIAN_POINT('',(-5.12616290344855,-6.15,18.7749172998245));
#6019=CARTESIAN_POINT('Ctrl Pts',(-5.04844231753063,-5.25,19.0162120486176));
#6020=CARTESIAN_POINT('Ctrl Pts',(-5.04844231753063,-5.56765913678214,19.0162120486176));
#6021=CARTESIAN_POINT('Ctrl Pts',(-5.07228875580411,-5.888271551443,18.9329420340164));
#6022=CARTESIAN_POINT('Ctrl Pts',(-5.12616290344855,-6.15,18.7749172998245));
#6023=CARTESIAN_POINT('',(-5.0193468330006,-6.15,19.1146943887511));
#6024=CARTESIAN_POINT('Ctrl Pts',(-5.01934683300028,-6.15,19.1146943887522));
#6025=CARTESIAN_POINT('Ctrl Pts',(-5.05217261884677,-6.15,19.0005872726339));
#6026=CARTESIAN_POINT('Ctrl Pts',(-5.0878415433152,-6.15,18.887322284659));
#6027=CARTESIAN_POINT('Ctrl Pts',(-5.12616290344855,-6.15,18.7749172998245));
#6028=CARTESIAN_POINT('',(-5.0193468330006,6.15,19.1146943887511));
#6029=CARTESIAN_POINT('Ctrl Pts',(-5.0193468330006,-6.15,19.1146943887511));
#6030=CARTESIAN_POINT('Ctrl Pts',(-5.0193468330006,-2.05,19.1146943887511));
#6031=CARTESIAN_POINT('Ctrl Pts',(-5.0193468330006,2.05,19.1146943887511));
#6032=CARTESIAN_POINT('Ctrl Pts',(-5.0193468330006,6.15,19.1146943887511));
#6033=CARTESIAN_POINT('',(-5.12616290344854,6.15,18.7749172998245));
#6034=CARTESIAN_POINT('Ctrl Pts',(-5.01934683300028,6.15,19.1146943887522));
#6035=CARTESIAN_POINT('Ctrl Pts',(-5.05217261884677,6.15,19.0005872726339));
#6036=CARTESIAN_POINT('Ctrl Pts',(-5.08784154331519,6.15,18.887322284659));
#6037=CARTESIAN_POINT('Ctrl Pts',(-5.12616290344854,6.15,18.7749172998245));
#6038=CARTESIAN_POINT('',(-5.04844231753064,5.25,19.0162120486176));
#6039=CARTESIAN_POINT('Ctrl Pts',(-5.12616290344854,6.15,18.7749172998245));
#6040=CARTESIAN_POINT('Ctrl Pts',(-5.07228875598957,5.88827155234402,18.9329420334724));
#6041=CARTESIAN_POINT('Ctrl Pts',(-5.04844231753064,5.56765912897187,19.0162120486176));
#6042=CARTESIAN_POINT('Ctrl Pts',(-5.04844231753064,5.25,19.0162120486176));
#6043=CARTESIAN_POINT('Ctrl Pts',(-5.04844231753064,5.25,19.0162120486176));
#6044=CARTESIAN_POINT('Ctrl Pts',(-5.04844231753064,4.58333333333333,19.0162120486176));
#6045=CARTESIAN_POINT('Ctrl Pts',(-5.04844231753064,3.91666666666667,19.0162120486176));
#6046=CARTESIAN_POINT('Ctrl Pts',(-5.04844231753064,3.25,19.0162120486176));
#6047=CARTESIAN_POINT('Origin',(4.35402475297451,0.467598913237453,-12.5));
#6048=CARTESIAN_POINT('',(4.35402475297451,0.467598913237453,-12.5));
#6049=CARTESIAN_POINT('',(4.35402475297451,1.23499321751297,-12.5));
#6050=CARTESIAN_POINT('',(4.35402475297451,3.30879945661873,-12.4999999999999));
#6051=CARTESIAN_POINT('',(4.35402475297451,0.467598913237453,-12.));
#6052=CARTESIAN_POINT('',(4.35402475297451,0.467598913237453,-12.5));
#6053=CARTESIAN_POINT('',(4.35402475297451,1.23499321751297,-12.));
#6054=CARTESIAN_POINT('',(4.35402475297451,0.467598913237453,-12.));
#6055=CARTESIAN_POINT('',(4.35402475297451,1.23499321751297,-12.5));
#6056=CARTESIAN_POINT('Ctrl Pts',(4.38062749803066,0.0972031336277723,-12.5));
#6057=CARTESIAN_POINT('Ctrl Pts',(4.38062749803066,0.0972031336277723,-12.));
#6058=CARTESIAN_POINT('Ctrl Pts',(4.37295990416249,0.144695880800212,-12.5));
#6059=CARTESIAN_POINT('Ctrl Pts',(4.37295990416249,0.144695880800212,-12.));
#6060=CARTESIAN_POINT('Ctrl Pts',(4.35317520585264,0.267241452575023,-12.5));
#6061=CARTESIAN_POINT('Ctrl Pts',(4.35317520585264,0.267241452575023,-12.));
#6062=CARTESIAN_POINT('Ctrl Pts',(4.35370207368005,0.391498126851666,-12.5));
#6063=CARTESIAN_POINT('Ctrl Pts',(4.35370207368005,0.391498126851666,-12.));
#6064=CARTESIAN_POINT('Ctrl Pts',(4.35402475297451,0.467598913237453,-12.5));
#6065=CARTESIAN_POINT('Ctrl Pts',(4.35402475297451,0.467598913237453,-12.));
#6066=CARTESIAN_POINT('',(4.38062749803066,0.0972031336277723,-12.5));
#6067=CARTESIAN_POINT('Ctrl Pts',(4.38062749803066,0.0972031336277723,-12.5));
#6068=CARTESIAN_POINT('Ctrl Pts',(4.37295990416249,0.144695880800212,-12.5));
#6069=CARTESIAN_POINT('Ctrl Pts',(4.35317520585264,0.267241452575023,-12.5));
#6070=CARTESIAN_POINT('Ctrl Pts',(4.35370207368005,0.391498126851666,-12.5));
#6071=CARTESIAN_POINT('Ctrl Pts',(4.35402475297451,0.467598913237453,-12.5));
#6072=CARTESIAN_POINT('',(4.38062749803066,0.0972031336277723,-12.));
#6073=CARTESIAN_POINT('',(4.38062749803066,0.0972031336277723,-12.5));
#6074=CARTESIAN_POINT('Ctrl Pts',(4.38062749803066,0.0972031336277723,-12.));
#6075=CARTESIAN_POINT('Ctrl Pts',(4.37295990416249,0.144695880800212,-12.));
#6076=CARTESIAN_POINT('Ctrl Pts',(4.35317520585264,0.267241452575023,-12.));
#6077=CARTESIAN_POINT('Ctrl Pts',(4.35370207368005,0.391498126851666,-12.));
#6078=CARTESIAN_POINT('Ctrl Pts',(4.35402475297451,0.467598913237453,-12.));
#6079=CARTESIAN_POINT('Ctrl Pts',(4.5576398819685,-0.153479101136327,-12.5));
#6080=CARTESIAN_POINT('Ctrl Pts',(4.5576398819685,-0.153479101136327,-12.));
#6081=CARTESIAN_POINT('Ctrl Pts',(4.5167917346072,-0.119377576800713,-12.5));
#6082=CARTESIAN_POINT('Ctrl Pts',(4.5167917346072,-0.119377576800713,-12.));
#6083=CARTESIAN_POINT('Ctrl Pts',(4.43550792635844,-0.0515188868932204,
-12.5));
#6084=CARTESIAN_POINT('Ctrl Pts',(4.43550792635844,-0.0515188868932204,
-12.));
#6085=CARTESIAN_POINT('Ctrl Pts',(4.39885898067652,0.0477971246223097,-12.5));
#6086=CARTESIAN_POINT('Ctrl Pts',(4.39885898067652,0.0477971246223097,-12.));
#6087=CARTESIAN_POINT('Ctrl Pts',(4.38062749803066,0.0972031336277723,-12.5));
#6088=CARTESIAN_POINT('Ctrl Pts',(4.38062749803066,0.0972031336277723,-12.));
#6089=CARTESIAN_POINT('',(4.5576398819685,-0.153479101136327,-12.5));
#6090=CARTESIAN_POINT('Ctrl Pts',(4.5576398819685,-0.153479101136327,-12.5));
#6091=CARTESIAN_POINT('Ctrl Pts',(4.5167917346072,-0.119377576800713,-12.5));
#6092=CARTESIAN_POINT('Ctrl Pts',(4.43550792635844,-0.0515188868932204,
-12.5));
#6093=CARTESIAN_POINT('Ctrl Pts',(4.39885898067652,0.0477971246223097,-12.5));
#6094=CARTESIAN_POINT('Ctrl Pts',(4.38062749803066,0.0972031336277723,-12.5));
#6095=CARTESIAN_POINT('',(4.5576398819685,-0.153479101136327,-12.));
#6096=CARTESIAN_POINT('',(4.5576398819685,-0.153479101136327,-12.5));
#6097=CARTESIAN_POINT('Ctrl Pts',(4.5576398819685,-0.153479101136327,-12.));
#6098=CARTESIAN_POINT('Ctrl Pts',(4.5167917346072,-0.119377576800713,-12.));
#6099=CARTESIAN_POINT('Ctrl Pts',(4.43550792635844,-0.0515188868932204,
-12.));
#6100=CARTESIAN_POINT('Ctrl Pts',(4.39885898067652,0.0477971246223097,-12.));
#6101=CARTESIAN_POINT('Ctrl Pts',(4.38062749803066,0.0972031336277723,-12.));
#6102=CARTESIAN_POINT('Ctrl Pts',(4.8799454420805,-0.248635532334447,-12.5));
#6103=CARTESIAN_POINT('Ctrl Pts',(4.8799454420805,-0.248635532334447,-12.));
#6104=CARTESIAN_POINT('Ctrl Pts',(4.82032940550403,-0.245280135989012,-12.5));
#6105=CARTESIAN_POINT('Ctrl Pts',(4.82032940550403,-0.245280135989012,-12.));
#6106=CARTESIAN_POINT('Ctrl Pts',(4.70528253521953,-0.238804900963765,-12.5));
#6107=CARTESIAN_POINT('Ctrl Pts',(4.70528253521953,-0.238804900963765,-12.));
#6108=CARTESIAN_POINT('Ctrl Pts',(4.60564589782222,-0.181222789081861,-12.5));
#6109=CARTESIAN_POINT('Ctrl Pts',(4.60564589782222,-0.181222789081861,-12.));
#6110=CARTESIAN_POINT('Ctrl Pts',(4.5576398819685,-0.153479101136327,-12.5));
#6111=CARTESIAN_POINT('Ctrl Pts',(4.5576398819685,-0.153479101136327,-12.));
#6112=CARTESIAN_POINT('',(4.8799454420805,-0.248635532334447,-12.5));
#6113=CARTESIAN_POINT('Ctrl Pts',(4.8799454420805,-0.248635532334447,-12.5));
#6114=CARTESIAN_POINT('Ctrl Pts',(4.82032940550403,-0.245280135989012,-12.5));
#6115=CARTESIAN_POINT('Ctrl Pts',(4.70528253521953,-0.238804900963765,-12.5));
#6116=CARTESIAN_POINT('Ctrl Pts',(4.60564589782222,-0.181222789081861,-12.5));
#6117=CARTESIAN_POINT('Ctrl Pts',(4.5576398819685,-0.153479101136327,-12.5));
#6118=CARTESIAN_POINT('',(4.8799454420805,-0.248635532334447,-12.));
#6119=CARTESIAN_POINT('',(4.8799454420805,-0.248635532334447,-12.5));
#6120=CARTESIAN_POINT('Ctrl Pts',(4.8799454420805,-0.248635532334447,-12.));
#6121=CARTESIAN_POINT('Ctrl Pts',(4.82032940550403,-0.245280135989012,-12.));
#6122=CARTESIAN_POINT('Ctrl Pts',(4.70528253521953,-0.238804900963765,-12.));
#6123=CARTESIAN_POINT('Ctrl Pts',(4.60564589782222,-0.181222789081861,-12.));
#6124=CARTESIAN_POINT('Ctrl Pts',(4.5576398819685,-0.153479101136327,-12.));
#6125=CARTESIAN_POINT('Ctrl Pts',(5.2830832451582,-0.0869710464030504,-12.5));
#6126=CARTESIAN_POINT('Ctrl Pts',(5.2830832451582,-0.0869710464030504,-12.));
#6127=CARTESIAN_POINT('Ctrl Pts',(5.22839296656125,-0.134087596492916,-12.5));
#6128=CARTESIAN_POINT('Ctrl Pts',(5.22839296656125,-0.134087596492916,-12.));
#6129=CARTESIAN_POINT('Ctrl Pts',(5.11292283464875,-0.233566962729719,-12.5));
#6130=CARTESIAN_POINT('Ctrl Pts',(5.11292283464875,-0.233566962729719,-12.));
#6131=CARTESIAN_POINT('Ctrl Pts',(4.96028775659369,-0.24343913218119,-12.5));
#6132=CARTESIAN_POINT('Ctrl Pts',(4.96028775659369,-0.24343913218119,-12.));
#6133=CARTESIAN_POINT('Ctrl Pts',(4.8799454420805,-0.248635532334447,-12.5));
#6134=CARTESIAN_POINT('Ctrl Pts',(4.8799454420805,-0.248635532334447,-12.));
#6135=CARTESIAN_POINT('',(5.2830832451582,-0.0869710464030504,-12.5));
#6136=CARTESIAN_POINT('Ctrl Pts',(5.2830832451582,-0.0869710464030504,-12.5));
#6137=CARTESIAN_POINT('Ctrl Pts',(5.22839296656125,-0.134087596492916,-12.5));
#6138=CARTESIAN_POINT('Ctrl Pts',(5.11292283464875,-0.233566962729719,-12.5));
#6139=CARTESIAN_POINT('Ctrl Pts',(4.96028775659369,-0.24343913218119,-12.5));
#6140=CARTESIAN_POINT('Ctrl Pts',(4.8799454420805,-0.248635532334447,-12.5));
#6141=CARTESIAN_POINT('',(5.2830832451582,-0.0869710464030504,-12.));
#6142=CARTESIAN_POINT('',(5.2830832451582,-0.0869710464030504,-12.5));
#6143=CARTESIAN_POINT('Ctrl Pts',(5.2830832451582,-0.0869710464030504,-12.));
#6144=CARTESIAN_POINT('Ctrl Pts',(5.22839296656125,-0.134087596492916,-12.));
#6145=CARTESIAN_POINT('Ctrl Pts',(5.11292283464875,-0.233566962729719,-12.));
#6146=CARTESIAN_POINT('Ctrl Pts',(4.96028775659369,-0.24343913218119,-12.));
#6147=CARTESIAN_POINT('Ctrl Pts',(4.8799454420805,-0.248635532334447,-12.));
#6148=CARTESIAN_POINT('Ctrl Pts',(5.42633019387722,0.459413109347224,-12.5));
#6149=CARTESIAN_POINT('Ctrl Pts',(5.42633019387722,0.459413109347224,-12.));
#6150=CARTESIAN_POINT('Ctrl Pts',(5.42504681986603,0.346655022334728,-12.5));
#6151=CARTESIAN_POINT('Ctrl Pts',(5.42504681986603,0.346655022334728,-12.));
#6152=CARTESIAN_POINT('Ctrl Pts',(5.42282283520486,0.15125426327938,-12.5));
#6153=CARTESIAN_POINT('Ctrl Pts',(5.42282283520486,0.15125426327938,-12.));
#6154=CARTESIAN_POINT('Ctrl Pts',(5.32461795455958,-0.0161634892432527,
-12.5));
#6155=CARTESIAN_POINT('Ctrl Pts',(5.32461795455958,-0.0161634892432527,
-12.));
#6156=CARTESIAN_POINT('Ctrl Pts',(5.2830832451582,-0.0869710464030504,-12.5));
#6157=CARTESIAN_POINT('Ctrl Pts',(5.2830832451582,-0.0869710464030504,-12.));
#6158=CARTESIAN_POINT('',(5.42633019387722,0.459413109347224,-12.5));
#6159=CARTESIAN_POINT('Ctrl Pts',(5.42633019387722,0.459413109347224,-12.5));
#6160=CARTESIAN_POINT('Ctrl Pts',(5.42504681986603,0.346655022334728,-12.5));
#6161=CARTESIAN_POINT('Ctrl Pts',(5.42282283520486,0.15125426327938,-12.5));
#6162=CARTESIAN_POINT('Ctrl Pts',(5.32461795455958,-0.0161634892432527,
-12.5));
#6163=CARTESIAN_POINT('Ctrl Pts',(5.2830832451582,-0.0869710464030504,-12.5));
#6164=CARTESIAN_POINT('',(5.42633019387722,0.459413109347224,-12.));
#6165=CARTESIAN_POINT('',(5.42633019387722,0.459413109347224,-12.5));
#6166=CARTESIAN_POINT('Ctrl Pts',(5.42633019387722,0.459413109347224,-12.));
#6167=CARTESIAN_POINT('Ctrl Pts',(5.42504681986603,0.346655022334728,-12.));
#6168=CARTESIAN_POINT('Ctrl Pts',(5.42282283520486,0.15125426327938,-12.));
#6169=CARTESIAN_POINT('Ctrl Pts',(5.32461795455958,-0.0161634892432527,
-12.));
#6170=CARTESIAN_POINT('Ctrl Pts',(5.2830832451582,-0.0869710464030504,-12.));
#6171=CARTESIAN_POINT('Origin',(5.42633019387722,1.23499321751297,-12.5));
#6172=CARTESIAN_POINT('',(5.42633019387722,1.23499321751297,-12.5));
#6173=CARTESIAN_POINT('',(5.42633019387722,3.69249660875648,-12.4999999999999));
#6174=CARTESIAN_POINT('',(5.42633019387722,1.23499321751297,-12.));
#6175=CARTESIAN_POINT('',(5.42633019387722,1.23499321751297,-12.5));
#6176=CARTESIAN_POINT('',(5.42633019387722,1.23499321751297,-12.));
#6177=CARTESIAN_POINT('Origin',(4.35402475297451,1.23499321751297,-12.5));
#6178=CARTESIAN_POINT('',(-0.222987623512745,1.23499321751297,-12.4999999999999));
#6179=CARTESIAN_POINT('',(4.35402475297451,1.23499321751297,-12.));
#6180=CARTESIAN_POINT('Origin',(5.78035496175289,1.23499321751297,-12.5));
#6181=CARTESIAN_POINT('',(5.78035496175289,1.23499321751297,-12.5));
#6182=CARTESIAN_POINT('',(7.00000010430813,1.23499321751297,-12.5));
#6183=CARTESIAN_POINT('',(0.490177480876446,1.23499321751297,-12.4999999999999));
#6184=CARTESIAN_POINT('',(5.78035496175289,1.23499321751297,-12.));
#6185=CARTESIAN_POINT('',(5.78035496175289,1.23499321751297,-12.5));
#6186=CARTESIAN_POINT('',(7.00000010430813,1.23499321751297,-12.));
#6187=CARTESIAN_POINT('',(5.78035496175289,1.23499321751297,-12.));
#6188=CARTESIAN_POINT('',(7.00000010430813,1.23499321751297,-12.5));
#6189=CARTESIAN_POINT('Origin',(5.78035496175289,0.465552387759089,-12.5));
#6190=CARTESIAN_POINT('',(5.78035496175289,0.465552387759089,-12.5));
#6191=CARTESIAN_POINT('',(5.78035496175289,3.30777619387955,-12.4999999999999));
#6192=CARTESIAN_POINT('',(5.78035496175289,0.465552387759089,-12.));
#6193=CARTESIAN_POINT('',(5.78035496175289,0.465552387759089,-12.5));
#6194=CARTESIAN_POINT('',(5.78035496175289,0.465552387759089,-12.));
#6195=CARTESIAN_POINT('Ctrl Pts',(5.51534794270992,-0.414393069222569,-12.5));
#6196=CARTESIAN_POINT('Ctrl Pts',(5.51534794270992,-0.414393069222569,-12.));
#6197=CARTESIAN_POINT('Ctrl Pts',(5.59217286347736,-0.304035673684946,-12.5));
#6198=CARTESIAN_POINT('Ctrl Pts',(5.59217286347736,-0.304035673684946,-12.));
#6199=CARTESIAN_POINT('Ctrl Pts',(5.77437304471453,-0.0423089154018252,
-12.5));
#6200=CARTESIAN_POINT('Ctrl Pts',(5.77437304471453,-0.0423089154018252,
-12.));
#6201=CARTESIAN_POINT('Ctrl Pts',(5.77816302887335,0.279458551701886,-12.5));
#6202=CARTESIAN_POINT('Ctrl Pts',(5.77816302887335,0.279458551701886,-12.));
#6203=CARTESIAN_POINT('Ctrl Pts',(5.78035496175289,0.465552387759089,-12.5));
#6204=CARTESIAN_POINT('Ctrl Pts',(5.78035496175289,0.465552387759089,-12.));
#6205=CARTESIAN_POINT('',(5.51534794270992,-0.414393069222569,-12.5));
#6206=CARTESIAN_POINT('Ctrl Pts',(5.51534794270992,-0.414393069222569,-12.5));
#6207=CARTESIAN_POINT('Ctrl Pts',(5.59217286347736,-0.304035673684946,-12.5));
#6208=CARTESIAN_POINT('Ctrl Pts',(5.77437304471453,-0.0423089154018252,
-12.5));
#6209=CARTESIAN_POINT('Ctrl Pts',(5.77816302887335,0.279458551701886,-12.5));
#6210=CARTESIAN_POINT('Ctrl Pts',(5.78035496175289,0.465552387759089,-12.5));
#6211=CARTESIAN_POINT('',(5.51534794270992,-0.414393069222569,-12.));
#6212=CARTESIAN_POINT('',(5.51534794270992,-0.414393069222569,-12.5));
#6213=CARTESIAN_POINT('Ctrl Pts',(5.51534794270992,-0.414393069222569,-12.));
#6214=CARTESIAN_POINT('Ctrl Pts',(5.59217286347736,-0.304035673684946,-12.));
#6215=CARTESIAN_POINT('Ctrl Pts',(5.77437304471453,-0.0423089154018252,
-12.));
#6216=CARTESIAN_POINT('Ctrl Pts',(5.77816302887335,0.279458551701886,-12.));
#6217=CARTESIAN_POINT('Ctrl Pts',(5.78035496175289,0.465552387759089,-12.));
#6218=CARTESIAN_POINT('Ctrl Pts',(4.86766718327999,-0.657913209870458,-12.5));
#6219=CARTESIAN_POINT('Ctrl Pts',(4.86766718327999,-0.657913209870458,-12.));
#6220=CARTESIAN_POINT('Ctrl Pts',(4.98954199939429,-0.64847488242078,-12.5));
#6221=CARTESIAN_POINT('Ctrl Pts',(4.98954199939429,-0.64847488242078,-12.));
#6222=CARTESIAN_POINT('Ctrl Pts',(5.22921412975833,-0.629914000697549,-12.5));
#6223=CARTESIAN_POINT('Ctrl Pts',(5.22921412975833,-0.629914000697549,-12.));
#6224=CARTESIAN_POINT('Ctrl Pts',(5.42105794061435,-0.485413927857873,-12.5));
#6225=CARTESIAN_POINT('Ctrl Pts',(5.42105794061435,-0.485413927857873,-12.));
#6226=CARTESIAN_POINT('Ctrl Pts',(5.51534794270992,-0.414393069222569,-12.5));
#6227=CARTESIAN_POINT('Ctrl Pts',(5.51534794270992,-0.414393069222569,-12.));
#6228=CARTESIAN_POINT('',(4.86766718327999,-0.657913209870458,-12.5));
#6229=CARTESIAN_POINT('Ctrl Pts',(4.86766718327999,-0.657913209870458,-12.5));
#6230=CARTESIAN_POINT('Ctrl Pts',(4.98954199939429,-0.64847488242078,-12.5));
#6231=CARTESIAN_POINT('Ctrl Pts',(5.22921412975833,-0.629914000697549,-12.5));
#6232=CARTESIAN_POINT('Ctrl Pts',(5.42105794061435,-0.485413927857873,-12.5));
#6233=CARTESIAN_POINT('Ctrl Pts',(5.51534794270992,-0.414393069222569,-12.5));
#6234=CARTESIAN_POINT('',(4.86766718327999,-0.657913209870458,-12.));
#6235=CARTESIAN_POINT('',(4.86766718327999,-0.657913209870458,-12.5));
#6236=CARTESIAN_POINT('Ctrl Pts',(4.86766718327999,-0.657913209870458,-12.));
#6237=CARTESIAN_POINT('Ctrl Pts',(4.98954199939429,-0.64847488242078,-12.));
#6238=CARTESIAN_POINT('Ctrl Pts',(5.22921412975833,-0.629914000697549,-12.));
#6239=CARTESIAN_POINT('Ctrl Pts',(5.42105794061435,-0.485413927857873,-12.));
#6240=CARTESIAN_POINT('Ctrl Pts',(5.51534794270992,-0.414393069222569,-12.));
#6241=CARTESIAN_POINT('Ctrl Pts',(4.45839010179043,-0.56684804148972,-12.5));
#6242=CARTESIAN_POINT('Ctrl Pts',(4.45839010179043,-0.56684804148972,-12.));
#6243=CARTESIAN_POINT('Ctrl Pts',(4.52268100024302,-0.593405869654333,-12.5));
#6244=CARTESIAN_POINT('Ctrl Pts',(4.52268100024302,-0.593405869654333,-12.));
#6245=CARTESIAN_POINT('Ctrl Pts',(4.65375808575274,-0.647552300907771,-12.5));
#6246=CARTESIAN_POINT('Ctrl Pts',(4.65375808575274,-0.647552300907771,-12.));
#6247=CARTESIAN_POINT('Ctrl Pts',(4.79546493566049,-0.654416019133203,-12.5));
#6248=CARTESIAN_POINT('Ctrl Pts',(4.79546493566049,-0.654416019133203,-12.));
#6249=CARTESIAN_POINT('Ctrl Pts',(4.86766718327999,-0.657913209870458,-12.5));
#6250=CARTESIAN_POINT('Ctrl Pts',(4.86766718327999,-0.657913209870458,-12.));
#6251=CARTESIAN_POINT('',(4.45839010179043,-0.56684804148972,-12.5));
#6252=CARTESIAN_POINT('Ctrl Pts',(4.45839010179043,-0.56684804148972,-12.5));
#6253=CARTESIAN_POINT('Ctrl Pts',(4.52268100024302,-0.593405869654333,-12.5));
#6254=CARTESIAN_POINT('Ctrl Pts',(4.65375808575274,-0.647552300907771,-12.5));
#6255=CARTESIAN_POINT('Ctrl Pts',(4.79546493566049,-0.654416019133203,-12.5));
#6256=CARTESIAN_POINT('Ctrl Pts',(4.86766718327999,-0.657913209870458,-12.5));
#6257=CARTESIAN_POINT('',(4.45839010179043,-0.56684804148972,-12.));
#6258=CARTESIAN_POINT('',(4.45839010179043,-0.56684804148972,-12.5));
#6259=CARTESIAN_POINT('Ctrl Pts',(4.45839010179043,-0.56684804148972,-12.));
#6260=CARTESIAN_POINT('Ctrl Pts',(4.52268100024302,-0.593405869654333,-12.));
#6261=CARTESIAN_POINT('Ctrl Pts',(4.65375808575274,-0.647552300907771,-12.));
#6262=CARTESIAN_POINT('Ctrl Pts',(4.79546493566049,-0.654416019133203,-12.));
#6263=CARTESIAN_POINT('Ctrl Pts',(4.86766718327999,-0.657913209870458,-12.));
#6264=CARTESIAN_POINT('Ctrl Pts',(4.16882686316967,-0.326398136094213,-12.5));
#6265=CARTESIAN_POINT('Ctrl Pts',(4.16882686316967,-0.326398136094213,-12.));
#6266=CARTESIAN_POINT('Ctrl Pts',(4.20773816984162,-0.374248038399346,-12.5));
#6267=CARTESIAN_POINT('Ctrl Pts',(4.20773816984162,-0.374248038399346,-12.));
#6268=CARTESIAN_POINT('Ctrl Pts',(4.28835180954192,-0.47338001606949,-12.5));
#6269=CARTESIAN_POINT('Ctrl Pts',(4.28835180954192,-0.47338001606949,-12.));
#6270=CARTESIAN_POINT('Ctrl Pts',(4.40041735029501,-0.534981109995634,-12.5));
#6271=CARTESIAN_POINT('Ctrl Pts',(4.40041735029501,-0.534981109995634,-12.));
#6272=CARTESIAN_POINT('Ctrl Pts',(4.45839010179043,-0.56684804148972,-12.5));
#6273=CARTESIAN_POINT('Ctrl Pts',(4.45839010179043,-0.56684804148972,-12.));
#6274=CARTESIAN_POINT('',(4.16882686316967,-0.326398136094213,-12.5));
#6275=CARTESIAN_POINT('Ctrl Pts',(4.16882686316967,-0.326398136094213,-12.5));
#6276=CARTESIAN_POINT('Ctrl Pts',(4.20773816984162,-0.374248038399346,-12.5));
#6277=CARTESIAN_POINT('Ctrl Pts',(4.28835180954192,-0.47338001606949,-12.5));
#6278=CARTESIAN_POINT('Ctrl Pts',(4.40041735029501,-0.534981109995634,-12.5));
#6279=CARTESIAN_POINT('Ctrl Pts',(4.45839010179043,-0.56684804148972,-12.5));
#6280=CARTESIAN_POINT('',(4.16882686316967,-0.326398136094213,-12.));
#6281=CARTESIAN_POINT('',(4.16882686316967,-0.326398136094213,-12.5));
#6282=CARTESIAN_POINT('Ctrl Pts',(4.16882686316967,-0.326398136094213,-12.));
#6283=CARTESIAN_POINT('Ctrl Pts',(4.20773816984162,-0.374248038399346,-12.));
#6284=CARTESIAN_POINT('Ctrl Pts',(4.28835180954192,-0.47338001606949,-12.));
#6285=CARTESIAN_POINT('Ctrl Pts',(4.40041735029501,-0.534981109995634,-12.));
#6286=CARTESIAN_POINT('Ctrl Pts',(4.45839010179043,-0.56684804148972,-12.));
#6287=CARTESIAN_POINT('Ctrl Pts',(4.02864955365658,0.0439970474690199,-12.5));
#6288=CARTESIAN_POINT('Ctrl Pts',(4.02864955365658,0.0439970474690199,-12.));
#6289=CARTESIAN_POINT('Ctrl Pts',(4.04267595834667,-0.0251661365675071,
-12.5));
#6290=CARTESIAN_POINT('Ctrl Pts',(4.04267595834667,-0.0251661365675071,
-12.));
#6291=CARTESIAN_POINT('Ctrl Pts',(4.06928679242856,-0.156382229047078,-12.5));
#6292=CARTESIAN_POINT('Ctrl Pts',(4.06928679242856,-0.156382229047078,-12.));
#6293=CARTESIAN_POINT('Ctrl Pts',(4.13686751704263,-0.271811102149326,-12.5));
#6294=CARTESIAN_POINT('Ctrl Pts',(4.13686751704263,-0.271811102149326,-12.));
#6295=CARTESIAN_POINT('Ctrl Pts',(4.16882686316967,-0.326398136094213,-12.5));
#6296=CARTESIAN_POINT('Ctrl Pts',(4.16882686316967,-0.326398136094213,-12.));
#6297=CARTESIAN_POINT('',(4.02864955365658,0.0439970474690199,-12.5));
#6298=CARTESIAN_POINT('Ctrl Pts',(4.02864955365658,0.0439970474690199,-12.5));
#6299=CARTESIAN_POINT('Ctrl Pts',(4.04267595834667,-0.0251661365675071,
-12.5));
#6300=CARTESIAN_POINT('Ctrl Pts',(4.06928679242856,-0.156382229047078,-12.5));
#6301=CARTESIAN_POINT('Ctrl Pts',(4.13686751704263,-0.271811102149326,-12.5));
#6302=CARTESIAN_POINT('Ctrl Pts',(4.16882686316967,-0.326398136094213,-12.5));
#6303=CARTESIAN_POINT('',(4.02864955365658,0.0439970474690199,-12.));
#6304=CARTESIAN_POINT('',(4.02864955365658,0.0439970474690199,-12.5));
#6305=CARTESIAN_POINT('Ctrl Pts',(4.02864955365658,0.0439970474690199,-12.));
#6306=CARTESIAN_POINT('Ctrl Pts',(4.04267595834667,-0.0251661365675071,
-12.));
#6307=CARTESIAN_POINT('Ctrl Pts',(4.06928679242856,-0.156382229047078,-12.));
#6308=CARTESIAN_POINT('Ctrl Pts',(4.13686751704263,-0.271811102149326,-12.));
#6309=CARTESIAN_POINT('Ctrl Pts',(4.16882686316967,-0.326398136094213,-12.));
#6310=CARTESIAN_POINT('Ctrl Pts',(3.99999998509884,0.50034093670547,-12.5));
#6311=CARTESIAN_POINT('Ctrl Pts',(3.99999998509884,0.50034093670547,-12.));
#6312=CARTESIAN_POINT('Ctrl Pts',(4.00027371973662,0.412370755608495,-12.5));
#6313=CARTESIAN_POINT('Ctrl Pts',(4.00027371973662,0.412370755608495,-12.));
#6314=CARTESIAN_POINT('Ctrl Pts',(4.00074900432857,0.259628406427929,-12.5));
#6315=CARTESIAN_POINT('Ctrl Pts',(4.00074900432857,0.259628406427929,-12.));
#6316=CARTESIAN_POINT('Ctrl Pts',(4.02034123891314,0.10820844265428,-12.5));
#6317=CARTESIAN_POINT('Ctrl Pts',(4.02034123891314,0.10820844265428,-12.));
#6318=CARTESIAN_POINT('Ctrl Pts',(4.02864955365658,0.0439970474690199,-12.5));
#6319=CARTESIAN_POINT('Ctrl Pts',(4.02864955365658,0.0439970474690199,-12.));
#6320=CARTESIAN_POINT('',(3.99999998509884,0.50034093670547,-12.5));
#6321=CARTESIAN_POINT('Ctrl Pts',(3.99999998509884,0.50034093670547,-12.5));
#6322=CARTESIAN_POINT('Ctrl Pts',(4.00027371973662,0.412370755608495,-12.5));
#6323=CARTESIAN_POINT('Ctrl Pts',(4.00074900432857,0.259628406427929,-12.5));
#6324=CARTESIAN_POINT('Ctrl Pts',(4.02034123891314,0.10820844265428,-12.5));
#6325=CARTESIAN_POINT('Ctrl Pts',(4.02864955365658,0.0439970474690199,-12.5));
#6326=CARTESIAN_POINT('',(3.99999998509884,0.50034093670547,-12.));
#6327=CARTESIAN_POINT('',(3.99999998509884,0.50034093670547,-12.5));
#6328=CARTESIAN_POINT('Ctrl Pts',(3.99999998509884,0.50034093670547,-12.));
#6329=CARTESIAN_POINT('Ctrl Pts',(4.00027371973662,0.412370755608495,-12.));
#6330=CARTESIAN_POINT('Ctrl Pts',(4.00074900432857,0.259628406427929,-12.));
#6331=CARTESIAN_POINT('Ctrl Pts',(4.02034123891314,0.10820844265428,-12.));
#6332=CARTESIAN_POINT('Ctrl Pts',(4.02864955365658,0.0439970474690199,-12.));
#6333=CARTESIAN_POINT('Origin',(3.99999998509884,1.6319917421788,-12.5));
#6334=CARTESIAN_POINT('',(3.99999998509884,1.6319917421788,-12.5));
#6335=CARTESIAN_POINT('',(3.99999998509884,3.8909958710894,-12.4999999999999));
#6336=CARTESIAN_POINT('',(3.99999998509884,1.6319917421788,-12.));
#6337=CARTESIAN_POINT('',(3.99999998509884,1.6319917421788,-12.5));
#6338=CARTESIAN_POINT('',(3.99999998509884,1.6319917421788,-12.));
#6339=CARTESIAN_POINT('Origin',(7.00000010430813,1.6319917421788,-12.5));
#6340=CARTESIAN_POINT('',(7.00000010430813,1.6319917421788,-12.5));
#6341=CARTESIAN_POINT('',(1.10000005215406,1.6319917421788,-12.4999999999999));
#6342=CARTESIAN_POINT('',(7.00000010430813,1.6319917421788,-12.));
#6343=CARTESIAN_POINT('',(7.00000010430813,1.6319917421788,-12.5));
#6344=CARTESIAN_POINT('',(7.00000010430813,1.6319917421788,-12.));
#6345=CARTESIAN_POINT('Origin',(7.00000010430813,1.23499321751297,-12.5));
#6346=CARTESIAN_POINT('',(7.00000010430813,3.69249660875648,-12.4999999999999));
#6347=CARTESIAN_POINT('',(7.00000010430813,1.23499321751297,-12.));
#6348=CARTESIAN_POINT('Origin',(5.50000004470348,-4.56348061561584E-7,-12.));
#6349=CARTESIAN_POINT('Origin',(5.72919510304928,-2.10470748133957,-12.5));
#6350=CARTESIAN_POINT('',(5.72919510304928,-2.10470748133957,-12.5));
#6351=CARTESIAN_POINT('',(6.09959088265896,-2.10470748133957,-12.5));
#6352=CARTESIAN_POINT('',(0.464597551524639,-2.10470748133957,-12.4999999999999));
#6353=CARTESIAN_POINT('',(5.72919510304928,-2.10470748133957,-12.));
#6354=CARTESIAN_POINT('',(5.72919510304928,-2.10470748133957,-12.5));
#6355=CARTESIAN_POINT('',(6.09959088265896,-2.10470748133957,-12.));
#6356=CARTESIAN_POINT('',(5.72919510304928,-2.10470748133957,-12.));
#6357=CARTESIAN_POINT('',(6.09959088265896,-2.10470748133957,-12.5));
#6358=CARTESIAN_POINT('Origin',(5.72919510304928,-0.973056079819798,-12.5));
#6359=CARTESIAN_POINT('',(5.72919510304928,-0.973056079819798,-12.5));
#6360=CARTESIAN_POINT('',(5.72919510304928,2.5884719600901,-12.4999999999999));
#6361=CARTESIAN_POINT('',(5.72919510304928,-0.973056079819798,-12.));
#6362=CARTESIAN_POINT('',(5.72919510304928,-0.973056079819798,-12.5));
#6363=CARTESIAN_POINT('',(5.72919510304928,-0.973056079819798,-12.));
#6364=CARTESIAN_POINT('Origin',(6.09959088265896,-0.973056079819798,-12.5));
#6365=CARTESIAN_POINT('',(6.09959088265896,-0.973056079819798,-12.5));
#6366=CARTESIAN_POINT('',(0.649795441329479,-0.973056079819798,-12.4999999999999));
#6367=CARTESIAN_POINT('',(6.09959088265896,-0.973056079819798,-12.));
#6368=CARTESIAN_POINT('',(6.09959088265896,-0.973056079819798,-12.5));
#6369=CARTESIAN_POINT('',(6.09959088265896,-0.973056079819798,-12.));
#6370=CARTESIAN_POINT('Origin',(6.09959088265896,-2.10470748133957,-12.5));
#6371=CARTESIAN_POINT('',(6.09959088265896,2.02264625933021,-12.4999999999999));
#6372=CARTESIAN_POINT('',(6.09959088265896,-2.10470748133957,-12.));
#6373=CARTESIAN_POINT('Origin',(5.50000004470348,-4.56348061561584E-7,-12.));
#6374=CARTESIAN_POINT('Origin',(6.64597563445568,-4.41712212748826,-12.5));
#6375=CARTESIAN_POINT('',(6.64597563445568,-4.41712212748826,-12.5));
#6376=CARTESIAN_POINT('',(7.00000010430813,-4.41712212748826,-12.5));
#6377=CARTESIAN_POINT('',(0.92298781722784,-4.41712212748826,-12.4999999999999));
#6378=CARTESIAN_POINT('',(6.64597563445568,-4.41712212748826,-12.));
#6379=CARTESIAN_POINT('',(6.64597563445568,-4.41712212748826,-12.5));
#6380=CARTESIAN_POINT('',(7.00000010430813,-4.41712212748826,-12.));
#6381=CARTESIAN_POINT('',(6.64597563445568,-4.41712212748826,-12.));
#6382=CARTESIAN_POINT('',(7.00000010430813,-4.41712212748826,-12.5));
#6383=CARTESIAN_POINT('Origin',(6.64597563445568,-2.93963265605271,-12.5));
#6384=CARTESIAN_POINT('',(6.64597563445568,-2.93963265605271,-12.5));
#6385=CARTESIAN_POINT('',(6.64597563445568,1.60518367197365,-12.4999999999999));
#6386=CARTESIAN_POINT('',(6.64597563445568,-2.93963265605271,-12.));
#6387=CARTESIAN_POINT('',(6.64597563445568,-2.93963265605271,-12.5));
#6388=CARTESIAN_POINT('',(6.64597563445568,-2.93963265605271,-12.));
#6389=CARTESIAN_POINT('Origin',(3.99999998509884,-2.93963265605271,-12.5));
#6390=CARTESIAN_POINT('',(3.99999998509884,-2.93963265605271,-12.5));
#6391=CARTESIAN_POINT('',(-0.400000007450581,-2.93963265605271,-12.4999999999999));
#6392=CARTESIAN_POINT('',(3.99999998509884,-2.93963265605271,-12.));
#6393=CARTESIAN_POINT('',(3.99999998509884,-2.93963265605271,-12.5));
#6394=CARTESIAN_POINT('',(3.99999998509884,-2.93963265605271,-12.));
#6395=CARTESIAN_POINT('Origin',(3.99999998509884,-2.54263353534043,-12.5));
#6396=CARTESIAN_POINT('',(3.99999998509884,-2.54263353534043,-12.5));
#6397=CARTESIAN_POINT('',(3.99999998509884,1.80368323232979,-12.4999999999999));
#6398=CARTESIAN_POINT('',(3.99999998509884,-2.54263353534043,-12.));
#6399=CARTESIAN_POINT('',(3.99999998509884,-2.54263353534043,-12.5));
#6400=CARTESIAN_POINT('',(3.99999998509884,-2.54263353534043,-12.));
#6401=CARTESIAN_POINT('Origin',(7.00000010430813,-2.54263353534043,-12.5));
#6402=CARTESIAN_POINT('',(7.00000010430813,-2.54263353534043,-12.5));
#6403=CARTESIAN_POINT('',(1.10000005215406,-2.54263353534043,-12.4999999999999));
#6404=CARTESIAN_POINT('',(7.00000010430813,-2.54263353534043,-12.));
#6405=CARTESIAN_POINT('',(7.00000010430813,-2.54263353534043,-12.5));
#6406=CARTESIAN_POINT('',(7.00000010430813,-2.54263353534043,-12.));
#6407=CARTESIAN_POINT('Origin',(7.00000010430813,-4.41712212748826,-12.5));
#6408=CARTESIAN_POINT('',(7.00000010430813,0.866438936255873,-12.4999999999999));
#6409=CARTESIAN_POINT('',(7.00000010430813,-4.41712212748826,-12.));
#6410=CARTESIAN_POINT('Origin',(5.50000004470348,-4.56348061561584E-7,-12.));
#6411=CARTESIAN_POINT('Origin',(4.35402475297451,3.03171860985458,-12.5));
#6412=CARTESIAN_POINT('',(4.35402475297451,3.03171860985458,-12.5));
#6413=CARTESIAN_POINT('',(7.00000010430813,3.03171860985458,-12.5));
#6414=CARTESIAN_POINT('',(-0.222987623512745,3.03171860985458,-12.4999999999999));
#6415=CARTESIAN_POINT('',(4.35402475297451,3.03171860985458,-12.));
#6416=CARTESIAN_POINT('',(4.35402475297451,3.03171860985458,-12.5));
#6417=CARTESIAN_POINT('',(7.00000010430813,3.03171860985458,-12.));
#6418=CARTESIAN_POINT('',(4.35402475297451,3.03171860985458,-12.));
#6419=CARTESIAN_POINT('',(7.00000010430813,3.03171860985458,-12.5));
#6420=CARTESIAN_POINT('Origin',(4.35402475297451,2.03922200016677,-12.5));
#6421=CARTESIAN_POINT('',(4.35402475297451,2.03922200016677,-12.5));
#6422=CARTESIAN_POINT('',(4.35402475297451,4.09461100008339,-12.4999999999999));
#6423=CARTESIAN_POINT('',(4.35402475297451,2.03922200016677,-12.));
#6424=CARTESIAN_POINT('',(4.35402475297451,2.03922200016677,-12.5));
#6425=CARTESIAN_POINT('',(4.35402475297451,2.03922200016677,-12.));
#6426=CARTESIAN_POINT('Origin',(3.99999998509884,2.03922200016677,-12.5));
#6427=CARTESIAN_POINT('',(3.99999998509884,2.03922200016677,-12.5));
#6428=CARTESIAN_POINT('',(-0.400000007450581,2.03922200016677,-12.4999999999999));
#6429=CARTESIAN_POINT('',(3.99999998509884,2.03922200016677,-12.));
#6430=CARTESIAN_POINT('',(3.99999998509884,2.03922200016677,-12.5));
#6431=CARTESIAN_POINT('',(3.99999998509884,2.03922200016677,-12.));
#6432=CARTESIAN_POINT('Origin',(3.99999998509884,4.41712121479213,-12.5));
#6433=CARTESIAN_POINT('',(3.99999998509884,4.41712121479213,-12.5));
#6434=CARTESIAN_POINT('',(3.99999998509884,5.28356060739607,-12.4999999999999));
#6435=CARTESIAN_POINT('',(3.99999998509884,4.41712121479213,-12.));
#6436=CARTESIAN_POINT('',(3.99999998509884,4.41712121479213,-12.5));
#6437=CARTESIAN_POINT('',(3.99999998509884,4.41712121479213,-12.));
#6438=CARTESIAN_POINT('Origin',(4.35402475297451,4.41712121479213,-12.5));
#6439=CARTESIAN_POINT('',(4.35402475297451,4.41712121479213,-12.5));
#6440=CARTESIAN_POINT('',(-0.222987623512745,4.41712121479213,-12.4999999999999));
#6441=CARTESIAN_POINT('',(4.35402475297451,4.41712121479213,-12.));
#6442=CARTESIAN_POINT('',(4.35402475297451,4.41712121479213,-12.5));
#6443=CARTESIAN_POINT('',(4.35402475297451,4.41712121479213,-12.));
#6444=CARTESIAN_POINT('Origin',(4.35402475297451,3.42871743254364,-12.5));
#6445=CARTESIAN_POINT('',(4.35402475297451,3.42871743254364,-12.5));
#6446=CARTESIAN_POINT('',(4.35402475297451,4.78935871627182,-12.4999999999999));
#6447=CARTESIAN_POINT('',(4.35402475297451,3.42871743254364,-12.));
#6448=CARTESIAN_POINT('',(4.35402475297451,3.42871743254364,-12.5));
#6449=CARTESIAN_POINT('',(4.35402475297451,3.42871743254364,-12.));
#6450=CARTESIAN_POINT('Origin',(7.00000010430813,3.42871743254364,-12.5));
#6451=CARTESIAN_POINT('',(7.00000010430813,3.42871743254364,-12.5));
#6452=CARTESIAN_POINT('',(1.10000005215406,3.42871743254364,-12.4999999999999));
#6453=CARTESIAN_POINT('',(7.00000010430813,3.42871743254364,-12.));
#6454=CARTESIAN_POINT('',(7.00000010430813,3.42871743254364,-12.5));
#6455=CARTESIAN_POINT('',(7.00000010430813,3.42871743254364,-12.));
#6456=CARTESIAN_POINT('Origin',(7.00000010430813,3.03171860985458,-12.5));
#6457=CARTESIAN_POINT('',(7.00000010430813,4.59085930492729,-12.4999999999999));
#6458=CARTESIAN_POINT('',(7.00000010430813,3.03171860985458,-12.));
#6459=CARTESIAN_POINT('Origin',(5.50000004470348,-4.56348061561584E-7,-12.));
#6460=CARTESIAN_POINT('Origin',(-4.8,6.15,-12.4999999999999));
#6461=CARTESIAN_POINT('',(-3.77699519651337,6.15,-12.4999999999999));
#6462=CARTESIAN_POINT('',(-3.77699519651337,9.17812252730877,-12.4999999999999));
#6463=CARTESIAN_POINT('Ctrl Pts',(-3.77699519651337,6.15,-12.4999999999999));
#6464=CARTESIAN_POINT('Ctrl Pts',(-3.77699519651337,7.15937417576959,-12.4999999999999));
#6465=CARTESIAN_POINT('Ctrl Pts',(-3.77699519651337,8.16874835153919,-12.4999999999999));
#6466=CARTESIAN_POINT('Ctrl Pts',(-3.77699519651337,9.17812252730877,-12.4999999999999));
#6467=CARTESIAN_POINT('',(6.0631730037751,9.17812252730877,-12.4999999999999));
#6468=CARTESIAN_POINT('Ctrl Pts',(-3.77699519651336,9.17812252730878,-12.4999999999999));
#6469=CARTESIAN_POINT('Ctrl Pts',(-0.496939129750542,9.17812252730877,-12.4999999999999));
#6470=CARTESIAN_POINT('Ctrl Pts',(2.78311693701228,9.17812252730877,-12.4999999999999));
#6471=CARTESIAN_POINT('Ctrl Pts',(6.06317300377511,9.17812252730877,-12.4999999999999));
#6472=CARTESIAN_POINT('',(9.00000000000008,6.32455532033664,-12.4999999999999));
#6473=CARTESIAN_POINT('Origin',(0.,0.,-12.4999999999999));
#6474=CARTESIAN_POINT('',(9.00000000000008,-6.32455532033664,-12.4999999999999));
#6475=CARTESIAN_POINT('',(9.00000000000008,6.15,-12.4999999999999));
#6476=CARTESIAN_POINT('',(8.78046599446372,-6.62596535759629,-12.4999999999999));
#6477=CARTESIAN_POINT('Origin',(0.,0.,-12.4999999999999));
#6478=CARTESIAN_POINT('',(-3.77699519651337,-6.62596535759629,-12.4999999999999));
#6479=CARTESIAN_POINT('Ctrl Pts',(8.78046599446373,-6.62596535759629,-12.4999999999999));
#6480=CARTESIAN_POINT('Ctrl Pts',(4.59464559747136,-6.62596535759629,-12.4999999999999));
#6481=CARTESIAN_POINT('Ctrl Pts',(0.408825200479,-6.62596535759629,-12.4999999999999));
#6482=CARTESIAN_POINT('Ctrl Pts',(-3.77699519651337,-6.62596535759629,-12.4999999999999));
#6483=CARTESIAN_POINT('',(-3.77699519651337,-6.15,-12.4999999999999));
#6484=CARTESIAN_POINT('Ctrl Pts',(-3.77699519651337,-6.6259653575963,-12.4999999999999));
#6485=CARTESIAN_POINT('Ctrl Pts',(-3.77699519651337,-6.46731023839753,-12.4999999999999));
#6486=CARTESIAN_POINT('Ctrl Pts',(-3.77699519651337,-6.30865511919876,-12.4999999999999));
#6487=CARTESIAN_POINT('Ctrl Pts',(-3.77699519651337,-6.15,-12.4999999999999));
#6488=CARTESIAN_POINT('',(-1.8,-6.15,-12.4999999999999));
#6489=CARTESIAN_POINT('',(-4.011451046931,-6.15,-12.4999999999999));
#6490=CARTESIAN_POINT('',(-1.8,-2.27376340018041,-12.4999999999999));
#6491=CARTESIAN_POINT('',(-1.8,0.,-12.4999999999999));
#6492=CARTESIAN_POINT('',(2.8,-0.754983443527074,-12.4999999999999));
#6493=CARTESIAN_POINT('Origin',(8.22387425648256E-16,0.,-12.4999999999999));
#6494=CARTESIAN_POINT('',(2.8,0.754983443527073,-12.4999999999999));
#6495=CARTESIAN_POINT('',(2.8,2.77086187348509,-12.4999999999999));
#6496=CARTESIAN_POINT('',(-1.8,2.27376340018041,-12.4999999999999));
#6497=CARTESIAN_POINT('Origin',(8.22387425648256E-16,0.,-12.4999999999999));
#6498=CARTESIAN_POINT('',(-1.8,6.15,-12.4999999999999));
#6499=CARTESIAN_POINT('',(-1.8,0.,-12.4999999999999));
#6500=CARTESIAN_POINT('',(-4.011451046931,6.15,-12.4999999999999));
#6501=CARTESIAN_POINT('Origin',(0.,0.,0.));
#6502=CARTESIAN_POINT('',(-8.59047296484423,13.4982878262497,-3.18867067882419));
#6503=CARTESIAN_POINT('',(-8.58778201865884,13.5,-3.));
#6504=CARTESIAN_POINT('Ctrl Pts',(-8.59047296484423,13.4980475850656,-3.188544182453));
#6505=CARTESIAN_POINT('Ctrl Pts',(-8.58867579136751,13.4993386560684,-3.12604767287487));
#6506=CARTESIAN_POINT('Ctrl Pts',(-8.58778201865883,13.5,-3.06321046342271));
#6507=CARTESIAN_POINT('Ctrl Pts',(-8.58778201865884,13.5,-2.99999999999975));
#6508=CARTESIAN_POINT('',(-8.58778201865884,13.5,3.));
#6509=CARTESIAN_POINT('',(-8.58778201865884,13.5,0.));
#6510=CARTESIAN_POINT('',(-8.59047296484423,13.4982878262497,3.43650819534354));
#6511=CARTESIAN_POINT('Ctrl Pts',(-8.58778201865884,13.5,3.));
#6512=CARTESIAN_POINT('Ctrl Pts',(-8.58778201865884,13.5,3.14692312785664));
#6513=CARTESIAN_POINT('Ctrl Pts',(-8.58867097966012,13.4994346313265,3.29240990483024));
#6514=CARTESIAN_POINT('Ctrl Pts',(-8.59047296484423,13.4982878262497,3.43650819534353));
#6515=CARTESIAN_POINT('',(-8.59047296484423,13.4982878262497,0.));
#6516=CARTESIAN_POINT('Origin',(0.,0.,0.));
#6517=CARTESIAN_POINT('',(9.,6.32455532033676,8.5));
#6518=CARTESIAN_POINT('',(7.14714866060072,8.36171429930803,8.5));
#6519=CARTESIAN_POINT('Origin',(0.,0.,8.5));
#6520=CARTESIAN_POINT('',(7.14714866060072,8.36171429930803,9.5));
#6521=CARTESIAN_POINT('',(7.14714866060072,8.36171429930803,0.));
#6522=CARTESIAN_POINT('',(9.,6.32455532033676,9.5));
#6523=CARTESIAN_POINT('Origin',(0.,0.,9.5));
#6524=CARTESIAN_POINT('',(9.,6.32455532033676,0.));
#6525=CARTESIAN_POINT('Ctrl Pts',(-1.56125112837913E-16,12.271433231651,
-31.));
#6526=CARTESIAN_POINT('Ctrl Pts',(-1.56125112837913E-16,12.271433231651,
31.));
#6527=CARTESIAN_POINT('Ctrl Pts',(-0.165818338678269,12.325291880371,-31.));
#6528=CARTESIAN_POINT('Ctrl Pts',(-0.165818338678269,12.325291880371,31.));
#6529=CARTESIAN_POINT('Ctrl Pts',(-0.531386611714213,12.4387126819688,-31.));
#6530=CARTESIAN_POINT('Ctrl Pts',(-0.531386611714213,12.4387126819688,31.));
#6531=CARTESIAN_POINT('Ctrl Pts',(-1.11799568275134,12.6024925187791,-31.));
#6532=CARTESIAN_POINT('Ctrl Pts',(-1.11799568275134,12.6024925187791,31.));
#6533=CARTESIAN_POINT('Ctrl Pts',(-1.98424155642393,12.8069638789397,-31.));
#6534=CARTESIAN_POINT('Ctrl Pts',(-1.98424155642393,12.8069638789397,31.));
#6535=CARTESIAN_POINT('Ctrl Pts',(-3.24307482908616,13.0544136080593,-31.));
#6536=CARTESIAN_POINT('Ctrl Pts',(-3.24307482908616,13.0544136080593,31.));
#6537=CARTESIAN_POINT('Ctrl Pts',(-4.48180205317938,13.2611695145189,-31.));
#6538=CARTESIAN_POINT('Ctrl Pts',(-4.48180205317938,13.2611695145189,31.));
#6539=CARTESIAN_POINT('Ctrl Pts',(-5.55847306442363,13.3959547397457,-31.));
#6540=CARTESIAN_POINT('Ctrl Pts',(-5.55847306442363,13.3959547397457,31.));
#6541=CARTESIAN_POINT('Ctrl Pts',(-6.49408341363204,13.4617682901771,-31.));
#6542=CARTESIAN_POINT('Ctrl Pts',(-6.49408341363204,13.4617682901771,31.));
#6543=CARTESIAN_POINT('Ctrl Pts',(-7.30561239195544,13.4856252631371,-31.));
#6544=CARTESIAN_POINT('Ctrl Pts',(-7.30561239195544,13.4856252631371,31.));
#6545=CARTESIAN_POINT('Ctrl Pts',(-7.97972594028667,13.4944205419127,-31.));
#6546=CARTESIAN_POINT('Ctrl Pts',(-7.97972594028667,13.4944205419127,31.));
#6547=CARTESIAN_POINT('Ctrl Pts',(-8.42853501463521,13.4974757157712,-31.));
#6548=CARTESIAN_POINT('Ctrl Pts',(-8.42853501463521,13.4974757157712,31.));
#6549=CARTESIAN_POINT('Ctrl Pts',(-8.59047296484423,13.4982878262497,-31.));
#6550=CARTESIAN_POINT('Ctrl Pts',(-8.59047296484423,13.4982878262497,31.));
#6551=CARTESIAN_POINT('',(-1.56125112837913E-16,12.271433231651,-7.84430949601635));
#6552=CARTESIAN_POINT('Ctrl Pts',(1.44192381065879E-15,12.271433231651,
-7.84430949601636));
#6553=CARTESIAN_POINT('Ctrl Pts',(-0.587515259444639,12.4622612077864,-7.4591208041057));
#6554=CARTESIAN_POINT('Ctrl Pts',(-1.19470777136531,12.6239129795514,-7.10821368955458));
#6555=CARTESIAN_POINT('Ctrl Pts',(-2.65874230227489,12.9418021563113,-6.29580788035389));
#6556=CARTESIAN_POINT('Ctrl Pts',(-3.40251148313888,13.084364227803,-5.88553340782443));
#6557=CARTESIAN_POINT('Ctrl Pts',(-5.73485379665881,13.4423137986191,-4.44166916348155));
#6558=CARTESIAN_POINT('Ctrl Pts',(-6.57582650879078,13.4881844780518,-3.74344000892452));
#6559=CARTESIAN_POINT('Ctrl Pts',(-8.59047296484423,13.4982878262497,-3.1886706788241));
#6560=CARTESIAN_POINT('',(-1.56125112837913E-16,12.271433231651,11.4820875966988));
#6561=CARTESIAN_POINT('Ctrl Pts',(-8.59047296484435,13.4982878262497,3.43650819534339));
#6562=CARTESIAN_POINT('Ctrl Pts',(-7.00818151547591,13.4903527161387,4.4335702289549));
#6563=CARTESIAN_POINT('Ctrl Pts',(-6.25655093292115,13.4619797672517,5.44692555251186));
#6564=CARTESIAN_POINT('Ctrl Pts',(-4.83669539657468,13.3026170456772,7.14200410896977));
#6565=CARTESIAN_POINT('Ctrl Pts',(-4.4277796405116,13.2445810846982,7.61313810358109));
#6566=CARTESIAN_POINT('Ctrl Pts',(-3.34908595589463,13.0692795062326,8.72146952079175));
#6567=CARTESIAN_POINT('Ctrl Pts',(-2.69020563418119,12.9523036543068,9.30454906858852));
#6568=CARTESIAN_POINT('Ctrl Pts',(-1.52064840925007,12.6928987032337,10.2462812871386));
#6569=CARTESIAN_POINT('Ctrl Pts',(-1.19528328457851,12.615120305801,10.5030572306888));
#6570=CARTESIAN_POINT('Ctrl Pts',(-0.575908363109041,12.4496071577187,11.0015492928248));
#6571=CARTESIAN_POINT('Ctrl Pts',(-0.289028434212582,12.3653111527087,11.2367574248905));
#6572=CARTESIAN_POINT('Ctrl Pts',(-3.36536354339501E-15,12.271433231651,
11.4820875966988));
#6573=CARTESIAN_POINT('',(-1.56125112837913E-16,12.271433231651,0.));
#6574=CARTESIAN_POINT('Ctrl Pts',(7.14714866060072,8.36171429930803,-31.));
#6575=CARTESIAN_POINT('Ctrl Pts',(7.14714866060072,8.36171429930803,31.));
#6576=CARTESIAN_POINT('Ctrl Pts',(6.87781584336529,8.59192547380215,-31.));
#6577=CARTESIAN_POINT('Ctrl Pts',(6.87781584336529,8.59192547380215,31.));
#6578=CARTESIAN_POINT('Ctrl Pts',(6.36279902407372,9.02030462881519,-31.));
#6579=CARTESIAN_POINT('Ctrl Pts',(6.36279902407372,9.02030462881519,31.));
#6580=CARTESIAN_POINT('Ctrl Pts',(5.66112794492837,9.56679775548189,-31.));
#6581=CARTESIAN_POINT('Ctrl Pts',(5.66112794492837,9.56679775548189,31.));
#6582=CARTESIAN_POINT('Ctrl Pts',(4.84874392692559,10.1219311143728,-31.));
#6583=CARTESIAN_POINT('Ctrl Pts',(4.84874392692559,10.1219311143728,31.));
#6584=CARTESIAN_POINT('Ctrl Pts',(3.93777713590905,10.6275876176971,-31.));
#6585=CARTESIAN_POINT('Ctrl Pts',(3.93777713590905,10.6275876176971,31.));
#6586=CARTESIAN_POINT('Ctrl Pts',(3.03500176216738,11.0506227531159,-31.));
#6587=CARTESIAN_POINT('Ctrl Pts',(3.03500176216738,11.0506227531159,31.));
#6588=CARTESIAN_POINT('Ctrl Pts',(2.06525959209465,11.4762742335751,-31.));
#6589=CARTESIAN_POINT('Ctrl Pts',(2.06525959209465,11.4762742335751,31.));
#6590=CARTESIAN_POINT('Ctrl Pts',(1.25263068172726,11.8198008559559,-31.));
#6591=CARTESIAN_POINT('Ctrl Pts',(1.25263068172726,11.8198008559559,31.));
#6592=CARTESIAN_POINT('Ctrl Pts',(0.661295165748172,12.0467469553506,-31.));
#6593=CARTESIAN_POINT('Ctrl Pts',(0.661295165748172,12.0467469553506,31.));
#6594=CARTESIAN_POINT('Ctrl Pts',(0.251712589518516,12.1891028418041,-31.));
#6595=CARTESIAN_POINT('Ctrl Pts',(0.251712589518516,12.1891028418041,31.));
#6596=CARTESIAN_POINT('Ctrl Pts',(0.0288151412079688,12.2620739256749,-31.));
#6597=CARTESIAN_POINT('Ctrl Pts',(0.0288151412079688,12.2620739256749,31.));
#6598=CARTESIAN_POINT('Ctrl Pts',(-1.56125112837913E-16,12.271433231651,
-31.));
#6599=CARTESIAN_POINT('Ctrl Pts',(-1.56125112837913E-16,12.271433231651,
31.));
#6600=CARTESIAN_POINT('',(3.29714910130668,10.9220835325741,-10.4999999999999));
#6601=CARTESIAN_POINT('Ctrl Pts',(3.29714910130668,10.9220835325741,-10.4999999999999));
#6602=CARTESIAN_POINT('Ctrl Pts',(3.02162043105041,11.0512623094943,-10.1892067901411));
#6603=CARTESIAN_POINT('Ctrl Pts',(2.67053444192926,11.2098553904602,-9.86406951806848));
#6604=CARTESIAN_POINT('Ctrl Pts',(1.84981162971289,11.5656535919928,-9.18433243368566));
#6605=CARTESIAN_POINT('Ctrl Pts',(0.998010367889581,11.9472743343203,-8.49862834466048));
#6606=CARTESIAN_POINT('Ctrl Pts',(1.44192381065878E-15,12.271433231651,
-7.84430949601636));
#6607=CARTESIAN_POINT('',(3.61902211271734,10.7680496174845,16.));
#6608=CARTESIAN_POINT('Ctrl Pts',(-1.56125112837913E-16,12.271433231651,
11.4820875966988));
#6609=CARTESIAN_POINT('Ctrl Pts',(0.90991249271531,11.9758889770059,12.2544302514158));
#6610=CARTESIAN_POINT('Ctrl Pts',(1.79636659283462,11.591111364258,13.0700551272806));
#6611=CARTESIAN_POINT('Ctrl Pts',(2.88015919222679,11.1164566710946,14.3740170453472));
#6612=CARTESIAN_POINT('Ctrl Pts',(3.26732870496433,10.9387006467802,14.9928038948934));
#6613=CARTESIAN_POINT('Ctrl Pts',(3.57776033601417,10.7881968454583,15.8746466160444));
#6614=CARTESIAN_POINT('Ctrl Pts',(3.59879415422324,10.777948872421,15.93715505964));
#6615=CARTESIAN_POINT('Ctrl Pts',(3.61902211271734,10.7680496174845,16.));
#6616=CARTESIAN_POINT('',(4.73755333124643,10.159715905137,16.));
#6617=CARTESIAN_POINT('Ctrl Pts',(3.61902211271734,10.7680496174845,16.));
#6618=CARTESIAN_POINT('Ctrl Pts',(3.70219703440583,10.7273450770658,16.));
#6619=CARTESIAN_POINT('Ctrl Pts',(3.78516629915353,10.6859702078821,16.));
#6620=CARTESIAN_POINT('Ctrl Pts',(3.86819498762352,10.6436238779991,16.));
#6621=CARTESIAN_POINT('Ctrl Pts',(3.96996018057985,10.5917215474799,16.));
#6622=CARTESIAN_POINT('Ctrl Pts',(4.07181587242477,10.5383591349447,16.));
#6623=CARTESIAN_POINT('Ctrl Pts',(4.17430664979314,10.482932440566,16.));
#6624=CARTESIAN_POINT('Ctrl Pts',(4.29393646887306,10.4182370056109,16.));
#6625=CARTESIAN_POINT('Ctrl Pts',(4.41443147759607,10.350728296092,16.));
#6626=CARTESIAN_POINT('Ctrl Pts',(4.53671733475354,10.2793968131086,16.));
#6627=CARTESIAN_POINT('Ctrl Pts',(4.6030831101827,10.2406844935425,16.));
#6628=CARTESIAN_POINT('Ctrl Pts',(4.66997733233283,10.2008455249958,16.));
#6629=CARTESIAN_POINT('Ctrl Pts',(4.73755333124645,10.159715905137,16.));
#6630=CARTESIAN_POINT('',(4.73755333124643,10.159715905137,9.5));
#6631=CARTESIAN_POINT('Ctrl Pts',(4.73755333124643,10.159715905137,16.));
#6632=CARTESIAN_POINT('Ctrl Pts',(4.73755333124643,10.159715905137,13.8333333333333));
#6633=CARTESIAN_POINT('Ctrl Pts',(4.73755333124643,10.159715905137,11.6666666666667));
#6634=CARTESIAN_POINT('Ctrl Pts',(4.73755333124643,10.159715905137,9.5));
#6635=CARTESIAN_POINT('Ctrl Pts',(4.73755333124685,10.1597159051368,9.5));
#6636=CARTESIAN_POINT('Ctrl Pts',(4.86684307316757,10.0810246830707,9.5));
#6637=CARTESIAN_POINT('Ctrl Pts',(4.99862846302137,9.9976065570671,9.50000000000001));
#6638=CARTESIAN_POINT('Ctrl Pts',(5.13400089931702,9.90832319607526,9.50000000000001));
#6639=CARTESIAN_POINT('Ctrl Pts',(5.23521416428806,9.84156913061813,9.50000000000001));
#6640=CARTESIAN_POINT('Ctrl Pts',(5.33843437199498,9.77153565341053,9.5));
#6641=CARTESIAN_POINT('Ctrl Pts',(5.44410246872522,9.69777365399107,9.5));
#6642=CARTESIAN_POINT('Ctrl Pts',(5.53889331809338,9.631604556672,9.5));
#6643=CARTESIAN_POINT('Ctrl Pts',(5.63565465993622,9.56243466847078,9.5));
#6644=CARTESIAN_POINT('Ctrl Pts',(5.73467761668433,9.48997083414941,9.5));
#6645=CARTESIAN_POINT('Ctrl Pts',(5.82724496407422,9.42223113877863,9.5));
#6646=CARTESIAN_POINT('Ctrl Pts',(5.92178904623465,9.35161272195512,9.50000000000001));
#6647=CARTESIAN_POINT('Ctrl Pts',(6.01851571011703,9.27790914140954,9.50000000000001));
#6648=CARTESIAN_POINT('Ctrl Pts',(6.11006956664793,9.2081471257642,9.50000000000001));
#6649=CARTESIAN_POINT('Ctrl Pts',(6.20357887694545,9.13562103243087,9.50000000000001));
#6650=CARTESIAN_POINT('Ctrl Pts',(6.29918531331926,9.06018875609366,9.50000000000001));
#6651=CARTESIAN_POINT('Ctrl Pts',(6.3925232988768,8.98654625893159,9.50000000000001));
#6652=CARTESIAN_POINT('Ctrl Pts',(6.48786023476552,8.91013368185808,9.5));
#6653=CARTESIAN_POINT('Ctrl Pts',(6.58529392905491,8.83085299843535,9.5));
#6654=CARTESIAN_POINT('Ctrl Pts',(6.67949537185902,8.7542023611031,9.5));
#6655=CARTESIAN_POINT('Ctrl Pts',(6.77565682850043,8.67487068269769,9.5));
#6656=CARTESIAN_POINT('Ctrl Pts',(6.87383299724277,8.59280336891915,9.5));
#6657=CARTESIAN_POINT('Ctrl Pts',(6.96326184012028,8.5180481100483,9.5));
#6658=CARTESIAN_POINT('Ctrl Pts',(7.0543621178966,8.44102323459642,9.5));
#6659=CARTESIAN_POINT('Ctrl Pts',(7.14714866060072,8.36171429930803,9.5));
#6660=CARTESIAN_POINT('',(6.90394070654395,8.56760295032642,8.5));
#6661=CARTESIAN_POINT('Ctrl Pts',(7.14714866060072,8.36171429930803,8.5));
#6662=CARTESIAN_POINT('Ctrl Pts',(7.06444396576932,8.43240581447037,8.5));
#6663=CARTESIAN_POINT('Ctrl Pts',(6.98341046564724,8.50099978839454,8.5));
#6664=CARTESIAN_POINT('Ctrl Pts',(6.90394070654396,8.56760295032642,8.5));
#6665=CARTESIAN_POINT('',(6.90394070654395,8.56760295032642,-10.4999999999999));
#6666=CARTESIAN_POINT('Ctrl Pts',(6.90394070654395,8.56760295032642,8.5));
#6667=CARTESIAN_POINT('Ctrl Pts',(6.90394070654395,8.56760295032642,2.16666666666669));
#6668=CARTESIAN_POINT('Ctrl Pts',(6.90394070654395,8.56760295032642,-4.1666666666666));
#6669=CARTESIAN_POINT('Ctrl Pts',(6.90394070654395,8.56760295032642,-10.4999999999999));
#6670=CARTESIAN_POINT('Ctrl Pts',(6.90394070654395,8.56760295032642,-10.4999999999999));
#6671=CARTESIAN_POINT('Ctrl Pts',(5.57104163823075,9.68469822640911,-10.4999999999999));
#6672=CARTESIAN_POINT('Ctrl Pts',(4.61176082868395,10.3057413751151,-10.4999999999999));
#6673=CARTESIAN_POINT('Ctrl Pts',(3.29714910130668,10.9220835325741,-10.4999999999999));
#6674=CARTESIAN_POINT('Origin',(-3.22290209386212,13.5,0.));
#6675=CARTESIAN_POINT('',(-14.8738635424313,13.5,-3.0000000000031));
#6676=CARTESIAN_POINT('',(0.,13.5,-3.));
#6677=CARTESIAN_POINT('',(-14.8738635424338,13.5,3.));
#6678=CARTESIAN_POINT('Origin',(-8.,13.5,0.));
#6679=CARTESIAN_POINT('',(0.,13.5,3.));
#6680=CARTESIAN_POINT('Ctrl Pts',(-15.9529868602934,10.5000877020269,20.2046144658526));
#6681=CARTESIAN_POINT('Ctrl Pts',(7.54973699015467,10.5000877020269,20.2046144658526));
#6682=CARTESIAN_POINT('Ctrl Pts',(-15.9529868602934,10.5041834119574,17.9856557181731));
#6683=CARTESIAN_POINT('Ctrl Pts',(7.54973699015467,10.5041834119574,17.9856557181731));
#6684=CARTESIAN_POINT('Ctrl Pts',(-15.9529868602934,10.6598986199385,16.4464987335793));
#6685=CARTESIAN_POINT('Ctrl Pts',(7.54973699015467,10.6598986199385,16.4464987335793));
#6686=CARTESIAN_POINT('Ctrl Pts',(-15.9529868602934,10.8834421441377,15.3621382652232));
#6687=CARTESIAN_POINT('Ctrl Pts',(7.54973699015467,10.8834421441377,15.3621382652232));
#6688=CARTESIAN_POINT('Ctrl Pts',(-15.9529868602934,11.1196635449034,14.2162802060928));
#6689=CARTESIAN_POINT('Ctrl Pts',(7.54973699015467,11.1196635449034,14.2162802060928));
#6690=CARTESIAN_POINT('Ctrl Pts',(-15.9529868602934,11.4133702377486,13.536125397638));
#6691=CARTESIAN_POINT('Ctrl Pts',(7.54973699015467,11.4133702377486,13.536125397638));
#6692=CARTESIAN_POINT('Ctrl Pts',(-15.9529868602934,11.8131048738671,12.5990788396648));
#6693=CARTESIAN_POINT('Ctrl Pts',(7.54973699015467,11.8131048738671,12.5990788396648));
#6694=CARTESIAN_POINT('Ctrl Pts',(-15.9529868602934,12.2830155757207,11.4975275455302));
#6695=CARTESIAN_POINT('Ctrl Pts',(7.54973699015467,12.2830155757207,11.4975275455302));
#6696=CARTESIAN_POINT('Ctrl Pts',(-15.9529868602934,12.8774336474548,10.0294211550411));
#6697=CARTESIAN_POINT('Ctrl Pts',(7.54973699015467,12.8774336474548,10.0294211550411));
#6698=CARTESIAN_POINT('Ctrl Pts',(-15.9529868602934,13.1919174349645,7.94258561775617));
#6699=CARTESIAN_POINT('Ctrl Pts',(7.54973699015467,13.1919174349645,7.94258561775617));
#6700=CARTESIAN_POINT('Ctrl Pts',(-15.9529868602934,13.3956281147808,6.59081263978602));
#6701=CARTESIAN_POINT('Ctrl Pts',(7.54973699015467,13.3956281147808,6.59081263978602));
#6702=CARTESIAN_POINT('Ctrl Pts',(-15.9529868602934,13.5,4.97242512025062));
#6703=CARTESIAN_POINT('Ctrl Pts',(7.54973699015467,13.5,4.97242512025062));
#6704=CARTESIAN_POINT('Ctrl Pts',(-15.9529868602934,13.5,3.));
#6705=CARTESIAN_POINT('Ctrl Pts',(7.54973699015467,13.5,3.));
#6706=CARTESIAN_POINT('',(-14.5698272244705,13.4963948244686,3.62934485871844));
#6707=CARTESIAN_POINT('Ctrl Pts',(-14.8738635424338,13.5,3.));
#6708=CARTESIAN_POINT('Ctrl Pts',(-14.7820399813867,13.5,3.21413392275056));
#6709=CARTESIAN_POINT('Ctrl Pts',(-14.6805498226754,13.4987945852136,3.42421256670162));
#6710=CARTESIAN_POINT('Ctrl Pts',(-14.5698272244705,13.4963948244686,3.62934485871844));
#6711=CARTESIAN_POINT('',(-9.35378745531083,12.2954857154462,11.4188934423928));
#6712=CARTESIAN_POINT('Ctrl Pts',(-14.5698271587542,13.4963948230442,3.62934498046883));
#6713=CARTESIAN_POINT('Ctrl Pts',(-14.35788123954,13.491801182955,4.02201067777507));
#6714=CARTESIAN_POINT('Ctrl Pts',(-13.9609540984143,13.4736277538918,4.82301788297438));
#6715=CARTESIAN_POINT('Ctrl Pts',(-13.1337433087142,13.3856805206606,6.4204283290192));
#6716=CARTESIAN_POINT('Ctrl Pts',(-11.6273850798665,13.1390215914093,8.668021636506));
#6717=CARTESIAN_POINT('Ctrl Pts',(-10.19401050785,12.6755713576749,10.414834698808));
#6718=CARTESIAN_POINT('Ctrl Pts',(-9.35378745531083,12.2954857154462,11.4188934423928));
#6719=CARTESIAN_POINT('',(-4.09391831844483,10.5260112787097,18.7539178741638));
#6720=CARTESIAN_POINT('Ctrl Pts',(-9.35378745531082,12.2954857154462,11.4188934423928));
#6721=CARTESIAN_POINT('Ctrl Pts',(-9.06309854803893,12.1639888710364,11.7662639865922));
#6722=CARTESIAN_POINT('Ctrl Pts',(-8.19875411231802,11.7300802434787,12.7955471638745));
#6723=CARTESIAN_POINT('Ctrl Pts',(-6.7886625178611,11.0759956830403,14.3201983635725));
#6724=CARTESIAN_POINT('Ctrl Pts',(-5.18202466650834,10.6768557034611,16.3193140902218));
#6725=CARTESIAN_POINT('Ctrl Pts',(-4.35931625557391,10.55652166827,17.9056646794113));
#6726=CARTESIAN_POINT('Ctrl Pts',(-4.09391831844483,10.5260112787022,18.7539178743724));
#6727=CARTESIAN_POINT('',(3.19422706774542,10.5260112787172,18.7539178739553));
#6728=CARTESIAN_POINT('Ctrl Pts',(-4.09391831844483,10.5260112787172,18.7539178739553));
#6729=CARTESIAN_POINT('Ctrl Pts',(-1.66453652312096,10.5260112787172,18.7539178739553));
#6730=CARTESIAN_POINT('Ctrl Pts',(0.764845272312232,10.5260112787172,18.7539178739553));
#6731=CARTESIAN_POINT('Ctrl Pts',(3.19422706774542,10.5260112787172,18.7539178739553));
#6732=CARTESIAN_POINT('',(3.1297326509541,10.5453673968315,18.3));
#6733=CARTESIAN_POINT('Ctrl Pts',(3.12973265077413,10.5453673968562,18.3000000000313));
#6734=CARTESIAN_POINT('Ctrl Pts',(3.15510471860549,10.5378372856594,18.4518093359058));
#6735=CARTESIAN_POINT('Ctrl Pts',(3.17639939609261,10.5314212701984,18.6035086978646));
#6736=CARTESIAN_POINT('Ctrl Pts',(3.19422706774542,10.5260112787172,18.7539178739553));
#6737=CARTESIAN_POINT('',(0.686242788141102,10.5489937672362,18.2285485414549));
#6738=CARTESIAN_POINT('Ctrl Pts',(3.12973265095375,10.5453673968574,18.3000000000087));
#6739=CARTESIAN_POINT('Ctrl Pts',(2.2986137683741,10.5473069468486,18.2608980812757));
#6740=CARTESIAN_POINT('Ctrl Pts',(1.48910079990175,10.5485467074804,18.2371605371743));
#6741=CARTESIAN_POINT('Ctrl Pts',(0.686242788141103,10.5489937672362,18.2285485414549));
#6742=CARTESIAN_POINT('',(0.738062581408633,10.6913674791196,16.5471978794394));
#6743=CARTESIAN_POINT('Ctrl Pts',(0.738062581408632,10.6913674791196,16.5471978794394));
#6744=CARTESIAN_POINT('Ctrl Pts',(0.714117139248923,10.6255779174869,17.0783973965842));
#6745=CARTESIAN_POINT('Ctrl Pts',(0.697351117142062,10.5795136503342,17.6406246696045));
#6746=CARTESIAN_POINT('Ctrl Pts',(0.6862427881411,10.5489937672362,18.2285485414549));
#6747=CARTESIAN_POINT('',(2.56286925074259,10.6972754102901,16.5));
#6748=CARTESIAN_POINT('Ctrl Pts',(0.738062581408633,10.6913674791196,16.5471978794394));
#6749=CARTESIAN_POINT('Ctrl Pts',(1.33992636530322,10.6922410749286,16.5401442730558));
#6750=CARTESIAN_POINT('Ctrl Pts',(1.94614575708235,10.6941824568267,16.5244495129264));
#6751=CARTESIAN_POINT('Ctrl Pts',(2.56286925074259,10.6972754102901,16.5));
#6752=CARTESIAN_POINT('',(2.24702190362962,10.7680496174845,16.));
#6753=CARTESIAN_POINT('Ctrl Pts',(2.24702190362961,10.7680496174845,16.));
#6754=CARTESIAN_POINT('Ctrl Pts',(2.36594118067495,10.7432341467376,16.157539813765));
#6755=CARTESIAN_POINT('Ctrl Pts',(2.47057564874425,10.7193872495697,16.3252079422828));
#6756=CARTESIAN_POINT('Ctrl Pts',(2.56286925074259,10.6972754102901,16.5));
#6757=CARTESIAN_POINT('Ctrl Pts',(2.24702190362963,10.7680496174845,16.));
#6758=CARTESIAN_POINT('Ctrl Pts',(2.70435530665886,10.7680496174845,16.));
#6759=CARTESIAN_POINT('Ctrl Pts',(3.1616887096881,10.7680496174845,16.));
#6760=CARTESIAN_POINT('Ctrl Pts',(3.61902211271734,10.7680496174845,16.));
#6761=CARTESIAN_POINT('Origin',(7.36830032968096,0.605656558064247,16.));
#6762=CARTESIAN_POINT('',(4.64880087914923,9.96938565740243,16.));
#6763=CARTESIAN_POINT('Origin',(0.,0.,16.));
#6764=CARTESIAN_POINT('',(0.,0.,16.));
#6765=CARTESIAN_POINT('Origin',(4.75445544458444,10.1959626041616,16.));
#6766=CARTESIAN_POINT('',(3.48660065936192,7.47703924305183,16.));
#6767=CARTESIAN_POINT('',(0.,0.,16.));
#6768=CARTESIAN_POINT('',(3.48660065936192,7.47703924305183,9.5));
#6769=CARTESIAN_POINT('',(3.48660065936192,7.47703924305183,16.));
#6770=CARTESIAN_POINT('',(0.,0.,9.5));
#6771=CARTESIAN_POINT('Origin',(7.36830032968096,0.605656558064247,9.5));
#6772=CARTESIAN_POINT('',(4.96497394100339,-6.58874295789093,9.5));
#6773=CARTESIAN_POINT('Origin',(0.,0.,9.5));
#6774=CARTESIAN_POINT('',(6.61996525467118,-8.78499061052124,9.5));
#6775=CARTESIAN_POINT('',(0.,0.,9.5));
#6776=CARTESIAN_POINT('',(9.,-6.32455532033676,9.5));
#6777=CARTESIAN_POINT('Origin',(0.,0.,9.5));
#6778=CARTESIAN_POINT('',(9.,0.302828279032124,9.5));
#6779=CARTESIAN_POINT('Ctrl Pts',(-3.77699519651337,-6.62596535759629,-12.4999999999999));
#6780=CARTESIAN_POINT('Ctrl Pts',(-3.78015360315903,-6.62701815981192,-12.4999999999999));
#6781=CARTESIAN_POINT('Ctrl Pts',(-3.78331359267843,-6.62807148965177,-12.4999910782852));
#6782=CARTESIAN_POINT('Ctrl Pts',(-4.0797761190916,-6.72689233179134,-12.4979740004908));
#6783=CARTESIAN_POINT('Ctrl Pts',(-4.47661479535563,-6.85917189054373,-12.3831376417063));
#6784=CARTESIAN_POINT('Ctrl Pts',(-4.89669189974504,-6.99919759200729,-12.0185160451706));
#6785=CARTESIAN_POINT('Ctrl Pts',(-5.03861450834749,-7.04650512820767,-11.8209452057426));
#6786=CARTESIAN_POINT('Ctrl Pts',(-5.09786880240077,-7.06625655955876,-11.7108395861725));
#6787=CARTESIAN_POINT('Ctrl Pts',(-3.77699519651337,-6.62596535759629,-12.4999999999999));
#6788=CARTESIAN_POINT('Ctrl Pts',(-3.7794536741521,-6.62771647288068,-12.4999520266023));
#6789=CARTESIAN_POINT('Ctrl Pts',(-3.78190823778202,-6.62947797238993,-12.500048776846));
#6790=CARTESIAN_POINT('Ctrl Pts',(-4.01239773677564,-6.79438864574663,-12.496021204094));
#6791=CARTESIAN_POINT('Ctrl Pts',(-4.32203255502352,-7.01404275789711,-12.4459273048804));
#6792=CARTESIAN_POINT('Ctrl Pts',(-4.75203460396554,-7.303035361276,-12.1765192604542));
#6793=CARTESIAN_POINT('Ctrl Pts',(-4.926673904853,-7.41822132061814,-11.9943917593296));
#6794=CARTESIAN_POINT('Ctrl Pts',(-5.00693199080339,-7.4711856988777,-11.8798172804077));
#6795=CARTESIAN_POINT('Ctrl Pts',(-3.77699519651337,-6.62596535759629,-12.4999999999999));
#6796=CARTESIAN_POINT('Ctrl Pts',(-3.77874631179682,-6.6284238352357,-12.4999520266023));
#6797=CARTESIAN_POINT('Ctrl Pts',(-3.78050781130607,-6.63087839886581,-12.500048776846));
#6798=CARTESIAN_POINT('Ctrl Pts',(-3.94541848466092,-6.86136789786516,-12.4960212040939));
#6799=CARTESIAN_POINT('Ctrl Pts',(-4.16507259681404,-7.17100271610633,-12.4459273048804));
#6800=CARTESIAN_POINT('Ctrl Pts',(-4.45406520019253,-7.60100476504971,-12.1765192604542));
#6801=CARTESIAN_POINT('Ctrl Pts',(-4.56925115953521,-7.77564406593594,-11.9943917593296));
#6802=CARTESIAN_POINT('Ctrl Pts',(-4.62221553779477,-7.85590215188632,-11.8798172804077));
#6803=CARTESIAN_POINT('Ctrl Pts',(-3.77699519651337,-6.62596535759629,-12.4999999999999));
#6804=CARTESIAN_POINT('Ctrl Pts',(-3.77804799872778,-6.62912376424236,-12.4999999999999));
#6805=CARTESIAN_POINT('Ctrl Pts',(-3.77910132856785,-6.63228375376217,-12.4999910782853));
#6806=CARTESIAN_POINT('Ctrl Pts',(-3.87792217070568,-6.92874628018117,-12.4979740004907));
#6807=CARTESIAN_POINT('Ctrl Pts',(-4.01020172946064,-7.32558495643843,-12.3831376417063));
#6808=CARTESIAN_POINT('Ctrl Pts',(-4.15022743092383,-7.74566206082921,-12.0185160451706));
#6809=CARTESIAN_POINT('Ctrl Pts',(-4.19753496712474,-7.88758466943043,-11.8209452057426));
#6810=CARTESIAN_POINT('Ctrl Pts',(-4.21728639847583,-7.9468389634837,-11.7108395861725));
#6811=CARTESIAN_POINT('',(-5.09786880240077,-7.06625655955876,-11.7108395861725));
#6812=CARTESIAN_POINT('',(-4.21728639847583,-7.9468389634837,-11.7108395861725));
#6813=CARTESIAN_POINT('Origin',(-4.21728639847583,-7.06625655955876,-11.2369465287241));
#6814=CARTESIAN_POINT('Ctrl Pts',(-3.77699519651337,-6.62596535759629,-12.4999999999999));
#6815=CARTESIAN_POINT('Ctrl Pts',(-3.78015360315903,-6.62701815981192,-12.4999999999999));
#6816=CARTESIAN_POINT('Ctrl Pts',(-3.78331359267843,-6.62807148965177,-12.4999910782852));
#6817=CARTESIAN_POINT('Ctrl Pts',(-4.0797761190916,-6.72689233179134,-12.4979740004908));
#6818=CARTESIAN_POINT('Ctrl Pts',(-4.47661479535563,-6.85917189054373,-12.3831376417063));
#6819=CARTESIAN_POINT('Ctrl Pts',(-4.89669189974504,-6.99919759200729,-12.0185160451706));
#6820=CARTESIAN_POINT('Ctrl Pts',(-5.03861450834749,-7.04650512820767,-11.8209452057426));
#6821=CARTESIAN_POINT('Ctrl Pts',(-5.09786880240077,-7.06625655955876,-11.7108395861725));
#6822=CARTESIAN_POINT('Ctrl Pts',(-4.21728639847583,-7.9468389634837,-11.7108395861725));
#6823=CARTESIAN_POINT('Ctrl Pts',(-4.19753496712474,-7.88758466943043,-11.8209452057426));
#6824=CARTESIAN_POINT('Ctrl Pts',(-4.15022743092383,-7.74566206082921,-12.0185160451706));
#6825=CARTESIAN_POINT('Ctrl Pts',(-4.01020172946064,-7.32558495643843,-12.3831376417063));
#6826=CARTESIAN_POINT('Ctrl Pts',(-3.87792217070568,-6.92874628018117,-12.4979740004907));
#6827=CARTESIAN_POINT('Ctrl Pts',(-3.77910132856785,-6.63228375376217,-12.4999910782853));
#6828=CARTESIAN_POINT('Ctrl Pts',(-3.77804799872778,-6.62912376424236,-12.4999999999999));
#6829=CARTESIAN_POINT('Ctrl Pts',(-3.77699519651337,-6.62596535759629,-12.4999999999999));
#6830=CARTESIAN_POINT('Ctrl Pts',(-5.09786880240077,-7.06625655955876,-11.7108395861725));
#6831=CARTESIAN_POINT('Ctrl Pts',(-5.11764555820371,-7.09241873178089,-11.6740906553894));
#6832=CARTESIAN_POINT('Ctrl Pts',(-5.13964824465057,-7.1097989986468,-11.6350458955195));
#6833=CARTESIAN_POINT('Ctrl Pts',(-5.16303308072979,-7.11873254922566,-11.595705649293));
#6834=CARTESIAN_POINT('Ctrl Pts',(-5.04590491005941,-7.29764463916958,-11.8073982685926));
#6835=CARTESIAN_POINT('Ctrl Pts',(-5.07449047717952,-7.34259760184884,-11.7515997833941));
#6836=CARTESIAN_POINT('Ctrl Pts',(-5.106241558004,-7.37580091892892,-11.6917660707905));
#6837=CARTESIAN_POINT('Ctrl Pts',(-5.14191118654548,-7.39837787701555,-11.6312389545155));
#6838=CARTESIAN_POINT('Ctrl Pts',(-4.79622585299077,-7.7002878117593,-11.8897172339286));
#6839=CARTESIAN_POINT('Ctrl Pts',(-4.83051799202376,-7.77730195479857,-11.7926550214274));
#6840=CARTESIAN_POINT('Ctrl Pts',(-4.87002536434942,-7.83854141576701,-11.6880274334012));
#6841=CARTESIAN_POINT('Ctrl Pts',(-4.91387350011859,-7.88365258246332,-11.5791369626049));
#6842=CARTESIAN_POINT('Ctrl Pts',(-4.39082745818395,-7.90786604422768,-11.7832585979876));
#6843=CARTESIAN_POINT('Ctrl Pts',(-4.41940456702768,-7.99029653953122,-11.6493453784772));
#6844=CARTESIAN_POINT('Ctrl Pts',(-4.45163267472876,-8.0493909858158,-11.5061581830568));
#6845=CARTESIAN_POINT('Ctrl Pts',(-4.48636680921165,-8.0861046850285,-11.3598304890023));
#6846=CARTESIAN_POINT('Ctrl Pts',(-4.21728639847583,-7.9468389634837,-11.7108395861725));
#6847=CARTESIAN_POINT('Ctrl Pts',(-4.24344857069796,-8.02532548015008,-11.5649968808712));
#6848=CARTESIAN_POINT('Ctrl Pts',(-4.27255264068313,-8.0774662807478,-11.4100645307933));
#6849=CARTESIAN_POINT('Ctrl Pts',(-4.30343325661323,-8.10426693248439,-11.2542134018563));
#6850=CARTESIAN_POINT('',(-5.16303308072979,-7.11873254922566,-11.595705649293));
#6851=CARTESIAN_POINT('',(-4.30343325661323,-8.10426693248439,-11.2542134018563));
#6852=CARTESIAN_POINT('Origin',(-4.30343325661323,-7.11873254922566,-11.0847378006187));
#6853=CARTESIAN_POINT('Ctrl Pts',(-5.09786880240077,-7.06625655955876,-11.7108395861725));
#6854=CARTESIAN_POINT('Ctrl Pts',(-5.11764555820371,-7.09241873178089,-11.6740906553894));
#6855=CARTESIAN_POINT('Ctrl Pts',(-5.13964824465057,-7.1097989986468,-11.6350458955195));
#6856=CARTESIAN_POINT('Ctrl Pts',(-5.16303308072979,-7.11873254922566,-11.595705649293));
#6857=CARTESIAN_POINT('Ctrl Pts',(-4.30343325661323,-8.10426693248439,-11.2542134018563));
#6858=CARTESIAN_POINT('Ctrl Pts',(-4.27255264068313,-8.0774662807478,-11.4100645307933));
#6859=CARTESIAN_POINT('Ctrl Pts',(-4.24344857069796,-8.02532548015008,-11.5649968808712));
#6860=CARTESIAN_POINT('Ctrl Pts',(-4.21728639847583,-7.9468389634837,-11.7108395861725));
#6861=CARTESIAN_POINT('Ctrl Pts',(-10.7004849344682,-9.65121510986923,-7.46799350232393));
#6862=CARTESIAN_POINT('Ctrl Pts',(-10.3565223469612,-9.57915704912823,-7.60293650503276));
#6863=CARTESIAN_POINT('Ctrl Pts',(-9.68862744755898,-9.41533247112404,-7.90716781051075));
#6864=CARTESIAN_POINT('Ctrl Pts',(-8.69399728442215,-9.17451398265554,-8.35785424398567));
#6865=CARTESIAN_POINT('Ctrl Pts',(-7.38896090740596,-8.85752859057439,-8.98047684931743));
#6866=CARTESIAN_POINT('Ctrl Pts',(-5.78255137542955,-8.48316562469125,-9.79980688522917));
#6867=CARTESIAN_POINT('Ctrl Pts',(-4.68299154017746,-8.2005068017881,-10.6945593894408));
#6868=CARTESIAN_POINT('Ctrl Pts',(-4.30343325661323,-8.10426693248439,-11.2542134018563));
#6869=CARTESIAN_POINT('Ctrl Pts',(-10.7856813491843,-9.55949742169009,-7.63975305451187));
#6870=CARTESIAN_POINT('Ctrl Pts',(-10.4495082346679,-9.4882096045562,-7.77225527004825));
#6871=CARTESIAN_POINT('Ctrl Pts',(-9.78717244096233,-9.32509063238659,-8.07435503079432));
#6872=CARTESIAN_POINT('Ctrl Pts',(-8.79549272361962,-9.08544501915196,-8.52732277735721));
#6873=CARTESIAN_POINT('Ctrl Pts',(-7.50296334248067,-8.77357443623963,-9.15388734087518));
#6874=CARTESIAN_POINT('Ctrl Pts',(-5.91696532237776,-8.40906673602789,-9.98688433720003));
#6875=CARTESIAN_POINT('Ctrl Pts',(-4.89092008549332,-8.15843647649436,-10.8688532701619));
#6876=CARTESIAN_POINT('Ctrl Pts',(-4.54734466007779,-8.0800506025432,-11.3950361847176));
#6877=CARTESIAN_POINT('Ctrl Pts',(-10.9343729434313,-9.29111127125221,-7.88168356310963));
#6878=CARTESIAN_POINT('Ctrl Pts',(-10.61175614952,-9.22043441000419,-8.00916452897369));
#6879=CARTESIAN_POINT('Ctrl Pts',(-9.95929423498131,-9.05809007753049,-8.30706170292694));
#6880=CARTESIAN_POINT('Ctrl Pts',(-8.97274601405855,-8.81747993172452,-8.76374367886543));
#6881=CARTESIAN_POINT('Ctrl Pts',(-7.70226190941758,-8.50436380398737,-9.39689788848251));
#6882=CARTESIAN_POINT('Ctrl Pts',(-6.15189372462436,-8.13556175340334,-10.2537603199309));
#6883=CARTESIAN_POINT('Ctrl Pts',(-5.25324784852844,-7.8913754938486,-11.1194756792797));
#6884=CARTESIAN_POINT('Ctrl Pts',(-4.97058660126748,-7.81858276497218,-11.6016590514159));
#6885=CARTESIAN_POINT('Ctrl Pts',(-11.032481887428,-8.92563769748023,-7.94071565142641));
#6886=CARTESIAN_POINT('Ctrl Pts',(-10.7184626261297,-8.8548093924219,-8.06303401331534));
#6887=CARTESIAN_POINT('Ctrl Pts',(-10.0714971624974,-8.69191837135814,-8.35644026522929));
#6888=CARTESIAN_POINT('Ctrl Pts',(-9.08764879989519,-8.44744040585055,-8.81359739689454));
#6889=CARTESIAN_POINT('Ctrl Pts',(-7.82500149874169,-8.12088641620277,-9.44468194550926));
#6890=CARTESIAN_POINT('Ctrl Pts',(-6.29019630022364,-7.72542253963207,-10.3049176878724));
#6891=CARTESIAN_POINT('Ctrl Pts',(-5.42459806379269,-7.42723082677364,-11.1444865295951));
#6892=CARTESIAN_POINT('Ctrl Pts',(-5.14719166009156,-7.32846654506808,-11.6223556282099));
#6893=CARTESIAN_POINT('Ctrl Pts',(-11.0605610809169,-8.76910238820846,-7.92987804887168));
#6894=CARTESIAN_POINT('Ctrl Pts',(-10.7488537173992,-8.69821124200575,-8.05018636615016));
#6895=CARTESIAN_POINT('Ctrl Pts',(-10.1032059153852,-8.5350759623711,-8.34187718459601));
#6896=CARTESIAN_POINT('Ctrl Pts',(-9.11984099182783,-8.28894623340468,-8.79854216801144));
#6897=CARTESIAN_POINT('Ctrl Pts',(-7.85723211005991,-7.95663403614403,-9.4272013073516));
#6898=CARTESIAN_POINT('Ctrl Pts',(-6.32390430884766,-7.5497786676945,-10.284416848979));
#6899=CARTESIAN_POINT('Ctrl Pts',(-5.45045960951889,-7.22853615973402,-11.1121687805162));
#6900=CARTESIAN_POINT('Ctrl Pts',(-5.16303308072979,-7.11873254922566,-11.595705649293));
#6901=CARTESIAN_POINT('',(-10.7004849344682,-9.65121510986923,-7.46799350232393));
#6902=CARTESIAN_POINT('Ctrl Pts',(-10.7004849344682,-9.65121510986923,-7.46799350232393));
#6903=CARTESIAN_POINT('Ctrl Pts',(-10.3565223469612,-9.57915704912823,-7.60293650503276));
#6904=CARTESIAN_POINT('Ctrl Pts',(-9.68862744755898,-9.41533247112404,-7.90716781051075));
#6905=CARTESIAN_POINT('Ctrl Pts',(-8.69399728442215,-9.17451398265554,-8.35785424398567));
#6906=CARTESIAN_POINT('Ctrl Pts',(-7.38896090740596,-8.85752859057439,-8.98047684931743));
#6907=CARTESIAN_POINT('Ctrl Pts',(-5.78255137542955,-8.48316562469125,-9.79980688522917));
#6908=CARTESIAN_POINT('Ctrl Pts',(-4.68299154017746,-8.2005068017881,-10.6945593894408));
#6909=CARTESIAN_POINT('Ctrl Pts',(-4.30343325661323,-8.10426693248439,-11.2542134018563));
#6910=CARTESIAN_POINT('',(-11.0605610809169,-8.76910238820846,-7.92987804887168));
#6911=CARTESIAN_POINT('Origin',(-10.7004849344682,-8.76910238820846,-6.99695513203522));
#6912=CARTESIAN_POINT('Ctrl Pts',(-5.16303308072979,-7.11873254922566,-11.595705649293));
#6913=CARTESIAN_POINT('Ctrl Pts',(-5.45045960951889,-7.22853615973402,-11.1121687805162));
#6914=CARTESIAN_POINT('Ctrl Pts',(-6.32390430884766,-7.5497786676945,-10.284416848979));
#6915=CARTESIAN_POINT('Ctrl Pts',(-7.85723211005991,-7.95663403614403,-9.4272013073516));
#6916=CARTESIAN_POINT('Ctrl Pts',(-9.11984099182783,-8.28894623340468,-8.79854216801144));
#6917=CARTESIAN_POINT('Ctrl Pts',(-10.1032059153852,-8.5350759623711,-8.34187718459601));
#6918=CARTESIAN_POINT('Ctrl Pts',(-10.7488537173992,-8.69821124200575,-8.05018636615016));
#6919=CARTESIAN_POINT('Ctrl Pts',(-11.0605610809169,-8.76910238820846,-7.92987804887168));
#6920=CARTESIAN_POINT('Ctrl Pts',(-14.8738635424326,-11.,-3.00000000000293));
#6921=CARTESIAN_POINT('Ctrl Pts',(-14.6424152021315,-10.9999999999998,-3.60642629077604));
#6922=CARTESIAN_POINT('Ctrl Pts',(-14.2019166253846,-10.8882994549351,-4.49139688849361));
#6923=CARTESIAN_POINT('Ctrl Pts',(-12.9322792158068,-10.3461015146489,-6.22642303178893));
#6924=CARTESIAN_POINT('Ctrl Pts',(-11.7606884140326,-9.87331311977619,-7.05207095258575));
#6925=CARTESIAN_POINT('Ctrl Pts',(-10.7004849344375,-9.65121510990173,-7.46799350226306));
#6926=CARTESIAN_POINT('Ctrl Pts',(-15.1480842307715,-11.,-3.11967972013977));
#6927=CARTESIAN_POINT('Ctrl Pts',(-14.9019326202139,-10.9906125649954,-3.7452270260631));
#6928=CARTESIAN_POINT('Ctrl Pts',(-14.4318739049591,-10.856217888912,-4.6479220110701));
#6929=CARTESIAN_POINT('Ctrl Pts',(-13.0934469558404,-10.2689781904778,-6.38943916240789));
#6930=CARTESIAN_POINT('Ctrl Pts',(-11.8806135585457,-9.78665606946813,-7.21773760836139));
#6931=CARTESIAN_POINT('Ctrl Pts',(-10.7856785502713,-9.5594970725926,-7.6397537082666));
#6932=CARTESIAN_POINT('Ctrl Pts',(-15.6228730022853,-10.7489011493192,-3.32689452819487));
#6933=CARTESIAN_POINT('Ctrl Pts',(-15.3521490088582,-10.734426004217,-3.96573887619882));
#6934=CARTESIAN_POINT('Ctrl Pts',(-14.8315160396055,-10.5905560096724,-4.87116396070769));
#6935=CARTESIAN_POINT('Ctrl Pts',(-13.3763869378442,-10.0012007185721,-6.60233841375563));
#6936=CARTESIAN_POINT('Ctrl Pts',(-12.089701653909,-9.51929982853781,-7.4457482559224));
#6937=CARTESIAN_POINT('Ctrl Pts',(-10.9343639742384,-9.29110819368704,-7.88168089576747));
#6938=CARTESIAN_POINT('Ctrl Pts',(-15.7903786814236,-10.2243994752564,-3.40000000000299));
#6939=CARTESIAN_POINT('Ctrl Pts',(-15.5217249338765,-10.2200879288979,-4.01536680877055));
#6940=CARTESIAN_POINT('Ctrl Pts',(-15.0081457988562,-10.1098501290716,-4.88710004002773));
#6941=CARTESIAN_POINT('Ctrl Pts',(-13.5466726127132,-9.60501740870587,-6.60411065316065));
#6942=CARTESIAN_POINT('Ctrl Pts',(-12.2246862295494,-9.14703228887578,-7.48549245276623));
#6943=CARTESIAN_POINT('Ctrl Pts',(-11.0324711878812,-8.9256375493788,-7.94071938365075));
#6944=CARTESIAN_POINT('Ctrl Pts',(-15.7903786814237,-10.,-3.40000000000292));
#6945=CARTESIAN_POINT('Ctrl Pts',(-15.5280705624156,-9.99999999999985,-4.00102340538021));
#6946=CARTESIAN_POINT('Ctrl Pts',(-15.0288388421026,-9.90411878061161,-4.85493794620221));
#6947=CARTESIAN_POINT('Ctrl Pts',(-13.589916444581,-9.43526568543279,-6.56640318178325));
#6948=CARTESIAN_POINT('Ctrl Pts',(-12.2621135359037,-8.98760372351617,-7.46613714424116));
#6949=CARTESIAN_POINT('Ctrl Pts',(-11.0605495923625,-8.76910238824043,-7.9298824829054));
#6950=CARTESIAN_POINT('',(-14.8738635424326,-11.0000000000006,-3.00000000000172));
#6951=CARTESIAN_POINT('Ctrl Pts',(-14.8738635424326,-11.,-3.00000000000293));
#6952=CARTESIAN_POINT('Ctrl Pts',(-14.6424152021315,-10.9999999999998,-3.60642629077604));
#6953=CARTESIAN_POINT('Ctrl Pts',(-14.2019166253846,-10.8882994549351,-4.49139688849361));
#6954=CARTESIAN_POINT('Ctrl Pts',(-12.9322792158068,-10.3461015146489,-6.22642303178893));
#6955=CARTESIAN_POINT('Ctrl Pts',(-11.7606884140326,-9.87331311977619,-7.05207095258575));
#6956=CARTESIAN_POINT('Ctrl Pts',(-10.7004849344375,-9.65121510990173,-7.46799350226306));
#6957=CARTESIAN_POINT('',(-15.7903786814237,-10.,-3.40000000000292));
#6958=CARTESIAN_POINT('Origin',(-14.8738635424326,-10.,-3.00000000000258));
#6959=CARTESIAN_POINT('Ctrl Pts',(-11.0605607595052,-8.76910441896158,-7.92987817292162));
#6960=CARTESIAN_POINT('Ctrl Pts',(-12.2621201174442,-8.98760594244882,-7.46613268451318));
#6961=CARTESIAN_POINT('Ctrl Pts',(-13.5899189918417,-9.43526651542271,-6.56640015205195));
#6962=CARTESIAN_POINT('Ctrl Pts',(-15.0288388421026,-9.90411878061161,-4.85493794620221));
#6963=CARTESIAN_POINT('Ctrl Pts',(-15.5280705624156,-9.99999999999985,-4.00102340538021));
#6964=CARTESIAN_POINT('Ctrl Pts',(-15.7903786814237,-10.,-3.40000000000292));
#6965=CARTESIAN_POINT('Origin',(-8.,-10.,0.));
#6966=CARTESIAN_POINT('',(-15.7903786814249,-10.,3.4));
#6967=CARTESIAN_POINT('',(-14.8738635424338,-11.,3.));
#6968=CARTESIAN_POINT('Origin',(-14.8738635424338,-10.,3.));
#6969=CARTESIAN_POINT('Origin',(-8.,-10.,0.));
#6970=CARTESIAN_POINT('Origin',(-8.,-11.,0.));
#6971=CARTESIAN_POINT('Ctrl Pts',(-14.5698272245276,-10.9962071728629,3.62996793855172));
#6972=CARTESIAN_POINT('Ctrl Pts',(-14.6805493923071,-10.9987377717874,3.4245924435878));
#6973=CARTESIAN_POINT('Ctrl Pts',(-14.782039811015,-11.,3.21430822995545));
#6974=CARTESIAN_POINT('Ctrl Pts',(-14.8738635424338,-11.,3.));
#6975=CARTESIAN_POINT('Ctrl Pts',(-14.830931916241,-10.9944358583343,3.77372228639922));
#6976=CARTESIAN_POINT('Ctrl Pts',(-14.9464791947118,-10.9977019344954,3.56054796185837));
#6977=CARTESIAN_POINT('Ctrl Pts',(-15.0523022706336,-10.9995173010992,3.3423082885168));
#6978=CARTESIAN_POINT('Ctrl Pts',(-15.1480842307727,-11.,3.11967972013675));
#6979=CARTESIAN_POINT('Ctrl Pts',(-15.2830856299449,-10.7422999165437,4.01959200846531));
#6980=CARTESIAN_POINT('Ctrl Pts',(-15.4068725390763,-10.7459492600184,3.79409075102076));
#6981=CARTESIAN_POINT('Ctrl Pts',(-15.5203283601161,-10.7481579732002,3.56281041909967));
#6982=CARTESIAN_POINT('Ctrl Pts',(-15.6228742462606,-10.7489022805245,3.32689507110652));
#6983=CARTESIAN_POINT('Ctrl Pts',(-15.4446403764176,-10.2198205252842,4.10211353905743));
#6984=CARTESIAN_POINT('Ctrl Pts',(-15.5705910580514,-10.2226472208468,3.87354626686301));
#6985=CARTESIAN_POINT('Ctrl Pts',(-15.6859768347284,-10.2241777769238,3.63920459105796));
#6986=CARTESIAN_POINT('Ctrl Pts',(-15.7903786814249,-10.2243994752564,3.4));
#6987=CARTESIAN_POINT('Ctrl Pts',(-15.445804187798,-9.99628307778635,4.09999999963054));
#6988=CARTESIAN_POINT('Ctrl Pts',(-15.5712893112814,-9.99876071109079,3.87211276596627));
#6989=CARTESIAN_POINT('Ctrl Pts',(-15.686311785817,-10.,3.63844721323129));
#6990=CARTESIAN_POINT('Ctrl Pts',(-15.7903786814249,-10.,3.4));
#6991=CARTESIAN_POINT('',(-14.5698272245276,-10.9962071728629,3.62996793855172));
#6992=CARTESIAN_POINT('Ctrl Pts',(-14.5698272245276,-10.9962071728629,3.62996793855172));
#6993=CARTESIAN_POINT('Ctrl Pts',(-14.6805493923071,-10.9987377717874,3.4245924435878));
#6994=CARTESIAN_POINT('Ctrl Pts',(-14.782039811015,-11.,3.21430822995545));
#6995=CARTESIAN_POINT('Ctrl Pts',(-14.8738635424338,-11.,3.));
#6996=CARTESIAN_POINT('',(-15.4458041877611,-9.99628307778635,4.09999999969748));
#6997=CARTESIAN_POINT('Origin',(-14.5698272245276,-9.99628307778635,3.61764705849754));
#6998=CARTESIAN_POINT('Ctrl Pts',(-15.7903786814249,-10.,3.4));
#6999=CARTESIAN_POINT('Ctrl Pts',(-15.686311785817,-10.,3.63844721323129));
#7000=CARTESIAN_POINT('Ctrl Pts',(-15.5712893112814,-9.99876071109079,3.87211276596627));
#7001=CARTESIAN_POINT('Ctrl Pts',(-15.445804187798,-9.99628307778635,4.09999999963054));
#7002=CARTESIAN_POINT('Ctrl Pts',(-15.4458041877434,-9.99628307631481,4.09999999972969));
#7003=CARTESIAN_POINT('Ctrl Pts',(-15.2431474866375,-9.99152009543204,4.46803478031236));
#7004=CARTESIAN_POINT('Ctrl Pts',(-14.8536807815748,-9.97278463995315,5.237287479997));
#7005=CARTESIAN_POINT('Ctrl Pts',(-13.97981211191,-9.88073838898501,6.87465183082416));
#7006=CARTESIAN_POINT('Ctrl Pts',(-12.6493791608865,-9.65852164554493,8.77768877699474));
#7007=CARTESIAN_POINT('Ctrl Pts',(-11.2234732316747,-9.19419249566388,10.4563308392369));
#7008=CARTESIAN_POINT('Ctrl Pts',(-10.3818215393729,-8.79619635679283,11.4119361243854));
#7009=CARTESIAN_POINT('Ctrl Pts',(-10.1028524279352,-8.66232882955188,11.7273581332577));
#7010=CARTESIAN_POINT('Ctrl Pts',(-15.444252439182,-10.2943330063476,4.10281805330599));
#7011=CARTESIAN_POINT('Ctrl Pts',(-15.2406025488758,-10.2888152108568,4.47273756604478));
#7012=CARTESIAN_POINT('Ctrl Pts',(-14.8492776274767,-10.2686820340526,5.24663768406834));
#7013=CARTESIAN_POINT('Ctrl Pts',(-13.9682713911437,-10.1704113234368,6.89464773432978));
#7014=CARTESIAN_POINT('Ctrl Pts',(-12.6245790299309,-9.93495114960602,8.8105543460587));
#7015=CARTESIAN_POINT('Ctrl Pts',(-11.1792518559774,-9.44266140951503,10.507255953613));
#7016=CARTESIAN_POINT('Ctrl Pts',(-10.3322063061885,-9.0345492853926,11.4681224317036));
#7017=CARTESIAN_POINT('Ctrl Pts',(-10.0527571966793,-8.8998555956267,11.783999309036));
#7018=CARTESIAN_POINT('Ctrl Pts',(-15.2233629375928,-10.8104544115131,3.98754579402269));
#7019=CARTESIAN_POINT('Ctrl Pts',(-15.0165573120916,-10.8037303811032,4.36614593992764));
#7020=CARTESIAN_POINT('Ctrl Pts',(-14.6215862110907,-10.7810590589696,5.15346021351533));
#7021=CARTESIAN_POINT('Ctrl Pts',(-13.7472831836467,-10.6724913737529,6.80422116258351));
#7022=CARTESIAN_POINT('Ctrl Pts',(-12.413422235802,-10.4147541744116,8.73139790687372));
#7023=CARTESIAN_POINT('Ctrl Pts',(-10.9653698132372,-9.87527467587446,10.4767736547753));
#7024=CARTESIAN_POINT('Ctrl Pts',(-10.1170075203282,-9.44948755513026,11.4521410294156));
#7025=CARTESIAN_POINT('Ctrl Pts',(-9.83744289720653,-9.3133955618333,11.7693197590251));
#7026=CARTESIAN_POINT('Ctrl Pts',(-14.7656556922701,-10.9948786855167,3.73778379475355));
#7027=CARTESIAN_POINT('Ctrl Pts',(-14.5546170230331,-10.9891692215073,4.12819621924817));
#7028=CARTESIAN_POINT('Ctrl Pts',(-14.1574038893593,-10.9686844889639,4.92888945234028));
#7029=CARTESIAN_POINT('Ctrl Pts',(-13.3128259993154,-10.8668367961465,6.55288615910814));
#7030=CARTESIAN_POINT('Ctrl Pts',(-12.0300489698349,-10.6241672784289,8.46082626783801));
#7031=CARTESIAN_POINT('Ctrl Pts',(-10.6168535553505,-10.0977495315242,10.2534228575738));
#7032=CARTESIAN_POINT('Ctrl Pts',(-9.77765850717794,-9.67252128048834,11.2459429903328));
#7033=CARTESIAN_POINT('Ctrl Pts',(-9.49878079091117,-9.5365005343508,11.5646141990205));
#7034=CARTESIAN_POINT('Ctrl Pts',(-14.5698271587664,-10.9962071713599,3.62996806053031));
#7035=CARTESIAN_POINT('Ctrl Pts',(-14.3569759316801,-10.9913423698236,4.02478005808763));
#7036=CARTESIAN_POINT('Ctrl Pts',(-13.9588131048958,-10.9725159671843,4.82975722008522));
#7037=CARTESIAN_POINT('Ctrl Pts',(-13.1269264974354,-10.8767016789795,6.43861978305807));
#7038=CARTESIAN_POINT('Ctrl Pts',(-11.865978161858,-10.6473073483344,8.33233888778414));
#7039=CARTESIAN_POINT('Ctrl Pts',(-10.4676417012476,-10.1392945737207,10.1382453501509));
#7040=CARTESIAN_POINT('Ctrl Pts',(-9.63237304081815,-9.71831303891247,11.1368119888666));
#7041=CARTESIAN_POINT('Ctrl Pts',(-9.35378745531217,-9.58266240794724,11.4559959739044));
#7042=CARTESIAN_POINT('',(-10.1028524279346,-8.66232882955188,11.7273581332584));
#7043=CARTESIAN_POINT('',(-9.35378745531216,-9.58266240794723,11.4559959739044));
#7044=CARTESIAN_POINT('Origin',(-9.35378745531217,-8.66232882955189,11.0648615922937));
#7045=CARTESIAN_POINT('Ctrl Pts',(-15.4458041877434,-9.99628307631481,4.09999999972969));
#7046=CARTESIAN_POINT('Ctrl Pts',(-15.2431474866375,-9.99152009543204,4.46803478031236));
#7047=CARTESIAN_POINT('Ctrl Pts',(-14.8536807815748,-9.97278463995315,5.237287479997));
#7048=CARTESIAN_POINT('Ctrl Pts',(-13.97981211191,-9.88073838898501,6.87465183082416));
#7049=CARTESIAN_POINT('Ctrl Pts',(-12.6493791608865,-9.65852164554493,8.77768877699474));
#7050=CARTESIAN_POINT('Ctrl Pts',(-11.2234732316747,-9.19419249566388,10.4563308392369));
#7051=CARTESIAN_POINT('Ctrl Pts',(-10.3818215393729,-8.79619635679283,11.4119361243854));
#7052=CARTESIAN_POINT('Ctrl Pts',(-10.1028524279352,-8.66232882955188,11.7273581332577));
#7053=CARTESIAN_POINT('Ctrl Pts',(-9.35378745531217,-9.58266240794724,11.4559959739044));
#7054=CARTESIAN_POINT('Ctrl Pts',(-9.63237304081815,-9.71831303891247,11.1368119888666));
#7055=CARTESIAN_POINT('Ctrl Pts',(-10.4676417012476,-10.1392945737207,10.1382453501509));
#7056=CARTESIAN_POINT('Ctrl Pts',(-11.865978161858,-10.6473073483344,8.33233888778414));
#7057=CARTESIAN_POINT('Ctrl Pts',(-13.1269264974354,-10.8767016789795,6.43861978305807));
#7058=CARTESIAN_POINT('Ctrl Pts',(-13.9588131048958,-10.9725159671843,4.82975722008522));
#7059=CARTESIAN_POINT('Ctrl Pts',(-14.3569759316801,-10.9913423698236,4.02478005808763));
#7060=CARTESIAN_POINT('Ctrl Pts',(-14.5698271587664,-10.9962071713599,3.62996806053031));
#7061=CARTESIAN_POINT('Ctrl Pts',(-10.1028524279346,-8.66232882955157,11.7273581332584));
#7062=CARTESIAN_POINT('Ctrl Pts',(-9.67230467561029,-8.45572400987903,12.2141655660013));
#7063=CARTESIAN_POINT('Ctrl Pts',(-8.81671186252846,-8.03639093730725,13.1782223987035));
#7064=CARTESIAN_POINT('Ctrl Pts',(-7.42974021027727,-7.50996872606428,14.8357917885185));
#7065=CARTESIAN_POINT('Ctrl Pts',(-6.01961971216552,-7.16621535357317,16.7613057682149));
#7066=CARTESIAN_POINT('Ctrl Pts',(-5.28328010848384,-7.05445447127295,18.2448868199216));
#7067=CARTESIAN_POINT('Ctrl Pts',(-5.0509031177387,-7.02518176390036,19.0081127823821));
#7068=CARTESIAN_POINT('Ctrl Pts',(-10.0527571966786,-8.89985559562638,11.7839993090367));
#7069=CARTESIAN_POINT('Ctrl Pts',(-9.62146863799864,-8.69197571572819,12.2715087642799));
#7070=CARTESIAN_POINT('Ctrl Pts',(-8.77023218617424,-8.28110048947708,13.2315150457852));
#7071=CARTESIAN_POINT('Ctrl Pts',(-7.39946488612771,-7.77915275730841,14.8750840480676));
#7072=CARTESIAN_POINT('Ctrl Pts',(-6.00526078640798,-7.45388830038855,16.7856860895063));
#7073=CARTESIAN_POINT('Ctrl Pts',(-5.27760114954309,-7.34951590438122,18.2596477946539));
#7074=CARTESIAN_POINT('Ctrl Pts',(-5.04811153508822,-7.32235720757298,19.0172815402198));
#7075=CARTESIAN_POINT('Ctrl Pts',(-9.83744261535934,-9.31339514133168,11.7693193310423));
#7076=CARTESIAN_POINT('Ctrl Pts',(-9.40597577842496,-9.10335718579833,12.2588380036102));
#7077=CARTESIAN_POINT('Ctrl Pts',(-8.55580278544705,-8.70731821492528,13.2068781441114));
#7078=CARTESIAN_POINT('Ctrl Pts',(-7.18498735323343,-8.24672038171158,14.8141847294296));
#7079=CARTESIAN_POINT('Ctrl Pts',(-5.78541844407935,-7.9527369209702,16.6987666513196));
#7080=CARTESIAN_POINT('Ctrl Pts',(-5.04238453863966,-7.86077904382866,18.1869844061077));
#7081=CARTESIAN_POINT('Ctrl Pts',(-4.80622830590117,-7.8370169616205,18.9609868898229));
#7082=CARTESIAN_POINT('Ctrl Pts',(-9.49878079091053,-9.53650053435047,11.5646141990213));
#7083=CARTESIAN_POINT('Ctrl Pts',(-9.06837409357695,-9.32657253831832,12.0564362933164));
#7084=CARTESIAN_POINT('Ctrl Pts',(-8.21057296008198,-8.93011896279106,12.98956070943));
#7085=CARTESIAN_POINT('Ctrl Pts',(-6.80627160312712,-8.46002634693387,14.5630075832834));
#7086=CARTESIAN_POINT('Ctrl Pts',(-5.35912753614152,-8.14968199411344,16.4421622434767));
#7087=CARTESIAN_POINT('Ctrl Pts',(-4.56352587815455,-8.04875298848633,17.9918221783189));
#7088=CARTESIAN_POINT('Ctrl Pts',(-4.30760000826917,-8.02242662532253,18.8154218442749));
#7089=CARTESIAN_POINT('Ctrl Pts',(-9.35378745531153,-9.58266240794691,11.4559959739052));
#7090=CARTESIAN_POINT('Ctrl Pts',(-8.92383161879833,-9.37330563019307,11.9486094630033));
#7091=CARTESIAN_POINT('Ctrl Pts',(-8.06275897087771,-8.97334542887367,12.8763717536931));
#7092=CARTESIAN_POINT('Ctrl Pts',(-6.64417743673132,-8.48818193662432,14.4406042972174));
#7093=CARTESIAN_POINT('Ctrl Pts',(-5.17670254542747,-8.16171027168873,16.3242423017315));
#7094=CARTESIAN_POINT('Ctrl Pts',(-4.3586261832213,-8.05315127248522,17.9040652130793));
#7095=CARTESIAN_POINT('Ctrl Pts',(-4.09426095438289,-8.02461396168287,18.7505409203021));
#7096=CARTESIAN_POINT('',(-5.0509031177387,-7.02518176390036,19.0081127823821));
#7097=CARTESIAN_POINT('',(-4.09426095369859,-8.02461396169006,18.7505409200886));
#7098=CARTESIAN_POINT('Origin',(-4.09426095438289,-7.02518176390036,18.7168469737297));
#7099=CARTESIAN_POINT('Ctrl Pts',(-10.1028524279346,-8.66232882955157,11.7273581332584));
#7100=CARTESIAN_POINT('Ctrl Pts',(-9.67230467561029,-8.45572400987903,12.2141655660013));
#7101=CARTESIAN_POINT('Ctrl Pts',(-8.81671186252846,-8.03639093730725,13.1782223987035));
#7102=CARTESIAN_POINT('Ctrl Pts',(-7.42974021027727,-7.50996872606428,14.8357917885185));
#7103=CARTESIAN_POINT('Ctrl Pts',(-6.01961971216552,-7.16621535357317,16.7613057682149));
#7104=CARTESIAN_POINT('Ctrl Pts',(-5.28328010848384,-7.05445447127295,18.2448868199216));
#7105=CARTESIAN_POINT('Ctrl Pts',(-5.0509031177387,-7.02518176390036,19.0081127823821));
#7106=CARTESIAN_POINT('Ctrl Pts',(-4.09426095438289,-8.02461396168287,18.7505409203021));
#7107=CARTESIAN_POINT('Ctrl Pts',(-4.3586261832213,-8.05315127248522,17.9040652130793));
#7108=CARTESIAN_POINT('Ctrl Pts',(-5.17670254542747,-8.16171027168873,16.3242423017315));
#7109=CARTESIAN_POINT('Ctrl Pts',(-6.64417743673132,-8.48818193662432,14.4406042972174));
#7110=CARTESIAN_POINT('Ctrl Pts',(-8.06275897087771,-8.97334542887367,12.8763717536931));
#7111=CARTESIAN_POINT('Ctrl Pts',(-8.92383161879833,-9.37330563019307,11.9486094630033));
#7112=CARTESIAN_POINT('Ctrl Pts',(-9.35378745531153,-9.58266240794691,11.4559959739052));
#7113=CARTESIAN_POINT('Ctrl Pts',(-5.0509031177773,-7.02518176390522,19.0081127822553));
#7114=CARTESIAN_POINT('Ctrl Pts',(-5.03995590129872,-7.0238027346426,19.0440681486011));
#7115=CARTESIAN_POINT('Ctrl Pts',(-5.02934587303829,-7.01737769330271,19.079936298633));
#7116=CARTESIAN_POINT('Ctrl Pts',(-5.0193468330006,-7.00597795691659,19.1146943887511));
#7117=CARTESIAN_POINT('Ctrl Pts',(-5.04811153507741,-7.32235720753907,19.0172815402547));
#7118=CARTESIAN_POINT('Ctrl Pts',(-5.03027351472532,-7.31562385675715,19.0754135567114));
#7119=CARTESIAN_POINT('Ctrl Pts',(-5.01394065599673,-7.30166334619851,19.1326017337245));
#7120=CARTESIAN_POINT('Ctrl Pts',(-4.99837887554496,-7.28031365681899,19.1875820011709));
#7121=CARTESIAN_POINT('Ctrl Pts',(-4.80622754820749,-7.83701601130131,18.9609866274352));
#7122=CARTESIAN_POINT('Ctrl Pts',(-4.78429436180359,-7.82164643293934,19.0609978668533));
#7123=CARTESIAN_POINT('Ctrl Pts',(-4.76365415963264,-7.79431440053539,19.1585464039418));
#7124=CARTESIAN_POINT('Ctrl Pts',(-4.74488098443409,-7.75621555657217,19.251562115711));
#7125=CARTESIAN_POINT('Ctrl Pts',(-4.30760000828837,-8.02242662526853,18.8154218447231));
#7126=CARTESIAN_POINT('Ctrl Pts',(-4.29232422269896,-8.01300315238476,18.9357810695353));
#7127=CARTESIAN_POINT('Ctrl Pts',(-4.27766824469024,-7.989192769313,19.0546534675884));
#7128=CARTESIAN_POINT('Ctrl Pts',(-4.26407402414232,-7.95127657260994,19.169360098066));
#7129=CARTESIAN_POINT('Ctrl Pts',(-4.09426095442681,-8.02461396166756,18.7505409207562));
#7130=CARTESIAN_POINT('Ctrl Pts',(-4.08180678080051,-8.02047687387969,18.8732555056403));
#7131=CARTESIAN_POINT('Ctrl Pts',(-4.06972198560164,-8.00120174986002,18.9958130572018));
#7132=CARTESIAN_POINT('Ctrl Pts',(-4.05832224921552,-7.96700254070167,19.1146943887511));
#7133=CARTESIAN_POINT('',(-5.0193468330006,-7.0059779569166,19.1146943887511));
#7134=CARTESIAN_POINT('',(-4.05832224921552,-7.96700254070167,19.1146943887511));
#7135=CARTESIAN_POINT('Origin',(-4.05832224921552,-7.00597795691659,18.8382314629171));
#7136=CARTESIAN_POINT('Ctrl Pts',(-5.0509031177773,-7.02518176390522,19.0081127822553));
#7137=CARTESIAN_POINT('Ctrl Pts',(-5.03995590129872,-7.0238027346426,19.0440681486011));
#7138=CARTESIAN_POINT('Ctrl Pts',(-5.02934587303829,-7.01737769330271,19.079936298633));
#7139=CARTESIAN_POINT('Ctrl Pts',(-5.0193468330006,-7.00597795691659,19.1146943887511));
#7140=CARTESIAN_POINT('Ctrl Pts',(-4.05832224921552,-7.96700254070167,19.1146943887511));
#7141=CARTESIAN_POINT('Ctrl Pts',(-4.06972198560164,-8.00120174986002,18.9958130572018));
#7142=CARTESIAN_POINT('Ctrl Pts',(-4.08180678080051,-8.02047687387969,18.8732555056403));
#7143=CARTESIAN_POINT('Ctrl Pts',(-4.09426095442681,-8.02461396166756,18.7505409207562));
#7144=CARTESIAN_POINT('Ctrl Pts',(-5.0193468330006,-7.00597795691659,19.1146943887511));
#7145=CARTESIAN_POINT('Ctrl Pts',(-4.93345848665086,-6.97734850813334,19.4132545376526));
#7146=CARTESIAN_POINT('Ctrl Pts',(-4.67926739677306,-6.89261814484751,19.7723550137659));
#7147=CARTESIAN_POINT('Ctrl Pts',(-4.15990484655795,-6.71949729477333,20.1175500030391));
#7148=CARTESIAN_POINT('Ctrl Pts',(-3.81533767546755,-6.60464157109007,20.1981901857756));
#7149=CARTESIAN_POINT('Ctrl Pts',(-3.58412368485419,-6.5275702408667,20.1999931420405));
#7150=CARTESIAN_POINT('Ctrl Pts',(-3.58096745304956,-6.52651816359791,20.2000000000001));
#7151=CARTESIAN_POINT('Ctrl Pts',(-3.57780995732298,-6.52546566502406,20.2000000000001));
#7152=CARTESIAN_POINT('Ctrl Pts',(-4.99837887554496,-7.28031365681899,19.1875820011709));
#7153=CARTESIAN_POINT('Ctrl Pts',(-4.88396817859597,-7.21698660854699,19.5255430832684));
#7154=CARTESIAN_POINT('Ctrl Pts',(-4.58564619996796,-7.0566315673444,19.8597404456258));
#7155=CARTESIAN_POINT('Ctrl Pts',(-4.08770480543027,-6.79463466773889,20.1394236272212));
#7156=CARTESIAN_POINT('Ctrl Pts',(-3.78517983205463,-6.63486463129997,20.1983365528731));
#7157=CARTESIAN_POINT('Ctrl Pts',(-3.58332195620896,-6.52837145910435,20.199997759923));
#7158=CARTESIAN_POINT('Ctrl Pts',(-3.5805665012119,-6.52691911543621,20.2000000000001));
#7159=CARTESIAN_POINT('Ctrl Pts',(-3.57780995732298,-6.52546566502406,20.2000000000001));
#7160=CARTESIAN_POINT('Ctrl Pts',(-4.74488079981957,-7.75621533421519,19.2515619986355));
#7161=CARTESIAN_POINT('Ctrl Pts',(-4.63057974976169,-7.63522560235035,19.6218113737137));
#7162=CARTESIAN_POINT('Ctrl Pts',(-4.35660281619526,-7.34480618660531,19.9295941420911));
#7163=CARTESIAN_POINT('Ctrl Pts',(-3.96110682286949,-6.92740212824466,20.1567463666125));
#7164=CARTESIAN_POINT('Ctrl Pts',(-3.73280353284318,-6.68799229701906,20.1986399339208));
#7165=CARTESIAN_POINT('Ctrl Pts',(-3.58191520100255,-6.52977141912386,20.1999994563701));
#7166=CARTESIAN_POINT('Ctrl Pts',(-3.57986483549599,-6.52762078115323,20.2000000000001));
#7167=CARTESIAN_POINT('Ctrl Pts',(-3.57780995732298,-6.52546566502406,20.2000000000001));
#7168=CARTESIAN_POINT('Ctrl Pts',(-4.26407402414232,-7.95127657260994,19.169360098066));
#7169=CARTESIAN_POINT('Ctrl Pts',(-4.20986086099361,-7.84447964786186,19.4972219752595));
#7170=CARTESIAN_POINT('Ctrl Pts',(-4.06849201805767,-7.55728207664081,19.8379873550891));
#7171=CARTESIAN_POINT('Ctrl Pts',(-3.82868236316215,-7.0539525815124,20.1342737813163));
#7172=CARTESIAN_POINT('Ctrl Pts',(-3.67974190480249,-6.74047353371956,20.1983552352923));
#7173=CARTESIAN_POINT('Ctrl Pts',(-3.58051463524772,-6.53117719497509,20.1999960999108));
#7174=CARTESIAN_POINT('Ctrl Pts',(-3.57916316978009,-6.52832244687024,20.2000000000001));
#7175=CARTESIAN_POINT('Ctrl Pts',(-3.57780995732298,-6.52546566502406,20.2000000000001));
#7176=CARTESIAN_POINT('Ctrl Pts',(-4.05832224921552,-7.96700254070167,19.1146943887511));
#7177=CARTESIAN_POINT('Ctrl Pts',(-4.02969280043228,-7.88111419435192,19.4132545376526));
#7178=CARTESIAN_POINT('Ctrl Pts',(-3.94496243713968,-7.6269231044944,19.772355013766));
#7179=CARTESIAN_POINT('Ctrl Pts',(-3.77184158706798,-7.10756055427187,20.1175500030392));
#7180=CARTESIAN_POINT('Ctrl Pts',(-3.65698586337119,-6.76299338322204,20.1981901857757));
#7181=CARTESIAN_POINT('Ctrl Pts',(-3.57991453316671,-6.53177939255198,20.1999931420405));
#7182=CARTESIAN_POINT('Ctrl Pts',(-3.57886245590184,-6.52862316074897,20.2000000000001));
#7183=CARTESIAN_POINT('Ctrl Pts',(-3.57780995732298,-6.52546566502406,20.2000000000001));
#7184=CARTESIAN_POINT('',(-3.57780995732298,-6.52546566502406,20.2000000000001));
#7185=CARTESIAN_POINT('Ctrl Pts',(-5.0193468330006,-7.00597795691659,19.1146943887511));
#7186=CARTESIAN_POINT('Ctrl Pts',(-4.93345848665086,-6.97734850813334,19.4132545376526));
#7187=CARTESIAN_POINT('Ctrl Pts',(-4.67926739677306,-6.89261814484751,19.7723550137659));
#7188=CARTESIAN_POINT('Ctrl Pts',(-4.15990484655795,-6.71949729477333,20.1175500030391));
#7189=CARTESIAN_POINT('Ctrl Pts',(-3.81533767546755,-6.60464157109007,20.1981901857756));
#7190=CARTESIAN_POINT('Ctrl Pts',(-3.58412368485419,-6.5275702408667,20.1999931420405));
#7191=CARTESIAN_POINT('Ctrl Pts',(-3.58096745304956,-6.52651816359791,20.2000000000001));
#7192=CARTESIAN_POINT('Ctrl Pts',(-3.57780995732298,-6.52546566502406,20.2000000000001));
#7193=CARTESIAN_POINT('Ctrl Pts',(-3.57780995732298,-6.52546566502406,20.2000000000001));
#7194=CARTESIAN_POINT('Ctrl Pts',(-3.57886245590184,-6.52862316074897,20.2000000000001));
#7195=CARTESIAN_POINT('Ctrl Pts',(-3.57991453316671,-6.53177939255198,20.1999931420405));
#7196=CARTESIAN_POINT('Ctrl Pts',(-3.65698586337119,-6.76299338322204,20.1981901857757));
#7197=CARTESIAN_POINT('Ctrl Pts',(-3.77184158706798,-7.10756055427187,20.1175500030392));
#7198=CARTESIAN_POINT('Ctrl Pts',(-3.94496243713968,-7.6269231044944,19.772355013766));
#7199=CARTESIAN_POINT('Ctrl Pts',(-4.02969280043228,-7.88111419435192,19.4132545376526));
#7200=CARTESIAN_POINT('Ctrl Pts',(-4.05832224921552,-7.96700254070167,19.1146943887511));
#7201=CARTESIAN_POINT('Ctrl Pts',(-5.0193468330006,-7.0059779569166,19.1146943887511));
#7202=CARTESIAN_POINT('Ctrl Pts',(-5.0193468330006,-6.72065197127774,19.1146943887511));
#7203=CARTESIAN_POINT('Ctrl Pts',(-5.0193468330006,-6.43532598563887,19.1146943887511));
#7204=CARTESIAN_POINT('Ctrl Pts',(-5.0193468330006,-6.15,19.1146943887511));
#7205=CARTESIAN_POINT('Ctrl Pts',(-4.91739641338677,-7.0059779569166,19.4690885965116));
#7206=CARTESIAN_POINT('Ctrl Pts',(-4.91739641338677,-6.72065197127774,19.4690885965116));
#7207=CARTESIAN_POINT('Ctrl Pts',(-4.91739641338677,-6.43532598563887,19.4690885965116));
#7208=CARTESIAN_POINT('Ctrl Pts',(-4.91739641338677,-6.15,19.4690885965116));
#7209=CARTESIAN_POINT('Ctrl Pts',(-4.50035616579549,-7.0059779569166,20.017372420857));
#7210=CARTESIAN_POINT('Ctrl Pts',(-4.50035616579549,-6.72065197127773,20.017372420857));
#7211=CARTESIAN_POINT('Ctrl Pts',(-4.50035616579549,-6.43532598563887,20.017372420857));
#7212=CARTESIAN_POINT('Ctrl Pts',(-4.50035616579549,-6.15,20.017372420857));
#7213=CARTESIAN_POINT('Ctrl Pts',(-3.85438525030195,-7.0059779569166,20.2000000000001));
#7214=CARTESIAN_POINT('Ctrl Pts',(-3.85438525030195,-6.72065197127774,20.2000000000001));
#7215=CARTESIAN_POINT('Ctrl Pts',(-3.85438525030195,-6.43532598563887,20.2000000000001));
#7216=CARTESIAN_POINT('Ctrl Pts',(-3.85438525030195,-6.15,20.2000000000001));
#7217=CARTESIAN_POINT('Ctrl Pts',(-3.57780995732298,-7.0059779569166,20.2000000000001));
#7218=CARTESIAN_POINT('Ctrl Pts',(-3.57780995732298,-6.72065197127774,20.2000000000001));
#7219=CARTESIAN_POINT('Ctrl Pts',(-3.57780995732298,-6.43532598563887,20.2000000000001));
#7220=CARTESIAN_POINT('Ctrl Pts',(-3.57780995732298,-6.15,20.2000000000001));
#7221=CARTESIAN_POINT('',(-3.57780995732298,-6.15,20.2000000000001));
#7222=CARTESIAN_POINT('Ctrl Pts',(-3.57780995732298,-6.15,20.2000000000001));
#7223=CARTESIAN_POINT('Ctrl Pts',(-3.57780995732298,-6.27515522167469,20.2000000000001));
#7224=CARTESIAN_POINT('Ctrl Pts',(-3.57780995732298,-6.40031044334937,20.2000000000001));
#7225=CARTESIAN_POINT('Ctrl Pts',(-3.57780995732298,-6.52546566502406,20.2000000000001));
#7226=CARTESIAN_POINT('Origin',(-3.57780995732298,-6.15,18.7000000000001));
#7227=CARTESIAN_POINT('Ctrl Pts',(-5.0193468330006,-7.0059779569166,19.1146943887511));
#7228=CARTESIAN_POINT('Ctrl Pts',(-5.0193468330006,-6.72065197127774,19.1146943887511));
#7229=CARTESIAN_POINT('Ctrl Pts',(-5.0193468330006,-6.43532598563887,19.1146943887511));
#7230=CARTESIAN_POINT('Ctrl Pts',(-5.0193468330006,-6.15,19.1146943887511));
#7231=CARTESIAN_POINT('Ctrl Pts',(-4.54406392403368,-6.09253309381496,22.375257366261));
#7232=CARTESIAN_POINT('Ctrl Pts',(-4.54406392403368,-12.2750440720189,22.375257366261));
#7233=CARTESIAN_POINT('Ctrl Pts',(-4.62937594935578,-6.09253309381496,21.6501715775073));
#7234=CARTESIAN_POINT('Ctrl Pts',(-4.62937594935578,-12.2750440720189,21.6501715775073));
#7235=CARTESIAN_POINT('Ctrl Pts',(-4.71468797467789,-6.09253309381496,20.9250857887537));
#7236=CARTESIAN_POINT('Ctrl Pts',(-4.71468797467789,-12.2750440720189,20.9250857887537));
#7237=CARTESIAN_POINT('Ctrl Pts',(-4.8,-6.09253309381496,20.2000000000001));
#7238=CARTESIAN_POINT('Ctrl Pts',(-4.8,-12.2750440720189,20.2000000000001));
#7239=CARTESIAN_POINT('Ctrl Pts',(-4.89631006457326,-6.09253309381496,19.3814394410126));
#7240=CARTESIAN_POINT('Ctrl Pts',(-4.89631006457326,-12.2750440720189,19.3814394410126));
#7241=CARTESIAN_POINT('Ctrl Pts',(-5.14157443803173,-6.09253309381496,18.584021312325));
#7242=CARTESIAN_POINT('Ctrl Pts',(-5.14157443803173,-12.2750440720189,18.584021312325));
#7243=CARTESIAN_POINT('Ctrl Pts',(-6.5662811507332,-6.09253309381496,15.7069876816219));
#7244=CARTESIAN_POINT('Ctrl Pts',(-6.5662811507332,-12.2750440720189,15.7069876816219));
#7245=CARTESIAN_POINT('Ctrl Pts',(-8.44847929824853,-6.09253309381496,13.5979082214045));
#7246=CARTESIAN_POINT('Ctrl Pts',(-8.44847929824853,-12.2750440720189,13.5979082214045));
#7247=CARTESIAN_POINT('Ctrl Pts',(-10.1028524279339,-6.09253309381496,11.7273581332592));
#7248=CARTESIAN_POINT('Ctrl Pts',(-10.1028524279339,-12.2750440720189,11.7273581332592));
#7249=CARTESIAN_POINT('',(-6.46574839055492,-6.15,16.2000000000001));
#7250=CARTESIAN_POINT('Ctrl Pts',(-5.12597523812708,-6.15,18.7748532975335));
#7251=CARTESIAN_POINT('Ctrl Pts',(-5.24287178600016,-6.15,18.4320932511731));
#7252=CARTESIAN_POINT('Ctrl Pts',(-5.38876490744545,-6.15,18.0848481931473));
#7253=CARTESIAN_POINT('Ctrl Pts',(-5.5658390446871,-6.15,17.7272670549171));
#7254=CARTESIAN_POINT('Ctrl Pts',(-5.8161279875789,-6.15,17.2218369199475));
#7255=CARTESIAN_POINT('Ctrl Pts',(-6.1216053362061,-6.15,16.7108488585267));
#7256=CARTESIAN_POINT('Ctrl Pts',(-6.46489675755275,-6.15,16.1994283465979));
#7257=CARTESIAN_POINT('',(-9.62890749365285,-6.15,12.2634556119097));
#7258=CARTESIAN_POINT('Ctrl Pts',(-6.46489675755275,-6.15,16.1994283465979));
#7259=CARTESIAN_POINT('Ctrl Pts',(-7.36419134944974,-6.15,14.859698682633));
#7260=CARTESIAN_POINT('Ctrl Pts',(-8.52298244866405,-6.15,13.5170013564107));
#7261=CARTESIAN_POINT('Ctrl Pts',(-9.62893176097964,-6.15,12.2634770222906));
#7262=CARTESIAN_POINT('',(-10.1028524279359,-6.15,11.7273581332569));
#7263=CARTESIAN_POINT('Ctrl Pts',(-9.62893176097964,-6.15,12.2634770222906));
#7264=CARTESIAN_POINT('Ctrl Pts',(-9.78831439462648,-6.15,12.082826781373));
#7265=CARTESIAN_POINT('Ctrl Pts',(-9.94659956739631,-6.15,11.9040285571237));
#7266=CARTESIAN_POINT('Ctrl Pts',(-10.1028524279339,-6.15,11.7273581332592));
#7267=CARTESIAN_POINT('',(-10.1028524279339,-6.15,11.7273581332592));
#7268=CARTESIAN_POINT('Ctrl Pts',(-10.1028524279359,-2.10894418143484,11.7273581332569));
#7269=CARTESIAN_POINT('Ctrl Pts',(-10.1028524279359,-11.984316358294,11.7273581332569));
#7270=CARTESIAN_POINT('Ctrl Pts',(-11.329435609816,-2.10894418143484,10.3404973109829));
#7271=CARTESIAN_POINT('Ctrl Pts',(-11.329435609816,-11.984316358294,10.3404973109829));
#7272=CARTESIAN_POINT('Ctrl Pts',(-12.5355471106749,-2.10894418143484,8.96613886965692));
#7273=CARTESIAN_POINT('Ctrl Pts',(-12.5355471106749,-11.984316358294,8.96613886965692));
#7274=CARTESIAN_POINT('Ctrl Pts',(-14.4536686847289,-2.10894418143484,6.11954914863819));
#7275=CARTESIAN_POINT('Ctrl Pts',(-14.4536686847289,-11.984316358294,6.11954914863819));
#7276=CARTESIAN_POINT('Ctrl Pts',(-14.869233739571,-2.10894418143484,5.14708098558707));
#7277=CARTESIAN_POINT('Ctrl Pts',(-14.869233739571,-11.984316358294,5.14708098558707));
#7278=CARTESIAN_POINT('Ctrl Pts',(-15.4458041877242,-2.10894418143484,4.09999999976441));
#7279=CARTESIAN_POINT('Ctrl Pts',(-15.4458041877242,-11.984316358294,4.09999999976441));
#7280=CARTESIAN_POINT('',(-15.4458041877242,-6.15,4.09999999976441));
#7281=CARTESIAN_POINT('Ctrl Pts',(-10.1028524279359,-6.15,11.7273581332569));
#7282=CARTESIAN_POINT('Ctrl Pts',(-11.329435609816,-6.15,10.3404973109829));
#7283=CARTESIAN_POINT('Ctrl Pts',(-12.5355471106749,-6.15,8.96613886965692));
#7284=CARTESIAN_POINT('Ctrl Pts',(-14.4536686847289,-6.15,6.11954914863819));
#7285=CARTESIAN_POINT('Ctrl Pts',(-14.869233739571,-6.15,5.14708098558707));
#7286=CARTESIAN_POINT('Ctrl Pts',(-15.4458041877242,-6.15,4.09999999976441));
#7287=CARTESIAN_POINT('',(-15.4458041877242,-9.8,4.09999999976441));
#7288=CARTESIAN_POINT('',(-15.4458041877242,0.,4.09999999976441));
#7289=CARTESIAN_POINT('',(-15.4458041877242,0.,4.09999999976441));
#7290=CARTESIAN_POINT('Origin',(-8.,0.,0.));
#7291=CARTESIAN_POINT('',(-15.4458041875945,-9.8,-4.1));
#7292=CARTESIAN_POINT('Origin',(-8.,-9.8,0.));
#7293=CARTESIAN_POINT('',(-15.4458041875945,-6.15,-4.1));
#7294=CARTESIAN_POINT('',(-15.4458041875945,0.,-4.1));
#7295=CARTESIAN_POINT('',(-11.0605610809169,-6.15,-7.92987804887167));
#7296=CARTESIAN_POINT('Origin',(-8.,-6.15,0.));
#7297=CARTESIAN_POINT('',(-11.0605610809169,0.,-7.92987804887167));
#7298=CARTESIAN_POINT('Ctrl Pts',(-20.9923584416378,-5.62894104009118,-4.09654599493867));
#7299=CARTESIAN_POINT('Ctrl Pts',(-20.9923584416378,-12.3235393015221,-4.09654599493867));
#7300=CARTESIAN_POINT('Ctrl Pts',(-19.8203076176632,-5.62894104009118,-4.54891728577364));
#7301=CARTESIAN_POINT('Ctrl Pts',(-19.8203076176632,-12.3235393015221,-4.54891728577364));
#7302=CARTESIAN_POINT('Ctrl Pts',(-18.6482567936885,-5.62894104009118,-5.0012885766086));
#7303=CARTESIAN_POINT('Ctrl Pts',(-18.6482567936885,-12.3235393015221,-5.0012885766086));
#7304=CARTESIAN_POINT('Ctrl Pts',(-15.3376576734482,-5.62894104009118,-6.2790659279196));
#7305=CARTESIAN_POINT('Ctrl Pts',(-15.3376576734482,-12.3235393015221,-6.2790659279196));
#7306=CARTESIAN_POINT('Ctrl Pts',(-13.1991093771826,-5.62894104009118,-7.10447198839563));
#7307=CARTESIAN_POINT('Ctrl Pts',(-13.1991093771826,-12.3235393015221,-7.10447198839563));
#7308=CARTESIAN_POINT('Ctrl Pts',(-11.0605610809169,-5.62894104009118,-7.92987804887167));
#7309=CARTESIAN_POINT('Ctrl Pts',(-11.0605610809169,-12.3235393015221,-7.92987804887167));
#7310=CARTESIAN_POINT('Ctrl Pts',(-10.2138110967296,-5.62894104009118,-8.25669440830421));
#7311=CARTESIAN_POINT('Ctrl Pts',(-10.2138110967296,-12.3235393015221,-8.25669440830421));
#7312=CARTESIAN_POINT('Ctrl Pts',(-8.83842402865757,-5.62894104009118,-8.92629661399057));
#7313=CARTESIAN_POINT('Ctrl Pts',(-8.83842402865757,-12.3235393015221,-8.92629661399057));
#7314=CARTESIAN_POINT('Ctrl Pts',(-6.99952784974415,-5.62894104009118,-9.89126358332694));
#7315=CARTESIAN_POINT('Ctrl Pts',(-6.99952784974415,-12.3235393015221,-9.89126358332694));
#7316=CARTESIAN_POINT('Ctrl Pts',(-6.31990672055715,-5.62894104009118,-10.3397757196046));
#7317=CARTESIAN_POINT('Ctrl Pts',(-6.31990672055715,-12.3235393015221,-10.3397757196046));
#7318=CARTESIAN_POINT('Ctrl Pts',(-5.58698522005618,-5.62894104009118,-11.0109492609441));
#7319=CARTESIAN_POINT('Ctrl Pts',(-5.58698522005618,-12.3235393015221,-11.0109492609441));
#7320=CARTESIAN_POINT('Ctrl Pts',(-5.35782109295282,-5.62894104009118,-11.273227455849));
#7321=CARTESIAN_POINT('Ctrl Pts',(-5.35782109295282,-12.3235393015221,-11.273227455849));
#7322=CARTESIAN_POINT('Ctrl Pts',(-5.04015373505183,-5.62894104009118,-11.7988749532653));
#7323=CARTESIAN_POINT('Ctrl Pts',(-5.04015373505183,-12.3235393015221,-11.7988749532653));
#7324=CARTESIAN_POINT('Ctrl Pts',(-4.89604299899906,-5.62894104009118,-12.0987866531514));
#7325=CARTESIAN_POINT('Ctrl Pts',(-4.89604299899906,-12.3235393015221,-12.0987866531514));
#7326=CARTESIAN_POINT('Ctrl Pts',(-4.8,-5.62894104009118,-12.4999999999999));
#7327=CARTESIAN_POINT('Ctrl Pts',(-4.8,-12.3235393015221,-12.4999999999999));
#7328=CARTESIAN_POINT('',(-5.09786880240077,-6.15,-11.7108395861725));
#7329=CARTESIAN_POINT('Ctrl Pts',(-11.0605610809169,-6.15,-7.92987804887167));
#7330=CARTESIAN_POINT('Ctrl Pts',(-10.2138110967296,-6.15,-8.25669440830421));
#7331=CARTESIAN_POINT('Ctrl Pts',(-8.83842402865757,-6.15,-8.92629661399057));
#7332=CARTESIAN_POINT('Ctrl Pts',(-6.99952784974415,-6.15,-9.89126358332694));
#7333=CARTESIAN_POINT('Ctrl Pts',(-6.31990672055715,-6.15,-10.3397757196046));
#7334=CARTESIAN_POINT('Ctrl Pts',(-5.58698522005618,-6.15,-11.0109492609441));
#7335=CARTESIAN_POINT('Ctrl Pts',(-5.35782109295282,-6.15,-11.273227455849));
#7336=CARTESIAN_POINT('Ctrl Pts',(-5.14931439668916,-6.15,-11.6182456654936));
#7337=CARTESIAN_POINT('Ctrl Pts',(-5.12354872699269,-6.15,-11.6630735370527));
#7338=CARTESIAN_POINT('Ctrl Pts',(-5.09783144671518,-6.15,-11.7108194653649));
#7339=CARTESIAN_POINT('Ctrl Pts',(-5.09783144671518,-6.15,-11.7108194653649));
#7340=CARTESIAN_POINT('Ctrl Pts',(-5.09783144671518,-7.06625655955876,-11.7108194653649));
#7341=CARTESIAN_POINT('Ctrl Pts',(-5.09786880240077,-6.15,-11.7108395861725));
#7342=CARTESIAN_POINT('Ctrl Pts',(-5.09786880240077,-6.45541885318625,-11.7108395861725));
#7343=CARTESIAN_POINT('Ctrl Pts',(-5.09786880240077,-6.76083770637251,-11.7108395861725));
#7344=CARTESIAN_POINT('Ctrl Pts',(-5.09786880240077,-7.06625655955876,-11.7108395861725));
#7345=CARTESIAN_POINT('Ctrl Pts',(-4.9702624603653,-6.15,-11.9479561627071));
#7346=CARTESIAN_POINT('Ctrl Pts',(-4.9702624603653,-6.45541885318625,-11.9479561627071));
#7347=CARTESIAN_POINT('Ctrl Pts',(-4.9702624603653,-6.76083770637251,-11.9479561627071));
#7348=CARTESIAN_POINT('Ctrl Pts',(-4.9702624603653,-7.06625655955876,-11.9479561627071));
#7349=CARTESIAN_POINT('Ctrl Pts',(-4.58439451822685,-6.14999999999999,-12.3514013561455));
#7350=CARTESIAN_POINT('Ctrl Pts',(-4.58439451822685,-6.45541885318625,-12.3514013561455));
#7351=CARTESIAN_POINT('Ctrl Pts',(-4.58439451822685,-6.7608377063725,-12.3514013561455));
#7352=CARTESIAN_POINT('Ctrl Pts',(-4.58439451822685,-7.06625655955876,-12.3514013561455));
#7353=CARTESIAN_POINT('Ctrl Pts',(-4.04626764106561,-6.15,-12.4999999999999));
#7354=CARTESIAN_POINT('Ctrl Pts',(-4.04626764106561,-6.45541885318625,-12.4999999999999));
#7355=CARTESIAN_POINT('Ctrl Pts',(-4.04626764106561,-6.76083770637251,-12.4999999999999));
#7356=CARTESIAN_POINT('Ctrl Pts',(-4.04626764106561,-7.06625655955876,-12.4999999999999));
#7357=CARTESIAN_POINT('Ctrl Pts',(-3.77699519651337,-6.15,-12.4999999999999));
#7358=CARTESIAN_POINT('Ctrl Pts',(-3.77699519651337,-6.45541885318625,-12.4999999999999));
#7359=CARTESIAN_POINT('Ctrl Pts',(-3.77699519651337,-6.76083770637251,-12.4999999999999));
#7360=CARTESIAN_POINT('Ctrl Pts',(-3.77699519651337,-7.06625655955876,-12.4999999999999));
#7361=CARTESIAN_POINT('Ctrl Pts',(-3.77699519651337,-6.15,-12.4999999999999));
#7362=CARTESIAN_POINT('Ctrl Pts',(-4.04626764106561,-6.15,-12.4999999999999));
#7363=CARTESIAN_POINT('Ctrl Pts',(-4.31533107964623,-6.15,-12.4257006780727));
#7364=CARTESIAN_POINT('Ctrl Pts',(-4.54632978447116,-6.15,-12.2876897187495));
#7365=CARTESIAN_POINT('Ctrl Pts',(-4.77732848929608,-6.15,-12.1496787594263));
#7366=CARTESIAN_POINT('Ctrl Pts',(-4.9702624603653,-6.15,-11.9479561627071));
#7367=CARTESIAN_POINT('Ctrl Pts',(-5.09786880240077,-6.15,-11.7108395861725));
#7368=CARTESIAN_POINT('Ctrl Pts',(-3.77699519651337,9.17812252730877,-12.4999999999999));
#7369=CARTESIAN_POINT('Ctrl Pts',(-3.77802272766387,9.1812051207601,-12.4999999999999));
#7370=CARTESIAN_POINT('Ctrl Pts',(-3.77904988234634,9.18428658480755,-12.4999914990103));
#7371=CARTESIAN_POINT('Ctrl Pts',(-3.84535057255803,9.38318865544453,-12.4986678556878));
#7372=CARTESIAN_POINT('Ctrl Pts',(-3.94397605913253,9.67906511516662,-12.4392499936951));
#7373=CARTESIAN_POINT('Ctrl Pts',(-4.09672404821535,10.1373090824151,-12.1872237449195));
#7374=CARTESIAN_POINT('Ctrl Pts',(-4.17777746957047,10.3804693464801,-11.9310846417509));
#7375=CARTESIAN_POINT('Ctrl Pts',(-4.21728639847583,10.4989961331962,-11.7108395861725));
#7376=CARTESIAN_POINT('Ctrl Pts',(-3.77699519651337,9.17812252730877,-12.4999999999999));
#7377=CARTESIAN_POINT('Ctrl Pts',(-3.77870385046342,9.18051007426221,-12.499987701357));
#7378=CARTESIAN_POINT('Ctrl Pts',(-3.78042415782592,9.18292868943519,-12.5000116637313));
#7379=CARTESIAN_POINT('Ctrl Pts',(-3.89076421179212,9.33703570839601,-12.4982501217751));
#7380=CARTESIAN_POINT('Ctrl Pts',(-4.05554033011742,9.56881757293682,-12.4686876556919));
#7381=CARTESIAN_POINT('Ctrl Pts',(-4.33632871339996,9.97580373302666,-12.3064214953221));
#7382=CARTESIAN_POINT('Ctrl Pts',(-4.51467109457628,10.2455571980368,-12.1083002433382));
#7383=CARTESIAN_POINT('Ctrl Pts',(-4.62221553779477,10.4080593215988,-11.8798172804077));
#7384=CARTESIAN_POINT('Ctrl Pts',(-3.77699519651337,9.17812252730877,-12.4999999999999));
#7385=CARTESIAN_POINT('Ctrl Pts',(-3.77938274346691,9.17983118125868,-12.499987701357));
#7386=CARTESIAN_POINT('Ctrl Pts',(-3.78180135863988,9.18155148862125,-12.5000116637313));
#7387=CARTESIAN_POINT('Ctrl Pts',(-3.9359083775988,9.29189154258811,-12.4982501217751));
#7388=CARTESIAN_POINT('Ctrl Pts',(-4.16769024214105,9.45666766091292,-12.4686876556919));
#7389=CARTESIAN_POINT('Ctrl Pts',(-4.57467640223081,9.73745604419551,-12.3064214953221));
#7390=CARTESIAN_POINT('Ctrl Pts',(-4.84442986724143,9.91579842537169,-12.1083002433382));
#7391=CARTESIAN_POINT('Ctrl Pts',(-5.00693199080339,10.0233428685902,-11.8798172804077));
#7392=CARTESIAN_POINT('Ctrl Pts',(-3.77699519651337,9.17812252730877,-12.4999999999999));
#7393=CARTESIAN_POINT('Ctrl Pts',(-3.78007778996476,9.17915005845909,-12.4999999999999));
#7394=CARTESIAN_POINT('Ctrl Pts',(-3.78315925401227,9.18017721314169,-12.4999914990103));
#7395=CARTESIAN_POINT('Ctrl Pts',(-3.9820613246473,9.24647790335399,-12.4986678556878));
#7396=CARTESIAN_POINT('Ctrl Pts',(-4.27793778437085,9.34510338992805,-12.4392499936951));
#7397=CARTESIAN_POINT('Ctrl Pts',(-4.73618175161929,9.49785137901089,-12.1872237449195));
#7398=CARTESIAN_POINT('Ctrl Pts',(-4.97934201568468,9.57890480036588,-11.9310846417509));
#7399=CARTESIAN_POINT('Ctrl Pts',(-5.09786880240076,9.61841372927124,-11.7108395861725));
#7400=CARTESIAN_POINT('',(-4.21728639847583,10.4989961331962,-11.7108395861725));
#7401=CARTESIAN_POINT('',(-5.09786880240077,9.61841372927123,-11.7108395861725));
#7402=CARTESIAN_POINT('Origin',(-4.21728639847583,9.61841372927124,-11.2369465287241));
#7403=CARTESIAN_POINT('Ctrl Pts',(-3.77699519651337,9.17812252730877,-12.4999999999999));
#7404=CARTESIAN_POINT('Ctrl Pts',(-3.77802272766387,9.1812051207601,-12.4999999999999));
#7405=CARTESIAN_POINT('Ctrl Pts',(-3.77904988234634,9.18428658480755,-12.4999914990103));
#7406=CARTESIAN_POINT('Ctrl Pts',(-3.84535057255803,9.38318865544453,-12.4986678556878));
#7407=CARTESIAN_POINT('Ctrl Pts',(-3.94397605913253,9.67906511516662,-12.4392499936951));
#7408=CARTESIAN_POINT('Ctrl Pts',(-4.09672404821535,10.1373090824151,-12.1872237449195));
#7409=CARTESIAN_POINT('Ctrl Pts',(-4.17777746957047,10.3804693464801,-11.9310846417509));
#7410=CARTESIAN_POINT('Ctrl Pts',(-4.21728639847583,10.4989961331962,-11.7108395861725));
#7411=CARTESIAN_POINT('Ctrl Pts',(-5.09786880240076,9.61841372927124,-11.7108395861725));
#7412=CARTESIAN_POINT('Ctrl Pts',(-4.97934201568468,9.57890480036588,-11.9310846417509));
#7413=CARTESIAN_POINT('Ctrl Pts',(-4.73618175161929,9.49785137901089,-12.1872237449195));
#7414=CARTESIAN_POINT('Ctrl Pts',(-4.27793778437085,9.34510338992805,-12.4392499936951));
#7415=CARTESIAN_POINT('Ctrl Pts',(-3.9820613246473,9.24647790335399,-12.4986678556878));
#7416=CARTESIAN_POINT('Ctrl Pts',(-3.78315925401227,9.18017721314169,-12.4999914990103));
#7417=CARTESIAN_POINT('Ctrl Pts',(-3.78007778996476,9.17915005845909,-12.4999999999999));
#7418=CARTESIAN_POINT('Ctrl Pts',(-3.77699519651337,9.17812252730877,-12.4999999999999));
#7419=CARTESIAN_POINT('Ctrl Pts',(-5.14779169831058,9.66375913917651,-11.6216301170642));
#7420=CARTESIAN_POINT('Ctrl Pts',(-5.13006423258695,9.65388836253612,-11.6521192375165));
#7421=CARTESIAN_POINT('Ctrl Pts',(-5.11328982657036,9.63881381380414,-11.6821844237454));
#7422=CARTESIAN_POINT('Ctrl Pts',(-5.09786880240077,9.61841372927124,-11.7108395861725));
#7423=CARTESIAN_POINT('Ctrl Pts',(-5.11900798865614,9.93412236028134,-11.6711346545092));
#7424=CARTESIAN_POINT('Ctrl Pts',(-5.09232157061738,9.91271819465927,-11.7178465373892));
#7425=CARTESIAN_POINT('Ctrl Pts',(-5.06819464887467,9.8848541061789,-11.7638891209121));
#7426=CARTESIAN_POINT('Ctrl Pts',(-5.04590491005941,9.84980180888206,-11.8073982685926));
#7427=CARTESIAN_POINT('Ctrl Pts',(-4.88549922270633,10.403616679867,-11.6503928881272));
#7428=CARTESIAN_POINT('Ctrl Pts',(-4.8528957900782,10.3629737349081,-11.7337071206766));
#7429=CARTESIAN_POINT('Ctrl Pts',(-4.8229565833159,10.312486551026,-11.8140220861689));
#7430=CARTESIAN_POINT('Ctrl Pts',(-4.79621711653359,10.2524343881211,-11.8897068314249));
#7431=CARTESIAN_POINT('Ctrl Pts',(-4.46377943332181,10.6107780783879,-11.4559455469432));
#7432=CARTESIAN_POINT('Ctrl Pts',(-4.4376273388893,10.5743760285692,-11.5687446634061));
#7433=CARTESIAN_POINT('Ctrl Pts',(-4.41311060161594,10.5242988045908,-11.6788390958572));
#7434=CARTESIAN_POINT('Ctrl Pts',(-4.39082745818395,10.4600232139402,-11.7832585979876));
#7435=CARTESIAN_POINT('Ctrl Pts',(-4.28329970187436,10.635032362912,-11.3569506001152));
#7436=CARTESIAN_POINT('Ctrl Pts',(-4.25987480747673,10.6054200329908,-11.4778146488193));
#7437=CARTESIAN_POINT('Ctrl Pts',(-4.23768648300873,10.5601963867949,-11.5971180078803));
#7438=CARTESIAN_POINT('Ctrl Pts',(-4.21728639847583,10.4989961331962,-11.7108395861725));
#7439=CARTESIAN_POINT('',(-5.14779169831058,9.66375913917651,-11.6216301170642));
#7440=CARTESIAN_POINT('Ctrl Pts',(-5.14779169831058,9.66375913917651,-11.6216301170642));
#7441=CARTESIAN_POINT('Ctrl Pts',(-5.13006423258695,9.65388836253612,-11.6521192375165));
#7442=CARTESIAN_POINT('Ctrl Pts',(-5.11328982657036,9.63881381380414,-11.6821844237454));
#7443=CARTESIAN_POINT('Ctrl Pts',(-5.09786880240077,9.61841372927124,-11.7108395861725));
#7444=CARTESIAN_POINT('',(-4.28329970187436,10.635032362912,-11.3569506001152));
#7445=CARTESIAN_POINT('Origin',(-4.28329970187436,9.66375913917651,-11.1189835333717));
#7446=CARTESIAN_POINT('Ctrl Pts',(-4.21728639847583,10.4989961331962,-11.7108395861725));
#7447=CARTESIAN_POINT('Ctrl Pts',(-4.23768648300873,10.5601963867949,-11.5971180078803));
#7448=CARTESIAN_POINT('Ctrl Pts',(-4.25987480747673,10.6054200329908,-11.4778146488193));
#7449=CARTESIAN_POINT('Ctrl Pts',(-4.28329970187436,10.635032362912,-11.3569506001152));
#7450=CARTESIAN_POINT('Ctrl Pts',(-11.0605610807087,11.5687175794585,-7.92987804895201));
#7451=CARTESIAN_POINT('Ctrl Pts',(-10.7433627547717,11.5063218055338,-8.0523056888031));
#7452=CARTESIAN_POINT('Ctrl Pts',(-9.75006392538045,11.2847137002286,-8.50049758842516));
#7453=CARTESIAN_POINT('Ctrl Pts',(-8.11627418655161,10.8619231015974,-9.27725136807901));
#7454=CARTESIAN_POINT('Ctrl Pts',(-6.28886385811845,10.2753202500198,-10.3101966527059));
#7455=CARTESIAN_POINT('Ctrl Pts',(-5.43086952599073,9.82137884931674,-11.1347701157481));
#7456=CARTESIAN_POINT('Ctrl Pts',(-5.14779169831058,9.66375913917651,-11.6216301170642));
#7457=CARTESIAN_POINT('Ctrl Pts',(-11.0264856411484,11.7883466381016,-7.943029996176));
#7458=CARTESIAN_POINT('Ctrl Pts',(-10.7059663846041,11.724560329096,-8.06810541165989));
#7459=CARTESIAN_POINT('Ctrl Pts',(-9.70802542433364,11.4974271696089,-8.51960898540915));
#7460=CARTESIAN_POINT('Ctrl Pts',(-8.07131541096186,11.0708337473653,-9.30090051824766));
#7461=CARTESIAN_POINT('Ctrl Pts',(-6.23493879687832,10.490013024818,-10.3426545108174));
#7462=CARTESIAN_POINT('Ctrl Pts',(-5.383605892833,10.0696006056794,-11.1942057143909));
#7463=CARTESIAN_POINT('Ctrl Pts',(-5.11900798865614,9.93412236028134,-11.6711346545092));
#7464=CARTESIAN_POINT('Ctrl Pts',(-10.9183693936757,12.1714436338279,-7.83984878957912));
#7465=CARTESIAN_POINT('Ctrl Pts',(-10.5878577846386,12.105265090374,-7.97213802889133));
#7466=CARTESIAN_POINT('Ctrl Pts',(-9.58108572013698,11.8688168086377,-8.43616350712442));
#7467=CARTESIAN_POINT('Ctrl Pts',(-7.93615795637327,11.435989392295,-9.23091932428214));
#7468=CARTESIAN_POINT('Ctrl Pts',(-6.0701096981654,10.8653061838406,-10.284152992058));
#7469=CARTESIAN_POINT('Ctrl Pts',(-5.1643418074146,10.5024797221378,-11.1718927652407));
#7470=CARTESIAN_POINT('Ctrl Pts',(-4.88548318014153,10.4035949265376,-11.6503782307254));
#7471=CARTESIAN_POINT('Ctrl Pts',(-10.7658178964147,12.4121304805421,-7.55576635984862));
#7472=CARTESIAN_POINT('Ctrl Pts',(-10.421645077542,12.3452868108539,-7.69673399433182));
#7473=CARTESIAN_POINT('Ctrl Pts',(-9.40513628801191,12.1080342277353,-8.17865188200275));
#7474=CARTESIAN_POINT('Ctrl Pts',(-7.74763066352948,11.672697392809,-8.98980057803258));
#7475=CARTESIAN_POINT('Ctrl Pts',(-5.83855053038501,11.1006524477146,-10.0468433326171));
#7476=CARTESIAN_POINT('Ctrl Pts',(-4.80937491233891,10.7244312828473,-10.9428406629169));
#7477=CARTESIAN_POINT('Ctrl Pts',(-4.46377943332181,10.6107780783879,-11.4559455469432));
#7478=CARTESIAN_POINT('Ctrl Pts',(-10.7004849342384,12.4765654228914,-7.41625489741614));
#7479=CARTESIAN_POINT('Ctrl Pts',(-10.3504631839949,12.4098736488238,-7.56065274419244));
#7480=CARTESIAN_POINT('Ctrl Pts',(-9.32976724106121,12.174453655298,-8.04974516642686));
#7481=CARTESIAN_POINT('Ctrl Pts',(-7.66685166226155,11.7392815480623,-8.86748933621674));
#7482=CARTESIAN_POINT('Ctrl Pts',(-5.73932993629142,11.1638191491144,-9.92536878004055));
#7483=CARTESIAN_POINT('Ctrl Pts',(-4.65735588808281,10.7656668992722,-10.8237598985695));
#7484=CARTESIAN_POINT('Ctrl Pts',(-4.28329970187436,10.635032362912,-11.3569506001152));
#7485=CARTESIAN_POINT('',(-11.0605610808053,11.5687175794585,-7.92987804889828));
#7486=CARTESIAN_POINT('Ctrl Pts',(-11.0605610807087,11.5687175794585,-7.92987804895201));
#7487=CARTESIAN_POINT('Ctrl Pts',(-10.7433627547717,11.5063218055338,-8.0523056888031));
#7488=CARTESIAN_POINT('Ctrl Pts',(-9.75006392538045,11.2847137002286,-8.50049758842516));
#7489=CARTESIAN_POINT('Ctrl Pts',(-8.11627418655161,10.8619231015974,-9.27725136807901));
#7490=CARTESIAN_POINT('Ctrl Pts',(-6.28886385811845,10.2753202500198,-10.3101966527059));
#7491=CARTESIAN_POINT('Ctrl Pts',(-5.43086952599073,9.82137884931674,-11.1347701157481));
#7492=CARTESIAN_POINT('Ctrl Pts',(-5.14779169831058,9.66375913917651,-11.6216301170642));
#7493=CARTESIAN_POINT('',(-10.7004849342384,12.4765654228914,-7.41625489741614));
#7494=CARTESIAN_POINT('Origin',(-10.7004849342384,11.5687175794585,-6.99695513212392));
#7495=CARTESIAN_POINT('Ctrl Pts',(-4.28329970187436,10.635032362912,-11.3569506001152));
#7496=CARTESIAN_POINT('Ctrl Pts',(-4.65735588808281,10.7656668992722,-10.8237598985695));
#7497=CARTESIAN_POINT('Ctrl Pts',(-5.73932993629142,11.1638191491144,-9.92536878004055));
#7498=CARTESIAN_POINT('Ctrl Pts',(-7.66685166226155,11.7392815480623,-8.86748933621674));
#7499=CARTESIAN_POINT('Ctrl Pts',(-9.32976724106121,12.174453655298,-8.04974516642686));
#7500=CARTESIAN_POINT('Ctrl Pts',(-10.3504631839949,12.4098736488238,-7.56065274419244));
#7501=CARTESIAN_POINT('Ctrl Pts',(-10.7004849342384,12.4765654228914,-7.41625489741614));
#7502=CARTESIAN_POINT('Ctrl Pts',(-10.7004849342065,12.4765654229208,-7.4162548973526));
#7503=CARTESIAN_POINT('Ctrl Pts',(-11.7549592479182,12.6774734654213,-6.98125839076613));
#7504=CARTESIAN_POINT('Ctrl Pts',(-13.4105175186798,13.2179342452049,-5.76580797930118));
#7505=CARTESIAN_POINT('Ctrl Pts',(-14.5301210301447,13.4999999999995,-3.87080338446732));
#7506=CARTESIAN_POINT('Ctrl Pts',(-14.8738635424313,13.5,-3.0000000000062));
#7507=CARTESIAN_POINT('Ctrl Pts',(-10.7875926953418,12.3906518328297,-7.60227090294794));
#7508=CARTESIAN_POINT('Ctrl Pts',(-11.8781414313546,12.5992748997873,-7.16610293633432));
#7509=CARTESIAN_POINT('Ctrl Pts',(-13.5983321571119,13.1643399312834,-5.95381905598696));
#7510=CARTESIAN_POINT('Ctrl Pts',(-14.784634234047,13.4897394779644,-4.01971526657845));
#7511=CARTESIAN_POINT('Ctrl Pts',(-15.1480842307701,13.4999999999999,-3.11967972014316));
#7512=CARTESIAN_POINT('Ctrl Pts',(-10.9395327785215,12.1180593475226,-7.87004766983288));
#7513=CARTESIAN_POINT('Ctrl Pts',(-12.0926946635558,12.3264119006638,-7.42980922475456));
#7514=CARTESIAN_POINT('Ctrl Pts',(-13.9264026050077,12.8915500212056,-6.21787455725248));
#7515=CARTESIAN_POINT('Ctrl Pts',(-15.2263020015921,13.2330647944568,-4.25576991381204));
#7516=CARTESIAN_POINT('Ctrl Pts',(-15.6228565778031,13.2488862137492,-3.32688735996735));
#7517=CARTESIAN_POINT('Ctrl Pts',(-11.0349937285976,11.7334392302212,-7.93974580541858));
#7518=CARTESIAN_POINT('Ctrl Pts',(-12.2227459466871,11.9274964278836,-7.48579761637828));
#7519=CARTESIAN_POINT('Ctrl Pts',(-14.098486927063,12.4420210538805,-6.24029110391137));
#7520=CARTESIAN_POINT('Ctrl Pts',(-15.3938581884326,12.7196869295611,-4.30832807553012));
#7521=CARTESIAN_POINT('Ctrl Pts',(-15.7903786814221,12.7243994752564,-3.40000000000646));
#7522=CARTESIAN_POINT('Ctrl Pts',(-11.0605495921008,11.5687175794859,-7.92988248300642));
#7523=CARTESIAN_POINT('Ctrl Pts',(-12.2556204809742,11.756683981261,-7.46864314821032));
#7524=CARTESIAN_POINT('Ctrl Pts',(-14.1319198545037,12.2495417024603,-6.20418473660807));
#7525=CARTESIAN_POINT('Ctrl Pts',(-15.400803834164,12.4999999999996,-4.29262811321013));
#7526=CARTESIAN_POINT('Ctrl Pts',(-15.7903786814222,12.5,-3.40000000000635));
#7527=CARTESIAN_POINT('',(-15.7903786814222,12.5,-3.40000000000635));
#7528=CARTESIAN_POINT('Ctrl Pts',(-15.7903786814222,12.5,-3.40000000000635));
#7529=CARTESIAN_POINT('Ctrl Pts',(-15.400803834164,12.4999999999996,-4.29262811321013));
#7530=CARTESIAN_POINT('Ctrl Pts',(-14.1319221290172,12.2495421514145,-6.2041813100841));
#7531=CARTESIAN_POINT('Ctrl Pts',(-12.2556272076208,11.7566857481854,-7.46863861504715));
#7532=CARTESIAN_POINT('Ctrl Pts',(-11.0605608386539,11.5687193484003,-7.92987814237391));
#7533=CARTESIAN_POINT('Origin',(-14.8738635424313,12.5,-3.0000000000056));
#7534=CARTESIAN_POINT('Ctrl Pts',(-10.7004849342065,12.4765654229208,-7.4162548973526));
#7535=CARTESIAN_POINT('Ctrl Pts',(-11.7549592479182,12.6774734654213,-6.98125839076613));
#7536=CARTESIAN_POINT('Ctrl Pts',(-13.4105175186798,13.2179342452049,-5.76580797930118));
#7537=CARTESIAN_POINT('Ctrl Pts',(-14.5301210301447,13.4999999999995,-3.87080338446732));
#7538=CARTESIAN_POINT('Ctrl Pts',(-14.8738635424313,13.5,-3.0000000000062));
#7539=CARTESIAN_POINT('Origin',(-8.,12.5,0.));
#7540=CARTESIAN_POINT('',(-15.7903786814249,12.5,3.4));
#7541=CARTESIAN_POINT('Origin',(-14.8738635424338,12.5,3.));
#7542=CARTESIAN_POINT('Origin',(-8.,12.5,0.));
#7543=CARTESIAN_POINT('Ctrl Pts',(-15.4458041877332,12.4964632460731,4.09999999974817));
#7544=CARTESIAN_POINT('Ctrl Pts',(-15.5712897990321,12.4988155743805,3.87211188019521));
#7545=CARTESIAN_POINT('Ctrl Pts',(-15.686311978905,12.5,3.63844677081105));
#7546=CARTESIAN_POINT('Ctrl Pts',(-15.7903786814249,12.5,3.4));
#7547=CARTESIAN_POINT('Ctrl Pts',(-15.4443306323942,12.7945721322386,4.10267604962969));
#7548=CARTESIAN_POINT('Ctrl Pts',(-15.5704462979486,12.797376302544,3.87387495130378));
#7549=CARTESIAN_POINT('Ctrl Pts',(-15.6858501106391,12.7989081942314,3.63947569065744));
#7550=CARTESIAN_POINT('Ctrl Pts',(-15.7903786814249,12.7991993003419,3.4));
#7551=CARTESIAN_POINT('Ctrl Pts',(-15.2234824537762,13.3107842331678,3.98710591064877));
#7552=CARTESIAN_POINT('Ctrl Pts',(-15.3461443812219,13.3143099391951,3.763276633578));
#7553=CARTESIAN_POINT('Ctrl Pts',(-15.4585977247067,13.3164654867866,3.53370050158041));
#7554=CARTESIAN_POINT('Ctrl Pts',(-15.5602303050989,13.3172199844778,3.29955501375377));
#7555=CARTESIAN_POINT('Ctrl Pts',(-14.7656930135407,13.4951332720154,3.73718275328972));
#7556=CARTESIAN_POINT('Ctrl Pts',(-14.8799889569181,13.498043336705,3.52622936358576));
#7557=CARTESIAN_POINT('Ctrl Pts',(-14.9847696026492,13.4996611535446,3.31009411696198));
#7558=CARTESIAN_POINT('Ctrl Pts',(-15.0795290586879,13.5,3.08975979010257));
#7559=CARTESIAN_POINT('Ctrl Pts',(-14.5698272244705,13.4963948244686,3.62934485871844));
#7560=CARTESIAN_POINT('Ctrl Pts',(-14.6805498226754,13.4987945852136,3.42421256670162));
#7561=CARTESIAN_POINT('Ctrl Pts',(-14.7820399813867,13.5,3.21413392275056));
#7562=CARTESIAN_POINT('Ctrl Pts',(-14.8738635424338,13.5,3.));
#7563=CARTESIAN_POINT('',(-15.4458041877287,12.4964632460731,4.09999999975629));
#7564=CARTESIAN_POINT('Ctrl Pts',(-15.4458041877332,12.4964632460731,4.09999999974817));
#7565=CARTESIAN_POINT('Ctrl Pts',(-15.5712897990321,12.4988155743805,3.87211188019521));
#7566=CARTESIAN_POINT('Ctrl Pts',(-15.686311978905,12.5,3.63844677081105));
#7567=CARTESIAN_POINT('Ctrl Pts',(-15.7903786814249,12.5,3.4));
#7568=CARTESIAN_POINT('Origin',(-14.5698272244705,12.4964632460731,3.61764705860133));
#7569=CARTESIAN_POINT('Ctrl Pts',(-10.1028524279339,11.3602523493196,11.7273581332592));
#7570=CARTESIAN_POINT('Ctrl Pts',(-10.9442322069724,11.7198797789185,10.7760352475064));
#7571=CARTESIAN_POINT('Ctrl Pts',(-12.3978724960093,12.1497539716592,9.13892095561827));
#7572=CARTESIAN_POINT('Ctrl Pts',(-13.9867235680817,12.3892595280171,6.86382532962543));
#7573=CARTESIAN_POINT('Ctrl Pts',(-14.8558322730242,12.4740330879917,5.23276767818253));
#7574=CARTESIAN_POINT('Ctrl Pts',(-15.2440094347072,12.4919604001193,4.46646943918741));
#7575=CARTESIAN_POINT('Ctrl Pts',(-15.4458041877318,12.4964632446769,4.09999999975074));
#7576=CARTESIAN_POINT('Ctrl Pts',(-10.0569280140211,11.6047181858802,11.7792834909377));
#7577=CARTESIAN_POINT('Ctrl Pts',(-10.9046098952631,11.9744135903406,10.8212973450714));
#7578=CARTESIAN_POINT('Ctrl Pts',(-12.3735722842578,12.4267090391724,9.16972640197731));
#7579=CARTESIAN_POINT('Ctrl Pts',(-13.9761414955143,12.6797425025763,6.88216821143712));
#7580=CARTESIAN_POINT('Ctrl Pts',(-14.8516566375273,12.7700737467619,5.24152468176246));
#7581=CARTESIAN_POINT('Ctrl Pts',(-15.2416047827865,12.7893617297953,4.47091342417883));
#7582=CARTESIAN_POINT('Ctrl Pts',(-15.4443306323435,12.7945721308784,4.10267605058468));
#7583=CARTESIAN_POINT('Ctrl Pts',(-9.84365808950798,12.0301565253616,11.7517102313167));
#7584=CARTESIAN_POINT('Ctrl Pts',(-10.6939170332218,12.4168408062824,10.7750477482668));
#7585=CARTESIAN_POINT('Ctrl Pts',(-12.1664859777964,12.9077852694094,9.08247866161014));
#7586=CARTESIAN_POINT('Ctrl Pts',(-13.7556087286243,13.1831075521102,6.78830278445048));
#7587=CARTESIAN_POINT('Ctrl Pts',(-14.6241754917703,13.2827399071591,5.14724599924582));
#7588=CARTESIAN_POINT('Ctrl Pts',(-15.0176385098106,13.3044339059707,4.36376103829076));
#7589=CARTESIAN_POINT('Ctrl Pts',(-15.2234755576148,13.3107748065535,3.98710204448246));
#7590=CARTESIAN_POINT('Ctrl Pts',(-9.50063914105291,12.2524820584396,11.5324946759737));
#7591=CARTESIAN_POINT('Ctrl Pts',(-10.3438534730414,12.6375139086741,10.5353128228815));
#7592=CARTESIAN_POINT('Ctrl Pts',(-11.7889727742643,13.1164209440831,8.80077229231922));
#7593=CARTESIAN_POINT('Ctrl Pts',(-13.3200947119676,13.3766013987635,6.53499044896903));
#7594=CARTESIAN_POINT('Ctrl Pts',(-14.1596845183893,13.4700252860365,4.92217996022537));
#7595=CARTESIAN_POINT('Ctrl Pts',(-14.5555783959204,13.4897463012129,4.12548312011364));
#7596=CARTESIAN_POINT('Ctrl Pts',(-14.7656929625473,13.4951332706435,3.7371828483694));
#7597=CARTESIAN_POINT('Ctrl Pts',(-9.35378745531083,12.2954857154462,11.4188934423928));
#7598=CARTESIAN_POINT('Ctrl Pts',(-10.19401050785,12.6755713576749,10.414834698808));
#7599=CARTESIAN_POINT('Ctrl Pts',(-11.6273850798665,13.1390215914093,8.668021636506));
#7600=CARTESIAN_POINT('Ctrl Pts',(-13.1337433087142,13.3856805206606,6.4204283290192));
#7601=CARTESIAN_POINT('Ctrl Pts',(-13.9609540984143,13.4736277538918,4.82301788297438));
#7602=CARTESIAN_POINT('Ctrl Pts',(-14.35788123954,13.491801182955,4.02201067777507));
#7603=CARTESIAN_POINT('Ctrl Pts',(-14.5698271587542,13.4963948230442,3.62934498046883));
#7604=CARTESIAN_POINT('',(-10.1028524279339,11.3602523493196,11.7273581332592));
#7605=CARTESIAN_POINT('Ctrl Pts',(-10.1028524279339,11.3602523493196,11.7273581332592));
#7606=CARTESIAN_POINT('Ctrl Pts',(-10.9442322069724,11.7198797789185,10.7760352475064));
#7607=CARTESIAN_POINT('Ctrl Pts',(-12.3978724960093,12.1497539716592,9.13892095561827));
#7608=CARTESIAN_POINT('Ctrl Pts',(-13.9867235680817,12.3892595280171,6.86382532962543));
#7609=CARTESIAN_POINT('Ctrl Pts',(-14.8558322730242,12.4740330879917,5.23276767818253));
#7610=CARTESIAN_POINT('Ctrl Pts',(-15.2440094347072,12.4919604001193,4.46646943918741));
#7611=CARTESIAN_POINT('Ctrl Pts',(-15.4458041877318,12.4964632446769,4.09999999975074));
#7612=CARTESIAN_POINT('Origin',(-9.35378745531083,11.3602523493196,11.0648615922952));
#7613=CARTESIAN_POINT('Ctrl Pts',(-9.35378745531082,12.2954857154462,11.4188934423928));
#7614=CARTESIAN_POINT('Ctrl Pts',(-9.06309854803893,12.1639888710364,11.7662639865922));
#7615=CARTESIAN_POINT('Ctrl Pts',(-8.19875411231802,11.7300802434787,12.7955471638745));
#7616=CARTESIAN_POINT('Ctrl Pts',(-6.7886625178611,11.0759956830403,14.3201983635725));
#7617=CARTESIAN_POINT('Ctrl Pts',(-5.18202466650834,10.6768557034611,16.3193140902218));
#7618=CARTESIAN_POINT('Ctrl Pts',(-4.35931625557391,10.55652166827,17.9056646794113));
#7619=CARTESIAN_POINT('Ctrl Pts',(-4.09391831844483,10.5260112787022,18.7539178743724));
#7620=CARTESIAN_POINT('Ctrl Pts',(-9.54958970296693,12.2381475061041,11.570361753834));
#7621=CARTESIAN_POINT('Ctrl Pts',(-9.25749130815865,12.1043215243691,11.9145379817033));
#7622=CARTESIAN_POINT('Ctrl Pts',(-8.39047277294357,11.6644409026408,12.9331418352286));
#7623=CARTESIAN_POINT('Ctrl Pts',(-6.99723626661691,11.0268722695787,14.475541028261));
#7624=CARTESIAN_POINT('Ctrl Pts',(-5.42489617773433,10.6605510649596,16.4776027011828));
#7625=CARTESIAN_POINT('Ctrl Pts',(-4.63211020270342,10.5501473446867,18.0228688732045));
#7626=CARTESIAN_POINT('Ctrl Pts',(-4.37826598557779,10.5229029392888,18.8403362674448));
#7627=CARTESIAN_POINT('Ctrl Pts',(-9.89033969256928,11.9718724562966,11.7709335160955));
#7628=CARTESIAN_POINT('Ctrl Pts',(-9.59592599630074,11.8388194669587,12.1075915081367));
#7629=CARTESIAN_POINT('Ctrl Pts',(-8.72483940830844,11.4026326969131,13.1023739362465));
#7630=CARTESIAN_POINT('Ctrl Pts',(-7.36049357132697,10.758484485127,14.6851918123811));
#7631=CARTESIAN_POINT('Ctrl Pts',(-5.84602661479368,10.3997600969905,16.7236461650048));
#7632=CARTESIAN_POINT('Ctrl Pts',(-5.1049372408827,10.2958014435791,18.2106155128264));
#7633=CARTESIAN_POINT('Ctrl Pts',(-4.87070342714814,10.2700929481219,18.9810973286187));
#7634=CARTESIAN_POINT('Ctrl Pts',(-10.0684091174993,11.54360172674,11.7663021515181));
#7635=CARTESIAN_POINT('Ctrl Pts',(-9.77570936919618,11.416602536073,12.0971757481004));
#7636=CARTESIAN_POINT('Ctrl Pts',(-8.91016685285055,10.9983492417758,13.0739894220596));
#7637=CARTESIAN_POINT('Ctrl Pts',(-7.53891700094562,10.3078493616295,14.6854334505733));
#7638=CARTESIAN_POINT('Ctrl Pts',(-6.01388929251051,9.89492425915278,16.7725603245034));
#7639=CARTESIAN_POINT('Ctrl Pts',(-5.27940217797518,9.77911220752963,18.2542480072865));
#7640=CARTESIAN_POINT('Ctrl Pts',(-5.04837022863185,9.74943015378948,19.0164358795409));
#7641=CARTESIAN_POINT('Ctrl Pts',(-10.1028524279339,11.3602523493196,11.7273581332592));
#7642=CARTESIAN_POINT('Ctrl Pts',(-9.8117633322107,11.2358333581729,12.0564838449218));
#7643=CARTESIAN_POINT('Ctrl Pts',(-8.95081038066329,10.8252145582136,13.0278302229333));
#7644=CARTESIAN_POINT('Ctrl Pts',(-7.56870072464907,10.1149237950074,14.6476443119732));
#7645=CARTESIAN_POINT('Ctrl Pts',(-6.02486112174005,9.67891425995025,16.7532904298433));
#7646=CARTESIAN_POINT('Ctrl Pts',(-5.28388186686363,9.55802659764226,18.2425189290887));
#7647=CARTESIAN_POINT('Ctrl Pts',(-5.05060194391836,9.52665751798816,19.009102219507));
#7648=CARTESIAN_POINT('',(-5.05060194391836,9.52665751798816,19.009102219507));
#7649=CARTESIAN_POINT('Origin',(-4.09391831844483,9.52665751798816,18.7179726250807));
#7650=CARTESIAN_POINT('Ctrl Pts',(-5.05060194391836,9.52665751798816,19.009102219507));
#7651=CARTESIAN_POINT('Ctrl Pts',(-5.28388186686363,9.55802659764226,18.2425189290887));
#7652=CARTESIAN_POINT('Ctrl Pts',(-6.02486112174005,9.67891425995025,16.7532904298433));
#7653=CARTESIAN_POINT('Ctrl Pts',(-7.56870072464907,10.1149237950074,14.6476443119732));
#7654=CARTESIAN_POINT('Ctrl Pts',(-8.95081038066329,10.8252145582136,13.0278302229333));
#7655=CARTESIAN_POINT('Ctrl Pts',(-9.8117633322107,11.2358333581729,12.0564838449218));
#7656=CARTESIAN_POINT('Ctrl Pts',(-10.1028524279339,11.3602523493196,11.7273581332592));
#7657=CARTESIAN_POINT('Ctrl Pts',(-5.0193468330006,9.5074929295393,19.1146943887511));
#7658=CARTESIAN_POINT('Ctrl Pts',(-5.02925415394355,9.51878809853719,19.0802551272953));
#7659=CARTESIAN_POINT('Ctrl Pts',(-5.03976121988738,9.52519976913327,19.0447260219869));
#7660=CARTESIAN_POINT('Ctrl Pts',(-5.05060194396499,9.52665751799443,19.0091022193538));
#7661=CARTESIAN_POINT('Ctrl Pts',(-4.99837887554496,9.7818286294417,19.1875820011709));
#7662=CARTESIAN_POINT('Ctrl Pts',(-5.01379791105221,9.80298248260341,19.1331060561734));
#7663=CARTESIAN_POINT('Ctrl Pts',(-5.02996978475716,9.81687987027362,19.0764625902396));
#7664=CARTESIAN_POINT('Ctrl Pts',(-5.04762632353993,9.82368769902874,19.0188804328729));
#7665=CARTESIAN_POINT('Ctrl Pts',(-4.74487056737588,10.2577179824809,19.2515555096036));
#7666=CARTESIAN_POINT('Ctrl Pts',(-4.7634715401802,10.2954673537482,19.1593930114276));
#7667=CARTESIAN_POINT('Ctrl Pts',(-4.78390416987848,10.322644334666,19.0627824478893));
#7668=CARTESIAN_POINT('Ctrl Pts',(-4.80561007720242,10.338088066353,18.9637343718448));
#7669=CARTESIAN_POINT('Ctrl Pts',(-4.26407402414232,10.4527915452327,19.169360098066));
#7670=CARTESIAN_POINT('Ctrl Pts',(-4.27754354775958,10.4903599446247,19.0557056474244));
#7671=CARTESIAN_POINT('Ctrl Pts',(-4.2920558526594,10.5140793798111,18.9379627729986));
#7672=CARTESIAN_POINT('Ctrl Pts',(-4.30717906882567,10.523680024096,18.8187316695193));
#7673=CARTESIAN_POINT('Ctrl Pts',(-4.05832224921552,10.4685175133244,19.1146943887511));
#7674=CARTESIAN_POINT('Ctrl Pts',(-4.06961741821341,10.502403020318,18.9969035306942));
#7675=CARTESIAN_POINT('Ctrl Pts',(-4.08158504193105,10.5216380321063,18.8755033538137));
#7676=CARTESIAN_POINT('Ctrl Pts',(-4.09391831849788,10.5260112786898,18.753917874719));
#7677=CARTESIAN_POINT('',(-5.0193468330006,9.5074929295393,19.1146943887511));
#7678=CARTESIAN_POINT('Ctrl Pts',(-5.0193468330006,9.5074929295393,19.1146943887511));
#7679=CARTESIAN_POINT('Ctrl Pts',(-5.02925415394355,9.51878809853719,19.0802551272953));
#7680=CARTESIAN_POINT('Ctrl Pts',(-5.03976121988738,9.52519976913327,19.0447260219869));
#7681=CARTESIAN_POINT('Ctrl Pts',(-5.05060194396499,9.52665751799443,19.0091022193538));
#7682=CARTESIAN_POINT('',(-4.05832224921552,10.4685175133244,19.1146943887511));
#7683=CARTESIAN_POINT('Origin',(-4.05832224921552,9.5074929295393,18.8382314629171));
#7684=CARTESIAN_POINT('Ctrl Pts',(-4.09391831849788,10.5260112786898,18.753917874719));
#7685=CARTESIAN_POINT('Ctrl Pts',(-4.08158504193105,10.5216380321063,18.8755033538137));
#7686=CARTESIAN_POINT('Ctrl Pts',(-4.06961741821341,10.502403020318,18.9969035306942));
#7687=CARTESIAN_POINT('Ctrl Pts',(-4.05832224921552,10.4685175133244,19.1146943887511));
#7688=CARTESIAN_POINT('Ctrl Pts',(-4.05832224921552,10.4685175133244,19.1146943887511));
#7689=CARTESIAN_POINT('Ctrl Pts',(-4.02969267609671,10.3826287939679,19.4132558342771));
#7690=CARTESIAN_POINT('Ctrl Pts',(-3.94496249326243,10.1284382454546,19.7723537122381));
#7691=CARTESIAN_POINT('Ctrl Pts',(-3.77184048084795,9.609072208215,20.11754987977));
#7692=CARTESIAN_POINT('Ctrl Pts',(-3.65698391038485,9.26450249680451,20.1981907708043));
#7693=CARTESIAN_POINT('Ctrl Pts',(-3.57991296228805,9.03328965254369,20.1999931595603));
#7694=CARTESIAN_POINT('Ctrl Pts',(-3.57886167064297,9.03013577760933,20.2000000000001));
#7695=CARTESIAN_POINT('Ctrl Pts',(-3.57780995732299,9.02698063764677,20.2000000000001));
#7696=CARTESIAN_POINT('Ctrl Pts',(-4.33265794911792,10.4475495558687,19.1875820011709));
#7697=CARTESIAN_POINT('Ctrl Pts',(-4.26933062582126,10.3331383620426,19.5255445510083));
#7698=CARTESIAN_POINT('Ctrl Pts',(-4.10897713066817,10.0348182206717,19.85973800672));
#7699=CARTESIAN_POINT('Ctrl Pts',(-3.84697827333321,9.53687333331666,20.1394222360739));
#7700=CARTESIAN_POINT('Ctrl Pts',(-3.68720648106395,9.23434566872237,20.1983366704126));
#7701=CARTESIAN_POINT('Ctrl Pts',(-3.58071358009615,9.03248851976657,20.1999977738878));
#7702=CARTESIAN_POINT('Ctrl Pts',(-3.57926232333662,9.029735124916,20.2000000000001));
#7703=CARTESIAN_POINT('Ctrl Pts',(-3.57780995732299,9.02698063764677,20.2000000000001));
#7704=CARTESIAN_POINT('Ctrl Pts',(-4.80854710373248,10.1940410829553,19.2515554051289));
#7705=CARTESIAN_POINT('Ctrl Pts',(-4.68755684641824,10.0797395364964,19.6218063881727));
#7706=CARTESIAN_POINT('Ctrl Pts',(-4.39714853809993,9.80577270590861,19.9295877317658));
#7707=CARTESIAN_POINT('Ctrl Pts',(-3.97974208020716,9.41027425271398,20.1567418418136));
#7708=CARTESIAN_POINT('Ctrl Pts',(-3.74033258454775,9.18197056108878,20.1986393405636));
#7709=CARTESIAN_POINT('Ctrl Pts',(-3.5821124973235,9.03108281537095,20.1999994721925));
#7710=CARTESIAN_POINT('Ctrl Pts',(-3.57996346555053,9.02903398270268,20.2000000000001));
#7711=CARTESIAN_POINT('Ctrl Pts',(-3.57780995732299,9.02698063764677,20.2000000000001));
#7712=CARTESIAN_POINT('Ctrl Pts',(-5.00362086490887,9.7132447044661,19.169360098066));
#7713=CARTESIAN_POINT('Ctrl Pts',(-4.89682347634969,9.65903130587366,19.4972233991392));
#7714=CARTESIAN_POINT('Ctrl Pts',(-4.6096281720477,9.51766434837845,19.8379853482855));
#7715=CARTESIAN_POINT('Ctrl Pts',(-4.10629507869084,9.27785283696242,20.1342729596133));
#7716=CARTESIAN_POINT('Ctrl Pts',(-3.79281288367106,9.12891040496304,20.1983555215551));
#7717=CARTESIAN_POINT('Ctrl Pts',(-3.58351722075248,9.02968329365773,20.1999961146447));
#7718=CARTESIAN_POINT('Ctrl Pts',(-3.58066460776443,9.02833284048936,20.2000000000001));
#7719=CARTESIAN_POINT('Ctrl Pts',(-3.57780995732299,9.02698063764677,20.2000000000001));
#7720=CARTESIAN_POINT('Ctrl Pts',(-5.0193468330006,9.5074929295393,19.1146943887511));
#7721=CARTESIAN_POINT('Ctrl Pts',(-4.93345811364416,9.47886335642049,19.4132558342771));
#7722=CARTESIAN_POINT('Ctrl Pts',(-4.67926756514139,9.39413317358282,19.7723537122381));
#7723=CARTESIAN_POINT('Ctrl Pts',(-4.15990152789793,9.2210111611696,20.11754987977));
#7724=CARTESIAN_POINT('Ctrl Pts',(-3.81533181650874,9.10615459069967,20.1981907708042));
#7725=CARTESIAN_POINT('Ctrl Pts',(-3.58411897221818,9.02908364261242,20.1999931595603));
#7726=CARTESIAN_POINT('Ctrl Pts',(-3.58096509728467,9.02803235096937,20.2000000000001));
#7727=CARTESIAN_POINT('Ctrl Pts',(-3.57780995732299,9.02698063764677,20.2000000000001));
#7728=CARTESIAN_POINT('',(-3.57780995732298,9.02698063764677,20.2000000000001));
#7729=CARTESIAN_POINT('Ctrl Pts',(-4.05832224921552,10.4685175133244,19.1146943887511));
#7730=CARTESIAN_POINT('Ctrl Pts',(-4.02969267609671,10.3826287939679,19.4132558342771));
#7731=CARTESIAN_POINT('Ctrl Pts',(-3.94496249326243,10.1284382454546,19.7723537122381));
#7732=CARTESIAN_POINT('Ctrl Pts',(-3.77184048084795,9.609072208215,20.11754987977));
#7733=CARTESIAN_POINT('Ctrl Pts',(-3.65698391038485,9.26450249680451,20.1981907708043));
#7734=CARTESIAN_POINT('Ctrl Pts',(-3.57991296228805,9.03328965254369,20.1999931595603));
#7735=CARTESIAN_POINT('Ctrl Pts',(-3.57886167064297,9.03013577760933,20.2000000000001));
#7736=CARTESIAN_POINT('Ctrl Pts',(-3.57780995732299,9.02698063764677,20.2000000000001));
#7737=CARTESIAN_POINT('Ctrl Pts',(-3.57780995732299,9.02698063764677,20.2000000000001));
#7738=CARTESIAN_POINT('Ctrl Pts',(-3.58096509728467,9.02803235096937,20.2000000000001));
#7739=CARTESIAN_POINT('Ctrl Pts',(-3.58411897221818,9.02908364261242,20.1999931595603));
#7740=CARTESIAN_POINT('Ctrl Pts',(-3.81533181650874,9.10615459069967,20.1981907708042));
#7741=CARTESIAN_POINT('Ctrl Pts',(-4.15990152789793,9.2210111611696,20.11754987977));
#7742=CARTESIAN_POINT('Ctrl Pts',(-4.67926756514139,9.39413317358282,19.7723537122381));
#7743=CARTESIAN_POINT('Ctrl Pts',(-4.93345811364416,9.47886335642049,19.4132558342771));
#7744=CARTESIAN_POINT('Ctrl Pts',(-5.0193468330006,9.5074929295393,19.1146943887511));
#7745=CARTESIAN_POINT('Ctrl Pts',(6.28598604576485,9.02698063764677,20.2000000000001));
#7746=CARTESIAN_POINT('Ctrl Pts',(2.82601792432519,9.02698063764677,20.2000000000001));
#7747=CARTESIAN_POINT('Ctrl Pts',(-0.633950197114485,9.02698063764677,20.2000000000001));
#7748=CARTESIAN_POINT('Ctrl Pts',(-4.09391831855415,9.02698063764677,20.2000000000001));
#7749=CARTESIAN_POINT('Ctrl Pts',(6.28598604576485,9.46550730405017,20.2000000000001));
#7750=CARTESIAN_POINT('Ctrl Pts',(2.82601792432519,9.46550730405017,20.2000000000001));
#7751=CARTESIAN_POINT('Ctrl Pts',(-0.633950197114489,9.46550730405017,20.2000000000001));
#7752=CARTESIAN_POINT('Ctrl Pts',(-4.09391831855415,9.46550730405017,20.2000000000001));
#7753=CARTESIAN_POINT('Ctrl Pts',(6.28598604576485,10.2254444118135,19.8413362842679));
#7754=CARTESIAN_POINT('Ctrl Pts',(2.82601792432518,10.2254444118135,19.8413362842679));
#7755=CARTESIAN_POINT('Ctrl Pts',(-0.63395019711448,10.2254444118135,19.8413362842679));
#7756=CARTESIAN_POINT('Ctrl Pts',(-4.09391831855415,10.2254444118135,19.8413362842679));
#7757=CARTESIAN_POINT('Ctrl Pts',(6.28598604576485,10.5141890659547,19.0826003288879));
#7758=CARTESIAN_POINT('Ctrl Pts',(2.82601792432519,10.5141890659547,19.0826003288879));
#7759=CARTESIAN_POINT('Ctrl Pts',(-0.633950197114485,10.5141890659547,19.0826003288879));
#7760=CARTESIAN_POINT('Ctrl Pts',(-4.09391831855415,10.5141890659547,19.0826003288879));
#7761=CARTESIAN_POINT('Ctrl Pts',(6.28598604576485,10.5260112787172,18.7539178739553));
#7762=CARTESIAN_POINT('Ctrl Pts',(2.82601792432519,10.5260112787172,18.7539178739553));
#7763=CARTESIAN_POINT('Ctrl Pts',(-0.633950197114483,10.5260112787172,18.7539178739553));
#7764=CARTESIAN_POINT('Ctrl Pts',(-4.09391831855415,10.5260112787172,18.7539178739553));
#7765=CARTESIAN_POINT('',(6.28598604576485,9.02698063764677,20.2000000000001));
#7766=CARTESIAN_POINT('Ctrl Pts',(6.28598604576485,9.02698063764677,20.2000000000001));
#7767=CARTESIAN_POINT('Ctrl Pts',(2.99805404473557,9.02698063764677,20.2000000000001));
#7768=CARTESIAN_POINT('Ctrl Pts',(-0.289877956293708,9.02698063764677,20.2000000000001));
#7769=CARTESIAN_POINT('Ctrl Pts',(-3.57780995732299,9.02698063764677,20.2000000000001));
#7770=CARTESIAN_POINT('Ctrl Pts',(3.19422706774543,10.5260112787172,18.7539178739553));
#7771=CARTESIAN_POINT('Ctrl Pts',(3.20136958270113,10.5238438086282,18.8141781149236));
#7772=CARTESIAN_POINT('Ctrl Pts',(3.22012608253364,10.5181538295751,18.8714104821137));
#7773=CARTESIAN_POINT('Ctrl Pts',(3.28566964956911,10.4979064981414,19.0046404471569));
#7774=CARTESIAN_POINT('Ctrl Pts',(3.34147492254009,10.4803854103135,19.0768079990615));
#7775=CARTESIAN_POINT('Ctrl Pts',(3.51241586258706,10.4248084877531,19.2579384786011));
#7776=CARTESIAN_POINT('Ctrl Pts',(3.66118675409998,10.374410483184,19.3702926174407));
#7777=CARTESIAN_POINT('Ctrl Pts',(4.15146591708332,10.1922743952632,19.6722885400039));
#7778=CARTESIAN_POINT('Ctrl Pts',(4.57880320228693,10.0151027120445,19.8612874671022));
#7779=CARTESIAN_POINT('Ctrl Pts',(5.45796845977974,9.56206033081034,20.1233680158313));
#7780=CARTESIAN_POINT('Ctrl Pts',(5.88618924283224,9.30538127073275,20.2000000000001));
#7781=CARTESIAN_POINT('Ctrl Pts',(6.28598604576485,9.02698063764676,20.2000000000001));
#7782=CARTESIAN_POINT('Ctrl Pts',(-15.9529868602934,13.5,-2.87443022219807));
#7783=CARTESIAN_POINT('Ctrl Pts',(12.4912451703627,13.5,-2.87443022219807));
#7784=CARTESIAN_POINT('Ctrl Pts',(-15.9529868602934,13.5,-2.91628681479871));
#7785=CARTESIAN_POINT('Ctrl Pts',(12.4912451703627,13.5,-2.91628681479871));
#7786=CARTESIAN_POINT('Ctrl Pts',(-15.9529868602934,13.5,-2.95814340739936));
#7787=CARTESIAN_POINT('Ctrl Pts',(12.4912451703627,13.5,-2.95814340739936));
#7788=CARTESIAN_POINT('Ctrl Pts',(-15.9529868602934,13.5,-3.));
#7789=CARTESIAN_POINT('Ctrl Pts',(12.4912451703627,13.5,-3.));
#7790=CARTESIAN_POINT('Ctrl Pts',(-15.9529868602934,13.5,-4.43085019624776));
#7791=CARTESIAN_POINT('Ctrl Pts',(12.4912451703627,13.5,-4.43085019624776));
#7792=CARTESIAN_POINT('Ctrl Pts',(-15.9529868602934,13.1609277629922,-5.79570709060454));
#7793=CARTESIAN_POINT('Ctrl Pts',(12.4912451703627,13.1609277629922,-5.79570709060454));
#7794=CARTESIAN_POINT('Ctrl Pts',(-15.9529868602934,12.6985718734489,-6.91039190473544));
#7795=CARTESIAN_POINT('Ctrl Pts',(12.4912451703627,12.6985718734489,-6.91039190473544));
#7796=CARTESIAN_POINT('Ctrl Pts',(-15.9529868602934,12.1089711832119,-8.33184873198043));
#7797=CARTESIAN_POINT('Ctrl Pts',(12.4912451703627,12.1089711832119,-8.33184873198043));
#7798=CARTESIAN_POINT('Ctrl Pts',(-15.9529868602934,11.4140603600143,-9.39371344762359));
#7799=CARTESIAN_POINT('Ctrl Pts',(12.4912451703627,11.4140603600143,-9.39371344762359));
#7800=CARTESIAN_POINT('Ctrl Pts',(-15.9529868602934,11.0142832019926,-10.2866208156219));
#7801=CARTESIAN_POINT('Ctrl Pts',(12.4912451703627,11.0142832019926,-10.2866208156219));
#7802=CARTESIAN_POINT('Ctrl Pts',(-15.9529868602934,10.6676577824055,-11.0608130996843));
#7803=CARTESIAN_POINT('Ctrl Pts',(12.4912451703627,10.6676577824055,-11.0608130996843));
#7804=CARTESIAN_POINT('Ctrl Pts',(-15.9529868602934,10.5,-11.6736426934313));
#7805=CARTESIAN_POINT('Ctrl Pts',(12.4912451703627,10.5,-11.6736426934313));
#7806=CARTESIAN_POINT('Ctrl Pts',(-15.9529868602934,10.5,-12.4999999999999));
#7807=CARTESIAN_POINT('Ctrl Pts',(12.4912451703627,10.5,-12.4999999999999));
#7808=CARTESIAN_POINT('Ctrl Pts',(-15.9529868602934,10.5,-13.0034894465405));
#7809=CARTESIAN_POINT('Ctrl Pts',(12.4912451703627,10.5,-13.0034894465405));
#7810=CARTESIAN_POINT('Ctrl Pts',(-15.9529868602934,10.5,-13.5069788930811));
#7811=CARTESIAN_POINT('Ctrl Pts',(12.4912451703627,10.5,-13.5069788930811));
#7812=CARTESIAN_POINT('Ctrl Pts',(-15.9529868602934,10.5,-14.0104683396217));
#7813=CARTESIAN_POINT('Ctrl Pts',(12.4912451703627,10.5,-14.0104683396217));
#7814=CARTESIAN_POINT('Ctrl Pts',(-15.9529868602934,10.5,-14.0523249322224));
#7815=CARTESIAN_POINT('Ctrl Pts',(12.4912451703627,10.5,-14.0523249322224));
#7816=CARTESIAN_POINT('Ctrl Pts',(-15.9529868602934,10.5,-14.094181524823));
#7817=CARTESIAN_POINT('Ctrl Pts',(12.4912451703627,10.5,-14.094181524823));
#7818=CARTESIAN_POINT('Ctrl Pts',(-15.9529868602934,10.5,-14.1360381174237));
#7819=CARTESIAN_POINT('Ctrl Pts',(12.4912451703627,10.5,-14.1360381174237));
#7820=CARTESIAN_POINT('',(1.30693967246917,10.9220835325741,-10.4999999999999));
#7821=CARTESIAN_POINT('Ctrl Pts',(1.30693967246917,10.9220835325741,-10.4999999999999));
#7822=CARTESIAN_POINT('Ctrl Pts',(1.97034281541501,10.9220835325741,-10.4999999999999));
#7823=CARTESIAN_POINT('Ctrl Pts',(2.63374595836084,10.9220835325741,-10.4999999999999));
#7824=CARTESIAN_POINT('Ctrl Pts',(3.29714910130668,10.9220835325741,-10.4999999999999));
#7825=CARTESIAN_POINT('',(2.80999762274187,10.635032362912,-11.3569506001152));
#7826=CARTESIAN_POINT('Ctrl Pts',(2.80999762274186,10.635032362912,-11.3569506001152));
#7827=CARTESIAN_POINT('Ctrl Pts',(2.77811830956557,10.6434555431321,-11.3225710133997));
#7828=CARTESIAN_POINT('Ctrl Pts',(2.74510753027964,10.6520239304689,-11.2892284538136));
#7829=CARTESIAN_POINT('Ctrl Pts',(2.45082462466668,10.7268634545596,-11.0093442291335));
#7830=CARTESIAN_POINT('Ctrl Pts',(2.11058977991896,10.8028501913364,-10.800054051673));
#7831=CARTESIAN_POINT('Ctrl Pts',(1.58569786921246,10.8859601577392,-10.5878172606666));
#7832=CARTESIAN_POINT('Ctrl Pts',(1.44752204156394,10.9052614056537,-10.5404726143633));
#7833=CARTESIAN_POINT('Ctrl Pts',(1.30693967246917,10.9220835325741,-10.4999999999999));
#7834=CARTESIAN_POINT('Ctrl Pts',(2.80999762274187,10.635032362912,-11.3569506001152));
#7835=CARTESIAN_POINT('Ctrl Pts',(0.445565181203127,10.635032362912,-11.3569506001152));
#7836=CARTESIAN_POINT('Ctrl Pts',(-1.91886726033561,10.635032362912,-11.3569506001152));
#7837=CARTESIAN_POINT('Ctrl Pts',(-4.28329970187436,10.635032362912,-11.3569506001152));
#7838=CARTESIAN_POINT('Ctrl Pts',(6.06317300377511,10.635032362912,-11.3569506001152));
#7839=CARTESIAN_POINT('Ctrl Pts',(2.61434876855861,10.635032362912,-11.3569506001152));
#7840=CARTESIAN_POINT('Ctrl Pts',(-0.83447546665787,10.635032362912,-11.3569506001152));
#7841=CARTESIAN_POINT('Ctrl Pts',(-4.28329970187436,10.635032362912,-11.3569506001152));
#7842=CARTESIAN_POINT('Ctrl Pts',(6.06317300377511,10.5445692454243,-11.7261798592469));
#7843=CARTESIAN_POINT('Ctrl Pts',(2.61434876855862,10.5445692454243,-11.7261798592469));
#7844=CARTESIAN_POINT('Ctrl Pts',(-0.834475466657877,10.5445692454243,-11.7261798592469));
#7845=CARTESIAN_POINT('Ctrl Pts',(-4.28329970187436,10.5445692454243,-11.7261798592469));
#7846=CARTESIAN_POINT('Ctrl Pts',(6.06317300377511,10.1292222910691,-12.3056184166));
#7847=CARTESIAN_POINT('Ctrl Pts',(2.61434876855861,10.1292222910691,-12.3056184166));
#7848=CARTESIAN_POINT('Ctrl Pts',(-0.834475466657859,10.1292222910691,-12.3056184166));
#7849=CARTESIAN_POINT('Ctrl Pts',(-4.28329970187436,10.1292222910691,-12.3056184166));
#7850=CARTESIAN_POINT('Ctrl Pts',(6.06317300377511,9.46323482895728,-12.4999999999999));
#7851=CARTESIAN_POINT('Ctrl Pts',(2.61434876855862,9.46323482895728,-12.4999999999999));
#7852=CARTESIAN_POINT('Ctrl Pts',(-0.834475466657881,9.46323482895728,-12.4999999999999));
#7853=CARTESIAN_POINT('Ctrl Pts',(-4.28329970187436,9.46323482895728,-12.4999999999999));
#7854=CARTESIAN_POINT('Ctrl Pts',(6.06317300377511,9.17812252730877,-12.4999999999999));
#7855=CARTESIAN_POINT('Ctrl Pts',(2.61434876855862,9.17812252730877,-12.4999999999999));
#7856=CARTESIAN_POINT('Ctrl Pts',(-0.834475466657872,9.17812252730877,-12.4999999999999));
#7857=CARTESIAN_POINT('Ctrl Pts',(-4.28329970187436,9.17812252730878,-12.4999999999999));
#7858=CARTESIAN_POINT('Ctrl Pts',(6.06317300377511,9.17812252730877,-12.4999999999999));
#7859=CARTESIAN_POINT('Ctrl Pts',(5.71004210797128,9.41140484707145,-12.4999999999999));
#7860=CARTESIAN_POINT('Ctrl Pts',(5.33795853419177,9.6269737706029,-12.4461720093131));
#7861=CARTESIAN_POINT('Ctrl Pts',(4.53946284337472,10.0311213211689,-12.2568300208332));
#7862=CARTESIAN_POINT('Ctrl Pts',(4.13088669304487,10.201639059405,-12.1144547311267));
#7863=CARTESIAN_POINT('Ctrl Pts',(3.59503840369691,10.3978625153884,-11.8795993357048));
#7864=CARTESIAN_POINT('Ctrl Pts',(3.40195572538437,10.4623509924103,-11.7843038874094));
#7865=CARTESIAN_POINT('Ctrl Pts',(3.08274305421613,10.5602543154443,-11.5908510194609));
#7866=CARTESIAN_POINT('Ctrl Pts',(2.925211811329,10.6045903684743,-11.4812009616422));
#7867=CARTESIAN_POINT('Ctrl Pts',(2.80999762274187,10.635032362912,-11.3569506001152));
#7868=CARTESIAN_POINT('Ctrl Pts',(-5.09786880240077,9.61841372927124,-11.7108395861725));
#7869=CARTESIAN_POINT('Ctrl Pts',(-5.09786880240077,8.46227581951417,-11.7108395861725));
#7870=CARTESIAN_POINT('Ctrl Pts',(-5.09786880240077,7.30613790975708,-11.7108395861725));
#7871=CARTESIAN_POINT('Ctrl Pts',(-5.09786880240077,6.15,-11.7108395861725));
#7872=CARTESIAN_POINT('Ctrl Pts',(-4.9702624603653,9.61841372927124,-11.9479561627071));
#7873=CARTESIAN_POINT('Ctrl Pts',(-4.9702624603653,8.46227581951417,-11.9479561627071));
#7874=CARTESIAN_POINT('Ctrl Pts',(-4.9702624603653,7.30613790975708,-11.9479561627071));
#7875=CARTESIAN_POINT('Ctrl Pts',(-4.9702624603653,6.15,-11.9479561627071));
#7876=CARTESIAN_POINT('Ctrl Pts',(-4.58438762015595,9.61841372927124,-12.3513898103563));
#7877=CARTESIAN_POINT('Ctrl Pts',(-4.58438762015595,8.46227581951417,-12.3513898103563));
#7878=CARTESIAN_POINT('Ctrl Pts',(-4.58438762015595,7.30613790975708,-12.3513898103563));
#7879=CARTESIAN_POINT('Ctrl Pts',(-4.58438762015595,6.15,-12.3513898103563));
#7880=CARTESIAN_POINT('Ctrl Pts',(-4.04626764106561,9.61841372927124,-12.4999999999999));
#7881=CARTESIAN_POINT('Ctrl Pts',(-4.04626764106561,8.46227581951417,-12.4999999999999));
#7882=CARTESIAN_POINT('Ctrl Pts',(-4.04626764106561,7.30613790975708,-12.4999999999999));
#7883=CARTESIAN_POINT('Ctrl Pts',(-4.04626764106561,6.15,-12.4999999999999));
#7884=CARTESIAN_POINT('Ctrl Pts',(-3.77699519651337,9.61841372927124,-12.4999999999999));
#7885=CARTESIAN_POINT('Ctrl Pts',(-3.77699519651337,8.46227581951417,-12.4999999999999));
#7886=CARTESIAN_POINT('Ctrl Pts',(-3.77699519651337,7.30613790975708,-12.4999999999999));
#7887=CARTESIAN_POINT('Ctrl Pts',(-3.77699519651337,6.15,-12.4999999999999));
#7888=CARTESIAN_POINT('',(-5.09786880240077,6.15,-11.7108395861725));
#7889=CARTESIAN_POINT('Ctrl Pts',(-5.09786880240077,6.15,-11.7108395861725));
#7890=CARTESIAN_POINT('Ctrl Pts',(-4.9702624603653,6.15,-11.9479561627071));
#7891=CARTESIAN_POINT('Ctrl Pts',(-4.77732504026063,6.15,-12.1496729865317));
#7892=CARTESIAN_POINT('Ctrl Pts',(-4.5463263354357,6.15,-12.2876839458549));
#7893=CARTESIAN_POINT('Ctrl Pts',(-4.31532763061078,6.15,-12.4256949051781));
#7894=CARTESIAN_POINT('Ctrl Pts',(-4.04626764106561,6.15,-12.4999999999999));
#7895=CARTESIAN_POINT('Ctrl Pts',(-3.77699519651337,6.15,-12.4999999999999));
#7896=CARTESIAN_POINT('Ctrl Pts',(-5.09786880240077,9.61841372927124,-11.7108395861725));
#7897=CARTESIAN_POINT('Ctrl Pts',(-5.09786880240077,8.46227581951417,-11.7108395861725));
#7898=CARTESIAN_POINT('Ctrl Pts',(-5.09786880240077,7.30613790975708,-11.7108395861725));
#7899=CARTESIAN_POINT('Ctrl Pts',(-5.09786880240077,6.15,-11.7108395861725));
#7900=CARTESIAN_POINT('Origin',(0.,6.15,0.));
#7901=CARTESIAN_POINT('',(-3.24452858596677,6.15,-10.5));
#7902=CARTESIAN_POINT('Ctrl Pts',(-3.24452858596677,6.15,-10.5));
#7903=CARTESIAN_POINT('Ctrl Pts',(-3.13421524854989,6.15,-10.5529682923896));
#7904=CARTESIAN_POINT('Ctrl Pts',(-3.02847451288219,6.15,-10.6087980595025));
#7905=CARTESIAN_POINT('Ctrl Pts',(-2.92804205204174,6.15,-10.6678903641656));
#7906=CARTESIAN_POINT('Ctrl Pts',(-2.83526175303908,6.15,-10.7224803010198));
#7907=CARTESIAN_POINT('Ctrl Pts',(-2.74701175930004,6.15,-10.7798546762125));
#7908=CARTESIAN_POINT('Ctrl Pts',(-2.66383236577257,6.15,-10.8403105725239));
#7909=CARTESIAN_POINT('Ctrl Pts',(-2.58384550439462,6.15,-10.8984460937469));
#7910=CARTESIAN_POINT('Ctrl Pts',(-2.50854771635731,6.15,-10.9594312894841));
#7911=CARTESIAN_POINT('Ctrl Pts',(-2.43837845778853,6.15,-11.0235098262276));
#7912=CARTESIAN_POINT('Ctrl Pts',(-2.3704616915233,6.15,-11.0855313879685));
#7913=CARTESIAN_POINT('Ctrl Pts',(-2.3073496732179,6.15,-11.1504510095839));
#7914=CARTESIAN_POINT('Ctrl Pts',(-2.24939860316963,6.15,-11.2184679603188));
#7915=CARTESIAN_POINT('Ctrl Pts',(-2.19314698806649,6.15,-11.2844902672415));
#7916=CARTESIAN_POINT('Ctrl Pts',(-2.14175821778305,6.15,-11.3534310099734));
#7917=CARTESIAN_POINT('Ctrl Pts',(-2.09551506214857,6.15,-11.4254499976753));
#7918=CARTESIAN_POINT('Ctrl Pts',(-2.05066940992983,6.15,-11.4952925166667));
#7919=CARTESIAN_POINT('Ctrl Pts',(-2.01066322556233,6.15,-11.5680301833615));
#7920=CARTESIAN_POINT('Ctrl Pts',(-1.97571106956845,6.15,-11.6437855085126));
#7921=CARTESIAN_POINT('Ctrl Pts',(-1.94209076931028,6.15,-11.7166541686944));
#7922=CARTESIAN_POINT('Ctrl Pts',(-1.91314671609358,6.15,-11.7923149644978));
#7923=CARTESIAN_POINT('Ctrl Pts',(-1.88902772930212,6.15,-11.8708535802395));
#7924=CARTESIAN_POINT('Ctrl Pts',(-1.86537164772784,6.15,-11.9478848385083));
#7925=CARTESIAN_POINT('Ctrl Pts',(-1.84635734717668,6.15,-12.0276846309268));
#7926=CARTESIAN_POINT('Ctrl Pts',(-1.83208228297405,6.15,-12.1103094014154));
#7927=CARTESIAN_POINT('Ctrl Pts',(-1.81817386243173,6.15,-12.1908120204478));
#7928=CARTESIAN_POINT('Ctrl Pts',(-1.80876442569165,6.15,-12.2739964346376));
#7929=CARTESIAN_POINT('Ctrl Pts',(-1.80390144147865,6.15,-12.359890141435));
#7930=CARTESIAN_POINT('Ctrl Pts',(-1.80130112753702,6.15,-12.4058188538263));
#7931=CARTESIAN_POINT('Ctrl Pts',(-1.8,6.15,-12.4525217788861));
#7932=CARTESIAN_POINT('Ctrl Pts',(-1.8,6.15,-12.4999999999999));
#7933=CARTESIAN_POINT('',(-0.837,6.15,-10.4999999999999));
#7934=CARTESIAN_POINT('',(0.100000000000001,6.15,-10.4999999999999));
#7935=CARTESIAN_POINT('',(-0.837000000000003,6.15,-6.2403069638175));
#7936=CARTESIAN_POINT('',(-0.837,6.15,-5.24999999999996));
#7937=CARTESIAN_POINT('',(-0.261146013183298,6.15,-5.51000353662453));
#7938=CARTESIAN_POINT('Origin',(-7.99999999981369,6.15,0.));
#7939=CARTESIAN_POINT('',(-3.92691895421875,6.15,-2.90000186138133));
#7940=CARTESIAN_POINT('',(-1.47617473392274,6.15,-4.64491258647343));
#7941=CARTESIAN_POINT('',(-3.00109594748204,6.15,0.104681782475115));
#7942=CARTESIAN_POINT('Origin',(-7.99999999981369,6.15,0.));
#7943=CARTESIAN_POINT('',(1.49791769961645,6.15,0.198895386702719));
#7944=CARTESIAN_POINT('',(-1.50230129783413,6.15,0.136067961094833));
#7945=CARTESIAN_POINT('',(-0.836999999999999,6.15,6.24030696381749));
#7946=CARTESIAN_POINT('Origin',(-7.99999999981369,6.15,0.));
#7947=CARTESIAN_POINT('',(-0.837,6.15,8.5));
#7948=CARTESIAN_POINT('',(-0.837,6.15,3.12015348190875));
#7949=CARTESIAN_POINT('',(-1.80000000000002,6.15,8.5));
#7950=CARTESIAN_POINT('',(4.50000000000004,6.15,8.5));
#7951=CARTESIAN_POINT('',(-1.8,6.15,12.4999999999999));
#7952=CARTESIAN_POINT('',(-1.80000000000005,6.15,4.25000000000001));
#7953=CARTESIAN_POINT('',(-1.81138059453519,6.15,12.2634556119097));
#7954=CARTESIAN_POINT('Ctrl Pts',(-1.81138059453519,6.15,12.2634556119097));
#7955=CARTESIAN_POINT('Ctrl Pts',(-1.80379898033856,6.15,12.3400462944541));
#7956=CARTESIAN_POINT('Ctrl Pts',(-1.8,6.15,12.4188913140816));
#7957=CARTESIAN_POINT('Ctrl Pts',(-1.8,6.15,12.4999999999999));
#7958=CARTESIAN_POINT('',(-0.905690297267596,6.15,12.2634556119097));
#7959=CARTESIAN_POINT('',(-4.905,6.15,17.9358898943541));
#7960=CARTESIAN_POINT('',(-4.905,6.15,17.0641101056459));
#7961=CARTESIAN_POINT('Ctrl Pts',(-5.12616290344855,6.15,18.7749172998245));
#7962=CARTESIAN_POINT('Ctrl Pts',(-5.15453741673193,6.15,18.6916886063698));
#7963=CARTESIAN_POINT('Ctrl Pts',(-5.16797035189866,6.15,18.6036598642914));
#7964=CARTESIAN_POINT('Ctrl Pts',(-5.16910378874259,6.15,18.4112236694778));
#7965=CARTESIAN_POINT('Ctrl Pts',(-5.15161503352557,6.15,18.3123035061501));
#7966=CARTESIAN_POINT('Ctrl Pts',(-5.10177902340756,6.15,18.1559584745556));
#7967=CARTESIAN_POINT('Ctrl Pts',(-5.06988717871358,6.15,18.0877832700184));
#7968=CARTESIAN_POINT('Ctrl Pts',(-5.01323986938386,6.15,18.0124342041783));
#7969=CARTESIAN_POINT('Ctrl Pts',(-4.99392653298701,6.15,17.9914190475632));
#7970=CARTESIAN_POINT('Ctrl Pts',(-4.95153648898492,6.15,17.9576804444756));
#7971=CARTESIAN_POINT('Ctrl Pts',(-4.92941183968756,6.15,17.94484946532));
#7972=CARTESIAN_POINT('Ctrl Pts',(-4.905,6.15,17.9358898943541));
#7973=CARTESIAN_POINT('',(-6.46574839055492,6.15,16.2000000000001));
#7974=CARTESIAN_POINT('Ctrl Pts',(-5.12597523812708,6.15,18.7748532975335));
#7975=CARTESIAN_POINT('Ctrl Pts',(-5.24287178600016,6.15,18.4320932511731));
#7976=CARTESIAN_POINT('Ctrl Pts',(-5.38876490744545,6.15,18.0848481931473));
#7977=CARTESIAN_POINT('Ctrl Pts',(-5.5658390446871,6.15,17.7272670549171));
#7978=CARTESIAN_POINT('Ctrl Pts',(-5.8161279875789,6.15,17.2218369199475));
#7979=CARTESIAN_POINT('Ctrl Pts',(-6.1216053362061,6.15,16.7108488585267));
#7980=CARTESIAN_POINT('Ctrl Pts',(-6.46489675755275,6.15,16.1994283465979));
#7981=CARTESIAN_POINT('',(-9.62890749365285,6.15,12.2634556119097));
#7982=CARTESIAN_POINT('Ctrl Pts',(-6.46489675755275,6.15,16.1994283465979));
#7983=CARTESIAN_POINT('Ctrl Pts',(-7.36419134944974,6.15,14.859698682633));
#7984=CARTESIAN_POINT('Ctrl Pts',(-8.52298244866405,6.15,13.5170013564107));
#7985=CARTESIAN_POINT('Ctrl Pts',(-9.62893176097964,6.15,12.2634770222906));
#7986=CARTESIAN_POINT('',(-10.1028524279359,6.15,11.7273581332569));
#7987=CARTESIAN_POINT('Ctrl Pts',(-9.62893176097964,6.15,12.2634770222906));
#7988=CARTESIAN_POINT('Ctrl Pts',(-9.78831439462648,6.15,12.082826781373));
#7989=CARTESIAN_POINT('Ctrl Pts',(-9.94659956739631,6.15,11.9040285571237));
#7990=CARTESIAN_POINT('Ctrl Pts',(-10.1028524279339,6.15,11.7273581332592));
#7991=CARTESIAN_POINT('',(-15.4458041877242,6.15,4.09999999976441));
#7992=CARTESIAN_POINT('Ctrl Pts',(-10.1028524279359,6.15,11.7273581332569));
#7993=CARTESIAN_POINT('Ctrl Pts',(-11.329435609816,6.15,10.3404973109829));
#7994=CARTESIAN_POINT('Ctrl Pts',(-12.5355471106749,6.15,8.96613886965692));
#7995=CARTESIAN_POINT('Ctrl Pts',(-14.4536686847289,6.15,6.11954914863819));
#7996=CARTESIAN_POINT('Ctrl Pts',(-14.869233739571,6.15,5.14708098558707));
#7997=CARTESIAN_POINT('Ctrl Pts',(-15.4458041877242,6.15,4.09999999976441));
#7998=CARTESIAN_POINT('',(-9.58240774362848,6.15,4.09999999994993));
#7999=CARTESIAN_POINT('',(-4.7912038718791,6.15,4.10000000010153));
#8000=CARTESIAN_POINT('',(-9.47627063887254,6.15,3.82500000000001));
#8001=CARTESIAN_POINT('',(-8.2195451943897,6.15,0.568839037586943));
#8002=CARTESIAN_POINT('',(-9.4762706388726,6.15,-3.82499999999999));
#8003=CARTESIAN_POINT('Origin',(-7.99999999972811,6.15,0.));
#8004=CARTESIAN_POINT('',(-9.58240774364773,6.15,-4.1));
#8005=CARTESIAN_POINT('',(-8.27261374677949,6.15,-0.706339037587974));
#8006=CARTESIAN_POINT('',(-15.4458041875945,6.15,-4.1));
#8007=CARTESIAN_POINT('',(-7.72290209379726,6.15,-4.1));
#8008=CARTESIAN_POINT('',(-11.0605610809169,6.15,-7.92987804887167));
#8009=CARTESIAN_POINT('Origin',(-8.,6.15,0.));
#8010=CARTESIAN_POINT('Ctrl Pts',(-11.0605610809169,6.15,-7.92987804887167));
#8011=CARTESIAN_POINT('Ctrl Pts',(-10.1764402307776,6.15,-8.2711182767273));
#8012=CARTESIAN_POINT('Ctrl Pts',(-8.43084290514918,6.15,-9.09433500107102));
#8013=CARTESIAN_POINT('Ctrl Pts',(-7.28150482817275,6.15,-9.763089410732));
#8014=CARTESIAN_POINT('Ctrl Pts',(-6.47577700284515,6.15,-10.2319105930876));
#8015=CARTESIAN_POINT('Ctrl Pts',(-5.92190737439224,6.15,-10.6500878993634));
#8016=CARTESIAN_POINT('Ctrl Pts',(-5.53127258973222,6.15,-11.0931148070941));
#8017=CARTESIAN_POINT('Ctrl Pts',(-5.36468269120757,6.15,-11.2820478220246));
#8018=CARTESIAN_POINT('Ctrl Pts',(-5.22593787975703,6.15,-11.4728631604066));
#8019=CARTESIAN_POINT('Ctrl Pts',(-5.09786880240077,6.15,-11.7108395861725));
#8020=CARTESIAN_POINT('Ctrl Pts',(-20.9923584416267,5.79063220730326,-4.09654599494296));
#8021=CARTESIAN_POINT('Ctrl Pts',(-20.9923584416267,16.4945177151466,-4.09654599494296));
#8022=CARTESIAN_POINT('Ctrl Pts',(-19.8203076176539,5.79063220730326,-4.54891728577721));
#8023=CARTESIAN_POINT('Ctrl Pts',(-19.8203076176539,16.4945177151466,-4.54891728577721));
#8024=CARTESIAN_POINT('Ctrl Pts',(-18.6482567936811,5.79063220730326,-5.00128857661146));
#8025=CARTESIAN_POINT('Ctrl Pts',(-18.6482567936811,16.4945177151466,-5.00128857661146));
#8026=CARTESIAN_POINT('Ctrl Pts',(-15.3376576734445,5.79063220730326,-6.27906592792103));
#8027=CARTESIAN_POINT('Ctrl Pts',(-15.3376576734445,16.4945177151466,-6.27906592792103));
#8028=CARTESIAN_POINT('Ctrl Pts',(-13.1991093771807,5.79063220730326,-7.10447198839635));
#8029=CARTESIAN_POINT('Ctrl Pts',(-13.1991093771807,16.4945177151466,-7.10447198839635));
#8030=CARTESIAN_POINT('Ctrl Pts',(-11.0605610809169,5.79063220730326,-7.92987804887167));
#8031=CARTESIAN_POINT('Ctrl Pts',(-11.0605610809169,16.4945177151466,-7.92987804887167));
#8032=CARTESIAN_POINT('Ctrl Pts',(-10.2138110967296,5.79063220730326,-8.25669440830421));
#8033=CARTESIAN_POINT('Ctrl Pts',(-10.2138110967296,16.4945177151466,-8.25669440830421));
#8034=CARTESIAN_POINT('Ctrl Pts',(-8.83842402865757,5.79063220730326,-8.92629661399057));
#8035=CARTESIAN_POINT('Ctrl Pts',(-8.83842402865757,16.4945177151466,-8.92629661399057));
#8036=CARTESIAN_POINT('Ctrl Pts',(-6.99952784974415,5.79063220730326,-9.89126358332694));
#8037=CARTESIAN_POINT('Ctrl Pts',(-6.99952784974415,16.4945177151466,-9.89126358332694));
#8038=CARTESIAN_POINT('Ctrl Pts',(-6.31990672055715,5.79063220730326,-10.3397757196046));
#8039=CARTESIAN_POINT('Ctrl Pts',(-6.31990672055715,16.4945177151466,-10.3397757196046));
#8040=CARTESIAN_POINT('Ctrl Pts',(-5.58698522005618,5.79063220730326,-11.0109492609441));
#8041=CARTESIAN_POINT('Ctrl Pts',(-5.58698522005618,16.4945177151466,-11.0109492609441));
#8042=CARTESIAN_POINT('Ctrl Pts',(-5.35782109295282,5.79063220730326,-11.273227455849));
#8043=CARTESIAN_POINT('Ctrl Pts',(-5.35782109295282,16.4945177151466,-11.273227455849));
#8044=CARTESIAN_POINT('Ctrl Pts',(-5.04015373505183,5.79063220730326,-11.7988749532653));
#8045=CARTESIAN_POINT('Ctrl Pts',(-5.04015373505183,16.4945177151466,-11.7988749532653));
#8046=CARTESIAN_POINT('Ctrl Pts',(-4.89604299899906,5.79063220730326,-12.0987866531514));
#8047=CARTESIAN_POINT('Ctrl Pts',(-4.89604299899906,16.4945177151466,-12.0987866531514));
#8048=CARTESIAN_POINT('Ctrl Pts',(-4.8,5.79063220730326,-12.4999999999999));
#8049=CARTESIAN_POINT('Ctrl Pts',(-4.8,16.4945177151466,-12.4999999999999));
#8050=CARTESIAN_POINT('Ctrl Pts',(-4.67810526068147,5.79063220730326,-13.0092073012598));
#8051=CARTESIAN_POINT('Ctrl Pts',(-4.67810526068147,16.4945177151466,-13.0092073012598));
#8052=CARTESIAN_POINT('Ctrl Pts',(-4.55621052136294,5.79063220730326,-13.5184146025196));
#8053=CARTESIAN_POINT('Ctrl Pts',(-4.55621052136294,16.4945177151466,-13.5184146025196));
#8054=CARTESIAN_POINT('Ctrl Pts',(-4.43431578204441,5.79063220730326,-14.0276219037795));
#8055=CARTESIAN_POINT('Ctrl Pts',(-4.43431578204441,16.4945177151466,-14.0276219037795));
#8056=CARTESIAN_POINT('',(-11.0605610809169,0.,-7.92987804887167));
#8057=CARTESIAN_POINT('Ctrl Pts',(8.85541065420414,-8.02461396169726,18.7505409198752));
#8058=CARTESIAN_POINT('Ctrl Pts',(4.53885345130464,-8.02461396169726,18.7505409198752));
#8059=CARTESIAN_POINT('Ctrl Pts',(0.222296248405154,-8.02461396169726,18.7505409198752));
#8060=CARTESIAN_POINT('Ctrl Pts',(-4.09426095449435,-8.02461396169726,18.7505409198752));
#8061=CARTESIAN_POINT('Ctrl Pts',(8.85541065420414,-8.00981658153402,19.1894618441832));
#8062=CARTESIAN_POINT('Ctrl Pts',(4.53885345130464,-8.00981658153402,19.1894618441832));
#8063=CARTESIAN_POINT('Ctrl Pts',(0.222296248405154,-8.00981658153402,19.1894618441832));
#8064=CARTESIAN_POINT('Ctrl Pts',(-4.09426095449435,-8.00981658153402,19.1894618441832));
#8065=CARTESIAN_POINT('Ctrl Pts',(8.85541065420414,-7.62460022243521,19.9379152706428));
#8066=CARTESIAN_POINT('Ctrl Pts',(4.53885345130463,-7.62460022243521,19.9379152706428));
#8067=CARTESIAN_POINT('Ctrl Pts',(0.22229624840515,-7.62460022243521,19.9379152706428));
#8068=CARTESIAN_POINT('Ctrl Pts',(-4.09426095449435,-7.62460022243521,19.9379152706428));
#8069=CARTESIAN_POINT('Ctrl Pts',(8.85541065420414,-6.85484337965196,20.2000000000001));
#8070=CARTESIAN_POINT('Ctrl Pts',(4.53885345130464,-6.85484337965196,20.2000000000001));
#8071=CARTESIAN_POINT('Ctrl Pts',(0.222296248405157,-6.85484337965196,20.2000000000001));
#8072=CARTESIAN_POINT('Ctrl Pts',(-4.09426095449435,-6.85484337965196,20.2000000000001));
#8073=CARTESIAN_POINT('Ctrl Pts',(8.85541065420414,-6.52546566502406,20.2000000000001));
#8074=CARTESIAN_POINT('Ctrl Pts',(4.53885345130464,-6.52546566502406,20.2000000000001));
#8075=CARTESIAN_POINT('Ctrl Pts',(0.222296248405154,-6.52546566502406,20.2000000000001));
#8076=CARTESIAN_POINT('Ctrl Pts',(-4.09426095449435,-6.52546566502406,20.2000000000001));
#8077=CARTESIAN_POINT('',(7.52366737474042,-8.02461396169726,18.7505409198752));
#8078=CARTESIAN_POINT('Ctrl Pts',(7.52366737474042,-8.02461396169726,18.7505409198752));
#8079=CARTESIAN_POINT('Ctrl Pts',(3.65102459832883,-8.02461396169726,18.7505409198752));
#8080=CARTESIAN_POINT('Ctrl Pts',(-0.221618178082753,-8.02461396169726,
18.7505409198752));
#8081=CARTESIAN_POINT('Ctrl Pts',(-4.09426095369859,-8.02461396169727,18.7505409198752));
#8082=CARTESIAN_POINT('',(8.85541065420414,-6.52546566502406,20.2000000000001));
#8083=CARTESIAN_POINT('Ctrl Pts',(8.85541065420414,-6.52546566502406,20.2000000000001));
#8084=CARTESIAN_POINT('Ctrl Pts',(8.67860891020791,-6.76539521608396,20.2000000000001));
#8085=CARTESIAN_POINT('Ctrl Pts',(8.49015162444588,-6.99959488472441,20.1424459624162));
#8086=CARTESIAN_POINT('Ctrl Pts',(8.13146106030304,-7.41297084307636,19.9307533051114));
#8087=CARTESIAN_POINT('Ctrl Pts',(7.96600122842068,-7.58807523876196,19.7822781882399));
#8088=CARTESIAN_POINT('Ctrl Pts',(7.74590275655549,-7.81129070173614,19.4861462248947));
#8089=CARTESIAN_POINT('Ctrl Pts',(7.66900299426968,-7.88621274919647,19.3511863534017));
#8090=CARTESIAN_POINT('Ctrl Pts',(7.58716279726909,-7.96468899269697,19.1292802866344));
#8091=CARTESIAN_POINT('Ctrl Pts',(7.56586604722222,-7.98486799559419,19.055295702846));
#8092=CARTESIAN_POINT('Ctrl Pts',(7.53556911075005,-8.01346493313516,18.904014862251));
#8093=CARTESIAN_POINT('Ctrl Pts',(7.5264461142123,-8.0220086885206,18.8278187148741));
#8094=CARTESIAN_POINT('Ctrl Pts',(7.52366737474042,-8.02461396169726,18.7505409198752));
#8095=CARTESIAN_POINT('Ctrl Pts',(-3.57780995732298,-6.52546566502406,20.2000000000001));
#8096=CARTESIAN_POINT('Ctrl Pts',(0.566596913186061,-6.52546566502406,20.2000000000001));
#8097=CARTESIAN_POINT('Ctrl Pts',(4.71100378369509,-6.52546566502406,20.2000000000001));
#8098=CARTESIAN_POINT('Ctrl Pts',(8.85541065420414,-6.52546566502406,20.2000000000001));
#8099=CARTESIAN_POINT('Ctrl Pts',(-3.57780995732298,9.5074929295393,20.2000000000001));
#8100=CARTESIAN_POINT('Ctrl Pts',(-3.57780995732298,8.38832861969287,20.2000000000001));
#8101=CARTESIAN_POINT('Ctrl Pts',(-3.57780995732298,7.26916430984644,20.2000000000001));
#8102=CARTESIAN_POINT('Ctrl Pts',(-3.57780995732298,6.15,20.2000000000001));
#8103=CARTESIAN_POINT('Ctrl Pts',(-3.94657701462828,9.5074929295393,20.2000000000001));
#8104=CARTESIAN_POINT('Ctrl Pts',(-3.94657701462828,8.38832861969287,20.2000000000001));
#8105=CARTESIAN_POINT('Ctrl Pts',(-3.94657701462828,7.26916430984644,20.2000000000001));
#8106=CARTESIAN_POINT('Ctrl Pts',(-3.94657701462828,6.15,20.2000000000001));
#8107=CARTESIAN_POINT('Ctrl Pts',(-4.58877743465515,9.50749292953931,19.950782801764));
#8108=CARTESIAN_POINT('Ctrl Pts',(-4.58877743465515,8.38832861969287,19.950782801764));
#8109=CARTESIAN_POINT('Ctrl Pts',(-4.58877743465515,7.26916430984644,19.950782801764));
#8110=CARTESIAN_POINT('Ctrl Pts',(-4.58877743465515,6.15000000000001,19.950782801764));
#8111=CARTESIAN_POINT('Ctrl Pts',(-4.94288401829022,9.5074929295393,19.3804900445715));
#8112=CARTESIAN_POINT('Ctrl Pts',(-4.94288401829022,8.38832861969287,19.3804900445715));
#8113=CARTESIAN_POINT('Ctrl Pts',(-4.94288401829022,7.26916430984644,19.3804900445715));
#8114=CARTESIAN_POINT('Ctrl Pts',(-4.94288401829022,6.15,19.3804900445715));
#8115=CARTESIAN_POINT('Ctrl Pts',(-5.0193468330006,9.5074929295393,19.1146943887511));
#8116=CARTESIAN_POINT('Ctrl Pts',(-5.0193468330006,8.38832861969287,19.1146943887511));
#8117=CARTESIAN_POINT('Ctrl Pts',(-5.0193468330006,7.26916430984644,19.1146943887511));
#8118=CARTESIAN_POINT('Ctrl Pts',(-5.0193468330006,6.15,19.1146943887511));
#8119=CARTESIAN_POINT('Ctrl Pts',(-5.0193468330006,6.15,19.1146943887511));
#8120=CARTESIAN_POINT('Ctrl Pts',(-5.0193468330006,7.26916430984644,19.1146943887511));
#8121=CARTESIAN_POINT('Ctrl Pts',(-5.0193468330006,8.38832861969287,19.1146943887511));
#8122=CARTESIAN_POINT('Ctrl Pts',(-5.0193468330006,9.5074929295393,19.1146943887511));
#8123=CARTESIAN_POINT('',(-3.57780995732298,6.15,20.2000000000001));
#8124=CARTESIAN_POINT('Origin',(-3.57780995732298,6.15,18.7000000000001));
#8125=CARTESIAN_POINT('Ctrl Pts',(-3.57780995732298,9.02698063764676,20.2000000000001));
#8126=CARTESIAN_POINT('Ctrl Pts',(-3.57780995732298,8.06798709176451,20.2000000000001));
#8127=CARTESIAN_POINT('Ctrl Pts',(-3.57780995732298,7.10899354588226,20.2000000000001));
#8128=CARTESIAN_POINT('Ctrl Pts',(-3.57780995732298,6.15,20.2000000000001));
#8129=CARTESIAN_POINT('Ctrl Pts',(-5.0193468330006,-6.15,19.1146943887511));
#8130=CARTESIAN_POINT('Ctrl Pts',(-5.0193468330006,-2.05,19.1146943887511));
#8131=CARTESIAN_POINT('Ctrl Pts',(-5.0193468330006,2.05,19.1146943887511));
#8132=CARTESIAN_POINT('Ctrl Pts',(-5.0193468330006,6.15,19.1146943887511));
#8133=CARTESIAN_POINT('Ctrl Pts',(-4.91739641338677,-6.15,19.4690885965116));
#8134=CARTESIAN_POINT('Ctrl Pts',(-4.91739641338677,-2.05000000000001,19.4690885965116));
#8135=CARTESIAN_POINT('Ctrl Pts',(-4.91739641338677,2.05000000000001,19.4690885965116));
#8136=CARTESIAN_POINT('Ctrl Pts',(-4.91739641338677,6.15,19.4690885965116));
#8137=CARTESIAN_POINT('Ctrl Pts',(-4.50035920264573,-6.15,20.0173771344552));
#8138=CARTESIAN_POINT('Ctrl Pts',(-4.50035920264573,-2.04999999999999,20.0173771344552));
#8139=CARTESIAN_POINT('Ctrl Pts',(-4.50035920264573,2.04999999999999,20.0173771344552));
#8140=CARTESIAN_POINT('Ctrl Pts',(-4.50035920264573,6.15,20.0173771344552));
#8141=CARTESIAN_POINT('Ctrl Pts',(-3.85438525030196,-6.15,20.2000000000001));
#8142=CARTESIAN_POINT('Ctrl Pts',(-3.85438525030196,-2.05000000000001,20.2000000000001));
#8143=CARTESIAN_POINT('Ctrl Pts',(-3.85438525030196,2.05000000000001,20.2000000000001));
#8144=CARTESIAN_POINT('Ctrl Pts',(-3.85438525030196,6.15,20.2000000000001));
#8145=CARTESIAN_POINT('Ctrl Pts',(-3.57780995732298,-6.15,20.2000000000001));
#8146=CARTESIAN_POINT('Ctrl Pts',(-3.57780995732298,-2.05,20.2000000000001));
#8147=CARTESIAN_POINT('Ctrl Pts',(-3.57780995732299,2.05,20.2000000000001));
#8148=CARTESIAN_POINT('Ctrl Pts',(-3.57780995732299,6.15,20.2000000000001));
#8149=CARTESIAN_POINT('Ctrl Pts',(-3.57780995732299,6.15,20.2000000000001));
#8150=CARTESIAN_POINT('Ctrl Pts',(-3.57780995732299,2.05,20.2000000000001));
#8151=CARTESIAN_POINT('Ctrl Pts',(-3.57780995732298,-2.05,20.2000000000001));
#8152=CARTESIAN_POINT('Ctrl Pts',(-3.57780995732298,-6.15,20.2000000000001));
#8153=CARTESIAN_POINT('Origin',(9.00000000000029,6.15,20.2000000000001));
#8154=CARTESIAN_POINT('',(9.00000000000029,-6.32455532033634,20.2000000000001));
#8155=CARTESIAN_POINT('Origin',(0.,0.,20.2000000000001));
#8156=CARTESIAN_POINT('',(9.00000000000029,6.32455532033634,20.2000000000001));
#8157=CARTESIAN_POINT('',(9.00000000000029,6.15,20.2000000000001));
#8158=CARTESIAN_POINT('Origin',(0.,0.,20.2000000000001));
#8159=CARTESIAN_POINT('',(-1.8,2.27376340018041,20.2000000000001));
#8160=CARTESIAN_POINT('',(-1.8,-0.608276253029824,20.2000000000001));
#8161=CARTESIAN_POINT('',(-1.8,0.,20.2000000000001));
#8162=CARTESIAN_POINT('',(2.8,0.754983443527075,20.2000000000001));
#8163=CARTESIAN_POINT('Origin',(0.,0.,20.2000000000001));
#8164=CARTESIAN_POINT('',(2.8,-0.754983443527075,20.2000000000001));
#8165=CARTESIAN_POINT('',(2.8,3.37913812651491,20.2000000000001));
#8166=CARTESIAN_POINT('',(-1.8,-2.27376340018041,20.2000000000001));
#8167=CARTESIAN_POINT('Origin',(0.,0.,20.2000000000001));
#8168=CARTESIAN_POINT('Ctrl Pts',(-1.8,-2.27376340018041,20.2000000000001));
#8169=CARTESIAN_POINT('Ctrl Pts',(-1.8,-1.71860101779688,20.2000000000001));
#8170=CARTESIAN_POINT('Ctrl Pts',(-1.8,-1.16343863541336,20.2000000000001));
#8171=CARTESIAN_POINT('Ctrl Pts',(-1.8,-0.608276253029824,20.2000000000001));
#8172=CARTESIAN_POINT('Origin',(0.,0.,0.));
#8173=CARTESIAN_POINT('',(9.,6.32455532033676,18.3));
#8174=CARTESIAN_POINT('',(9.,6.32455532033676,0.));
#8175=CARTESIAN_POINT('Origin',(0.,0.,18.3));
#8176=CARTESIAN_POINT('Origin',(0.199999999999999,0.,-10.4999999999999));
#8177=CARTESIAN_POINT('',(6.90186304381736,8.56529547210067,-10.4999999999999));
#8178=CARTESIAN_POINT('',(2.01021989925277,3.13257537766881,-10.4999999999999));
#8179=CARTESIAN_POINT('Origin',(0.,0.,-10.4999999999999));
#8180=CARTESIAN_POINT('Origin',(0.300000000000001,1.23318375444876,8.5));
#8181=CARTESIAN_POINT('',(0.450202022148919,1.4,8.5));
#8182=CARTESIAN_POINT('',(8.24139007574521,10.0529909577117,8.5));
#8183=CARTESIAN_POINT('',(0.450202022148915,1.4,-10.4999999999999));
#8184=CARTESIAN_POINT('',(0.450202022148917,1.4,3.75000002884152));
#8185=CARTESIAN_POINT('',(2.01021989925277,3.13257537766881,-10.4999999999999));
#8186=CARTESIAN_POINT('Ctrl Pts',(-4.41161612710126,4.07213595499958,17.914981047663));
#8187=CARTESIAN_POINT('Ctrl Pts',(-4.31602496639787,4.03628926973581,17.8791343623992));
#8188=CARTESIAN_POINT('Ctrl Pts',(-4.21083338720309,3.99684242753776,17.8396875202012));
#8189=CARTESIAN_POINT('Ctrl Pts',(-4.105,3.95715490733661,17.8));
#8190=CARTESIAN_POINT('Ctrl Pts',(-4.37936534212285,3.97403981735692,17.9028870032961));
#8191=CARTESIAN_POINT('Ctrl Pts',(-4.3015141927353,3.9521492597097,17.8598712657502));
#8192=CARTESIAN_POINT('Ctrl Pts',(-4.20285587683236,3.93148216116359,17.8164829520869));
#8193=CARTESIAN_POINT('Ctrl Pts',(-4.10087445577637,3.90802990909958,17.7781936347479));
#8194=CARTESIAN_POINT('Ctrl Pts',(-4.35778889333492,3.87611020006304,17.86249458277));
#8195=CARTESIAN_POINT('Ctrl Pts',(-4.29295959888607,3.87190864597874,17.8221727486241));
#8196=CARTESIAN_POINT('Ctrl Pts',(-4.19817151738033,3.8696971335006,17.7819120660868));
#8197=CARTESIAN_POINT('Ctrl Pts',(-4.09830048098002,3.86197834468224,17.7491864816766));
#8198=CARTESIAN_POINT('Ctrl Pts',(-4.35019661685222,3.79336954667251,17.8));
#8199=CARTESIAN_POINT('Ctrl Pts',(-4.2897446407864,3.80399504402873,17.7689368568331));
#8200=CARTESIAN_POINT('Ctrl Pts',(-4.1963768340536,3.81597620830617,17.7375957086316));
#8201=CARTESIAN_POINT('Ctrl Pts',(-4.09738791604694,3.8209653941326,17.7142163766597));
#8202=CARTESIAN_POINT('',(-4.40521168149644,3.71011267523231,17.7620232797673));
#8203=CARTESIAN_POINT('',(-4.41161612710127,4.07213595499958,17.914981047663));
#8204=CARTESIAN_POINT('Origin',(-4.60473401997488,4.07213595499958,17.4));
#8205=CARTESIAN_POINT('',(-4.105,3.95715490733661,17.8));
#8206=CARTESIAN_POINT('',(-4.25004772785228,4.01154780528121,17.8543928979446));
#8207=CARTESIAN_POINT('Ctrl Pts',(-4.35019661685222,3.79336954667251,17.8));
#8208=CARTESIAN_POINT('Ctrl Pts',(-4.31783908274903,3.82291472304977,17.8));
#8209=CARTESIAN_POINT('Ctrl Pts',(-4.27525442394014,3.85578637859202,17.8));
#8210=CARTESIAN_POINT('Ctrl Pts',(-4.18611752547786,3.91344422469946,17.8));
#8211=CARTESIAN_POINT('Ctrl Pts',(-4.14572697532004,3.9365605497274,17.8));
#8212=CARTESIAN_POINT('Ctrl Pts',(-4.105,3.95715490733661,17.8));
#8213=CARTESIAN_POINT('Ctrl Pts',(-15.9529869310593,-8.,21.9336299140215));
#8214=CARTESIAN_POINT('Ctrl Pts',(10.1871539336679,-8.,21.9336299140215));
#8215=CARTESIAN_POINT('Ctrl Pts',(-15.9529869310593,-8.,21.6069039312172));
#8216=CARTESIAN_POINT('Ctrl Pts',(10.1871539336679,-8.,21.6069039312172));
#8217=CARTESIAN_POINT('Ctrl Pts',(-15.9529869310593,-8.,21.2801779484129));
#8218=CARTESIAN_POINT('Ctrl Pts',(10.1871539336679,-8.,21.2801779484129));
#8219=CARTESIAN_POINT('Ctrl Pts',(-15.9529869310593,-8.,20.9534519656086));
#8220=CARTESIAN_POINT('Ctrl Pts',(10.1871539336679,-8.,20.9534519656086));
#8221=CARTESIAN_POINT('Ctrl Pts',(-15.9529869310593,-8.,20.6267259828043));
#8222=CARTESIAN_POINT('Ctrl Pts',(10.1871539336679,-8.,20.6267259828043));
#8223=CARTESIAN_POINT('Ctrl Pts',(-15.9529869310593,-8.,20.3));
#8224=CARTESIAN_POINT('Ctrl Pts',(10.1871539336679,-8.,20.3));
#8225=CARTESIAN_POINT('Ctrl Pts',(-15.9529869310593,-8.,19.720810347532));
#8226=CARTESIAN_POINT('Ctrl Pts',(10.1871539336679,-8.,19.720810347532));
#8227=CARTESIAN_POINT('Ctrl Pts',(-15.9529869310593,-8.01531519453303,18.6219534574398));
#8228=CARTESIAN_POINT('Ctrl Pts',(10.1871539336679,-8.01531519453303,18.6219534574398));
#8229=CARTESIAN_POINT('Ctrl Pts',(-15.9529869310593,-8.08423068561331,17.1522241569469));
#8230=CARTESIAN_POINT('Ctrl Pts',(10.1871539336679,-8.08423068561331,17.1522241569469));
#8231=CARTESIAN_POINT('Ctrl Pts',(-15.9529869310593,-8.26332636103164,15.5315198522304));
#8232=CARTESIAN_POINT('Ctrl Pts',(10.1871539336679,-8.26332636103164,15.5315198522304));
#8233=CARTESIAN_POINT('Ctrl Pts',(-15.9529869310593,-8.6059149988417,13.9670403463977));
#8234=CARTESIAN_POINT('Ctrl Pts',(10.1871539336679,-8.6059149988417,13.9670403463977));
#8235=CARTESIAN_POINT('Ctrl Pts',(-15.9529869310593,-9.0316391651052,12.7256665903615));
#8236=CARTESIAN_POINT('Ctrl Pts',(10.1871539336679,-9.0316391651052,12.7256665903615));
#8237=CARTESIAN_POINT('Ctrl Pts',(-15.9529869310593,-9.49999999999995,11.6499999999999));
#8238=CARTESIAN_POINT('Ctrl Pts',(10.1871539336679,-9.49999999999995,11.6499999999999));
#8239=CARTESIAN_POINT('Ctrl Pts',(-15.9529869310593,-9.96836083489487,10.5743334096385));
#8240=CARTESIAN_POINT('Ctrl Pts',(10.1871539336679,-9.96836083489487,10.5743334096385));
#8241=CARTESIAN_POINT('Ctrl Pts',(-15.9529869310593,-10.3940850011587,9.33295965360244));
#8242=CARTESIAN_POINT('Ctrl Pts',(10.1871539336679,-10.3940850011587,9.33295965360244));
#8243=CARTESIAN_POINT('Ctrl Pts',(-15.9529869310593,-10.7366736389688,7.76848014776976));
#8244=CARTESIAN_POINT('Ctrl Pts',(10.1871539336679,-10.7366736389688,7.76848014776976));
#8245=CARTESIAN_POINT('Ctrl Pts',(-15.9529869310593,-10.9157693143869,6.1477758430532));
#8246=CARTESIAN_POINT('Ctrl Pts',(10.1871539336679,-10.9157693143869,6.1477758430532));
#8247=CARTESIAN_POINT('Ctrl Pts',(-15.9529869310593,-10.984684805467,4.67804654256024));
#8248=CARTESIAN_POINT('Ctrl Pts',(10.1871539336679,-10.984684805467,4.67804654256024));
#8249=CARTESIAN_POINT('Ctrl Pts',(-15.9529869310593,-11.,3.57918965246805));
#8250=CARTESIAN_POINT('Ctrl Pts',(10.1871539336679,-11.,3.57918965246805));
#8251=CARTESIAN_POINT('Ctrl Pts',(-15.9529869310593,-11.,3.));
#8252=CARTESIAN_POINT('Ctrl Pts',(10.1871539336679,-11.,3.));
#8253=CARTESIAN_POINT('Ctrl Pts',(-15.9529869310593,-11.,-0.673322707293952));
#8254=CARTESIAN_POINT('Ctrl Pts',(10.1871539336679,-11.,-0.673322707293952));
#8255=CARTESIAN_POINT('Ctrl Pts',(-15.9529869310593,-11.,-4.3466454145879));
#8256=CARTESIAN_POINT('Ctrl Pts',(10.1871539336679,-11.,-4.3466454145879));
#8257=CARTESIAN_POINT('Ctrl Pts',(-15.9529869310593,-11.,-8.01996812188186));
#8258=CARTESIAN_POINT('Ctrl Pts',(10.1871539336679,-11.,-8.01996812188186));
#8259=CARTESIAN_POINT('Ctrl Pts',(-15.9529869310593,-11.,-11.6932908291758));
#8260=CARTESIAN_POINT('Ctrl Pts',(10.1871539336679,-11.,-11.6932908291758));
#8261=CARTESIAN_POINT('Ctrl Pts',(-15.9529869310593,-11.,-15.3666135364698));
#8262=CARTESIAN_POINT('Ctrl Pts',(10.1871539336679,-11.,-15.3666135364698));
#8263=CARTESIAN_POINT('',(0.,-11.,3.));
#8264=CARTESIAN_POINT('',(0.,-11.,3.));
#8265=CARTESIAN_POINT('',(6.61996525420325,-8.78499061087385,13.5063035636365));
#8266=CARTESIAN_POINT('Ctrl Pts',(6.61996525373533,-8.78499061122645,13.5063035636365));
#8267=CARTESIAN_POINT('Ctrl Pts',(6.34072926351318,-8.99541002254611,12.840672517209));
#8268=CARTESIAN_POINT('Ctrl Pts',(6.00245568249818,-9.22929621549516,12.284964479417));
#8269=CARTESIAN_POINT('Ctrl Pts',(4.21460010127297,-10.289021131802,9.7990866643036));
#8270=CARTESIAN_POINT('Ctrl Pts',(2.29882670921065,-10.9972558931266,8.11843056413044));
#8271=CARTESIAN_POINT('Ctrl Pts',(0.00877512146631574,-10.999997377187,
3.01956862145666));
#8272=CARTESIAN_POINT('Ctrl Pts',(0.00438565772134765,-11.,3.00978516000344));
#8273=CARTESIAN_POINT('Ctrl Pts',(0.,-11.,3.));
#8274=CARTESIAN_POINT('',(6.21040132758787,-8.24148092196264,16.));
#8275=CARTESIAN_POINT('Ctrl Pts',(6.21040132758787,-8.24148092196264,16.));
#8276=CARTESIAN_POINT('Ctrl Pts',(6.24163915878672,-8.28293492409374,15.6952265612878));
#8277=CARTESIAN_POINT('Ctrl Pts',(6.27631516912858,-8.32894881425816,15.410606671045));
#8278=CARTESIAN_POINT('Ctrl Pts',(6.31391848578889,-8.37884985092869,15.1431421214973));
#8279=CARTESIAN_POINT('Ctrl Pts',(6.36805126736372,-8.45068611853366,14.7581069350943));
#8280=CARTESIAN_POINT('Ctrl Pts',(6.42825052591111,-8.53057635607222,14.4086176149017));
#8281=CARTESIAN_POINT('Ctrl Pts',(6.49299215471684,-8.61649201082395,14.0856457886143));
#8282=CARTESIAN_POINT('Ctrl Pts',(6.53365083614691,-8.67044828750164,13.8828147996796));
#8283=CARTESIAN_POINT('Ctrl Pts',(6.57610103843672,-8.72678082951284,13.6904416983961));
#8284=CARTESIAN_POINT('Ctrl Pts',(6.61996525513062,-8.78499061113093,13.5063035639387));
#8285=CARTESIAN_POINT('',(7.28546444730368,-8.24148092196263,16.));
#8286=CARTESIAN_POINT('Ctrl Pts',(7.28546444730368,-8.24148092196263,16.));
#8287=CARTESIAN_POINT('Ctrl Pts',(6.92711007406508,-8.24148092196263,16.));
#8288=CARTESIAN_POINT('Ctrl Pts',(6.56875570082648,-8.24148092196264,16.));
#8289=CARTESIAN_POINT('Ctrl Pts',(6.21040132758787,-8.24148092196264,16.));
#8290=CARTESIAN_POINT('',(7.3547243752452,-8.17973284185823,16.5000000005974));
#8291=CARTESIAN_POINT('Ctrl Pts',(7.35472437517309,-8.17973284192306,16.5000000006136));
#8292=CARTESIAN_POINT('Ctrl Pts',(7.33331560404337,-8.19898232279403,16.3274101825579));
#8293=CARTESIAN_POINT('Ctrl Pts',(7.31021940950246,-8.2195975494594,16.1608884630087));
#8294=CARTESIAN_POINT('Ctrl Pts',(7.28546444730368,-8.24148092196264,16.0000000000001));
#8295=CARTESIAN_POINT('',(-0.193670777924844,-8.1314511133999,16.9777071395699));
#8296=CARTESIAN_POINT('Ctrl Pts',(7.354724375175,-8.17973284199248,16.4999999999912));
#8297=CARTESIAN_POINT('Ctrl Pts',(5.83741784506125,-8.16061033938949,16.6714513376298));
#8298=CARTESIAN_POINT('Ctrl Pts',(4.38163284327704,-8.147537908205,16.8061524398588));
#8299=CARTESIAN_POINT('Ctrl Pts',(1.9340270030083,-8.13388224540015,16.9502487279127));
#8300=CARTESIAN_POINT('Ctrl Pts',(0.884051788134256,-8.13105573143767,16.9820499132028));
#8301=CARTESIAN_POINT('Ctrl Pts',(-0.193670777924844,-8.1314511133999,16.9777071395699));
#8302=CARTESIAN_POINT('',(-0.216572295984768,-8.06852970838849,17.8119059525639));
#8303=CARTESIAN_POINT('Ctrl Pts',(-0.216572296174845,-8.06852970913673,
17.8119059526053));
#8304=CARTESIAN_POINT('Ctrl Pts',(-0.216484336987026,-8.06877137501909,
17.8079372423825));
#8305=CARTESIAN_POINT('Ctrl Pts',(-0.216396100262261,-8.06901380342795,
17.8039685897062));
#8306=CARTESIAN_POINT('Ctrl Pts',(-0.216307585311866,-8.06925699625545,
17.8));
#8307=CARTESIAN_POINT('Ctrl Pts',(-0.210361285566962,-8.08559432053383,
17.5333961793772));
#8308=CARTESIAN_POINT('Ctrl Pts',(-0.203138364636444,-8.10543913269299,
17.2661384014797));
#8309=CARTESIAN_POINT('Ctrl Pts',(-0.194405870632481,-8.12943146278445,
17.));
#8310=CARTESIAN_POINT('Ctrl Pts',(-0.194162037549369,-8.13010138867442,
16.9925687498969));
#8311=CARTESIAN_POINT('Ctrl Pts',(-0.193917008528149,-8.13077460037734,
16.9851377843572));
#8312=CARTESIAN_POINT('Ctrl Pts',(-0.193670777924846,-8.1314511133999,16.9777071395699));
#8313=CARTESIAN_POINT('',(7.50452479761234,-8.0425187324632,18.300000002282));
#8314=CARTESIAN_POINT('Ctrl Pts',(-0.216572295952312,-8.06852970869172,
17.8119059599134));
#8315=CARTESIAN_POINT('Ctrl Pts',(2.07894142338121,-8.06914852666332,17.8017435439553));
#8316=CARTESIAN_POINT('Ctrl Pts',(4.45184068078186,-8.05839249791097,17.9548291121491));
#8317=CARTESIAN_POINT('Ctrl Pts',(7.50452479786534,-8.0425187326706,18.300000000054));
#8318=CARTESIAN_POINT('Ctrl Pts',(7.50452479750034,-8.04251873256771,18.3000000022915));
#8319=CARTESIAN_POINT('Ctrl Pts',(7.51185270115209,-8.03568101959534,18.4486842889415));
#8320=CARTESIAN_POINT('Ctrl Pts',(7.5182100847255,-8.02973057354124,18.598771621857));
#8321=CARTESIAN_POINT('Ctrl Pts',(7.52366737474042,-8.02461396169726,18.7505409198752));
#8322=CARTESIAN_POINT('Ctrl Pts',(-4.54406392403368,6.09253309381492,22.375257366261));
#8323=CARTESIAN_POINT('Ctrl Pts',(-4.54406392403368,16.2613982301511,22.375257366261));
#8324=CARTESIAN_POINT('Ctrl Pts',(-4.62937594935578,6.09253309381492,21.6501715775074));
#8325=CARTESIAN_POINT('Ctrl Pts',(-4.62937594935578,16.2613982301511,21.6501715775074));
#8326=CARTESIAN_POINT('Ctrl Pts',(-4.71468797467789,6.09253309381492,20.9250857887537));
#8327=CARTESIAN_POINT('Ctrl Pts',(-4.71468797467789,16.2613982301511,20.9250857887537));
#8328=CARTESIAN_POINT('Ctrl Pts',(-4.8,6.09253309381492,20.2000000000001));
#8329=CARTESIAN_POINT('Ctrl Pts',(-4.8,16.2613982301511,20.2000000000001));
#8330=CARTESIAN_POINT('Ctrl Pts',(-4.89631006457326,6.09253309381492,19.3814394410126));
#8331=CARTESIAN_POINT('Ctrl Pts',(-4.89631006457326,16.2613982301511,19.3814394410126));
#8332=CARTESIAN_POINT('Ctrl Pts',(-5.14157443803173,6.09253309381492,18.584021312325));
#8333=CARTESIAN_POINT('Ctrl Pts',(-5.14157443803173,16.2613982301511,18.584021312325));
#8334=CARTESIAN_POINT('Ctrl Pts',(-6.5662811507332,6.09253309381492,15.7069876816219));
#8335=CARTESIAN_POINT('Ctrl Pts',(-6.5662811507332,16.2613982301511,15.7069876816219));
#8336=CARTESIAN_POINT('Ctrl Pts',(-8.44847929824853,6.09253309381492,13.5979082214045));
#8337=CARTESIAN_POINT('Ctrl Pts',(-8.44847929824853,16.2613982301511,13.5979082214045));
#8338=CARTESIAN_POINT('Ctrl Pts',(-10.1028524279339,6.09253309381492,11.7273581332592));
#8339=CARTESIAN_POINT('Ctrl Pts',(-10.1028524279339,16.2613982301511,11.7273581332592));
#8340=CARTESIAN_POINT('',(-10.1028524279339,6.15,11.7273581332592));
#8341=CARTESIAN_POINT('Origin',(-4.8,6.15,-12.4999999999999));
#8342=CARTESIAN_POINT('Ctrl Pts',(-27.5261004272607,-11.,30.1505902097316));
#8343=CARTESIAN_POINT('Ctrl Pts',(7.54983443527075,-11.,30.1505902097316));
#8344=CARTESIAN_POINT('Ctrl Pts',(-27.5261004272607,-11.,23.5204721677853));
#8345=CARTESIAN_POINT('Ctrl Pts',(7.54983443527075,-11.,23.5204721677853));
#8346=CARTESIAN_POINT('Ctrl Pts',(-27.5261004272607,-11.,16.890354125839));
#8347=CARTESIAN_POINT('Ctrl Pts',(7.54983443527075,-11.,16.890354125839));
#8348=CARTESIAN_POINT('Ctrl Pts',(-27.5261004272607,-11.,10.2602360838927));
#8349=CARTESIAN_POINT('Ctrl Pts',(7.54983443527075,-11.,10.2602360838927));
#8350=CARTESIAN_POINT('Ctrl Pts',(-27.5261004272607,-11.,3.63011804194633));
#8351=CARTESIAN_POINT('Ctrl Pts',(7.54983443527075,-11.,3.63011804194633));
#8352=CARTESIAN_POINT('Ctrl Pts',(-27.5261004272607,-11.,-3.));
#8353=CARTESIAN_POINT('Ctrl Pts',(7.54983443527075,-11.,-3.));
#8354=CARTESIAN_POINT('Ctrl Pts',(-27.5261004272607,-11.,-3.22093018881142));
#8355=CARTESIAN_POINT('Ctrl Pts',(7.54983443527075,-11.,-3.22093018881142));
#8356=CARTESIAN_POINT('Ctrl Pts',(-27.5261004272607,-10.984684805467,-3.65489553545782));
#8357=CARTESIAN_POINT('Ctrl Pts',(7.54983443527075,-10.984684805467,-3.65489553545782));
#8358=CARTESIAN_POINT('Ctrl Pts',(-27.5261004272607,-10.9157693143869,-4.28215994937324));
#8359=CARTESIAN_POINT('Ctrl Pts',(7.54983443527075,-10.9157693143869,-4.28215994937324));
#8360=CARTESIAN_POINT('Ctrl Pts',(-27.5261004272607,-10.7366736389687,-5.07355632035253));
#8361=CARTESIAN_POINT('Ctrl Pts',(7.54983443527075,-10.7366736389687,-5.07355632035253));
#8362=CARTESIAN_POINT('Ctrl Pts',(-27.5261004272607,-10.3940850011586,-6.00160174354103));
#8363=CARTESIAN_POINT('Ctrl Pts',(7.54983443527075,-10.3940850011586,-6.00160174354103));
#8364=CARTESIAN_POINT('Ctrl Pts',(-27.5261004272607,-9.96836083489481,-6.88679054019593));
#8365=CARTESIAN_POINT('Ctrl Pts',(7.54983443527075,-9.96836083489481,-6.88679054019593));
#8366=CARTESIAN_POINT('Ctrl Pts',(-27.5261004272607,-9.49999999999997,-7.74999999999997));
#8367=CARTESIAN_POINT('Ctrl Pts',(7.54983443527075,-9.49999999999997,-7.74999999999997));
#8368=CARTESIAN_POINT('Ctrl Pts',(-27.5261004272607,-9.03163916510526,-8.61320945980414));
#8369=CARTESIAN_POINT('Ctrl Pts',(7.54983443527075,-9.03163916510526,-8.61320945980414));
#8370=CARTESIAN_POINT('Ctrl Pts',(-27.5261004272607,-8.60591499884174,-9.49839825645927));
#8371=CARTESIAN_POINT('Ctrl Pts',(7.54983443527075,-8.60591499884174,-9.49839825645927));
#8372=CARTESIAN_POINT('Ctrl Pts',(-27.5261004272607,-8.26332636103165,-10.4264436796479));
#8373=CARTESIAN_POINT('Ctrl Pts',(7.54983443527075,-8.26332636103165,-10.4264436796479));
#8374=CARTESIAN_POINT('Ctrl Pts',(-27.5261004272607,-8.08423068561331,-11.217840050627));
#8375=CARTESIAN_POINT('Ctrl Pts',(7.54983443527075,-8.08423068561331,-11.217840050627));
#8376=CARTESIAN_POINT('Ctrl Pts',(-27.5261004272607,-8.01531519453303,-11.8451044645422));
#8377=CARTESIAN_POINT('Ctrl Pts',(7.54983443527075,-8.01531519453303,-11.8451044645422));
#8378=CARTESIAN_POINT('Ctrl Pts',(-27.5261004272607,-8.,-12.2790698111886));
#8379=CARTESIAN_POINT('Ctrl Pts',(7.54983443527075,-8.,-12.2790698111886));
#8380=CARTESIAN_POINT('Ctrl Pts',(-27.5261004272607,-8.,-12.5));
#8381=CARTESIAN_POINT('Ctrl Pts',(7.54983443527075,-8.,-12.5));
#8382=CARTESIAN_POINT('',(7.43779923680655,-8.10426693248439,-11.2542134018563));
#8383=CARTESIAN_POINT('Ctrl Pts',(-4.30343325661324,-8.10426693248439,-11.2542134018563));
#8384=CARTESIAN_POINT('Ctrl Pts',(-0.389689092139981,-8.10426693248439,
-11.2542134018563));
#8385=CARTESIAN_POINT('Ctrl Pts',(3.52405507233328,-8.10426693248439,-11.2542134018563));
#8386=CARTESIAN_POINT('Ctrl Pts',(7.43779923680654,-8.10426693248439,-11.2542134018563));
#8387=CARTESIAN_POINT('',(7.24606960769229,-8.27613890896462,-10.5000000311066));
#8388=CARTESIAN_POINT('Ctrl Pts',(7.24606959918809,-8.27613891641037,-10.5000000359759));
#8389=CARTESIAN_POINT('Ctrl Pts',(7.25147698699503,-8.27140454585489,-10.5166830391011));
#8390=CARTESIAN_POINT('Ctrl Pts',(7.25681833430368,-8.26671863416217,-10.5334115466109));
#8391=CARTESIAN_POINT('Ctrl Pts',(7.33508763916186,-8.1979225411991,-10.7823169135945));
#8392=CARTESIAN_POINT('Ctrl Pts',(7.39328317990669,-8.14512213836468,-11.0166322406973));
#8393=CARTESIAN_POINT('Ctrl Pts',(7.43779923680655,-8.10426693248439,-11.2542134018563));
#8394=CARTESIAN_POINT('',(6.64150532083118,-8.27613892661978,-10.4999999999999));
#8395=CARTESIAN_POINT('Ctrl Pts',(6.64150532083118,-8.27613892661978,-10.4999999999999));
#8396=CARTESIAN_POINT('Ctrl Pts',(6.84302674978488,-8.27613892661978,-10.4999999999999));
#8397=CARTESIAN_POINT('Ctrl Pts',(7.04454817873858,-8.27613890896462,-10.5000000311066));
#8398=CARTESIAN_POINT('Ctrl Pts',(7.24606960769229,-8.27613890896462,-10.5000000311066));
#8399=CARTESIAN_POINT('',(6.90186304352972,-8.56529547230767,-9.65866816658812));
#8400=CARTESIAN_POINT('Ctrl Pts',(6.90186304352972,-8.56529547251062,-9.65866816666986));
#8401=CARTESIAN_POINT('Ctrl Pts',(6.80372520236024,-8.45630880697848,-9.93055188399778));
#8402=CARTESIAN_POINT('Ctrl Pts',(6.71565668897996,-8.35849360095351,-10.2097981141144));
#8403=CARTESIAN_POINT('Ctrl Pts',(6.64150532083118,-8.27613892661977,-10.5));
#8404=CARTESIAN_POINT('',(0.,-11.,-3.));
#8405=CARTESIAN_POINT('Ctrl Pts',(-1.11022302462516E-15,-11.,-3.));
#8406=CARTESIAN_POINT('Ctrl Pts',(0.00438556532600719,-11.,-3.0037324418576));
#8407=CARTESIAN_POINT('Ctrl Pts',(0.00877179751246913,-10.9999973772917,
-3.0074641004327));
#8408=CARTESIAN_POINT('Ctrl Pts',(1.35450370279428,-10.9983875516634,-4.1519556271751));
#8409=CARTESIAN_POINT('Ctrl Pts',(2.64741026437971,-10.7510064640968,-5.12856959204296));
#8410=CARTESIAN_POINT('Ctrl Pts',(4.90944358465065,-9.91070484868147,-7.05349431869095));
#8411=CARTESIAN_POINT('Ctrl Pts',(5.7569597375785,-9.40373984513064,-7.88639480091124));
#8412=CARTESIAN_POINT('Ctrl Pts',(6.57000765242643,-8.82569693440803,-9.05454284193933));
#8413=CARTESIAN_POINT('Ctrl Pts',(6.74767065708796,-8.68954276035272,-9.34871451938357));
#8414=CARTESIAN_POINT('Ctrl Pts',(6.90186304334732,-8.56529547247942,-9.65866816674768));
#8415=CARTESIAN_POINT('',(0.,-11.,-3.));
#8416=CARTESIAN_POINT('Ctrl Pts',(-4.30343325661323,-8.10426693248439,-11.2542134018563));
#8417=CARTESIAN_POINT('Ctrl Pts',(0.0578664937457574,-8.10426693248439,
-11.2542134018563));
#8418=CARTESIAN_POINT('Ctrl Pts',(4.41916624410474,-8.10426693248439,-11.2542134018563));
#8419=CARTESIAN_POINT('Ctrl Pts',(8.78046599446373,-8.10426693248439,-11.2542134018563));
#8420=CARTESIAN_POINT('Ctrl Pts',(-4.30343325661323,-8.03645254036552,-11.6485676016638));
#8421=CARTESIAN_POINT('Ctrl Pts',(0.0578664937457574,-8.03645254036552,
-11.6485676016638));
#8422=CARTESIAN_POINT('Ctrl Pts',(4.41916624410474,-8.03645254036552,-11.6485676016638));
#8423=CARTESIAN_POINT('Ctrl Pts',(8.78046599446373,-8.03645254036552,-11.6485676016638));
#8424=CARTESIAN_POINT('Ctrl Pts',(-4.30343325661323,-7.6272120719576,-12.2839606659824));
#8425=CARTESIAN_POINT('Ctrl Pts',(0.0578664937457535,-7.6272120719576,-12.2839606659824));
#8426=CARTESIAN_POINT('Ctrl Pts',(4.41916624410472,-7.6272120719576,-12.2839606659824));
#8427=CARTESIAN_POINT('Ctrl Pts',(8.78046599446373,-7.6272120719576,-12.2839606659824));
#8428=CARTESIAN_POINT('Ctrl Pts',(-4.30343325661323,-6.92607223857356,-12.4999999999999));
#8429=CARTESIAN_POINT('Ctrl Pts',(0.057866493745759,-6.92607223857356,-12.4999999999999));
#8430=CARTESIAN_POINT('Ctrl Pts',(4.41916624410475,-6.92607223857356,-12.4999999999999));
#8431=CARTESIAN_POINT('Ctrl Pts',(8.78046599446373,-6.92607223857356,-12.4999999999999));
#8432=CARTESIAN_POINT('Ctrl Pts',(-4.30343325661323,-6.62596535759629,-12.4999999999999));
#8433=CARTESIAN_POINT('Ctrl Pts',(0.0578664937457563,-6.62596535759629,
-12.4999999999999));
#8434=CARTESIAN_POINT('Ctrl Pts',(4.41916624410474,-6.62596535759629,-12.4999999999999));
#8435=CARTESIAN_POINT('Ctrl Pts',(8.78046599446373,-6.62596535759629,-12.4999999999999));
#8436=CARTESIAN_POINT('Ctrl Pts',(7.43779923680655,-8.10426693248439,-11.2542134018563));
#8437=CARTESIAN_POINT('Ctrl Pts',(7.46409029681457,-8.08013796095722,-11.394528178137));
#8438=CARTESIAN_POINT('Ctrl Pts',(7.51077435573694,-8.03710542008467,-11.5254610620441));
#8439=CARTESIAN_POINT('Ctrl Pts',(7.65008436523425,-7.90494904207313,-11.8031193337652));
#8440=CARTESIAN_POINT('Ctrl Pts',(7.75205106661761,-7.80578047783725,-11.9399034744038));
#8441=CARTESIAN_POINT('Ctrl Pts',(8.00148422534085,-7.55091256553902,-12.1983057883627));
#8442=CARTESIAN_POINT('Ctrl Pts',(8.15713302148891,-7.38357647498863,-12.3090487963993));
#8443=CARTESIAN_POINT('Ctrl Pts',(8.46927081439139,-7.02346019695675,-12.4596579520013));
#8444=CARTESIAN_POINT('Ctrl Pts',(8.62883118972987,-6.82690577528447,-12.4999999999999));
#8445=CARTESIAN_POINT('Ctrl Pts',(8.78046599446373,-6.62596535759629,-12.4999999999999));
#8446=CARTESIAN_POINT('Origin',(-3.22290209386212,-11.,0.));
#8447=CARTESIAN_POINT('',(0.,-11.,0.));
#8448=CARTESIAN_POINT('Ctrl Pts',(-8.13537892127263,2.10894418143374,13.9977536320802));
#8449=CARTESIAN_POINT('Ctrl Pts',(-8.13537892127263,17.2396297183676,13.9977536320802));
#8450=CARTESIAN_POINT('Ctrl Pts',(-8.7737831269433,2.10894418143374,13.2271638020306));
#8451=CARTESIAN_POINT('Ctrl Pts',(-8.7737831269433,17.2396297183676,13.2271638020306));
#8452=CARTESIAN_POINT('Ctrl Pts',(-9.43990269030106,2.10894418143374,12.4769355217658));
#8453=CARTESIAN_POINT('Ctrl Pts',(-9.43990269030106,17.2396297183676,12.4769355217658));
#8454=CARTESIAN_POINT('Ctrl Pts',(-10.1028524279359,2.10894418143374,11.7273581332569));
#8455=CARTESIAN_POINT('Ctrl Pts',(-10.1028524279359,17.2396297183676,11.7273581332569));
#8456=CARTESIAN_POINT('Ctrl Pts',(-11.329435609816,2.10894418143374,10.3404973109829));
#8457=CARTESIAN_POINT('Ctrl Pts',(-11.329435609816,17.2396297183676,10.3404973109829));
#8458=CARTESIAN_POINT('Ctrl Pts',(-12.5355471106749,2.10894418143374,8.96613886965692));
#8459=CARTESIAN_POINT('Ctrl Pts',(-12.5355471106749,17.2396297183676,8.96613886965692));
#8460=CARTESIAN_POINT('Ctrl Pts',(-14.4536686847289,2.10894418143374,6.11954914863819));
#8461=CARTESIAN_POINT('Ctrl Pts',(-14.4536686847289,17.2396297183676,6.11954914863819));
#8462=CARTESIAN_POINT('Ctrl Pts',(-14.869233739571,2.10894418143374,5.14708098558707));
#8463=CARTESIAN_POINT('Ctrl Pts',(-14.869233739571,17.2396297183676,5.14708098558707));
#8464=CARTESIAN_POINT('Ctrl Pts',(-15.4458041877242,2.10894418143374,4.09999999976441));
#8465=CARTESIAN_POINT('Ctrl Pts',(-15.4458041877242,17.2396297183676,4.09999999976441));
#8466=CARTESIAN_POINT('',(-15.4458041877242,9.8,4.09999999976441));
#8467=CARTESIAN_POINT('',(-15.4458041877242,0.,4.09999999976441));
#8468=CARTESIAN_POINT('',(-15.4458041877242,0.,4.09999999976441));
#8469=CARTESIAN_POINT('Origin',(0.,0.,18.05));
#8470=CARTESIAN_POINT('',(6.,5.29150262212918,17.8));
#8471=CARTESIAN_POINT('Ctrl Pts',(6.,5.29150262212918,17.8));
#8472=CARTESIAN_POINT('Ctrl Pts',(6.98219100207923,5.66273592662446,17.9636985003465));
#8473=CARTESIAN_POINT('Ctrl Pts',(7.99968214463741,6.00822703962869,18.1332803574396));
#8474=CARTESIAN_POINT('Ctrl Pts',(9.,6.32455532033676,18.3));
#8475=CARTESIAN_POINT('',(-0.242857054729685,7.9963129285295,17.8));
#8476=CARTESIAN_POINT('Origin',(0.,0.,17.8));
#8477=CARTESIAN_POINT('Ctrl Pts',(-0.242857054729411,7.99631292853025,17.8000000000001));
#8478=CARTESIAN_POINT('Ctrl Pts',(0.157373529308843,9.09593742075066,17.9811613067255));
#8479=CARTESIAN_POINT('Ctrl Pts',(0.686242788120601,10.5489937671799,18.2285485414453));
#8480=CARTESIAN_POINT('Origin',(7.5,-2.44582132324922E-12,18.05));
#8481=CARTESIAN_POINT('',(6.,-5.29150262212918,17.8));
#8482=CARTESIAN_POINT('',(6.,-2.44582132324922E-12,17.8));
#8483=CARTESIAN_POINT('',(9.,-6.32455532033676,18.3));
#8484=CARTESIAN_POINT('',(9.,-2.44582132324922E-12,18.3));
#8485=CARTESIAN_POINT('Ctrl Pts',(6.,-5.29150262212918,17.8));
#8486=CARTESIAN_POINT('Ctrl Pts',(6.98219100207924,-5.66273592662446,17.9636985003465));
#8487=CARTESIAN_POINT('Ctrl Pts',(7.99968214463741,-6.00822703962869,18.1332803574396));
#8488=CARTESIAN_POINT('Ctrl Pts',(9.,-6.32455532033676,18.3));
#8489=CARTESIAN_POINT('Origin',(0.,0.,18.05));
#8490=CARTESIAN_POINT('',(-0.242857054730389,-7.99631292852948,17.8));
#8491=CARTESIAN_POINT('Origin',(0.,0.,17.8));
#8492=CARTESIAN_POINT('Origin',(0.,0.,18.3));
#8493=CARTESIAN_POINT('Ctrl Pts',(-0.21657229677233,-8.06852970749515,17.8119059597177));
#8494=CARTESIAN_POINT('Ctrl Pts',(-0.229773092175494,-8.03226082020607,
17.8059223553824));
#8495=CARTESIAN_POINT('Ctrl Pts',(-0.242857054730316,-7.99631292852967,
17.8));
#8496=CARTESIAN_POINT('Origin',(9.,0.,8.50000000000001));
#8497=CARTESIAN_POINT('',(9.,-6.32455532033676,0.));
#8498=CARTESIAN_POINT('Origin',(0.,0.,0.));
#8499=CARTESIAN_POINT('Origin',(7.5,-2.44582132324922E-12,16.75));
#8500=CARTESIAN_POINT('',(6.,-5.29150262212918,17.));
#8501=CARTESIAN_POINT('',(6.,5.29150262212918,17.));
#8502=CARTESIAN_POINT('',(6.,-2.44582132324922E-12,17.));
#8503=CARTESIAN_POINT('',(9.,-6.32455532033676,16.5));
#8504=CARTESIAN_POINT('Ctrl Pts',(9.,-6.32455532033676,16.5));
#8505=CARTESIAN_POINT('Ctrl Pts',(7.99968214463738,-6.00822703962869,16.6667196425604));
#8506=CARTESIAN_POINT('Ctrl Pts',(6.98219100207923,-5.66273592662447,16.8363014996535));
#8507=CARTESIAN_POINT('Ctrl Pts',(6.,-5.29150262212919,17.));
#8508=CARTESIAN_POINT('',(9.,6.32455532033676,16.5));
#8509=CARTESIAN_POINT('',(9.,-2.44582132324922E-12,16.5));
#8510=CARTESIAN_POINT('Ctrl Pts',(6.,5.29150262212918,17.));
#8511=CARTESIAN_POINT('Ctrl Pts',(6.98219100207925,5.66273592662447,16.8363014996535));
#8512=CARTESIAN_POINT('Ctrl Pts',(7.99968214463746,6.00822703962871,16.6667196425604));
#8513=CARTESIAN_POINT('Ctrl Pts',(9.,6.32455532033676,16.5));
#8514=CARTESIAN_POINT('Origin',(0.,0.,16.75));
#8515=CARTESIAN_POINT('',(-0.242857054729685,7.9963129285295,17.));
#8516=CARTESIAN_POINT('Origin',(0.,0.,17.));
#8517=CARTESIAN_POINT('Origin',(0.,0.,16.5));
#8518=CARTESIAN_POINT('Ctrl Pts',(0.738062581408596,10.6913674791195,16.5471978794394));
#8519=CARTESIAN_POINT('Ctrl Pts',(0.176410755719231,9.14824177044226,16.8102216386303));
#8520=CARTESIAN_POINT('Ctrl Pts',(-0.242857054729616,7.99631292852969,17.));
#8521=CARTESIAN_POINT('Origin',(0.,0.,16.75));
#8522=CARTESIAN_POINT('Origin',(0.,0.,16.5));
#8523=CARTESIAN_POINT('',(-0.242857054730388,-7.99631292852948,17.));
#8524=CARTESIAN_POINT('Origin',(0.,0.,17.));
#8525=CARTESIAN_POINT('Ctrl Pts',(-0.242857054730119,-7.99631292853022,
16.9999999999999));
#8526=CARTESIAN_POINT('Ctrl Pts',(-0.218467806120537,-8.06332183836258,
16.9889603935221));
#8527=CARTESIAN_POINT('Ctrl Pts',(-0.193670777924518,-8.1314511134008,16.9777071395697));
#8528=CARTESIAN_POINT('Origin',(1.50000000000001,-4.89164264649844E-12,
17.));
#8529=CARTESIAN_POINT('',(-1.,5.91607978309962,17.));
#8530=CARTESIAN_POINT('',(-1.,5.91607978309962,17.));
#8531=CARTESIAN_POINT('',(-4.,4.47213595499958,17.));
#8532=CARTESIAN_POINT('Origin',(0.,0.,17.));
#8533=CARTESIAN_POINT('',(-4.49749457644552,4.47213595499958,17.));
#8534=CARTESIAN_POINT('',(-4.,4.47213595499958,17.));
#8535=CARTESIAN_POINT('',(-4.13128479927228,4.07213595499958,17.));
#8536=CARTESIAN_POINT('Origin',(-5.67140068664154,4.47213595499958,17.));
#8537=CARTESIAN_POINT('',(-4.49749457644552,3.67213595499958,17.));
#8538=CARTESIAN_POINT('Origin',(-5.67140068664154,3.67213595499958,17.));
#8539=CARTESIAN_POINT('',(-3.39343742066939,3.67213595499958,17.));
#8540=CARTESIAN_POINT('',(-6.,3.67213595499958,17.));
#8541=CARTESIAN_POINT('',(-3.39343742066939,-3.67213595499958,17.));
#8542=CARTESIAN_POINT('Origin',(0.,0.,17.));
#8543=CARTESIAN_POINT('',(-4.70920778003983,-3.67213595499958,17.));
#8544=CARTESIAN_POINT('',(-6.,-3.67213595499958,17.));
#8545=CARTESIAN_POINT('',(-4.605,-4.06104468465218,17.));
#8546=CARTESIAN_POINT('Origin',(-5.3828174593052,-3.67213595499958,17.));
#8547=CARTESIAN_POINT('',(-4.605,-4.08322722534698,17.));
#8548=CARTESIAN_POINT('',(-4.605,-2.37500000000245,17.));
#8549=CARTESIAN_POINT('',(-4.70920778003983,-4.47213595499958,17.));
#8550=CARTESIAN_POINT('Origin',(-5.3828174593052,-4.47213595499958,17.));
#8551=CARTESIAN_POINT('',(-4.,-4.47213595499958,17.));
#8552=CARTESIAN_POINT('',(-4.,-4.47213595499958,17.));
#8553=CARTESIAN_POINT('',(-1.,-5.91607978309962,17.));
#8554=CARTESIAN_POINT('Origin',(0.,0.,17.));
#8555=CARTESIAN_POINT('',(-1.,-5.91607978309962,17.));
#8556=CARTESIAN_POINT('Origin',(-8.,0.,0.));
#8557=CARTESIAN_POINT('',(-15.4458041875945,9.8,-4.1));
#8558=CARTESIAN_POINT('',(-15.4458041875945,0.,-4.1));
#8559=CARTESIAN_POINT('Origin',(-8.,9.8,0.));
#8560=CARTESIAN_POINT('Origin',(0.,0.,0.));
#8561=CARTESIAN_POINT('',(9.,-6.32455532033676,-10.4999999999999));
#8562=CARTESIAN_POINT('',(9.,-6.32455532033676,0.));
#8563=CARTESIAN_POINT('Origin',(0.,0.,-10.4999999999999));
#8564=CARTESIAN_POINT('Origin',(0.,0.,0.));
#8565=CARTESIAN_POINT('',(9.,6.32455532033676,-10.4999999999999));
#8566=CARTESIAN_POINT('Origin',(0.,0.,-10.4999999999999));
#8567=CARTESIAN_POINT('',(9.,6.32455532033676,0.));
#8568=CARTESIAN_POINT('Ctrl Pts',(0.249902205224606,-2.75,-4.71053220000716));
#8569=CARTESIAN_POINT('Ctrl Pts',(0.112794357805252,-2.75,-4.95065927795203));
#8570=CARTESIAN_POINT('Ctrl Pts',(-0.114283899968095,-2.75,-5.30689015816594));
#8571=CARTESIAN_POINT('Ctrl Pts',(-0.366119350890868,-2.75,-5.65678539856547));
#8572=CARTESIAN_POINT('Ctrl Pts',(-0.430565217358901,-2.75,-5.74052759545354));
#8573=CARTESIAN_POINT('Ctrl Pts',(-0.430564324894618,-2.75000373578517,
-5.74052871233164));
#8574=CARTESIAN_POINT('Ctrl Pts',(-0.0753370891195168,-2.59042800075927,
-4.75943269328713));
#8575=CARTESIAN_POINT('Ctrl Pts',(-0.176621205533877,-2.5812593368167,-5.0160662866126));
#8576=CARTESIAN_POINT('Ctrl Pts',(-0.340614814623927,-2.58213246004243,
-5.40801004330669));
#8577=CARTESIAN_POINT('Ctrl Pts',(-0.516756394657968,-2.64580136263101,
-5.81275815542106));
#8578=CARTESIAN_POINT('Ctrl Pts',(-0.561256771510345,-2.71488256457188,
-5.91285691176072));
#8579=CARTESIAN_POINT('Ctrl Pts',(-0.561256771510345,-2.75,-5.91285691176072));
#8580=CARTESIAN_POINT('Ctrl Pts',(-0.631545285639768,-2.09674426901648,
-4.91072100277368));
#8581=CARTESIAN_POINT('Ctrl Pts',(-0.661340053159796,-2.10648312071711,
-5.20424806957864));
#8582=CARTESIAN_POINT('Ctrl Pts',(-0.707267904434046,-2.16511669533537,
-5.66870082897769));
#8583=CARTESIAN_POINT('Ctrl Pts',(-0.754809232918503,-2.41138589932357,
-6.17203840886599));
#8584=CARTESIAN_POINT('Ctrl Pts',(-0.766233127728474,-2.63588941472951,
-6.30024995359178));
#8585=CARTESIAN_POINT('Ctrl Pts',(-0.766233127728474,-2.75,-6.30024995359178));
#8586=CARTESIAN_POINT('Ctrl Pts',(-0.837,-1.39821389796791,-5.12478412085109));
#8587=CARTESIAN_POINT('Ctrl Pts',(-0.836721305387633,-1.47353400758309,
-5.45841071271498));
#8588=CARTESIAN_POINT('Ctrl Pts',(-0.836922076020379,-1.65879721426096,
-5.99369592468511));
#8589=CARTESIAN_POINT('Ctrl Pts',(-0.836736946708874,-2.14811496081632,
-6.58195229306855));
#8590=CARTESIAN_POINT('Ctrl Pts',(-0.836999999999999,-2.54772553465208,
-6.73277824776047));
#8591=CARTESIAN_POINT('Ctrl Pts',(-0.836999999999999,-2.75,-6.73277824776047));
#8592=CARTESIAN_POINT('Ctrl Pts',(-0.837,-1.04869602561344,-5.23189311522119));
#8593=CARTESIAN_POINT('Ctrl Pts',(-0.837,-1.15707279120648,-5.58554797628591));
#8594=CARTESIAN_POINT('Ctrl Pts',(-0.836999999999999,-1.40564239173557,
-6.15624948792394));
#8595=CARTESIAN_POINT('Ctrl Pts',(-0.837,-2.01660092541423,-6.78690388239179));
#8596=CARTESIAN_POINT('Ctrl Pts',(-0.836999999999999,-2.50363318395538,
-6.94905972081219));
#8597=CARTESIAN_POINT('Ctrl Pts',(-0.836999999999999,-2.75,-6.94905972081219));
#8598=CARTESIAN_POINT('',(-0.837,-1.53170961942605,-6.24030696381427));
#8599=CARTESIAN_POINT('',(-0.430565217358901,-2.75,-5.74052759545354));
#8600=CARTESIAN_POINT('Ctrl Pts',(-0.837,-1.53170961942841,-6.24030696381749));
#8601=CARTESIAN_POINT('Ctrl Pts',(-0.837,-1.77961818443632,-6.24030696381749));
#8602=CARTESIAN_POINT('Ctrl Pts',(-0.806851262845291,-2.00674005176191,
-6.20602410913595));
#8603=CARTESIAN_POINT('Ctrl Pts',(-0.714491614580757,-2.3569435738395,-6.09717373604804));
#8604=CARTESIAN_POINT('Ctrl Pts',(-0.66070955622537,-2.48478016216001,-6.0326593649443));
#8605=CARTESIAN_POINT('Ctrl Pts',(-0.573213565042754,-2.62962411284624,
-5.92412442143551));
#8606=CARTESIAN_POINT('Ctrl Pts',(-0.542938238857258,-2.66837681021489,
-5.88594423314135));
#8607=CARTESIAN_POINT('Ctrl Pts',(-0.500032458987219,-2.71106491960805,
-5.83104200559231));
#8608=CARTESIAN_POINT('Ctrl Pts',(-0.484466272545863,-2.7242205673719,-5.81097387849329));
#8609=CARTESIAN_POINT('Ctrl Pts',(-0.461451086782973,-2.73878370267316,
-5.781040025238));
#8610=CARTESIAN_POINT('Ctrl Pts',(-0.453812801352436,-2.74289612109803,
-5.77106678521916));
#8611=CARTESIAN_POINT('Ctrl Pts',(-0.442977997102079,-2.74718900892591,
-5.756861005124));
#8612=CARTESIAN_POINT('Ctrl Pts',(-0.439502525541798,-2.74834950368712,
-5.75229592918));
#8613=CARTESIAN_POINT('Ctrl Pts',(-0.434067477564569,-2.74961946109427,
-5.7451437782259));
#8614=CARTESIAN_POINT('Ctrl Pts',(-0.43248571842783,-2.74985231168032,-5.74305935946186));
#8615=CARTESIAN_POINT('Ctrl Pts',(-0.431205839369387,-2.74996751192976,
-5.74137222830674));
#8616=CARTESIAN_POINT('Ctrl Pts',(-0.43099877482929,-2.7499829930353,-5.74109924659007));
#8617=CARTESIAN_POINT('Ctrl Pts',(-0.430724970083485,-2.74999615937536,
-5.74073824013633));
#8618=CARTESIAN_POINT('Ctrl Pts',(-0.430485336476304,-2.75,-5.74042226486831));
#8619=CARTESIAN_POINT('Ctrl Pts',(-0.430565217358901,-2.75,-5.74052759545354));
#8620=CARTESIAN_POINT('',(-0.261146013183298,-2.75,-5.51000353662453));
#8621=CARTESIAN_POINT('Origin',(-7.99999999981369,-2.75,0.));
#8622=CARTESIAN_POINT('',(-0.802959213646688,-1.4,-5.1242367737549));
#8623=CARTESIAN_POINT('Ctrl Pts',(-0.261146013183298,-2.75,-5.51000353662453));
#8624=CARTESIAN_POINT('Ctrl Pts',(-0.315473335514067,-2.62997795609319,
-5.47132290785249));
#8625=CARTESIAN_POINT('Ctrl Pts',(-0.412581780265615,-2.46026479386876,
-5.40218245437688));
#8626=CARTESIAN_POINT('Ctrl Pts',(-0.586287675645945,-2.10449583846176,
-5.27850521488746));
#8627=CARTESIAN_POINT('Ctrl Pts',(-0.668013055994999,-1.91772888877457,
-5.22031738300264));
#8628=CARTESIAN_POINT('Ctrl Pts',(-0.762896405244808,-1.59868002675632,
-5.15276118012862));
#8629=CARTESIAN_POINT('Ctrl Pts',(-0.786353166948085,-1.49655362399634,
-5.13606014917932));
#8630=CARTESIAN_POINT('Ctrl Pts',(-0.802959213646688,-1.4,-5.12423677375491));
#8631=CARTESIAN_POINT('',(-0.837,-1.40000000001297,-6.04185440691391));
#8632=CARTESIAN_POINT('Ctrl Pts',(-0.837,-1.4,-6.04185440687082));
#8633=CARTESIAN_POINT('Ctrl Pts',(-0.837,-1.4,-5.83282352673711));
#8634=CARTESIAN_POINT('Ctrl Pts',(-0.827906433672495,-1.4,-5.6092187019621));
#8635=CARTESIAN_POINT('Ctrl Pts',(-0.813435635766632,-1.4,-5.31705449322724));
#8636=CARTESIAN_POINT('Ctrl Pts',(-0.808342920425743,-1.4,-5.22255098174023));
#8637=CARTESIAN_POINT('Ctrl Pts',(-0.802959213646688,-1.4,-5.1242367737549));
#8638=CARTESIAN_POINT('Ctrl Pts',(-0.837,-1.53229184731159,-6.23987951686259));
#8639=CARTESIAN_POINT('Ctrl Pts',(-0.836999999999999,-1.52917240425646,
-6.23563052229453));
#8640=CARTESIAN_POINT('Ctrl Pts',(-0.836999999999999,-1.48229824875882,
-6.17136207947195));
#8641=CARTESIAN_POINT('Ctrl Pts',(-0.836999999999999,-1.43855822251029,
-6.10508740511712));
#8642=CARTESIAN_POINT('Ctrl Pts',(-0.837,-1.40023061693509,-6.04171493036908));
#8643=CARTESIAN_POINT('Ctrl Pts',(-0.430564324894618,2.75000373578517,-5.74052871233164));
#8644=CARTESIAN_POINT('Ctrl Pts',(-0.430565217358901,2.75,-5.74052759545354));
#8645=CARTESIAN_POINT('Ctrl Pts',(-0.366119350890803,2.75,-5.65678539856538));
#8646=CARTESIAN_POINT('Ctrl Pts',(-0.114283899968074,2.75,-5.3068901581659));
#8647=CARTESIAN_POINT('Ctrl Pts',(0.112794357805247,2.75,-4.95065927795204));
#8648=CARTESIAN_POINT('Ctrl Pts',(0.249902205224606,2.75,-4.71053220000716));
#8649=CARTESIAN_POINT('Ctrl Pts',(-0.561256771510345,2.75,-5.91285691176072));
#8650=CARTESIAN_POINT('Ctrl Pts',(-0.561256771510345,2.71488256457188,-5.91285691176072));
#8651=CARTESIAN_POINT('Ctrl Pts',(-0.516756394657922,2.64580136263101,-5.81275815542098));
#8652=CARTESIAN_POINT('Ctrl Pts',(-0.340614814623912,2.58213246004243,-5.40801004330666));
#8653=CARTESIAN_POINT('Ctrl Pts',(-0.176621205533881,2.5812593368167,-5.01606628661261));
#8654=CARTESIAN_POINT('Ctrl Pts',(-0.0753370891195167,2.59042800075927,
-4.75943269328713));
#8655=CARTESIAN_POINT('Ctrl Pts',(-0.766233127728474,2.75,-6.30024995359178));
#8656=CARTESIAN_POINT('Ctrl Pts',(-0.766233127728474,2.63588941472951,-6.30024995359178));
#8657=CARTESIAN_POINT('Ctrl Pts',(-0.75480923291849,2.41138589932357,-6.17203840886593));
#8658=CARTESIAN_POINT('Ctrl Pts',(-0.707267904434042,2.16511669533538,-5.66870082897768));
#8659=CARTESIAN_POINT('Ctrl Pts',(-0.661340053159797,2.10648312071711,-5.20424806957865));
#8660=CARTESIAN_POINT('Ctrl Pts',(-0.631545285639768,2.09674426901647,-4.91072100277368));
#8661=CARTESIAN_POINT('Ctrl Pts',(-0.836999999999999,2.75,-6.73277824776047));
#8662=CARTESIAN_POINT('Ctrl Pts',(-0.836999999999999,2.54772553465208,-6.73277824776047));
#8663=CARTESIAN_POINT('Ctrl Pts',(-0.836736946708873,2.14811496081632,-6.58195229306853));
#8664=CARTESIAN_POINT('Ctrl Pts',(-0.83692207602038,1.65879721426096,-5.99369592468511));
#8665=CARTESIAN_POINT('Ctrl Pts',(-0.836721305387633,1.47353400758309,-5.45841071271498));
#8666=CARTESIAN_POINT('Ctrl Pts',(-0.837,1.39821389796791,-5.12478412085109));
#8667=CARTESIAN_POINT('Ctrl Pts',(-0.836999999999999,2.75,-6.94905972081218));
#8668=CARTESIAN_POINT('Ctrl Pts',(-0.836999999999999,2.50363318395538,-6.94905972081218));
#8669=CARTESIAN_POINT('Ctrl Pts',(-0.836999999999999,2.01660092541422,-6.78690388239179));
#8670=CARTESIAN_POINT('Ctrl Pts',(-0.836999999999999,1.40564239173557,-6.15624948792395));
#8671=CARTESIAN_POINT('Ctrl Pts',(-0.837,1.15707279120648,-5.58554797628591));
#8672=CARTESIAN_POINT('Ctrl Pts',(-0.837,1.04869602561344,-5.23189311522119));
#8673=CARTESIAN_POINT('',(-0.802959213646688,1.4,-5.1242367737549));
#8674=CARTESIAN_POINT('',(-0.837,1.40000000001297,-6.04185440691391));
#8675=CARTESIAN_POINT('Ctrl Pts',(-0.802959213646688,1.4,-5.1242367737549));
#8676=CARTESIAN_POINT('Ctrl Pts',(-0.810083467772558,1.4,-5.25433587287301));
#8677=CARTESIAN_POINT('Ctrl Pts',(-0.816710413814957,1.4,-5.37741417148195));
#8678=CARTESIAN_POINT('Ctrl Pts',(-0.830479746217552,1.4,-5.67698524185186));
#8679=CARTESIAN_POINT('Ctrl Pts',(-0.837,1.4,-5.8629838344813));
#8680=CARTESIAN_POINT('Ctrl Pts',(-0.837,1.4,-6.04185440687082));
#8681=CARTESIAN_POINT('',(-0.261146013183298,2.75,-5.51000353662453));
#8682=CARTESIAN_POINT('Ctrl Pts',(-0.802959213646688,1.4,-5.1242367737549));
#8683=CARTESIAN_POINT('Ctrl Pts',(-0.787490270089998,1.48994209078787,-5.13525054063208));
#8684=CARTESIAN_POINT('Ctrl Pts',(-0.767067112187409,1.57888502376344,-5.1497916693918));
#8685=CARTESIAN_POINT('Ctrl Pts',(-0.607426135218681,2.14604343348712,-5.26345479693078));
#8686=CARTESIAN_POINT('Ctrl Pts',(-0.363998387311964,2.52277451503258,-5.43677345033808));
#8687=CARTESIAN_POINT('Ctrl Pts',(-0.261146013183298,2.75,-5.51000353662453));
#8688=CARTESIAN_POINT('',(-0.430565217358901,2.75,-5.74052759545354));
#8689=CARTESIAN_POINT('Origin',(-7.99999999981369,2.75,0.));
#8690=CARTESIAN_POINT('',(-0.837,1.53170961942605,-6.24030696381427));
#8691=CARTESIAN_POINT('Ctrl Pts',(-0.430565217358901,2.75,-5.74052759545354));
#8692=CARTESIAN_POINT('Ctrl Pts',(-0.430631396813144,2.75,-5.74061485939479));
#8693=CARTESIAN_POINT('Ctrl Pts',(-0.430738666484438,2.74999550076197,-5.74075629858569));
#8694=CARTESIAN_POINT('Ctrl Pts',(-0.43099877482971,2.74998299303528,-5.74109924659062));
#8695=CARTESIAN_POINT('Ctrl Pts',(-0.431205839371605,2.74996751192949,-5.74137222830967));
#8696=CARTESIAN_POINT('Ctrl Pts',(-0.432485718422861,2.74985231168083,-5.74305935945531));
#8697=CARTESIAN_POINT('Ctrl Pts',(-0.434067477559011,2.74961946109558,-5.74514377821859));
#8698=CARTESIAN_POINT('Ctrl Pts',(-0.439502525541924,2.7483495036871,-5.75229592918016));
#8699=CARTESIAN_POINT('Ctrl Pts',(-0.44297799710234,2.7471890089258,-5.75686100512434));
#8700=CARTESIAN_POINT('Ctrl Pts',(-0.453812801352397,2.74289612109805,-5.77106678521911));
#8701=CARTESIAN_POINT('Ctrl Pts',(-0.461451086782891,2.73878370267322,-5.78104002523789));
#8702=CARTESIAN_POINT('Ctrl Pts',(-0.484466272545884,2.72422056737189,-5.81097387849332));
#8703=CARTESIAN_POINT('Ctrl Pts',(-0.500032458987274,2.71106491960799,-5.83104200559238));
#8704=CARTESIAN_POINT('Ctrl Pts',(-0.542938238856793,2.66837681021535,-5.88594423314075));
#8705=CARTESIAN_POINT('Ctrl Pts',(-0.573213565042287,2.62962411284701,-5.92412442143493));
#8706=CARTESIAN_POINT('Ctrl Pts',(-0.660709556225396,2.48478016215997,-6.03265936494434));
#8707=CARTESIAN_POINT('Ctrl Pts',(-0.714491614580771,2.35694357383944,-6.09717373604806));
#8708=CARTESIAN_POINT('Ctrl Pts',(-0.806851262845274,2.00674005176197,-6.20602410913594));
#8709=CARTESIAN_POINT('Ctrl Pts',(-0.837000000000001,1.77961818443638,-6.24030696381749));
#8710=CARTESIAN_POINT('Ctrl Pts',(-0.837000000000001,1.53170961942841,-6.24030696381749));
#8711=CARTESIAN_POINT('Ctrl Pts',(-0.837,1.40023061693509,-6.04171493036908));
#8712=CARTESIAN_POINT('Ctrl Pts',(-0.836999999999999,1.43855822251029,-6.10508740511712));
#8713=CARTESIAN_POINT('Ctrl Pts',(-0.836999999999999,1.48229824875882,-6.17136207947195));
#8714=CARTESIAN_POINT('Ctrl Pts',(-0.836999999999999,1.52917240425646,-6.23563052229453));
#8715=CARTESIAN_POINT('Ctrl Pts',(-0.837,1.53229184731159,-6.23987951686259));
#8716=CARTESIAN_POINT('Origin',(1.163,-0.75,0.985497473257331));
#8717=CARTESIAN_POINT('',(-0.728428031937773,-1.4,0.152273599777992));
#8718=CARTESIAN_POINT('',(1.163,-2.75,0.191881893062656));
#8719=CARTESIAN_POINT('Origin',(1.163,-0.75,0.191881893062656));
#8720=CARTESIAN_POINT('',(1.163,-2.75,2.50787380133337));
#8721=CARTESIAN_POINT('',(1.163,-2.75,0.985497473257331));
#8722=CARTESIAN_POINT('',(-0.837,-0.75,6.24030696381749));
#8723=CARTESIAN_POINT('Ctrl Pts',(1.163,-2.75,2.50787380133337));
#8724=CARTESIAN_POINT('Ctrl Pts',(1.13253117018852,-2.75,2.61919753995549));
#8725=CARTESIAN_POINT('Ctrl Pts',(1.1000693987742,-2.74930575880414,2.72982808573749));
#8726=CARTESIAN_POINT('Ctrl Pts',(0.920905125484777,-2.7405794489474,3.30183364640313));
#8727=CARTESIAN_POINT('Ctrl Pts',(0.741803167121695,-2.71682226603043,3.74779228485442));
#8728=CARTESIAN_POINT('Ctrl Pts',(0.335200331472016,-2.58317875232139,4.58143045930032));
#8729=CARTESIAN_POINT('Ctrl Pts',(0.107392915896744,-2.476090089346,4.96940658512044));
#8730=CARTESIAN_POINT('Ctrl Pts',(-0.221866449703603,-2.19833955351416,
5.457072402338));
#8731=CARTESIAN_POINT('Ctrl Pts',(-0.326036129766839,-2.09457772920137,
5.60231421079663));
#8732=CARTESIAN_POINT('Ctrl Pts',(-0.519220323758468,-1.84327634887157,
5.85777950836125));
#8733=CARTESIAN_POINT('Ctrl Pts',(-0.607725216828824,-1.69520066403668,
5.96786042982347));
#8734=CARTESIAN_POINT('Ctrl Pts',(-0.722115449425163,-1.42878172132068,
6.10638410159191));
#8735=CARTESIAN_POINT('Ctrl Pts',(-0.765153981347309,-1.29923774345786,
6.15702473796463));
#8736=CARTESIAN_POINT('Ctrl Pts',(-0.822711385253063,-1.02638801445336,
6.22402430157589));
#8737=CARTESIAN_POINT('Ctrl Pts',(-0.837,-0.883015021569101,6.24030696381749));
#8738=CARTESIAN_POINT('Ctrl Pts',(-0.837,-0.750000000000001,6.24030696381749));
#8739=CARTESIAN_POINT('',(-0.837,-0.75,-10.4999999999999));
#8740=CARTESIAN_POINT('',(-0.837,-0.75,0.985497473257331));
#8741=CARTESIAN_POINT('',(-0.728428031937774,-1.4,-10.4999999999999));
#8742=CARTESIAN_POINT('Origin',(1.163,-0.75,-10.4999999999999));
#8743=CARTESIAN_POINT('',(-0.728428031937774,-1.4,0.985497473257331));
#8744=CARTESIAN_POINT('Origin',(2.3815,-2.75,-0.999999942316943));
#8745=CARTESIAN_POINT('',(1.49791769961645,-2.75,0.198895386702719));
#8746=CARTESIAN_POINT('',(-0.322539123628803,-2.75,0.16077329770455));
#8747=CARTESIAN_POINT('Origin',(-7.99999999981369,-2.75,0.));
#8748=CARTESIAN_POINT('Origin',(-0.837,0.,2.9709948888316));
#8749=CARTESIAN_POINT('',(-0.836999999999999,-6.15,6.24030696381749));
#8750=CARTESIAN_POINT('',(-0.836999999999999,-6.15,6.24030696381749));
#8751=CARTESIAN_POINT('',(-0.837,-6.15,8.5));
#8752=CARTESIAN_POINT('',(-0.837,-6.15,3.12015348190875));
#8753=CARTESIAN_POINT('',(-0.837,3.075,8.5));
#8754=CARTESIAN_POINT('',(-0.837,0.75,6.24030696381749));
#8755=CARTESIAN_POINT('',(-0.836999999999999,6.15,6.24030696381749));
#8756=CARTESIAN_POINT('',(-0.837,0.75,-10.4999999999999));
#8757=CARTESIAN_POINT('',(-0.837,0.75,0.985497473257331));
#8758=CARTESIAN_POINT('',(-0.837,3.075,-10.4999999999999));
#8759=CARTESIAN_POINT('',(-0.837,0.625,-9.85));
#8760=CARTESIAN_POINT('Origin',(-0.837,4.34294987219085E-18,-9.85));
#8761=CARTESIAN_POINT('',(-0.837,0.625,5.15));
#8762=CARTESIAN_POINT('Origin',(-0.837,4.34294987219085E-18,5.15));
#8763=CARTESIAN_POINT('',(-0.837,0.625,0.149999999999999));
#8764=CARTESIAN_POINT('Origin',(-0.837,-1.31237334917017E-17,0.15));
#8765=CARTESIAN_POINT('',(-0.837,0.625,-3.35));
#8766=CARTESIAN_POINT('Origin',(-0.837,-1.31237334917017E-17,-3.35));
#8767=CARTESIAN_POINT('',(-0.837,0.625,-1.6));
#8768=CARTESIAN_POINT('Origin',(-0.837,-1.31237334917017E-17,-1.6));
#8769=CARTESIAN_POINT('',(-0.837,0.625,-5.1));
#8770=CARTESIAN_POINT('Origin',(-0.837,-1.31237334917017E-17,-5.1));
#8771=CARTESIAN_POINT('Origin',(1.163,0.75,0.985497473257331));
#8772=CARTESIAN_POINT('',(-0.728428031937773,1.4,0.152273599777992));
#8773=CARTESIAN_POINT('',(1.163,2.75,0.191881893062656));
#8774=CARTESIAN_POINT('Origin',(1.163,0.75,0.191881893062656));
#8775=CARTESIAN_POINT('',(-0.728428031937774,1.4,-10.4999999999999));
#8776=CARTESIAN_POINT('',(-0.728428031937774,1.4,0.985497473257331));
#8777=CARTESIAN_POINT('Origin',(1.163,0.75,-10.4999999999999));
#8778=CARTESIAN_POINT('',(1.163,2.75,2.50787380133337));
#8779=CARTESIAN_POINT('Ctrl Pts',(-0.837,0.750000000000001,6.24030696381749));
#8780=CARTESIAN_POINT('Ctrl Pts',(-0.837,0.883015021569101,6.24030696381749));
#8781=CARTESIAN_POINT('Ctrl Pts',(-0.822711385253063,1.02638801445336,6.22402430157589));
#8782=CARTESIAN_POINT('Ctrl Pts',(-0.765153981347309,1.29923774345786,6.15702473796463));
#8783=CARTESIAN_POINT('Ctrl Pts',(-0.722115449425163,1.42878172132068,6.10638410159191));
#8784=CARTESIAN_POINT('Ctrl Pts',(-0.607725216828824,1.69520066403668,5.96786042982347));
#8785=CARTESIAN_POINT('Ctrl Pts',(-0.519220323758468,1.84327634887157,5.85777950836125));
#8786=CARTESIAN_POINT('Ctrl Pts',(-0.326036129766839,2.09457772920137,5.60231421079663));
#8787=CARTESIAN_POINT('Ctrl Pts',(-0.221866449703603,2.19833955351416,5.457072402338));
#8788=CARTESIAN_POINT('Ctrl Pts',(0.107392915896744,2.476090089346,4.96940658512044));
#8789=CARTESIAN_POINT('Ctrl Pts',(0.335200331472015,2.58317875232139,4.58143045930032));
#8790=CARTESIAN_POINT('Ctrl Pts',(0.741803167121694,2.71682226603043,3.74779228485442));
#8791=CARTESIAN_POINT('Ctrl Pts',(0.920905125484777,2.7405794489474,3.30183364640313));
#8792=CARTESIAN_POINT('Ctrl Pts',(1.1000693987742,2.74930575880414,2.72982808573749));
#8793=CARTESIAN_POINT('Ctrl Pts',(1.13253117018852,2.75,2.61919753995549));
#8794=CARTESIAN_POINT('Ctrl Pts',(1.163,2.75,2.50787380133337));
#8795=CARTESIAN_POINT('',(1.163,2.75,0.985497473257331));
#8796=CARTESIAN_POINT('Origin',(-0.837,0.,2.9709948888316));
#8797=CARTESIAN_POINT('',(-0.837000000000003,-6.15,-6.2403069638175));
#8798=CARTESIAN_POINT('',(-0.837000000000003,-6.15,-6.2403069638175));
#8799=CARTESIAN_POINT('',(-0.837,-1.4,-10.4999999999999));
#8800=CARTESIAN_POINT('',(-0.837,-1.4,0.98549747325732));
#8801=CARTESIAN_POINT('',(-0.837,-6.15,-10.4999999999999));
#8802=CARTESIAN_POINT('',(-0.837,3.075,-10.4999999999999));
#8803=CARTESIAN_POINT('',(-0.837,-6.15,-5.24999999999996));
#8804=CARTESIAN_POINT('Origin',(-0.837,0.,2.9709948888316));
#8805=CARTESIAN_POINT('',(-0.837,6.15,-6.24030696381749));
#8806=CARTESIAN_POINT('',(-0.837,1.4,-10.4999999999999));
#8807=CARTESIAN_POINT('',(-0.837,3.075,-10.4999999999999));
#8808=CARTESIAN_POINT('',(-0.837,1.4,0.98549747325732));
#8809=CARTESIAN_POINT('Origin',(9.,0.,8.50000000000001));
#8810=CARTESIAN_POINT('',(9.,-6.32455532033676,8.5));
#8811=CARTESIAN_POINT('',(9.,-6.32455532033676,0.));
#8812=CARTESIAN_POINT('',(9.,-1.86002959141489,8.5));
#8813=CARTESIAN_POINT('Origin',(9.,0.,8.50000000000001));
#8814=CARTESIAN_POINT('',(9.00000000000008,0.,-10.4999999999999));
#8815=CARTESIAN_POINT('Origin',(0.300000000000001,-1.23318375444876,8.5));
#8816=CARTESIAN_POINT('',(0.450202022148915,-1.4,-10.4999999999999));
#8817=CARTESIAN_POINT('',(0.450202022148918,-1.4,8.5));
#8818=CARTESIAN_POINT('',(0.450202022148917,-1.4,3.75000002884152));
#8819=CARTESIAN_POINT('',(6.90186304381736,-8.56529547210067,8.5));
#8820=CARTESIAN_POINT('',(8.24139007574521,-10.0529909577117,8.5));
#8821=CARTESIAN_POINT('',(6.90186304381736,-8.56529547210067,0.));
#8822=CARTESIAN_POINT('',(2.01021989925277,-3.13257537766881,-10.4999999999999));
#8823=CARTESIAN_POINT('Origin',(0.,0.,0.));
#8824=CARTESIAN_POINT('Origin',(0.,0.,8.5));
#8825=CARTESIAN_POINT('',(6.61996525467118,-8.78499061052124,0.));
#8826=CARTESIAN_POINT('Origin',(0.836540522890626,1.4,-0.999999942316965));
#8827=CARTESIAN_POINT('',(-3.92691895421875,1.4,-2.90000186138133));
#8828=CARTESIAN_POINT('',(-7.99999999981369,1.4,0.));
#8829=CARTESIAN_POINT('',(0.518270261445314,1.4,-10.4999999999999));
#8830=CARTESIAN_POINT('',(-3.00109594748204,1.4,0.104681782475116));
#8831=CARTESIAN_POINT('',(-7.99999999981369,1.4,0.));
#8832=CARTESIAN_POINT('Origin',(-7.99999999981369,1.4,0.));
#8833=CARTESIAN_POINT('Origin',(2.3815,2.75,-0.999999942316943));
#8834=CARTESIAN_POINT('',(1.49791769961645,2.75,0.198895386702719));
#8835=CARTESIAN_POINT('Origin',(-7.99999999981369,2.75,0.));
#8836=CARTESIAN_POINT('',(-0.322539123628803,2.75,0.16077329770455));
#8837=CARTESIAN_POINT('Origin',(-7.99999999981369,6.15,0.));
#8838=CARTESIAN_POINT('',(1.49791769961645,6.15,0.198895386702719));
#8839=CARTESIAN_POINT('Origin',(-3.00109594748204,6.15,0.104681782475115));
#8840=CARTESIAN_POINT('',(-3.00109594748204,6.15,0.104681782475115));
#8841=CARTESIAN_POINT('Origin',(0.836540522890626,1.4,-0.999999942316965));
#8842=CARTESIAN_POINT('',(0.163,1.4,8.50000010363827));
#8843=CARTESIAN_POINT('',(4.91827026144535,1.4,8.5));
#8844=CARTESIAN_POINT('',(0.163,1.4,-10.4999999999999));
#8845=CARTESIAN_POINT('',(0.163,1.4,0.98549747325732));
#8846=CARTESIAN_POINT('',(0.518270261445314,1.4,-10.4999999999999));
#8847=CARTESIAN_POINT('Origin',(-7.99999999981369,6.15,0.));
#8848=CARTESIAN_POINT('',(-3.92691895421875,6.15,-2.90000186138133));
#8849=CARTESIAN_POINT('Origin',(-0.261146013183299,6.15,-5.51000353662453));
#8850=CARTESIAN_POINT('',(-0.261146013183298,6.15,-5.51000353662453));
#8851=CARTESIAN_POINT('Origin',(-7.99999999981369,6.15,0.));
#8852=CARTESIAN_POINT('Origin',(9.00000000000008,0.,8.5));
#8853=CARTESIAN_POINT('',(0.163,-1.4,8.50000010363827));
#8854=CARTESIAN_POINT('',(4.91827026144535,-1.4,8.5));
#8855=CARTESIAN_POINT('',(0.163,0.,8.5));
#8856=CARTESIAN_POINT('Origin',(0.163,0.,2.9709948888316));
#8857=CARTESIAN_POINT('',(0.163,-1.4,-10.4999999999999));
#8858=CARTESIAN_POINT('',(0.163,-1.4,0.98549747325732));
#8859=CARTESIAN_POINT('',(0.163,0.,-10.4999999999999));
#8860=CARTESIAN_POINT('',(0.163,0.625,-5.1));
#8861=CARTESIAN_POINT('Origin',(0.163,-1.31237334917017E-17,-5.1));
#8862=CARTESIAN_POINT('',(0.163,0.625,-1.6));
#8863=CARTESIAN_POINT('Origin',(0.163,-1.31237334917017E-17,-1.6));
#8864=CARTESIAN_POINT('',(0.163,0.625,-3.35));
#8865=CARTESIAN_POINT('Origin',(0.163,-1.31237334917017E-17,-3.35));
#8866=CARTESIAN_POINT('',(0.163,0.625,0.149999999999999));
#8867=CARTESIAN_POINT('Origin',(0.163,-1.31237334917017E-17,0.15));
#8868=CARTESIAN_POINT('',(0.163,0.625,5.15));
#8869=CARTESIAN_POINT('Origin',(0.163,4.34294987219085E-18,5.15));
#8870=CARTESIAN_POINT('',(0.163,0.625,-9.85));
#8871=CARTESIAN_POINT('Origin',(0.163,4.34294987219085E-18,-9.85));
#8872=CARTESIAN_POINT('Origin',(0.199999999999999,0.,-10.4999999999999));
#8873=CARTESIAN_POINT('',(-3.24452858596677,-6.15,-10.5));
#8874=CARTESIAN_POINT('',(-3.24452858596677,0.,-10.5));
#8875=CARTESIAN_POINT('',(-1.6222642929833,-6.15,-10.4999999999999));
#8876=CARTESIAN_POINT('',(0.518270261445314,-1.4,-10.4999999999999));
#8877=CARTESIAN_POINT('Origin',(0.836540522890626,-1.4,-0.999999942316965));
#8878=CARTESIAN_POINT('',(0.518270261445314,-1.4,-10.4999999999999));
#8879=CARTESIAN_POINT('Origin',(0.836540522890626,-1.4,-0.999999942316965));
#8880=CARTESIAN_POINT('',(-3.92691895421875,-1.4,-2.90000186138133));
#8881=CARTESIAN_POINT('',(-0.962371930405045,-1.4,-5.01073616570119));
#8882=CARTESIAN_POINT('',(-3.00109594748204,-1.4,0.104681782475116));
#8883=CARTESIAN_POINT('Origin',(-7.99999999981369,-1.4,0.));
#8884=CARTESIAN_POINT('',(-1.09468026034922,-1.4,0.144603931445849));
#8885=CARTESIAN_POINT('Origin',(-7.99999999981369,-6.15,0.));
#8886=CARTESIAN_POINT('',(1.49791769961645,-6.15,0.198895386702719));
#8887=CARTESIAN_POINT('',(1.49791769961645,-6.15,0.198895386702719));
#8888=CARTESIAN_POINT('Origin',(-7.99999999981369,-6.15,0.));
#8889=CARTESIAN_POINT('Origin',(-3.00109594748204,-6.15,0.104681782475115));
#8890=CARTESIAN_POINT('',(-3.00109594748204,-6.15,0.104681782475115));
#8891=CARTESIAN_POINT('',(-3.00109594748204,-6.15,0.104681782475115));
#8892=CARTESIAN_POINT('',(-1.50230129783413,-6.15,0.136067961094833));
#8893=CARTESIAN_POINT('Origin',(-7.99999999981369,-6.15,0.));
#8894=CARTESIAN_POINT('',(-3.92691895421875,-6.15,-2.90000186138133));
#8895=CARTESIAN_POINT('Origin',(-7.99999999981369,-6.15,0.));
#8896=CARTESIAN_POINT('',(-3.92691895421875,-6.15,-2.90000186138133));
#8897=CARTESIAN_POINT('Origin',(-0.261146013183299,-6.15,-5.51000353662453));
#8898=CARTESIAN_POINT('',(-0.261146013183298,-6.15,-5.51000353662453));
#8899=CARTESIAN_POINT('',(-0.261146013183298,-6.15,-5.51000353662453));
#8900=CARTESIAN_POINT('',(-1.47617473392274,-6.15,-4.64491258647343));
#8901=CARTESIAN_POINT('Origin',(-7.99999999981369,-6.15,0.));
#8902=CARTESIAN_POINT('Origin',(-7.99999999981369,-6.15,0.));
#8903=CARTESIAN_POINT('Origin',(9.00000000000008,0.,8.5));
#8904=CARTESIAN_POINT('',(-1.80000000000002,-6.15,8.5));
#8905=CARTESIAN_POINT('',(-4.,-6.15,8.50000000000001));
#8906=CARTESIAN_POINT('',(-1.80000000000002,0.,8.5));
#8907=CARTESIAN_POINT('Origin',(0.,-6.15,0.));
#8908=CARTESIAN_POINT('',(-9.58240774364773,-6.15,-4.1));
#8909=CARTESIAN_POINT('',(-7.72290209379726,-6.15,-4.1));
#8910=CARTESIAN_POINT('',(-9.4762706388726,-6.15,-3.82499999999999));
#8911=CARTESIAN_POINT('',(-8.27261374677949,-6.15,-0.706339037587974));
#8912=CARTESIAN_POINT('',(-9.47627063887254,-6.15,3.82500000000001));
#8913=CARTESIAN_POINT('Origin',(-7.99999999972811,-6.15,0.));
#8914=CARTESIAN_POINT('',(-9.58240774362848,-6.15,4.09999999994993));
#8915=CARTESIAN_POINT('',(-8.2195451943897,-6.15,0.568839037586943));
#8916=CARTESIAN_POINT('',(-4.7912038718791,-6.15,4.10000000010153));
#8917=CARTESIAN_POINT('',(-4.905,-6.15,17.9358898943541));
#8918=CARTESIAN_POINT('Ctrl Pts',(-4.905,-6.15,17.9358898943541));
#8919=CARTESIAN_POINT('Ctrl Pts',(-4.93538893621631,-6.15,17.9470431640008));
#8920=CARTESIAN_POINT('Ctrl Pts',(-4.96207299575852,-6.15,17.9641488925369));
#8921=CARTESIAN_POINT('Ctrl Pts',(-5.0157441660188,-6.15,18.0129418082708));
#8922=CARTESIAN_POINT('Ctrl Pts',(-5.04049191235505,-6.15,18.046594558618));
#8923=CARTESIAN_POINT('Ctrl Pts',(-5.0937337714296,-6.15,18.1373748196433));
#8924=CARTESIAN_POINT('Ctrl Pts',(-5.12099080082269,-6.15,18.2063338906779));
#8925=CARTESIAN_POINT('Ctrl Pts',(-5.16123481527436,-6.15,18.3657339810501));
#8926=CARTESIAN_POINT('Ctrl Pts',(-5.17114313405777,-6.15,18.4554407165557));
#8927=CARTESIAN_POINT('Ctrl Pts',(-5.16498826032458,-6.15,18.6220596320572));
#8928=CARTESIAN_POINT('Ctrl Pts',(-5.15156245820632,-6.15,18.7004148145939));
#8929=CARTESIAN_POINT('Ctrl Pts',(-5.12616290344855,-6.15,18.7749172998245));
#8930=CARTESIAN_POINT('',(-4.905,-6.15,16.2000000000001));
#8931=CARTESIAN_POINT('',(-4.905,-6.15,17.0641101056459));
#8932=CARTESIAN_POINT('',(-4.905,-6.15,16.2000000000001));
#8933=CARTESIAN_POINT('',(-1.81138059453519,-6.15,12.2634556119097));
#8934=CARTESIAN_POINT('',(-0.905690297267596,-6.15,12.2634556119097));
#8935=CARTESIAN_POINT('',(-1.8,-6.15,12.4999999999999));
#8936=CARTESIAN_POINT('Ctrl Pts',(-1.8,-6.15,12.4999999999999));
#8937=CARTESIAN_POINT('Ctrl Pts',(-1.8,-6.15,12.4188913140816));
#8938=CARTESIAN_POINT('Ctrl Pts',(-1.80379898033856,-6.15,12.3400462944541));
#8939=CARTESIAN_POINT('Ctrl Pts',(-1.81138059453519,-6.15,12.2634556119097));
#8940=CARTESIAN_POINT('',(-1.80000000000005,-6.15,4.25000000000001));
#8941=CARTESIAN_POINT('Ctrl Pts',(-1.8,-6.15,-12.4999999999999));
#8942=CARTESIAN_POINT('Ctrl Pts',(-1.8,-6.15,-12.4113889269464));
#8943=CARTESIAN_POINT('Ctrl Pts',(-1.80453489207052,-6.15,-12.325480016776));
#8944=CARTESIAN_POINT('Ctrl Pts',(-1.81358144281264,-6.15,-12.2422599769368));
#8945=CARTESIAN_POINT('Ctrl Pts',(-1.82281738761908,-6.15,-12.157297683942));
#8946=CARTESIAN_POINT('Ctrl Pts',(-1.83675577536198,-6.15,-12.0751379385382));
#8947=CARTESIAN_POINT('Ctrl Pts',(-1.85532484970939,-6.15,-11.9957391227448));
#8948=CARTESIAN_POINT('Ctrl Pts',(-1.87522663466464,-6.15,-11.9106418191281));
#8949=CARTESIAN_POINT('Ctrl Pts',(-1.90044792509172,-6.15,-11.828716089406));
#8950=CARTESIAN_POINT('Ctrl Pts',(-1.93084501662622,-6.15,-11.7498789196532));
#8951=CARTESIAN_POINT('Ctrl Pts',(-1.96108846108364,-6.15,-11.6714402452856));
#8952=CARTESIAN_POINT('Ctrl Pts',(-1.99645509719316,-6.15,-11.596058703262));
#8953=CARTESIAN_POINT('Ctrl Pts',(-2.03675261596928,-6.15,-11.5236240357307));
#8954=CARTESIAN_POINT('Ctrl Pts',(-2.07825853453371,-6.15,-11.4490172732525));
#8955=CARTESIAN_POINT('Ctrl Pts',(-2.1249953235342,-6.15,-11.3775366174166));
#8956=CARTESIAN_POINT('Ctrl Pts',(-2.17670293554317,-6.15,-11.3090343901323));
#8957=CARTESIAN_POINT('Ctrl Pts',(-2.22993764680825,-6.15,-11.2385090622588));
#8958=CARTESIAN_POINT('Ctrl Pts',(-2.28844093932265,-6.15,-11.1711405429673));
#8959=CARTESIAN_POINT('Ctrl Pts',(-2.35187984645981,-6.15,-11.1067417629492));
#8960=CARTESIAN_POINT('Ctrl Pts',(-2.41851606184988,-6.15,-11.0390972972765));
#8961=CARTESIAN_POINT('Ctrl Pts',(-2.4905978756157,-6.15,-10.9747294002828));
#8962=CARTESIAN_POINT('Ctrl Pts',(-2.56768749140965,-6.15,-10.9133944417184));
#8963=CARTESIAN_POINT('Ctrl Pts',(-2.64745593825386,-6.15,-10.8499281196781));
#8964=CARTESIAN_POINT('Ctrl Pts',(-2.73258598155287,-6.15,-10.7897089941849));
#8965=CARTESIAN_POINT('Ctrl Pts',(-2.82254126715979,-6.15,-10.7324411838547));
#8966=CARTESIAN_POINT('Ctrl Pts',(-2.91841212607734,-6.15,-10.6714073699143));
#8967=CARTESIAN_POINT('Ctrl Pts',(-3.01976351416383,-6.15,-10.6137256266074));
#8968=CARTESIAN_POINT('Ctrl Pts',(-3.12589240834395,-6.15,-10.559011461193));
#8969=CARTESIAN_POINT('Ctrl Pts',(-3.16480797982824,-6.15,-10.5389487531828));
#8970=CARTESIAN_POINT('Ctrl Pts',(-3.20436543731224,-6.15,-10.5192848249453));
#8971=CARTESIAN_POINT('Ctrl Pts',(-3.24452858596677,-6.15,-10.5));
#8972=CARTESIAN_POINT('Origin',(0.,-1.31237334917017E-17,-5.1));
#8973=CARTESIAN_POINT('',(0.,0.625,-5.1));
#8974=CARTESIAN_POINT('Origin',(0.,-1.31237334917017E-17,-1.6));
#8975=CARTESIAN_POINT('',(0.,0.625,-1.6));
#8976=CARTESIAN_POINT('Origin',(0.,-1.31237334917017E-17,-3.35));
#8977=CARTESIAN_POINT('',(0.,0.625,-3.35));
#8978=CARTESIAN_POINT('Origin',(0.,-1.31237334917017E-17,0.15));
#8979=CARTESIAN_POINT('',(0.,0.625,0.15));
#8980=CARTESIAN_POINT('Origin',(0.,4.34294987219085E-18,5.15));
#8981=CARTESIAN_POINT('',(0.,0.625,5.15));
#8982=CARTESIAN_POINT('Origin',(0.,4.34294987219085E-18,-9.85));
#8983=CARTESIAN_POINT('',(0.,0.625,-9.85));
#8984=CARTESIAN_POINT('Origin',(7.36830032968096,0.605656558064247,16.));
#8985=CARTESIAN_POINT('',(9.,6.32455532033676,16.));
#8986=CARTESIAN_POINT('Origin',(0.,0.,16.));
#8987=CARTESIAN_POINT('',(9.,-6.32455532033676,16.));
#8988=CARTESIAN_POINT('',(9.,0.302828279032124,16.));
#8989=CARTESIAN_POINT('Origin',(0.,0.,16.));
#8990=CARTESIAN_POINT('',(4.96497394100339,-6.58874295789093,16.));
#8991=CARTESIAN_POINT('',(0.,0.,16.));
#8992=CARTESIAN_POINT('Origin',(0.,0.,16.));
#8993=CARTESIAN_POINT('Origin',(4.96497394100339,-6.58874295789093,16.));
#8994=CARTESIAN_POINT('',(4.96497394100339,-6.58874295789093,16.));
#8995=CARTESIAN_POINT('Origin',(0.,0.,16.));
#8996=CARTESIAN_POINT('Origin',(0.,0.,0.));
#8997=CARTESIAN_POINT('',(9.,6.32455532033676,0.));
#8998=CARTESIAN_POINT('Origin',(9.,0.,8.50000000000001));
#8999=CARTESIAN_POINT('',(9.,-6.32455532033676,0.));
#9000=CARTESIAN_POINT('Origin',(0.,0.,0.));
#9001=CARTESIAN_POINT('Origin',(-4.78235564703728,-3.87167414273166,17.1995381877321));
#9002=CARTESIAN_POINT('',(-4.605,-4.08322722534698,17.8));
#9003=CARTESIAN_POINT('',(-4.70920778003983,-4.47213595499958,17.8));
#9004=CARTESIAN_POINT('Origin',(-5.3828174593052,-4.47213595499958,17.8));
#9005=CARTESIAN_POINT('',(-4.605,-4.47213595499958,17.4110912703474));
#9006=CARTESIAN_POINT('Origin',(-5.3828174593052,-4.47213595499958,17.8));
#9007=CARTESIAN_POINT('',(-4.905,-4.77213595499958,17.7110912703474));
#9008=CARTESIAN_POINT('',(-4.39344691738468,-4.26058287238426,17.1995381877321));
#9009=CARTESIAN_POINT('',(-4.905,-4.38322722534698,18.1));
#9010=CARTESIAN_POINT('Origin',(-4.905,-3.99431849569438,17.3221825406948));
#9011=CARTESIAN_POINT('',(-4.39344691738468,-3.87167414273166,17.5884469173847));
#9012=CARTESIAN_POINT('Origin',(-4.755,-2.37500000000245,17.95));
#9013=CARTESIAN_POINT('',(-4.905,-3.76104468465218,18.1));
#9014=CARTESIAN_POINT('',(-4.905,-2.37500000000245,18.1));
#9015=CARTESIAN_POINT('',(-4.605,-4.06104468465218,17.8));
#9016=CARTESIAN_POINT('',(-4.95915890238372,-3.70688578226846,18.1541589023837));
#9017=CARTESIAN_POINT('',(-4.605,-2.37500000000245,17.8));
#9018=CARTESIAN_POINT('Origin',(-5.34806763203632,-3.70688578226846,17.7652501727311));
#9019=CARTESIAN_POINT('',(-4.70920778003983,-3.67213595499958,17.8));
#9020=CARTESIAN_POINT('',(-4.605,-3.67213595499958,17.4110912703474));
#9021=CARTESIAN_POINT('Origin',(-5.3828174593052,-3.67213595499958,17.8));
#9022=CARTESIAN_POINT('Origin',(-5.3828174593052,-3.67213595499958,17.8));
#9023=CARTESIAN_POINT('',(-4.905,-3.37213595499958,17.7110912703474));
#9024=CARTESIAN_POINT('Origin',(-4.905,-4.14995341430478,17.3221825406948));
#9025=CARTESIAN_POINT('',(-4.95915890238372,-3.31797705261586,17.7652501727311));
#9026=CARTESIAN_POINT('Origin',(-5.39806763203632,-3.65688578226846,16.9847498272689));
#9027=CARTESIAN_POINT('',(-4.605,-3.67213595499958,17.3889087296526));
#9028=CARTESIAN_POINT('Origin',(-5.3828174593052,-3.67213595499958,17.));
#9029=CARTESIAN_POINT('',(-4.905,-3.37213595499958,17.0889087296526));
#9030=CARTESIAN_POINT('',(-5.00915890238372,-3.26797705261586,16.9847498272689));
#9031=CARTESIAN_POINT('',(-4.905,-3.76104468465218,16.7));
#9032=CARTESIAN_POINT('Origin',(-4.905,-4.14995341430479,17.4778174593052));
#9033=CARTESIAN_POINT('',(-5.00915890238372,-3.65688578226846,16.5958410976163));
#9034=CARTESIAN_POINT('Origin',(-4.755,-2.37500000000245,16.85));
#9035=CARTESIAN_POINT('',(-4.905,-4.38322722534698,16.7));
#9036=CARTESIAN_POINT('',(-4.905,-2.37500000000245,16.7));
#9037=CARTESIAN_POINT('',(-4.44344691738468,-3.92167414273166,17.1615530826153));
#9038=CARTESIAN_POINT('Origin',(-4.83235564703728,-3.92167414273166,17.5504618122679));
#9039=CARTESIAN_POINT('',(-4.605,-4.47213595499958,17.3889087296526));
#9040=CARTESIAN_POINT('Origin',(-5.3828174593052,-4.47213595499958,17.));
#9041=CARTESIAN_POINT('',(-4.905,-4.77213595499958,17.0889087296526));
#9042=CARTESIAN_POINT('Origin',(-4.905,-3.99431849569438,17.4778174593052));
#9043=CARTESIAN_POINT('',(-4.44344691738468,-4.31058287238426,17.5504618122679));
#9044=CARTESIAN_POINT('Origin',(-4.86671760755576,3.97389210965675,17.4982438453428));
#9045=CARTESIAN_POINT('',(-4.41161612710126,3.55715490733661,17.4));
#9046=CARTESIAN_POINT('Origin',(-4.60473401997488,4.07213595499958,17.4));
#9047=CARTESIAN_POINT('',(-4.905,3.37213595499958,17.585018952337));
#9048=CARTESIAN_POINT('',(-4.67359971468215,3.45891106199378,17.4982438453428));
#9049=CARTESIAN_POINT('',(-4.905,3.88711700266256,18.1));
#9050=CARTESIAN_POINT('Origin',(-4.905,3.95953621249016,17.5125997425094));
#9051=CARTESIAN_POINT('',(-4.67359971468215,3.97389210965675,18.0132248930058));
#9052=CARTESIAN_POINT('Ctrl Pts',(-4.35019661685222,3.67213595499958,17.6787664083271));
#9053=CARTESIAN_POINT('Ctrl Pts',(-4.2897446407864,3.70319909816645,17.6681409109709));
#9054=CARTESIAN_POINT('Ctrl Pts',(-4.1963768340536,3.73454024636798,17.6561597466934));
#9055=CARTESIAN_POINT('Ctrl Pts',(-4.09738791604694,3.75791957833992,17.651170560867));
#9056=CARTESIAN_POINT('Ctrl Pts',(-4.35778889333492,3.60964137222956,17.5960257549365));
#9057=CARTESIAN_POINT('Ctrl Pts',(-4.29295959888606,3.64996320637546,17.6002273090209));
#9058=CARTESIAN_POINT('Ctrl Pts',(-4.19817151738033,3.69022388891278,17.602438821499));
#9059=CARTESIAN_POINT('Ctrl Pts',(-4.09830048098002,3.722949473323,17.6101576103173));
#9060=CARTESIAN_POINT('Ctrl Pts',(-4.37936534212285,3.56924895170351,17.4980961376427));
#9061=CARTESIAN_POINT('Ctrl Pts',(-4.30151419273527,3.61226468924937,17.5199866952899));
#9062=CARTESIAN_POINT('Ctrl Pts',(-4.20285587683236,3.65565300291264,17.540653793836));
#9063=CARTESIAN_POINT('Ctrl Pts',(-4.10087445577637,3.69394232025173,17.5641060459));
#9064=CARTESIAN_POINT('Ctrl Pts',(-4.41161612710126,3.55715490733661,17.4));
#9065=CARTESIAN_POINT('Ctrl Pts',(-4.31602496639784,3.59300159260039,17.4358466852638));
#9066=CARTESIAN_POINT('Ctrl Pts',(-4.21083338720308,3.63244843479843,17.4752935274618));
#9067=CARTESIAN_POINT('Ctrl Pts',(-4.105,3.67213595499958,17.514981047663));
#9068=CARTESIAN_POINT('',(-4.105,3.67213595499958,17.514981047663));
#9069=CARTESIAN_POINT('Ctrl Pts',(-4.105,3.67213595499958,17.514981047663));
#9070=CARTESIAN_POINT('Ctrl Pts',(-4.14881070324362,3.67213595499958,17.5371347500339));
#9071=CARTESIAN_POINT('Ctrl Pts',(-4.19230714973048,3.67213595499958,17.5622447376213));
#9072=CARTESIAN_POINT('Ctrl Pts',(-4.28037646440054,3.67213595499958,17.620298815563));
#9073=CARTESIAN_POINT('Ctrl Pts',(-4.31986040380664,3.67213595499958,17.6510668697222));
#9074=CARTESIAN_POINT('Ctrl Pts',(-4.35019661685222,3.67213595499958,17.6787664083271));
#9075=CARTESIAN_POINT('',(-4.73945337321873,3.43421594004256,17.277061032706));
#9076=CARTESIAN_POINT('Origin',(-4.505,3.52213595499958,17.175));
#9077=CARTESIAN_POINT('',(-4.905,3.37213595499958,17.214981047663));
#9078=CARTESIAN_POINT('',(-4.73945337321873,3.43421594004256,17.277061032706));
#9079=CARTESIAN_POINT('',(-4.905,3.37213595499958,17.175));
#9080=CARTESIAN_POINT('Origin',(-4.4431656207259,4.01154780528121,17.3394118502816));
#9081=CARTESIAN_POINT('',(-4.41161612710126,4.58711700266255,17.4));
#9082=CARTESIAN_POINT('',(-4.13128479927228,4.47213595499958,17.4));
#9083=CARTESIAN_POINT('Origin',(-4.60473401997488,4.07213595499958,17.4));
#9084=CARTESIAN_POINT('',(-4.49749457644553,4.47213595499958,17.8));
#9085=CARTESIAN_POINT('Origin',(-5.67140068664155,4.47213595499958,17.8));
#9086=CARTESIAN_POINT('Origin',(-5.67140068664155,4.47213595499958,17.8));
#9087=CARTESIAN_POINT('',(-4.905,4.25715490733661,18.1));
#9088=CARTESIAN_POINT('',(-4.25004772785228,4.01154780528121,17.8543928979446));
#9089=CARTESIAN_POINT('',(-4.905,4.77213595499958,17.585018952337));
#9090=CARTESIAN_POINT('Origin',(-4.905,4.184735697509,17.5125997425094));
#9091=CARTESIAN_POINT('',(-4.25004772785228,4.52652885294419,17.3394118502816));
#9092=CARTESIAN_POINT('Origin',(-4.505,2.62499999999755,17.95));
#9093=CARTESIAN_POINT('',(-4.905,2.62499999999755,18.1));
#9094=CARTESIAN_POINT('Origin',(-4.50901927926248,4.03624292723243,17.4358930277672));
#9095=CARTESIAN_POINT('',(-4.905,4.77213595499958,17.214981047663));
#9096=CARTESIAN_POINT('',(-4.31590138638886,4.55122397489541,17.4358930277672));
#9097=CARTESIAN_POINT('',(-4.905,4.25715490733661,16.7));
#9098=CARTESIAN_POINT('Origin',(-4.905,4.184735697509,17.2874002574906));
#9099=CARTESIAN_POINT('',(-4.41161612710127,4.07213595499958,16.885018952337));
#9100=CARTESIAN_POINT('',(-4.31590138638886,4.03624292723243,16.9209119801042));
#9101=CARTESIAN_POINT('Origin',(-4.60473401997488,4.07213595499958,17.4));
#9102=CARTESIAN_POINT('Origin',(-5.67140068664155,4.47213595499958,17.));
#9103=CARTESIAN_POINT('Origin',(-4.505,2.62499999999755,16.85));
#9104=CARTESIAN_POINT('',(-4.905,3.88711700266256,16.7));
#9105=CARTESIAN_POINT('',(-4.905,2.62499999999755,16.7));
#9106=CARTESIAN_POINT('',(-4.73945337321873,3.94919698770553,16.762079985043));
#9107=CARTESIAN_POINT('Origin',(-4.93257126609234,3.94919698770553,17.277061032706));
#9108=CARTESIAN_POINT('Origin',(-4.905,3.95953621249016,17.2874002574906));
#9109=CARTESIAN_POINT('Origin',(-5.67140068664155,3.67213595499958,17.));
#9110=CARTESIAN_POINT('Origin',(-4.505,4.62213595499958,17.175));
#9111=CARTESIAN_POINT('',(-4.905,4.77213595499958,17.175));
#9112=CARTESIAN_POINT('Origin',(1.50000000000001,-4.89164264649844E-12,
17.8));
#9113=CARTESIAN_POINT('',(-3.39343742066939,3.67213595499958,17.8));
#9114=CARTESIAN_POINT('',(-0.946718710334691,3.67213595499959,17.8));
#9115=CARTESIAN_POINT('',(-4.,4.47213595499958,17.8));
#9116=CARTESIAN_POINT('',(-4.,4.47213595499958,17.8));
#9117=CARTESIAN_POINT('',(-1.,5.91607978309962,17.8));
#9118=CARTESIAN_POINT('Origin',(0.,0.,17.8));
#9119=CARTESIAN_POINT('',(-1.,5.91607978309962,17.8));
#9120=CARTESIAN_POINT('',(-1.,-5.91607978309962,17.8));
#9121=CARTESIAN_POINT('',(-1.,-5.91607978309962,17.8));
#9122=CARTESIAN_POINT('',(-4.,-4.47213595499958,17.8));
#9123=CARTESIAN_POINT('Origin',(0.,0.,17.8));
#9124=CARTESIAN_POINT('',(-1.24999999999999,-4.47213595499958,17.8));
#9125=CARTESIAN_POINT('',(-3.39343742066939,-3.67213595499958,17.8));
#9126=CARTESIAN_POINT('',(-6.,-3.67213595499958,17.8));
#9127=CARTESIAN_POINT('Origin',(0.,0.,17.8));
#9128=CARTESIAN_POINT('Origin',(-3.39343742066939,3.67213595499958,17.));
#9129=CARTESIAN_POINT('',(-3.39343742066939,3.67213595499958,17.));
#9130=CARTESIAN_POINT('Origin',(-4.905,5.25,17.35));
#9131=CARTESIAN_POINT('',(-4.905,5.25,18.5));
#9132=CARTESIAN_POINT('',(-4.905,3.25,18.5));
#9133=CARTESIAN_POINT('',(-4.905,5.87857979370329,18.2777451015262));
#9134=CARTESIAN_POINT('Origin',(-4.905,5.25,17.5));
#9135=CARTESIAN_POINT('Origin',(-4.905,5.25,17.5));
#9136=CARTESIAN_POINT('Origin',(-4.755,-3.52213595499958,17.25));
#9137=CARTESIAN_POINT('',(-4.905,-3.37213595499958,17.25));
#9138=CARTESIAN_POINT('',(-4.605,-3.67213595499958,17.25));
#9139=CARTESIAN_POINT('Origin',(-4.755,-4.62213595499958,17.25));
#9140=CARTESIAN_POINT('',(-4.605,-4.47213595499958,17.25));
#9141=CARTESIAN_POINT('',(-4.905,-4.77213595499958,17.25));
#9142=CARTESIAN_POINT('Origin',(-4.,-4.47213595499958,17.));
#9143=CARTESIAN_POINT('',(-4.,-4.47213595499958,17.));
#9144=CARTESIAN_POINT('Origin',(-4.905,-4.75,17.5));
#9145=CARTESIAN_POINT('',(-4.905,-3.25,18.5));
#9146=CARTESIAN_POINT('',(-4.905,-3.25,16.2000000000001));
#9147=CARTESIAN_POINT('',(-4.905,-3.25,16.5000000090233));
#9148=CARTESIAN_POINT('',(-4.905,-6.15,16.2000000000001));
#9149=CARTESIAN_POINT('',(-4.905,-5.87857979370329,18.2777451015262));
#9150=CARTESIAN_POINT('Origin',(-4.905,-5.25,17.5));
#9151=CARTESIAN_POINT('',(-4.905,-5.25,18.5));
#9152=CARTESIAN_POINT('Origin',(-4.905,-5.25,17.5));
#9153=CARTESIAN_POINT('',(-4.905,-3.25,18.5));
#9154=CARTESIAN_POINT('Ctrl Pts',(-4.905,5.25,18.5));
#9155=CARTESIAN_POINT('Ctrl Pts',(-4.905,5.48167570477525,18.5));
#9156=CARTESIAN_POINT('Ctrl Pts',(-4.905,5.71049999890988,18.4135885321432));
#9157=CARTESIAN_POINT('Ctrl Pts',(-4.905,5.87857979370329,18.2777451015262));
#9158=CARTESIAN_POINT('Ctrl Pts',(-4.9749495016553,5.25,18.5631477297272));
#9159=CARTESIAN_POINT('Ctrl Pts',(-4.9749495016553,5.48926008065925,18.5631477297272));
#9160=CARTESIAN_POINT('Ctrl Pts',(-4.98339439985446,5.72671289806219,18.4743202022));
#9161=CARTESIAN_POINT('Ctrl Pts',(-4.99698090798699,5.89453431455355,18.3338959327212));
#9162=CARTESIAN_POINT('Ctrl Pts',(-5.07796001321272,5.25,18.7299742983156));
#9163=CARTESIAN_POINT('Ctrl Pts',(-5.07796001321272,5.51398094953554,18.7299742983156));
#9164=CARTESIAN_POINT('Ctrl Pts',(-5.10091012354196,5.77784421207682,18.6412814464721));
#9165=CARTESIAN_POINT('Ctrl Pts',(-5.14327037828781,5.96650928575188,18.495614619041));
#9166=CARTESIAN_POINT('Ctrl Pts',(-5.07578512659812,5.25,18.9260292379283));
#9167=CARTESIAN_POINT('Ctrl Pts',(-5.07578512659812,5.54974087196999,18.9260292379283));
#9168=CARTESIAN_POINT('Ctrl Pts',(-5.10113997176236,5.85149312355032,18.8416536262743));
#9169=CARTESIAN_POINT('Ctrl Pts',(-5.15523360009997,6.08874852349437,18.6896465473026));
#9170=CARTESIAN_POINT('Ctrl Pts',(-5.04844231753064,5.25,19.0162120486176));
#9171=CARTESIAN_POINT('Ctrl Pts',(-5.04844231753064,5.56765912897187,19.0162120486176));
#9172=CARTESIAN_POINT('Ctrl Pts',(-5.07228875598957,5.88827155234402,18.9329420334724));
#9173=CARTESIAN_POINT('Ctrl Pts',(-5.12616290344854,6.15,18.7749172998245));
#9174=CARTESIAN_POINT('Origin',(-4.56995174504672,5.25,18.8711369920296));
#9175=CARTESIAN_POINT('Origin',(-4.6529097111168,6.15,18.6135747575493));
#9176=CARTESIAN_POINT('Ctrl Pts',(-4.905,3.25,18.5));
#9177=CARTESIAN_POINT('Ctrl Pts',(-4.905,3.91666666666667,18.5));
#9178=CARTESIAN_POINT('Ctrl Pts',(-4.905,4.58333333333333,18.5));
#9179=CARTESIAN_POINT('Ctrl Pts',(-4.905,5.25,18.5));
#9180=CARTESIAN_POINT('Ctrl Pts',(-4.98494228760606,3.25,18.572168833974));
#9181=CARTESIAN_POINT('Ctrl Pts',(-4.98494228760606,3.91666666666667,18.572168833974));
#9182=CARTESIAN_POINT('Ctrl Pts',(-4.98494228760606,4.58333333333334,18.572168833974));
#9183=CARTESIAN_POINT('Ctrl Pts',(-4.98494228760606,5.25,18.572168833974));
#9184=CARTESIAN_POINT('Ctrl Pts',(-5.08214792968776,3.25,18.7449542737176));
#9185=CARTESIAN_POINT('Ctrl Pts',(-5.08214792968776,3.91666666666667,18.7449542737176));
#9186=CARTESIAN_POINT('Ctrl Pts',(-5.08214792968776,4.58333333333333,18.7449542737177));
#9187=CARTESIAN_POINT('Ctrl Pts',(-5.08214792968776,5.25,18.7449542737177));
#9188=CARTESIAN_POINT('Ctrl Pts',(-5.07187901101705,3.25,18.9389124965982));
#9189=CARTESIAN_POINT('Ctrl Pts',(-5.07187901101705,3.91666666666667,18.9389124965982));
#9190=CARTESIAN_POINT('Ctrl Pts',(-5.07187901101705,4.58333333333333,18.9389124965982));
#9191=CARTESIAN_POINT('Ctrl Pts',(-5.07187901101705,5.25,18.9389124965982));
#9192=CARTESIAN_POINT('Ctrl Pts',(-5.04844231753064,3.25,19.0162120486176));
#9193=CARTESIAN_POINT('Ctrl Pts',(-5.04844231753064,3.91666666666667,19.0162120486176));
#9194=CARTESIAN_POINT('Ctrl Pts',(-5.04844231753064,4.58333333333333,19.0162120486176));
#9195=CARTESIAN_POINT('Ctrl Pts',(-5.04844231753064,5.25,19.0162120486176));
#9196=CARTESIAN_POINT('Ctrl Pts',(-4.905,5.87857979370329,18.2777451015262));
#9197=CARTESIAN_POINT('Ctrl Pts',(-4.905,5.99702955396209,18.182013060628));
#9198=CARTESIAN_POINT('Ctrl Pts',(-4.905,6.08887903827869,18.062367180822));
#9199=CARTESIAN_POINT('Ctrl Pts',(-4.905,6.15037493300803,17.9351149043768));
#9200=CARTESIAN_POINT('Ctrl Pts',(-4.996980907987,5.89453431455355,18.3338959327212));
#9201=CARTESIAN_POINT('Ctrl Pts',(-5.00655870275963,6.01280114193251,18.2349364410645));
#9202=CARTESIAN_POINT('Ctrl Pts',(-5.01870562516737,6.10011292423507,18.1110000037556));
#9203=CARTESIAN_POINT('Ctrl Pts',(-5.02787638359028,6.14840877623998,17.9840925453189));
#9204=CARTESIAN_POINT('Ctrl Pts',(-5.14337684817742,5.96646944520716,18.4955890068666));
#9205=CARTESIAN_POINT('Ctrl Pts',(-5.17322664786023,6.09942847915583,18.3929344342798));
#9206=CARTESIAN_POINT('Ctrl Pts',(-5.2138197537714,6.19664707494277,18.2617835477145));
#9207=CARTESIAN_POINT('Ctrl Pts',(-5.25519079552565,6.24301551438606,18.1292463983363));
#9208=CARTESIAN_POINT('Ctrl Pts',(-5.15523360009997,6.08874852349437,18.6896465473026));
#9209=CARTESIAN_POINT('Ctrl Pts',(-5.19335597581374,6.25594460733491,18.5825223934405));
#9210=CARTESIAN_POINT('Ctrl Pts',(-5.24631659043314,6.39375333254713,18.4402652673158));
#9211=CARTESIAN_POINT('Ctrl Pts',(-5.31233584069171,6.47732461462111,18.2826269941819));
#9212=CARTESIAN_POINT('Ctrl Pts',(-5.12616290344855,6.15,18.7749172998245));
#9213=CARTESIAN_POINT('Ctrl Pts',(-5.16412927447195,6.33444615496988,18.6635535761921));
#9214=CARTESIAN_POINT('Ctrl Pts',(-5.2183936562911,6.49232694974,18.513172933833));
#9215=CARTESIAN_POINT('Ctrl Pts',(-5.28950831713096,6.59497563914152,18.3386486089953));
#9216=CARTESIAN_POINT('Ctrl Pts',(-4.905,-5.87857979370329,18.2777451015262));
#9217=CARTESIAN_POINT('Ctrl Pts',(-4.905,-5.71049999833125,18.4135885326109));
#9218=CARTESIAN_POINT('Ctrl Pts',(-4.905,-5.48167571047145,18.5));
#9219=CARTESIAN_POINT('Ctrl Pts',(-4.905,-5.25,18.5));
#9220=CARTESIAN_POINT('Ctrl Pts',(-4.996980907987,-5.89453431455355,18.3338959327212));
#9221=CARTESIAN_POINT('Ctrl Pts',(-4.98339439980769,-5.72671289748445,18.4743202026834));
#9222=CARTESIAN_POINT('Ctrl Pts',(-4.9749495016553,-5.48926008654193,18.5631477297272));
#9223=CARTESIAN_POINT('Ctrl Pts',(-4.9749495016553,-5.25,18.5631477297272));
#9224=CARTESIAN_POINT('Ctrl Pts',(-5.14327037828781,-5.96650928575188,18.495614619041));
#9225=CARTESIAN_POINT('Ctrl Pts',(-5.10091012339614,-5.77784421142733,18.6412814469736));
#9226=CARTESIAN_POINT('Ctrl Pts',(-5.07796001321271,-5.51398095602603,18.7299742983156));
#9227=CARTESIAN_POINT('Ctrl Pts',(-5.07796001321271,-5.25,18.7299742983156));
#9228=CARTESIAN_POINT('Ctrl Pts',(-5.15523360009997,-6.08874852349437,18.6896465473026));
#9229=CARTESIAN_POINT('Ctrl Pts',(-5.10113997157614,-5.85149312273356,18.8416536267976));
#9230=CARTESIAN_POINT('Ctrl Pts',(-5.07578512659812,-5.5497408793397,18.9260292379283));
#9231=CARTESIAN_POINT('Ctrl Pts',(-5.07578512659812,-5.25,18.9260292379283));
#9232=CARTESIAN_POINT('Ctrl Pts',(-5.12616290344855,-6.15,18.7749172998245));
#9233=CARTESIAN_POINT('Ctrl Pts',(-5.07228875580411,-5.888271551443,18.9329420340164));
#9234=CARTESIAN_POINT('Ctrl Pts',(-5.04844231753063,-5.56765913678214,19.0162120486176));
#9235=CARTESIAN_POINT('Ctrl Pts',(-5.04844231753063,-5.25,19.0162120486176));
#9236=CARTESIAN_POINT('Origin',(-4.6529097111168,-6.14999999999999,18.6135747575493));
#9237=CARTESIAN_POINT('Origin',(-4.56995174504672,-5.25,18.8711369920296));
#9238=CARTESIAN_POINT('Ctrl Pts',(-4.905,-6.15046662336418,17.93492512023));
#9239=CARTESIAN_POINT('Ctrl Pts',(-4.905,-6.08896913803606,18.0622491821962));
#9240=CARTESIAN_POINT('Ctrl Pts',(-4.905,-5.99708843734574,18.1819654706077));
#9241=CARTESIAN_POINT('Ctrl Pts',(-4.905,-5.87857979370329,18.2777451015262));
#9242=CARTESIAN_POINT('Ctrl Pts',(-5.02789010573725,-6.14848134419507,17.9839032398322));
#9243=CARTESIAN_POINT('Ctrl Pts',(-5.01871821959493,-6.10019774006805,18.110877143427));
#9244=CARTESIAN_POINT('Ctrl Pts',(-5.00656346404376,-6.01285993437712,18.2348872466237));
#9245=CARTESIAN_POINT('Ctrl Pts',(-4.996980907987,-5.89453431455355,18.3338959327212));
#9246=CARTESIAN_POINT('Ctrl Pts',(-5.25525263755613,-6.24308433829766,18.1290488360273));
#9247=CARTESIAN_POINT('Ctrl Pts',(-5.21386089844628,-6.19674178710428,18.261652712257));
#9248=CARTESIAN_POINT('Ctrl Pts',(-5.17324148670484,-6.09949457534416,18.392883402951));
#9249=CARTESIAN_POINT('Ctrl Pts',(-5.14337684818063,-5.96646944520596,18.4955890068659));
#9250=CARTESIAN_POINT('Ctrl Pts',(-5.31243390557582,-6.47744936220071,18.2823916859477));
#9251=CARTESIAN_POINT('Ctrl Pts',(-5.24637006689652,-6.39388936009304,18.4401230590436));
#9252=CARTESIAN_POINT('Ctrl Pts',(-5.19337492709291,-6.25602772334223,18.5824691402078));
#9253=CARTESIAN_POINT('Ctrl Pts',(-5.15523360009997,-6.08874852349437,18.6896465473026));
#9254=CARTESIAN_POINT('Ctrl Pts',(-5.28961438612261,-6.59512868372533,18.338388314763));
#9255=CARTESIAN_POINT('Ctrl Pts',(-5.21844816336677,-6.49248347874314,18.5130225163297));
#9256=CARTESIAN_POINT('Ctrl Pts',(-5.16414814819853,-6.33453784627993,18.6634982153974));
#9257=CARTESIAN_POINT('Ctrl Pts',(-5.12616290344855,-6.15,18.7749172998245));
#9258=CARTESIAN_POINT('Ctrl Pts',(-4.905,-5.25,18.5));
#9259=CARTESIAN_POINT('Ctrl Pts',(-4.905,-4.58333333333333,18.5));
#9260=CARTESIAN_POINT('Ctrl Pts',(-4.905,-3.91666666666667,18.5));
#9261=CARTESIAN_POINT('Ctrl Pts',(-4.905,-3.25,18.5));
#9262=CARTESIAN_POINT('Ctrl Pts',(-4.98494228760606,-5.25,18.572168833974));
#9263=CARTESIAN_POINT('Ctrl Pts',(-4.98494228760606,-4.58333333333333,18.572168833974));
#9264=CARTESIAN_POINT('Ctrl Pts',(-4.98494228760606,-3.91666666666667,18.572168833974));
#9265=CARTESIAN_POINT('Ctrl Pts',(-4.98494228760606,-3.25,18.572168833974));
#9266=CARTESIAN_POINT('Ctrl Pts',(-5.08214792968777,-5.25,18.7449542737177));
#9267=CARTESIAN_POINT('Ctrl Pts',(-5.08214792968777,-4.58333333333333,18.7449542737177));
#9268=CARTESIAN_POINT('Ctrl Pts',(-5.08214792968777,-3.91666666666667,18.7449542737177));
#9269=CARTESIAN_POINT('Ctrl Pts',(-5.08214792968777,-3.25,18.7449542737177));
#9270=CARTESIAN_POINT('Ctrl Pts',(-5.07187901101706,-5.25,18.9389124965982));
#9271=CARTESIAN_POINT('Ctrl Pts',(-5.07187901101706,-4.58333333333333,18.9389124965982));
#9272=CARTESIAN_POINT('Ctrl Pts',(-5.07187901101706,-3.91666666666667,18.9389124965982));
#9273=CARTESIAN_POINT('Ctrl Pts',(-5.07187901101706,-3.25,18.9389124965982));
#9274=CARTESIAN_POINT('Ctrl Pts',(-5.04844231753064,-5.25,19.0162120486176));
#9275=CARTESIAN_POINT('Ctrl Pts',(-5.04844231753064,-4.58333333333333,19.0162120486176));
#9276=CARTESIAN_POINT('Ctrl Pts',(-5.04844231753064,-3.91666666666667,19.0162120486176));
#9277=CARTESIAN_POINT('Ctrl Pts',(-5.04844231753064,-3.25,19.0162120486176));
#9278=CARTESIAN_POINT('Ctrl Pts',(-5.04844231753064,-3.25,19.0162120486176));
#9279=CARTESIAN_POINT('Ctrl Pts',(-5.07187901101706,-3.25,18.9389124965982));
#9280=CARTESIAN_POINT('Ctrl Pts',(-5.07627997616165,-3.25,18.8557875439351));
#9281=CARTESIAN_POINT('Ctrl Pts',(-5.06094071586192,-3.25,18.7765514698074));
#9282=CARTESIAN_POINT('Ctrl Pts',(-5.04048836879561,-3.25,18.6709033709704));
#9283=CARTESIAN_POINT('Ctrl Pts',(-4.98494228760606,-3.25,18.572168833974));
#9284=CARTESIAN_POINT('Ctrl Pts',(-4.905,-3.25,18.5));
#9285=CARTESIAN_POINT('Origin',(2.85223192079945,-16.5000000000098,17.));
#9286=CARTESIAN_POINT('',(-1.,-5.91607978309962,17.));
#9287=CARTESIAN_POINT('Origin',(-6.,4.47213595499958,17.));
#9288=CARTESIAN_POINT('',(-4.,4.47213595499958,17.));
#9289=CARTESIAN_POINT('Origin',(-6.,-3.67213595499958,17.));
#9290=CARTESIAN_POINT('',(-3.39343742066939,-3.67213595499958,17.));
#9291=CARTESIAN_POINT('Origin',(-1.,5.91607978309962,17.));
#9292=CARTESIAN_POINT('',(-1.,5.91607978309962,17.));
#9293=CARTESIAN_POINT('Origin',(0.,0.,17.));
#9294=CARTESIAN_POINT('Origin',(0.,0.,17.));
#9295=CARTESIAN_POINT('Origin',(0.,0.,17.));
#9296=CARTESIAN_POINT('Origin',(-4.905,-3.25,16.2000000000001));
#9297=CARTESIAN_POINT('',(-4.905,-3.25,16.2000000000001));
#9298=CARTESIAN_POINT('Origin',(-4.905,-6.15,16.2000000000001));
#9299=CARTESIAN_POINT('Origin',(-1.80000000000002,0.,8.5));
#9300=CARTESIAN_POINT('',(-1.8,0.,12.4999999999999));
#9301=CARTESIAN_POINT('Ctrl Pts',(-1.8,6.5,12.4999999999999));
#9302=CARTESIAN_POINT('Ctrl Pts',(-1.8,-6.5,12.4999999999999));
#9303=CARTESIAN_POINT('Ctrl Pts',(-1.8,6.5,12.4513347884489));
#9304=CARTESIAN_POINT('Ctrl Pts',(-1.8,-6.5,12.4513347884489));
#9305=CARTESIAN_POINT('Ctrl Pts',(-1.80113888549928,6.5,12.4033482000678));
#9306=CARTESIAN_POINT('Ctrl Pts',(-1.80113888549928,-6.5,12.4033482000678));
#9307=CARTESIAN_POINT('Ctrl Pts',(-1.80341665077626,6.5,12.3560402634745));
#9308=CARTESIAN_POINT('Ctrl Pts',(-1.80341665077626,-6.5,12.3560402634745));
#9309=CARTESIAN_POINT('Ctrl Pts',(-1.80683162601721,6.5,12.3094100214364));
#9310=CARTESIAN_POINT('Ctrl Pts',(-1.80683162601721,-6.5,12.3094100214364));
#9311=CARTESIAN_POINT('Ctrl Pts',(-1.81138059453519,6.5,12.2634556119097));
#9312=CARTESIAN_POINT('Ctrl Pts',(-1.81138059453519,-6.5,12.2634556119097));
#9313=CARTESIAN_POINT('',(-1.81138059453519,0.,12.2634556119097));
#9314=CARTESIAN_POINT('Origin',(-1.81138059453519,0.,12.2634556119097));
#9315=CARTESIAN_POINT('Ctrl Pts',(0.845184836360472,8.00858263609085,11.2580376376237));
#9316=CARTESIAN_POINT('Ctrl Pts',(0.845184836360472,-7.09030339335725,11.2580376376237));
#9317=CARTESIAN_POINT('Ctrl Pts',(0.52521448260858,8.00858263609085,11.6675810144583));
#9318=CARTESIAN_POINT('Ctrl Pts',(0.52521448260858,-7.09030339335725,11.6675810144583));
#9319=CARTESIAN_POINT('Ctrl Pts',(-0.0503974638208971,8.00858263609085,
12.4312889710465));
#9320=CARTESIAN_POINT('Ctrl Pts',(-0.0503974638208971,-7.09030339335725,
12.4312889710465));
#9321=CARTESIAN_POINT('Ctrl Pts',(-0.721004443639691,8.00858263609085,13.4109022644664));
#9322=CARTESIAN_POINT('Ctrl Pts',(-0.721004443639691,-7.09030339335725,
13.4109022644664));
#9323=CARTESIAN_POINT('Ctrl Pts',(-1.28422309750194,8.00858263609085,14.4640856576261));
#9324=CARTESIAN_POINT('Ctrl Pts',(-1.28422309750194,-7.09030339335725,14.4640856576261));
#9325=CARTESIAN_POINT('Ctrl Pts',(-1.63174392710575,8.00858263609085,15.7344789638307));
#9326=CARTESIAN_POINT('Ctrl Pts',(-1.63174392710575,-7.09030339335725,15.7344789638307));
#9327=CARTESIAN_POINT('Ctrl Pts',(-1.75043497191732,8.00858263609085,17.0731428134933));
#9328=CARTESIAN_POINT('Ctrl Pts',(-1.75043497191732,-7.09030339335725,17.0731428134933));
#9329=CARTESIAN_POINT('Ctrl Pts',(-1.79098753821704,8.00858263609085,18.4573838913992));
#9330=CARTESIAN_POINT('Ctrl Pts',(-1.79098753821704,-7.09030339335725,18.4573838913992));
#9331=CARTESIAN_POINT('Ctrl Pts',(-1.8,8.00858263609085,19.5849681882592));
#9332=CARTESIAN_POINT('Ctrl Pts',(-1.8,-7.09030339335725,19.5849681882592));
#9333=CARTESIAN_POINT('Ctrl Pts',(-1.8,8.00858263609085,20.2000000000001));
#9334=CARTESIAN_POINT('Ctrl Pts',(-1.8,-7.09030339335725,20.2000000000001));
#9335=CARTESIAN_POINT('Ctrl Pts',(-1.8,8.00858263609085,20.9200000000001));
#9336=CARTESIAN_POINT('Ctrl Pts',(-1.8,-7.09030339335725,20.9200000000001));
#9337=CARTESIAN_POINT('Ctrl Pts',(-1.8,8.00858263609085,21.6400000000001));
#9338=CARTESIAN_POINT('Ctrl Pts',(-1.8,-7.09030339335725,21.6400000000001));
#9339=CARTESIAN_POINT('Ctrl Pts',(-1.8,8.00858263609085,22.3600000000001));
#9340=CARTESIAN_POINT('Ctrl Pts',(-1.8,-7.09030339335725,22.3600000000001));
#9341=CARTESIAN_POINT('Ctrl Pts',(-1.8,8.00858263609085,23.0800000000001));
#9342=CARTESIAN_POINT('Ctrl Pts',(-1.8,-7.09030339335725,23.0800000000001));
#9343=CARTESIAN_POINT('Ctrl Pts',(-1.8,8.00858263609085,23.8000000000001));
#9344=CARTESIAN_POINT('Ctrl Pts',(-1.8,-7.09030339335725,23.8000000000001));
#9345=CARTESIAN_POINT('',(-1.8,-0.608276253029824,21.2000000000001));
#9346=CARTESIAN_POINT('Ctrl Pts',(-1.8,-2.27376340018042,20.2000000000001));
#9347=CARTESIAN_POINT('Ctrl Pts',(-1.8,-2.27158648123941,20.2000000000001));
#9348=CARTESIAN_POINT('Ctrl Pts',(-1.8,-2.26940740890501,20.200004370026));
#9349=CARTESIAN_POINT('Ctrl Pts',(-1.8,-2.02047193100975,20.2010031178779));
#9350=CARTESIAN_POINT('Ctrl Pts',(-1.8,-1.77266778460603,20.2578983792764));
#9351=CARTESIAN_POINT('Ctrl Pts',(-1.8,-1.54007319954073,20.3526725637841));
#9352=CARTESIAN_POINT('Ctrl Pts',(-1.8,-1.40830469002266,20.4063636375891));
#9353=CARTESIAN_POINT('Ctrl Pts',(-1.8,-1.27952680842946,20.4730357077314));
#9354=CARTESIAN_POINT('Ctrl Pts',(-1.8,-0.974582060821587,20.6654165096185));
#9355=CARTESIAN_POINT('Ctrl Pts',(-1.8,-0.799603842244797,20.8105510825605));
#9356=CARTESIAN_POINT('Ctrl Pts',(-1.8,-0.656715196849207,21.0130158169898));
#9357=CARTESIAN_POINT('Ctrl Pts',(-1.8,-0.632698333161875,21.0657932905211));
#9358=CARTESIAN_POINT('Ctrl Pts',(-1.8,-0.612393762101815,21.141385802176));
#9359=CARTESIAN_POINT('Ctrl Pts',(-1.8,-0.608276253029823,21.1703482365454));
#9360=CARTESIAN_POINT('Ctrl Pts',(-1.8,-0.608276253029823,21.2000000000001));
#9361=CARTESIAN_POINT('',(-1.8,-0.608276253029824,20.2000000000001));
#9362=CARTESIAN_POINT('Ctrl Pts',(-1.8,6.5,-12.4999999999999));
#9363=CARTESIAN_POINT('Ctrl Pts',(-1.8,-6.5,-12.4999999999999));
#9364=CARTESIAN_POINT('Ctrl Pts',(-1.8,6.5,-12.220476820185));
#9365=CARTESIAN_POINT('Ctrl Pts',(-1.8,-6.5,-12.220476820185));
#9366=CARTESIAN_POINT('Ctrl Pts',(-1.87514645263246,6.5,-11.7062076782155));
#9367=CARTESIAN_POINT('Ctrl Pts',(-1.87514645263246,-6.5,-11.7062076782155));
#9368=CARTESIAN_POINT('Ctrl Pts',(-2.10614758034255,6.5,-11.2710287743447));
#9369=CARTESIAN_POINT('Ctrl Pts',(-2.10614758034255,-6.5,-11.2710287743447));
#9370=CARTESIAN_POINT('Ctrl Pts',(-2.47972697450698,6.5,-10.9209362281569));
#9371=CARTESIAN_POINT('Ctrl Pts',(-2.47972697450698,-6.5,-10.9209362281569));
#9372=CARTESIAN_POINT('Ctrl Pts',(-2.96172083868441,6.5,-10.6369907227504));
#9373=CARTESIAN_POINT('Ctrl Pts',(-2.96172083868441,-6.5,-10.6369907227504));
#9374=CARTESIAN_POINT('Ctrl Pts',(-3.23176987833865,6.5,-10.506126248847));
#9375=CARTESIAN_POINT('Ctrl Pts',(-3.23176987833865,-6.5,-10.506126248847));
#9376=CARTESIAN_POINT('Ctrl Pts',(-3.24452858596677,6.5,-10.5));
#9377=CARTESIAN_POINT('Ctrl Pts',(-3.24452858596677,-6.5,-10.5));
#9378=CARTESIAN_POINT('',(-1.8,0.,-12.4999999999999));
#9379=CARTESIAN_POINT('Origin',(0.,0.,-13.4999999999999));
#9380=CARTESIAN_POINT('',(1.8,0.608276253029824,-13.4999999999999));
#9381=CARTESIAN_POINT('Ctrl Pts',(1.8,0.608276253029822,-13.4999999999999));
#9382=CARTESIAN_POINT('Ctrl Pts',(1.8,0.608276253029822,-13.3714135874259));
#9383=CARTESIAN_POINT('Ctrl Pts',(1.8247947898566,0.612388069629733,-13.244167383824));
#9384=CARTESIAN_POINT('Ctrl Pts',(1.92138072520256,0.62796277162891,-13.0052756838361));
#9385=CARTESIAN_POINT('Ctrl Pts',(1.99255291396059,0.639295964115095,-12.8961538869722));
#9386=CARTESIAN_POINT('Ctrl Pts',(2.17318376891897,0.66695619634662,-12.7099696160595));
#9387=CARTESIAN_POINT('Ctrl Pts',(2.28144271181933,0.683066125122592,-12.6350992092621));
#9388=CARTESIAN_POINT('Ctrl Pts',(2.46271378059655,0.7089576031366,-12.5561815029911));
#9389=CARTESIAN_POINT('Ctrl Pts',(2.52715123320744,0.717992100709348,-12.5355806298439));
#9390=CARTESIAN_POINT('Ctrl Pts',(2.6591757612993,0.736150532545864,-12.5076683270088));
#9391=CARTESIAN_POINT('Ctrl Pts',(2.72644915886243,0.745231459742587,-12.5004269611098));
#9392=CARTESIAN_POINT('Ctrl Pts',(2.79596393775597,0.754448712069145,-12.5000061087434));
#9393=CARTESIAN_POINT('Ctrl Pts',(2.79798195747241,0.754716147264501,-12.4999999999999));
#9394=CARTESIAN_POINT('Ctrl Pts',(2.8,0.754983443527074,-12.4999999999999));
#9395=CARTESIAN_POINT('',(-1.8,0.608276253029824,-13.4999999999999));
#9396=CARTESIAN_POINT('Origin',(0.,0.,-13.4999999999999));
#9397=CARTESIAN_POINT('Ctrl Pts',(-1.8,2.27376340018042,-12.4999999999999));
#9398=CARTESIAN_POINT('Ctrl Pts',(-1.8,2.09629562394517,-12.4999999999999));
#9399=CARTESIAN_POINT('Ctrl Pts',(-1.8,1.88641100578125,-12.5360690416409));
#9400=CARTESIAN_POINT('Ctrl Pts',(-1.8,1.52324276301359,-12.6495441877628));
#9401=CARTESIAN_POINT('Ctrl Pts',(-1.8,1.30362011112711,-12.7549771577497));
#9402=CARTESIAN_POINT('Ctrl Pts',(-1.8,0.989269379612532,-12.9590099116219));
#9403=CARTESIAN_POINT('Ctrl Pts',(-1.8,0.827339835880168,-13.086499518169));
#9404=CARTESIAN_POINT('Ctrl Pts',(-1.8,0.688462828427171,-13.2652119991031));
#9405=CARTESIAN_POINT('Ctrl Pts',(-1.8,0.653548604147623,-13.3206321561647));
#9406=CARTESIAN_POINT('Ctrl Pts',(-1.8,0.618657663327675,-13.4100393903362));
#9407=CARTESIAN_POINT('Ctrl Pts',(-1.8,0.608276253029823,-13.4586101498588));
#9408=CARTESIAN_POINT('Ctrl Pts',(-1.8,0.608276253029823,-13.4999999999999));
#9409=CARTESIAN_POINT('Origin',(2.8,2.77086187348509,-13.4999999999999));
#9410=CARTESIAN_POINT('',(1.8,-0.608276253029824,-13.4999999999999));
#9411=CARTESIAN_POINT('Ctrl Pts',(1.8,-0.608276253029823,-13.4999999999999));
#9412=CARTESIAN_POINT('Ctrl Pts',(1.8,-0.608276253029822,-13.3714135874259));
#9413=CARTESIAN_POINT('Ctrl Pts',(1.8247947898566,-0.612388069629734,-13.244167383824));
#9414=CARTESIAN_POINT('Ctrl Pts',(1.92138072520256,-0.627962771628912,-13.0052756838361));
#9415=CARTESIAN_POINT('Ctrl Pts',(1.99255291396058,-0.6392959641151,-12.8961538869722));
#9416=CARTESIAN_POINT('Ctrl Pts',(2.17318376891896,-0.666956196346623,-12.7099696160595));
#9417=CARTESIAN_POINT('Ctrl Pts',(2.28144271181933,-0.683066125122602,-12.6350992092621));
#9418=CARTESIAN_POINT('Ctrl Pts',(2.46271378059657,-0.708957603136619,-12.5561815029911));
#9419=CARTESIAN_POINT('Ctrl Pts',(2.52715123320747,-0.717992100709344,-12.5355806298439));
#9420=CARTESIAN_POINT('Ctrl Pts',(2.65917576129925,-0.73615053254584,-12.5076683270089));
#9421=CARTESIAN_POINT('Ctrl Pts',(2.72644915886238,-0.745231459742565,-12.5004269611098));
#9422=CARTESIAN_POINT('Ctrl Pts',(2.79596393775598,-0.754448712069149,-12.5000061087434));
#9423=CARTESIAN_POINT('Ctrl Pts',(2.79798195747241,-0.7547161472645,-12.4999999999999));
#9424=CARTESIAN_POINT('Ctrl Pts',(2.8,-0.754983443527074,-12.4999999999999));
#9425=CARTESIAN_POINT('',(1.8,2.77086187348509,-13.4999999999999));
#9426=CARTESIAN_POINT('Origin',(0.,0.,-13.4999999999999));
#9427=CARTESIAN_POINT('',(-1.8,-0.608276253029824,-13.4999999999999));
#9428=CARTESIAN_POINT('Origin',(0.,0.,-13.4999999999999));
#9429=CARTESIAN_POINT('Ctrl Pts',(-1.8,-0.608276253029822,-13.4999999999999));
#9430=CARTESIAN_POINT('Ctrl Pts',(-1.8,-0.608276253029822,-13.4586101498588));
#9431=CARTESIAN_POINT('Ctrl Pts',(-1.8,-0.618657663327675,-13.4100393903362));
#9432=CARTESIAN_POINT('Ctrl Pts',(-1.8,-0.653548604147623,-13.3206321561647));
#9433=CARTESIAN_POINT('Ctrl Pts',(-1.8,-0.688462828427171,-13.2652119991031));
#9434=CARTESIAN_POINT('Ctrl Pts',(-1.8,-0.827339835880168,-13.086499518169));
#9435=CARTESIAN_POINT('Ctrl Pts',(-1.8,-0.989269379612532,-12.9590099116219));
#9436=CARTESIAN_POINT('Ctrl Pts',(-1.8,-1.30362011112711,-12.7549771577497));
#9437=CARTESIAN_POINT('Ctrl Pts',(-1.8,-1.52324276301359,-12.6495441877628));
#9438=CARTESIAN_POINT('Ctrl Pts',(-1.8,-1.88641100578125,-12.5360690416409));
#9439=CARTESIAN_POINT('Ctrl Pts',(-1.8,-2.09629562394517,-12.4999999999999));
#9440=CARTESIAN_POINT('Ctrl Pts',(-1.8,-2.27376340018042,-12.4999999999999));
#9441=CARTESIAN_POINT('Origin',(0.,0.,21.2000000000001));
#9442=CARTESIAN_POINT('',(1.8,-0.608276253029824,21.2000000000001));
#9443=CARTESIAN_POINT('Ctrl Pts',(1.8,-0.608276253029822,21.2000000000001));
#9444=CARTESIAN_POINT('Ctrl Pts',(1.8,-0.608276253029822,21.071413587426));
#9445=CARTESIAN_POINT('Ctrl Pts',(1.8247947898566,-0.612388069629733,20.9441673838241));
#9446=CARTESIAN_POINT('Ctrl Pts',(1.92138072520256,-0.627962771628912,20.7052756838362));
#9447=CARTESIAN_POINT('Ctrl Pts',(1.99255291396058,-0.639295964115108,20.5961538869723));
#9448=CARTESIAN_POINT('Ctrl Pts',(2.17318376891896,-0.666956196346638,20.4099696160597));
#9449=CARTESIAN_POINT('Ctrl Pts',(2.28144271181932,-0.683066125122622,20.3350992092623));
#9450=CARTESIAN_POINT('Ctrl Pts',(2.46271378059668,-0.708957603136674,20.2561815029912));
#9451=CARTESIAN_POINT('Ctrl Pts',(2.52715123320771,-0.717992100709396,20.2355806298439));
#9452=CARTESIAN_POINT('Ctrl Pts',(2.65917576126006,-0.736150532540484,20.2076683270173));
#9453=CARTESIAN_POINT('Ctrl Pts',(2.72644915882228,-0.745231459722971,20.2004269611102));
#9454=CARTESIAN_POINT('Ctrl Pts',(2.79596393776171,-0.754448712071784,20.2000061087435));
#9455=CARTESIAN_POINT('Ctrl Pts',(2.79798195746694,-0.754716147263777,20.2000000000001));
#9456=CARTESIAN_POINT('Ctrl Pts',(2.8,-0.754983443527075,20.2000000000001));
#9457=CARTESIAN_POINT('Origin',(0.,0.,21.2000000000001));
#9458=CARTESIAN_POINT('Origin',(0.,0.,21.2000000000001));
#9459=CARTESIAN_POINT('',(1.8,0.608276253029824,21.2000000000001));
#9460=CARTESIAN_POINT('',(-1.8,0.608276253029824,21.2000000000001));
#9461=CARTESIAN_POINT('Origin',(0.,0.,21.2000000000001));
#9462=CARTESIAN_POINT('Ctrl Pts',(2.8,0.754983443527075,20.2000000000001));
#9463=CARTESIAN_POINT('Ctrl Pts',(2.79798195746694,0.754716147263777,20.2000000000001));
#9464=CARTESIAN_POINT('Ctrl Pts',(2.79596393776171,0.754448712071784,20.2000061087435));
#9465=CARTESIAN_POINT('Ctrl Pts',(2.72644915882228,0.745231459722971,20.2004269611102));
#9466=CARTESIAN_POINT('Ctrl Pts',(2.65917576126006,0.736150532540476,20.2076683270173));
#9467=CARTESIAN_POINT('Ctrl Pts',(2.52715123320771,0.717992100709392,20.2355806298439));
#9468=CARTESIAN_POINT('Ctrl Pts',(2.46271378059668,0.708957603136672,20.2561815029912));
#9469=CARTESIAN_POINT('Ctrl Pts',(2.28144271181932,0.68306612512262,20.3350992092623));
#9470=CARTESIAN_POINT('Ctrl Pts',(2.17318376891896,0.666956196346638,20.4099696160597));
#9471=CARTESIAN_POINT('Ctrl Pts',(1.99255291396058,0.639295964115108,20.5961538869723));
#9472=CARTESIAN_POINT('Ctrl Pts',(1.92138072520256,0.627962771628912,20.7052756838362));
#9473=CARTESIAN_POINT('Ctrl Pts',(1.8247947898566,0.612388069629733,20.9441673838241));
#9474=CARTESIAN_POINT('Ctrl Pts',(1.8,0.608276253029822,21.071413587426));
#9475=CARTESIAN_POINT('Ctrl Pts',(1.8,0.608276253029822,21.2000000000001));
#9476=CARTESIAN_POINT('Ctrl Pts',(-1.8,0.608276253029823,21.2000000000001));
#9477=CARTESIAN_POINT('Ctrl Pts',(-1.8,0.608276253029823,21.1586101498589));
#9478=CARTESIAN_POINT('Ctrl Pts',(-1.8,0.618657663327675,21.1100393903363));
#9479=CARTESIAN_POINT('Ctrl Pts',(-1.8,0.653548604147623,21.0206321561648));
#9480=CARTESIAN_POINT('Ctrl Pts',(-1.8,0.68846282842717,20.9652119991033));
#9481=CARTESIAN_POINT('Ctrl Pts',(-1.8,0.827339835880168,20.7864995181692));
#9482=CARTESIAN_POINT('Ctrl Pts',(-1.8,0.989269379612531,20.659009911622));
#9483=CARTESIAN_POINT('Ctrl Pts',(-1.8,1.30362011112711,20.4549771577498));
#9484=CARTESIAN_POINT('Ctrl Pts',(-1.8,1.52324276301359,20.3495441877629));
#9485=CARTESIAN_POINT('Ctrl Pts',(-1.8,1.88641100578125,20.236069041641));
#9486=CARTESIAN_POINT('Ctrl Pts',(-1.8,2.09629562394517,20.2000000000001));
#9487=CARTESIAN_POINT('Ctrl Pts',(-1.8,2.27376340018042,20.2000000000001));
#9488=CARTESIAN_POINT('Origin',(2.8,3.37913812651491,21.2000000000001));
#9489=CARTESIAN_POINT('',(1.8,3.37913812651491,21.2000000000001));
#9490=CARTESIAN_POINT('Origin',(0.,0.,20.2000000000001));
#9491=CARTESIAN_POINT('',(-1.8,0.608276253029824,23.3500000000001));
#9492=CARTESIAN_POINT('',(-1.8,0.608276253029824,20.2000000000001));
#9493=CARTESIAN_POINT('',(1.8,0.608276253029824,23.3500000000001));
#9494=CARTESIAN_POINT('Origin',(0.,0.,23.3500000000001));
#9495=CARTESIAN_POINT('',(1.8,0.608276253029824,20.2000000000001));
#9496=CARTESIAN_POINT('Origin',(-1.8,-0.608276253029824,20.2000000000001));
#9497=CARTESIAN_POINT('',(-1.8,-0.608276253029824,23.3500000000001));
#9498=CARTESIAN_POINT('',(-1.8,-0.608276253029824,20.2000000000001));
#9499=CARTESIAN_POINT('',(-1.8,-0.304138126514912,23.3500000000001));
#9500=CARTESIAN_POINT('Origin',(0.,0.,20.2000000000001));
#9501=CARTESIAN_POINT('',(1.8,-0.608276253029824,23.3500000000001));
#9502=CARTESIAN_POINT('',(1.8,-0.608276253029824,20.2000000000001));
#9503=CARTESIAN_POINT('Origin',(0.,0.,23.3500000000001));
#9504=CARTESIAN_POINT('Origin',(1.8,0.608276253029824,20.2000000000001));
#9505=CARTESIAN_POINT('',(1.8,0.304138126514912,23.3500000000001));
#9506=CARTESIAN_POINT('Origin',(0.,0.,23.3500000000001));
#9507=CARTESIAN_POINT('Origin',(0.,0.,-12.4999999999999));
#9508=CARTESIAN_POINT('',(1.8,0.608276253029824,-15.6499999999999));
#9509=CARTESIAN_POINT('',(1.8,0.608276253029824,-12.4999999999999));
#9510=CARTESIAN_POINT('',(-1.8,0.608276253029824,-15.6499999999999));
#9511=CARTESIAN_POINT('Origin',(0.,0.,-15.6499999999999));
#9512=CARTESIAN_POINT('',(-1.8,0.608276253029824,-12.4999999999999));
#9513=CARTESIAN_POINT('Origin',(1.8,-0.608276253029824,-12.4999999999999));
#9514=CARTESIAN_POINT('',(1.8,-0.608276253029824,-15.6499999999999));
#9515=CARTESIAN_POINT('',(1.8,-0.608276253029824,-12.4999999999999));
#9516=CARTESIAN_POINT('',(1.8,-0.304138126514912,-15.6499999999999));
#9517=CARTESIAN_POINT('Origin',(0.,0.,-12.4999999999999));
#9518=CARTESIAN_POINT('',(-1.8,-0.608276253029824,-15.6499999999999));
#9519=CARTESIAN_POINT('',(-1.8,-0.608276253029824,-12.4999999999999));
#9520=CARTESIAN_POINT('Origin',(0.,0.,-15.6499999999999));
#9521=CARTESIAN_POINT('Origin',(-1.8,0.608276253029824,-12.4999999999999));
#9522=CARTESIAN_POINT('',(-1.8,0.304138126514912,-15.6499999999999));
#9523=CARTESIAN_POINT('Origin',(0.,0.,-15.6499999999999));
#9524=CARTESIAN_POINT('Origin',(0.199999999999999,0.,-10.4999999999999));
#9525=CARTESIAN_POINT('Origin',(-7.95340018878539,-9.75,-1.96221183727096));
#9526=CARTESIAN_POINT('',(-7.97453408224592,-9.5,-4.0999209122917));
#9527=CARTESIAN_POINT('',(-9.4762706388726,-10.,-3.82499999999999));
#9528=CARTESIAN_POINT('Origin',(-7.99999999972811,-10.0000000000001,0.));
#9529=CARTESIAN_POINT('',(-9.26023103317244,-10.,-3.26524390251248));
#9530=CARTESIAN_POINT('',(-8.65309531073658,-10.,-1.69216233011032));
#9531=CARTESIAN_POINT('',(-8.68181917028935,-9.8,-3.43294663797819));
#9532=CARTESIAN_POINT('Origin',(-7.99999999972858,-10.0000000000003,0.));
#9533=CARTESIAN_POINT('',(-7.73923845403471,-9.5,-3.49027268516906));
#9534=CARTESIAN_POINT('Origin',(-7.99999999972858,-10.0000000000003,0.));
#9535=CARTESIAN_POINT('',(-7.25370506683419,-9.5,-2.23226134443159));
#9536=CARTESIAN_POINT('Origin',(-6.68813531930035,-9.5,0.));
#9537=CARTESIAN_POINT('',(-7.9745340822457,-9.5,4.0999209122917));
#9538=CARTESIAN_POINT('',(-7.73923845403415,-9.5,3.49027268516902));
#9539=CARTESIAN_POINT('',(-7.14568526398306,-9.5,1.9523832956887));
#9540=CARTESIAN_POINT('Origin',(-7.99999999972811,-9.5,0.));
#9541=CARTESIAN_POINT('Origin',(-7.99999999972858,-9.5,0.));
#9542=CARTESIAN_POINT('Origin',(-7.99999999972858,-11.,0.));
#9543=CARTESIAN_POINT('',(-8.68181917028898,-9.8,3.43294663797826));
#9544=CARTESIAN_POINT('Origin',(-7.99999999972858,-9.8,0.));
#9545=CARTESIAN_POINT('Origin',(-7.99999999972858,-10.0000000000009,0.));
#9546=CARTESIAN_POINT('Origin',(-7.84538038593413,-9.75,1.68233378852773));
#9547=CARTESIAN_POINT('',(-9.47627063887254,-10.,3.82500000000001));
#9548=CARTESIAN_POINT('Origin',(-7.99999999972811,-10.0000000000008,0.));
#9549=CARTESIAN_POINT('',(-9.26023103317211,-10.,3.26524390251261));
#9550=CARTESIAN_POINT('Origin',(-7.99999999972858,-10.0000000000009,0.));
#9551=CARTESIAN_POINT('',(-8.54507550788519,-10.,1.41228428136676));
#9552=CARTESIAN_POINT('Origin',(-10.499999999825,-9.8,-2.50341414265165E-11));
#9553=CARTESIAN_POINT('',(-9.26023103317244,-9.8,-3.26524390251248));
#9554=CARTESIAN_POINT('',(-9.4762706388726,-9.8,-3.82499999999999));
#9555=CARTESIAN_POINT('',(-8.95326328573758,-9.8,-2.46989405079528));
#9556=CARTESIAN_POINT('',(-9.58240774364773,-9.8,-4.1));
#9557=CARTESIAN_POINT('',(-8.95326328573758,-9.8,-2.46989405079528));
#9558=CARTESIAN_POINT('',(-12.9729020937098,-9.8,-4.1));
#9559=CARTESIAN_POINT('',(-9.58240774362848,-9.8,4.09999999994993));
#9560=CARTESIAN_POINT('',(-10.0412038717916,-9.8,4.09999999993541));
#9561=CARTESIAN_POINT('',(-9.47627063887254,-9.8,3.82500000000001));
#9562=CARTESIAN_POINT('',(-8.90019473334104,-9.8,2.3323940507743));
#9563=CARTESIAN_POINT('',(-9.26023103317211,-9.8,3.26524390251261));
#9564=CARTESIAN_POINT('',(-8.79217493049096,-9.8,2.05251600203094));
#9565=CARTESIAN_POINT('Origin',(-7.99999999972858,-9.8,0.));
#9566=CARTESIAN_POINT('Origin',(-7.99999999972858,-9.8,0.));
#9567=CARTESIAN_POINT('Origin',(-7.99999999972858,-11.,0.));
#9568=CARTESIAN_POINT('',(-9.26023103317211,-11.,3.26524390251261));
#9569=CARTESIAN_POINT('Origin',(-7.99999999972858,-11.,0.));
#9570=CARTESIAN_POINT('',(-9.26023103317244,-11.,-3.26524390251248));
#9571=CARTESIAN_POINT('Origin',(-9.58240774362848,-11.,4.09999999994993));
#9572=CARTESIAN_POINT('',(-9.47627063887254,0.,3.82500000000001));
#9573=CARTESIAN_POINT('Origin',(-9.26023103317244,-11.,-3.26524390251248));
#9574=CARTESIAN_POINT('',(-9.4762706388726,0.,-3.82499999999999));
#9575=CARTESIAN_POINT('Origin',(-15.4458041875945,0.,-4.1));
#9576=CARTESIAN_POINT('',(-9.58240774364773,0.,-4.1));
#9577=CARTESIAN_POINT('Origin',(-9.58240774364773,0.,-4.1));
#9578=CARTESIAN_POINT('',(-9.4762706388726,0.,-3.82499999999999));
#9579=CARTESIAN_POINT('Origin',(-9.58240774362848,0.,4.09999999994993));
#9580=CARTESIAN_POINT('',(-9.58240774362848,0.,4.09999999994993));
#9581=CARTESIAN_POINT('Origin',(-9.47627063887253,0.,3.82500000000001));
#9582=CARTESIAN_POINT('',(-9.47627063887254,0.,3.82500000000001));
#9583=CARTESIAN_POINT('Origin',(-7.99999999972811,0.,0.));
#9584=CARTESIAN_POINT('Origin',(-7.99999999972811,0.,0.));
#9585=CARTESIAN_POINT('',(-9.47627063887254,9.8,3.82500000000001));
#9586=CARTESIAN_POINT('',(-9.47627063887254,0.,3.82500000000001));
#9587=CARTESIAN_POINT('',(-9.47627063887254,10.,3.82500000000001));
#9588=CARTESIAN_POINT('',(-9.47627063887254,0.,3.82500000000001));
#9589=CARTESIAN_POINT('',(-7.9745340822457,9.5,4.0999209122917));
#9590=CARTESIAN_POINT('Origin',(-7.99999999972811,10.0000000000008,0.));
#9591=CARTESIAN_POINT('',(-7.97453408224592,9.5,-4.0999209122917));
#9592=CARTESIAN_POINT('Origin',(-7.99999999972811,9.5,0.));
#9593=CARTESIAN_POINT('',(-9.4762706388726,10.,-3.82499999999999));
#9594=CARTESIAN_POINT('Origin',(-7.99999999972811,10.0000000000001,0.));
#9595=CARTESIAN_POINT('',(-9.4762706388726,9.8,-3.82499999999999));
#9596=CARTESIAN_POINT('',(-9.4762706388726,0.,-3.82499999999999));
#9597=CARTESIAN_POINT('',(-9.4762706388726,0.,-3.82499999999999));
#9598=CARTESIAN_POINT('Origin',(-9.47627063887253,0.,3.82500000000001));
#9599=CARTESIAN_POINT('',(-9.58240774362848,9.8,4.09999999994993));
#9600=CARTESIAN_POINT('',(-9.58240774362848,0.,4.09999999994993));
#9601=CARTESIAN_POINT('',(-8.90019473334104,9.8,2.3323940507743));
#9602=CARTESIAN_POINT('Origin',(-9.58240774364773,0.,-4.1));
#9603=CARTESIAN_POINT('',(-9.58240774364773,9.8,-4.1));
#9604=CARTESIAN_POINT('',(-8.95326328573758,9.8,-2.46989405079528));
#9605=CARTESIAN_POINT('',(-9.58240774364773,0.,-4.1));
#9606=CARTESIAN_POINT('Origin',(-15.4458041875945,0.,-4.1));
#9607=CARTESIAN_POINT('',(-12.9729020937098,9.8,-4.1));
#9608=CARTESIAN_POINT('Origin',(-9.58240774362848,0.,4.09999999994993));
#9609=CARTESIAN_POINT('',(-10.0412038717916,9.8,4.09999999993541));
#9610=CARTESIAN_POINT('Origin',(-9.58240774362848,11.,4.09999999994993));
#9611=CARTESIAN_POINT('',(-9.26023103317211,9.8,3.26524390251261));
#9612=CARTESIAN_POINT('',(-8.79217493049096,9.8,2.05251600203094));
#9613=CARTESIAN_POINT('',(-9.26023103317211,10.,3.26524390251261));
#9614=CARTESIAN_POINT('',(-9.26023103317211,11.,3.26524390251261));
#9615=CARTESIAN_POINT('',(-8.54507550788519,10.,1.41228428136676));
#9616=CARTESIAN_POINT('Origin',(-9.26023103317244,11.,-3.26524390251248));
#9617=CARTESIAN_POINT('',(-9.26023103317244,10.,-3.26524390251248));
#9618=CARTESIAN_POINT('',(-8.65309531073658,10.,-1.69216233011032));
#9619=CARTESIAN_POINT('',(-9.26023103317244,9.8,-3.26524390251248));
#9620=CARTESIAN_POINT('',(-9.26023103317244,11.,-3.26524390251248));
#9621=CARTESIAN_POINT('',(-8.95326328573758,9.8,-2.46989405079528));
#9622=CARTESIAN_POINT('Origin',(-7.99999999972858,11.,0.));
#9623=CARTESIAN_POINT('',(-8.68181917028935,9.8,-3.43294663797819));
#9624=CARTESIAN_POINT('Origin',(-7.99999999972858,10.0000000000003,0.));
#9625=CARTESIAN_POINT('Origin',(-7.99999999972858,9.8,0.));
#9626=CARTESIAN_POINT('Origin',(-7.99999999972858,11.,0.));
#9627=CARTESIAN_POINT('',(-8.68181917028898,9.8,3.43294663797826));
#9628=CARTESIAN_POINT('Origin',(-7.99999999972858,10.0000000000009,0.));
#9629=CARTESIAN_POINT('Origin',(-7.99999999972858,9.8,0.));
#9630=CARTESIAN_POINT('Origin',(-10.499999999825,9.8,-2.50341414265165E-11));
#9631=CARTESIAN_POINT('Origin',(-7.99999999972858,9.8,0.));
#9632=CARTESIAN_POINT('Origin',(-7.84538038593413,9.75,1.68233378852773));
#9633=CARTESIAN_POINT('',(-7.73923845403415,9.5,3.49027268516902));
#9634=CARTESIAN_POINT('Origin',(-7.99999999972858,10.0000000000009,0.));
#9635=CARTESIAN_POINT('',(-7.14568526398306,9.5,1.9523832956887));
#9636=CARTESIAN_POINT('Origin',(-7.99999999972858,11.,0.));
#9637=CARTESIAN_POINT('',(-7.73923845403471,9.5,-3.49027268516906));
#9638=CARTESIAN_POINT('Origin',(-7.99999999972858,10.0000000000003,0.));
#9639=CARTESIAN_POINT('Origin',(-7.99999999972858,9.5,0.));
#9640=CARTESIAN_POINT('Origin',(-6.68813531930035,9.5,0.));
#9641=CARTESIAN_POINT('',(-7.25370506683419,9.5,-2.23226134443159));
#9642=CARTESIAN_POINT('Origin',(-7.95340018878539,9.75,-1.96221183727096));
#9643=UNCERTAINTY_MEASURE_WITH_UNIT(LENGTH_MEASURE(0.01),#9647,
'DISTANCE_ACCURACY_VALUE',
'Maximum model space distance between geometric entities at asserted c
onnectivities');
#9644=UNCERTAINTY_MEASURE_WITH_UNIT(LENGTH_MEASURE(0.01),#9647,
'DISTANCE_ACCURACY_VALUE',
'Maximum model space distance between geometric entities at asserted c
onnectivities');
#9645=(
GEOMETRIC_REPRESENTATION_CONTEXT(3)
GLOBAL_UNCERTAINTY_ASSIGNED_CONTEXT((#9643))
GLOBAL_UNIT_ASSIGNED_CONTEXT((#9647,#9649,#9650))
REPRESENTATION_CONTEXT('','3D')
);
#9646=(
GEOMETRIC_REPRESENTATION_CONTEXT(3)
GLOBAL_UNCERTAINTY_ASSIGNED_CONTEXT((#9644))
GLOBAL_UNIT_ASSIGNED_CONTEXT((#9647,#9649,#9650))
REPRESENTATION_CONTEXT('','3D')
);
#9647=(
LENGTH_UNIT()
NAMED_UNIT(*)
SI_UNIT(.MILLI.,.METRE.)
);
#9648=(
LENGTH_UNIT()
NAMED_UNIT(*)
SI_UNIT($,.METRE.)
);
#9649=(
NAMED_UNIT(*)
PLANE_ANGLE_UNIT()
SI_UNIT($,.RADIAN.)
);
#9650=(
NAMED_UNIT(*)
SI_UNIT($,.STERADIAN.)
SOLID_ANGLE_UNIT()
);
#9651=SHAPE_DEFINITION_REPRESENTATION(#9652,#9653);
#9652=PRODUCT_DEFINITION_SHAPE('',$,#9655);
#9653=SHAPE_REPRESENTATION('',(#4484),#9645);
#9654=PRODUCT_DEFINITION_CONTEXT('part definition',#9659,'design');
#9655=PRODUCT_DEFINITION('2026-08-27-10-35-58-567','(Unsaved)',#9656,#9654);
#9656=PRODUCT_DEFINITION_FORMATION('',$,#9661);
#9657=PRODUCT_RELATED_PRODUCT_CATEGORY('(Unsaved)','(Unsaved)',(#9661));
#9658=APPLICATION_PROTOCOL_DEFINITION('international standard',
'automotive_design',2009,#9659);
#9659=APPLICATION_CONTEXT(
'Core Data for Automotive Mechanical Design Process');
#9660=PRODUCT_CONTEXT('part definition',#9659,'mechanical');
#9661=PRODUCT('2026-08-27-10-35-58-567','(Unsaved)',$,(#9660));
#9662=PRESENTATION_STYLE_ASSIGNMENT((#9663));
#9663=SURFACE_STYLE_USAGE(.BOTH.,#9664);
#9664=SURFACE_SIDE_STYLE('',(#9665));
#9665=SURFACE_STYLE_FILL_AREA(#9666);
#9666=FILL_AREA_STYLE('Steel - Satin',(#9667));
#9667=FILL_AREA_STYLE_COLOUR('Steel - Satin',#9668);
#9668=COLOUR_RGB('Steel - Satin',0.627450980392157,0.627450980392157,0.627450980392157);
ENDSEC;
END-ISO-10303-21;
