ISO-10303-21;
HEADER;
/* Generated by software containing ST-Developer
 * from STEP Tools, Inc. (www.steptools.com) 
 */

FILE_DESCRIPTION(
/* description */ (''),
/* implementation_level */ '2;1');

FILE_NAME(
/* name */ 'T-AP_R-T-AP_selection.step',
/* time_stamp */ '2026-08-17T10:28:56+02:00',
/* author */ (''),
/* organization */ (''),
/* preprocessor_version */ 'ST-DEVELOPER v20.1',
/* originating_system */ 'Autodesk Translation Framework v15.8.0.0',
/* authorisation */ '');

FILE_SCHEMA (('AUTOMOTIVE_DESIGN { 1 0 10303 214 3 1 1 }'));
ENDSEC;

DATA;
#10=MECHANICAL_DESIGN_GEOMETRIC_PRESENTATION_REPRESENTATION('',(#13),#9442);
#11=SHAPE_REPRESENTATION_RELATIONSHIP('SRR','None',#9449,#12);
#12=ADVANCED_BREP_SHAPE_REPRESENTATION('',(#14),#9441);
#13=STYLED_ITEM('',(#9458),#14);
#14=MANIFOLD_SOLID_BREP('T-AP_root__R-T-AP',#4390);
#15=CONICAL_SURFACE('',#4533,0.750000601050544,0.00623175586924272);
#16=CONICAL_SURFACE('',#4537,0.7500001766537,0.00632691689909179);
#17=CONICAL_SURFACE('',#4538,0.750000174598054,0.00632736046251577);
#18=CONICAL_SURFACE('',#4539,0.75000083483704,0.0061759509330204);
#19=TOROIDAL_SURFACE('',#4509,7.,1.5);
#20=TOROIDAL_SURFACE('',#4512,7.,1.5);
#21=TOROIDAL_SURFACE('',#4525,7.,1.5);
#22=TOROIDAL_SURFACE('',#4528,7.,1.5);
#23=TOROIDAL_SURFACE('',#4643,7.5,1.5);
#24=TOROIDAL_SURFACE('',#4657,7.5,1.5);
#25=TOROIDAL_SURFACE('',#4688,3.3,1.35);
#26=TOROIDAL_SURFACE('',#4690,3.3,1.35);
#27=TOROIDAL_SURFACE('',#4693,3.3,1.35);
#28=TOROIDAL_SURFACE('',#4700,3.3,1.35);
#29=TOROIDAL_SURFACE('',#4712,8.,1.5);
#30=TOROIDAL_SURFACE('',#4714,8.,1.5);
#31=(
BOUNDED_SURFACE()
B_SPLINE_SURFACE(4,1,((#6510,#6511),(#6512,#6513),(#6514,#6515),(#6516,
#6517),(#6518,#6519),(#6520,#6521),(#6522,#6523),(#6524,#6525),(#6526,#6527)),
 .UNSPECIFIED.,.F.,.F.,.F.)
B_SPLINE_SURFACE_WITH_KNOTS((5,4,5),(2,2),(-1.,0.,0.036843097400734),(-1.,
0.0249999999999999),.UNSPECIFIED.)
GEOMETRIC_REPRESENTATION_ITEM()
RATIONAL_B_SPLINE_SURFACE(((1.,1.),(1.,1.),(1.,1.),(1.,1.),(1.,1.),(1.,
1.),(1.,1.),(1.,1.),(1.,1.)))
REPRESENTATION_ITEM('')
SURFACE()
);
#32=(
BOUNDED_SURFACE()
B_SPLINE_SURFACE(4,1,((#8954,#8955),(#8956,#8957),(#8958,#8959),(#8960,
#8961),(#8962,#8963),(#8964,#8965),(#8966,#8967),(#8968,#8969),(#8970,#8971)),
 .UNSPECIFIED.,.F.,.F.,.F.)
B_SPLINE_SURFACE_WITH_KNOTS((5,4,5),(2,2),(-1.,0.,0.036843097400734),(-0.025,
1.),.UNSPECIFIED.)
GEOMETRIC_REPRESENTATION_ITEM()
RATIONAL_B_SPLINE_SURFACE(((1.,1.),(1.,1.),(1.,1.),(1.,1.),(1.,1.),(1.,
1.),(1.,1.),(1.,1.),(1.,1.)))
REPRESENTATION_ITEM('')
SURFACE()
);
#33=(
BOUNDED_SURFACE()
B_SPLINE_SURFACE(4,1,((#9340,#9341),(#9342,#9343),(#9344,#9345),(#9346,
#9347),(#9348,#9349)),.UNSPECIFIED.,.F.,.F.,.F.)
B_SPLINE_SURFACE_WITH_KNOTS((5,5),(2,2),(0.,0.305510726003694),(-1.,1.),
 .UNSPECIFIED.)
GEOMETRIC_REPRESENTATION_ITEM()
RATIONAL_B_SPLINE_SURFACE(((1.,1.),(1.,1.),(1.,1.),(1.,1.),(1.,1.)))
REPRESENTATION_ITEM('')
SURFACE()
);
#34=(
BOUNDED_SURFACE()
B_SPLINE_SURFACE(4,1,((#9415,#9416),(#9417,#9418),(#9419,#9420),(#9421,
#9422),(#9423,#9424)),.UNSPECIFIED.,.F.,.F.,.F.)
B_SPLINE_SURFACE_WITH_KNOTS((5,5),(2,2),(0.,0.305510726003694),(-1.,1.),
 .UNSPECIFIED.)
GEOMETRIC_REPRESENTATION_ITEM()
RATIONAL_B_SPLINE_SURFACE(((1.,1.),(1.,1.),(1.,1.),(1.,1.),(1.,1.)))
REPRESENTATION_ITEM('')
SURFACE()
);
#35=ELLIPSE('',#4457,1.73205080756888,1.5);
#36=ELLIPSE('',#4459,1.73205080756888,1.5);
#37=ELLIPSE('',#4547,6.97073246589705,5.8);
#38=ELLIPSE('',#4548,6.00925212577331,5.);
#39=ELLIPSE('',#4553,6.00925212577332,5.);
#40=ELLIPSE('',#4554,6.97073246589705,5.8);
#41=ELLIPSE('',#4557,6.97073246589705,5.8);
#42=ELLIPSE('',#4560,6.00925212577332,5.);
#43=ELLIPSE('',#4563,6.97073246589705,5.8);
#44=ELLIPSE('',#4564,6.00925212577332,5.);
#45=ELLIPSE('',#4724,4.32177946889679,4.1);
#46=ELLIPSE('',#4726,4.32177946889679,4.1);
#47=ELLIPSE('',#4729,4.32177946889679,4.1);
#48=ELLIPSE('',#4731,4.32177946889679,4.1);
#49=ELLIPSE('',#4739,3.16227766019946,3.00000000002949);
#50=ELLIPSE('',#4741,3.16227766019946,3.00000000002949);
#51=ELLIPSE('',#4746,3.16227766019946,3.00000000002949);
#52=ELLIPSE('',#4750,3.16227766019946,3.00000000002949);
#53=CYLINDRICAL_SURFACE('',#4445,6.40000000000001);
#54=CYLINDRICAL_SURFACE('',#4448,6.40000000000001);
#55=CYLINDRICAL_SURFACE('',#4450,6.40000000000001);
#56=CYLINDRICAL_SURFACE('',#4461,6.40000000000001);
#57=CYLINDRICAL_SURFACE('',#4466,1.5);
#58=CYLINDRICAL_SURFACE('',#4468,9.);
#59=CYLINDRICAL_SURFACE('',#4474,1.5);
#60=CYLINDRICAL_SURFACE('',#4475,0.5);
#61=CYLINDRICAL_SURFACE('',#4478,4.5);
#62=CYLINDRICAL_SURFACE('',#4481,0.5);
#63=CYLINDRICAL_SURFACE('',#4486,0.5);
#64=CYLINDRICAL_SURFACE('',#4490,0.5);
#65=CYLINDRICAL_SURFACE('',#4492,4.5);
#66=CYLINDRICAL_SURFACE('',#4507,8.5);
#67=CYLINDRICAL_SURFACE('',#4531,8.5);
#68=CYLINDRICAL_SURFACE('',#4534,9.5);
#69=CYLINDRICAL_SURFACE('',#4545,0.5);
#70=CYLINDRICAL_SURFACE('',#4549,5.8);
#71=CYLINDRICAL_SURFACE('',#4551,0.5);
#72=CYLINDRICAL_SURFACE('',#4555,0.5);
#73=CYLINDRICAL_SURFACE('',#4556,5.8);
#74=CYLINDRICAL_SURFACE('',#4561,0.5);
#75=CYLINDRICAL_SURFACE('',#4565,5.8);
#76=CYLINDRICAL_SURFACE('',#4568,0.5);
#77=CYLINDRICAL_SURFACE('',#4575,0.5);
#78=CYLINDRICAL_SURFACE('',#4576,0.5);
#79=CYLINDRICAL_SURFACE('',#4583,0.5);
#80=CYLINDRICAL_SURFACE('',#4586,5.8);
#81=CYLINDRICAL_SURFACE('',#4591,8.5);
#82=CYLINDRICAL_SURFACE('',#4598,1.00000000000868);
#83=CYLINDRICAL_SURFACE('',#4600,1.);
#84=CYLINDRICAL_SURFACE('',#4607,1.);
#85=CYLINDRICAL_SURFACE('',#4613,5.8);
#86=CYLINDRICAL_SURFACE('',#4625,5.);
#87=CYLINDRICAL_SURFACE('',#4628,1.);
#88=CYLINDRICAL_SURFACE('',#4629,1.0000000000087);
#89=CYLINDRICAL_SURFACE('',#4630,5.8);
#90=CYLINDRICAL_SURFACE('',#4631,1.);
#91=CYLINDRICAL_SURFACE('',#4633,5.);
#92=CYLINDRICAL_SURFACE('',#4634,8.5);
#93=CYLINDRICAL_SURFACE('',#4635,1.5);
#94=CYLINDRICAL_SURFACE('',#4637,1.5);
#95=CYLINDRICAL_SURFACE('',#4651,1.5);
#96=CYLINDRICAL_SURFACE('',#4652,1.5);
#97=CYLINDRICAL_SURFACE('',#4670,9.);
#98=CYLINDRICAL_SURFACE('',#4672,9.);
#99=CYLINDRICAL_SURFACE('',#4675,1.1);
#100=CYLINDRICAL_SURFACE('',#4677,1.1);
#101=CYLINDRICAL_SURFACE('',#4681,1.1);
#102=CYLINDRICAL_SURFACE('',#4684,1.1);
#103=CYLINDRICAL_SURFACE('',#4685,1.95);
#104=CYLINDRICAL_SURFACE('',#4689,1.35);
#105=CYLINDRICAL_SURFACE('',#4692,1.35);
#106=CYLINDRICAL_SURFACE('',#4695,1.95);
#107=CYLINDRICAL_SURFACE('',#4698,1.35);
#108=CYLINDRICAL_SURFACE('',#4699,1.35);
#109=CYLINDRICAL_SURFACE('',#4702,1.95);
#110=CYLINDRICAL_SURFACE('',#4708,1.95);
#111=CYLINDRICAL_SURFACE('',#4711,1.5);
#112=CYLINDRICAL_SURFACE('',#4716,1.5);
#113=CYLINDRICAL_SURFACE('',#4723,4.1);
#114=CYLINDRICAL_SURFACE('',#4727,4.1);
#115=CYLINDRICAL_SURFACE('',#4740,3.00000000002949);
#116=CYLINDRICAL_SURFACE('',#4744,9.);
#117=CYLINDRICAL_SURFACE('',#4749,3.00000000002949);
#118=CIRCLE('',#4431,7.);
#119=CIRCLE('',#4432,7.);
#120=CIRCLE('',#4433,0.5);
#121=CIRCLE('',#4434,4.5);
#122=CIRCLE('',#4435,0.5);
#123=CIRCLE('',#4436,3.3);
#124=CIRCLE('',#4437,3.3);
#125=CIRCLE('',#4439,9.);
#126=CIRCLE('',#4440,6.40000000000001);
#127=CIRCLE('',#4442,9.);
#128=CIRCLE('',#4443,6.40000000000001);
#129=CIRCLE('',#4446,6.40000000000001);
#130=CIRCLE('',#4447,6.40000000000001);
#131=CIRCLE('',#4449,6.40000000000001);
#132=CIRCLE('',#4451,6.40000000000001);
#133=CIRCLE('',#4452,6.40000000000001);
#134=CIRCLE('',#4455,9.);
#135=CIRCLE('',#4462,6.40000000000001);
#136=CIRCLE('',#4465,9.);
#137=CIRCLE('',#4469,9.);
#138=CIRCLE('',#4470,9.);
#139=CIRCLE('',#4472,4.1);
#140=CIRCLE('',#4473,8.);
#141=CIRCLE('',#4476,0.5);
#142=CIRCLE('',#4477,0.5);
#143=CIRCLE('',#4479,4.5);
#144=CIRCLE('',#4480,4.5);
#145=CIRCLE('',#4482,0.5);
#146=CIRCLE('',#4483,0.5);
#147=CIRCLE('',#4485,1.5);
#148=CIRCLE('',#4487,0.5);
#149=CIRCLE('',#4489,1.5);
#150=CIRCLE('',#4491,0.5);
#151=CIRCLE('',#4493,4.5);
#152=CIRCLE('',#4495,1.5);
#153=CIRCLE('',#4497,1.5);
#154=CIRCLE('',#4499,8.5);
#155=CIRCLE('',#4500,1.00000000000868);
#156=CIRCLE('',#4501,5.8);
#157=CIRCLE('',#4502,1.1);
#158=CIRCLE('',#4503,1.1);
#159=CIRCLE('',#4504,5.8);
#160=CIRCLE('',#4505,1.0000000000087);
#161=CIRCLE('',#4506,8.5);
#162=CIRCLE('',#4508,8.5);
#163=CIRCLE('',#4510,7.);
#164=CIRCLE('',#4511,1.5);
#165=CIRCLE('',#4513,8.5);
#166=CIRCLE('',#4514,1.5);
#167=CIRCLE('',#4515,7.);
#168=CIRCLE('',#4517,8.5);
#169=CIRCLE('',#4518,1.0000000000087);
#170=CIRCLE('',#4519,5.8);
#171=CIRCLE('',#4520,1.1);
#172=CIRCLE('',#4521,1.1);
#173=CIRCLE('',#4522,5.8);
#174=CIRCLE('',#4523,1.00000000000868);
#175=CIRCLE('',#4524,8.5);
#176=CIRCLE('',#4526,1.5);
#177=CIRCLE('',#4527,8.5);
#178=CIRCLE('',#4529,8.5);
#179=CIRCLE('',#4530,1.5);
#180=CIRCLE('',#4535,9.5);
#181=CIRCLE('',#4536,9.5);
#182=CIRCLE('',#4540,0.2);
#183=CIRCLE('',#4542,0.2);
#184=CIRCLE('',#4543,0.2);
#185=CIRCLE('',#4544,0.2);
#186=CIRCLE('',#4550,5.8);
#187=CIRCLE('',#4558,5.8);
#188=CIRCLE('',#4566,5.8);
#189=CIRCLE('',#4567,5.8);
#190=CIRCLE('',#4570,5.);
#191=CIRCLE('',#4571,1.);
#192=CIRCLE('',#4572,1.);
#193=CIRCLE('',#4573,5.8);
#194=CIRCLE('',#4574,1.00000000000868);
#195=CIRCLE('',#4578,5.);
#196=CIRCLE('',#4579,1.);
#197=CIRCLE('',#4580,5.8);
#198=CIRCLE('',#4581,1.0000000000087);
#199=CIRCLE('',#4582,5.8);
#200=CIRCLE('',#4593,5.8);
#201=CIRCLE('',#4594,1.);
#202=CIRCLE('',#4595,5.);
#203=CIRCLE('',#4599,1.00000000000868);
#204=CIRCLE('',#4601,1.);
#205=CIRCLE('',#4602,1.);
#206=CIRCLE('',#4608,1.);
#207=CIRCLE('',#4614,5.8);
#208=CIRCLE('',#4616,1.0000000000087);
#209=CIRCLE('',#4617,1.);
#210=CIRCLE('',#4618,5.);
#211=CIRCLE('',#4620,1.);
#212=CIRCLE('',#4621,1.);
#213=CIRCLE('',#4622,3.3);
#214=CIRCLE('',#4623,3.3);
#215=CIRCLE('',#4636,1.5);
#216=CIRCLE('',#4638,1.5);
#217=CIRCLE('',#4639,1.5);
#218=CIRCLE('',#4640,1.5);
#219=CIRCLE('',#4641,1.5);
#220=CIRCLE('',#4642,1.5);
#221=CIRCLE('',#4644,7.5);
#222=CIRCLE('',#4645,1.5);
#223=CIRCLE('',#4646,9.);
#224=CIRCLE('',#4647,8.96969384566991);
#225=CIRCLE('',#4648,1.5);
#226=CIRCLE('',#4649,1.5);
#227=CIRCLE('',#4650,1.5);
#228=CIRCLE('',#4653,1.5);
#229=CIRCLE('',#4654,1.5);
#230=CIRCLE('',#4655,1.5);
#231=CIRCLE('',#4656,1.5);
#232=CIRCLE('',#4658,9.);
#233=CIRCLE('',#4659,7.5);
#234=CIRCLE('',#4660,1.5);
#235=CIRCLE('',#4661,9.);
#236=CIRCLE('',#4662,8.96969384566991);
#237=CIRCLE('',#4663,1.5);
#238=CIRCLE('',#4666,4.1);
#239=CIRCLE('',#4667,3.00000000002949);
#240=CIRCLE('',#4668,4.1);
#241=CIRCLE('',#4676,1.1);
#242=CIRCLE('',#4678,1.1);
#243=CIRCLE('',#4680,1.1);
#244=CIRCLE('',#4683,1.1);
#245=CIRCLE('',#4686,1.95);
#246=CIRCLE('',#4687,1.95);
#247=CIRCLE('',#4691,1.95);
#248=CIRCLE('',#4694,1.95);
#249=CIRCLE('',#4696,1.95);
#250=CIRCLE('',#4701,1.95);
#251=CIRCLE('',#4703,1.95);
#252=CIRCLE('',#4707,1.95);
#253=CIRCLE('',#4715,8.);
#254=CIRCLE('',#4718,4.1);
#255=CIRCLE('',#4719,9.);
#256=CIRCLE('',#4725,4.1);
#257=CIRCLE('',#4728,4.1);
#258=CIRCLE('',#4730,4.1);
#259=CIRCLE('',#4732,4.1);
#260=CIRCLE('',#4737,3.00000000002949);
#261=CIRCLE('',#4742,3.00000000002949);
#262=CIRCLE('',#4748,3.00000000002949);
#263=FACE_BOUND('',#726,.T.);
#264=FACE_BOUND('',#742,.T.);
#265=FACE_BOUND('',#743,.T.);
#266=FACE_BOUND('',#744,.T.);
#267=FACE_BOUND('',#745,.T.);
#268=FACE_BOUND('',#791,.T.);
#269=FACE_BOUND('',#792,.T.);
#270=FACE_BOUND('',#793,.T.);
#271=FACE_BOUND('',#846,.T.);
#272=FACE_BOUND('',#847,.T.);
#273=B_SPLINE_CURVE_WITH_KNOTS('',3,(#5888,#5889,#5890,#5891,#5892,#5893,
#5894),.UNSPECIFIED.,.F.,.F.,(4,3,4),(0.,0.0129427936419172,0.0273131599594205),
 .UNSPECIFIED.);
#274=B_SPLINE_CURVE_WITH_KNOTS('',3,(#5898,#5899,#5900,#5901,#5902),
 .UNSPECIFIED.,.F.,.F.,(4,1,4),(0.,0.0117940388741173,0.0248889443228944),
 .UNSPECIFIED.);
#275=B_SPLINE_CURVE_WITH_KNOTS('',3,(#5915,#5916,#5917,#5918,#5919,#5920,
#5921),.UNSPECIFIED.,.F.,.F.,(4,3,4),(0.,0.0145349786524638,0.0435667118069454),
 .UNSPECIFIED.);
#276=B_SPLINE_CURVE_WITH_KNOTS('',3,(#5923,#5924,#5925,#5926,#5927),
 .UNSPECIFIED.,.F.,.F.,(4,1,4),(0.,0.0140815546164105,0.0422076321152988),
 .UNSPECIFIED.);
#277=B_SPLINE_CURVE_WITH_KNOTS('',3,(#5973,#5974,#5975,#5976,#5977,#5978,
#5979),.UNSPECIFIED.,.F.,.F.,(4,3,4),(0.,0.0346649511733913,0.0545186955345532),
 .UNSPECIFIED.);
#278=B_SPLINE_CURVE_WITH_KNOTS('',3,(#5981,#5982,#5983,#5984,#5985),
 .UNSPECIFIED.,.F.,.F.,(4,1,4),(0.,0.0330542316995895,0.0519854646598138),
 .UNSPECIFIED.);
#279=B_SPLINE_CURVE_WITH_KNOTS('',3,(#5998,#5999,#6000,#6001,#6002,#6003,
#6004),.UNSPECIFIED.,.F.,.F.,(4,3,4),(0.,0.0113154566319835,0.0214822623514104),
 .UNSPECIFIED.);
#280=B_SPLINE_CURVE_WITH_KNOTS('',3,(#6006,#6007,#6008,#6009,#6010),
 .UNSPECIFIED.,.F.,.F.,(4,1,4),(0.,0.0111803679673845,0.0212257980983096),
 .UNSPECIFIED.);
#281=B_SPLINE_CURVE_WITH_KNOTS('',3,(#6023,#6024,#6025,#6026,#6027,#6028,
#6029),.UNSPECIFIED.,.F.,.F.,(4,3,4),(0.,0.0136049889893501,0.0329920548975385),
 .UNSPECIFIED.);
#282=B_SPLINE_CURVE_WITH_KNOTS('',3,(#6031,#6032,#6033,#6034,#6035),
 .UNSPECIFIED.,.F.,.F.,(4,1,4),(0.,0.0121089027321374,0.0293640504965021),
 .UNSPECIFIED.);
#283=B_SPLINE_CURVE_WITH_KNOTS('',3,(#6057,#6058,#6059,#6060,#6061),
 .UNSPECIFIED.,.F.,.F.,(4,1,4),(0.,0.0231367907703676,0.0570074697344397),
 .UNSPECIFIED.);
#284=B_SPLINE_CURVE_WITH_KNOTS('',3,(#6063,#6064,#6065,#6066,#6067),
 .UNSPECIFIED.,.F.,.F.,(4,1,4),(0.,0.0206049699540769,0.0392890816878164),
 .UNSPECIFIED.);
#285=B_SPLINE_CURVE_WITH_KNOTS('',3,(#6069,#6070,#6071,#6072,#6073),
 .UNSPECIFIED.,.F.,.F.,(4,1,4),(0.,0.0291788845272147,0.0634855749206196),
 .UNSPECIFIED.);
#286=B_SPLINE_CURVE_WITH_KNOTS('',3,(#6075,#6076,#6077,#6078,#6079),
 .UNSPECIFIED.,.F.,.F.,(4,1,4),(0.,0.0297977694251678,0.0575198103420377),
 .UNSPECIFIED.);
#287=B_SPLINE_CURVE_WITH_KNOTS('',3,(#6081,#6082,#6083,#6084,#6085),
 .UNSPECIFIED.,.F.,.F.,(4,1,4),(0.,0.023127906850621,0.047305312200623),
 .UNSPECIFIED.);
#288=B_SPLINE_CURVE_WITH_KNOTS('',3,(#6087,#6088,#6089,#6090,#6091),
 .UNSPECIFIED.,.F.,.F.,(4,1,4),(0.,0.0215758642346839,0.0437595586907431),
 .UNSPECIFIED.);
#289=B_SPLINE_CURVE_WITH_KNOTS('',3,(#6093,#6094,#6095,#6096,#6097),
 .UNSPECIFIED.,.F.,.F.,(4,1,4),(0.,0.0396709332644251,0.0673574953287806),
 .UNSPECIFIED.);
#290=B_SPLINE_CURVE_WITH_KNOTS('',3,(#6102,#6103,#6104,#6105,#6106),
 .UNSPECIFIED.,.F.,.F.,(4,1,4),(0.,0.0132031543920699,0.0249982005272572),
 .UNSPECIFIED.);
#291=B_SPLINE_CURVE_WITH_KNOTS('',3,(#6108,#6109,#6110,#6111,#6112),
 .UNSPECIFIED.,.F.,.F.,(4,1,4),(0.,0.0106198863300624,0.0225267188403215),
 .UNSPECIFIED.);
#292=B_SPLINE_CURVE_WITH_KNOTS('',3,(#6114,#6115,#6116,#6117,#6118),
 .UNSPECIFIED.,.F.,.F.,(4,1,4),(0.,0.0103953544502413,0.0205145698543051),
 .UNSPECIFIED.);
#293=B_SPLINE_CURVE_WITH_KNOTS('',3,(#6120,#6121,#6122,#6123,#6124),
 .UNSPECIFIED.,.F.,.F.,(4,1,4),(0.,0.0338004964572896,0.0521549289011506),
 .UNSPECIFIED.);
#294=B_SPLINE_CURVE_WITH_KNOTS('',3,(#6141,#6142,#6143,#6144,#6145,#6146,
#6147),.UNSPECIFIED.,.F.,.F.,(4,3,4),(0.,0.0357688339744645,0.0551921181149671),
 .UNSPECIFIED.);
#295=B_SPLINE_CURVE_WITH_KNOTS('',3,(#6160,#6161,#6162,#6163,#6164,#6165,
#6166),.UNSPECIFIED.,.F.,.F.,(4,3,4),(0.,0.0105748198316148,0.0208687333530333),
 .UNSPECIFIED.);
#296=B_SPLINE_CURVE_WITH_KNOTS('',3,(#6179,#6180,#6181,#6182,#6183,#6184,
#6185),.UNSPECIFIED.,.F.,.F.,(4,3,4),(0.,0.0116529762586193,0.0247180912932912),
 .UNSPECIFIED.);
#297=B_SPLINE_CURVE_WITH_KNOTS('',3,(#6197,#6198,#6199,#6200,#6201,#6202,
#6203),.UNSPECIFIED.,.F.,.F.,(4,3,4),(0.,0.0135305882429907,0.0256181476112393),
 .UNSPECIFIED.);
#298=B_SPLINE_CURVE_WITH_KNOTS('',3,(#6223,#6224,#6225,#6226,#6227,#6228,
#6229),.UNSPECIFIED.,.F.,.F.,(4,3,4),(0.,0.0407990482878169,0.0692729280188048),
 .UNSPECIFIED.);
#299=B_SPLINE_CURVE_WITH_KNOTS('',3,(#6242,#6243,#6244,#6245,#6246,#6247,
#6248),.UNSPECIFIED.,.F.,.F.,(4,3,4),(0.,0.0225039071936247,0.0456417892186872),
 .UNSPECIFIED.);
#300=B_SPLINE_CURVE_WITH_KNOTS('',3,(#6261,#6262,#6263,#6264,#6265,#6266,
#6267),.UNSPECIFIED.,.F.,.F.,(4,3,4),(0.,0.0243344068738881,0.0497730608230703),
 .UNSPECIFIED.);
#301=B_SPLINE_CURVE_WITH_KNOTS('',3,(#6280,#6281,#6282,#6283,#6284,#6285,
#6286),.UNSPECIFIED.,.F.,.F.,(4,3,4),(0.,0.0305149291928629,0.0589041721455733),
 .UNSPECIFIED.);
#302=B_SPLINE_CURVE_WITH_KNOTS('',3,(#6299,#6300,#6301,#6302,#6303,#6304,
#6305),.UNSPECIFIED.,.F.,.F.,(4,3,4),(0.,0.0327106294068547,0.0711697224742309),
 .UNSPECIFIED.);
#303=B_SPLINE_CURVE_WITH_KNOTS('',3,(#6318,#6319,#6320,#6321,#6322,#6323,
#6324),.UNSPECIFIED.,.F.,.F.,(4,3,4),(0.,0.0207222037818206,0.0395126204478857),
 .UNSPECIFIED.);
#304=B_SPLINE_CURVE_WITH_KNOTS('',3,(#6336,#6337,#6338,#6339,#6340,#6341,
#6342),.UNSPECIFIED.,.F.,.F.,(4,3,4),(0.,0.0258733699977888,0.0637502137490033),
 .UNSPECIFIED.);
#305=B_SPLINE_CURVE_WITH_KNOTS('',3,(#6384,#6385,#6386,#6387,#6388,#6389),
 .UNSPECIFIED.,.F.,.F.,(4,2,4),(-0.493049400731431,-0.258419143534489,0.),
 .UNSPECIFIED.);
#306=B_SPLINE_CURVE_WITH_KNOTS('',3,(#6400,#6401,#6402,#6403),
 .UNSPECIFIED.,.F.,.F.,(4,4),(-0.122087728695242,-0.0701639030101842),
 .UNSPECIFIED.);
#307=B_SPLINE_CURVE_WITH_KNOTS('',3,(#6446,#6447,#6448,#6449,#6450,#6451,
#6452,#6453,#6454,#6455,#6456,#6457,#6458,#6459,#6460,#6461,#6462,#6463,
#6464,#6465,#6466,#6467),.UNSPECIFIED.,.F.,.F.,(4,3,3,3,3,3,3,4),(-0.304180501854849,
-0.260779225206542,-0.217377948558263,-0.173976671909964,-0.130482503932473,
-0.0870812272841559,-0.043540613642078,0.),.UNSPECIFIED.);
#308=B_SPLINE_CURVE_WITH_KNOTS('',3,(#6469,#6470,#6471,#6472),
 .UNSPECIFIED.,.F.,.F.,(4,4),(-0.0495454105931835,0.),.UNSPECIFIED.);
#309=B_SPLINE_CURVE_WITH_KNOTS('',3,(#6478,#6479,#6480,#6481),
 .UNSPECIFIED.,.F.,.F.,(4,4),(-0.35860812003682,-0.0499903223850945),
 .UNSPECIFIED.);
#310=B_SPLINE_CURVE_WITH_KNOTS('',3,(#6485,#6486,#6487,#6488),
 .UNSPECIFIED.,.F.,.F.,(4,4),(-1.57664458529618,-1.26907134256444),
 .UNSPECIFIED.);
#311=B_SPLINE_CURVE_WITH_KNOTS('',3,(#6531,#6532,#6533,#6534,#6535),
 .UNSPECIFIED.,.F.,.F.,(4,1,4),(0.,0.247122808307264,0.432464914537712),
 .UNSPECIFIED.);
#312=B_SPLINE_CURVE_WITH_KNOTS('',3,(#6541,#6542,#6543,#6544,#6545,#6546,
#6547,#6548,#6549,#6550,#6551,#6552,#6553,#6554),.UNSPECIFIED.,.F.,.F.,
(4,2,2,2,2,2,4),(-0.237914431590658,-0.237304088798712,-0.206220660829758,
-0.175187363012617,-0.116122012214435,-0.0578678311129246,0.),
 .UNSPECIFIED.);
#313=B_SPLINE_CURVE_WITH_KNOTS('',3,(#6557,#6558,#6559,#6560,#6561,#6562,
#6563,#6564,#6565,#6566,#6567,#6568,#6569,#6570,#6571,#6572),
 .UNSPECIFIED.,.F.,.F.,(4,3,3,3,3,4),(-0.593504694471536,-0.572520963382529,
-0.55475651136287,-0.529989360588803,-0.498452352819575,-0.485926181547602),
 .UNSPECIFIED.);
#314=B_SPLINE_CURVE_WITH_KNOTS('',3,(#6581,#6582,#6583,#6584),
 .UNSPECIFIED.,.F.,.F.,(4,4),(0.,0.0284938105240751),.UNSPECIFIED.);
#315=B_SPLINE_CURVE_WITH_KNOTS('',3,(#6611,#6612,#6613,#6614,#6615,#6616,
#6617),.UNSPECIFIED.,.F.,.F.,(4,3,4),(-0.590832476265746,-0.511465524347338,
-0.464321914668023),.UNSPECIFIED.);
#316=B_SPLINE_CURVE_WITH_KNOTS('',3,(#6618,#6619,#6620,#6621,#6622,#6623,
#6624,#6625,#6626,#6627,#6628,#6629,#6630,#6631,#6632,#6633,#6634,#6635,
#6636,#6637,#6638,#6639),.UNSPECIFIED.,.F.,.F.,(4,3,3,3,3,3,3,4),(-0.493049400717571,
-0.422699811208914,-0.352350221700259,-0.282000632191616,-0.211500474143712,
-0.141150884635067,-0.0705754423175335,0.),.UNSPECIFIED.);
#317=B_SPLINE_CURVE_WITH_KNOTS('',3,(#6657,#6658,#6659,#6660),
 .UNSPECIFIED.,.F.,.F.,(4,4),(-0.929693071555578,-0.199973397488771),
 .UNSPECIFIED.);
#318=B_SPLINE_CURVE_WITH_KNOTS('',3,(#6661,#6662,#6663,#6664,#6665,#6666,
#6667,#6668,#6669,#6670,#6671,#6672,#6673,#6674,#6675,#6676,#6677,#6678,
#6679),.UNSPECIFIED.,.F.,.F.,(4,3,3,3,3,3,4),(-0.568009141344235,-0.545139803390023,
-0.520621165954874,-0.497355752164937,-0.496102528519725,-0.474888039583308,
-0.465897497526474),.UNSPECIFIED.);
#319=B_SPLINE_CURVE_WITH_KNOTS('',3,(#6683,#6684,#6685,#6686),
 .UNSPECIFIED.,.F.,.F.,(4,4),(-0.018580079787648,-3.67914495821188E-16),
 .UNSPECIFIED.);
#320=B_SPLINE_CURVE_WITH_KNOTS('',3,(#6687,#6688,#6689,#6690,#6691,#6692,
#6693),.UNSPECIFIED.,.F.,.F.,(4,1,1,1,4),(0.,0.416833689741007,0.833667379482013,
1.25050106922302,1.45891791409352),.UNSPECIFIED.);
#321=B_SPLINE_CURVE_WITH_KNOTS('',3,(#6695,#6696,#6697,#6698,#6699,#6700,
#6701,#6702,#6703),.UNSPECIFIED.,.F.,.F.,(4,1,1,1,1,1,4),(-1.52638734259753,
-1.30833200794074,-1.09027667328395,-0.654166003970369,-0.436110669313579,
-0.21805533465679,0.),.UNSPECIFIED.);
#322=B_SPLINE_CURVE_WITH_KNOTS('',3,(#6704,#6705,#6706,#6707),
 .UNSPECIFIED.,.F.,.F.,(4,4),(-0.0186149512882204,-2.88621088085552E-12),
 .UNSPECIFIED.);
#323=B_SPLINE_CURVE_WITH_KNOTS('',3,(#6711,#6712,#6713,#6714,#6715,#6716,
#6717,#6718,#6719,#6720,#6721,#6722,#6723,#6724),.UNSPECIFIED.,.F.,.F.,
(4,2,2,2,2,2,4),(-0.000610683708367472,0.,0.0311007900965256,0.0621514220401984,
0.121249764699937,0.179536484571675,0.237436638653089),.UNSPECIFIED.);
#324=B_SPLINE_CURVE_WITH_KNOTS('',3,(#6809,#6810,#6811,#6812,#6813,#6814,
#6815,#6816,#6817,#6818,#6819,#6820,#6821,#6822,#6823,#6824,#6825,#6826,
#6827,#6828,#6829,#6830),.UNSPECIFIED.,.F.,.F.,(4,2,2,2,2,2,2,2,2,2,4),
(0.,0.013047689817229,0.0357434067005013,0.040148241966533,0.0424011352808472,
0.0442263118251274,0.0463264357071261,0.05000163432926,0.0578395215563934,
0.08074677646747,0.0861486749238138),.UNSPECIFIED.);
#325=B_SPLINE_CURVE_WITH_KNOTS('',3,(#6884,#6885,#6886,#6887,#6888,#6889,
#6890,#6891,#6892,#6893,#6894,#6895,#6896,#6897,#6898,#6899,#6900,#6901,
#6902,#6903),.UNSPECIFIED.,.F.,.F.,(4,2,2,2,2,2,2,2,2,4),(0.,0.0133224030302762,
0.0335124821704013,0.0376988074348709,0.0399015043859838,0.0417128051837515,
0.0438227490519199,0.0475681772494161,0.0554630757573178,0.0786072318499489),
 .UNSPECIFIED.);
#326=B_SPLINE_CURVE_WITH_KNOTS('',3,(#6974,#6975,#6976,#6977),
 .UNSPECIFIED.,.F.,.F.,(4,4),(-2.3523146833804,-1.8959928934015),
 .UNSPECIFIED.);
#327=B_SPLINE_CURVE_WITH_KNOTS('',3,(#6979,#6980,#6981,#6982,#6983,#6984,
#6985,#6986,#6987,#6988),.UNSPECIFIED.,.F.,.F.,(4,1,1,1,1,1,1,4),(-1.8959928934015,
-1.65314744696539,-0.953980210550385,-0.254812974135377,0.444354262279632,
1.14352149869464,1.84268873510965,2.54185597152466),.UNSPECIFIED.);
#328=B_SPLINE_CURVE_WITH_KNOTS('',3,(#6990,#6991,#6992,#6993),
 .UNSPECIFIED.,.F.,.F.,(4,4),(0.,0.0213018413049359),.UNSPECIFIED.);
#329=B_SPLINE_CURVE_WITH_KNOTS('',3,(#6995,#6996,#6997,#6998),
 .UNSPECIFIED.,.F.,.F.,(4,4),(0.156159959250787,0.164208522802396),
 .UNSPECIFIED.);
#330=B_SPLINE_CURVE_WITH_KNOTS('',3,(#7000,#7001,#7002,#7003,#7004,#7005,
#7006,#7007,#7008,#7009,#7010,#7011,#7012,#7013,#7014,#7015,#7016,#7017,
#7018,#7019,#7020,#7021),.UNSPECIFIED.,.F.,.F.,(4,3,3,3,3,3,3,4),(-2.35498857289805,
-1.84275368361234,-1.14356319948403,-0.444372715355733,0.254817768772569,
0.954008252900871,1.65319873702917,2.16028035742827),.UNSPECIFIED.);
#331=B_SPLINE_CURVE_WITH_KNOTS('',3,(#7023,#7024,#7025,#7026),
 .UNSPECIFIED.,.F.,.F.,(4,4),(0.,0.00661750844428123),.UNSPECIFIED.);
#332=B_SPLINE_CURVE_WITH_KNOTS('',3,(#7027,#7028,#7029,#7030),
 .UNSPECIFIED.,.F.,.F.,(4,4),(-0.025659177952235,0.),.UNSPECIFIED.);
#333=B_SPLINE_CURVE_WITH_KNOTS('',3,(#7059,#7060,#7061,#7062,#7063,#7064,
#7065),.UNSPECIFIED.,.F.,.F.,(4,1,1,1,4),(-0.0601399566613067,-0.0349785734358626,
-0.0098171902104185,0.0237313207568403,0.0572798317240991),
 .UNSPECIFIED.);
#334=B_SPLINE_CURVE_WITH_KNOTS('',3,(#7066,#7067,#7068,#7069,#7070,#7071,
#7072),.UNSPECIFIED.,.F.,.F.,(4,1,1,1,4),(-0.047132827568684,-0.0237313207568403,
0.0098171902104185,0.0349785734358626,0.0479045159164833),.UNSPECIFIED.);
#335=B_SPLINE_CURVE_WITH_KNOTS('',3,(#7079,#7080,#7081,#7082),
 .UNSPECIFIED.,.F.,.F.,(4,4),(-0.929313778049029,-0.199996030272827),
 .UNSPECIFIED.);
#336=B_SPLINE_CURVE_WITH_KNOTS('',3,(#7090,#7091,#7092,#7093),
 .UNSPECIFIED.,.F.,.F.,(4,4),(2.83612396432067,3.00974616423861),
 .UNSPECIFIED.);
#337=B_SPLINE_CURVE_WITH_KNOTS('',3,(#7094,#7095,#7096,#7097,#7098,#7099,
#7100,#7101,#7102,#7103,#7104,#7105),.UNSPECIFIED.,.F.,.F.,(4,1,1,1,1,1,
1,1,1,4),(3.00974616423861,3.73372186534633,4.63131976637198,5.52891766739764,
6.42651556842329,7.32411346944895,7.77291241996177,8.2217113704746,8.67051032098743,
9.11930927150026),.UNSPECIFIED.);
#338=B_SPLINE_CURVE_WITH_KNOTS('',3,(#7174,#7175,#7176,#7177,#7178,#7179,
#7180,#7181,#7182,#7183),.UNSPECIFIED.,.F.,.F.,(4,1,1,1,1,1,1,4),(0.,0.0314629954574789,
0.0629259909149577,0.0943889863724366,0.125851981829915,0.173046475016134,
0.188777972744873,0.204491606103927),.UNSPECIFIED.);
#339=B_SPLINE_CURVE_WITH_KNOTS('',3,(#7184,#7185,#7186,#7187,#7188,#7189,
#7190,#7191,#7192,#7193),.UNSPECIFIED.,.F.,.F.,(4,1,1,1,1,1,1,4),(0.204491606103927,
0.228106717066722,0.251703963659831,0.314629954574789,0.330361452303528,
0.377555945489746,0.409018940947225,0.440481936404704),.UNSPECIFIED.);
#340=B_SPLINE_CURVE_WITH_KNOTS('',3,(#7194,#7195,#7196,#7197,#7198,#7199,
#7200,#7201,#7202,#7203,#7204,#7205,#7206,#7207,#7208,#7209),
 .UNSPECIFIED.,.T.,.F.,(4,1,1,1,1,1,1,1,1,1,1,1,1,4),(-0.440481936404704,
-0.409018940947225,-0.377555945489746,-0.330361452303528,-0.314629954574789,
-0.251703963659831,-0.228106717066722,-0.188777972744873,-0.173046475016134,
-0.125851981829915,-0.0943889863724366,-0.0629259909149577,-0.0314629954574789,
0.),.UNSPECIFIED.);
#341=B_SPLINE_CURVE_WITH_KNOTS('',3,(#7215,#7216,#7217,#7218,#7219,#7220,
#7221,#7222,#7223,#7224,#7225,#7226,#7227,#7228,#7229,#7230),
 .UNSPECIFIED.,.T.,.F.,(4,1,1,1,1,1,1,1,1,1,1,1,1,4),(-0.440481776444163,
-0.409018792412437,-0.377555808380711,-0.330361332333122,-0.314629840317259,
-0.26743536426967,-0.251703872253807,-0.188777904190356,-0.173046412174493,
-0.15731492015863,-0.125851936126904,-0.0629259680634519,-0.0314629840317259,
0.),.UNSPECIFIED.);
#342=B_SPLINE_CURVE_WITH_KNOTS('',3,(#7232,#7233,#7234,#7235,#7236,#7237,
#7238,#7239,#7240,#7241,#7242,#7243,#7244,#7245,#7246,#7247,#7248,#7249,
#7250,#7251,#7252,#7253,#7254,#7255,#7256,#7257,#7258,#7259,#7260,#7261,
#7262),.UNSPECIFIED.,.T.,.F.,(4,2,2,1,1,1,1,2,2,1,1,1,2,2,2,2,2,1,1,4),
(-0.558310858699628,-0.524334770493069,-0.49035868228651,-0.446022029492518,
-0.431243145227854,-0.41646426096319,-0.401685376698526,-0.372127608169199,
-0.335876644386167,-0.307520930786286,-0.279165217186405,-0.250809503586524,
-0.222453789986643,-0.181872778340299,-0.141291766693956,-0.0978282660459185,
-0.0543647653978813,-0.0271823826989406,-0.0135911913494703,0.),
 .UNSPECIFIED.);
#343=B_SPLINE_CURVE_WITH_KNOTS('',3,(#7267,#7268,#7269,#7270,#7271,#7272,
#7273,#7274,#7275),.UNSPECIFIED.,.F.,.F.,(4,1,1,1,1,1,4),(-1.75557667809456,
-0.857978777068903,0.039619123956752,0.937217024982407,1.83481492600806,
2.73241282703372,3.12680925146953),.UNSPECIFIED.);
#344=B_SPLINE_CURVE_WITH_KNOTS('',3,(#7276,#7277,#7278,#7279,#7280),
 .UNSPECIFIED.,.F.,.F.,(4,1,4),(3.12680925146953,3.63001072805937,4.52760862908503),
 .UNSPECIFIED.);
#345=B_SPLINE_CURVE_WITH_KNOTS('',3,(#7348,#7349,#7350,#7351),
 .UNSPECIFIED.,.F.,.F.,(4,4),(0.,0.0162094096948729),.UNSPECIFIED.);
#346=B_SPLINE_CURVE_WITH_KNOTS('',3,(#7352,#7353,#7354,#7355,#7356,#7357,
#7358,#7359,#7360,#7361,#7362,#7363,#7364,#7365,#7366,#7367),
 .UNSPECIFIED.,.F.,.F.,(4,1,1,1,1,1,1,1,1,1,1,1,1,4),(0.0162094096948729,
0.0314629840317259,0.0629259680634519,0.125851936126904,0.15731492015863,
0.173046412174493,0.188777904190356,0.251703872253807,0.26743536426967,
0.314629840317259,0.330361332333122,0.377555808380711,0.409018792412437,
0.440481776444163),.UNSPECIFIED.);
#347=B_SPLINE_CURVE_WITH_KNOTS('',3,(#7372,#7373,#7374,#7375,#7376),
 .UNSPECIFIED.,.F.,.F.,(4,1,4),(1.75670853048411,2.65430643150977,3.15646013491184),
 .UNSPECIFIED.);
#348=B_SPLINE_CURVE_WITH_KNOTS('',3,(#7377,#7378,#7379,#7380,#7381,#7382,
#7383,#7384,#7385),.UNSPECIFIED.,.F.,.F.,(4,1,1,1,1,1,4),(3.15646013491184,
3.55190433253542,4.44950223356108,5.34710013458673,6.24469803561239,7.14229593663804,
8.0398938376637),.UNSPECIFIED.);
#349=B_SPLINE_CURVE_WITH_KNOTS('',3,(#7513,#7514,#7515,#7516,#7517,#7518,
#7519,#7520,#7521,#7522,#7523,#7524,#7525,#7526),.UNSPECIFIED.,.F.,.F.,
(4,1,1,2,2,2,2,4),(0.,0.0135911913494703,0.0271823826989406,0.0543647653978813,
0.0978282660459185,0.141291766693956,0.181872778340299,0.220019761488138),
 .UNSPECIFIED.);
#350=B_SPLINE_CURVE_WITH_KNOTS('',3,(#7527,#7528,#7529,#7530,#7531,#7532,
#7533,#7534,#7535,#7536,#7537,#7538,#7539,#7540,#7541,#7542,#7543,#7544,
#7545,#7546,#7547),.UNSPECIFIED.,.F.,.F.,(4,2,1,1,1,2,2,1,1,1,1,2,2,4),
(0.220019761488138,0.222453789986643,0.250809503586524,0.279165217186405,
0.307520930786286,0.335876644386167,0.372127608169199,0.401685376698526,
0.41646426096319,0.431243145227854,0.446022029492518,0.49035868228651,0.524334770493069,
0.558310858699628),.UNSPECIFIED.);
#351=B_SPLINE_CURVE_WITH_KNOTS('',3,(#7552,#7553,#7554,#7555,#7556,#7557,
#7558,#7559,#7560,#7561,#7562,#7563,#7564,#7565),.UNSPECIFIED.,.F.,.F.,
(4,1,1,1,1,1,1,1,1,1,1,4),(-2.49043766663328,-2.04163871612045,-1.59283976560762,
-0.695241864581969,-0.246442914069141,0.202356036443686,1.09995393746934,
1.54875288798217,1.997551838495,2.44635078900782,2.89514973952065,3.23856791496082),
 .UNSPECIFIED.);
#352=B_SPLINE_CURVE_WITH_KNOTS('',3,(#7566,#7567,#7568,#7569,#7570),
 .UNSPECIFIED.,.F.,.F.,(4,1,4),(3.23856791496082,3.34394869003348,3.79274764054631),
 .UNSPECIFIED.);
#353=B_SPLINE_CURVE_WITH_KNOTS('',3,(#7647,#7648,#7649,#7650,#7651,#7652),
 .UNSPECIFIED.,.F.,.F.,(4,1,1,4),(0.984704248966129,1.59283976560762,2.04163871612045,
2.49043766663328),.UNSPECIFIED.);
#354=B_SPLINE_CURVE_WITH_KNOTS('',3,(#7655,#7656,#7657,#7658,#7659),
 .UNSPECIFIED.,.F.,.F.,(4,1,4),(-3.79274764054631,-3.34394869003348,-3.03952637722854),
 .UNSPECIFIED.);
#355=B_SPLINE_CURVE_WITH_KNOTS('',3,(#7661,#7662,#7663,#7664,#7665,#7666,
#7667,#7668,#7669,#7670,#7671,#7672,#7673,#7674,#7675,#7676,#7677,#7678,
#7679,#7680,#7681,#7682,#7683,#7684,#7685,#7686,#7687,#7688,#7689,#7690,
#7691,#7692,#7693,#7694,#7695,#7696,#7697,#7698,#7699,#7700,#7701,#7702,
#7703,#7704,#7705,#7706,#7707,#7708,#7709,#7710,#7711,#7712,#7713,#7714,
#7715,#7716,#7717,#7718,#7719,#7720,#7721),.UNSPECIFIED.,.F.,.F.,(4,3,3,
3,3,3,3,3,3,3,3,3,3,3,3,3,3,3,3,3,4),(-0.000354297895573168,1.62630325872826E-19,
0.00529065397063017,0.0105302561292059,0.011784096954028,0.0171375475219188,
0.0224076074551351,0.0243523753278104,0.0283404735392866,0.0302767381230427,
0.0317888076385733,0.033461664156183,0.0362069001877799,0.0397464523545482,
0.0417128596454611,0.0427694994925031,0.0479172350471791,0.0512191125863175,
0.0561194784648679,0.0596825747056972,0.0599710442155217),.UNSPECIFIED.);
#356=B_SPLINE_CURVE_WITH_KNOTS('',3,(#7722,#7723,#7724,#7725,#7726,#7727,
#7728,#7729),.UNSPECIFIED.,.F.,.F.,(4,1,1,1,1,4),(-2.21849183895756,-1.997551838495,
-1.54875288798217,-1.09995393746934,-0.202356036443686,-0.0350353357882289),
 .UNSPECIFIED.);
#357=B_SPLINE_CURVE_WITH_KNOTS('',3,(#7732,#7733,#7734,#7735,#7736,#7737,
#7738),.UNSPECIFIED.,.F.,.F.,(4,1,1,1,4),(-6.40977043075186,-6.24469803561239,
-5.34710013458673,-4.44950223356108,-4.06814723773964),.UNSPECIFIED.);
#358=B_SPLINE_CURVE_WITH_KNOTS('',3,(#7740,#7741,#7742,#7743,#7744,#7745,
#7746),.UNSPECIFIED.,.F.,.F.,(4,1,1,1,4),(-2.93419240644776,-2.73241282703372,
-1.83481492600806,-0.937217024982407,-0.568306024504534),.UNSPECIFIED.);
#359=B_SPLINE_CURVE_WITH_KNOTS('',3,(#7747,#7748,#7749,#7750,#7751,#7752),
 .UNSPECIFIED.,.F.,.F.,(4,1,1,4),(-7.21460136775082,-6.42651556842329,-5.52891766739764,
-5.00235942968148),.UNSPECIFIED.);
#360=B_SPLINE_CURVE_WITH_KNOTS('',3,(#7805,#7806,#7807,#7808,#7809),
 .UNSPECIFIED.,.F.,.F.,(4,1,4),(-3.24438518264389,-2.65430643150977,-1.75670853048411),
 .UNSPECIFIED.);
#361=B_SPLINE_CURVE_WITH_KNOTS('',3,(#7812,#7813,#7814,#7815),
 .UNSPECIFIED.,.F.,.F.,(4,4),(-8.0398938376637,-7.25511051245911),
 .UNSPECIFIED.);
#362=B_SPLINE_CURVE_WITH_KNOTS('',3,(#7816,#7817,#7818,#7819,#7820,#7821,
#7822,#7823,#7824,#7825,#7826,#7827,#7828,#7829,#7830,#7831,#7832,#7833,
#7834,#7835,#7836,#7837,#7838,#7839),.UNSPECIFIED.,.F.,.F.,(4,2,2,2,2,2,
2,2,2,2,2,4),(-0.000336007528597918,0.,0.008673768931021,0.020167770831816,
0.0267347686347729,0.029978685924027,0.0319405531359272,0.0337045395255207,
0.035950897223552,0.0405345018665293,0.0670341178598217,0.0674172784666732),
 .UNSPECIFIED.);
#363=B_SPLINE_CURVE_WITH_KNOTS('',3,(#7891,#7892,#7893,#7894,#7895),
 .UNSPECIFIED.,.F.,.F.,(4,1,4),(0.276972497790698,0.857978777068903,1.75557667809456),
 .UNSPECIFIED.);
#364=B_SPLINE_CURVE_WITH_KNOTS('',3,(#7898,#7899,#7900,#7901),
 .UNSPECIFIED.,.F.,.F.,(4,4),(-4.52760862908503,-3.67174830746295),
 .UNSPECIFIED.);
#365=B_SPLINE_CURVE_WITH_KNOTS('',3,(#7902,#7903,#7904,#7905,#7906,#7907,
#7908,#7909,#7910,#7911,#7912,#7913,#7914,#7915,#7916,#7917,#7918,#7919,
#7920,#7921,#7922,#7923),.UNSPECIFIED.,.F.,.F.,(4,2,2,2,2,2,2,2,2,2,4),
(-0.00038871447666183,0.,0.0147545366068373,0.0216988349262715,0.0251074730956604,
0.0271179492933867,0.0288923957683701,0.0311057910514988,0.0353235835089879,
0.0569878447638505,0.05741394446174),.UNSPECIFIED.);
#366=B_SPLINE_CURVE_WITH_KNOTS('',3,(#7985,#7986,#7987,#7988,#7989),
 .UNSPECIFIED.,.F.,.F.,(4,1,4),(-4.26591673521677,-3.73372186534633,-2.83612396432067),
 .UNSPECIFIED.);
#367=B_SPLINE_CURVE_WITH_KNOTS('',3,(#7991,#7992,#7993,#7994,#7995),
 .UNSPECIFIED.,.F.,.F.,(4,1,4),(-9.11930927150026,-8.67051032098743,-8.31125808784215),
 .UNSPECIFIED.);
#368=B_SPLINE_CURVE_WITH_KNOTS('',3,(#7999,#8000,#8001,#8002,#8003,#8004,
#8005,#8006),.UNSPECIFIED.,.F.,.F.,(4,2,2,4),(0.175313702640099,0.193853162655815,
0.212392622671532,0.225788880704107),.UNSPECIFIED.);
#369=B_SPLINE_CURVE_WITH_KNOTS('',3,(#8010,#8011,#8012,#8013,#8014,#8015,
#8016,#8017),.UNSPECIFIED.,.F.,.F.,(4,2,2,4),(0.191402539063787,0.209791524118192,
0.228180509172596,0.243754763093878),.UNSPECIFIED.);
#370=B_SPLINE_CURVE_WITH_KNOTS('',3,(#8031,#8032,#8033,#8034,#8035,#8036),
 .UNSPECIFIED.,.F.,.F.,(4,2,4),(0.0565131728548366,0.0730110765422642,0.103037250414172),
 .UNSPECIFIED.);
#371=B_SPLINE_CURVE_WITH_KNOTS('',3,(#8040,#8041,#8042,#8043,#8044,#8045,
#8046,#8047),.UNSPECIFIED.,.F.,.F.,(4,2,2,4),(0.300028727507158,0.313424985539733,
0.331964445555449,0.350503905571165),.UNSPECIFIED.);
#372=B_SPLINE_CURVE_WITH_KNOTS('',3,(#8051,#8052,#8053,#8054,#8055,#8056,
#8057,#8058),.UNSPECIFIED.,.F.,.F.,(4,2,2,4),(-0.0525069970945135,-0.0406252739704995,
-0.0203126369852498,0.),.UNSPECIFIED.);
#373=B_SPLINE_CURVE_WITH_KNOTS('',3,(#8069,#8070,#8071,#8072,#8073,#8074,
#8075,#8076),.UNSPECIFIED.,.F.,.F.,(4,2,2,4),(0.124515967930442,0.135543088015585,
0.155297569850131,0.175052051684677),.UNSPECIFIED.);
#374=B_SPLINE_CURVE_WITH_KNOTS('',3,(#8080,#8081,#8082,#8083,#8084,#8085,
#8086,#8087),.UNSPECIFIED.,.F.,.F.,(4,2,2,4),(0.140234021038842,0.152087623837928,
0.172381249799559,0.19267487576119),.UNSPECIFIED.);
#375=B_SPLINE_CURVE_WITH_KNOTS('',3,(#8093,#8094,#8095,#8096,#8097,#8098),
 .UNSPECIFIED.,.F.,.F.,(4,2,4),(0.34363296951444,0.373516950051481,0.389920751516499),
 .UNSPECIFIED.);
#376=B_SPLINE_CURVE_WITH_KNOTS('',3,(#8110,#8111,#8112,#8113,#8114,#8115,
#8116,#8117),.UNSPECIFIED.,.F.,.F.,(4,2,2,4),(0.174943887463079,0.194698369297624,
0.21445285113217,0.225479971217313),.UNSPECIFIED.);
#377=B_SPLINE_CURVE_WITH_KNOTS('',3,(#8121,#8122,#8123,#8124,#8125,#8126,
#8127,#8128),.UNSPECIFIED.,.F.,.F.,(4,2,2,4),(0.,0.0183931254963017,0.0367862509926035,
0.0522881980130138),.UNSPECIFIED.);
#378=B_SPLINE_CURVE_WITH_KNOTS('',3,(#8146,#8147,#8148,#8149,#8150,#8151),
 .UNSPECIFIED.,.F.,.F.,(4,2,4),(0.0560908505059008,0.0695316478909401,0.102597826884396),
 .UNSPECIFIED.);
#379=B_SPLINE_CURVE_WITH_KNOTS('',3,(#8154,#8155,#8156,#8157),
 .UNSPECIFIED.,.F.,.F.,(4,4),(0.632572274894653,0.71869912224911),
 .UNSPECIFIED.);
#380=B_SPLINE_CURVE_WITH_KNOTS('',3,(#8182,#8183,#8184,#8185),
 .UNSPECIFIED.,.F.,.F.,(4,4),(0.328811190798192,0.41493803815265),
 .UNSPECIFIED.);
#381=B_SPLINE_CURVE_WITH_KNOTS('',3,(#8188,#8189,#8190,#8191,#8192,#8193),
 .UNSPECIFIED.,.F.,.F.,(4,2,4),(0.12146562663057,0.154712219297453,0.168211826340022),
 .UNSPECIFIED.);
#382=B_SPLINE_CURVE_WITH_KNOTS('',3,(#8195,#8196,#8197,#8198),
 .UNSPECIFIED.,.F.,.F.,(4,4),(0.621966055427943,0.710267462695714),
 .UNSPECIFIED.);
#383=B_SPLINE_CURVE_WITH_KNOTS('',3,(#8217,#8218,#8219,#8220),
 .UNSPECIFIED.,.F.,.F.,(4,4),(0.326713889927821,0.415015297195594),
 .UNSPECIFIED.);
#384=B_SPLINE_CURVE_WITH_KNOTS('',3,(#8430,#8431,#8432,#8433,#8434,#8435,
#8436,#8437,#8438),.UNSPECIFIED.,.F.,.F.,(4,1,1,1,1,1,4),(-1.52638734254924,
-1.30833200789935,-1.09027667324946,-0.654166003949675,-0.436110669299783,
-0.218055334649892,0.),.UNSPECIFIED.);
#385=B_SPLINE_CURVE_WITH_KNOTS('',3,(#8439,#8440,#8441,#8442,#8443,#8444,
#8445,#8446,#8447),.UNSPECIFIED.,.F.,.F.,(4,1,1,1,1,1,4),(0.,0.218055334649892,
0.436110669299783,0.654166003949675,1.09027667324946,1.30833200789935,1.52638734254924),
 .UNSPECIFIED.);
#386=B_SPLINE_CURVE_WITH_KNOTS('',3,(#8491,#8492,#8493,#8494,#8495,#8496,
#8497,#8498),.UNSPECIFIED.,.F.,.F.,(4,1,1,1,1,4),(-1.45891791408957,-1.25050106921963,
-1.04208422434969,-0.625250534609816,-0.416833689739877,0.),
 .UNSPECIFIED.);
#387=B_SPLINE_CURVE_WITH_KNOTS('',3,(#8499,#8500,#8501,#8502,#8503,#8504,
#8505,#8506),.UNSPECIFIED.,.F.,.F.,(4,1,1,1,1,4),(0.,0.416833689739877,
0.625250534609816,1.04208422434969,1.25050106921963,1.45891791408957),
 .UNSPECIFIED.);
#388=B_SPLINE_CURVE_WITH_KNOTS('',3,(#8536,#8537,#8538,#8539,#8540),
 .UNSPECIFIED.,.F.,.F.,(4,1,4),(-0.432464914527301,-0.247122808301315,0.),
 .UNSPECIFIED.);
#389=B_SPLINE_CURVE_WITH_KNOTS('',3,(#8542,#8543,#8544,#8545,#8546),
 .UNSPECIFIED.,.F.,.F.,(4,1,4),(0.,0.247122808301315,0.432464914527301),
 .UNSPECIFIED.);
#390=B_SPLINE_CURVE_WITH_KNOTS('',3,(#8549,#8550,#8551,#8552),
 .UNSPECIFIED.,.F.,.F.,(4,4),(-0.0284938105240751,0.),.UNSPECIFIED.);
#391=B_SPLINE_CURVE_WITH_KNOTS('',3,(#8560,#8561,#8562,#8563),
 .UNSPECIFIED.,.F.,.F.,(4,4),(0.,0.0284938105240751),.UNSPECIFIED.);
#392=B_SPLINE_CURVE_WITH_KNOTS('',3,(#8591,#8592,#8593,#8594,#8595),
 .UNSPECIFIED.,.F.,.F.,(4,1,4),(-0.432464914529351,-0.185342106226865,0.),
 .UNSPECIFIED.);
#393=B_SPLINE_CURVE_WITH_KNOTS('',3,(#8597,#8598,#8599,#8600,#8601),
 .UNSPECIFIED.,.F.,.F.,(4,1,4),(0.,0.185342106226865,0.432464914529351),
 .UNSPECIFIED.);
#394=B_SPLINE_CURVE_WITH_KNOTS('',3,(#8622,#8623,#8624,#8625),
 .UNSPECIFIED.,.F.,.F.,(4,4),(-0.0186149512043846,-2.88589283508302E-12),
 .UNSPECIFIED.);
#395=B_SPLINE_CURVE_WITH_KNOTS('',3,(#8626,#8627,#8628,#8629),
 .UNSPECIFIED.,.F.,.F.,(4,4),(2.88589283508302E-12,0.0186149512043846),
 .UNSPECIFIED.);
#396=B_SPLINE_CURVE_WITH_KNOTS('',3,(#8667,#8668,#8669,#8670,#8671,#8672,
#8673),.UNSPECIFIED.,.F.,.F.,(4,1,1,1,4),(-1.45891791409352,-1.25050106922302,
-0.833667379482013,-0.416833689741007,0.),.UNSPECIFIED.);
#397=B_SPLINE_CURVE_WITH_KNOTS('',3,(#8725,#8726,#8727,#8728,#8729,#8730,
#8731,#8732,#8733),.UNSPECIFIED.,.F.,.F.,(4,1,1,1,1,1,4),(0.,0.21805533465679,
0.436110669313579,0.654166003970369,1.09027667328395,1.30833200794074,1.52638734259753),
 .UNSPECIFIED.);
#398=B_SPLINE_CURVE_WITH_KNOTS('',3,(#8754,#8755,#8756,#8757),
 .UNSPECIFIED.,.F.,.F.,(4,4),(3.67914495821188E-16,0.018580079787648),
 .UNSPECIFIED.);
#399=B_SPLINE_CURVE_WITH_KNOTS('',3,(#8786,#8787,#8788,#8789,#8790),
 .UNSPECIFIED.,.F.,.F.,(4,1,4),(-0.432464914537712,-0.247122808307264,0.),
 .UNSPECIFIED.);
#400=B_SPLINE_CURVE_WITH_KNOTS('',3,(#8795,#8796,#8797,#8798),
 .UNSPECIFIED.,.F.,.F.,(4,4),(-0.0284938105240751,0.),.UNSPECIFIED.);
#401=B_SPLINE_CURVE_WITH_KNOTS('',3,(#8832,#8833,#8834,#8835,#8836),
 .UNSPECIFIED.,.F.,.F.,(4,1,4),(-0.432464914517645,-0.247122808295797,0.),
 .UNSPECIFIED.);
#402=B_SPLINE_CURVE_WITH_KNOTS('',3,(#8839,#8840,#8841,#8842,#8843),
 .UNSPECIFIED.,.F.,.F.,(4,1,4),(0.,0.247122808295797,0.432464914517645),
 .UNSPECIFIED.);
#403=B_SPLINE_CURVE_WITH_KNOTS('',3,(#8864,#8865,#8866,#8867),
 .UNSPECIFIED.,.F.,.F.,(4,4),(2.88621088085552E-12,0.0186149512882204),
 .UNSPECIFIED.);
#404=B_SPLINE_CURVE_WITH_KNOTS('',3,(#8888,#8889,#8890,#8891),
 .UNSPECIFIED.,.F.,.F.,(4,4),(-0.0185800797052309,0.),.UNSPECIFIED.);
#405=B_SPLINE_CURVE_WITH_KNOTS('',3,(#8892,#8893,#8894,#8895),
 .UNSPECIFIED.,.F.,.F.,(4,4),(0.,0.0185800797052309),.UNSPECIFIED.);
#406=B_SPLINE_CURVE_WITH_KNOTS('',3,(#8986,#8987,#8988,#8989,#8990,#8991,
#8992,#8993,#8994,#8995,#8996,#8997,#8998,#8999,#9000,#9001,#9002,#9003,
#9004,#9005,#9006,#9007),.UNSPECIFIED.,.F.,.F.,(4,2,2,2,2,2,2,2,2,2,4),
(-0.692611301286238,-0.673004295018536,-0.620350903714731,-0.572463880771719,
-0.527395452384134,-0.482046509573186,-0.433950598325212,-0.385195929165394,
-0.336162490273237,-0.287721341214133,-0.252238790766811),.UNSPECIFIED.);
#407=B_SPLINE_CURVE_WITH_KNOTS('',3,(#9015,#9016,#9017,#9018,#9019,#9020,
#9021,#9022),.UNSPECIFIED.,.F.,.F.,(4,2,2,4),(0.257991720355623,0.292427072842409,
0.338279192314972,0.384131311787536),.UNSPECIFIED.);
#408=B_SPLINE_CURVE_WITH_KNOTS('',3,(#9023,#9024,#9025,#9026,#9027,#9028,
#9029,#9030),.UNSPECIFIED.,.F.,.F.,(4,2,2,4),(-0.252238790766811,-0.242008565746308,
-0.199178857331396,-0.169200235232273),.UNSPECIFIED.);
#409=B_SPLINE_CURVE_WITH_KNOTS('',3,(#9035,#9036,#9037,#9038,#9039,#9040),
 .UNSPECIFIED.,.F.,.F.,(4,2,4),(-0.455224693898247,-0.419280655652672,-0.412536125320802),
 .UNSPECIFIED.);
#410=B_SPLINE_CURVE_WITH_KNOTS('',3,(#9042,#9043,#9044,#9045,#9046,#9047,
#9048,#9049,#9050,#9051),.UNSPECIFIED.,.F.,.F.,(4,2,2,2,4),(0.,0.0458521194725635,
0.0917042389451269,0.129243711594592,0.152784459955422),.UNSPECIFIED.);
#411=B_SPLINE_CURVE_WITH_KNOTS('',3,(#9058,#9059,#9060,#9061,#9062,#9063,
#9064,#9065,#9066,#9067,#9068,#9069,#9070,#9071,#9072,#9073,#9074,#9075,
#9076,#9077),.UNSPECIFIED.,.F.,.F.,(4,2,2,2,2,2,2,2,2,4),(-0.412536125320802,
-0.377444262092895,-0.33533609198887,-0.293389535027155,-0.252638572331266,
-0.214366377887569,-0.177670335073269,-0.138254728875439,-0.0932908867240619,
-0.0543469891612305),.UNSPECIFIED.);
#412=B_SPLINE_CURVE_WITH_KNOTS('',3,(#9095,#9096,#9097,#9098,#9099,#9100,
#9101,#9102,#9103,#9104),.UNSPECIFIED.,.F.,.F.,(4,2,2,2,4),(0.122577802091627,
0.157208970418218,0.185544205275368,0.213895208861411,0.214576975513776),
 .UNSPECIFIED.);
#413=B_SPLINE_CURVE_WITH_KNOTS('',3,(#9105,#9106,#9107,#9108,#9109,#9110,
#9111,#9112,#9113,#9114,#9115,#9116,#9117,#9118),.UNSPECIFIED.,.F.,.F.,
(4,2,2,2,2,2,4),(-0.214026991205765,-0.162560430013376,-0.110324961965139,
-0.0567211632184168,-0.0283684708207623,0.,0.000682186694874963),
 .UNSPECIFIED.);
#414=B_SPLINE_CURVE_WITH_KNOTS('',3,(#9121,#9122,#9123,#9124,#9125,#9126,
#9127,#9128,#9129,#9130,#9131,#9132,#9133,#9134),.UNSPECIFIED.,.F.,.F.,
(4,2,2,2,2,2,4),(-0.214576975504742,-0.213895208851854,-0.185544205275335,
-0.157208970418194,-0.103638177019783,-0.0514348718006271,0.),
 .UNSPECIFIED.);
#415=B_SPLINE_CURVE_WITH_KNOTS('',3,(#9137,#9138,#9139,#9140,#9141,#9142,
#9143,#9144,#9145,#9146,#9147,#9148,#9149,#9150),.UNSPECIFIED.,.F.,.F.,
(4,2,2,2,2,2,4),(-0.214026991018689,-0.162560429874399,-0.11032496187498,
-0.056721163178358,-0.0283684708072229,0.,0.000682186693537256),
 .UNSPECIFIED.);
#416=B_SPLINE_CURVE_WITH_KNOTS('',3,(#9153,#9154,#9155,#9156,#9157,#9158,
#9159,#9160,#9161,#9162,#9163,#9164,#9165,#9166),.UNSPECIFIED.,.F.,.F.,
(4,2,2,2,2,2,4),(-0.00068218669290751,0.,0.0283684708014424,0.0567211631612423,
0.110324961836404,0.162560429814911,0.214026990938597),.UNSPECIFIED.);
#417=B_SPLINE_CURVE_WITH_KNOTS('',3,(#9171,#9172,#9173,#9174,#9175,#9176,
#9177,#9178,#9179,#9180,#9181,#9182,#9183,#9184),.UNSPECIFIED.,.F.,.F.,
(4,2,2,2,2,2,4),(-0.214576975506952,-0.213895208854191,-0.185544205275374,
-0.157208970418228,-0.103638177019806,-0.0514348718006331,0.),
 .UNSPECIFIED.);
#418=B_SPLINE_CURVE_WITH_KNOTS('',3,(#9199,#9200,#9201,#9202,#9203,#9204,
#9205,#9206,#9207,#9208,#9209,#9210,#9211,#9212),.UNSPECIFIED.,.F.,.F.,
(4,2,2,2,2,2,4),(-0.214576975492283,-0.213895208838659,-0.185544205275363,
-0.157208970418214,-0.103638177019794,-0.051434871800629,0.),
 .UNSPECIFIED.);
#419=B_SPLINE_CURVE_WITH_KNOTS('',3,(#9216,#9217,#9218,#9219,#9220,#9221,
#9222,#9223,#9224,#9225),.UNSPECIFIED.,.F.,.F.,(4,2,2,2,4),(-0.0760118866070275,
-0.0567211631831157,-0.0283684708088329,0.,0.000682186693648092),
 .UNSPECIFIED.);
#420=B_SPLINE_CURVE_WITH_KNOTS('',3,(#9245,#9246,#9247,#9248,#9249,#9250,
#9251,#9252,#9253,#9254,#9255,#9256),.UNSPECIFIED.,.F.,.F.,(4,2,2,2,2,4),
(-0.253334544436316,-0.240735493248044,-0.197303271433145,-0.140844355064496,
-0.0725215326440089,0.),.UNSPECIFIED.);
#421=B_SPLINE_CURVE_WITH_KNOTS('',3,(#9257,#9258,#9259,#9260,#9261,#9262,
#9263,#9264,#9265,#9266,#9267,#9268,#9269,#9270),.UNSPECIFIED.,.F.,.F.,
(4,2,2,2,2,2,4),(-0.23791443158762,-0.237304088795099,-0.206220660829756,
-0.175187363012628,-0.116122012214442,-0.0578678311129271,0.),
 .UNSPECIFIED.);
#422=B_SPLINE_CURVE_WITH_KNOTS('',3,(#9276,#9277,#9278,#9279,#9280,#9281,
#9282,#9283,#9284,#9285,#9286,#9287,#9288,#9289),.UNSPECIFIED.,.F.,.F.,
(4,2,2,2,2,2,4),(-0.000610683709352691,0.,0.0311007901160658,0.0621514220829399,
0.121249764786836,0.179536484702127,0.237436638826801),.UNSPECIFIED.);
#423=B_SPLINE_CURVE_WITH_KNOTS('',3,(#9293,#9294,#9295,#9296,#9297,#9298,
#9299,#9300,#9301,#9302,#9303,#9304),.UNSPECIFIED.,.F.,.F.,(4,2,2,2,2,4),
(-0.497931025893087,-0.437755866467027,-0.371971665925576,-0.319192200006472,
-0.277783200967826,-0.251638611356833),.UNSPECIFIED.);
#424=B_SPLINE_CURVE_WITH_KNOTS('',3,(#9314,#9315,#9316,#9317,#9318,#9319,
#9320,#9321,#9322,#9323,#9324,#9325,#9326,#9327,#9328,#9329,#9330,#9331,
#9332,#9333,#9334,#9335),.UNSPECIFIED.,.F.,.F.,(4,3,3,3,3,3,3,4),(-0.304180501847887,
-0.260779225200171,-0.217377948552451,-0.173976671904729,-0.130482503928546,
-0.087081227280823,-0.0435406136404115,0.),.UNSPECIFIED.);
#425=B_SPLINE_CURVE_WITH_KNOTS('',3,(#9336,#9337,#9338,#9339),
 .UNSPECIFIED.,.F.,.F.,(4,4),(-0.127018408438289,0.),.UNSPECIFIED.);
#426=B_SPLINE_SURFACE_WITH_KNOTS('',3,1,((#5876,#5877),(#5878,#5879),(#5880,
#5881),(#5882,#5883),(#5884,#5885)),.UNSPECIFIED.,.F.,.F.,.F.,(4,1,4),(2,
2),(-0.0248889443228944,-0.0117940388741173,0.),(-0.0640519098253771,0.1),
 .UNSPECIFIED.);
#427=B_SPLINE_SURFACE_WITH_KNOTS('',3,1,((#5904,#5905),(#5906,#5907),(#5908,
#5909),(#5910,#5911),(#5912,#5913)),.UNSPECIFIED.,.F.,.F.,.F.,(4,1,4),(2,
2),(-0.0422076321152988,-0.0140815546164105,0.),(-0.0771215524155248,0.1),
 .UNSPECIFIED.);
#428=B_SPLINE_SURFACE_WITH_KNOTS('',3,1,((#5962,#5963),(#5964,#5965),(#5966,
#5967),(#5968,#5969),(#5970,#5971)),.UNSPECIFIED.,.F.,.F.,.F.,(4,1,4),(2,
2),(-0.0519854646598138,-0.0330542316995895,0.),(-0.0697871188664031,0.1),
 .UNSPECIFIED.);
#429=B_SPLINE_SURFACE_WITH_KNOTS('',3,1,((#5987,#5988),(#5989,#5990),(#5991,
#5992),(#5993,#5994),(#5995,#5996)),.UNSPECIFIED.,.F.,.F.,.F.,(4,1,4),(2,
2),(-0.0212257980983096,-0.0111803679673845,0.),(-0.0612305316451061,0.1),
 .UNSPECIFIED.);
#430=B_SPLINE_SURFACE_WITH_KNOTS('',3,1,((#6012,#6013),(#6014,#6015),(#6016,
#6017),(#6018,#6019),(#6020,#6021)),.UNSPECIFIED.,.F.,.F.,.F.,(4,1,4),(2,
2),(-0.0293640504965021,-0.0121089027321374,0.),(-0.0687211183429738,0.1),
 .UNSPECIFIED.);
#431=B_SPLINE_SURFACE_WITH_KNOTS('',3,1,((#6130,#6131),(#6132,#6133),(#6134,
#6135),(#6136,#6137),(#6138,#6139)),.UNSPECIFIED.,.F.,.F.,.F.,(4,1,4),(2,
2),(-0.0521549289011506,-0.0338004964572896,0.),(-0.0833769517794429,0.1),
 .UNSPECIFIED.);
#432=B_SPLINE_SURFACE_WITH_KNOTS('',3,1,((#6149,#6150),(#6151,#6152),(#6153,
#6154),(#6155,#6156),(#6157,#6158)),.UNSPECIFIED.,.F.,.F.,.F.,(4,1,4),(2,
2),(-0.0205145698543051,-0.0103953544502413,0.),(-0.0603615732592326,0.1),
 .UNSPECIFIED.);
#433=B_SPLINE_SURFACE_WITH_KNOTS('',3,1,((#6168,#6169),(#6170,#6171),(#6172,
#6173),(#6174,#6175),(#6176,#6177)),.UNSPECIFIED.,.F.,.F.,.F.,(4,1,4),(2,
2),(-0.0225267188403215,-0.0106198863300624,0.),(-0.0536627433486504,0.1),
 .UNSPECIFIED.);
#434=B_SPLINE_SURFACE_WITH_KNOTS('',3,1,((#6187,#6188),(#6189,#6190),(#6191,
#6192),(#6193,#6194),(#6195,#6196)),.UNSPECIFIED.,.F.,.F.,.F.,(4,1,4),(2,
2),(-0.0249982005272572,-0.0132031543920699,0.),(-0.0550712847385035,0.1),
 .UNSPECIFIED.);
#435=B_SPLINE_SURFACE_WITH_KNOTS('',3,1,((#6212,#6213),(#6214,#6215),(#6216,
#6217),(#6218,#6219),(#6220,#6221)),.UNSPECIFIED.,.F.,.F.,.F.,(4,1,4),(2,
2),(-0.0673574953287806,-0.0396709332644251,0.),(-0.092909389891925,0.1),
 .UNSPECIFIED.);
#436=B_SPLINE_SURFACE_WITH_KNOTS('',3,1,((#6231,#6232),(#6233,#6234),(#6235,
#6236),(#6237,#6238),(#6239,#6240)),.UNSPECIFIED.,.F.,.F.,.F.,(4,1,4),(2,
2),(-0.0437595586907431,-0.0215758642346839,0.),(-0.0715369008707322,0.1),
 .UNSPECIFIED.);
#437=B_SPLINE_SURFACE_WITH_KNOTS('',3,1,((#6250,#6251),(#6252,#6253),(#6254,
#6255),(#6256,#6257),(#6258,#6259)),.UNSPECIFIED.,.F.,.F.,.F.,(4,1,4),(2,
2),(-0.047305312200623,-0.023127906850621,0.),(-0.0582519294902968,0.1),
 .UNSPECIFIED.);
#438=B_SPLINE_SURFACE_WITH_KNOTS('',3,1,((#6269,#6270),(#6271,#6272),(#6273,
#6274),(#6275,#6276),(#6277,#6278)),.UNSPECIFIED.,.F.,.F.,.F.,(4,1,4),(2,
2),(-0.0575198103420377,-0.0297977694251678,0.),(-0.061921097347147,0.1),
 .UNSPECIFIED.);
#439=B_SPLINE_SURFACE_WITH_KNOTS('',3,1,((#6288,#6289),(#6290,#6291),(#6292,
#6293),(#6294,#6295),(#6296,#6297)),.UNSPECIFIED.,.F.,.F.,.F.,(4,1,4),(2,
2),(-0.0634855749206196,-0.0291788845272147,0.),(-0.0862793956977254,0.1),
 .UNSPECIFIED.);
#440=B_SPLINE_SURFACE_WITH_KNOTS('',3,1,((#6307,#6308),(#6309,#6310),(#6311,
#6312),(#6313,#6314),(#6315,#6316)),.UNSPECIFIED.,.F.,.F.,.F.,(4,1,4),(2,
2),(-0.0392890816878164,-0.0206049699540769,0.),(-0.0700139502318312,0.1),
 .UNSPECIFIED.);
#441=B_SPLINE_SURFACE_WITH_KNOTS('',3,1,((#6326,#6327),(#6328,#6329),(#6330,
#6331),(#6332,#6333),(#6334,#6335)),.UNSPECIFIED.,.F.,.F.,.F.,(4,1,4),(2,
2),(-0.0570074697344397,-0.0231367907703676,0.),(-0.0713775380669956,0.1),
 .UNSPECIFIED.);
#442=B_SPLINE_SURFACE_WITH_KNOTS('',3,3,((#6640,#6641,#6642,#6643),(#6644,
#6645,#6646,#6647),(#6648,#6649,#6650,#6651),(#6652,#6653,#6654,#6655)),
 .UNSPECIFIED.,.F.,.F.,.F.,(4,4),(4,4),(0.074877207251184,0.928406959634639),
(0.,1.00000000000091),.UNSPECIFIED.);
#443=B_SPLINE_SURFACE_WITH_KNOTS('',3,3,((#6932,#6933,#6934,#6935,#6936,
#6937,#6938,#6939,#6940,#6941),(#6942,#6943,#6944,#6945,#6946,#6947,#6948,
#6949,#6950,#6951),(#6952,#6953,#6954,#6955,#6956,#6957,#6958,#6959,#6960,
#6961),(#6962,#6963,#6964,#6965,#6966,#6967,#6968,#6969,#6970,#6971)),
 .UNSPECIFIED.,.F.,.F.,.F.,(4,4),(4,1,1,1,1,1,1,4),(0.,1.),(-2.3523146833804,
-1.65314744696539,-0.953980210550385,-0.254812974135377,0.444354262279632,
1.14352149869464,1.84268873510965,2.54185597152466),.UNSPECIFIED.);
#444=B_SPLINE_SURFACE_WITH_KNOTS('',3,3,((#7031,#7032,#7033,#7034,#7035,
#7036,#7037),(#7038,#7039,#7040,#7041,#7042,#7043,#7044),(#7045,#7046,#7047,
#7048,#7049,#7050,#7051),(#7052,#7053,#7054,#7055,#7056,#7057,#7058)),
 .UNSPECIFIED.,.F.,.F.,.F.,(4,4),(4,1,1,1,4),(0.,1.),(-0.0572798317240991,
-0.0237313207568403,0.0098171902104185,0.0349785734358626,0.0601399566613067),
 .UNSPECIFIED.);
#445=B_SPLINE_SURFACE_WITH_KNOTS('',3,3,((#7106,#7107,#7108,#7109,#7110,
#7111,#7112,#7113,#7114,#7115,#7116,#7117,#7118,#7119,#7120,#7121),(#7122,
#7123,#7124,#7125,#7126,#7127,#7128,#7129,#7130,#7131,#7132,#7133,#7134,
#7135,#7136,#7137),(#7138,#7139,#7140,#7141,#7142,#7143,#7144,#7145,#7146,
#7147,#7148,#7149,#7150,#7151,#7152,#7153),(#7154,#7155,#7156,#7157,#7158,
#7159,#7160,#7161,#7162,#7163,#7164,#7165,#7166,#7167,#7168,#7169)),
 .UNSPECIFIED.,.F.,.T.,.F.,(4,4),(4,1,1,1,1,1,1,1,1,1,1,1,1,4),(0.,1.),
(0.,0.0314629954574789,0.0629259909149577,0.0943889863724366,0.125851981829915,
0.173046475016134,0.188777972744873,0.228106717066722,0.251703963659831,
0.314629954574789,0.330361452303528,0.377555945489746,0.409018940947225,
0.440481936404704),.UNSPECIFIED.);
#446=B_SPLINE_SURFACE_WITH_KNOTS('',3,3,((#7281,#7282,#7283,#7284,#7285,
#7286,#7287,#7288,#7289,#7290,#7291,#7292,#7293,#7294,#7295,#7296),(#7297,
#7298,#7299,#7300,#7301,#7302,#7303,#7304,#7305,#7306,#7307,#7308,#7309,
#7310,#7311,#7312),(#7313,#7314,#7315,#7316,#7317,#7318,#7319,#7320,#7321,
#7322,#7323,#7324,#7325,#7326,#7327,#7328),(#7329,#7330,#7331,#7332,#7333,
#7334,#7335,#7336,#7337,#7338,#7339,#7340,#7341,#7342,#7343,#7344)),
 .UNSPECIFIED.,.F.,.T.,.F.,(4,4),(4,1,1,1,1,1,1,1,1,1,1,1,1,4),(0.,1.),
(0.,0.0314629840317259,0.0629259680634519,0.125851936126904,0.15731492015863,
0.173046412174493,0.188777904190356,0.251703872253807,0.26743536426967,
0.314629840317259,0.330361332333122,0.377555808380711,0.409018792412437,
0.440481776444163),.UNSPECIFIED.);
#447=B_SPLINE_SURFACE_WITH_KNOTS('',3,3,((#7386,#7387,#7388,#7389,#7390,
#7391,#7392,#7393,#7394,#7395,#7396,#7397,#7398,#7399,#7400,#7401,#7402,
#7403,#7404,#7405,#7406,#7407,#7408,#7409,#7410,#7411,#7412,#7413,#7414,
#7415,#7416),(#7417,#7418,#7419,#7420,#7421,#7422,#7423,#7424,#7425,#7426,
#7427,#7428,#7429,#7430,#7431,#7432,#7433,#7434,#7435,#7436,#7437,#7438,
#7439,#7440,#7441,#7442,#7443,#7444,#7445,#7446,#7447),(#7448,#7449,#7450,
#7451,#7452,#7453,#7454,#7455,#7456,#7457,#7458,#7459,#7460,#7461,#7462,
#7463,#7464,#7465,#7466,#7467,#7468,#7469,#7470,#7471,#7472,#7473,#7474,
#7475,#7476,#7477,#7478),(#7479,#7480,#7481,#7482,#7483,#7484,#7485,#7486,
#7487,#7488,#7489,#7490,#7491,#7492,#7493,#7494,#7495,#7496,#7497,#7498,
#7499,#7500,#7501,#7502,#7503,#7504,#7505,#7506,#7507,#7508,#7509)),
 .UNSPECIFIED.,.F.,.T.,.F.,(4,4),(4,1,1,2,2,2,2,2,1,1,1,2,2,1,1,1,1,2,2,
4),(0.,1.),(0.,0.0135911913494703,0.0271823826989406,0.0543647653978813,
0.0978282660459185,0.141291766693956,0.181872778340299,0.222453789986643,
0.250809503586524,0.279165217186405,0.307520930786286,0.335876644386167,
0.372127608169199,0.401685376698526,0.41646426096319,0.431243145227854,
0.446022029492518,0.49035868228651,0.524334770493069,0.558310858699628),
 .UNSPECIFIED.);
#448=B_SPLINE_SURFACE_WITH_KNOTS('',3,3,((#7571,#7572,#7573,#7574,#7575,
#7576,#7577,#7578,#7579,#7580,#7581,#7582,#7583,#7584,#7585),(#7586,#7587,
#7588,#7589,#7590,#7591,#7592,#7593,#7594,#7595,#7596,#7597,#7598,#7599,
#7600),(#7601,#7602,#7603,#7604,#7605,#7606,#7607,#7608,#7609,#7610,#7611,
#7612,#7613,#7614,#7615),(#7616,#7617,#7618,#7619,#7620,#7621,#7622,#7623,
#7624,#7625,#7626,#7627,#7628,#7629,#7630),(#7631,#7632,#7633,#7634,#7635,
#7636,#7637,#7638,#7639,#7640,#7641,#7642,#7643,#7644,#7645)),
 .UNSPECIFIED.,.F.,.T.,.F.,(4,1,4),(4,1,1,1,1,1,1,1,1,1,1,1,4),(0.,0.5,
1.),(-2.49043766663328,-2.04163871612045,-1.59283976560762,-0.695241864581969,
-0.246442914069141,0.202356036443686,1.09995393746934,1.54875288798217,
1.997551838495,2.44635078900782,2.89514973952065,3.34394869003348,3.79274764054631),
 .UNSPECIFIED.);
#449=B_SPLINE_SURFACE_WITH_KNOTS('',3,3,((#7754,#7755,#7756,#7757,#7758,
#7759,#7760,#7761,#7762,#7763),(#7764,#7765,#7766,#7767,#7768,#7769,#7770,
#7771,#7772,#7773),(#7774,#7775,#7776,#7777,#7778,#7779,#7780,#7781,#7782,
#7783),(#7784,#7785,#7786,#7787,#7788,#7789,#7790,#7791,#7792,#7793),(#7794,
#7795,#7796,#7797,#7798,#7799,#7800,#7801,#7802,#7803)),.UNSPECIFIED.,.F.,
 .T.,.F.,(4,1,4),(4,1,1,1,1,1,1,4),(0.,0.5,1.),(1.75670853048411,2.65430643150977,
3.55190433253542,4.44950223356108,5.34710013458673,6.24469803561239,7.14229593663804,
8.0398938376637),.UNSPECIFIED.);
#450=B_SPLINE_SURFACE_WITH_KNOTS('',3,3,((#7840,#7841,#7842,#7843,#7844,
#7845,#7846,#7847,#7848,#7849),(#7850,#7851,#7852,#7853,#7854,#7855,#7856,
#7857,#7858,#7859),(#7860,#7861,#7862,#7863,#7864,#7865,#7866,#7867,#7868,
#7869),(#7870,#7871,#7872,#7873,#7874,#7875,#7876,#7877,#7878,#7879),(#7880,
#7881,#7882,#7883,#7884,#7885,#7886,#7887,#7888,#7889)),.UNSPECIFIED.,.F.,
 .T.,.F.,(4,1,4),(4,1,1,1,1,1,1,4),(0.,0.5,1.),(-1.75557667809456,-0.857978777068903,
0.039619123956752,0.937217024982407,1.83481492600806,2.73241282703372,3.63001072805937,
4.52760862908503),.UNSPECIFIED.);
#451=B_SPLINE_SURFACE_WITH_KNOTS('',3,3,((#7924,#7925,#7926,#7927,#7928,
#7929,#7930,#7931,#7932,#7933,#7934,#7935),(#7936,#7937,#7938,#7939,#7940,
#7941,#7942,#7943,#7944,#7945,#7946,#7947),(#7948,#7949,#7950,#7951,#7952,
#7953,#7954,#7955,#7956,#7957,#7958,#7959),(#7960,#7961,#7962,#7963,#7964,
#7965,#7966,#7967,#7968,#7969,#7970,#7971),(#7972,#7973,#7974,#7975,#7976,
#7977,#7978,#7979,#7980,#7981,#7982,#7983)),.UNSPECIFIED.,.F.,.T.,.F.,(4,
1,4),(4,1,1,1,1,1,1,1,1,4),(0.,0.5,1.),(2.83612396432067,3.73372186534633,
4.63131976637198,5.52891766739764,6.42651556842329,7.32411346944895,7.77291241996177,
8.2217113704746,8.67051032098743,9.11930927150026),.UNSPECIFIED.);
#452=B_SPLINE_SURFACE_WITH_KNOTS('',3,3,((#8382,#8383,#8384,#8385,#8386,
#8387,#8388,#8389,#8390),(#8391,#8392,#8393,#8394,#8395,#8396,#8397,#8398,
#8399),(#8400,#8401,#8402,#8403,#8404,#8405,#8406,#8407,#8408),(#8409,#8410,
#8411,#8412,#8413,#8414,#8415,#8416,#8417),(#8418,#8419,#8420,#8421,#8422,
#8423,#8424,#8425,#8426)),.UNSPECIFIED.,.F.,.F.,.F.,(4,1,4),(4,1,1,1,1,
1,4),(0.,0.571428571428571,1.),(0.,0.218055334649892,0.436110669299783,
0.654166003949675,1.09027667324946,1.30833200789935,1.52638734254924),
 .UNSPECIFIED.);
#453=B_SPLINE_SURFACE_WITH_KNOTS('',3,3,((#8448,#8449,#8450,#8451,#8452,
#8453,#8454,#8455),(#8456,#8457,#8458,#8459,#8460,#8461,#8462,#8463),(#8464,
#8465,#8466,#8467,#8468,#8469,#8470,#8471),(#8472,#8473,#8474,#8475,#8476,
#8477,#8478,#8479),(#8480,#8481,#8482,#8483,#8484,#8485,#8486,#8487)),
 .UNSPECIFIED.,.F.,.F.,.F.,(4,1,4),(4,1,1,1,1,4),(0.,0.571428571428571,
1.),(0.,0.416833689739877,0.625250534609816,1.04208422434969,1.25050106921963,
1.45891791408957),.UNSPECIFIED.);
#454=B_SPLINE_SURFACE_WITH_KNOTS('',3,3,((#8507,#8508,#8509,#8510,#8511),
(#8512,#8513,#8514,#8515,#8516),(#8517,#8518,#8519,#8520,#8521),(#8522,
#8523,#8524,#8525,#8526),(#8527,#8528,#8529,#8530,#8531)),.UNSPECIFIED.,
 .F.,.F.,.F.,(4,1,4),(4,1,4),(0.,0.571428571428571,1.),(0.,0.247122808301315,
0.432464914527301),.UNSPECIFIED.);
#455=B_SPLINE_SURFACE_WITH_KNOTS('',3,3,((#8565,#8566,#8567,#8568,#8569),
(#8570,#8571,#8572,#8573,#8574),(#8575,#8576,#8577,#8578,#8579),(#8580,
#8581,#8582,#8583,#8584),(#8585,#8586,#8587,#8588,#8589)),.UNSPECIFIED.,
 .F.,.F.,.F.,(4,1,4),(4,1,4),(0.,0.571428571428571,1.),(0.,0.185342106226865,
0.432464914529351),.UNSPECIFIED.);
#456=B_SPLINE_SURFACE_WITH_KNOTS('',3,3,((#8602,#8603,#8604,#8605),(#8606,
#8607,#8608,#8609),(#8610,#8611,#8612,#8613),(#8614,#8615,#8616,#8617),
(#8618,#8619,#8620,#8621)),.UNSPECIFIED.,.F.,.F.,.F.,(4,1,4),(4,4),(0.,
0.571428571428571,1.),(2.88589283508302E-12,0.0186149512043846),
 .UNSPECIFIED.);
#457=B_SPLINE_SURFACE_WITH_KNOTS('',3,3,((#8630,#8631,#8632,#8633,#8634,
#8635,#8636),(#8637,#8638,#8639,#8640,#8641,#8642,#8643),(#8644,#8645,#8646,
#8647,#8648,#8649,#8650),(#8651,#8652,#8653,#8654,#8655,#8656,#8657),(#8658,
#8659,#8660,#8661,#8662,#8663,#8664)),.UNSPECIFIED.,.F.,.F.,.F.,(4,1,4),
(4,1,1,1,4),(0.,0.571428571428571,1.),(0.,0.416833689741007,0.833667379482013,
1.25050106922302,1.45891791409352),.UNSPECIFIED.);
#458=B_SPLINE_SURFACE_WITH_KNOTS('',3,3,((#8678,#8679,#8680,#8681,#8682,
#8683,#8684,#8685,#8686),(#8687,#8688,#8689,#8690,#8691,#8692,#8693,#8694,
#8695),(#8696,#8697,#8698,#8699,#8700,#8701,#8702,#8703,#8704),(#8705,#8706,
#8707,#8708,#8709,#8710,#8711,#8712,#8713),(#8714,#8715,#8716,#8717,#8718,
#8719,#8720,#8721,#8722)),.UNSPECIFIED.,.F.,.F.,.F.,(4,1,4),(4,1,1,1,1,
1,4),(0.,0.571428571428571,1.),(0.,0.21805533465679,0.436110669313579,0.654166003970369,
1.09027667328395,1.30833200794074,1.52638734259753),.UNSPECIFIED.);
#459=B_SPLINE_SURFACE_WITH_KNOTS('',3,3,((#8734,#8735,#8736,#8737),(#8738,
#8739,#8740,#8741),(#8742,#8743,#8744,#8745),(#8746,#8747,#8748,#8749),
(#8750,#8751,#8752,#8753)),.UNSPECIFIED.,.F.,.F.,.F.,(4,1,4),(4,4),(0.,
0.571428571428571,1.),(3.67914495821188E-16,0.018580079787648),
 .UNSPECIFIED.);
#460=B_SPLINE_SURFACE_WITH_KNOTS('',3,3,((#8758,#8759,#8760,#8761,#8762),
(#8763,#8764,#8765,#8766,#8767),(#8768,#8769,#8770,#8771,#8772),(#8773,
#8774,#8775,#8776,#8777),(#8778,#8779,#8780,#8781,#8782)),.UNSPECIFIED.,
 .F.,.F.,.F.,(4,1,4),(4,1,4),(0.,0.571428571428571,1.),(0.,0.247122808307264,
0.432464914537712),.UNSPECIFIED.);
#461=B_SPLINE_SURFACE_WITH_KNOTS('',3,3,((#8806,#8807,#8808,#8809,#8810),
(#8811,#8812,#8813,#8814,#8815),(#8816,#8817,#8818,#8819,#8820),(#8821,
#8822,#8823,#8824,#8825),(#8826,#8827,#8828,#8829,#8830)),.UNSPECIFIED.,
 .F.,.F.,.F.,(4,1,4),(4,1,4),(0.,0.571428571428571,1.),(0.,0.247122808295797,
0.432464914517645),.UNSPECIFIED.);
#462=B_SPLINE_SURFACE_WITH_KNOTS('',3,3,((#8844,#8845,#8846,#8847),(#8848,
#8849,#8850,#8851),(#8852,#8853,#8854,#8855),(#8856,#8857,#8858,#8859),
(#8860,#8861,#8862,#8863)),.UNSPECIFIED.,.F.,.F.,.F.,(4,1,4),(4,4),(0.,
0.571428571428571,1.),(2.88621088085552E-12,0.0186149512882204),
 .UNSPECIFIED.);
#463=B_SPLINE_SURFACE_WITH_KNOTS('',3,3,((#8868,#8869,#8870,#8871),(#8872,
#8873,#8874,#8875),(#8876,#8877,#8878,#8879),(#8880,#8881,#8882,#8883),
(#8884,#8885,#8886,#8887)),.UNSPECIFIED.,.F.,.F.,.F.,(4,1,4),(4,4),(0.,
0.571428571428571,1.),(0.,0.0185800797052309),.UNSPECIFIED.);
#464=B_SPLINE_SURFACE_WITH_KNOTS('',3,3,((#8896,#8897,#8898,#8899),(#8900,
#8901,#8902,#8903),(#8904,#8905,#8906,#8907),(#8908,#8909,#8910,#8911)),
 .UNSPECIFIED.,.F.,.F.,.F.,(4,4),(4,4),(0.0862617091331961,0.913586532998136),
(0.,1.),.UNSPECIFIED.);
#465=B_SPLINE_SURFACE_WITH_KNOTS('',3,3,((#8915,#8916,#8917,#8918),(#8919,
#8920,#8921,#8922),(#8923,#8924,#8925,#8926),(#8927,#8928,#8929,#8930)),
 .UNSPECIFIED.,.F.,.F.,.F.,(4,4),(4,4),(0.0862617091274335,0.913586532991022),
(0.,1.),.UNSPECIFIED.);
#466=B_SPLINE_SURFACE_WITH_KNOTS('',3,3,((#9381,#9382,#9383,#9384),(#9385,
#9386,#9387,#9388),(#9389,#9390,#9391,#9392),(#9393,#9394,#9395,#9396)),
 .UNSPECIFIED.,.F.,.F.,.F.,(4,4),(4,4),(0.0748772072517868,0.928406959619212),
(0.,1.),.UNSPECIFIED.);
#467=FACE_OUTER_BOUND('',#698,.T.);
#468=FACE_OUTER_BOUND('',#699,.T.);
#469=FACE_OUTER_BOUND('',#700,.T.);
#470=FACE_OUTER_BOUND('',#701,.T.);
#471=FACE_OUTER_BOUND('',#702,.T.);
#472=FACE_OUTER_BOUND('',#703,.T.);
#473=FACE_OUTER_BOUND('',#704,.T.);
#474=FACE_OUTER_BOUND('',#705,.T.);
#475=FACE_OUTER_BOUND('',#706,.T.);
#476=FACE_OUTER_BOUND('',#707,.T.);
#477=FACE_OUTER_BOUND('',#708,.T.);
#478=FACE_OUTER_BOUND('',#709,.T.);
#479=FACE_OUTER_BOUND('',#710,.T.);
#480=FACE_OUTER_BOUND('',#711,.T.);
#481=FACE_OUTER_BOUND('',#712,.T.);
#482=FACE_OUTER_BOUND('',#713,.T.);
#483=FACE_OUTER_BOUND('',#714,.T.);
#484=FACE_OUTER_BOUND('',#715,.T.);
#485=FACE_OUTER_BOUND('',#716,.T.);
#486=FACE_OUTER_BOUND('',#717,.T.);
#487=FACE_OUTER_BOUND('',#718,.T.);
#488=FACE_OUTER_BOUND('',#719,.T.);
#489=FACE_OUTER_BOUND('',#720,.T.);
#490=FACE_OUTER_BOUND('',#721,.T.);
#491=FACE_OUTER_BOUND('',#722,.T.);
#492=FACE_OUTER_BOUND('',#723,.T.);
#493=FACE_OUTER_BOUND('',#724,.T.);
#494=FACE_OUTER_BOUND('',#725,.T.);
#495=FACE_OUTER_BOUND('',#727,.T.);
#496=FACE_OUTER_BOUND('',#728,.T.);
#497=FACE_OUTER_BOUND('',#729,.T.);
#498=FACE_OUTER_BOUND('',#730,.T.);
#499=FACE_OUTER_BOUND('',#731,.T.);
#500=FACE_OUTER_BOUND('',#732,.T.);
#501=FACE_OUTER_BOUND('',#733,.T.);
#502=FACE_OUTER_BOUND('',#734,.T.);
#503=FACE_OUTER_BOUND('',#735,.T.);
#504=FACE_OUTER_BOUND('',#736,.T.);
#505=FACE_OUTER_BOUND('',#737,.T.);
#506=FACE_OUTER_BOUND('',#738,.T.);
#507=FACE_OUTER_BOUND('',#739,.T.);
#508=FACE_OUTER_BOUND('',#740,.T.);
#509=FACE_OUTER_BOUND('',#741,.T.);
#510=FACE_OUTER_BOUND('',#746,.T.);
#511=FACE_OUTER_BOUND('',#747,.T.);
#512=FACE_OUTER_BOUND('',#748,.T.);
#513=FACE_OUTER_BOUND('',#749,.T.);
#514=FACE_OUTER_BOUND('',#750,.T.);
#515=FACE_OUTER_BOUND('',#751,.T.);
#516=FACE_OUTER_BOUND('',#752,.T.);
#517=FACE_OUTER_BOUND('',#753,.T.);
#518=FACE_OUTER_BOUND('',#754,.T.);
#519=FACE_OUTER_BOUND('',#755,.T.);
#520=FACE_OUTER_BOUND('',#756,.T.);
#521=FACE_OUTER_BOUND('',#757,.T.);
#522=FACE_OUTER_BOUND('',#758,.T.);
#523=FACE_OUTER_BOUND('',#759,.T.);
#524=FACE_OUTER_BOUND('',#760,.T.);
#525=FACE_OUTER_BOUND('',#761,.T.);
#526=FACE_OUTER_BOUND('',#762,.T.);
#527=FACE_OUTER_BOUND('',#763,.T.);
#528=FACE_OUTER_BOUND('',#764,.T.);
#529=FACE_OUTER_BOUND('',#765,.T.);
#530=FACE_OUTER_BOUND('',#766,.T.);
#531=FACE_OUTER_BOUND('',#767,.T.);
#532=FACE_OUTER_BOUND('',#768,.T.);
#533=FACE_OUTER_BOUND('',#769,.T.);
#534=FACE_OUTER_BOUND('',#770,.T.);
#535=FACE_OUTER_BOUND('',#771,.T.);
#536=FACE_OUTER_BOUND('',#772,.T.);
#537=FACE_OUTER_BOUND('',#773,.T.);
#538=FACE_OUTER_BOUND('',#774,.T.);
#539=FACE_OUTER_BOUND('',#775,.T.);
#540=FACE_OUTER_BOUND('',#776,.T.);
#541=FACE_OUTER_BOUND('',#777,.T.);
#542=FACE_OUTER_BOUND('',#778,.T.);
#543=FACE_OUTER_BOUND('',#779,.T.);
#544=FACE_OUTER_BOUND('',#780,.T.);
#545=FACE_OUTER_BOUND('',#781,.T.);
#546=FACE_OUTER_BOUND('',#782,.T.);
#547=FACE_OUTER_BOUND('',#783,.T.);
#548=FACE_OUTER_BOUND('',#784,.T.);
#549=FACE_OUTER_BOUND('',#785,.T.);
#550=FACE_OUTER_BOUND('',#786,.T.);
#551=FACE_OUTER_BOUND('',#787,.T.);
#552=FACE_OUTER_BOUND('',#788,.T.);
#553=FACE_OUTER_BOUND('',#789,.T.);
#554=FACE_OUTER_BOUND('',#790,.T.);
#555=FACE_OUTER_BOUND('',#794,.T.);
#556=FACE_OUTER_BOUND('',#795,.T.);
#557=FACE_OUTER_BOUND('',#796,.T.);
#558=FACE_OUTER_BOUND('',#797,.T.);
#559=FACE_OUTER_BOUND('',#798,.T.);
#560=FACE_OUTER_BOUND('',#799,.T.);
#561=FACE_OUTER_BOUND('',#800,.T.);
#562=FACE_OUTER_BOUND('',#801,.T.);
#563=FACE_OUTER_BOUND('',#802,.T.);
#564=FACE_OUTER_BOUND('',#803,.T.);
#565=FACE_OUTER_BOUND('',#804,.T.);
#566=FACE_OUTER_BOUND('',#805,.T.);
#567=FACE_OUTER_BOUND('',#806,.T.);
#568=FACE_OUTER_BOUND('',#807,.T.);
#569=FACE_OUTER_BOUND('',#808,.T.);
#570=FACE_OUTER_BOUND('',#809,.T.);
#571=FACE_OUTER_BOUND('',#810,.T.);
#572=FACE_OUTER_BOUND('',#811,.T.);
#573=FACE_OUTER_BOUND('',#812,.T.);
#574=FACE_OUTER_BOUND('',#813,.T.);
#575=FACE_OUTER_BOUND('',#814,.T.);
#576=FACE_OUTER_BOUND('',#815,.T.);
#577=FACE_OUTER_BOUND('',#816,.T.);
#578=FACE_OUTER_BOUND('',#817,.T.);
#579=FACE_OUTER_BOUND('',#818,.T.);
#580=FACE_OUTER_BOUND('',#819,.T.);
#581=FACE_OUTER_BOUND('',#820,.T.);
#582=FACE_OUTER_BOUND('',#821,.T.);
#583=FACE_OUTER_BOUND('',#822,.T.);
#584=FACE_OUTER_BOUND('',#823,.T.);
#585=FACE_OUTER_BOUND('',#824,.T.);
#586=FACE_OUTER_BOUND('',#825,.T.);
#587=FACE_OUTER_BOUND('',#826,.T.);
#588=FACE_OUTER_BOUND('',#827,.T.);
#589=FACE_OUTER_BOUND('',#828,.T.);
#590=FACE_OUTER_BOUND('',#829,.T.);
#591=FACE_OUTER_BOUND('',#830,.T.);
#592=FACE_OUTER_BOUND('',#831,.T.);
#593=FACE_OUTER_BOUND('',#832,.T.);
#594=FACE_OUTER_BOUND('',#833,.T.);
#595=FACE_OUTER_BOUND('',#834,.T.);
#596=FACE_OUTER_BOUND('',#835,.T.);
#597=FACE_OUTER_BOUND('',#836,.T.);
#598=FACE_OUTER_BOUND('',#837,.T.);
#599=FACE_OUTER_BOUND('',#838,.T.);
#600=FACE_OUTER_BOUND('',#839,.T.);
#601=FACE_OUTER_BOUND('',#840,.T.);
#602=FACE_OUTER_BOUND('',#841,.T.);
#603=FACE_OUTER_BOUND('',#842,.T.);
#604=FACE_OUTER_BOUND('',#843,.T.);
#605=FACE_OUTER_BOUND('',#844,.T.);
#606=FACE_OUTER_BOUND('',#845,.T.);
#607=FACE_OUTER_BOUND('',#848,.T.);
#608=FACE_OUTER_BOUND('',#849,.T.);
#609=FACE_OUTER_BOUND('',#850,.T.);
#610=FACE_OUTER_BOUND('',#851,.T.);
#611=FACE_OUTER_BOUND('',#852,.T.);
#612=FACE_OUTER_BOUND('',#853,.T.);
#613=FACE_OUTER_BOUND('',#854,.T.);
#614=FACE_OUTER_BOUND('',#855,.T.);
#615=FACE_OUTER_BOUND('',#856,.T.);
#616=FACE_OUTER_BOUND('',#857,.T.);
#617=FACE_OUTER_BOUND('',#858,.T.);
#618=FACE_OUTER_BOUND('',#859,.T.);
#619=FACE_OUTER_BOUND('',#860,.T.);
#620=FACE_OUTER_BOUND('',#861,.T.);
#621=FACE_OUTER_BOUND('',#862,.T.);
#622=FACE_OUTER_BOUND('',#863,.T.);
#623=FACE_OUTER_BOUND('',#864,.T.);
#624=FACE_OUTER_BOUND('',#865,.T.);
#625=FACE_OUTER_BOUND('',#866,.T.);
#626=FACE_OUTER_BOUND('',#867,.T.);
#627=FACE_OUTER_BOUND('',#868,.T.);
#628=FACE_OUTER_BOUND('',#869,.T.);
#629=FACE_OUTER_BOUND('',#870,.T.);
#630=FACE_OUTER_BOUND('',#871,.T.);
#631=FACE_OUTER_BOUND('',#872,.T.);
#632=FACE_OUTER_BOUND('',#873,.T.);
#633=FACE_OUTER_BOUND('',#874,.T.);
#634=FACE_OUTER_BOUND('',#875,.T.);
#635=FACE_OUTER_BOUND('',#876,.T.);
#636=FACE_OUTER_BOUND('',#877,.T.);
#637=FACE_OUTER_BOUND('',#878,.T.);
#638=FACE_OUTER_BOUND('',#879,.T.);
#639=FACE_OUTER_BOUND('',#880,.T.);
#640=FACE_OUTER_BOUND('',#881,.T.);
#641=FACE_OUTER_BOUND('',#882,.T.);
#642=FACE_OUTER_BOUND('',#883,.T.);
#643=FACE_OUTER_BOUND('',#884,.T.);
#644=FACE_OUTER_BOUND('',#885,.T.);
#645=FACE_OUTER_BOUND('',#886,.T.);
#646=FACE_OUTER_BOUND('',#887,.T.);
#647=FACE_OUTER_BOUND('',#888,.T.);
#648=FACE_OUTER_BOUND('',#889,.T.);
#649=FACE_OUTER_BOUND('',#890,.T.);
#650=FACE_OUTER_BOUND('',#891,.T.);
#651=FACE_OUTER_BOUND('',#892,.T.);
#652=FACE_OUTER_BOUND('',#893,.T.);
#653=FACE_OUTER_BOUND('',#894,.T.);
#654=FACE_OUTER_BOUND('',#895,.T.);
#655=FACE_OUTER_BOUND('',#896,.T.);
#656=FACE_OUTER_BOUND('',#897,.T.);
#657=FACE_OUTER_BOUND('',#898,.T.);
#658=FACE_OUTER_BOUND('',#899,.T.);
#659=FACE_OUTER_BOUND('',#900,.T.);
#660=FACE_OUTER_BOUND('',#901,.T.);
#661=FACE_OUTER_BOUND('',#902,.T.);
#662=FACE_OUTER_BOUND('',#903,.T.);
#663=FACE_OUTER_BOUND('',#904,.T.);
#664=FACE_OUTER_BOUND('',#905,.T.);
#665=FACE_OUTER_BOUND('',#906,.T.);
#666=FACE_OUTER_BOUND('',#907,.T.);
#667=FACE_OUTER_BOUND('',#908,.T.);
#668=FACE_OUTER_BOUND('',#909,.T.);
#669=FACE_OUTER_BOUND('',#910,.T.);
#670=FACE_OUTER_BOUND('',#911,.T.);
#671=FACE_OUTER_BOUND('',#912,.T.);
#672=FACE_OUTER_BOUND('',#913,.T.);
#673=FACE_OUTER_BOUND('',#914,.T.);
#674=FACE_OUTER_BOUND('',#915,.T.);
#675=FACE_OUTER_BOUND('',#916,.T.);
#676=FACE_OUTER_BOUND('',#917,.T.);
#677=FACE_OUTER_BOUND('',#918,.T.);
#678=FACE_OUTER_BOUND('',#919,.T.);
#679=FACE_OUTER_BOUND('',#920,.T.);
#680=FACE_OUTER_BOUND('',#921,.T.);
#681=FACE_OUTER_BOUND('',#922,.T.);
#682=FACE_OUTER_BOUND('',#923,.T.);
#683=FACE_OUTER_BOUND('',#924,.T.);
#684=FACE_OUTER_BOUND('',#925,.T.);
#685=FACE_OUTER_BOUND('',#926,.T.);
#686=FACE_OUTER_BOUND('',#927,.T.);
#687=FACE_OUTER_BOUND('',#928,.T.);
#688=FACE_OUTER_BOUND('',#929,.T.);
#689=FACE_OUTER_BOUND('',#930,.T.);
#690=FACE_OUTER_BOUND('',#931,.T.);
#691=FACE_OUTER_BOUND('',#932,.T.);
#692=FACE_OUTER_BOUND('',#933,.T.);
#693=FACE_OUTER_BOUND('',#934,.T.);
#694=FACE_OUTER_BOUND('',#935,.T.);
#695=FACE_OUTER_BOUND('',#936,.T.);
#696=FACE_OUTER_BOUND('',#937,.T.);
#697=FACE_OUTER_BOUND('',#938,.T.);
#698=EDGE_LOOP('',(#2726,#2727,#2728,#2729));
#699=EDGE_LOOP('',(#2730,#2731,#2732,#2733));
#700=EDGE_LOOP('',(#2734,#2735,#2736,#2737));
#701=EDGE_LOOP('',(#2738,#2739,#2740,#2741));
#702=EDGE_LOOP('',(#2742,#2743,#2744,#2745,#2746,#2747,#2748,#2749));
#703=EDGE_LOOP('',(#2750,#2751,#2752,#2753));
#704=EDGE_LOOP('',(#2754,#2755,#2756,#2757));
#705=EDGE_LOOP('',(#2758,#2759,#2760,#2761));
#706=EDGE_LOOP('',(#2762,#2763,#2764,#2765));
#707=EDGE_LOOP('',(#2766,#2767,#2768,#2769));
#708=EDGE_LOOP('',(#2770,#2771,#2772,#2773));
#709=EDGE_LOOP('',(#2774,#2775,#2776,#2777));
#710=EDGE_LOOP('',(#2778,#2779,#2780,#2781));
#711=EDGE_LOOP('',(#2782,#2783,#2784,#2785));
#712=EDGE_LOOP('',(#2786,#2787,#2788,#2789));
#713=EDGE_LOOP('',(#2790,#2791,#2792,#2793));
#714=EDGE_LOOP('',(#2794,#2795,#2796,#2797));
#715=EDGE_LOOP('',(#2798,#2799,#2800,#2801));
#716=EDGE_LOOP('',(#2802,#2803,#2804,#2805));
#717=EDGE_LOOP('',(#2806,#2807,#2808,#2809));
#718=EDGE_LOOP('',(#2810,#2811,#2812,#2813));
#719=EDGE_LOOP('',(#2814,#2815,#2816,#2817));
#720=EDGE_LOOP('',(#2818,#2819,#2820,#2821));
#721=EDGE_LOOP('',(#2822,#2823,#2824,#2825));
#722=EDGE_LOOP('',(#2826,#2827,#2828,#2829));
#723=EDGE_LOOP('',(#2830,#2831,#2832,#2833));
#724=EDGE_LOOP('',(#2834,#2835,#2836,#2837));
#725=EDGE_LOOP('',(#2838,#2839,#2840,#2841,#2842,#2843,#2844,#2845,#2846,
#2847,#2848,#2849,#2850,#2851,#2852,#2853,#2854,#2855));
#726=EDGE_LOOP('',(#2856,#2857,#2858,#2859,#2860,#2861,#2862,#2863,#2864));
#727=EDGE_LOOP('',(#2865,#2866,#2867,#2868));
#728=EDGE_LOOP('',(#2869,#2870,#2871,#2872));
#729=EDGE_LOOP('',(#2873,#2874,#2875,#2876));
#730=EDGE_LOOP('',(#2877,#2878,#2879,#2880));
#731=EDGE_LOOP('',(#2881,#2882,#2883,#2884));
#732=EDGE_LOOP('',(#2885,#2886,#2887,#2888));
#733=EDGE_LOOP('',(#2889,#2890,#2891,#2892));
#734=EDGE_LOOP('',(#2893,#2894,#2895,#2896));
#735=EDGE_LOOP('',(#2897,#2898,#2899,#2900));
#736=EDGE_LOOP('',(#2901,#2902,#2903,#2904));
#737=EDGE_LOOP('',(#2905,#2906,#2907,#2908));
#738=EDGE_LOOP('',(#2909,#2910,#2911,#2912));
#739=EDGE_LOOP('',(#2913,#2914,#2915,#2916));
#740=EDGE_LOOP('',(#2917,#2918,#2919,#2920));
#741=EDGE_LOOP('',(#2921,#2922,#2923,#2924,#2925,#2926,#2927,#2928,#2929,
#2930));
#742=EDGE_LOOP('',(#2931,#2932,#2933,#2934));
#743=EDGE_LOOP('',(#2935,#2936,#2937,#2938,#2939,#2940,#2941,#2942,#2943,
#2944,#2945,#2946,#2947,#2948,#2949,#2950,#2951,#2952));
#744=EDGE_LOOP('',(#2953,#2954,#2955,#2956));
#745=EDGE_LOOP('',(#2957,#2958,#2959,#2960,#2961,#2962,#2963,#2964));
#746=EDGE_LOOP('',(#2965,#2966,#2967,#2968));
#747=EDGE_LOOP('',(#2969,#2970,#2971,#2972,#2973,#2974,#2975));
#748=EDGE_LOOP('',(#2976,#2977,#2978,#2979));
#749=EDGE_LOOP('',(#2980,#2981,#2982,#2983));
#750=EDGE_LOOP('',(#2984,#2985,#2986,#2987));
#751=EDGE_LOOP('',(#2988,#2989,#2990,#2991));
#752=EDGE_LOOP('',(#2992,#2993,#2994,#2995));
#753=EDGE_LOOP('',(#2996,#2997,#2998,#2999,#3000,#3001,#3002));
#754=EDGE_LOOP('',(#3003,#3004,#3005,#3006,#3007));
#755=EDGE_LOOP('',(#3008,#3009,#3010,#3011,#3012));
#756=EDGE_LOOP('',(#3013,#3014,#3015,#3016));
#757=EDGE_LOOP('',(#3017,#3018,#3019,#3020));
#758=EDGE_LOOP('',(#3021,#3022,#3023,#3024));
#759=EDGE_LOOP('',(#3025,#3026,#3027,#3028));
#760=EDGE_LOOP('',(#3029,#3030,#3031,#3032));
#761=EDGE_LOOP('',(#3033,#3034,#3035,#3036,#3037));
#762=EDGE_LOOP('',(#3038,#3039,#3040,#3041,#3042,#3043,#3044));
#763=EDGE_LOOP('',(#3045,#3046,#3047,#3048,#3049,#3050));
#764=EDGE_LOOP('',(#3051,#3052,#3053,#3054,#3055,#3056,#3057,#3058,#3059,
#3060,#3061,#3062,#3063,#3064,#3065,#3066));
#765=EDGE_LOOP('',(#3067,#3068,#3069,#3070,#3071,#3072,#3073,#3074,#3075,
#3076,#3077,#3078,#3079,#3080));
#766=EDGE_LOOP('',(#3081,#3082,#3083,#3084,#3085));
#767=EDGE_LOOP('',(#3086,#3087,#3088,#3089));
#768=EDGE_LOOP('',(#3090,#3091,#3092,#3093));
#769=EDGE_LOOP('',(#3094,#3095,#3096,#3097));
#770=EDGE_LOOP('',(#3098,#3099,#3100,#3101,#3102));
#771=EDGE_LOOP('',(#3103,#3104,#3105,#3106));
#772=EDGE_LOOP('',(#3107,#3108,#3109,#3110,#3111));
#773=EDGE_LOOP('',(#3112,#3113,#3114,#3115));
#774=EDGE_LOOP('',(#3116,#3117,#3118,#3119));
#775=EDGE_LOOP('',(#3120,#3121,#3122,#3123,#3124));
#776=EDGE_LOOP('',(#3125,#3126,#3127,#3128,#3129));
#777=EDGE_LOOP('',(#3130,#3131,#3132,#3133,#3134,#3135,#3136,#3137,#3138,
#3139,#3140,#3141,#3142,#3143,#3144,#3145,#3146,#3147,#3148,#3149,#3150,
#3151,#3152,#3153,#3154,#3155));
#778=EDGE_LOOP('',(#3156,#3157,#3158,#3159));
#779=EDGE_LOOP('',(#3160,#3161,#3162,#3163));
#780=EDGE_LOOP('',(#3164,#3165,#3166,#3167));
#781=EDGE_LOOP('',(#3168,#3169,#3170,#3171,#3172,#3173,#3174,#3175,#3176,
#3177,#3178,#3179,#3180,#3181,#3182,#3183,#3184,#3185,#3186,#3187,#3188,
#3189,#3190,#3191,#3192,#3193));
#782=EDGE_LOOP('',(#3194,#3195,#3196,#3197));
#783=EDGE_LOOP('',(#3198,#3199,#3200,#3201));
#784=EDGE_LOOP('',(#3202,#3203,#3204,#3205));
#785=EDGE_LOOP('',(#3206,#3207,#3208,#3209,#3210,#3211,#3212));
#786=EDGE_LOOP('',(#3213,#3214,#3215,#3216));
#787=EDGE_LOOP('',(#3217,#3218,#3219,#3220,#3221,#3222));
#788=EDGE_LOOP('',(#3223,#3224,#3225,#3226,#3227,#3228,#3229));
#789=EDGE_LOOP('',(#3230,#3231,#3232,#3233,#3234));
#790=EDGE_LOOP('',(#3235,#3236,#3237,#3238,#3239,#3240,#3241,#3242));
#791=EDGE_LOOP('',(#3243));
#792=EDGE_LOOP('',(#3244));
#793=EDGE_LOOP('',(#3245));
#794=EDGE_LOOP('',(#3246,#3247,#3248,#3249,#3250,#3251));
#795=EDGE_LOOP('',(#3252,#3253,#3254,#3255,#3256));
#796=EDGE_LOOP('',(#3257,#3258,#3259,#3260,#3261,#3262));
#797=EDGE_LOOP('',(#3263,#3264,#3265,#3266,#3267));
#798=EDGE_LOOP('',(#3268,#3269,#3270,#3271,#3272,#3273));
#799=EDGE_LOOP('',(#3274,#3275,#3276,#3277,#3278,#3279,#3280,#3281,#3282));
#800=EDGE_LOOP('',(#3283,#3284,#3285,#3286,#3287,#3288,#3289,#3290,#3291));
#801=EDGE_LOOP('',(#3292,#3293,#3294,#3295,#3296,#3297,#3298,#3299,#3300));
#802=EDGE_LOOP('',(#3301,#3302,#3303,#3304,#3305,#3306,#3307,#3308,#3309));
#803=EDGE_LOOP('',(#3310,#3311,#3312,#3313,#3314,#3315,#3316,#3317,#3318));
#804=EDGE_LOOP('',(#3319,#3320,#3321,#3322));
#805=EDGE_LOOP('',(#3323,#3324,#3325,#3326));
#806=EDGE_LOOP('',(#3327,#3328,#3329,#3330,#3331,#3332,#3333));
#807=EDGE_LOOP('',(#3334,#3335,#3336,#3337));
#808=EDGE_LOOP('',(#3338,#3339,#3340,#3341));
#809=EDGE_LOOP('',(#3342,#3343,#3344,#3345));
#810=EDGE_LOOP('',(#3346,#3347,#3348,#3349,#3350,#3351,#3352));
#811=EDGE_LOOP('',(#3353,#3354,#3355,#3356));
#812=EDGE_LOOP('',(#3357,#3358,#3359,#3360));
#813=EDGE_LOOP('',(#3361,#3362,#3363,#3364));
#814=EDGE_LOOP('',(#3365,#3366,#3367,#3368,#3369,#3370,#3371,#3372,#3373));
#815=EDGE_LOOP('',(#3374,#3375,#3376,#3377));
#816=EDGE_LOOP('',(#3378,#3379,#3380,#3381,#3382,#3383,#3384,#3385,#3386,
#3387,#3388,#3389));
#817=EDGE_LOOP('',(#3390,#3391,#3392,#3393));
#818=EDGE_LOOP('',(#3394,#3395,#3396,#3397));
#819=EDGE_LOOP('',(#3398,#3399,#3400,#3401,#3402,#3403,#3404,#3405));
#820=EDGE_LOOP('',(#3406,#3407,#3408,#3409));
#821=EDGE_LOOP('',(#3410,#3411,#3412,#3413,#3414,#3415,#3416,#3417));
#822=EDGE_LOOP('',(#3418,#3419,#3420,#3421,#3422,#3423,#3424,#3425));
#823=EDGE_LOOP('',(#3426,#3427,#3428,#3429,#3430,#3431,#3432));
#824=EDGE_LOOP('',(#3433,#3434,#3435,#3436));
#825=EDGE_LOOP('',(#3437,#3438,#3439,#3440));
#826=EDGE_LOOP('',(#3441,#3442,#3443,#3444));
#827=EDGE_LOOP('',(#3445,#3446,#3447,#3448,#3449,#3450,#3451,#3452));
#828=EDGE_LOOP('',(#3453,#3454,#3455,#3456));
#829=EDGE_LOOP('',(#3457,#3458,#3459,#3460,#3461,#3462));
#830=EDGE_LOOP('',(#3463,#3464,#3465,#3466));
#831=EDGE_LOOP('',(#3467,#3468,#3469,#3470,#3471,#3472,#3473,#3474));
#832=EDGE_LOOP('',(#3475,#3476,#3477,#3478,#3479,#3480,#3481,#3482,#3483));
#833=EDGE_LOOP('',(#3484,#3485,#3486,#3487,#3488,#3489));
#834=EDGE_LOOP('',(#3490,#3491,#3492));
#835=EDGE_LOOP('',(#3493,#3494,#3495,#3496));
#836=EDGE_LOOP('',(#3497,#3498,#3499,#3500,#3501));
#837=EDGE_LOOP('',(#3502,#3503,#3504,#3505,#3506));
#838=EDGE_LOOP('',(#3507,#3508,#3509,#3510,#3511,#3512));
#839=EDGE_LOOP('',(#3513,#3514,#3515));
#840=EDGE_LOOP('',(#3516,#3517,#3518,#3519));
#841=EDGE_LOOP('',(#3520,#3521,#3522,#3523,#3524));
#842=EDGE_LOOP('',(#3525,#3526,#3527,#3528,#3529));
#843=EDGE_LOOP('',(#3530,#3531,#3532,#3533));
#844=EDGE_LOOP('',(#3534,#3535,#3536,#3537,#3538,#3539,#3540,#3541,#3542,
#3543,#3544,#3545));
#845=EDGE_LOOP('',(#3546,#3547,#3548,#3549,#3550,#3551,#3552,#3553,#3554,
#3555,#3556,#3557,#3558,#3559,#3560,#3561,#3562,#3563,#3564,#3565,#3566,
#3567,#3568,#3569));
#846=EDGE_LOOP('',(#3570,#3571,#3572,#3573));
#847=EDGE_LOOP('',(#3574,#3575,#3576));
#848=EDGE_LOOP('',(#3577,#3578,#3579,#3580));
#849=EDGE_LOOP('',(#3581,#3582,#3583,#3584,#3585,#3586,#3587,#3588,#3589,
#3590));
#850=EDGE_LOOP('',(#3591,#3592,#3593,#3594));
#851=EDGE_LOOP('',(#3595,#3596,#3597,#3598,#3599,#3600));
#852=EDGE_LOOP('',(#3601,#3602,#3603,#3604));
#853=EDGE_LOOP('',(#3605,#3606,#3607,#3608,#3609,#3610,#3611,#3612));
#854=EDGE_LOOP('',(#3613,#3614,#3615,#3616));
#855=EDGE_LOOP('',(#3617,#3618,#3619,#3620));
#856=EDGE_LOOP('',(#3621,#3622,#3623,#3624,#3625,#3626));
#857=EDGE_LOOP('',(#3627,#3628,#3629,#3630,#3631,#3632,#3633,#3634,#3635,
#3636));
#858=EDGE_LOOP('',(#3637,#3638,#3639,#3640));
#859=EDGE_LOOP('',(#3641,#3642,#3643,#3644));
#860=EDGE_LOOP('',(#3645,#3646,#3647,#3648));
#861=EDGE_LOOP('',(#3649,#3650,#3651,#3652));
#862=EDGE_LOOP('',(#3653,#3654,#3655,#3656));
#863=EDGE_LOOP('',(#3657,#3658,#3659,#3660));
#864=EDGE_LOOP('',(#3661,#3662,#3663,#3664,#3665,#3666,#3667,#3668));
#865=EDGE_LOOP('',(#3669,#3670,#3671,#3672));
#866=EDGE_LOOP('',(#3673,#3674,#3675,#3676));
#867=EDGE_LOOP('',(#3677,#3678,#3679,#3680));
#868=EDGE_LOOP('',(#3681,#3682,#3683,#3684));
#869=EDGE_LOOP('',(#3685,#3686,#3687,#3688));
#870=EDGE_LOOP('',(#3689,#3690,#3691,#3692));
#871=EDGE_LOOP('',(#3693,#3694,#3695,#3696));
#872=EDGE_LOOP('',(#3697,#3698,#3699,#3700));
#873=EDGE_LOOP('',(#3701,#3702,#3703,#3704,#3705,#3706,#3707,#3708));
#874=EDGE_LOOP('',(#3709,#3710,#3711,#3712));
#875=EDGE_LOOP('',(#3713,#3714,#3715,#3716));
#876=EDGE_LOOP('',(#3717,#3718,#3719,#3720));
#877=EDGE_LOOP('',(#3721,#3722,#3723,#3724));
#878=EDGE_LOOP('',(#3725,#3726,#3727,#3728,#3729,#3730));
#879=EDGE_LOOP('',(#3731,#3732,#3733,#3734));
#880=EDGE_LOOP('',(#3735,#3736,#3737,#3738,#3739,#3740,#3741,#3742,#3743,
#3744));
#881=EDGE_LOOP('',(#3745,#3746,#3747,#3748,#3749,#3750,#3751));
#882=EDGE_LOOP('',(#3752,#3753,#3754,#3755));
#883=EDGE_LOOP('',(#3756,#3757,#3758,#3759));
#884=EDGE_LOOP('',(#3760,#3761,#3762,#3763,#3764,#3765,#3766,#3767,#3768));
#885=EDGE_LOOP('',(#3769,#3770,#3771,#3772));
#886=EDGE_LOOP('',(#3773,#3774,#3775,#3776,#3777,#3778,#3779));
#887=EDGE_LOOP('',(#3780,#3781,#3782,#3783,#3784,#3785,#3786,#3787,#3788,
#3789,#3790,#3791,#3792));
#888=EDGE_LOOP('',(#3793,#3794,#3795,#3796,#3797,#3798,#3799,#3800,#3801));
#889=EDGE_LOOP('',(#3802,#3803,#3804,#3805,#3806,#3807,#3808,#3809,#3810));
#890=EDGE_LOOP('',(#3811));
#891=EDGE_LOOP('',(#3812,#3813,#3814,#3815));
#892=EDGE_LOOP('',(#3816));
#893=EDGE_LOOP('',(#3817,#3818,#3819,#3820));
#894=EDGE_LOOP('',(#3821,#3822,#3823,#3824));
#895=EDGE_LOOP('',(#3825,#3826,#3827,#3828,#3829,#3830));
#896=EDGE_LOOP('',(#3831,#3832,#3833,#3834));
#897=EDGE_LOOP('',(#3835,#3836,#3837,#3838));
#898=EDGE_LOOP('',(#3839,#3840,#3841,#3842));
#899=EDGE_LOOP('',(#3843,#3844,#3845,#3846));
#900=EDGE_LOOP('',(#3847,#3848,#3849,#3850));
#901=EDGE_LOOP('',(#3851,#3852,#3853,#3854));
#902=EDGE_LOOP('',(#3855,#3856,#3857,#3858));
#903=EDGE_LOOP('',(#3859,#3860,#3861,#3862,#3863,#3864));
#904=EDGE_LOOP('',(#3865,#3866,#3867,#3868,#3869,#3870));
#905=EDGE_LOOP('',(#3871,#3872,#3873,#3874));
#906=EDGE_LOOP('',(#3875,#3876,#3877,#3878));
#907=EDGE_LOOP('',(#3879,#3880,#3881,#3882));
#908=EDGE_LOOP('',(#3883,#3884,#3885,#3886));
#909=EDGE_LOOP('',(#3887,#3888,#3889,#3890));
#910=EDGE_LOOP('',(#3891,#3892,#3893,#3894));
#911=EDGE_LOOP('',(#3895,#3896,#3897,#3898,#3899,#3900));
#912=EDGE_LOOP('',(#3901,#3902,#3903,#3904));
#913=EDGE_LOOP('',(#3905,#3906,#3907,#3908));
#914=EDGE_LOOP('',(#3909,#3910,#3911,#3912));
#915=EDGE_LOOP('',(#3913,#3914,#3915,#3916));
#916=EDGE_LOOP('',(#3917,#3918,#3919,#3920));
#917=EDGE_LOOP('',(#3921,#3922,#3923,#3924,#3925,#3926,#3927,#3928,#3929,
#3930,#3931,#3932,#3933,#3934,#3935,#3936));
#918=EDGE_LOOP('',(#3937,#3938,#3939,#3940));
#919=EDGE_LOOP('',(#3941,#3942,#3943,#3944,#3945,#3946,#3947));
#920=EDGE_LOOP('',(#3948,#3949,#3950,#3951));
#921=EDGE_LOOP('',(#3952,#3953,#3954,#3955));
#922=EDGE_LOOP('',(#3956,#3957,#3958,#3959,#3960,#3961,#3962,#3963));
#923=EDGE_LOOP('',(#3964,#3965,#3966,#3967,#3968,#3969,#3970,#3971));
#924=EDGE_LOOP('',(#3972,#3973,#3974,#3975));
#925=EDGE_LOOP('',(#3976,#3977,#3978,#3979));
#926=EDGE_LOOP('',(#3980,#3981,#3982,#3983,#3984,#3985,#3986,#3987,#3988,
#3989,#3990,#3991,#3992,#3993,#3994,#3995));
#927=EDGE_LOOP('',(#3996,#3997,#3998,#3999,#4000,#4001));
#928=EDGE_LOOP('',(#4002,#4003,#4004,#4005,#4006,#4007,#4008,#4009,#4010,
#4011));
#929=EDGE_LOOP('',(#4012,#4013,#4014,#4015));
#930=EDGE_LOOP('',(#4016,#4017,#4018,#4019));
#931=EDGE_LOOP('',(#4020,#4021,#4022,#4023));
#932=EDGE_LOOP('',(#4024,#4025,#4026,#4027));
#933=EDGE_LOOP('',(#4028,#4029,#4030,#4031,#4032,#4033));
#934=EDGE_LOOP('',(#4034,#4035,#4036,#4037));
#935=EDGE_LOOP('',(#4038,#4039,#4040,#4041));
#936=EDGE_LOOP('',(#4042,#4043,#4044,#4045));
#937=EDGE_LOOP('',(#4046,#4047,#4048,#4049));
#938=EDGE_LOOP('',(#4050,#4051,#4052,#4053));
#939=LINE('',#5805,#1287);
#940=LINE('',#5807,#1288);
#941=LINE('',#5809,#1289);
#942=LINE('',#5810,#1290);
#943=LINE('',#5813,#1291);
#944=LINE('',#5815,#1292);
#945=LINE('',#5816,#1293);
#946=LINE('',#5819,#1294);
#947=LINE('',#5821,#1295);
#948=LINE('',#5822,#1296);
#949=LINE('',#5825,#1297);
#950=LINE('',#5827,#1298);
#951=LINE('',#5828,#1299);
#952=LINE('',#5831,#1300);
#953=LINE('',#5833,#1301);
#954=LINE('',#5835,#1302);
#955=LINE('',#5836,#1303);
#956=LINE('',#5839,#1304);
#957=LINE('',#5840,#1305);
#958=LINE('',#5843,#1306);
#959=LINE('',#5844,#1307);
#960=LINE('',#5847,#1308);
#961=LINE('',#5848,#1309);
#962=LINE('',#5850,#1310);
#963=LINE('',#5854,#1311);
#964=LINE('',#5856,#1312);
#965=LINE('',#5858,#1313);
#966=LINE('',#5859,#1314);
#967=LINE('',#5862,#1315);
#968=LINE('',#5864,#1316);
#969=LINE('',#5865,#1317);
#970=LINE('',#5868,#1318);
#971=LINE('',#5869,#1319);
#972=LINE('',#5872,#1320);
#973=LINE('',#5873,#1321);
#974=LINE('',#5875,#1322);
#975=LINE('',#5896,#1323);
#976=LINE('',#5903,#1324);
#977=LINE('',#5928,#1325);
#978=LINE('',#5931,#1326);
#979=LINE('',#5933,#1327);
#980=LINE('',#5934,#1328);
#981=LINE('',#5937,#1329);
#982=LINE('',#5939,#1330);
#983=LINE('',#5940,#1331);
#984=LINE('',#5944,#1332);
#985=LINE('',#5946,#1333);
#986=LINE('',#5948,#1334);
#987=LINE('',#5949,#1335);
#988=LINE('',#5952,#1336);
#989=LINE('',#5954,#1337);
#990=LINE('',#5955,#1338);
#991=LINE('',#5958,#1339);
#992=LINE('',#5960,#1340);
#993=LINE('',#5961,#1341);
#994=LINE('',#5986,#1342);
#995=LINE('',#6011,#1343);
#996=LINE('',#6036,#1344);
#997=LINE('',#6039,#1345);
#998=LINE('',#6041,#1346);
#999=LINE('',#6042,#1347);
#1000=LINE('',#6045,#1348);
#1001=LINE('',#6047,#1349);
#1002=LINE('',#6048,#1350);
#1003=LINE('',#6051,#1351);
#1004=LINE('',#6053,#1352);
#1005=LINE('',#6054,#1353);
#1006=LINE('',#6099,#1354);
#1007=LINE('',#6100,#1355);
#1008=LINE('',#6125,#1356);
#1009=LINE('',#6128,#1357);
#1010=LINE('',#6129,#1358);
#1011=LINE('',#6148,#1359);
#1012=LINE('',#6167,#1360);
#1013=LINE('',#6186,#1361);
#1014=LINE('',#6206,#1362);
#1015=LINE('',#6207,#1363);
#1016=LINE('',#6210,#1364);
#1017=LINE('',#6211,#1365);
#1018=LINE('',#6230,#1366);
#1019=LINE('',#6249,#1367);
#1020=LINE('',#6268,#1368);
#1021=LINE('',#6287,#1369);
#1022=LINE('',#6306,#1370);
#1023=LINE('',#6325,#1371);
#1024=LINE('',#6346,#1372);
#1025=LINE('',#6350,#1373);
#1026=LINE('',#6352,#1374);
#1027=LINE('',#6354,#1375);
#1028=LINE('',#6358,#1376);
#1029=LINE('',#6366,#1377);
#1030=LINE('',#6370,#1378);
#1031=LINE('',#6375,#1379);
#1032=LINE('',#6379,#1380);
#1033=LINE('',#6393,#1381);
#1034=LINE('',#6397,#1382);
#1035=LINE('',#6399,#1383);
#1036=LINE('',#6407,#1384);
#1037=LINE('',#6409,#1385);
#1038=LINE('',#6411,#1386);
#1039=LINE('',#6412,#1387);
#1040=LINE('',#6416,#1388);
#1041=LINE('',#6420,#1389);
#1042=LINE('',#6424,#1390);
#1043=LINE('',#6426,#1391);
#1044=LINE('',#6431,#1392);
#1045=LINE('',#6436,#1393);
#1046=LINE('',#6438,#1394);
#1047=LINE('',#6439,#1395);
#1048=LINE('',#6442,#1396);
#1049=LINE('',#6473,#1397);
#1050=LINE('',#6476,#1398);
#1051=LINE('',#6490,#1399);
#1052=LINE('',#6492,#1400);
#1053=LINE('',#6496,#1401);
#1054=LINE('',#6497,#1402);
#1055=LINE('',#6500,#1403);
#1056=LINE('',#6504,#1404);
#1057=LINE('',#6505,#1405);
#1058=LINE('',#6508,#1406);
#1059=LINE('',#6529,#1407);
#1060=LINE('',#6536,#1408);
#1061=LINE('',#6539,#1409);
#1062=LINE('',#6556,#1410);
#1063=LINE('',#6575,#1411);
#1064=LINE('',#6577,#1412);
#1065=LINE('',#6579,#1413);
#1066=LINE('',#6585,#1414);
#1067=LINE('',#6590,#1415);
#1068=LINE('',#6593,#1416);
#1069=LINE('',#6596,#1417);
#1070=LINE('',#6598,#1418);
#1071=LINE('',#6602,#1419);
#1072=LINE('',#6603,#1420);
#1073=LINE('',#6605,#1421);
#1074=LINE('',#6609,#1422);
#1075=LINE('',#6681,#1423);
#1076=LINE('',#6710,#1424);
#1077=LINE('',#6730,#1425);
#1078=LINE('',#6733,#1426);
#1079=LINE('',#6738,#1427);
#1080=LINE('',#6744,#1428);
#1081=LINE('',#6748,#1429);
#1082=LINE('',#6750,#1430);
#1083=LINE('',#6753,#1431);
#1084=LINE('',#6756,#1432);
#1085=LINE('',#6759,#1433);
#1086=LINE('',#6764,#1434);
#1087=LINE('',#6765,#1435);
#1088=LINE('',#6768,#1436);
#1089=LINE('',#6771,#1437);
#1090=LINE('',#6776,#1438);
#1091=LINE('',#6778,#1439);
#1092=LINE('',#6782,#1440);
#1093=LINE('',#6786,#1441);
#1094=LINE('',#6787,#1442);
#1095=LINE('',#6792,#1443);
#1096=LINE('',#6794,#1444);
#1097=LINE('',#6798,#1445);
#1098=LINE('',#6802,#1446);
#1099=LINE('',#6804,#1447);
#1100=LINE('',#6807,#1448);
#1101=LINE('',#6832,#1449);
#1102=LINE('',#6835,#1450);
#1103=LINE('',#6837,#1451);
#1104=LINE('',#6841,#1452);
#1105=LINE('',#6845,#1453);
#1106=LINE('',#6847,#1454);
#1107=LINE('',#6852,#1455);
#1108=LINE('',#6867,#1456);
#1109=LINE('',#6869,#1457);
#1110=LINE('',#6873,#1458);
#1111=LINE('',#6877,#1459);
#1112=LINE('',#6879,#1460);
#1113=LINE('',#6882,#1461);
#1114=LINE('',#6905,#1462);
#1115=LINE('',#6908,#1463);
#1116=LINE('',#6910,#1464);
#1117=LINE('',#6914,#1465);
#1118=LINE('',#6918,#1466);
#1119=LINE('',#6920,#1467);
#1120=LINE('',#6931,#1468);
#1121=LINE('',#7075,#1469);
#1122=LINE('',#7077,#1470);
#1123=LINE('',#7084,#1471);
#1124=LINE('',#7085,#1472);
#1125=LINE('',#7088,#1473);
#1126=LINE('',#7172,#1474);
#1127=LINE('',#7212,#1475);
#1128=LINE('',#7265,#1476);
#1129=LINE('',#7346,#1477);
#1130=LINE('',#7370,#1478);
#1131=LINE('',#7511,#1479);
#1132=LINE('',#7550,#1480);
#1133=LINE('',#7753,#1481);
#1134=LINE('',#8008,#1482);
#1135=LINE('',#8018,#1483);
#1136=LINE('',#8023,#1484);
#1137=LINE('',#8026,#1485);
#1138=LINE('',#8028,#1486);
#1139=LINE('',#8049,#1487);
#1140=LINE('',#8059,#1488);
#1141=LINE('',#8064,#1489);
#1142=LINE('',#8078,#1490);
#1143=LINE('',#8088,#1491);
#1144=LINE('',#8101,#1492);
#1145=LINE('',#8102,#1493);
#1146=LINE('',#8106,#1494);
#1147=LINE('',#8119,#1495);
#1148=LINE('',#8129,#1496);
#1149=LINE('',#8134,#1497);
#1150=LINE('',#8137,#1498);
#1151=LINE('',#8139,#1499);
#1152=LINE('',#8143,#1500);
#1153=LINE('',#8158,#1501);
#1154=LINE('',#8163,#1502);
#1155=LINE('',#8167,#1503);
#1156=LINE('',#8169,#1504);
#1157=LINE('',#8171,#1505);
#1158=LINE('',#8178,#1506);
#1159=LINE('',#8181,#1507);
#1160=LINE('',#8199,#1508);
#1161=LINE('',#8204,#1509);
#1162=LINE('',#8212,#1510);
#1163=LINE('',#8216,#1511);
#1164=LINE('',#8222,#1512);
#1165=LINE('',#8224,#1513);
#1166=LINE('',#8225,#1514);
#1167=LINE('',#8226,#1515);
#1168=LINE('',#8228,#1516);
#1169=LINE('',#8231,#1517);
#1170=LINE('',#8232,#1518);
#1171=LINE('',#8234,#1519);
#1172=LINE('',#8236,#1520);
#1173=LINE('',#8238,#1521);
#1174=LINE('',#8240,#1522);
#1175=LINE('',#8242,#1523);
#1176=LINE('',#8243,#1524);
#1177=LINE('',#8244,#1525);
#1178=LINE('',#8246,#1526);
#1179=LINE('',#8253,#1527);
#1180=LINE('',#8257,#1528);
#1181=LINE('',#8258,#1529);
#1182=LINE('',#8260,#1530);
#1183=LINE('',#8262,#1531);
#1184=LINE('',#8264,#1532);
#1185=LINE('',#8265,#1533);
#1186=LINE('',#8267,#1534);
#1187=LINE('',#8269,#1535);
#1188=LINE('',#8272,#1536);
#1189=LINE('',#8276,#1537);
#1190=LINE('',#8279,#1538);
#1191=LINE('',#8283,#1539);
#1192=LINE('',#8285,#1540);
#1193=LINE('',#8286,#1541);
#1194=LINE('',#8289,#1542);
#1195=LINE('',#8291,#1543);
#1196=LINE('',#8292,#1544);
#1197=LINE('',#8295,#1545);
#1198=LINE('',#8296,#1546);
#1199=LINE('',#8297,#1547);
#1200=LINE('',#8300,#1548);
#1201=LINE('',#8302,#1549);
#1202=LINE('',#8303,#1550);
#1203=LINE('',#8305,#1551);
#1204=LINE('',#8307,#1552);
#1205=LINE('',#8310,#1553);
#1206=LINE('',#8314,#1554);
#1207=LINE('',#8316,#1555);
#1208=LINE('',#8317,#1556);
#1209=LINE('',#8320,#1557);
#1210=LINE('',#8321,#1558);
#1211=LINE('',#8324,#1559);
#1212=LINE('',#8325,#1560);
#1213=LINE('',#8326,#1561);
#1214=LINE('',#8328,#1562);
#1215=LINE('',#8332,#1563);
#1216=LINE('',#8338,#1564);
#1217=LINE('',#8342,#1565);
#1218=LINE('',#8343,#1566);
#1219=LINE('',#8345,#1567);
#1220=LINE('',#8347,#1568);
#1221=LINE('',#8350,#1569);
#1222=LINE('',#8352,#1570);
#1223=LINE('',#8353,#1571);
#1224=LINE('',#8356,#1572);
#1225=LINE('',#8360,#1573);
#1226=LINE('',#8363,#1574);
#1227=LINE('',#8365,#1575);
#1228=LINE('',#8368,#1576);
#1229=LINE('',#8369,#1577);
#1230=LINE('',#8374,#1578);
#1231=LINE('',#8912,#1579);
#1232=LINE('',#8914,#1580);
#1233=LINE('',#8933,#1581);
#1234=LINE('',#8935,#1582);
#1235=LINE('',#8939,#1583);
#1236=LINE('',#8943,#1584);
#1237=LINE('',#8947,#1585);
#1238=LINE('',#8948,#1586);
#1239=LINE('',#8950,#1587);
#1240=LINE('',#8951,#1588);
#1241=LINE('',#8953,#1589);
#1242=LINE('',#8974,#1590);
#1243=LINE('',#8977,#1591);
#1244=LINE('',#8979,#1592);
#1245=LINE('',#8980,#1593);
#1246=LINE('',#8984,#1594);
#1247=LINE('',#9009,#1595);
#1248=LINE('',#9013,#1596);
#1249=LINE('',#9033,#1597);
#1250=LINE('',#9053,#1598);
#1251=LINE('',#9057,#1599);
#1252=LINE('',#9082,#1600);
#1253=LINE('',#9087,#1601);
#1254=LINE('',#9092,#1602);
#1255=LINE('',#9136,#1603);
#1256=LINE('',#9170,#1604);
#1257=LINE('',#9189,#1605);
#1258=LINE('',#9192,#1606);
#1259=LINE('',#9195,#1607);
#1260=LINE('',#9196,#1608);
#1261=LINE('',#9213,#1609);
#1262=LINE('',#9215,#1610);
#1263=LINE('',#9231,#1611);
#1264=LINE('',#9233,#1612);
#1265=LINE('',#9235,#1613);
#1266=LINE('',#9239,#1614);
#1267=LINE('',#9241,#1615);
#1268=LINE('',#9292,#1616);
#1269=LINE('',#9307,#1617);
#1270=LINE('',#9310,#1618);
#1271=LINE('',#9350,#1619);
#1272=LINE('',#9352,#1620);
#1273=LINE('',#9354,#1621);
#1274=LINE('',#9357,#1622);
#1275=LINE('',#9358,#1623);
#1276=LINE('',#9365,#1624);
#1277=LINE('',#9368,#1625);
#1278=LINE('',#9380,#1626);
#1279=LINE('',#9397,#1627);
#1280=LINE('',#9401,#1628);
#1281=LINE('',#9404,#1629);
#1282=LINE('',#9408,#1630);
#1283=LINE('',#9414,#1631);
#1284=LINE('',#9425,#1632);
#1285=LINE('',#9429,#1633);
#1286=LINE('',#9433,#1634);
#1287=VECTOR('',#4757,10.);
#1288=VECTOR('',#4758,10.);
#1289=VECTOR('',#4759,10.);
#1290=VECTOR('',#4760,10.);
#1291=VECTOR('',#4763,10.);
#1292=VECTOR('',#4764,10.);
#1293=VECTOR('',#4765,10.);
#1294=VECTOR('',#4768,10.);
#1295=VECTOR('',#4769,10.);
#1296=VECTOR('',#4770,10.);
#1297=VECTOR('',#4773,10.);
#1298=VECTOR('',#4774,10.);
#1299=VECTOR('',#4775,10.);
#1300=VECTOR('',#4778,10.);
#1301=VECTOR('',#4779,10.);
#1302=VECTOR('',#4780,10.);
#1303=VECTOR('',#4781,10.);
#1304=VECTOR('',#4784,10.);
#1305=VECTOR('',#4785,10.);
#1306=VECTOR('',#4788,10.);
#1307=VECTOR('',#4789,10.);
#1308=VECTOR('',#4792,10.);
#1309=VECTOR('',#4793,10.);
#1310=VECTOR('',#4796,10.);
#1311=VECTOR('',#4799,10.);
#1312=VECTOR('',#4800,10.);
#1313=VECTOR('',#4801,10.);
#1314=VECTOR('',#4802,10.);
#1315=VECTOR('',#4805,10.);
#1316=VECTOR('',#4806,10.);
#1317=VECTOR('',#4807,10.);
#1318=VECTOR('',#4810,10.);
#1319=VECTOR('',#4811,10.);
#1320=VECTOR('',#4814,10.);
#1321=VECTOR('',#4815,10.);
#1322=VECTOR('',#4818,10.);
#1323=VECTOR('',#4819,10.);
#1324=VECTOR('',#4820,10.);
#1325=VECTOR('',#4821,10.);
#1326=VECTOR('',#4824,10.);
#1327=VECTOR('',#4825,10.);
#1328=VECTOR('',#4826,10.);
#1329=VECTOR('',#4829,10.);
#1330=VECTOR('',#4830,10.);
#1331=VECTOR('',#4831,10.);
#1332=VECTOR('',#4834,10.);
#1333=VECTOR('',#4835,10.);
#1334=VECTOR('',#4836,10.);
#1335=VECTOR('',#4837,10.);
#1336=VECTOR('',#4840,10.);
#1337=VECTOR('',#4841,10.);
#1338=VECTOR('',#4842,10.);
#1339=VECTOR('',#4845,10.);
#1340=VECTOR('',#4846,10.);
#1341=VECTOR('',#4847,10.);
#1342=VECTOR('',#4848,10.);
#1343=VECTOR('',#4849,10.);
#1344=VECTOR('',#4850,10.);
#1345=VECTOR('',#4853,10.);
#1346=VECTOR('',#4854,10.);
#1347=VECTOR('',#4855,10.);
#1348=VECTOR('',#4858,10.);
#1349=VECTOR('',#4859,10.);
#1350=VECTOR('',#4860,10.);
#1351=VECTOR('',#4863,10.);
#1352=VECTOR('',#4864,10.);
#1353=VECTOR('',#4865,10.);
#1354=VECTOR('',#4868,10.);
#1355=VECTOR('',#4869,10.);
#1356=VECTOR('',#4870,10.);
#1357=VECTOR('',#4873,10.);
#1358=VECTOR('',#4874,10.);
#1359=VECTOR('',#4875,10.);
#1360=VECTOR('',#4876,10.);
#1361=VECTOR('',#4877,10.);
#1362=VECTOR('',#4880,10.);
#1363=VECTOR('',#4881,10.);
#1364=VECTOR('',#4884,10.);
#1365=VECTOR('',#4885,10.);
#1366=VECTOR('',#4886,10.);
#1367=VECTOR('',#4887,10.);
#1368=VECTOR('',#4888,10.);
#1369=VECTOR('',#4889,10.);
#1370=VECTOR('',#4890,10.);
#1371=VECTOR('',#4891,10.);
#1372=VECTOR('',#4894,10.);
#1373=VECTOR('',#4897,10.);
#1374=VECTOR('',#4898,10.);
#1375=VECTOR('',#4899,10.);
#1376=VECTOR('',#4902,10.);
#1377=VECTOR('',#4909,10.);
#1378=VECTOR('',#4912,10.);
#1379=VECTOR('',#4917,10.);
#1380=VECTOR('',#4920,10.);
#1381=VECTOR('',#4927,10.);
#1382=VECTOR('',#4930,10.);
#1383=VECTOR('',#4931,10.);
#1384=VECTOR('',#4934,10.);
#1385=VECTOR('',#4935,10.);
#1386=VECTOR('',#4936,10.);
#1387=VECTOR('',#4937,10.);
#1388=VECTOR('',#4940,10.);
#1389=VECTOR('',#4943,10.);
#1390=VECTOR('',#4948,10.);
#1391=VECTOR('',#4949,10.);
#1392=VECTOR('',#4954,10.);
#1393=VECTOR('',#4961,10.);
#1394=VECTOR('',#4962,10.);
#1395=VECTOR('',#4963,10.);
#1396=VECTOR('',#4966,10.);
#1397=VECTOR('',#4969,10.);
#1398=VECTOR('',#4972,10.);
#1399=VECTOR('',#4977,10.);
#1400=VECTOR('',#4978,10.);
#1401=VECTOR('',#4983,10.);
#1402=VECTOR('',#4984,10.);
#1403=VECTOR('',#4987,10.);
#1404=VECTOR('',#4992,10.);
#1405=VECTOR('',#4993,10.);
#1406=VECTOR('',#4996,10.);
#1407=VECTOR('',#4999,10.);
#1408=VECTOR('',#5000,10.);
#1409=VECTOR('',#5003,10.);
#1410=VECTOR('',#5004,10.);
#1411=VECTOR('',#5007,10.);
#1412=VECTOR('',#5008,10.);
#1413=VECTOR('',#5009,10.);
#1414=VECTOR('',#5010,10.);
#1415=VECTOR('',#5015,10.);
#1416=VECTOR('',#5018,10.);
#1417=VECTOR('',#5021,10.);
#1418=VECTOR('',#5022,10.);
#1419=VECTOR('',#5025,10.);
#1420=VECTOR('',#5026,10.);
#1421=VECTOR('',#5027,10.);
#1422=VECTOR('',#5030,10.);
#1423=VECTOR('',#5031,10.);
#1424=VECTOR('',#5034,10.);
#1425=VECTOR('',#5039,10.);
#1426=VECTOR('',#5042,10.);
#1427=VECTOR('',#5047,10.);
#1428=VECTOR('',#5054,10.);
#1429=VECTOR('',#5059,10.);
#1430=VECTOR('',#5060,10.);
#1431=VECTOR('',#5063,10.);
#1432=VECTOR('',#5066,10.);
#1433=VECTOR('',#5069,10.);
#1434=VECTOR('',#5074,10.);
#1435=VECTOR('',#5075,10.);
#1436=VECTOR('',#5078,10.);
#1437=VECTOR('',#5081,10.);
#1438=VECTOR('',#5088,10.);
#1439=VECTOR('',#5089,10.);
#1440=VECTOR('',#5094,10.);
#1441=VECTOR('',#5097,10.);
#1442=VECTOR('',#5098,10.);
#1443=VECTOR('',#5103,10.);
#1444=VECTOR('',#5104,10.);
#1445=VECTOR('',#5107,10.);
#1446=VECTOR('',#5110,10.);
#1447=VECTOR('',#5111,10.);
#1448=VECTOR('',#5114,10.);
#1449=VECTOR('',#5115,10.);
#1450=VECTOR('',#5118,10.);
#1451=VECTOR('',#5119,10.);
#1452=VECTOR('',#5122,10.);
#1453=VECTOR('',#5125,10.);
#1454=VECTOR('',#5126,10.);
#1455=VECTOR('',#5133,10.);
#1456=VECTOR('',#5152,10.);
#1457=VECTOR('',#5153,10.);
#1458=VECTOR('',#5156,10.);
#1459=VECTOR('',#5159,10.);
#1460=VECTOR('',#5160,10.);
#1461=VECTOR('',#5163,10.);
#1462=VECTOR('',#5164,10.);
#1463=VECTOR('',#5167,10.);
#1464=VECTOR('',#5168,10.);
#1465=VECTOR('',#5171,10.);
#1466=VECTOR('',#5174,10.);
#1467=VECTOR('',#5175,10.);
#1468=VECTOR('',#5192,10.);
#1469=VECTOR('',#5195,10.);
#1470=VECTOR('',#5196,10.);
#1471=VECTOR('',#5197,10.);
#1472=VECTOR('',#5198,10.);
#1473=VECTOR('',#5201,0.750000601050544);
#1474=VECTOR('',#5202,10.);
#1475=VECTOR('',#5207,10.);
#1476=VECTOR('',#5212,0.7500001766537);
#1477=VECTOR('',#5213,10.);
#1478=VECTOR('',#5216,0.750000174598054);
#1479=VECTOR('',#5217,10.);
#1480=VECTOR('',#5220,0.750000834837041);
#1481=VECTOR('',#5225,10.);
#1482=VECTOR('',#5234,10.);
#1483=VECTOR('',#5235,10.);
#1484=VECTOR('',#5240,10.);
#1485=VECTOR('',#5245,10.);
#1486=VECTOR('',#5246,10.);
#1487=VECTOR('',#5251,10.);
#1488=VECTOR('',#5252,10.);
#1489=VECTOR('',#5257,10.);
#1490=VECTOR('',#5262,10.);
#1491=VECTOR('',#5263,10.);
#1492=VECTOR('',#5270,10.);
#1493=VECTOR('',#5271,10.);
#1494=VECTOR('',#5276,10.);
#1495=VECTOR('',#5279,10.);
#1496=VECTOR('',#5280,10.);
#1497=VECTOR('',#5285,10.);
#1498=VECTOR('',#5290,10.);
#1499=VECTOR('',#5291,10.);
#1500=VECTOR('',#5294,10.);
#1501=VECTOR('',#5299,10.);
#1502=VECTOR('',#5304,10.);
#1503=VECTOR('',#5307,10.);
#1504=VECTOR('',#5308,10.);
#1505=VECTOR('',#5309,10.);
#1506=VECTOR('',#5316,10.);
#1507=VECTOR('',#5319,10.);
#1508=VECTOR('',#5322,10.);
#1509=VECTOR('',#5327,10.);
#1510=VECTOR('',#5334,10.);
#1511=VECTOR('',#5339,10.);
#1512=VECTOR('',#5342,10.);
#1513=VECTOR('',#5345,10.);
#1514=VECTOR('',#5346,10.);
#1515=VECTOR('',#5347,10.);
#1516=VECTOR('',#5350,10.);
#1517=VECTOR('',#5353,10.);
#1518=VECTOR('',#5354,10.);
#1519=VECTOR('',#5357,10.);
#1520=VECTOR('',#5360,10.);
#1521=VECTOR('',#5363,10.);
#1522=VECTOR('',#5364,10.);
#1523=VECTOR('',#5365,10.);
#1524=VECTOR('',#5366,10.);
#1525=VECTOR('',#5367,10.);
#1526=VECTOR('',#5370,10.);
#1527=VECTOR('',#5377,10.);
#1528=VECTOR('',#5382,10.);
#1529=VECTOR('',#5383,10.);
#1530=VECTOR('',#5386,10.);
#1531=VECTOR('',#5387,10.);
#1532=VECTOR('',#5388,10.);
#1533=VECTOR('',#5389,10.);
#1534=VECTOR('',#5392,10.);
#1535=VECTOR('',#5395,10.);
#1536=VECTOR('',#5398,10.);
#1537=VECTOR('',#5401,10.);
#1538=VECTOR('',#5404,10.);
#1539=VECTOR('',#5407,10.);
#1540=VECTOR('',#5408,10.);
#1541=VECTOR('',#5409,10.);
#1542=VECTOR('',#5412,10.);
#1543=VECTOR('',#5413,10.);
#1544=VECTOR('',#5414,10.);
#1545=VECTOR('',#5417,10.);
#1546=VECTOR('',#5418,10.);
#1547=VECTOR('',#5419,10.);
#1548=VECTOR('',#5422,10.);
#1549=VECTOR('',#5423,10.);
#1550=VECTOR('',#5424,10.);
#1551=VECTOR('',#5427,10.);
#1552=VECTOR('',#5428,10.);
#1553=VECTOR('',#5431,10.);
#1554=VECTOR('',#5434,10.);
#1555=VECTOR('',#5435,10.);
#1556=VECTOR('',#5436,10.);
#1557=VECTOR('',#5439,10.);
#1558=VECTOR('',#5440,10.);
#1559=VECTOR('',#5443,10.);
#1560=VECTOR('',#5444,10.);
#1561=VECTOR('',#5445,10.);
#1562=VECTOR('',#5448,10.);
#1563=VECTOR('',#5453,10.);
#1564=VECTOR('',#5460,10.);
#1565=VECTOR('',#5465,10.);
#1566=VECTOR('',#5466,10.);
#1567=VECTOR('',#5467,10.);
#1568=VECTOR('',#5470,10.);
#1569=VECTOR('',#5473,10.);
#1570=VECTOR('',#5474,10.);
#1571=VECTOR('',#5475,10.);
#1572=VECTOR('',#5476,10.);
#1573=VECTOR('',#5479,10.);
#1574=VECTOR('',#5484,10.);
#1575=VECTOR('',#5487,10.);
#1576=VECTOR('',#5492,10.);
#1577=VECTOR('',#5493,10.);
#1578=VECTOR('',#5502,10.);
#1579=VECTOR('',#5567,10.);
#1580=VECTOR('',#5570,10.);
#1581=VECTOR('',#5573,10.);
#1582=VECTOR('',#5574,10.);
#1583=VECTOR('',#5577,10.);
#1584=VECTOR('',#5580,10.);
#1585=VECTOR('',#5583,10.);
#1586=VECTOR('',#5584,10.);
#1587=VECTOR('',#5587,10.);
#1588=VECTOR('',#5588,10.);
#1589=VECTOR('',#5591,10.);
#1590=VECTOR('',#5596,10.);
#1591=VECTOR('',#5599,10.);
#1592=VECTOR('',#5600,10.);
#1593=VECTOR('',#5601,10.);
#1594=VECTOR('',#5606,1.1);
#1595=VECTOR('',#5607,10.);
#1596=VECTOR('',#5610,10.);
#1597=VECTOR('',#5613,1.1);
#1598=VECTOR('',#5614,10.);
#1599=VECTOR('',#5617,10.);
#1600=VECTOR('',#5624,1.1);
#1601=VECTOR('',#5631,1.1);
#1602=VECTOR('',#5636,10.);
#1603=VECTOR('',#5643,10.);
#1604=VECTOR('',#5650,10.);
#1605=VECTOR('',#5657,10.);
#1606=VECTOR('',#5660,10.);
#1607=VECTOR('',#5663,10.);
#1608=VECTOR('',#5664,10.);
#1609=VECTOR('',#5667,10.);
#1610=VECTOR('',#5670,10.);
#1611=VECTOR('',#5679,10.);
#1612=VECTOR('',#5682,10.);
#1613=VECTOR('',#5685,10.);
#1614=VECTOR('',#5690,10.);
#1615=VECTOR('',#5693,10.);
#1616=VECTOR('',#5710,10.);
#1617=VECTOR('',#5713,10.);
#1618=VECTOR('',#5716,10.);
#1619=VECTOR('',#5719,10.);
#1620=VECTOR('',#5722,10.);
#1621=VECTOR('',#5725,10.);
#1622=VECTOR('',#5728,10.);
#1623=VECTOR('',#5729,10.);
#1624=VECTOR('',#5738,10.);
#1625=VECTOR('',#5741,10.);
#1626=VECTOR('',#5756,10.);
#1627=VECTOR('',#5757,10.);
#1628=VECTOR('',#5762,10.);
#1629=VECTOR('',#5765,10.);
#1630=VECTOR('',#5770,10.);
#1631=VECTOR('',#5779,10.);
#1632=VECTOR('',#5780,10.);
#1633=VECTOR('',#5785,10.);
#1634=VECTOR('',#5790,10.);
#1635=VERTEX_POINT('',#5803);
#1636=VERTEX_POINT('',#5804);
#1637=VERTEX_POINT('',#5806);
#1638=VERTEX_POINT('',#5808);
#1639=VERTEX_POINT('',#5812);
#1640=VERTEX_POINT('',#5814);
#1641=VERTEX_POINT('',#5818);
#1642=VERTEX_POINT('',#5820);
#1643=VERTEX_POINT('',#5824);
#1644=VERTEX_POINT('',#5826);
#1645=VERTEX_POINT('',#5830);
#1646=VERTEX_POINT('',#5832);
#1647=VERTEX_POINT('',#5834);
#1648=VERTEX_POINT('',#5838);
#1649=VERTEX_POINT('',#5842);
#1650=VERTEX_POINT('',#5846);
#1651=VERTEX_POINT('',#5852);
#1652=VERTEX_POINT('',#5853);
#1653=VERTEX_POINT('',#5855);
#1654=VERTEX_POINT('',#5857);
#1655=VERTEX_POINT('',#5861);
#1656=VERTEX_POINT('',#5863);
#1657=VERTEX_POINT('',#5867);
#1658=VERTEX_POINT('',#5871);
#1659=VERTEX_POINT('',#5886);
#1660=VERTEX_POINT('',#5887);
#1661=VERTEX_POINT('',#5895);
#1662=VERTEX_POINT('',#5897);
#1663=VERTEX_POINT('',#5914);
#1664=VERTEX_POINT('',#5922);
#1665=VERTEX_POINT('',#5930);
#1666=VERTEX_POINT('',#5932);
#1667=VERTEX_POINT('',#5936);
#1668=VERTEX_POINT('',#5938);
#1669=VERTEX_POINT('',#5942);
#1670=VERTEX_POINT('',#5943);
#1671=VERTEX_POINT('',#5945);
#1672=VERTEX_POINT('',#5947);
#1673=VERTEX_POINT('',#5951);
#1674=VERTEX_POINT('',#5953);
#1675=VERTEX_POINT('',#5957);
#1676=VERTEX_POINT('',#5959);
#1677=VERTEX_POINT('',#5972);
#1678=VERTEX_POINT('',#5980);
#1679=VERTEX_POINT('',#5997);
#1680=VERTEX_POINT('',#6005);
#1681=VERTEX_POINT('',#6022);
#1682=VERTEX_POINT('',#6030);
#1683=VERTEX_POINT('',#6038);
#1684=VERTEX_POINT('',#6040);
#1685=VERTEX_POINT('',#6044);
#1686=VERTEX_POINT('',#6046);
#1687=VERTEX_POINT('',#6050);
#1688=VERTEX_POINT('',#6052);
#1689=VERTEX_POINT('',#6056);
#1690=VERTEX_POINT('',#6062);
#1691=VERTEX_POINT('',#6068);
#1692=VERTEX_POINT('',#6074);
#1693=VERTEX_POINT('',#6080);
#1694=VERTEX_POINT('',#6086);
#1695=VERTEX_POINT('',#6092);
#1696=VERTEX_POINT('',#6098);
#1697=VERTEX_POINT('',#6101);
#1698=VERTEX_POINT('',#6107);
#1699=VERTEX_POINT('',#6113);
#1700=VERTEX_POINT('',#6119);
#1701=VERTEX_POINT('',#6127);
#1702=VERTEX_POINT('',#6140);
#1703=VERTEX_POINT('',#6159);
#1704=VERTEX_POINT('',#6178);
#1705=VERTEX_POINT('',#6205);
#1706=VERTEX_POINT('',#6209);
#1707=VERTEX_POINT('',#6222);
#1708=VERTEX_POINT('',#6241);
#1709=VERTEX_POINT('',#6260);
#1710=VERTEX_POINT('',#6279);
#1711=VERTEX_POINT('',#6298);
#1712=VERTEX_POINT('',#6317);
#1713=VERTEX_POINT('',#6344);
#1714=VERTEX_POINT('',#6345);
#1715=VERTEX_POINT('',#6347);
#1716=VERTEX_POINT('',#6349);
#1717=VERTEX_POINT('',#6351);
#1718=VERTEX_POINT('',#6353);
#1719=VERTEX_POINT('',#6355);
#1720=VERTEX_POINT('',#6357);
#1721=VERTEX_POINT('',#6359);
#1722=VERTEX_POINT('',#6361);
#1723=VERTEX_POINT('',#6364);
#1724=VERTEX_POINT('',#6365);
#1725=VERTEX_POINT('',#6367);
#1726=VERTEX_POINT('',#6369);
#1727=VERTEX_POINT('',#6373);
#1728=VERTEX_POINT('',#6374);
#1729=VERTEX_POINT('',#6376);
#1730=VERTEX_POINT('',#6378);
#1731=VERTEX_POINT('',#6382);
#1732=VERTEX_POINT('',#6383);
#1733=VERTEX_POINT('',#6390);
#1734=VERTEX_POINT('',#6392);
#1735=VERTEX_POINT('',#6394);
#1736=VERTEX_POINT('',#6396);
#1737=VERTEX_POINT('',#6398);
#1738=VERTEX_POINT('',#6405);
#1739=VERTEX_POINT('',#6406);
#1740=VERTEX_POINT('',#6408);
#1741=VERTEX_POINT('',#6410);
#1742=VERTEX_POINT('',#6414);
#1743=VERTEX_POINT('',#6415);
#1744=VERTEX_POINT('',#6417);
#1745=VERTEX_POINT('',#6419);
#1746=VERTEX_POINT('',#6423);
#1747=VERTEX_POINT('',#6425);
#1748=VERTEX_POINT('',#6429);
#1749=VERTEX_POINT('',#6430);
#1750=VERTEX_POINT('',#6435);
#1751=VERTEX_POINT('',#6437);
#1752=VERTEX_POINT('',#6441);
#1753=VERTEX_POINT('',#6443);
#1754=VERTEX_POINT('',#6445);
#1755=VERTEX_POINT('',#6468);
#1756=VERTEX_POINT('',#6475);
#1757=VERTEX_POINT('',#6477);
#1758=VERTEX_POINT('',#6484);
#1759=VERTEX_POINT('',#6489);
#1760=VERTEX_POINT('',#6491);
#1761=VERTEX_POINT('',#6495);
#1762=VERTEX_POINT('',#6499);
#1763=VERTEX_POINT('',#6503);
#1764=VERTEX_POINT('',#6507);
#1765=VERTEX_POINT('',#6528);
#1766=VERTEX_POINT('',#6530);
#1767=VERTEX_POINT('',#6538);
#1768=VERTEX_POINT('',#6540);
#1769=VERTEX_POINT('',#6555);
#1770=VERTEX_POINT('',#6574);
#1771=VERTEX_POINT('',#6576);
#1772=VERTEX_POINT('',#6578);
#1773=VERTEX_POINT('',#6580);
#1774=VERTEX_POINT('',#6587);
#1775=VERTEX_POINT('',#6589);
#1776=VERTEX_POINT('',#6591);
#1777=VERTEX_POINT('',#6595);
#1778=VERTEX_POINT('',#6597);
#1779=VERTEX_POINT('',#6599);
#1780=VERTEX_POINT('',#6601);
#1781=VERTEX_POINT('',#6604);
#1782=VERTEX_POINT('',#6606);
#1783=VERTEX_POINT('',#6608);
#1784=VERTEX_POINT('',#6610);
#1785=VERTEX_POINT('',#6656);
#1786=VERTEX_POINT('',#6680);
#1787=VERTEX_POINT('',#6682);
#1788=VERTEX_POINT('',#6694);
#1789=VERTEX_POINT('',#6709);
#1790=VERTEX_POINT('',#6726);
#1791=VERTEX_POINT('',#6727);
#1792=VERTEX_POINT('',#6729);
#1793=VERTEX_POINT('',#6731);
#1794=VERTEX_POINT('',#6735);
#1795=VERTEX_POINT('',#6737);
#1796=VERTEX_POINT('',#6741);
#1797=VERTEX_POINT('',#6743);
#1798=VERTEX_POINT('',#6747);
#1799=VERTEX_POINT('',#6749);
#1800=VERTEX_POINT('',#6751);
#1801=VERTEX_POINT('',#6755);
#1802=VERTEX_POINT('',#6757);
#1803=VERTEX_POINT('',#6761);
#1804=VERTEX_POINT('',#6763);
#1805=VERTEX_POINT('',#6767);
#1806=VERTEX_POINT('',#6769);
#1807=VERTEX_POINT('',#6775);
#1808=VERTEX_POINT('',#6777);
#1809=VERTEX_POINT('',#6781);
#1810=VERTEX_POINT('',#6783);
#1811=VERTEX_POINT('',#6785);
#1812=VERTEX_POINT('',#6789);
#1813=VERTEX_POINT('',#6791);
#1814=VERTEX_POINT('',#6793);
#1815=VERTEX_POINT('',#6795);
#1816=VERTEX_POINT('',#6797);
#1817=VERTEX_POINT('',#6799);
#1818=VERTEX_POINT('',#6801);
#1819=VERTEX_POINT('',#6803);
#1820=VERTEX_POINT('',#6806);
#1821=VERTEX_POINT('',#6808);
#1822=VERTEX_POINT('',#6831);
#1823=VERTEX_POINT('',#6834);
#1824=VERTEX_POINT('',#6836);
#1825=VERTEX_POINT('',#6838);
#1826=VERTEX_POINT('',#6840);
#1827=VERTEX_POINT('',#6842);
#1828=VERTEX_POINT('',#6844);
#1829=VERTEX_POINT('',#6846);
#1830=VERTEX_POINT('',#6850);
#1831=VERTEX_POINT('',#6854);
#1832=VERTEX_POINT('',#6858);
#1833=VERTEX_POINT('',#6860);
#1834=VERTEX_POINT('',#6864);
#1835=VERTEX_POINT('',#6866);
#1836=VERTEX_POINT('',#6868);
#1837=VERTEX_POINT('',#6870);
#1838=VERTEX_POINT('',#6872);
#1839=VERTEX_POINT('',#6874);
#1840=VERTEX_POINT('',#6876);
#1841=VERTEX_POINT('',#6878);
#1842=VERTEX_POINT('',#6881);
#1843=VERTEX_POINT('',#6883);
#1844=VERTEX_POINT('',#6904);
#1845=VERTEX_POINT('',#6907);
#1846=VERTEX_POINT('',#6909);
#1847=VERTEX_POINT('',#6911);
#1848=VERTEX_POINT('',#6913);
#1849=VERTEX_POINT('',#6915);
#1850=VERTEX_POINT('',#6917);
#1851=VERTEX_POINT('',#6919);
#1852=VERTEX_POINT('',#6923);
#1853=VERTEX_POINT('',#6927);
#1854=VERTEX_POINT('',#6972);
#1855=VERTEX_POINT('',#6973);
#1856=VERTEX_POINT('',#6978);
#1857=VERTEX_POINT('',#6989);
#1858=VERTEX_POINT('',#6994);
#1859=VERTEX_POINT('',#6999);
#1860=VERTEX_POINT('',#7022);
#1861=VERTEX_POINT('',#7074);
#1862=VERTEX_POINT('',#7076);
#1863=VERTEX_POINT('',#7078);
#1864=VERTEX_POINT('',#7083);
#1865=VERTEX_POINT('',#7087);
#1866=VERTEX_POINT('',#7089);
#1867=VERTEX_POINT('',#7170);
#1868=VERTEX_POINT('',#7171);
#1869=VERTEX_POINT('',#7173);
#1870=VERTEX_POINT('',#7214);
#1871=VERTEX_POINT('',#7231);
#1872=VERTEX_POINT('',#7264);
#1873=VERTEX_POINT('',#7266);
#1874=VERTEX_POINT('',#7345);
#1875=VERTEX_POINT('',#7347);
#1876=VERTEX_POINT('',#7369);
#1877=VERTEX_POINT('',#7371);
#1878=VERTEX_POINT('',#7510);
#1879=VERTEX_POINT('',#7512);
#1880=VERTEX_POINT('',#7549);
#1881=VERTEX_POINT('',#7551);
#1882=VERTEX_POINT('',#7646);
#1883=VERTEX_POINT('',#7654);
#1884=VERTEX_POINT('',#7660);
#1885=VERTEX_POINT('',#7731);
#1886=VERTEX_POINT('',#7739);
#1887=VERTEX_POINT('',#7804);
#1888=VERTEX_POINT('',#7811);
#1889=VERTEX_POINT('',#7890);
#1890=VERTEX_POINT('',#7897);
#1891=VERTEX_POINT('',#7984);
#1892=VERTEX_POINT('',#7997);
#1893=VERTEX_POINT('',#7998);
#1894=VERTEX_POINT('',#8007);
#1895=VERTEX_POINT('',#8009);
#1896=VERTEX_POINT('',#8020);
#1897=VERTEX_POINT('',#8022);
#1898=VERTEX_POINT('',#8027);
#1899=VERTEX_POINT('',#8029);
#1900=VERTEX_POINT('',#8038);
#1901=VERTEX_POINT('',#8039);
#1902=VERTEX_POINT('',#8048);
#1903=VERTEX_POINT('',#8050);
#1904=VERTEX_POINT('',#8061);
#1905=VERTEX_POINT('',#8063);
#1906=VERTEX_POINT('',#8067);
#1907=VERTEX_POINT('',#8068);
#1908=VERTEX_POINT('',#8077);
#1909=VERTEX_POINT('',#8079);
#1910=VERTEX_POINT('',#8090);
#1911=VERTEX_POINT('',#8092);
#1912=VERTEX_POINT('',#8099);
#1913=VERTEX_POINT('',#8104);
#1914=VERTEX_POINT('',#8108);
#1915=VERTEX_POINT('',#8109);
#1916=VERTEX_POINT('',#8118);
#1917=VERTEX_POINT('',#8120);
#1918=VERTEX_POINT('',#8131);
#1919=VERTEX_POINT('',#8133);
#1920=VERTEX_POINT('',#8138);
#1921=VERTEX_POINT('',#8140);
#1922=VERTEX_POINT('',#8142);
#1923=VERTEX_POINT('',#8144);
#1924=VERTEX_POINT('',#8153);
#1925=VERTEX_POINT('',#8160);
#1926=VERTEX_POINT('',#8162);
#1927=VERTEX_POINT('',#8164);
#1928=VERTEX_POINT('',#8166);
#1929=VERTEX_POINT('',#8168);
#1930=VERTEX_POINT('',#8170);
#1931=VERTEX_POINT('',#8172);
#1932=VERTEX_POINT('',#8174);
#1933=VERTEX_POINT('',#8176);
#1934=VERTEX_POINT('',#8180);
#1935=VERTEX_POINT('',#8187);
#1936=VERTEX_POINT('',#8194);
#1937=VERTEX_POINT('',#8201);
#1938=VERTEX_POINT('',#8203);
#1939=VERTEX_POINT('',#8205);
#1940=VERTEX_POINT('',#8207);
#1941=VERTEX_POINT('',#8209);
#1942=VERTEX_POINT('',#8211);
#1943=VERTEX_POINT('',#8215);
#1944=VERTEX_POINT('',#8230);
#1945=VERTEX_POINT('',#8239);
#1946=VERTEX_POINT('',#8241);
#1947=VERTEX_POINT('',#8248);
#1948=VERTEX_POINT('',#8250);
#1949=VERTEX_POINT('',#8252);
#1950=VERTEX_POINT('',#8256);
#1951=VERTEX_POINT('',#8261);
#1952=VERTEX_POINT('',#8263);
#1953=VERTEX_POINT('',#8271);
#1954=VERTEX_POINT('',#8273);
#1955=VERTEX_POINT('',#8275);
#1956=VERTEX_POINT('',#8277);
#1957=VERTEX_POINT('',#8281);
#1958=VERTEX_POINT('',#8282);
#1959=VERTEX_POINT('',#8284);
#1960=VERTEX_POINT('',#8288);
#1961=VERTEX_POINT('',#8290);
#1962=VERTEX_POINT('',#8294);
#1963=VERTEX_POINT('',#8299);
#1964=VERTEX_POINT('',#8301);
#1965=VERTEX_POINT('',#8306);
#1966=VERTEX_POINT('',#8308);
#1967=VERTEX_POINT('',#8312);
#1968=VERTEX_POINT('',#8313);
#1969=VERTEX_POINT('',#8315);
#1970=VERTEX_POINT('',#8319);
#1971=VERTEX_POINT('',#8323);
#1972=VERTEX_POINT('',#8330);
#1973=VERTEX_POINT('',#8335);
#1974=VERTEX_POINT('',#8337);
#1975=VERTEX_POINT('',#8341);
#1976=VERTEX_POINT('',#8344);
#1977=VERTEX_POINT('',#8348);
#1978=VERTEX_POINT('',#8351);
#1979=VERTEX_POINT('',#8354);
#1980=VERTEX_POINT('',#8355);
#1981=VERTEX_POINT('',#8357);
#1982=VERTEX_POINT('',#8359);
#1983=VERTEX_POINT('',#8427);
#1984=VERTEX_POINT('',#8428);
#1985=VERTEX_POINT('',#8488);
#1986=VERTEX_POINT('',#8489);
#1987=VERTEX_POINT('',#8532);
#1988=VERTEX_POINT('',#8533);
#1989=VERTEX_POINT('',#8535);
#1990=VERTEX_POINT('',#8548);
#1991=VERTEX_POINT('',#8553);
#1992=VERTEX_POINT('',#8555);
#1993=VERTEX_POINT('',#8557);
#1994=VERTEX_POINT('',#8559);
#1995=VERTEX_POINT('',#8590);
#1996=VERTEX_POINT('',#8665);
#1997=VERTEX_POINT('',#8723);
#1998=VERTEX_POINT('',#8783);
#1999=VERTEX_POINT('',#8785);
#2000=VERTEX_POINT('',#8793);
#2001=VERTEX_POINT('',#8794);
#2002=VERTEX_POINT('',#8800);
#2003=VERTEX_POINT('',#8802);
#2004=VERTEX_POINT('',#8831);
#2005=VERTEX_POINT('',#8837);
#2006=VERTEX_POINT('',#8932);
#2007=VERTEX_POINT('',#8934);
#2008=VERTEX_POINT('',#8936);
#2009=VERTEX_POINT('',#8938);
#2010=VERTEX_POINT('',#8940);
#2011=VERTEX_POINT('',#8942);
#2012=VERTEX_POINT('',#8944);
#2013=VERTEX_POINT('',#8946);
#2014=VERTEX_POINT('',#8976);
#2015=VERTEX_POINT('',#8978);
#2016=VERTEX_POINT('',#8983);
#2017=VERTEX_POINT('',#8985);
#2018=VERTEX_POINT('',#9008);
#2019=VERTEX_POINT('',#9010);
#2020=VERTEX_POINT('',#9012);
#2021=VERTEX_POINT('',#9014);
#2022=VERTEX_POINT('',#9032);
#2023=VERTEX_POINT('',#9034);
#2024=VERTEX_POINT('',#9041);
#2025=VERTEX_POINT('',#9052);
#2026=VERTEX_POINT('',#9054);
#2027=VERTEX_POINT('',#9056);
#2028=VERTEX_POINT('',#9079);
#2029=VERTEX_POINT('',#9084);
#2030=VERTEX_POINT('',#9089);
#2031=VERTEX_POINT('',#9091);
#2032=VERTEX_POINT('',#9120);
#2033=VERTEX_POINT('',#9135);
#2034=VERTEX_POINT('',#9152);
#2035=VERTEX_POINT('',#9169);
#2036=VERTEX_POINT('',#9188);
#2037=VERTEX_POINT('',#9190);
#2038=VERTEX_POINT('',#9194);
#2039=VERTEX_POINT('',#9198);
#2040=VERTEX_POINT('',#9229);
#2041=VERTEX_POINT('',#9237);
#2042=VERTEX_POINT('',#9274);
#2043=VERTEX_POINT('',#9291);
#2044=VERTEX_POINT('',#9306);
#2045=VERTEX_POINT('',#9308);
#2046=VERTEX_POINT('',#9311);
#2047=VERTEX_POINT('',#9313);
#2048=VERTEX_POINT('',#9356);
#2049=VERTEX_POINT('',#9360);
#2050=VERTEX_POINT('',#9362);
#2051=VERTEX_POINT('',#9367);
#2052=VERTEX_POINT('',#9369);
#2053=VERTEX_POINT('',#9371);
#2054=VERTEX_POINT('',#9373);
#2055=VERTEX_POINT('',#9375);
#2056=VERTEX_POINT('',#9400);
#2057=VERTEX_POINT('',#9402);
#2058=VERTEX_POINT('',#9406);
#2059=VERTEX_POINT('',#9410);
#2060=VERTEX_POINT('',#9428);
#2061=VERTEX_POINT('',#9432);
#2062=EDGE_CURVE('',#1635,#1636,#939,.T.);
#2063=EDGE_CURVE('',#1637,#1635,#940,.T.);
#2064=EDGE_CURVE('',#1637,#1638,#941,.T.);
#2065=EDGE_CURVE('',#1638,#1636,#942,.T.);
#2066=EDGE_CURVE('',#1636,#1639,#943,.T.);
#2067=EDGE_CURVE('',#1638,#1640,#944,.T.);
#2068=EDGE_CURVE('',#1640,#1639,#945,.T.);
#2069=EDGE_CURVE('',#1639,#1641,#946,.T.);
#2070=EDGE_CURVE('',#1640,#1642,#947,.T.);
#2071=EDGE_CURVE('',#1642,#1641,#948,.T.);
#2072=EDGE_CURVE('',#1641,#1643,#949,.T.);
#2073=EDGE_CURVE('',#1642,#1644,#950,.T.);
#2074=EDGE_CURVE('',#1643,#1644,#951,.T.);
#2075=EDGE_CURVE('',#1645,#1637,#952,.T.);
#2076=EDGE_CURVE('',#1646,#1645,#953,.T.);
#2077=EDGE_CURVE('',#1647,#1646,#954,.T.);
#2078=EDGE_CURVE('',#1644,#1647,#955,.T.);
#2079=EDGE_CURVE('',#1643,#1648,#956,.T.);
#2080=EDGE_CURVE('',#1647,#1648,#957,.T.);
#2081=EDGE_CURVE('',#1648,#1649,#958,.T.);
#2082=EDGE_CURVE('',#1646,#1649,#959,.T.);
#2083=EDGE_CURVE('',#1649,#1650,#960,.T.);
#2084=EDGE_CURVE('',#1645,#1650,#961,.T.);
#2085=EDGE_CURVE('',#1650,#1635,#962,.T.);
#2086=EDGE_CURVE('',#1651,#1652,#963,.T.);
#2087=EDGE_CURVE('',#1653,#1651,#964,.T.);
#2088=EDGE_CURVE('',#1653,#1654,#965,.T.);
#2089=EDGE_CURVE('',#1654,#1652,#966,.T.);
#2090=EDGE_CURVE('',#1652,#1655,#967,.T.);
#2091=EDGE_CURVE('',#1654,#1656,#968,.T.);
#2092=EDGE_CURVE('',#1655,#1656,#969,.T.);
#2093=EDGE_CURVE('',#1657,#1653,#970,.T.);
#2094=EDGE_CURVE('',#1656,#1657,#971,.T.);
#2095=EDGE_CURVE('',#1655,#1658,#972,.T.);
#2096=EDGE_CURVE('',#1657,#1658,#973,.T.);
#2097=EDGE_CURVE('',#1658,#1651,#974,.T.);
#2098=EDGE_CURVE('',#1659,#1660,#273,.T.);
#2099=EDGE_CURVE('',#1661,#1659,#975,.T.);
#2100=EDGE_CURVE('',#1661,#1662,#274,.T.);
#2101=EDGE_CURVE('',#1662,#1660,#976,.T.);
#2102=EDGE_CURVE('',#1660,#1663,#275,.T.);
#2103=EDGE_CURVE('',#1662,#1664,#276,.T.);
#2104=EDGE_CURVE('',#1664,#1663,#977,.T.);
#2105=EDGE_CURVE('',#1663,#1665,#978,.T.);
#2106=EDGE_CURVE('',#1664,#1666,#979,.T.);
#2107=EDGE_CURVE('',#1666,#1665,#980,.T.);
#2108=EDGE_CURVE('',#1665,#1667,#981,.T.);
#2109=EDGE_CURVE('',#1666,#1668,#982,.T.);
#2110=EDGE_CURVE('',#1667,#1668,#983,.T.);
#2111=EDGE_CURVE('',#1669,#1670,#984,.T.);
#2112=EDGE_CURVE('',#1671,#1669,#985,.T.);
#2113=EDGE_CURVE('',#1671,#1672,#986,.T.);
#2114=EDGE_CURVE('',#1672,#1670,#987,.T.);
#2115=EDGE_CURVE('',#1670,#1673,#988,.T.);
#2116=EDGE_CURVE('',#1672,#1674,#989,.T.);
#2117=EDGE_CURVE('',#1674,#1673,#990,.T.);
#2118=EDGE_CURVE('',#1673,#1675,#991,.T.);
#2119=EDGE_CURVE('',#1674,#1676,#992,.T.);
#2120=EDGE_CURVE('',#1676,#1675,#993,.T.);
#2121=EDGE_CURVE('',#1675,#1677,#277,.T.);
#2122=EDGE_CURVE('',#1676,#1678,#278,.T.);
#2123=EDGE_CURVE('',#1678,#1677,#994,.T.);
#2124=EDGE_CURVE('',#1677,#1679,#279,.T.);
#2125=EDGE_CURVE('',#1678,#1680,#280,.T.);
#2126=EDGE_CURVE('',#1680,#1679,#995,.T.);
#2127=EDGE_CURVE('',#1679,#1681,#281,.T.);
#2128=EDGE_CURVE('',#1680,#1682,#282,.T.);
#2129=EDGE_CURVE('',#1682,#1681,#996,.T.);
#2130=EDGE_CURVE('',#1681,#1683,#997,.T.);
#2131=EDGE_CURVE('',#1682,#1684,#998,.T.);
#2132=EDGE_CURVE('',#1684,#1683,#999,.T.);
#2133=EDGE_CURVE('',#1683,#1685,#1000,.T.);
#2134=EDGE_CURVE('',#1684,#1686,#1001,.T.);
#2135=EDGE_CURVE('',#1686,#1685,#1002,.T.);
#2136=EDGE_CURVE('',#1685,#1687,#1003,.T.);
#2137=EDGE_CURVE('',#1686,#1688,#1004,.T.);
#2138=EDGE_CURVE('',#1687,#1688,#1005,.T.);
#2139=EDGE_CURVE('',#1689,#1671,#283,.T.);
#2140=EDGE_CURVE('',#1690,#1689,#284,.T.);
#2141=EDGE_CURVE('',#1691,#1690,#285,.T.);
#2142=EDGE_CURVE('',#1692,#1691,#286,.T.);
#2143=EDGE_CURVE('',#1693,#1692,#287,.T.);
#2144=EDGE_CURVE('',#1694,#1693,#288,.T.);
#2145=EDGE_CURVE('',#1695,#1694,#289,.T.);
#2146=EDGE_CURVE('',#1696,#1695,#1006,.T.);
#2147=EDGE_CURVE('',#1688,#1696,#1007,.T.);
#2148=EDGE_CURVE('',#1697,#1661,#290,.T.);
#2149=EDGE_CURVE('',#1698,#1697,#291,.T.);
#2150=EDGE_CURVE('',#1699,#1698,#292,.T.);
#2151=EDGE_CURVE('',#1700,#1699,#293,.T.);
#2152=EDGE_CURVE('',#1668,#1700,#1008,.T.);
#2153=EDGE_CURVE('',#1667,#1701,#1009,.T.);
#2154=EDGE_CURVE('',#1700,#1701,#1010,.T.);
#2155=EDGE_CURVE('',#1701,#1702,#294,.T.);
#2156=EDGE_CURVE('',#1699,#1702,#1011,.T.);
#2157=EDGE_CURVE('',#1702,#1703,#295,.T.);
#2158=EDGE_CURVE('',#1698,#1703,#1012,.T.);
#2159=EDGE_CURVE('',#1703,#1704,#296,.T.);
#2160=EDGE_CURVE('',#1697,#1704,#1013,.T.);
#2161=EDGE_CURVE('',#1704,#1659,#297,.T.);
#2162=EDGE_CURVE('',#1687,#1705,#1014,.T.);
#2163=EDGE_CURVE('',#1696,#1705,#1015,.T.);
#2164=EDGE_CURVE('',#1705,#1706,#1016,.T.);
#2165=EDGE_CURVE('',#1695,#1706,#1017,.T.);
#2166=EDGE_CURVE('',#1706,#1707,#298,.T.);
#2167=EDGE_CURVE('',#1694,#1707,#1018,.T.);
#2168=EDGE_CURVE('',#1707,#1708,#299,.T.);
#2169=EDGE_CURVE('',#1693,#1708,#1019,.T.);
#2170=EDGE_CURVE('',#1708,#1709,#300,.T.);
#2171=EDGE_CURVE('',#1692,#1709,#1020,.T.);
#2172=EDGE_CURVE('',#1709,#1710,#301,.T.);
#2173=EDGE_CURVE('',#1691,#1710,#1021,.T.);
#2174=EDGE_CURVE('',#1710,#1711,#302,.T.);
#2175=EDGE_CURVE('',#1690,#1711,#1022,.T.);
#2176=EDGE_CURVE('',#1711,#1712,#303,.T.);
#2177=EDGE_CURVE('',#1689,#1712,#1023,.T.);
#2178=EDGE_CURVE('',#1712,#1669,#304,.T.);
#2179=EDGE_CURVE('',#1713,#1714,#1024,.T.);
#2180=EDGE_CURVE('',#1715,#1714,#118,.T.);
#2181=EDGE_CURVE('',#1716,#1715,#1025,.T.);
#2182=EDGE_CURVE('',#1716,#1717,#1026,.T.);
#2183=EDGE_CURVE('',#1718,#1717,#1027,.T.);
#2184=EDGE_CURVE('',#1719,#1718,#119,.T.);
#2185=EDGE_CURVE('',#1719,#1720,#1028,.T.);
#2186=EDGE_CURVE('',#1721,#1720,#120,.T.);
#2187=EDGE_CURVE('',#1721,#1722,#121,.T.);
#2188=EDGE_CURVE('',#1713,#1722,#122,.T.);
#2189=EDGE_CURVE('',#1723,#1724,#1029,.T.);
#2190=EDGE_CURVE('',#1725,#1723,#123,.T.);
#2191=EDGE_CURVE('',#1726,#1725,#1030,.T.);
#2192=EDGE_CURVE('',#1724,#1726,#124,.T.);
#2193=EDGE_CURVE('',#1727,#1728,#1031,.T.);
#2194=EDGE_CURVE('',#1729,#1727,#125,.T.);
#2195=EDGE_CURVE('',#1730,#1729,#1032,.T.);
#2196=EDGE_CURVE('',#1728,#1730,#126,.T.);
#2197=EDGE_CURVE('',#1731,#1732,#305,.T.);
#2198=EDGE_CURVE('',#1733,#1731,#127,.T.);
#2199=EDGE_CURVE('',#1734,#1733,#1033,.T.);
#2200=EDGE_CURVE('',#1735,#1734,#128,.T.);
#2201=EDGE_CURVE('',#1736,#1735,#1034,.T.);
#2202=EDGE_CURVE('',#1737,#1736,#1035,.T.);
#2203=EDGE_CURVE('',#1732,#1737,#306,.T.);
#2204=EDGE_CURVE('',#1738,#1739,#1036,.T.);
#2205=EDGE_CURVE('',#1740,#1738,#1037,.T.);
#2206=EDGE_CURVE('',#1740,#1741,#1038,.T.);
#2207=EDGE_CURVE('',#1739,#1741,#1039,.T.);
#2208=EDGE_CURVE('',#1742,#1743,#1040,.T.);
#2209=EDGE_CURVE('',#1742,#1744,#129,.T.);
#2210=EDGE_CURVE('',#1745,#1744,#1041,.T.);
#2211=EDGE_CURVE('',#1743,#1745,#130,.T.);
#2212=EDGE_CURVE('',#1728,#1746,#1042,.T.);
#2213=EDGE_CURVE('',#1730,#1747,#1043,.T.);
#2214=EDGE_CURVE('',#1746,#1747,#131,.T.);
#2215=EDGE_CURVE('',#1748,#1749,#1044,.T.);
#2216=EDGE_CURVE('',#1739,#1748,#132,.T.);
#2217=EDGE_CURVE('',#1741,#1749,#133,.T.);
#2218=EDGE_CURVE('',#1745,#1750,#1045,.T.);
#2219=EDGE_CURVE('',#1744,#1751,#1046,.T.);
#2220=EDGE_CURVE('',#1750,#1751,#1047,.T.);
#2221=EDGE_CURVE('',#1752,#1742,#1048,.T.);
#2222=EDGE_CURVE('',#1753,#1752,#134,.T.);
#2223=EDGE_CURVE('',#1754,#1753,#307,.T.);
#2224=EDGE_CURVE('',#1755,#1754,#308,.T.);
#2225=EDGE_CURVE('',#1751,#1755,#1049,.T.);
#2226=EDGE_CURVE('',#1750,#1756,#1050,.T.);
#2227=EDGE_CURVE('',#1757,#1755,#309,.T.);
#2228=EDGE_CURVE('',#1756,#1757,#35,.T.);
#2229=EDGE_CURVE('',#1737,#1758,#310,.T.);
#2230=EDGE_CURVE('',#1736,#1759,#1051,.T.);
#2231=EDGE_CURVE('',#1760,#1759,#1052,.T.);
#2232=EDGE_CURVE('',#1758,#1760,#36,.T.);
#2233=EDGE_CURVE('',#1759,#1761,#1053,.T.);
#2234=EDGE_CURVE('',#1735,#1761,#1054,.T.);
#2235=EDGE_CURVE('',#1762,#1734,#1055,.T.);
#2236=EDGE_CURVE('',#1761,#1762,#135,.T.);
#2237=EDGE_CURVE('',#1747,#1763,#1056,.T.);
#2238=EDGE_CURVE('',#1763,#1729,#1057,.T.);
#2239=EDGE_CURVE('',#1749,#1764,#1058,.T.);
#2240=EDGE_CURVE('',#1764,#1740,#136,.T.);
#2241=EDGE_CURVE('',#1732,#1765,#1059,.F.);
#2242=EDGE_CURVE('',#1766,#1765,#311,.T.);
#2243=EDGE_CURVE('',#1766,#1731,#1060,.T.);
#2244=EDGE_CURVE('',#1760,#1767,#1061,.T.);
#2245=EDGE_CURVE('',#1767,#1768,#312,.T.);
#2246=EDGE_CURVE('',#1768,#1769,#1062,.T.);
#2247=EDGE_CURVE('',#1758,#1769,#313,.F.);
#2248=EDGE_CURVE('',#1746,#1770,#1063,.T.);
#2249=EDGE_CURVE('',#1770,#1771,#1064,.T.);
#2250=EDGE_CURVE('',#1771,#1772,#1065,.T.);
#2251=EDGE_CURVE('',#1773,#1772,#314,.T.);
#2252=EDGE_CURVE('',#1773,#1727,#1066,.T.);
#2253=EDGE_CURVE('',#1738,#1774,#137,.T.);
#2254=EDGE_CURVE('',#1774,#1775,#1067,.T.);
#2255=EDGE_CURVE('',#1776,#1775,#138,.T.);
#2256=EDGE_CURVE('',#1764,#1776,#1068,.T.);
#2257=EDGE_CURVE('',#1777,#1748,#1069,.T.);
#2258=EDGE_CURVE('',#1778,#1777,#1070,.T.);
#2259=EDGE_CURVE('',#1779,#1778,#139,.T.);
#2260=EDGE_CURVE('',#1780,#1779,#1071,.T.);
#2261=EDGE_CURVE('',#1743,#1780,#1072,.T.);
#2262=EDGE_CURVE('',#1781,#1756,#1073,.T.);
#2263=EDGE_CURVE('',#1782,#1781,#140,.T.);
#2264=EDGE_CURVE('',#1783,#1782,#1074,.T.);
#2265=EDGE_CURVE('',#1784,#1783,#315,.T.);
#2266=EDGE_CURVE('',#1774,#1784,#316,.T.);
#2267=EDGE_CURVE('',#1769,#1785,#317,.T.);
#2268=EDGE_CURVE('',#1785,#1757,#318,.F.);
#2269=EDGE_CURVE('',#1754,#1786,#1075,.T.);
#2270=EDGE_CURVE('',#1787,#1786,#319,.T.);
#2271=EDGE_CURVE('',#1717,#1787,#320,.T.);
#2272=EDGE_CURVE('',#1788,#1716,#321,.T.);
#2273=EDGE_CURVE('',#1765,#1788,#322,.T.);
#2274=EDGE_CURVE('',#1785,#1789,#1076,.T.);
#2275=EDGE_CURVE('',#1781,#1789,#323,.T.);
#2276=EDGE_CURVE('',#1790,#1791,#141,.T.);
#2277=EDGE_CURVE('',#1791,#1792,#1077,.T.);
#2278=EDGE_CURVE('',#1792,#1793,#142,.T.);
#2279=EDGE_CURVE('',#1793,#1790,#1078,.T.);
#2280=EDGE_CURVE('',#1794,#1791,#143,.T.);
#2281=EDGE_CURVE('',#1795,#1794,#1079,.T.);
#2282=EDGE_CURVE('',#1792,#1795,#144,.T.);
#2283=EDGE_CURVE('',#1794,#1796,#145,.T.);
#2284=EDGE_CURVE('',#1796,#1797,#1080,.T.);
#2285=EDGE_CURVE('',#1797,#1795,#146,.T.);
#2286=EDGE_CURVE('',#1798,#1796,#1081,.T.);
#2287=EDGE_CURVE('',#1799,#1798,#1082,.T.);
#2288=EDGE_CURVE('',#1800,#1799,#147,.T.);
#2289=EDGE_CURVE('',#1797,#1800,#1083,.T.);
#2290=EDGE_CURVE('',#1720,#1801,#1084,.T.);
#2291=EDGE_CURVE('',#1801,#1802,#148,.T.);
#2292=EDGE_CURVE('',#1802,#1721,#1085,.T.);
#2293=EDGE_CURVE('',#1803,#1719,#149,.T.);
#2294=EDGE_CURVE('',#1804,#1803,#1086,.T.);
#2295=EDGE_CURVE('',#1801,#1804,#1087,.T.);
#2296=EDGE_CURVE('',#1722,#1805,#1088,.T.);
#2297=EDGE_CURVE('',#1805,#1806,#150,.T.);
#2298=EDGE_CURVE('',#1806,#1713,#1089,.T.);
#2299=EDGE_CURVE('',#1805,#1802,#151,.T.);
#2300=EDGE_CURVE('',#1807,#1806,#1090,.T.);
#2301=EDGE_CURVE('',#1808,#1807,#1091,.T.);
#2302=EDGE_CURVE('',#1714,#1808,#152,.T.);
#2303=EDGE_CURVE('',#1809,#1793,#1092,.T.);
#2304=EDGE_CURVE('',#1810,#1809,#153,.T.);
#2305=EDGE_CURVE('',#1811,#1810,#1093,.T.);
#2306=EDGE_CURVE('',#1790,#1811,#1094,.T.);
#2307=EDGE_CURVE('',#1812,#1811,#154,.T.);
#2308=EDGE_CURVE('',#1813,#1812,#1095,.T.);
#2309=EDGE_CURVE('',#1814,#1813,#1096,.T.);
#2310=EDGE_CURVE('',#1815,#1814,#155,.T.);
#2311=EDGE_CURVE('',#1816,#1815,#1097,.T.);
#2312=EDGE_CURVE('',#1817,#1816,#156,.T.);
#2313=EDGE_CURVE('',#1818,#1817,#1098,.T.);
#2314=EDGE_CURVE('',#1819,#1818,#1099,.T.);
#2315=EDGE_CURVE('',#1819,#1819,#157,.T.);
#2316=EDGE_CURVE('',#1820,#1819,#1100,.T.);
#2317=EDGE_CURVE('',#1820,#1821,#324,.T.);
#2318=EDGE_CURVE('',#1822,#1821,#1101,.T.);
#2319=EDGE_CURVE('',#1822,#1822,#158,.T.);
#2320=EDGE_CURVE('',#1823,#1822,#1102,.T.);
#2321=EDGE_CURVE('',#1824,#1823,#1103,.T.);
#2322=EDGE_CURVE('',#1825,#1824,#159,.T.);
#2323=EDGE_CURVE('',#1826,#1825,#1104,.T.);
#2324=EDGE_CURVE('',#1827,#1826,#160,.T.);
#2325=EDGE_CURVE('',#1828,#1827,#1105,.T.);
#2326=EDGE_CURVE('',#1829,#1828,#1106,.T.);
#2327=EDGE_CURVE('',#1798,#1829,#161,.T.);
#2328=EDGE_CURVE('',#1830,#1810,#162,.T.);
#2329=EDGE_CURVE('',#1830,#1812,#1107,.T.);
#2330=EDGE_CURVE('',#1809,#1831,#163,.T.);
#2331=EDGE_CURVE('',#1830,#1831,#164,.T.);
#2332=EDGE_CURVE('',#1799,#1832,#165,.T.);
#2333=EDGE_CURVE('',#1832,#1833,#166,.T.);
#2334=EDGE_CURVE('',#1833,#1800,#167,.T.);
#2335=EDGE_CURVE('',#1834,#1804,#168,.T.);
#2336=EDGE_CURVE('',#1835,#1834,#1108,.T.);
#2337=EDGE_CURVE('',#1836,#1835,#1109,.T.);
#2338=EDGE_CURVE('',#1837,#1836,#169,.T.);
#2339=EDGE_CURVE('',#1838,#1837,#1110,.T.);
#2340=EDGE_CURVE('',#1839,#1838,#170,.T.);
#2341=EDGE_CURVE('',#1840,#1839,#1111,.T.);
#2342=EDGE_CURVE('',#1841,#1840,#1112,.T.);
#2343=EDGE_CURVE('',#1841,#1841,#171,.T.);
#2344=EDGE_CURVE('',#1842,#1841,#1113,.T.);
#2345=EDGE_CURVE('',#1842,#1843,#325,.T.);
#2346=EDGE_CURVE('',#1844,#1843,#1114,.T.);
#2347=EDGE_CURVE('',#1844,#1844,#172,.T.);
#2348=EDGE_CURVE('',#1845,#1844,#1115,.T.);
#2349=EDGE_CURVE('',#1846,#1845,#1116,.T.);
#2350=EDGE_CURVE('',#1847,#1846,#173,.T.);
#2351=EDGE_CURVE('',#1848,#1847,#1117,.T.);
#2352=EDGE_CURVE('',#1849,#1848,#174,.T.);
#2353=EDGE_CURVE('',#1850,#1849,#1118,.T.);
#2354=EDGE_CURVE('',#1851,#1850,#1119,.T.);
#2355=EDGE_CURVE('',#1807,#1851,#175,.T.);
#2356=EDGE_CURVE('',#1852,#1718,#176,.T.);
#2357=EDGE_CURVE('',#1852,#1803,#177,.T.);
#2358=EDGE_CURVE('',#1808,#1853,#178,.T.);
#2359=EDGE_CURVE('',#1853,#1715,#179,.T.);
#2360=EDGE_CURVE('',#1852,#1834,#1120,.T.);
#2361=EDGE_CURVE('',#1854,#1855,#326,.T.);
#2362=EDGE_CURVE('',#1855,#1856,#327,.T.);
#2363=EDGE_CURVE('',#1856,#1857,#328,.T.);
#2364=EDGE_CURVE('',#1857,#1858,#329,.T.);
#2365=EDGE_CURVE('',#1858,#1859,#330,.T.);
#2366=EDGE_CURVE('',#1859,#1860,#331,.T.);
#2367=EDGE_CURVE('',#1854,#1860,#332,.T.);
#2368=EDGE_CURVE('',#1860,#1857,#333,.T.);
#2369=EDGE_CURVE('',#1856,#1854,#334,.T.);
#2370=EDGE_CURVE('',#1861,#1858,#1121,.T.);
#2371=EDGE_CURVE('',#1862,#1861,#1122,.T.);
#2372=EDGE_CURVE('',#1863,#1862,#335,.T.);
#2373=EDGE_CURVE('',#1864,#1863,#1123,.T.);
#2374=EDGE_CURVE('',#1859,#1864,#1124,.T.);
#2375=EDGE_CURVE('',#1855,#1865,#1125,.T.);
#2376=EDGE_CURVE('',#1866,#1865,#336,.T.);
#2377=EDGE_CURVE('',#1865,#1866,#337,.T.);
#2378=EDGE_CURVE('',#1867,#1868,#1126,.T.);
#2379=EDGE_CURVE('',#1868,#1869,#338,.T.);
#2380=EDGE_CURVE('',#1869,#1868,#339,.T.);
#2381=EDGE_CURVE('',#1867,#1867,#340,.T.);
#2382=EDGE_CURVE('',#1789,#1864,#180,.T.);
#2383=EDGE_CURVE('',#1768,#1789,#1127,.T.);
#2384=EDGE_CURVE('',#1861,#1768,#181,.T.);
#2385=EDGE_CURVE('',#1870,#1870,#341,.T.);
#2386=EDGE_CURVE('',#1871,#1871,#342,.T.);
#2387=EDGE_CURVE('',#1869,#1872,#1128,.T.);
#2388=EDGE_CURVE('',#1873,#1872,#343,.T.);
#2389=EDGE_CURVE('',#1872,#1873,#344,.T.);
#2390=EDGE_CURVE('',#1870,#1874,#1129,.T.);
#2391=EDGE_CURVE('',#1874,#1875,#345,.T.);
#2392=EDGE_CURVE('',#1875,#1874,#346,.T.);
#2393=EDGE_CURVE('',#1875,#1876,#1130,.T.);
#2394=EDGE_CURVE('',#1877,#1876,#347,.T.);
#2395=EDGE_CURVE('',#1876,#1877,#348,.T.);
#2396=EDGE_CURVE('',#1871,#1878,#1131,.T.);
#2397=EDGE_CURVE('',#1878,#1879,#349,.T.);
#2398=EDGE_CURVE('',#1879,#1878,#350,.T.);
#2399=EDGE_CURVE('',#1879,#1880,#1132,.T.);
#2400=EDGE_CURVE('',#1881,#1880,#351,.T.);
#2401=EDGE_CURVE('',#1880,#1881,#352,.T.);
#2402=EDGE_CURVE('',#1842,#1882,#353,.T.);
#2403=EDGE_CURVE('',#1882,#1881,#182,.T.);
#2404=EDGE_CURVE('',#1882,#1883,#354,.T.);
#2405=EDGE_CURVE('',#1883,#1884,#355,.T.);
#2406=EDGE_CURVE('',#1884,#1843,#356,.T.);
#2407=EDGE_CURVE('',#1885,#1884,#357,.T.);
#2408=EDGE_CURVE('',#1886,#1885,#358,.T.);
#2409=EDGE_CURVE('',#1820,#1886,#359,.T.);
#2410=EDGE_CURVE('',#1845,#1818,#1133,.T.);
#2411=EDGE_CURVE('',#1883,#1887,#360,.T.);
#2412=EDGE_CURVE('',#1887,#1877,#183,.T.);
#2413=EDGE_CURVE('',#1887,#1888,#361,.T.);
#2414=EDGE_CURVE('',#1888,#1885,#362,.T.);
#2415=EDGE_CURVE('',#1888,#1889,#363,.T.);
#2416=EDGE_CURVE('',#1889,#1873,#184,.T.);
#2417=EDGE_CURVE('',#1889,#1890,#364,.T.);
#2418=EDGE_CURVE('',#1890,#1886,#365,.T.);
#2419=EDGE_CURVE('',#1890,#1891,#366,.T.);
#2420=EDGE_CURVE('',#1891,#1866,#185,.T.);
#2421=EDGE_CURVE('',#1891,#1821,#367,.T.);
#2422=EDGE_CURVE('',#1892,#1893,#368,.T.);
#2423=EDGE_CURVE('',#1893,#1894,#1134,.T.);
#2424=EDGE_CURVE('',#1894,#1895,#369,.F.);
#2425=EDGE_CURVE('',#1895,#1892,#1135,.T.);
#2426=EDGE_CURVE('',#1893,#1896,#37,.T.);
#2427=EDGE_CURVE('',#1897,#1896,#1136,.T.);
#2428=EDGE_CURVE('',#1897,#1894,#38,.F.);
#2429=EDGE_CURVE('',#1839,#1892,#1137,.T.);
#2430=EDGE_CURVE('',#1838,#1898,#1138,.T.);
#2431=EDGE_CURVE('',#1899,#1898,#186,.T.);
#2432=EDGE_CURVE('',#1896,#1899,#370,.T.);
#2433=EDGE_CURVE('',#1900,#1901,#371,.T.);
#2434=EDGE_CURVE('',#1901,#1902,#1139,.T.);
#2435=EDGE_CURVE('',#1902,#1903,#372,.F.);
#2436=EDGE_CURVE('',#1903,#1900,#1140,.T.);
#2437=EDGE_CURVE('',#1903,#1904,#39,.F.);
#2438=EDGE_CURVE('',#1905,#1904,#1141,.T.);
#2439=EDGE_CURVE('',#1905,#1900,#40,.T.);
#2440=EDGE_CURVE('',#1906,#1907,#373,.T.);
#2441=EDGE_CURVE('',#1907,#1908,#1142,.T.);
#2442=EDGE_CURVE('',#1908,#1909,#374,.F.);
#2443=EDGE_CURVE('',#1909,#1906,#1143,.T.);
#2444=EDGE_CURVE('',#1910,#1906,#41,.T.);
#2445=EDGE_CURVE('',#1911,#1910,#375,.T.);
#2446=EDGE_CURVE('',#1912,#1911,#187,.T.);
#2447=EDGE_CURVE('',#1847,#1912,#1144,.T.);
#2448=EDGE_CURVE('',#1907,#1846,#1145,.T.);
#2449=EDGE_CURVE('',#1909,#1913,#42,.F.);
#2450=EDGE_CURVE('',#1910,#1913,#1146,.T.);
#2451=EDGE_CURVE('',#1914,#1915,#376,.T.);
#2452=EDGE_CURVE('',#1915,#1916,#1147,.T.);
#2453=EDGE_CURVE('',#1916,#1917,#377,.F.);
#2454=EDGE_CURVE('',#1917,#1914,#1148,.T.);
#2455=EDGE_CURVE('',#1915,#1918,#43,.T.);
#2456=EDGE_CURVE('',#1919,#1918,#1149,.T.);
#2457=EDGE_CURVE('',#1919,#1916,#44,.F.);
#2458=EDGE_CURVE('',#1817,#1914,#1150,.T.);
#2459=EDGE_CURVE('',#1816,#1920,#1151,.T.);
#2460=EDGE_CURVE('',#1921,#1920,#188,.T.);
#2461=EDGE_CURVE('',#1922,#1921,#1152,.T.);
#2462=EDGE_CURVE('',#1923,#1922,#189,.T.);
#2463=EDGE_CURVE('',#1918,#1923,#378,.T.);
#2464=EDGE_CURVE('',#1913,#1924,#379,.F.);
#2465=EDGE_CURVE('',#1924,#1911,#1153,.T.);
#2466=EDGE_CURVE('',#1925,#1924,#190,.T.);
#2467=EDGE_CURVE('',#1926,#1925,#1154,.T.);
#2468=EDGE_CURVE('',#1927,#1926,#191,.T.);
#2469=EDGE_CURVE('',#1928,#1927,#1155,.T.);
#2470=EDGE_CURVE('',#1929,#1928,#1156,.T.);
#2471=EDGE_CURVE('',#1930,#1929,#1157,.T.);
#2472=EDGE_CURVE('',#1931,#1930,#192,.T.);
#2473=EDGE_CURVE('',#1932,#1931,#193,.T.);
#2474=EDGE_CURVE('',#1933,#1932,#194,.T.);
#2475=EDGE_CURVE('',#1933,#1912,#1158,.T.);
#2476=EDGE_CURVE('',#1923,#1934,#1159,.T.);
#2477=EDGE_CURVE('',#1934,#1919,#380,.F.);
#2478=EDGE_CURVE('',#1935,#1905,#381,.T.);
#2479=EDGE_CURVE('',#1904,#1936,#382,.F.);
#2480=EDGE_CURVE('',#1936,#1935,#1160,.T.);
#2481=EDGE_CURVE('',#1937,#1936,#195,.T.);
#2482=EDGE_CURVE('',#1937,#1938,#1161,.T.);
#2483=EDGE_CURVE('',#1938,#1939,#196,.T.);
#2484=EDGE_CURVE('',#1940,#1939,#197,.T.);
#2485=EDGE_CURVE('',#1941,#1940,#198,.T.);
#2486=EDGE_CURVE('',#1941,#1942,#1162,.T.);
#2487=EDGE_CURVE('',#1942,#1935,#199,.T.);
#2488=EDGE_CURVE('',#1899,#1943,#1163,.T.);
#2489=EDGE_CURVE('',#1943,#1897,#383,.F.);
#2490=EDGE_CURVE('',#1917,#1908,#1164,.T.);
#2491=EDGE_CURVE('',#1895,#1902,#1165,.T.);
#2492=EDGE_CURVE('',#1901,#1824,#1166,.T.);
#2493=EDGE_CURVE('',#1840,#1823,#1167,.T.);
#2494=EDGE_CURVE('',#1942,#1825,#1168,.T.);
#2495=EDGE_CURVE('',#1898,#1944,#1169,.T.);
#2496=EDGE_CURVE('',#1944,#1837,#1170,.T.);
#2497=EDGE_CURVE('',#1826,#1941,#1171,.T.);
#2498=EDGE_CURVE('',#1848,#1933,#1172,.T.);
#2499=EDGE_CURVE('',#1828,#1835,#1173,.T.);
#2500=EDGE_CURVE('',#1945,#1852,#1174,.T.);
#2501=EDGE_CURVE('',#1945,#1946,#1175,.T.);
#2502=EDGE_CURVE('',#1832,#1946,#1176,.T.);
#2503=EDGE_CURVE('',#1829,#1832,#1177,.T.);
#2504=EDGE_CURVE('',#1851,#1853,#1178,.T.);
#2505=EDGE_CURVE('',#1947,#1922,#200,.T.);
#2506=EDGE_CURVE('',#1947,#1948,#201,.T.);
#2507=EDGE_CURVE('',#1948,#1949,#1179,.T.);
#2508=EDGE_CURVE('',#1934,#1949,#202,.T.);
#2509=EDGE_CURVE('',#1950,#1815,#1180,.T.);
#2510=EDGE_CURVE('',#1920,#1950,#1181,.T.);
#2511=EDGE_CURVE('',#1850,#1813,#1182,.T.);
#2512=EDGE_CURVE('',#1951,#1830,#1183,.T.);
#2513=EDGE_CURVE('',#1952,#1951,#1184,.T.);
#2514=EDGE_CURVE('',#1853,#1952,#1185,.T.);
#2515=EDGE_CURVE('',#1932,#1922,#1186,.T.);
#2516=EDGE_CURVE('',#1950,#1921,#203,.T.);
#2517=EDGE_CURVE('',#1849,#1814,#1187,.T.);
#2518=EDGE_CURVE('',#1938,#1953,#1188,.T.);
#2519=EDGE_CURVE('',#1954,#1953,#204,.T.);
#2520=EDGE_CURVE('',#1955,#1954,#1189,.T.);
#2521=EDGE_CURVE('',#1955,#1956,#205,.T.);
#2522=EDGE_CURVE('',#1939,#1956,#1190,.T.);
#2523=EDGE_CURVE('',#1957,#1958,#1191,.T.);
#2524=EDGE_CURVE('',#1958,#1959,#1192,.T.);
#2525=EDGE_CURVE('',#1959,#1957,#1193,.T.);
#2526=EDGE_CURVE('',#1960,#1955,#1194,.T.);
#2527=EDGE_CURVE('',#1961,#1954,#1195,.T.);
#2528=EDGE_CURVE('',#1960,#1961,#1196,.T.);
#2529=EDGE_CURVE('',#1962,#1960,#1197,.T.);
#2530=EDGE_CURVE('',#1957,#1961,#1198,.T.);
#2531=EDGE_CURVE('',#1962,#1959,#1199,.T.);
#2532=EDGE_CURVE('',#1963,#1962,#1200,.T.);
#2533=EDGE_CURVE('',#1964,#1958,#1201,.T.);
#2534=EDGE_CURVE('',#1963,#1964,#1202,.T.);
#2535=EDGE_CURVE('',#1931,#1947,#1203,.T.);
#2536=EDGE_CURVE('',#1965,#1930,#1204,.T.);
#2537=EDGE_CURVE('',#1966,#1965,#206,.T.);
#2538=EDGE_CURVE('',#1948,#1966,#1205,.T.);
#2539=EDGE_CURVE('',#1967,#1968,#1206,.T.);
#2540=EDGE_CURVE('',#1968,#1969,#1207,.T.);
#2541=EDGE_CURVE('',#1969,#1967,#1208,.T.);
#2542=EDGE_CURVE('',#1929,#1970,#1209,.T.);
#2543=EDGE_CURVE('',#1965,#1970,#1210,.T.);
#2544=EDGE_CURVE('',#1927,#1971,#1211,.T.);
#2545=EDGE_CURVE('',#1967,#1971,#1212,.T.);
#2546=EDGE_CURVE('',#1928,#1969,#1213,.T.);
#2547=EDGE_CURVE('',#1970,#1968,#1214,.T.);
#2548=EDGE_CURVE('',#1956,#1972,#207,.T.);
#2549=EDGE_CURVE('',#1972,#1940,#1215,.T.);
#2550=EDGE_CURVE('',#1972,#1944,#208,.T.);
#2551=EDGE_CURVE('',#1973,#1963,#209,.T.);
#2552=EDGE_CURVE('',#1974,#1973,#1216,.T.);
#2553=EDGE_CURVE('',#1943,#1974,#210,.T.);
#2554=EDGE_CURVE('',#1975,#1833,#1217,.T.);
#2555=EDGE_CURVE('',#1975,#1957,#1218,.T.);
#2556=EDGE_CURVE('',#1953,#1976,#1219,.T.);
#2557=EDGE_CURVE('',#1976,#1964,#211,.T.);
#2558=EDGE_CURVE('',#1958,#1967,#1220,.T.);
#2559=EDGE_CURVE('',#1971,#1977,#212,.T.);
#2560=EDGE_CURVE('',#1977,#1966,#1221,.T.);
#2561=EDGE_CURVE('',#1968,#1978,#1222,.T.);
#2562=EDGE_CURVE('',#1831,#1978,#1223,.T.);
#2563=EDGE_CURVE('',#1979,#1980,#1224,.T.);
#2564=EDGE_CURVE('',#1981,#1979,#213,.T.);
#2565=EDGE_CURVE('',#1982,#1981,#1225,.T.);
#2566=EDGE_CURVE('',#1980,#1982,#214,.T.);
#2567=EDGE_CURVE('',#1836,#1827,#1226,.T.);
#2568=EDGE_CURVE('',#1925,#1949,#1227,.T.);
#2569=EDGE_CURVE('',#1937,#1974,#1228,.T.);
#2570=EDGE_CURVE('',#1973,#1976,#1229,.T.);
#2571=EDGE_CURVE('',#1926,#1977,#1230,.T.);
#2572=EDGE_CURVE('',#1978,#1951,#215,.T.);
#2573=EDGE_CURVE('',#1946,#1975,#216,.T.);
#2574=EDGE_CURVE('',#1983,#1984,#217,.T.);
#2575=EDGE_CURVE('',#1984,#1975,#384,.T.);
#2576=EDGE_CURVE('',#1946,#1983,#385,.T.);
#2577=EDGE_CURVE('',#1985,#1986,#218,.T.);
#2578=EDGE_CURVE('',#1986,#1951,#386,.T.);
#2579=EDGE_CURVE('',#1978,#1985,#387,.T.);
#2580=EDGE_CURVE('',#1987,#1988,#219,.T.);
#2581=EDGE_CURVE('',#1988,#1989,#388,.T.);
#2582=EDGE_CURVE('',#1989,#1775,#220,.T.);
#2583=EDGE_CURVE('',#1775,#1987,#389,.T.);
#2584=EDGE_CURVE('',#1990,#1776,#390,.T.);
#2585=EDGE_CURVE('',#1989,#1991,#221,.T.);
#2586=EDGE_CURVE('',#1991,#1992,#222,.T.);
#2587=EDGE_CURVE('',#1992,#1993,#223,.T.);
#2588=EDGE_CURVE('',#1993,#1994,#391,.T.);
#2589=EDGE_CURVE('',#1994,#1990,#224,.T.);
#2590=EDGE_CURVE('',#1991,#1995,#392,.T.);
#2591=EDGE_CURVE('',#1995,#1786,#225,.T.);
#2592=EDGE_CURVE('',#1786,#1992,#393,.T.);
#2593=EDGE_CURVE('',#1987,#1984,#394,.T.);
#2594=EDGE_CURVE('',#1983,#1988,#395,.T.);
#2595=EDGE_CURVE('',#1787,#1996,#226,.T.);
#2596=EDGE_CURVE('',#1996,#1945,#396,.T.);
#2597=EDGE_CURVE('',#1945,#1717,#227,.T.);
#2598=EDGE_CURVE('',#1952,#1716,#228,.T.);
#2599=EDGE_CURVE('',#1997,#1788,#229,.T.);
#2600=EDGE_CURVE('',#1952,#1997,#397,.T.);
#2601=EDGE_CURVE('',#1995,#1996,#398,.T.);
#2602=EDGE_CURVE('',#1765,#1998,#230,.T.);
#2603=EDGE_CURVE('',#1998,#1999,#399,.T.);
#2604=EDGE_CURVE('',#1999,#1766,#231,.T.);
#2605=EDGE_CURVE('',#2000,#2001,#400,.T.);
#2606=EDGE_CURVE('',#2001,#1766,#232,.T.);
#2607=EDGE_CURVE('',#1999,#2002,#233,.T.);
#2608=EDGE_CURVE('',#2002,#2003,#234,.T.);
#2609=EDGE_CURVE('',#2003,#1773,#235,.T.);
#2610=EDGE_CURVE('',#1772,#2000,#236,.T.);
#2611=EDGE_CURVE('',#2002,#2004,#401,.T.);
#2612=EDGE_CURVE('',#2004,#2005,#237,.T.);
#2613=EDGE_CURVE('',#2005,#2003,#402,.T.);
#2614=EDGE_CURVE('',#1997,#1998,#403,.T.);
#2615=EDGE_CURVE('',#1985,#2005,#404,.T.);
#2616=EDGE_CURVE('',#2004,#1986,#405,.T.);
#2617=EDGE_CURVE('',#1983,#1996,#1231,.T.);
#2618=EDGE_CURVE('',#1997,#1986,#1232,.T.);
#2619=EDGE_CURVE('',#2006,#1994,#1233,.T.);
#2620=EDGE_CURVE('',#2007,#2006,#1234,.T.);
#2621=EDGE_CURVE('',#2008,#2007,#238,.T.);
#2622=EDGE_CURVE('',#2009,#2008,#1235,.T.);
#2623=EDGE_CURVE('',#2010,#2009,#239,.T.);
#2624=EDGE_CURVE('',#2011,#2010,#1236,.T.);
#2625=EDGE_CURVE('',#2012,#2011,#240,.T.);
#2626=EDGE_CURVE('',#2013,#2012,#1237,.T.);
#2627=EDGE_CURVE('',#1990,#2013,#1238,.T.);
#2628=EDGE_CURVE('',#1780,#2006,#1239,.T.);
#2629=EDGE_CURVE('',#1752,#1993,#1240,.T.);
#2630=EDGE_CURVE('',#1753,#1992,#1241,.T.);
#2631=EDGE_CURVE('',#2001,#1733,#1242,.T.);
#2632=EDGE_CURVE('',#2000,#2014,#1243,.T.);
#2633=EDGE_CURVE('',#2014,#2015,#1244,.T.);
#2634=EDGE_CURVE('',#2015,#1762,#1245,.T.);
#2635=EDGE_CURVE('',#1819,#2016,#1246,.T.);
#2636=EDGE_CURVE('',#2017,#2016,#406,.T.);
#2637=EDGE_CURVE('',#2018,#2017,#1247,.T.);
#2638=EDGE_CURVE('',#2019,#2018,#241,.T.);
#2639=EDGE_CURVE('',#2020,#2019,#1248,.T.);
#2640=EDGE_CURVE('',#2021,#2020,#407,.T.);
#2641=EDGE_CURVE('',#2016,#2021,#408,.T.);
#2642=EDGE_CURVE('',#1822,#2022,#1249,.T.);
#2643=EDGE_CURVE('',#2023,#2022,#409,.T.);
#2644=EDGE_CURVE('',#2024,#2023,#410,.T.);
#2645=EDGE_CURVE('',#2025,#2024,#1250,.T.);
#2646=EDGE_CURVE('',#2026,#2025,#242,.T.);
#2647=EDGE_CURVE('',#2027,#2026,#1251,.T.);
#2648=EDGE_CURVE('',#2022,#2027,#411,.T.);
#2649=EDGE_CURVE('',#2028,#2028,#243,.T.);
#2650=EDGE_CURVE('',#2028,#1844,#1252,.T.);
#2651=EDGE_CURVE('',#2029,#2029,#244,.T.);
#2652=EDGE_CURVE('',#2029,#1841,#1253,.T.);
#2653=EDGE_CURVE('',#2030,#2017,#245,.T.);
#2654=EDGE_CURVE('',#2030,#2031,#1254,.T.);
#2655=EDGE_CURVE('',#2018,#2031,#246,.T.);
#2656=EDGE_CURVE('',#2021,#1980,#412,.T.);
#2657=EDGE_CURVE('',#2030,#1982,#413,.T.);
#2658=EDGE_CURVE('',#1724,#2032,#414,.T.);
#2659=EDGE_CURVE('',#2032,#2033,#1255,.T.);
#2660=EDGE_CURVE('',#2033,#1723,#415,.T.);
#2661=EDGE_CURVE('',#1726,#2034,#416,.T.);
#2662=EDGE_CURVE('',#2034,#2032,#247,.T.);
#2663=EDGE_CURVE('',#2035,#2034,#1256,.T.);
#2664=EDGE_CURVE('',#1725,#2035,#417,.T.);
#2665=EDGE_CURVE('',#2033,#2035,#248,.T.);
#2666=EDGE_CURVE('',#2033,#2036,#1257,.T.);
#2667=EDGE_CURVE('',#2037,#2036,#249,.T.);
#2668=EDGE_CURVE('',#2037,#2035,#1258,.T.);
#2669=EDGE_CURVE('',#2038,#2032,#1259,.T.);
#2670=EDGE_CURVE('',#2036,#2038,#1260,.T.);
#2671=EDGE_CURVE('',#1981,#2039,#418,.T.);
#2672=EDGE_CURVE('',#2039,#2030,#1261,.T.);
#2673=EDGE_CURVE('',#2020,#2024,#1262,.T.);
#2674=EDGE_CURVE('',#2023,#1979,#419,.T.);
#2675=EDGE_CURVE('',#2027,#2039,#250,.T.);
#2676=EDGE_CURVE('',#2040,#2026,#251,.T.);
#2677=EDGE_CURVE('',#2040,#2039,#1263,.T.);
#2678=EDGE_CURVE('',#2025,#2019,#1264,.T.);
#2679=EDGE_CURVE('',#2031,#2040,#1265,.T.);
#2680=EDGE_CURVE('',#2038,#2041,#252,.T.);
#2681=EDGE_CURVE('',#2041,#2037,#1266,.T.);
#2682=EDGE_CURVE('',#2041,#2034,#1267,.T.);
#2683=EDGE_CURVE('',#1863,#1783,#420,.T.);
#2684=EDGE_CURVE('',#1782,#1864,#421,.T.);
#2685=EDGE_CURVE('',#1767,#2042,#253,.T.);
#2686=EDGE_CURVE('',#2042,#1861,#422,.T.);
#2687=EDGE_CURVE('',#2042,#2043,#1268,.T.);
#2688=EDGE_CURVE('',#2043,#1862,#423,.T.);
#2689=EDGE_CURVE('',#2044,#2015,#1269,.T.);
#2690=EDGE_CURVE('',#2045,#2044,#254,.T.);
#2691=EDGE_CURVE('',#1770,#2045,#1270,.T.);
#2692=EDGE_CURVE('',#2046,#1763,#255,.T.);
#2693=EDGE_CURVE('',#2047,#2046,#424,.T.);
#2694=EDGE_CURVE('',#2043,#2047,#425,.T.);
#2695=EDGE_CURVE('',#1784,#1987,#1271,.T.);
#2696=EDGE_CURVE('',#2013,#1777,#1272,.T.);
#2697=EDGE_CURVE('',#1778,#2012,#1273,.T.);
#2698=EDGE_CURVE('',#2048,#2045,#1274,.T.);
#2699=EDGE_CURVE('',#2048,#1771,#1275,.T.);
#2700=EDGE_CURVE('',#2011,#2049,#45,.T.);
#2701=EDGE_CURVE('',#2049,#2050,#256,.T.);
#2702=EDGE_CURVE('',#2050,#2008,#46,.T.);
#2703=EDGE_CURVE('',#1779,#2007,#1276,.T.);
#2704=EDGE_CURVE('',#2051,#2044,#1277,.T.);
#2705=EDGE_CURVE('',#2051,#2052,#257,.T.);
#2706=EDGE_CURVE('',#2053,#2052,#47,.T.);
#2707=EDGE_CURVE('',#2054,#2053,#258,.T.);
#2708=EDGE_CURVE('',#2055,#2054,#48,.T.);
#2709=EDGE_CURVE('',#2055,#2048,#259,.T.);
#2710=EDGE_CURVE('',#2014,#2051,#1278,.T.);
#2711=EDGE_CURVE('',#2005,#2047,#1279,.T.);
#2712=EDGE_CURVE('',#2056,#2055,#1280,.T.);
#2713=EDGE_CURVE('',#2057,#2056,#260,.T.);
#2714=EDGE_CURVE('',#2052,#2057,#1281,.T.);
#2715=EDGE_CURVE('',#2057,#2058,#49,.T.);
#2716=EDGE_CURVE('',#2058,#2053,#1282,.T.);
#2717=EDGE_CURVE('',#2059,#2056,#50,.T.);
#2718=EDGE_CURVE('',#2058,#2059,#261,.T.);
#2719=EDGE_CURVE('',#2054,#2059,#1283,.T.);
#2720=EDGE_CURVE('',#2003,#2046,#1284,.T.);
#2721=EDGE_CURVE('',#2060,#2050,#1285,.T.);
#2722=EDGE_CURVE('',#2009,#2060,#51,.T.);
#2723=EDGE_CURVE('',#2049,#2061,#1286,.T.);
#2724=EDGE_CURVE('',#2060,#2061,#262,.T.);
#2725=EDGE_CURVE('',#2061,#2010,#52,.T.);
#2726=ORIENTED_EDGE('',*,*,#2062,.F.);
#2727=ORIENTED_EDGE('',*,*,#2063,.F.);
#2728=ORIENTED_EDGE('',*,*,#2064,.T.);
#2729=ORIENTED_EDGE('',*,*,#2065,.T.);
#2730=ORIENTED_EDGE('',*,*,#2066,.F.);
#2731=ORIENTED_EDGE('',*,*,#2065,.F.);
#2732=ORIENTED_EDGE('',*,*,#2067,.T.);
#2733=ORIENTED_EDGE('',*,*,#2068,.T.);
#2734=ORIENTED_EDGE('',*,*,#2069,.F.);
#2735=ORIENTED_EDGE('',*,*,#2068,.F.);
#2736=ORIENTED_EDGE('',*,*,#2070,.T.);
#2737=ORIENTED_EDGE('',*,*,#2071,.T.);
#2738=ORIENTED_EDGE('',*,*,#2072,.F.);
#2739=ORIENTED_EDGE('',*,*,#2071,.F.);
#2740=ORIENTED_EDGE('',*,*,#2073,.T.);
#2741=ORIENTED_EDGE('',*,*,#2074,.F.);
#2742=ORIENTED_EDGE('',*,*,#2073,.F.);
#2743=ORIENTED_EDGE('',*,*,#2070,.F.);
#2744=ORIENTED_EDGE('',*,*,#2067,.F.);
#2745=ORIENTED_EDGE('',*,*,#2064,.F.);
#2746=ORIENTED_EDGE('',*,*,#2075,.F.);
#2747=ORIENTED_EDGE('',*,*,#2076,.F.);
#2748=ORIENTED_EDGE('',*,*,#2077,.F.);
#2749=ORIENTED_EDGE('',*,*,#2078,.F.);
#2750=ORIENTED_EDGE('',*,*,#2079,.F.);
#2751=ORIENTED_EDGE('',*,*,#2074,.T.);
#2752=ORIENTED_EDGE('',*,*,#2078,.T.);
#2753=ORIENTED_EDGE('',*,*,#2080,.T.);
#2754=ORIENTED_EDGE('',*,*,#2081,.F.);
#2755=ORIENTED_EDGE('',*,*,#2080,.F.);
#2756=ORIENTED_EDGE('',*,*,#2077,.T.);
#2757=ORIENTED_EDGE('',*,*,#2082,.T.);
#2758=ORIENTED_EDGE('',*,*,#2083,.F.);
#2759=ORIENTED_EDGE('',*,*,#2082,.F.);
#2760=ORIENTED_EDGE('',*,*,#2076,.T.);
#2761=ORIENTED_EDGE('',*,*,#2084,.T.);
#2762=ORIENTED_EDGE('',*,*,#2085,.F.);
#2763=ORIENTED_EDGE('',*,*,#2084,.F.);
#2764=ORIENTED_EDGE('',*,*,#2075,.T.);
#2765=ORIENTED_EDGE('',*,*,#2063,.T.);
#2766=ORIENTED_EDGE('',*,*,#2086,.F.);
#2767=ORIENTED_EDGE('',*,*,#2087,.F.);
#2768=ORIENTED_EDGE('',*,*,#2088,.T.);
#2769=ORIENTED_EDGE('',*,*,#2089,.T.);
#2770=ORIENTED_EDGE('',*,*,#2090,.F.);
#2771=ORIENTED_EDGE('',*,*,#2089,.F.);
#2772=ORIENTED_EDGE('',*,*,#2091,.T.);
#2773=ORIENTED_EDGE('',*,*,#2092,.F.);
#2774=ORIENTED_EDGE('',*,*,#2091,.F.);
#2775=ORIENTED_EDGE('',*,*,#2088,.F.);
#2776=ORIENTED_EDGE('',*,*,#2093,.F.);
#2777=ORIENTED_EDGE('',*,*,#2094,.F.);
#2778=ORIENTED_EDGE('',*,*,#2095,.F.);
#2779=ORIENTED_EDGE('',*,*,#2092,.T.);
#2780=ORIENTED_EDGE('',*,*,#2094,.T.);
#2781=ORIENTED_EDGE('',*,*,#2096,.T.);
#2782=ORIENTED_EDGE('',*,*,#2097,.F.);
#2783=ORIENTED_EDGE('',*,*,#2096,.F.);
#2784=ORIENTED_EDGE('',*,*,#2093,.T.);
#2785=ORIENTED_EDGE('',*,*,#2087,.T.);
#2786=ORIENTED_EDGE('',*,*,#2098,.F.);
#2787=ORIENTED_EDGE('',*,*,#2099,.F.);
#2788=ORIENTED_EDGE('',*,*,#2100,.T.);
#2789=ORIENTED_EDGE('',*,*,#2101,.T.);
#2790=ORIENTED_EDGE('',*,*,#2102,.F.);
#2791=ORIENTED_EDGE('',*,*,#2101,.F.);
#2792=ORIENTED_EDGE('',*,*,#2103,.T.);
#2793=ORIENTED_EDGE('',*,*,#2104,.T.);
#2794=ORIENTED_EDGE('',*,*,#2105,.F.);
#2795=ORIENTED_EDGE('',*,*,#2104,.F.);
#2796=ORIENTED_EDGE('',*,*,#2106,.T.);
#2797=ORIENTED_EDGE('',*,*,#2107,.T.);
#2798=ORIENTED_EDGE('',*,*,#2108,.F.);
#2799=ORIENTED_EDGE('',*,*,#2107,.F.);
#2800=ORIENTED_EDGE('',*,*,#2109,.T.);
#2801=ORIENTED_EDGE('',*,*,#2110,.F.);
#2802=ORIENTED_EDGE('',*,*,#2111,.F.);
#2803=ORIENTED_EDGE('',*,*,#2112,.F.);
#2804=ORIENTED_EDGE('',*,*,#2113,.T.);
#2805=ORIENTED_EDGE('',*,*,#2114,.T.);
#2806=ORIENTED_EDGE('',*,*,#2115,.F.);
#2807=ORIENTED_EDGE('',*,*,#2114,.F.);
#2808=ORIENTED_EDGE('',*,*,#2116,.T.);
#2809=ORIENTED_EDGE('',*,*,#2117,.T.);
#2810=ORIENTED_EDGE('',*,*,#2118,.F.);
#2811=ORIENTED_EDGE('',*,*,#2117,.F.);
#2812=ORIENTED_EDGE('',*,*,#2119,.T.);
#2813=ORIENTED_EDGE('',*,*,#2120,.T.);
#2814=ORIENTED_EDGE('',*,*,#2121,.F.);
#2815=ORIENTED_EDGE('',*,*,#2120,.F.);
#2816=ORIENTED_EDGE('',*,*,#2122,.T.);
#2817=ORIENTED_EDGE('',*,*,#2123,.T.);
#2818=ORIENTED_EDGE('',*,*,#2124,.F.);
#2819=ORIENTED_EDGE('',*,*,#2123,.F.);
#2820=ORIENTED_EDGE('',*,*,#2125,.T.);
#2821=ORIENTED_EDGE('',*,*,#2126,.T.);
#2822=ORIENTED_EDGE('',*,*,#2127,.F.);
#2823=ORIENTED_EDGE('',*,*,#2126,.F.);
#2824=ORIENTED_EDGE('',*,*,#2128,.T.);
#2825=ORIENTED_EDGE('',*,*,#2129,.T.);
#2826=ORIENTED_EDGE('',*,*,#2130,.F.);
#2827=ORIENTED_EDGE('',*,*,#2129,.F.);
#2828=ORIENTED_EDGE('',*,*,#2131,.T.);
#2829=ORIENTED_EDGE('',*,*,#2132,.T.);
#2830=ORIENTED_EDGE('',*,*,#2133,.F.);
#2831=ORIENTED_EDGE('',*,*,#2132,.F.);
#2832=ORIENTED_EDGE('',*,*,#2134,.T.);
#2833=ORIENTED_EDGE('',*,*,#2135,.T.);
#2834=ORIENTED_EDGE('',*,*,#2136,.F.);
#2835=ORIENTED_EDGE('',*,*,#2135,.F.);
#2836=ORIENTED_EDGE('',*,*,#2137,.T.);
#2837=ORIENTED_EDGE('',*,*,#2138,.F.);
#2838=ORIENTED_EDGE('',*,*,#2137,.F.);
#2839=ORIENTED_EDGE('',*,*,#2134,.F.);
#2840=ORIENTED_EDGE('',*,*,#2131,.F.);
#2841=ORIENTED_EDGE('',*,*,#2128,.F.);
#2842=ORIENTED_EDGE('',*,*,#2125,.F.);
#2843=ORIENTED_EDGE('',*,*,#2122,.F.);
#2844=ORIENTED_EDGE('',*,*,#2119,.F.);
#2845=ORIENTED_EDGE('',*,*,#2116,.F.);
#2846=ORIENTED_EDGE('',*,*,#2113,.F.);
#2847=ORIENTED_EDGE('',*,*,#2139,.F.);
#2848=ORIENTED_EDGE('',*,*,#2140,.F.);
#2849=ORIENTED_EDGE('',*,*,#2141,.F.);
#2850=ORIENTED_EDGE('',*,*,#2142,.F.);
#2851=ORIENTED_EDGE('',*,*,#2143,.F.);
#2852=ORIENTED_EDGE('',*,*,#2144,.F.);
#2853=ORIENTED_EDGE('',*,*,#2145,.F.);
#2854=ORIENTED_EDGE('',*,*,#2146,.F.);
#2855=ORIENTED_EDGE('',*,*,#2147,.F.);
#2856=ORIENTED_EDGE('',*,*,#2109,.F.);
#2857=ORIENTED_EDGE('',*,*,#2106,.F.);
#2858=ORIENTED_EDGE('',*,*,#2103,.F.);
#2859=ORIENTED_EDGE('',*,*,#2100,.F.);
#2860=ORIENTED_EDGE('',*,*,#2148,.F.);
#2861=ORIENTED_EDGE('',*,*,#2149,.F.);
#2862=ORIENTED_EDGE('',*,*,#2150,.F.);
#2863=ORIENTED_EDGE('',*,*,#2151,.F.);
#2864=ORIENTED_EDGE('',*,*,#2152,.F.);
#2865=ORIENTED_EDGE('',*,*,#2153,.F.);
#2866=ORIENTED_EDGE('',*,*,#2110,.T.);
#2867=ORIENTED_EDGE('',*,*,#2152,.T.);
#2868=ORIENTED_EDGE('',*,*,#2154,.T.);
#2869=ORIENTED_EDGE('',*,*,#2155,.F.);
#2870=ORIENTED_EDGE('',*,*,#2154,.F.);
#2871=ORIENTED_EDGE('',*,*,#2151,.T.);
#2872=ORIENTED_EDGE('',*,*,#2156,.T.);
#2873=ORIENTED_EDGE('',*,*,#2157,.F.);
#2874=ORIENTED_EDGE('',*,*,#2156,.F.);
#2875=ORIENTED_EDGE('',*,*,#2150,.T.);
#2876=ORIENTED_EDGE('',*,*,#2158,.T.);
#2877=ORIENTED_EDGE('',*,*,#2159,.F.);
#2878=ORIENTED_EDGE('',*,*,#2158,.F.);
#2879=ORIENTED_EDGE('',*,*,#2149,.T.);
#2880=ORIENTED_EDGE('',*,*,#2160,.T.);
#2881=ORIENTED_EDGE('',*,*,#2161,.F.);
#2882=ORIENTED_EDGE('',*,*,#2160,.F.);
#2883=ORIENTED_EDGE('',*,*,#2148,.T.);
#2884=ORIENTED_EDGE('',*,*,#2099,.T.);
#2885=ORIENTED_EDGE('',*,*,#2162,.F.);
#2886=ORIENTED_EDGE('',*,*,#2138,.T.);
#2887=ORIENTED_EDGE('',*,*,#2147,.T.);
#2888=ORIENTED_EDGE('',*,*,#2163,.T.);
#2889=ORIENTED_EDGE('',*,*,#2164,.F.);
#2890=ORIENTED_EDGE('',*,*,#2163,.F.);
#2891=ORIENTED_EDGE('',*,*,#2146,.T.);
#2892=ORIENTED_EDGE('',*,*,#2165,.T.);
#2893=ORIENTED_EDGE('',*,*,#2166,.F.);
#2894=ORIENTED_EDGE('',*,*,#2165,.F.);
#2895=ORIENTED_EDGE('',*,*,#2145,.T.);
#2896=ORIENTED_EDGE('',*,*,#2167,.T.);
#2897=ORIENTED_EDGE('',*,*,#2168,.F.);
#2898=ORIENTED_EDGE('',*,*,#2167,.F.);
#2899=ORIENTED_EDGE('',*,*,#2144,.T.);
#2900=ORIENTED_EDGE('',*,*,#2169,.T.);
#2901=ORIENTED_EDGE('',*,*,#2170,.F.);
#2902=ORIENTED_EDGE('',*,*,#2169,.F.);
#2903=ORIENTED_EDGE('',*,*,#2143,.T.);
#2904=ORIENTED_EDGE('',*,*,#2171,.T.);
#2905=ORIENTED_EDGE('',*,*,#2172,.F.);
#2906=ORIENTED_EDGE('',*,*,#2171,.F.);
#2907=ORIENTED_EDGE('',*,*,#2142,.T.);
#2908=ORIENTED_EDGE('',*,*,#2173,.T.);
#2909=ORIENTED_EDGE('',*,*,#2174,.F.);
#2910=ORIENTED_EDGE('',*,*,#2173,.F.);
#2911=ORIENTED_EDGE('',*,*,#2141,.T.);
#2912=ORIENTED_EDGE('',*,*,#2175,.T.);
#2913=ORIENTED_EDGE('',*,*,#2176,.F.);
#2914=ORIENTED_EDGE('',*,*,#2175,.F.);
#2915=ORIENTED_EDGE('',*,*,#2140,.T.);
#2916=ORIENTED_EDGE('',*,*,#2177,.T.);
#2917=ORIENTED_EDGE('',*,*,#2178,.F.);
#2918=ORIENTED_EDGE('',*,*,#2177,.F.);
#2919=ORIENTED_EDGE('',*,*,#2139,.T.);
#2920=ORIENTED_EDGE('',*,*,#2112,.T.);
#2921=ORIENTED_EDGE('',*,*,#2179,.T.);
#2922=ORIENTED_EDGE('',*,*,#2180,.F.);
#2923=ORIENTED_EDGE('',*,*,#2181,.F.);
#2924=ORIENTED_EDGE('',*,*,#2182,.T.);
#2925=ORIENTED_EDGE('',*,*,#2183,.F.);
#2926=ORIENTED_EDGE('',*,*,#2184,.F.);
#2927=ORIENTED_EDGE('',*,*,#2185,.T.);
#2928=ORIENTED_EDGE('',*,*,#2186,.F.);
#2929=ORIENTED_EDGE('',*,*,#2187,.T.);
#2930=ORIENTED_EDGE('',*,*,#2188,.F.);
#2931=ORIENTED_EDGE('',*,*,#2189,.F.);
#2932=ORIENTED_EDGE('',*,*,#2190,.F.);
#2933=ORIENTED_EDGE('',*,*,#2191,.F.);
#2934=ORIENTED_EDGE('',*,*,#2192,.F.);
#2935=ORIENTED_EDGE('',*,*,#2162,.T.);
#2936=ORIENTED_EDGE('',*,*,#2164,.T.);
#2937=ORIENTED_EDGE('',*,*,#2166,.T.);
#2938=ORIENTED_EDGE('',*,*,#2168,.T.);
#2939=ORIENTED_EDGE('',*,*,#2170,.T.);
#2940=ORIENTED_EDGE('',*,*,#2172,.T.);
#2941=ORIENTED_EDGE('',*,*,#2174,.T.);
#2942=ORIENTED_EDGE('',*,*,#2176,.T.);
#2943=ORIENTED_EDGE('',*,*,#2178,.T.);
#2944=ORIENTED_EDGE('',*,*,#2111,.T.);
#2945=ORIENTED_EDGE('',*,*,#2115,.T.);
#2946=ORIENTED_EDGE('',*,*,#2118,.T.);
#2947=ORIENTED_EDGE('',*,*,#2121,.T.);
#2948=ORIENTED_EDGE('',*,*,#2124,.T.);
#2949=ORIENTED_EDGE('',*,*,#2127,.T.);
#2950=ORIENTED_EDGE('',*,*,#2130,.T.);
#2951=ORIENTED_EDGE('',*,*,#2133,.T.);
#2952=ORIENTED_EDGE('',*,*,#2136,.T.);
#2953=ORIENTED_EDGE('',*,*,#2095,.T.);
#2954=ORIENTED_EDGE('',*,*,#2097,.T.);
#2955=ORIENTED_EDGE('',*,*,#2086,.T.);
#2956=ORIENTED_EDGE('',*,*,#2090,.T.);
#2957=ORIENTED_EDGE('',*,*,#2079,.T.);
#2958=ORIENTED_EDGE('',*,*,#2081,.T.);
#2959=ORIENTED_EDGE('',*,*,#2083,.T.);
#2960=ORIENTED_EDGE('',*,*,#2085,.T.);
#2961=ORIENTED_EDGE('',*,*,#2062,.T.);
#2962=ORIENTED_EDGE('',*,*,#2066,.T.);
#2963=ORIENTED_EDGE('',*,*,#2069,.T.);
#2964=ORIENTED_EDGE('',*,*,#2072,.T.);
#2965=ORIENTED_EDGE('',*,*,#2193,.F.);
#2966=ORIENTED_EDGE('',*,*,#2194,.F.);
#2967=ORIENTED_EDGE('',*,*,#2195,.F.);
#2968=ORIENTED_EDGE('',*,*,#2196,.F.);
#2969=ORIENTED_EDGE('',*,*,#2197,.F.);
#2970=ORIENTED_EDGE('',*,*,#2198,.F.);
#2971=ORIENTED_EDGE('',*,*,#2199,.F.);
#2972=ORIENTED_EDGE('',*,*,#2200,.F.);
#2973=ORIENTED_EDGE('',*,*,#2201,.F.);
#2974=ORIENTED_EDGE('',*,*,#2202,.F.);
#2975=ORIENTED_EDGE('',*,*,#2203,.F.);
#2976=ORIENTED_EDGE('',*,*,#2204,.F.);
#2977=ORIENTED_EDGE('',*,*,#2205,.F.);
#2978=ORIENTED_EDGE('',*,*,#2206,.T.);
#2979=ORIENTED_EDGE('',*,*,#2207,.F.);
#2980=ORIENTED_EDGE('',*,*,#2208,.F.);
#2981=ORIENTED_EDGE('',*,*,#2209,.T.);
#2982=ORIENTED_EDGE('',*,*,#2210,.F.);
#2983=ORIENTED_EDGE('',*,*,#2211,.F.);
#2984=ORIENTED_EDGE('',*,*,#2212,.F.);
#2985=ORIENTED_EDGE('',*,*,#2196,.T.);
#2986=ORIENTED_EDGE('',*,*,#2213,.T.);
#2987=ORIENTED_EDGE('',*,*,#2214,.F.);
#2988=ORIENTED_EDGE('',*,*,#2215,.F.);
#2989=ORIENTED_EDGE('',*,*,#2216,.F.);
#2990=ORIENTED_EDGE('',*,*,#2207,.T.);
#2991=ORIENTED_EDGE('',*,*,#2217,.T.);
#2992=ORIENTED_EDGE('',*,*,#2218,.F.);
#2993=ORIENTED_EDGE('',*,*,#2210,.T.);
#2994=ORIENTED_EDGE('',*,*,#2219,.T.);
#2995=ORIENTED_EDGE('',*,*,#2220,.F.);
#2996=ORIENTED_EDGE('',*,*,#2221,.F.);
#2997=ORIENTED_EDGE('',*,*,#2222,.F.);
#2998=ORIENTED_EDGE('',*,*,#2223,.F.);
#2999=ORIENTED_EDGE('',*,*,#2224,.F.);
#3000=ORIENTED_EDGE('',*,*,#2225,.F.);
#3001=ORIENTED_EDGE('',*,*,#2219,.F.);
#3002=ORIENTED_EDGE('',*,*,#2209,.F.);
#3003=ORIENTED_EDGE('',*,*,#2226,.F.);
#3004=ORIENTED_EDGE('',*,*,#2220,.T.);
#3005=ORIENTED_EDGE('',*,*,#2225,.T.);
#3006=ORIENTED_EDGE('',*,*,#2227,.F.);
#3007=ORIENTED_EDGE('',*,*,#2228,.F.);
#3008=ORIENTED_EDGE('',*,*,#2229,.F.);
#3009=ORIENTED_EDGE('',*,*,#2202,.T.);
#3010=ORIENTED_EDGE('',*,*,#2230,.T.);
#3011=ORIENTED_EDGE('',*,*,#2231,.F.);
#3012=ORIENTED_EDGE('',*,*,#2232,.F.);
#3013=ORIENTED_EDGE('',*,*,#2233,.F.);
#3014=ORIENTED_EDGE('',*,*,#2230,.F.);
#3015=ORIENTED_EDGE('',*,*,#2201,.T.);
#3016=ORIENTED_EDGE('',*,*,#2234,.T.);
#3017=ORIENTED_EDGE('',*,*,#2235,.F.);
#3018=ORIENTED_EDGE('',*,*,#2236,.F.);
#3019=ORIENTED_EDGE('',*,*,#2234,.F.);
#3020=ORIENTED_EDGE('',*,*,#2200,.T.);
#3021=ORIENTED_EDGE('',*,*,#2237,.F.);
#3022=ORIENTED_EDGE('',*,*,#2213,.F.);
#3023=ORIENTED_EDGE('',*,*,#2195,.T.);
#3024=ORIENTED_EDGE('',*,*,#2238,.F.);
#3025=ORIENTED_EDGE('',*,*,#2239,.F.);
#3026=ORIENTED_EDGE('',*,*,#2217,.F.);
#3027=ORIENTED_EDGE('',*,*,#2206,.F.);
#3028=ORIENTED_EDGE('',*,*,#2240,.F.);
#3029=ORIENTED_EDGE('',*,*,#2197,.T.);
#3030=ORIENTED_EDGE('',*,*,#2241,.T.);
#3031=ORIENTED_EDGE('',*,*,#2242,.F.);
#3032=ORIENTED_EDGE('',*,*,#2243,.T.);
#3033=ORIENTED_EDGE('',*,*,#2232,.T.);
#3034=ORIENTED_EDGE('',*,*,#2244,.T.);
#3035=ORIENTED_EDGE('',*,*,#2245,.T.);
#3036=ORIENTED_EDGE('',*,*,#2246,.T.);
#3037=ORIENTED_EDGE('',*,*,#2247,.F.);
#3038=ORIENTED_EDGE('',*,*,#2193,.T.);
#3039=ORIENTED_EDGE('',*,*,#2212,.T.);
#3040=ORIENTED_EDGE('',*,*,#2248,.T.);
#3041=ORIENTED_EDGE('',*,*,#2249,.T.);
#3042=ORIENTED_EDGE('',*,*,#2250,.T.);
#3043=ORIENTED_EDGE('',*,*,#2251,.F.);
#3044=ORIENTED_EDGE('',*,*,#2252,.T.);
#3045=ORIENTED_EDGE('',*,*,#2240,.T.);
#3046=ORIENTED_EDGE('',*,*,#2205,.T.);
#3047=ORIENTED_EDGE('',*,*,#2253,.T.);
#3048=ORIENTED_EDGE('',*,*,#2254,.T.);
#3049=ORIENTED_EDGE('',*,*,#2255,.F.);
#3050=ORIENTED_EDGE('',*,*,#2256,.F.);
#3051=ORIENTED_EDGE('',*,*,#2204,.T.);
#3052=ORIENTED_EDGE('',*,*,#2216,.T.);
#3053=ORIENTED_EDGE('',*,*,#2257,.F.);
#3054=ORIENTED_EDGE('',*,*,#2258,.F.);
#3055=ORIENTED_EDGE('',*,*,#2259,.F.);
#3056=ORIENTED_EDGE('',*,*,#2260,.F.);
#3057=ORIENTED_EDGE('',*,*,#2261,.F.);
#3058=ORIENTED_EDGE('',*,*,#2211,.T.);
#3059=ORIENTED_EDGE('',*,*,#2218,.T.);
#3060=ORIENTED_EDGE('',*,*,#2226,.T.);
#3061=ORIENTED_EDGE('',*,*,#2262,.F.);
#3062=ORIENTED_EDGE('',*,*,#2263,.F.);
#3063=ORIENTED_EDGE('',*,*,#2264,.F.);
#3064=ORIENTED_EDGE('',*,*,#2265,.F.);
#3065=ORIENTED_EDGE('',*,*,#2266,.F.);
#3066=ORIENTED_EDGE('',*,*,#2253,.F.);
#3067=ORIENTED_EDGE('',*,*,#2203,.T.);
#3068=ORIENTED_EDGE('',*,*,#2229,.T.);
#3069=ORIENTED_EDGE('',*,*,#2247,.T.);
#3070=ORIENTED_EDGE('',*,*,#2267,.T.);
#3071=ORIENTED_EDGE('',*,*,#2268,.T.);
#3072=ORIENTED_EDGE('',*,*,#2227,.T.);
#3073=ORIENTED_EDGE('',*,*,#2224,.T.);
#3074=ORIENTED_EDGE('',*,*,#2269,.T.);
#3075=ORIENTED_EDGE('',*,*,#2270,.F.);
#3076=ORIENTED_EDGE('',*,*,#2271,.F.);
#3077=ORIENTED_EDGE('',*,*,#2182,.F.);
#3078=ORIENTED_EDGE('',*,*,#2272,.F.);
#3079=ORIENTED_EDGE('',*,*,#2273,.F.);
#3080=ORIENTED_EDGE('',*,*,#2241,.F.);
#3081=ORIENTED_EDGE('',*,*,#2228,.T.);
#3082=ORIENTED_EDGE('',*,*,#2268,.F.);
#3083=ORIENTED_EDGE('',*,*,#2274,.T.);
#3084=ORIENTED_EDGE('',*,*,#2275,.F.);
#3085=ORIENTED_EDGE('',*,*,#2262,.T.);
#3086=ORIENTED_EDGE('',*,*,#2276,.T.);
#3087=ORIENTED_EDGE('',*,*,#2277,.T.);
#3088=ORIENTED_EDGE('',*,*,#2278,.T.);
#3089=ORIENTED_EDGE('',*,*,#2279,.T.);
#3090=ORIENTED_EDGE('',*,*,#2277,.F.);
#3091=ORIENTED_EDGE('',*,*,#2280,.F.);
#3092=ORIENTED_EDGE('',*,*,#2281,.F.);
#3093=ORIENTED_EDGE('',*,*,#2282,.F.);
#3094=ORIENTED_EDGE('',*,*,#2283,.T.);
#3095=ORIENTED_EDGE('',*,*,#2284,.T.);
#3096=ORIENTED_EDGE('',*,*,#2285,.T.);
#3097=ORIENTED_EDGE('',*,*,#2281,.T.);
#3098=ORIENTED_EDGE('',*,*,#2284,.F.);
#3099=ORIENTED_EDGE('',*,*,#2286,.F.);
#3100=ORIENTED_EDGE('',*,*,#2287,.F.);
#3101=ORIENTED_EDGE('',*,*,#2288,.F.);
#3102=ORIENTED_EDGE('',*,*,#2289,.F.);
#3103=ORIENTED_EDGE('',*,*,#2186,.T.);
#3104=ORIENTED_EDGE('',*,*,#2290,.T.);
#3105=ORIENTED_EDGE('',*,*,#2291,.T.);
#3106=ORIENTED_EDGE('',*,*,#2292,.T.);
#3107=ORIENTED_EDGE('',*,*,#2290,.F.);
#3108=ORIENTED_EDGE('',*,*,#2185,.F.);
#3109=ORIENTED_EDGE('',*,*,#2293,.F.);
#3110=ORIENTED_EDGE('',*,*,#2294,.F.);
#3111=ORIENTED_EDGE('',*,*,#2295,.F.);
#3112=ORIENTED_EDGE('',*,*,#2188,.T.);
#3113=ORIENTED_EDGE('',*,*,#2296,.T.);
#3114=ORIENTED_EDGE('',*,*,#2297,.T.);
#3115=ORIENTED_EDGE('',*,*,#2298,.T.);
#3116=ORIENTED_EDGE('',*,*,#2292,.F.);
#3117=ORIENTED_EDGE('',*,*,#2299,.F.);
#3118=ORIENTED_EDGE('',*,*,#2296,.F.);
#3119=ORIENTED_EDGE('',*,*,#2187,.F.);
#3120=ORIENTED_EDGE('',*,*,#2298,.F.);
#3121=ORIENTED_EDGE('',*,*,#2300,.F.);
#3122=ORIENTED_EDGE('',*,*,#2301,.F.);
#3123=ORIENTED_EDGE('',*,*,#2302,.F.);
#3124=ORIENTED_EDGE('',*,*,#2179,.F.);
#3125=ORIENTED_EDGE('',*,*,#2279,.F.);
#3126=ORIENTED_EDGE('',*,*,#2303,.F.);
#3127=ORIENTED_EDGE('',*,*,#2304,.F.);
#3128=ORIENTED_EDGE('',*,*,#2305,.F.);
#3129=ORIENTED_EDGE('',*,*,#2306,.F.);
#3130=ORIENTED_EDGE('',*,*,#2286,.T.);
#3131=ORIENTED_EDGE('',*,*,#2283,.F.);
#3132=ORIENTED_EDGE('',*,*,#2280,.T.);
#3133=ORIENTED_EDGE('',*,*,#2276,.F.);
#3134=ORIENTED_EDGE('',*,*,#2306,.T.);
#3135=ORIENTED_EDGE('',*,*,#2307,.F.);
#3136=ORIENTED_EDGE('',*,*,#2308,.F.);
#3137=ORIENTED_EDGE('',*,*,#2309,.F.);
#3138=ORIENTED_EDGE('',*,*,#2310,.F.);
#3139=ORIENTED_EDGE('',*,*,#2311,.F.);
#3140=ORIENTED_EDGE('',*,*,#2312,.F.);
#3141=ORIENTED_EDGE('',*,*,#2313,.F.);
#3142=ORIENTED_EDGE('',*,*,#2314,.F.);
#3143=ORIENTED_EDGE('',*,*,#2315,.F.);
#3144=ORIENTED_EDGE('',*,*,#2316,.F.);
#3145=ORIENTED_EDGE('',*,*,#2317,.T.);
#3146=ORIENTED_EDGE('',*,*,#2318,.F.);
#3147=ORIENTED_EDGE('',*,*,#2319,.F.);
#3148=ORIENTED_EDGE('',*,*,#2320,.F.);
#3149=ORIENTED_EDGE('',*,*,#2321,.F.);
#3150=ORIENTED_EDGE('',*,*,#2322,.F.);
#3151=ORIENTED_EDGE('',*,*,#2323,.F.);
#3152=ORIENTED_EDGE('',*,*,#2324,.F.);
#3153=ORIENTED_EDGE('',*,*,#2325,.F.);
#3154=ORIENTED_EDGE('',*,*,#2326,.F.);
#3155=ORIENTED_EDGE('',*,*,#2327,.F.);
#3156=ORIENTED_EDGE('',*,*,#2305,.T.);
#3157=ORIENTED_EDGE('',*,*,#2328,.F.);
#3158=ORIENTED_EDGE('',*,*,#2329,.T.);
#3159=ORIENTED_EDGE('',*,*,#2307,.T.);
#3160=ORIENTED_EDGE('',*,*,#2304,.T.);
#3161=ORIENTED_EDGE('',*,*,#2330,.T.);
#3162=ORIENTED_EDGE('',*,*,#2331,.F.);
#3163=ORIENTED_EDGE('',*,*,#2328,.T.);
#3164=ORIENTED_EDGE('',*,*,#2288,.T.);
#3165=ORIENTED_EDGE('',*,*,#2332,.T.);
#3166=ORIENTED_EDGE('',*,*,#2333,.T.);
#3167=ORIENTED_EDGE('',*,*,#2334,.T.);
#3168=ORIENTED_EDGE('',*,*,#2300,.T.);
#3169=ORIENTED_EDGE('',*,*,#2297,.F.);
#3170=ORIENTED_EDGE('',*,*,#2299,.T.);
#3171=ORIENTED_EDGE('',*,*,#2291,.F.);
#3172=ORIENTED_EDGE('',*,*,#2295,.T.);
#3173=ORIENTED_EDGE('',*,*,#2335,.F.);
#3174=ORIENTED_EDGE('',*,*,#2336,.F.);
#3175=ORIENTED_EDGE('',*,*,#2337,.F.);
#3176=ORIENTED_EDGE('',*,*,#2338,.F.);
#3177=ORIENTED_EDGE('',*,*,#2339,.F.);
#3178=ORIENTED_EDGE('',*,*,#2340,.F.);
#3179=ORIENTED_EDGE('',*,*,#2341,.F.);
#3180=ORIENTED_EDGE('',*,*,#2342,.F.);
#3181=ORIENTED_EDGE('',*,*,#2343,.F.);
#3182=ORIENTED_EDGE('',*,*,#2344,.F.);
#3183=ORIENTED_EDGE('',*,*,#2345,.T.);
#3184=ORIENTED_EDGE('',*,*,#2346,.F.);
#3185=ORIENTED_EDGE('',*,*,#2347,.F.);
#3186=ORIENTED_EDGE('',*,*,#2348,.F.);
#3187=ORIENTED_EDGE('',*,*,#2349,.F.);
#3188=ORIENTED_EDGE('',*,*,#2350,.F.);
#3189=ORIENTED_EDGE('',*,*,#2351,.F.);
#3190=ORIENTED_EDGE('',*,*,#2352,.F.);
#3191=ORIENTED_EDGE('',*,*,#2353,.F.);
#3192=ORIENTED_EDGE('',*,*,#2354,.F.);
#3193=ORIENTED_EDGE('',*,*,#2355,.F.);
#3194=ORIENTED_EDGE('',*,*,#2293,.T.);
#3195=ORIENTED_EDGE('',*,*,#2184,.T.);
#3196=ORIENTED_EDGE('',*,*,#2356,.F.);
#3197=ORIENTED_EDGE('',*,*,#2357,.T.);
#3198=ORIENTED_EDGE('',*,*,#2302,.T.);
#3199=ORIENTED_EDGE('',*,*,#2358,.T.);
#3200=ORIENTED_EDGE('',*,*,#2359,.T.);
#3201=ORIENTED_EDGE('',*,*,#2180,.T.);
#3202=ORIENTED_EDGE('',*,*,#2294,.T.);
#3203=ORIENTED_EDGE('',*,*,#2357,.F.);
#3204=ORIENTED_EDGE('',*,*,#2360,.T.);
#3205=ORIENTED_EDGE('',*,*,#2335,.T.);
#3206=ORIENTED_EDGE('',*,*,#2361,.T.);
#3207=ORIENTED_EDGE('',*,*,#2362,.T.);
#3208=ORIENTED_EDGE('',*,*,#2363,.T.);
#3209=ORIENTED_EDGE('',*,*,#2364,.T.);
#3210=ORIENTED_EDGE('',*,*,#2365,.T.);
#3211=ORIENTED_EDGE('',*,*,#2366,.T.);
#3212=ORIENTED_EDGE('',*,*,#2367,.F.);
#3213=ORIENTED_EDGE('',*,*,#2368,.T.);
#3214=ORIENTED_EDGE('',*,*,#2363,.F.);
#3215=ORIENTED_EDGE('',*,*,#2369,.T.);
#3216=ORIENTED_EDGE('',*,*,#2367,.T.);
#3217=ORIENTED_EDGE('',*,*,#2365,.F.);
#3218=ORIENTED_EDGE('',*,*,#2370,.F.);
#3219=ORIENTED_EDGE('',*,*,#2371,.F.);
#3220=ORIENTED_EDGE('',*,*,#2372,.F.);
#3221=ORIENTED_EDGE('',*,*,#2373,.F.);
#3222=ORIENTED_EDGE('',*,*,#2374,.F.);
#3223=ORIENTED_EDGE('',*,*,#2361,.F.);
#3224=ORIENTED_EDGE('',*,*,#2369,.F.);
#3225=ORIENTED_EDGE('',*,*,#2362,.F.);
#3226=ORIENTED_EDGE('',*,*,#2375,.T.);
#3227=ORIENTED_EDGE('',*,*,#2376,.F.);
#3228=ORIENTED_EDGE('',*,*,#2377,.F.);
#3229=ORIENTED_EDGE('',*,*,#2375,.F.);
#3230=ORIENTED_EDGE('',*,*,#2378,.T.);
#3231=ORIENTED_EDGE('',*,*,#2379,.T.);
#3232=ORIENTED_EDGE('',*,*,#2380,.T.);
#3233=ORIENTED_EDGE('',*,*,#2378,.F.);
#3234=ORIENTED_EDGE('',*,*,#2381,.T.);
#3235=ORIENTED_EDGE('',*,*,#2366,.F.);
#3236=ORIENTED_EDGE('',*,*,#2374,.T.);
#3237=ORIENTED_EDGE('',*,*,#2382,.F.);
#3238=ORIENTED_EDGE('',*,*,#2383,.F.);
#3239=ORIENTED_EDGE('',*,*,#2384,.F.);
#3240=ORIENTED_EDGE('',*,*,#2370,.T.);
#3241=ORIENTED_EDGE('',*,*,#2364,.F.);
#3242=ORIENTED_EDGE('',*,*,#2368,.F.);
#3243=ORIENTED_EDGE('',*,*,#2385,.F.);
#3244=ORIENTED_EDGE('',*,*,#2386,.F.);
#3245=ORIENTED_EDGE('',*,*,#2381,.F.);
#3246=ORIENTED_EDGE('',*,*,#2379,.F.);
#3247=ORIENTED_EDGE('',*,*,#2380,.F.);
#3248=ORIENTED_EDGE('',*,*,#2387,.T.);
#3249=ORIENTED_EDGE('',*,*,#2388,.F.);
#3250=ORIENTED_EDGE('',*,*,#2389,.F.);
#3251=ORIENTED_EDGE('',*,*,#2387,.F.);
#3252=ORIENTED_EDGE('',*,*,#2390,.T.);
#3253=ORIENTED_EDGE('',*,*,#2391,.T.);
#3254=ORIENTED_EDGE('',*,*,#2392,.T.);
#3255=ORIENTED_EDGE('',*,*,#2390,.F.);
#3256=ORIENTED_EDGE('',*,*,#2385,.T.);
#3257=ORIENTED_EDGE('',*,*,#2391,.F.);
#3258=ORIENTED_EDGE('',*,*,#2392,.F.);
#3259=ORIENTED_EDGE('',*,*,#2393,.T.);
#3260=ORIENTED_EDGE('',*,*,#2394,.F.);
#3261=ORIENTED_EDGE('',*,*,#2395,.F.);
#3262=ORIENTED_EDGE('',*,*,#2393,.F.);
#3263=ORIENTED_EDGE('',*,*,#2396,.T.);
#3264=ORIENTED_EDGE('',*,*,#2397,.T.);
#3265=ORIENTED_EDGE('',*,*,#2398,.T.);
#3266=ORIENTED_EDGE('',*,*,#2396,.F.);
#3267=ORIENTED_EDGE('',*,*,#2386,.T.);
#3268=ORIENTED_EDGE('',*,*,#2397,.F.);
#3269=ORIENTED_EDGE('',*,*,#2398,.F.);
#3270=ORIENTED_EDGE('',*,*,#2399,.T.);
#3271=ORIENTED_EDGE('',*,*,#2400,.F.);
#3272=ORIENTED_EDGE('',*,*,#2401,.F.);
#3273=ORIENTED_EDGE('',*,*,#2399,.F.);
#3274=ORIENTED_EDGE('',*,*,#2345,.F.);
#3275=ORIENTED_EDGE('',*,*,#2402,.T.);
#3276=ORIENTED_EDGE('',*,*,#2403,.T.);
#3277=ORIENTED_EDGE('',*,*,#2400,.T.);
#3278=ORIENTED_EDGE('',*,*,#2401,.T.);
#3279=ORIENTED_EDGE('',*,*,#2403,.F.);
#3280=ORIENTED_EDGE('',*,*,#2404,.T.);
#3281=ORIENTED_EDGE('',*,*,#2405,.T.);
#3282=ORIENTED_EDGE('',*,*,#2406,.T.);
#3283=ORIENTED_EDGE('',*,*,#2406,.F.);
#3284=ORIENTED_EDGE('',*,*,#2407,.F.);
#3285=ORIENTED_EDGE('',*,*,#2408,.F.);
#3286=ORIENTED_EDGE('',*,*,#2409,.F.);
#3287=ORIENTED_EDGE('',*,*,#2316,.T.);
#3288=ORIENTED_EDGE('',*,*,#2314,.T.);
#3289=ORIENTED_EDGE('',*,*,#2410,.F.);
#3290=ORIENTED_EDGE('',*,*,#2348,.T.);
#3291=ORIENTED_EDGE('',*,*,#2346,.T.);
#3292=ORIENTED_EDGE('',*,*,#2405,.F.);
#3293=ORIENTED_EDGE('',*,*,#2411,.T.);
#3294=ORIENTED_EDGE('',*,*,#2412,.T.);
#3295=ORIENTED_EDGE('',*,*,#2394,.T.);
#3296=ORIENTED_EDGE('',*,*,#2395,.T.);
#3297=ORIENTED_EDGE('',*,*,#2412,.F.);
#3298=ORIENTED_EDGE('',*,*,#2413,.T.);
#3299=ORIENTED_EDGE('',*,*,#2414,.T.);
#3300=ORIENTED_EDGE('',*,*,#2407,.T.);
#3301=ORIENTED_EDGE('',*,*,#2414,.F.);
#3302=ORIENTED_EDGE('',*,*,#2415,.T.);
#3303=ORIENTED_EDGE('',*,*,#2416,.T.);
#3304=ORIENTED_EDGE('',*,*,#2388,.T.);
#3305=ORIENTED_EDGE('',*,*,#2389,.T.);
#3306=ORIENTED_EDGE('',*,*,#2416,.F.);
#3307=ORIENTED_EDGE('',*,*,#2417,.T.);
#3308=ORIENTED_EDGE('',*,*,#2418,.T.);
#3309=ORIENTED_EDGE('',*,*,#2408,.T.);
#3310=ORIENTED_EDGE('',*,*,#2418,.F.);
#3311=ORIENTED_EDGE('',*,*,#2419,.T.);
#3312=ORIENTED_EDGE('',*,*,#2420,.T.);
#3313=ORIENTED_EDGE('',*,*,#2376,.T.);
#3314=ORIENTED_EDGE('',*,*,#2377,.T.);
#3315=ORIENTED_EDGE('',*,*,#2420,.F.);
#3316=ORIENTED_EDGE('',*,*,#2421,.T.);
#3317=ORIENTED_EDGE('',*,*,#2317,.F.);
#3318=ORIENTED_EDGE('',*,*,#2409,.T.);
#3319=ORIENTED_EDGE('',*,*,#2422,.T.);
#3320=ORIENTED_EDGE('',*,*,#2423,.T.);
#3321=ORIENTED_EDGE('',*,*,#2424,.T.);
#3322=ORIENTED_EDGE('',*,*,#2425,.T.);
#3323=ORIENTED_EDGE('',*,*,#2423,.F.);
#3324=ORIENTED_EDGE('',*,*,#2426,.T.);
#3325=ORIENTED_EDGE('',*,*,#2427,.F.);
#3326=ORIENTED_EDGE('',*,*,#2428,.T.);
#3327=ORIENTED_EDGE('',*,*,#2422,.F.);
#3328=ORIENTED_EDGE('',*,*,#2429,.F.);
#3329=ORIENTED_EDGE('',*,*,#2340,.T.);
#3330=ORIENTED_EDGE('',*,*,#2430,.T.);
#3331=ORIENTED_EDGE('',*,*,#2431,.F.);
#3332=ORIENTED_EDGE('',*,*,#2432,.F.);
#3333=ORIENTED_EDGE('',*,*,#2426,.F.);
#3334=ORIENTED_EDGE('',*,*,#2433,.T.);
#3335=ORIENTED_EDGE('',*,*,#2434,.T.);
#3336=ORIENTED_EDGE('',*,*,#2435,.T.);
#3337=ORIENTED_EDGE('',*,*,#2436,.T.);
#3338=ORIENTED_EDGE('',*,*,#2436,.F.);
#3339=ORIENTED_EDGE('',*,*,#2437,.T.);
#3340=ORIENTED_EDGE('',*,*,#2438,.F.);
#3341=ORIENTED_EDGE('',*,*,#2439,.T.);
#3342=ORIENTED_EDGE('',*,*,#2440,.T.);
#3343=ORIENTED_EDGE('',*,*,#2441,.T.);
#3344=ORIENTED_EDGE('',*,*,#2442,.T.);
#3345=ORIENTED_EDGE('',*,*,#2443,.T.);
#3346=ORIENTED_EDGE('',*,*,#2440,.F.);
#3347=ORIENTED_EDGE('',*,*,#2444,.F.);
#3348=ORIENTED_EDGE('',*,*,#2445,.F.);
#3349=ORIENTED_EDGE('',*,*,#2446,.F.);
#3350=ORIENTED_EDGE('',*,*,#2447,.F.);
#3351=ORIENTED_EDGE('',*,*,#2350,.T.);
#3352=ORIENTED_EDGE('',*,*,#2448,.F.);
#3353=ORIENTED_EDGE('',*,*,#2443,.F.);
#3354=ORIENTED_EDGE('',*,*,#2449,.T.);
#3355=ORIENTED_EDGE('',*,*,#2450,.F.);
#3356=ORIENTED_EDGE('',*,*,#2444,.T.);
#3357=ORIENTED_EDGE('',*,*,#2451,.T.);
#3358=ORIENTED_EDGE('',*,*,#2452,.T.);
#3359=ORIENTED_EDGE('',*,*,#2453,.T.);
#3360=ORIENTED_EDGE('',*,*,#2454,.T.);
#3361=ORIENTED_EDGE('',*,*,#2452,.F.);
#3362=ORIENTED_EDGE('',*,*,#2455,.T.);
#3363=ORIENTED_EDGE('',*,*,#2456,.F.);
#3364=ORIENTED_EDGE('',*,*,#2457,.T.);
#3365=ORIENTED_EDGE('',*,*,#2451,.F.);
#3366=ORIENTED_EDGE('',*,*,#2458,.F.);
#3367=ORIENTED_EDGE('',*,*,#2312,.T.);
#3368=ORIENTED_EDGE('',*,*,#2459,.T.);
#3369=ORIENTED_EDGE('',*,*,#2460,.F.);
#3370=ORIENTED_EDGE('',*,*,#2461,.F.);
#3371=ORIENTED_EDGE('',*,*,#2462,.F.);
#3372=ORIENTED_EDGE('',*,*,#2463,.F.);
#3373=ORIENTED_EDGE('',*,*,#2455,.F.);
#3374=ORIENTED_EDGE('',*,*,#2445,.T.);
#3375=ORIENTED_EDGE('',*,*,#2450,.T.);
#3376=ORIENTED_EDGE('',*,*,#2464,.T.);
#3377=ORIENTED_EDGE('',*,*,#2465,.T.);
#3378=ORIENTED_EDGE('',*,*,#2465,.F.);
#3379=ORIENTED_EDGE('',*,*,#2466,.F.);
#3380=ORIENTED_EDGE('',*,*,#2467,.F.);
#3381=ORIENTED_EDGE('',*,*,#2468,.F.);
#3382=ORIENTED_EDGE('',*,*,#2469,.F.);
#3383=ORIENTED_EDGE('',*,*,#2470,.F.);
#3384=ORIENTED_EDGE('',*,*,#2471,.F.);
#3385=ORIENTED_EDGE('',*,*,#2472,.F.);
#3386=ORIENTED_EDGE('',*,*,#2473,.F.);
#3387=ORIENTED_EDGE('',*,*,#2474,.F.);
#3388=ORIENTED_EDGE('',*,*,#2475,.T.);
#3389=ORIENTED_EDGE('',*,*,#2446,.T.);
#3390=ORIENTED_EDGE('',*,*,#2463,.T.);
#3391=ORIENTED_EDGE('',*,*,#2476,.T.);
#3392=ORIENTED_EDGE('',*,*,#2477,.T.);
#3393=ORIENTED_EDGE('',*,*,#2456,.T.);
#3394=ORIENTED_EDGE('',*,*,#2478,.T.);
#3395=ORIENTED_EDGE('',*,*,#2438,.T.);
#3396=ORIENTED_EDGE('',*,*,#2479,.T.);
#3397=ORIENTED_EDGE('',*,*,#2480,.T.);
#3398=ORIENTED_EDGE('',*,*,#2480,.F.);
#3399=ORIENTED_EDGE('',*,*,#2481,.F.);
#3400=ORIENTED_EDGE('',*,*,#2482,.T.);
#3401=ORIENTED_EDGE('',*,*,#2483,.T.);
#3402=ORIENTED_EDGE('',*,*,#2484,.F.);
#3403=ORIENTED_EDGE('',*,*,#2485,.F.);
#3404=ORIENTED_EDGE('',*,*,#2486,.T.);
#3405=ORIENTED_EDGE('',*,*,#2487,.T.);
#3406=ORIENTED_EDGE('',*,*,#2432,.T.);
#3407=ORIENTED_EDGE('',*,*,#2488,.T.);
#3408=ORIENTED_EDGE('',*,*,#2489,.T.);
#3409=ORIENTED_EDGE('',*,*,#2427,.T.);
#3410=ORIENTED_EDGE('',*,*,#2441,.F.);
#3411=ORIENTED_EDGE('',*,*,#2448,.T.);
#3412=ORIENTED_EDGE('',*,*,#2349,.T.);
#3413=ORIENTED_EDGE('',*,*,#2410,.T.);
#3414=ORIENTED_EDGE('',*,*,#2313,.T.);
#3415=ORIENTED_EDGE('',*,*,#2458,.T.);
#3416=ORIENTED_EDGE('',*,*,#2454,.F.);
#3417=ORIENTED_EDGE('',*,*,#2490,.T.);
#3418=ORIENTED_EDGE('',*,*,#2491,.T.);
#3419=ORIENTED_EDGE('',*,*,#2434,.F.);
#3420=ORIENTED_EDGE('',*,*,#2492,.T.);
#3421=ORIENTED_EDGE('',*,*,#2321,.T.);
#3422=ORIENTED_EDGE('',*,*,#2493,.F.);
#3423=ORIENTED_EDGE('',*,*,#2341,.T.);
#3424=ORIENTED_EDGE('',*,*,#2429,.T.);
#3425=ORIENTED_EDGE('',*,*,#2425,.F.);
#3426=ORIENTED_EDGE('',*,*,#2433,.F.);
#3427=ORIENTED_EDGE('',*,*,#2439,.F.);
#3428=ORIENTED_EDGE('',*,*,#2478,.F.);
#3429=ORIENTED_EDGE('',*,*,#2487,.F.);
#3430=ORIENTED_EDGE('',*,*,#2494,.T.);
#3431=ORIENTED_EDGE('',*,*,#2322,.T.);
#3432=ORIENTED_EDGE('',*,*,#2492,.F.);
#3433=ORIENTED_EDGE('',*,*,#2495,.F.);
#3434=ORIENTED_EDGE('',*,*,#2430,.F.);
#3435=ORIENTED_EDGE('',*,*,#2339,.T.);
#3436=ORIENTED_EDGE('',*,*,#2496,.F.);
#3437=ORIENTED_EDGE('',*,*,#2486,.F.);
#3438=ORIENTED_EDGE('',*,*,#2497,.F.);
#3439=ORIENTED_EDGE('',*,*,#2323,.T.);
#3440=ORIENTED_EDGE('',*,*,#2494,.F.);
#3441=ORIENTED_EDGE('',*,*,#2475,.F.);
#3442=ORIENTED_EDGE('',*,*,#2498,.F.);
#3443=ORIENTED_EDGE('',*,*,#2351,.T.);
#3444=ORIENTED_EDGE('',*,*,#2447,.T.);
#3445=ORIENTED_EDGE('',*,*,#2499,.T.);
#3446=ORIENTED_EDGE('',*,*,#2336,.T.);
#3447=ORIENTED_EDGE('',*,*,#2360,.F.);
#3448=ORIENTED_EDGE('',*,*,#2500,.F.);
#3449=ORIENTED_EDGE('',*,*,#2501,.T.);
#3450=ORIENTED_EDGE('',*,*,#2502,.F.);
#3451=ORIENTED_EDGE('',*,*,#2503,.F.);
#3452=ORIENTED_EDGE('',*,*,#2326,.T.);
#3453=ORIENTED_EDGE('',*,*,#2301,.T.);
#3454=ORIENTED_EDGE('',*,*,#2355,.T.);
#3455=ORIENTED_EDGE('',*,*,#2504,.T.);
#3456=ORIENTED_EDGE('',*,*,#2358,.F.);
#3457=ORIENTED_EDGE('',*,*,#2476,.F.);
#3458=ORIENTED_EDGE('',*,*,#2462,.T.);
#3459=ORIENTED_EDGE('',*,*,#2505,.F.);
#3460=ORIENTED_EDGE('',*,*,#2506,.T.);
#3461=ORIENTED_EDGE('',*,*,#2507,.T.);
#3462=ORIENTED_EDGE('',*,*,#2508,.F.);
#3463=ORIENTED_EDGE('',*,*,#2311,.T.);
#3464=ORIENTED_EDGE('',*,*,#2509,.F.);
#3465=ORIENTED_EDGE('',*,*,#2510,.F.);
#3466=ORIENTED_EDGE('',*,*,#2459,.F.);
#3467=ORIENTED_EDGE('',*,*,#2354,.T.);
#3468=ORIENTED_EDGE('',*,*,#2511,.T.);
#3469=ORIENTED_EDGE('',*,*,#2308,.T.);
#3470=ORIENTED_EDGE('',*,*,#2329,.F.);
#3471=ORIENTED_EDGE('',*,*,#2512,.F.);
#3472=ORIENTED_EDGE('',*,*,#2513,.F.);
#3473=ORIENTED_EDGE('',*,*,#2514,.F.);
#3474=ORIENTED_EDGE('',*,*,#2504,.F.);
#3475=ORIENTED_EDGE('',*,*,#2474,.T.);
#3476=ORIENTED_EDGE('',*,*,#2515,.T.);
#3477=ORIENTED_EDGE('',*,*,#2461,.T.);
#3478=ORIENTED_EDGE('',*,*,#2516,.F.);
#3479=ORIENTED_EDGE('',*,*,#2509,.T.);
#3480=ORIENTED_EDGE('',*,*,#2310,.T.);
#3481=ORIENTED_EDGE('',*,*,#2517,.F.);
#3482=ORIENTED_EDGE('',*,*,#2352,.T.);
#3483=ORIENTED_EDGE('',*,*,#2498,.T.);
#3484=ORIENTED_EDGE('',*,*,#2483,.F.);
#3485=ORIENTED_EDGE('',*,*,#2518,.T.);
#3486=ORIENTED_EDGE('',*,*,#2519,.F.);
#3487=ORIENTED_EDGE('',*,*,#2520,.F.);
#3488=ORIENTED_EDGE('',*,*,#2521,.T.);
#3489=ORIENTED_EDGE('',*,*,#2522,.F.);
#3490=ORIENTED_EDGE('',*,*,#2523,.T.);
#3491=ORIENTED_EDGE('',*,*,#2524,.T.);
#3492=ORIENTED_EDGE('',*,*,#2525,.T.);
#3493=ORIENTED_EDGE('',*,*,#2526,.T.);
#3494=ORIENTED_EDGE('',*,*,#2520,.T.);
#3495=ORIENTED_EDGE('',*,*,#2527,.F.);
#3496=ORIENTED_EDGE('',*,*,#2528,.F.);
#3497=ORIENTED_EDGE('',*,*,#2529,.T.);
#3498=ORIENTED_EDGE('',*,*,#2528,.T.);
#3499=ORIENTED_EDGE('',*,*,#2530,.F.);
#3500=ORIENTED_EDGE('',*,*,#2525,.F.);
#3501=ORIENTED_EDGE('',*,*,#2531,.F.);
#3502=ORIENTED_EDGE('',*,*,#2532,.T.);
#3503=ORIENTED_EDGE('',*,*,#2531,.T.);
#3504=ORIENTED_EDGE('',*,*,#2524,.F.);
#3505=ORIENTED_EDGE('',*,*,#2533,.F.);
#3506=ORIENTED_EDGE('',*,*,#2534,.F.);
#3507=ORIENTED_EDGE('',*,*,#2535,.F.);
#3508=ORIENTED_EDGE('',*,*,#2472,.T.);
#3509=ORIENTED_EDGE('',*,*,#2536,.F.);
#3510=ORIENTED_EDGE('',*,*,#2537,.F.);
#3511=ORIENTED_EDGE('',*,*,#2538,.F.);
#3512=ORIENTED_EDGE('',*,*,#2506,.F.);
#3513=ORIENTED_EDGE('',*,*,#2539,.T.);
#3514=ORIENTED_EDGE('',*,*,#2540,.T.);
#3515=ORIENTED_EDGE('',*,*,#2541,.T.);
#3516=ORIENTED_EDGE('',*,*,#2471,.T.);
#3517=ORIENTED_EDGE('',*,*,#2542,.T.);
#3518=ORIENTED_EDGE('',*,*,#2543,.F.);
#3519=ORIENTED_EDGE('',*,*,#2536,.T.);
#3520=ORIENTED_EDGE('',*,*,#2469,.T.);
#3521=ORIENTED_EDGE('',*,*,#2544,.T.);
#3522=ORIENTED_EDGE('',*,*,#2545,.F.);
#3523=ORIENTED_EDGE('',*,*,#2541,.F.);
#3524=ORIENTED_EDGE('',*,*,#2546,.F.);
#3525=ORIENTED_EDGE('',*,*,#2470,.T.);
#3526=ORIENTED_EDGE('',*,*,#2546,.T.);
#3527=ORIENTED_EDGE('',*,*,#2540,.F.);
#3528=ORIENTED_EDGE('',*,*,#2547,.F.);
#3529=ORIENTED_EDGE('',*,*,#2542,.F.);
#3530=ORIENTED_EDGE('',*,*,#2522,.T.);
#3531=ORIENTED_EDGE('',*,*,#2548,.T.);
#3532=ORIENTED_EDGE('',*,*,#2549,.T.);
#3533=ORIENTED_EDGE('',*,*,#2484,.T.);
#3534=ORIENTED_EDGE('',*,*,#2488,.F.);
#3535=ORIENTED_EDGE('',*,*,#2431,.T.);
#3536=ORIENTED_EDGE('',*,*,#2495,.T.);
#3537=ORIENTED_EDGE('',*,*,#2550,.F.);
#3538=ORIENTED_EDGE('',*,*,#2548,.F.);
#3539=ORIENTED_EDGE('',*,*,#2521,.F.);
#3540=ORIENTED_EDGE('',*,*,#2526,.F.);
#3541=ORIENTED_EDGE('',*,*,#2529,.F.);
#3542=ORIENTED_EDGE('',*,*,#2532,.F.);
#3543=ORIENTED_EDGE('',*,*,#2551,.F.);
#3544=ORIENTED_EDGE('',*,*,#2552,.F.);
#3545=ORIENTED_EDGE('',*,*,#2553,.F.);
#3546=ORIENTED_EDGE('',*,*,#2289,.T.);
#3547=ORIENTED_EDGE('',*,*,#2334,.F.);
#3548=ORIENTED_EDGE('',*,*,#2554,.F.);
#3549=ORIENTED_EDGE('',*,*,#2555,.T.);
#3550=ORIENTED_EDGE('',*,*,#2530,.T.);
#3551=ORIENTED_EDGE('',*,*,#2527,.T.);
#3552=ORIENTED_EDGE('',*,*,#2519,.T.);
#3553=ORIENTED_EDGE('',*,*,#2556,.T.);
#3554=ORIENTED_EDGE('',*,*,#2557,.T.);
#3555=ORIENTED_EDGE('',*,*,#2533,.T.);
#3556=ORIENTED_EDGE('',*,*,#2558,.T.);
#3557=ORIENTED_EDGE('',*,*,#2545,.T.);
#3558=ORIENTED_EDGE('',*,*,#2559,.T.);
#3559=ORIENTED_EDGE('',*,*,#2560,.T.);
#3560=ORIENTED_EDGE('',*,*,#2537,.T.);
#3561=ORIENTED_EDGE('',*,*,#2543,.T.);
#3562=ORIENTED_EDGE('',*,*,#2547,.T.);
#3563=ORIENTED_EDGE('',*,*,#2561,.T.);
#3564=ORIENTED_EDGE('',*,*,#2562,.F.);
#3565=ORIENTED_EDGE('',*,*,#2330,.F.);
#3566=ORIENTED_EDGE('',*,*,#2303,.T.);
#3567=ORIENTED_EDGE('',*,*,#2278,.F.);
#3568=ORIENTED_EDGE('',*,*,#2282,.T.);
#3569=ORIENTED_EDGE('',*,*,#2285,.F.);
#3570=ORIENTED_EDGE('',*,*,#2563,.F.);
#3571=ORIENTED_EDGE('',*,*,#2564,.F.);
#3572=ORIENTED_EDGE('',*,*,#2565,.F.);
#3573=ORIENTED_EDGE('',*,*,#2566,.F.);
#3574=ORIENTED_EDGE('',*,*,#2510,.T.);
#3575=ORIENTED_EDGE('',*,*,#2516,.T.);
#3576=ORIENTED_EDGE('',*,*,#2460,.T.);
#3577=ORIENTED_EDGE('',*,*,#2499,.F.);
#3578=ORIENTED_EDGE('',*,*,#2325,.T.);
#3579=ORIENTED_EDGE('',*,*,#2567,.F.);
#3580=ORIENTED_EDGE('',*,*,#2337,.T.);
#3581=ORIENTED_EDGE('',*,*,#2490,.F.);
#3582=ORIENTED_EDGE('',*,*,#2453,.F.);
#3583=ORIENTED_EDGE('',*,*,#2457,.F.);
#3584=ORIENTED_EDGE('',*,*,#2477,.F.);
#3585=ORIENTED_EDGE('',*,*,#2508,.T.);
#3586=ORIENTED_EDGE('',*,*,#2568,.F.);
#3587=ORIENTED_EDGE('',*,*,#2466,.T.);
#3588=ORIENTED_EDGE('',*,*,#2464,.F.);
#3589=ORIENTED_EDGE('',*,*,#2449,.F.);
#3590=ORIENTED_EDGE('',*,*,#2442,.F.);
#3591=ORIENTED_EDGE('',*,*,#2511,.F.);
#3592=ORIENTED_EDGE('',*,*,#2353,.T.);
#3593=ORIENTED_EDGE('',*,*,#2517,.T.);
#3594=ORIENTED_EDGE('',*,*,#2309,.T.);
#3595=ORIENTED_EDGE('',*,*,#2569,.T.);
#3596=ORIENTED_EDGE('',*,*,#2552,.T.);
#3597=ORIENTED_EDGE('',*,*,#2570,.T.);
#3598=ORIENTED_EDGE('',*,*,#2556,.F.);
#3599=ORIENTED_EDGE('',*,*,#2518,.F.);
#3600=ORIENTED_EDGE('',*,*,#2482,.F.);
#3601=ORIENTED_EDGE('',*,*,#2570,.F.);
#3602=ORIENTED_EDGE('',*,*,#2551,.T.);
#3603=ORIENTED_EDGE('',*,*,#2534,.T.);
#3604=ORIENTED_EDGE('',*,*,#2557,.F.);
#3605=ORIENTED_EDGE('',*,*,#2485,.T.);
#3606=ORIENTED_EDGE('',*,*,#2549,.F.);
#3607=ORIENTED_EDGE('',*,*,#2550,.T.);
#3608=ORIENTED_EDGE('',*,*,#2496,.T.);
#3609=ORIENTED_EDGE('',*,*,#2338,.T.);
#3610=ORIENTED_EDGE('',*,*,#2567,.T.);
#3611=ORIENTED_EDGE('',*,*,#2324,.T.);
#3612=ORIENTED_EDGE('',*,*,#2497,.T.);
#3613=ORIENTED_EDGE('',*,*,#2535,.T.);
#3614=ORIENTED_EDGE('',*,*,#2505,.T.);
#3615=ORIENTED_EDGE('',*,*,#2515,.F.);
#3616=ORIENTED_EDGE('',*,*,#2473,.T.);
#3617=ORIENTED_EDGE('',*,*,#2468,.T.);
#3618=ORIENTED_EDGE('',*,*,#2571,.T.);
#3619=ORIENTED_EDGE('',*,*,#2559,.F.);
#3620=ORIENTED_EDGE('',*,*,#2544,.F.);
#3621=ORIENTED_EDGE('',*,*,#2571,.F.);
#3622=ORIENTED_EDGE('',*,*,#2467,.T.);
#3623=ORIENTED_EDGE('',*,*,#2568,.T.);
#3624=ORIENTED_EDGE('',*,*,#2507,.F.);
#3625=ORIENTED_EDGE('',*,*,#2538,.T.);
#3626=ORIENTED_EDGE('',*,*,#2560,.F.);
#3627=ORIENTED_EDGE('',*,*,#2491,.F.);
#3628=ORIENTED_EDGE('',*,*,#2424,.F.);
#3629=ORIENTED_EDGE('',*,*,#2428,.F.);
#3630=ORIENTED_EDGE('',*,*,#2489,.F.);
#3631=ORIENTED_EDGE('',*,*,#2553,.T.);
#3632=ORIENTED_EDGE('',*,*,#2569,.F.);
#3633=ORIENTED_EDGE('',*,*,#2481,.T.);
#3634=ORIENTED_EDGE('',*,*,#2479,.F.);
#3635=ORIENTED_EDGE('',*,*,#2437,.F.);
#3636=ORIENTED_EDGE('',*,*,#2435,.F.);
#3637=ORIENTED_EDGE('',*,*,#2287,.T.);
#3638=ORIENTED_EDGE('',*,*,#2327,.T.);
#3639=ORIENTED_EDGE('',*,*,#2503,.T.);
#3640=ORIENTED_EDGE('',*,*,#2332,.F.);
#3641=ORIENTED_EDGE('',*,*,#2331,.T.);
#3642=ORIENTED_EDGE('',*,*,#2562,.T.);
#3643=ORIENTED_EDGE('',*,*,#2572,.T.);
#3644=ORIENTED_EDGE('',*,*,#2512,.T.);
#3645=ORIENTED_EDGE('',*,*,#2573,.T.);
#3646=ORIENTED_EDGE('',*,*,#2554,.T.);
#3647=ORIENTED_EDGE('',*,*,#2333,.F.);
#3648=ORIENTED_EDGE('',*,*,#2502,.T.);
#3649=ORIENTED_EDGE('',*,*,#2574,.T.);
#3650=ORIENTED_EDGE('',*,*,#2575,.T.);
#3651=ORIENTED_EDGE('',*,*,#2573,.F.);
#3652=ORIENTED_EDGE('',*,*,#2576,.T.);
#3653=ORIENTED_EDGE('',*,*,#2577,.T.);
#3654=ORIENTED_EDGE('',*,*,#2578,.T.);
#3655=ORIENTED_EDGE('',*,*,#2572,.F.);
#3656=ORIENTED_EDGE('',*,*,#2579,.T.);
#3657=ORIENTED_EDGE('',*,*,#2580,.T.);
#3658=ORIENTED_EDGE('',*,*,#2581,.T.);
#3659=ORIENTED_EDGE('',*,*,#2582,.T.);
#3660=ORIENTED_EDGE('',*,*,#2583,.T.);
#3661=ORIENTED_EDGE('',*,*,#2584,.T.);
#3662=ORIENTED_EDGE('',*,*,#2255,.T.);
#3663=ORIENTED_EDGE('',*,*,#2582,.F.);
#3664=ORIENTED_EDGE('',*,*,#2585,.T.);
#3665=ORIENTED_EDGE('',*,*,#2586,.T.);
#3666=ORIENTED_EDGE('',*,*,#2587,.T.);
#3667=ORIENTED_EDGE('',*,*,#2588,.T.);
#3668=ORIENTED_EDGE('',*,*,#2589,.T.);
#3669=ORIENTED_EDGE('',*,*,#2586,.F.);
#3670=ORIENTED_EDGE('',*,*,#2590,.T.);
#3671=ORIENTED_EDGE('',*,*,#2591,.T.);
#3672=ORIENTED_EDGE('',*,*,#2592,.T.);
#3673=ORIENTED_EDGE('',*,*,#2580,.F.);
#3674=ORIENTED_EDGE('',*,*,#2593,.T.);
#3675=ORIENTED_EDGE('',*,*,#2574,.F.);
#3676=ORIENTED_EDGE('',*,*,#2594,.T.);
#3677=ORIENTED_EDGE('',*,*,#2595,.T.);
#3678=ORIENTED_EDGE('',*,*,#2596,.T.);
#3679=ORIENTED_EDGE('',*,*,#2597,.T.);
#3680=ORIENTED_EDGE('',*,*,#2271,.T.);
#3681=ORIENTED_EDGE('',*,*,#2356,.T.);
#3682=ORIENTED_EDGE('',*,*,#2183,.T.);
#3683=ORIENTED_EDGE('',*,*,#2597,.F.);
#3684=ORIENTED_EDGE('',*,*,#2500,.T.);
#3685=ORIENTED_EDGE('',*,*,#2598,.T.);
#3686=ORIENTED_EDGE('',*,*,#2181,.T.);
#3687=ORIENTED_EDGE('',*,*,#2359,.F.);
#3688=ORIENTED_EDGE('',*,*,#2514,.T.);
#3689=ORIENTED_EDGE('',*,*,#2599,.T.);
#3690=ORIENTED_EDGE('',*,*,#2272,.T.);
#3691=ORIENTED_EDGE('',*,*,#2598,.F.);
#3692=ORIENTED_EDGE('',*,*,#2600,.T.);
#3693=ORIENTED_EDGE('',*,*,#2595,.F.);
#3694=ORIENTED_EDGE('',*,*,#2270,.T.);
#3695=ORIENTED_EDGE('',*,*,#2591,.F.);
#3696=ORIENTED_EDGE('',*,*,#2601,.T.);
#3697=ORIENTED_EDGE('',*,*,#2602,.T.);
#3698=ORIENTED_EDGE('',*,*,#2603,.T.);
#3699=ORIENTED_EDGE('',*,*,#2604,.T.);
#3700=ORIENTED_EDGE('',*,*,#2242,.T.);
#3701=ORIENTED_EDGE('',*,*,#2605,.T.);
#3702=ORIENTED_EDGE('',*,*,#2606,.T.);
#3703=ORIENTED_EDGE('',*,*,#2604,.F.);
#3704=ORIENTED_EDGE('',*,*,#2607,.T.);
#3705=ORIENTED_EDGE('',*,*,#2608,.T.);
#3706=ORIENTED_EDGE('',*,*,#2609,.T.);
#3707=ORIENTED_EDGE('',*,*,#2251,.T.);
#3708=ORIENTED_EDGE('',*,*,#2610,.T.);
#3709=ORIENTED_EDGE('',*,*,#2608,.F.);
#3710=ORIENTED_EDGE('',*,*,#2611,.T.);
#3711=ORIENTED_EDGE('',*,*,#2612,.T.);
#3712=ORIENTED_EDGE('',*,*,#2613,.T.);
#3713=ORIENTED_EDGE('',*,*,#2602,.F.);
#3714=ORIENTED_EDGE('',*,*,#2273,.T.);
#3715=ORIENTED_EDGE('',*,*,#2599,.F.);
#3716=ORIENTED_EDGE('',*,*,#2614,.T.);
#3717=ORIENTED_EDGE('',*,*,#2577,.F.);
#3718=ORIENTED_EDGE('',*,*,#2615,.T.);
#3719=ORIENTED_EDGE('',*,*,#2612,.F.);
#3720=ORIENTED_EDGE('',*,*,#2616,.T.);
#3721=ORIENTED_EDGE('',*,*,#2576,.F.);
#3722=ORIENTED_EDGE('',*,*,#2501,.F.);
#3723=ORIENTED_EDGE('',*,*,#2596,.F.);
#3724=ORIENTED_EDGE('',*,*,#2617,.F.);
#3725=ORIENTED_EDGE('',*,*,#2616,.F.);
#3726=ORIENTED_EDGE('',*,*,#2611,.F.);
#3727=ORIENTED_EDGE('',*,*,#2607,.F.);
#3728=ORIENTED_EDGE('',*,*,#2603,.F.);
#3729=ORIENTED_EDGE('',*,*,#2614,.F.);
#3730=ORIENTED_EDGE('',*,*,#2618,.T.);
#3731=ORIENTED_EDGE('',*,*,#2578,.F.);
#3732=ORIENTED_EDGE('',*,*,#2618,.F.);
#3733=ORIENTED_EDGE('',*,*,#2600,.F.);
#3734=ORIENTED_EDGE('',*,*,#2513,.T.);
#3735=ORIENTED_EDGE('',*,*,#2589,.F.);
#3736=ORIENTED_EDGE('',*,*,#2619,.F.);
#3737=ORIENTED_EDGE('',*,*,#2620,.F.);
#3738=ORIENTED_EDGE('',*,*,#2621,.F.);
#3739=ORIENTED_EDGE('',*,*,#2622,.F.);
#3740=ORIENTED_EDGE('',*,*,#2623,.F.);
#3741=ORIENTED_EDGE('',*,*,#2624,.F.);
#3742=ORIENTED_EDGE('',*,*,#2625,.F.);
#3743=ORIENTED_EDGE('',*,*,#2626,.F.);
#3744=ORIENTED_EDGE('',*,*,#2627,.F.);
#3745=ORIENTED_EDGE('',*,*,#2208,.T.);
#3746=ORIENTED_EDGE('',*,*,#2261,.T.);
#3747=ORIENTED_EDGE('',*,*,#2628,.T.);
#3748=ORIENTED_EDGE('',*,*,#2619,.T.);
#3749=ORIENTED_EDGE('',*,*,#2588,.F.);
#3750=ORIENTED_EDGE('',*,*,#2629,.F.);
#3751=ORIENTED_EDGE('',*,*,#2221,.T.);
#3752=ORIENTED_EDGE('',*,*,#2222,.T.);
#3753=ORIENTED_EDGE('',*,*,#2629,.T.);
#3754=ORIENTED_EDGE('',*,*,#2587,.F.);
#3755=ORIENTED_EDGE('',*,*,#2630,.F.);
#3756=ORIENTED_EDGE('',*,*,#2223,.T.);
#3757=ORIENTED_EDGE('',*,*,#2630,.T.);
#3758=ORIENTED_EDGE('',*,*,#2592,.F.);
#3759=ORIENTED_EDGE('',*,*,#2269,.F.);
#3760=ORIENTED_EDGE('',*,*,#2153,.T.);
#3761=ORIENTED_EDGE('',*,*,#2155,.T.);
#3762=ORIENTED_EDGE('',*,*,#2157,.T.);
#3763=ORIENTED_EDGE('',*,*,#2159,.T.);
#3764=ORIENTED_EDGE('',*,*,#2161,.T.);
#3765=ORIENTED_EDGE('',*,*,#2098,.T.);
#3766=ORIENTED_EDGE('',*,*,#2102,.T.);
#3767=ORIENTED_EDGE('',*,*,#2105,.T.);
#3768=ORIENTED_EDGE('',*,*,#2108,.T.);
#3769=ORIENTED_EDGE('',*,*,#2198,.T.);
#3770=ORIENTED_EDGE('',*,*,#2243,.F.);
#3771=ORIENTED_EDGE('',*,*,#2606,.F.);
#3772=ORIENTED_EDGE('',*,*,#2631,.T.);
#3773=ORIENTED_EDGE('',*,*,#2199,.T.);
#3774=ORIENTED_EDGE('',*,*,#2631,.F.);
#3775=ORIENTED_EDGE('',*,*,#2605,.F.);
#3776=ORIENTED_EDGE('',*,*,#2632,.T.);
#3777=ORIENTED_EDGE('',*,*,#2633,.T.);
#3778=ORIENTED_EDGE('',*,*,#2634,.T.);
#3779=ORIENTED_EDGE('',*,*,#2235,.T.);
#3780=ORIENTED_EDGE('',*,*,#2402,.F.);
#3781=ORIENTED_EDGE('',*,*,#2344,.T.);
#3782=ORIENTED_EDGE('',*,*,#2342,.T.);
#3783=ORIENTED_EDGE('',*,*,#2493,.T.);
#3784=ORIENTED_EDGE('',*,*,#2320,.T.);
#3785=ORIENTED_EDGE('',*,*,#2318,.T.);
#3786=ORIENTED_EDGE('',*,*,#2421,.F.);
#3787=ORIENTED_EDGE('',*,*,#2419,.F.);
#3788=ORIENTED_EDGE('',*,*,#2417,.F.);
#3789=ORIENTED_EDGE('',*,*,#2415,.F.);
#3790=ORIENTED_EDGE('',*,*,#2413,.F.);
#3791=ORIENTED_EDGE('',*,*,#2411,.F.);
#3792=ORIENTED_EDGE('',*,*,#2404,.F.);
#3793=ORIENTED_EDGE('',*,*,#2315,.T.);
#3794=ORIENTED_EDGE('',*,*,#2635,.T.);
#3795=ORIENTED_EDGE('',*,*,#2636,.F.);
#3796=ORIENTED_EDGE('',*,*,#2637,.F.);
#3797=ORIENTED_EDGE('',*,*,#2638,.F.);
#3798=ORIENTED_EDGE('',*,*,#2639,.F.);
#3799=ORIENTED_EDGE('',*,*,#2640,.F.);
#3800=ORIENTED_EDGE('',*,*,#2641,.F.);
#3801=ORIENTED_EDGE('',*,*,#2635,.F.);
#3802=ORIENTED_EDGE('',*,*,#2319,.T.);
#3803=ORIENTED_EDGE('',*,*,#2642,.T.);
#3804=ORIENTED_EDGE('',*,*,#2643,.F.);
#3805=ORIENTED_EDGE('',*,*,#2644,.F.);
#3806=ORIENTED_EDGE('',*,*,#2645,.F.);
#3807=ORIENTED_EDGE('',*,*,#2646,.F.);
#3808=ORIENTED_EDGE('',*,*,#2647,.F.);
#3809=ORIENTED_EDGE('',*,*,#2648,.F.);
#3810=ORIENTED_EDGE('',*,*,#2642,.F.);
#3811=ORIENTED_EDGE('',*,*,#2649,.F.);
#3812=ORIENTED_EDGE('',*,*,#2649,.T.);
#3813=ORIENTED_EDGE('',*,*,#2650,.T.);
#3814=ORIENTED_EDGE('',*,*,#2347,.T.);
#3815=ORIENTED_EDGE('',*,*,#2650,.F.);
#3816=ORIENTED_EDGE('',*,*,#2651,.F.);
#3817=ORIENTED_EDGE('',*,*,#2651,.T.);
#3818=ORIENTED_EDGE('',*,*,#2652,.T.);
#3819=ORIENTED_EDGE('',*,*,#2343,.T.);
#3820=ORIENTED_EDGE('',*,*,#2652,.F.);
#3821=ORIENTED_EDGE('',*,*,#2637,.T.);
#3822=ORIENTED_EDGE('',*,*,#2653,.F.);
#3823=ORIENTED_EDGE('',*,*,#2654,.T.);
#3824=ORIENTED_EDGE('',*,*,#2655,.F.);
#3825=ORIENTED_EDGE('',*,*,#2636,.T.);
#3826=ORIENTED_EDGE('',*,*,#2641,.T.);
#3827=ORIENTED_EDGE('',*,*,#2656,.T.);
#3828=ORIENTED_EDGE('',*,*,#2566,.T.);
#3829=ORIENTED_EDGE('',*,*,#2657,.F.);
#3830=ORIENTED_EDGE('',*,*,#2653,.T.);
#3831=ORIENTED_EDGE('',*,*,#2189,.T.);
#3832=ORIENTED_EDGE('',*,*,#2658,.T.);
#3833=ORIENTED_EDGE('',*,*,#2659,.T.);
#3834=ORIENTED_EDGE('',*,*,#2660,.T.);
#3835=ORIENTED_EDGE('',*,*,#2192,.T.);
#3836=ORIENTED_EDGE('',*,*,#2661,.T.);
#3837=ORIENTED_EDGE('',*,*,#2662,.T.);
#3838=ORIENTED_EDGE('',*,*,#2658,.F.);
#3839=ORIENTED_EDGE('',*,*,#2663,.T.);
#3840=ORIENTED_EDGE('',*,*,#2661,.F.);
#3841=ORIENTED_EDGE('',*,*,#2191,.T.);
#3842=ORIENTED_EDGE('',*,*,#2664,.T.);
#3843=ORIENTED_EDGE('',*,*,#2190,.T.);
#3844=ORIENTED_EDGE('',*,*,#2660,.F.);
#3845=ORIENTED_EDGE('',*,*,#2665,.T.);
#3846=ORIENTED_EDGE('',*,*,#2664,.F.);
#3847=ORIENTED_EDGE('',*,*,#2665,.F.);
#3848=ORIENTED_EDGE('',*,*,#2666,.T.);
#3849=ORIENTED_EDGE('',*,*,#2667,.F.);
#3850=ORIENTED_EDGE('',*,*,#2668,.T.);
#3851=ORIENTED_EDGE('',*,*,#2659,.F.);
#3852=ORIENTED_EDGE('',*,*,#2669,.F.);
#3853=ORIENTED_EDGE('',*,*,#2670,.F.);
#3854=ORIENTED_EDGE('',*,*,#2666,.F.);
#3855=ORIENTED_EDGE('',*,*,#2565,.T.);
#3856=ORIENTED_EDGE('',*,*,#2671,.T.);
#3857=ORIENTED_EDGE('',*,*,#2672,.T.);
#3858=ORIENTED_EDGE('',*,*,#2657,.T.);
#3859=ORIENTED_EDGE('',*,*,#2640,.T.);
#3860=ORIENTED_EDGE('',*,*,#2673,.T.);
#3861=ORIENTED_EDGE('',*,*,#2644,.T.);
#3862=ORIENTED_EDGE('',*,*,#2674,.T.);
#3863=ORIENTED_EDGE('',*,*,#2563,.T.);
#3864=ORIENTED_EDGE('',*,*,#2656,.F.);
#3865=ORIENTED_EDGE('',*,*,#2643,.T.);
#3866=ORIENTED_EDGE('',*,*,#2648,.T.);
#3867=ORIENTED_EDGE('',*,*,#2675,.T.);
#3868=ORIENTED_EDGE('',*,*,#2671,.F.);
#3869=ORIENTED_EDGE('',*,*,#2564,.T.);
#3870=ORIENTED_EDGE('',*,*,#2674,.F.);
#3871=ORIENTED_EDGE('',*,*,#2647,.T.);
#3872=ORIENTED_EDGE('',*,*,#2676,.F.);
#3873=ORIENTED_EDGE('',*,*,#2677,.T.);
#3874=ORIENTED_EDGE('',*,*,#2675,.F.);
#3875=ORIENTED_EDGE('',*,*,#2639,.T.);
#3876=ORIENTED_EDGE('',*,*,#2678,.F.);
#3877=ORIENTED_EDGE('',*,*,#2645,.T.);
#3878=ORIENTED_EDGE('',*,*,#2673,.F.);
#3879=ORIENTED_EDGE('',*,*,#2672,.F.);
#3880=ORIENTED_EDGE('',*,*,#2677,.F.);
#3881=ORIENTED_EDGE('',*,*,#2679,.F.);
#3882=ORIENTED_EDGE('',*,*,#2654,.F.);
#3883=ORIENTED_EDGE('',*,*,#2667,.T.);
#3884=ORIENTED_EDGE('',*,*,#2670,.T.);
#3885=ORIENTED_EDGE('',*,*,#2680,.T.);
#3886=ORIENTED_EDGE('',*,*,#2681,.T.);
#3887=ORIENTED_EDGE('',*,*,#2662,.F.);
#3888=ORIENTED_EDGE('',*,*,#2682,.F.);
#3889=ORIENTED_EDGE('',*,*,#2680,.F.);
#3890=ORIENTED_EDGE('',*,*,#2669,.T.);
#3891=ORIENTED_EDGE('',*,*,#2663,.F.);
#3892=ORIENTED_EDGE('',*,*,#2668,.F.);
#3893=ORIENTED_EDGE('',*,*,#2681,.F.);
#3894=ORIENTED_EDGE('',*,*,#2682,.T.);
#3895=ORIENTED_EDGE('',*,*,#2638,.T.);
#3896=ORIENTED_EDGE('',*,*,#2655,.T.);
#3897=ORIENTED_EDGE('',*,*,#2679,.T.);
#3898=ORIENTED_EDGE('',*,*,#2676,.T.);
#3899=ORIENTED_EDGE('',*,*,#2646,.T.);
#3900=ORIENTED_EDGE('',*,*,#2678,.T.);
#3901=ORIENTED_EDGE('',*,*,#2373,.T.);
#3902=ORIENTED_EDGE('',*,*,#2683,.T.);
#3903=ORIENTED_EDGE('',*,*,#2264,.T.);
#3904=ORIENTED_EDGE('',*,*,#2684,.T.);
#3905=ORIENTED_EDGE('',*,*,#2382,.T.);
#3906=ORIENTED_EDGE('',*,*,#2684,.F.);
#3907=ORIENTED_EDGE('',*,*,#2263,.T.);
#3908=ORIENTED_EDGE('',*,*,#2275,.T.);
#3909=ORIENTED_EDGE('',*,*,#2274,.F.);
#3910=ORIENTED_EDGE('',*,*,#2267,.F.);
#3911=ORIENTED_EDGE('',*,*,#2246,.F.);
#3912=ORIENTED_EDGE('',*,*,#2383,.T.);
#3913=ORIENTED_EDGE('',*,*,#2384,.T.);
#3914=ORIENTED_EDGE('',*,*,#2245,.F.);
#3915=ORIENTED_EDGE('',*,*,#2685,.T.);
#3916=ORIENTED_EDGE('',*,*,#2686,.T.);
#3917=ORIENTED_EDGE('',*,*,#2687,.T.);
#3918=ORIENTED_EDGE('',*,*,#2688,.T.);
#3919=ORIENTED_EDGE('',*,*,#2371,.T.);
#3920=ORIENTED_EDGE('',*,*,#2686,.F.);
#3921=ORIENTED_EDGE('',*,*,#2236,.T.);
#3922=ORIENTED_EDGE('',*,*,#2634,.F.);
#3923=ORIENTED_EDGE('',*,*,#2689,.F.);
#3924=ORIENTED_EDGE('',*,*,#2690,.F.);
#3925=ORIENTED_EDGE('',*,*,#2691,.F.);
#3926=ORIENTED_EDGE('',*,*,#2248,.F.);
#3927=ORIENTED_EDGE('',*,*,#2214,.T.);
#3928=ORIENTED_EDGE('',*,*,#2237,.T.);
#3929=ORIENTED_EDGE('',*,*,#2692,.F.);
#3930=ORIENTED_EDGE('',*,*,#2693,.F.);
#3931=ORIENTED_EDGE('',*,*,#2694,.F.);
#3932=ORIENTED_EDGE('',*,*,#2687,.F.);
#3933=ORIENTED_EDGE('',*,*,#2685,.F.);
#3934=ORIENTED_EDGE('',*,*,#2244,.F.);
#3935=ORIENTED_EDGE('',*,*,#2231,.T.);
#3936=ORIENTED_EDGE('',*,*,#2233,.T.);
#3937=ORIENTED_EDGE('',*,*,#2583,.F.);
#3938=ORIENTED_EDGE('',*,*,#2254,.F.);
#3939=ORIENTED_EDGE('',*,*,#2266,.T.);
#3940=ORIENTED_EDGE('',*,*,#2695,.T.);
#3941=ORIENTED_EDGE('',*,*,#2239,.T.);
#3942=ORIENTED_EDGE('',*,*,#2256,.T.);
#3943=ORIENTED_EDGE('',*,*,#2584,.F.);
#3944=ORIENTED_EDGE('',*,*,#2627,.T.);
#3945=ORIENTED_EDGE('',*,*,#2696,.T.);
#3946=ORIENTED_EDGE('',*,*,#2257,.T.);
#3947=ORIENTED_EDGE('',*,*,#2215,.T.);
#3948=ORIENTED_EDGE('',*,*,#2258,.T.);
#3949=ORIENTED_EDGE('',*,*,#2696,.F.);
#3950=ORIENTED_EDGE('',*,*,#2626,.T.);
#3951=ORIENTED_EDGE('',*,*,#2697,.F.);
#3952=ORIENTED_EDGE('',*,*,#2691,.T.);
#3953=ORIENTED_EDGE('',*,*,#2698,.F.);
#3954=ORIENTED_EDGE('',*,*,#2699,.T.);
#3955=ORIENTED_EDGE('',*,*,#2249,.F.);
#3956=ORIENTED_EDGE('',*,*,#2259,.T.);
#3957=ORIENTED_EDGE('',*,*,#2697,.T.);
#3958=ORIENTED_EDGE('',*,*,#2625,.T.);
#3959=ORIENTED_EDGE('',*,*,#2700,.T.);
#3960=ORIENTED_EDGE('',*,*,#2701,.T.);
#3961=ORIENTED_EDGE('',*,*,#2702,.T.);
#3962=ORIENTED_EDGE('',*,*,#2621,.T.);
#3963=ORIENTED_EDGE('',*,*,#2703,.F.);
#3964=ORIENTED_EDGE('',*,*,#2690,.T.);
#3965=ORIENTED_EDGE('',*,*,#2704,.F.);
#3966=ORIENTED_EDGE('',*,*,#2705,.T.);
#3967=ORIENTED_EDGE('',*,*,#2706,.F.);
#3968=ORIENTED_EDGE('',*,*,#2707,.F.);
#3969=ORIENTED_EDGE('',*,*,#2708,.F.);
#3970=ORIENTED_EDGE('',*,*,#2709,.T.);
#3971=ORIENTED_EDGE('',*,*,#2698,.T.);
#3972=ORIENTED_EDGE('',*,*,#2260,.T.);
#3973=ORIENTED_EDGE('',*,*,#2703,.T.);
#3974=ORIENTED_EDGE('',*,*,#2620,.T.);
#3975=ORIENTED_EDGE('',*,*,#2628,.F.);
#3976=ORIENTED_EDGE('',*,*,#2689,.T.);
#3977=ORIENTED_EDGE('',*,*,#2633,.F.);
#3978=ORIENTED_EDGE('',*,*,#2710,.T.);
#3979=ORIENTED_EDGE('',*,*,#2704,.T.);
#3980=ORIENTED_EDGE('',*,*,#2593,.F.);
#3981=ORIENTED_EDGE('',*,*,#2695,.F.);
#3982=ORIENTED_EDGE('',*,*,#2265,.T.);
#3983=ORIENTED_EDGE('',*,*,#2683,.F.);
#3984=ORIENTED_EDGE('',*,*,#2372,.T.);
#3985=ORIENTED_EDGE('',*,*,#2688,.F.);
#3986=ORIENTED_EDGE('',*,*,#2694,.T.);
#3987=ORIENTED_EDGE('',*,*,#2711,.F.);
#3988=ORIENTED_EDGE('',*,*,#2615,.F.);
#3989=ORIENTED_EDGE('',*,*,#2579,.F.);
#3990=ORIENTED_EDGE('',*,*,#2561,.F.);
#3991=ORIENTED_EDGE('',*,*,#2539,.F.);
#3992=ORIENTED_EDGE('',*,*,#2558,.F.);
#3993=ORIENTED_EDGE('',*,*,#2523,.F.);
#3994=ORIENTED_EDGE('',*,*,#2555,.F.);
#3995=ORIENTED_EDGE('',*,*,#2575,.F.);
#3996=ORIENTED_EDGE('',*,*,#2594,.F.);
#3997=ORIENTED_EDGE('',*,*,#2617,.T.);
#3998=ORIENTED_EDGE('',*,*,#2601,.F.);
#3999=ORIENTED_EDGE('',*,*,#2590,.F.);
#4000=ORIENTED_EDGE('',*,*,#2585,.F.);
#4001=ORIENTED_EDGE('',*,*,#2581,.F.);
#4002=ORIENTED_EDGE('',*,*,#2610,.F.);
#4003=ORIENTED_EDGE('',*,*,#2250,.F.);
#4004=ORIENTED_EDGE('',*,*,#2699,.F.);
#4005=ORIENTED_EDGE('',*,*,#2709,.F.);
#4006=ORIENTED_EDGE('',*,*,#2712,.F.);
#4007=ORIENTED_EDGE('',*,*,#2713,.F.);
#4008=ORIENTED_EDGE('',*,*,#2714,.F.);
#4009=ORIENTED_EDGE('',*,*,#2705,.F.);
#4010=ORIENTED_EDGE('',*,*,#2710,.F.);
#4011=ORIENTED_EDGE('',*,*,#2632,.F.);
#4012=ORIENTED_EDGE('',*,*,#2714,.T.);
#4013=ORIENTED_EDGE('',*,*,#2715,.T.);
#4014=ORIENTED_EDGE('',*,*,#2716,.T.);
#4015=ORIENTED_EDGE('',*,*,#2706,.T.);
#4016=ORIENTED_EDGE('',*,*,#2713,.T.);
#4017=ORIENTED_EDGE('',*,*,#2717,.F.);
#4018=ORIENTED_EDGE('',*,*,#2718,.F.);
#4019=ORIENTED_EDGE('',*,*,#2715,.F.);
#4020=ORIENTED_EDGE('',*,*,#2712,.T.);
#4021=ORIENTED_EDGE('',*,*,#2708,.T.);
#4022=ORIENTED_EDGE('',*,*,#2719,.T.);
#4023=ORIENTED_EDGE('',*,*,#2717,.T.);
#4024=ORIENTED_EDGE('',*,*,#2613,.F.);
#4025=ORIENTED_EDGE('',*,*,#2711,.T.);
#4026=ORIENTED_EDGE('',*,*,#2693,.T.);
#4027=ORIENTED_EDGE('',*,*,#2720,.F.);
#4028=ORIENTED_EDGE('',*,*,#2194,.T.);
#4029=ORIENTED_EDGE('',*,*,#2252,.F.);
#4030=ORIENTED_EDGE('',*,*,#2609,.F.);
#4031=ORIENTED_EDGE('',*,*,#2720,.T.);
#4032=ORIENTED_EDGE('',*,*,#2692,.T.);
#4033=ORIENTED_EDGE('',*,*,#2238,.T.);
#4034=ORIENTED_EDGE('',*,*,#2622,.T.);
#4035=ORIENTED_EDGE('',*,*,#2702,.F.);
#4036=ORIENTED_EDGE('',*,*,#2721,.F.);
#4037=ORIENTED_EDGE('',*,*,#2722,.F.);
#4038=ORIENTED_EDGE('',*,*,#2721,.T.);
#4039=ORIENTED_EDGE('',*,*,#2701,.F.);
#4040=ORIENTED_EDGE('',*,*,#2723,.T.);
#4041=ORIENTED_EDGE('',*,*,#2724,.F.);
#4042=ORIENTED_EDGE('',*,*,#2623,.T.);
#4043=ORIENTED_EDGE('',*,*,#2722,.T.);
#4044=ORIENTED_EDGE('',*,*,#2724,.T.);
#4045=ORIENTED_EDGE('',*,*,#2725,.T.);
#4046=ORIENTED_EDGE('',*,*,#2624,.T.);
#4047=ORIENTED_EDGE('',*,*,#2725,.F.);
#4048=ORIENTED_EDGE('',*,*,#2723,.F.);
#4049=ORIENTED_EDGE('',*,*,#2700,.F.);
#4050=ORIENTED_EDGE('',*,*,#2716,.F.);
#4051=ORIENTED_EDGE('',*,*,#2718,.T.);
#4052=ORIENTED_EDGE('',*,*,#2719,.F.);
#4053=ORIENTED_EDGE('',*,*,#2707,.T.);
#4054=PLANE('',#4404);
#4055=PLANE('',#4405);
#4056=PLANE('',#4406);
#4057=PLANE('',#4407);
#4058=PLANE('',#4408);
#4059=PLANE('',#4409);
#4060=PLANE('',#4410);
#4061=PLANE('',#4411);
#4062=PLANE('',#4412);
#4063=PLANE('',#4413);
#4064=PLANE('',#4414);
#4065=PLANE('',#4415);
#4066=PLANE('',#4416);
#4067=PLANE('',#4417);
#4068=PLANE('',#4418);
#4069=PLANE('',#4419);
#4070=PLANE('',#4420);
#4071=PLANE('',#4421);
#4072=PLANE('',#4422);
#4073=PLANE('',#4423);
#4074=PLANE('',#4424);
#4075=PLANE('',#4425);
#4076=PLANE('',#4426);
#4077=PLANE('',#4427);
#4078=PLANE('',#4428);
#4079=PLANE('',#4429);
#4080=PLANE('',#4430);
#4081=PLANE('',#4438);
#4082=PLANE('',#4441);
#4083=PLANE('',#4444);
#4084=PLANE('',#4453);
#4085=PLANE('',#4454);
#4086=PLANE('',#4456);
#4087=PLANE('',#4458);
#4088=PLANE('',#4460);
#4089=PLANE('',#4463);
#4090=PLANE('',#4464);
#4091=PLANE('',#4467);
#4092=PLANE('',#4471);
#4093=PLANE('',#4484);
#4094=PLANE('',#4488);
#4095=PLANE('',#4494);
#4096=PLANE('',#4496);
#4097=PLANE('',#4498);
#4098=PLANE('',#4516);
#4099=PLANE('',#4532);
#4100=PLANE('',#4541);
#4101=PLANE('',#4546);
#4102=PLANE('',#4552);
#4103=PLANE('',#4559);
#4104=PLANE('',#4562);
#4105=PLANE('',#4569);
#4106=PLANE('',#4577);
#4107=PLANE('',#4584);
#4108=PLANE('',#4585);
#4109=PLANE('',#4587);
#4110=PLANE('',#4588);
#4111=PLANE('',#4589);
#4112=PLANE('',#4590);
#4113=PLANE('',#4592);
#4114=PLANE('',#4596);
#4115=PLANE('',#4597);
#4116=PLANE('',#4603);
#4117=PLANE('',#4604);
#4118=PLANE('',#4605);
#4119=PLANE('',#4606);
#4120=PLANE('',#4609);
#4121=PLANE('',#4610);
#4122=PLANE('',#4611);
#4123=PLANE('',#4612);
#4124=PLANE('',#4615);
#4125=PLANE('',#4619);
#4126=PLANE('',#4624);
#4127=PLANE('',#4626);
#4128=PLANE('',#4627);
#4129=PLANE('',#4632);
#4130=PLANE('',#4664);
#4131=PLANE('',#4665);
#4132=PLANE('',#4669);
#4133=PLANE('',#4671);
#4134=PLANE('',#4673);
#4135=PLANE('',#4674);
#4136=PLANE('',#4679);
#4137=PLANE('',#4682);
#4138=PLANE('',#4697);
#4139=PLANE('',#4704);
#4140=PLANE('',#4705);
#4141=PLANE('',#4706);
#4142=PLANE('',#4709);
#4143=PLANE('',#4710);
#4144=PLANE('',#4713);
#4145=PLANE('',#4717);
#4146=PLANE('',#4720);
#4147=PLANE('',#4721);
#4148=PLANE('',#4722);
#4149=PLANE('',#4733);
#4150=PLANE('',#4734);
#4151=PLANE('',#4735);
#4152=PLANE('',#4736);
#4153=PLANE('',#4738);
#4154=PLANE('',#4743);
#4155=PLANE('',#4745);
#4156=PLANE('',#4747);
#4157=PLANE('',#4751);
#4158=PLANE('',#4752);
#4159=ADVANCED_FACE('',(#467),#4054,.F.);
#4160=ADVANCED_FACE('',(#468),#4055,.F.);
#4161=ADVANCED_FACE('',(#469),#4056,.F.);
#4162=ADVANCED_FACE('',(#470),#4057,.F.);
#4163=ADVANCED_FACE('',(#471),#4058,.F.);
#4164=ADVANCED_FACE('',(#472),#4059,.F.);
#4165=ADVANCED_FACE('',(#473),#4060,.F.);
#4166=ADVANCED_FACE('',(#474),#4061,.F.);
#4167=ADVANCED_FACE('',(#475),#4062,.F.);
#4168=ADVANCED_FACE('',(#476),#4063,.F.);
#4169=ADVANCED_FACE('',(#477),#4064,.F.);
#4170=ADVANCED_FACE('',(#478),#4065,.F.);
#4171=ADVANCED_FACE('',(#479),#4066,.F.);
#4172=ADVANCED_FACE('',(#480),#4067,.F.);
#4173=ADVANCED_FACE('',(#481),#426,.F.);
#4174=ADVANCED_FACE('',(#482),#427,.F.);
#4175=ADVANCED_FACE('',(#483),#4068,.F.);
#4176=ADVANCED_FACE('',(#484),#4069,.F.);
#4177=ADVANCED_FACE('',(#485),#4070,.F.);
#4178=ADVANCED_FACE('',(#486),#4071,.F.);
#4179=ADVANCED_FACE('',(#487),#4072,.F.);
#4180=ADVANCED_FACE('',(#488),#428,.F.);
#4181=ADVANCED_FACE('',(#489),#429,.F.);
#4182=ADVANCED_FACE('',(#490),#430,.F.);
#4183=ADVANCED_FACE('',(#491),#4073,.F.);
#4184=ADVANCED_FACE('',(#492),#4074,.F.);
#4185=ADVANCED_FACE('',(#493),#4075,.F.);
#4186=ADVANCED_FACE('',(#494,#263),#4076,.T.);
#4187=ADVANCED_FACE('',(#495),#4077,.F.);
#4188=ADVANCED_FACE('',(#496),#431,.F.);
#4189=ADVANCED_FACE('',(#497),#432,.F.);
#4190=ADVANCED_FACE('',(#498),#433,.F.);
#4191=ADVANCED_FACE('',(#499),#434,.F.);
#4192=ADVANCED_FACE('',(#500),#4078,.F.);
#4193=ADVANCED_FACE('',(#501),#4079,.F.);
#4194=ADVANCED_FACE('',(#502),#435,.F.);
#4195=ADVANCED_FACE('',(#503),#436,.F.);
#4196=ADVANCED_FACE('',(#504),#437,.F.);
#4197=ADVANCED_FACE('',(#505),#438,.F.);
#4198=ADVANCED_FACE('',(#506),#439,.F.);
#4199=ADVANCED_FACE('',(#507),#440,.F.);
#4200=ADVANCED_FACE('',(#508),#441,.F.);
#4201=ADVANCED_FACE('',(#509,#264,#265,#266,#267),#4080,.F.);
#4202=ADVANCED_FACE('',(#510),#4081,.T.);
#4203=ADVANCED_FACE('',(#511),#4082,.T.);
#4204=ADVANCED_FACE('',(#512),#4083,.F.);
#4205=ADVANCED_FACE('',(#513),#53,.T.);
#4206=ADVANCED_FACE('',(#514),#54,.T.);
#4207=ADVANCED_FACE('',(#515),#55,.T.);
#4208=ADVANCED_FACE('',(#516),#4084,.F.);
#4209=ADVANCED_FACE('',(#517),#4085,.F.);
#4210=ADVANCED_FACE('',(#518),#4086,.F.);
#4211=ADVANCED_FACE('',(#519),#4087,.F.);
#4212=ADVANCED_FACE('',(#520),#4088,.F.);
#4213=ADVANCED_FACE('',(#521),#56,.T.);
#4214=ADVANCED_FACE('',(#522),#4089,.F.);
#4215=ADVANCED_FACE('',(#523),#4090,.F.);
#4216=ADVANCED_FACE('',(#524),#31,.T.);
#4217=ADVANCED_FACE('',(#525),#57,.F.);
#4218=ADVANCED_FACE('',(#526),#4091,.T.);
#4219=ADVANCED_FACE('',(#527),#58,.T.);
#4220=ADVANCED_FACE('',(#528),#4092,.F.);
#4221=ADVANCED_FACE('',(#529),#442,.F.);
#4222=ADVANCED_FACE('',(#530),#59,.F.);
#4223=ADVANCED_FACE('',(#531),#60,.F.);
#4224=ADVANCED_FACE('',(#532),#61,.T.);
#4225=ADVANCED_FACE('',(#533),#62,.F.);
#4226=ADVANCED_FACE('',(#534),#4093,.F.);
#4227=ADVANCED_FACE('',(#535),#63,.F.);
#4228=ADVANCED_FACE('',(#536),#4094,.F.);
#4229=ADVANCED_FACE('',(#537),#64,.F.);
#4230=ADVANCED_FACE('',(#538),#65,.T.);
#4231=ADVANCED_FACE('',(#539),#4095,.F.);
#4232=ADVANCED_FACE('',(#540),#4096,.F.);
#4233=ADVANCED_FACE('',(#541),#4097,.F.);
#4234=ADVANCED_FACE('',(#542),#66,.T.);
#4235=ADVANCED_FACE('',(#543),#19,.T.);
#4236=ADVANCED_FACE('',(#544),#20,.T.);
#4237=ADVANCED_FACE('',(#545),#4098,.T.);
#4238=ADVANCED_FACE('',(#546),#21,.T.);
#4239=ADVANCED_FACE('',(#547),#22,.T.);
#4240=ADVANCED_FACE('',(#548),#67,.T.);
#4241=ADVANCED_FACE('',(#549),#443,.T.);
#4242=ADVANCED_FACE('',(#550),#444,.T.);
#4243=ADVANCED_FACE('',(#551),#4099,.F.);
#4244=ADVANCED_FACE('',(#552),#15,.F.);
#4245=ADVANCED_FACE('',(#553),#445,.T.);
#4246=ADVANCED_FACE('',(#554,#268,#269,#270),#68,.F.);
#4247=ADVANCED_FACE('',(#555),#16,.F.);
#4248=ADVANCED_FACE('',(#556),#446,.T.);
#4249=ADVANCED_FACE('',(#557),#17,.F.);
#4250=ADVANCED_FACE('',(#558),#447,.T.);
#4251=ADVANCED_FACE('',(#559),#18,.F.);
#4252=ADVANCED_FACE('',(#560),#448,.F.);
#4253=ADVANCED_FACE('',(#561),#4100,.F.);
#4254=ADVANCED_FACE('',(#562),#449,.F.);
#4255=ADVANCED_FACE('',(#563),#450,.F.);
#4256=ADVANCED_FACE('',(#564),#451,.F.);
#4257=ADVANCED_FACE('',(#565),#69,.T.);
#4258=ADVANCED_FACE('',(#566),#4101,.T.);
#4259=ADVANCED_FACE('',(#567),#70,.T.);
#4260=ADVANCED_FACE('',(#568),#71,.T.);
#4261=ADVANCED_FACE('',(#569),#4102,.T.);
#4262=ADVANCED_FACE('',(#570),#72,.T.);
#4263=ADVANCED_FACE('',(#571),#73,.T.);
#4264=ADVANCED_FACE('',(#572),#4103,.T.);
#4265=ADVANCED_FACE('',(#573),#74,.T.);
#4266=ADVANCED_FACE('',(#574),#4104,.T.);
#4267=ADVANCED_FACE('',(#575),#75,.T.);
#4268=ADVANCED_FACE('',(#576),#76,.T.);
#4269=ADVANCED_FACE('',(#577),#4105,.T.);
#4270=ADVANCED_FACE('',(#578),#77,.T.);
#4271=ADVANCED_FACE('',(#579),#78,.T.);
#4272=ADVANCED_FACE('',(#580),#4106,.F.);
#4273=ADVANCED_FACE('',(#581),#79,.T.);
#4274=ADVANCED_FACE('',(#582),#4107,.F.);
#4275=ADVANCED_FACE('',(#583),#4108,.F.);
#4276=ADVANCED_FACE('',(#584),#80,.T.);
#4277=ADVANCED_FACE('',(#585),#4109,.F.);
#4278=ADVANCED_FACE('',(#586),#4110,.F.);
#4279=ADVANCED_FACE('',(#587),#4111,.F.);
#4280=ADVANCED_FACE('',(#588),#4112,.T.);
#4281=ADVANCED_FACE('',(#589),#81,.T.);
#4282=ADVANCED_FACE('',(#590),#4113,.F.);
#4283=ADVANCED_FACE('',(#591),#4114,.F.);
#4284=ADVANCED_FACE('',(#592),#4115,.T.);
#4285=ADVANCED_FACE('',(#593),#82,.T.);
#4286=ADVANCED_FACE('',(#594),#83,.F.);
#4287=ADVANCED_FACE('',(#595),#4116,.F.);
#4288=ADVANCED_FACE('',(#596),#4117,.F.);
#4289=ADVANCED_FACE('',(#597),#4118,.F.);
#4290=ADVANCED_FACE('',(#598),#4119,.F.);
#4291=ADVANCED_FACE('',(#599),#84,.F.);
#4292=ADVANCED_FACE('',(#600),#4120,.F.);
#4293=ADVANCED_FACE('',(#601),#4121,.F.);
#4294=ADVANCED_FACE('',(#602),#4122,.F.);
#4295=ADVANCED_FACE('',(#603),#4123,.F.);
#4296=ADVANCED_FACE('',(#604),#85,.F.);
#4297=ADVANCED_FACE('',(#605),#4124,.T.);
#4298=ADVANCED_FACE('',(#606,#271,#272),#4125,.T.);
#4299=ADVANCED_FACE('',(#607),#4126,.F.);
#4300=ADVANCED_FACE('',(#608),#86,.T.);
#4301=ADVANCED_FACE('',(#609),#4127,.F.);
#4302=ADVANCED_FACE('',(#610),#4128,.F.);
#4303=ADVANCED_FACE('',(#611),#87,.F.);
#4304=ADVANCED_FACE('',(#612),#88,.T.);
#4305=ADVANCED_FACE('',(#613),#89,.F.);
#4306=ADVANCED_FACE('',(#614),#90,.F.);
#4307=ADVANCED_FACE('',(#615),#4129,.F.);
#4308=ADVANCED_FACE('',(#616),#91,.T.);
#4309=ADVANCED_FACE('',(#617),#92,.T.);
#4310=ADVANCED_FACE('',(#618),#93,.T.);
#4311=ADVANCED_FACE('',(#619),#94,.T.);
#4312=ADVANCED_FACE('',(#620),#452,.F.);
#4313=ADVANCED_FACE('',(#621),#453,.F.);
#4314=ADVANCED_FACE('',(#622),#454,.F.);
#4315=ADVANCED_FACE('',(#623),#23,.T.);
#4316=ADVANCED_FACE('',(#624),#455,.F.);
#4317=ADVANCED_FACE('',(#625),#456,.F.);
#4318=ADVANCED_FACE('',(#626),#457,.F.);
#4319=ADVANCED_FACE('',(#627),#95,.T.);
#4320=ADVANCED_FACE('',(#628),#96,.T.);
#4321=ADVANCED_FACE('',(#629),#458,.F.);
#4322=ADVANCED_FACE('',(#630),#459,.F.);
#4323=ADVANCED_FACE('',(#631),#460,.F.);
#4324=ADVANCED_FACE('',(#632),#24,.T.);
#4325=ADVANCED_FACE('',(#633),#461,.F.);
#4326=ADVANCED_FACE('',(#634),#462,.F.);
#4327=ADVANCED_FACE('',(#635),#463,.F.);
#4328=ADVANCED_FACE('',(#636),#464,.F.);
#4329=ADVANCED_FACE('',(#637),#4130,.T.);
#4330=ADVANCED_FACE('',(#638),#465,.F.);
#4331=ADVANCED_FACE('',(#639),#4131,.T.);
#4332=ADVANCED_FACE('',(#640),#4132,.T.);
#4333=ADVANCED_FACE('',(#641),#97,.T.);
#4334=ADVANCED_FACE('',(#642),#32,.T.);
#4335=ADVANCED_FACE('',(#643),#4133,.F.);
#4336=ADVANCED_FACE('',(#644),#98,.T.);
#4337=ADVANCED_FACE('',(#645),#4134,.T.);
#4338=ADVANCED_FACE('',(#646),#4135,.F.);
#4339=ADVANCED_FACE('',(#647),#99,.F.);
#4340=ADVANCED_FACE('',(#648),#100,.F.);
#4341=ADVANCED_FACE('',(#649),#4136,.T.);
#4342=ADVANCED_FACE('',(#650),#101,.F.);
#4343=ADVANCED_FACE('',(#651),#4137,.T.);
#4344=ADVANCED_FACE('',(#652),#102,.F.);
#4345=ADVANCED_FACE('',(#653),#103,.T.);
#4346=ADVANCED_FACE('',(#654),#25,.F.);
#4347=ADVANCED_FACE('',(#655),#104,.F.);
#4348=ADVANCED_FACE('',(#656),#26,.F.);
#4349=ADVANCED_FACE('',(#657),#105,.F.);
#4350=ADVANCED_FACE('',(#658),#27,.F.);
#4351=ADVANCED_FACE('',(#659),#106,.T.);
#4352=ADVANCED_FACE('',(#660),#4138,.T.);
#4353=ADVANCED_FACE('',(#661),#107,.F.);
#4354=ADVANCED_FACE('',(#662),#108,.F.);
#4355=ADVANCED_FACE('',(#663),#28,.F.);
#4356=ADVANCED_FACE('',(#664),#109,.T.);
#4357=ADVANCED_FACE('',(#665),#4139,.T.);
#4358=ADVANCED_FACE('',(#666),#4140,.T.);
#4359=ADVANCED_FACE('',(#667),#4141,.F.);
#4360=ADVANCED_FACE('',(#668),#110,.T.);
#4361=ADVANCED_FACE('',(#669),#4142,.T.);
#4362=ADVANCED_FACE('',(#670),#4143,.T.);
#4363=ADVANCED_FACE('',(#671),#111,.F.);
#4364=ADVANCED_FACE('',(#672),#29,.F.);
#4365=ADVANCED_FACE('',(#673),#4144,.F.);
#4366=ADVANCED_FACE('',(#674),#30,.F.);
#4367=ADVANCED_FACE('',(#675),#112,.F.);
#4368=ADVANCED_FACE('',(#676),#4145,.T.);
#4369=ADVANCED_FACE('',(#677),#33,.T.);
#4370=ADVANCED_FACE('',(#678),#4146,.T.);
#4371=ADVANCED_FACE('',(#679),#4147,.F.);
#4372=ADVANCED_FACE('',(#680),#4148,.F.);
#4373=ADVANCED_FACE('',(#681),#113,.F.);
#4374=ADVANCED_FACE('',(#682),#114,.F.);
#4375=ADVANCED_FACE('',(#683),#4149,.F.);
#4376=ADVANCED_FACE('',(#684),#4150,.F.);
#4377=ADVANCED_FACE('',(#685),#466,.F.);
#4378=ADVANCED_FACE('',(#686),#4151,.F.);
#4379=ADVANCED_FACE('',(#687),#4152,.F.);
#4380=ADVANCED_FACE('',(#688),#4153,.T.);
#4381=ADVANCED_FACE('',(#689),#115,.F.);
#4382=ADVANCED_FACE('',(#690),#4154,.T.);
#4383=ADVANCED_FACE('',(#691),#34,.T.);
#4384=ADVANCED_FACE('',(#692),#116,.T.);
#4385=ADVANCED_FACE('',(#693),#4155,.F.);
#4386=ADVANCED_FACE('',(#694),#4156,.T.);
#4387=ADVANCED_FACE('',(#695),#117,.F.);
#4388=ADVANCED_FACE('',(#696),#4157,.F.);
#4389=ADVANCED_FACE('',(#697),#4158,.F.);
#4390=CLOSED_SHELL('',(#4159,#4160,#4161,#4162,#4163,#4164,#4165,#4166,
#4167,#4168,#4169,#4170,#4171,#4172,#4173,#4174,#4175,#4176,#4177,#4178,
#4179,#4180,#4181,#4182,#4183,#4184,#4185,#4186,#4187,#4188,#4189,#4190,
#4191,#4192,#4193,#4194,#4195,#4196,#4197,#4198,#4199,#4200,#4201,#4202,
#4203,#4204,#4205,#4206,#4207,#4208,#4209,#4210,#4211,#4212,#4213,#4214,
#4215,#4216,#4217,#4218,#4219,#4220,#4221,#4222,#4223,#4224,#4225,#4226,
#4227,#4228,#4229,#4230,#4231,#4232,#4233,#4234,#4235,#4236,#4237,#4238,
#4239,#4240,#4241,#4242,#4243,#4244,#4245,#4246,#4247,#4248,#4249,#4250,
#4251,#4252,#4253,#4254,#4255,#4256,#4257,#4258,#4259,#4260,#4261,#4262,
#4263,#4264,#4265,#4266,#4267,#4268,#4269,#4270,#4271,#4272,#4273,#4274,
#4275,#4276,#4277,#4278,#4279,#4280,#4281,#4282,#4283,#4284,#4285,#4286,
#4287,#4288,#4289,#4290,#4291,#4292,#4293,#4294,#4295,#4296,#4297,#4298,
#4299,#4300,#4301,#4302,#4303,#4304,#4305,#4306,#4307,#4308,#4309,#4310,
#4311,#4312,#4313,#4314,#4315,#4316,#4317,#4318,#4319,#4320,#4321,#4322,
#4323,#4324,#4325,#4326,#4327,#4328,#4329,#4330,#4331,#4332,#4333,#4334,
#4335,#4336,#4337,#4338,#4339,#4340,#4341,#4342,#4343,#4344,#4345,#4346,
#4347,#4348,#4349,#4350,#4351,#4352,#4353,#4354,#4355,#4356,#4357,#4358,
#4359,#4360,#4361,#4362,#4363,#4364,#4365,#4366,#4367,#4368,#4369,#4370,
#4371,#4372,#4373,#4374,#4375,#4376,#4377,#4378,#4379,#4380,#4381,#4382,
#4383,#4384,#4385,#4386,#4387,#4388,#4389));
#4391=DERIVED_UNIT_ELEMENT(#4393,1.);
#4392=DERIVED_UNIT_ELEMENT(#9444,-3.);
#4393=(
MASS_UNIT()
NAMED_UNIT(*)
SI_UNIT(.KILO.,.GRAM.)
);
#4394=DERIVED_UNIT((#4391,#4392));
#4395=MEASURE_REPRESENTATION_ITEM('density measure',
POSITIVE_RATIO_MEASURE(7850.),#4394);
#4396=PROPERTY_DEFINITION_REPRESENTATION(#4401,#4398);
#4397=PROPERTY_DEFINITION_REPRESENTATION(#4402,#4399);
#4398=REPRESENTATION('material name',(#4400),#9441);
#4399=REPRESENTATION('density',(#4395),#9441);
#4400=DESCRIPTIVE_REPRESENTATION_ITEM('Steel','Steel');
#4401=PROPERTY_DEFINITION('material property','material name',#9451);
#4402=PROPERTY_DEFINITION('material property','density of part',#9451);
#4403=AXIS2_PLACEMENT_3D('',#5801,#4753,#4754);
#4404=AXIS2_PLACEMENT_3D('',#5802,#4755,#4756);
#4405=AXIS2_PLACEMENT_3D('',#5811,#4761,#4762);
#4406=AXIS2_PLACEMENT_3D('',#5817,#4766,#4767);
#4407=AXIS2_PLACEMENT_3D('',#5823,#4771,#4772);
#4408=AXIS2_PLACEMENT_3D('',#5829,#4776,#4777);
#4409=AXIS2_PLACEMENT_3D('',#5837,#4782,#4783);
#4410=AXIS2_PLACEMENT_3D('',#5841,#4786,#4787);
#4411=AXIS2_PLACEMENT_3D('',#5845,#4790,#4791);
#4412=AXIS2_PLACEMENT_3D('',#5849,#4794,#4795);
#4413=AXIS2_PLACEMENT_3D('',#5851,#4797,#4798);
#4414=AXIS2_PLACEMENT_3D('',#5860,#4803,#4804);
#4415=AXIS2_PLACEMENT_3D('',#5866,#4808,#4809);
#4416=AXIS2_PLACEMENT_3D('',#5870,#4812,#4813);
#4417=AXIS2_PLACEMENT_3D('',#5874,#4816,#4817);
#4418=AXIS2_PLACEMENT_3D('',#5929,#4822,#4823);
#4419=AXIS2_PLACEMENT_3D('',#5935,#4827,#4828);
#4420=AXIS2_PLACEMENT_3D('',#5941,#4832,#4833);
#4421=AXIS2_PLACEMENT_3D('',#5950,#4838,#4839);
#4422=AXIS2_PLACEMENT_3D('',#5956,#4843,#4844);
#4423=AXIS2_PLACEMENT_3D('',#6037,#4851,#4852);
#4424=AXIS2_PLACEMENT_3D('',#6043,#4856,#4857);
#4425=AXIS2_PLACEMENT_3D('',#6049,#4861,#4862);
#4426=AXIS2_PLACEMENT_3D('',#6055,#4866,#4867);
#4427=AXIS2_PLACEMENT_3D('',#6126,#4871,#4872);
#4428=AXIS2_PLACEMENT_3D('',#6204,#4878,#4879);
#4429=AXIS2_PLACEMENT_3D('',#6208,#4882,#4883);
#4430=AXIS2_PLACEMENT_3D('',#6343,#4892,#4893);
#4431=AXIS2_PLACEMENT_3D('',#6348,#4895,#4896);
#4432=AXIS2_PLACEMENT_3D('',#6356,#4900,#4901);
#4433=AXIS2_PLACEMENT_3D('',#6360,#4903,#4904);
#4434=AXIS2_PLACEMENT_3D('',#6362,#4905,#4906);
#4435=AXIS2_PLACEMENT_3D('',#6363,#4907,#4908);
#4436=AXIS2_PLACEMENT_3D('',#6368,#4910,#4911);
#4437=AXIS2_PLACEMENT_3D('',#6371,#4913,#4914);
#4438=AXIS2_PLACEMENT_3D('',#6372,#4915,#4916);
#4439=AXIS2_PLACEMENT_3D('',#6377,#4918,#4919);
#4440=AXIS2_PLACEMENT_3D('',#6380,#4921,#4922);
#4441=AXIS2_PLACEMENT_3D('',#6381,#4923,#4924);
#4442=AXIS2_PLACEMENT_3D('',#6391,#4925,#4926);
#4443=AXIS2_PLACEMENT_3D('',#6395,#4928,#4929);
#4444=AXIS2_PLACEMENT_3D('',#6404,#4932,#4933);
#4445=AXIS2_PLACEMENT_3D('',#6413,#4938,#4939);
#4446=AXIS2_PLACEMENT_3D('',#6418,#4941,#4942);
#4447=AXIS2_PLACEMENT_3D('',#6421,#4944,#4945);
#4448=AXIS2_PLACEMENT_3D('',#6422,#4946,#4947);
#4449=AXIS2_PLACEMENT_3D('',#6427,#4950,#4951);
#4450=AXIS2_PLACEMENT_3D('',#6428,#4952,#4953);
#4451=AXIS2_PLACEMENT_3D('',#6432,#4955,#4956);
#4452=AXIS2_PLACEMENT_3D('',#6433,#4957,#4958);
#4453=AXIS2_PLACEMENT_3D('',#6434,#4959,#4960);
#4454=AXIS2_PLACEMENT_3D('',#6440,#4964,#4965);
#4455=AXIS2_PLACEMENT_3D('',#6444,#4967,#4968);
#4456=AXIS2_PLACEMENT_3D('',#6474,#4970,#4971);
#4457=AXIS2_PLACEMENT_3D('',#6482,#4973,#4974);
#4458=AXIS2_PLACEMENT_3D('',#6483,#4975,#4976);
#4459=AXIS2_PLACEMENT_3D('',#6493,#4979,#4980);
#4460=AXIS2_PLACEMENT_3D('',#6494,#4981,#4982);
#4461=AXIS2_PLACEMENT_3D('',#6498,#4985,#4986);
#4462=AXIS2_PLACEMENT_3D('',#6501,#4988,#4989);
#4463=AXIS2_PLACEMENT_3D('',#6502,#4990,#4991);
#4464=AXIS2_PLACEMENT_3D('',#6506,#4994,#4995);
#4465=AXIS2_PLACEMENT_3D('',#6509,#4997,#4998);
#4466=AXIS2_PLACEMENT_3D('',#6537,#5001,#5002);
#4467=AXIS2_PLACEMENT_3D('',#6573,#5005,#5006);
#4468=AXIS2_PLACEMENT_3D('',#6586,#5011,#5012);
#4469=AXIS2_PLACEMENT_3D('',#6588,#5013,#5014);
#4470=AXIS2_PLACEMENT_3D('',#6592,#5016,#5017);
#4471=AXIS2_PLACEMENT_3D('',#6594,#5019,#5020);
#4472=AXIS2_PLACEMENT_3D('',#6600,#5023,#5024);
#4473=AXIS2_PLACEMENT_3D('',#6607,#5028,#5029);
#4474=AXIS2_PLACEMENT_3D('',#6708,#5032,#5033);
#4475=AXIS2_PLACEMENT_3D('',#6725,#5035,#5036);
#4476=AXIS2_PLACEMENT_3D('',#6728,#5037,#5038);
#4477=AXIS2_PLACEMENT_3D('',#6732,#5040,#5041);
#4478=AXIS2_PLACEMENT_3D('',#6734,#5043,#5044);
#4479=AXIS2_PLACEMENT_3D('',#6736,#5045,#5046);
#4480=AXIS2_PLACEMENT_3D('',#6739,#5048,#5049);
#4481=AXIS2_PLACEMENT_3D('',#6740,#5050,#5051);
#4482=AXIS2_PLACEMENT_3D('',#6742,#5052,#5053);
#4483=AXIS2_PLACEMENT_3D('',#6745,#5055,#5056);
#4484=AXIS2_PLACEMENT_3D('',#6746,#5057,#5058);
#4485=AXIS2_PLACEMENT_3D('',#6752,#5061,#5062);
#4486=AXIS2_PLACEMENT_3D('',#6754,#5064,#5065);
#4487=AXIS2_PLACEMENT_3D('',#6758,#5067,#5068);
#4488=AXIS2_PLACEMENT_3D('',#6760,#5070,#5071);
#4489=AXIS2_PLACEMENT_3D('',#6762,#5072,#5073);
#4490=AXIS2_PLACEMENT_3D('',#6766,#5076,#5077);
#4491=AXIS2_PLACEMENT_3D('',#6770,#5079,#5080);
#4492=AXIS2_PLACEMENT_3D('',#6772,#5082,#5083);
#4493=AXIS2_PLACEMENT_3D('',#6773,#5084,#5085);
#4494=AXIS2_PLACEMENT_3D('',#6774,#5086,#5087);
#4495=AXIS2_PLACEMENT_3D('',#6779,#5090,#5091);
#4496=AXIS2_PLACEMENT_3D('',#6780,#5092,#5093);
#4497=AXIS2_PLACEMENT_3D('',#6784,#5095,#5096);
#4498=AXIS2_PLACEMENT_3D('',#6788,#5099,#5100);
#4499=AXIS2_PLACEMENT_3D('',#6790,#5101,#5102);
#4500=AXIS2_PLACEMENT_3D('',#6796,#5105,#5106);
#4501=AXIS2_PLACEMENT_3D('',#6800,#5108,#5109);
#4502=AXIS2_PLACEMENT_3D('',#6805,#5112,#5113);
#4503=AXIS2_PLACEMENT_3D('',#6833,#5116,#5117);
#4504=AXIS2_PLACEMENT_3D('',#6839,#5120,#5121);
#4505=AXIS2_PLACEMENT_3D('',#6843,#5123,#5124);
#4506=AXIS2_PLACEMENT_3D('',#6848,#5127,#5128);
#4507=AXIS2_PLACEMENT_3D('',#6849,#5129,#5130);
#4508=AXIS2_PLACEMENT_3D('',#6851,#5131,#5132);
#4509=AXIS2_PLACEMENT_3D('',#6853,#5134,#5135);
#4510=AXIS2_PLACEMENT_3D('',#6855,#5136,#5137);
#4511=AXIS2_PLACEMENT_3D('',#6856,#5138,#5139);
#4512=AXIS2_PLACEMENT_3D('',#6857,#5140,#5141);
#4513=AXIS2_PLACEMENT_3D('',#6859,#5142,#5143);
#4514=AXIS2_PLACEMENT_3D('',#6861,#5144,#5145);
#4515=AXIS2_PLACEMENT_3D('',#6862,#5146,#5147);
#4516=AXIS2_PLACEMENT_3D('',#6863,#5148,#5149);
#4517=AXIS2_PLACEMENT_3D('',#6865,#5150,#5151);
#4518=AXIS2_PLACEMENT_3D('',#6871,#5154,#5155);
#4519=AXIS2_PLACEMENT_3D('',#6875,#5157,#5158);
#4520=AXIS2_PLACEMENT_3D('',#6880,#5161,#5162);
#4521=AXIS2_PLACEMENT_3D('',#6906,#5165,#5166);
#4522=AXIS2_PLACEMENT_3D('',#6912,#5169,#5170);
#4523=AXIS2_PLACEMENT_3D('',#6916,#5172,#5173);
#4524=AXIS2_PLACEMENT_3D('',#6921,#5176,#5177);
#4525=AXIS2_PLACEMENT_3D('',#6922,#5178,#5179);
#4526=AXIS2_PLACEMENT_3D('',#6924,#5180,#5181);
#4527=AXIS2_PLACEMENT_3D('',#6925,#5182,#5183);
#4528=AXIS2_PLACEMENT_3D('',#6926,#5184,#5185);
#4529=AXIS2_PLACEMENT_3D('',#6928,#5186,#5187);
#4530=AXIS2_PLACEMENT_3D('',#6929,#5188,#5189);
#4531=AXIS2_PLACEMENT_3D('',#6930,#5190,#5191);
#4532=AXIS2_PLACEMENT_3D('',#7073,#5193,#5194);
#4533=AXIS2_PLACEMENT_3D('',#7086,#5199,#5200);
#4534=AXIS2_PLACEMENT_3D('',#7210,#5203,#5204);
#4535=AXIS2_PLACEMENT_3D('',#7211,#5205,#5206);
#4536=AXIS2_PLACEMENT_3D('',#7213,#5208,#5209);
#4537=AXIS2_PLACEMENT_3D('',#7263,#5210,#5211);
#4538=AXIS2_PLACEMENT_3D('',#7368,#5214,#5215);
#4539=AXIS2_PLACEMENT_3D('',#7548,#5218,#5219);
#4540=AXIS2_PLACEMENT_3D('',#7653,#5221,#5222);
#4541=AXIS2_PLACEMENT_3D('',#7730,#5223,#5224);
#4542=AXIS2_PLACEMENT_3D('',#7810,#5226,#5227);
#4543=AXIS2_PLACEMENT_3D('',#7896,#5228,#5229);
#4544=AXIS2_PLACEMENT_3D('',#7990,#5230,#5231);
#4545=AXIS2_PLACEMENT_3D('',#7996,#5232,#5233);
#4546=AXIS2_PLACEMENT_3D('',#8019,#5236,#5237);
#4547=AXIS2_PLACEMENT_3D('',#8021,#5238,#5239);
#4548=AXIS2_PLACEMENT_3D('',#8024,#5241,#5242);
#4549=AXIS2_PLACEMENT_3D('',#8025,#5243,#5244);
#4550=AXIS2_PLACEMENT_3D('',#8030,#5247,#5248);
#4551=AXIS2_PLACEMENT_3D('',#8037,#5249,#5250);
#4552=AXIS2_PLACEMENT_3D('',#8060,#5253,#5254);
#4553=AXIS2_PLACEMENT_3D('',#8062,#5255,#5256);
#4554=AXIS2_PLACEMENT_3D('',#8065,#5258,#5259);
#4555=AXIS2_PLACEMENT_3D('',#8066,#5260,#5261);
#4556=AXIS2_PLACEMENT_3D('',#8089,#5264,#5265);
#4557=AXIS2_PLACEMENT_3D('',#8091,#5266,#5267);
#4558=AXIS2_PLACEMENT_3D('',#8100,#5268,#5269);
#4559=AXIS2_PLACEMENT_3D('',#8103,#5272,#5273);
#4560=AXIS2_PLACEMENT_3D('',#8105,#5274,#5275);
#4561=AXIS2_PLACEMENT_3D('',#8107,#5277,#5278);
#4562=AXIS2_PLACEMENT_3D('',#8130,#5281,#5282);
#4563=AXIS2_PLACEMENT_3D('',#8132,#5283,#5284);
#4564=AXIS2_PLACEMENT_3D('',#8135,#5286,#5287);
#4565=AXIS2_PLACEMENT_3D('',#8136,#5288,#5289);
#4566=AXIS2_PLACEMENT_3D('',#8141,#5292,#5293);
#4567=AXIS2_PLACEMENT_3D('',#8145,#5295,#5296);
#4568=AXIS2_PLACEMENT_3D('',#8152,#5297,#5298);
#4569=AXIS2_PLACEMENT_3D('',#8159,#5300,#5301);
#4570=AXIS2_PLACEMENT_3D('',#8161,#5302,#5303);
#4571=AXIS2_PLACEMENT_3D('',#8165,#5305,#5306);
#4572=AXIS2_PLACEMENT_3D('',#8173,#5310,#5311);
#4573=AXIS2_PLACEMENT_3D('',#8175,#5312,#5313);
#4574=AXIS2_PLACEMENT_3D('',#8177,#5314,#5315);
#4575=AXIS2_PLACEMENT_3D('',#8179,#5317,#5318);
#4576=AXIS2_PLACEMENT_3D('',#8186,#5320,#5321);
#4577=AXIS2_PLACEMENT_3D('',#8200,#5323,#5324);
#4578=AXIS2_PLACEMENT_3D('',#8202,#5325,#5326);
#4579=AXIS2_PLACEMENT_3D('',#8206,#5328,#5329);
#4580=AXIS2_PLACEMENT_3D('',#8208,#5330,#5331);
#4581=AXIS2_PLACEMENT_3D('',#8210,#5332,#5333);
#4582=AXIS2_PLACEMENT_3D('',#8213,#5335,#5336);
#4583=AXIS2_PLACEMENT_3D('',#8214,#5337,#5338);
#4584=AXIS2_PLACEMENT_3D('',#8221,#5340,#5341);
#4585=AXIS2_PLACEMENT_3D('',#8223,#5343,#5344);
#4586=AXIS2_PLACEMENT_3D('',#8227,#5348,#5349);
#4587=AXIS2_PLACEMENT_3D('',#8229,#5351,#5352);
#4588=AXIS2_PLACEMENT_3D('',#8233,#5355,#5356);
#4589=AXIS2_PLACEMENT_3D('',#8235,#5358,#5359);
#4590=AXIS2_PLACEMENT_3D('',#8237,#5361,#5362);
#4591=AXIS2_PLACEMENT_3D('',#8245,#5368,#5369);
#4592=AXIS2_PLACEMENT_3D('',#8247,#5371,#5372);
#4593=AXIS2_PLACEMENT_3D('',#8249,#5373,#5374);
#4594=AXIS2_PLACEMENT_3D('',#8251,#5375,#5376);
#4595=AXIS2_PLACEMENT_3D('',#8254,#5378,#5379);
#4596=AXIS2_PLACEMENT_3D('',#8255,#5380,#5381);
#4597=AXIS2_PLACEMENT_3D('',#8259,#5384,#5385);
#4598=AXIS2_PLACEMENT_3D('',#8266,#5390,#5391);
#4599=AXIS2_PLACEMENT_3D('',#8268,#5393,#5394);
#4600=AXIS2_PLACEMENT_3D('',#8270,#5396,#5397);
#4601=AXIS2_PLACEMENT_3D('',#8274,#5399,#5400);
#4602=AXIS2_PLACEMENT_3D('',#8278,#5402,#5403);
#4603=AXIS2_PLACEMENT_3D('',#8280,#5405,#5406);
#4604=AXIS2_PLACEMENT_3D('',#8287,#5410,#5411);
#4605=AXIS2_PLACEMENT_3D('',#8293,#5415,#5416);
#4606=AXIS2_PLACEMENT_3D('',#8298,#5420,#5421);
#4607=AXIS2_PLACEMENT_3D('',#8304,#5425,#5426);
#4608=AXIS2_PLACEMENT_3D('',#8309,#5429,#5430);
#4609=AXIS2_PLACEMENT_3D('',#8311,#5432,#5433);
#4610=AXIS2_PLACEMENT_3D('',#8318,#5437,#5438);
#4611=AXIS2_PLACEMENT_3D('',#8322,#5441,#5442);
#4612=AXIS2_PLACEMENT_3D('',#8327,#5446,#5447);
#4613=AXIS2_PLACEMENT_3D('',#8329,#5449,#5450);
#4614=AXIS2_PLACEMENT_3D('',#8331,#5451,#5452);
#4615=AXIS2_PLACEMENT_3D('',#8333,#5454,#5455);
#4616=AXIS2_PLACEMENT_3D('',#8334,#5456,#5457);
#4617=AXIS2_PLACEMENT_3D('',#8336,#5458,#5459);
#4618=AXIS2_PLACEMENT_3D('',#8339,#5461,#5462);
#4619=AXIS2_PLACEMENT_3D('',#8340,#5463,#5464);
#4620=AXIS2_PLACEMENT_3D('',#8346,#5468,#5469);
#4621=AXIS2_PLACEMENT_3D('',#8349,#5471,#5472);
#4622=AXIS2_PLACEMENT_3D('',#8358,#5477,#5478);
#4623=AXIS2_PLACEMENT_3D('',#8361,#5480,#5481);
#4624=AXIS2_PLACEMENT_3D('',#8362,#5482,#5483);
#4625=AXIS2_PLACEMENT_3D('',#8364,#5485,#5486);
#4626=AXIS2_PLACEMENT_3D('',#8366,#5488,#5489);
#4627=AXIS2_PLACEMENT_3D('',#8367,#5490,#5491);
#4628=AXIS2_PLACEMENT_3D('',#8370,#5494,#5495);
#4629=AXIS2_PLACEMENT_3D('',#8371,#5496,#5497);
#4630=AXIS2_PLACEMENT_3D('',#8372,#5498,#5499);
#4631=AXIS2_PLACEMENT_3D('',#8373,#5500,#5501);
#4632=AXIS2_PLACEMENT_3D('',#8375,#5503,#5504);
#4633=AXIS2_PLACEMENT_3D('',#8376,#5505,#5506);
#4634=AXIS2_PLACEMENT_3D('',#8377,#5507,#5508);
#4635=AXIS2_PLACEMENT_3D('',#8378,#5509,#5510);
#4636=AXIS2_PLACEMENT_3D('',#8379,#5511,#5512);
#4637=AXIS2_PLACEMENT_3D('',#8380,#5513,#5514);
#4638=AXIS2_PLACEMENT_3D('',#8381,#5515,#5516);
#4639=AXIS2_PLACEMENT_3D('',#8429,#5517,#5518);
#4640=AXIS2_PLACEMENT_3D('',#8490,#5519,#5520);
#4641=AXIS2_PLACEMENT_3D('',#8534,#5521,#5522);
#4642=AXIS2_PLACEMENT_3D('',#8541,#5523,#5524);
#4643=AXIS2_PLACEMENT_3D('',#8547,#5525,#5526);
#4644=AXIS2_PLACEMENT_3D('',#8554,#5527,#5528);
#4645=AXIS2_PLACEMENT_3D('',#8556,#5529,#5530);
#4646=AXIS2_PLACEMENT_3D('',#8558,#5531,#5532);
#4647=AXIS2_PLACEMENT_3D('',#8564,#5533,#5534);
#4648=AXIS2_PLACEMENT_3D('',#8596,#5535,#5536);
#4649=AXIS2_PLACEMENT_3D('',#8666,#5537,#5538);
#4650=AXIS2_PLACEMENT_3D('',#8674,#5539,#5540);
#4651=AXIS2_PLACEMENT_3D('',#8675,#5541,#5542);
#4652=AXIS2_PLACEMENT_3D('',#8676,#5543,#5544);
#4653=AXIS2_PLACEMENT_3D('',#8677,#5545,#5546);
#4654=AXIS2_PLACEMENT_3D('',#8724,#5547,#5548);
#4655=AXIS2_PLACEMENT_3D('',#8784,#5549,#5550);
#4656=AXIS2_PLACEMENT_3D('',#8791,#5551,#5552);
#4657=AXIS2_PLACEMENT_3D('',#8792,#5553,#5554);
#4658=AXIS2_PLACEMENT_3D('',#8799,#5555,#5556);
#4659=AXIS2_PLACEMENT_3D('',#8801,#5557,#5558);
#4660=AXIS2_PLACEMENT_3D('',#8803,#5559,#5560);
#4661=AXIS2_PLACEMENT_3D('',#8804,#5561,#5562);
#4662=AXIS2_PLACEMENT_3D('',#8805,#5563,#5564);
#4663=AXIS2_PLACEMENT_3D('',#8838,#5565,#5566);
#4664=AXIS2_PLACEMENT_3D('',#8913,#5568,#5569);
#4665=AXIS2_PLACEMENT_3D('',#8931,#5571,#5572);
#4666=AXIS2_PLACEMENT_3D('',#8937,#5575,#5576);
#4667=AXIS2_PLACEMENT_3D('',#8941,#5578,#5579);
#4668=AXIS2_PLACEMENT_3D('',#8945,#5581,#5582);
#4669=AXIS2_PLACEMENT_3D('',#8949,#5585,#5586);
#4670=AXIS2_PLACEMENT_3D('',#8952,#5589,#5590);
#4671=AXIS2_PLACEMENT_3D('',#8972,#5592,#5593);
#4672=AXIS2_PLACEMENT_3D('',#8973,#5594,#5595);
#4673=AXIS2_PLACEMENT_3D('',#8975,#5597,#5598);
#4674=AXIS2_PLACEMENT_3D('',#8981,#5602,#5603);
#4675=AXIS2_PLACEMENT_3D('',#8982,#5604,#5605);
#4676=AXIS2_PLACEMENT_3D('',#9011,#5608,#5609);
#4677=AXIS2_PLACEMENT_3D('',#9031,#5611,#5612);
#4678=AXIS2_PLACEMENT_3D('',#9055,#5615,#5616);
#4679=AXIS2_PLACEMENT_3D('',#9078,#5618,#5619);
#4680=AXIS2_PLACEMENT_3D('',#9080,#5620,#5621);
#4681=AXIS2_PLACEMENT_3D('',#9081,#5622,#5623);
#4682=AXIS2_PLACEMENT_3D('',#9083,#5625,#5626);
#4683=AXIS2_PLACEMENT_3D('',#9085,#5627,#5628);
#4684=AXIS2_PLACEMENT_3D('',#9086,#5629,#5630);
#4685=AXIS2_PLACEMENT_3D('',#9088,#5632,#5633);
#4686=AXIS2_PLACEMENT_3D('',#9090,#5634,#5635);
#4687=AXIS2_PLACEMENT_3D('',#9093,#5637,#5638);
#4688=AXIS2_PLACEMENT_3D('',#9094,#5639,#5640);
#4689=AXIS2_PLACEMENT_3D('',#9119,#5641,#5642);
#4690=AXIS2_PLACEMENT_3D('',#9151,#5644,#5645);
#4691=AXIS2_PLACEMENT_3D('',#9167,#5646,#5647);
#4692=AXIS2_PLACEMENT_3D('',#9168,#5648,#5649);
#4693=AXIS2_PLACEMENT_3D('',#9185,#5651,#5652);
#4694=AXIS2_PLACEMENT_3D('',#9186,#5653,#5654);
#4695=AXIS2_PLACEMENT_3D('',#9187,#5655,#5656);
#4696=AXIS2_PLACEMENT_3D('',#9191,#5658,#5659);
#4697=AXIS2_PLACEMENT_3D('',#9193,#5661,#5662);
#4698=AXIS2_PLACEMENT_3D('',#9197,#5665,#5666);
#4699=AXIS2_PLACEMENT_3D('',#9214,#5668,#5669);
#4700=AXIS2_PLACEMENT_3D('',#9226,#5671,#5672);
#4701=AXIS2_PLACEMENT_3D('',#9227,#5673,#5674);
#4702=AXIS2_PLACEMENT_3D('',#9228,#5675,#5676);
#4703=AXIS2_PLACEMENT_3D('',#9230,#5677,#5678);
#4704=AXIS2_PLACEMENT_3D('',#9232,#5680,#5681);
#4705=AXIS2_PLACEMENT_3D('',#9234,#5683,#5684);
#4706=AXIS2_PLACEMENT_3D('',#9236,#5686,#5687);
#4707=AXIS2_PLACEMENT_3D('',#9238,#5688,#5689);
#4708=AXIS2_PLACEMENT_3D('',#9240,#5691,#5692);
#4709=AXIS2_PLACEMENT_3D('',#9242,#5694,#5695);
#4710=AXIS2_PLACEMENT_3D('',#9243,#5696,#5697);
#4711=AXIS2_PLACEMENT_3D('',#9244,#5698,#5699);
#4712=AXIS2_PLACEMENT_3D('',#9271,#5700,#5701);
#4713=AXIS2_PLACEMENT_3D('',#9272,#5702,#5703);
#4714=AXIS2_PLACEMENT_3D('',#9273,#5704,#5705);
#4715=AXIS2_PLACEMENT_3D('',#9275,#5706,#5707);
#4716=AXIS2_PLACEMENT_3D('',#9290,#5708,#5709);
#4717=AXIS2_PLACEMENT_3D('',#9305,#5711,#5712);
#4718=AXIS2_PLACEMENT_3D('',#9309,#5714,#5715);
#4719=AXIS2_PLACEMENT_3D('',#9312,#5717,#5718);
#4720=AXIS2_PLACEMENT_3D('',#9351,#5720,#5721);
#4721=AXIS2_PLACEMENT_3D('',#9353,#5723,#5724);
#4722=AXIS2_PLACEMENT_3D('',#9355,#5726,#5727);
#4723=AXIS2_PLACEMENT_3D('',#9359,#5730,#5731);
#4724=AXIS2_PLACEMENT_3D('',#9361,#5732,#5733);
#4725=AXIS2_PLACEMENT_3D('',#9363,#5734,#5735);
#4726=AXIS2_PLACEMENT_3D('',#9364,#5736,#5737);
#4727=AXIS2_PLACEMENT_3D('',#9366,#5739,#5740);
#4728=AXIS2_PLACEMENT_3D('',#9370,#5742,#5743);
#4729=AXIS2_PLACEMENT_3D('',#9372,#5744,#5745);
#4730=AXIS2_PLACEMENT_3D('',#9374,#5746,#5747);
#4731=AXIS2_PLACEMENT_3D('',#9376,#5748,#5749);
#4732=AXIS2_PLACEMENT_3D('',#9377,#5750,#5751);
#4733=AXIS2_PLACEMENT_3D('',#9378,#5752,#5753);
#4734=AXIS2_PLACEMENT_3D('',#9379,#5754,#5755);
#4735=AXIS2_PLACEMENT_3D('',#9398,#5758,#5759);
#4736=AXIS2_PLACEMENT_3D('',#9399,#5760,#5761);
#4737=AXIS2_PLACEMENT_3D('',#9403,#5763,#5764);
#4738=AXIS2_PLACEMENT_3D('',#9405,#5766,#5767);
#4739=AXIS2_PLACEMENT_3D('',#9407,#5768,#5769);
#4740=AXIS2_PLACEMENT_3D('',#9409,#5771,#5772);
#4741=AXIS2_PLACEMENT_3D('',#9411,#5773,#5774);
#4742=AXIS2_PLACEMENT_3D('',#9412,#5775,#5776);
#4743=AXIS2_PLACEMENT_3D('',#9413,#5777,#5778);
#4744=AXIS2_PLACEMENT_3D('',#9426,#5781,#5782);
#4745=AXIS2_PLACEMENT_3D('',#9427,#5783,#5784);
#4746=AXIS2_PLACEMENT_3D('',#9430,#5786,#5787);
#4747=AXIS2_PLACEMENT_3D('',#9431,#5788,#5789);
#4748=AXIS2_PLACEMENT_3D('',#9434,#5791,#5792);
#4749=AXIS2_PLACEMENT_3D('',#9435,#5793,#5794);
#4750=AXIS2_PLACEMENT_3D('',#9436,#5795,#5796);
#4751=AXIS2_PLACEMENT_3D('',#9437,#5797,#5798);
#4752=AXIS2_PLACEMENT_3D('',#9438,#5799,#5800);
#4753=DIRECTION('axis',(0.,0.,1.));
#4754=DIRECTION('refdir',(1.,0.,0.));
#4755=DIRECTION('center_axis',(-0.00749351045400485,-0.939666237277119,
0.342010540513794));
#4756=DIRECTION('ref_axis',(-0.999971923256386,0.00704159647741042,-0.00256293151949113));
#4757=DIRECTION('',(0.999971923256386,-0.00704159647741042,0.00256293151949113));
#4758=DIRECTION('',(0.,-0.342020143325668,-0.939692620785909));
#4759=DIRECTION('',(0.999971923256386,-0.00704159647741042,0.00256293151949113));
#4760=DIRECTION('',(0.,-0.342020143325668,-0.939692620785909));
#4761=DIRECTION('center_axis',(0.999971923256386,-0.00704159647740727,0.00256293151948999));
#4762=DIRECTION('ref_axis',(-0.00749351045400149,-0.939666237277119,0.342010540513794));
#4763=DIRECTION('',(0.00749351045400149,0.939666237277119,-0.342010540513794));
#4764=DIRECTION('',(0.00749351045400149,0.939666237277119,-0.342010540513794));
#4765=DIRECTION('',(0.,-0.342020143325668,-0.939692620785909));
#4766=DIRECTION('center_axis',(-0.00749351045400506,-0.939666237277119,
0.342010540513793));
#4767=DIRECTION('ref_axis',(-0.999971923256386,0.00704159647741062,-0.00256293151949121));
#4768=DIRECTION('',(0.999971923256386,-0.00704159647741062,0.00256293151949121));
#4769=DIRECTION('',(0.999971923256386,-0.00704159647741062,0.00256293151949121));
#4770=DIRECTION('',(0.,-0.342020143325668,-0.939692620785909));
#4771=DIRECTION('center_axis',(0.999971923256386,-0.00704159647741152,0.00256293151949153));
#4772=DIRECTION('ref_axis',(-0.00749351045400602,-0.939666237277119,0.342010540513794));
#4773=DIRECTION('',(0.00749351045400602,0.939666237277119,-0.342010540513794));
#4774=DIRECTION('',(0.00749351045400602,0.939666237277119,-0.342010540513794));
#4775=DIRECTION('',(0.,0.342020143325669,0.939692620785908));
#4776=DIRECTION('center_axis',(0.,0.342020143325669,0.939692620785908));
#4777=DIRECTION('ref_axis',(1.,0.,0.));
#4778=DIRECTION('',(-0.00749351045400224,-0.939666237277119,0.342010540513794));
#4779=DIRECTION('',(-0.999971923256386,0.00704159647741069,-0.00256293151949123));
#4780=DIRECTION('',(0.00749351045400043,0.939666237277119,-0.342010540513794));
#4781=DIRECTION('',(-0.999971923256386,0.00704159647741062,-0.00256293151949121));
#4782=DIRECTION('center_axis',(0.00749351045400506,0.939666237277119,-0.342010540513793));
#4783=DIRECTION('ref_axis',(0.999971923256386,-0.00704159647741062,0.00256293151949121));
#4784=DIRECTION('',(-0.999971923256386,0.00704159647741062,-0.00256293151949121));
#4785=DIRECTION('',(0.,-0.342020143325668,-0.939692620785909));
#4786=DIRECTION('center_axis',(0.999971923256386,-0.00704159647740627,0.00256293151948962));
#4787=DIRECTION('ref_axis',(-0.00749351045400043,-0.939666237277119,0.342010540513794));
#4788=DIRECTION('',(0.00749351045400043,0.939666237277119,-0.342010540513794));
#4789=DIRECTION('',(0.,-0.342020143325668,-0.939692620785909));
#4790=DIRECTION('center_axis',(0.00749351045400513,0.939666237277119,-0.342010540513793));
#4791=DIRECTION('ref_axis',(0.999971923256386,-0.00704159647741069,0.00256293151949123));
#4792=DIRECTION('',(-0.999971923256386,0.00704159647741069,-0.00256293151949123));
#4793=DIRECTION('',(0.,-0.342020143325668,-0.939692620785909));
#4794=DIRECTION('center_axis',(-0.999971923256386,0.00704159647740797,-0.00256293151949024));
#4795=DIRECTION('ref_axis',(0.00749351045400224,0.939666237277119,-0.342010540513794));
#4796=DIRECTION('',(-0.00749351045400224,-0.939666237277119,0.342010540513794));
#4797=DIRECTION('center_axis',(-0.00749351045400519,-0.939666237277119,
0.342010540513794));
#4798=DIRECTION('ref_axis',(-0.999971923256386,0.00704159647741074,-0.00256293151949125));
#4799=DIRECTION('',(0.999971923256386,-0.00704159647741074,0.00256293151949125));
#4800=DIRECTION('',(0.,-0.342020143325668,-0.939692620785909));
#4801=DIRECTION('',(0.999971923256386,-0.00704159647741074,0.00256293151949125));
#4802=DIRECTION('',(0.,-0.342020143325668,-0.939692620785909));
#4803=DIRECTION('center_axis',(0.999971923256386,-0.00704159647741006,0.002562931519491));
#4804=DIRECTION('ref_axis',(-0.00749351045400447,-0.939666237277119,0.342010540513794));
#4805=DIRECTION('',(0.00749351045400447,0.939666237277119,-0.342010540513794));
#4806=DIRECTION('',(0.00749351045400447,0.939666237277119,-0.342010540513794));
#4807=DIRECTION('',(0.,0.342020143325669,0.939692620785908));
#4808=DIRECTION('center_axis',(0.,0.342020143325669,0.939692620785908));
#4809=DIRECTION('ref_axis',(1.,0.,0.));
#4810=DIRECTION('',(-0.00749351045400447,-0.939666237277119,0.342010540513794));
#4811=DIRECTION('',(-0.999971923256386,0.00704159647741063,-0.00256293151949121));
#4812=DIRECTION('center_axis',(0.00749351045400508,0.939666237277119,-0.342010540513794));
#4813=DIRECTION('ref_axis',(0.999971923256386,-0.00704159647741063,0.00256293151949121));
#4814=DIRECTION('',(-0.999971923256386,0.00704159647741063,-0.00256293151949121));
#4815=DIRECTION('',(0.,-0.342020143325668,-0.939692620785909));
#4816=DIRECTION('center_axis',(-0.999971923256386,0.00704159647741006,-0.002562931519491));
#4817=DIRECTION('ref_axis',(0.00749351045400447,0.939666237277119,-0.342010540513794));
#4818=DIRECTION('',(-0.00749351045400447,-0.939666237277119,0.342010540513794));
#4819=DIRECTION('',(0.,-0.342020143325669,-0.939692620785908));
#4820=DIRECTION('',(0.,-0.342020143325669,-0.939692620785908));
#4821=DIRECTION('',(0.,-0.342020143325669,-0.939692620785908));
#4822=DIRECTION('center_axis',(0.999971923256386,-0.00704159647740729,0.00256293151949));
#4823=DIRECTION('ref_axis',(-0.00749351045400152,-0.939666237277119,0.342010540513794));
#4824=DIRECTION('',(0.00749351045400152,0.939666237277119,-0.342010540513794));
#4825=DIRECTION('',(0.00749351045400152,0.939666237277119,-0.342010540513794));
#4826=DIRECTION('',(0.,-0.342020143325669,-0.939692620785908));
#4827=DIRECTION('center_axis',(-0.00749351045400518,-0.939666237277119,
0.342010540513794));
#4828=DIRECTION('ref_axis',(-0.999971923256386,0.00704159647741073,-0.00256293151949125));
#4829=DIRECTION('',(0.999971923256386,-0.00704159647741073,0.00256293151949125));
#4830=DIRECTION('',(0.999971923256386,-0.00704159647741073,0.00256293151949125));
#4831=DIRECTION('',(0.,0.342020143325669,0.939692620785908));
#4832=DIRECTION('center_axis',(-0.536868869779666,-0.792786434540775,0.288550664302873));
#4833=DIRECTION('ref_axis',(-0.843665701958722,0.504491715261623,-0.183619967789131));
#4834=DIRECTION('',(0.843665701958722,-0.504491715261623,0.183619967789131));
#4835=DIRECTION('',(0.,-0.342020143325669,-0.939692620785908));
#4836=DIRECTION('',(0.843665701958722,-0.504491715261623,0.183619967789131));
#4837=DIRECTION('',(0.,-0.342020143325669,-0.939692620785908));
#4838=DIRECTION('center_axis',(0.999971923256386,-0.00704159647741121,0.00256293151949142));
#4839=DIRECTION('ref_axis',(-0.00749351045400569,-0.939666237277119,0.342010540513794));
#4840=DIRECTION('',(0.00749351045400569,0.939666237277119,-0.342010540513794));
#4841=DIRECTION('',(0.00749351045400569,0.939666237277119,-0.342010540513794));
#4842=DIRECTION('',(0.,-0.342020143325669,-0.939692620785908));
#4843=DIRECTION('center_axis',(0.563308311839834,0.776418004588768,-0.282593043018671));
#4844=DIRECTION('ref_axis',(0.826246782633467,-0.52933666386326,0.192662789552001));
#4845=DIRECTION('',(-0.826246782633467,0.52933666386326,-0.192662789552001));
#4846=DIRECTION('',(-0.826246782633467,0.52933666386326,-0.192662789552001));
#4847=DIRECTION('',(0.,-0.342020143325669,-0.939692620785908));
#4848=DIRECTION('',(0.,-0.342020143325669,-0.939692620785908));
#4849=DIRECTION('',(0.,-0.342020143325669,-0.939692620785908));
#4850=DIRECTION('',(0.,-0.342020143325669,-0.939692620785908));
#4851=DIRECTION('center_axis',(0.999971923256386,-0.00704159647740373,0.0025629315194887));
#4852=DIRECTION('ref_axis',(-0.00749351045399773,-0.939666237277119,0.342010540513794));
#4853=DIRECTION('',(0.00749351045399773,0.939666237277119,-0.342010540513794));
#4854=DIRECTION('',(0.00749351045399773,0.939666237277119,-0.342010540513794));
#4855=DIRECTION('',(0.,-0.342020143325669,-0.939692620785908));
#4856=DIRECTION('center_axis',(-0.00749351045400518,-0.939666237277119,
0.342010540513794));
#4857=DIRECTION('ref_axis',(-0.999971923256386,0.00704159647741073,-0.00256293151949125));
#4858=DIRECTION('',(0.999971923256386,-0.00704159647741073,0.00256293151949125));
#4859=DIRECTION('',(0.999971923256386,-0.00704159647741073,0.00256293151949125));
#4860=DIRECTION('',(0.,-0.342020143325669,-0.939692620785908));
#4861=DIRECTION('center_axis',(0.999971923256386,-0.00704159647740781,0.00256293151949019));
#4862=DIRECTION('ref_axis',(-0.00749351045400208,-0.939666237277119,0.342010540513794));
#4863=DIRECTION('',(0.00749351045400208,0.939666237277119,-0.342010540513794));
#4864=DIRECTION('',(0.00749351045400208,0.939666237277119,-0.342010540513794));
#4865=DIRECTION('',(0.,0.342020143325669,0.939692620785908));
#4866=DIRECTION('center_axis',(0.,-0.342020143325669,-0.939692620785909));
#4867=DIRECTION('ref_axis',(1.,0.,0.));
#4868=DIRECTION('',(-0.00749351045400339,-0.939666237277119,0.342010540513794));
#4869=DIRECTION('',(-0.999971923256386,0.00704159647741058,-0.00256293151949119));
#4870=DIRECTION('',(-0.00749351045400751,-0.939666237277119,0.342010540513794));
#4871=DIRECTION('center_axis',(-0.999971923256386,0.00704159647741292,-0.00256293151949205));
#4872=DIRECTION('ref_axis',(0.00749351045400751,0.939666237277119,-0.342010540513794));
#4873=DIRECTION('',(-0.00749351045400751,-0.939666237277119,0.342010540513794));
#4874=DIRECTION('',(0.,-0.342020143325669,-0.939692620785908));
#4875=DIRECTION('',(0.,-0.342020143325669,-0.939692620785908));
#4876=DIRECTION('',(0.,-0.342020143325669,-0.939692620785908));
#4877=DIRECTION('',(0.,-0.342020143325669,-0.939692620785908));
#4878=DIRECTION('center_axis',(0.00749351045400502,0.939666237277119,-0.342010540513794));
#4879=DIRECTION('ref_axis',(0.999971923256386,-0.00704159647741058,0.00256293151949119));
#4880=DIRECTION('',(-0.999971923256386,0.00704159647741058,-0.00256293151949119));
#4881=DIRECTION('',(0.,-0.342020143325669,-0.939692620785908));
#4882=DIRECTION('center_axis',(-0.999971923256386,0.00704159647740905,-0.00256293151949064));
#4883=DIRECTION('ref_axis',(0.00749351045400339,0.939666237277119,-0.342010540513794));
#4884=DIRECTION('',(-0.00749351045400339,-0.939666237277119,0.342010540513794));
#4885=DIRECTION('',(0.,-0.342020143325669,-0.939692620785908));
#4886=DIRECTION('',(0.,-0.342020143325669,-0.939692620785908));
#4887=DIRECTION('',(0.,-0.342020143325669,-0.939692620785908));
#4888=DIRECTION('',(0.,-0.342020143325669,-0.939692620785908));
#4889=DIRECTION('',(0.,-0.342020143325669,-0.939692620785908));
#4890=DIRECTION('',(0.,-0.342020143325669,-0.939692620785908));
#4891=DIRECTION('',(0.,-0.342020143325669,-0.939692620785908));
#4892=DIRECTION('center_axis',(0.,0.342020143325669,0.939692620785908));
#4893=DIRECTION('ref_axis',(1.,0.,0.));
#4894=DIRECTION('',(0.556295615500305,-0.780869973764781,0.28421342728261));
#4895=DIRECTION('center_axis',(0.,0.342020143325669,0.939692620785908));
#4896=DIRECTION('ref_axis',(1.,1.40247088513188E-16,-5.10457656612978E-17));
#4897=DIRECTION('',(1.,0.,0.));
#4898=DIRECTION('',(0.,0.939692620785908,-0.342020143325669));
#4899=DIRECTION('',(-1.,-4.39270898386051E-16,1.59881531791896E-16));
#4900=DIRECTION('center_axis',(0.,0.342020143325669,0.939692620785908));
#4901=DIRECTION('ref_axis',(1.,1.40247088513188E-16,-5.10457656612978E-17));
#4902=DIRECTION('',(-0.595524057617216,-0.754890296123495,0.274757597925351));
#4903=DIRECTION('center_axis',(0.,-0.342020143325669,-0.939692620785908));
#4904=DIRECTION('ref_axis',(-0.995260698297211,-0.0913782462704391,0.0332589617018879));
#4905=DIRECTION('center_axis',(0.,-0.342020143325669,-0.939692620785908));
#4906=DIRECTION('ref_axis',(1.,0.,0.));
#4907=DIRECTION('center_axis',(0.,-0.342020143325669,-0.939692620785908));
#4908=DIRECTION('ref_axis',(-0.989449019936356,0.136144037213806,-0.0495523771186549));
#4909=DIRECTION('',(0.,-0.939692620785908,0.342020143325669));
#4910=DIRECTION('center_axis',(0.,-0.342020143325669,-0.939692620785908));
#4911=DIRECTION('ref_axis',(0.,0.939692620785908,-0.342020143325669));
#4912=DIRECTION('',(0.,0.939692620785908,-0.342020143325669));
#4913=DIRECTION('center_axis',(0.,-0.342020143325669,-0.939692620785908));
#4914=DIRECTION('ref_axis',(0.,-0.939692620785908,0.342020143325669));
#4915=DIRECTION('center_axis',(0.,1.,0.));
#4916=DIRECTION('ref_axis',(1.,0.,0.));
#4917=DIRECTION('',(1.,0.,0.));
#4918=DIRECTION('center_axis',(0.,-1.,0.));
#4919=DIRECTION('ref_axis',(1.,0.,0.));
#4920=DIRECTION('',(-0.766044443118978,0.,0.642787609686539));
#4921=DIRECTION('center_axis',(0.,1.,0.));
#4922=DIRECTION('ref_axis',(1.,0.,0.));
#4923=DIRECTION('center_axis',(0.,1.,0.));
#4924=DIRECTION('ref_axis',(1.,0.,0.));
#4925=DIRECTION('center_axis',(0.,-1.,0.));
#4926=DIRECTION('ref_axis',(1.,0.,0.));
#4927=DIRECTION('',(-1.,0.,0.));
#4928=DIRECTION('center_axis',(0.,1.,0.));
#4929=DIRECTION('ref_axis',(1.,0.,0.));
#4930=DIRECTION('',(-0.866025403784438,0.,-0.500000000000001));
#4931=DIRECTION('',(-0.5,0.,0.866025403784439));
#4932=DIRECTION('center_axis',(0.642787609686539,0.,0.766044443118978));
#4933=DIRECTION('ref_axis',(0.766044443118978,0.,-0.642787609686539));
#4934=DIRECTION('',(0.766044443118978,0.,-0.642787609686539));
#4935=DIRECTION('',(0.,-1.,0.));
#4936=DIRECTION('',(0.766044443118978,0.,-0.642787609686539));
#4937=DIRECTION('',(0.,1.,0.));
#4938=DIRECTION('center_axis',(0.,1.,0.));
#4939=DIRECTION('ref_axis',(1.,0.,0.));
#4940=DIRECTION('',(0.,-1.,0.));
#4941=DIRECTION('center_axis',(0.,-1.,0.));
#4942=DIRECTION('ref_axis',(1.,0.,0.));
#4943=DIRECTION('',(0.,1.,0.));
#4944=DIRECTION('center_axis',(0.,-1.,0.));
#4945=DIRECTION('ref_axis',(1.,0.,0.));
#4946=DIRECTION('center_axis',(0.,1.,0.));
#4947=DIRECTION('ref_axis',(1.,0.,0.));
#4948=DIRECTION('',(0.,1.,0.));
#4949=DIRECTION('',(0.,1.,0.));
#4950=DIRECTION('center_axis',(0.,1.,0.));
#4951=DIRECTION('ref_axis',(1.,0.,0.));
#4952=DIRECTION('center_axis',(0.,1.,0.));
#4953=DIRECTION('ref_axis',(1.,0.,0.));
#4954=DIRECTION('',(0.,1.,0.));
#4955=DIRECTION('center_axis',(0.,-1.,0.));
#4956=DIRECTION('ref_axis',(1.,0.,0.));
#4957=DIRECTION('center_axis',(0.,-1.,0.));
#4958=DIRECTION('ref_axis',(1.,0.,0.));
#4959=DIRECTION('center_axis',(-0.500000000000001,0.,0.866025403784438));
#4960=DIRECTION('ref_axis',(0.866025403784438,0.,0.500000000000001));
#4961=DIRECTION('',(0.866025403784438,0.,0.500000000000001));
#4962=DIRECTION('',(0.866025403784438,0.,0.500000000000001));
#4963=DIRECTION('',(0.,1.,0.));
#4964=DIRECTION('center_axis',(0.,1.,0.));
#4965=DIRECTION('ref_axis',(1.,0.,0.));
#4966=DIRECTION('',(1.,0.,0.));
#4967=DIRECTION('center_axis',(0.,1.,0.));
#4968=DIRECTION('ref_axis',(1.,0.,0.));
#4969=DIRECTION('',(0.5,0.,-0.866025403784439));
#4970=DIRECTION('center_axis',(0.866025403784439,0.,0.5));
#4971=DIRECTION('ref_axis',(0.5,0.,-0.866025403784439));
#4972=DIRECTION('',(0.5,0.,-0.866025403784439));
#4973=DIRECTION('center_axis',(-0.866025403784439,0.,-0.5));
#4974=DIRECTION('ref_axis',(0.5,-5.60864116861872E-16,-0.866025403784439));
#4975=DIRECTION('center_axis',(0.866025403784439,0.,0.5));
#4976=DIRECTION('ref_axis',(0.5,0.,-0.866025403784439));
#4977=DIRECTION('',(0.,1.,0.));
#4978=DIRECTION('',(-0.5,0.,0.866025403784439));
#4979=DIRECTION('center_axis',(-0.866025403784439,0.,-0.5));
#4980=DIRECTION('ref_axis',(0.5,5.60864116861872E-16,-0.866025403784439));
#4981=DIRECTION('center_axis',(-0.500000000000001,0.,0.866025403784438));
#4982=DIRECTION('ref_axis',(0.866025403784438,0.,0.500000000000001));
#4983=DIRECTION('',(-0.866025403784438,0.,-0.500000000000001));
#4984=DIRECTION('',(0.,1.,0.));
#4985=DIRECTION('center_axis',(0.,1.,0.));
#4986=DIRECTION('ref_axis',(1.,0.,0.));
#4987=DIRECTION('',(0.,-1.,0.));
#4988=DIRECTION('center_axis',(0.,1.,0.));
#4989=DIRECTION('ref_axis',(1.,0.,0.));
#4990=DIRECTION('center_axis',(0.642787609686539,0.,0.766044443118978));
#4991=DIRECTION('ref_axis',(0.766044443118978,0.,-0.642787609686539));
#4992=DIRECTION('',(-0.766044443118978,0.,0.642787609686539));
#4993=DIRECTION('',(0.,-1.,0.));
#4994=DIRECTION('center_axis',(0.,1.,0.));
#4995=DIRECTION('ref_axis',(1.,0.,0.));
#4996=DIRECTION('',(-1.,0.,0.));
#4997=DIRECTION('center_axis',(0.,1.,0.));
#4998=DIRECTION('ref_axis',(1.,0.,0.));
#4999=DIRECTION('',(0.,1.,0.));
#5000=DIRECTION('',(0.,1.,0.));
#5001=DIRECTION('center_axis',(0.499999999999999,0.,0.866025403784439));
#5002=DIRECTION('ref_axis',(0.612372435695795,-0.707106781186548,-0.353553390593273));
#5003=DIRECTION('',(0.499999999999999,0.,0.866025403784439));
#5004=DIRECTION('',(-0.499999999999999,0.,-0.866025403784439));
#5005=DIRECTION('center_axis',(0.,0.,-1.));
#5006=DIRECTION('ref_axis',(-1.,0.,0.));
#5007=DIRECTION('',(1.,0.,0.));
#5008=DIRECTION('',(0.,-1.,0.));
#5009=DIRECTION('',(-1.,0.,0.));
#5010=DIRECTION('',(0.,1.,0.));
#5011=DIRECTION('center_axis',(0.,1.,0.));
#5012=DIRECTION('ref_axis',(1.,0.,0.));
#5013=DIRECTION('center_axis',(0.,1.,0.));
#5014=DIRECTION('ref_axis',(1.,0.,0.));
#5015=DIRECTION('',(0.,1.,0.));
#5016=DIRECTION('center_axis',(0.,1.,0.));
#5017=DIRECTION('ref_axis',(-1.,0.,6.44114647103928E-11));
#5018=DIRECTION('',(0.,1.,0.));
#5019=DIRECTION('center_axis',(0.,1.,0.));
#5020=DIRECTION('ref_axis',(1.,0.,0.));
#5021=DIRECTION('',(-1.,0.,0.));
#5022=DIRECTION('',(-0.360066009547454,0.,0.932926829268283));
#5023=DIRECTION('center_axis',(0.,-1.,0.));
#5024=DIRECTION('ref_axis',(-0.360066009547498,0.,0.932926829268266));
#5025=DIRECTION('',(0.360066009546945,0.,0.93292682926848));
#5026=DIRECTION('',(1.,0.,0.));
#5027=DIRECTION('',(-0.499999999999999,0.,-0.866025403784439));
#5028=DIRECTION('center_axis',(0.,1.,0.));
#5029=DIRECTION('ref_axis',(0.989015863361917,0.,-0.147809411129611));
#5030=DIRECTION('',(0.224951054343865,0.,-0.974370064785235));
#5031=DIRECTION('',(0.,1.,0.));
#5032=DIRECTION('center_axis',(-0.499999999999999,0.,-0.866025403784439));
#5033=DIRECTION('ref_axis',(0.612372435695795,0.707106781186548,-0.353553390593273));
#5034=DIRECTION('',(0.499999999999999,0.,0.866025403784439));
#5035=DIRECTION('center_axis',(0.,0.342020143325669,0.939692620785909));
#5036=DIRECTION('ref_axis',(-0.989449019936356,0.136144037213806,-0.0495523771186549));
#5037=DIRECTION('center_axis',(0.,-0.342020143325669,-0.939692620785908));
#5038=DIRECTION('ref_axis',(-0.989449019936356,0.136144037213806,-0.0495523771186549));
#5039=DIRECTION('',(0.,0.342020143325669,0.939692620785909));
#5040=DIRECTION('center_axis',(0.,0.342020143325669,0.939692620785908));
#5041=DIRECTION('ref_axis',(-0.989449019936356,0.136144037213806,-0.0495523771186549));
#5042=DIRECTION('',(0.,-0.342020143325669,-0.939692620785909));
#5043=DIRECTION('center_axis',(0.,0.342020143325669,0.939692620785909));
#5044=DIRECTION('ref_axis',(1.,0.,0.));
#5045=DIRECTION('center_axis',(0.,-0.342020143325669,-0.939692620785908));
#5046=DIRECTION('ref_axis',(1.,0.,0.));
#5047=DIRECTION('',(0.,-0.342020143325669,-0.939692620785909));
#5048=DIRECTION('center_axis',(0.,0.342020143325669,0.939692620785908));
#5049=DIRECTION('ref_axis',(1.,0.,0.));
#5050=DIRECTION('center_axis',(0.,0.342020143325669,0.939692620785909));
#5051=DIRECTION('ref_axis',(-0.995260698297211,-0.0913782462704391,0.0332589617018879));
#5052=DIRECTION('center_axis',(0.,-0.342020143325669,-0.939692620785908));
#5053=DIRECTION('ref_axis',(-0.995260698297211,-0.0913782462704391,0.0332589617018879));
#5054=DIRECTION('',(0.,0.342020143325669,0.939692620785909));
#5055=DIRECTION('center_axis',(0.,0.342020143325669,0.939692620785908));
#5056=DIRECTION('ref_axis',(-0.995260698297211,-0.0913782462704391,0.0332589617018879));
#5057=DIRECTION('center_axis',(-0.803337473792383,0.55960956244338,-0.203681223540124));
#5058=DIRECTION('ref_axis',(-0.595524057617216,-0.754890296123495,0.274757597925351));
#5059=DIRECTION('',(-0.595524057617216,-0.754890296123495,0.274757597925351));
#5060=DIRECTION('',(0.,-0.342020143325669,-0.939692620785908));
#5061=DIRECTION('center_axis',(-0.803337473792383,0.55960956244338,-0.203681223540124));
#5062=DIRECTION('ref_axis',(0.595524057617216,0.754890296123495,-0.274757597925351));
#5063=DIRECTION('',(0.595524057617216,0.754890296123495,-0.274757597925351));
#5064=DIRECTION('center_axis',(0.,0.342020143325669,0.939692620785909));
#5065=DIRECTION('ref_axis',(-0.995260698297211,-0.0913782462704391,0.0332589617018879));
#5066=DIRECTION('',(0.,0.342020143325669,0.939692620785909));
#5067=DIRECTION('center_axis',(0.,0.342020143325669,0.939692620785908));
#5068=DIRECTION('ref_axis',(-0.995260698297211,-0.0913782462704391,0.0332589617018879));
#5069=DIRECTION('',(0.,-0.342020143325669,-0.939692620785909));
#5070=DIRECTION('center_axis',(-0.803337473792383,0.55960956244338,-0.203681223540124));
#5071=DIRECTION('ref_axis',(-0.595524057617216,-0.754890296123495,0.274757597925351));
#5072=DIRECTION('center_axis',(-0.803337473792383,0.55960956244338,-0.203681223540124));
#5073=DIRECTION('ref_axis',(0.595524057617216,0.754890296123495,-0.274757597925351));
#5074=DIRECTION('',(0.,-0.342020143325669,-0.939692620785908));
#5075=DIRECTION('',(0.595524057617216,0.754890296123495,-0.274757597925351));
#5076=DIRECTION('center_axis',(0.,0.342020143325669,0.939692620785909));
#5077=DIRECTION('ref_axis',(-0.989449019936356,0.136144037213806,-0.0495523771186549));
#5078=DIRECTION('',(0.,0.342020143325669,0.939692620785909));
#5079=DIRECTION('center_axis',(0.,0.342020143325669,0.939692620785908));
#5080=DIRECTION('ref_axis',(-0.989449019936356,0.136144037213806,-0.0495523771186549));
#5081=DIRECTION('',(0.,-0.342020143325669,-0.939692620785909));
#5082=DIRECTION('center_axis',(0.,0.342020143325669,0.939692620785909));
#5083=DIRECTION('ref_axis',(1.,0.,0.));
#5084=DIRECTION('center_axis',(0.,0.342020143325669,0.939692620785908));
#5085=DIRECTION('ref_axis',(1.,0.,0.));
#5086=DIRECTION('center_axis',(-0.830984469274328,-0.522746884861191,0.190264306144855));
#5087=DIRECTION('ref_axis',(0.556295615500305,-0.780869973764781,0.284213427282611));
#5088=DIRECTION('',(-0.556295615500305,0.780869973764781,-0.284213427282611));
#5089=DIRECTION('',(0.,0.342020143325669,0.939692620785908));
#5090=DIRECTION('center_axis',(-0.830984469274328,-0.522746884861191,0.190264306144855));
#5091=DIRECTION('ref_axis',(0.556295615500305,-0.780869973764781,0.28421342728261));
#5092=DIRECTION('center_axis',(-0.830984469274328,-0.522746884861191,0.190264306144855));
#5093=DIRECTION('ref_axis',(0.556295615500305,-0.780869973764781,0.284213427282611));
#5094=DIRECTION('',(-0.556295615500305,0.780869973764781,-0.28421342728261));
#5095=DIRECTION('center_axis',(-0.830984469274328,-0.522746884861191,0.190264306144855));
#5096=DIRECTION('ref_axis',(0.556295615500305,-0.780869973764781,0.28421342728261));
#5097=DIRECTION('',(0.,0.342020143325669,0.939692620785908));
#5098=DIRECTION('',(0.556295615500305,-0.780869973764781,0.284213427282611));
#5099=DIRECTION('center_axis',(0.,0.342020143325669,0.939692620785908));
#5100=DIRECTION('ref_axis',(1.,0.,0.));
#5101=DIRECTION('center_axis',(0.,0.342020143325669,0.939692620785908));
#5102=DIRECTION('ref_axis',(0.,-0.939692620785908,0.342020143325669));
#5103=DIRECTION('',(1.,0.,0.));
#5104=DIRECTION('',(-5.95480738626269E-12,-0.939692620785908,0.342020143325669));
#5105=DIRECTION('center_axis',(0.,-0.342020143325669,-0.939692620785908));
#5106=DIRECTION('ref_axis',(1.,-5.59661324413234E-12,2.03700063356418E-12));
#5107=DIRECTION('',(-0.86602540378455,-0.469846310392773,0.171010071662768));
#5108=DIRECTION('center_axis',(0.,-0.342020143325669,-0.939692620785908));
#5109=DIRECTION('ref_axis',(1.,0.,0.));
#5110=DIRECTION('',(0.891006524188352,-0.426611522512188,0.155273895789422));
#5111=DIRECTION('',(0.,-0.939692620785908,0.342020143325669));
#5112=DIRECTION('center_axis',(0.,-0.342020143325669,-0.939692620785908));
#5113=DIRECTION('ref_axis',(1.,0.,0.));
#5114=DIRECTION('',(0.,-0.939692620785908,0.342020143325669));
#5115=DIRECTION('',(0.,-0.939692620785908,0.342020143325669));
#5116=DIRECTION('center_axis',(0.,-0.342020143325669,-0.939692620785908));
#5117=DIRECTION('ref_axis',(1.,0.,0.));
#5118=DIRECTION('',(0.,-0.939692620785908,0.342020143325669));
#5119=DIRECTION('',(-0.920504853452433,-0.367167158152738,0.133637916567708));
#5120=DIRECTION('center_axis',(0.,-0.342020143325669,-0.939692620785908));
#5121=DIRECTION('ref_axis',(1.,0.,0.));
#5122=DIRECTION('',(0.866025403784482,-0.469846310392885,0.171010071662809));
#5123=DIRECTION('center_axis',(0.,-0.342020143325669,-0.939692620785908));
#5124=DIRECTION('ref_axis',(0.707106781186352,-0.664463024388858,0.241844762648042));
#5125=DIRECTION('',(5.81837834027928E-12,-0.939692620785908,0.342020143325669));
#5126=DIRECTION('',(-1.,-4.39270898386051E-16,1.59881531791896E-16));
#5127=DIRECTION('center_axis',(0.,0.342020143325669,0.939692620785908));
#5128=DIRECTION('ref_axis',(0.,-0.939692620785908,0.342020143325669));
#5129=DIRECTION('center_axis',(0.,0.342020143325669,0.939692620785908));
#5130=DIRECTION('ref_axis',(0.,-0.939692620785908,0.342020143325669));
#5131=DIRECTION('center_axis',(0.,0.342020143325669,0.939692620785908));
#5132=DIRECTION('ref_axis',(1.,1.63268091856641E-17,-3.26536183713281E-17));
#5133=DIRECTION('',(0.,-0.342020143325669,-0.939692620785908));
#5134=DIRECTION('center_axis',(0.,0.342020143325669,0.939692620785908));
#5135=DIRECTION('ref_axis',(1.,0.,0.));
#5136=DIRECTION('center_axis',(0.,-0.342020143325669,-0.939692620785908));
#5137=DIRECTION('ref_axis',(1.,2.49116059683642E-17,-9.06708306025284E-18));
#5138=DIRECTION('center_axis',(-1.,0.,0.));
#5139=DIRECTION('ref_axis',(0.,-0.939692620785908,0.34202014332567));
#5140=DIRECTION('center_axis',(0.,0.342020143325669,0.939692620785908));
#5141=DIRECTION('ref_axis',(1.,0.,0.));
#5142=DIRECTION('center_axis',(0.,0.342020143325669,0.939692620785908));
#5143=DIRECTION('ref_axis',(1.,1.63268091856641E-17,-3.26536183713281E-17));
#5144=DIRECTION('center_axis',(1.,0.,0.));
#5145=DIRECTION('ref_axis',(0.,0.939692620785909,-0.342020143325668));
#5146=DIRECTION('center_axis',(0.,-0.342020143325669,-0.939692620785908));
#5147=DIRECTION('ref_axis',(1.,2.49116059683642E-17,-9.06708306025284E-18));
#5148=DIRECTION('center_axis',(0.,0.342020143325669,0.939692620785908));
#5149=DIRECTION('ref_axis',(1.,0.,0.));
#5150=DIRECTION('center_axis',(0.,-0.342020143325669,-0.939692620785908));
#5151=DIRECTION('ref_axis',(0.,-0.939692620785908,0.342020143325669));
#5152=DIRECTION('',(1.,4.39270898386051E-16,-1.59881531791896E-16));
#5153=DIRECTION('',(-5.81837834027928E-12,0.939692620785908,-0.342020143325669));
#5154=DIRECTION('center_axis',(0.,0.342020143325669,0.939692620785908));
#5155=DIRECTION('ref_axis',(0.707106781186352,-0.664463024388858,0.241844762648042));
#5156=DIRECTION('',(-0.866025403784482,0.469846310392885,-0.171010071662809));
#5157=DIRECTION('center_axis',(0.,0.342020143325669,0.939692620785908));
#5158=DIRECTION('ref_axis',(1.,0.,0.));
#5159=DIRECTION('',(0.920504853452433,0.367167158152738,-0.133637916567708));
#5160=DIRECTION('',(0.,0.939692620785908,-0.342020143325669));
#5161=DIRECTION('center_axis',(0.,0.342020143325669,0.939692620785908));
#5162=DIRECTION('ref_axis',(1.,0.,0.));
#5163=DIRECTION('',(0.,0.939692620785908,-0.342020143325669));
#5164=DIRECTION('',(0.,0.939692620785908,-0.342020143325669));
#5165=DIRECTION('center_axis',(0.,0.342020143325669,0.939692620785908));
#5166=DIRECTION('ref_axis',(1.,0.,0.));
#5167=DIRECTION('',(0.,0.939692620785908,-0.342020143325669));
#5168=DIRECTION('',(-0.891006524188352,0.426611522512188,-0.155273895789422));
#5169=DIRECTION('center_axis',(0.,0.342020143325669,0.939692620785908));
#5170=DIRECTION('ref_axis',(1.,0.,0.));
#5171=DIRECTION('',(0.86602540378455,0.469846310392773,-0.171010071662768));
#5172=DIRECTION('center_axis',(0.,0.342020143325669,0.939692620785908));
#5173=DIRECTION('ref_axis',(1.,-5.59661324413234E-12,2.03700063356418E-12));
#5174=DIRECTION('',(5.95480738626269E-12,0.939692620785908,-0.342020143325669));
#5175=DIRECTION('',(-1.,0.,0.));
#5176=DIRECTION('center_axis',(0.,-0.342020143325669,-0.939692620785908));
#5177=DIRECTION('ref_axis',(0.,-0.939692620785908,0.342020143325669));
#5178=DIRECTION('center_axis',(0.,-0.342020143325669,-0.939692620785908));
#5179=DIRECTION('ref_axis',(-1.,0.,0.));
#5180=DIRECTION('center_axis',(-1.,0.,0.));
#5181=DIRECTION('ref_axis',(0.,0.939692620785908,-0.342020143325669));
#5182=DIRECTION('center_axis',(0.,-0.342020143325669,-0.939692620785908));
#5183=DIRECTION('ref_axis',(1.,1.46941282670977E-16,-3.26536183713281E-17));
#5184=DIRECTION('center_axis',(0.,-0.342020143325669,-0.939692620785908));
#5185=DIRECTION('ref_axis',(-1.,0.,0.));
#5186=DIRECTION('center_axis',(0.,-0.342020143325669,-0.939692620785908));
#5187=DIRECTION('ref_axis',(1.,1.46941282670977E-16,-3.26536183713281E-17));
#5188=DIRECTION('center_axis',(1.,0.,0.));
#5189=DIRECTION('ref_axis',(0.,-0.939692620785909,0.342020143325668));
#5190=DIRECTION('center_axis',(0.,0.342020143325669,0.939692620785908));
#5191=DIRECTION('ref_axis',(0.,-0.939692620785908,0.342020143325669));
#5192=DIRECTION('',(0.,0.342020143325669,0.939692620785908));
#5193=DIRECTION('center_axis',(0.974370064785235,0.,0.224951054343865));
#5194=DIRECTION('ref_axis',(0.224951054343865,0.,-0.974370064785235));
#5195=DIRECTION('',(0.,1.,0.));
#5196=DIRECTION('',(0.224951054343865,0.,-0.974370064785235));
#5197=DIRECTION('',(-0.224951054343865,0.,0.974370064785235));
#5198=DIRECTION('',(0.,1.,0.));
#5199=DIRECTION('center_axis',(-0.979146941872239,0.0613416062740599,0.193671044717482));
#5200=DIRECTION('ref_axis',(-4.60508785668835E-15,-0.953324597055821,0.301947367347949));
#5201=DIRECTION('',(0.979127929455136,-0.0672812628848868,-0.191785634043621));
#5202=DIRECTION('',(0.703938856958493,-9.98056511316747E-16,0.710260575890265));
#5203=DIRECTION('center_axis',(0.,1.,0.));
#5204=DIRECTION('ref_axis',(1.,0.,0.));
#5205=DIRECTION('center_axis',(0.,-1.,0.));
#5206=DIRECTION('ref_axis',(0.989015863361917,0.,-0.147809411129611));
#5207=DIRECTION('',(0.,1.,0.));
#5208=DIRECTION('center_axis',(0.,1.,0.));
#5209=DIRECTION('ref_axis',(0.989015863361917,0.,-0.147809411129611));
#5210=DIRECTION('center_axis',(-0.994098681915311,-0.106619148013833,0.0200041968358028));
#5211=DIRECTION('ref_axis',(2.60433168612879E-15,-0.184405251188574,-0.982850295484556));
#5212=DIRECTION('',(0.994078785157479,0.105450305129116,-0.0262221671111801));
#5213=DIRECTION('',(0.764171185455779,0.,0.645013487703249));
#5214=DIRECTION('center_axis',(-0.994168374682066,-0.105967064622789,-0.0200055991474843));
#5215=DIRECTION('ref_axis',(-3.78602017811972E-15,-0.185513638739377,0.982641689448232));
#5216=DIRECTION('',(0.994148473739239,0.104791139577487,0.0262226853695863));
#5217=DIRECTION('',(0.876621493686218,7.25816982232781E-16,0.48118058648219));
#5218=DIRECTION('center_axis',(-0.970378828273002,0.14671456219411,-0.191936882541388));
#5219=DIRECTION('ref_axis',(-1.68893003413385E-15,-0.794479057211064,-0.607291550783493));
#5220=DIRECTION('',(0.970360322057706,-0.151618396665194,0.188182643112326));
#5221=DIRECTION('center_axis',(-1.33472907403251E-15,0.104727390391442,
-0.994500967169866));
#5222=DIRECTION('ref_axis',(1.,-4.33680868994201E-16,-1.38777878078144E-15));
#5223=DIRECTION('center_axis',(-1.,0.,0.));
#5224=DIRECTION('ref_axis',(0.,-0.939692620785908,0.342020143325669));
#5225=DIRECTION('',(0.,0.342020143325669,0.939692620785908));
#5226=DIRECTION('center_axis',(1.10063110702794E-17,0.015861765899147,-0.99987419427774));
#5227=DIRECTION('ref_axis',(1.,-6.93889390390722E-16,0.));
#5228=DIRECTION('center_axis',(0.,-0.0158037961585556,-0.99987511221501));
#5229=DIRECTION('ref_axis',(1.,0.,0.));
#5230=DIRECTION('center_axis',(2.56228961713947E-15,-0.135288300723827,
-0.990806275559082));
#5231=DIRECTION('ref_axis',(1.,-1.38777878078144E-15,2.77555756156289E-15));
#5232=DIRECTION('center_axis',(0.920504853452433,0.367167158152738,-0.133637916567708));
#5233=DIRECTION('ref_axis',(0.344497710936935,-0.601256222582724,0.720980084305223));
#5234=DIRECTION('',(-0.920504853452433,-0.367167158152738,0.133637916567708));
#5235=DIRECTION('',(0.920504853452433,0.367167158152738,-0.133637916567708));
#5236=DIRECTION('center_axis',(0.216738633644315,-0.195233059417838,0.956508451189192));
#5237=DIRECTION('ref_axis',(0.975275803064745,0.,-0.220991194296103));
#5238=DIRECTION('center_axis',(0.216738633644315,-0.195233059417838,0.956508451189192));
#5239=DIRECTION('ref_axis',(0.325107950466473,-0.909435171127878,-0.259292286925578));
#5240=DIRECTION('',(0.920504853452433,0.367167158152738,-0.133637916567708));
#5241=DIRECTION('center_axis',(0.216738633644315,-0.195233059417838,0.956508451189192));
#5242=DIRECTION('ref_axis',(0.325107950466473,-0.909435171127878,-0.259292286925578));
#5243=DIRECTION('center_axis',(0.,0.342020143325669,0.939692620785908));
#5244=DIRECTION('ref_axis',(1.,0.,0.));
#5245=DIRECTION('',(0.,0.342020143325669,0.939692620785908));
#5246=DIRECTION('',(0.,0.342020143325669,0.939692620785908));
#5247=DIRECTION('center_axis',(0.,0.342020143325669,0.939692620785908));
#5248=DIRECTION('ref_axis',(1.,0.,0.));
#5249=DIRECTION('center_axis',(-0.920504853452433,-0.367167158152738,0.133637916567708));
#5250=DIRECTION('ref_axis',(0.344497710936934,-0.924026053222357,-0.165822737058361));
#5251=DIRECTION('',(-0.920504853452433,-0.367167158152738,0.133637916567708));
#5252=DIRECTION('',(0.920504853452433,0.367167158152738,-0.133637916567708));
#5253=DIRECTION('center_axis',(0.216738633644315,-0.764388981265027,-0.607234592234838));
#5254=DIRECTION('ref_axis',(-0.941806182345477,0.,-0.336156384582888));
#5255=DIRECTION('center_axis',(0.216738633644315,-0.764388981265027,-0.607234592234838));
#5256=DIRECTION('ref_axis',(0.325107950466472,-0.529997889896419,0.783203075357109));
#5257=DIRECTION('',(-0.920504853452433,-0.367167158152738,0.133637916567708));
#5258=DIRECTION('center_axis',(0.216738633644315,-0.764388981265027,-0.607234592234838));
#5259=DIRECTION('ref_axis',(0.325107950466473,-0.529997889896419,0.783203075357108));
#5260=DIRECTION('center_axis',(-0.891006524188352,0.426611522512188,-0.155273895789422));
#5261=DIRECTION('ref_axis',(0.400271891702346,0.899586595557569,0.174717972189951));
#5262=DIRECTION('',(-0.891006524188352,0.426611522512188,-0.155273895789422));
#5263=DIRECTION('',(0.891006524188352,-0.426611522512188,0.155273895789422));
#5264=DIRECTION('center_axis',(0.,0.342020143325669,0.939692620785908));
#5265=DIRECTION('ref_axis',(1.,0.,0.));
#5266=DIRECTION('center_axis',(0.251828619289934,0.749013045538581,0.612830975163254));
#5267=DIRECTION('ref_axis',(0.3777429289349,0.50693398630675,-0.774808500964484));
#5268=DIRECTION('center_axis',(0.,0.342020143325669,0.939692620785908));
#5269=DIRECTION('ref_axis',(1.,0.,0.));
#5270=DIRECTION('',(0.,0.342020143325669,0.939692620785908));
#5271=DIRECTION('',(0.,-0.342020143325669,-0.939692620785908));
#5272=DIRECTION('center_axis',(0.251828619289934,0.749013045538581,0.612830975163254));
#5273=DIRECTION('ref_axis',(0.924950751416709,0.,-0.380086973538512));
#5274=DIRECTION('center_axis',(0.251828619289934,0.749013045538581,0.612830975163254));
#5275=DIRECTION('ref_axis',(0.3777429289349,0.50693398630675,-0.774808500964484));
#5276=DIRECTION('',(-0.891006524188352,0.426611522512188,-0.155273895789422));
#5277=DIRECTION('center_axis',(0.891006524188352,-0.426611522512188,0.155273895789422));
#5278=DIRECTION('ref_axis',(0.400271891702346,0.576816764917937,-0.71208484917363));
#5279=DIRECTION('',(-0.891006524188352,0.426611522512188,-0.155273895789422));
#5280=DIRECTION('',(0.891006524188352,-0.426611522512188,0.155273895789422));
#5281=DIRECTION('center_axis',(0.251828619289934,0.179857123691393,-0.950912068260775));
#5282=DIRECTION('ref_axis',(-0.966675899395617,0.,-0.256003331087069));
#5283=DIRECTION('center_axis',(0.251828619289934,0.179857123691393,-0.950912068260775));
#5284=DIRECTION('ref_axis',(0.3777429289349,0.886371267538209,0.267686861318203));
#5285=DIRECTION('',(0.891006524188352,-0.426611522512188,0.155273895789422));
#5286=DIRECTION('center_axis',(0.251828619289934,0.179857123691393,-0.950912068260775));
#5287=DIRECTION('ref_axis',(0.3777429289349,0.886371267538209,0.267686861318203));
#5288=DIRECTION('center_axis',(0.,-0.342020143325669,-0.939692620785908));
#5289=DIRECTION('ref_axis',(1.,0.,0.));
#5290=DIRECTION('',(0.,-0.342020143325669,-0.939692620785908));
#5291=DIRECTION('',(0.,0.342020143325669,0.939692620785908));
#5292=DIRECTION('center_axis',(0.,0.342020143325669,0.939692620785908));
#5293=DIRECTION('ref_axis',(1.,0.,0.));
#5294=DIRECTION('',(0.,0.342020143325669,0.939692620785908));
#5295=DIRECTION('center_axis',(0.,-0.342020143325669,-0.939692620785908));
#5296=DIRECTION('ref_axis',(1.,0.,0.));
#5297=DIRECTION('center_axis',(0.891006524188352,-0.426611522512188,0.155273895789422));
#5298=DIRECTION('ref_axis',(0.131559250479667,0.569972979958124,0.811062861762814));
#5299=DIRECTION('',(0.891006524188352,-0.426611522512188,0.155273895789422));
#5300=DIRECTION('center_axis',(0.,0.342020143325669,0.939692620785908));
#5301=DIRECTION('ref_axis',(1.,0.,0.));
#5302=DIRECTION('center_axis',(0.,0.342020143325669,0.939692620785908));
#5303=DIRECTION('ref_axis',(1.,0.,0.));
#5304=DIRECTION('',(0.500000000000559,-0.81379768134907,0.296198132725913));
#5305=DIRECTION('center_axis',(0.,-0.342020143325669,-0.939692620785908));
#5306=DIRECTION('ref_axis',(1.,0.,0.));
#5307=DIRECTION('',(0.8660254037845,0.469846310392854,-0.171010071662798));
#5308=DIRECTION('',(-0.499999999999851,0.813797681349455,-0.296198132726053));
#5309=DIRECTION('',(-0.86602540378455,-0.469846310392773,0.171010071662768));
#5310=DIRECTION('center_axis',(0.,-0.342020143325669,-0.939692620785908));
#5311=DIRECTION('ref_axis',(1.,0.,0.));
#5312=DIRECTION('center_axis',(0.,-0.342020143325669,-0.939692620785908));
#5313=DIRECTION('ref_axis',(1.,0.,0.));
#5314=DIRECTION('center_axis',(0.,0.342020143325669,0.939692620785908));
#5315=DIRECTION('ref_axis',(1.,-5.59661324413234E-12,2.03700063356418E-12));
#5316=DIRECTION('',(0.86602540378455,0.469846310392773,-0.171010071662768));
#5317=DIRECTION('center_axis',(-0.891006524188352,0.426611522512188,-0.155273895789422));
#5318=DIRECTION('ref_axis',(0.131559250479667,-0.0847165241931576,-0.987681767646775));
#5319=DIRECTION('',(-0.891006524188352,0.426611522512188,-0.155273895789422));
#5320=DIRECTION('center_axis',(0.920504853452433,0.367167158152738,-0.133637916567708));
#5321=DIRECTION('ref_axis',(0.113227687435342,-0.578005611774549,-0.808139222878814));
#5322=DIRECTION('',(0.920504853452433,0.367167158152738,-0.133637916567708));
#5323=DIRECTION('center_axis',(0.,0.342020143325669,0.939692620785908));
#5324=DIRECTION('ref_axis',(1.,0.,0.));
#5325=DIRECTION('center_axis',(0.,-0.342020143325669,-0.939692620785908));
#5326=DIRECTION('ref_axis',(1.,0.,0.));
#5327=DIRECTION('',(0.499999999999926,0.813797681349414,-0.296198132726038));
#5328=DIRECTION('center_axis',(0.,0.342020143325669,0.939692620785908));
#5329=DIRECTION('ref_axis',(1.,0.,0.));
#5330=DIRECTION('center_axis',(0.,0.342020143325669,0.939692620785908));
#5331=DIRECTION('ref_axis',(1.,0.,0.));
#5332=DIRECTION('center_axis',(0.,-0.342020143325669,-0.939692620785908));
#5333=DIRECTION('ref_axis',(0.707106781186352,-0.664463024388858,0.241844762648042));
#5334=DIRECTION('',(0.866025403784482,-0.469846310392885,0.171010071662809));
#5335=DIRECTION('center_axis',(0.,-0.342020143325669,-0.939692620785908));
#5336=DIRECTION('ref_axis',(1.,0.,0.));
#5337=DIRECTION('center_axis',(-0.920504853452433,-0.367167158152738,0.133637916567708));
#5338=DIRECTION('ref_axis',(0.113227687435333,0.0766838923767339,0.990605406530774));
#5339=DIRECTION('',(-0.920504853452433,-0.367167158152738,0.133637916567708));
#5340=DIRECTION('center_axis',(-0.453990499739578,-0.837272255851896,0.304742179107006));
#5341=DIRECTION('ref_axis',(0.891006524188352,-0.426611522512188,0.155273895789422));
#5342=DIRECTION('',(0.,-0.342020143325668,-0.939692620785909));
#5343=DIRECTION('center_axis',(-0.390731128489291,0.864991618186865,-0.314831201909775));
#5344=DIRECTION('ref_axis',(-0.920504853452433,-0.367167158152738,0.133637916567708));
#5345=DIRECTION('',(0.,0.342020143325668,0.939692620785909));
#5346=DIRECTION('',(0.,0.342020143325669,0.939692620785908));
#5347=DIRECTION('',(0.,0.342020143325669,0.939692620785908));
#5348=DIRECTION('center_axis',(0.,0.342020143325669,0.939692620785908));
#5349=DIRECTION('ref_axis',(1.,0.,0.));
#5350=DIRECTION('',(0.,0.342020143325669,0.939692620785908));
#5351=DIRECTION('center_axis',(-0.499999999999926,-0.813797681349414,0.296198132726038));
#5352=DIRECTION('ref_axis',(0.866025403784482,-0.469846310392885,0.171010071662809));
#5353=DIRECTION('',(-0.866025403784482,0.469846310392885,-0.171010071662809));
#5354=DIRECTION('',(0.,-0.342020143325669,-0.939692620785908));
#5355=DIRECTION('center_axis',(-0.499999999999926,-0.813797681349414,0.296198132726038));
#5356=DIRECTION('ref_axis',(0.866025403784482,-0.469846310392885,0.171010071662809));
#5357=DIRECTION('',(0.,-0.342020143325669,-0.939692620785908));
#5358=DIRECTION('center_axis',(-0.499999999999807,0.813797681349478,-0.296198132726062));
#5359=DIRECTION('ref_axis',(-0.86602540378455,-0.469846310392773,0.171010071662768));
#5360=DIRECTION('',(0.,0.342020143325669,0.939692620785908));
#5361=DIRECTION('center_axis',(-4.67462326157961E-16,0.939692620785908,
-0.342020143325669));
#5362=DIRECTION('ref_axis',(-1.,-4.39270898386051E-16,1.59881531791896E-16));
#5363=DIRECTION('',(8.07793566946316E-28,-0.342020143325669,-0.939692620785908));
#5364=DIRECTION('',(1.,4.39270898386051E-16,-1.59881531791896E-16));
#5365=DIRECTION('',(0.,0.342020143325669,0.939692620785909));
#5366=DIRECTION('',(-1.,-4.39270898386051E-16,1.59881531791896E-16));
#5367=DIRECTION('',(0.,0.342020143325669,0.939692620785908));
#5368=DIRECTION('center_axis',(0.,0.342020143325669,0.939692620785908));
#5369=DIRECTION('ref_axis',(0.,-0.939692620785908,0.342020143325669));
#5370=DIRECTION('',(0.,-0.342020143325669,-0.939692620785908));
#5371=DIRECTION('center_axis',(0.,0.342020143325669,0.939692620785908));
#5372=DIRECTION('ref_axis',(1.,0.,0.));
#5373=DIRECTION('center_axis',(0.,0.342020143325669,0.939692620785908));
#5374=DIRECTION('ref_axis',(1.,0.,0.));
#5375=DIRECTION('center_axis',(0.,0.342020143325669,0.939692620785908));
#5376=DIRECTION('ref_axis',(1.,0.,0.));
#5377=DIRECTION('',(-0.499999999999768,0.8137976813495,-0.29619813272607));
#5378=DIRECTION('center_axis',(0.,-0.342020143325669,-0.939692620785908));
#5379=DIRECTION('ref_axis',(1.,0.,0.));
#5380=DIRECTION('center_axis',(0.499999999999807,-0.813797681349478,0.296198132726062));
#5381=DIRECTION('ref_axis',(-0.86602540378455,-0.469846310392773,0.171010071662768));
#5382=DIRECTION('',(0.,-0.342020143325669,-0.939692620785908));
#5383=DIRECTION('',(-0.86602540378455,-0.469846310392773,0.171010071662768));
#5384=DIRECTION('center_axis',(0.,-0.939692620785908,0.342020143325669));
#5385=DIRECTION('ref_axis',(1.,0.,0.));
#5386=DIRECTION('',(0.,0.342020143325669,0.939692620785908));
#5387=DIRECTION('',(1.,0.,0.));
#5388=DIRECTION('',(0.,0.342020143325669,0.939692620785909));
#5389=DIRECTION('',(-1.,0.,0.));
#5390=DIRECTION('center_axis',(0.,0.342020143325668,0.939692620785909));
#5391=DIRECTION('ref_axis',(1.,-5.59661324413234E-12,2.03700063356418E-12));
#5392=DIRECTION('',(0.,0.342020143325668,0.939692620785909));
#5393=DIRECTION('center_axis',(0.,0.342020143325669,0.939692620785908));
#5394=DIRECTION('ref_axis',(1.,-5.59661324413234E-12,2.03700063356418E-12));
#5395=DIRECTION('',(0.,0.342020143325668,0.939692620785909));
#5396=DIRECTION('center_axis',(0.,-0.342020143325669,-0.939692620785908));
#5397=DIRECTION('ref_axis',(1.,0.,0.));
#5398=DIRECTION('',(0.,0.342020143325669,0.939692620785908));
#5399=DIRECTION('center_axis',(0.,-0.342020143325669,-0.939692620785908));
#5400=DIRECTION('ref_axis',(1.,0.,0.));
#5401=DIRECTION('',(0.,0.342020143325669,0.939692620785908));
#5402=DIRECTION('center_axis',(0.,-0.342020143325669,-0.939692620785908));
#5403=DIRECTION('ref_axis',(1.,0.,0.));
#5404=DIRECTION('',(0.,-0.342020143325669,-0.939692620785908));
#5405=DIRECTION('center_axis',(0.,0.342020143325669,0.939692620785908));
#5406=DIRECTION('ref_axis',(1.,0.,0.));
#5407=DIRECTION('',(0.,-0.939692620785908,0.342020143325669));
#5408=DIRECTION('',(-0.866025403784431,0.469846310392966,-0.171010071662839));
#5409=DIRECTION('',(0.499999999999968,0.813797681349391,-0.29619813272603));
#5410=DIRECTION('center_axis',(0.499999999999926,0.813797681349414,-0.296198132726039));
#5411=DIRECTION('ref_axis',(0.866025403784482,-0.469846310392885,0.171010071662809));
#5412=DIRECTION('',(0.866025403784482,-0.469846310392885,0.171010071662809));
#5413=DIRECTION('',(0.866025403784481,-0.469846310392885,0.171010071662809));
#5414=DIRECTION('',(0.,0.342020143325669,0.939692620785908));
#5415=DIRECTION('center_axis',(-0.866025403784457,0.469846310392924,-0.171010071662823));
#5416=DIRECTION('ref_axis',(0.499999999999968,0.813797681349391,-0.29619813272603));
#5417=DIRECTION('',(0.499999999999968,0.813797681349391,-0.29619813272603));
#5418=DIRECTION('',(0.499999999999968,0.813797681349391,-0.29619813272603));
#5419=DIRECTION('',(0.,0.342020143325669,0.939692620785908));
#5420=DIRECTION('center_axis',(-0.500000000000013,-0.813797681349367,0.296198132726022));
#5421=DIRECTION('ref_axis',(-0.866025403784431,0.469846310392966,-0.171010071662839));
#5422=DIRECTION('',(-0.866025403784431,0.469846310392966,-0.171010071662839));
#5423=DIRECTION('',(-0.866025403784431,0.469846310392966,-0.171010071662839));
#5424=DIRECTION('',(0.,0.342020143325669,0.939692620785908));
#5425=DIRECTION('center_axis',(0.,-0.342020143325669,-0.939692620785908));
#5426=DIRECTION('ref_axis',(1.,0.,0.));
#5427=DIRECTION('',(0.,0.342020143325669,0.939692620785908));
#5428=DIRECTION('',(0.,-0.342020143325669,-0.939692620785908));
#5429=DIRECTION('center_axis',(0.,-0.342020143325669,-0.939692620785908));
#5430=DIRECTION('ref_axis',(1.,0.,0.));
#5431=DIRECTION('',(0.,0.342020143325669,0.939692620785908));
#5432=DIRECTION('center_axis',(0.,0.342020143325669,0.939692620785908));
#5433=DIRECTION('ref_axis',(1.,0.,0.));
#5434=DIRECTION('',(0.,-0.939692620785908,0.342020143325669));
#5435=DIRECTION('',(-0.499999999999851,0.813797681349455,-0.296198132726053));
#5436=DIRECTION('',(0.8660254037845,0.469846310392854,-0.171010071662798));
#5437=DIRECTION('center_axis',(0.499999999999807,-0.813797681349478,0.296198132726062));
#5438=DIRECTION('ref_axis',(-0.86602540378455,-0.469846310392773,0.171010071662768));
#5439=DIRECTION('',(0.,0.342020143325669,0.939692620785908));
#5440=DIRECTION('',(-0.86602540378455,-0.469846310392773,0.171010071662768));
#5441=DIRECTION('center_axis',(-0.499999999999894,0.813797681349431,-0.296198132726045));
#5442=DIRECTION('ref_axis',(0.8660254037845,0.469846310392854,-0.171010071662798));
#5443=DIRECTION('',(0.,0.342020143325669,0.939692620785908));
#5444=DIRECTION('',(0.8660254037845,0.469846310392854,-0.171010071662798));
#5445=DIRECTION('',(0.,0.342020143325669,0.939692620785908));
#5446=DIRECTION('center_axis',(-0.866025403784525,-0.469846310392814,0.171010071662783));
#5447=DIRECTION('ref_axis',(-0.499999999999851,0.813797681349455,-0.296198132726053));
#5448=DIRECTION('',(-0.499999999999851,0.813797681349455,-0.296198132726053));
#5449=DIRECTION('center_axis',(0.,0.342020143325668,0.939692620785909));
#5450=DIRECTION('ref_axis',(1.,0.,0.));
#5451=DIRECTION('center_axis',(0.,-0.342020143325669,-0.939692620785908));
#5452=DIRECTION('ref_axis',(1.,0.,0.));
#5453=DIRECTION('',(0.,0.342020143325668,0.939692620785909));
#5454=DIRECTION('center_axis',(0.,0.342020143325669,0.939692620785908));
#5455=DIRECTION('ref_axis',(1.,0.,0.));
#5456=DIRECTION('center_axis',(0.,0.342020143325669,0.939692620785908));
#5457=DIRECTION('ref_axis',(0.707106781186352,-0.664463024388858,0.241844762648042));
#5458=DIRECTION('center_axis',(0.,-0.342020143325669,-0.939692620785908));
#5459=DIRECTION('ref_axis',(1.,0.,0.));
#5460=DIRECTION('',(-0.500000000000646,-0.813797681349023,0.296198132725896));
#5461=DIRECTION('center_axis',(0.,0.342020143325669,0.939692620785908));
#5462=DIRECTION('ref_axis',(1.,0.,0.));
#5463=DIRECTION('center_axis',(0.,0.342020143325669,0.939692620785908));
#5464=DIRECTION('ref_axis',(1.,0.,0.));
#5465=DIRECTION('',(1.,4.39270898386051E-16,-1.59881531791896E-16));
#5466=DIRECTION('',(0.,-0.939692620785908,0.342020143325669));
#5467=DIRECTION('',(-0.499999999999926,-0.813797681349414,0.296198132726038));
#5468=DIRECTION('center_axis',(0.,-0.342020143325669,-0.939692620785908));
#5469=DIRECTION('ref_axis',(1.,0.,0.));
#5470=DIRECTION('',(0.,-0.939692620785908,0.342020143325669));
#5471=DIRECTION('center_axis',(0.,-0.342020143325669,-0.939692620785908));
#5472=DIRECTION('ref_axis',(1.,0.,0.));
#5473=DIRECTION('',(0.499999999999768,-0.8137976813495,0.29619813272607));
#5474=DIRECTION('',(0.,-0.939692620785908,0.342020143325669));
#5475=DIRECTION('',(-1.,0.,0.));
#5476=DIRECTION('',(0.,-0.939692620785908,0.342020143325669));
#5477=DIRECTION('center_axis',(0.,0.342020143325669,0.939692620785908));
#5478=DIRECTION('ref_axis',(0.,0.939692620785908,-0.342020143325669));
#5479=DIRECTION('',(0.,0.939692620785908,-0.342020143325669));
#5480=DIRECTION('center_axis',(0.,0.342020143325669,0.939692620785908));
#5481=DIRECTION('ref_axis',(0.,-0.939692620785908,0.342020143325669));
#5482=DIRECTION('center_axis',(-1.,-5.467487191301E-12,1.99000259386528E-12));
#5483=DIRECTION('ref_axis',(5.81837834027928E-12,-0.939692620785908,0.342020143325669));
#5484=DIRECTION('',(0.,0.342020143325668,0.939692620785909));
#5485=DIRECTION('center_axis',(0.,0.342020143325668,0.939692620785909));
#5486=DIRECTION('ref_axis',(1.,0.,0.));
#5487=DIRECTION('',(0.,0.342020143325668,0.939692620785909));
#5488=DIRECTION('center_axis',(-1.,5.59568855907248E-12,-2.03666407572632E-12));
#5489=DIRECTION('ref_axis',(-5.95480738626269E-12,-0.939692620785908,0.342020143325669));
#5490=DIRECTION('center_axis',(0.866025403784065,-0.469846310393562,0.171010071663055));
#5491=DIRECTION('ref_axis',(0.500000000000646,0.813797681349023,-0.296198132725896));
#5492=DIRECTION('',(0.,-0.342020143325668,-0.939692620785909));
#5493=DIRECTION('',(0.,0.342020143325668,0.939692620785909));
#5494=DIRECTION('center_axis',(0.,0.342020143325668,0.939692620785909));
#5495=DIRECTION('ref_axis',(1.,0.,0.));
#5496=DIRECTION('center_axis',(0.,0.342020143325668,0.939692620785909));
#5497=DIRECTION('ref_axis',(0.707106781186352,-0.664463024388858,0.241844762648042));
#5498=DIRECTION('center_axis',(0.,0.342020143325668,0.939692620785909));
#5499=DIRECTION('ref_axis',(1.,0.,0.));
#5500=DIRECTION('center_axis',(0.,0.342020143325668,0.939692620785909));
#5501=DIRECTION('ref_axis',(1.,0.,0.));
#5502=DIRECTION('',(0.,0.342020143325668,0.939692620785909));
#5503=DIRECTION('center_axis',(0.866025403784116,0.46984631039348,-0.171010071663026));
#5504=DIRECTION('ref_axis',(-0.500000000000559,0.81379768134907,-0.296198132725913));
#5505=DIRECTION('center_axis',(0.,0.342020143325668,0.939692620785909));
#5506=DIRECTION('ref_axis',(1.,0.,0.));
#5507=DIRECTION('center_axis',(0.,0.342020143325669,0.939692620785908));
#5508=DIRECTION('ref_axis',(0.,-0.939692620785908,0.342020143325669));
#5509=DIRECTION('center_axis',(1.,0.,0.));
#5510=DIRECTION('ref_axis',(0.,-0.422618261740699,0.90630778703665));
#5511=DIRECTION('center_axis',(1.,0.,0.));
#5512=DIRECTION('ref_axis',(0.,0.342020143325669,0.939692620785908));
#5513=DIRECTION('center_axis',(-1.,-4.39270898386051E-16,1.59881531791896E-16));
#5514=DIRECTION('ref_axis',(0.,0.90630778703665,0.422618261740699));
#5515=DIRECTION('center_axis',(1.,0.,0.));
#5516=DIRECTION('ref_axis',(0.,0.939692620785908,-0.342020143325669));
#5517=DIRECTION('center_axis',(0.988808356659516,3.84792767783118E-11,-0.14919126583117));
#5518=DIRECTION('ref_axis',(-3.89147973104779E-11,1.,0.));
#5519=DIRECTION('center_axis',(0.992626269887036,7.36292652888578E-11,-0.121215049932547));
#5520=DIRECTION('ref_axis',(0.121215048801269,0.000136621607735865,0.992626260623122));
#5521=DIRECTION('center_axis',(-0.992414019972677,0.,0.122940688796144));
#5522=DIRECTION('ref_axis',(0.122940688796144,0.,0.992414019972677));
#5523=DIRECTION('center_axis',(1.,3.13713805576711E-17,-1.24650658056034E-10));
#5524=DIRECTION('ref_axis',(-3.13713805576711E-17,1.,0.));
#5525=DIRECTION('center_axis',(0.,1.,0.));
#5526=DIRECTION('ref_axis',(0.,0.,1.));
#5527=DIRECTION('center_axis',(0.,-1.,0.));
#5528=DIRECTION('ref_axis',(-1.,0.,6.44114647103929E-11));
#5529=DIRECTION('center_axis',(-1.,0.,1.2882333516241E-10));
#5530=DIRECTION('ref_axis',(0.,1.,0.));
#5531=DIRECTION('center_axis',(0.,1.,0.));
#5532=DIRECTION('ref_axis',(-1.,0.,6.44114647103928E-11));
#5533=DIRECTION('center_axis',(0.,1.,0.));
#5534=DIRECTION('ref_axis',(0.,0.,1.));
#5535=DIRECTION('center_axis',(-0.992414019987829,0.,-0.122940688673837));
#5536=DIRECTION('ref_axis',(0.,1.,0.));
#5537=DIRECTION('center_axis',(0.992626269901529,-7.36291755727732E-11,
0.121215049813862));
#5538=DIRECTION('ref_axis',(0.121215048682584,-0.000136621608946748,-0.992626260637615));
#5539=DIRECTION('center_axis',(-1.,0.,0.));
#5540=DIRECTION('ref_axis',(0.,0.939692620785908,-0.342020143325669));
#5541=DIRECTION('center_axis',(1.,4.39270898386051E-16,-1.59881531791896E-16));
#5542=DIRECTION('ref_axis',(0.,0.4226182617407,-0.90630778703665));
#5543=DIRECTION('center_axis',(-1.,0.,0.));
#5544=DIRECTION('ref_axis',(0.,-0.90630778703665,-0.4226182617407));
#5545=DIRECTION('center_axis',(1.,0.,0.));
#5546=DIRECTION('ref_axis',(0.,-0.939692620785908,0.342020143325669));
#5547=DIRECTION('center_axis',(0.988808356658553,-3.84792767782743E-11,
0.149191265837557));
#5548=DIRECTION('ref_axis',(-3.89147973104779E-11,-1.,0.));
#5549=DIRECTION('center_axis',(-0.992414019987888,0.,-0.122940688673358));
#5550=DIRECTION('ref_axis',(0.122940688673358,0.,-0.992414019987888));
#5551=DIRECTION('center_axis',(1.,-4.12352242650897E-17,6.37260526957848E-12));
#5552=DIRECTION('ref_axis',(-4.12352242650897E-17,-1.,0.));
#5553=DIRECTION('center_axis',(0.,-1.,0.));
#5554=DIRECTION('ref_axis',(0.,0.,-1.));
#5555=DIRECTION('center_axis',(0.,-1.,0.));
#5556=DIRECTION('ref_axis',(-1.,0.,6.44117096397527E-11));
#5557=DIRECTION('center_axis',(0.,1.,0.));
#5558=DIRECTION('ref_axis',(-1.,0.,6.44117096397527E-11));
#5559=DIRECTION('center_axis',(-1.,0.,6.12323399534343E-17));
#5560=DIRECTION('ref_axis',(0.,-1.,0.));
#5561=DIRECTION('center_axis',(0.,-1.,0.));
#5562=DIRECTION('ref_axis',(-1.,0.,6.44117096397527E-11));
#5563=DIRECTION('center_axis',(0.,-1.,0.));
#5564=DIRECTION('ref_axis',(0.,0.,-1.));
#5565=DIRECTION('center_axis',(-0.992414019972677,0.,0.122940688796144));
#5566=DIRECTION('ref_axis',(0.,-1.,0.));
#5567=DIRECTION('',(-5.74791008172816E-16,0.,-1.));
#5568=DIRECTION('center_axis',(0.,-1.,0.));
#5569=DIRECTION('ref_axis',(0.,0.,-1.));
#5570=DIRECTION('',(5.74791008172816E-16,0.,1.));
#5571=DIRECTION('center_axis',(0.,-1.,0.));
#5572=DIRECTION('ref_axis',(0.,0.,-1.));
#5573=DIRECTION('',(-1.,0.,0.));
#5574=DIRECTION('',(-0.360066009546945,0.,-0.93292682926848));
#5575=DIRECTION('center_axis',(0.,1.,0.));
#5576=DIRECTION('ref_axis',(-0.360066009547498,0.,0.932926829268266));
#5577=DIRECTION('',(-0.360066009546945,0.,-0.93292682926848));
#5578=DIRECTION('center_axis',(0.,1.,0.));
#5579=DIRECTION('ref_axis',(-0.360066009547515,0.,0.93292682926826));
#5580=DIRECTION('',(0.360066009547454,0.,-0.932926829268283));
#5581=DIRECTION('center_axis',(0.,1.,0.));
#5582=DIRECTION('ref_axis',(-0.360066009547498,0.,0.932926829268266));
#5583=DIRECTION('',(0.360066009547454,0.,-0.932926829268283));
#5584=DIRECTION('',(1.,0.,0.));
#5585=DIRECTION('center_axis',(0.,0.,1.));
#5586=DIRECTION('ref_axis',(1.,0.,0.));
#5587=DIRECTION('',(0.,1.,0.));
#5588=DIRECTION('',(0.,1.,0.));
#5589=DIRECTION('center_axis',(0.,1.,0.));
#5590=DIRECTION('ref_axis',(1.,0.,0.));
#5591=DIRECTION('',(0.,1.,0.));
#5592=DIRECTION('center_axis',(0.,0.342020143325669,0.939692620785908));
#5593=DIRECTION('ref_axis',(1.,0.,0.));
#5594=DIRECTION('center_axis',(0.,1.,0.));
#5595=DIRECTION('ref_axis',(1.,0.,0.));
#5596=DIRECTION('',(0.,1.,0.));
#5597=DIRECTION('center_axis',(0.,0.,1.));
#5598=DIRECTION('ref_axis',(1.,0.,0.));
#5599=DIRECTION('',(1.,0.,0.));
#5600=DIRECTION('',(0.,1.,0.));
#5601=DIRECTION('',(-1.,0.,0.));
#5602=DIRECTION('center_axis',(-1.,0.,0.));
#5603=DIRECTION('ref_axis',(0.,-0.939692620785908,0.342020143325669));
#5604=DIRECTION('center_axis',(0.,0.342020143325669,0.939692620785908));
#5605=DIRECTION('ref_axis',(1.,0.,0.));
#5606=DIRECTION('',(0.,0.342020143325669,0.939692620785908));
#5607=DIRECTION('',(0.,-0.342020143325669,-0.939692620785908));
#5608=DIRECTION('center_axis',(0.,-0.342020143325669,-0.939692620785908));
#5609=DIRECTION('ref_axis',(1.,0.,0.));
#5610=DIRECTION('',(0.,0.342020143325669,0.939692620785908));
#5611=DIRECTION('center_axis',(0.,0.342020143325669,0.939692620785908));
#5612=DIRECTION('ref_axis',(1.,0.,0.));
#5613=DIRECTION('',(0.,0.342020143325669,0.939692620785908));
#5614=DIRECTION('',(0.,-0.342020143325669,-0.939692620785908));
#5615=DIRECTION('center_axis',(0.,-0.342020143325669,-0.939692620785908));
#5616=DIRECTION('ref_axis',(1.,0.,0.));
#5617=DIRECTION('',(0.,0.342020143325669,0.939692620785908));
#5618=DIRECTION('center_axis',(0.,0.342020143325669,0.939692620785908));
#5619=DIRECTION('ref_axis',(1.,0.,0.));
#5620=DIRECTION('center_axis',(0.,-0.342020143325669,-0.939692620785908));
#5621=DIRECTION('ref_axis',(1.,0.,0.));
#5622=DIRECTION('center_axis',(0.,0.342020143325669,0.939692620785908));
#5623=DIRECTION('ref_axis',(1.,0.,0.));
#5624=DIRECTION('',(0.,0.342020143325669,0.939692620785908));
#5625=DIRECTION('center_axis',(0.,0.342020143325669,0.939692620785908));
#5626=DIRECTION('ref_axis',(1.,0.,0.));
#5627=DIRECTION('center_axis',(0.,-0.342020143325669,-0.939692620785908));
#5628=DIRECTION('ref_axis',(1.,0.,0.));
#5629=DIRECTION('center_axis',(0.,0.342020143325669,0.939692620785908));
#5630=DIRECTION('ref_axis',(1.,0.,0.));
#5631=DIRECTION('',(0.,0.342020143325669,0.939692620785908));
#5632=DIRECTION('center_axis',(0.,0.342020143325669,0.939692620785908));
#5633=DIRECTION('ref_axis',(1.,0.,0.));
#5634=DIRECTION('center_axis',(0.,-0.342020143325669,-0.939692620785908));
#5635=DIRECTION('ref_axis',(0.,-0.939692620785908,0.342020143325669));
#5636=DIRECTION('',(0.,0.342020143325669,0.939692620785908));
#5637=DIRECTION('center_axis',(0.,0.342020143325669,0.939692620785908));
#5638=DIRECTION('ref_axis',(1.,0.,0.));
#5639=DIRECTION('center_axis',(0.,-0.342020143325669,-0.939692620785908));
#5640=DIRECTION('ref_axis',(-1.,0.,0.));
#5641=DIRECTION('center_axis',(0.,0.939692620785908,-0.342020143325669));
#5642=DIRECTION('ref_axis',(-0.707106781186547,0.241844762647976,0.664463024388675));
#5643=DIRECTION('',(0.,0.939692620785908,-0.342020143325669));
#5644=DIRECTION('center_axis',(0.,0.342020143325669,0.939692620785908));
#5645=DIRECTION('ref_axis',(1.,0.,0.));
#5646=DIRECTION('center_axis',(0.,0.342020143325669,0.939692620785908));
#5647=DIRECTION('ref_axis',(0.,-0.939692620785908,0.342020143325669));
#5648=DIRECTION('center_axis',(0.,-0.939692620785908,0.342020143325669));
#5649=DIRECTION('ref_axis',(0.707106781186547,0.241844762647975,0.664463024388675));
#5650=DIRECTION('',(0.,-0.939692620785908,0.342020143325669));
#5651=DIRECTION('center_axis',(0.,0.342020143325669,0.939692620785908));
#5652=DIRECTION('ref_axis',(1.,0.,0.));
#5653=DIRECTION('center_axis',(0.,0.342020143325669,0.939692620785908));
#5654=DIRECTION('ref_axis',(0.,0.939692620785908,-0.342020143325669));
#5655=DIRECTION('center_axis',(0.,0.342020143325669,0.939692620785908));
#5656=DIRECTION('ref_axis',(1.,0.,0.));
#5657=DIRECTION('',(0.,-0.342020143325669,-0.939692620785908));
#5658=DIRECTION('center_axis',(0.,-0.342020143325669,-0.939692620785908));
#5659=DIRECTION('ref_axis',(1.,0.,0.));
#5660=DIRECTION('',(0.,0.342020143325669,0.939692620785908));
#5661=DIRECTION('center_axis',(1.,0.,0.));
#5662=DIRECTION('ref_axis',(0.,0.939692620785908,-0.342020143325669));
#5663=DIRECTION('',(0.,0.342020143325669,0.939692620785908));
#5664=DIRECTION('',(0.,-0.939692620785908,0.342020143325669));
#5665=DIRECTION('center_axis',(0.,-0.939692620785908,0.342020143325669));
#5666=DIRECTION('ref_axis',(-0.707106781186547,-0.241844762647975,-0.664463024388675));
#5667=DIRECTION('',(0.,-0.939692620785908,0.342020143325669));
#5668=DIRECTION('center_axis',(0.,0.939692620785908,-0.342020143325669));
#5669=DIRECTION('ref_axis',(0.707106781186547,-0.241844762647976,-0.664463024388675));
#5670=DIRECTION('',(0.,0.939692620785908,-0.342020143325669));
#5671=DIRECTION('center_axis',(0.,-0.342020143325669,-0.939692620785908));
#5672=DIRECTION('ref_axis',(-1.,0.,0.));
#5673=DIRECTION('center_axis',(0.,-0.342020143325669,-0.939692620785908));
#5674=DIRECTION('ref_axis',(0.,0.939692620785908,-0.342020143325669));
#5675=DIRECTION('center_axis',(0.,0.342020143325669,0.939692620785908));
#5676=DIRECTION('ref_axis',(1.,0.,0.));
#5677=DIRECTION('center_axis',(0.,0.342020143325669,0.939692620785908));
#5678=DIRECTION('ref_axis',(1.,0.,0.));
#5679=DIRECTION('',(0.,-0.342020143325669,-0.939692620785908));
#5680=DIRECTION('center_axis',(-1.,0.,0.));
#5681=DIRECTION('ref_axis',(0.,-0.939692620785908,0.342020143325669));
#5682=DIRECTION('',(0.,-0.939692620785908,0.342020143325669));
#5683=DIRECTION('center_axis',(1.,0.,0.));
#5684=DIRECTION('ref_axis',(0.,0.939692620785908,-0.342020143325669));
#5685=DIRECTION('',(0.,0.939692620785908,-0.342020143325669));
#5686=DIRECTION('center_axis',(0.,0.342020143325669,0.939692620785908));
#5687=DIRECTION('ref_axis',(1.,0.,0.));
#5688=DIRECTION('center_axis',(0.,-0.342020143325669,-0.939692620785908));
#5689=DIRECTION('ref_axis',(1.,0.,0.));
#5690=DIRECTION('',(0.,0.939692620785908,-0.342020143325669));
#5691=DIRECTION('center_axis',(0.,0.342020143325669,0.939692620785908));
#5692=DIRECTION('ref_axis',(1.,0.,0.));
#5693=DIRECTION('',(0.,0.342020143325669,0.939692620785908));
#5694=DIRECTION('center_axis',(-1.,0.,0.));
#5695=DIRECTION('ref_axis',(0.,-0.939692620785908,0.342020143325669));
#5696=DIRECTION('center_axis',(0.,0.342020143325669,0.939692620785908));
#5697=DIRECTION('ref_axis',(1.,0.,0.));
#5698=DIRECTION('center_axis',(0.224951054343865,0.,-0.974370064785235));
#5699=DIRECTION('ref_axis',(0.688983680194816,0.707106781186547,0.15906441596161));
#5700=DIRECTION('center_axis',(0.,1.,0.));
#5701=DIRECTION('ref_axis',(0.,0.,1.));
#5702=DIRECTION('center_axis',(0.866025403784439,0.,-0.499999999999999));
#5703=DIRECTION('ref_axis',(-0.499999999999999,0.,-0.866025403784439));
#5704=DIRECTION('center_axis',(0.,-1.,0.));
#5705=DIRECTION('ref_axis',(0.,0.,-1.));
#5706=DIRECTION('center_axis',(0.,-1.,0.));
#5707=DIRECTION('ref_axis',(0.989015863361917,0.,-0.147809411129611));
#5708=DIRECTION('center_axis',(-0.224951054343865,0.,0.974370064785235));
#5709=DIRECTION('ref_axis',(0.688983680194816,-0.707106781186547,0.15906441596161));
#5710=DIRECTION('',(-0.224951054343865,0.,0.974370064785235));
#5711=DIRECTION('center_axis',(0.,1.,0.));
#5712=DIRECTION('ref_axis',(1.,0.,0.));
#5713=DIRECTION('',(-0.360066009546945,0.,-0.93292682926848));
#5714=DIRECTION('center_axis',(0.,1.,0.));
#5715=DIRECTION('ref_axis',(-0.360066009547498,0.,0.932926829268266));
#5716=DIRECTION('',(0.360066009547454,0.,-0.932926829268283));
#5717=DIRECTION('center_axis',(0.,-1.,0.));
#5718=DIRECTION('ref_axis',(1.,0.,0.));
#5719=DIRECTION('',(0.,1.,0.));
#5720=DIRECTION('center_axis',(0.,0.,-1.));
#5721=DIRECTION('ref_axis',(-1.,0.,0.));
#5722=DIRECTION('',(0.,-1.,0.));
#5723=DIRECTION('center_axis',(0.932926829268283,0.,0.360066009547454));
#5724=DIRECTION('ref_axis',(-0.360066009547454,0.,0.932926829268283));
#5725=DIRECTION('',(0.,1.,0.));
#5726=DIRECTION('center_axis',(0.932926829268283,0.,0.360066009547454));
#5727=DIRECTION('ref_axis',(-0.360066009547454,0.,0.932926829268283));
#5728=DIRECTION('',(0.,1.,0.));
#5729=DIRECTION('',(-0.360066009547454,0.,0.932926829268283));
#5730=DIRECTION('center_axis',(0.,1.,0.));
#5731=DIRECTION('ref_axis',(1.,0.,7.33153375407954E-14));
#5732=DIRECTION('center_axis',(0.295017367076681,0.948683298050514,0.113862869817789));
#5733=DIRECTION('ref_axis',(0.885052101230027,-0.316227766016838,0.341588609453409));
#5734=DIRECTION('center_axis',(0.,1.,0.));
#5735=DIRECTION('ref_axis',(-0.360066009547498,0.,0.932926829268266));
#5736=DIRECTION('center_axis',(0.295017367076743,0.948683298050514,-0.113862869817628));
#5737=DIRECTION('ref_axis',(-0.88505210123023,0.316227766016838,0.341588609452885));
#5738=DIRECTION('',(0.,1.,0.));
#5739=DIRECTION('center_axis',(0.,1.,0.));
#5740=DIRECTION('ref_axis',(1.,0.,7.33153375407954E-14));
#5741=DIRECTION('',(0.,1.,0.));
#5742=DIRECTION('center_axis',(0.,-1.,0.));
#5743=DIRECTION('ref_axis',(-0.360066009547498,0.,0.932926829268266));
#5744=DIRECTION('center_axis',(-0.295017367076743,0.948683298050514,0.113862869817628));
#5745=DIRECTION('ref_axis',(-0.88505210123023,-0.316227766016838,0.341588609452885));
#5746=DIRECTION('center_axis',(0.,1.,0.));
#5747=DIRECTION('ref_axis',(-0.360066009547498,0.,0.932926829268266));
#5748=DIRECTION('center_axis',(-0.295017367076681,0.948683298050514,-0.113862869817789));
#5749=DIRECTION('ref_axis',(0.885052101230027,0.316227766016838,0.341588609453409));
#5750=DIRECTION('center_axis',(0.,-1.,0.));
#5751=DIRECTION('ref_axis',(-0.360066009547498,0.,0.932926829268266));
#5752=DIRECTION('center_axis',(0.93292682926848,0.,-0.360066009546945));
#5753=DIRECTION('ref_axis',(0.360066009546945,0.,0.93292682926848));
#5754=DIRECTION('center_axis',(0.93292682926848,0.,-0.360066009546945));
#5755=DIRECTION('ref_axis',(0.360066009546945,0.,0.93292682926848));
#5756=DIRECTION('',(0.360066009546945,0.,0.93292682926848));
#5757=DIRECTION('',(0.,1.,0.));
#5758=DIRECTION('center_axis',(0.,-1.,0.));
#5759=DIRECTION('ref_axis',(0.,0.,-1.));
#5760=DIRECTION('center_axis',(0.,-1.,0.));
#5761=DIRECTION('ref_axis',(0.,0.,-1.));
#5762=DIRECTION('',(-0.360066009547454,0.,0.932926829268283));
#5763=DIRECTION('center_axis',(0.,-1.,0.));
#5764=DIRECTION('ref_axis',(-0.360066009547515,0.,0.93292682926826));
#5765=DIRECTION('',(0.360066009546945,0.,0.93292682926848));
#5766=DIRECTION('center_axis',(-0.295017367076743,0.948683298050514,0.113862869817628));
#5767=DIRECTION('ref_axis',(0.,-0.119166756861326,0.992874253900842));
#5768=DIRECTION('center_axis',(0.295017367076743,-0.948683298050514,-0.113862869817628));
#5769=DIRECTION('ref_axis',(-0.88505210123023,-0.316227766016838,0.341588609452884));
#5770=DIRECTION('',(-0.360066009546945,0.,-0.93292682926848));
#5771=DIRECTION('center_axis',(0.,1.,0.));
#5772=DIRECTION('ref_axis',(1.,0.,-5.78241158653252E-15));
#5773=DIRECTION('center_axis',(0.295017367076681,-0.948683298050514,0.113862869817789));
#5774=DIRECTION('ref_axis',(0.885052101230022,0.316227766016838,0.341588609453424));
#5775=DIRECTION('center_axis',(0.,-1.,0.));
#5776=DIRECTION('ref_axis',(-0.360066009547515,0.,0.93292682926826));
#5777=DIRECTION('center_axis',(-0.295017367076681,0.948683298050514,-0.113862869817789));
#5778=DIRECTION('ref_axis',(0.,0.119166756861492,0.992874253900822));
#5779=DIRECTION('',(0.360066009547454,0.,-0.932926829268283));
#5780=DIRECTION('',(0.,1.,0.));
#5781=DIRECTION('center_axis',(0.,1.,0.));
#5782=DIRECTION('ref_axis',(1.,0.,0.));
#5783=DIRECTION('center_axis',(0.295017367076743,0.948683298050514,-0.113862869817628));
#5784=DIRECTION('ref_axis',(0.,0.119166756861326,0.992874253900842));
#5785=DIRECTION('',(-0.360066009546945,0.,-0.93292682926848));
#5786=DIRECTION('center_axis',(-0.295017367076743,-0.948683298050514,0.113862869817628));
#5787=DIRECTION('ref_axis',(-0.88505210123023,0.316227766016838,0.341588609452884));
#5788=DIRECTION('center_axis',(0.,-1.,0.));
#5789=DIRECTION('ref_axis',(0.,0.,-1.));
#5790=DIRECTION('',(0.360066009547454,0.,-0.932926829268283));
#5791=DIRECTION('center_axis',(0.,-1.,0.));
#5792=DIRECTION('ref_axis',(-0.360066009547515,0.,0.93292682926826));
#5793=DIRECTION('center_axis',(0.,1.,0.));
#5794=DIRECTION('ref_axis',(1.,0.,-5.31981865960992E-15));
#5795=DIRECTION('center_axis',(-0.295017367076681,-0.948683298050514,-0.113862869817789));
#5796=DIRECTION('ref_axis',(0.885052101230022,-0.316227766016838,0.341588609453424));
#5797=DIRECTION('center_axis',(0.295017367076681,0.948683298050514,0.113862869817789));
#5798=DIRECTION('ref_axis',(0.,-0.119166756861492,0.992874253900822));
#5799=DIRECTION('center_axis',(0.,-1.,0.));
#5800=DIRECTION('ref_axis',(0.,0.,-1.));
#5801=CARTESIAN_POINT('',(0.,0.,0.));
#5802=CARTESIAN_POINT('Origin',(20.7847929515011,-5.20494085753017,-4.3309964257271));
#5803=CARTESIAN_POINT('',(20.3004314915709,-5.20153008381672,-4.33223784583462));
#5804=CARTESIAN_POINT('',(20.7847929515011,-5.20494085753017,-4.3309964257271));
#5805=CARTESIAN_POINT('',(24.1294327729672,-5.22849312278613,-4.32242410222439));
#5806=CARTESIAN_POINT('',(20.3004314915709,-5.03052001215388,-3.86239153544166));
#5807=CARTESIAN_POINT('',(20.3004314915709,-5.20153008381672,-4.33223784583462));
#5808=CARTESIAN_POINT('',(20.7847929515011,-5.03393078586734,-3.86115011533415));
#5809=CARTESIAN_POINT('',(20.3004314915709,-5.03052001215388,-3.86239153544166));
#5810=CARTESIAN_POINT('',(20.7847929515011,-5.20494085753017,-4.3309964257271));
#5811=CARTESIAN_POINT('Origin',(20.7911448715786,-4.40842701060519,-4.62090375718866));
#5812=CARTESIAN_POINT('',(20.7911448715786,-4.40842701060519,-4.62090375718866));
#5813=CARTESIAN_POINT('',(20.8009326143232,-3.18107015927423,-5.06762511789582));
#5814=CARTESIAN_POINT('',(20.7911448715786,-4.23741693894235,-4.15105744679571));
#5815=CARTESIAN_POINT('',(20.7847929515011,-5.03393078586734,-3.86115011533414));
#5816=CARTESIAN_POINT('',(20.7911448715786,-4.40842701060519,-4.62090375718866));
#5817=CARTESIAN_POINT('Origin',(23.1699843892407,-4.42517830889499,-4.61480678322586));
#5818=CARTESIAN_POINT('',(23.1699843892407,-4.42517830889499,-4.61480678322586));
#5819=CARTESIAN_POINT('',(25.3252044518758,-4.44035492500604,-4.60928294670455));
#5820=CARTESIAN_POINT('',(23.1699843892407,-4.25416823723215,-4.1449604728329));
#5821=CARTESIAN_POINT('',(20.7911448715786,-4.23741693894235,-4.15105744679571));
#5822=CARTESIAN_POINT('',(23.1699843892407,-4.42517830889499,-4.61480678322586));
#5823=CARTESIAN_POINT('Origin',(23.1743165758653,-3.88193365345221,-4.81253166773123));
#5824=CARTESIAN_POINT('',(23.1743165758653,-3.88193365345221,-4.81253166773123));
#5825=CARTESIAN_POINT('',(23.1819382252976,-2.92619912984263,-5.16039058618571));
#5826=CARTESIAN_POINT('',(23.1743165758653,-3.71092358178937,-4.34268535733828));
#5827=CARTESIAN_POINT('',(23.1699843892407,-4.25416823723215,-4.1449604728329));
#5828=CARTESIAN_POINT('',(23.1743165758653,-3.88193365345221,-4.81253166773123));
#5829=CARTESIAN_POINT('Origin',(21.7555955581619,-2.0774155513228,-4.93723365786292));
#5830=CARTESIAN_POINT('',(20.3174821550062,-2.8924122652245,-4.64059911297793));
#5831=CARTESIAN_POINT('',(20.3174821550062,-2.8924122652245,-4.64059911297793));
#5832=CARTESIAN_POINT('',(20.8018436149365,-2.89582303893796,-4.63935769287041));
#5833=CARTESIAN_POINT('',(20.8018436149365,-2.89582303893796,-4.63935769287041));
#5834=CARTESIAN_POINT('',(20.7954770582031,-3.69417228349957,-4.34878233130108));
#5835=CARTESIAN_POINT('',(20.7954770582031,-3.69417228349957,-4.34878233130108));
#5836=CARTESIAN_POINT('',(23.1743165758653,-3.71092358178937,-4.34268535733827));
#5837=CARTESIAN_POINT('Origin',(20.7954770582031,-3.86518235516241,-4.81862864169403));
#5838=CARTESIAN_POINT('',(20.7954770582031,-3.86518235516241,-4.81862864169403));
#5839=CARTESIAN_POINT('',(24.1401168796692,-3.88873462041836,-4.81005631819132));
#5840=CARTESIAN_POINT('',(20.7954770582031,-3.86518235516241,-4.81862864169403));
#5841=CARTESIAN_POINT('Origin',(20.8018436149365,-3.06683311060079,-5.10920400326337));
#5842=CARTESIAN_POINT('',(20.8018436149365,-3.06683311060079,-5.10920400326337));
#5843=CARTESIAN_POINT('',(20.8062819860022,-2.51027320927203,-5.31177524093317));
#5844=CARTESIAN_POINT('',(20.8018436149365,-3.06683311060079,-5.10920400326337));
#5845=CARTESIAN_POINT('Origin',(20.3174821550062,-3.06342233688733,-5.11044542337088));
#5846=CARTESIAN_POINT('',(20.3174821550062,-3.06342233688733,-5.11044542337089));
#5847=CARTESIAN_POINT('',(23.9043027064375,-3.08867998900002,-5.10125238981442));
#5848=CARTESIAN_POINT('',(20.3174821550062,-3.06342233688733,-5.11044542337088));
#5849=CARTESIAN_POINT('Origin',(20.3004314915709,-5.20153008381672,-4.33223784583461));
#5850=CARTESIAN_POINT('',(20.3133951943542,-3.57591630902326,-4.92391287227255));
#5851=CARTESIAN_POINT('Origin',(22.4178960889126,-2.96992519932199,-5.14447559843376));
#5852=CARTESIAN_POINT('',(21.8690832540132,-2.96606057229086,-5.14588220763963));
#5853=CARTESIAN_POINT('',(22.4178960889126,-2.96992519932199,-5.14447559843376));
#5854=CARTESIAN_POINT('',(24.9549414279409,-2.9877905504452,-5.1379731424002));
#5855=CARTESIAN_POINT('',(21.8690832540132,-2.79505050062802,-4.67603589724668));
#5856=CARTESIAN_POINT('',(21.8690832540132,-2.96606057229086,-5.14588220763963));
#5857=CARTESIAN_POINT('',(22.4178960889126,-2.79891512765915,-4.67462928804081));
#5858=CARTESIAN_POINT('',(21.8690832540132,-2.79505050062802,-4.67603589724668));
#5859=CARTESIAN_POINT('',(22.4178960889126,-2.96992519932199,-5.14447559843376));
#5860=CARTESIAN_POINT('Origin',(22.4259750294241,-1.95684759326606,-5.51320569203978));
#5861=CARTESIAN_POINT('',(22.4259750294241,-1.95684759326606,-5.51320569203978));
#5862=CARTESIAN_POINT('',(22.4259421756838,-1.9609673647374,-5.51170621785224));
#5863=CARTESIAN_POINT('',(22.4259750294241,-1.78583752160323,-5.04335938164683));
#5864=CARTESIAN_POINT('',(22.4178960889126,-2.79891512765915,-4.67462928804081));
#5865=CARTESIAN_POINT('',(22.4259750294241,-1.95684759326606,-5.51320569203978));
#5866=CARTESIAN_POINT('Origin',(21.7555955581619,-2.0774155513228,-4.93723365786292));
#5867=CARTESIAN_POINT('',(21.8771621945247,-1.7819728945721,-5.0447659908527));
#5868=CARTESIAN_POINT('',(21.8771621945247,-1.7819728945721,-5.0447659908527));
#5869=CARTESIAN_POINT('',(22.4259750294241,-1.78583752160323,-5.04335938164683));
#5870=CARTESIAN_POINT('Origin',(21.8771621945247,-1.95298296623494,-5.51461230124565));
#5871=CARTESIAN_POINT('',(21.8771621945247,-1.95298296623494,-5.51461230124565));
#5872=CARTESIAN_POINT('',(24.6886139510027,-1.97278063087372,-5.50740654060915));
#5873=CARTESIAN_POINT('',(21.8771621945247,-1.95298296623494,-5.51461230124565));
#5874=CARTESIAN_POINT('Origin',(21.8690832540132,-2.96606057229086,-5.14588220763963));
#5875=CARTESIAN_POINT('',(21.8730898705286,-2.46364154073423,-5.3287477802551));
#5876=CARTESIAN_POINT('Ctrl Pts',(20.8308110858413,-0.439936765389664,-5.38368989421492));
#5877=CARTESIAN_POINT('Ctrl Pts',(20.8308110858413,-1.00102734250292,-6.92527358510234));
#5878=CARTESIAN_POINT('Ctrl Pts',(20.8401800754503,-0.480851089050339,-5.3687982982473));
#5879=CARTESIAN_POINT('Ctrl Pts',(20.8401800754503,-1.04194166616359,-6.91038198913472));
#5880=CARTESIAN_POINT('Ctrl Pts',(20.8579873258847,-0.558615249134024,-5.34049445868412));
#5881=CARTESIAN_POINT('Ctrl Pts',(20.8579873258847,-1.11970582624728,-6.88207814957154));
#5882=CARTESIAN_POINT('Ctrl Pts',(20.9146365557432,-0.617471794527182,-5.31907242806928));
#5883=CARTESIAN_POINT('Ctrl Pts',(20.9146365557432,-1.17856237164043,-6.8606561189567));
#5884=CARTESIAN_POINT('Ctrl Pts',(20.9414807324376,-0.645361944280325,-5.30892124372991));
#5885=CARTESIAN_POINT('Ctrl Pts',(20.9414807324376,-1.20645252139358,-6.85050493461732));
#5886=CARTESIAN_POINT('',(20.9414807324376,-0.864432378067908,-5.91081231383142));
#5887=CARTESIAN_POINT('',(20.8308110858413,-0.659007199177247,-5.98558096431643));
#5888=CARTESIAN_POINT('Ctrl Pts',(20.9414807324376,-0.864432378067908,-5.91081231383142));
#5889=CARTESIAN_POINT('Ctrl Pts',(20.9146365557432,-0.836542228314765,-5.92096349817079));
#5890=CARTESIAN_POINT('Ctrl Pts',(20.8877923790488,-0.808652078561622,-5.93111468251016));
#5891=CARTESIAN_POINT('Ctrl Pts',(20.8696701507207,-0.776516232747071,-5.94281117383962));
#5892=CARTESIAN_POINT('Ctrl Pts',(20.8495490650594,-0.740835846498597,-5.95579777238119));
#5893=CARTESIAN_POINT('Ctrl Pts',(20.8401800754503,-0.699921522837922,-5.97068936834881));
#5894=CARTESIAN_POINT('Ctrl Pts',(20.8308110858413,-0.659007199177246,-5.98558096431643));
#5895=CARTESIAN_POINT('',(20.9414807324376,-0.693422306405074,-5.44096600343846));
#5896=CARTESIAN_POINT('',(20.9414807324376,-0.864432378067908,-5.91081231383142));
#5897=CARTESIAN_POINT('',(20.8308110858413,-0.487997127514412,-5.51573465392347));
#5898=CARTESIAN_POINT('Ctrl Pts',(20.9414807324376,-0.693422306405073,-5.44096600343846));
#5899=CARTESIAN_POINT('Ctrl Pts',(20.9146365557432,-0.66553215665193,-5.45111718777783));
#5900=CARTESIAN_POINT('Ctrl Pts',(20.8579873258847,-0.606675611258772,-5.47253921839268));
#5901=CARTESIAN_POINT('Ctrl Pts',(20.8401800754503,-0.528911451175087,-5.50084305795585));
#5902=CARTESIAN_POINT('Ctrl Pts',(20.8308110858413,-0.487997127514412,-5.51573465392347));
#5903=CARTESIAN_POINT('',(20.8308110858413,-0.659007199177246,-5.98558096431643));
#5904=CARTESIAN_POINT('Ctrl Pts',(20.8242070606443,0.0012546163881412,-5.40518619341041));
#5905=CARTESIAN_POINT('Ctrl Pts',(20.8242070606443,-0.604536771044086,-7.06958435128055));
#5906=CARTESIAN_POINT('Ctrl Pts',(20.8229644502063,-0.0868739739923584,
-5.37311000972407));
#5907=CARTESIAN_POINT('Ctrl Pts',(20.8229644502063,-0.692665361424586,-7.03750816759421));
#5908=CARTESIAN_POINT('Ctrl Pts',(20.821099716518,-0.219124876087291,-5.32497461790666));
#5909=CARTESIAN_POINT('Ctrl Pts',(20.821099716518,-0.824916263519519,-6.9893727757768));
#5910=CARTESIAN_POINT('Ctrl Pts',(20.8283816462728,-0.351179220176299,-5.27691076735272));
#5911=CARTESIAN_POINT('Ctrl Pts',(20.8283816462728,-0.956970607608526,-6.94130892522285));
#5912=CARTESIAN_POINT('Ctrl Pts',(20.8308110858413,-0.395235955070688,-5.2608754272322));
#5913=CARTESIAN_POINT('Ctrl Pts',(20.8308110858413,-1.00102734250292,-6.92527358510234));
#5914=CARTESIAN_POINT('',(20.8242070606443,-0.262516627718418,-6.12989173049464));
#5915=CARTESIAN_POINT('Ctrl Pts',(20.8308110858413,-0.659007199177246,-5.98558096431643));
#5916=CARTESIAN_POINT('Ctrl Pts',(20.8283816462728,-0.614950464282857,-6.00161630443694));
#5917=CARTESIAN_POINT('Ctrl Pts',(20.8259522067043,-0.570893729388469,-6.01765164455746));
#5918=CARTESIAN_POINT('Ctrl Pts',(20.8245408471925,-0.526815116375674,-6.03369494766185));
#5919=CARTESIAN_POINT('Ctrl Pts',(20.8217218397683,-0.438773808479417,-6.06573936312196));
#5920=CARTESIAN_POINT('Ctrl Pts',(20.8229644502063,-0.350645218098917,-6.0978155468083));
#5921=CARTESIAN_POINT('Ctrl Pts',(20.8242070606443,-0.262516627718418,-6.12989173049464));
#5922=CARTESIAN_POINT('',(20.8242070606443,-0.0915065560555834,-5.66004542010168));
#5923=CARTESIAN_POINT('Ctrl Pts',(20.8308110858413,-0.487997127514412,-5.51573465392347));
#5924=CARTESIAN_POINT('Ctrl Pts',(20.8283816462728,-0.443940392620022,-5.53176999404399));
#5925=CARTESIAN_POINT('Ctrl Pts',(20.821099716518,-0.311886048531015,-5.57983384459793));
#5926=CARTESIAN_POINT('Ctrl Pts',(20.8229644502063,-0.179635146436082,-5.62796923641534));
#5927=CARTESIAN_POINT('Ctrl Pts',(20.8242070606443,-0.0915065560555828,
-5.66004542010168));
#5928=CARTESIAN_POINT('',(20.8242070606443,-0.262516627718418,-6.12989173049464));
#5929=CARTESIAN_POINT('Origin',(20.8275879215829,0.161434322423859,-6.2841972571353));
#5930=CARTESIAN_POINT('',(20.8275879215829,0.161434322423859,-6.2841972571353));
#5931=CARTESIAN_POINT('',(20.8191541393253,-0.896139492759706,-5.89927186786914));
#5932=CARTESIAN_POINT('',(20.8275879215829,0.332444394086693,-5.81435094674235));
#5933=CARTESIAN_POINT('',(20.8242070606443,-0.0915065560555828,-5.66004542010168));
#5934=CARTESIAN_POINT('',(20.8275879215829,0.161434322423859,-6.2841972571353));
#5935=CARTESIAN_POINT('Origin',(21.5541299624709,0.156318162902952,-6.28233512735593));
#5936=CARTESIAN_POINT('',(21.5541299624709,0.156318162902951,-6.28233512735593));
#5937=CARTESIAN_POINT('',(24.535498763493,0.135323977407449,-6.27469386874291));
#5938=CARTESIAN_POINT('',(21.5541299624709,0.327328234565786,-5.81248881696298));
#5939=CARTESIAN_POINT('',(20.8275879215829,0.332444394086694,-5.81435094674235));
#5940=CARTESIAN_POINT('',(21.5541299624709,0.156318162902952,-6.28233512735593));
#5941=CARTESIAN_POINT('Origin',(23.1914696891922,-1.73097896319353,-5.59541515024067));
#5942=CARTESIAN_POINT('',(22.6355113063261,-1.39852927662333,-5.71641694054335));
#5943=CARTESIAN_POINT('',(23.1914696891922,-1.73097896319353,-5.59541515024067));
#5944=CARTESIAN_POINT('',(24.7898469440762,-2.68676996083566,-5.24753567691933));
#5945=CARTESIAN_POINT('',(22.6355113063261,-1.22751920496049,-5.2465706301504));
#5946=CARTESIAN_POINT('',(22.6355113063261,-1.39852927662333,-5.71641694054335));
#5947=CARTESIAN_POINT('',(23.1914696891922,-1.55996889153069,-5.12556883984771));
#5948=CARTESIAN_POINT('',(22.6355113063261,-1.22751920496049,-5.24657063015039));
#5949=CARTESIAN_POINT('',(23.1914696891922,-1.73097896319353,-5.59541515024067));
#5950=CARTESIAN_POINT('Origin',(23.1966507493779,-1.08128782582191,-5.83188338571049));
#5951=CARTESIAN_POINT('',(23.1966507493779,-1.08128782582191,-5.83188338571049));
#5952=CARTESIAN_POINT('',(23.1931053120539,-1.52587621602748,-5.67006644517534));
#5953=CARTESIAN_POINT('',(23.1966507493779,-0.910277754159072,-5.36203707531754));
#5954=CARTESIAN_POINT('',(23.1914696891922,-1.55996889153069,-5.12556883984771));
#5955=CARTESIAN_POINT('',(23.1966507493779,-1.08128782582191,-5.83188338571049));
#5956=CARTESIAN_POINT('Origin',(22.5767535401321,-0.684149431364912,-5.97642994017711));
#5957=CARTESIAN_POINT('',(22.5767535401321,-0.684149431364912,-5.97642994017711));
#5958=CARTESIAN_POINT('',(24.5833379873122,-1.9696717950888,-5.50853806429808));
#5959=CARTESIAN_POINT('',(22.5767535401321,-0.513139359702078,-5.50658362978415));
#5960=CARTESIAN_POINT('',(23.1966507493779,-0.910277754159072,-5.36203707531754));
#5961=CARTESIAN_POINT('',(22.5767535401321,-0.684149431364912,-5.97642994017711));
#5962=CARTESIAN_POINT('Ctrl Pts',(22.1581500392298,-0.156195101354489,-5.42593059432525));
#5963=CARTESIAN_POINT('Ctrl Pts',(22.1581500392298,-0.736901248649885,-7.02140762135784));
#5964=CARTESIAN_POINT('Ctrl Pts',(22.2069734972244,-0.193805635489881,-5.41224147940512));
#5965=CARTESIAN_POINT('Ctrl Pts',(22.2069734972244,-0.774511782785276,-7.0077185064377));
#5966=CARTESIAN_POINT('Ctrl Pts',(22.3410434838692,-0.29708475614938,-5.37465095366387));
#5967=CARTESIAN_POINT('Ctrl Pts',(22.3410434838692,-0.877790903444775,-6.97012798069646));
#5968=CARTESIAN_POINT('Ctrl Pts',(22.4851349767178,-0.387789856244272,-5.34163699713319));
#5969=CARTESIAN_POINT('Ctrl Pts',(22.4851349767178,-0.968496003539667,-6.93711402416578));
#5970=CARTESIAN_POINT('Ctrl Pts',(22.5767535401321,-0.445463427395185,-5.32064553393043));
#5971=CARTESIAN_POINT('Ctrl Pts',(22.5767535401321,-1.02616957469058,-6.91612256096302));
#5972=CARTESIAN_POINT('',(22.1581500392298,-0.394881105324216,-6.08171500057193));
#5973=CARTESIAN_POINT('Ctrl Pts',(22.5767535401321,-0.684149431364912,-5.97642994017711));
#5974=CARTESIAN_POINT('Ctrl Pts',(22.4851349767178,-0.626475860213999,-5.99742140337987));
#5975=CARTESIAN_POINT('Ctrl Pts',(22.3935164133035,-0.568802289063086,-6.01841286658264));
#5976=CARTESIAN_POINT('Ctrl Pts',(22.3059494192051,-0.506045199041721,-6.04125457933958));
#5977=CARTESIAN_POINT('Ctrl Pts',(22.255796955219,-0.470102173594998,-6.05433677073166));
#5978=CARTESIAN_POINT('Ctrl Pts',(22.2069734972244,-0.432491639459607,-6.0680258856518));
#5979=CARTESIAN_POINT('Ctrl Pts',(22.1581500392298,-0.394881105324216,-6.08171500057193));
#5980=CARTESIAN_POINT('',(22.1581500392298,-0.223871033661382,-5.61186869017898));
#5981=CARTESIAN_POINT('Ctrl Pts',(22.5767535401321,-0.513139359702077,-5.50658362978415));
#5982=CARTESIAN_POINT('Ctrl Pts',(22.4851349767178,-0.455465788551164,-5.52757509298692));
#5983=CARTESIAN_POINT('Ctrl Pts',(22.3410434838692,-0.364760688456272,-5.5605890495176));
#5984=CARTESIAN_POINT('Ctrl Pts',(22.2069734972244,-0.261481567796772,-5.59817957525884));
#5985=CARTESIAN_POINT('Ctrl Pts',(22.1581500392298,-0.223871033661381,-5.61186869017898));
#5986=CARTESIAN_POINT('',(22.1581500392298,-0.394881105324216,-6.08171500057193));
#5987=CARTESIAN_POINT('Ctrl Pts',(22.0403152231998,-0.0212809640318923,
-5.56609262378394));
#5988=CARTESIAN_POINT('Ctrl Pts',(22.0403152231998,-0.572721859449222,-7.08116403210689));
#5989=CARTESIAN_POINT('Ctrl Pts',(22.0538128585618,-0.0503631865127994,
-5.55550756045458));
#5990=CARTESIAN_POINT('Ctrl Pts',(22.0538128585618,-0.601804081930129,-7.07057896877753));
#5991=CARTESIAN_POINT('Ctrl Pts',(22.0823330990358,-0.111813355851941,-5.53314152792451));
#5992=CARTESIAN_POINT('Ctrl Pts',(22.0823330990358,-0.66325425126927,-7.04821293624746));
#5993=CARTESIAN_POINT('Ctrl Pts',(22.1319926317842,-0.160051592173346,-5.51558424575003));
#5994=CARTESIAN_POINT('Ctrl Pts',(22.1319926317842,-0.711492487590676,-7.03065565407297));
#5995=CARTESIAN_POINT('Ctrl Pts',(22.1581500392298,-0.185460353232555,-5.50633621303489));
#5996=CARTESIAN_POINT('Ctrl Pts',(22.1581500392298,-0.736901248649885,-7.02140762135784));
#5997=CARTESIAN_POINT('',(22.0403152231998,-0.230701716123553,-6.14147141132098));
#5998=CARTESIAN_POINT('Ctrl Pts',(22.1581500392298,-0.394881105324216,-6.08171500057193));
#5999=CARTESIAN_POINT('Ctrl Pts',(22.1319926317842,-0.369472344265007,-6.09096303328707));
#6000=CARTESIAN_POINT('Ctrl Pts',(22.1058352243386,-0.344063583205797,-6.1002110660022));
#6001=CARTESIAN_POINT('Ctrl Pts',(22.0855429055345,-0.314989176330769,-6.11079328468366));
#6002=CARTESIAN_POINT('Ctrl Pts',(22.0673104939238,-0.288866161085367,-6.12030128466226));
#6003=CARTESIAN_POINT('Ctrl Pts',(22.0538128585618,-0.25978393860446,-6.13088634799162));
#6004=CARTESIAN_POINT('Ctrl Pts',(22.0403152231998,-0.230701716123553,-6.14147141132098));
#6005=CARTESIAN_POINT('',(22.0403152231998,-0.0596916444607189,-5.67162510092802));
#6006=CARTESIAN_POINT('Ctrl Pts',(22.1581500392298,-0.223871033661381,-5.61186869017898));
#6007=CARTESIAN_POINT('Ctrl Pts',(22.1319926317842,-0.198462272602172,-5.62111672289411));
#6008=CARTESIAN_POINT('Ctrl Pts',(22.0823330990358,-0.150224036280766,-5.6386740050686));
#6009=CARTESIAN_POINT('Ctrl Pts',(22.0538128585618,-0.0887738669416252,
-5.66104003759867));
#6010=CARTESIAN_POINT('Ctrl Pts',(22.0403152231998,-0.0596916444607182,
-5.67162510092802));
#6011=CARTESIAN_POINT('',(22.0403152231998,-0.230701716123553,-6.14147141132098));
#6012=CARTESIAN_POINT('Ctrl Pts',(22.0102704130159,0.278022792263889,-5.59531712341292));
#6013=CARTESIAN_POINT('Ctrl Pts',(22.0102704130159,-0.299037418513421,-7.18077702218931));
#6014=CARTESIAN_POINT('Ctrl Pts',(22.0099387891926,0.223731849666704,-5.57555683631729));
#6015=CARTESIAN_POINT('Ctrl Pts',(22.0099387891926,-0.353328361110606,-7.16101673509367));
#6016=CARTESIAN_POINT('Ctrl Pts',(22.0093744463757,0.131341914692126,-5.54192965004076));
#6017=CARTESIAN_POINT('Ctrl Pts',(22.0093744463757,-0.445718296085184,-7.12738954881714));
#6018=CARTESIAN_POINT('Ctrl Pts',(22.0312814113332,0.0414197182356173,-5.50920064713075));
#6019=CARTESIAN_POINT('Ctrl Pts',(22.0312814113332,-0.535640492541693,-7.09466054590713));
#6020=CARTESIAN_POINT('Ctrl Pts',(22.0403152231998,0.0043383513280883,-5.4957041333305));
#6021=CARTESIAN_POINT('Ctrl Pts',(22.0403152231998,-0.572721859449222,-7.08116403210689));
#6022=CARTESIAN_POINT('',(22.0102704130159,0.042982724812247,-6.2410844014034));
#6023=CARTESIAN_POINT('Ctrl Pts',(22.0403152231998,-0.230701716123553,-6.14147141132098));
#6024=CARTESIAN_POINT('Ctrl Pts',(22.0312814113332,-0.193620349216024,-6.15496792512123));
#6025=CARTESIAN_POINT('Ctrl Pts',(22.0222475994666,-0.156538982308495,-6.16846443892147));
#6026=CARTESIAN_POINT('Ctrl Pts',(22.0170350424662,-0.119037975479906,-6.18211368916209));
#6027=CARTESIAN_POINT('Ctrl Pts',(22.0096071653692,-0.065599160382121,-6.20156382721214));
#6028=CARTESIAN_POINT('Ctrl Pts',(22.0099387891926,-0.0113082177849373,
-6.22132411430777));
#6029=CARTESIAN_POINT('Ctrl Pts',(22.0102704130159,0.0429827248122468,-6.2410844014034));
#6030=CARTESIAN_POINT('',(22.0102704130159,0.213992796475081,-5.77123809101044));
#6031=CARTESIAN_POINT('Ctrl Pts',(22.0403152231998,-0.0596916444607182,
-5.67162510092802));
#6032=CARTESIAN_POINT('Ctrl Pts',(22.0312814113332,-0.0226102775531892,
-5.68512161472827));
#6033=CARTESIAN_POINT('Ctrl Pts',(22.0093744463757,0.0673119189033194,-5.71785061763828));
#6034=CARTESIAN_POINT('Ctrl Pts',(22.0099387891926,0.159701853877898,-5.75147780391481));
#6035=CARTESIAN_POINT('Ctrl Pts',(22.0102704130159,0.213992796475082,-5.77123809101044));
#6036=CARTESIAN_POINT('',(22.0102704130159,0.0429827248122472,-6.2410844014034));
#6037=CARTESIAN_POINT('Origin',(22.0111485593306,0.15309993200375,-6.28116378710163));
#6038=CARTESIAN_POINT('',(22.0111485593306,0.153099932003749,-6.28116378710163));
#6039=CARTESIAN_POINT('',(22.002714777073,-0.904473883179823,-5.89623839783546));
#6040=CARTESIAN_POINT('',(22.0111485593306,0.324110003666584,-5.81131747670867));
#6041=CARTESIAN_POINT('',(22.0102704130159,0.213992796475082,-5.77123809101044));
#6042=CARTESIAN_POINT('',(22.0111485593306,0.15309993200375,-6.28116378710163));
#6043=CARTESIAN_POINT('Origin',(23.206427439245,0.144683024134056,-6.2781002831725));
#6044=CARTESIAN_POINT('',(23.206427439245,0.144683024134056,-6.2781002831725));
#6045=CARTESIAN_POINT('',(25.36164750188,0.129506408023001,-6.27257644665119));
#6046=CARTESIAN_POINT('',(23.206427439245,0.315693095796891,-5.80825397277954));
#6047=CARTESIAN_POINT('',(22.0111485593306,0.324110003666584,-5.81131747670867));
#6048=CARTESIAN_POINT('',(23.206427439245,0.144683024134057,-6.2781002831725));
#6049=CARTESIAN_POINT('Origin',(23.2107596247529,0.687927539555655,-6.47582511671433));
#6050=CARTESIAN_POINT('',(23.2107596247529,0.687927539555654,-6.47582511671433));
#6051=CARTESIAN_POINT('',(23.2001597497414,-0.641268533338703,-5.99203731067725));
#6052=CARTESIAN_POINT('',(23.2107596247529,0.858937611218489,-6.00597880632137));
#6053=CARTESIAN_POINT('',(23.206427439245,0.315693095796891,-5.80825397277954));
#6054=CARTESIAN_POINT('',(23.2107596247529,0.687927539555655,-6.47582511671433));
#6055=CARTESIAN_POINT('Origin',(21.7555955581619,-2.07741555132279,-4.93723365786292));
#6056=CARTESIAN_POINT('',(22.1731469706959,-0.915000505635815,-5.36031813435617));
#6057=CARTESIAN_POINT('Ctrl Pts',(22.1731469706959,-0.915000505635814,-5.36031813435617));
#6058=CARTESIAN_POINT('Ctrl Pts',(22.2325267213217,-0.961351502259706,-5.3434477512565));
#6059=CARTESIAN_POINT('Ctrl Pts',(22.3788343648596,-1.07555718719773,-5.30188028135507));
#6060=CARTESIAN_POINT('Ctrl Pts',(22.5398467004071,-1.17088230387825,-5.26718477630541));
#6061=CARTESIAN_POINT('Ctrl Pts',(22.6355113063261,-1.22751920496049,-5.24657063015039));
#6062=CARTESIAN_POINT('',(21.9352387512266,-0.622416126873449,-5.46681013923694));
#6063=CARTESIAN_POINT('Ctrl Pts',(21.9352387512266,-0.622416126873449,-5.46681013923694));
#6064=CARTESIAN_POINT('Ctrl Pts',(21.9709802061557,-0.677794708563185,-5.44665398388599));
#6065=CARTESIAN_POINT('Ctrl Pts',(22.039131188442,-0.783389311448445,-5.4082206915366));
#6066=CARTESIAN_POINT('Ctrl Pts',(22.1299551832173,-0.872583689992649,-5.37575659268264));
#6067=CARTESIAN_POINT('Ctrl Pts',(22.1731469706959,-0.915000505635814,-5.36031813435617));
#6068=CARTESIAN_POINT('',(21.6663536114492,-1.15278541075479,-5.27377150673505));
#6069=CARTESIAN_POINT('Ctrl Pts',(21.6663536114492,-1.15278541075479,-5.27377150673505));
#6070=CARTESIAN_POINT('Ctrl Pts',(21.7309819163097,-1.0824102641784,-5.29938596532097));
#6071=CARTESIAN_POINT('Ctrl Pts',(21.871596102105,-0.929292462969865,-5.35511628729717));
#6072=CARTESIAN_POINT('Ctrl Pts',(21.9129121525716,-0.730071997383408,-5.42762660682729));
#6073=CARTESIAN_POINT('Ctrl Pts',(21.9352387512266,-0.622416126873449,-5.46681013923694));
#6074=CARTESIAN_POINT('',(21.1327223247285,-1.32706019514659,-5.21034067263327));
#6075=CARTESIAN_POINT('Ctrl Pts',(21.1327223247285,-1.32706019514659,-5.21034067263327));
#6076=CARTESIAN_POINT('Ctrl Pts',(21.234142109963,-1.32148728378882,-5.2123690464857));
#6077=CARTESIAN_POINT('Ctrl Pts',(21.4299167241087,-1.31072967305031,-5.21628449658634));
#6078=CARTESIAN_POINT('Ctrl Pts',(21.589460477756,-1.20415146202275,-5.25507579302172));
#6079=CARTESIAN_POINT('Ctrl Pts',(21.6663536114492,-1.15278541075479,-5.27377150673505));
#6080=CARTESIAN_POINT('',(20.6824996858731,-1.20642505637877,-5.25424827235133));
#6081=CARTESIAN_POINT('Ctrl Pts',(20.6824996858731,-1.20642505637877,-5.25424827235133));
#6082=CARTESIAN_POINT('Ctrl Pts',(20.7512402921568,-1.24116495616609,-5.24160398288736));
#6083=CARTESIAN_POINT('Ctrl Pts',(20.8918408169737,-1.31222118342746,-5.21574163120496));
#6084=CARTESIAN_POINT('Ctrl Pts',(21.0512496267973,-1.32204123652806,-5.21216742417743));
#6085=CARTESIAN_POINT('Ctrl Pts',(21.1327223247285,-1.32706019514659,-5.21034067263327));
#6086=CARTESIAN_POINT('',(20.4105886652777,-0.891576628720152,-5.36884372832458));
#6087=CARTESIAN_POINT('Ctrl Pts',(20.4105886652777,-0.891576628720151,-5.36884372832458));
#6088=CARTESIAN_POINT('Ctrl Pts',(20.4412591620506,-0.953961933661647,-5.34613733427026));
#6089=CARTESIAN_POINT('Ctrl Pts',(20.5034641976873,-1.08049004782353,-5.3000848669175));
#6090=CARTESIAN_POINT('Ctrl Pts',(20.6222711048253,-1.16405978597132,-5.26966796974628));
#6091=CARTESIAN_POINT('Ctrl Pts',(20.6824996858731,-1.20642505637877,-5.25424827235133));
#6092=CARTESIAN_POINT('',(20.3384405666106,-0.26428331384853,-5.59715982309203));
#6093=CARTESIAN_POINT('Ctrl Pts',(20.3384405666106,-0.26428331384853,-5.59715982309203));
#6094=CARTESIAN_POINT('Ctrl Pts',(20.3376288492999,-0.389160516927567,-5.55170823823284));
#6095=CARTESIAN_POINT('Ctrl Pts',(20.3362506300228,-0.60119020544035,-5.47453574283346));
#6096=CARTESIAN_POINT('Ctrl Pts',(20.3889338171654,-0.806986366569126,-5.39963206585633));
#6097=CARTESIAN_POINT('Ctrl Pts',(20.4105886652777,-0.891576628720151,-5.36884372832458));
#6098=CARTESIAN_POINT('',(20.3475586471605,0.879099683221749,-6.01331720039169));
#6099=CARTESIAN_POINT('',(20.3475586471605,0.879099683221749,-6.01331720039169));
#6100=CARTESIAN_POINT('',(23.2107596247529,0.85893761121849,-6.00597880632137));
#6101=CARTESIAN_POINT('',(21.1742944450902,-0.767559529569657,-5.4139822609554));
#6102=CARTESIAN_POINT('Ctrl Pts',(21.1742944450902,-0.767559529569656,-5.4139822609554));
#6103=CARTESIAN_POINT('Ctrl Pts',(21.1294056132296,-0.764964279931378,-5.41492685457423));
#6104=CARTESIAN_POINT('Ctrl Pts',(21.0444153156866,-0.76005056242498,-5.41671530148615));
#6105=CARTESIAN_POINT('Ctrl Pts',(20.9744791293844,-0.71478175209009,-5.43319180098869));
#6106=CARTESIAN_POINT('Ctrl Pts',(20.9414807324376,-0.693422306405073,-5.44096600343846));
#6107=CARTESIAN_POINT('',(21.3895712358555,-0.714013803972394,-5.43347131124499));
#6108=CARTESIAN_POINT('Ctrl Pts',(21.3895712358555,-0.714013803972394,-5.43347131124499));
#6109=CARTESIAN_POINT('Ctrl Pts',(21.3579020689572,-0.729836280613989,-5.42771240071508));
#6110=CARTESIAN_POINT('Ctrl Pts',(21.2907259809603,-0.763398643862057,-5.41549669950115));
#6111=CARTESIAN_POINT('Ctrl Pts',(21.2145554911381,-0.766120730280257,-5.41450594106983));
#6112=CARTESIAN_POINT('Ctrl Pts',(21.1742944450902,-0.767559529569656,-5.4139822609554));
#6113=CARTESIAN_POINT('',(21.5118765930921,-0.562537736532611,-5.48860409099678));
#6114=CARTESIAN_POINT('Ctrl Pts',(21.5118765930921,-0.56253773653261,-5.48860409099677));
#6115=CARTESIAN_POINT('Ctrl Pts',(21.497995998374,-0.592978714720857,-5.4775244810343));
#6116=CARTESIAN_POINT('Ctrl Pts',(21.4706035288506,-0.653052046175338,-5.45565957651167));
#6117=CARTESIAN_POINT('Ctrl Pts',(21.4163385197738,-0.69387639185189,-5.44080072985201));
#6118=CARTESIAN_POINT('Ctrl Pts',(21.3895712358555,-0.714013803972394,-5.43347131124499));
#6119=CARTESIAN_POINT('',(21.550924730237,-0.07459934414878,-5.66619914198019));
#6120=CARTESIAN_POINT('Ctrl Pts',(21.550924730237,-0.0745993441487794,-5.66619914198019));
#6121=CARTESIAN_POINT('Ctrl Pts',(21.551443832086,-0.180788022787215,-5.62754962373974));
#6122=CARTESIAN_POINT('Ctrl Pts',(21.552244817955,-0.344639550574473,-5.56791254478614));
#6123=CARTESIAN_POINT('Ctrl Pts',(21.5223849261984,-0.50581622526776,-5.50924903273977));
#6124=CARTESIAN_POINT('Ctrl Pts',(21.5118765930921,-0.56253773653261,-5.48860409099677));
#6125=CARTESIAN_POINT('',(21.5541299624709,0.327328234565787,-5.81248881696298));
#6126=CARTESIAN_POINT('Origin',(21.550924730237,-0.245609415811614,-6.13604545237315));
#6127=CARTESIAN_POINT('',(21.550924730237,-0.245609415811615,-6.13604545237315));
#6128=CARTESIAN_POINT('',(21.5440935640964,-1.10221944163788,-5.82426490059838));
#6129=CARTESIAN_POINT('',(21.550924730237,-0.245609415811614,-6.13604545237315));
#6130=CARTESIAN_POINT('Ctrl Pts',(21.5118765930921,-0.448381838218821,-5.17496333808208));
#6131=CARTESIAN_POINT('Ctrl Pts',(21.5118765930921,-1.07556795152111,-6.89814302217564));
#6132=CARTESIAN_POINT('Ctrl Pts',(21.5223849261984,-0.391660326953971,-5.19560827982508));
#6133=CARTESIAN_POINT('Ctrl Pts',(21.5223849261984,-1.01884644025626,-6.91878796391864));
#6134=CARTESIAN_POINT('Ctrl Pts',(21.552244817955,-0.230483652260684,-5.25427179187144));
#6135=CARTESIAN_POINT('Ctrl Pts',(21.552244817955,-0.857669765562977,-6.977451475965));
#6136=CARTESIAN_POINT('Ctrl Pts',(21.551443832086,-0.0666321244734255,-5.31390887082505));
#6137=CARTESIAN_POINT('Ctrl Pts',(21.551443832086,-0.693818237775718,-7.0370885549186));
#6138=CARTESIAN_POINT('Ctrl Pts',(21.550924730237,0.0395565541650101,-5.3525583890655));
#6139=CARTESIAN_POINT('Ctrl Pts',(21.550924730237,-0.587629559137283,-7.07573807315905));
#6140=CARTESIAN_POINT('',(21.5118765930921,-0.733547808195445,-5.95845040138973));
#6141=CARTESIAN_POINT('Ctrl Pts',(21.550924730237,-0.245609415811615,-6.13604545237315));
#6142=CARTESIAN_POINT('Ctrl Pts',(21.551443832086,-0.35179809445005,-6.0973959341327));
#6143=CARTESIAN_POINT('Ctrl Pts',(21.551962933935,-0.457986773088486,-6.05874641589225));
#6144=CARTESIAN_POINT('Ctrl Pts',(21.5396042847456,-0.563051997511783,-6.02050580154567));
#6145=CARTESIAN_POINT('Ctrl Pts',(21.5328932593047,-0.620104785665745,-5.99974028487573));
#6146=CARTESIAN_POINT('Ctrl Pts',(21.5223849261984,-0.676826296930595,-5.97909534313273));
#6147=CARTESIAN_POINT('Ctrl Pts',(21.5118765930921,-0.733547808195445,-5.95845040138973));
#6148=CARTESIAN_POINT('',(21.5118765930921,-0.733547808195445,-5.95845040138973));
#6149=CARTESIAN_POINT('Ctrl Pts',(21.3895712358555,-0.678575136260373,-5.33610437193066));
#6150=CARTESIAN_POINT('Ctrl Pts',(21.3895712358555,-1.2270440189609,-6.84301024242385));
#6151=CARTESIAN_POINT('Ctrl Pts',(21.4163385197738,-0.658437724139869,-5.34343379053767));
#6152=CARTESIAN_POINT('Ctrl Pts',(21.4163385197738,-1.20690660684039,-6.85033966103087));
#6153=CARTESIAN_POINT('Ctrl Pts',(21.4706035288506,-0.617613378463316,-5.35829263719733));
#6154=CARTESIAN_POINT('Ctrl Pts',(21.4706035288506,-1.16608226116384,-6.86519850769053));
#6155=CARTESIAN_POINT('Ctrl Pts',(21.497995998374,-0.557540047008836,-5.38015754171997));
#6156=CARTESIAN_POINT('Ctrl Pts',(21.497995998374,-1.10600892970936,-6.88706341221317));
#6157=CARTESIAN_POINT('Ctrl Pts',(21.5118765930921,-0.527099068820589,-5.39123715168244));
#6158=CARTESIAN_POINT('Ctrl Pts',(21.5118765930921,-1.07556795152111,-6.89814302217564));
#6159=CARTESIAN_POINT('',(21.3895712358555,-0.885023875635229,-5.90331762163795));
#6160=CARTESIAN_POINT('Ctrl Pts',(21.5118765930921,-0.733547808195445,-5.95845040138973));
#6161=CARTESIAN_POINT('Ctrl Pts',(21.497995998374,-0.763988786383691,-5.94737079142726));
#6162=CARTESIAN_POINT('Ctrl Pts',(21.484115403656,-0.794429764571938,-5.93629118146479));
#6163=CARTESIAN_POINT('Ctrl Pts',(21.4633345961365,-0.819928072648391,-5.92701055630081));
#6164=CARTESIAN_POINT('Ctrl Pts',(21.4431058036921,-0.844749051394222,-5.91797645885198));
#6165=CARTESIAN_POINT('Ctrl Pts',(21.4163385197738,-0.864886463514725,-5.91064704024496));
#6166=CARTESIAN_POINT('Ctrl Pts',(21.3895712358555,-0.885023875635229,-5.90331762163795));
#6167=CARTESIAN_POINT('',(21.3895712358555,-0.885023875635229,-5.90331762163795));
#6168=CARTESIAN_POINT('Ctrl Pts',(21.1742944450902,-0.755032209518951,-5.37956373198981));
#6169=CARTESIAN_POINT('Ctrl Pts',(21.1742944450902,-1.28058974455816,-6.82352119213427));
#6170=CARTESIAN_POINT('Ctrl Pts',(21.2145554911381,-0.753593410229552,-5.38008741210423));
#6171=CARTESIAN_POINT('Ctrl Pts',(21.2145554911381,-1.27915094526876,-6.82404487224869));
#6172=CARTESIAN_POINT('Ctrl Pts',(21.2907259809603,-0.750871323811352,-5.38107817053556));
#6173=CARTESIAN_POINT('Ctrl Pts',(21.2907259809603,-1.27642885885056,-6.82503563068002));
#6174=CARTESIAN_POINT('Ctrl Pts',(21.3579020689572,-0.717308960563283,-5.39329387174949));
#6175=CARTESIAN_POINT('Ctrl Pts',(21.3579020689572,-1.24286649560249,-6.83725133189394));
#6176=CARTESIAN_POINT('Ctrl Pts',(21.3895712358555,-0.701486483921689,-5.3990527822794));
#6177=CARTESIAN_POINT('Ctrl Pts',(21.3895712358555,-1.2270440189609,-6.84301024242385));
#6178=CARTESIAN_POINT('',(21.1742944450902,-0.938569601232491,-5.88382857134836));
#6179=CARTESIAN_POINT('Ctrl Pts',(21.3895712358555,-0.885023875635229,-5.90331762163795));
#6180=CARTESIAN_POINT('Ctrl Pts',(21.3579020689572,-0.900846352276824,-5.89755871110804));
#6181=CARTESIAN_POINT('Ctrl Pts',(21.3262329020589,-0.916668828918418,-5.89179980057812));
#6182=CARTESIAN_POINT('Ctrl Pts',(21.2925647197358,-0.925637021052287,-5.88853564558621));
#6183=CARTESIAN_POINT('Ctrl Pts',(21.2548165371859,-0.935692002653692,-5.88487593157721));
#6184=CARTESIAN_POINT('Ctrl Pts',(21.2145554911381,-0.937130801943092,-5.88435225146278));
#6185=CARTESIAN_POINT('Ctrl Pts',(21.1742944450902,-0.938569601232492,-5.88382857134836));
#6186=CARTESIAN_POINT('',(21.1742944450902,-0.938569601232491,-5.88382857134836));
#6187=CARTESIAN_POINT('Ctrl Pts',(20.9414807324376,-0.676077491073991,-5.3933115149717));
#6188=CARTESIAN_POINT('Ctrl Pts',(20.9414807324376,-1.20645252139358,-6.85050493461732));
#6189=CARTESIAN_POINT('Ctrl Pts',(20.9744791293844,-0.697436936759008,-5.38553731252193));
#6190=CARTESIAN_POINT('Ctrl Pts',(20.9744791293844,-1.22781196707859,-6.84273073216755));
#6191=CARTESIAN_POINT('Ctrl Pts',(21.0444153156866,-0.742705747093899,-5.36906081301939));
#6192=CARTESIAN_POINT('Ctrl Pts',(21.0444153156866,-1.27308077741348,-6.82625423266501));
#6193=CARTESIAN_POINT('Ctrl Pts',(21.1294056132296,-0.747619464600296,-5.36727236610747));
#6194=CARTESIAN_POINT('Ctrl Pts',(21.1294056132296,-1.27799449491988,-6.82446578575309));
#6195=CARTESIAN_POINT('Ctrl Pts',(21.1742944450902,-0.750214714238574,-5.36632777248864));
#6196=CARTESIAN_POINT('Ctrl Pts',(21.1742944450902,-1.28058974455816,-6.82352119213427));
#6197=CARTESIAN_POINT('Ctrl Pts',(21.1742944450902,-0.938569601232491,-5.88382857134836));
#6198=CARTESIAN_POINT('Ctrl Pts',(21.1294056132296,-0.935974351594213,-5.88477316496718));
#6199=CARTESIAN_POINT('Ctrl Pts',(21.0845167813689,-0.933379101955934,-5.88571775858601));
#6200=CARTESIAN_POINT('Ctrl Pts',(21.0438274054514,-0.91952649997657,-5.89075969337363));
#6201=CARTESIAN_POINT('Ctrl Pts',(21.0074775263312,-0.90715126943794,-5.89526390893187));
#6202=CARTESIAN_POINT('Ctrl Pts',(20.9744791293844,-0.885791823752924,-5.90303811138165));
#6203=CARTESIAN_POINT('Ctrl Pts',(20.9414807324376,-0.864432378067908,-5.91081231383142));
#6204=CARTESIAN_POINT('Origin',(20.3475586471605,0.708089611558914,-6.48316351078465));
#6205=CARTESIAN_POINT('',(20.3475586471605,0.708089611558914,-6.48316351078465));
#6206=CARTESIAN_POINT('',(23.9343791985917,0.682831959446229,-6.47397047722818));
#6207=CARTESIAN_POINT('',(20.3475586471605,0.708089611558914,-6.48316351078465));
#6208=CARTESIAN_POINT('Origin',(20.3384405666106,-0.435293385511365,-6.06700613348498));
#6209=CARTESIAN_POINT('',(20.3384405666106,-0.435293385511365,-6.06700613348498));
#6210=CARTESIAN_POINT('',(20.3323997318741,-1.19279795987058,-5.79129701609774));
#6211=CARTESIAN_POINT('',(20.3384405666106,-0.435293385511365,-6.06700613348498));
#6212=CARTESIAN_POINT('Ctrl Pts',(20.4105886652777,-0.74481787191162,-4.96562735788591));
#6213=CARTESIAN_POINT('Ctrl Pts',(20.4105886652777,-1.40460684370865,-6.77838265950345));
#6214=CARTESIAN_POINT('Ctrl Pts',(20.3889338171654,-0.660227609760595,-4.99641569541766));
#6215=CARTESIAN_POINT('Ctrl Pts',(20.3889338171654,-1.32001658155763,-6.80917099703519));
#6216=CARTESIAN_POINT('Ctrl Pts',(20.3362506300228,-0.454431448631818,-5.07131937239478));
#6217=CARTESIAN_POINT('Ctrl Pts',(20.3362506300228,-1.11422042042885,-6.88407467401232));
#6218=CARTESIAN_POINT('Ctrl Pts',(20.3376288492999,-0.242401760119035,-5.14849186779417));
#6219=CARTESIAN_POINT('Ctrl Pts',(20.3376288492999,-0.90219073191607,-6.96124716941171));
#6220=CARTESIAN_POINT('Ctrl Pts',(20.3384405666106,-0.117524557039998,-5.19394345265336));
#6221=CARTESIAN_POINT('Ctrl Pts',(20.3384405666106,-0.777313528837033,-7.00669875427089));
#6222=CARTESIAN_POINT('',(20.4105886652777,-1.06258670038299,-5.83869003871754));
#6223=CARTESIAN_POINT('Ctrl Pts',(20.3384405666106,-0.435293385511365,-6.06700613348498));
#6224=CARTESIAN_POINT('Ctrl Pts',(20.3376288492999,-0.560170588590402,-6.0215545486258));
#6225=CARTESIAN_POINT('Ctrl Pts',(20.3368171319892,-0.685047791669439,-5.97610296376661));
#6226=CARTESIAN_POINT('Ctrl Pts',(20.3547579639541,-0.807762740061235,-5.93143837525249));
#6227=CARTESIAN_POINT('Ctrl Pts',(20.3672789690531,-0.893406176080936,-5.90026671378103));
#6228=CARTESIAN_POINT('Ctrl Pts',(20.3889338171654,-0.977996438231961,-5.86947837624929));
#6229=CARTESIAN_POINT('Ctrl Pts',(20.4105886652777,-1.06258670038299,-5.83869003871754));
#6230=CARTESIAN_POINT('',(20.4105886652777,-1.06258670038299,-5.83869003871754));
#6231=CARTESIAN_POINT('Ctrl Pts',(20.6824996858731,-1.13276451715278,-5.05186760412309));
#6232=CARTESIAN_POINT('Ctrl Pts',(20.6824996858731,-1.71945527136727,-6.66378720353019));
#6233=CARTESIAN_POINT('Ctrl Pts',(20.6222711048253,-1.09039924674534,-5.06728730151803));
#6234=CARTESIAN_POINT('Ctrl Pts',(20.6222711048253,-1.67709000095983,-6.67920690092514));
#6235=CARTESIAN_POINT('Ctrl Pts',(20.5034641976873,-1.00682950859754,-5.09770419868925));
#6236=CARTESIAN_POINT('Ctrl Pts',(20.5034641976873,-1.59352026281203,-6.70962379809636));
#6237=CARTESIAN_POINT('Ctrl Pts',(20.4412591620506,-0.880301394435662,-5.14375666604201));
#6238=CARTESIAN_POINT('Ctrl Pts',(20.4412591620506,-1.46699214865015,-6.75567626544912));
#6239=CARTESIAN_POINT('Ctrl Pts',(20.4105886652777,-0.817916089494166,-5.16646306009634));
#6240=CARTESIAN_POINT('Ctrl Pts',(20.4105886652777,-1.40460684370865,-6.77838265950345));
#6241=CARTESIAN_POINT('',(20.6824996858731,-1.3774351280416,-5.72409458274429));
#6242=CARTESIAN_POINT('Ctrl Pts',(20.4105886652777,-1.06258670038299,-5.83869003871754));
#6243=CARTESIAN_POINT('Ctrl Pts',(20.4412591620506,-1.12497200532448,-5.81598364466321));
#6244=CARTESIAN_POINT('Ctrl Pts',(20.4719296588236,-1.18735731026598,-5.79327725060889));
#6245=CARTESIAN_POINT('Ctrl Pts',(20.5163602472074,-1.23929929992958,-5.77437191246277));
#6246=CARTESIAN_POINT('Ctrl Pts',(20.5620425237775,-1.29270458722672,-5.75493397753418));
#6247=CARTESIAN_POINT('Ctrl Pts',(20.6222711048253,-1.33506985763416,-5.73951428013923));
#6248=CARTESIAN_POINT('Ctrl Pts',(20.6824996858731,-1.3774351280416,-5.72409458274429));
#6249=CARTESIAN_POINT('',(20.6824996858731,-1.3774351280416,-5.72409458274429));
#6250=CARTESIAN_POINT('Ctrl Pts',(21.1327223247285,-1.29883693407675,-5.1327979001405));
#6251=CARTESIAN_POINT('Ctrl Pts',(21.1327223247285,-1.8400904101351,-6.61987960381213));
#6252=CARTESIAN_POINT('Ctrl Pts',(21.0512496267973,-1.29381797545821,-5.13462465168466));
#6253=CARTESIAN_POINT('Ctrl Pts',(21.0512496267973,-1.83507145151656,-6.62170635535629));
#6254=CARTESIAN_POINT('Ctrl Pts',(20.8918408169737,-1.28399792235761,-5.13819885871219));
#6255=CARTESIAN_POINT('Ctrl Pts',(20.8918408169737,-1.82525139841596,-6.62528056238382));
#6256=CARTESIAN_POINT('Ctrl Pts',(20.7512402921568,-1.21294169509624,-5.16406121039458));
#6257=CARTESIAN_POINT('Ctrl Pts',(20.7512402921568,-1.75419517115459,-6.65114291406622));
#6258=CARTESIAN_POINT('Ctrl Pts',(20.6824996858731,-1.17820179530892,-5.17670549985856));
#6259=CARTESIAN_POINT('Ctrl Pts',(20.6824996858731,-1.71945527136727,-6.66378720353019));
#6260=CARTESIAN_POINT('',(21.1327223247285,-1.49807026680943,-5.68018698302622));
#6261=CARTESIAN_POINT('Ctrl Pts',(20.6824996858731,-1.3774351280416,-5.72409458274429));
#6262=CARTESIAN_POINT('Ctrl Pts',(20.7512402921568,-1.41217502782892,-5.71145029328031));
#6263=CARTESIAN_POINT('Ctrl Pts',(20.8199808984406,-1.44691492761624,-5.69880600381634));
#6264=CARTESIAN_POINT('Ctrl Pts',(20.8932172534524,-1.46701753048895,-5.6914892547394));
#6265=CARTESIAN_POINT('Ctrl Pts',(20.969776928866,-1.48803234957236,-5.68384048611455));
#6266=CARTESIAN_POINT('Ctrl Pts',(21.0512496267973,-1.49305130819089,-5.68201373457039));
#6267=CARTESIAN_POINT('Ctrl Pts',(21.1327223247285,-1.49807026680943,-5.68018698302623));
#6268=CARTESIAN_POINT('',(21.1327223247285,-1.49807026680943,-5.68018698302622));
#6269=CARTESIAN_POINT('Ctrl Pts',(21.6663536114492,-1.11201285652208,-5.1617498346472));
#6270=CARTESIAN_POINT('Ctrl Pts',(21.6663536114492,-1.66581562574329,-6.68331043791391));
#6271=CARTESIAN_POINT('Ctrl Pts',(21.589460477756,-1.16337890779005,-5.14305412093387));
#6272=CARTESIAN_POINT('Ctrl Pts',(21.589460477756,-1.71718167701126,-6.66461472420058));
#6273=CARTESIAN_POINT('Ctrl Pts',(21.4299167241087,-1.26995711881761,-5.1042628244985));
#6274=CARTESIAN_POINT('Ctrl Pts',(21.4299167241087,-1.82375988803882,-6.62582342776521));
#6275=CARTESIAN_POINT('Ctrl Pts',(21.234142109963,-1.28071472955612,-5.10034737439786));
#6276=CARTESIAN_POINT('Ctrl Pts',(21.234142109963,-1.83451749877733,-6.62190797766456));
#6277=CARTESIAN_POINT('Ctrl Pts',(21.1327223247285,-1.28628764091389,-5.09831900054543));
#6278=CARTESIAN_POINT('Ctrl Pts',(21.1327223247285,-1.8400904101351,-6.61987960381213));
#6279=CARTESIAN_POINT('',(21.6663536114492,-1.32379548241762,-5.743617817128));
#6280=CARTESIAN_POINT('Ctrl Pts',(21.1327223247285,-1.49807026680943,-5.68018698302622));
#6281=CARTESIAN_POINT('Ctrl Pts',(21.234142109963,-1.49249735545166,-5.68221535687866));
#6282=CARTESIAN_POINT('Ctrl Pts',(21.3355618951974,-1.48692444409389,-5.68424373073109));
#6283=CARTESIAN_POINT('Ctrl Pts',(21.4272584345449,-1.45563623796167,-5.6956317064468));
#6284=CARTESIAN_POINT('Ctrl Pts',(21.5125673440627,-1.42652758495355,-5.70622638970134));
#6285=CARTESIAN_POINT('Ctrl Pts',(21.589460477756,-1.37516153368559,-5.72492210341467));
#6286=CARTESIAN_POINT('Ctrl Pts',(21.6663536114492,-1.32379548241762,-5.743617817128));
#6287=CARTESIAN_POINT('',(21.6663536114492,-1.32379548241762,-5.743617817128));
#6288=CARTESIAN_POINT('Ctrl Pts',(21.9352387512266,-0.498333285710402,-5.12589533499969));
#6289=CARTESIAN_POINT('Ctrl Pts',(21.9352387512266,-1.13544634186195,-6.8763490704158));
#6290=CARTESIAN_POINT('Ctrl Pts',(21.9129121525716,-0.605989156220362,-5.08671180259005));
#6291=CARTESIAN_POINT('Ctrl Pts',(21.9129121525716,-1.24310221237191,-6.83716553800616));
#6292=CARTESIAN_POINT('Ctrl Pts',(21.871596102105,-0.805209621806819,-5.01420148305992));
#6293=CARTESIAN_POINT('Ctrl Pts',(21.871596102105,-1.44232267795837,-6.76465521847603));
#6294=CARTESIAN_POINT('Ctrl Pts',(21.7309819163097,-0.958327423015353,-4.95847116108373));
#6295=CARTESIAN_POINT('Ctrl Pts',(21.7309819163097,-1.5954404791669,-6.70892489649984));
#6296=CARTESIAN_POINT('Ctrl Pts',(21.6663536114492,-1.02870256959174,-4.9328567024978));
#6297=CARTESIAN_POINT('Ctrl Pts',(21.6663536114492,-1.66581562574329,-6.68331043791391));
#6298=CARTESIAN_POINT('',(21.9352387512266,-0.793426198536284,-5.93665644962989));
#6299=CARTESIAN_POINT('Ctrl Pts',(21.6663536114492,-1.32379548241762,-5.743617817128));
#6300=CARTESIAN_POINT('Ctrl Pts',(21.7309819163097,-1.25342033584123,-5.76923227571393));
#6301=CARTESIAN_POINT('Ctrl Pts',(21.7956102211701,-1.18304518926485,-5.79484673429985));
#6302=CARTESIAN_POINT('Ctrl Pts',(21.8392622518969,-1.1029310669959,-5.82400589015011));
#6303=CARTESIAN_POINT('Ctrl Pts',(21.8905855539166,-1.0087379395562,-5.85828938481061));
#6304=CARTESIAN_POINT('Ctrl Pts',(21.9129121525716,-0.901082069046243,-5.89747291722025));
#6305=CARTESIAN_POINT('Ctrl Pts',(21.9352387512266,-0.793426198536284,-5.93665644962989));
#6306=CARTESIAN_POINT('',(21.9352387512266,-0.793426198536284,-5.93665644962989));
#6307=CARTESIAN_POINT('Ctrl Pts',(22.1731469706959,-0.846548764367777,-5.17224852089988));
#6308=CARTESIAN_POINT('Ctrl Pts',(22.1731469706959,-1.42803072062432,-6.76985706553503));
#6309=CARTESIAN_POINT('Ctrl Pts',(22.1299551832173,-0.804131948724612,-5.18768697922635));
#6310=CARTESIAN_POINT('Ctrl Pts',(22.1299551832173,-1.38561390498115,-6.7852955238615));
#6311=CARTESIAN_POINT('Ctrl Pts',(22.039131188442,-0.714937570180408,-5.22015107808032));
#6312=CARTESIAN_POINT('Ctrl Pts',(22.039131188442,-1.29641952643695,-6.81775962271546));
#6313=CARTESIAN_POINT('Ctrl Pts',(21.9709802061557,-0.609342967295149,-5.25858437042971));
#6314=CARTESIAN_POINT('Ctrl Pts',(21.9709802061557,-1.19082492355169,-6.85619291506486));
#6315=CARTESIAN_POINT('Ctrl Pts',(21.9352387512266,-0.553964385605412,-5.27874052578065));
#6316=CARTESIAN_POINT('Ctrl Pts',(21.9352387512266,-1.13544634186195,-6.8763490704158));
#6317=CARTESIAN_POINT('',(22.1731469706959,-1.08601057729865,-5.83016444474912));
#6318=CARTESIAN_POINT('Ctrl Pts',(21.9352387512266,-0.793426198536284,-5.93665644962989));
#6319=CARTESIAN_POINT('Ctrl Pts',(21.9709802061557,-0.848804780226021,-5.91650029427895));
#6320=CARTESIAN_POINT('Ctrl Pts',(22.0067216610848,-0.904183361915757,-5.896344138928));
#6321=CARTESIAN_POINT('Ctrl Pts',(22.0486991639117,-0.955051180663163,-5.8778297670219));
#6322=CARTESIAN_POINT('Ctrl Pts',(22.0867633957388,-1.00117694601232,-5.86104136140206));
#6323=CARTESIAN_POINT('Ctrl Pts',(22.1299551832173,-1.04359376165548,-5.84560290307559));
#6324=CARTESIAN_POINT('Ctrl Pts',(22.1731469706959,-1.08601057729865,-5.83016444474912));
#6325=CARTESIAN_POINT('',(22.1731469706959,-1.08601057729865,-5.83016444474912));
#6326=CARTESIAN_POINT('Ctrl Pts',(22.6355113063261,-1.15440371862425,-5.04568748242914));
#6327=CARTESIAN_POINT('Ctrl Pts',(22.6355113063261,-1.740549419949,-6.65610956132926));
#6328=CARTESIAN_POINT('Ctrl Pts',(22.5398467004071,-1.09776681754201,-5.06630162858416));
#6329=CARTESIAN_POINT('Ctrl Pts',(22.5398467004071,-1.68391251886675,-6.67672370748427));
#6330=CARTESIAN_POINT('Ctrl Pts',(22.3788343648596,-1.0024417008615,-5.10099713363382));
#6331=CARTESIAN_POINT('Ctrl Pts',(22.3788343648596,-1.58858740218624,-6.71141921253393));
#6332=CARTESIAN_POINT('Ctrl Pts',(22.2325267213217,-0.888236015923469,-5.14256460353524));
#6333=CARTESIAN_POINT('Ctrl Pts',(22.2325267213217,-1.47438171724821,-6.75298668243536));
#6334=CARTESIAN_POINT('Ctrl Pts',(22.1731469706959,-0.841885019299577,-5.15943498663491));
#6335=CARTESIAN_POINT('Ctrl Pts',(22.1731469706959,-1.42803072062432,-6.76985706553503));
#6336=CARTESIAN_POINT('Ctrl Pts',(22.1731469706959,-1.08601057729865,-5.83016444474912));
#6337=CARTESIAN_POINT('Ctrl Pts',(22.2325267213217,-1.13236157392254,-5.81329406164945));
#6338=CARTESIAN_POINT('Ctrl Pts',(22.2919064719476,-1.17871257054643,-5.79642367854978));
#6339=CARTESIAN_POINT('Ctrl Pts',(22.3537083592188,-1.22195358593217,-5.78068523604993));
#6340=CARTESIAN_POINT('Ctrl Pts',(22.4441820944881,-1.28525547445884,-5.75764523285338));
#6341=CARTESIAN_POINT('Ctrl Pts',(22.5398467004071,-1.34189237554108,-5.73703108669837));
#6342=CARTESIAN_POINT('Ctrl Pts',(22.6355113063261,-1.39852927662333,-5.71641694054335));
#6343=CARTESIAN_POINT('Origin',(27.5,-2.00081783845516,-5.49720183159756));
#6344=CARTESIAN_POINT('',(30.7675357437015,-5.88559690800383,-4.0832578835815));
#6345=CARTESIAN_POINT('',(31.8940693085021,-7.46690765480863,-3.50770784061929));
#6346=CARTESIAN_POINT('',(29.1742989319195,-3.64917664375562,-4.8972482910776));
#6347=CARTESIAN_POINT('',(28.,-8.57866618395652,-3.10306082831788));
#6348=CARTESIAN_POINT('Origin',(28.,-2.00081783845516,-5.49720183159756));
#6349=CARTESIAN_POINT('',(18.5,-8.57866618395652,-3.10306082831788));
#6350=CARTESIAN_POINT('',(23.,-8.57866618395652,-3.10306082831788));
#6351=CARTESIAN_POINT('',(18.5,4.57703050704619,-7.89134283487724));
#6352=CARTESIAN_POINT('',(18.5,5.98656943822506,-8.40437304986575));
#6353=CARTESIAN_POINT('',(28.,4.5770305070462,-7.89134283487724));
#6354=CARTESIAN_POINT('',(27.75,4.5770305070462,-7.89134283487724));
#6355=CARTESIAN_POINT('',(32.1686684033205,3.2834142344093,-7.42050501707502));
#6356=CARTESIAN_POINT('Origin',(28.,-2.00081783845516,-5.49720183159756));
#6357=CARTESIAN_POINT('',(30.9626947791195,1.75471396672771,-6.86410362252415));
#6358=CARTESIAN_POINT('',(30.4423150190729,1.09507708701884,-6.62401543288588));
#6359=CARTESIAN_POINT('',(31.0279271644141,1.1273364831099,-6.63575689283843));
#6360=CARTESIAN_POINT('Origin',(31.3643635160156,1.47490918550602,-6.76226301075408));
#6361=CARTESIAN_POINT('',(30.8647251805048,-5.26188290286143,-4.31027121614829));
#6362=CARTESIAN_POINT('Origin',(28.,-2.00081783845516,-5.49720183159756));
#6363=CARTESIAN_POINT('Origin',(31.1830279783387,-5.62422346557323,-4.17839003665392));
#6364=CARTESIAN_POINT('',(31.1,-0.937676999433289,-5.88415345183432));
#6365=CARTESIAN_POINT('',(31.1,-3.06395867747704,-5.1102502113608));
#6366=CARTESIAN_POINT('',(31.1,-2.40499491720716,-5.35009340555917));
#6367=CARTESIAN_POINT('',(24.9,-0.93767699943328,-5.88415345183432));
#6368=CARTESIAN_POINT('Origin',(28.,-2.00081783845516,-5.49720183159756));
#6369=CARTESIAN_POINT('',(24.9,-3.06395867747704,-5.1102502113608));
#6370=CARTESIAN_POINT('',(24.9,-1.59664075970315,-5.64431025763596));
#6371=CARTESIAN_POINT('Origin',(28.,-2.00081783845516,-5.49720183159756));
#6372=CARTESIAN_POINT('Origin',(-1.90192378864669,-7.65,-1.60745575641057));
#6373=CARTESIAN_POINT('',(-8.01186619958172,-7.65,4.1));
#6374=CARTESIAN_POINT('',(-4.91426495012225,-7.65,4.1));
#6375=CARTESIAN_POINT('',(-1.74216576628329,-7.65,4.1));
#6376=CARTESIAN_POINT('',(-6.89439998807081,-7.65,5.78508848717886));
#6377=CARTESIAN_POINT('Origin',(0.,-7.65,0.));
#6378=CARTESIAN_POINT('',(-4.90268443596146,-7.65,4.11384070199386));
#6379=CARTESIAN_POINT('',(2.26763062056847E-17,-7.65,2.06928028274516E-16));
#6380=CARTESIAN_POINT('Origin',(2.26763062056847E-17,-7.65,2.06928028274516E-16));
#6381=CARTESIAN_POINT('Origin',(-1.90192378864669,-7.65,-1.60745575641057));
#6382=CARTESIAN_POINT('',(-1.15941478640025E-9,-7.65,-9.));
#6383=CARTESIAN_POINT('',(4.49999999948485,-7.65,-8.75999098033257));
#6384=CARTESIAN_POINT('Ctrl Pts',(-1.15941020673027E-9,-7.65,-9.00000000038495));
#6385=CARTESIAN_POINT('Ctrl Pts',(0.482507088249564,-7.65,-9.00000000038495));
#6386=CARTESIAN_POINT('Ctrl Pts',(1.13612444543095,-7.65,-9.00000000041812));
#6387=CARTESIAN_POINT('Ctrl Pts',(2.78736846371684,-7.65,-8.93297423890132));
#6388=CARTESIAN_POINT('Ctrl Pts',(3.64513739590889,-7.65,-8.865891738573));
#6389=CARTESIAN_POINT('Ctrl Pts',(4.49999999949847,-7.65,-8.75999098033089));
#6390=CARTESIAN_POINT('',(-8.01186619958172,-7.65,-4.1));
#6391=CARTESIAN_POINT('Origin',(0.,-7.65,0.));
#6392=CARTESIAN_POINT('',(-4.91426495012225,-7.65,-4.1));
#6393=CARTESIAN_POINT('',(-4.9568949941142,-7.65,-4.1));
#6394=CARTESIAN_POINT('',(0.802326840508557,-7.65,-6.34950955909192));
#6395=CARTESIAN_POINT('Origin',(2.26763062056847E-17,-7.65,2.06928028274516E-16));
#6396=CARTESIAN_POINT('',(2.95,-7.65,-5.10954988232819));
#6397=CARTESIAN_POINT('',(2.95,-7.65,-5.10954988232819));
#6398=CARTESIAN_POINT('',(5.01229139721338,-7.65,-8.68154336231397));
#6399=CARTESIAN_POINT('',(2.26763062056847E-17,-7.65,2.06928028274516E-16));
#6400=CARTESIAN_POINT('Ctrl Pts',(4.49999999948476,-7.65,-8.75999098033259));
#6401=CARTESIAN_POINT('Ctrl Pts',(4.67175704914918,-7.65,-8.73871364089081));
#6402=CARTESIAN_POINT('Ctrl Pts',(4.84247265943062,-7.65000034548531,-8.71246308209873));
#6403=CARTESIAN_POINT('Ctrl Pts',(5.01229139721338,-7.65,-8.68154336231397));
#6404=CARTESIAN_POINT('Origin',(-6.89439998807081,0.,5.78508848717886));
#6405=CARTESIAN_POINT('',(-6.89439998807081,5.15,5.78508848717886));
#6406=CARTESIAN_POINT('',(-4.90268443596146,5.15,4.11384070199386));
#6407=CARTESIAN_POINT('',(-4.04064617673298,5.15,3.39050471661453));
#6408=CARTESIAN_POINT('',(-6.89439998807081,7.65,5.78508848717886));
#6409=CARTESIAN_POINT('',(-6.8943999880708,0.,5.78508848717886));
#6410=CARTESIAN_POINT('',(-4.90268443596146,7.65,4.11384070199386));
#6411=CARTESIAN_POINT('',(2.26763062056847E-17,7.65,2.06928028274516E-16));
#6412=CARTESIAN_POINT('',(-4.90268443596146,0.,4.11384070199386));
#6413=CARTESIAN_POINT('Origin',(2.26763062056847E-17,0.,2.06928028274516E-16));
#6414=CARTESIAN_POINT('',(-4.91426495012225,7.65,-4.1));
#6415=CARTESIAN_POINT('',(-4.91426495012225,5.15,-4.1));
#6416=CARTESIAN_POINT('',(-4.91426495012225,0.,-4.1));
#6417=CARTESIAN_POINT('',(0.802326840508557,7.65,-6.34950955909192));
#6418=CARTESIAN_POINT('Origin',(2.26763062056847E-17,7.65,2.06928028274516E-16));
#6419=CARTESIAN_POINT('',(0.802326840508557,5.15,-6.34950955909192));
#6420=CARTESIAN_POINT('',(0.802326840508557,0.,-6.34950955909192));
#6421=CARTESIAN_POINT('Origin',(2.26763062056847E-17,5.15,2.06928028274516E-16));
#6422=CARTESIAN_POINT('Origin',(2.26763062056847E-17,0.,2.06928028274516E-16));
#6423=CARTESIAN_POINT('',(-4.91426495012225,-5.15,4.1));
#6424=CARTESIAN_POINT('',(-4.91426495012225,0.,4.1));
#6425=CARTESIAN_POINT('',(-4.90268443596146,-5.15,4.11384070199386));
#6426=CARTESIAN_POINT('',(-4.90268443596146,0.,4.11384070199386));
#6427=CARTESIAN_POINT('Origin',(2.26763062056847E-17,-5.15,2.06928028274516E-16));
#6428=CARTESIAN_POINT('Origin',(2.26763062056847E-17,0.,2.06928028274516E-16));
#6429=CARTESIAN_POINT('',(-4.91426495012225,5.15,4.1));
#6430=CARTESIAN_POINT('',(-4.91426495012225,7.65,4.1));
#6431=CARTESIAN_POINT('',(-4.91426495012225,0.,4.1));
#6432=CARTESIAN_POINT('Origin',(2.26763062056847E-17,5.15,2.06928028274516E-16));
#6433=CARTESIAN_POINT('Origin',(2.26763062056847E-17,7.65,2.06928028274516E-16));
#6434=CARTESIAN_POINT('Origin',(0.802326840508557,0.,-6.34950955909192));
#6435=CARTESIAN_POINT('',(2.95,5.15,-5.10954988232819));
#6436=CARTESIAN_POINT('',(1.60675340143971,5.15,-5.88507366759503));
#6437=CARTESIAN_POINT('',(2.95,7.65,-5.10954988232819));
#6438=CARTESIAN_POINT('',(2.95,7.65,-5.10954988232819));
#6439=CARTESIAN_POINT('',(2.95,0.,-5.10954988232819));
#6440=CARTESIAN_POINT('Origin',(-1.90192378864669,7.65,-1.60745575641057));
#6441=CARTESIAN_POINT('',(-8.01186619958172,7.65,-4.1));
#6442=CARTESIAN_POINT('',(-4.9568949941142,7.65,-4.1));
#6443=CARTESIAN_POINT('',(-1.15941478640025E-9,7.65,-9.));
#6444=CARTESIAN_POINT('Origin',(0.,7.65,0.));
#6445=CARTESIAN_POINT('',(4.49999999949847,7.65,-8.75999098033089));
#6446=CARTESIAN_POINT('Ctrl Pts',(4.49999999949847,7.65,-8.75999098033089));
#6447=CARTESIAN_POINT('Ctrl Pts',(4.23520258656007,7.65,-8.79279420121454));
#6448=CARTESIAN_POINT('Ctrl Pts',(3.97429993088617,7.65,-8.82132425161081));
#6449=CARTESIAN_POINT('Ctrl Pts',(3.71874368694099,7.65,-8.84603924352778));
#6450=CARTESIAN_POINT('Ctrl Pts',(3.46318744299597,7.65,-8.87075423544472));
#6451=CARTESIAN_POINT('Ctrl Pts',(3.21297761077967,7.65,-8.89165416888237));
#6452=CARTESIAN_POINT('Ctrl Pts',(2.96955201654075,7.65,-8.90924741667393));
#6453=CARTESIAN_POINT('Ctrl Pts',(2.72612642230172,7.65,-8.92684066446549));
#6454=CARTESIAN_POINT('Ctrl Pts',(2.48948506604008,7.65,-8.94112722661096));
#6455=CARTESIAN_POINT('Ctrl Pts',(2.26105194578898,7.65,-8.95266573676864));
#6456=CARTESIAN_POINT('Ctrl Pts',(2.03212991235812,7.65,-8.96422894268711));
#6457=CARTESIAN_POINT('Ctrl Pts',(1.81145129351259,7.65,-8.97303230274677));
#6458=CARTESIAN_POINT('Ctrl Pts',(1.60043531808783,7.65,-8.97968868357004));
#6459=CARTESIAN_POINT('Ctrl Pts',(1.38987001353104,7.65,-8.98633084823305));
#6460=CARTESIAN_POINT('Ctrl Pts',(1.18892611814524,7.65,-8.99083521250415));
#6461=CARTESIAN_POINT('Ctrl Pts',(0.998999943936118,7.65,-8.99386103926465));
#6462=CARTESIAN_POINT('Ctrl Pts',(0.808464024019162,7.65,-8.99689658024641));
#6463=CARTESIAN_POINT('Ctrl Pts',(0.629016689659594,7.65,-8.99844404787061));
#6464=CARTESIAN_POINT('Ctrl Pts',(0.46205376015347,7.65,-8.99921990290524));
#6465=CARTESIAN_POINT('Ctrl Pts',(0.295090830647346,7.65,-8.99999575793988));
#6466=CARTESIAN_POINT('Ctrl Pts',(0.140612305994662,7.65,-9.00000000038494));
#6467=CARTESIAN_POINT('Ctrl Pts',(-1.15941567457867E-9,7.65,-9.00000000038494));
#6468=CARTESIAN_POINT('',(5.02057280334916,7.65,-8.69588717849925));
#6469=CARTESIAN_POINT('Ctrl Pts',(5.02057280334916,7.65,-8.69588717849925));
#6470=CARTESIAN_POINT('Ctrl Pts',(4.84059464187003,7.65,-8.71789874626581));
#6471=CARTESIAN_POINT('Ctrl Pts',(4.66389853314769,7.65,-8.739687157336));
#6472=CARTESIAN_POINT('Ctrl Pts',(4.49999999948526,7.65,-8.75999098033252));
#6473=CARTESIAN_POINT('',(2.26763062056847E-17,7.65,2.06928028274516E-16));
#6474=CARTESIAN_POINT('Origin',(2.95,0.,-5.1095498823282));
#6475=CARTESIAN_POINT('',(4.3301270189222,5.15,-7.50000000000001));
#6476=CARTESIAN_POINT('',(1.11940997411109,5.15,-1.93887494965977));
#6477=CARTESIAN_POINT('',(5.01876342534521,4.55958215634324,-8.69275324404807));
#6478=CARTESIAN_POINT('Ctrl Pts',(5.01876342546119,4.55958215634315,-8.69275324406719));
#6479=CARTESIAN_POINT('Ctrl Pts',(5.01935469436246,5.5905771431497,-8.69377735184513));
#6480=CARTESIAN_POINT('Ctrl Pts',(5.01995771194198,6.62087923298974,-8.69482180893072));
#6481=CARTESIAN_POINT('Ctrl Pts',(5.02057280334916,7.65,-8.69588717849925));
#6482=CARTESIAN_POINT('Origin',(4.3301270189222,3.65,-7.50000000000001));
#6483=CARTESIAN_POINT('Origin',(2.95,0.,-5.1095498823282));
#6484=CARTESIAN_POINT('',(5.01382875093122,-4.57068226057646,-8.68420613706826));
#6485=CARTESIAN_POINT('Ctrl Pts',(5.012291400569,-7.65000000002523,-8.68154336170297));
#6486=CARTESIAN_POINT('Ctrl Pts',(5.0127933809053,-6.62462604556125,-8.68241279159387));
#6487=CARTESIAN_POINT('Ctrl Pts',(5.01330569647854,-5.59802563791039,-8.68330019993809));
#6488=CARTESIAN_POINT('Ctrl Pts',(5.01382875093139,-4.57068226057646,-8.68420613706925));
#6489=CARTESIAN_POINT('',(2.95,-5.15,-5.10954988232819));
#6490=CARTESIAN_POINT('',(2.95,0.,-5.10954988232819));
#6491=CARTESIAN_POINT('',(4.3301270189222,-5.15,-7.50000000000001));
#6492=CARTESIAN_POINT('',(1.11940997411109,-5.15,-1.93887494965977));
#6493=CARTESIAN_POINT('Origin',(4.3301270189222,-3.65,-7.50000000000001));
#6494=CARTESIAN_POINT('Origin',(0.802326840508557,0.,-6.34950955909192));
#6495=CARTESIAN_POINT('',(0.802326840508557,-5.15,-6.34950955909192));
#6496=CARTESIAN_POINT('',(1.60675340143971,-5.15,-5.88507366759503));
#6497=CARTESIAN_POINT('',(0.802326840508557,0.,-6.34950955909192));
#6498=CARTESIAN_POINT('Origin',(2.26763062056847E-17,0.,2.06928028274516E-16));
#6499=CARTESIAN_POINT('',(-4.91426495012225,-5.15,-4.1));
#6500=CARTESIAN_POINT('',(-4.91426495012225,0.,-4.1));
#6501=CARTESIAN_POINT('Origin',(2.26763062056847E-17,-5.15,2.06928028274516E-16));
#6502=CARTESIAN_POINT('Origin',(-6.89439998807081,0.,5.78508848717886));
#6503=CARTESIAN_POINT('',(-6.89439998807081,-5.15,5.78508848717886));
#6504=CARTESIAN_POINT('',(-4.04064617673298,-5.15,3.39050471661453));
#6505=CARTESIAN_POINT('',(-6.8943999880708,0.,5.78508848717886));
#6506=CARTESIAN_POINT('Origin',(-1.90192378864669,7.65,-1.60745575641057));
#6507=CARTESIAN_POINT('',(-8.01186619958172,7.65,4.1));
#6508=CARTESIAN_POINT('',(-1.74216576628329,7.65,4.1));
#6509=CARTESIAN_POINT('Origin',(0.,7.65,0.));
#6510=CARTESIAN_POINT('Ctrl Pts',(13.9999999998067,-10.,-3.00000000121796));
#6511=CARTESIAN_POINT('Ctrl Pts',(13.9999999998067,0.249999999999999,-3.00000000121796));
#6512=CARTESIAN_POINT('Ctrl Pts',(13.999999999339,-10.,-6.63000000141125));
#6513=CARTESIAN_POINT('Ctrl Pts',(13.999999999339,0.249999999999999,-6.63000000141125));
#6514=CARTESIAN_POINT('Ctrl Pts',(8.44812027597036,-10.,-9.0000000011628));
#6515=CARTESIAN_POINT('Ctrl Pts',(8.44812027597036,0.249999999999999,-9.0000000011628));
#6516=CARTESIAN_POINT('Ctrl Pts',(2.41154273057754,-10.,-9.00000000038494));
#6517=CARTESIAN_POINT('Ctrl Pts',(2.41154273057754,0.249999999999999,-9.00000000038494));
#6518=CARTESIAN_POINT('Ctrl Pts',(-1.15941028365531E-9,-10.,-9.00000000038494));
#6519=CARTESIAN_POINT('Ctrl Pts',(-1.15941028365531E-9,0.249999999999999,
-9.00000000038494));
#6520=CARTESIAN_POINT('Ctrl Pts',(-0.0888487049108268,-10.,-9.00000000038494));
#6521=CARTESIAN_POINT('Ctrl Pts',(-0.0888487049108268,0.249999999999999,
-9.00000000038494));
#6522=CARTESIAN_POINT('Ctrl Pts',(-0.177697408662243,-10.,-9.00000000038494));
#6523=CARTESIAN_POINT('Ctrl Pts',(-0.177697408662243,0.249999999999999,
-9.00000000038494));
#6524=CARTESIAN_POINT('Ctrl Pts',(-0.26654611241366,-10.,-9.00000000038494));
#6525=CARTESIAN_POINT('Ctrl Pts',(-0.26654611241366,0.249999999999999,-9.00000000038494));
#6526=CARTESIAN_POINT('Ctrl Pts',(-0.355394816165077,-10.,-9.00000000038494));
#6527=CARTESIAN_POINT('Ctrl Pts',(-0.355394816165077,0.249999999999999,
-9.00000000038494));
#6528=CARTESIAN_POINT('',(4.49999999948485,-8.5,-8.75999098033257));
#6529=CARTESIAN_POINT('',(4.49999999948485,0.,-8.75999098033257));
#6530=CARTESIAN_POINT('',(-1.14985137575095E-9,-8.5,-9.00000000038447));
#6531=CARTESIAN_POINT('Ctrl Pts',(-1.15941028365531E-9,-8.5,-9.00000000038494));
#6532=CARTESIAN_POINT('Ctrl Pts',(0.823742693074185,-8.5,-9.00000000038494));
#6533=CARTESIAN_POINT('Ctrl Pts',(2.3481821162643,-8.5,-8.97669741998949));
#6534=CARTESIAN_POINT('Ctrl Pts',(3.8527130197038,-8.5,-8.84017717829112));
#6535=CARTESIAN_POINT('Ctrl Pts',(4.49999999948485,-8.5,-8.75999098033257));
#6536=CARTESIAN_POINT('',(-1.15941001646169E-9,0.,-9.));
#6537=CARTESIAN_POINT('Origin',(5.77793521563319,-3.65,-4.99232264368189));
#6538=CARTESIAN_POINT('',(5.1032494376758,-5.15,-6.16091269024823));
#6539=CARTESIAN_POINT('',(5.77793521563319,-5.15,-4.99232264368189));
#6540=CARTESIAN_POINT('',(6.2735380014854,-3.65,-7.13391343821318));
#6541=CARTESIAN_POINT('Ctrl Pts',(5.1032494376758,-5.15,-6.16091269024823));
#6542=CARTESIAN_POINT('Ctrl Pts',(5.10480464146556,-5.15,-6.16222610520812));
#6543=CARTESIAN_POINT('Ctrl Pts',(5.10635988819225,-5.14999598577349,-6.16353946654242));
#6544=CARTESIAN_POINT('Ctrl Pts',(5.18712220176543,-5.14957907923479,-6.23173626603324));
#6545=CARTESIAN_POINT('Ctrl Pts',(5.26623000761465,-5.13875940203522,-6.29830101257425));
#6546=CARTESIAN_POINT('Ctrl Pts',(5.42163511751652,-5.09659363806318,-6.42864814768885));
#6547=CARTESIAN_POINT('Ctrl Pts',(5.49756868373836,-5.06538032337636,-6.49212665863215));
#6548=CARTESIAN_POINT('Ctrl Pts',(5.70954723760297,-4.94651760948872,-6.66884315938023));
#6549=CARTESIAN_POINT('Ctrl Pts',(5.83600145313571,-4.83444040198694,-6.77362259016611));
#6550=CARTESIAN_POINT('Ctrl Pts',(6.04742828248057,-4.5554613851072,-6.94823730662663));
#6551=CARTESIAN_POINT('Ctrl Pts',(6.13091100923373,-4.39199397483696,-7.01686631724027));
#6552=CARTESIAN_POINT('Ctrl Pts',(6.24436597899257,-4.03380497531293,-7.11002799136667));
#6553=CARTESIAN_POINT('Ctrl Pts',(6.27353800148541,-3.84289277037642,-7.13391343821317));
#6554=CARTESIAN_POINT('Ctrl Pts',(6.27353800148541,-3.65,-7.13391343821317));
#6555=CARTESIAN_POINT('',(5.42122326604965,-3.65000000000006,-8.61016586402754));
#6556=CARTESIAN_POINT('',(7.07697332130985,-3.65,-5.74232264368189));
#6557=CARTESIAN_POINT('Ctrl Pts',(5.42122326604965,-3.65000000000006,-8.61016586402753));
#6558=CARTESIAN_POINT('Ctrl Pts',(5.42136186794671,-3.71745710107805,-8.60992686793085));
#6559=CARTESIAN_POINT('Ctrl Pts',(5.41555897474443,-3.7843980037117,-8.61088403062247));
#6560=CARTESIAN_POINT('Ctrl Pts',(5.40405877500638,-3.85045184611605,-8.61298858313119));
#6561=CARTESIAN_POINT('Ctrl Pts',(5.39432291127478,-3.90637184952865,-8.61477025970269));
#6562=CARTESIAN_POINT('Ctrl Pts',(5.38050349580913,-3.96165651700998,-8.61737341652974));
#6563=CARTESIAN_POINT('Ctrl Pts',(5.36274118099498,-4.01608798307569,-8.62074122217327));
#6564=CARTESIAN_POINT('Ctrl Pts',(5.33797710759166,-4.09197588593093,-8.62543658913626));
#6565=CARTESIAN_POINT('Ctrl Pts',(5.30604255439892,-4.16476074333263,-8.63152516292399));
#6566=CARTESIAN_POINT('Ctrl Pts',(5.26806257582467,-4.23413537893098,-8.63864343017215));
#6567=CARTESIAN_POINT('Ctrl Pts',(5.21970114376906,-4.32247288863531,-8.64770740574029));
#6568=CARTESIAN_POINT('Ctrl Pts',(5.16153626598001,-4.40528340062938,-8.65843840755592));
#6569=CARTESIAN_POINT('Ctrl Pts',(5.09588670715498,-4.48190789892409,-8.67000603369303));
#6570=CARTESIAN_POINT('Ctrl Pts',(5.06981031220822,-4.51234360505663,-8.67460076354569));
#6571=CARTESIAN_POINT('Ctrl Pts',(5.04242759109583,-4.54194855454287,-8.67934935357695));
#6572=CARTESIAN_POINT('Ctrl Pts',(5.01382875092856,-4.57068226057683,-8.68420613706974));
#6573=CARTESIAN_POINT('Origin',(-1.58240774391989,0.,4.1));
#6574=CARTESIAN_POINT('',(-1.58240774391989,-5.15,4.1));
#6575=CARTESIAN_POINT('',(-1.41620391666343,-5.15,4.1));
#6576=CARTESIAN_POINT('',(-1.58240774391989,-8.8,4.1));
#6577=CARTESIAN_POINT('',(-1.58240774391989,0.,4.1));
#6578=CARTESIAN_POINT('',(-7.97780719778616,-8.8,4.1));
#6579=CARTESIAN_POINT('',(-2.01620387195994,-8.8,4.1));
#6580=CARTESIAN_POINT('',(-8.01186619958172,-8.5,4.1));
#6581=CARTESIAN_POINT('Ctrl Pts',(-8.01186619958172,-8.5,4.1));
#6582=CARTESIAN_POINT('Ctrl Pts',(-8.01186619958172,-8.59497936841358,4.1));
#6583=CARTESIAN_POINT('Ctrl Pts',(-8.00093936544578,-8.69920758091885,4.1));
#6584=CARTESIAN_POINT('Ctrl Pts',(-7.97780719778616,-8.8,4.1));
#6585=CARTESIAN_POINT('',(-8.01186619958172,0.,4.1));
#6586=CARTESIAN_POINT('Origin',(0.,0.,0.));
#6587=CARTESIAN_POINT('',(5.51091059616309E-16,5.15,9.));
#6588=CARTESIAN_POINT('Origin',(0.,5.15,0.));
#6589=CARTESIAN_POINT('',(-6.13255053731041E-12,8.5,8.99999999975332));
#6590=CARTESIAN_POINT('',(5.51091059616309E-16,0.,9.));
#6591=CARTESIAN_POINT('',(-8.01186619958172,8.5,4.1));
#6592=CARTESIAN_POINT('Origin',(0.,8.5,0.));
#6593=CARTESIAN_POINT('',(-8.01186619958172,0.,4.1));
#6594=CARTESIAN_POINT('Origin',(-1.25000008940697,5.15,0.920712089238696));
#6595=CARTESIAN_POINT('',(-1.58240774391989,5.15,4.1));
#6596=CARTESIAN_POINT('',(-1.41620391666343,5.15,4.1));
#6597=CARTESIAN_POINT('',(-1.47627063914474,5.15,3.82499999999989));
#6598=CARTESIAN_POINT('',(-0.775769338638607,5.15,2.01000930426367));
#6599=CARTESIAN_POINT('',(-1.47627063914418,5.15,-3.82500000000011));
#6600=CARTESIAN_POINT('Origin',(0.,5.15,0.));
#6601=CARTESIAN_POINT('',(-1.58240774391907,5.15,-4.1));
#6602=CARTESIAN_POINT('',(-0.664524420891645,5.15,-1.72177502045289));
#6603=CARTESIAN_POINT('',(-4.63093314449434,5.15,-4.1));
#6604=CARTESIAN_POINT('',(5.1032494376758,5.15,-6.16091269024823));
#6605=CARTESIAN_POINT('',(5.77793521563319,5.15,-4.99232264368189));
#6606=CARTESIAN_POINT('',(6.68153825401086,5.15,4.39966436903879));
#6607=CARTESIAN_POINT('Origin',(0.,5.15,0.));
#6608=CARTESIAN_POINT('',(5.72632565103917,5.15,8.53714471362281));
#6609=CARTESIAN_POINT('',(6.0029715484843,5.15,7.33885968311957));
#6610=CARTESIAN_POINT('',(4.50000000050269,5.15,8.75999097913639));
#6611=CARTESIAN_POINT('Ctrl Pts',(4.50000000050269,5.15,8.75999097913639));
#6612=CARTESIAN_POINT('Ctrl Pts',(4.76099724551704,5.15,8.72765852470689));
#6613=CARTESIAN_POINT('Ctrl Pts',(5.01890036925712,5.15000658107912,8.68577235373536));
#6614=CARTESIAN_POINT('Ctrl Pts',(5.27416030903406,5.15000444585834,8.63546527008817));
#6615=CARTESIAN_POINT('Ctrl Pts',(5.42578355620097,5.15000317754688,8.6055830904373));
#6616=CARTESIAN_POINT('Ctrl Pts',(5.5764741064742,5.15,8.57273001245492));
#6617=CARTESIAN_POINT('Ctrl Pts',(5.72632565103917,5.15,8.5371447136228));
#6618=CARTESIAN_POINT('Ctrl Pts',(0.,5.15,8.99999999975302));
#6619=CARTESIAN_POINT('Ctrl Pts',(0.140162325065948,5.15,8.99999999973497));
#6620=CARTESIAN_POINT('Ctrl Pts',(0.294102253953861,5.15,8.99999581131602));
#6621=CARTESIAN_POINT('Ctrl Pts',(0.460451219878269,5.15,8.99922732724653));
#6622=CARTESIAN_POINT('Ctrl Pts',(0.626800185802675,5.15,8.99845884317705));
#6623=CARTESIAN_POINT('Ctrl Pts',(0.805558188763575,5.15,8.99692606345705));
#6624=CARTESIAN_POINT('Ctrl Pts',(0.99534283375997,5.15,8.99391914166203));
#6625=CARTESIAN_POINT('Ctrl Pts',(1.18512747875633,5.15,8.99091221986701));
#6626=CARTESIAN_POINT('Ctrl Pts',(1.38593876578818,5.15,8.98643115599698));
#6627=CARTESIAN_POINT('Ctrl Pts',(1.59638047163899,5.15,8.97981636445258));
#6628=CARTESIAN_POINT('Ctrl Pts',(1.80727258381727,5.15,8.97318741533444));
#6629=CARTESIAN_POINT('Ctrl Pts',(2.02783638767178,5.15,8.96441557714977));
#6630=CARTESIAN_POINT('Ctrl Pts',(2.25665274372763,5.15,8.95288765848156));
#6631=CARTESIAN_POINT('Ctrl Pts',(2.4849804123047,5.15,8.94138436021029));
#6632=CARTESIAN_POINT('Ctrl Pts',(2.72152541551951,5.15,8.92713675926002));
#6633=CARTESIAN_POINT('Ctrl Pts',(2.96486384412808,5.15,8.90958589925439));
#6634=CARTESIAN_POINT('Ctrl Pts',(3.20898349502942,5.15,8.8919786933474));
#6635=CARTESIAN_POINT('Ctrl Pts',(3.45994026850832,5.15,8.87104695742985));
#6636=CARTESIAN_POINT('Ctrl Pts',(3.71628251290063,5.15,8.84627716226101));
#6637=CARTESIAN_POINT('Ctrl Pts',(3.97262475729293,5.15,8.82150736709217));
#6638=CARTESIAN_POINT('Ctrl Pts',(4.23435247259863,5.15,8.79289951267204));
#6639=CARTESIAN_POINT('Ctrl Pts',(4.50000000050269,5.15,8.75999097913639));
#6640=CARTESIAN_POINT('Ctrl Pts',(18.5,-8.79205861011248,-3.02539233697927));
#6641=CARTESIAN_POINT('Ctrl Pts',(13.4184798127071,-8.79205861011248,-3.02539233697927));
#6642=CARTESIAN_POINT('Ctrl Pts',(9.54297187620748,-8.50245585497579,-8.13526538900494));
#6643=CARTESIAN_POINT('Ctrl Pts',(4.49999999948473,-8.50245585497632,-8.75999098033259));
#6644=CARTESIAN_POINT('Ctrl Pts',(18.5,-4.24707682047539,-4.6796304236891));
#6645=CARTESIAN_POINT('Ctrl Pts',(13.4878094544337,-4.24707682047539,-4.6796304236891));
#6646=CARTESIAN_POINT('Ctrl Pts',(9.47416816775713,-2.81225750575068,-8.14378882290132));
#6647=CARTESIAN_POINT('Ctrl Pts',(4.49999999948492,-2.81225750575329,-8.75999098033257));
#6648=CARTESIAN_POINT('Ctrl Pts',(18.5,0.297904969161696,-6.33386851039893));
#6649=CARTESIAN_POINT('Ctrl Pts',(13.5571390961602,0.297904969161694,-6.33386851039893));
#6650=CARTESIAN_POINT('Ctrl Pts',(9.40536445930681,2.87794084347443,-8.15231225679769));
#6651=CARTESIAN_POINT('Ctrl Pts',(4.49999999948511,2.87794084346975,-8.75999098033254));
#6652=CARTESIAN_POINT('Ctrl Pts',(18.5,4.84288675879878,-7.98810659710877));
#6653=CARTESIAN_POINT('Ctrl Pts',(13.6264687378867,4.84288675879878,-7.98810659710877));
#6654=CARTESIAN_POINT('Ctrl Pts',(9.33656075085646,8.56813919269955,-8.16083569069406));
#6655=CARTESIAN_POINT('Ctrl Pts',(4.49999999948529,8.56813919269278,-8.75999098033252));
#6656=CARTESIAN_POINT('',(5.40634338342789,3.65,-8.63593857673909));
#6657=CARTESIAN_POINT('Ctrl Pts',(5.42122326597986,-3.65000000004303,-8.61016586404138));
#6658=CARTESIAN_POINT('Ctrl Pts',(5.41624936378635,-1.21696165907841,-8.61878091514027));
#6659=CARTESIAN_POINT('Ctrl Pts',(5.41128847548563,1.21697953582153,-8.6273734256762));
#6660=CARTESIAN_POINT('Ctrl Pts',(5.40634338334577,3.64999999998428,-8.63593857675129));
#6661=CARTESIAN_POINT('Ctrl Pts',(5.01876342526296,4.55958215633017,-8.69275324409397));
#6662=CARTESIAN_POINT('Ctrl Pts',(5.07112647979337,4.50480142795962,-8.68561722178853));
#6663=CARTESIAN_POINT('Ctrl Pts',(5.11959682034837,4.44634834915837,-8.67888244549502));
#6664=CARTESIAN_POINT('Ctrl Pts',(5.16338979837042,4.38431158426984,-8.67268727636466));
#6665=CARTESIAN_POINT('Ctrl Pts',(5.21034146671032,4.317800245204,-8.66604526343346));
#6666=CARTESIAN_POINT('Ctrl Pts',(5.2515422020768,4.24765876781009,-8.66007634206277));
#6667=CARTESIAN_POINT('Ctrl Pts',(5.28605335817848,4.17441474426013,-8.65496844672219));
#6668=CARTESIAN_POINT('Ctrl Pts',(5.31880054199724,4.10491445004367,-8.65012163176323));
#6669=CARTESIAN_POINT('Ctrl Pts',(5.34552479497683,4.03262169022179,-8.64605051740154));
#6670=CARTESIAN_POINT('Ctrl Pts',(5.36541579228139,3.95794613637942,-8.64292620686791));
#6671=CARTESIAN_POINT('Ctrl Pts',(5.36648724832228,3.95392363453872,-8.64275791156608));
#6672=CARTESIAN_POINT('Ctrl Pts',(5.36753887435628,3.94989420631261,-8.64259236510314));
#6673=CARTESIAN_POINT('Ctrl Pts',(5.36857054274742,3.94585791127566,-8.64242959469174));
#6674=CARTESIAN_POINT('Ctrl Pts',(5.38603375674476,3.87753490691519,-8.63967435419865));
#6675=CARTESIAN_POINT('Ctrl Pts',(5.39749733311187,3.80830304961682,-8.63775953672025));
#6676=CARTESIAN_POINT('Ctrl Pts',(5.40284662359473,3.73868453701656,-8.63674314928902));
#6677=CARTESIAN_POINT('Ctrl Pts',(5.40511361297187,3.70918073104024,-8.63631241188243));
#6678=CARTESIAN_POINT('Ctrl Pts',(5.40628232943825,3.67960686484797,-8.63604293507048));
#6679=CARTESIAN_POINT('Ctrl Pts',(5.40634338342767,3.64999999999937,-8.63593857673912));
#6680=CARTESIAN_POINT('',(4.49999999949847,8.5,-8.75999098033089));
#6681=CARTESIAN_POINT('',(4.49999999949847,0.,-8.75999098033089));
#6682=CARTESIAN_POINT('',(4.6818225732533,8.49979506758658,-8.7376267834809));
#6683=CARTESIAN_POINT('Ctrl Pts',(4.6818225732533,8.49979506758658,-8.7376267834809));
#6684=CARTESIAN_POINT('Ctrl Pts',(4.62121596419456,8.49993131994152,-8.74502780839217));
#6685=CARTESIAN_POINT('Ctrl Pts',(4.56060612130722,8.5,-8.75248306709815));
#6686=CARTESIAN_POINT('Ctrl Pts',(4.49999999949847,8.5,-8.75999098033089));
#6687=CARTESIAN_POINT('Ctrl Pts',(18.5,4.57703050704619,-7.89134283487724));
#6688=CARTESIAN_POINT('Ctrl Pts',(17.0496893492226,4.57703050704619,-7.89134283487724));
#6689=CARTESIAN_POINT('Ctrl Pts',(14.228982436329,5.15587438533786,-7.91344540678075));
#6690=CARTESIAN_POINT('Ctrl Pts',(10.5220586991124,6.81674328740738,-8.15392832798492));
#6691=CARTESIAN_POINT('Ctrl Pts',(7.38383466577115,8.19167555599847,-8.4311359802349));
#6692=CARTESIAN_POINT('Ctrl Pts',(5.36166024793966,8.49826669495233,-8.65460785791958));
#6693=CARTESIAN_POINT('Ctrl Pts',(4.6818225732533,8.49979506758658,-8.7376267834809));
#6694=CARTESIAN_POINT('',(4.7237868959365,-8.5002630434568,-8.72924110944814));
#6695=CARTESIAN_POINT('Ctrl Pts',(4.7237868959365,-8.5002630434568,-8.72924110944814));
#6696=CARTESIAN_POINT('Ctrl Pts',(5.59380288943037,-8.50230481354334,-8.59797285656201));
#6697=CARTESIAN_POINT('Ctrl Pts',(7.22910896647361,-8.51491377811258,-8.07559651805668));
#6698=CARTESIAN_POINT('Ctrl Pts',(9.99229355043104,-8.52571689445788,-6.62882421401067));
#6699=CARTESIAN_POINT('Ctrl Pts',(12.3852515924664,-8.50322882751814,-5.08499135237759));
#6700=CARTESIAN_POINT('Ctrl Pts',(14.8116772363554,-8.51962384908253,-3.87904164213798));
#6701=CARTESIAN_POINT('Ctrl Pts',(16.6436171435173,-8.56008799767791,-3.25727073732597));
#6702=CARTESIAN_POINT('Ctrl Pts',(17.8834101664538,-8.57866618395652,-3.10306082831788));
#6703=CARTESIAN_POINT('Ctrl Pts',(18.5,-8.57866618395652,-3.10306082831788));
#6704=CARTESIAN_POINT('Ctrl Pts',(4.49999999948485,-8.5,-8.75999098033257));
#6705=CARTESIAN_POINT('Ctrl Pts',(4.57490568263474,-8.49999999999999,-8.75071163110288));
#6706=CARTESIAN_POINT('Ctrl Pts',(4.64951535669902,-8.50008874159538,-8.7404472197582));
#6707=CARTESIAN_POINT('Ctrl Pts',(4.72378689590196,-8.50026304345672,-8.72924110945336));
#6708=CARTESIAN_POINT('Origin',(5.77793521563319,3.65,-4.99232264368189));
#6709=CARTESIAN_POINT('',(6.2735380014854,3.65,-7.13391343821318));
#6710=CARTESIAN_POINT('',(7.07697332130985,3.65,-5.74232264368189));
#6711=CARTESIAN_POINT('Ctrl Pts',(5.1032494376758,5.15,-6.16091269024823));
#6712=CARTESIAN_POINT('Ctrl Pts',(5.10480464146567,5.15,-6.16222610520822));
#6713=CARTESIAN_POINT('Ctrl Pts',(5.10635988819239,5.14999598577349,-6.16353946654254));
#6714=CARTESIAN_POINT('Ctrl Pts',(5.18712220176476,5.14957907923478,-6.23173626603263));
#6715=CARTESIAN_POINT('Ctrl Pts',(5.26623000761464,5.13875940203523,-6.29830101257425));
#6716=CARTESIAN_POINT('Ctrl Pts',(5.42163511751659,5.09659363806315,-6.42864814768892));
#6717=CARTESIAN_POINT('Ctrl Pts',(5.49756868373839,5.06538032337633,-6.4921266586322));
#6718=CARTESIAN_POINT('Ctrl Pts',(5.70954723760297,4.94651760948872,-6.66884315938024));
#6719=CARTESIAN_POINT('Ctrl Pts',(5.83600145313572,4.83444040198694,-6.77362259016611));
#6720=CARTESIAN_POINT('Ctrl Pts',(6.04742828248057,4.5554613851072,-6.94823730662662));
#6721=CARTESIAN_POINT('Ctrl Pts',(6.13091100923373,4.39199397483696,-7.01686631724026));
#6722=CARTESIAN_POINT('Ctrl Pts',(6.24436597899257,4.03380497531293,-7.11002799136666));
#6723=CARTESIAN_POINT('Ctrl Pts',(6.27353800148541,3.84289277037642,-7.13391343821317));
#6724=CARTESIAN_POINT('Ctrl Pts',(6.27353800148541,3.65,-7.13391343821317));
#6725=CARTESIAN_POINT('Origin',(31.1830279783387,-5.62422346557323,-4.17839003665392));
#6726=CARTESIAN_POINT('',(30.7675357437015,-2.85871863957166,4.2330218103738));
#6727=CARTESIAN_POINT('',(30.8647251805048,-2.23500463442926,4.00600847780701));
#6728=CARTESIAN_POINT('Origin',(31.1830279783387,-2.59734519714107,4.13788965730137));
#6729=CARTESIAN_POINT('',(30.8647251805048,-1.2602472259511,6.68413244704684));
#6730=CARTESIAN_POINT('',(30.8647251805048,-5.26188290286143,-4.31027121614829));
#6731=CARTESIAN_POINT('',(30.7675357437015,-1.88396123109351,6.91114577961363));
#6732=CARTESIAN_POINT('Origin',(31.1830279783387,-1.62258778866291,6.81601362654121));
#6733=CARTESIAN_POINT('',(30.7675357437015,-5.88559690800383,-4.0832578835815));
#6734=CARTESIAN_POINT('Origin',(28.,-2.00081783845516,-5.49720183159756));
#6735=CARTESIAN_POINT('',(31.0279271644141,4.15421475154207,1.68052280111686));
#6736=CARTESIAN_POINT('Origin',(28.,1.02606042997701,2.81907786235773));
#6737=CARTESIAN_POINT('',(31.0279271644141,5.12897216002022,4.3586467703567));
#6738=CARTESIAN_POINT('',(31.0279271644141,1.1273364831099,-6.63575689283843));
#6739=CARTESIAN_POINT('Origin',(28.,2.00081783845516,5.49720183159757));
#6740=CARTESIAN_POINT('Origin',(31.3643635160156,1.47490918550602,-6.76226301075408));
#6741=CARTESIAN_POINT('',(30.9626947791195,4.78159223515988,1.45217607143115));
#6742=CARTESIAN_POINT('Origin',(31.3643635160156,4.50178745393819,1.55401668320121));
#6743=CARTESIAN_POINT('',(30.9626947791195,5.75634964363803,4.13030004067098));
#6744=CARTESIAN_POINT('',(30.9626947791195,1.75471396672771,-6.86410362252414));
#6745=CARTESIAN_POINT('Origin',(31.3643635160156,5.47654486241634,4.23214065244104));
#6746=CARTESIAN_POINT('Origin',(33.0619544897463,4.41574967859451,-7.83264141396304));
#6747=CARTESIAN_POINT('',(33.0619544897463,7.44262794702668,0.483638279992256));
#6748=CARTESIAN_POINT('',(33.5703913383975,8.08712591201928,0.249060204689809));
#6749=CARTESIAN_POINT('',(33.0619544897463,7.90435514051636,1.75222331805321));
#6750=CARTESIAN_POINT('',(33.0619544897463,6.41656751704971,-2.33543958236549));
#6751=CARTESIAN_POINT('',(32.1686684033205,7.28504991131962,3.5738986461201));
#6752=CARTESIAN_POINT('Origin',(32.1686684033205,6.77201969633113,2.16435971494124));
#6753=CARTESIAN_POINT('',(30.4423150190729,5.09671276392916,4.37038823030924));
#6754=CARTESIAN_POINT('Origin',(31.3643635160156,1.47490918550602,-6.76226301075408));
#6755=CARTESIAN_POINT('',(30.9626947791195,2.72947137520586,-4.18597965328431));
#6756=CARTESIAN_POINT('',(30.9626947791195,1.75471396672771,-6.86410362252414));
#6757=CARTESIAN_POINT('',(31.0279271644141,2.10209389158805,-3.95763292359859));
#6758=CARTESIAN_POINT('Origin',(31.3643635160156,2.44966659398417,-4.08413904151424));
#6759=CARTESIAN_POINT('',(31.0279271644141,1.1273364831099,-6.63575689283843));
#6760=CARTESIAN_POINT('Origin',(33.0619544897463,4.41574967859451,-7.83264141396304));
#6761=CARTESIAN_POINT('',(33.0619544897463,4.92877989358305,-6.42310248278419));
#6762=CARTESIAN_POINT('Origin',(32.1686684033205,3.79644444939781,-6.01096608589616));
#6763=CARTESIAN_POINT('',(33.0619544897463,5.3905070870727,-5.15451744472321));
#6764=CARTESIAN_POINT('',(33.0619544897463,6.41656751704971,-2.33543958236549));
#6765=CARTESIAN_POINT('',(33.5703913383975,6.03500505206526,-5.38909552002564));
#6766=CARTESIAN_POINT('Origin',(31.1830279783387,-5.62422346557323,-4.17839003665392));
#6767=CARTESIAN_POINT('',(30.8647251805048,-4.28712549438327,-1.63214724690845));
#6768=CARTESIAN_POINT('',(30.8647251805048,-5.26188290286143,-4.31027121614829));
#6769=CARTESIAN_POINT('',(30.7675357437015,-4.91083949952568,-1.40513391434166));
#6770=CARTESIAN_POINT('Origin',(31.1830279783387,-4.64946605709508,-1.50026606741409));
#6771=CARTESIAN_POINT('',(30.7675357437015,-5.88559690800383,-4.0832578835815));
#6772=CARTESIAN_POINT('Origin',(28.,-2.00081783845516,-5.49720183159756));
#6773=CARTESIAN_POINT('Origin',(28.,-1.02606042997701,-2.81907786235772));
#6774=CARTESIAN_POINT('Origin',(30.5033302697514,-5.51473272039668,-4.21824140882581));
#6775=CARTESIAN_POINT('',(32.7285127317526,-7.66345520697764,-0.403263730455536));
#6776=CARTESIAN_POINT('',(32.4352131814245,-7.25175177846161,-0.553111523780717));
#6777=CARTESIAN_POINT('',(32.7285127317526,-8.1251824004673,-1.67184876851651));
#6778=CARTESIAN_POINT('',(32.7285127317526,-6.63739477700064,2.41581413190219));
#6779=CARTESIAN_POINT('Origin',(31.8940693085021,-6.95387743982013,-2.09816890944043));
#6780=CARTESIAN_POINT('Origin',(30.5033302697514,-5.51473272039668,-4.21824140882581));
#6781=CARTESIAN_POINT('',(31.8940693085021,-3.46527197789831,7.48669582257584));
#6782=CARTESIAN_POINT('',(29.1742989319195,0.3524590331547,6.09715537211753));
#6783=CARTESIAN_POINT('',(32.7285127317526,-5.14960715353398,6.50347703232089));
#6784=CARTESIAN_POINT('Origin',(31.8940693085021,-3.97830219288681,6.07715689139697));
#6785=CARTESIAN_POINT('',(32.7285127317526,-5.61133434702361,5.23489199425991));
#6786=CARTESIAN_POINT('',(32.7285127317526,-6.63739477700064,2.41581413190219));
#6787=CARTESIAN_POINT('',(32.4352131814245,-5.19963091850759,5.08504420093474));
#6788=CARTESIAN_POINT('Origin',(46.77,-0.109120314357523,3.23224986380765));
#6789=CARTESIAN_POINT('',(28.,-6.96132684670322,5.72624908062591));
#6790=CARTESIAN_POINT('Origin',(28.,1.02606042997701,2.81907786235773));
#6791=CARTESIAN_POINT('',(24.1916738879127,-6.96132684670322,5.72624908062591));
#6792=CARTESIAN_POINT('',(25.9873052829315,-6.96132684670322,5.72624908062591));
#6793=CARTESIAN_POINT('',(24.1916738879347,-3.49228813587798,4.46362224836833));
#6794=CARTESIAN_POINT('',(24.191673887949,-1.23311385292451,3.64135005535357));
#6795=CARTESIAN_POINT('',(23.9492211321564,-2.87887526703059,4.24035822279204));
#6796=CARTESIAN_POINT('Origin',(23.191673887926,-3.49228813587238,4.46362224836629));
#6797=CARTESIAN_POINT('',(23.9521189138498,-2.87730312834847,4.23978601110761));
#6798=CARTESIAN_POINT('',(28.4223931118648,-0.452037276789388,3.35706143095783));
#6799=CARTESIAN_POINT('',(30.8387216753506,-3.7267464861537,4.54895810904384));
#6800=CARTESIAN_POINT('Origin',(28.,1.02606042997701,2.81907786235773));
#6801=CARTESIAN_POINT('',(25.54,-1.18973282809007,3.62556065358187));
#6802=CARTESIAN_POINT('',(25.54,-1.18973282809006,3.62556065358187));
#6803=CARTESIAN_POINT('',(25.54,-0.479832717086057,3.36717814387414));
#6804=CARTESIAN_POINT('',(25.54,-1.18973282809006,3.62556065358187));
#6805=CARTESIAN_POINT('Origin',(26.64,-0.479832717086057,3.36717814387414));
#6806=CARTESIAN_POINT('',(25.54,0.618615299060776,2.96737576205372));
#6807=CARTESIAN_POINT('',(25.54,-1.18973282809006,3.62556065358187));
#6808=CARTESIAN_POINT('',(25.54,1.4296113330397,2.67219734560324));
#6809=CARTESIAN_POINT('Ctrl Pts',(25.54,0.618615299233707,2.96737576204499));
#6810=CARTESIAN_POINT('Ctrl Pts',(25.54,0.659484692032219,2.9525005195738));
#6811=CARTESIAN_POINT('Ctrl Pts',(25.5361182256467,0.700395649415585,2.93761014883092));
#6812=CARTESIAN_POINT('Ctrl Pts',(25.5213150604631,0.811899925532237,2.89702591133106));
#6813=CARTESIAN_POINT('Ctrl Pts',(25.5076038831764,0.879864393348872,2.87228886803412));
#6814=CARTESIAN_POINT('Ctrl Pts',(25.5003114325836,0.965174747687913,2.84123843838001));
#6815=CARTESIAN_POINT('Ctrl Pts',(25.4994299622958,0.978963648462822,2.83621968895863));
#6816=CARTESIAN_POINT('Ctrl Pts',(25.4986200320913,0.999973850675034,2.82857260073747));
#6817=CARTESIAN_POINT('Ctrl Pts',(25.4984379643611,1.00707153664777,2.82598925431122));
#6818=CARTESIAN_POINT('Ctrl Pts',(25.4982791573628,1.01994847419494,2.82130243233555));
#6819=CARTESIAN_POINT('Ctrl Pts',(25.4982702212154,1.02570417098353,2.81920753002704));
#6820=CARTESIAN_POINT('Ctrl Pts',(25.4983847999859,1.03809908567548,2.8146961500229));
#6821=CARTESIAN_POINT('Ctrl Pts',(25.4985282567981,1.04471771892204,2.81228716452953));
#6822=CARTESIAN_POINT('Ctrl Pts',(25.4991442664163,1.06294599611353,2.80565261420988));
#6823=CARTESIAN_POINT('Ctrl Pts',(25.4997796357552,1.07447836573676,2.80145517493644));
#6824=CARTESIAN_POINT('Ctrl Pts',(25.5024658108072,1.11074829185566,2.78825400143012));
#6825=CARTESIAN_POINT('Ctrl Pts',(25.5052547018772,1.13498299549626,2.77943329066963));
#6826=CARTESIAN_POINT('Ctrl Pts',(25.5184460591055,1.23133668798932,2.74436341464051));
#6827=CARTESIAN_POINT('Ctrl Pts',(25.532921779242,1.30406810754333,2.71789134282632));
#6828=CARTESIAN_POINT('Ctrl Pts',(25.539297117215,1.39487019436536,2.68484208601385));
#6829=CARTESIAN_POINT('Ctrl Pts',(25.54,1.41225064476867,2.67851611940869));
#6830=CARTESIAN_POINT('Ctrl Pts',(25.54,1.42961133296727,2.67219734565802));
#6831=CARTESIAN_POINT('',(25.54,2.33924514527167,2.34111771389713));
#6832=CARTESIAN_POINT('',(25.54,-1.18973282809006,3.62556065358187));
#6833=CARTESIAN_POINT('Origin',(26.64,2.33924514527167,2.34111771389713));
#6834=CARTESIAN_POINT('',(25.54,3.34255471818265,1.9759428936032));
#6835=CARTESIAN_POINT('',(25.54,-1.18973282809006,3.62556065358187));
#6836=CARTESIAN_POINT('',(31.1719603029236,5.58900768526671,1.15830088090561));
#6837=CARTESIAN_POINT('',(26.8,3.84513829233474,1.79301743238072));
#6838=CARTESIAN_POINT('',(23.9521189138504,4.92942398830301,1.39836971360766));
#6839=CARTESIAN_POINT('Origin',(28.,1.02606042997701,2.81907786235773));
#6840=CARTESIAN_POINT('',(23.949221132157,4.93099612698513,1.39779750192323));
#6841=CARTESIAN_POINT('',(28.4209442210181,2.5049442060845,2.2808081879154));
#6842=CARTESIAN_POINT('',(24.1916738879354,5.54440899583248,1.17453347634695));
#6843=CARTESIAN_POINT('Origin',(23.1916738879267,5.54440899582702,1.17453347634894));
#6844=CARTESIAN_POINT('',(24.1916738879139,9.01344770665723,-0.0880933559104563));
#6845=CARTESIAN_POINT('',(24.1916738879211,7.84282691902176,0.337977766402113));
#6846=CARTESIAN_POINT('',(28.,9.01344770665723,-0.0880933559104569));
#6847=CARTESIAN_POINT('',(30.7373052829315,9.01344770665723,-0.0880933559104571));
#6848=CARTESIAN_POINT('Origin',(28.,1.02606042997701,2.81907786235773));
#6849=CARTESIAN_POINT('Origin',(28.,0.,0.));
#6850=CARTESIAN_POINT('',(28.,-6.49959965321356,6.99483411868689));
#6851=CARTESIAN_POINT('Origin',(28.,1.48778762346666,4.0876629004187));
#6852=CARTESIAN_POINT('',(28.,-7.98738727668022,2.90717121826818));
#6853=CARTESIAN_POINT('Origin',(28.,1.48778762346666,4.0876629004187));
#6854=CARTESIAN_POINT('',(28.,-4.5770305070462,7.89134283487724));
#6855=CARTESIAN_POINT('Origin',(28.,2.00081783845516,5.49720183159756));
#6856=CARTESIAN_POINT('Origin',(28.,-5.0900607220347,6.48180390369838));
#6857=CARTESIAN_POINT('Origin',(28.,1.48778762346666,4.0876629004187));
#6858=CARTESIAN_POINT('',(28.,9.47517490014688,1.18049168215052));
#6859=CARTESIAN_POINT('Origin',(28.,1.48778762346666,4.0876629004187));
#6860=CARTESIAN_POINT('',(28.,8.57866618395652,3.10306082831788));
#6861=CARTESIAN_POINT('Origin',(28.,8.06563596896802,1.69352189713902));
#6862=CARTESIAN_POINT('Origin',(28.,2.00081783845516,5.49720183159756));
#6863=CARTESIAN_POINT('Origin',(46.77,-2.16124117431154,-2.4059058609078));
#6864=CARTESIAN_POINT('',(28.,6.96132684670322,-5.72624908062591));
#6865=CARTESIAN_POINT('Origin',(28.,-1.02606042997701,-2.81907786235773));
#6866=CARTESIAN_POINT('',(24.1916738879139,6.96132684670322,-5.72624908062591));
#6867=CARTESIAN_POINT('',(30.7373052829315,6.96132684670322,-5.72624908062591));
#6868=CARTESIAN_POINT('',(24.1916738879354,3.49228813587847,-4.4636222483685));
#6869=CARTESIAN_POINT('',(24.1916738879493,1.23311385292535,-3.64135005535388));
#6870=CARTESIAN_POINT('',(23.949221132157,2.87887526703111,-4.24035822279223));
#6871=CARTESIAN_POINT('Origin',(23.1916738879267,3.492288135873,-4.46362224836651));
#6872=CARTESIAN_POINT('',(23.9521189138504,2.87730312834899,-4.2397860111078));
#6873=CARTESIAN_POINT('',(28.4223931118648,0.452037276789425,-3.35706143095784));
#6874=CARTESIAN_POINT('',(31.1719603029236,3.53688682531269,-4.47985484380984));
#6875=CARTESIAN_POINT('Origin',(28.,-1.02606042997701,-2.81907786235773));
#6876=CARTESIAN_POINT('',(25.54,1.29043385822865,-3.66221283111226));
#6877=CARTESIAN_POINT('',(26.8,1.79301743238073,-3.84513829233473));
#6878=CARTESIAN_POINT('',(25.54,0.287124285317656,-3.29703801081832));
#6879=CARTESIAN_POINT('',(25.54,-3.24185368804408,-2.01259507113358));
#6880=CARTESIAN_POINT('Origin',(26.64,0.287124285317655,-3.29703801081832));
#6881=CARTESIAN_POINT('',(25.54,-0.601337791466358,-2.97366423920078));
#6882=CARTESIAN_POINT('',(25.54,-3.24185368804408,-2.01259507113358));
#6883=CARTESIAN_POINT('',(25.54,-1.36232824689735,-2.69668638625548));
#6884=CARTESIAN_POINT('Ctrl Pts',(25.54,-0.601337865957199,-2.97366423348216));
#6885=CARTESIAN_POINT('Ctrl Pts',(25.54,-0.64306774535282,-2.95847579950263));
#6886=CARTESIAN_POINT('Ctrl Pts',(25.5364856398464,-0.685005076864773,-2.94321185912773));
#6887=CARTESIAN_POINT('Ctrl Pts',(25.5250886561929,-0.789553981208126,-2.9051591699216));
#6888=CARTESIAN_POINT('Ctrl Pts',(25.5157727442127,-0.852736940296926,-2.88216245349368));
#6889=CARTESIAN_POINT('Ctrl Pts',(25.5111954363659,-0.933001259615283,-2.85294863038816));
#6890=CARTESIAN_POINT('Ctrl Pts',(25.5106543080636,-0.946696227945576,-2.84796406956346));
#6891=CARTESIAN_POINT('Ctrl Pts',(25.5102382039911,-0.967756961293143,-2.84029858951312));
#6892=CARTESIAN_POINT('Ctrl Pts',(25.5101699390994,-0.975003951496749,-2.83766090079099));
#6893=CARTESIAN_POINT('Ctrl Pts',(25.5101840203154,-0.988237875004181,-2.83284414655173));
#6894=CARTESIAN_POINT('Ctrl Pts',(25.5102417399985,-0.99420111966464,-2.83067370299568));
#6895=CARTESIAN_POINT('Ctrl Pts',(25.5104767664035,-1.00712739317305,-2.82596892419863));
#6896=CARTESIAN_POINT('Ctrl Pts',(25.5106717739854,-1.01406861570578,-2.82344252580718));
#6897=CARTESIAN_POINT('Ctrl Pts',(25.5113968285381,-1.03336170870674,-2.8164204142279));
#6898=CARTESIAN_POINT('Ctrl Pts',(25.5120652806412,-1.04562821372758,-2.81195577152196));
#6899=CARTESIAN_POINT('Ctrl Pts',(25.5147049572841,-1.08393134420144,-2.79801457215026));
#6900=CARTESIAN_POINT('Ctrl Pts',(25.5172372105369,-1.10932486057817,-2.78877208804578));
#6901=CARTESIAN_POINT('Ctrl Pts',(25.5287316070911,-1.21148823574038,-2.75158766045456));
#6902=CARTESIAN_POINT('Ctrl Pts',(25.54,-1.28683584301574,-2.72416337418315));
#6903=CARTESIAN_POINT('Ctrl Pts',(25.54,-1.36232824689288,-2.69668638625867));
#6904=CARTESIAN_POINT('',(25.54,-2.53195357704007,-2.27097758084131));
#6905=CARTESIAN_POINT('',(25.54,-3.24185368804408,-2.01259507113358));
#6906=CARTESIAN_POINT('Origin',(26.64,-2.53195357704007,-2.27097758084131));
#6907=CARTESIAN_POINT('',(25.54,-3.24185368804408,-2.01259507113358));
#6908=CARTESIAN_POINT('',(25.54,-3.24185368804408,-2.01259507113358));
#6909=CARTESIAN_POINT('',(30.8387216753506,-5.77886734610771,-1.08919761567161));
#6910=CARTESIAN_POINT('',(25.54,-3.24185368804408,-2.01259507113358));
#6911=CARTESIAN_POINT('',(23.9521189138498,-4.92942398830249,-1.39836971360784));
#6912=CARTESIAN_POINT('Origin',(28.,-1.02606042997701,-2.81907786235773));
#6913=CARTESIAN_POINT('',(23.9492211321564,-4.93099612698461,-1.39779750192341));
#6914=CARTESIAN_POINT('',(28.420944221018,-2.50494420608446,-2.28080818791541));
#6915=CARTESIAN_POINT('',(24.1916738879347,-5.54440899583199,-1.17453347634713));
#6916=CARTESIAN_POINT('Origin',(23.191673887926,-5.54440899582639,-1.17453347634916));
#6917=CARTESIAN_POINT('',(24.1916738879127,-9.01344770665723,0.0880933559104587));
#6918=CARTESIAN_POINT('',(24.1916738879201,-7.84282691902092,-0.337977766402416));
#6919=CARTESIAN_POINT('',(28.,-9.01344770665723,0.0880933559104591));
#6920=CARTESIAN_POINT('',(25.9873052829315,-9.01344770665723,0.0880933559104594));
#6921=CARTESIAN_POINT('Origin',(28.,-1.02606042997701,-2.81907786235773));
#6922=CARTESIAN_POINT('Origin',(28.,-1.48778762346666,-4.0876629004187));
#6923=CARTESIAN_POINT('',(28.,6.49959965321356,-6.99483411868689));
#6924=CARTESIAN_POINT('Origin',(28.,5.0900607220347,-6.48180390369838));
#6925=CARTESIAN_POINT('Origin',(28.,-1.48778762346666,-4.0876629004187));
#6926=CARTESIAN_POINT('Origin',(28.,-1.48778762346666,-4.0876629004187));
#6927=CARTESIAN_POINT('',(28.,-9.47517490014688,-1.18049168215052));
#6928=CARTESIAN_POINT('Origin',(28.,-1.48778762346666,-4.0876629004187));
#6929=CARTESIAN_POINT('Origin',(28.,-8.06563596896802,-1.69352189713902));
#6930=CARTESIAN_POINT('Origin',(28.,0.,0.));
#6931=CARTESIAN_POINT('',(28.,7.98738727668022,-2.90717121826818));
#6932=CARTESIAN_POINT('Ctrl Pts',(8.1156345612861,2.46695977024681,4.85602803655482));
#6933=CARTESIAN_POINT('Ctrl Pts',(8.08214690853238,2.63549864456085,5.00107899654394));
#6934=CARTESIAN_POINT('Ctrl Pts',(7.98755134984897,2.8672026571843,5.41081737679556));
#6935=CARTESIAN_POINT('Ctrl Pts',(7.82677461927711,2.76439808682192,6.10721790641387));
#6936=CARTESIAN_POINT('Ctrl Pts',(7.71713853812162,2.24069891009523,6.58210394688992));
#6937=CARTESIAN_POINT('Ctrl Pts',(7.71723557992609,1.52751004603281,6.5816836126551));
#6938=CARTESIAN_POINT('Ctrl Pts',(7.82550337251686,0.995457866613299,6.11272428108613));
#6939=CARTESIAN_POINT('Ctrl Pts',(7.9856583824247,0.870566976060713,5.41901671952464));
#6940=CARTESIAN_POINT('Ctrl Pts',(8.08120136754016,1.09114562335435,5.0051745845399));
#6941=CARTESIAN_POINT('Ctrl Pts',(8.11504378743913,1.25672336770627,4.85858695922013));
#6942=CARTESIAN_POINT('Ctrl Pts',(8.17003762410041,2.4343242817512,4.90650808419154));
#6943=CARTESIAN_POINT('Ctrl Pts',(8.13874276021278,2.59085975353777,5.04826013462084));
#6944=CARTESIAN_POINT('Ctrl Pts',(8.04964045494549,2.79654036346574,5.44324999696075));
#6945=CARTESIAN_POINT('Ctrl Pts',(7.89797715780132,2.67865512499957,6.0838573277249));
#6946=CARTESIAN_POINT('Ctrl Pts',(7.79748814736981,2.19984913942217,6.5000508182061));
#6947=CARTESIAN_POINT('Ctrl Pts',(7.79810277195568,1.56834465418812,6.50280539081848));
#6948=CARTESIAN_POINT('Ctrl Pts',(7.89822003702624,1.07363848174632,6.09220479221023));
#6949=CARTESIAN_POINT('Ctrl Pts',(8.04820100470225,0.932336930396647,5.44749154753896));
#6950=CARTESIAN_POINT('Ctrl Pts',(8.1372207247308,1.1309120488208,5.04700757940449));
#6951=CARTESIAN_POINT('Ctrl Pts',(8.16879629634571,1.28627592655627,4.9043777345097));
#6952=CARTESIAN_POINT('Ctrl Pts',(8.22444068691473,2.4016887932556,4.95698813182826));
#6953=CARTESIAN_POINT('Ctrl Pts',(8.19533861189318,2.54622086251469,5.09544127269775));
#6954=CARTESIAN_POINT('Ctrl Pts',(8.11172956004201,2.72587806974719,5.47568261712595));
#6955=CARTESIAN_POINT('Ctrl Pts',(7.96917969632553,2.59291216317723,6.06049674903592));
#6956=CARTESIAN_POINT('Ctrl Pts',(7.87783775661801,2.15899936874911,6.41799768952228));
#6957=CARTESIAN_POINT('Ctrl Pts',(7.87896996398526,1.60917926234344,6.42392716898184));
#6958=CARTESIAN_POINT('Ctrl Pts',(7.97093670153562,1.15181909687935,6.07168530333434));
#6959=CARTESIAN_POINT('Ctrl Pts',(8.1107436269798,0.99410688473258,5.47596637555328));
#6960=CARTESIAN_POINT('Ctrl Pts',(8.19324008192144,1.17067847428726,5.08884057426907));
#6961=CARTESIAN_POINT('Ctrl Pts',(8.22254880525229,1.31582848540627,4.95016850979927));
#6962=CARTESIAN_POINT('Ctrl Pts',(8.27884374972905,2.36905330476,5.00746817946498));
#6963=CARTESIAN_POINT('Ctrl Pts',(8.25193446357357,2.50158197149161,5.14262241077465));
#6964=CARTESIAN_POINT('Ctrl Pts',(8.17381866513854,2.65521577602863,5.50811523729114));
#6965=CARTESIAN_POINT('Ctrl Pts',(8.04038223484972,2.50716920135488,6.03713617034695));
#6966=CARTESIAN_POINT('Ctrl Pts',(7.95818736586622,2.11814959807605,6.33594456083846));
#6967=CARTESIAN_POINT('Ctrl Pts',(7.95983715601484,1.65001387049875,6.34504894714522));
#6968=CARTESIAN_POINT('Ctrl Pts',(8.04365336604502,1.22999971201237,6.05116581445844));
#6969=CARTESIAN_POINT('Ctrl Pts',(8.17328624925734,1.05587683906851,5.50444120356759));
#6970=CARTESIAN_POINT('Ctrl Pts',(8.24925943911208,1.21044489975371,5.13067356913365));
#6971=CARTESIAN_POINT('Ctrl Pts',(8.27630131415888,1.34538104425627,4.99595928508885));
#6972=CARTESIAN_POINT('',(8.27895330960376,2.36937432222868,5.00722506423551));
#6973=CARTESIAN_POINT('',(8.21325460774928,2.55529954190557,5.31879617019647));
#6974=CARTESIAN_POINT('Ctrl Pts',(8.27884374972905,2.36905330476,5.00746817946498));
#6975=CARTESIAN_POINT('Ctrl Pts',(8.26128100796145,2.45555009018801,5.0956785782684));
#6976=CARTESIAN_POINT('Ctrl Pts',(8.23854330643169,2.51831526626244,5.20416187779884));
#6977=CARTESIAN_POINT('Ctrl Pts',(8.21325460774928,2.55529954190557,5.31879617019647));
#6978=CARTESIAN_POINT('',(8.27604468876519,1.34572746319877,4.99616491356204));
#6979=CARTESIAN_POINT('Ctrl Pts',(8.21325460774928,2.55529954190557,5.31879617019647));
#6980=CARTESIAN_POINT('Ctrl Pts',(8.19979646164233,2.57498184313884,5.37980227712701));
#6981=CARTESIAN_POINT('Ctrl Pts',(8.14478891491264,2.62300751719499,5.62320633735762));
#6982=CARTESIAN_POINT('Ctrl Pts',(8.04038223484972,2.50716920135488,6.03713617034695));
#6983=CARTESIAN_POINT('Ctrl Pts',(7.95818736586622,2.11814959807605,6.33594456083846));
#6984=CARTESIAN_POINT('Ctrl Pts',(7.95983715601484,1.65001387049875,6.34504894714522));
#6985=CARTESIAN_POINT('Ctrl Pts',(8.04365336604502,1.22999971201237,6.05116581445844));
#6986=CARTESIAN_POINT('Ctrl Pts',(8.17328624925734,1.05587683906851,5.50444120356759));
#6987=CARTESIAN_POINT('Ctrl Pts',(8.24925943911208,1.21044489975371,5.13067356913365));
#6988=CARTESIAN_POINT('Ctrl Pts',(8.27630131415888,1.34538104425627,4.99595928508885));
#6989=CARTESIAN_POINT('',(8.11379488892972,1.19449835044032,4.94128854656131));
#6990=CARTESIAN_POINT('Ctrl Pts',(8.27630131415599,1.34538104425358,4.99595928508784));
#6991=CARTESIAN_POINT('Ctrl Pts',(8.22597065326881,1.29850440900417,4.97831623458553));
#6992=CARTESIAN_POINT('Ctrl Pts',(8.16951093376403,1.24645039200538,4.95895043119547));
#6993=CARTESIAN_POINT('Ctrl Pts',(8.11379488880375,1.19449835032285,4.94128854652137));
#6994=CARTESIAN_POINT('',(8.08516866070365,1.13587652812471,4.98799034991603));
#6995=CARTESIAN_POINT('Ctrl Pts',(8.11378125575411,1.19464588501236,4.94134667122858));
#6996=CARTESIAN_POINT('Ctrl Pts',(8.10459480025181,1.17462624931931,4.95644750750858));
#6997=CARTESIAN_POINT('Ctrl Pts',(8.09503650754994,1.15515480596822,4.97206605856237));
#6998=CARTESIAN_POINT('Ctrl Pts',(8.08513577810066,1.13620386888437,4.98813278011758));
#6999=CARTESIAN_POINT('',(8.08516866072273,2.59373801071265,4.98799034983338));
#7000=CARTESIAN_POINT('Ctrl Pts',(8.08512153341595,1.13615654242672,4.98819448062571));
#7001=CARTESIAN_POINT('Ctrl Pts',(8.05545358468038,1.03759627288856,5.11670048481336));
#7002=CARTESIAN_POINT('Ctrl Pts',(8.01990582589633,0.971676977700629,5.27067474437133));
#7003=CARTESIAN_POINT('Ctrl Pts',(7.98285162705225,0.946526786309553,5.43117411270537));
#7004=CARTESIAN_POINT('Ctrl Pts',(7.93227337912208,0.912197272911575,5.65025257337847));
#7005=CARTESIAN_POINT('Ctrl Pts',(7.87888837581947,0.953827569762437,5.8814884272323));
#7006=CARTESIAN_POINT('Ctrl Pts',(7.8341512420697,1.06331808142445,6.07526624275405));
#7007=CARTESIAN_POINT('Ctrl Pts',(7.78941410831994,1.17280859308647,6.26904405827579));
#7008=CARTESIAN_POINT('Ctrl Pts',(7.75332484412301,1.35015931955964,6.42536383546544));
#7009=CARTESIAN_POINT('Ctrl Pts',(7.73526403839047,1.55769949347329,6.50359377976607));
#7010=CARTESIAN_POINT('Ctrl Pts',(7.71720323265793,1.76523966738695,6.58182372406671));
#7011=CARTESIAN_POINT('Ctrl Pts',(7.71717088538977,2.00296928874109,6.58196383547831));
#7012=CARTESIAN_POINT('Ctrl Pts',(7.73542739194828,2.20911729553927,6.50288621777144));
#7013=CARTESIAN_POINT('Ctrl Pts',(7.75368389850678,2.41526530233746,6.42380860006457));
#7014=CARTESIAN_POINT('Ctrl Pts',(7.79022925889194,2.58983169457969,6.26551325323922));
#7015=CARTESIAN_POINT('Ctrl Pts',(7.8352980608465,2.6942489857612,6.07029882489016));
#7016=CARTESIAN_POINT('Ctrl Pts',(7.88036686280106,2.79866627694271,5.8750843965411));
#7017=CARTESIAN_POINT('Ctrl Pts',(7.93395910632502,2.8329344670635,5.64295088666833));
#7018=CARTESIAN_POINT('Ctrl Pts',(7.98440411775785,2.79214255896804,5.42444953666904));
#7019=CARTESIAN_POINT('Ctrl Pts',(8.0209889093405,2.76255859390306,5.26598339456305));
#7020=CARTESIAN_POINT('Ctrl Pts',(8.05591833697755,2.69349492834452,5.11468742145065));
#7021=CARTESIAN_POINT('Ctrl Pts',(8.0851249509445,2.59348601690004,4.98817967768325));
#7022=CARTESIAN_POINT('',(8.10827350928275,2.54451307166788,4.9503434929976));
#7023=CARTESIAN_POINT('Ctrl Pts',(8.08513672699194,2.59344569077107,4.98812867001787));
#7024=CARTESIAN_POINT('Ctrl Pts',(8.09306273734198,2.57739420251811,4.97526501699457));
#7025=CARTESIAN_POINT('Ctrl Pts',(8.10077458131389,2.56103031652868,4.96267873026005));
#7026=CARTESIAN_POINT('Ctrl Pts',(8.10825503875641,2.54434722180293,4.95041481022271));
#7027=CARTESIAN_POINT('Ctrl Pts',(8.27884374972717,2.36905330476192,5.00746817946433));
#7028=CARTESIAN_POINT('Ctrl Pts',(8.2149485659054,2.43409962822387,4.98493703196382));
#7029=CARTESIAN_POINT('Ctrl Pts',(8.16607260917315,2.48405612340012,4.9682237555977));
#7030=CARTESIAN_POINT('Ctrl Pts',(8.10827350914023,2.54451307181696,4.95034349295351));
#7031=CARTESIAN_POINT('Ctrl Pts',(8.1137948888894,1.19449835038264,4.94128854662751));
#7032=CARTESIAN_POINT('Ctrl Pts',(8.17378098559496,1.28030119244002,4.84278895886591));
#7033=CARTESIAN_POINT('Ctrl Pts',(8.27934471915423,1.52082213885721,4.65954213847997));
#7034=CARTESIAN_POINT('Ctrl Pts',(8.30723135943982,1.95808854730656,4.60858208718163));
#7035=CARTESIAN_POINT('Ctrl Pts',(8.23026689169415,2.32467929969881,4.7461436148921));
#7036=CARTESIAN_POINT('Ctrl Pts',(8.15117170612507,2.48041167741567,4.8800796186752));
#7037=CARTESIAN_POINT('Ctrl Pts',(8.1082735092326,2.54451307174282,4.95034349307974));
#7038=CARTESIAN_POINT('Ctrl Pts',(8.15242083117914,1.22146124888657,4.98915263957783));
#7039=CARTESIAN_POINT('Ctrl Pts',(8.21024471681788,1.30107285467518,4.8901207341719));
#7040=CARTESIAN_POINT('Ctrl Pts',(8.3118137149504,1.52981713703352,4.704005271976));
#7041=CARTESIAN_POINT('Ctrl Pts',(8.33909080264439,1.95586262840017,4.65365297799078));
#7042=CARTESIAN_POINT('Ctrl Pts',(8.26528772421445,2.3086389370774,4.79655897863992));
#7043=CARTESIAN_POINT('Ctrl Pts',(8.18875178933257,2.45428726139933,4.93266802136392));
#7044=CARTESIAN_POINT('Ctrl Pts',(8.14713398800551,2.51332329113662,5.00344768184877));
#7045=CARTESIAN_POINT('Ctrl Pts',(8.19104677346887,1.24842414739049,5.03701673252815));
#7046=CARTESIAN_POINT('Ctrl Pts',(8.24670844804079,1.32184451691034,4.9374525094779));
#7047=CARTESIAN_POINT('Ctrl Pts',(8.34428271074656,1.53881213520983,4.74846840547203));
#7048=CARTESIAN_POINT('Ctrl Pts',(8.37095024584896,1.95363670949377,4.69872386879993));
#7049=CARTESIAN_POINT('Ctrl Pts',(8.30030855673474,2.292598574456,4.84697434238775));
#7050=CARTESIAN_POINT('Ctrl Pts',(8.22633187254007,2.42816284538299,4.98525642405265));
#7051=CARTESIAN_POINT('Ctrl Pts',(8.18599446677842,2.48213351053043,5.05655187061781));
#7052=CARTESIAN_POINT('Ctrl Pts',(8.2296727157586,1.27538704589441,5.08488082547846));
#7053=CARTESIAN_POINT('Ctrl Pts',(8.28317217926371,1.34261617914549,4.98478428478389));
#7054=CARTESIAN_POINT('Ctrl Pts',(8.37675170654272,1.54780713338613,4.79293153896806));
#7055=CARTESIAN_POINT('Ctrl Pts',(8.40280968905353,1.95141079058738,4.74379475960907));
#7056=CARTESIAN_POINT('Ctrl Pts',(8.33532938925503,2.27655821183459,4.89738970613557));
#7057=CARTESIAN_POINT('Ctrl Pts',(8.26391195574757,2.40203842936665,5.03784482674137));
#7058=CARTESIAN_POINT('Ctrl Pts',(8.22485494555134,2.45094372992423,5.10965605938685));
#7059=CARTESIAN_POINT('Ctrl Pts',(8.1082735092326,2.54451307174282,4.95034349307974));
#7060=CARTESIAN_POINT('Ctrl Pts',(8.15117170612507,2.48041167741567,4.8800796186752));
#7061=CARTESIAN_POINT('Ctrl Pts',(8.23026689169415,2.32467929969881,4.7461436148921));
#7062=CARTESIAN_POINT('Ctrl Pts',(8.30723135943982,1.95808854730656,4.60858208718163));
#7063=CARTESIAN_POINT('Ctrl Pts',(8.27934471915423,1.52082213885721,4.65954213847997));
#7064=CARTESIAN_POINT('Ctrl Pts',(8.17378098559496,1.28030119244002,4.84278895886591));
#7065=CARTESIAN_POINT('Ctrl Pts',(8.1137948888894,1.19449835038264,4.94128854662751));
#7066=CARTESIAN_POINT('Ctrl Pts',(8.27604468876519,1.34572746319877,4.99616491356204));
#7067=CARTESIAN_POINT('Ctrl Pts',(8.30976926384625,1.40669808170624,4.93032737053339));
#7068=CARTESIAN_POINT('Ctrl Pts',(8.37961768342971,1.5921973217886,4.78752724974937));
#7069=CARTESIAN_POINT('Ctrl Pts',(8.40280968905353,1.95141079058738,4.74379475960907));
#7070=CARTESIAN_POINT('Ctrl Pts',(8.34517365579113,2.22912454767125,4.87498272814762));
#7071=CARTESIAN_POINT('Ctrl Pts',(8.29681228560911,2.33690508264821,4.9723997431506));
#7072=CARTESIAN_POINT('Ctrl Pts',(8.27895330960376,2.36937432222868,5.00722506423551));
#7073=CARTESIAN_POINT('Origin',(6.42478324105554,0.,12.179909737135));
#7074=CARTESIAN_POINT('',(8.08516866081015,-3.65,4.98799034945472));
#7075=CARTESIAN_POINT('',(8.08516866081015,0.,4.98799034945472));
#7076=CARTESIAN_POINT('',(7.31704673573639,-3.64999999997569,8.3150919364204));
#7077=CARTESIAN_POINT('',(7.46452664566216,-3.65,7.67628626463537));
#7078=CARTESIAN_POINT('',(7.37065142553689,3.65000000011876,8.08290451580109));
#7079=CARTESIAN_POINT('Ctrl Pts',(7.370651425536,3.65000000011889,8.08290451580494));
#7080=CARTESIAN_POINT('Ctrl Pts',(7.35244111913196,1.21780245538543,8.16178201865734));
#7081=CARTESIAN_POINT('Ctrl Pts',(7.33457015677148,-1.21779317517275,8.23918966097199));
#7082=CARTESIAN_POINT('Ctrl Pts',(7.31704673573622,-3.64999999997567,8.31509193642116));
#7083=CARTESIAN_POINT('',(8.08516866081015,3.65,4.98799034945472));
#7084=CARTESIAN_POINT('',(7.46452664566216,3.65,7.67628626463537));
#7085=CARTESIAN_POINT('',(8.08516866081015,0.,4.98799034945472));
#7086=CARTESIAN_POINT('Origin',(5.89981112580168,1.99972512967465,5.99829877329609));
#7087=CARTESIAN_POINT('',(25.3387763523919,1.37866276183253,1.96425724958771));
#7088=CARTESIAN_POINT('',(5.89981112580168,2.71471915046279,5.77183806629949));
#7089=CARTESIAN_POINT('',(25.3316715243446,1.40316484513805,2.07078190223568));
#7090=CARTESIAN_POINT('Ctrl Pts',(25.3316715243446,1.40316484513805,2.07078190223568));
#7091=CARTESIAN_POINT('Ctrl Pts',(25.3340146648409,1.39813527936532,2.03466890021817));
#7092=CARTESIAN_POINT('Ctrl Pts',(25.3363951244693,1.38987583447539,1.99900363552855));
#7093=CARTESIAN_POINT('Ctrl Pts',(25.3387763523919,1.37866276183253,1.96425724958771));
#7094=CARTESIAN_POINT('Ctrl Pts',(25.3387763523919,1.37866276183253,1.96425724958771));
#7095=CARTESIAN_POINT('Ctrl Pts',(25.3487056768422,1.33190611359271,1.81937059837394));
#7096=CARTESIAN_POINT('Ctrl Pts',(25.3709754747739,1.1121511252733,1.53063651419246));
#7097=CARTESIAN_POINT('Ctrl Pts',(25.3850227020961,0.526597872348167,1.47282695015009));
#7098=CARTESIAN_POINT('Ctrl Pts',(25.3663178188779,0.097198208908839,1.9311528287485));
#7099=CARTESIAN_POINT('Ctrl Pts',(25.3256943491236,0.185664459624586,2.54881099465697));
#7100=CARTESIAN_POINT('Ctrl Pts',(25.3008359960282,0.62668287774576,2.8217703196595));
#7101=CARTESIAN_POINT('Ctrl Pts',(25.2969368274591,1.01307770961167,2.76883108328223));
#7102=CARTESIAN_POINT('Ctrl Pts',(25.3017940265042,1.2543246841377,2.60803611731567));
#7103=CARTESIAN_POINT('Ctrl Pts',(25.3140559098724,1.40062592852523,2.35653495675682));
#7104=CARTESIAN_POINT('Ctrl Pts',(25.3256147009884,1.41616585446407,2.16413100974031));
#7105=CARTESIAN_POINT('Ctrl Pts',(25.3316715243446,1.40316484513805,2.07078190223568));
#7106=CARTESIAN_POINT('Ctrl Pts',(9.49946757905243,-1.46438705661827,0.100576908541699));
#7107=CARTESIAN_POINT('Ctrl Pts',(9.49946757905243,-1.33063776198641,0.100576908541699));
#7108=CARTESIAN_POINT('Ctrl Pts',(9.49897914008851,-1.04149377302647,0.16800547748136));
#7109=CARTESIAN_POINT('Ctrl Pts',(9.49226155606727,-0.713703969796614,0.433572878771249));
#7110=CARTESIAN_POINT('Ctrl Pts',(9.46674470379992,-0.528892809726425,0.831949981366165));
#7111=CARTESIAN_POINT('Ctrl Pts',(9.41298658068737,-0.544334864479402,1.31886476588216));
#7112=CARTESIAN_POINT('Ctrl Pts',(9.3509192308976,-0.774724632579098,1.68440986275623));
#7113=CARTESIAN_POINT('Ctrl Pts',(9.30412882777087,-1.16204697658862,1.92103572737777));
#7114=CARTESIAN_POINT('Ctrl Pts',(9.28956070943112,-1.50826589208227,1.98706152236503));
#7115=CARTESIAN_POINT('Ctrl Pts',(9.3234264853945,-2.06536129514848,1.82964422586853));
#7116=CARTESIAN_POINT('Ctrl Pts',(9.39551531935924,-2.3620193508043,1.44106113651943));
#7117=CARTESIAN_POINT('Ctrl Pts',(9.46133583943381,-2.41866213710417,0.894002959798011));
#7118=CARTESIAN_POINT('Ctrl Pts',(9.49121266980492,-2.27153285015278,0.478962342846901));
#7119=CARTESIAN_POINT('Ctrl Pts',(9.49890619212484,-1.88609039623595,0.167088803376708));
#7120=CARTESIAN_POINT('Ctrl Pts',(9.49946757905243,-1.59813635125013,0.100576908541698));
#7121=CARTESIAN_POINT('Ctrl Pts',(9.49946757905243,-1.46438705661827,0.100576908541699));
#7122=CARTESIAN_POINT('Ctrl Pts',(9.56472182718885,-1.46438705661827,0.166417172085206));
#7123=CARTESIAN_POINT('Ctrl Pts',(9.56470909480992,-1.3398404152465,0.165371310892509));
#7124=CARTESIAN_POINT('Ctrl Pts',(9.56378384525639,-1.06951307743959,0.226113703585322));
#7125=CARTESIAN_POINT('Ctrl Pts',(9.55607997096859,-0.760741394112283,0.474055410853876));
#7126=CARTESIAN_POINT('Ctrl Pts',(9.53115183085519,-0.587651553672362,0.850025506306853));
#7127=CARTESIAN_POINT('Ctrl Pts',(9.48106844609759,-0.607267703318723,1.30898948397961));
#7128=CARTESIAN_POINT('Ctrl Pts',(9.42482692430281,-0.829129649698851,1.64685347721941));
#7129=CARTESIAN_POINT('Ctrl Pts',(9.38297480122282,-1.18983266661372,1.85977632208026));
#7130=CARTESIAN_POINT('Ctrl Pts',(9.37009320995138,-1.50646846607616,1.91607476235308));
#7131=CARTESIAN_POINT('Ctrl Pts',(9.39984363873566,-2.01173810483077,1.77143473337374));
#7132=CARTESIAN_POINT('Ctrl Pts',(9.4645469413503,-2.28629117615563,1.41836518542378));
#7133=CARTESIAN_POINT('Ctrl Pts',(9.52584547562756,-2.34407423754249,0.912100777535533));
#7134=CARTESIAN_POINT('Ctrl Pts',(9.55490904513768,-2.21130357923107,0.525043683975472));
#7135=CARTESIAN_POINT('Ctrl Pts',(9.56380549223682,-1.85604065336475,0.231788495627679));
#7136=CARTESIAN_POINT('Ctrl Pts',(9.56473455956779,-1.58893369799004,0.167463033277903));
#7137=CARTESIAN_POINT('Ctrl Pts',(9.56472182718885,-1.46438705661827,0.166417172085206));
#7138=CARTESIAN_POINT('Ctrl Pts',(9.62997607532527,-1.46438705661827,0.232257435628713));
#7139=CARTESIAN_POINT('Ctrl Pts',(9.62995061056741,-1.34904306850658,0.230165713243319));
#7140=CARTESIAN_POINT('Ctrl Pts',(9.62858855042426,-1.09753238185272,0.284221929689285));
#7141=CARTESIAN_POINT('Ctrl Pts',(9.61989838586991,-0.807778818427951,0.514537942936503));
#7142=CARTESIAN_POINT('Ctrl Pts',(9.59555895791047,-0.646410297618298,0.868101031247541));
#7143=CARTESIAN_POINT('Ctrl Pts',(9.54915031150781,-0.670200542158044,1.29911420207707));
#7144=CARTESIAN_POINT('Ctrl Pts',(9.49873461770802,-0.883534666818603,1.60929709168258));
#7145=CARTESIAN_POINT('Ctrl Pts',(9.46182077467477,-1.21761835663882,1.79851691678276));
#7146=CARTESIAN_POINT('Ctrl Pts',(9.45062571047163,-1.50467104007005,1.84508800234114));
#7147=CARTESIAN_POINT('Ctrl Pts',(9.47626079207682,-1.95811491451305,1.71322524087895));
#7148=CARTESIAN_POINT('Ctrl Pts',(9.53357856334135,-2.21056300150696,1.39566923432814));
#7149=CARTESIAN_POINT('Ctrl Pts',(9.5903551118213,-2.26948633798081,0.930198595273053));
#7150=CARTESIAN_POINT('Ctrl Pts',(9.61860542047044,-2.15107430830936,0.571125025104042));
#7151=CARTESIAN_POINT('Ctrl Pts',(9.6287047923488,-1.82599091049356,0.296488187878649));
#7152=CARTESIAN_POINT('Ctrl Pts',(9.63000154008314,-1.57973104472995,0.234349158014107));
#7153=CARTESIAN_POINT('Ctrl Pts',(9.62997607532527,-1.46438705661827,0.232257435628713));
#7154=CARTESIAN_POINT('Ctrl Pts',(9.6952303234617,-1.46438705661827,0.29809769917222));
#7155=CARTESIAN_POINT('Ctrl Pts',(9.6951921263249,-1.35824572176667,0.294960115594129));
#7156=CARTESIAN_POINT('Ctrl Pts',(9.69339325559214,-1.12555168626584,0.342330155793247));
#7157=CARTESIAN_POINT('Ctrl Pts',(9.68371680077123,-0.85481624274362,0.555020475019129));
#7158=CARTESIAN_POINT('Ctrl Pts',(9.65996608496575,-0.705169041564235,0.886176556188229));
#7159=CARTESIAN_POINT('Ctrl Pts',(9.61723217691803,-0.733133380997365,1.28923892017452));
#7160=CARTESIAN_POINT('Ctrl Pts',(9.57264231111322,-0.937939683938355,1.57174070614575));
#7161=CARTESIAN_POINT('Ctrl Pts',(9.54066674812671,-1.24540404666393,1.73725751148526));
#7162=CARTESIAN_POINT('Ctrl Pts',(9.53115821099189,-1.50287361406394,1.77410124232919));
#7163=CARTESIAN_POINT('Ctrl Pts',(9.55267794541798,-1.90449172419533,1.65501574838416));
#7164=CARTESIAN_POINT('Ctrl Pts',(9.6026101853324,-2.13483482685828,1.37297328323249));
#7165=CARTESIAN_POINT('Ctrl Pts',(9.65486474801505,-2.19489843841914,0.948296413010574));
#7166=CARTESIAN_POINT('Ctrl Pts',(9.68230179580321,-2.09084503738764,0.617206366232612));
#7167=CARTESIAN_POINT('Ctrl Pts',(9.69360409246077,-1.79594116762237,0.361187880129619));
#7168=CARTESIAN_POINT('Ctrl Pts',(9.6952685205985,-1.57052839146986,0.301235282750311));
#7169=CARTESIAN_POINT('Ctrl Pts',(9.6952303234617,-1.46438705661827,0.29809769917222));
#7170=CARTESIAN_POINT('',(9.49946757905243,-1.46438705661827,0.100576908541699));
#7171=CARTESIAN_POINT('',(9.6952303234617,-1.46438705661827,0.29809769917222));
#7172=CARTESIAN_POINT('',(9.49946757905243,-1.46438705661827,0.100576908541699));
#7173=CARTESIAN_POINT('',(9.53944485129535,-1.32396123995383,1.7390721473623));
#7174=CARTESIAN_POINT('Ctrl Pts',(9.6952303234617,-1.46438705661827,0.29809769917222));
#7175=CARTESIAN_POINT('Ctrl Pts',(9.6951921263249,-1.35824572176667,0.294960115594129));
#7176=CARTESIAN_POINT('Ctrl Pts',(9.69339325559214,-1.12555168626584,0.342330155793247));
#7177=CARTESIAN_POINT('Ctrl Pts',(9.68371680077123,-0.85481624274362,0.555020475019129));
#7178=CARTESIAN_POINT('Ctrl Pts',(9.65996608496575,-0.705169041564235,0.886176556188229));
#7179=CARTESIAN_POINT('Ctrl Pts',(9.61723217691803,-0.733133380997365,1.28923892017452));
#7180=CARTESIAN_POINT('Ctrl Pts',(9.57264231111322,-0.937939683938355,1.57174070614575));
#7181=CARTESIAN_POINT('Ctrl Pts',(9.54805131047755,-1.17439701675911,1.69903240909516));
#7182=CARTESIAN_POINT('Ctrl Pts',(9.54166304392293,-1.27373280082093,1.72927478627006));
#7183=CARTESIAN_POINT('Ctrl Pts',(9.53944485129535,-1.32396123995383,1.7390721473623));
#7184=CARTESIAN_POINT('Ctrl Pts',(9.53944485129535,-1.32396123995383,1.7390721473623));
#7185=CARTESIAN_POINT('Ctrl Pts',(9.53611125785836,-1.39944665675769,1.75379603483308));
#7186=CARTESIAN_POINT('Ctrl Pts',(9.53384512312341,-1.55301886915805,1.75923245946995));
#7187=CARTESIAN_POINT('Ctrl Pts',(9.55267794541798,-1.90449172419533,1.65501574838416));
#7188=CARTESIAN_POINT('Ctrl Pts',(9.6026101853324,-2.13483482685828,1.37297328323249));
#7189=CARTESIAN_POINT('Ctrl Pts',(9.65486474801505,-2.19489843841914,0.948296413010574));
#7190=CARTESIAN_POINT('Ctrl Pts',(9.68230179580321,-2.09084503738764,0.617206366232612));
#7191=CARTESIAN_POINT('Ctrl Pts',(9.69360409246077,-1.79594116762237,0.361187880129619));
#7192=CARTESIAN_POINT('Ctrl Pts',(9.6952685205985,-1.57052839146986,0.301235282750311));
#7193=CARTESIAN_POINT('Ctrl Pts',(9.6952303234617,-1.46438705661827,0.29809769917222));
#7194=CARTESIAN_POINT('Ctrl Pts',(9.49946757905243,-1.46438705661827,0.100576908541699));
#7195=CARTESIAN_POINT('Ctrl Pts',(9.49946757905243,-1.59813635125013,0.100576908541698));
#7196=CARTESIAN_POINT('Ctrl Pts',(9.49890619212484,-1.88609039623595,0.167088803376708));
#7197=CARTESIAN_POINT('Ctrl Pts',(9.49121266980492,-2.27153285015278,0.478962342846901));
#7198=CARTESIAN_POINT('Ctrl Pts',(9.46133583943381,-2.41866213710417,0.894002959798011));
#7199=CARTESIAN_POINT('Ctrl Pts',(9.39551531935924,-2.3620193508043,1.44106113651943));
#7200=CARTESIAN_POINT('Ctrl Pts',(9.3234264853945,-2.06536129514848,1.82964422586853));
#7201=CARTESIAN_POINT('Ctrl Pts',(9.28956070943112,-1.50826589208227,1.98706152236503));
#7202=CARTESIAN_POINT('Ctrl Pts',(9.30412882777087,-1.16204697658862,1.92103572737777));
#7203=CARTESIAN_POINT('Ctrl Pts',(9.3509192308976,-0.774724632579098,1.68440986275623));
#7204=CARTESIAN_POINT('Ctrl Pts',(9.41298658068737,-0.544334864479402,1.31886476588216));
#7205=CARTESIAN_POINT('Ctrl Pts',(9.46674470379992,-0.528892809726425,0.831949981366165));
#7206=CARTESIAN_POINT('Ctrl Pts',(9.49226155606727,-0.713703969796614,0.433572878771249));
#7207=CARTESIAN_POINT('Ctrl Pts',(9.49897914008851,-1.04149377302647,0.16800547748136));
#7208=CARTESIAN_POINT('Ctrl Pts',(9.49946757905243,-1.33063776198641,0.100576908541699));
#7209=CARTESIAN_POINT('Ctrl Pts',(9.49946757905243,-1.46438705661827,0.100576908541699));
#7210=CARTESIAN_POINT('Origin',(0.,0.,0.));
#7211=CARTESIAN_POINT('Origin',(0.,3.65,0.));
#7212=CARTESIAN_POINT('',(6.2735380014854,0.,-7.13391343821318));
#7213=CARTESIAN_POINT('Origin',(0.,-3.65,0.));
#7214=CARTESIAN_POINT('',(9.29663648958764,-1.98377501220595,-1.955134261494));
#7215=CARTESIAN_POINT('Ctrl Pts',(9.29663648958764,-1.98377501220595,-1.955134261494));
#7216=CARTESIAN_POINT('Ctrl Pts',(9.29663648958764,-2.11811088663486,-1.955134261494));
#7217=CARTESIAN_POINT('Ctrl Pts',(9.31095595398933,-2.40813891310339,-1.88801220132198));
#7218=CARTESIAN_POINT('Ctrl Pts',(9.37242984697247,-2.78819529502712,-1.57200223121205));
#7219=CARTESIAN_POINT('Ctrl Pts',(9.43304537371034,-2.92529607397947,-1.1559319668846));
#7220=CARTESIAN_POINT('Ctrl Pts',(9.4788102863974,-2.85953526436064,-0.677915279733211));
#7221=CARTESIAN_POINT('Ctrl Pts',(9.4945245183154,-2.6703575269087,-0.370820774930399));
#7222=CARTESIAN_POINT('Ctrl Pts',(9.50043751776802,-2.1897725538242,-0.0742104363900624));
#7223=CARTESIAN_POINT('Ctrl Pts',(9.50057408045324,-1.73504481813555,-0.0700878561707169));
#7224=CARTESIAN_POINT('Ctrl Pts',(9.49547526499066,-1.37489312205949,-0.306169330477556));
#7225=CARTESIAN_POINT('Ctrl Pts',(9.48777547407127,-1.18650654560474,-0.498606848848897));
#7226=CARTESIAN_POINT('Ctrl Pts',(9.45888570892203,-0.965476943645939,-0.96808023148513));
#7227=CARTESIAN_POINT('Ctrl Pts',(9.37892866246556,-1.1239668134968,-1.54060683012698));
#7228=CARTESIAN_POINT('Ctrl Pts',(9.31046756570802,-1.5618848492556,-1.88982290839197));
#7229=CARTESIAN_POINT('Ctrl Pts',(9.29663648958764,-1.84943913777704,-1.955134261494));
#7230=CARTESIAN_POINT('Ctrl Pts',(9.29663648958764,-1.98377501220595,-1.955134261494));
#7231=CARTESIAN_POINT('',(6.74288270198046,2.05148253139073,-6.6920499749578));
#7232=CARTESIAN_POINT('Ctrl Pts',(6.74288270198046,2.05148253139073,-6.6920499749578));
#7233=CARTESIAN_POINT('Ctrl Pts',(6.74288270198046,1.88605723734893,-6.6920499749578));
#7234=CARTESIAN_POINT('Ctrl Pts',(6.78782435615511,1.73888750887783,-6.64701595402828));
#7235=CARTESIAN_POINT('Ctrl Pts',(6.90542354896698,1.49871775495987,-6.52483587831315));
#7236=CARTESIAN_POINT('Ctrl Pts',(6.97948077366821,1.40162334201199,-6.44587629712073));
#7237=CARTESIAN_POINT('Ctrl Pts',(7.14300044799033,1.22761054111954,-6.26480486789791));
#7238=CARTESIAN_POINT('Ctrl Pts',(7.28494625255559,1.11975490341228,-6.10094444512525));
#7239=CARTESIAN_POINT('Ctrl Pts',(7.46361021508999,1.03878310777961,-5.8782736099658));
#7240=CARTESIAN_POINT('Ctrl Pts',(7.56899244417704,1.00703905507167,-5.74186584428956));
#7241=CARTESIAN_POINT('Ctrl Pts',(7.7005997962422,0.986926623262411,-5.56528422914561));
#7242=CARTESIAN_POINT('Ctrl Pts',(7.80695156192657,0.996686517895035,-5.41446668472119));
#7243=CARTESIAN_POINT('Ctrl Pts',(7.95772236020921,1.04932460649875,-5.19116210888227));
#7244=CARTESIAN_POINT('Ctrl Pts',(8.03670188175537,1.10436555008804,-5.06740596830544));
#7245=CARTESIAN_POINT('Ctrl Pts',(8.15401720958815,1.25410779792269,-4.87570510926492));
#7246=CARTESIAN_POINT('Ctrl Pts',(8.25218189507502,1.44083517026424,-4.70796045467922));
#7247=CARTESIAN_POINT('Ctrl Pts',(8.30883446333016,1.83494594970297,-4.6052655412647));
#7248=CARTESIAN_POINT('Ctrl Pts',(8.26253901259461,2.22347798503398,-4.68943123504793));
#7249=CARTESIAN_POINT('Ctrl Pts',(8.18188813713863,2.42622928543696,-4.82845722009061));
#7250=CARTESIAN_POINT('Ctrl Pts',(8.07696404544019,2.61616739076927,-5.0027909564654));
#7251=CARTESIAN_POINT('Ctrl Pts',(7.9991793259182,2.70426102678325,-5.12718519926388));
#7252=CARTESIAN_POINT('Ctrl Pts',(7.82793129089109,2.82705343108905,-5.38502361737129));
#7253=CARTESIAN_POINT('Ctrl Pts',(7.73428481969466,2.86219171844065,-5.51857397999182));
#7254=CARTESIAN_POINT('Ctrl Pts',(7.54829835584643,2.89167625281328,-5.77063775453885));
#7255=CARTESIAN_POINT('Ctrl Pts',(7.43983665306781,2.88594362226804,-5.91011854783215));
#7256=CARTESIAN_POINT('Ctrl Pts',(7.22019282040621,2.81985301650956,-6.17651481271005));
#7257=CARTESIAN_POINT('Ctrl Pts',(7.10875850706454,2.76115830872572,-6.30382532475962));
#7258=CARTESIAN_POINT('Ctrl Pts',(6.94484496840657,2.60935217856451,-6.48298313812755));
#7259=CARTESIAN_POINT('Ctrl Pts',(6.84447847182718,2.4889527245252,-6.58887620481102));
#7260=CARTESIAN_POINT('Ctrl Pts',(6.75819505259853,2.25226684111452,-6.67665335985475));
#7261=CARTESIAN_POINT('Ctrl Pts',(6.74288270198046,2.1176563302017,-6.6920499749578));
#7262=CARTESIAN_POINT('Ctrl Pts',(6.74288270198046,2.05148253139073,-6.6920499749578));
#7263=CARTESIAN_POINT('Origin',(5.89994448833486,-1.84950001924268,1.09990619214588));
#7264=CARTESIAN_POINT('',(25.3387412338142,0.350791920342297,1.32371394107093));
#7265=CARTESIAN_POINT('',(5.89994448833486,-1.71119604827538,1.83704408738344));
#7266=CARTESIAN_POINT('',(25.3601364456949,0.863290150490744,0.698493531524975));
#7267=CARTESIAN_POINT('Ctrl Pts',(25.3601364456949,0.863290150490744,0.698493531524975));
#7268=CARTESIAN_POINT('Ctrl Pts',(25.3612244992061,0.860433331482729,0.510781076660529));
#7269=CARTESIAN_POINT('Ctrl Pts',(25.3573356030964,0.67372594512694,0.140877006634036));
#7270=CARTESIAN_POINT('Ctrl Pts',(25.3373306686805,0.0640493996971238,0.012219336620263));
#7271=CARTESIAN_POINT('Ctrl Pts',(25.318486058171,-0.417314025998465,0.407621753311318));
#7272=CARTESIAN_POINT('Ctrl Pts',(25.3148801092948,-0.409429898748787,1.03190942725089));
#7273=CARTESIAN_POINT('Ctrl Pts',(25.3264763027944,-0.00576263058979335,
1.33934922375508));
#7274=CARTESIAN_POINT('Ctrl Pts',(25.3358711033761,0.269616558822904,1.33914608711717));
#7275=CARTESIAN_POINT('Ctrl Pts',(25.3387412338142,0.350791920342297,1.32371394107093));
#7276=CARTESIAN_POINT('Ctrl Pts',(25.3387412338142,0.350791920342297,1.32371394107093));
#7277=CARTESIAN_POINT('Ctrl Pts',(25.3424031683169,0.454361727897487,1.30402441500961));
#7278=CARTESIAN_POINT('Ctrl Pts',(25.3526073971693,0.729592303931787,1.17956185295974));
#7279=CARTESIAN_POINT('Ctrl Pts',(25.3590483921838,0.866146969498758,0.886205986389419));
#7280=CARTESIAN_POINT('Ctrl Pts',(25.3601364456949,0.863290150490744,0.698493531524975));
#7281=CARTESIAN_POINT('Ctrl Pts',(9.29663648958764,-1.98377501220595,-1.955134261494));
#7282=CARTESIAN_POINT('Ctrl Pts',(9.29663648958764,-1.84943913777704,-1.955134261494));
#7283=CARTESIAN_POINT('Ctrl Pts',(9.31046756570802,-1.5618848492556,-1.88982290839197));
#7284=CARTESIAN_POINT('Ctrl Pts',(9.37892866246556,-1.1239668134968,-1.54060683012698));
#7285=CARTESIAN_POINT('Ctrl Pts',(9.45888570892203,-0.965476943645939,-0.96808023148513));
#7286=CARTESIAN_POINT('Ctrl Pts',(9.48777547407127,-1.18650654560474,-0.498606848848897));
#7287=CARTESIAN_POINT('Ctrl Pts',(9.49547526499066,-1.37489312205949,-0.306169330477556));
#7288=CARTESIAN_POINT('Ctrl Pts',(9.50057408045324,-1.73504481813555,-0.0700878561707169));
#7289=CARTESIAN_POINT('Ctrl Pts',(9.50043751776802,-2.1897725538242,-0.0742104363900624));
#7290=CARTESIAN_POINT('Ctrl Pts',(9.4945245183154,-2.6703575269087,-0.370820774930399));
#7291=CARTESIAN_POINT('Ctrl Pts',(9.4788102863974,-2.85953526436064,-0.677915279733211));
#7292=CARTESIAN_POINT('Ctrl Pts',(9.43304537371034,-2.92529607397947,-1.1559319668846));
#7293=CARTESIAN_POINT('Ctrl Pts',(9.37242984697247,-2.78819529502712,-1.57200223121205));
#7294=CARTESIAN_POINT('Ctrl Pts',(9.31095595398933,-2.40813891310339,-1.88801220132198));
#7295=CARTESIAN_POINT('Ctrl Pts',(9.29663648958764,-2.11811088663486,-1.955134261494));
#7296=CARTESIAN_POINT('Ctrl Pts',(9.29663648958764,-1.98377501220595,-1.955134261494));
#7297=CARTESIAN_POINT('Ctrl Pts',(9.37630969085503,-1.98377501220595,-1.88788455304639));
#7298=CARTESIAN_POINT('Ctrl Pts',(9.37633671318233,-1.86134707662601,-1.88884787448008));
#7299=CARTESIAN_POINT('Ctrl Pts',(9.38861137530841,-1.59795644674354,-1.83228311835045));
#7300=CARTESIAN_POINT('Ctrl Pts',(9.4499532004866,-1.18675210825653,-1.51636433827316));
#7301=CARTESIAN_POINT('Ctrl Pts',(9.52337885108106,-1.0282249677346,-0.97887339697213));
#7302=CARTESIAN_POINT('Ctrl Pts',(9.55173403787838,-1.23550862468929,-0.535491221041592));
#7303=CARTESIAN_POINT('Ctrl Pts',(9.55976770968672,-1.41271720413235,-0.355208955230278));
#7304=CARTESIAN_POINT('Ctrl Pts',(9.56586347133126,-1.75132828605579,-0.135597750394798));
#7305=CARTESIAN_POINT('Ctrl Pts',(9.56577520430149,-2.17462062295991,-0.143814294500821));
#7306=CARTESIAN_POINT('Ctrl Pts',(9.55856278751359,-2.61842477687267,-0.423532429138958));
#7307=CARTESIAN_POINT('Ctrl Pts',(9.54265930288039,-2.79141493463188,-0.710765126351298));
#7308=CARTESIAN_POINT('Ctrl Pts',(9.49928771805425,-2.84790909155067,-1.15506213626595));
#7309=CARTESIAN_POINT('Ctrl Pts',(9.4436593119439,-2.71720743926359,-1.53780915543822));
#7310=CARTESIAN_POINT('Ctrl Pts',(9.38886119483205,-2.36930102187036,-1.82476726186179));
#7311=CARTESIAN_POINT('Ctrl Pts',(9.37628266852774,-2.10620294778589,-1.8869212316127));
#7312=CARTESIAN_POINT('Ctrl Pts',(9.37630969085503,-1.98377501220595,-1.88788455304639));
#7313=CARTESIAN_POINT('Ctrl Pts',(9.45598289212244,-1.98377501220595,-1.82063484459878));
#7314=CARTESIAN_POINT('Ctrl Pts',(9.45603693677702,-1.87325501547498,-1.82256148746615));
#7315=CARTESIAN_POINT('Ctrl Pts',(9.4667551849088,-1.63402804423147,-1.77474332830894));
#7316=CARTESIAN_POINT('Ctrl Pts',(9.52097773850764,-1.24953740301625,-1.49212184641935));
#7317=CARTESIAN_POINT('Ctrl Pts',(9.58787199324007,-1.09097299182327,-0.98966656245913));
#7318=CARTESIAN_POINT('Ctrl Pts',(9.61569260168548,-1.28451070377384,-0.572375593234289));
#7319=CARTESIAN_POINT('Ctrl Pts',(9.62406015438278,-1.45054128620521,-0.404248579982999));
#7320=CARTESIAN_POINT('Ctrl Pts',(9.63115286220929,-1.76761175397603,-0.201107644618878));
#7321=CARTESIAN_POINT('Ctrl Pts',(9.63111289083495,-2.15946869209563,-0.213418152611579));
#7322=CARTESIAN_POINT('Ctrl Pts',(9.62260105671177,-2.56649202683664,-0.476244083347515));
#7323=CARTESIAN_POINT('Ctrl Pts',(9.60650831936338,-2.72329460490313,-0.743614972969387));
#7324=CARTESIAN_POINT('Ctrl Pts',(9.56553006239815,-2.77052210912186,-1.1541923056473));
#7325=CARTESIAN_POINT('Ctrl Pts',(9.51488877691534,-2.64621958350007,-1.50361607966438));
#7326=CARTESIAN_POINT('Ctrl Pts',(9.46676643567477,-2.33046313063734,-1.7615223224016));
#7327=CARTESIAN_POINT('Ctrl Pts',(9.45592884746785,-2.09429500893692,-1.8187082017314));
#7328=CARTESIAN_POINT('Ctrl Pts',(9.45598289212244,-1.98377501220595,-1.82063484459878));
#7329=CARTESIAN_POINT('Ctrl Pts',(9.53565609338984,-1.98377501220595,-1.75338513615116));
#7330=CARTESIAN_POINT('Ctrl Pts',(9.53573716037171,-1.88516295432395,-1.75627510045223));
#7331=CARTESIAN_POINT('Ctrl Pts',(9.54489899450919,-1.67009964171941,-1.71720353826742));
#7332=CARTESIAN_POINT('Ctrl Pts',(9.59200227652868,-1.31232269777598,-1.46787935456553));
#7333=CARTESIAN_POINT('Ctrl Pts',(9.65236513539909,-1.15372101591193,-1.00045972794613));
#7334=CARTESIAN_POINT('Ctrl Pts',(9.67965116549259,-1.33351278285839,-0.609259965426984));
#7335=CARTESIAN_POINT('Ctrl Pts',(9.68835259907884,-1.48836536827808,-0.45328820473572));
#7336=CARTESIAN_POINT('Ctrl Pts',(9.69644225308732,-1.78389522189626,-0.266617538842958));
#7337=CARTESIAN_POINT('Ctrl Pts',(9.69645057736841,-2.14431676123134,-0.283022010722337));
#7338=CARTESIAN_POINT('Ctrl Pts',(9.68663932590995,-2.51455927680061,-0.528955737556074));
#7339=CARTESIAN_POINT('Ctrl Pts',(9.67035733584638,-2.65517427517437,-0.776464819587474));
#7340=CARTESIAN_POINT('Ctrl Pts',(9.63177240674207,-2.69313512669306,-1.15332247502864));
#7341=CARTESIAN_POINT('Ctrl Pts',(9.58611824188678,-2.57523172773655,-1.46942300389055));
#7342=CARTESIAN_POINT('Ctrl Pts',(9.54467167651749,-2.29162523940431,-1.6982773829414));
#7343=CARTESIAN_POINT('Ctrl Pts',(9.53557502640796,-2.08238707008795,-1.75049517185009));
#7344=CARTESIAN_POINT('Ctrl Pts',(9.53565609338984,-1.98377501220595,-1.75338513615116));
#7345=CARTESIAN_POINT('',(9.53565609338984,-1.98377501220595,-1.75338513615116));
#7346=CARTESIAN_POINT('',(9.29663648958764,-1.98377501220595,-1.955134261494));
#7347=CARTESIAN_POINT('',(9.53924105064044,-1.82671722506792,-1.74013560066348));
#7348=CARTESIAN_POINT('Ctrl Pts',(9.53565609338984,-1.98377501220595,-1.75338513615116));
#7349=CARTESIAN_POINT('Ctrl Pts',(9.53569785827522,-1.93297108192864,-1.75487401639572));
#7350=CARTESIAN_POINT('Ctrl Pts',(9.53693397593904,-1.87979970674759,-1.75041064249801));
#7351=CARTESIAN_POINT('Ctrl Pts',(9.53924105064044,-1.82671722506792,-1.74013560066348));
#7352=CARTESIAN_POINT('Ctrl Pts',(9.53924105064044,-1.82671722506792,-1.74013560066348));
#7353=CARTESIAN_POINT('Ctrl Pts',(9.54141208191925,-1.77676490752353,-1.73046645679041));
#7354=CARTESIAN_POINT('Ctrl Pts',(9.55096577758559,-1.62401888013374,-1.68509121671848));
#7355=CARTESIAN_POINT('Ctrl Pts',(9.59200227652868,-1.31232269777598,-1.46787935456553));
#7356=CARTESIAN_POINT('Ctrl Pts',(9.65236513539909,-1.15372101591193,-1.00045972794613));
#7357=CARTESIAN_POINT('Ctrl Pts',(9.67965116549259,-1.33351278285839,-0.609259965426984));
#7358=CARTESIAN_POINT('Ctrl Pts',(9.68835259907884,-1.48836536827808,-0.45328820473572));
#7359=CARTESIAN_POINT('Ctrl Pts',(9.69644225308732,-1.78389522189626,-0.266617538842958));
#7360=CARTESIAN_POINT('Ctrl Pts',(9.69645057736841,-2.14431676123134,-0.283022010722337));
#7361=CARTESIAN_POINT('Ctrl Pts',(9.68663932590995,-2.51455927680061,-0.528955737556074));
#7362=CARTESIAN_POINT('Ctrl Pts',(9.67035733584638,-2.65517427517437,-0.776464819587474));
#7363=CARTESIAN_POINT('Ctrl Pts',(9.63177240674207,-2.69313512669306,-1.15332247502864));
#7364=CARTESIAN_POINT('Ctrl Pts',(9.58611824188678,-2.57523172773655,-1.46942300389055));
#7365=CARTESIAN_POINT('Ctrl Pts',(9.54467167651749,-2.29162523940431,-1.6982773829414));
#7366=CARTESIAN_POINT('Ctrl Pts',(9.53557502640796,-2.08238707008795,-1.75049517185009));
#7367=CARTESIAN_POINT('Ctrl Pts',(9.53565609338984,-1.98377501220595,-1.75338513615116));
#7368=CARTESIAN_POINT('Origin',(5.89994513430113,-2.34950297260558,-1.09990616583696));
#7369=CARTESIAN_POINT('',(25.3387411747842,-0.161413230917612,-1.32358050919043));
#7370=CARTESIAN_POINT('',(5.89994513430113,-2.21036771116073,-1.83688760449046));
#7371=CARTESIAN_POINT('',(25.3600059814698,0.350365615418498,-0.698459846335316));
#7372=CARTESIAN_POINT('Ctrl Pts',(25.3600059814698,0.350365615418498,-0.698459846335316));
#7373=CARTESIAN_POINT('Ctrl Pts',(25.3589174866309,0.353233921772692,-0.886167597154751));
#7374=CARTESIAN_POINT('Ctrl Pts',(25.3525093218213,0.216823661107151,-1.17930184189256));
#7375=CARTESIAN_POINT('Ctrl Pts',(25.3423737360203,-0.0580822072695246,
-1.30381979608706));
#7376=CARTESIAN_POINT('Ctrl Pts',(25.3387411747842,-0.161413230917612,-1.32358050919043));
#7377=CARTESIAN_POINT('Ctrl Pts',(25.3387411747842,-0.161413230917612,-1.32358050919043));
#7378=CARTESIAN_POINT('Ctrl Pts',(25.3358805461488,-0.242786032630126,-1.33914199820204));
#7379=CARTESIAN_POINT('Ctrl Pts',(25.3265338820064,-0.518413492366259,-1.33951434676529));
#7380=CARTESIAN_POINT('Ctrl Pts',(25.3150134799637,-0.922272581324403,-1.03194101799071));
#7381=CARTESIAN_POINT('Ctrl Pts',(25.3186207894081,-0.930206601994292,-0.407680710264706));
#7382=CARTESIAN_POINT('Ctrl Pts',(25.3373653145669,-0.448902168777555,-0.0122293134669135));
#7383=CARTESIAN_POINT('Ctrl Pts',(25.3572420817805,0.160777002452012,-0.140848148993777));
#7384=CARTESIAN_POINT('Ctrl Pts',(25.3610944763087,0.347497309064305,-0.510752095515881));
#7385=CARTESIAN_POINT('Ctrl Pts',(25.3600059814698,0.350365615418498,-0.698459846335316));
#7386=CARTESIAN_POINT('Ctrl Pts',(6.74288270198046,2.05148253139073,-6.6920499749578));
#7387=CARTESIAN_POINT('Ctrl Pts',(6.74288270198046,2.1176563302017,-6.6920499749578));
#7388=CARTESIAN_POINT('Ctrl Pts',(6.75819505259853,2.25226684111452,-6.67665335985475));
#7389=CARTESIAN_POINT('Ctrl Pts',(6.84447847182718,2.4889527245252,-6.58887620481102));
#7390=CARTESIAN_POINT('Ctrl Pts',(6.94484496840657,2.60935217856451,-6.48298313812755));
#7391=CARTESIAN_POINT('Ctrl Pts',(7.10875850706454,2.76115830872572,-6.30382532475962));
#7392=CARTESIAN_POINT('Ctrl Pts',(7.22019282040621,2.81985301650956,-6.17651481271005));
#7393=CARTESIAN_POINT('Ctrl Pts',(7.43983665306781,2.88594362226804,-5.91011854783215));
#7394=CARTESIAN_POINT('Ctrl Pts',(7.54829835584643,2.89167625281328,-5.77063775453885));
#7395=CARTESIAN_POINT('Ctrl Pts',(7.73428481969466,2.86219171844065,-5.51857397999182));
#7396=CARTESIAN_POINT('Ctrl Pts',(7.82793129089109,2.82705343108905,-5.38502361737129));
#7397=CARTESIAN_POINT('Ctrl Pts',(7.9991793259182,2.70426102678325,-5.12718519926388));
#7398=CARTESIAN_POINT('Ctrl Pts',(8.07696404544019,2.61616739076927,-5.0027909564654));
#7399=CARTESIAN_POINT('Ctrl Pts',(8.18188813713863,2.42622928543696,-4.82845722009061));
#7400=CARTESIAN_POINT('Ctrl Pts',(8.26253901259461,2.22347798503398,-4.68943123504793));
#7401=CARTESIAN_POINT('Ctrl Pts',(8.30883446333016,1.83494594970297,-4.6052655412647));
#7402=CARTESIAN_POINT('Ctrl Pts',(8.25218189507502,1.44083517026424,-4.70796045467922));
#7403=CARTESIAN_POINT('Ctrl Pts',(8.15401720958815,1.25410779792269,-4.87570510926492));
#7404=CARTESIAN_POINT('Ctrl Pts',(8.03670188175537,1.10436555008804,-5.06740596830544));
#7405=CARTESIAN_POINT('Ctrl Pts',(7.95772236020921,1.04932460649875,-5.19116210888227));
#7406=CARTESIAN_POINT('Ctrl Pts',(7.80695156192657,0.996686517895035,-5.41446668472119));
#7407=CARTESIAN_POINT('Ctrl Pts',(7.7005997962422,0.986926623262411,-5.56528422914561));
#7408=CARTESIAN_POINT('Ctrl Pts',(7.56899244417704,1.00703905507167,-5.74186584428956));
#7409=CARTESIAN_POINT('Ctrl Pts',(7.46361021508999,1.03878310777961,-5.8782736099658));
#7410=CARTESIAN_POINT('Ctrl Pts',(7.28494625255559,1.11975490341228,-6.10094444512525));
#7411=CARTESIAN_POINT('Ctrl Pts',(7.14300044799033,1.22761054111954,-6.26480486789791));
#7412=CARTESIAN_POINT('Ctrl Pts',(6.97948077366821,1.40162334201199,-6.44587629712073));
#7413=CARTESIAN_POINT('Ctrl Pts',(6.90542354896698,1.49871775495987,-6.52483587831315));
#7414=CARTESIAN_POINT('Ctrl Pts',(6.78782435615511,1.73888750887783,-6.64701595402828));
#7415=CARTESIAN_POINT('Ctrl Pts',(6.74288270198046,1.88605723734893,-6.6920499749578));
#7416=CARTESIAN_POINT('Ctrl Pts',(6.74288270198046,2.05148253139073,-6.6920499749578));
#7417=CARTESIAN_POINT('Ctrl Pts',(6.85462406722769,2.05148253139073,-6.63071475097432));
#7418=CARTESIAN_POINT('Ctrl Pts',(6.85455205748961,2.10505112251755,-6.63035829421818));
#7419=CARTESIAN_POINT('Ctrl Pts',(6.86678831117411,2.21272878577509,-6.61784880378194));
#7420=CARTESIAN_POINT('Ctrl Pts',(6.93727144772538,2.40769033285547,-6.54860962326773));
#7421=CARTESIAN_POINT('Ctrl Pts',(7.02559305735024,2.51633825789292,-6.46017666900771));
#7422=CARTESIAN_POINT('Ctrl Pts',(7.17543618014785,2.65834348650415,-6.3044979510272));
#7423=CARTESIAN_POINT('Ctrl Pts',(7.2811220301652,2.71875827242101,-6.18946230626218));
#7424=CARTESIAN_POINT('Ctrl Pts',(7.49266364134234,2.79262902271928,-5.94239553155971));
#7425=CARTESIAN_POINT('Ctrl Pts',(7.59842417246712,2.80503904793878,-5.81031818401593));
#7426=CARTESIAN_POINT('Ctrl Pts',(7.78031440693171,2.78912274213225,-5.56845137303925));
#7427=CARTESIAN_POINT('Ctrl Pts',(7.87219236847477,2.76223062596094,-5.438721368647));
#7428=CARTESIAN_POINT('Ctrl Pts',(8.04010615069632,2.65684101883781,-5.1848860673335));
#7429=CARTESIAN_POINT('Ctrl Pts',(8.11627192091705,2.57802658356666,-5.06056227360467));
#7430=CARTESIAN_POINT('Ctrl Pts',(8.21853728187782,2.40210228232336,-4.88386335507804));
#7431=CARTESIAN_POINT('Ctrl Pts',(8.29678406122515,2.21161786470298,-4.74092645296999));
#7432=CARTESIAN_POINT('Ctrl Pts',(8.34051768280455,1.83589252096658,-4.64956158869262));
#7433=CARTESIAN_POINT('Ctrl Pts',(8.28510007679428,1.4523339726262,-4.75076675945902));
#7434=CARTESIAN_POINT('Ctrl Pts',(8.19071107479953,1.27502122732204,-4.9199942080104));
#7435=CARTESIAN_POINT('Ctrl Pts',(8.07791868849509,1.13600934575147,-5.11217886475708));
#7436=CARTESIAN_POINT('Ctrl Pts',(8.00202566009242,1.08777896735108,-5.23569649673699));
#7437=CARTESIAN_POINT('Ctrl Pts',(7.85693189991598,1.047303831989,-5.45625856140866));
#7438=CARTESIAN_POINT('Ctrl Pts',(7.75452648051743,1.04559692146925,-5.60403376515533));
#7439=CARTESIAN_POINT('Ctrl Pts',(7.62775080403367,1.07454377060117,-5.77482385240606));
#7440=CARTESIAN_POINT('Ctrl Pts',(7.52632203446551,1.11260617306293,-5.90551263315466));
#7441=CARTESIAN_POINT('Ctrl Pts',(7.35452520629215,1.20258524481737,-6.11651036506984));
#7442=CARTESIAN_POINT('Ctrl Pts',(7.21902973038655,1.31410428867038,-6.26718818175914));
#7443=CARTESIAN_POINT('Ctrl Pts',(7.06517203758118,1.48495388614139,-6.42889847525691));
#7444=CARTESIAN_POINT('Ctrl Pts',(6.99680434565722,1.57770429739005,-6.49711756487874));
#7445=CARTESIAN_POINT('Ctrl Pts',(6.89180640892571,1.79369018679998,-6.59785493265313));
#7446=CARTESIAN_POINT('Ctrl Pts',(6.85458665184946,1.91851469563045,-6.63179335545009));
#7447=CARTESIAN_POINT('Ctrl Pts',(6.85462406722769,2.05148253139073,-6.63071475097432));
#7448=CARTESIAN_POINT('Ctrl Pts',(6.96636543247491,2.05148253139073,-6.56937952699083));
#7449=CARTESIAN_POINT('Ctrl Pts',(6.96621439285166,2.09223646173396,-6.5686594077255));
#7450=CARTESIAN_POINT('Ctrl Pts',(6.97523765401575,2.17327594617325,-6.5591943541716));
#7451=CARTESIAN_POINT('Ctrl Pts',(7.03007272644026,2.32624408024729,-6.50831745324944));
#7452=CARTESIAN_POINT('Ctrl Pts',(7.10622977702281,2.42343454693348,-6.43750316763769));
#7453=CARTESIAN_POINT('Ctrl Pts',(7.24186282313631,2.55522960450287,-6.30535234558687));
#7454=CARTESIAN_POINT('Ctrl Pts',(7.3420601504882,2.61751810631829,-6.20241289854274));
#7455=CARTESIAN_POINT('Ctrl Pts',(7.54532255123352,2.69932890099529,-5.97483154382115));
#7456=CARTESIAN_POINT('Ctrl Pts',(7.64851099526779,2.71823627186299,-5.85006152328199));
#7457=CARTESIAN_POINT('Ctrl Pts',(7.82628500631551,2.7160569390166,-5.61839385073538));
#7458=CARTESIAN_POINT('Ctrl Pts',(7.91642919582654,2.69726725491128,-5.49251290018061));
#7459=CARTESIAN_POINT('Ctrl Pts',(8.08099838811679,2.60937736695515,-5.24261270291748));
#7460=CARTESIAN_POINT('Ctrl Pts',(8.15555529963454,2.53968116991147,-5.11844353201723));
#7461=CARTESIAN_POINT('Ctrl Pts',(8.25516107349491,2.37796999519616,-4.9392095229987));
#7462=CARTESIAN_POINT('Ctrl Pts',(8.33101316822128,2.19949127472343,-4.79244592671983));
#7463=CARTESIAN_POINT('Ctrl Pts',(8.37216842080077,1.83702727405239,-4.69368307766424));
#7464=CARTESIAN_POINT('Ctrl Pts',(8.31801661351846,1.46385446292065,-4.79350221255807));
#7465=CARTESIAN_POINT('Ctrl Pts',(8.22739371691273,1.29598498253731,-4.96417217636007));
#7466=CARTESIAN_POINT('Ctrl Pts',(8.11917102305126,1.16766786792092,-5.15705973724967));
#7467=CARTESIAN_POINT('Ctrl Pts',(8.04632583226065,1.12625611389409,-5.28023268262407));
#7468=CARTESIAN_POINT('Ctrl Pts',(7.90695319990223,1.09790586804188,-5.49805156529735));
#7469=CARTESIAN_POINT('Ctrl Pts',(7.80846468984129,1.1042569675592,-5.64267432396352));
#7470=CARTESIAN_POINT('Ctrl Pts',(7.68655419552547,1.14200826735554,-5.80772277475292));
#7471=CARTESIAN_POINT('Ctrl Pts',(7.58902345335645,1.18638577036884,-5.93273757882934));
#7472=CARTESIAN_POINT('Ctrl Pts',(7.42425987634038,1.28538287130001,-6.13186325735462));
#7473=CARTESIAN_POINT('Ctrl Pts',(7.29487807075437,1.40048599317614,-6.26972842026647));
#7474=CARTESIAN_POINT('Ctrl Pts',(7.1510628794821,1.56781783923867,-6.41183585637243));
#7475=CARTESIAN_POINT('Ctrl Pts',(7.08819350345146,1.65650372990484,-6.46936961134329));
#7476=CARTESIAN_POINT('Ctrl Pts',(6.99591411503549,1.84797267041364,-6.54866692310202));
#7477=CARTESIAN_POINT('Ctrl Pts',(6.96696044023631,1.94865718118751,-6.57099221284613));
#7478=CARTESIAN_POINT('Ctrl Pts',(6.96636543247491,2.05148253139073,-6.56937952699083));
#7479=CARTESIAN_POINT('Ctrl Pts',(7.07810679772213,2.05148253139073,-6.50804430300735));
#7480=CARTESIAN_POINT('Ctrl Pts',(7.07788374836081,2.07963125404981,-6.50696772698588));
#7481=CARTESIAN_POINT('Ctrl Pts',(7.08383091259133,2.13373789083382,-6.50038979809879));
#7482=CARTESIAN_POINT('Ctrl Pts',(7.12286570233845,2.24498168857755,-6.46805087170615));
#7483=CARTESIAN_POINT('Ctrl Pts',(7.18697786596647,2.33042062626189,-6.41469669851785));
#7484=CARTESIAN_POINT('Ctrl Pts',(7.30854049621962,2.45241478228129,-6.30602497185445));
#7485=CARTESIAN_POINT('Ctrl Pts',(7.4029893602472,2.51642336222973,-6.21536039209486));
#7486=CARTESIAN_POINT('Ctrl Pts',(7.59814953950806,2.60601430144653,-6.00710852754871));
#7487=CARTESIAN_POINT('Ctrl Pts',(7.69863681188848,2.6315990669885,-5.88974195275907));
#7488=CARTESIAN_POINT('Ctrl Pts',(7.87231459355256,2.6429879627082,-5.6682712437828));
#7489=CARTESIAN_POINT('Ctrl Pts',(7.96069027341022,2.63244444978316,-5.54621065145632));
#7490=CARTESIAN_POINT('Ctrl Pts',(8.12192521289492,2.56195735900971,-5.30031357098711));
#7491=CARTESIAN_POINT('Ctrl Pts',(8.19486317511141,2.50154036270886,-5.17621484915649));
#7492=CARTESIAN_POINT('Ctrl Pts',(8.2918102182341,2.35384299208257,-4.99461565798613));
#7493=CARTESIAN_POINT('Ctrl Pts',(8.36525821685182,2.18763115439244,-4.84394114464189));
#7494=CARTESIAN_POINT('Ctrl Pts',(8.40385164027515,1.83797384531599,-4.73797912509216));
#7495=CARTESIAN_POINT('Ctrl Pts',(8.35093479523772,1.47535326528262,-4.83630851733787));
#7496=CARTESIAN_POINT('Ctrl Pts',(8.26408758212411,1.31689841193667,-5.00846127510555));
#7497=CARTESIAN_POINT('Ctrl Pts',(8.16038782979098,1.19931166358434,-5.20183263370131));
#7498=CARTESIAN_POINT('Ctrl Pts',(8.09062913214386,1.16471047474642,-5.32476707047879));
#7499=CARTESIAN_POINT('Ctrl Pts',(7.95693353789164,1.14852318213585,-5.53984344198482));
#7500=CARTESIAN_POINT('Ctrl Pts',(7.86239137411653,1.16292726576604,-5.68142385997324));
#7501=CARTESIAN_POINT('Ctrl Pts',(7.7453125553821,1.20951298288505,-5.84068078286943));
#7502=CARTESIAN_POINT('Ctrl Pts',(7.65173527273197,1.26020883565216,-5.9599766020182));
#7503=CARTESIAN_POINT('Ctrl Pts',(7.49383883007694,1.36821321270509,-6.14742917729921));
#7504=CARTESIAN_POINT('Ctrl Pts',(7.37090735315059,1.48697974072698,-6.2721117341277));
#7505=CARTESIAN_POINT('Ctrl Pts',(7.23675414339508,1.65114838336807,-6.3948580345086));
#7506=CARTESIAN_POINT('Ctrl Pts',(7.17957430014169,1.73549027233502,-6.44165129790888));
#7507=CARTESIAN_POINT('Ctrl Pts',(7.0998961678061,1.90277534833579,-6.49950590172687));
#7508=CARTESIAN_POINT('Ctrl Pts',(7.07866439010531,1.98111463946903,-6.51073559333842));
#7509=CARTESIAN_POINT('Ctrl Pts',(7.07810679772213,2.05148253139073,-6.50804430300735));
#7510=CARTESIAN_POINT('',(7.07810679772213,2.05148253139073,-6.50804430300735));
#7511=CARTESIAN_POINT('',(6.74288270198046,2.05148253139073,-6.6920499749578));
#7512=CARTESIAN_POINT('',(8.24149447779628,2.42995403744002,-5.0887302098619));
#7513=CARTESIAN_POINT('Ctrl Pts',(7.07810679772213,2.05148253139073,-6.50804430300735));
#7514=CARTESIAN_POINT('Ctrl Pts',(7.07788374836081,2.07963125404981,-6.50696772698588));
#7515=CARTESIAN_POINT('Ctrl Pts',(7.08383091259133,2.13373789083382,-6.50038979809879));
#7516=CARTESIAN_POINT('Ctrl Pts',(7.12286570233845,2.24498168857755,-6.46805087170615));
#7517=CARTESIAN_POINT('Ctrl Pts',(7.18697786596647,2.33042062626189,-6.41469669851785));
#7518=CARTESIAN_POINT('Ctrl Pts',(7.30854049621962,2.45241478228129,-6.30602497185445));
#7519=CARTESIAN_POINT('Ctrl Pts',(7.4029893602472,2.51642336222973,-6.21536039209486));
#7520=CARTESIAN_POINT('Ctrl Pts',(7.59814953950806,2.60601430144653,-6.00710852754871));
#7521=CARTESIAN_POINT('Ctrl Pts',(7.69863681188848,2.6315990669885,-5.88974195275907));
#7522=CARTESIAN_POINT('Ctrl Pts',(7.87231459355256,2.6429879627082,-5.6682712437828));
#7523=CARTESIAN_POINT('Ctrl Pts',(7.96069027341022,2.63244444978316,-5.54621065145632));
#7524=CARTESIAN_POINT('Ctrl Pts',(8.11708981794369,2.56407124898878,-5.3076879620789));
#7525=CARTESIAN_POINT('Ctrl Pts',(8.18608598381051,2.50869736182035,-5.19109746813393));
#7526=CARTESIAN_POINT('Ctrl Pts',(8.24149447779628,2.42995403744002,-5.0887302098619));
#7527=CARTESIAN_POINT('Ctrl Pts',(8.24149447779628,2.42995403744002,-5.0887302098619));
#7528=CARTESIAN_POINT('Ctrl Pts',(8.24502990425183,2.42492969528258,-5.08219850529742));
#7529=CARTESIAN_POINT('Ctrl Pts',(8.24851001149688,2.41981020961358,-5.07572470750132));
#7530=CARTESIAN_POINT('Ctrl Pts',(8.2918102182341,2.35384299208257,-4.99461565798613));
#7531=CARTESIAN_POINT('Ctrl Pts',(8.36525821685182,2.18763115439244,-4.84394114464189));
#7532=CARTESIAN_POINT('Ctrl Pts',(8.40385164027515,1.83797384531599,-4.73797912509216));
#7533=CARTESIAN_POINT('Ctrl Pts',(8.35093479523772,1.47535326528262,-4.83630851733787));
#7534=CARTESIAN_POINT('Ctrl Pts',(8.26408758212411,1.31689841193667,-5.00846127510555));
#7535=CARTESIAN_POINT('Ctrl Pts',(8.16038782979098,1.19931166358434,-5.20183263370131));
#7536=CARTESIAN_POINT('Ctrl Pts',(8.09062913214386,1.16471047474642,-5.32476707047879));
#7537=CARTESIAN_POINT('Ctrl Pts',(7.95693353789164,1.14852318213585,-5.53984344198482));
#7538=CARTESIAN_POINT('Ctrl Pts',(7.86239137411653,1.16292726576604,-5.68142385997324));
#7539=CARTESIAN_POINT('Ctrl Pts',(7.7453125553821,1.20951298288505,-5.84068078286943));
#7540=CARTESIAN_POINT('Ctrl Pts',(7.65173527273197,1.26020883565216,-5.9599766020182));
#7541=CARTESIAN_POINT('Ctrl Pts',(7.49383883007694,1.36821321270509,-6.14742917729921));
#7542=CARTESIAN_POINT('Ctrl Pts',(7.37090735315059,1.48697974072698,-6.2721117341277));
#7543=CARTESIAN_POINT('Ctrl Pts',(7.23675414339508,1.65114838336807,-6.3948580345086));
#7544=CARTESIAN_POINT('Ctrl Pts',(7.17957430014169,1.73549027233502,-6.44165129790888));
#7545=CARTESIAN_POINT('Ctrl Pts',(7.0998961678061,1.90277534833579,-6.49950590172687));
#7546=CARTESIAN_POINT('Ctrl Pts',(7.07866439010531,1.98111463946903,-6.51073559333842));
#7547=CARTESIAN_POINT('Ctrl Pts',(7.07810679772213,2.05148253139073,-6.50804430300735));
#7548=CARTESIAN_POINT('Origin',(5.8997376606625,2.19936007955516,-5.99832944352381));
#7549=CARTESIAN_POINT('',(25.3388003816943,-0.242125096079495,-1.77303048306924));
#7550=CARTESIAN_POINT('',(5.8997376606625,2.795220035724,-5.54286027344671));
#7551=CARTESIAN_POINT('',(25.3130448929074,-0.112230341175264,-2.09359498752597));
#7552=CARTESIAN_POINT('Ctrl Pts',(25.3130448929074,-0.112230341175264,-2.09359498752597));
#7553=CARTESIAN_POINT('Ctrl Pts',(25.3068883729448,-0.101494254119601,-2.18754997338684));
#7554=CARTESIAN_POINT('Ctrl Pts',(25.2965385387897,-0.122589032652088,-2.37948027159581));
#7555=CARTESIAN_POINT('Ctrl Pts',(25.2867326084641,-0.328961739581227,-2.71266554864775));
#7556=CARTESIAN_POINT('Ctrl Pts',(25.2964779217521,-0.727694407565542,-2.84026848350743));
#7557=CARTESIAN_POINT('Ctrl Pts',(25.321475835048,-1.08944189768484,-2.69920526141361));
#7558=CARTESIAN_POINT('Ctrl Pts',(25.3516817278003,-1.36085247775598,-2.422970167898));
#7559=CARTESIAN_POINT('Ctrl Pts',(25.378850502239,-1.40893395637468,-2.01035094681881));
#7560=CARTESIAN_POINT('Ctrl Pts',(25.3883479360497,-1.19927269527456,-1.68119163472683));
#7561=CARTESIAN_POINT('Ctrl Pts',(25.3862093377771,-0.95069448821719,-1.52995913171485));
#7562=CARTESIAN_POINT('Ctrl Pts',(25.3747806800063,-0.660007548335429,-1.50504949965645));
#7563=CARTESIAN_POINT('Ctrl Pts',(25.3574603021659,-0.40983205296924,-1.60031863888493));
#7564=CARTESIAN_POINT('Ctrl Pts',(25.3444381734093,-0.286178759438944,-1.71569531490958));
#7565=CARTESIAN_POINT('Ctrl Pts',(25.3388003816943,-0.242125096079495,-1.77303048306924));
#7566=CARTESIAN_POINT('Ctrl Pts',(25.3388003816943,-0.242125096079495,-1.77303048306924));
#7567=CARTESIAN_POINT('Ctrl Pts',(25.3370703775678,-0.228606856447425,-1.79062426491216));
#7568=CARTESIAN_POINT('Ctrl Pts',(25.3279761282798,-0.162245113811777,-1.88677199994339));
#7569=CARTESIAN_POINT('Ctrl Pts',(25.3192014128699,-0.122966428230927,-1.9996400016651));
#7570=CARTESIAN_POINT('Ctrl Pts',(25.3130448929074,-0.112230341175264,-2.09359498752597));
#7571=CARTESIAN_POINT('Ctrl Pts',(25.3130448929074,-0.112230341175264,-2.09359498752597));
#7572=CARTESIAN_POINT('Ctrl Pts',(25.3068883729448,-0.101494254119601,-2.18754997338684));
#7573=CARTESIAN_POINT('Ctrl Pts',(25.2965385387897,-0.122589032652088,-2.37948027159581));
#7574=CARTESIAN_POINT('Ctrl Pts',(25.2867326084641,-0.328961739581227,-2.71266554864775));
#7575=CARTESIAN_POINT('Ctrl Pts',(25.2964779217521,-0.727694407565542,-2.84026848350743));
#7576=CARTESIAN_POINT('Ctrl Pts',(25.321475835048,-1.08944189768484,-2.69920526141361));
#7577=CARTESIAN_POINT('Ctrl Pts',(25.3516817278003,-1.36085247775598,-2.422970167898));
#7578=CARTESIAN_POINT('Ctrl Pts',(25.378850502239,-1.40893395637468,-2.01035094681881));
#7579=CARTESIAN_POINT('Ctrl Pts',(25.3883479360497,-1.19927269527456,-1.68119163472683));
#7580=CARTESIAN_POINT('Ctrl Pts',(25.3862093377771,-0.95069448821719,-1.52995913171485));
#7581=CARTESIAN_POINT('Ctrl Pts',(25.3747806800063,-0.660007548335429,-1.50504949965645));
#7582=CARTESIAN_POINT('Ctrl Pts',(25.3559895437479,-0.388588421959274,-1.60840840977733));
#7583=CARTESIAN_POINT('Ctrl Pts',(25.3334137085753,-0.186585619090299,-1.81682912504681));
#7584=CARTESIAN_POINT('Ctrl Pts',(25.3192014128699,-0.122966428230927,-1.9996400016651));
#7585=CARTESIAN_POINT('Ctrl Pts',(25.3130448929074,-0.112230341175264,-2.09359498752597));
#7586=CARTESIAN_POINT('Ctrl Pts',(25.3693921638419,-0.119852355926675,-2.09439763502536));
#7587=CARTESIAN_POINT('Ctrl Pts',(25.3640135668266,-0.111171734393764,-2.18733160600864));
#7588=CARTESIAN_POINT('Ctrl Pts',(25.3548235192784,-0.135538350419462,-2.3757784349052));
#7589=CARTESIAN_POINT('Ctrl Pts',(25.3458117905981,-0.3397575066355,-2.69805923140006));
#7590=CARTESIAN_POINT('Ctrl Pts',(25.3548675588778,-0.725944599882056,-2.82641175044232));
#7591=CARTESIAN_POINT('Ctrl Pts',(25.3768173465407,-1.08567001956256,-2.69546001609694));
#7592=CARTESIAN_POINT('Ctrl Pts',(25.4022783621485,-1.36307397689954,-2.4263495662961));
#7593=CARTESIAN_POINT('Ctrl Pts',(25.4238739489757,-1.41888240470765,-2.00920863426056));
#7594=CARTESIAN_POINT('Ctrl Pts',(25.431249469303,-1.20702250427533,-1.67326828538406));
#7595=CARTESIAN_POINT('Ctrl Pts',(25.4295978067715,-0.953899915947079,-1.5197945680484));
#7596=CARTESIAN_POINT('Ctrl Pts',(25.4206444295221,-0.658383575956797,-1.49670780743596));
#7597=CARTESIAN_POINT('Ctrl Pts',(25.4056194916301,-0.385613900470877,-1.60530924473871));
#7598=CARTESIAN_POINT('Ctrl Pts',(25.3869648577276,-0.187509910382763,-1.81854197712038));
#7599=CARTESIAN_POINT('Ctrl Pts',(25.3747707608571,-0.128532977459584,-2.00146366404209));
#7600=CARTESIAN_POINT('Ctrl Pts',(25.3693921638419,-0.119852355926673,-2.09439763502536));
#7601=CARTESIAN_POINT('Ctrl Pts',(25.4883924769631,-0.0841530449955441,
-2.09063826646162));
#7602=CARTESIAN_POINT('Ctrl Pts',(25.4863829901044,-0.076805429316157,-2.18922175447349));
#7603=CARTESIAN_POINT('Ctrl Pts',(25.4828814248091,-0.106432980144471,-2.38708045793827));
#7604=CARTESIAN_POINT('Ctrl Pts',(25.4792881528133,-0.323196199902336,-2.72094846074111));
#7605=CARTESIAN_POINT('Ctrl Pts',(25.4829443395035,-0.723519732469272,-2.85951065302913));
#7606=CARTESIAN_POINT('Ctrl Pts',(25.4911873960785,-1.10676388812057,-2.72962443783012));
#7607=CARTESIAN_POINT('Ctrl Pts',(25.5002075599324,-1.40832587031348,-2.44783042113472));
#7608=CARTESIAN_POINT('Ctrl Pts',(25.5072225326539,-1.47235998605342,-1.99878269493532));
#7609=CARTESIAN_POINT('Ctrl Pts',(25.5095521875688,-1.24376712186433,-1.6355742395599));
#7610=CARTESIAN_POINT('Ctrl Pts',(25.5090367324695,-0.970444393302161,-1.46996236828649));
#7611=CARTESIAN_POINT('Ctrl Pts',(25.5061850287531,-0.651437833820205,-1.44585740747743));
#7612=CARTESIAN_POINT('Ctrl Pts',(25.5012420525616,-0.358698234558591,-1.56494367068808));
#7613=CARTESIAN_POINT('Ctrl Pts',(25.4948211228161,-0.149987075808065,-1.79653444497667));
#7614=CARTESIAN_POINT('Ctrl Pts',(25.4904019638219,-0.0915006606749288,
-1.99205477844976));
#7615=CARTESIAN_POINT('Ctrl Pts',(25.4883924769631,-0.0841530449955417,
-2.09063826646162));
#7616=CARTESIAN_POINT('Ctrl Pts',(25.54,0.0283017178904345,-2.07879605188072));
#7617=CARTESIAN_POINT('Ctrl Pts',(25.540043446935,0.0393612769213007,-2.19384645972771));
#7618=CARTESIAN_POINT('Ctrl Pts',(25.5400142546804,0.00914133355129252,
-2.42741203944572));
#7619=CARTESIAN_POINT('Ctrl Pts',(25.5400539257893,-0.244829996938713,-2.8274302136638));
#7620=CARTESIAN_POINT('Ctrl Pts',(25.5400479746454,-0.724460395557332,-2.98742745888573));
#7621=CARTESIAN_POINT('Ctrl Pts',(25.539985929221,-1.1698183167463,-2.824487181531));
#7622=CARTESIAN_POINT('Ctrl Pts',(25.5399601197768,-1.50914923208064,-2.48894601823191));
#7623=CARTESIAN_POINT('Ctrl Pts',(25.5400037407267,-1.56871719288392,-1.97738496350988));
#7624=CARTESIAN_POINT('Ctrl Pts',(25.5399822447329,-1.3075030885278,-1.57034682121536));
#7625=CARTESIAN_POINT('Ctrl Pts',(25.5399823535707,-0.999815804863737,-1.38263805117894));
#7626=CARTESIAN_POINT('Ctrl Pts',(25.5399801103637,-0.639684955273605,-1.35059595904462));
#7627=CARTESIAN_POINT('Ctrl Pts',(25.5399918635894,-0.303730841339132,-1.47857119695652));
#7628=CARTESIAN_POINT('Ctrl Pts',(25.5400010402021,-0.0568051599681861,
-1.73809050661987));
#7629=CARTESIAN_POINT('Ctrl Pts',(25.539956553065,0.0172421588595693,-1.96374564403373));
#7630=CARTESIAN_POINT('Ctrl Pts',(25.54,0.0283017178904353,-2.07879605188072));
#7631=CARTESIAN_POINT('Ctrl Pts',(25.54,0.084855117772832,-2.07284061273791));
#7632=CARTESIAN_POINT('Ctrl Pts',(25.54,0.0978479701763531,-2.19622193860978));
#7633=CARTESIAN_POINT('Ctrl Pts',(25.54,0.0673950984425184,-2.44769243392168));
#7634=CARTESIAN_POINT('Ctrl Pts',(25.54,-0.20528470146629,-2.88122334527911));
#7635=CARTESIAN_POINT('Ctrl Pts',(25.54,-0.724950917785916,-3.05190175927039));
#7636=CARTESIAN_POINT('Ctrl Pts',(25.54,-1.20156739573375,-2.87214188956405));
#7637=CARTESIAN_POINT('Ctrl Pts',(25.54,-1.55975394927385,-2.50949211018414));
#7638=CARTESIAN_POINT('Ctrl Pts',(25.54,-1.61701186547334,-1.96667150432571));
#7639=CARTESIAN_POINT('Ctrl Pts',(25.54,-1.33942822810379,-1.53765779596863));
#7640=CARTESIAN_POINT('Ctrl Pts',(25.54,-1.01454174530595,-1.33888816087584));
#7641=CARTESIAN_POINT('Ctrl Pts',(25.54,-0.633817267283933,-1.30285177937691));
#7642=CARTESIAN_POINT('Ctrl Pts',(25.54,-0.276175081997399,-1.43521800692992));
#7643=CARTESIAN_POINT('Ctrl Pts',(25.54,-0.0100163612032082,-1.70871291088349));
#7644=CARTESIAN_POINT('Ctrl Pts',(25.54,0.071862265369311,-1.94945928686604));
#7645=CARTESIAN_POINT('Ctrl Pts',(25.54,0.0848551177728318,-2.07284061273791));
#7646=CARTESIAN_POINT('',(25.54,0.0848551177728318,-2.07284061273791));
#7647=CARTESIAN_POINT('Ctrl Pts',(25.54,-0.601788505994651,-2.97274252723723));
#7648=CARTESIAN_POINT('Ctrl Pts',(25.54,-0.436011444713941,-2.94507887464765));
#7649=CARTESIAN_POINT('Ctrl Pts',(25.54,-0.161317049043748,-2.81131961045399));
#7650=CARTESIAN_POINT('Ctrl Pts',(25.54,0.0673950984425184,-2.44769243392168));
#7651=CARTESIAN_POINT('Ctrl Pts',(25.54,0.0978479701763531,-2.19622193860978));
#7652=CARTESIAN_POINT('Ctrl Pts',(25.54,0.084855117772832,-2.07284061273791));
#7653=CARTESIAN_POINT('Origin',(25.34,0.0848551177728321,-2.07284061273791));
#7654=CARTESIAN_POINT('',(25.54,-0.196063643609735,-1.53103623415559));
#7655=CARTESIAN_POINT('Ctrl Pts',(25.54,0.0848551177728318,-2.07284061273791));
#7656=CARTESIAN_POINT('Ctrl Pts',(25.54,0.071862265369311,-1.94945928686604));
#7657=CARTESIAN_POINT('Ctrl Pts',(25.54,0.00315363483975552,-1.74743643314775));
#7658=CARTESIAN_POINT('Ctrl Pts',(25.54,-0.132846462274622,-1.58654905980902));
#7659=CARTESIAN_POINT('Ctrl Pts',(25.54,-0.196106787959943,-1.53102701119617));
#7660=CARTESIAN_POINT('',(25.54,-0.826238724869585,-1.32796864676566));
#7661=CARTESIAN_POINT('Ctrl Pts',(25.54,-0.196106787959968,-1.53102701119617));
#7662=CARTESIAN_POINT('Ctrl Pts',(25.5399999469986,-0.19723115075147,-1.53066607318209));
#7663=CARTESIAN_POINT('Ctrl Pts',(25.5399981505543,-0.198355500759936,-1.53030509966484));
#7664=CARTESIAN_POINT('Ctrl Pts',(25.5399946622132,-0.199479809904962,-1.52994410150975));
#7665=CARTESIAN_POINT('Ctrl Pts',(25.5399425715692,-0.216268875594228,-1.52455339401058));
#7666=CARTESIAN_POINT('Ctrl Pts',(25.539511347247,-0.233197863175108,-1.51917810328222));
#7667=CARTESIAN_POINT('Ctrl Pts',(25.5388404145461,-0.250279164108268,-1.51374759179978));
#7668=CARTESIAN_POINT('Ctrl Pts',(25.5381759559653,-0.267195640169167,-1.5083694816751));
#7669=CARTESIAN_POINT('Ctrl Pts',(25.5372772381642,-0.284261654497229,-1.50293670564764));
#7670=CARTESIAN_POINT('Ctrl Pts',(25.5362834033802,-0.301534069191318,-1.49740491121481));
#7671=CARTESIAN_POINT('Ctrl Pts',(25.5360455779523,-0.305667371306872,-1.49608114855412));
#7672=CARTESIAN_POINT('Ctrl Pts',(25.5358022906747,-0.309812688756781,-1.49475184379398));
#7673=CARTESIAN_POINT('Ctrl Pts',(25.5355553997121,-0.313971164155178,-1.49341664171891));
#7674=CARTESIAN_POINT('Ctrl Pts',(25.5345012638622,-0.33172636245658,-1.48771580779687));
#7675=CARTESIAN_POINT('Ctrl Pts',(25.5333828009487,-0.349718561877416,-1.48190492955113));
#7676=CARTESIAN_POINT('Ctrl Pts',(25.5323354539304,-0.368050211729472,-1.4759619805576));
#7677=CARTESIAN_POINT('Ctrl Pts',(25.5313044214239,-0.38609630969375,-1.47011160480857));
#7678=CARTESIAN_POINT('Ctrl Pts',(25.5303429956426,-0.404471829879834,-1.4641332294305));
#7679=CARTESIAN_POINT('Ctrl Pts',(25.5295575155121,-0.423305859776703,-1.45803753499737));
#7680=CARTESIAN_POINT('Ctrl Pts',(25.5292676560908,-0.43025603049973,-1.45578808985909));
#7681=CARTESIAN_POINT('Ctrl Pts',(25.5290014785679,-0.437268916898338,-1.45352298274959));
#7682=CARTESIAN_POINT('Ctrl Pts',(25.528763242448,-0.444351938997555,-1.4512438653399));
#7683=CARTESIAN_POINT('Ctrl Pts',(25.528274696202,-0.458876956693817,-1.44657012293958));
#7684=CARTESIAN_POINT('Ctrl Pts',(25.5279312725283,-0.473261704884288,-1.44193629683372));
#7685=CARTESIAN_POINT('Ctrl Pts',(25.5277509102993,-0.487782912873856,-1.43725298076705));
#7686=CARTESIAN_POINT('Ctrl Pts',(25.5276633424969,-0.494833115565115,-1.43497918043577));
#7687=CARTESIAN_POINT('Ctrl Pts',(25.5276148364414,-0.50186784633423,-1.43270909538288));
#7688=CARTESIAN_POINT('Ctrl Pts',(25.5276060202525,-0.508917747259822,-1.4304329758087));
#7689=CARTESIAN_POINT('Ctrl Pts',(25.5275991355061,-0.514423162359871,-1.42865550642219));
#7690=CARTESIAN_POINT('Ctrl Pts',(25.5276164770536,-0.519921048537316,-1.42687977598196));
#7691=CARTESIAN_POINT('Ctrl Pts',(25.5276579162159,-0.525425985854505,-1.42510118660401));
#7692=CARTESIAN_POINT('Ctrl Pts',(25.5277037618414,-0.53151629465017,-1.42313346964227));
#7693=CARTESIAN_POINT('Ctrl Pts',(25.5277789583975,-0.537596216145107,-1.42116839718198));
#7694=CARTESIAN_POINT('Ctrl Pts',(25.5278828004351,-0.543685657977,-1.41919973994295));
#7695=CARTESIAN_POINT('Ctrl Pts',(25.5280532100909,-0.553678717724355,-1.41596908104929));
#7696=CARTESIAN_POINT('Ctrl Pts',(25.5282995180188,-0.563625716900036,-1.41275193139371));
#7697=CARTESIAN_POINT('Ctrl Pts',(25.5286155606609,-0.573617081069253,-1.40952027041619));
#7698=CARTESIAN_POINT('Ctrl Pts',(25.5290230481796,-0.586499381274803,-1.40535354941895));
#7699=CARTESIAN_POINT('Ctrl Pts',(25.5295363400093,-0.599210389109402,-1.40124800449062));
#7700=CARTESIAN_POINT('Ctrl Pts',(25.5301380559188,-0.611987541715738,-1.39711602460745));
#7701=CARTESIAN_POINT('Ctrl Pts',(25.5304723407367,-0.619085921640209,-1.39482049257815));
#7702=CARTESIAN_POINT('Ctrl Pts',(25.5308336914481,-0.626205064075247,-1.39251758825207));
#7703=CARTESIAN_POINT('Ctrl Pts',(25.5312172408636,-0.633388355943565,-1.39019846146247));
#7704=CARTESIAN_POINT('Ctrl Pts',(25.5314233393649,-0.637248264547481,-1.38895228942702));
#7705=CARTESIAN_POINT('Ctrl Pts',(25.5316341360823,-0.641092671730546,-1.38771207531646));
#7706=CARTESIAN_POINT('Ctrl Pts',(25.5318485397638,-0.64492270049009,-1.38647728514918));
#7707=CARTESIAN_POINT('Ctrl Pts',(25.5328930711215,-0.66358182571249,-1.38046163727783));
#7708=CARTESIAN_POINT('Ctrl Pts',(25.5340244265069,-0.681900323099158,-1.37457072191645));
#7709=CARTESIAN_POINT('Ctrl Pts',(25.5351061859076,-0.69999383835895,-1.36874647214834));
#7710=CARTESIAN_POINT('Ctrl Pts',(25.5358000515948,-0.711599440668125,-1.36501066262833));
#7711=CARTESIAN_POINT('Ctrl Pts',(25.536473155346,-0.723112347053358,-1.36130328399608));
#7712=CARTESIAN_POINT('Ctrl Pts',(25.5370871672836,-0.734560831507939,-1.35761981927973));
#7713=CARTESIAN_POINT('Ctrl Pts',(25.5379984315908,-0.751551698648634,-1.35215313415987));
#7714=CARTESIAN_POINT('Ctrl Pts',(25.5388004296938,-0.768720688651541,-1.3466200683378));
#7715=CARTESIAN_POINT('Ctrl Pts',(25.5393311902137,-0.785905367189099,-1.34108460835147));
#7716=CARTESIAN_POINT('Ctrl Pts',(25.539717110543,-0.798400487964682,-1.33705972997354));
#7717=CARTESIAN_POINT('Ctrl Pts',(25.5399594173417,-0.810903081729945,-1.33303306636479));
#7718=CARTESIAN_POINT('Ctrl Pts',(25.5399953598161,-0.823335655667113,-1.32902051804344));
#7719=CARTESIAN_POINT('Ctrl Pts',(25.5399982697313,-0.824342201173355,-1.328695660737));
#7720=CARTESIAN_POINT('Ctrl Pts',(25.5399998285436,-0.825348755487913,-1.32837077549367));
#7721=CARTESIAN_POINT('Ctrl Pts',(25.54,-0.82635529728932,-1.32804586877402));
#7722=CARTESIAN_POINT('Ctrl Pts',(25.54,-0.826355297289058,-1.32804586877425));
#7723=CARTESIAN_POINT('Ctrl Pts',(25.54,-0.887191205020371,-1.33405244952203));
#7724=CARTESIAN_POINT('Ctrl Pts',(25.54,-1.06952426607704,-1.37252715839901));
#7725=CARTESIAN_POINT('Ctrl Pts',(25.54,-1.33942822810379,-1.53765779596863));
#7726=CARTESIAN_POINT('Ctrl Pts',(25.54,-1.61701186547334,-1.96667150432571));
#7727=CARTESIAN_POINT('Ctrl Pts',(25.54,-1.56873172095975,-2.42438039482197));
#7728=CARTESIAN_POINT('Ctrl Pts',(25.54,-1.39357361870743,-2.66184994576993));
#7729=CARTESIAN_POINT('Ctrl Pts',(25.54,-1.36309943648214,-2.69666780052421));
#7730=CARTESIAN_POINT('Origin',(25.54,2.31649428820564,-0.843134968754527));
#7731=CARTESIAN_POINT('',(25.54,-0.340268586505286,0.115119653514664));
#7732=CARTESIAN_POINT('Ctrl Pts',(25.54,-0.340829595073028,0.115794171296856));
#7733=CARTESIAN_POINT('Ctrl Pts',(25.54,-0.386179324045717,0.112687251180331));
#7734=CARTESIAN_POINT('Ctrl Pts',(25.54,-0.675973351202522,0.0683910695246615));
#7735=CARTESIAN_POINT('Ctrl Pts',(25.54,-1.13688180117136,-0.312411566572587));
#7736=CARTESIAN_POINT('Ctrl Pts',(25.54,-1.12776459192637,-0.976350717216973));
#7737=CARTESIAN_POINT('Ctrl Pts',(25.54,-0.905469585006684,-1.25772234319185));
#7738=CARTESIAN_POINT('Ctrl Pts',(25.54,-0.826242536745278,-1.32717724369437));
#7739=CARTESIAN_POINT('',(25.54,0.229478501366634,1.53512208787704));
#7740=CARTESIAN_POINT('Ctrl Pts',(25.54,0.229220367251724,1.53500033773883));
#7741=CARTESIAN_POINT('Ctrl Pts',(25.54,0.17360264741618,1.53499651073853));
#7742=CARTESIAN_POINT('Ctrl Pts',(25.54,-0.128948715498146,1.5045881156815));
#7743=CARTESIAN_POINT('Ctrl Pts',(25.54,-0.612750740589573,1.1337706660426));
#7744=CARTESIAN_POINT('Ctrl Pts',(25.54,-0.621766604467366,0.473618962926697));
#7745=CARTESIAN_POINT('Ctrl Pts',(25.54,-0.413213384232637,0.186280693294635));
#7746=CARTESIAN_POINT('Ctrl Pts',(25.54,-0.339802430156667,0.115563187152224));
#7747=CARTESIAN_POINT('Ctrl Pts',(25.54,0.618541116663165,2.96776326252921));
#7748=CARTESIAN_POINT('Ctrl Pts',(25.54,0.406033920997833,2.92258178701635));
#7749=CARTESIAN_POINT('Ctrl Pts',(25.54,-0.0103476095802347,2.64214548512505));
#7750=CARTESIAN_POINT('Ctrl Pts',(25.54,-0.103962442413091,1.97266386975874));
#7751=CARTESIAN_POINT('Ctrl Pts',(25.54,0.121917001845123,1.63324929923539));
#7752=CARTESIAN_POINT('Ctrl Pts',(25.54,0.230086917636899,1.53556469704657));
#7753=CARTESIAN_POINT('',(25.54,-2.21579325806708,0.806482791224146));
#7754=CARTESIAN_POINT('Ctrl Pts',(25.3600059814698,0.350365615418498,-0.698459846335316));
#7755=CARTESIAN_POINT('Ctrl Pts',(25.3589174866309,0.353233921772692,-0.886167597154751));
#7756=CARTESIAN_POINT('Ctrl Pts',(25.3506989494786,0.178286362127906,-1.26211527524721));
#7757=CARTESIAN_POINT('Ctrl Pts',(25.3291746685123,-0.425838109280487,-1.41001843969465));
#7758=CARTESIAN_POINT('Ctrl Pts',(25.3150134799637,-0.922272581324403,-1.03194101799071));
#7759=CARTESIAN_POINT('Ctrl Pts',(25.3186207894081,-0.930206601994292,-0.407680710264706));
#7760=CARTESIAN_POINT('Ctrl Pts',(25.3373653145669,-0.448902168777555,-0.0122293134669135));
#7761=CARTESIAN_POINT('Ctrl Pts',(25.3572420817805,0.160777002452012,-0.140848148993777));
#7762=CARTESIAN_POINT('Ctrl Pts',(25.3610944763087,0.347497309064305,-0.510752095515881));
#7763=CARTESIAN_POINT('Ctrl Pts',(25.3600059814698,0.350365615418498,-0.698459846335316));
#7764=CARTESIAN_POINT('Ctrl Pts',(25.4087800800485,0.355268460750553,-0.698382068765556));
#7765=CARTESIAN_POINT('Ctrl Pts',(25.407899801015,0.357904876577429,-0.887470293257702));
#7766=CARTESIAN_POINT('Ctrl Pts',(25.4012835157149,0.179016960876755,-1.26581632848531));
#7767=CARTESIAN_POINT('Ctrl Pts',(25.3833610796782,-0.427165286441987,-1.40632290668021));
#7768=CARTESIAN_POINT('Ctrl Pts',(25.3710891992059,-0.914865768264181,-1.02742483914408));
#7769=CARTESIAN_POINT('Ctrl Pts',(25.3742607893906,-0.924351329282473,-0.411933716581249));
#7770=CARTESIAN_POINT('Ctrl Pts',(25.3902791291825,-0.450868093885565,-0.0134492256915537));
#7771=CARTESIAN_POINT('Ctrl Pts',(25.4065753745975,0.162959283022905,-0.135992209462769));
#7772=CARTESIAN_POINT('Ctrl Pts',(25.409660359082,0.352632044923677,-0.509293844273409));
#7773=CARTESIAN_POINT('Ctrl Pts',(25.4087800800485,0.355268460750553,-0.698382068765556));
#7774=CARTESIAN_POINT('Ctrl Pts',(25.5022076712155,0.402637997796636,-0.697630609720332));
#7775=CARTESIAN_POINT('Ctrl Pts',(25.5019119812147,0.405326310451988,-0.901046489732946));
#7776=CARTESIAN_POINT('Ctrl Pts',(25.4997193842321,0.21154565326708,-1.3073557002183));
#7777=CARTESIAN_POINT('Ctrl Pts',(25.4934634741358,-0.438626295563932,-1.45176791661355));
#7778=CARTESIAN_POINT('Ctrl Pts',(25.488934062385,-0.952566609036807,-1.04555738243318));
#7779=CARTESIAN_POINT('Ctrl Pts',(25.4901300967751,-0.963973119779698,-0.39509181754088));
#7780=CARTESIAN_POINT('Ctrl Pts',(25.4959245051617,-0.464520319965986,0.034237669421053));
#7781=CARTESIAN_POINT('Ctrl Pts',(25.5014880886006,0.195287604539966,-0.092798954046853));
#7782=CARTESIAN_POINT('Ctrl Pts',(25.5025033612163,0.399949685141283,-0.494214729707716));
#7783=CARTESIAN_POINT('Ctrl Pts',(25.5022076712155,0.402637997796636,-0.697630609720332));
#7784=CARTESIAN_POINT('Ctrl Pts',(25.54,0.500323672047654,-0.696080947467283));
#7785=CARTESIAN_POINT('Ctrl Pts',(25.5400048514117,0.50383076135953,-0.928727252261046));
#7786=CARTESIAN_POINT('Ctrl Pts',(25.5399729592161,0.286361473706638,-1.39495262444042));
#7787=CARTESIAN_POINT('Ctrl Pts',(25.5400026785339,-0.461663234791885,-1.57289388968636));
#7788=CARTESIAN_POINT('Ctrl Pts',(25.5400336357259,-1.06762718130662,-1.1042438796015));
#7789=CARTESIAN_POINT('Ctrl Pts',(25.5400031459292,-1.07900645185299,-0.340107133566802));
#7790=CARTESIAN_POINT('Ctrl Pts',(25.5400005853268,-0.49064915911301,0.151640574896299));
#7791=CARTESIAN_POINT('Ctrl Pts',(25.5399862573637,0.265225782422573,-0.00452569266728151));
#7792=CARTESIAN_POINT('Ctrl Pts',(25.5399951485883,0.496816582735779,-0.463434642673518));
#7793=CARTESIAN_POINT('Ctrl Pts',(25.54,0.500323672047654,-0.696080947467283));
#7794=CARTESIAN_POINT('Ctrl Pts',(25.54,0.549337466641697,-0.695303404312225));
#7795=CARTESIAN_POINT('Ctrl Pts',(25.54,0.553261446705154,-0.942658360201627));
#7796=CARTESIAN_POINT('Ctrl Pts',(25.54,0.323975566725409,-1.43888960353921));
#7797=CARTESIAN_POINT('Ctrl Pts',(25.54,-0.47320027851877,-1.63381211966736));
#7798=CARTESIAN_POINT('Ctrl Pts',(25.54,-1.12560213626828,-1.13382642435069));
#7799=CARTESIAN_POINT('Ctrl Pts',(25.54,-1.13688180117136,-0.312411566572587));
#7800=CARTESIAN_POINT('Ctrl Pts',(25.54,-0.503738145854353,0.210691824110021));
#7801=CARTESIAN_POINT('Ctrl Pts',(25.54,0.300349874840958,0.0397234182145733));
#7802=CARTESIAN_POINT('Ctrl Pts',(25.54,0.545413486578239,-0.44794844842282));
#7803=CARTESIAN_POINT('Ctrl Pts',(25.54,0.549337466641697,-0.695303404312226));
#7804=CARTESIAN_POINT('',(25.54,0.549337466641697,-0.695303404312225));
#7805=CARTESIAN_POINT('Ctrl Pts',(25.54,-0.1962684729276,-1.53044393103633));
#7806=CARTESIAN_POINT('Ctrl Pts',(25.54,-0.0342655334381652,-1.51356910034109));
#7807=CARTESIAN_POINT('Ctrl Pts',(25.54,0.363252507331517,-1.35388460858188));
#7808=CARTESIAN_POINT('Ctrl Pts',(25.54,0.553261446705154,-0.942658360201627));
#7809=CARTESIAN_POINT('Ctrl Pts',(25.54,0.549337466641697,-0.695303404312225));
#7810=CARTESIAN_POINT('Origin',(25.34,0.549337466641697,-0.695303404312225));
#7811=CARTESIAN_POINT('',(25.54,0.297852767723354,-0.115137310060068));
#7812=CARTESIAN_POINT('Ctrl Pts',(25.54,0.549337466641697,-0.695303404312226));
#7813=CARTESIAN_POINT('Ctrl Pts',(25.54,0.545906671940954,-0.47903725154281));
#7814=CARTESIAN_POINT('Ctrl Pts',(25.54,0.451808882303204,-0.265461133764219));
#7815=CARTESIAN_POINT('Ctrl Pts',(25.54,0.297693989876006,-0.114662510594009));
#7816=CARTESIAN_POINT('Ctrl Pts',(25.54,0.297852767723353,-0.115137310060067));
#7817=CARTESIAN_POINT('Ctrl Pts',(25.54,0.296799363555752,-0.11475678952995));
#7818=CARTESIAN_POINT('Ctrl Pts',(25.5399984206044,0.29574594858385,-0.114376267960678));
#7819=CARTESIAN_POINT('Ctrl Pts',(25.5399147657094,0.267499808422056,-0.104173086019082));
#7820=CARTESIAN_POINT('Ctrl Pts',(25.5388036887676,0.240082872134242,-0.0942713830896785));
#7821=CARTESIAN_POINT('Ctrl Pts',(25.5353306333785,0.177105836906575,-0.0715315820249901));
#7822=CARTESIAN_POINT('Ctrl Pts',(25.5326341997844,0.140899780790534,-0.0584616514733781));
#7823=CARTESIAN_POINT('Ctrl Pts',(25.5291468290851,0.0816857801894899,-0.037091478430948));
#7824=CARTESIAN_POINT('Ctrl Pts',(25.528097301924,0.0607386680568814,-0.029532758897673));
#7825=CARTESIAN_POINT('Ctrl Pts',(25.5270194670085,0.0286925928424363,-0.0179702815345036));
#7826=CARTESIAN_POINT('Ctrl Pts',(25.526749536842,0.0181484314498739,-0.0141660737674051));
#7827=CARTESIAN_POINT('Ctrl Pts',(25.5264676250174,0.00114078416311798,
-0.008030206836185));
#7828=CARTESIAN_POINT('Ctrl Pts',(25.5263963799458,-0.00525761328529722,
-0.00572191609267073));
#7829=CARTESIAN_POINT('Ctrl Pts',(25.5263289952425,-0.0174314269488183,
-0.00133019360638566));
#7830=CARTESIAN_POINT('Ctrl Pts',(25.5263261041715,-0.0231867817286315,
0.00074601217926656));
#7831=CARTESIAN_POINT('Ctrl Pts',(25.5263855439702,-0.0362902532712794,
0.00547290608579614));
#7832=CARTESIAN_POINT('Ctrl Pts',(25.526465783966,-0.0436124781450408,0.00811422794576822));
#7833=CARTESIAN_POINT('Ctrl Pts',(25.5268490417886,-0.0659267480422264,
0.0161634075867042));
#7834=CARTESIAN_POINT('Ctrl Pts',(25.5272930213188,-0.0807502307715765,
0.021510284366254));
#7835=CARTESIAN_POINT('Ctrl Pts',(25.5314001844003,-0.182304956193711,0.0581404724941678));
#7836=CARTESIAN_POINT('Ctrl Pts',(25.539757000269,-0.260404325317784,0.0863075412879837));
#7837=CARTESIAN_POINT('Ctrl Pts',(25.5399982580985,-0.338055053118367,0.114321087070406));
#7838=CARTESIAN_POINT('Ctrl Pts',(25.54,-0.339161825774616,0.11472037169548));
#7839=CARTESIAN_POINT('Ctrl Pts',(25.54,-0.340268586505341,0.11511965351466));
#7840=CARTESIAN_POINT('Ctrl Pts',(25.3601364456949,0.863290150490744,0.698493531524975));
#7841=CARTESIAN_POINT('Ctrl Pts',(25.3612244992061,0.860433331482729,0.510781076660529));
#7842=CARTESIAN_POINT('Ctrl Pts',(25.3573356030964,0.67372594512694,0.140877006634036));
#7843=CARTESIAN_POINT('Ctrl Pts',(25.3373306686805,0.0640493996971238,0.012219336620263));
#7844=CARTESIAN_POINT('Ctrl Pts',(25.318486058171,-0.417314025998465,0.407621753311318));
#7845=CARTESIAN_POINT('Ctrl Pts',(25.3148801092948,-0.409429898748787,1.03190942725089));
#7846=CARTESIAN_POINT('Ctrl Pts',(25.3291412837991,0.0870062251502901,1.41000354819593));
#7847=CARTESIAN_POINT('Ctrl Pts',(25.3507939287711,0.691145205296349,1.26215648193477));
#7848=CARTESIAN_POINT('Ctrl Pts',(25.3590483921838,0.866146969498758,0.886205986389419));
#7849=CARTESIAN_POINT('Ctrl Pts',(25.3601364456949,0.863290150490744,0.698493531524975));
#7850=CARTESIAN_POINT('Ctrl Pts',(25.4088855756112,0.868222773015233,0.698415567627332));
#7851=CARTESIAN_POINT('Ctrl Pts',(25.4097653297296,0.865597430963005,0.509313510335036));
#7852=CARTESIAN_POINT('Ctrl Pts',(25.4066517954078,0.675919405025038,0.135995059036794));
#7853=CARTESIAN_POINT('Ctrl Pts',(25.3902515844448,0.0620721094075169,0.0134505481358321));
#7854=CARTESIAN_POINT('Ctrl Pts',(25.3741446963404,-0.411418977097917,0.411902101548866));
#7855=CARTESIAN_POINT('Ctrl Pts',(25.3709732133437,-0.401982369207177,1.0273650045301));
#7856=CARTESIAN_POINT('Ctrl Pts',(25.3833341084897,0.0856677827287304,1.40629642450944));
#7857=CARTESIAN_POINT('Ctrl Pts',(25.401362164156,0.691887973773529,1.26588558068764));
#7858=CARTESIAN_POINT('Ctrl Pts',(25.4080058214929,0.870848115067461,0.887517624919628));
#7859=CARTESIAN_POINT('Ctrl Pts',(25.4088855756112,0.868222773015233,0.698415567627332));
#7860=CARTESIAN_POINT('Ctrl Pts',(25.5022430302253,0.915614102783837,0.697666511163984));
#7861=CARTESIAN_POINT('Ctrl Pts',(25.5025384640471,0.912937094938922,0.494230144518622));
#7862=CARTESIAN_POINT('Ctrl Pts',(25.5015141332841,0.708259889903365,0.0927839707683113));
#7863=CARTESIAN_POINT('Ctrl Pts',(25.4959156331926,0.0484132788124805,-0.0342287242373565));
#7864=CARTESIAN_POINT('Ctrl Pts',(25.4900877137672,-0.450999589343121,0.395084165034724));
#7865=CARTESIAN_POINT('Ctrl Pts',(25.488891157489,-0.439643129867763,1.04546599496783));
#7866=CARTESIAN_POINT('Ctrl Pts',(25.4934546002594,0.0741925239389072,1.45173068896474));
#7867=CARTESIAN_POINT('Ctrl Pts',(25.4997467035629,0.724424648033518,1.30745102059499));
#7868=CARTESIAN_POINT('Ctrl Pts',(25.5019475964034,0.918291110628752,0.901102877809346));
#7869=CARTESIAN_POINT('Ctrl Pts',(25.5022430302253,0.915614102783837,0.697666511163984));
#7870=CARTESIAN_POINT('Ctrl Pts',(25.54,1.01325703876022,0.696123189365449));
#7871=CARTESIAN_POINT('Ctrl Pts',(25.5399951569467,1.00976324134413,0.463468359066595));
#7872=CARTESIAN_POINT('Ctrl Pts',(25.5399861803933,0.778190329234144,0.00455097383271951));
#7873=CARTESIAN_POINT('Ctrl Pts',(25.5400005981851,0.0223060708565479,-0.151649686553273));
#7874=CARTESIAN_POINT('Ctrl Pts',(25.5400031641974,-0.566073065416112,0.340060771461098));
#7875=CARTESIAN_POINT('Ctrl Pts',(25.5400338261811,-0.554751227570903,1.10417581150541));
#7876=CARTESIAN_POINT('Ctrl Pts',(25.540002655956,0.0511599195217965,1.57286956134217));
#7877=CARTESIAN_POINT('Ctrl Pts',(25.53997281218,0.799218144781629,1.39501964780278));
#7878=CARTESIAN_POINT('Ctrl Pts',(25.5400048430533,1.01675083617631,0.928778019664305));
#7879=CARTESIAN_POINT('Ctrl Pts',(25.54,1.01325703876022,0.696123189365449));
#7880=CARTESIAN_POINT('Ctrl Pts',(25.54,1.06224902671304,0.695348833266822));
#7881=CARTESIAN_POINT('Ctrl Pts',(25.54,1.05833935428804,0.447991545469816));
#7882=CARTESIAN_POINT('Ctrl Pts',(25.54,0.813310264139184,-0.0396775259583383));
#7883=CARTESIAN_POINT('Ctrl Pts',(25.54,0.00922833384571603,-0.210710041525695));
#7884=CARTESIAN_POINT('Ctrl Pts',(25.54,-0.623969161718117,0.312345241406207));
#7885=CARTESIAN_POINT('Ctrl Pts',(25.54,-0.612750740589573,1.1337706660426));
#7886=CARTESIAN_POINT('Ctrl Pts',(25.54,0.0396253772101957,1.63379430311216));
#7887=CARTESIAN_POINT('Ctrl Pts',(25.54,0.836820745403869,1.4389419199599));
#7888=CARTESIAN_POINT('Ctrl Pts',(25.54,1.06615869913805,0.94270612106383));
#7889=CARTESIAN_POINT('Ctrl Pts',(25.54,1.06224902671304,0.695348833266822));
#7890=CARTESIAN_POINT('',(25.54,1.06224902671304,0.695348833266822));
#7891=CARTESIAN_POINT('Ctrl Pts',(25.54,0.297367609690616,-0.114913110870533));
#7892=CARTESIAN_POINT('Ctrl Pts',(25.54,0.457276186664531,-0.101861804380849));
#7893=CARTESIAN_POINT('Ctrl Pts',(25.54,0.856522351052983,0.0463253167527988));
#7894=CARTESIAN_POINT('Ctrl Pts',(25.54,1.05833935428804,0.447991545469816));
#7895=CARTESIAN_POINT('Ctrl Pts',(25.54,1.06224902671304,0.695348833266822));
#7896=CARTESIAN_POINT('Origin',(25.34,1.06224902671304,0.695348833266822));
#7897=CARTESIAN_POINT('',(25.54,0.787032637729052,1.32399673772913));
#7898=CARTESIAN_POINT('Ctrl Pts',(25.54,1.06224902671304,0.695348833266822));
#7899=CARTESIAN_POINT('Ctrl Pts',(25.54,1.06597690251944,0.93120420642178));
#7900=CARTESIAN_POINT('Ctrl Pts',(25.54,0.961897364591379,1.16775110014509));
#7901=CARTESIAN_POINT('Ctrl Pts',(25.54,0.787327568659857,1.3249374294861));
#7902=CARTESIAN_POINT('Ctrl Pts',(25.54,0.787032637729052,1.32399673772913));
#7903=CARTESIAN_POINT('Ctrl Pts',(25.54,0.78582026977186,1.32445394785151));
#7904=CARTESIAN_POINT('Ctrl Pts',(25.539998357586,0.78460788329506,1.32491117309224));
#7905=CARTESIAN_POINT('Ctrl Pts',(25.5398725594304,0.737377706800047,1.34272333112937));
#7906=CARTESIAN_POINT('Ctrl Pts',(25.53768226543,0.694867240747592,1.35876469777929));
#7907=CARTESIAN_POINT('Ctrl Pts',(25.5344633514262,0.619421170717843,1.38726881591522));
#7908=CARTESIAN_POINT('Ctrl Pts',(25.5335961937893,0.59714175242418,1.39569079707247));
#7909=CARTESIAN_POINT('Ctrl Pts',(25.5326709955015,0.561998213038965,1.40898338507593));
#7910=CARTESIAN_POINT('Ctrl Pts',(25.5324384784507,0.550516301815823,1.41332754701148));
#7911=CARTESIAN_POINT('Ctrl Pts',(25.5321984421857,0.532126497221991,1.42028739533298));
#7912=CARTESIAN_POINT('Ctrl Pts',(25.5321383781816,0.525320743268074,1.42286357485374));
#7913=CARTESIAN_POINT('Ctrl Pts',(25.5320815116145,0.512476762622429,1.427726271583));
#7914=CARTESIAN_POINT('Ctrl Pts',(25.5320782195881,0.506466731600071,1.43000201238832));
#7915=CARTESIAN_POINT('Ctrl Pts',(25.5321234197,0.492934659003542,1.43512683601725));
#7916=CARTESIAN_POINT('Ctrl Pts',(25.5321847871696,0.48544649210889,1.43796328888084));
#7917=CARTESIAN_POINT('Ctrl Pts',(25.5324653780239,0.463624928126912,1.44623072320411));
#7918=CARTESIAN_POINT('Ctrl Pts',(25.5327739144794,0.449478369566566,1.4515923555986));
#7919=CARTESIAN_POINT('Ctrl Pts',(25.5353157493211,0.361607213456068,1.48490802435283));
#7920=CARTESIAN_POINT('Ctrl Pts',(25.539814041339,0.297925929680523,1.50909939667074));
#7921=CARTESIAN_POINT('Ctrl Pts',(25.5399981918101,0.232020998482044,1.5341554427264));
#7922=CARTESIAN_POINT('Ctrl Pts',(25.54,0.230749736231574,1.53463876611635));
#7923=CARTESIAN_POINT('Ctrl Pts',(25.54,0.229478501367478,1.53512208787628));
#7924=CARTESIAN_POINT('Ctrl Pts',(25.3316715243446,1.40316484513805,2.07078190223568));
#7925=CARTESIAN_POINT('Ctrl Pts',(25.343785171057,1.37716282648601,1.88408368722644));
#7926=CARTESIAN_POINT('Ctrl Pts',(25.3700073348488,1.15250766464129,1.53462076999749));
#7927=CARTESIAN_POINT('Ctrl Pts',(25.3850227020961,0.526597872348167,1.47282695015009));
#7928=CARTESIAN_POINT('Ctrl Pts',(25.3663178188779,0.097198208908839,1.9311528287485));
#7929=CARTESIAN_POINT('Ctrl Pts',(25.3256943491236,0.185664459624586,2.54881099465697));
#7930=CARTESIAN_POINT('Ctrl Pts',(25.3008359960282,0.62668287774576,2.8217703196595));
#7931=CARTESIAN_POINT('Ctrl Pts',(25.2969368274591,1.01307770961167,2.76883108328223));
#7932=CARTESIAN_POINT('Ctrl Pts',(25.3017940265042,1.2543246841377,2.60803611731567));
#7933=CARTESIAN_POINT('Ctrl Pts',(25.3140559098724,1.40062592852523,2.35653495675682));
#7934=CARTESIAN_POINT('Ctrl Pts',(25.3256147009884,1.41616585446407,2.16413100974031));
#7935=CARTESIAN_POINT('Ctrl Pts',(25.3316715243446,1.40316484513805,2.07078190223568));
#7936=CARTESIAN_POINT('Ctrl Pts',(25.3853732602656,1.40094721315005,2.07108470579142));
#7937=CARTESIAN_POINT('Ctrl Pts',(25.3956129833388,1.37844004606653,1.88472172218643));
#7938=CARTESIAN_POINT('Ctrl Pts',(25.4169721540126,1.15875872444805,1.52842968871298));
#7939=CARTESIAN_POINT('Ctrl Pts',(25.428604921031,0.52236325976052,1.4615449005506));
#7940=CARTESIAN_POINT('Ctrl Pts',(25.4140840934884,0.0888469280278195,1.93142368640627));
#7941=CARTESIAN_POINT('Ctrl Pts',(25.3806869368066,0.191139793971728,2.54982434753149));
#7942=CARTESIAN_POINT('Ctrl Pts',(25.3586366651251,0.630929992191758,2.80935560170562));
#7943=CARTESIAN_POINT('Ctrl Pts',(25.3551222255152,1.00821412184499,2.75633929971052));
#7944=CARTESIAN_POINT('Ctrl Pts',(25.3594922293278,1.24552777026976,2.60029967964015));
#7945=CARTESIAN_POINT('Ctrl Pts',(25.3703364187596,1.39311659986726,2.35497384326012));
#7946=CARTESIAN_POINT('Ctrl Pts',(25.380253398729,1.4122007966918,2.16426619759392));
#7947=CARTESIAN_POINT('Ctrl Pts',(25.3853732602656,1.40094721315005,2.07108470579142));
#7948=CARTESIAN_POINT('Ctrl Pts',(25.4941999972457,1.44187150185846,2.06549675422686));
#7949=CARTESIAN_POINT('Ctrl Pts',(25.4978599824193,1.42065993869571,1.86636324528566));
#7950=CARTESIAN_POINT('Ctrl Pts',(25.5050382784436,1.18923456655805,1.48084980710172));
#7951=CARTESIAN_POINT('Ctrl Pts',(25.5086891038145,0.50191238272581,1.40688863580826));
#7952=CARTESIAN_POINT('Ctrl Pts',(25.5041287099048,0.0346008741434213,1.91602638097719));
#7953=CARTESIAN_POINT('Ctrl Pts',(25.4927162935019,0.154319016725292,2.57820807295315));
#7954=CARTESIAN_POINT('Ctrl Pts',(25.4843323361934,0.624287761460337,2.84299084222833));
#7955=CARTESIAN_POINT('Ctrl Pts',(25.4829678182606,1.01894784801467,2.78566939948034));
#7956=CARTESIAN_POINT('Ctrl Pts',(25.4846609992261,1.26949801492229,2.62355691427837));
#7957=CARTESIAN_POINT('Ctrl Pts',(25.4887725324607,1.42871029761516,2.36713055495741));
#7958=CARTESIAN_POINT('Ctrl Pts',(25.4923700046589,1.45247728343984,2.16506350869745));
#7959=CARTESIAN_POINT('Ctrl Pts',(25.4941999972457,1.44187150185846,2.06549675422686));
#7960=CARTESIAN_POINT('Ctrl Pts',(25.54,1.54790000047672,2.05101923651203));
#7961=CARTESIAN_POINT('Ctrl Pts',(25.5399286294652,1.51855722541104,1.82102173512614));
#7962=CARTESIAN_POINT('Ctrl Pts',(25.5400057142413,1.24210515578425,1.38687239447639));
#7963=CARTESIAN_POINT('Ctrl Pts',(25.5399860272348,0.466261231775392,1.31150640393543));
#7964=CARTESIAN_POINT('Ctrl Pts',(25.5399712627673,-0.068155864346418,1.87899833415681));
#7965=CARTESIAN_POINT('Ctrl Pts',(25.539991387744,0.0478264947087044,2.64287444294692));
#7966=CARTESIAN_POINT('Ctrl Pts',(25.540041816111,0.59384165036802,2.96648714226609));
#7967=CARTESIAN_POINT('Ctrl Pts',(25.5400220491727,1.06222779152218,2.90010117845991));
#7968=CARTESIAN_POINT('Ctrl Pts',(25.5400282703293,1.35723144288029,2.70649797769822));
#7969=CARTESIAN_POINT('Ctrl Pts',(25.5400014223581,1.53998195242639,2.40195700864106));
#7970=CARTESIAN_POINT('Ctrl Pts',(25.5400356852674,1.56257138800956,2.16601798720498));
#7971=CARTESIAN_POINT('Ctrl Pts',(25.54,1.54790000047672,2.05101923651203));
#7972=CARTESIAN_POINT('Ctrl Pts',(25.54,1.60115421120543,2.04374771244765));
#7973=CARTESIAN_POINT('Ctrl Pts',(25.54,1.56762310414222,1.79817709675568));
#7974=CARTESIAN_POINT('Ctrl Pts',(25.54,1.26862023816684,1.3397549255161));
#7975=CARTESIAN_POINT('Ctrl Pts',(25.54,0.448388652013553,1.26372252879628));
#7976=CARTESIAN_POINT('Ctrl Pts',(25.54,-0.119663625659527,1.86037767317113));
#7977=CARTESIAN_POINT('Ctrl Pts',(25.54,-0.005713416132753,2.67528667890018));
#7978=CARTESIAN_POINT('Ctrl Pts',(25.54,0.578417728623015,3.02874080703654));
#7979=CARTESIAN_POINT('Ctrl Pts',(25.54,1.08402059174416,2.95778391994833));
#7980=CARTESIAN_POINT('Ctrl Pts',(25.54,1.40148362091374,2.74825924860864));
#7981=CARTESIAN_POINT('Ctrl Pts',(25.54,1.59597162710295,2.4194365785792));
#7982=CARTESIAN_POINT('Ctrl Pts',(25.54,1.61791976473703,2.16653302029363));
#7983=CARTESIAN_POINT('Ctrl Pts',(25.54,1.60115421120543,2.04374771244765));
#7984=CARTESIAN_POINT('',(25.54,1.60115421120543,2.04374771244765));
#7985=CARTESIAN_POINT('Ctrl Pts',(25.54,0.786877364558653,1.32491975599548));
#7986=CARTESIAN_POINT('Ctrl Pts',(25.54,0.934137262410195,1.32659397892484));
#7987=CARTESIAN_POINT('Ctrl Pts',(25.54,1.32948076013701,1.4330644412404));
#7988=CARTESIAN_POINT('Ctrl Pts',(25.54,1.56762310414222,1.79817709675568));
#7989=CARTESIAN_POINT('Ctrl Pts',(25.54,1.60115421120543,2.04374771244765));
#7990=CARTESIAN_POINT('Origin',(25.34,1.60115421120543,2.04374771244765));
#7991=CARTESIAN_POINT('Ctrl Pts',(25.54,1.60115421120543,2.04374771244765));
#7992=CARTESIAN_POINT('Ctrl Pts',(25.54,1.61791976473703,2.16653302029363));
#7993=CARTESIAN_POINT('Ctrl Pts',(25.54,1.59816123079434,2.39420625726365));
#7994=CARTESIAN_POINT('Ctrl Pts',(25.54,1.49111113573198,2.59457745734254));
#7995=CARTESIAN_POINT('Ctrl Pts',(25.54,1.42956243345827,2.67238569807779));
#7996=CARTESIAN_POINT('Origin',(55.0550316712712,14.0294001092301,-6.88089825582357));
#7997=CARTESIAN_POINT('',(31.1719603029236,3.99259724174194,-3.22780076486021));
#7998=CARTESIAN_POINT('',(30.940430799128,4.2698256952758,-2.88597895563));
#7999=CARTESIAN_POINT('Ctrl Pts',(31.1719603029236,3.99259724174195,-3.22780076486021));
#8000=CARTESIAN_POINT('Ctrl Pts',(31.1719603029236,4.01373347098114,-3.16972945229313));
#8001=CARTESIAN_POINT('Ctrl Pts',(31.1596988092489,4.04354044261718,-3.11143196786205));
#8002=CARTESIAN_POINT('Ctrl Pts',(31.1119152705137,4.11257889199605,-3.01154003697113));
#8003=CARTESIAN_POINT('Ctrl Pts',(31.0764033161232,4.15172125485626,-2.96987920468224));
#8004=CARTESIAN_POINT('Ctrl Pts',(31.0086240589992,4.21505876485353,-2.91766384093047));
#8005=CARTESIAN_POINT('Ctrl Pts',(30.9760152653176,4.24259549997649,-2.89960012426843));
#8006=CARTESIAN_POINT('Ctrl Pts',(30.940430799128,4.2698256952758,-2.88597895562999));
#8007=CARTESIAN_POINT('',(29.979467786179,3.88652075426321,-2.74646736645425));
#8008=CARTESIAN_POINT('',(55.1634009880934,13.9317835795212,-6.40264403022898));
#8009=CARTESIAN_POINT('',(30.2507589344108,3.62515226055073,-3.0940617289761));
#8010=CARTESIAN_POINT('Ctrl Pts',(30.2507589344108,3.62515226055073,-3.0940617289761));
#8011=CARTESIAN_POINT('Ctrl Pts',(30.2507589344108,3.64611693823047,-3.03646175044488));
#8012=CARTESIAN_POINT('Ctrl Pts',(30.2367590104738,3.67467265129814,-2.97884788180515));
#8013=CARTESIAN_POINT('Ctrl Pts',(30.18354251085,3.73851329304108,-2.88012221564352));
#8014=CARTESIAN_POINT('Ctrl Pts',(30.1443788645633,3.773678493561,-2.83890453731778));
#8015=CARTESIAN_POINT('Ctrl Pts',(30.0658635627019,3.83282775553622,-2.78274942495072));
#8016=CARTESIAN_POINT('Ctrl Pts',(30.0244720874942,3.86020692287806,-2.76203596970392));
#8017=CARTESIAN_POINT('Ctrl Pts',(29.979467786179,3.88652075426322,-2.74646736645425));
#8018=CARTESIAN_POINT('',(55.2503972355158,13.5969043001367,-6.72348265486869));
#8019=CARTESIAN_POINT('Origin',(46.770036411428,11.2424586540833,-5.0496803052831));
#8020=CARTESIAN_POINT('',(29.4474612177469,5.11223636769888,-2.37573714919569));
#8021=CARTESIAN_POINT('Origin',(28.,-1.21540093772965,-3.33928663199619));
#8022=CARTESIAN_POINT('',(27.995117967701,4.53293171571182,-2.16488749930046));
#8023=CARTESIAN_POINT('',(38.3388929708573,8.65881378818094,-3.66658576377177));
#8024=CARTESIAN_POINT('Origin',(28.,-1.21540093772965,-3.33928663199619));
#8025=CARTESIAN_POINT('Origin',(28.,0.,0.));
#8026=CARTESIAN_POINT('',(31.1719603029236,4.5629472552897,-1.66077698145212));
#8027=CARTESIAN_POINT('',(23.9521189138504,3.76655550099573,-1.79658519706444));
#8028=CARTESIAN_POINT('',(23.9521189138504,3.903363558326,-1.42070814875007));
#8029=CARTESIAN_POINT('',(28.9753819365843,5.23578784698099,-2.33134203822417));
#8030=CARTESIAN_POINT('Origin',(28.,-0.136808057330268,-0.375877048314364));
#8031=CARTESIAN_POINT('Ctrl Pts',(29.4474612177469,5.11223636769888,-2.37573714919569));
#8032=CARTESIAN_POINT('Ctrl Pts',(29.3957454007104,5.13216547148945,-2.35995094740312));
#8033=CARTESIAN_POINT('Ctrl Pts',(29.3406348814641,5.15061696045545,-2.34849836056859));
#8034=CARTESIAN_POINT('Ctrl Pts',(29.1814111608519,5.19695957994652,-2.32687093982658));
#8035=CARTESIAN_POINT('Ctrl Pts',(29.074043753065,5.2199713147103,-2.32558529126833));
#8036=CARTESIAN_POINT('Ctrl Pts',(28.9753819365843,5.23578784698099,-2.33134203822417));
#8037=CARTESIAN_POINT('Origin',(55.0550316712712,15.1701001363256,-3.74685068900739));
#8038=CARTESIAN_POINT('',(30.940430799128,5.12594776144771,-0.53380291052583));
#8039=CARTESIAN_POINT('',(31.1719603029236,5.13329726883745,-0.0937531980440282));
#8040=CARTESIAN_POINT('Ctrl Pts',(30.940430799128,5.12594776144771,-0.53380291052583));
#8041=CARTESIAN_POINT('Ctrl Pts',(30.9760152653176,5.11384374008387,-0.505865257833825));
#8042=CARTESIAN_POINT('Ctrl Pts',(31.0086240589992,5.10436051041654,-0.474327375914534));
#8043=CARTESIAN_POINT('Ctrl Pts',(31.0764033161232,5.08940455169705,-0.393615520012416));
#8044=CARTESIAN_POINT('Ctrl Pts',(31.1119152705137,5.08619882894196,-0.336541245081405));
#8045=CARTESIAN_POINT('Ctrl Pts',(31.1596988092489,5.09752160391808,-0.215642526657284));
#8046=CARTESIAN_POINT('Ctrl Pts',(31.1719603029236,5.11216103959827,-0.151824510611111));
#8047=CARTESIAN_POINT('Ctrl Pts',(31.1719603029236,5.13329726883745,-0.0937531980440284));
#8048=CARTESIAN_POINT('',(30.2507589344108,4.76585228764623,0.0399858378400808));
#8049=CARTESIAN_POINT('',(55.2503972355158,14.7376043272322,-3.58943508805251));
#8050=CARTESIAN_POINT('',(29.979467786179,4.74264282043513,-0.394291321350086));
#8051=CARTESIAN_POINT('Ctrl Pts',(29.979467786179,4.74264282043513,-0.394291321350089));
#8052=CARTESIAN_POINT('Ctrl Pts',(30.0137692112257,4.73490648547344,-0.372309679711954));
#8053=CARTESIAN_POINT('Ctrl Pts',(30.0458378937566,4.72864844384913,-0.347732664690809));
#8054=CARTESIAN_POINT('Ctrl Pts',(30.1244184595035,4.71675483677358,-0.275621320643249));
#8055=CARTESIAN_POINT('Ctrl Pts',(30.1705824059978,4.71412258339968,-0.218101114933209));
#8056=CARTESIAN_POINT('Ctrl Pts',(30.233762343242,4.72699733764514,-0.0921053721057429));
#8057=CARTESIAN_POINT('Ctrl Pts',(30.2507589344108,4.74269451760284,-0.0236396124390596));
#8058=CARTESIAN_POINT('Ctrl Pts',(30.2507589344108,4.76585228764623,0.0399858378400808));
#8059=CARTESIAN_POINT('',(55.1634009880934,14.7879056456931,-4.05046798512481));
#8060=CARTESIAN_POINT('Origin',(46.770036411428,11.8580949120695,-3.35823358786846));
#8061=CARTESIAN_POINT('',(27.9951179677011,4.86399001277443,-1.25531230359784));
#8062=CARTESIAN_POINT('Origin',(28.,1.21540093772965,3.33928663199619));
#8063=CARTESIAN_POINT('',(29.4474612177469,5.44329466476148,-1.46616195349307));
#8064=CARTESIAN_POINT('',(38.3388929708573,8.98987208524355,-2.75701056806915));
#8065=CARTESIAN_POINT('Origin',(28.,1.21540093772965,3.33928663199619));
#8066=CARTESIAN_POINT('Origin',(26.488172762081,-3.7674466765763,-0.403375761993896));
#8067=CARTESIAN_POINT('',(30.5985259925528,-5.30067877100646,0.597399797008497));
#8068=CARTESIAN_POINT('',(30.8387216753506,-5.32315692967846,0.162856463278029));
#8069=CARTESIAN_POINT('Ctrl Pts',(30.5985259925528,-5.30067877100646,0.597399797008496));
#8070=CARTESIAN_POINT('Ctrl Pts',(30.6288623744772,-5.29262197248782,0.575086603119509));
#8071=CARTESIAN_POINT('Ctrl Pts',(30.6570366096979,-5.28623608855158,0.550366403384007));
#8072=CARTESIAN_POINT('Ctrl Pts',(30.7275705170042,-5.27382820438913,0.476889413296636));
#8073=CARTESIAN_POINT('Ctrl Pts',(30.7686984244093,-5.27145006986652,0.418266749322325));
#8074=CARTESIAN_POINT('Ctrl Pts',(30.8242741265147,-5.28479211218802,0.292182362623458));
#8075=CARTESIAN_POINT('Ctrl Pts',(30.8387216753506,-5.30063549398387,0.224733599302603));
#8076=CARTESIAN_POINT('Ctrl Pts',(30.8387216753506,-5.32315692967846,0.16285646327803));
#8077=CARTESIAN_POINT('',(29.949002199828,-4.89716164259882,0.00780685884335559));
#8078=CARTESIAN_POINT('',(26.7151680119508,-3.34881054865035,-0.555746851547399));
#8079=CARTESIAN_POINT('',(29.6707425126779,-4.85645854122571,0.435716855909412));
#8080=CARTESIAN_POINT('Ctrl Pts',(29.6707425126779,-4.85645854122571,0.435716855909416));
#8081=CARTESIAN_POINT('Ctrl Pts',(29.7058436690864,-4.85092646172629,0.414531445912149));
#8082=CARTESIAN_POINT('Ctrl Pts',(29.7386839976074,-4.84673398458047,0.390703345165628));
#8083=CARTESIAN_POINT('Ctrl Pts',(29.8192628289413,-4.8398999025282,0.320396433011582));
#8084=CARTESIAN_POINT('Ctrl Pts',(29.8666611164669,-4.84025678130465,0.263924750751917));
#8085=CARTESIAN_POINT('Ctrl Pts',(29.9315460558834,-4.85722622845515,0.139408101978525));
#8086=CARTESIAN_POINT('Ctrl Pts',(29.949002199828,-4.87402554639884,0.0713727607271348));
#8087=CARTESIAN_POINT('Ctrl Pts',(29.949002199828,-4.89716164259882,0.00780685884335579));
#8088=CARTESIAN_POINT('',(26.614087071726,-3.39294015380701,-0.0969602744122686));
#8089=CARTESIAN_POINT('Origin',(28.,0.,0.));
#8090=CARTESIAN_POINT('',(29.0724460388208,-5.52176550518945,1.4947230036667));
#8091=CARTESIAN_POINT('Origin',(28.,-1.21253167550149,-3.33140339881382));
#8092=CARTESIAN_POINT('',(28.597293884879,-5.55804781764516,1.5972928572607));
#8093=CARTESIAN_POINT('Ctrl Pts',(28.597293884879,-5.55804781764516,1.5972928572607));
#8094=CARTESIAN_POINT('Ctrl Pts',(28.6963775345283,-5.54840812734073,1.59378429692234));
#8095=CARTESIAN_POINT('Ctrl Pts',(28.8043834525062,-5.53837023806214,1.58043762745786));
#8096=CARTESIAN_POINT('Ctrl Pts',(28.9647656508823,-5.52686261967698,1.53773288109487));
#8097=CARTESIAN_POINT('Ctrl Pts',(29.0202949043977,-5.52359400482059,1.51838812315548));
#8098=CARTESIAN_POINT('Ctrl Pts',(29.0724460388208,-5.52176550518945,1.4947230036667));
#8099=CARTESIAN_POINT('',(23.9521189138498,-4.04017161565575,1.04483110043552));
#8100=CARTESIAN_POINT('Origin',(28.,-0.136808057330268,-0.375877048314364));
#8101=CARTESIAN_POINT('',(23.9521189138498,-3.90336355832548,1.42070814874988));
#8102=CARTESIAN_POINT('',(30.8387216753506,-4.75280691613071,1.72988024668612));
#8103=CARTESIAN_POINT('Origin',(27.5498431490969,-4.27690013302015,0.598904348120173));
#8104=CARTESIAN_POINT('',(27.6783121123031,-4.85425793837404,1.25177011819844));
#8105=CARTESIAN_POINT('Origin',(28.,-1.21253167550149,-3.33140339881382));
#8106=CARTESIAN_POINT('',(28.4417039643465,-5.21976789978573,1.38480486448008));
#8107=CARTESIAN_POINT('Origin',(26.488172762081,-2.62674664948079,2.73067180482228));
#8108=CARTESIAN_POINT('',(30.8387216753506,-4.18245690258295,3.29690403009421));
#8109=CARTESIAN_POINT('',(30.5985259925528,-4.44455670483455,2.94957584211266));
#8110=CARTESIAN_POINT('Ctrl Pts',(30.8387216753506,-4.18245690258295,3.29690403009421));
#8111=CARTESIAN_POINT('Ctrl Pts',(30.8387216753506,-4.20497833827754,3.23502689406964));
#8112=CARTESIAN_POINT('Ctrl Pts',(30.8242741265147,-4.23619683304394,3.17317421421854));
#8113=CARTESIAN_POINT('Ctrl Pts',(30.7686984244093,-4.30702171720865,3.06801187093163));
#8114=CARTESIAN_POINT('Ctrl Pts',(30.7275705170042,-4.34652539599419,3.02463294035859));
#8115=CARTESIAN_POINT('Ctrl Pts',(30.6570366096979,-4.40326048553292,2.97632193460709));
#8116=CARTESIAN_POINT('Ctrl Pts',(30.6288623744772,-4.42404219453564,2.96148993003803));
#8117=CARTESIAN_POINT('Ctrl Pts',(30.5985259925528,-4.44455670483455,2.94957584211266));
#8118=CARTESIAN_POINT('',(29.6707425126779,-4.0003364750538,2.78789290101358));
#8119=CARTESIAN_POINT('',(26.614087071726,-2.5368180876351,2.2552157706919));
#8120=CARTESIAN_POINT('',(29.949002199828,-3.75646161550332,3.14185442565954));
#8121=CARTESIAN_POINT('Ctrl Pts',(29.949002199828,-3.75646161550332,3.14185442565954));
#8122=CARTESIAN_POINT('Ctrl Pts',(29.949002199828,-3.77743101356482,3.08424147798599));
#8123=CARTESIAN_POINT('Ctrl Pts',(29.9345926207336,-3.80509571249921,3.02626711286451));
#8124=CARTESIAN_POINT('Ctrl Pts',(29.8798305794705,-3.86555910616318,2.92621472064506));
#8125=CARTESIAN_POINT('Ctrl Pts',(29.8395392602247,-3.89824232984087,2.88403351606874));
#8126=CARTESIAN_POINT('Ctrl Pts',(29.758999734555,-3.952310028527,2.82610807264309));
#8127=CARTESIAN_POINT('Ctrl Pts',(29.716691258396,-3.97696289849624,2.80448235651513));
#8128=CARTESIAN_POINT('Ctrl Pts',(29.6707425126779,-4.0003364750538,2.78789290101358));
#8129=CARTESIAN_POINT('',(26.7151680119508,-2.20811052155485,2.57830071526878));
#8130=CARTESIAN_POINT('Origin',(27.5498431490969,-3.66126387503394,2.29035106553481));
#8131=CARTESIAN_POINT('',(29.0724460388208,-5.19070720812684,2.40429819936933));
#8132=CARTESIAN_POINT('Origin',(28.,1.21253167550149,3.33140339881381));
#8133=CARTESIAN_POINT('',(27.6783121123031,-4.52319964131144,2.16134531390106));
#8134=CARTESIAN_POINT('',(28.4417039643465,-4.88870960272312,2.2943800601827));
#8135=CARTESIAN_POINT('Origin',(28.,1.21253167550149,3.33140339881381));
#8136=CARTESIAN_POINT('Origin',(28.,0.,0.));
#8137=CARTESIAN_POINT('',(30.8387216753506,-4.75280691613071,1.72988024668612));
#8138=CARTESIAN_POINT('',(23.9521189138498,-1.90254571987032,6.91790998034745));
#8139=CARTESIAN_POINT('',(23.9521189138498,-3.90336355832548,1.42070814874988));
#8140=CARTESIAN_POINT('',(23.8987806691186,-1.85306770299968,6.89990145495601));
#8141=CARTESIAN_POINT('Origin',(28.,2.00081783845516,5.49720183159756));
#8142=CARTESIAN_POINT('',(23.8987806691186,-3.71707748412458,1.77857667167281));
#8143=CARTESIAN_POINT('',(23.8987806691186,-3.85388554145484,1.40269962335845));
#8144=CARTESIAN_POINT('',(28.597293884879,-5.28443170298463,2.34904695388943));
#8145=CARTESIAN_POINT('Origin',(28.,0.136808057330268,0.375877048314363));
#8146=CARTESIAN_POINT('Ctrl Pts',(29.0724460388208,-5.19070720812684,2.40429819936932));
#8147=CARTESIAN_POINT('Ctrl Pts',(29.0296895053817,-5.20432698514295,2.39039898287793));
#8148=CARTESIAN_POINT('Ctrl Pts',(28.9848772287583,-5.21676453383574,2.37940052882865));
#8149=CARTESIAN_POINT('Ctrl Pts',(28.8262022727191,-5.25509302803257,2.35020898049689));
#8150=CARTESIAN_POINT('Ctrl Pts',(28.7069284662082,-5.2737655293585,2.345164784176));
#8151=CARTESIAN_POINT('Ctrl Pts',(28.597293884879,-5.28443170298463,2.34904695388943));
#8152=CARTESIAN_POINT('Origin',(28.3157896547015,-5.59427442255502,1.07838937689845));
#8153=CARTESIAN_POINT('',(26.8017850337733,-4.69836301864542,1.28439317957367));
#8154=CARTESIAN_POINT('Ctrl Pts',(26.8017850337733,-4.69836301864542,1.28439317957367));
#8155=CARTESIAN_POINT('Ctrl Pts',(27.099889767815,-4.76750826584866,1.30955999139663));
#8156=CARTESIAN_POINT('Ctrl Pts',(27.4003963920155,-4.81229240295496,1.31468207955421));
#8157=CARTESIAN_POINT('Ctrl Pts',(27.6783121123031,-4.85425793837404,1.25177011819844));
#8158=CARTESIAN_POINT('',(28.3157896547015,-5.42326435089219,1.54823568729141));
#8159=CARTESIAN_POINT('Origin',(32.6625025426404,-0.136808057330267,-0.375877048314364));
#8160=CARTESIAN_POINT('',(23.6698729810774,-2.48603960929418,0.479173309999497));
#8161=CARTESIAN_POINT('Origin',(28.,-0.136808057330267,-0.375877048314364));
#8162=CARTESIAN_POINT('',(23.2065820328647,-1.73198941040315,0.204721482460653));
#8163=CARTESIAN_POINT('',(23.6698729810774,-2.48603960929418,0.479173309999497));
#8164=CARTESIAN_POINT('',(21.840551844301,-1.38804135951884,0.0795346298048859));
#8165=CARTESIAN_POINT('Origin',(22.3405569627744,-2.20183626391476,0.375731751802508));
#8166=CARTESIAN_POINT('',(18.3764553476366,-3.2674238241366,0.763573905727603));
#8167=CARTESIAN_POINT('',(20.1691471747609,-2.29483152261174,0.409579257896095));
#8168=CARTESIAN_POINT('',(20.1264553476361,-6.11571570885969,1.80026737026879));
#8169=CARTESIAN_POINT('',(18.8872889242966,-4.09885418461948,1.06618980880859));
#8170=CARTESIAN_POINT('',(23.5905571150736,-4.23633038466143,1.11622705354388));
#8171=CARTESIAN_POINT('',(23.6511980584791,-4.20343074523593,1.10425256407491));
#8172=CARTESIAN_POINT('',(23.8921019403134,-3.98440740970195,1.02453458933085));
#8173=CARTESIAN_POINT('Origin',(23.0905569627743,-3.42253278593925,0.820028950891703));
#8174=CARTESIAN_POINT('',(23.8987806691186,-3.99069359878511,1.02682257504409));
#8175=CARTESIAN_POINT('Origin',(28.,-0.136808057330267,-0.375877048314364));
#8176=CARTESIAN_POINT('',(23.9492211321564,-4.04174375433787,1.04540331211995));
#8177=CARTESIAN_POINT('Origin',(23.191673887926,-4.65515662317966,1.2686673376942));
#8178=CARTESIAN_POINT('',(28.1178526031562,-1.78012867067256,0.22224274029831));
#8179=CARTESIAN_POINT('Origin',(28.3157896547015,-4.97863816456882,2.76983609431309));
#8180=CARTESIAN_POINT('',(26.8017850337733,-4.42474690398488,2.0361472762024));
#8181=CARTESIAN_POINT('',(28.3157896547015,-5.14964823623165,2.29998978392014));
#8182=CARTESIAN_POINT('Ctrl Pts',(27.6783121123031,-4.52319964131143,2.16134531390106));
#8183=CARTESIAN_POINT('Ctrl Pts',(27.4003692907368,-4.53149201392334,2.08616969917373));
#8184=CARTESIAN_POINT('Ctrl Pts',(27.0998370979954,-4.49387993444924,2.06130964149604));
#8185=CARTESIAN_POINT('Ctrl Pts',(26.8017850337733,-4.42474690398489,2.0361472762024));
#8186=CARTESIAN_POINT('Origin',(38.2305236540351,9.37206657587606,-2.45339327195173));
#8187=CARTESIAN_POINT('',(28.9753819365843,5.50940396164152,-1.57958794159544));
#8188=CARTESIAN_POINT('Ctrl Pts',(28.9753819365843,5.50940396164152,-1.57958794159544));
#8189=CARTESIAN_POINT('Ctrl Pts',(29.0846255997397,5.49189104747372,-1.57321376212311));
#8190=CARTESIAN_POINT('Ctrl Pts',(29.2032521291996,5.4733434901555,-1.55464599558541));
#8191=CARTESIAN_POINT('Ctrl Pts',(29.3607170713938,5.45276336565117,-1.50399452571463));
#8192=CARTESIAN_POINT('Ctrl Pts',(29.4051199601599,5.44748607134713,-1.48655086328935));
#8193=CARTESIAN_POINT('Ctrl Pts',(29.4474612177469,5.44329466476148,-1.46616195349307));
#8194=CARTESIAN_POINT('',(27.0874600708398,4.75635751798616,-1.30550145108487));
#8195=CARTESIAN_POINT('Ctrl Pts',(27.0874600708398,4.75635751798616,-1.30550145108487));
#8196=CARTESIAN_POINT('Ctrl Pts',(27.3974597409629,4.8104310975252,-1.32518262449731));
#8197=CARTESIAN_POINT('Ctrl Pts',(27.7090442186874,4.83829929386027,-1.32508028382448));
#8198=CARTESIAN_POINT('Ctrl Pts',(27.9951179677011,4.86399001277443,-1.25531230359784));
#8199=CARTESIAN_POINT('',(38.2305236540351,9.20105650421322,-2.92323958234469));
#8200=CARTESIAN_POINT('Origin',(32.6625025426404,0.136808057330268,0.375877048314363));
#8201=CARTESIAN_POINT('',(23.6698729810777,2.48603960929487,-0.479173309999747));
#8202=CARTESIAN_POINT('Origin',(28.,0.136808057330268,0.375877048314363));
#8203=CARTESIAN_POINT('',(23.9565816626704,2.95268532990305,-0.649018462248828));
#8204=CARTESIAN_POINT('',(24.3960401397044,3.66794590922007,-0.909352022864223));
#8205=CARTESIAN_POINT('',(23.8921019403139,3.98440740970242,-1.02453458933102));
#8206=CARTESIAN_POINT('Origin',(23.0905569627746,3.42253278594,-0.820028950891974));
#8207=CARTESIAN_POINT('',(23.8987806691192,3.99069359878564,-1.02682257504428));
#8208=CARTESIAN_POINT('Origin',(28.,0.136808057330268,0.375877048314363));
#8209=CARTESIAN_POINT('',(23.949221132157,4.04174375433839,-1.04540331212014));
#8210=CARTESIAN_POINT('Origin',(23.1916738879267,4.65515662318028,-1.26866733769442));
#8211=CARTESIAN_POINT('',(23.9521189138504,4.04017161565627,-1.04483110043571));
#8212=CARTESIAN_POINT('',(28.1164037123096,1.78091474001368,-0.222528846140548));
#8213=CARTESIAN_POINT('Origin',(28.,0.136808057330268,0.375877048314363));
#8214=CARTESIAN_POINT('Origin',(38.2305236540351,8.75643031788986,-4.14483998936637));
#8215=CARTESIAN_POINT('',(27.0874600708397,4.48274140332562,-2.0572555477136));
#8216=CARTESIAN_POINT('',(38.2305236540351,8.92744038955269,-3.67499367897341));
#8217=CARTESIAN_POINT('Ctrl Pts',(27.995117967701,4.53293171571182,-2.16488749930046));
#8218=CARTESIAN_POINT('Ctrl Pts',(27.7090299249629,4.55809873390203,-2.09492495442224));
#8219=CARTESIAN_POINT('Ctrl Pts',(27.3974294441585,4.53680969816013,-2.07693479765089));
#8220=CARTESIAN_POINT('Ctrl Pts',(27.0874600708397,4.48274140332562,-2.0572555477136));
#8221=CARTESIAN_POINT('Origin',(25.54,-2.21579325806708,0.806482791224146));
#8222=CARTESIAN_POINT('',(29.949002199828,-4.32681162905107,1.57483064225144));
#8223=CARTESIAN_POINT('Origin',(63.4377097132367,17.4329755579327,-6.34508419777774));
#8224=CARTESIAN_POINT('',(30.2507589344108,4.19550227409848,-1.52703794556801));
#8225=CARTESIAN_POINT('',(31.1719603029236,4.5629472552897,-1.66077698145212));
#8226=CARTESIAN_POINT('',(25.54,2.31649428820564,-0.843134968754527));
#8227=CARTESIAN_POINT('Origin',(28.,0.,0.));
#8228=CARTESIAN_POINT('',(23.9521189138504,3.903363558326,-1.42070814875007));
#8229=CARTESIAN_POINT('Origin',(23.949221132157,3.90493569700812,-1.4212803604345));
#8230=CARTESIAN_POINT('',(23.949221132157,3.76812763967785,-1.79715740874887));
#8231=CARTESIAN_POINT('',(28.1164037123096,1.50729862535315,-0.974282942769275));
#8232=CARTESIAN_POINT('',(23.949221132157,3.90493569700812,-1.4212803604345));
#8233=CARTESIAN_POINT('Origin',(23.949221132157,3.90493569700812,-1.4212803604345));
#8234=CARTESIAN_POINT('',(23.949221132157,3.90493569700812,-1.4212803604345));
#8235=CARTESIAN_POINT('Origin',(23.9521189138498,-3.90336355832548,1.42070814874988));
#8236=CARTESIAN_POINT('',(23.9492211321564,-3.9049356970076,1.42128036043431));
#8237=CARTESIAN_POINT('Origin',(28.,7.98738727668022,-2.90717121826818));
#8238=CARTESIAN_POINT('',(24.1916738879139,7.98738727668022,-2.90717121826818));
#8239=CARTESIAN_POINT('',(18.5,6.49959965321356,-6.99483411868688));
#8240=CARTESIAN_POINT('',(27.75,6.49959965321356,-6.99483411868689));
#8241=CARTESIAN_POINT('',(18.5,9.47517490014688,1.18049168215052));
#8242=CARTESIAN_POINT('',(18.5,7.98738727668022,-2.90717121826818));
#8243=CARTESIAN_POINT('',(27.75,9.47517490014688,1.18049168215051));
#8244=CARTESIAN_POINT('',(28.,7.98738727668022,-2.90717121826818));
#8245=CARTESIAN_POINT('Origin',(28.,0.,0.));
#8246=CARTESIAN_POINT('',(28.,-7.98738727668022,2.90717121826818));
#8247=CARTESIAN_POINT('Origin',(32.6625025426404,0.136808057330268,0.375877048314363));
#8248=CARTESIAN_POINT('',(23.8921019403134,-3.71079129504141,1.77628868595957));
#8249=CARTESIAN_POINT('Origin',(28.,0.136808057330268,0.375877048314363));
#8250=CARTESIAN_POINT('',(23.9565823666069,-2.67907036096411,1.40077297588611));
#8251=CARTESIAN_POINT('Origin',(23.0905569627743,-3.14891667127872,1.57178304752043));
#8252=CARTESIAN_POINT('',(23.6698729810774,-2.21242349463365,1.23092740662822));
#8253=CARTESIAN_POINT('',(24.0210403248006,-2.78398183480919,1.43895762959872));
#8254=CARTESIAN_POINT('Origin',(28.,0.136808057330268,0.375877048314363));
#8255=CARTESIAN_POINT('Origin',(23.9521189138498,-3.90336355832548,1.42070814874988));
#8256=CARTESIAN_POINT('',(23.9492211321564,-1.90411785855244,6.91848219203188));
#8257=CARTESIAN_POINT('',(23.9492211321564,-3.9049356970076,1.42128036043431));
#8258=CARTESIAN_POINT('',(26.1819141496656,-0.692810924677115,6.477602523541));
#8259=CARTESIAN_POINT('Origin',(18.5,-7.98738727668022,2.90717121826818));
#8260=CARTESIAN_POINT('',(24.1916738879127,-7.98738727668022,2.90717121826819));
#8261=CARTESIAN_POINT('',(18.5,-6.49959965321356,6.99483411868689));
#8262=CARTESIAN_POINT('',(23.,-6.49959965321356,6.99483411868688));
#8263=CARTESIAN_POINT('',(18.5,-9.47517490014688,-1.18049168215052));
#8264=CARTESIAN_POINT('',(18.5,-7.98738727668022,2.90717121826818));
#8265=CARTESIAN_POINT('',(23.,-9.47517490014688,-1.18049168215051));
#8266=CARTESIAN_POINT('Origin',(23.191673887926,-4.51834856584939,1.64454438600856));
#8267=CARTESIAN_POINT('',(23.8987806691186,-3.85388554145484,1.40269962335845));
#8268=CARTESIAN_POINT('Origin',(23.191673887926,-2.51753072739423,7.14174621760612));
#8269=CARTESIAN_POINT('',(24.1916738879347,-4.51834856585498,1.6445443860106));
#8270=CARTESIAN_POINT('Origin',(23.0905569627746,3.28572472860973,-1.19590599920634));
#8271=CARTESIAN_POINT('',(23.9565816626704,4.81669511102795,4.47230632103437));
#8272=CARTESIAN_POINT('',(23.9565816626704,2.81587727257279,-1.02489551056319));
#8273=CARTESIAN_POINT('',(23.5905580412178,6.1003396633237,4.00509791262075));
#8274=CARTESIAN_POINT('Origin',(23.0905569627746,5.28654256706489,4.30129583239123));
#8275=CARTESIAN_POINT('',(23.5905580412178,3.96271376753827,-1.86798096729117));
#8276=CARTESIAN_POINT('',(23.5905580412178,4.09952182486854,-1.49210391897681));
#8277=CARTESIAN_POINT('',(23.8921019403139,3.71079129504189,-1.77628868595974));
#8278=CARTESIAN_POINT('Origin',(23.0905569627746,3.14891667127946,-1.5717830475207));
#8279=CARTESIAN_POINT('',(23.8921019403139,3.84759935237215,-1.40041163764538));
#8280=CARTESIAN_POINT('Origin',(21.2335061552056,2.00081783845567,5.49720183159738));
#8281=CARTESIAN_POINT('',(18.5,5.33251430853489,4.28456348687876));
#8282=CARTESIAN_POINT('',(18.5,5.06440670417201,4.38214667444727));
#8283=CARTESIAN_POINT('',(18.5,9.98820511513538,2.59003061332938));
#8284=CARTESIAN_POINT('',(18.3764553476371,5.13143360526273,4.35775087755515));
#8285=CARTESIAN_POINT('',(20.1691471747612,4.15884130373766,4.71174552538673));
#8286=CARTESIAN_POINT('',(18.8872889242972,5.9628639657456,4.05513497447416));
#8287=CARTESIAN_POINT('Origin',(20.126455347637,5.97890765153044,-2.17614441858352));
#8288=CARTESIAN_POINT('',(20.126455347637,5.84209959420017,-2.55202146689789));
#8289=CARTESIAN_POINT('',(21.919147174761,4.86950729267534,-2.19802681906639));
#8290=CARTESIAN_POINT('',(20.126455347637,7.9797254899856,3.32105741301404));
#8291=CARTESIAN_POINT('',(24.2690823665593,5.73221864818989,4.13908300473732));
#8292=CARTESIAN_POINT('',(20.126455347637,5.97890765153044,-2.17614441858352));
#8293=CARTESIAN_POINT('Origin',(18.3764553476371,3.13061576680757,-1.13945095404242));
#8294=CARTESIAN_POINT('',(18.3764553476371,2.9938077094773,-1.51532800235678));
#8295=CARTESIAN_POINT('',(18.0122889242972,2.40109212759874,-1.29959717316721));
#8296=CARTESIAN_POINT('',(18.7956006548963,5.81363256365487,4.109450762853));
#8297=CARTESIAN_POINT('',(18.3764553476371,3.13061576680757,-1.13945095404242));
#8298=CARTESIAN_POINT('Origin',(21.8405686933214,1.25122416104131,-0.455408351013738));
#8299=CARTESIAN_POINT('',(21.8405686933673,1.11441610378575,-0.831285399355295));
#8300=CARTESIAN_POINT('',(21.9012038476033,1.0815196050691,-0.819312053010857));
#8301=CARTESIAN_POINT('',(21.8405686933673,3.25204199957118,5.04179348055663));
#8302=CARTESIAN_POINT('',(24.2511390394013,1.9442309605835,5.5177977707929));
#8303=CARTESIAN_POINT('',(21.8405686933673,1.25122416111602,-0.455408351040931));
#8304=CARTESIAN_POINT('Origin',(23.0905569627743,-3.28572472860899,1.19590599920607));
#8305=CARTESIAN_POINT('',(23.8921019403134,-3.84759935237168,1.40041163764521));
#8306=CARTESIAN_POINT('',(23.5905571150736,-2.098704488876,6.98930593345581));
#8307=CARTESIAN_POINT('',(23.5905571150736,-4.09952232733116,1.49210410185825));
#8308=CARTESIAN_POINT('',(23.9565823666069,-0.815060579839215,6.52209775916931));
#8309=CARTESIAN_POINT('Origin',(23.0905569627743,-1.28490689015382,6.69310783080363));
#8310=CARTESIAN_POINT('',(23.9565823666069,-2.81587841829438,1.02489592757175));
#8311=CARTESIAN_POINT('Origin',(21.2335061552056,2.00081783845567,5.49720183159738));
#8312=CARTESIAN_POINT('',(18.5,-1.06277102726022,6.61225698874732));
#8313=CARTESIAN_POINT('',(18.5,-1.33087863162412,6.7098401763162));
#8314=CARTESIAN_POINT('',(18.5,9.98820511513538,2.59003061332938));
#8315=CARTESIAN_POINT('',(18.3764553476366,-1.12979792835117,6.63665278563953));
#8316=CARTESIAN_POINT('',(18.0122889242968,-0.537082346472505,6.42092195644993));
#8317=CARTESIAN_POINT('',(21.9011954230887,0.782485605489701,5.94063849984407));
#8318=CARTESIAN_POINT('Origin',(23.5905571150736,-4.09952232733113,1.49210410185824));
#8319=CARTESIAN_POINT('',(20.1264553476361,-3.97808981307426,7.67334625018072));
#8320=CARTESIAN_POINT('',(20.1264553476361,-5.97890765152942,2.17614441858315));
#8321=CARTESIAN_POINT('',(26.0011332502774,-0.790890309179943,6.51330050009518));
#8322=CARTESIAN_POINT('Origin',(18.3764553476366,-3.13061576680633,1.13945095404197));
#8323=CARTESIAN_POINT('',(21.840551844301,0.749584536266587,5.95261350971681));
#8324=CARTESIAN_POINT('',(21.840551844301,-1.25123330218857,0.45541167811925));
#8325=CARTESIAN_POINT('',(22.519082366559,1.1177089134444,5.8186271939163));
#8326=CARTESIAN_POINT('',(18.3764553476366,-3.13061576680633,1.13945095404197));
#8327=CARTESIAN_POINT('Origin',(20.1264553476361,-5.97890765152942,2.17614441858315));
#8328=CARTESIAN_POINT('',(19.6706006548955,-3.23614282910494,7.4032996326123));
#8329=CARTESIAN_POINT('Origin',(28.,0.,0.));
#8330=CARTESIAN_POINT('',(23.8987806691192,3.71707748412511,-1.77857667167301));
#8331=CARTESIAN_POINT('Origin',(28.,-0.136808057330267,-0.375877048314364));
#8332=CARTESIAN_POINT('',(23.8987806691192,3.85388554145537,-1.40269962335864));
#8333=CARTESIAN_POINT('Origin',(32.6625025426404,-0.136808057330267,-0.375877048314364));
#8334=CARTESIAN_POINT('Origin',(23.1916738879267,4.38154050851974,-2.02042143432315));
#8335=CARTESIAN_POINT('',(23.2065827082679,1.45837439502614,-0.956475979195862));
#8336=CARTESIAN_POINT('Origin',(22.3405569627747,1.92822014925495,-1.1274858484315));
#8337=CARTESIAN_POINT('',(23.6698729810777,2.21242349463434,-1.23092740662847));
#8338=CARTESIAN_POINT('',(23.6698729810777,2.21242349463434,-1.23092740662847));
#8339=CARTESIAN_POINT('Origin',(28.,-0.136808057330267,-0.375877048314364));
#8340=CARTESIAN_POINT('Origin',(27.5,2.00081783845516,5.49720183159756));
#8341=CARTESIAN_POINT('',(18.5,8.57866618395652,3.10306082831788));
#8342=CARTESIAN_POINT('',(27.75,8.57866618395652,3.10306082831788));
#8343=CARTESIAN_POINT('',(18.5,9.98820511513538,2.59003061332938));
#8344=CARTESIAN_POINT('',(23.2065827082679,3.59600029081157,4.91660290071606));
#8345=CARTESIAN_POINT('',(23.7507273218746,4.48164754055481,4.5942536637498));
#8346=CARTESIAN_POINT('Origin',(22.3405569627747,4.06584604504038,4.74559303148042));
#8347=CARTESIAN_POINT('',(18.5,9.98820511513538,2.59003061332938));
#8348=CARTESIAN_POINT('',(23.2065820328647,0.405636485382275,6.07780036237258));
#8349=CARTESIAN_POINT('Origin',(22.3405569627744,-0.0642103681293255,6.24881063171444));
#8350=CARTESIAN_POINT('',(23.3757275069712,0.13033609610563,6.17800150955118));
#8351=CARTESIAN_POINT('',(18.5,-4.5770305070462,7.89134283487724));
#8352=CARTESIAN_POINT('',(18.5,9.98820511513538,2.59003061332938));
#8353=CARTESIAN_POINT('',(23.,-4.5770305070462,7.89134283487724));
#8354=CARTESIAN_POINT('',(24.9,3.06395867747703,5.11025021136081));
#8355=CARTESIAN_POINT('',(24.9,0.937676999433292,5.88415345183432));
#8356=CARTESIAN_POINT('',(24.9,2.40499491720717,5.35009340555917));
#8357=CARTESIAN_POINT('',(31.1,3.06395867747704,5.1102502113608));
#8358=CARTESIAN_POINT('Origin',(28.,2.00081783845516,5.49720183159756));
#8359=CARTESIAN_POINT('',(31.1,0.937676999433282,5.88415345183432));
#8360=CARTESIAN_POINT('',(31.1,1.59664075970316,5.64431025763596));
#8361=CARTESIAN_POINT('Origin',(28.,2.00081783845516,5.49720183159756));
#8362=CARTESIAN_POINT('Origin',(24.1916738878789,13.6335329781403,-4.9622001919297));
#8363=CARTESIAN_POINT('',(24.1916738879354,4.51834856585548,-1.64454438601078));
#8364=CARTESIAN_POINT('Origin',(28.,0.,0.));
#8365=CARTESIAN_POINT('',(23.6698729810774,-2.34923155196392,0.85505035831386));
#8366=CARTESIAN_POINT('Origin',(24.1916738879347,-4.51834856585498,1.6445443860106));
#8367=CARTESIAN_POINT('Origin',(23.2065827082675,1.59518245235663,-0.580598930881578));
#8368=CARTESIAN_POINT('',(23.6698729810777,2.3492315519646,-0.855050358314111));
#8369=CARTESIAN_POINT('',(23.2065827082679,1.59518245235641,-0.580598930881498));
#8370=CARTESIAN_POINT('Origin',(22.3405569627747,2.06502820658522,-0.751608800117138));
#8371=CARTESIAN_POINT('Origin',(23.1916738879267,4.51834856585001,-1.64454438600879));
#8372=CARTESIAN_POINT('Origin',(28.,0.,0.));
#8373=CARTESIAN_POINT('Origin',(22.3405569627744,-2.06502820658449,0.751608800116872));
#8374=CARTESIAN_POINT('',(23.2065820328647,-1.59518135307289,0.580598530775016));
#8375=CARTESIAN_POINT('Origin',(23.6698729810774,-2.34923155196392,0.85505035831386));
#8376=CARTESIAN_POINT('Origin',(28.,0.,0.));
#8377=CARTESIAN_POINT('Origin',(28.,0.,0.));
#8378=CARTESIAN_POINT('Origin',(23.,-5.0900607220347,6.48180390369838));
#8379=CARTESIAN_POINT('Origin',(18.5,-5.0900607220347,6.48180390369838));
#8380=CARTESIAN_POINT('Origin',(27.75,8.06563596896802,1.69352189713902));
#8381=CARTESIAN_POINT('Origin',(18.5,8.06563596896801,1.69352189713902));
#8382=CARTESIAN_POINT('Ctrl Pts',(18.5,9.47517490014688,1.18049168215052));
#8383=CARTESIAN_POINT('Ctrl Pts',(17.7384609289145,9.47517490014688,1.18049168215052));
#8384=CARTESIAN_POINT('Ctrl Pts',(16.2208689068562,9.4908933782804,1.38541655595713));
#8385=CARTESIAN_POINT('Ctrl Pts',(14.1344563755777,9.57223904085301,2.16866435612751));
#8386=CARTESIAN_POINT('Ctrl Pts',(11.5743657406265,9.73799323931452,3.59800126672614));
#8387=CARTESIAN_POINT('Ctrl Pts',(9.22376380001767,9.89940149550876,5.27209024738989));
#8388=CARTESIAN_POINT('Ctrl Pts',(6.64981918752321,9.9844498324069,6.68119838822364));
#8389=CARTESIAN_POINT('Ctrl Pts',(5.22897787586256,9.99999999999918,7.13758875820332));
#8390=CARTESIAN_POINT('Ctrl Pts',(4.50000000062282,10.,7.2460285961963));
#8391=CARTESIAN_POINT('Ctrl Pts',(18.5,9.62867318152568,1.60222474416388));
#8392=CARTESIAN_POINT('Ctrl Pts',(17.7714854825109,9.62867318152568,1.60222474416388));
#8393=CARTESIAN_POINT('Ctrl Pts',(16.3178382424237,9.63733403456251,1.80166886741667));
#8394=CARTESIAN_POINT('Ctrl Pts',(14.3046716727767,9.68753497496017,2.56748634976653));
#8395=CARTESIAN_POINT('Ctrl Pts',(11.800617128809,9.7985608855883,3.9731769242273));
#8396=CARTESIAN_POINT('Ctrl Pts',(9.45553078710108,9.91724245293244,5.64234889619685));
#8397=CARTESIAN_POINT('Ctrl Pts',(6.83007022337738,9.98560575838513,7.08922927857278));
#8398=CARTESIAN_POINT('Ctrl Pts',(5.34132195496525,9.99951149414333,7.57376771832871));
#8399=CARTESIAN_POINT('Ctrl Pts',(4.56694940914664,9.99999999999993,7.68975520614864));
#8400=CARTESIAN_POINT('Ctrl Pts',(18.5,9.54105376174418,2.46135051835724));
#8401=CARTESIAN_POINT('Ctrl Pts',(17.8372518840708,9.54105376174418,2.46135051835724));
#8402=CARTESIAN_POINT('Ctrl Pts',(16.5108685458519,9.53448388895973,2.64366461464715));
#8403=CARTESIAN_POINT('Ctrl Pts',(14.6258892653256,9.52693465867872,3.35120357399299));
#8404=CARTESIAN_POINT('Ctrl Pts',(12.2022773110687,9.54605746378729,4.67498392288117));
#8405=CARTESIAN_POINT('Ctrl Pts',(9.84990524429804,9.59423866900504,6.30622006844734));
#8406=CARTESIAN_POINT('Ctrl Pts',(7.13465283962264,9.62060726093028,7.79989533993694));
#8407=CARTESIAN_POINT('Ctrl Pts',(5.53258948766553,9.6238826832427,8.32945539038807));
#8408=CARTESIAN_POINT('Ctrl Pts',(4.68291031294105,9.62391533699766,8.45831970675344));
#8409=CARTESIAN_POINT('Ctrl Pts',(18.5,8.89496598046654,2.98793711728378));
#8410=CARTESIAN_POINT('Ctrl Pts',(17.8757302630224,8.89496598046654,2.98793711728378));
#8411=CARTESIAN_POINT('Ctrl Pts',(16.621661278855,8.87868581439273,3.14969648301883));
#8412=CARTESIAN_POINT('Ctrl Pts',(14.7871800960951,8.84283514639715,3.79325440975461));
#8413=CARTESIAN_POINT('Ctrl Pts',(12.3709622310039,8.828740045289,5.02870664269181));
#8414=CARTESIAN_POINT('Ctrl Pts',(9.9909652549628,8.85230475202318,6.597543402405));
#8415=CARTESIAN_POINT('Ctrl Pts',(7.23354420609289,8.84772144659928,8.06658902265638));
#8416=CARTESIAN_POINT('Ctrl Pts',(5.59608032865812,8.83836300134425,8.59709833446915));
#8417=CARTESIAN_POINT('Ctrl Pts',(4.72377809062546,8.83682467352753,8.72918274868954));
#8418=CARTESIAN_POINT('Ctrl Pts',(18.5,8.57866618395652,3.10306082831788));
#8419=CARTESIAN_POINT('Ctrl Pts',(17.8834101664456,8.57866618395652,3.10306082831788));
#8420=CARTESIAN_POINT('Ctrl Pts',(16.6436171435011,8.56008799769394,3.25727073727958));
#8421=CARTESIAN_POINT('Ctrl Pts',(14.8116772363341,8.51962384912999,3.87904164194155));
#8422=CARTESIAN_POINT('Ctrl Pts',(12.3852515924346,8.50322882756812,5.08499135194716));
#8423=CARTESIAN_POINT('Ctrl Pts',(9.99229355032125,8.52571689445628,6.62882421337705));
#8424=CARTESIAN_POINT('Ctrl Pts',(7.22910896632351,8.51491377808602,8.07559651715114));
#8425=CARTESIAN_POINT('Ctrl Pts',(5.59380288933652,8.50230481353174,8.59797285551208));
#8426=CARTESIAN_POINT('Ctrl Pts',(4.72378689592693,8.50026304345444,8.72924110837974));
#8427=CARTESIAN_POINT('',(4.50000000056276,10.,7.2460285961963));
#8428=CARTESIAN_POINT('',(4.72378689592693,8.50026304345444,8.72924110837975));
#8429=CARTESIAN_POINT('Origin',(4.50000000062113,8.5,7.2460285961963));
#8430=CARTESIAN_POINT('Ctrl Pts',(4.72378689592693,8.50026304345444,8.72924110837974));
#8431=CARTESIAN_POINT('Ctrl Pts',(5.59380288933652,8.50230481353174,8.59797285551208));
#8432=CARTESIAN_POINT('Ctrl Pts',(7.22910896632351,8.51491377808602,8.07559651715114));
#8433=CARTESIAN_POINT('Ctrl Pts',(9.99229355032125,8.52571689445628,6.62882421337705));
#8434=CARTESIAN_POINT('Ctrl Pts',(12.3852515924346,8.50322882756812,5.08499135194716));
#8435=CARTESIAN_POINT('Ctrl Pts',(14.8116772363341,8.51962384912999,3.87904164194155));
#8436=CARTESIAN_POINT('Ctrl Pts',(16.6436171435011,8.56008799769394,3.25727073727958));
#8437=CARTESIAN_POINT('Ctrl Pts',(17.8834101664456,8.57866618395652,3.10306082831788));
#8438=CARTESIAN_POINT('Ctrl Pts',(18.5,8.57866618395652,3.10306082831788));
#8439=CARTESIAN_POINT('Ctrl Pts',(18.5,9.47517490014688,1.18049168215052));
#8440=CARTESIAN_POINT('Ctrl Pts',(17.7384609289145,9.47517490014688,1.18049168215052));
#8441=CARTESIAN_POINT('Ctrl Pts',(16.2208689068562,9.4908933782804,1.38541655595713));
#8442=CARTESIAN_POINT('Ctrl Pts',(14.1344563755777,9.57223904085301,2.16866435612751));
#8443=CARTESIAN_POINT('Ctrl Pts',(11.5743657406265,9.73799323931452,3.59800126672614));
#8444=CARTESIAN_POINT('Ctrl Pts',(9.22376380001767,9.89940149550876,5.27209024738989));
#8445=CARTESIAN_POINT('Ctrl Pts',(6.64981918752321,9.9844498324069,6.68119838822364));
#8446=CARTESIAN_POINT('Ctrl Pts',(5.22897787586256,9.99999999999918,7.13758875820332));
#8447=CARTESIAN_POINT('Ctrl Pts',(4.50000000062282,10.,7.2460285961963));
#8448=CARTESIAN_POINT('Ctrl Pts',(18.5,-4.5770305070462,7.89134283487725));
#8449=CARTESIAN_POINT('Ctrl Pts',(17.0496893491135,-4.5770305070462,7.89134283487725));
#8450=CARTESIAN_POINT('Ctrl Pts',(14.9318570430353,-5.01099288119694,7.90722845887147));
#8451=CARTESIAN_POINT('Ctrl Pts',(11.7386253804276,-6.22895877414978,8.06620456726325));
#8452=CARTESIAN_POINT('Ctrl Pts',(9.28591488396536,-7.41330208817048,8.26094472010725));
#8453=CARTESIAN_POINT('Ctrl Pts',(6.70759193944345,-8.30024516762639,8.50422551404769));
#8454=CARTESIAN_POINT('Ctrl Pts',(5.36166024804353,-8.4982666949609,8.65460785673086));
#8455=CARTESIAN_POINT('Ctrl Pts',(4.68182257343134,-8.4997950675884,8.73762678236562));
#8456=CARTESIAN_POINT('Ctrl Pts',(18.5,-4.99876356905956,8.04484111625605));
#8457=CARTESIAN_POINT('Ctrl Pts',(17.0957302826273,-4.99876356905956,8.04484111625605));
#8458=CARTESIAN_POINT('Ctrl Pts',(15.0381822245861,-5.43207493655286,8.0426469386038));
#8459=CARTESIAN_POINT('Ctrl Pts',(11.9017583315202,-6.64383362440607,8.13983003258275));
#8460=CARTESIAN_POINT('Ctrl Pts',(9.44919875772942,-7.82453054864321,8.28204123469648));
#8461=CARTESIAN_POINT('Ctrl Pts',(6.80827887452932,-8.73262848224198,8.49986071928915));
#8462=CARTESIAN_POINT('Ctrl Pts',(5.39959240159354,-8.94437540343243,8.65038757804819));
#8463=CARTESIAN_POINT('Ctrl Pts',(4.68183000644047,-8.9486330486587,8.73768765117035));
#8464=CARTESIAN_POINT('Ctrl Pts',(18.5,-5.85787911589691,7.95719327999157));
#8465=CARTESIAN_POINT('Ctrl Pts',(17.1906787111306,-5.85787911589691,7.95719327999157));
#8466=CARTESIAN_POINT('Ctrl Pts',(15.249036982441,-6.27289087525462,7.90986821187153));
#8467=CARTESIAN_POINT('Ctrl Pts',(12.1876763152281,-7.42582260110813,7.89332045130006));
#8468=CARTESIAN_POINT('Ctrl Pts',(9.71097806793279,-8.56477454595968,7.95610258679208));
#8469=CARTESIAN_POINT('Ctrl Pts',(6.94574864716523,-9.48727023672962,8.13074470981516));
#8470=CARTESIAN_POINT('Ctrl Pts',(5.4222944196822,-9.71787306507431,8.27437211354692));
#8471=CARTESIAN_POINT('Ctrl Pts',(4.63623375654806,-9.72607646361855,8.36430138064832));
#8472=CARTESIAN_POINT('Ctrl Pts',(18.5,-6.38447594217946,7.31113391519691));
#8473=CARTESIAN_POINT('Ctrl Pts',(17.250903692354,-6.38447594217946,7.31113391519691));
#8474=CARTESIAN_POINT('Ctrl Pts',(15.3668350300197,-6.75339895179775,7.22670911025593));
#8475=CARTESIAN_POINT('Ctrl Pts',(12.2950182656646,-7.81086912350454,7.15724593782362));
#8476=CARTESIAN_POINT('Ctrl Pts',(9.77361384639025,-8.88598426503634,7.20359702470557));
#8477=CARTESIAN_POINT('Ctrl Pts',(6.9333610813609,-9.77632332174844,7.36316534988872));
#8478=CARTESIAN_POINT('Ctrl Pts',(5.35610927630658,-9.9964904843546,7.49692652792519));
#8479=CARTESIAN_POINT('Ctrl Pts',(4.54080443927481,-10.0000000000014,7.58283367274952));
#8480=CARTESIAN_POINT('Ctrl Pts',(18.5,-6.49959965321357,6.99483411868688));
#8481=CARTESIAN_POINT('Ctrl Pts',(17.2644096167217,-6.49959965321357,6.99483411868688));
#8482=CARTESIAN_POINT('Ctrl Pts',(15.3889360593469,-6.84732698840053,6.90041507867345));
#8483=CARTESIAN_POINT('Ctrl Pts',(12.2979378499555,-7.86709467899198,6.82388549498885));
#8484=CARTESIAN_POINT('Ctrl Pts',(9.75817019592348,-8.91822099169283,6.8736198403242));
#8485=CARTESIAN_POINT('Ctrl Pts',(6.90176038314142,-9.78913779589198,7.03329828023403));
#8486=CARTESIAN_POINT('Ctrl Pts',(5.31762769352737,-10.0000000000277,7.16447653056915));
#8487=CARTESIAN_POINT('Ctrl Pts',(4.5000000001787,-10.,7.24868739143094));
#8488=CARTESIAN_POINT('',(4.68182257343134,-8.4997950675884,8.73762678236562));
#8489=CARTESIAN_POINT('',(4.5000000003407,-10.,7.24868739143094));
#8490=CARTESIAN_POINT('Origin',(4.50000000022943,-8.5,7.24868739143094));
#8491=CARTESIAN_POINT('Ctrl Pts',(4.5000000001787,-10.,7.24868739143094));
#8492=CARTESIAN_POINT('Ctrl Pts',(5.31762769352737,-10.0000000000277,7.16447653056915));
#8493=CARTESIAN_POINT('Ctrl Pts',(6.90176038314142,-9.78913779589198,7.03329828023403));
#8494=CARTESIAN_POINT('Ctrl Pts',(9.75817019592348,-8.91822099169283,6.8736198403242));
#8495=CARTESIAN_POINT('Ctrl Pts',(12.2979378499555,-7.86709467899198,6.82388549498885));
#8496=CARTESIAN_POINT('Ctrl Pts',(15.3889360593469,-6.84732698840053,6.90041507867345));
#8497=CARTESIAN_POINT('Ctrl Pts',(17.2644096167217,-6.49959965321357,6.99483411868688));
#8498=CARTESIAN_POINT('Ctrl Pts',(18.5,-6.49959965321357,6.99483411868688));
#8499=CARTESIAN_POINT('Ctrl Pts',(18.5,-4.5770305070462,7.89134283487725));
#8500=CARTESIAN_POINT('Ctrl Pts',(17.0496893491135,-4.5770305070462,7.89134283487725));
#8501=CARTESIAN_POINT('Ctrl Pts',(14.9318570430353,-5.01099288119694,7.90722845887147));
#8502=CARTESIAN_POINT('Ctrl Pts',(11.7386253804276,-6.22895877414978,8.06620456726325));
#8503=CARTESIAN_POINT('Ctrl Pts',(9.28591488396536,-7.41330208817048,8.26094472010725));
#8504=CARTESIAN_POINT('Ctrl Pts',(6.70759193944345,-8.30024516762639,8.50422551404769));
#8505=CARTESIAN_POINT('Ctrl Pts',(5.36166024804353,-8.4982666949609,8.65460785673086));
#8506=CARTESIAN_POINT('Ctrl Pts',(4.68182257343134,-8.4997950675884,8.73762678236562));
#8507=CARTESIAN_POINT('Ctrl Pts',(5.51059262542149E-16,8.5,8.99999999975301));
#8508=CARTESIAN_POINT('Ctrl Pts',(0.823742694213877,8.5,8.99999999964696));
#8509=CARTESIAN_POINT('Ctrl Pts',(2.34818211736328,8.5,8.9766974190566));
#8510=CARTESIAN_POINT('Ctrl Pts',(3.85271302074805,8.5,8.84017717717297));
#8511=CARTESIAN_POINT('Ctrl Pts',(4.50000000050269,8.5,8.75999097913639));
#8512=CARTESIAN_POINT('Ctrl Pts',(5.51059262542149E-16,8.94879895051283,
8.99999999975301));
#8513=CARTESIAN_POINT('Ctrl Pts',(0.823742694213474,8.94879895051283,8.99999999964696));
#8514=CARTESIAN_POINT('Ctrl Pts',(2.34807939093494,8.94879895051283,8.97671627940133));
#8515=CARTESIAN_POINT('Ctrl Pts',(3.85260191340082,8.94879895051283,8.84019094120041));
#8516=CARTESIAN_POINT('Ctrl Pts',(4.50000000050269,8.94879895051283,8.75999097913639));
#8517=CARTESIAN_POINT('Ctrl Pts',(-4.84106757851232E-11,9.72625639341106,
8.62395948937257));
#8518=CARTESIAN_POINT('Ctrl Pts',(0.823742694196663,9.72625639341106,8.62395948926652));
#8519=CARTESIAN_POINT('Ctrl Pts',(2.32757994864865,9.72625639341105,8.60080499998995));
#8520=CARTESIAN_POINT('Ctrl Pts',(3.81508934328631,9.72625639341106,8.46592306338236));
#8521=CARTESIAN_POINT('Ctrl Pts',(4.45376932114127,9.72625639341106,8.38680310455715));
#8522=CARTESIAN_POINT('Ctrl Pts',(-1.49774959454214E-10,10.,7.83659921263763));
#8523=CARTESIAN_POINT('Ctrl Pts',(0.82374269416022,10.,7.83659921253158));
#8524=CARTESIAN_POINT('Ctrl Pts',(2.28434127968792,10.,7.81377343160352));
#8525=CARTESIAN_POINT('Ctrl Pts',(3.73620245851216,10.,7.68231677292989));
#8526=CARTESIAN_POINT('Ctrl Pts',(4.35697070638875,10.,7.60541572715584));
#8527=CARTESIAN_POINT('Ctrl Pts',(-1.93108537621399E-10,10.,7.49999999975301));
#8528=CARTESIAN_POINT('Ctrl Pts',(0.823742694144607,10.,7.49999999964696));
#8529=CARTESIAN_POINT('Ctrl Pts',(2.26584788479813,10.,7.4773163428889));
#8530=CARTESIAN_POINT('Ctrl Pts',(3.70246861827537,10.,7.34732356985188));
#8531=CARTESIAN_POINT('Ctrl Pts',(4.31558896730848,10.,7.27136994917737));
#8532=CARTESIAN_POINT('',(4.50000000050269,8.5,8.75999097913639));
#8533=CARTESIAN_POINT('',(4.31558896730848,10.,7.27136994917737));
#8534=CARTESIAN_POINT('Origin',(4.31558896730848,8.5,7.27136994917737));
#8535=CARTESIAN_POINT('',(-1.9310858467847E-10,10.,7.49999999975301));
#8536=CARTESIAN_POINT('Ctrl Pts',(4.31558896730848,10.,7.27136994917737));
#8537=CARTESIAN_POINT('Ctrl Pts',(3.70246861827537,10.,7.34732356985188));
#8538=CARTESIAN_POINT('Ctrl Pts',(2.26584788479813,10.,7.4773163428889));
#8539=CARTESIAN_POINT('Ctrl Pts',(0.823742694144607,10.,7.49999999964696));
#8540=CARTESIAN_POINT('Ctrl Pts',(-1.93108537621399E-10,10.,7.49999999975301));
#8541=CARTESIAN_POINT('Origin',(-1.93108537621399E-10,8.5,7.49999999975301));
#8542=CARTESIAN_POINT('Ctrl Pts',(5.51059262542149E-16,8.5,8.99999999975301));
#8543=CARTESIAN_POINT('Ctrl Pts',(0.823742694213877,8.5,8.99999999964696));
#8544=CARTESIAN_POINT('Ctrl Pts',(2.34818211736328,8.5,8.9766974190566));
#8545=CARTESIAN_POINT('Ctrl Pts',(3.85271302074805,8.5,8.84017717717297));
#8546=CARTESIAN_POINT('Ctrl Pts',(4.50000000050269,8.5,8.75999097913639));
#8547=CARTESIAN_POINT('Origin',(0.,8.5,0.));
#8548=CARTESIAN_POINT('',(-7.97780719778616,8.8,4.1));
#8549=CARTESIAN_POINT('Ctrl Pts',(-7.97780719778616,8.8,4.1));
#8550=CARTESIAN_POINT('Ctrl Pts',(-8.00093936544578,8.69920758091885,4.1));
#8551=CARTESIAN_POINT('Ctrl Pts',(-8.01186619958172,8.59497936841358,4.1));
#8552=CARTESIAN_POINT('Ctrl Pts',(-8.01186619958172,8.5,4.1));
#8553=CARTESIAN_POINT('',(-9.66175013718079E-10,10.,-7.5));
#8554=CARTESIAN_POINT('Origin',(0.,10.,0.));
#8555=CARTESIAN_POINT('',(-1.15941001646169E-9,8.5,-9.));
#8556=CARTESIAN_POINT('Origin',(-9.66175013718079E-10,8.5,-7.5));
#8557=CARTESIAN_POINT('',(-8.01186619958172,8.5,-4.1));
#8558=CARTESIAN_POINT('Origin',(0.,8.5,0.));
#8559=CARTESIAN_POINT('',(-7.97780719778616,8.8,-4.1));
#8560=CARTESIAN_POINT('Ctrl Pts',(-8.01186619958172,8.5,-4.1));
#8561=CARTESIAN_POINT('Ctrl Pts',(-8.01186619958172,8.59497936841358,-4.1));
#8562=CARTESIAN_POINT('Ctrl Pts',(-8.00093936544578,8.69920758091885,-4.1));
#8563=CARTESIAN_POINT('Ctrl Pts',(-7.97780719778616,8.8,-4.1));
#8564=CARTESIAN_POINT('Origin',(0.,8.8,0.));
#8565=CARTESIAN_POINT('Ctrl Pts',(4.49999999949847,8.5,-8.75999098033089));
#8566=CARTESIAN_POINT('Ctrl Pts',(3.85271301972993,8.5,-8.84017717828819));
#8567=CARTESIAN_POINT('Ctrl Pts',(2.34818211631794,8.5,-8.97669741998518));
#8568=CARTESIAN_POINT('Ctrl Pts',(0.823742693162441,8.5,-9.00000000038494));
#8569=CARTESIAN_POINT('Ctrl Pts',(-1.0627925698258E-9,8.5,-9.00000000038494));
#8570=CARTESIAN_POINT('Ctrl Pts',(4.49999999949847,8.94879895051283,-8.75999098033089));
#8571=CARTESIAN_POINT('Ctrl Pts',(3.8526019123827,8.94879895051283,-8.84019094231562));
#8572=CARTESIAN_POINT('Ctrl Pts',(2.34807938988959,8.94879895051283,-8.9767162803299));
#8573=CARTESIAN_POINT('Ctrl Pts',(0.823742693162063,8.94879895051283,-9.00000000038494));
#8574=CARTESIAN_POINT('Ctrl Pts',(-1.0627925698258E-9,8.94879895051283,
-9.00000000038494));
#8575=CARTESIAN_POINT('Ctrl Pts',(4.45376932018304,9.72625639341105,-8.38680310574595));
#8576=CARTESIAN_POINT('Ctrl Pts',(3.81508934231459,9.72625639341105,-8.46592306449291));
#8577=CARTESIAN_POINT('Ctrl Pts',(2.32757994765077,9.72625639341105,-8.60080500091592));
#8578=CARTESIAN_POINT('Ctrl Pts',(0.823742693191759,9.72625639341105,-8.62395949000449));
#8579=CARTESIAN_POINT('Ctrl Pts',(-1.0627925698258E-9,9.72625639341105,
-8.62395949000449));
#8580=CARTESIAN_POINT('Ctrl Pts',(4.35697070552682,10.,-7.60541572833271));
#8581=CARTESIAN_POINT('Ctrl Pts',(3.7362024576376,10.,-7.68231677403064));
#8582=CARTESIAN_POINT('Ctrl Pts',(2.28434127878939,10.,-7.81377343252404));
#8583=CARTESIAN_POINT('Ctrl Pts',(0.823742693252776,10.,-7.83659921326957));
#8584=CARTESIAN_POINT('Ctrl Pts',(-1.0627925698258E-9,10.,-7.83659921326957));
#8585=CARTESIAN_POINT('Ctrl Pts',(4.31558896648772,10.,-7.27136995034914));
#8586=CARTESIAN_POINT('Ctrl Pts',(3.70246861744234,10.,-7.34732357094844));
#8587=CARTESIAN_POINT('Ctrl Pts',(2.26584788394209,10.,-7.4773163438071));
#8588=CARTESIAN_POINT('Ctrl Pts',(0.823742693278827,10.,-7.50000000038494));
#8589=CARTESIAN_POINT('Ctrl Pts',(-1.0627925698258E-9,10.,-7.50000000038494));
#8590=CARTESIAN_POINT('',(4.31558896648772,10.,-7.27136995034914));
#8591=CARTESIAN_POINT('Ctrl Pts',(-1.0627925698258E-9,10.,-7.50000000038494));
#8592=CARTESIAN_POINT('Ctrl Pts',(0.823742693278827,10.,-7.50000000038494));
#8593=CARTESIAN_POINT('Ctrl Pts',(2.26584788394209,10.,-7.4773163438071));
#8594=CARTESIAN_POINT('Ctrl Pts',(3.70246861744234,10.,-7.34732357094844));
#8595=CARTESIAN_POINT('Ctrl Pts',(4.31558896648772,10.,-7.27136995034914));
#8596=CARTESIAN_POINT('Origin',(4.31558896648772,8.5,-7.27136995034914));
#8597=CARTESIAN_POINT('Ctrl Pts',(4.49999999949847,8.5,-8.75999098033089));
#8598=CARTESIAN_POINT('Ctrl Pts',(3.85271301972993,8.5,-8.84017717828819));
#8599=CARTESIAN_POINT('Ctrl Pts',(2.34818211631794,8.5,-8.97669741998518));
#8600=CARTESIAN_POINT('Ctrl Pts',(0.823742693162441,8.5,-9.00000000038494));
#8601=CARTESIAN_POINT('Ctrl Pts',(-1.0627925698258E-9,8.5,-9.00000000038494));
#8602=CARTESIAN_POINT('Ctrl Pts',(4.50000000059259,10.,7.2460285962006));
#8603=CARTESIAN_POINT('Ctrl Pts',(4.43864460290305,10.,7.25528588997748));
#8604=CARTESIAN_POINT('Ctrl Pts',(4.37716809582006,10.,7.26374149943531));
#8605=CARTESIAN_POINT('Ctrl Pts',(4.31558896730848,10.,7.27136994917737));
#8606=CARTESIAN_POINT('Ctrl Pts',(4.56694940911462,10.,7.68975520615328));
#8607=CARTESIAN_POINT('Ctrl Pts',(4.50171776418678,10.00000138874,7.69963167147987));
#8608=CARTESIAN_POINT('Ctrl Pts',(4.43634884173195,10.,7.708639717277));
#8609=CARTESIAN_POINT('Ctrl Pts',(4.37076461941551,10.,7.71676431981533));
#8610=CARTESIAN_POINT('Ctrl Pts',(4.68292638092466,9.62404464982513,8.45842620220718));
#8611=CARTESIAN_POINT('Ctrl Pts',(4.61103636940346,9.62398524928567,8.46936190394928));
#8612=CARTESIAN_POINT('Ctrl Pts',(4.53880858223872,9.62395571678953,8.47934409435006));
#8613=CARTESIAN_POINT('Ctrl Pts',(4.46634538658144,9.62395571678953,8.48832086715575));
#8614=CARTESIAN_POINT('Ctrl Pts',(4.72377809059055,8.83682467352749,8.72918274869482));
#8615=CARTESIAN_POINT('Ctrl Pts',(4.64950302918074,8.83667487888929,8.7404292855737));
#8616=CARTESIAN_POINT('Ctrl Pts',(4.57491591915568,8.83659921288462,8.75071036191854));
#8617=CARTESIAN_POINT('Ctrl Pts',(4.50000000050269,8.83659921288462,8.75999097913639));
#8618=CARTESIAN_POINT('Ctrl Pts',(4.72378689589239,8.50026304345436,8.72924110838496));
#8619=CARTESIAN_POINT('Ctrl Pts',(4.64951535702879,8.50008874159459,8.74044721863811));
#8620=CARTESIAN_POINT('Ctrl Pts',(4.57490568330719,8.5,8.75071162993999));
#8621=CARTESIAN_POINT('Ctrl Pts',(4.50000000050269,8.5,8.75999097913639));
#8622=CARTESIAN_POINT('Ctrl Pts',(4.50000000050269,8.5,8.75999097913639));
#8623=CARTESIAN_POINT('Ctrl Pts',(4.57490568330719,8.5,8.75071162993999));
#8624=CARTESIAN_POINT('Ctrl Pts',(4.64951535702879,8.50008874159459,8.74044721863811));
#8625=CARTESIAN_POINT('Ctrl Pts',(4.72378689589239,8.50026304345436,8.72924110838496));
#8626=CARTESIAN_POINT('Ctrl Pts',(4.50000000059259,10.,7.2460285962006));
#8627=CARTESIAN_POINT('Ctrl Pts',(4.43864460290305,10.,7.25528588997748));
#8628=CARTESIAN_POINT('Ctrl Pts',(4.37716809582006,10.,7.26374149943531));
#8629=CARTESIAN_POINT('Ctrl Pts',(4.31558896730848,10.,7.27136994917737));
#8630=CARTESIAN_POINT('Ctrl Pts',(18.5,4.57703050704619,-7.89134283487724));
#8631=CARTESIAN_POINT('Ctrl Pts',(17.0496893492226,4.57703050704619,-7.89134283487724));
#8632=CARTESIAN_POINT('Ctrl Pts',(14.228982436329,5.15587438533786,-7.91344540678075));
#8633=CARTESIAN_POINT('Ctrl Pts',(10.5220586991124,6.81674328740738,-8.15392832798492));
#8634=CARTESIAN_POINT('Ctrl Pts',(7.38383466577115,8.19167555599847,-8.4311359802349));
#8635=CARTESIAN_POINT('Ctrl Pts',(5.36166024793966,8.49826669495233,-8.65460785791958));
#8636=CARTESIAN_POINT('Ctrl Pts',(4.6818225732533,8.49979506758658,-8.7376267834809));
#8637=CARTESIAN_POINT('Ctrl Pts',(18.5,4.99876356905956,-8.04484111625605));
#8638=CARTESIAN_POINT('Ctrl Pts',(17.0957302827406,4.99876356905956,-8.04484111625605));
#8639=CARTESIAN_POINT('Ctrl Pts',(14.3562396364943,5.57798639014248,-8.04240425999645));
#8640=CARTESIAN_POINT('Ctrl Pts',(10.6976380451841,7.2256484250022,-8.19752293592182));
#8641=CARTESIAN_POINT('Ctrl Pts',(7.5144412157285,8.61528901437753,-8.42665791411793));
#8642=CARTESIAN_POINT('Ctrl Pts',(5.39959240148519,8.94437540342894,-8.65038757924484));
#8643=CARTESIAN_POINT('Ctrl Pts',(4.6818300062625,8.94863304865723,-8.73768765228616));
#8644=CARTESIAN_POINT('Ctrl Pts',(18.5,5.8578791158969,-7.95719327999156));
#8645=CARTESIAN_POINT('Ctrl Pts',(17.1906787112218,5.8578791158969,-7.95719327999156));
#8646=CARTESIAN_POINT('Ctrl Pts',(14.6055491689113,6.41382287797446,-7.89227503568481));
#8647=CARTESIAN_POINT('Ctrl Pts',(10.9906224321972,7.97651248932322,-7.90269276479624));
#8648=CARTESIAN_POINT('Ctrl Pts',(7.70653048551704,9.35755105839784,-8.06170817516472));
#8649=CARTESIAN_POINT('Ctrl Pts',(5.42229441959284,9.71787306508114,-8.27437211474471));
#8650=CARTESIAN_POINT('Ctrl Pts',(4.63623375641476,9.7260764636181,-8.36430138175901));
#8651=CARTESIAN_POINT('Ctrl Pts',(18.5,6.38447594217946,-7.31113391519691));
#8652=CARTESIAN_POINT('Ctrl Pts',(17.2509036923884,6.38447594217946,-7.31113391519691));
#8653=CARTESIAN_POINT('Ctrl Pts',(14.7393560265776,6.87821998339616,-7.19409894967904));
#8654=CARTESIAN_POINT('Ctrl Pts',(11.0793766951469,8.32148248266114,-7.15287895183203));
#8655=CARTESIAN_POINT('Ctrl Pts',(7.72101024376143,9.65081166786632,-7.30021892350953));
#8656=CARTESIAN_POINT('Ctrl Pts',(5.35610927627257,9.99649048435861,-7.49692652910752));
#8657=CARTESIAN_POINT('Ctrl Pts',(4.54080443923488,10.0000000000014,-7.5828336738482));
#8658=CARTESIAN_POINT('Ctrl Pts',(18.5,6.49959965321356,-6.99483411868688));
#8659=CARTESIAN_POINT('Ctrl Pts',(17.2644096167309,6.49959965321356,-6.99483411868688));
#8660=CARTESIAN_POINT('Ctrl Pts',(14.7624789067136,6.96444595411718,-6.86380736897515));
#8661=CARTESIAN_POINT('Ctrl Pts',(11.0716396931219,8.36354140163592,-6.82001830131795));
#8662=CARTESIAN_POINT('Ctrl Pts',(7.69332973886391,9.66841102533916,-6.97196966259491));
#8663=CARTESIAN_POINT('Ctrl Pts',(5.31762769351869,10.0000000000277,-7.16447653174492));
#8664=CARTESIAN_POINT('Ctrl Pts',(4.50000000017869,10.,-7.24868739252448));
#8665=CARTESIAN_POINT('',(4.50000000034069,10.,-7.24868739252448));
#8666=CARTESIAN_POINT('Origin',(4.50000000022942,8.5,-7.24868739252448));
#8667=CARTESIAN_POINT('Ctrl Pts',(4.50000000017869,10.,-7.24868739252448));
#8668=CARTESIAN_POINT('Ctrl Pts',(5.31762769351869,10.0000000000277,-7.16447653174492));
#8669=CARTESIAN_POINT('Ctrl Pts',(7.69332973886391,9.66841102533916,-6.97196966259491));
#8670=CARTESIAN_POINT('Ctrl Pts',(11.0716396931219,8.36354140163592,-6.82001830131795));
#8671=CARTESIAN_POINT('Ctrl Pts',(14.7624789067136,6.96444595411718,-6.86380736897515));
#8672=CARTESIAN_POINT('Ctrl Pts',(17.2644096167309,6.49959965321356,-6.99483411868688));
#8673=CARTESIAN_POINT('Ctrl Pts',(18.5,6.49959965321356,-6.99483411868688));
#8674=CARTESIAN_POINT('Origin',(18.5,5.0900607220347,-6.48180390369838));
#8675=CARTESIAN_POINT('Origin',(27.75,5.0900607220347,-6.48180390369838));
#8676=CARTESIAN_POINT('Origin',(23.,-8.06563596896802,-1.69352189713902));
#8677=CARTESIAN_POINT('Origin',(18.5,-8.06563596896802,-1.69352189713902));
#8678=CARTESIAN_POINT('Ctrl Pts',(18.5,-9.47517490014688,-1.18049168215052));
#8679=CARTESIAN_POINT('Ctrl Pts',(17.7384609288728,-9.47517490014688,-1.18049168215052));
#8680=CARTESIAN_POINT('Ctrl Pts',(16.2208689067367,-9.490893378266,-1.38541655602006));
#8681=CARTESIAN_POINT('Ctrl Pts',(14.1344563754431,-9.57223904080919,-2.16866435637451));
#8682=CARTESIAN_POINT('Ctrl Pts',(11.5743657405489,-9.73799323925748,-3.59800126722519));
#8683=CARTESIAN_POINT('Ctrl Pts',(9.22376380004584,-9.89940149547951,-5.27209024808938));
#8684=CARTESIAN_POINT('Ctrl Pts',(6.64981918756511,-9.98444983240534,-6.68119838917995));
#8685=CARTESIAN_POINT('Ctrl Pts',(5.22897787588499,-9.99999999999918,-7.13758875926509));
#8686=CARTESIAN_POINT('Ctrl Pts',(4.50000000062281,-10.,-7.24602859726614));
#8687=CARTESIAN_POINT('Ctrl Pts',(18.5,-9.62867318152569,-1.60222474416388));
#8688=CARTESIAN_POINT('Ctrl Pts',(17.7714854824785,-9.62867318152569,-1.60222474416388));
#8689=CARTESIAN_POINT('Ctrl Pts',(16.317838242329,-9.63733403455117,-1.80166886747636));
#8690=CARTESIAN_POINT('Ctrl Pts',(14.3046716726745,-9.68753497492029,-2.56748635000221));
#8691=CARTESIAN_POINT('Ctrl Pts',(11.8006171287598,-9.79856088552902,-3.97317692470685));
#8692=CARTESIAN_POINT('Ctrl Pts',(9.45553078715286,-9.91724245289837,-5.64234889687127));
#8693=CARTESIAN_POINT('Ctrl Pts',(6.83007022345103,-9.98560575838212,-7.08922927950821));
#8694=CARTESIAN_POINT('Ctrl Pts',(5.34132195500886,-9.99951149414322,-7.57376771938469));
#8695=CARTESIAN_POINT('Ctrl Pts',(4.56694940914942,-9.99999999999993,-7.68975520721761));
#8696=CARTESIAN_POINT('Ctrl Pts',(18.5,-9.54105376174418,-2.46135051835724));
#8697=CARTESIAN_POINT('Ctrl Pts',(17.8372518840593,-9.54105376174418,-2.46135051835724));
#8698=CARTESIAN_POINT('Ctrl Pts',(16.5108685458137,-9.53448388895015,-2.64366461470177));
#8699=CARTESIAN_POINT('Ctrl Pts',(14.6258892652923,-9.52693465864036,-3.35120357420824));
#8700=CARTESIAN_POINT('Ctrl Pts',(12.2022773110707,-9.54605746372849,-4.67498392332427));
#8701=CARTESIAN_POINT('Ctrl Pts',(9.84990524438755,-9.59423866897809,-6.30622006907803));
#8702=CARTESIAN_POINT('Ctrl Pts',(7.13465283974971,-9.62060726093602,-7.7998953408369));
#8703=CARTESIAN_POINT('Ctrl Pts',(5.5325894877455,-9.62388268324658,-8.32945539143434));
#8704=CARTESIAN_POINT('Ctrl Pts',(4.68291031294869,-9.62391533699846,-8.45831970782091));
#8705=CARTESIAN_POINT('Ctrl Pts',(18.5,-8.89496598046654,-2.98793711728378));
#8706=CARTESIAN_POINT('Ctrl Pts',(17.8757302630265,-8.89496598046654,-2.98793711728378));
#8707=CARTESIAN_POINT('Ctrl Pts',(16.6216612788596,-8.8786858143787,-3.14969648306778));
#8708=CARTESIAN_POINT('Ctrl Pts',(14.7871800961064,-8.8428351463524,-3.79325440995538));
#8709=CARTESIAN_POINT('Ctrl Pts',(12.3709622310315,-8.82874004523656,-5.02870664312186));
#8710=CARTESIAN_POINT('Ctrl Pts',(9.9909652550698,-8.85230475201757,-6.59754340303164));
#8711=CARTESIAN_POINT('Ctrl Pts',(7.23354420624142,-8.84772144662113,-8.06658902355527));
#8712=CARTESIAN_POINT('Ctrl Pts',(5.59608032875166,-8.8383630013542,-8.59709833551646));
#8713=CARTESIAN_POINT('Ctrl Pts',(4.72377809063495,-8.83682467352955,-8.72918274975741));
#8714=CARTESIAN_POINT('Ctrl Pts',(18.5,-8.57866618395652,-3.10306082831788));
#8715=CARTESIAN_POINT('Ctrl Pts',(17.8834101664538,-8.57866618395652,-3.10306082831788));
#8716=CARTESIAN_POINT('Ctrl Pts',(16.6436171435173,-8.56008799767791,-3.25727073732597));
#8717=CARTESIAN_POINT('Ctrl Pts',(14.8116772363554,-8.51962384908253,-3.87904164213798));
#8718=CARTESIAN_POINT('Ctrl Pts',(12.3852515924664,-8.50322882751814,-5.08499135237759));
#8719=CARTESIAN_POINT('Ctrl Pts',(9.99229355043104,-8.52571689445788,-6.62882421401067));
#8720=CARTESIAN_POINT('Ctrl Pts',(7.22910896647361,-8.51491377811258,-8.07559651805668));
#8721=CARTESIAN_POINT('Ctrl Pts',(5.59380288943037,-8.50230481354334,-8.59797285656201));
#8722=CARTESIAN_POINT('Ctrl Pts',(4.7237868959365,-8.5002630434568,-8.72924110944814));
#8723=CARTESIAN_POINT('',(4.50000000056275,-10.,-7.24602859726614));
#8724=CARTESIAN_POINT('Origin',(4.50000000062112,-8.5,-7.24602859726614));
#8725=CARTESIAN_POINT('Ctrl Pts',(18.5,-9.47517490014688,-1.18049168215052));
#8726=CARTESIAN_POINT('Ctrl Pts',(17.7384609288728,-9.47517490014688,-1.18049168215052));
#8727=CARTESIAN_POINT('Ctrl Pts',(16.2208689067367,-9.490893378266,-1.38541655602006));
#8728=CARTESIAN_POINT('Ctrl Pts',(14.1344563754431,-9.57223904080919,-2.16866435637451));
#8729=CARTESIAN_POINT('Ctrl Pts',(11.5743657405489,-9.73799323925748,-3.59800126722519));
#8730=CARTESIAN_POINT('Ctrl Pts',(9.22376380004584,-9.89940149547951,-5.27209024808938));
#8731=CARTESIAN_POINT('Ctrl Pts',(6.64981918756511,-9.98444983240534,-6.68119838917995));
#8732=CARTESIAN_POINT('Ctrl Pts',(5.22897787588499,-9.99999999999918,-7.13758875926509));
#8733=CARTESIAN_POINT('Ctrl Pts',(4.50000000062281,-10.,-7.24602859726614));
#8734=CARTESIAN_POINT('Ctrl Pts',(4.31558896648771,10.,-7.27136995034915));
#8735=CARTESIAN_POINT('Ctrl Pts',(4.37705273873356,10.,-7.26375579100012));
#8736=CARTESIAN_POINT('Ctrl Pts',(4.43852308258247,10.,-7.25619467684783));
#8737=CARTESIAN_POINT('Ctrl Pts',(4.50000000022943,10.,-7.24868739252448));
#8738=CARTESIAN_POINT('Ctrl Pts',(4.37076461853986,10.,-7.7167643209939));
#8739=CARTESIAN_POINT('Ctrl Pts',(4.4319706369525,10.,-7.70918209230397));
#8740=CARTESIAN_POINT('Ctrl Pts',(4.49318736585787,9.99999891382209,-7.70166477325275));
#8741=CARTESIAN_POINT('Ctrl Pts',(4.55440591897087,10.,-7.6942157676216));
#8742=CARTESIAN_POINT('Ctrl Pts',(4.46634543771448,9.62395622556831,-8.48832128894345));
#8743=CARTESIAN_POINT('Ctrl Pts',(4.5271087494557,9.62395622556831,-8.48079390295221));
#8744=CARTESIAN_POINT('Ctrl Pts',(4.58787859889525,9.62393337609973,-8.47335435987434));
#8745=CARTESIAN_POINT('Ctrl Pts',(4.64865299323029,9.62388693125758,-8.46600212513192));
#8746=CARTESIAN_POINT('Ctrl Pts',(4.49999999949847,8.83659921288462,-8.75999098033089));
#8747=CARTESIAN_POINT('Ctrl Pts',(4.5606054625638,8.83659921288462,-8.75248314870358));
#8748=CARTESIAN_POINT('Ctrl Pts',(4.62121849493172,8.83654065821549,-8.74504275313311));
#8749=CARTESIAN_POINT('Ctrl Pts',(4.68182814802142,8.83642355338869,-8.73767243508348));
#8750=CARTESIAN_POINT('Ctrl Pts',(4.49999999949847,8.5,-8.75999098033089));
#8751=CARTESIAN_POINT('Ctrl Pts',(4.56060612130722,8.5,-8.75248306709815));
#8752=CARTESIAN_POINT('Ctrl Pts',(4.62121596419456,8.49993131994152,-8.74502780839217));
#8753=CARTESIAN_POINT('Ctrl Pts',(4.6818225732533,8.49979506758658,-8.7376267834809));
#8754=CARTESIAN_POINT('Ctrl Pts',(4.31558896648771,10.,-7.27136995034915));
#8755=CARTESIAN_POINT('Ctrl Pts',(4.37705273873356,10.,-7.26375579100012));
#8756=CARTESIAN_POINT('Ctrl Pts',(4.43852308258247,10.,-7.25619467684783));
#8757=CARTESIAN_POINT('Ctrl Pts',(4.50000000022943,10.,-7.24868739252448));
#8758=CARTESIAN_POINT('Ctrl Pts',(-1.15941028365531E-9,-8.5,-9.00000000038494));
#8759=CARTESIAN_POINT('Ctrl Pts',(0.823742693074185,-8.5,-9.00000000038494));
#8760=CARTESIAN_POINT('Ctrl Pts',(2.3481821162643,-8.5,-8.97669741998949));
#8761=CARTESIAN_POINT('Ctrl Pts',(3.8527130197038,-8.5,-8.84017717829112));
#8762=CARTESIAN_POINT('Ctrl Pts',(4.49999999948485,-8.5,-8.75999098033257));
#8763=CARTESIAN_POINT('Ctrl Pts',(-1.15941028365531E-9,-8.94879895051283,
-9.00000000038494));
#8764=CARTESIAN_POINT('Ctrl Pts',(0.823742693073783,-8.94879895051283,-9.00000000038494));
#8765=CARTESIAN_POINT('Ctrl Pts',(2.34807938983595,-8.94879895051283,-8.97671628033421));
#8766=CARTESIAN_POINT('Ctrl Pts',(3.85260191235655,-8.94879895051283,-8.84019094231854));
#8767=CARTESIAN_POINT('Ctrl Pts',(4.49999999948485,-8.94879895051283,-8.75999098033257));
#8768=CARTESIAN_POINT('Ctrl Pts',(-1.15941028365531E-9,-9.72625639341105,
-8.62395949000449));
#8769=CARTESIAN_POINT('Ctrl Pts',(0.823742693105407,-9.72625639341105,-8.62395949000449));
#8770=CARTESIAN_POINT('Ctrl Pts',(2.32757994759736,-9.72625639341105,-8.60080500092019));
#8771=CARTESIAN_POINT('Ctrl Pts',(3.81508934228879,-9.72625639341105,-8.46592306449579));
#8772=CARTESIAN_POINT('Ctrl Pts',(4.4537693201696,-9.72625639341105,-8.38680310574761));
#8773=CARTESIAN_POINT('Ctrl Pts',(-1.15941028365531E-9,-10.,-7.83659921326957));
#8774=CARTESIAN_POINT('Ctrl Pts',(0.823742693170393,-10.,-7.83659921326957));
#8775=CARTESIAN_POINT('Ctrl Pts',(2.28434127873645,-10.,-7.81377343252821));
#8776=CARTESIAN_POINT('Ctrl Pts',(3.7362024576125,-10.,-7.68231677403345));
#8777=CARTESIAN_POINT('Ctrl Pts',(4.35697070551376,-10.,-7.60541572833433));
#8778=CARTESIAN_POINT('Ctrl Pts',(-1.15941028365531E-9,-10.,-7.50000000038494));
#8779=CARTESIAN_POINT('Ctrl Pts',(0.823742693198137,-10.,-7.50000000038494));
#8780=CARTESIAN_POINT('Ctrl Pts',(2.26584788388935,-10.,-7.47731634381122));
#8781=CARTESIAN_POINT('Ctrl Pts',(3.70246861741754,-10.,-7.34732357095122));
#8782=CARTESIAN_POINT('Ctrl Pts',(4.31558896647481,-10.,-7.27136995035074));
#8783=CARTESIAN_POINT('',(4.31558896647481,-10.,-7.27136995035074));
#8784=CARTESIAN_POINT('Origin',(4.31558896647481,-8.5,-7.27136995035074));
#8785=CARTESIAN_POINT('',(-1.15941034550815E-9,-10.,-7.50000000038494));
#8786=CARTESIAN_POINT('Ctrl Pts',(4.31558896647481,-10.,-7.27136995035074));
#8787=CARTESIAN_POINT('Ctrl Pts',(3.70246861741754,-10.,-7.34732357095122));
#8788=CARTESIAN_POINT('Ctrl Pts',(2.26584788388935,-10.,-7.47731634381122));
#8789=CARTESIAN_POINT('Ctrl Pts',(0.823742693198137,-10.,-7.50000000038494));
#8790=CARTESIAN_POINT('Ctrl Pts',(-1.15941028365531E-9,-10.,-7.50000000038494));
#8791=CARTESIAN_POINT('Origin',(-1.15941028365531E-9,-8.5,-7.50000000038494));
#8792=CARTESIAN_POINT('Origin',(0.,-8.5,0.));
#8793=CARTESIAN_POINT('',(-7.97780719778616,-8.8,-4.1));
#8794=CARTESIAN_POINT('',(-8.01186619958172,-8.5,-4.1));
#8795=CARTESIAN_POINT('Ctrl Pts',(-7.97780719778616,-8.8,-4.1));
#8796=CARTESIAN_POINT('Ctrl Pts',(-8.00093936544578,-8.69920758091885,-4.1));
#8797=CARTESIAN_POINT('Ctrl Pts',(-8.01186619958172,-8.59497936841358,-4.1));
#8798=CARTESIAN_POINT('Ctrl Pts',(-8.01186619958172,-8.5,-4.1));
#8799=CARTESIAN_POINT('Origin',(0.,-8.5,0.));
#8800=CARTESIAN_POINT('',(4.59242549686157E-16,-10.,7.5));
#8801=CARTESIAN_POINT('Origin',(0.,-10.,0.));
#8802=CARTESIAN_POINT('',(5.51091059616309E-16,-8.5,9.));
#8803=CARTESIAN_POINT('Origin',(4.59242549686157E-16,-8.5,7.5));
#8804=CARTESIAN_POINT('Origin',(0.,-8.5,0.));
#8805=CARTESIAN_POINT('Origin',(0.,-8.8,0.));
#8806=CARTESIAN_POINT('Ctrl Pts',(4.50000000050269,-8.5,8.75999097913639));
#8807=CARTESIAN_POINT('Ctrl Pts',(3.63695069418244,-8.5,8.86690590984945));
#8808=CARTESIAN_POINT('Ctrl Pts',(2.12792716618808,-8.5,8.98457065551051));
#8809=CARTESIAN_POINT('Ctrl Pts',(0.617807020748839,-8.5,8.99999999967348));
#8810=CARTESIAN_POINT('Ctrl Pts',(9.65549862218413E-11,-8.5,8.99999999975302));
#8811=CARTESIAN_POINT('Ctrl Pts',(4.50000000050269,-8.94879895051283,8.75999097913639));
#8812=CARTESIAN_POINT('Ctrl Pts',(3.6368025510528,-8.94879895051283,8.86692426188603));
#8813=CARTESIAN_POINT('Ctrl Pts',(2.12794608787636,-8.94879895051283,8.98458006977659));
#8814=CARTESIAN_POINT('Ctrl Pts',(0.617807020748555,-8.94879895051283,8.99999999967348));
#8815=CARTESIAN_POINT('Ctrl Pts',(9.65549862218413E-11,-8.94879895051283,
8.99999999975302));
#8816=CARTESIAN_POINT('Ctrl Pts',(4.45376932114127,-9.72625639341106,8.38680310455716));
#8817=CARTESIAN_POINT('Ctrl Pts',(3.60219601735367,-9.72625639341106,8.49229638298841));
#8818=CARTESIAN_POINT('Ctrl Pts',(2.11080268325316,-9.72625639341105,8.60862247250384));
#8819=CARTESIAN_POINT('Ctrl Pts',(0.617807020722397,-9.72625639341106,8.62395948929304));
#8820=CARTESIAN_POINT('Ctrl Pts',(4.81435862580967E-11,-9.72625639341106,
8.62395948937257));
#8821=CARTESIAN_POINT('Ctrl Pts',(4.35697070638875,-10.,7.60541572715584));
#8822=CARTESIAN_POINT('Ctrl Pts',(3.52927970923844,-10.,7.70795045485228));
#8823=CARTESIAN_POINT('Ctrl Pts',(2.07496583050801,-10.,7.8214648128117));
#8824=CARTESIAN_POINT('Ctrl Pts',(0.61780702066675,-10.,7.8365992125581));
#8825=CARTESIAN_POINT('Ctrl Pts',(-5.32210598913721E-11,-10.,7.83659921263764));
#8826=CARTESIAN_POINT('Ctrl Pts',(4.31558896730848,-10.,7.27136994917737));
#8827=CARTESIAN_POINT('Ctrl Pts',(3.49809516861591,-10.,7.37264144340778));
#8828=CARTESIAN_POINT('Ctrl Pts',(2.05964705874596,-10.,7.48495301816976));
#8829=CARTESIAN_POINT('Ctrl Pts',(0.617807020642938,-10.,7.49999999967348));
#8830=CARTESIAN_POINT('Ctrl Pts',(-9.65547930201588E-11,-10.,7.49999999975302));
#8831=CARTESIAN_POINT('',(4.31558896730848,-10.,7.27136994917737));
#8832=CARTESIAN_POINT('Ctrl Pts',(-9.65547930201588E-11,-10.,7.49999999975302));
#8833=CARTESIAN_POINT('Ctrl Pts',(0.617807020642938,-10.,7.49999999967348));
#8834=CARTESIAN_POINT('Ctrl Pts',(2.05964705874596,-10.,7.48495301816976));
#8835=CARTESIAN_POINT('Ctrl Pts',(3.49809516861591,-10.,7.37264144340778));
#8836=CARTESIAN_POINT('Ctrl Pts',(4.31558896730848,-10.,7.27136994917737));
#8837=CARTESIAN_POINT('',(4.50000000050269,-8.5,8.75999097913639));
#8838=CARTESIAN_POINT('Origin',(4.31558896730848,-8.5,7.27136994917737));
#8839=CARTESIAN_POINT('Ctrl Pts',(4.50000000050269,-8.5,8.75999097913639));
#8840=CARTESIAN_POINT('Ctrl Pts',(3.63695069418244,-8.5,8.86690590984945));
#8841=CARTESIAN_POINT('Ctrl Pts',(2.12792716618808,-8.5,8.98457065551051));
#8842=CARTESIAN_POINT('Ctrl Pts',(0.617807020748839,-8.5,8.99999999967348));
#8843=CARTESIAN_POINT('Ctrl Pts',(9.65549862218413E-11,-8.5,8.99999999975302));
#8844=CARTESIAN_POINT('Ctrl Pts',(4.50000000059258,-10.,-7.24602859727045));
#8845=CARTESIAN_POINT('Ctrl Pts',(4.43864460262678,-10.,-7.25528589108941));
#8846=CARTESIAN_POINT('Ctrl Pts',(4.37716809526638,-10.,-7.2637415005818));
#8847=CARTESIAN_POINT('Ctrl Pts',(4.31558896647651,-10.,-7.27136995035053));
#8848=CARTESIAN_POINT('Ctrl Pts',(4.56694940911741,-10.,-7.68975520722225));
#8849=CARTESIAN_POINT('Ctrl Pts',(4.5017177638944,-10.00000138874,-7.69963167259412));
#8850=CARTESIAN_POINT('Ctrl Pts',(4.43634884114283,-10.,-7.70863971842839));
#8851=CARTESIAN_POINT('Ctrl Pts',(4.37076461852793,-10.,-7.71676432099538));
#8852=CARTESIAN_POINT('Ctrl Pts',(4.6829263809323,-9.62404464982591,-8.45842620327464));
#8853=CARTESIAN_POINT('Ctrl Pts',(4.61103636908345,-9.6239852492859,-8.46936190506745));
#8854=CARTESIAN_POINT('Ctrl Pts',(4.53880858158789,-9.62395571678951,-8.47934409550996));
#8855=CARTESIAN_POINT('Ctrl Pts',(4.46634538559751,-9.62395571678951,-8.48832086834772));
#8856=CARTESIAN_POINT('Ctrl Pts',(4.72377809060004,-8.83682467352951,-8.7291827497627));
#8857=CARTESIAN_POINT('Ctrl Pts',(4.6495030288509,-8.83667487888996,-8.74042928669362));
#8858=CARTESIAN_POINT('Ctrl Pts',(4.57491591848328,-8.83659921288461,-8.75071036308143));
#8859=CARTESIAN_POINT('Ctrl Pts',(4.49999999948485,-8.83659921288462,-8.75999098033257));
#8860=CARTESIAN_POINT('Ctrl Pts',(4.72378689590196,-8.50026304345672,-8.72924110945336));
#8861=CARTESIAN_POINT('Ctrl Pts',(4.64951535669902,-8.50008874159538,-8.7404472197582));
#8862=CARTESIAN_POINT('Ctrl Pts',(4.57490568263474,-8.49999999999999,-8.75071163110288));
#8863=CARTESIAN_POINT('Ctrl Pts',(4.49999999948485,-8.5,-8.75999098033257));
#8864=CARTESIAN_POINT('Ctrl Pts',(4.50000000059258,-10.,-7.24602859727045));
#8865=CARTESIAN_POINT('Ctrl Pts',(4.43864460262678,-10.,-7.25528589108941));
#8866=CARTESIAN_POINT('Ctrl Pts',(4.37716809526638,-10.,-7.2637415005818));
#8867=CARTESIAN_POINT('Ctrl Pts',(4.31558896647651,-10.,-7.27136995035053));
#8868=CARTESIAN_POINT('Ctrl Pts',(4.31558896730848,-10.,7.27136994917737));
#8869=CARTESIAN_POINT('Ctrl Pts',(4.37705273928075,-10.,7.26375578985454));
#8870=CARTESIAN_POINT('Ctrl Pts',(4.43852308285608,-10.,7.25619467572834));
#8871=CARTESIAN_POINT('Ctrl Pts',(4.50000000022943,-10.,7.24868739143094));
#8872=CARTESIAN_POINT('Ctrl Pts',(4.37076461941551,-10.,7.71676431981533));
#8873=CARTESIAN_POINT('Ctrl Pts',(4.43197063755401,-10.,7.70918209115171));
#8874=CARTESIAN_POINT('Ctrl Pts',(4.49318736618523,-9.9999989138221,7.70166477212655));
#8875=CARTESIAN_POINT('Ctrl Pts',(4.5544059190241,-10.,7.69421576652122));
#8876=CARTESIAN_POINT('Ctrl Pts',(4.46634543868522,-9.62395622556833,8.48832128775311));
#8877=CARTESIAN_POINT('Ctrl Pts',(4.52710875015131,-9.62395622556833,8.48079390178835));
#8878=CARTESIAN_POINT('Ctrl Pts',(4.58787859931573,-9.62393337609995,8.47335435873653));
#8879=CARTESIAN_POINT('Ctrl Pts',(4.64865299337574,-9.62388693125822,8.46600212401971));
#8880=CARTESIAN_POINT('Ctrl Pts',(4.50000000050269,-8.83659921288462,8.75999097913639));
#8881=CARTESIAN_POINT('Ctrl Pts',(4.56060546329254,-8.83659921288462,8.75248314753562));
#8882=CARTESIAN_POINT('Ctrl Pts',(4.62121849538503,-8.83654065821601,8.74504275199143));
#8883=CARTESIAN_POINT('Ctrl Pts',(4.68182814819941,-8.83642355339025,8.73767243396779));
#8884=CARTESIAN_POINT('Ctrl Pts',(4.50000000050269,-8.5,8.75999097913639));
#8885=CARTESIAN_POINT('Ctrl Pts',(4.56060612203596,-8.5,8.7524830659302));
#8886=CARTESIAN_POINT('Ctrl Pts',(4.62121596464788,-8.49993131994213,8.74502780725063));
#8887=CARTESIAN_POINT('Ctrl Pts',(4.68182257343134,-8.4997950675884,8.73762678236562));
#8888=CARTESIAN_POINT('Ctrl Pts',(4.68182257343134,-8.4997950675884,8.73762678236562));
#8889=CARTESIAN_POINT('Ctrl Pts',(4.62121596464788,-8.49993131994213,8.74502780725063));
#8890=CARTESIAN_POINT('Ctrl Pts',(4.56060612203596,-8.5,8.7524830659302));
#8891=CARTESIAN_POINT('Ctrl Pts',(4.50000000050269,-8.5,8.75999097913639));
#8892=CARTESIAN_POINT('Ctrl Pts',(4.31558896730848,-10.,7.27136994917737));
#8893=CARTESIAN_POINT('Ctrl Pts',(4.37705273928075,-10.,7.26375578985454));
#8894=CARTESIAN_POINT('Ctrl Pts',(4.43852308285608,-10.,7.25619467572834));
#8895=CARTESIAN_POINT('Ctrl Pts',(4.50000000022943,-10.,7.24868739143094));
#8896=CARTESIAN_POINT('Ctrl Pts',(18.5,6.33175737104372,-7.45597699897826));
#8897=CARTESIAN_POINT('Ctrl Pts',(13.6228942630349,6.33175737104371,-7.45597699897826));
#8898=CARTESIAN_POINT('Ctrl Pts',(9.34010811082331,10.,-6.7572594525216));
#8899=CARTESIAN_POINT('Ctrl Pts',(4.50000000050268,10.,-7.24868739252448));
#8900=CARTESIAN_POINT('Ctrl Pts',(18.5,7.43530821490088,-4.42399597426061));
#8901=CARTESIAN_POINT('Ctrl Pts',(13.5556931684837,7.43530821490088,-4.42399597426061));
#8902=CARTESIAN_POINT('Ctrl Pts',(9.40679941919313,10.,-2.2632302674998));
#8903=CARTESIAN_POINT('Ctrl Pts',(4.50000000050269,10.,-2.41711539628008));
#8904=CARTESIAN_POINT('Ctrl Pts',(18.5,8.53885905875804,-1.39201494954296));
#8905=CARTESIAN_POINT('Ctrl Pts',(13.4884920739324,8.53885905875804,-1.39201494954296));
#8906=CARTESIAN_POINT('Ctrl Pts',(9.47349072756298,10.,2.230798917522));
#8907=CARTESIAN_POINT('Ctrl Pts',(4.50000000050269,10.,2.41445659996432));
#8908=CARTESIAN_POINT('Ctrl Pts',(18.5,9.64240990261521,1.6399660751747));
#8909=CARTESIAN_POINT('Ctrl Pts',(13.4212909793813,9.64240990261521,1.6399660751747));
#8910=CARTESIAN_POINT('Ctrl Pts',(9.5401820359328,10.,6.7248281025438));
#8911=CARTESIAN_POINT('Ctrl Pts',(4.50000000050269,10.,7.24602859620872));
#8912=CARTESIAN_POINT('',(4.50000000050269,10.,7.79422863348452));
#8913=CARTESIAN_POINT('Origin',(1.31186468042763,-10.,-2.77555756156289E-16));
#8914=CARTESIAN_POINT('',(4.50000000050269,-10.,7.79422863348452));
#8915=CARTESIAN_POINT('Ctrl Pts',(18.5,-6.33175737102066,7.45597699904162));
#8916=CARTESIAN_POINT('Ctrl Pts',(13.6228942633252,-6.33175737102066,7.45597699904162));
#8917=CARTESIAN_POINT('Ctrl Pts',(9.34010811047458,-10.,6.75725945086345));
#8918=CARTESIAN_POINT('Ctrl Pts',(4.50000000050269,-10.,7.24868739143094));
#8919=CARTESIAN_POINT('Ctrl Pts',(18.5,-7.43530821487602,4.42399597432892));
#8920=CARTESIAN_POINT('Ctrl Pts',(13.5556931686385,-7.43530821487602,4.42399597432892));
#8921=CARTESIAN_POINT('Ctrl Pts',(9.40679941902055,-10.,2.26323026583498));
#8922=CARTESIAN_POINT('Ctrl Pts',(4.50000000050269,-10.,2.41711539519444));
#8923=CARTESIAN_POINT('Ctrl Pts',(18.5,-8.53885905873138,1.39201494961622));
#8924=CARTESIAN_POINT('Ctrl Pts',(13.4884920739517,-8.53885905873138,1.39201494961622));
#8925=CARTESIAN_POINT('Ctrl Pts',(9.4734907275665,-10.,-2.23079891919349));
#8926=CARTESIAN_POINT('Ctrl Pts',(4.50000000050269,-10.,-2.41445660104206));
#8927=CARTESIAN_POINT('Ctrl Pts',(18.5,-9.64240990258674,-1.63996607509647));
#8928=CARTESIAN_POINT('Ctrl Pts',(13.4212909792649,-9.64240990258674,-1.63996607509647));
#8929=CARTESIAN_POINT('Ctrl Pts',(9.54018203611247,-10.,-6.72482810422195));
#8930=CARTESIAN_POINT('Ctrl Pts',(4.50000000050268,-10.,-7.24602859727857));
#8931=CARTESIAN_POINT('Origin',(-2.45,8.8,0.));
#8932=CARTESIAN_POINT('',(-1.58240774391907,8.8,-4.1));
#8933=CARTESIAN_POINT('',(-5.23093309979086,8.8,-4.1));
#8934=CARTESIAN_POINT('',(-1.47627063914418,8.8,-3.82500000000011));
#8935=CARTESIAN_POINT('',(-0.896953545330996,8.8,-2.32399616975186));
#8936=CARTESIAN_POINT('',(-0.9006212128475,8.8,-3.99986017642731));
#8937=CARTESIAN_POINT('Origin',(0.,8.8,0.));
#8938=CARTESIAN_POINT('',(-0.498617498983724,8.8,-2.95827324462838));
#8939=CARTESIAN_POINT('',(0.0743902162973806,8.8,-1.47361694053512));
#8940=CARTESIAN_POINT('',(-0.498617498983691,8.8,2.95827324462839));
#8941=CARTESIAN_POINT('Origin',(0.,8.8,0.));
#8942=CARTESIAN_POINT('',(-0.900621212848068,8.8,3.99986017642719));
#8943=CARTESIAN_POINT('',(0.173408368920835,8.8,1.21706206249428));
#8944=CARTESIAN_POINT('',(-1.47627063914474,8.8,3.82499999999989));
#8945=CARTESIAN_POINT('Origin',(0.,8.8,0.));
#8946=CARTESIAN_POINT('',(-1.58240774391989,8.8,4.1));
#8947=CARTESIAN_POINT('',(-0.69891724008517,8.8,1.81088641366874));
#8948=CARTESIAN_POINT('',(-2.01620387195994,8.8,4.1));
#8949=CARTESIAN_POINT('Origin',(-8.01186619958172,0.,-4.1));
#8950=CARTESIAN_POINT('',(-1.58240774391907,0.,-4.1));
#8951=CARTESIAN_POINT('',(-8.01186619958172,0.,-4.1));
#8952=CARTESIAN_POINT('Origin',(0.,0.,0.));
#8953=CARTESIAN_POINT('',(-1.15941001646169E-9,0.,-9.));
#8954=CARTESIAN_POINT('Ctrl Pts',(13.9999999998067,-0.25,-3.00000000121796));
#8955=CARTESIAN_POINT('Ctrl Pts',(13.9999999998067,10.,-3.00000000121796));
#8956=CARTESIAN_POINT('Ctrl Pts',(13.999999999339,-0.25,-6.63000000141125));
#8957=CARTESIAN_POINT('Ctrl Pts',(13.999999999339,10.,-6.63000000141125));
#8958=CARTESIAN_POINT('Ctrl Pts',(8.44812027597036,-0.25,-9.0000000011628));
#8959=CARTESIAN_POINT('Ctrl Pts',(8.44812027597036,10.,-9.0000000011628));
#8960=CARTESIAN_POINT('Ctrl Pts',(2.41154273057754,-0.25,-9.00000000038494));
#8961=CARTESIAN_POINT('Ctrl Pts',(2.41154273057754,10.,-9.00000000038494));
#8962=CARTESIAN_POINT('Ctrl Pts',(-1.15941028365531E-9,-0.25,-9.00000000038494));
#8963=CARTESIAN_POINT('Ctrl Pts',(-1.15941028365531E-9,10.,-9.00000000038494));
#8964=CARTESIAN_POINT('Ctrl Pts',(-0.0888487049108268,-0.25,-9.00000000038494));
#8965=CARTESIAN_POINT('Ctrl Pts',(-0.0888487049108268,10.,-9.00000000038494));
#8966=CARTESIAN_POINT('Ctrl Pts',(-0.177697408662243,-0.25,-9.00000000038494));
#8967=CARTESIAN_POINT('Ctrl Pts',(-0.177697408662243,10.,-9.00000000038494));
#8968=CARTESIAN_POINT('Ctrl Pts',(-0.26654611241366,-0.25,-9.00000000038494));
#8969=CARTESIAN_POINT('Ctrl Pts',(-0.26654611241366,10.,-9.00000000038494));
#8970=CARTESIAN_POINT('Ctrl Pts',(-0.355394816165077,-0.25,-9.00000000038494));
#8971=CARTESIAN_POINT('Ctrl Pts',(-0.355394816165077,10.,-9.00000000038494));
#8972=CARTESIAN_POINT('Origin',(27.5,-2.00081783845516,-5.49720183159756));
#8973=CARTESIAN_POINT('Origin',(0.,0.,0.));
#8974=CARTESIAN_POINT('',(-8.01186619958172,0.,-4.1));
#8975=CARTESIAN_POINT('Origin',(-8.01186619958172,0.,-4.1));
#8976=CARTESIAN_POINT('',(-1.58240774391907,-8.8,-4.1));
#8977=CARTESIAN_POINT('',(-5.23093309979086,-8.8,-4.1));
#8978=CARTESIAN_POINT('',(-1.58240774391907,-5.15,-4.1));
#8979=CARTESIAN_POINT('',(-1.58240774391907,0.,-4.1));
#8980=CARTESIAN_POINT('',(-4.63093314449434,-5.15,-4.1));
#8981=CARTESIAN_POINT('Origin',(25.54,2.31649428820564,-0.843134968754527));
#8982=CARTESIAN_POINT('Origin',(26.64,-1.50589314706306,0.548100281516412));
#8983=CARTESIAN_POINT('',(25.54,0.512031173197933,6.09230178560219));
#8984=CARTESIAN_POINT('',(25.54,-1.50589314706306,0.548100281516412));
#8985=CARTESIAN_POINT('',(27.6915365388034,0.653215683285976,7.42432889655461));
#8986=CARTESIAN_POINT('Ctrl Pts',(27.6915365388034,0.653215683285976,7.42432889655461));
#8987=CARTESIAN_POINT('Ctrl Pts',(27.6915365388034,0.631949571188939,7.36590073376841));
#8988=CARTESIAN_POINT('Ctrl Pts',(27.6902875853386,0.606789620919344,7.30892041725838));
#8989=CARTESIAN_POINT('Ctrl Pts',(27.6805553980363,0.50056840003256,7.10598393669364));
#8990=CARTESIAN_POINT('Ctrl Pts',(27.6642390185634,0.400651296113181,6.97961327668349));
#8991=CARTESIAN_POINT('Ctrl Pts',(27.6021743944916,0.191145300017293,6.78217455806065));
#8992=CARTESIAN_POINT('Ctrl Pts',(27.5589738415746,0.0826430245525473,6.70655299572254));
#8993=CARTESIAN_POINT('Ctrl Pts',(27.4304143618821,-0.126842401041857,6.59228893004418));
#8994=CARTESIAN_POINT('Ctrl Pts',(27.3507934041683,-0.222162266835604,6.5545838231465));
#8995=CARTESIAN_POINT('Ctrl Pts',(27.1507880276138,-0.384200816250069,6.5000974885141));
#8996=CARTESIAN_POINT('Ctrl Pts',(27.0355875167906,-0.446116827042386,6.4846877873785));
#8997=CARTESIAN_POINT('Ctrl Pts',(26.7765023765331,-0.525350307482367,6.45868746312978));
#8998=CARTESIAN_POINT('Ctrl Pts',(26.6363203473468,-0.538272525218573,6.44878750047444));
#8999=CARTESIAN_POINT('Ctrl Pts',(26.3564560396066,-0.509660009095468,6.42037385472478));
#9000=CARTESIAN_POINT('Ctrl Pts',(26.2201334761141,-0.467773607653221,6.40206256526682));
#9001=CARTESIAN_POINT('Ctrl Pts',(25.9716108734165,-0.335950046439144,6.35102084505269));
#9002=CARTESIAN_POINT('Ctrl Pts',(25.8619742283028,-0.247027899399569,6.3186907581679));
#9003=CARTESIAN_POINT('Ctrl Pts',(25.6863792386192,-0.0350328325227588,
6.24492246779996));
#9004=CARTESIAN_POINT('Ctrl Pts',(25.621581295933,0.0856026746575156,6.20432074771657));
#9005=CARTESIAN_POINT('Ctrl Pts',(25.5541479525826,0.311731338812706,6.13841501942987));
#9006=CARTESIAN_POINT('Ctrl Pts',(25.54,0.411074111886877,6.11249135541335));
#9007=CARTESIAN_POINT('Ctrl Pts',(25.54,0.512031173197813,6.09230178560223));
#9008=CARTESIAN_POINT('',(27.6915365388034,1.26885194127218,9.11577561396925));
#9009=CARTESIAN_POINT('',(27.6915365388034,-1.80932934865884,0.658542026896072));
#9010=CARTESIAN_POINT('',(26.25,2.5388020890621,8.65355156117176));
#9011=CARTESIAN_POINT('Origin',(26.64,1.57228814286796,9.00533386858959));
#9012=CARTESIAN_POINT('',(26.25,1.9231658310759,6.96210484375712));
#9013=CARTESIAN_POINT('',(26.25,-0.539379200868916,0.196317974098577));
#9014=CARTESIAN_POINT('',(25.7387590848077,1.18750709654479,6.10415417164769));
#9015=CARTESIAN_POINT('Ctrl Pts',(25.7387590848185,1.18750709653376,6.10415417167479));
#9016=CARTESIAN_POINT('Ctrl Pts',(25.8002257851776,1.28671428801629,6.11991132268688));
#9017=CARTESIAN_POINT('Ctrl Pts',(25.8797678615122,1.38826426960158,6.16251327285366));
#9018=CARTESIAN_POINT('Ctrl Pts',(26.0303923674622,1.56670585124794,6.29325710920045));
#9019=CARTESIAN_POINT('Ctrl Pts',(26.1122374362612,1.65499976370891,6.4051450876378));
#9020=CARTESIAN_POINT('Ctrl Pts',(26.2220794212525,1.80637703342629,6.66815458906971));
#9021=CARTESIAN_POINT('Ctrl Pts',(26.25,1.87089133616326,6.81848184937125));
#9022=CARTESIAN_POINT('Ctrl Pts',(26.25,1.9231658310759,6.96210484375712));
#9023=CARTESIAN_POINT('Ctrl Pts',(25.54,0.512031173197813,6.09230178560223));
#9024=CARTESIAN_POINT('Ctrl Pts',(25.54,0.541138817422906,6.08648078796731));
#9025=CARTESIAN_POINT('Ctrl Pts',(25.5411744395334,0.570382178835105,6.08114406048401));
#9026=CARTESIAN_POINT('Ctrl Pts',(25.5532997551692,0.722516785546227,6.05655502733601));
#9027=CARTESIAN_POINT('Ctrl Pts',(25.5832477416829,0.843016989843248,6.04763344116196));
#9028=CARTESIAN_POINT('Ctrl Pts',(25.6599396503608,1.03994512824129,6.06354245250248));
#9029=CARTESIAN_POINT('Ctrl Pts',(25.6977634576383,1.11597042838071,6.0788915184782));
#9030=CARTESIAN_POINT('Ctrl Pts',(25.7387590848197,1.18750709653189,6.10415417166469));
#9031=CARTESIAN_POINT('Origin',(26.64,1.31318471529466,-0.477960148460594));
#9032=CARTESIAN_POINT('',(25.54,3.34298727542445,5.09887655144676));
#9033=CARTESIAN_POINT('',(25.54,1.31318471529466,-0.477960148460594));
#9034=CARTESIAN_POINT('',(25.615528606129,3.00777722738892,5.3490902809617));
#9035=CARTESIAN_POINT('Ctrl Pts',(25.6155286061338,3.00777722739424,5.34909028096458));
#9036=CARTESIAN_POINT('Ctrl Pts',(25.5752872349452,3.08806524033384,5.26876762004565));
#9037=CARTESIAN_POINT('Ctrl Pts',(25.5492068286131,3.18236718947203,5.19828053233228));
#9038=CARTESIAN_POINT('Ctrl Pts',(25.5406765763121,3.30405651087613,5.12208091281914));
#9039=CARTESIAN_POINT('Ctrl Pts',(25.54,3.32345812517871,5.1103406094929));
#9040=CARTESIAN_POINT('Ctrl Pts',(25.54,3.34298727542458,5.09887655144671));
#9041=CARTESIAN_POINT('',(26.25,2.80921580104533,6.63960902861578));
#9042=CARTESIAN_POINT('Ctrl Pts',(26.25,2.80921580104533,6.63960902861578));
#9043=CARTESIAN_POINT('Ctrl Pts',(26.25,2.75694130613269,6.49598603422991));
#9044=CARTESIAN_POINT('Ctrl Pts',(26.2220794212525,2.70973362892609,6.33935967737973));
#9045=CARTESIAN_POINT('Ctrl Pts',(26.1122374362612,2.65663609645735,6.04057927695781));
#9046=CARTESIAN_POINT('Ctrl Pts',(26.0303923674622,2.65235295124691,5.8981138798834));
#9047=CARTESIAN_POINT('Ctrl Pts',(25.8739443307109,2.70704234131539,5.67495138169976));
#9048=CARTESIAN_POINT('Ctrl Pts',(25.7861165059909,2.76574438003229,5.56823804624337));
#9049=CARTESIAN_POINT('Ctrl Pts',(25.6826984380932,2.88547863110647,5.44009097317027));
#9050=CARTESIAN_POINT('Ctrl Pts',(25.6452062963871,2.94279776157801,5.39248098618076));
#9051=CARTESIAN_POINT('Ctrl Pts',(25.615528606134,3.00777722739455,5.3490902809667));
#9052=CARTESIAN_POINT('',(26.25,3.42485205903153,8.33105574603042));
#9053=CARTESIAN_POINT('',(26.25,0.346670769100515,-0.126177841042759));
#9054=CARTESIAN_POINT('',(27.6126898560827,4.87407398904433,7.80358210065994));
#9055=CARTESIAN_POINT('Origin',(26.64,4.39136600522568,7.97927343861259));
#9056=CARTESIAN_POINT('',(27.6126898560827,4.25843773105813,6.11213538324531));
#9057=CARTESIAN_POINT('',(27.6126898560827,1.79589269911331,-0.653651486413235));
#9058=CARTESIAN_POINT('Ctrl Pts',(25.54,3.34298727542458,5.09887655144671));
#9059=CARTESIAN_POINT('Ctrl Pts',(25.54,3.44459765237653,5.03922893520088));
#9060=CARTESIAN_POINT('Ctrl Pts',(25.5583615014551,3.54956583046255,4.98689798324772));
#9061=CARTESIAN_POINT('Ctrl Pts',(25.6397976730162,3.77471176604375,4.88374785446482));
#9062=CARTESIAN_POINT('Ctrl Pts',(25.7100358583577,3.89079791919051,4.83651443199605));
#9063=CARTESIAN_POINT('Ctrl Pts',(25.8941874636565,4.09302422609312,4.75944697826764));
#9064=CARTESIAN_POINT('Ctrl Pts',(26.0062081945762,4.17738562694404,4.73027047960922));
#9065=CARTESIAN_POINT('Ctrl Pts',(26.2538718720344,4.30236694332227,4.69646845632555));
#9066=CARTESIAN_POINT('Ctrl Pts',(26.3864240404167,4.34298864899924,4.69150890032961));
#9067=CARTESIAN_POINT('Ctrl Pts',(26.6492870362098,4.38139721696357,4.71409606994813));
#9068=CARTESIAN_POINT('Ctrl Pts',(26.7761339868773,4.38118148808535,4.73949067577999));
#9069=CARTESIAN_POINT('Ctrl Pts',(27.011271972468,4.35313577080496,4.82707116754387));
#9070=CARTESIAN_POINT('Ctrl Pts',(27.1158088518739,4.32704660794784,4.88622881041663));
#9071=CARTESIAN_POINT('Ctrl Pts',(27.3046498243714,4.26509834438531,5.04803305997695));
#9072=CARTESIAN_POINT('Ctrl Pts',(27.3814568092412,4.23081344976715,5.1488829942207));
#9073=CARTESIAN_POINT('Ctrl Pts',(27.5088839465384,4.17742539686786,5.39801727461897));
#9074=CARTESIAN_POINT('Ctrl Pts',(27.5525159647295,4.16216223943569,5.54721677536783));
#9075=CARTESIAN_POINT('Ctrl Pts',(27.6027092582407,4.18213094568251,5.84298382470793));
#9076=CARTESIAN_POINT('Ctrl Pts',(27.6126898560827,4.2106200569196,5.98075740329886));
#9077=CARTESIAN_POINT('Ctrl Pts',(27.6126898560827,4.25843773105813,6.11213538324531));
#9078=CARTESIAN_POINT('Origin',(26.64,-2.99368077052972,-3.53956261890229));
#9079=CARTESIAN_POINT('',(25.54,-2.99368077052972,-3.53956261890229));
#9080=CARTESIAN_POINT('Origin',(26.64,-2.99368077052972,-3.53956261890229));
#9081=CARTESIAN_POINT('Origin',(26.64,-1.50589314706306,0.548100281516412));
#9082=CARTESIAN_POINT('',(25.54,-1.50589314706306,0.548100281516412));
#9083=CARTESIAN_POINT('Origin',(26.64,-0.174602908171997,-4.5656230488793));
#9084=CARTESIAN_POINT('',(25.54,-0.174602908171997,-4.5656230488793));
#9085=CARTESIAN_POINT('Origin',(26.64,-0.174602908171997,-4.5656230488793));
#9086=CARTESIAN_POINT('Origin',(26.64,1.31318471529466,-0.477960148460594));
#9087=CARTESIAN_POINT('',(25.54,1.31318471529466,-0.477960148460594));
#9088=CARTESIAN_POINT('Origin',(28.,0.,0.));
#9089=CARTESIAN_POINT('',(29.75,1.65419087444081,7.06000372173533));
#9090=CARTESIAN_POINT('Origin',(28.,2.46254503194481,6.76578686965854));
#9091=CARTESIAN_POINT('',(29.75,2.26982713242702,8.75145043914997));
#9092=CARTESIAN_POINT('',(29.75,-0.808354157504003,0.294216852076791));
#9093=CARTESIAN_POINT('Origin',(28.,3.07818128993102,8.45723358707318));
#9094=CARTESIAN_POINT('Origin',(28.,2.46254503194481,6.76578686965854));
#9095=CARTESIAN_POINT('Ctrl Pts',(25.7387590847996,1.18750709655957,6.10415417164944));
#9096=CARTESIAN_POINT('Ctrl Pts',(25.649770095703,1.14616512630291,6.04411248902107));
#9097=CARTESIAN_POINT('Ctrl Pts',(25.5521604231387,1.10757071146954,5.9952618568336));
#9098=CARTESIAN_POINT('Ctrl Pts',(25.3631968836326,1.0443677522823,5.9289029768865));
#9099=CARTESIAN_POINT('Ctrl Pts',(25.2745088528826,1.01868251884469,5.90751386180184));
#9100=CARTESIAN_POINT('Ctrl Pts',(25.0926138758479,0.973665212389754,5.88230902253373));
#9101=CARTESIAN_POINT('Ctrl Pts',(24.9998312840139,0.954441582818049,5.87856250217168));
#9102=CARTESIAN_POINT('Ctrl Pts',(24.904478434714,0.938423038723379,5.88388784460587));
#9103=CARTESIAN_POINT('Ctrl Pts',(24.9022392367233,0.938048971934661,5.88401806491586));
#9104=CARTESIAN_POINT('Ctrl Pts',(24.9,0.937676999433293,5.88415345183432));
#9105=CARTESIAN_POINT('Ctrl Pts',(29.75,1.65419087444081,7.06000372173533));
#9106=CARTESIAN_POINT('Ctrl Pts',(29.75,1.59555166702351,6.8988938234616));
#9107=CARTESIAN_POINT('Ctrl Pts',(29.7826407377194,1.5303632325804,6.74222748337585));
#9108=CARTESIAN_POINT('Ctrl Pts',(29.9100651615424,1.39383639530495,6.45158149158792));
#9109=CARTESIAN_POINT('Ctrl Pts',(30.0044455875754,1.32391306519516,6.32098011589832));
#9110=CARTESIAN_POINT('Ctrl Pts',(30.2453602795126,1.18955708125727,6.10122546933472));
#9111=CARTESIAN_POINT('Ctrl Pts',(30.3910013518789,1.12658149007386,6.01522190287145));
#9112=CARTESIAN_POINT('Ctrl Pts',(30.6368031163674,1.04436775228229,5.9289029768865));
#9113=CARTESIAN_POINT('Ctrl Pts',(30.7254911471175,1.0186825188447,5.90751386180184));
#9114=CARTESIAN_POINT('Ctrl Pts',(30.9073861240846,0.973665212406476,5.88230902254307));
#9115=CARTESIAN_POINT('Ctrl Pts',(31.0001687159163,0.954441582841881,5.8785625021634));
#9116=CARTESIAN_POINT('Ctrl Pts',(31.0955215652929,0.938423038720966,5.88388784460671));
#9117=CARTESIAN_POINT('Ctrl Pts',(31.0977607632694,0.938048971935871,5.88401806491541));
#9118=CARTESIAN_POINT('Ctrl Pts',(31.1,0.937676999433282,5.88415345183432));
#9119=CARTESIAN_POINT('Origin',(31.1,-2.86672211069682,-6.61867844362015));
#9120=CARTESIAN_POINT('',(29.75,-3.27089918944882,-6.47157001758175));
#9121=CARTESIAN_POINT('Ctrl Pts',(31.1,-3.06395867747704,-5.1102502113608));
#9122=CARTESIAN_POINT('Ctrl Pts',(31.0977607632735,-3.06358670497513,-5.11038559827946));
#9123=CARTESIAN_POINT('Ctrl Pts',(31.095521565289,-3.06321644919008,-5.11052628923101));
#9124=CARTESIAN_POINT('Ctrl Pts',(31.0001687159545,-3.04752246835381,-5.1167433619253));
#9125=CARTESIAN_POINT('Ctrl Pts',(30.9073861241215,-3.0352045306195,-5.13197007393565));
#9126=CARTESIAN_POINT('Ctrl Pts',(30.7254911471174,-3.01692063155428,-5.18021466779929));
#9127=CARTESIAN_POINT('Ctrl Pts',(30.6368031163674,-3.01099325936775,-5.21310983035872));
#9128=CARTESIAN_POINT('Ctrl Pts',(30.3910013518789,-3.00349861848907,-5.33207993594391));
#9129=CARTESIAN_POINT('Ctrl Pts',(30.2453602795126,-3.01053854372232,-5.43844241984689));
#9130=CARTESIAN_POINT('Ctrl Pts',(30.0044455875753,-3.04887145280905,-5.69314660745905));
#9131=CARTESIAN_POINT('Ctrl Pts',(29.9100651615424,-3.07925602043537,-5.83813891579236));
#9132=CARTESIAN_POINT('Ctrl Pts',(29.7826407377194,-3.16149403773024,-6.14854442210665));
#9133=CARTESIAN_POINT('Ctrl Pts',(29.75,-3.21225998203153,-6.31046011930802));
#9134=CARTESIAN_POINT('Ctrl Pts',(29.75,-3.27089918944882,-6.47157001758175));
#9135=CARTESIAN_POINT('',(29.75,-1.6541908744408,-7.06000372173533));
#9136=CARTESIAN_POINT('',(29.75,-2.86672211069682,-6.61867844362015));
#9137=CARTESIAN_POINT('Ctrl Pts',(29.75,-1.65419087444081,-7.06000372173533));
#9138=CARTESIAN_POINT('Ctrl Pts',(29.75,-1.59555166702351,-6.8988938234616));
#9139=CARTESIAN_POINT('Ctrl Pts',(29.7826407377194,-1.5303632325804,-6.74222748337585));
#9140=CARTESIAN_POINT('Ctrl Pts',(29.9100651615425,-1.39383639530496,-6.45158149158793));
#9141=CARTESIAN_POINT('Ctrl Pts',(30.0044455875754,-1.32391306519518,-6.32098011589832));
#9142=CARTESIAN_POINT('Ctrl Pts',(30.2453602795126,-1.18955708125729,-6.10122546933471));
#9143=CARTESIAN_POINT('Ctrl Pts',(30.3910013518789,-1.12658149007387,-6.01522190287145));
#9144=CARTESIAN_POINT('Ctrl Pts',(30.6368031163673,-1.04436775228232,-5.92890297688652));
#9145=CARTESIAN_POINT('Ctrl Pts',(30.7254911471173,-1.01868251884473,-5.90751386180187));
#9146=CARTESIAN_POINT('Ctrl Pts',(30.9073861241261,-0.973665212396185,-5.88230902253731));
#9147=CARTESIAN_POINT('Ctrl Pts',(31.0001687159592,-0.95444158282717,-5.87856250216854));
#9148=CARTESIAN_POINT('Ctrl Pts',(31.0955215652885,-0.938423038722485,-5.88388784460618));
#9149=CARTESIAN_POINT('Ctrl Pts',(31.0977607632738,-0.938048971935148,-5.88401806491568));
#9150=CARTESIAN_POINT('Ctrl Pts',(31.1,-0.93767699943329,-5.88415345183432));
#9151=CARTESIAN_POINT('Origin',(28.,-2.46254503194481,-6.76578686965854));
#9152=CARTESIAN_POINT('',(26.25,-3.27089918944882,-6.47157001758175));
#9153=CARTESIAN_POINT('Ctrl Pts',(24.9,-3.06395867747704,-5.1102502113608));
#9154=CARTESIAN_POINT('Ctrl Pts',(24.9022392367242,-3.06358670497553,-5.11038559827932));
#9155=CARTESIAN_POINT('Ctrl Pts',(24.9044784347132,-3.06321644918929,-5.11052628923131));
#9156=CARTESIAN_POINT('Ctrl Pts',(24.9998312840221,-3.04752246836175,-5.11674336192227));
#9157=CARTESIAN_POINT('Ctrl Pts',(25.0926138758558,-3.03520453062179,-5.13197007392963));
#9158=CARTESIAN_POINT('Ctrl Pts',(25.2745088528826,-3.01692063155428,-5.18021466779929));
#9159=CARTESIAN_POINT('Ctrl Pts',(25.3631968836326,-3.01099325936776,-5.21310983035872));
#9160=CARTESIAN_POINT('Ctrl Pts',(25.6089986481211,-3.00349861848907,-5.33207993594391));
#9161=CARTESIAN_POINT('Ctrl Pts',(25.7546397204874,-3.01053854372232,-5.43844241984689));
#9162=CARTESIAN_POINT('Ctrl Pts',(25.9955544124247,-3.04887145280905,-5.69314660745906));
#9163=CARTESIAN_POINT('Ctrl Pts',(26.0899348384576,-3.07925602043538,-5.83813891579236));
#9164=CARTESIAN_POINT('Ctrl Pts',(26.2173592622806,-3.16149403773024,-6.14854442210663));
#9165=CARTESIAN_POINT('Ctrl Pts',(26.25,-3.21225998203153,-6.31046011930801));
#9166=CARTESIAN_POINT('Ctrl Pts',(26.25,-3.27089918944882,-6.47157001758175));
#9167=CARTESIAN_POINT('Origin',(28.,-2.46254503194481,-6.76578686965854));
#9168=CARTESIAN_POINT('Origin',(24.9,-2.05836795319281,-6.91289529569694));
#9169=CARTESIAN_POINT('',(26.25,-1.6541908744408,-7.06000372173533));
#9170=CARTESIAN_POINT('',(26.25,-2.05836795319281,-6.91289529569694));
#9171=CARTESIAN_POINT('Ctrl Pts',(24.9,-0.937676999433281,-5.88415345183432));
#9172=CARTESIAN_POINT('Ctrl Pts',(24.9022392367257,-0.938048971935058,-5.88401806491571));
#9173=CARTESIAN_POINT('Ctrl Pts',(24.9044784347117,-0.938423038722588,-5.88388784460615));
#9174=CARTESIAN_POINT('Ctrl Pts',(24.9998312840379,-0.954441582825942,-5.87856250216895));
#9175=CARTESIAN_POINT('Ctrl Pts',(25.0926138758711,-0.973665212395537,-5.88230902253694));
#9176=CARTESIAN_POINT('Ctrl Pts',(25.2745088528826,-1.01868251884471,-5.90751386180184));
#9177=CARTESIAN_POINT('Ctrl Pts',(25.3631968836326,-1.0443677522823,-5.9289029768865));
#9178=CARTESIAN_POINT('Ctrl Pts',(25.6089986481211,-1.12658149007386,-6.01522190287145));
#9179=CARTESIAN_POINT('Ctrl Pts',(25.7546397204874,-1.18955708125729,-6.10122546933471));
#9180=CARTESIAN_POINT('Ctrl Pts',(25.9955544124247,-1.32391306519518,-6.32098011589833));
#9181=CARTESIAN_POINT('Ctrl Pts',(26.0899348384576,-1.39383639530497,-6.45158149158793));
#9182=CARTESIAN_POINT('Ctrl Pts',(26.2173592622805,-1.5303632325804,-6.74222748337582));
#9183=CARTESIAN_POINT('Ctrl Pts',(26.25,-1.59555166702351,-6.89889382346159));
#9184=CARTESIAN_POINT('Ctrl Pts',(26.25,-1.65419087444081,-7.06000372173533));
#9185=CARTESIAN_POINT('Origin',(28.,-2.46254503194481,-6.76578686965854));
#9186=CARTESIAN_POINT('Origin',(28.,-2.46254503194481,-6.76578686965854));
#9187=CARTESIAN_POINT('Origin',(28.,0.,0.));
#9188=CARTESIAN_POINT('',(29.75,-2.26982713242701,-8.75145043914997));
#9189=CARTESIAN_POINT('',(29.75,0.808354157504011,-0.294216852076794));
#9190=CARTESIAN_POINT('',(26.25,-2.26982713242701,-8.75145043914997));
#9191=CARTESIAN_POINT('Origin',(28.,-3.07818128993102,-8.45723358707318));
#9192=CARTESIAN_POINT('',(26.25,0.808354157504012,-0.294216852076794));
#9193=CARTESIAN_POINT('Origin',(29.75,-0.808354157504003,0.294216852076791));
#9194=CARTESIAN_POINT('',(29.75,-3.88653544743502,-8.16301673499639));
#9195=CARTESIAN_POINT('',(29.75,-0.808354157504003,0.294216852076791));
#9196=CARTESIAN_POINT('',(29.75,-2.26982713242701,-8.75145043914997));
#9197=CARTESIAN_POINT('Origin',(31.1,2.05836795319281,6.91289529569693));
#9198=CARTESIAN_POINT('',(29.75,3.27089918944883,6.47157001758175));
#9199=CARTESIAN_POINT('Ctrl Pts',(31.1,3.06395867747704,5.11025021136081));
#9200=CARTESIAN_POINT('Ctrl Pts',(31.0977607632689,3.06358670497437,5.11038559827974));
#9201=CARTESIAN_POINT('Ctrl Pts',(31.0955215652934,3.06321644919157,5.11052628923045));
#9202=CARTESIAN_POINT('Ctrl Pts',(31.0001687159106,3.04752246833929,5.11674336193082));
#9203=CARTESIAN_POINT('Ctrl Pts',(30.9073861240791,3.03520453061526,5.13197007394689));
#9204=CARTESIAN_POINT('Ctrl Pts',(30.7254911471175,3.01692063155429,5.18021466779927));
#9205=CARTESIAN_POINT('Ctrl Pts',(30.6368031163674,3.01099325936778,5.21310983035871));
#9206=CARTESIAN_POINT('Ctrl Pts',(30.3910013518789,3.00349861848908,5.33207993594392));
#9207=CARTESIAN_POINT('Ctrl Pts',(30.2453602795126,3.01053854372233,5.4384424198469));
#9208=CARTESIAN_POINT('Ctrl Pts',(30.0044455875754,3.04887145280905,5.69314660745904));
#9209=CARTESIAN_POINT('Ctrl Pts',(29.9100651615424,3.07925602043537,5.83813891579235));
#9210=CARTESIAN_POINT('Ctrl Pts',(29.7826407377194,3.16149403773024,6.14854442210664));
#9211=CARTESIAN_POINT('Ctrl Pts',(29.75,3.21225998203153,6.31046011930801));
#9212=CARTESIAN_POINT('Ctrl Pts',(29.75,3.27089918944882,6.47157001758175));
#9213=CARTESIAN_POINT('',(29.75,2.05836795319281,6.91289529569693));
#9214=CARTESIAN_POINT('Origin',(24.9,2.86672211069682,6.61867844362014));
#9215=CARTESIAN_POINT('',(26.25,2.86672211069682,6.61867844362014));
#9216=CARTESIAN_POINT('Ctrl Pts',(25.615528606127,3.00777722738696,5.34909028096481));
#9217=CARTESIAN_POINT('Ctrl Pts',(25.5619861811623,3.00642527435131,5.31396861100705));
#9218=CARTESIAN_POINT('Ctrl Pts',(25.5060877701943,3.00663643189809,5.2822702120866));
#9219=CARTESIAN_POINT('Ctrl Pts',(25.3631968836326,3.01099325936777,5.21310983035872));
#9220=CARTESIAN_POINT('Ctrl Pts',(25.2745088528826,3.01692063155428,5.18021466779928));
#9221=CARTESIAN_POINT('Ctrl Pts',(25.0926138758786,3.03520453061949,5.13197007393568));
#9222=CARTESIAN_POINT('Ctrl Pts',(24.9998312840456,3.04752246835379,5.1167433619253));
#9223=CARTESIAN_POINT('Ctrl Pts',(24.9044784347109,3.06321644919009,5.110526289231));
#9224=CARTESIAN_POINT('Ctrl Pts',(24.9022392367266,3.06358670497511,5.11038559827947));
#9225=CARTESIAN_POINT('Ctrl Pts',(24.9,3.06395867747703,5.11025021136081));
#9226=CARTESIAN_POINT('Origin',(28.,2.46254503194481,6.76578686965854));
#9227=CARTESIAN_POINT('Origin',(28.,2.46254503194481,6.76578686965854));
#9228=CARTESIAN_POINT('Origin',(28.,0.,0.));
#9229=CARTESIAN_POINT('',(29.75,3.88653544743503,8.16301673499638));
#9230=CARTESIAN_POINT('Origin',(28.,3.07818128993102,8.45723358707318));
#9231=CARTESIAN_POINT('',(29.75,0.808354157504011,-0.294216852076794));
#9232=CARTESIAN_POINT('Origin',(26.25,0.808354157504012,-0.294216852076794));
#9233=CARTESIAN_POINT('',(26.25,2.26982713242701,8.75145043914997));
#9234=CARTESIAN_POINT('Origin',(29.75,-0.808354157504003,0.294216852076791));
#9235=CARTESIAN_POINT('',(29.75,3.88653544743503,8.16301673499638));
#9236=CARTESIAN_POINT('Origin',(28.,-3.07818128993102,-8.45723358707318));
#9237=CARTESIAN_POINT('',(26.25,-3.88653544743502,-8.16301673499639));
#9238=CARTESIAN_POINT('Origin',(28.,-3.07818128993102,-8.45723358707318));
#9239=CARTESIAN_POINT('',(26.25,-3.88653544743502,-8.16301673499639));
#9240=CARTESIAN_POINT('Origin',(28.,0.,0.));
#9241=CARTESIAN_POINT('',(26.25,-0.808354157504003,0.294216852076791));
#9242=CARTESIAN_POINT('Origin',(26.25,0.808354157504012,-0.294216852076794));
#9243=CARTESIAN_POINT('Origin',(28.,3.07818128993102,8.45723358707318));
#9244=CARTESIAN_POINT('Origin',(6.0029715484843,3.65,7.33885968311957));
#9245=CARTESIAN_POINT('Ctrl Pts',(7.370651425536,3.65000000011889,8.08290451580494));
#9246=CARTESIAN_POINT('Ctrl Pts',(7.37096279123573,3.69158649968167,8.08155584277383));
#9247=CARTESIAN_POINT('Ctrl Pts',(7.36935254395345,3.73325364816262,8.0808433880584));
#9248=CARTESIAN_POINT('Ctrl Pts',(7.35352226030129,3.91846055470414,8.08061845231729));
#9249=CARTESIAN_POINT('Ctrl Pts',(7.31842911845748,4.05808545551672,8.08836092425112));
#9250=CARTESIAN_POINT('Ctrl Pts',(7.19008856142281,4.36175608574025,8.12322769944459));
#9251=CARTESIAN_POINT('Ctrl Pts',(7.08483903318186,4.51533668830984,8.15487048855219));
#9252=CARTESIAN_POINT('Ctrl Pts',(6.8008668387162,4.80487765139404,8.24119182137403));
#9253=CARTESIAN_POINT('Ctrl Pts',(6.6135518537424,4.92823183811263,8.29847884792314));
#9254=CARTESIAN_POINT('Ctrl Pts',(6.19528971298979,5.10306103384012,8.41846519260235));
#9255=CARTESIAN_POINT('Ctrl Pts',(5.96152338479046,5.15,8.48129222531864));
#9256=CARTESIAN_POINT('Ctrl Pts',(5.72632565103916,5.15,8.53714471362281));
#9257=CARTESIAN_POINT('Ctrl Pts',(6.68153825401086,5.15,4.39966436903879));
#9258=CARTESIAN_POINT('Ctrl Pts',(6.68340950816546,5.15,4.40046569642962));
#9259=CARTESIAN_POINT('Ctrl Pts',(6.68528078769263,5.1499959857735,4.40126695998153));
#9260=CARTESIAN_POINT('Ctrl Pts',(6.78245298685578,5.14957907923453,4.44287126839306));
#9261=CARTESIAN_POINT('Ctrl Pts',(6.87756580619143,5.13875940203274,4.48339856802792));
#9262=CARTESIAN_POINT('Ctrl Pts',(7.0642902659798,5.09659363806315,4.5626140963549));
#9263=CARTESIAN_POINT('Ctrl Pts',(7.15546521695268,5.06538032337633,4.60111807206946));
#9264=CARTESIAN_POINT('Ctrl Pts',(7.40984822075188,4.94651760948873,4.70813637103391));
#9265=CARTESIAN_POINT('Ctrl Pts',(7.56141152927617,4.83444040198695,4.77136580445686));
#9266=CARTESIAN_POINT('Ctrl Pts',(7.81465241403808,4.55546138510719,4.87653546574951));
#9267=CARTESIAN_POINT('Ctrl Pts',(7.91455252349943,4.39199397483696,4.91775772786065));
#9268=CARTESIAN_POINT('Ctrl Pts',(8.0502878881466,4.03380497531294,4.97367765698354));
#9269=CARTESIAN_POINT('Ctrl Pts',(8.08516866081015,3.84289277037642,4.98799034945472));
#9270=CARTESIAN_POINT('Ctrl Pts',(8.08516866081015,3.65,4.98799034945472));
#9271=CARTESIAN_POINT('Origin',(0.,3.65,0.));
#9272=CARTESIAN_POINT('Origin',(6.2735380014854,0.,-7.13391343821318));
#9273=CARTESIAN_POINT('Origin',(0.,-3.65,0.));
#9274=CARTESIAN_POINT('',(6.68153825401086,-5.15,4.39966436903879));
#9275=CARTESIAN_POINT('Origin',(0.,-5.15,0.));
#9276=CARTESIAN_POINT('Ctrl Pts',(6.68153825401086,-5.15,4.39966436903879));
#9277=CARTESIAN_POINT('Ctrl Pts',(6.68340950816549,-5.15,4.40046569642963));
#9278=CARTESIAN_POINT('Ctrl Pts',(6.6852807876926,-5.1499959857735,4.40126695998153));
#9279=CARTESIAN_POINT('Ctrl Pts',(6.78245298685628,-5.14957907923453,4.44287126839317));
#9280=CARTESIAN_POINT('Ctrl Pts',(6.8775658061915,-5.13875940203272,4.48339856802797));
#9281=CARTESIAN_POINT('Ctrl Pts',(7.06429026597978,-5.09659363806315,4.5626140963549));
#9282=CARTESIAN_POINT('Ctrl Pts',(7.15546521695267,-5.06538032337634,4.60111807206945));
#9283=CARTESIAN_POINT('Ctrl Pts',(7.40984822075188,-4.94651760948873,4.70813637103391));
#9284=CARTESIAN_POINT('Ctrl Pts',(7.56141152927617,-4.83444040198695,4.77136580445686));
#9285=CARTESIAN_POINT('Ctrl Pts',(7.81465241403808,-4.55546138510719,4.87653546574951));
#9286=CARTESIAN_POINT('Ctrl Pts',(7.91455252349943,-4.39199397483696,4.91775772786065));
#9287=CARTESIAN_POINT('Ctrl Pts',(8.0502878881466,-4.03380497531295,4.97367765698354));
#9288=CARTESIAN_POINT('Ctrl Pts',(8.08516866081015,-3.84289277037642,4.98799034945472));
#9289=CARTESIAN_POINT('Ctrl Pts',(8.08516866081015,-3.65,4.98799034945472));
#9290=CARTESIAN_POINT('Origin',(6.0029715484843,-3.65,7.33885968311957));
#9291=CARTESIAN_POINT('',(5.71232340726081,-5.15,8.59779509473101));
#9292=CARTESIAN_POINT('',(6.0029715484843,-5.15,7.33885968311957));
#9293=CARTESIAN_POINT('Ctrl Pts',(5.71232340725951,-5.15,8.59779509473089));
#9294=CARTESIAN_POINT('Ctrl Pts',(5.91078806583407,-5.15000000000026,8.56952804489343));
#9295=CARTESIAN_POINT('Ctrl Pts',(6.10819275816291,-5.11502349511666,8.54053027875942));
#9296=CARTESIAN_POINT('Ctrl Pts',(6.49780900073339,-4.97139907668467,8.48057141739079));
#9297=CARTESIAN_POINT('Ctrl Pts',(6.68526718369116,-4.85711919257831,8.45002203812988));
#9298=CARTESIAN_POINT('Ctrl Pts',(6.97058972730379,-4.58948557971375,8.39934235922781));
#9299=CARTESIAN_POINT('Ctrl Pts',(7.07715393627948,-4.44984484740263,8.3786311540661));
#9300=CARTESIAN_POINT('Ctrl Pts',(7.21967207198921,-4.17281323485855,8.34742833452417));
#9301=CARTESIAN_POINT('Ctrl Pts',(7.26514849874716,-4.04282087706772,8.33587188210384));
#9302=CARTESIAN_POINT('Ctrl Pts',(7.30778063794134,-3.82286075316389,8.32193304187355));
#9303=CARTESIAN_POINT('Ctrl Pts',(7.31642322578585,-3.73654161519714,8.31779265473535));
#9304=CARTESIAN_POINT('Ctrl Pts',(7.31704673573623,-3.64999999997358,8.31509193642109));
#9305=CARTESIAN_POINT('Origin',(-1.25000008940697,-5.15,0.920712089238696));
#9306=CARTESIAN_POINT('',(-1.47627063914418,-5.15,-3.82500000000011));
#9307=CARTESIAN_POINT('',(-0.664524420891645,-5.15,-1.72177502045289));
#9308=CARTESIAN_POINT('',(-1.47627063914474,-5.15,3.82499999999989));
#9309=CARTESIAN_POINT('Origin',(0.,-5.15,0.));
#9310=CARTESIAN_POINT('',(-0.775769338638607,-5.15,2.01000930426367));
#9311=CARTESIAN_POINT('',(5.51091059616309E-16,-5.15,9.));
#9312=CARTESIAN_POINT('Origin',(0.,-5.15,0.));
#9313=CARTESIAN_POINT('',(4.50000000050269,-5.15,8.75999097913639));
#9314=CARTESIAN_POINT('Ctrl Pts',(4.50000000050269,-5.15,8.75999097913639));
#9315=CARTESIAN_POINT('Ctrl Pts',(4.23520258757319,-5.15,8.79279420005208));
#9316=CARTESIAN_POINT('Ctrl Pts',(3.97429993190777,-5.15,8.82132425048012));
#9317=CARTESIAN_POINT('Ctrl Pts',(3.71874368797064,-5.15,8.8460392424284));
#9318=CARTESIAN_POINT('Ctrl Pts',(3.46318744403349,-5.15,8.87075423437667));
#9319=CARTESIAN_POINT('Ctrl Pts',(3.21297761182464,-5.15,8.89165416784517));
#9320=CARTESIAN_POINT('Ctrl Pts',(2.96955201759276,-5.15,8.90924741566689));
#9321=CARTESIAN_POINT('Ctrl Pts',(2.72612642336087,-5.15,8.9268406634886));
#9322=CARTESIAN_POINT('Ctrl Pts',(2.48948506710595,-5.15,8.94112722566353));
#9323=CARTESIAN_POINT('Ctrl Pts',(2.26105194686118,-5.15,8.95266573584979));
#9324=CARTESIAN_POINT('Ctrl Pts',(2.03212991344052,-5.15,8.96422894179669));
#9325=CARTESIAN_POINT('Ctrl Pts',(1.81145129460451,-5.15,8.97303230188398));
#9326=CARTESIAN_POINT('Ctrl Pts',(1.60043531918855,-5.15,8.97968868273383));
#9327=CARTESIAN_POINT('Ctrl Pts',(1.38987001463708,-5.15,8.98633084742347));
#9328=CARTESIAN_POINT('Ctrl Pts',(1.18892611925621,-5.15,8.99083521172009));
#9329=CARTESIAN_POINT('Ctrl Pts',(0.998999945051631,-5.15,8.99386103850478));
#9330=CARTESIAN_POINT('Ctrl Pts',(0.808464025143923,-5.15,8.99689657951074));
#9331=CARTESIAN_POINT('Ctrl Pts',(0.629016690792683,-5.15,8.99844404715787));
#9332=CARTESIAN_POINT('Ctrl Pts',(0.462053761293896,-5.15,8.99921990221391));
#9333=CARTESIAN_POINT('Ctrl Pts',(0.295090831795109,-5.15,8.99999575726996));
#9334=CARTESIAN_POINT('Ctrl Pts',(0.140612307148775,-5.15,8.99999999973491));
#9335=CARTESIAN_POINT('Ctrl Pts',(0.,-5.15,8.99999999975302));
#9336=CARTESIAN_POINT('Ctrl Pts',(5.71232340726077,-5.15,8.59779509473071));
#9337=CARTESIAN_POINT('Ctrl Pts',(5.32255679209411,-5.15,8.65330902056027));
#9338=CARTESIAN_POINT('Ctrl Pts',(4.92018283159861,-5.15,8.70793854372575));
#9339=CARTESIAN_POINT('Ctrl Pts',(4.5000000005027,-5.15,8.75999097913639));
#9340=CARTESIAN_POINT('Ctrl Pts',(0.,-10.,8.99999999975302));
#9341=CARTESIAN_POINT('Ctrl Pts',(0.,10.,8.99999999975302));
#9342=CARTESIAN_POINT('Ctrl Pts',(0.736752170761886,-10.,8.99999999965817));
#9343=CARTESIAN_POINT('Ctrl Pts',(0.736752170761886,10.,8.99999999965817));
#9344=CARTESIAN_POINT('Ctrl Pts',(1.81185350434361,-10.,8.9999999995923));
#9345=CARTESIAN_POINT('Ctrl Pts',(1.81185350434361,10.,8.9999999995923));
#9346=CARTESIAN_POINT('Ctrl Pts',(3.10811335267369,-10.,8.93241851418367));
#9347=CARTESIAN_POINT('Ctrl Pts',(3.10811335267369,10.,8.93241851418367));
#9348=CARTESIAN_POINT('Ctrl Pts',(4.50000000050269,-10.,8.75999097913639));
#9349=CARTESIAN_POINT('Ctrl Pts',(4.50000000050269,10.,8.75999097913639));
#9350=CARTESIAN_POINT('',(4.50000000050269,0.,8.75999097913639));
#9351=CARTESIAN_POINT('Origin',(-1.58240774391989,0.,4.1));
#9352=CARTESIAN_POINT('',(-1.58240774391989,0.,4.1));
#9353=CARTESIAN_POINT('Origin',(-1.08019802865316,10.,2.79878048783229));
#9354=CARTESIAN_POINT('',(-1.47627063914474,0.,3.82499999999989));
#9355=CARTESIAN_POINT('Origin',(-1.08019802865316,10.,2.79878048783229));
#9356=CARTESIAN_POINT('',(-1.47627063914474,-8.8,3.82499999999989));
#9357=CARTESIAN_POINT('',(-1.47627063914474,0.,3.82499999999989));
#9358=CARTESIAN_POINT('',(-0.69891724008517,-8.8,1.81088641366874));
#9359=CARTESIAN_POINT('Origin',(0.,0.,0.));
#9360=CARTESIAN_POINT('',(0.0254659174818769,8.5,4.0999209122917));
#9361=CARTESIAN_POINT('Origin',(0.,8.99999999999994,0.));
#9362=CARTESIAN_POINT('',(0.0254659174823546,8.5,-4.0999209122917));
#9363=CARTESIAN_POINT('Origin',(0.,8.5,0.));
#9364=CARTESIAN_POINT('Origin',(0.,8.99999999999939,0.));
#9365=CARTESIAN_POINT('',(-1.47627063914418,0.,-3.82500000000011));
#9366=CARTESIAN_POINT('Origin',(0.,0.,0.));
#9367=CARTESIAN_POINT('',(-1.47627063914418,-8.8,-3.82500000000011));
#9368=CARTESIAN_POINT('',(-1.47627063914418,0.,-3.82500000000011));
#9369=CARTESIAN_POINT('',(-0.9006212128475,-8.8,-3.99986017642731));
#9370=CARTESIAN_POINT('Origin',(0.,-8.8,0.));
#9371=CARTESIAN_POINT('',(0.0254659174823546,-8.5,-4.0999209122917));
#9372=CARTESIAN_POINT('Origin',(0.,-8.99999999999939,0.));
#9373=CARTESIAN_POINT('',(0.0254659174818769,-8.5,4.0999209122917));
#9374=CARTESIAN_POINT('Origin',(0.,-8.5,0.));
#9375=CARTESIAN_POINT('',(-0.900621212848068,-8.8,3.99986017642718));
#9376=CARTESIAN_POINT('Origin',(0.,-8.99999999999994,0.));
#9377=CARTESIAN_POINT('Origin',(0.,-8.8,0.));
#9378=CARTESIAN_POINT('Origin',(-1.47627063914418,10.,-3.82500000000011));
#9379=CARTESIAN_POINT('Origin',(-1.47627063914418,10.,-3.82500000000011));
#9380=CARTESIAN_POINT('',(-0.896953545330996,-8.8,-2.32399616975186));
#9381=CARTESIAN_POINT('Ctrl Pts',(18.5,8.79205861010284,3.02539233698277));
#9382=CARTESIAN_POINT('Ctrl Pts',(13.4184798128853,8.79205861010284,3.02539233698277));
#9383=CARTESIAN_POINT('Ctrl Pts',(9.54297187696956,8.50245585496426,8.13526538720099));
#9384=CARTESIAN_POINT('Ctrl Pts',(4.50000000050269,8.50245585496426,8.75999097913639));
#9385=CARTESIAN_POINT('Ctrl Pts',(18.5,4.24707682055111,4.67963042366154));
#9386=CARTESIAN_POINT('Ctrl Pts',(13.487809454659,4.24707682055111,4.67963042366154));
#9387=CARTESIAN_POINT('Ctrl Pts',(9.47416816847358,2.81225750584809,8.14378882111465));
#9388=CARTESIAN_POINT('Ctrl Pts',(4.50000000050269,2.81225750584809,8.75999097913639));
#9389=CARTESIAN_POINT('Ctrl Pts',(18.5,-0.297904969000621,6.33386851034031));
#9390=CARTESIAN_POINT('Ctrl Pts',(13.5571390964328,-0.297904969000622,6.33386851034031));
#9391=CARTESIAN_POINT('Ctrl Pts',(9.40536445997759,-2.87794084326808,8.15231225502831));
#9392=CARTESIAN_POINT('Ctrl Pts',(4.50000000050269,-2.87794084326808,8.75999097913639));
#9393=CARTESIAN_POINT('Ctrl Pts',(18.5,-4.84288675855235,7.98810659701907));
#9394=CARTESIAN_POINT('Ctrl Pts',(13.6264687382066,-4.84288675855235,7.98810659701907));
#9395=CARTESIAN_POINT('Ctrl Pts',(9.33656075148162,-8.56813919238425,8.16083568894197));
#9396=CARTESIAN_POINT('Ctrl Pts',(4.50000000050269,-8.56813919238425,8.75999097913639));
#9397=CARTESIAN_POINT('',(4.50000000050269,0.,8.75999097913639));
#9398=CARTESIAN_POINT('Origin',(1.31186468042763,10.,-2.77555756156289E-16));
#9399=CARTESIAN_POINT('Origin',(-2.45,-8.8,0.));
#9400=CARTESIAN_POINT('',(-0.498617498983691,-8.8,2.95827324462839));
#9401=CARTESIAN_POINT('',(0.173408368920836,-8.8,1.21706206249428));
#9402=CARTESIAN_POINT('',(-0.498617498983724,-8.8,-2.95827324462838));
#9403=CARTESIAN_POINT('Origin',(0.,-8.8,0.));
#9404=CARTESIAN_POINT('',(0.0743902162973806,-8.8,-1.47361694053512));
#9405=CARTESIAN_POINT('Origin',(0.0465998109417466,-8.75,-1.96221183727052));
#9406=CARTESIAN_POINT('',(0.463911309967536,-8.5,-2.96391401640823));
#9407=CARTESIAN_POINT('Origin',(0.,-8.99999999999939,0.));
#9408=CARTESIAN_POINT('',(0.746294932893107,-8.5,-2.23226134443073));
#9409=CARTESIAN_POINT('Origin',(0.,-10.,0.));
#9410=CARTESIAN_POINT('',(0.463911309967787,-8.5,2.96391401640819));
#9411=CARTESIAN_POINT('Origin',(0.,-8.99999999999994,0.));
#9412=CARTESIAN_POINT('Origin',(0.,-8.5,0.));
#9413=CARTESIAN_POINT('Origin',(0.244636116188115,-8.75,1.44910208118702));
#9414=CARTESIAN_POINT('',(0.944331238139328,-8.5,1.71915158834761));
#9415=CARTESIAN_POINT('Ctrl Pts',(0.,-10.,8.99999999975302));
#9416=CARTESIAN_POINT('Ctrl Pts',(0.,10.,8.99999999975302));
#9417=CARTESIAN_POINT('Ctrl Pts',(0.736752170761886,-10.,8.99999999965817));
#9418=CARTESIAN_POINT('Ctrl Pts',(0.736752170761886,10.,8.99999999965817));
#9419=CARTESIAN_POINT('Ctrl Pts',(1.81185350434361,-10.,8.9999999995923));
#9420=CARTESIAN_POINT('Ctrl Pts',(1.81185350434361,10.,8.9999999995923));
#9421=CARTESIAN_POINT('Ctrl Pts',(3.10811335267369,-10.,8.93241851418367));
#9422=CARTESIAN_POINT('Ctrl Pts',(3.10811335267369,10.,8.93241851418367));
#9423=CARTESIAN_POINT('Ctrl Pts',(4.50000000050269,-10.,8.75999097913639));
#9424=CARTESIAN_POINT('Ctrl Pts',(4.50000000050269,10.,8.75999097913639));
#9425=CARTESIAN_POINT('',(5.51091059616309E-16,0.,9.));
#9426=CARTESIAN_POINT('Origin',(0.,0.,0.));
#9427=CARTESIAN_POINT('Origin',(0.0465998109417466,8.75,-1.96221183727052));
#9428=CARTESIAN_POINT('',(0.463911309967536,8.5,-2.96391401640823));
#9429=CARTESIAN_POINT('',(0.746294932893107,8.5,-2.23226134443073));
#9430=CARTESIAN_POINT('Origin',(0.,8.99999999999939,0.));
#9431=CARTESIAN_POINT('Origin',(1.31186468042763,8.5,-2.77555756156289E-16));
#9432=CARTESIAN_POINT('',(0.463911309967787,8.5,2.96391401640819));
#9433=CARTESIAN_POINT('',(0.944331238139328,8.5,1.71915158834761));
#9434=CARTESIAN_POINT('Origin',(0.,8.5,0.));
#9435=CARTESIAN_POINT('Origin',(0.,10.,0.));
#9436=CARTESIAN_POINT('Origin',(0.,8.99999999999994,0.));
#9437=CARTESIAN_POINT('Origin',(0.244636116188115,8.75,1.44910208118702));
#9438=CARTESIAN_POINT('Origin',(1.31186468042763,-8.5,-2.77555756156289E-16));
#9439=UNCERTAINTY_MEASURE_WITH_UNIT(LENGTH_MEASURE(0.01),#9443,
'DISTANCE_ACCURACY_VALUE',
'Maximum model space distance between geometric entities at asserted c
onnectivities');
#9440=UNCERTAINTY_MEASURE_WITH_UNIT(LENGTH_MEASURE(0.01),#9443,
'DISTANCE_ACCURACY_VALUE',
'Maximum model space distance between geometric entities at asserted c
onnectivities');
#9441=(
GEOMETRIC_REPRESENTATION_CONTEXT(3)
GLOBAL_UNCERTAINTY_ASSIGNED_CONTEXT((#9439))
GLOBAL_UNIT_ASSIGNED_CONTEXT((#9443,#9445,#9446))
REPRESENTATION_CONTEXT('','3D')
);
#9442=(
GEOMETRIC_REPRESENTATION_CONTEXT(3)
GLOBAL_UNCERTAINTY_ASSIGNED_CONTEXT((#9440))
GLOBAL_UNIT_ASSIGNED_CONTEXT((#9443,#9445,#9446))
REPRESENTATION_CONTEXT('','3D')
);
#9443=(
LENGTH_UNIT()
NAMED_UNIT(*)
SI_UNIT(.MILLI.,.METRE.)
);
#9444=(
LENGTH_UNIT()
NAMED_UNIT(*)
SI_UNIT($,.METRE.)
);
#9445=(
NAMED_UNIT(*)
PLANE_ANGLE_UNIT()
SI_UNIT($,.RADIAN.)
);
#9446=(
NAMED_UNIT(*)
SI_UNIT($,.STERADIAN.)
SOLID_ANGLE_UNIT()
);
#9447=SHAPE_DEFINITION_REPRESENTATION(#9448,#9449);
#9448=PRODUCT_DEFINITION_SHAPE('',$,#9451);
#9449=SHAPE_REPRESENTATION('',(#4403),#9441);
#9450=PRODUCT_DEFINITION_CONTEXT('part definition',#9455,'design');
#9451=PRODUCT_DEFINITION('2026-08-17-10-28-55-823','(Unsaved)',#9452,#9450);
#9452=PRODUCT_DEFINITION_FORMATION('',$,#9457);
#9453=PRODUCT_RELATED_PRODUCT_CATEGORY('(Unsaved)','(Unsaved)',(#9457));
#9454=APPLICATION_PROTOCOL_DEFINITION('international standard',
'automotive_design',2009,#9455);
#9455=APPLICATION_CONTEXT(
'Core Data for Automotive Mechanical Design Process');
#9456=PRODUCT_CONTEXT('part definition',#9455,'mechanical');
#9457=PRODUCT('2026-08-17-10-28-55-823','(Unsaved)',$,(#9456));
#9458=PRESENTATION_STYLE_ASSIGNMENT((#9459));
#9459=SURFACE_STYLE_USAGE(.BOTH.,#9460);
#9460=SURFACE_SIDE_STYLE('',(#9461));
#9461=SURFACE_STYLE_FILL_AREA(#9462);
#9462=FILL_AREA_STYLE('Steel - Satin',(#9463));
#9463=FILL_AREA_STYLE_COLOUR('Steel - Satin',#9464);
#9464=COLOUR_RGB('Steel - Satin',0.627450980392157,0.627450980392157,0.627450980392157);
ENDSEC;
END-ISO-10303-21;
